4  0  0  0
4  0.0314159  0  0
4  0.0628319  0  0
4  0.0942478  0  0
4  0.125664  0  0
4  0.15708  0  0
4  0.188496  0  0
4  0.219911  0  0
4  0.251327  0  0
4  0.282743  0  0
4  0.314159  0  0
4  0.345575  0  0
4  0.376991  0  0
4  0.408407  0  0
4  0.439823  0  0
4  0.471239  0  0
4  0.502655  0  0
4  0.534071  0  0
4  0.565487  0  0
4  0.596903  0  0
4  0.628319  0  0
4  0.659734  0  0
4  0.69115  0  0
4  0.722566  0  0
4  0.753982  0  0
4  0.785398  0  0
4  0.816814  0  0
4  0.84823  0  0
4  0.879646  0  0
4  0.911062  0  0
4  0.942478  0  0
4  0.973894  0  0
4  1.00531  0  0
4  1.03673  0  0
4  1.06814  0  0
4  1.09956  0  0
4  1.13097  0  0
4  1.16239  0  0
4  1.19381  0  0
4  1.22522  0  0
4  1.25664  0  0
4  1.28805  0  0
4  1.31947  0  0
4  1.35088  0  0
4  1.3823  0  0
4  1.41372  0  0
4  1.44513  0  0
4  1.47655  0  0
4  1.50796  0  0
4  1.53938  0  0
4  1.5708  0  0
4  1.60221  0  0
4  1.63363  0  0
4  1.66504  0  0
4  1.69646  0  0
4  1.72788  0  0
4  1.75929  0  0
4  1.79071  0  0
4  1.82212  0  0
4  1.85354  0  0
4  1.88496  0  0
4  1.91637  0  0
4  1.94779  0  0
4  1.9792  0  0
4  2.01062  0  0
4  2.04204  0  0
4  2.07345  0  0
4  2.10487  0  0
4  2.13628  0  0
4  2.1677  0  0
4  2.19911  0  0
4  2.23053  0  0
4  2.26195  0  0
4  2.29336  0  0
4  2.32478  0  0
4  2.35619  0  0
4  2.38761  0  0
4  2.41903  0  0
4  2.45044  0  0
4  2.48186  0  0
4  2.51327  0  0
4  2.54469  0  0
4  2.57611  0  0
4  2.60752  0  0
4  2.63894  0  0
4  2.67035  0  0
4  2.70177  0  0
4  2.73319  0  0
4  2.7646  0  0
4  2.79602  0  0
4  2.82743  0  0
4  2.85885  0  0
4  2.89027  0  0
4  2.92168  0  0
4  2.9531  0  0
4  2.98451  0  0
4  3.01593  0  0
4  3.04734  0  0
4  3.07876  0  0
4  3.11018  0  0
4.13816  0  0  0
4.13816  0.0314159  0  0
4.13816  0.0628319  0  0
4.13816  0.0942478  0  0
4.13816  0.125664  0  0
4.13816  0.15708  0  0
4.13816  0.188496  0  0
4.13816  0.219911  0  0
4.13816  0.251327  0  0
4.13816  0.282743  0  0
4.13816  0.314159  0  0
4.13816  0.345575  0  0
4.13816  0.376991  0  0
4.13816  0.408407  0  0
4.13816  0.439823  0  0
4.13816  0.471239  0  0
4.13816  0.502655  0  0
4.13816  0.534071  0  0
4.13816  0.565487  0  0
4.13816  0.596903  0  0
4.13816  0.628319  0  0
4.13816  0.659734  0  0
4.13816  0.69115  0  0
4.13816  0.722566  0  0
4.13816  0.753982  0  0
4.13816  0.785398  0  0
4.13816  0.816814  0  0
4.13816  0.84823  0  0
4.13816  0.879646  0  0
4.13816  0.911062  0  0
4.13816  0.942478  0  0
4.13816  0.973894  0  0
4.13816  1.00531  0  0
4.13816  1.03673  0  0
4.13816  1.06814  0  0
4.13816  1.09956  0  0
4.13816  1.13097  0  0
4.13816  1.16239  0  0
4.13816  1.19381  0  0
4.13816  1.22522  0  0
4.13816  1.25664  0  0
4.13816  1.28805  0  0
4.13816  1.31947  0  0
4.13816  1.35088  0  0
4.13816  1.3823  0  0
4.13816  1.41372  0  0
4.13816  1.44513  0  0
4.13816  1.47655  0  0
4.13816  1.50796  0  0
4.13816  1.53938  0  0
4.13816  1.5708  0  0
4.13816  1.60221  0  0
4.13816  1.63363  0  0
4.13816  1.66504  0  0
4.13816  1.69646  0  0
4.13816  1.72788  0  0
4.13816  1.75929  0  0
4.13816  1.79071  0  0
4.13816  1.82212  0  0
4.13816  1.85354  0  0
4.13816  1.88496  0  0
4.13816  1.91637  0  0
4.13816  1.94779  0  0
4.13816  1.9792  0  0
4.13816  2.01062  0  0
4.13816  2.04204  0  0
4.13816  2.07345  0  0
4.13816  2.10487  0  0
4.13816  2.13628  0  0
4.13816  2.1677  0  0
4.13816  2.19911  0  0
4.13816  2.23053  0  0
4.13816  2.26195  0  0
4.13816  2.29336  0  0
4.13816  2.32478  0  0
4.13816  2.35619  0  0
4.13816  2.38761  0  0
4.13816  2.41903  0  0
4.13816  2.45044  0  0
4.13816  2.48186  0  0
4.13816  2.51327  0  0
4.13816  2.54469  0  0
4.13816  2.57611  0  0
4.13816  2.60752  0  0
4.13816  2.63894  0  0
4.13816  2.67035  0  0
4.13816  2.70177  0  0
4.13816  2.73319  0  0
4.13816  2.7646  0  0
4.13816  2.79602  0  0
4.13816  2.82743  0  0
4.13816  2.85885  0  0
4.13816  2.89027  0  0
4.13816  2.92168  0  0
4.13816  2.9531  0  0
4.13816  2.98451  0  0
4.13816  3.01593  0  0
4.13816  3.04734  0  0
4.13816  3.07876  0  0
4.13816  3.11018  0  0
4.27632  0  0  0
4.27632  0.0314159  0  0
4.27632  0.0628319  0  0
4.27632  0.0942478  0  0
4.27632  0.125664  0  0
4.27632  0.15708  0  0
4.27632  0.188496  0  0
4.27632  0.219911  0  0
4.27632  0.251327  0  0
4.27632  0.282743  0  0
4.27632  0.314159  0  0
4.27632  0.345575  0  0
4.27632  0.376991  0  0
4.27632  0.408407  0  0
4.27632  0.439823  0  0
4.27632  0.471239  0  0
4.27632  0.502655  0  0
4.27632  0.534071  0  0
4.27632  0.565487  0  0
4.27632  0.596903  0  0
4.27632  0.628319  0  0
4.27632  0.659734  0  0
4.27632  0.69115  0  0
4.27632  0.722566  0  0
4.27632  0.753982  0  0
4.27632  0.785398  0  0
4.27632  0.816814  0  0
4.27632  0.84823  0  0
4.27632  0.879646  0  0
4.27632  0.911062  0  0
4.27632  0.942478  0  0
4.27632  0.973894  0  0
4.27632  1.00531  0  0
4.27632  1.03673  0  0
4.27632  1.06814  0  0
4.27632  1.09956  0  0
4.27632  1.13097  0  0
4.27632  1.16239  0  0
4.27632  1.19381  0  0
4.27632  1.22522  0  0
4.27632  1.25664  0  0
4.27632  1.28805  0  0
4.27632  1.31947  0  0
4.27632  1.35088  0  0
4.27632  1.3823  0  0
4.27632  1.41372  0  0
4.27632  1.44513  0  0
4.27632  1.47655  0  0
4.27632  1.50796  0  0
4.27632  1.53938  0  0
4.27632  1.5708  0  0
4.27632  1.60221  0  0
4.27632  1.63363  0  0
4.27632  1.66504  0  0
4.27632  1.69646  0  0
4.27632  1.72788  0  0
4.27632  1.75929  0  0
4.27632  1.79071  0  0
4.27632  1.82212  0  0
4.27632  1.85354  0  0
4.27632  1.88496  0  0
4.27632  1.91637  0  0
4.27632  1.94779  0  0
4.27632  1.9792  0  0
4.27632  2.01062  0  0
4.27632  2.04204  0  0
4.27632  2.07345  0  0
4.27632  2.10487  0  0
4.27632  2.13628  0  0
4.27632  2.1677  0  0
4.27632  2.19911  0  0
4.27632  2.23053  0  0
4.27632  2.26195  0  0
4.27632  2.29336  0  0
4.27632  2.32478  0  0
4.27632  2.35619  0  0
4.27632  2.38761  0  0
4.27632  2.41903  0  0
4.27632  2.45044  0  0
4.27632  2.48186  0  0
4.27632  2.51327  0  0
4.27632  2.54469  0  0
4.27632  2.57611  0  0
4.27632  2.60752  0  0
4.27632  2.63894  0  0
4.27632  2.67035  0  0
4.27632  2.70177  0  0
4.27632  2.73319  0  0
4.27632  2.7646  0  0
4.27632  2.79602  0  0
4.27632  2.82743  0  0
4.27632  2.85885  0  0
4.27632  2.89027  0  0
4.27632  2.92168  0  0
4.27632  2.9531  0  0
4.27632  2.98451  0  0
4.27632  3.01593  0  0
4.27632  3.04734  0  0
4.27632  3.07876  0  0
4.27632  3.11018  0  0
4.41447  0  0  0
4.41447  0.0314159  0  0
4.41447  0.0628319  0  0
4.41447  0.0942478  0  0
4.41447  0.125664  0  0
4.41447  0.15708  0  0
4.41447  0.188496  0  0
4.41447  0.219911  0  0
4.41447  0.251327  0  0
4.41447  0.282743  0  0
4.41447  0.314159  0  0
4.41447  0.345575  0  0
4.41447  0.376991  0  0
4.41447  0.408407  0  0
4.41447  0.439823  0  0
4.41447  0.471239  0  0
4.41447  0.502655  0  0
4.41447  0.534071  0  0
4.41447  0.565487  0  0
4.41447  0.596903  0  0
4.41447  0.628319  0  0
4.41447  0.659734  0  0
4.41447  0.69115  0  0
4.41447  0.722566  0  0
4.41447  0.753982  0  0
4.41447  0.785398  0  0
4.41447  0.816814  0  0
4.41447  0.84823  0  0
4.41447  0.879646  0  0
4.41447  0.911062  0  0
4.41447  0.942478  0  0
4.41447  0.973894  0  0
4.41447  1.00531  0  0
4.41447  1.03673  0  0
4.41447  1.06814  0  0
4.41447  1.09956  0  0
4.41447  1.13097  0  0
4.41447  1.16239  0  0
4.41447  1.19381  0  0
4.41447  1.22522  0  0
4.41447  1.25664  0  0
4.41447  1.28805  0  0
4.41447  1.31947  0  0
4.41447  1.35088  0  0
4.41447  1.3823  0  0
4.41447  1.41372  0  0
4.41447  1.44513  0  0
4.41447  1.47655  0  0
4.41447  1.50796  0  0
4.41447  1.53938  0  0
4.41447  1.5708  0  0
4.41447  1.60221  0  0
4.41447  1.63363  0  0
4.41447  1.66504  0  0
4.41447  1.69646  0  0
4.41447  1.72788  0  0
4.41447  1.75929  0  0
4.41447  1.79071  0  0
4.41447  1.82212  0  0
4.41447  1.85354  0  0
4.41447  1.88496  0  0
4.41447  1.91637  0  0
4.41447  1.94779  0  0
4.41447  1.9792  0  0
4.41447  2.01062  0  0
4.41447  2.04204  0  0
4.41447  2.07345  0  0
4.41447  2.10487  0  0
4.41447  2.13628  0  0
4.41447  2.1677  0  0
4.41447  2.19911  0  0
4.41447  2.23053  0  0
4.41447  2.26195  0  0
4.41447  2.29336  0  0
4.41447  2.32478  0  0
4.41447  2.35619  0  0
4.41447  2.38761  0  0
4.41447  2.41903  0  0
4.41447  2.45044  0  0
4.41447  2.48186  0  0
4.41447  2.51327  0  0
4.41447  2.54469  0  0
4.41447  2.57611  0  0
4.41447  2.60752  0  0
4.41447  2.63894  0  0
4.41447  2.67035  0  0
4.41447  2.70177  0  0
4.41447  2.73319  0  0
4.41447  2.7646  0  0
4.41447  2.79602  0  0
4.41447  2.82743  0  0
4.41447  2.85885  0  0
4.41447  2.89027  0  0
4.41447  2.92168  0  0
4.41447  2.9531  0  0
4.41447  2.98451  0  0
4.41447  3.01593  0  0
4.41447  3.04734  0  0
4.41447  3.07876  0  0
4.41447  3.11018  0  0
4.55263  0  0  0
4.55263  0.0314159  0  0
4.55263  0.0628319  0  0
4.55263  0.0942478  0  0
4.55263  0.125664  0  0
4.55263  0.15708  0  0
4.55263  0.188496  0  0
4.55263  0.219911  0  0
4.55263  0.251327  0  0
4.55263  0.282743  0  0
4.55263  0.314159  0  0
4.55263  0.345575  0  0
4.55263  0.376991  0  0
4.55263  0.408407  0  0
4.55263  0.439823  0  0
4.55263  0.471239  0  0
4.55263  0.502655  0  0
4.55263  0.534071  0  0
4.55263  0.565487  0  0
4.55263  0.596903  0  0
4.55263  0.628319  0  0
4.55263  0.659734  0  0
4.55263  0.69115  0  0
4.55263  0.722566  0  0
4.55263  0.753982  0  0
4.55263  0.785398  0  0
4.55263  0.816814  0  0
4.55263  0.84823  0  0
4.55263  0.879646  0  0
4.55263  0.911062  0  0
4.55263  0.942478  0  0
4.55263  0.973894  0  0
4.55263  1.00531  0  0
4.55263  1.03673  0  0
4.55263  1.06814  0  0
4.55263  1.09956  0  0
4.55263  1.13097  0  0
4.55263  1.16239  0  0
4.55263  1.19381  0  0
4.55263  1.22522  0  0
4.55263  1.25664  0  0
4.55263  1.28805  0  0
4.55263  1.31947  0  0
4.55263  1.35088  0  0
4.55263  1.3823  0  0
4.55263  1.41372  0  0
4.55263  1.44513  0  0
4.55263  1.47655  0  0
4.55263  1.50796  0  0
4.55263  1.53938  0  0
4.55263  1.5708  0  0
4.55263  1.60221  0  0
4.55263  1.63363  0  0
4.55263  1.66504  0  0
4.55263  1.69646  0  0
4.55263  1.72788  0  0
4.55263  1.75929  0  0
4.55263  1.79071  0  0
4.55263  1.82212  0  0
4.55263  1.85354  0  0
4.55263  1.88496  0  0
4.55263  1.91637  0  0
4.55263  1.94779  0  0
4.55263  1.9792  0  0
4.55263  2.01062  0  0
4.55263  2.04204  0  0
4.55263  2.07345  0  0
4.55263  2.10487  0  0
4.55263  2.13628  0  0
4.55263  2.1677  0  0
4.55263  2.19911  0  0
4.55263  2.23053  0  0
4.55263  2.26195  0  0
4.55263  2.29336  0  0
4.55263  2.32478  0  0
4.55263  2.35619  0  0
4.55263  2.38761  0  0
4.55263  2.41903  0  0
4.55263  2.45044  0  0
4.55263  2.48186  0  0
4.55263  2.51327  0  0
4.55263  2.54469  0  0
4.55263  2.57611  0  0
4.55263  2.60752  0  0
4.55263  2.63894  0  0
4.55263  2.67035  0  0
4.55263  2.70177  0  0
4.55263  2.73319  0  0
4.55263  2.7646  0  0
4.55263  2.79602  0  0
4.55263  2.82743  0  0
4.55263  2.85885  0  0
4.55263  2.89027  0  0
4.55263  2.92168  0  0
4.55263  2.9531  0  0
4.55263  2.98451  0  0
4.55263  3.01593  0  0
4.55263  3.04734  0  0
4.55263  3.07876  0  0
4.55263  3.11018  0  0
4.69079  0  0  0
4.69079  0.0314159  0  0
4.69079  0.0628319  0  0
4.69079  0.0942478  0  0
4.69079  0.125664  0  0
4.69079  0.15708  0  0
4.69079  0.188496  0  0
4.69079  0.219911  0  0
4.69079  0.251327  0  0
4.69079  0.282743  0  0
4.69079  0.314159  0  0
4.69079  0.345575  0  0
4.69079  0.376991  0  0
4.69079  0.408407  0  0
4.69079  0.439823  0  0
4.69079  0.471239  0  0
4.69079  0.502655  0  0
4.69079  0.534071  0  0
4.69079  0.565487  0  0
4.69079  0.596903  0  0
4.69079  0.628319  0  0
4.69079  0.659734  0  0
4.69079  0.69115  0  0
4.69079  0.722566  0  0
4.69079  0.753982  0  0
4.69079  0.785398  0  0
4.69079  0.816814  0  0
4.69079  0.84823  0  0
4.69079  0.879646  0  0
4.69079  0.911062  0  0
4.69079  0.942478  0  0
4.69079  0.973894  0  0
4.69079  1.00531  0  0
4.69079  1.03673  0  0
4.69079  1.06814  0  0
4.69079  1.09956  0  0
4.69079  1.13097  0  0
4.69079  1.16239  0  0
4.69079  1.19381  0  0
4.69079  1.22522  0  0
4.69079  1.25664  0  0
4.69079  1.28805  0  0
4.69079  1.31947  0  0
4.69079  1.35088  0  0
4.69079  1.3823  0  0
4.69079  1.41372  0  0
4.69079  1.44513  0  0
4.69079  1.47655  0  0
4.69079  1.50796  0  0
4.69079  1.53938  0  0
4.69079  1.5708  0  0
4.69079  1.60221  0  0
4.69079  1.63363  0  0
4.69079  1.66504  0  0
4.69079  1.69646  0  0
4.69079  1.72788  0  0
4.69079  1.75929  0  0
4.69079  1.79071  0  0
4.69079  1.82212  0  0
4.69079  1.85354  0  0
4.69079  1.88496  0  0
4.69079  1.91637  0  0
4.69079  1.94779  0  0
4.69079  1.9792  0  0
4.69079  2.01062  0  0
4.69079  2.04204  0  0
4.69079  2.07345  0  0
4.69079  2.10487  0  0
4.69079  2.13628  0  0
4.69079  2.1677  0  0
4.69079  2.19911  0  0
4.69079  2.23053  0  0
4.69079  2.26195  0  0
4.69079  2.29336  0  0
4.69079  2.32478  0  0
4.69079  2.35619  0  0
4.69079  2.38761  0  0
4.69079  2.41903  0  0
4.69079  2.45044  0  0
4.69079  2.48186  0  0
4.69079  2.51327  0  0
4.69079  2.54469  0  0
4.69079  2.57611  0  0
4.69079  2.60752  0  0
4.69079  2.63894  0  0
4.69079  2.67035  0  0
4.69079  2.70177  0  0
4.69079  2.73319  0  0
4.69079  2.7646  0  0
4.69079  2.79602  0  0
4.69079  2.82743  0  0
4.69079  2.85885  0  0
4.69079  2.89027  0  0
4.69079  2.92168  0  0
4.69079  2.9531  0  0
4.69079  2.98451  0  0
4.69079  3.01593  0  0
4.69079  3.04734  0  0
4.69079  3.07876  0  0
4.69079  3.11018  0  0
4.82895  0  0  0
4.82895  0.0314159  0  0
4.82895  0.0628319  0  0
4.82895  0.0942478  0  0
4.82895  0.125664  0  0
4.82895  0.15708  0  0
4.82895  0.188496  0  0
4.82895  0.219911  0  0
4.82895  0.251327  0  0
4.82895  0.282743  0  0
4.82895  0.314159  0  0
4.82895  0.345575  0  0
4.82895  0.376991  0  0
4.82895  0.408407  0  0
4.82895  0.439823  0  0
4.82895  0.471239  0  0
4.82895  0.502655  0  0
4.82895  0.534071  0  0
4.82895  0.565487  0  0
4.82895  0.596903  0  0
4.82895  0.628319  0  0
4.82895  0.659734  0  0
4.82895  0.69115  0  0
4.82895  0.722566  0  0
4.82895  0.753982  0  0
4.82895  0.785398  0  0
4.82895  0.816814  0  0
4.82895  0.84823  0  0
4.82895  0.879646  0  0
4.82895  0.911062  0  0
4.82895  0.942478  0  0
4.82895  0.973894  0  0
4.82895  1.00531  0  0
4.82895  1.03673  0  0
4.82895  1.06814  0  0
4.82895  1.09956  0  0
4.82895  1.13097  0  0
4.82895  1.16239  0  0
4.82895  1.19381  0  0
4.82895  1.22522  0  0
4.82895  1.25664  0  0
4.82895  1.28805  0  0
4.82895  1.31947  0  0
4.82895  1.35088  0  0
4.82895  1.3823  0  0
4.82895  1.41372  0  0
4.82895  1.44513  0  0
4.82895  1.47655  0  0
4.82895  1.50796  0  0
4.82895  1.53938  0  0
4.82895  1.5708  0  0
4.82895  1.60221  0  0
4.82895  1.63363  0  0
4.82895  1.66504  0  0
4.82895  1.69646  0  0
4.82895  1.72788  0  0
4.82895  1.75929  0  0
4.82895  1.79071  0  0
4.82895  1.82212  0  0
4.82895  1.85354  0  0
4.82895  1.88496  0  0
4.82895  1.91637  0  0
4.82895  1.94779  0  0
4.82895  1.9792  0  0
4.82895  2.01062  0  0
4.82895  2.04204  0  0
4.82895  2.07345  0  0
4.82895  2.10487  0  0
4.82895  2.13628  0  0
4.82895  2.1677  0  0
4.82895  2.19911  0  0
4.82895  2.23053  0  0
4.82895  2.26195  0  0
4.82895  2.29336  0  0
4.82895  2.32478  0  0
4.82895  2.35619  0  0
4.82895  2.38761  0  0
4.82895  2.41903  0  0
4.82895  2.45044  0  0
4.82895  2.48186  0  0
4.82895  2.51327  0  0
4.82895  2.54469  0  0
4.82895  2.57611  0  0
4.82895  2.60752  0  0
4.82895  2.63894  0  0
4.82895  2.67035  0  0
4.82895  2.70177  0  0
4.82895  2.73319  0  0
4.82895  2.7646  0  0
4.82895  2.79602  0  0
4.82895  2.82743  0  0
4.82895  2.85885  0  0
4.82895  2.89027  0  0
4.82895  2.92168  0  0
4.82895  2.9531  0  0
4.82895  2.98451  0  0
4.82895  3.01593  0  0
4.82895  3.04734  0  0
4.82895  3.07876  0  0
4.82895  3.11018  0  0
4.96711  0  0  0
4.96711  0.0314159  0  0
4.96711  0.0628319  0  0
4.96711  0.0942478  0  0
4.96711  0.125664  0  0
4.96711  0.15708  0  0
4.96711  0.188496  0  0
4.96711  0.219911  0  0
4.96711  0.251327  0  0
4.96711  0.282743  0  0
4.96711  0.314159  0  0
4.96711  0.345575  0  0
4.96711  0.376991  0  0
4.96711  0.408407  0  0
4.96711  0.439823  0  0
4.96711  0.471239  0  0
4.96711  0.502655  0  0
4.96711  0.534071  0  0
4.96711  0.565487  0  0
4.96711  0.596903  0  0
4.96711  0.628319  0  0
4.96711  0.659734  0  0
4.96711  0.69115  0  0
4.96711  0.722566  0  0
4.96711  0.753982  0  0
4.96711  0.785398  0  0
4.96711  0.816814  0  0
4.96711  0.84823  0  0
4.96711  0.879646  0  0
4.96711  0.911062  0  0
4.96711  0.942478  0  0
4.96711  0.973894  0  0
4.96711  1.00531  0  0
4.96711  1.03673  0  0
4.96711  1.06814  0  0
4.96711  1.09956  0  0
4.96711  1.13097  0  0
4.96711  1.16239  0  0
4.96711  1.19381  0  0
4.96711  1.22522  0  0
4.96711  1.25664  0  0
4.96711  1.28805  0  0
4.96711  1.31947  0  0
4.96711  1.35088  0  0
4.96711  1.3823  0  0
4.96711  1.41372  0  0
4.96711  1.44513  0  0
4.96711  1.47655  0  0
4.96711  1.50796  0  0
4.96711  1.53938  0  0
4.96711  1.5708  0  0
4.96711  1.60221  0  0
4.96711  1.63363  0  0
4.96711  1.66504  0  0
4.96711  1.69646  0  0
4.96711  1.72788  0  0
4.96711  1.75929  0  0
4.96711  1.79071  0  0
4.96711  1.82212  0  0
4.96711  1.85354  0  0
4.96711  1.88496  0  0
4.96711  1.91637  0  0
4.96711  1.94779  0  0
4.96711  1.9792  0  0
4.96711  2.01062  0  0
4.96711  2.04204  0  0
4.96711  2.07345  0  0
4.96711  2.10487  0  0
4.96711  2.13628  0  0
4.96711  2.1677  0  0
4.96711  2.19911  0  0
4.96711  2.23053  0  0
4.96711  2.26195  0  0
4.96711  2.29336  0  0
4.96711  2.32478  0  0
4.96711  2.35619  0  0
4.96711  2.38761  0  0
4.96711  2.41903  0  0
4.96711  2.45044  0  0
4.96711  2.48186  0  0
4.96711  2.51327  0  0
4.96711  2.54469  0  0
4.96711  2.57611  0  0
4.96711  2.60752  0  0
4.96711  2.63894  0  0
4.96711  2.67035  0  0
4.96711  2.70177  0  0
4.96711  2.73319  0  0
4.96711  2.7646  0  0
4.96711  2.79602  0  0
4.96711  2.82743  0  0
4.96711  2.85885  0  0
4.96711  2.89027  0  0
4.96711  2.92168  0  0
4.96711  2.9531  0  0
4.96711  2.98451  0  0
4.96711  3.01593  0  0
4.96711  3.04734  0  0
4.96711  3.07876  0  0
4.96711  3.11018  0  0
5.10526  0  0  0
5.10526  0.0314159  0  0
5.10526  0.0628319  0  0
5.10526  0.0942478  0  0
5.10526  0.125664  0  0
5.10526  0.15708  0  0
5.10526  0.188496  0  0
5.10526  0.219911  0  0
5.10526  0.251327  0  0
5.10526  0.282743  0  0
5.10526  0.314159  0  0
5.10526  0.345575  0  0
5.10526  0.376991  0  0
5.10526  0.408407  0  0
5.10526  0.439823  0  0
5.10526  0.471239  0  0
5.10526  0.502655  0  0
5.10526  0.534071  0  0
5.10526  0.565487  0  0
5.10526  0.596903  0  0
5.10526  0.628319  0  0
5.10526  0.659734  0  0
5.10526  0.69115  0  0
5.10526  0.722566  0  0
5.10526  0.753982  0  0
5.10526  0.785398  0  0
5.10526  0.816814  0  0
5.10526  0.84823  0  0
5.10526  0.879646  0  0
5.10526  0.911062  0  0
5.10526  0.942478  0  0
5.10526  0.973894  0  0
5.10526  1.00531  0  0
5.10526  1.03673  0  0
5.10526  1.06814  0  0
5.10526  1.09956  0  0
5.10526  1.13097  0  0
5.10526  1.16239  0  0
5.10526  1.19381  0  0
5.10526  1.22522  0  0
5.10526  1.25664  0  0
5.10526  1.28805  0  0
5.10526  1.31947  0  0
5.10526  1.35088  0  0
5.10526  1.3823  0  0
5.10526  1.41372  0  0
5.10526  1.44513  0  0
5.10526  1.47655  0  0
5.10526  1.50796  0  0
5.10526  1.53938  0  0
5.10526  1.5708  0  0
5.10526  1.60221  0  0
5.10526  1.63363  0  0
5.10526  1.66504  0  0
5.10526  1.69646  0  0
5.10526  1.72788  0  0
5.10526  1.75929  0  0
5.10526  1.79071  0  0
5.10526  1.82212  0  0
5.10526  1.85354  0  0
5.10526  1.88496  0  0
5.10526  1.91637  0  0
5.10526  1.94779  0  0
5.10526  1.9792  0  0
5.10526  2.01062  0  0
5.10526  2.04204  0  0
5.10526  2.07345  0  0
5.10526  2.10487  0  0
5.10526  2.13628  0  0
5.10526  2.1677  0  0
5.10526  2.19911  0  0
5.10526  2.23053  0  0
5.10526  2.26195  0  0
5.10526  2.29336  0  0
5.10526  2.32478  0  0
5.10526  2.35619  0  0
5.10526  2.38761  0  0
5.10526  2.41903  0  0
5.10526  2.45044  0  0
5.10526  2.48186  0  0
5.10526  2.51327  0  0
5.10526  2.54469  0  0
5.10526  2.57611  0  0
5.10526  2.60752  0  0
5.10526  2.63894  0  0
5.10526  2.67035  0  0
5.10526  2.70177  0  0
5.10526  2.73319  0  0
5.10526  2.7646  0  0
5.10526  2.79602  0  0
5.10526  2.82743  0  0
5.10526  2.85885  0  0
5.10526  2.89027  0  0
5.10526  2.92168  0  0
5.10526  2.9531  0  0
5.10526  2.98451  0  0
5.10526  3.01593  0  0
5.10526  3.04734  0  0
5.10526  3.07876  0  0
5.10526  3.11018  0  0
5.24342  0  0  0
5.24342  0.0314159  0  0
5.24342  0.0628319  0  0
5.24342  0.0942478  0  0
5.24342  0.125664  0  0
5.24342  0.15708  0  0
5.24342  0.188496  0  0
5.24342  0.219911  0  0
5.24342  0.251327  0  0
5.24342  0.282743  0  0
5.24342  0.314159  0  0
5.24342  0.345575  0  0
5.24342  0.376991  0  0
5.24342  0.408407  0  0
5.24342  0.439823  0  0
5.24342  0.471239  0  0
5.24342  0.502655  0  0
5.24342  0.534071  0  0
5.24342  0.565487  0  0
5.24342  0.596903  0  0
5.24342  0.628319  0  0
5.24342  0.659734  0  0
5.24342  0.69115  0  0
5.24342  0.722566  0  0
5.24342  0.753982  0  0
5.24342  0.785398  0  0
5.24342  0.816814  0  0
5.24342  0.84823  0  0
5.24342  0.879646  0  0
5.24342  0.911062  0  0
5.24342  0.942478  0  0
5.24342  0.973894  0  0
5.24342  1.00531  0  0
5.24342  1.03673  0  0
5.24342  1.06814  0  0
5.24342  1.09956  0  0
5.24342  1.13097  0  0
5.24342  1.16239  0  0
5.24342  1.19381  0  0
5.24342  1.22522  0  0
5.24342  1.25664  0  0
5.24342  1.28805  0  0
5.24342  1.31947  0  0
5.24342  1.35088  0  0
5.24342  1.3823  0  0
5.24342  1.41372  0  0
5.24342  1.44513  0  0
5.24342  1.47655  0  0
5.24342  1.50796  0  0
5.24342  1.53938  0  0
5.24342  1.5708  0  0
5.24342  1.60221  0  0
5.24342  1.63363  0  0
5.24342  1.66504  0  0
5.24342  1.69646  0  0
5.24342  1.72788  0  0
5.24342  1.75929  0  0
5.24342  1.79071  0  0
5.24342  1.82212  0  0
5.24342  1.85354  0  0
5.24342  1.88496  0  0
5.24342  1.91637  0  0
5.24342  1.94779  0  0
5.24342  1.9792  0  0
5.24342  2.01062  0  0
5.24342  2.04204  0  0
5.24342  2.07345  0  0
5.24342  2.10487  0  0
5.24342  2.13628  0  0
5.24342  2.1677  0  0
5.24342  2.19911  0  0
5.24342  2.23053  0  0
5.24342  2.26195  0  0
5.24342  2.29336  0  0
5.24342  2.32478  0  0
5.24342  2.35619  0  0
5.24342  2.38761  0  0
5.24342  2.41903  0  0
5.24342  2.45044  0  0
5.24342  2.48186  0  0
5.24342  2.51327  0  0
5.24342  2.54469  0  0
5.24342  2.57611  0  0
5.24342  2.60752  0  0
5.24342  2.63894  0  0
5.24342  2.67035  0  0
5.24342  2.70177  0  0
5.24342  2.73319  0  0
5.24342  2.7646  0  0
5.24342  2.79602  0  0
5.24342  2.82743  0  0
5.24342  2.85885  0  0
5.24342  2.89027  0  0
5.24342  2.92168  0  0
5.24342  2.9531  0  0
5.24342  2.98451  0  0
5.24342  3.01593  0  0
5.24342  3.04734  0  0
5.24342  3.07876  0  0
5.24342  3.11018  0  0
5.38158  0  0  0
5.38158  0.0314159  0  0
5.38158  0.0628319  0  0
5.38158  0.0942478  0  0
5.38158  0.125664  0  0
5.38158  0.15708  0  0
5.38158  0.188496  0  0
5.38158  0.219911  0  0
5.38158  0.251327  0  0
5.38158  0.282743  0  0
5.38158  0.314159  0  0
5.38158  0.345575  0  0
5.38158  0.376991  0  0
5.38158  0.408407  0  0
5.38158  0.439823  0  0
5.38158  0.471239  0  0
5.38158  0.502655  0  0
5.38158  0.534071  0  0
5.38158  0.565487  0  0
5.38158  0.596903  0  0
5.38158  0.628319  0  0
5.38158  0.659734  0  0
5.38158  0.69115  0  0
5.38158  0.722566  0  0
5.38158  0.753982  0  0
5.38158  0.785398  0  0
5.38158  0.816814  0  0
5.38158  0.84823  0  0
5.38158  0.879646  0  0
5.38158  0.911062  0  0
5.38158  0.942478  0  0
5.38158  0.973894  0  0
5.38158  1.00531  0  0
5.38158  1.03673  0  0
5.38158  1.06814  0  0
5.38158  1.09956  0  0
5.38158  1.13097  0  0
5.38158  1.16239  0  0
5.38158  1.19381  0  0
5.38158  1.22522  0  0
5.38158  1.25664  0  0
5.38158  1.28805  0  0
5.38158  1.31947  0  0
5.38158  1.35088  0  0
5.38158  1.3823  0  0
5.38158  1.41372  0  0
5.38158  1.44513  0  0
5.38158  1.47655  0  0
5.38158  1.50796  0  0
5.38158  1.53938  0  0
5.38158  1.5708  0  0
5.38158  1.60221  0  0
5.38158  1.63363  0  0
5.38158  1.66504  0  0
5.38158  1.69646  0  0
5.38158  1.72788  0  0
5.38158  1.75929  0  0
5.38158  1.79071  0  0
5.38158  1.82212  0  0
5.38158  1.85354  0  0
5.38158  1.88496  0  0
5.38158  1.91637  0  0
5.38158  1.94779  0  0
5.38158  1.9792  0  0
5.38158  2.01062  0  0
5.38158  2.04204  0  0
5.38158  2.07345  0  0
5.38158  2.10487  0  0
5.38158  2.13628  0  0
5.38158  2.1677  0  0
5.38158  2.19911  0  0
5.38158  2.23053  0  0
5.38158  2.26195  0  0
5.38158  2.29336  0  0
5.38158  2.32478  0  0
5.38158  2.35619  0  0
5.38158  2.38761  0  0
5.38158  2.41903  0  0
5.38158  2.45044  0  0
5.38158  2.48186  0  0
5.38158  2.51327  0  0
5.38158  2.54469  0  0
5.38158  2.57611  0  0
5.38158  2.60752  0  0
5.38158  2.63894  0  0
5.38158  2.67035  0  0
5.38158  2.70177  0  0
5.38158  2.73319  0  0
5.38158  2.7646  0  0
5.38158  2.79602  0  0
5.38158  2.82743  0  0
5.38158  2.85885  0  0
5.38158  2.89027  0  0
5.38158  2.92168  0  0
5.38158  2.9531  0  0
5.38158  2.98451  0  0
5.38158  3.01593  0  0
5.38158  3.04734  0  0
5.38158  3.07876  0  0
5.38158  3.11018  0  0
5.51974  0  0  0
5.51974  0.0314159  0  0
5.51974  0.0628319  0  0
5.51974  0.0942478  0  0
5.51974  0.125664  0  0
5.51974  0.15708  0  0
5.51974  0.188496  0  0
5.51974  0.219911  0  0
5.51974  0.251327  0  0
5.51974  0.282743  0  0
5.51974  0.314159  0  0
5.51974  0.345575  0  0
5.51974  0.376991  0  0
5.51974  0.408407  0  0
5.51974  0.439823  0  0
5.51974  0.471239  0  0
5.51974  0.502655  0  0
5.51974  0.534071  0  0
5.51974  0.565487  0  0
5.51974  0.596903  0  0
5.51974  0.628319  0  0
5.51974  0.659734  0  0
5.51974  0.69115  0  0
5.51974  0.722566  0  0
5.51974  0.753982  0  0
5.51974  0.785398  0  0
5.51974  0.816814  0  0
5.51974  0.84823  0  0
5.51974  0.879646  0  0
5.51974  0.911062  0  0
5.51974  0.942478  0  0
5.51974  0.973894  0  0
5.51974  1.00531  0  0
5.51974  1.03673  0  0
5.51974  1.06814  0  0
5.51974  1.09956  0  0
5.51974  1.13097  0  0
5.51974  1.16239  0  0
5.51974  1.19381  0  0
5.51974  1.22522  0  0
5.51974  1.25664  0  0
5.51974  1.28805  0  0
5.51974  1.31947  0  0
5.51974  1.35088  0  0
5.51974  1.3823  0  0
5.51974  1.41372  0  0
5.51974  1.44513  0  0
5.51974  1.47655  0  0
5.51974  1.50796  0  0
5.51974  1.53938  0  0
5.51974  1.5708  0  0
5.51974  1.60221  0  0
5.51974  1.63363  0  0
5.51974  1.66504  0  0
5.51974  1.69646  0  0
5.51974  1.72788  0  0
5.51974  1.75929  0  0
5.51974  1.79071  0  0
5.51974  1.82212  0  0
5.51974  1.85354  0  0
5.51974  1.88496  0  0
5.51974  1.91637  0  0
5.51974  1.94779  0  0
5.51974  1.9792  0  0
5.51974  2.01062  0  0
5.51974  2.04204  0  0
5.51974  2.07345  0  0
5.51974  2.10487  0  0
5.51974  2.13628  0  0
5.51974  2.1677  0  0
5.51974  2.19911  0  0
5.51974  2.23053  0  0
5.51974  2.26195  0  0
5.51974  2.29336  0  0
5.51974  2.32478  0  0
5.51974  2.35619  0  0
5.51974  2.38761  0  0
5.51974  2.41903  0  0
5.51974  2.45044  0  0
5.51974  2.48186  0  0
5.51974  2.51327  0  0
5.51974  2.54469  0  0
5.51974  2.57611  0  0
5.51974  2.60752  0  0
5.51974  2.63894  0  0
5.51974  2.67035  0  0
5.51974  2.70177  0  0
5.51974  2.73319  0  0
5.51974  2.7646  0  0
5.51974  2.79602  0  0
5.51974  2.82743  0  0
5.51974  2.85885  0  0
5.51974  2.89027  0  0
5.51974  2.92168  0  0
5.51974  2.9531  0  0
5.51974  2.98451  0  0
5.51974  3.01593  0  0
5.51974  3.04734  0  0
5.51974  3.07876  0  0
5.51974  3.11018  0  0
5.65789  0  0  0
5.65789  0.0314159  0  0
5.65789  0.0628319  0  0
5.65789  0.0942478  0  0
5.65789  0.125664  0  0
5.65789  0.15708  0  0
5.65789  0.188496  0  0
5.65789  0.219911  0  0
5.65789  0.251327  0  0
5.65789  0.282743  0  0
5.65789  0.314159  0  0
5.65789  0.345575  0  0
5.65789  0.376991  0  0
5.65789  0.408407  0  0
5.65789  0.439823  0  0
5.65789  0.471239  0  0
5.65789  0.502655  0  0
5.65789  0.534071  0  0
5.65789  0.565487  0  0
5.65789  0.596903  0  0
5.65789  0.628319  0  0
5.65789  0.659734  0  0
5.65789  0.69115  0  0
5.65789  0.722566  0  0
5.65789  0.753982  0  0
5.65789  0.785398  0  0
5.65789  0.816814  0  0
5.65789  0.84823  0  0
5.65789  0.879646  0  0
5.65789  0.911062  0  0
5.65789  0.942478  0  0
5.65789  0.973894  0  0
5.65789  1.00531  0  0
5.65789  1.03673  0  0
5.65789  1.06814  0  0
5.65789  1.09956  0  0
5.65789  1.13097  0  0
5.65789  1.16239  0  0
5.65789  1.19381  0  0
5.65789  1.22522  0  0
5.65789  1.25664  0  0
5.65789  1.28805  0  0
5.65789  1.31947  0  0
5.65789  1.35088  0  0
5.65789  1.3823  0  0
5.65789  1.41372  0  0
5.65789  1.44513  0  0
5.65789  1.47655  0  0
5.65789  1.50796  0  0
5.65789  1.53938  0  0
5.65789  1.5708  0  0
5.65789  1.60221  0  0
5.65789  1.63363  0  0
5.65789  1.66504  0  0
5.65789  1.69646  0  0
5.65789  1.72788  0  0
5.65789  1.75929  0  0
5.65789  1.79071  0  0
5.65789  1.82212  0  0
5.65789  1.85354  0  0
5.65789  1.88496  0  0
5.65789  1.91637  0  0
5.65789  1.94779  0  0
5.65789  1.9792  0  0
5.65789  2.01062  0  0
5.65789  2.04204  0  0
5.65789  2.07345  0  0
5.65789  2.10487  0  0
5.65789  2.13628  0  0
5.65789  2.1677  0  0
5.65789  2.19911  0  0
5.65789  2.23053  0  0
5.65789  2.26195  0  0
5.65789  2.29336  0  0
5.65789  2.32478  0  0
5.65789  2.35619  0  0
5.65789  2.38761  0  0
5.65789  2.41903  0  0
5.65789  2.45044  0  0
5.65789  2.48186  0  0
5.65789  2.51327  0  0
5.65789  2.54469  0  0
5.65789  2.57611  0  0
5.65789  2.60752  0  0
5.65789  2.63894  0  0
5.65789  2.67035  0  0
5.65789  2.70177  0  0
5.65789  2.73319  0  0
5.65789  2.7646  0  0
5.65789  2.79602  0  0
5.65789  2.82743  0  0
5.65789  2.85885  0  0
5.65789  2.89027  0  0
5.65789  2.92168  0  0
5.65789  2.9531  0  0
5.65789  2.98451  0  0
5.65789  3.01593  0  0
5.65789  3.04734  0  0
5.65789  3.07876  0  0
5.65789  3.11018  0  0
5.79605  0  0  0
5.79605  0.0314159  0  0
5.79605  0.0628319  0  0
5.79605  0.0942478  0  0
5.79605  0.125664  0  0
5.79605  0.15708  0  0
5.79605  0.188496  0  0
5.79605  0.219911  0  0
5.79605  0.251327  0  0
5.79605  0.282743  0  0
5.79605  0.314159  0  0
5.79605  0.345575  0  0
5.79605  0.376991  0  0
5.79605  0.408407  0  0
5.79605  0.439823  0  0
5.79605  0.471239  0  0
5.79605  0.502655  0  0
5.79605  0.534071  0  0
5.79605  0.565487  0  0
5.79605  0.596903  0  0
5.79605  0.628319  0  0
5.79605  0.659734  0  0
5.79605  0.69115  0  0
5.79605  0.722566  0  0
5.79605  0.753982  0  0
5.79605  0.785398  0  0
5.79605  0.816814  0  0
5.79605  0.84823  0  0
5.79605  0.879646  0  0
5.79605  0.911062  0  0
5.79605  0.942478  0  0
5.79605  0.973894  0  0
5.79605  1.00531  0  0
5.79605  1.03673  0  0
5.79605  1.06814  0  0
5.79605  1.09956  0  0
5.79605  1.13097  0  0
5.79605  1.16239  0  0
5.79605  1.19381  0  0
5.79605  1.22522  0  0
5.79605  1.25664  0  0
5.79605  1.28805  0  0
5.79605  1.31947  0  0
5.79605  1.35088  0  0
5.79605  1.3823  0  0
5.79605  1.41372  0  0
5.79605  1.44513  0  0
5.79605  1.47655  0  0
5.79605  1.50796  0  0
5.79605  1.53938  0  0
5.79605  1.5708  0  0
5.79605  1.60221  0  0
5.79605  1.63363  0  0
5.79605  1.66504  0  0
5.79605  1.69646  0  0
5.79605  1.72788  0  0
5.79605  1.75929  0  0
5.79605  1.79071  0  0
5.79605  1.82212  0  0
5.79605  1.85354  0  0
5.79605  1.88496  0  0
5.79605  1.91637  0  0
5.79605  1.94779  0  0
5.79605  1.9792  0  0
5.79605  2.01062  0  0
5.79605  2.04204  0  0
5.79605  2.07345  0  0
5.79605  2.10487  0  0
5.79605  2.13628  0  0
5.79605  2.1677  0  0
5.79605  2.19911  0  0
5.79605  2.23053  0  0
5.79605  2.26195  0  0
5.79605  2.29336  0  0
5.79605  2.32478  0  0
5.79605  2.35619  0  0
5.79605  2.38761  0  0
5.79605  2.41903  0  0
5.79605  2.45044  0  0
5.79605  2.48186  0  0
5.79605  2.51327  0  0
5.79605  2.54469  0  0
5.79605  2.57611  0  0
5.79605  2.60752  0  0
5.79605  2.63894  0  0
5.79605  2.67035  0  0
5.79605  2.70177  0  0
5.79605  2.73319  0  0
5.79605  2.7646  0  0
5.79605  2.79602  0  0
5.79605  2.82743  0  0
5.79605  2.85885  0  0
5.79605  2.89027  0  0
5.79605  2.92168  0  0
5.79605  2.9531  0  0
5.79605  2.98451  0  0
5.79605  3.01593  0  0
5.79605  3.04734  0  0
5.79605  3.07876  0  0
5.79605  3.11018  0  0
5.93421  0  0  0
5.93421  0.0314159  0  0
5.93421  0.0628319  0  0
5.93421  0.0942478  0  0
5.93421  0.125664  0  0
5.93421  0.15708  0  0
5.93421  0.188496  0  0
5.93421  0.219911  0  0
5.93421  0.251327  0  0
5.93421  0.282743  0  0
5.93421  0.314159  0  0
5.93421  0.345575  0  0
5.93421  0.376991  0  0
5.93421  0.408407  0  0
5.93421  0.439823  0  0
5.93421  0.471239  0  0
5.93421  0.502655  0  0
5.93421  0.534071  0  0
5.93421  0.565487  0  0
5.93421  0.596903  0  0
5.93421  0.628319  0  0
5.93421  0.659734  0  0
5.93421  0.69115  0  0
5.93421  0.722566  0  0
5.93421  0.753982  0  0
5.93421  0.785398  0  0
5.93421  0.816814  0  0
5.93421  0.84823  0  0
5.93421  0.879646  0  0
5.93421  0.911062  0  0
5.93421  0.942478  0  0
5.93421  0.973894  0  0
5.93421  1.00531  0  0
5.93421  1.03673  0  0
5.93421  1.06814  0  0
5.93421  1.09956  0  0
5.93421  1.13097  0  0
5.93421  1.16239  0  0
5.93421  1.19381  0  0
5.93421  1.22522  0  0
5.93421  1.25664  0  0
5.93421  1.28805  0  0
5.93421  1.31947  0  0
5.93421  1.35088  0  0
5.93421  1.3823  0  0
5.93421  1.41372  0  0
5.93421  1.44513  0  0
5.93421  1.47655  0  0
5.93421  1.50796  0  0
5.93421  1.53938  0  0
5.93421  1.5708  0  0
5.93421  1.60221  0  0
5.93421  1.63363  0  0
5.93421  1.66504  0  0
5.93421  1.69646  0  0
5.93421  1.72788  0  0
5.93421  1.75929  0  0
5.93421  1.79071  0  0
5.93421  1.82212  0  0
5.93421  1.85354  0  0
5.93421  1.88496  0  0
5.93421  1.91637  0  0
5.93421  1.94779  0  0
5.93421  1.9792  0  0
5.93421  2.01062  0  0
5.93421  2.04204  0  0
5.93421  2.07345  0  0
5.93421  2.10487  0  0
5.93421  2.13628  0  0
5.93421  2.1677  0  0
5.93421  2.19911  0  0
5.93421  2.23053  0  0
5.93421  2.26195  0  0
5.93421  2.29336  0  0
5.93421  2.32478  0  0
5.93421  2.35619  0  0
5.93421  2.38761  0  0
5.93421  2.41903  0  0
5.93421  2.45044  0  0
5.93421  2.48186  0  0
5.93421  2.51327  0  0
5.93421  2.54469  0  0
5.93421  2.57611  0  0
5.93421  2.60752  0  0
5.93421  2.63894  0  0
5.93421  2.67035  0  0
5.93421  2.70177  0  0
5.93421  2.73319  0  0
5.93421  2.7646  0  0
5.93421  2.79602  0  0
5.93421  2.82743  0  0
5.93421  2.85885  0  0
5.93421  2.89027  0  0
5.93421  2.92168  0  0
5.93421  2.9531  0  0
5.93421  2.98451  0  0
5.93421  3.01593  0  0
5.93421  3.04734  0  0
5.93421  3.07876  0  0
5.93421  3.11018  0  0
6.07237  0  0  0
6.07237  0.0314159  0  0
6.07237  0.0628319  0  0
6.07237  0.0942478  0  0
6.07237  0.125664  0  0
6.07237  0.15708  0  0
6.07237  0.188496  0  0
6.07237  0.219911  0  0
6.07237  0.251327  0  0
6.07237  0.282743  0  0
6.07237  0.314159  0  0
6.07237  0.345575  0  0
6.07237  0.376991  0  0
6.07237  0.408407  0  0
6.07237  0.439823  0  0
6.07237  0.471239  0  0
6.07237  0.502655  0  0
6.07237  0.534071  0  0
6.07237  0.565487  0  0
6.07237  0.596903  0  0
6.07237  0.628319  0  0
6.07237  0.659734  0  0
6.07237  0.69115  0  0
6.07237  0.722566  0  0
6.07237  0.753982  0  0
6.07237  0.785398  0  0
6.07237  0.816814  0  0
6.07237  0.84823  0  0
6.07237  0.879646  0  0
6.07237  0.911062  0  0
6.07237  0.942478  0  0
6.07237  0.973894  0  0
6.07237  1.00531  0  0
6.07237  1.03673  0  0
6.07237  1.06814  0  0
6.07237  1.09956  0  0
6.07237  1.13097  0  0
6.07237  1.16239  0  0
6.07237  1.19381  0  0
6.07237  1.22522  0  0
6.07237  1.25664  0  0
6.07237  1.28805  0  0
6.07237  1.31947  0  0
6.07237  1.35088  0  0
6.07237  1.3823  0  0
6.07237  1.41372  0  0
6.07237  1.44513  0  0
6.07237  1.47655  0  0
6.07237  1.50796  0  0
6.07237  1.53938  0  0
6.07237  1.5708  0  0
6.07237  1.60221  0  0
6.07237  1.63363  0  0
6.07237  1.66504  0  0
6.07237  1.69646  0  0
6.07237  1.72788  0  0
6.07237  1.75929  0  0
6.07237  1.79071  0  0
6.07237  1.82212  0  0
6.07237  1.85354  0  0
6.07237  1.88496  0  0
6.07237  1.91637  0  0
6.07237  1.94779  0  0
6.07237  1.9792  0  0
6.07237  2.01062  0  0
6.07237  2.04204  0  0
6.07237  2.07345  0  0
6.07237  2.10487  0  0
6.07237  2.13628  0  0
6.07237  2.1677  0  0
6.07237  2.19911  0  0
6.07237  2.23053  0  0
6.07237  2.26195  0  0
6.07237  2.29336  0  0
6.07237  2.32478  0  0
6.07237  2.35619  0  0
6.07237  2.38761  0  0
6.07237  2.41903  0  0
6.07237  2.45044  0  0
6.07237  2.48186  0  0
6.07237  2.51327  0  0
6.07237  2.54469  0  0
6.07237  2.57611  0  0
6.07237  2.60752  0  0
6.07237  2.63894  0  0
6.07237  2.67035  0  0
6.07237  2.70177  0  0
6.07237  2.73319  0  0
6.07237  2.7646  0  0
6.07237  2.79602  0  0
6.07237  2.82743  0  0
6.07237  2.85885  0  0
6.07237  2.89027  0  0
6.07237  2.92168  0  0
6.07237  2.9531  0  0
6.07237  2.98451  0  0
6.07237  3.01593  0  0
6.07237  3.04734  0  0
6.07237  3.07876  0  0
6.07237  3.11018  0  0
6.21053  0  0  0
6.21053  0.0314159  0  0
6.21053  0.0628319  0  0
6.21053  0.0942478  0  0
6.21053  0.125664  0  0
6.21053  0.15708  0  0
6.21053  0.188496  0  0
6.21053  0.219911  0  0
6.21053  0.251327  0  0
6.21053  0.282743  0  0
6.21053  0.314159  0  0
6.21053  0.345575  0  0
6.21053  0.376991  0  0
6.21053  0.408407  0  0
6.21053  0.439823  0  0
6.21053  0.471239  0  0
6.21053  0.502655  0  0
6.21053  0.534071  0  0
6.21053  0.565487  0  0
6.21053  0.596903  0  0
6.21053  0.628319  0  0
6.21053  0.659734  0  0
6.21053  0.69115  0  0
6.21053  0.722566  0  0
6.21053  0.753982  0  0
6.21053  0.785398  0  0
6.21053  0.816814  0  0
6.21053  0.84823  0  0
6.21053  0.879646  0  0
6.21053  0.911062  0  0
6.21053  0.942478  0  0
6.21053  0.973894  0  0
6.21053  1.00531  0  0
6.21053  1.03673  0  0
6.21053  1.06814  0  0
6.21053  1.09956  0  0
6.21053  1.13097  0  0
6.21053  1.16239  0  0
6.21053  1.19381  0  0
6.21053  1.22522  0  0
6.21053  1.25664  0  0
6.21053  1.28805  0  0
6.21053  1.31947  0  0
6.21053  1.35088  0  0
6.21053  1.3823  0  0
6.21053  1.41372  0  0
6.21053  1.44513  0  0
6.21053  1.47655  0  0
6.21053  1.50796  0  0
6.21053  1.53938  0  0
6.21053  1.5708  0  0
6.21053  1.60221  0  0
6.21053  1.63363  0  0
6.21053  1.66504  0  0
6.21053  1.69646  0  0
6.21053  1.72788  0  0
6.21053  1.75929  0  0
6.21053  1.79071  0  0
6.21053  1.82212  0  0
6.21053  1.85354  0  0
6.21053  1.88496  0  0
6.21053  1.91637  0  0
6.21053  1.94779  0  0
6.21053  1.9792  0  0
6.21053  2.01062  0  0
6.21053  2.04204  0  0
6.21053  2.07345  0  0
6.21053  2.10487  0  0
6.21053  2.13628  0  0
6.21053  2.1677  0  0
6.21053  2.19911  0  0
6.21053  2.23053  0  0
6.21053  2.26195  0  0
6.21053  2.29336  0  0
6.21053  2.32478  0  0
6.21053  2.35619  0  0
6.21053  2.38761  0  0
6.21053  2.41903  0  0
6.21053  2.45044  0  0
6.21053  2.48186  0  0
6.21053  2.51327  0  0
6.21053  2.54469  0  0
6.21053  2.57611  0  0
6.21053  2.60752  0  0
6.21053  2.63894  0  0
6.21053  2.67035  0  0
6.21053  2.70177  0  0
6.21053  2.73319  0  0
6.21053  2.7646  0  0
6.21053  2.79602  0  0
6.21053  2.82743  0  0
6.21053  2.85885  0  0
6.21053  2.89027  0  0
6.21053  2.92168  0  0
6.21053  2.9531  0  0
6.21053  2.98451  0  0
6.21053  3.01593  0  0
6.21053  3.04734  0  0
6.21053  3.07876  0  0
6.21053  3.11018  0  0
6.34868  0  0  0
6.34868  0.0314159  0  0
6.34868  0.0628319  0  0
6.34868  0.0942478  0  0
6.34868  0.125664  0  0
6.34868  0.15708  0  0
6.34868  0.188496  0  0
6.34868  0.219911  0  0
6.34868  0.251327  0  0
6.34868  0.282743  0  0
6.34868  0.314159  0  0
6.34868  0.345575  0  0
6.34868  0.376991  0  0
6.34868  0.408407  0  0
6.34868  0.439823  0  0
6.34868  0.471239  0  0
6.34868  0.502655  0  0
6.34868  0.534071  0  0
6.34868  0.565487  0  0
6.34868  0.596903  0  0
6.34868  0.628319  0  0
6.34868  0.659734  0  0
6.34868  0.69115  0  0
6.34868  0.722566  0  0
6.34868  0.753982  0  0
6.34868  0.785398  0  0
6.34868  0.816814  0  0
6.34868  0.84823  0  0
6.34868  0.879646  0  0
6.34868  0.911062  0  0
6.34868  0.942478  0  0
6.34868  0.973894  0  0
6.34868  1.00531  0  0
6.34868  1.03673  0  0
6.34868  1.06814  0  0
6.34868  1.09956  0  0
6.34868  1.13097  0  0
6.34868  1.16239  0  0
6.34868  1.19381  0  0
6.34868  1.22522  0  0
6.34868  1.25664  0  0
6.34868  1.28805  0  0
6.34868  1.31947  0  0
6.34868  1.35088  0  0
6.34868  1.3823  0  0
6.34868  1.41372  0  0
6.34868  1.44513  0  0
6.34868  1.47655  0  0
6.34868  1.50796  0  0
6.34868  1.53938  0  0
6.34868  1.5708  0  0
6.34868  1.60221  0  0
6.34868  1.63363  0  0
6.34868  1.66504  0  0
6.34868  1.69646  0  0
6.34868  1.72788  0  0
6.34868  1.75929  0  0
6.34868  1.79071  0  0
6.34868  1.82212  0  0
6.34868  1.85354  0  0
6.34868  1.88496  0  0
6.34868  1.91637  0  0
6.34868  1.94779  0  0
6.34868  1.9792  0  0
6.34868  2.01062  0  0
6.34868  2.04204  0  0
6.34868  2.07345  0  0
6.34868  2.10487  0  0
6.34868  2.13628  0  0
6.34868  2.1677  0  0
6.34868  2.19911  0  0
6.34868  2.23053  0  0
6.34868  2.26195  0  0
6.34868  2.29336  0  0
6.34868  2.32478  0  0
6.34868  2.35619  0  0
6.34868  2.38761  0  0
6.34868  2.41903  0  0
6.34868  2.45044  0  0
6.34868  2.48186  0  0
6.34868  2.51327  0  0
6.34868  2.54469  0  0
6.34868  2.57611  0  0
6.34868  2.60752  0  0
6.34868  2.63894  0  0
6.34868  2.67035  0  0
6.34868  2.70177  0  0
6.34868  2.73319  0  0
6.34868  2.7646  0  0
6.34868  2.79602  0  0
6.34868  2.82743  0  0
6.34868  2.85885  0  0
6.34868  2.89027  0  0
6.34868  2.92168  0  0
6.34868  2.9531  0  0
6.34868  2.98451  0  0
6.34868  3.01593  0  0
6.34868  3.04734  0  0
6.34868  3.07876  0  0
6.34868  3.11018  0  0
6.48684  0  0  0
6.48684  0.0314159  0  0
6.48684  0.0628319  0  0
6.48684  0.0942478  0  0
6.48684  0.125664  0  0
6.48684  0.15708  0  0
6.48684  0.188496  0  0
6.48684  0.219911  0  0
6.48684  0.251327  0  0
6.48684  0.282743  0  0
6.48684  0.314159  0  0
6.48684  0.345575  0  0
6.48684  0.376991  0  0
6.48684  0.408407  0  0
6.48684  0.439823  0  0
6.48684  0.471239  0  0
6.48684  0.502655  0  0
6.48684  0.534071  0  0
6.48684  0.565487  0  0
6.48684  0.596903  0  0
6.48684  0.628319  0  0
6.48684  0.659734  0  0
6.48684  0.69115  0  0
6.48684  0.722566  0  0
6.48684  0.753982  0  0
6.48684  0.785398  0  0
6.48684  0.816814  0  0
6.48684  0.84823  0  0
6.48684  0.879646  0  0
6.48684  0.911062  0  0
6.48684  0.942478  0  0
6.48684  0.973894  0  0
6.48684  1.00531  0  0
6.48684  1.03673  0  0
6.48684  1.06814  0  0
6.48684  1.09956  0  0
6.48684  1.13097  0  0
6.48684  1.16239  0  0
6.48684  1.19381  0  0
6.48684  1.22522  0  0
6.48684  1.25664  0  0
6.48684  1.28805  0  0
6.48684  1.31947  0  0
6.48684  1.35088  0  0
6.48684  1.3823  0  0
6.48684  1.41372  0  0
6.48684  1.44513  0  0
6.48684  1.47655  0  0
6.48684  1.50796  0  0
6.48684  1.53938  0  0
6.48684  1.5708  0  0
6.48684  1.60221  0  0
6.48684  1.63363  0  0
6.48684  1.66504  0  0
6.48684  1.69646  0  0
6.48684  1.72788  0  0
6.48684  1.75929  0  0
6.48684  1.79071  0  0
6.48684  1.82212  0  0
6.48684  1.85354  0  0
6.48684  1.88496  0  0
6.48684  1.91637  0  0
6.48684  1.94779  0  0
6.48684  1.9792  0  0
6.48684  2.01062  0  0
6.48684  2.04204  0  0
6.48684  2.07345  0  0
6.48684  2.10487  0  0
6.48684  2.13628  0  0
6.48684  2.1677  0  0
6.48684  2.19911  0  0
6.48684  2.23053  0  0
6.48684  2.26195  0  0
6.48684  2.29336  0  0
6.48684  2.32478  0  0
6.48684  2.35619  0  0
6.48684  2.38761  0  0
6.48684  2.41903  0  0
6.48684  2.45044  0  0
6.48684  2.48186  0  0
6.48684  2.51327  0  0
6.48684  2.54469  0  0
6.48684  2.57611  0  0
6.48684  2.60752  0  0
6.48684  2.63894  0  0
6.48684  2.67035  0  0
6.48684  2.70177  0  0
6.48684  2.73319  0  0
6.48684  2.7646  0  0
6.48684  2.79602  0  0
6.48684  2.82743  0  0
6.48684  2.85885  0  0
6.48684  2.89027  0  0
6.48684  2.92168  0  0
6.48684  2.9531  0  0
6.48684  2.98451  0  0
6.48684  3.01593  0  0
6.48684  3.04734  0  0
6.48684  3.07876  0  0
6.48684  3.11018  0  0
6.625  0  0  0
6.625  0.0314159  0  0
6.625  0.0628319  0  0
6.625  0.0942478  0  0
6.625  0.125664  0  0
6.625  0.15708  0  0
6.625  0.188496  0  0
6.625  0.219911  0  0
6.625  0.251327  0  0
6.625  0.282743  0  0
6.625  0.314159  0  0
6.625  0.345575  0  0
6.625  0.376991  0  0
6.625  0.408407  0  0
6.625  0.439823  0  0
6.625  0.471239  0  0
6.625  0.502655  0  0
6.625  0.534071  0  0
6.625  0.565487  0  0
6.625  0.596903  0  0
6.625  0.628319  0  0
6.625  0.659734  0  0
6.625  0.69115  0  0
6.625  0.722566  0  0
6.625  0.753982  0  0
6.625  0.785398  0  0
6.625  0.816814  0  0
6.625  0.84823  0  0
6.625  0.879646  0  0
6.625  0.911062  0  0
6.625  0.942478  0  0
6.625  0.973894  0  0
6.625  1.00531  0  0
6.625  1.03673  0  0
6.625  1.06814  0  0
6.625  1.09956  0  0
6.625  1.13097  0  0
6.625  1.16239  0  0
6.625  1.19381  0  0
6.625  1.22522  0  0
6.625  1.25664  0  0
6.625  1.28805  0  0
6.625  1.31947  0  0
6.625  1.35088  0  0
6.625  1.3823  0  0
6.625  1.41372  0  0
6.625  1.44513  0  0
6.625  1.47655  0  0
6.625  1.50796  0  0
6.625  1.53938  0  0
6.625  1.5708  0  0
6.625  1.60221  0  0
6.625  1.63363  0  0
6.625  1.66504  0  0
6.625  1.69646  0  0
6.625  1.72788  0  0
6.625  1.75929  0  0
6.625  1.79071  0  0
6.625  1.82212  0  0
6.625  1.85354  0  0
6.625  1.88496  0  0
6.625  1.91637  0  0
6.625  1.94779  0  0
6.625  1.9792  0  0
6.625  2.01062  0  0
6.625  2.04204  0  0
6.625  2.07345  0  0
6.625  2.10487  0  0
6.625  2.13628  0  0
6.625  2.1677  0  0
6.625  2.19911  0  0
6.625  2.23053  0  0
6.625  2.26195  0  0
6.625  2.29336  0  0
6.625  2.32478  0  0
6.625  2.35619  0  0
6.625  2.38761  0  0
6.625  2.41903  0  0
6.625  2.45044  0  0
6.625  2.48186  0  0
6.625  2.51327  0  0
6.625  2.54469  0  0
6.625  2.57611  0  0
6.625  2.60752  0  0
6.625  2.63894  0  0
6.625  2.67035  0  0
6.625  2.70177  0  0
6.625  2.73319  0  0
6.625  2.7646  0  0
6.625  2.79602  0  0
6.625  2.82743  0  0
6.625  2.85885  0  0
6.625  2.89027  0  0
6.625  2.92168  0  0
6.625  2.9531  0  0
6.625  2.98451  0  0
6.625  3.01593  0  0
6.625  3.04734  0  0
6.625  3.07876  0  0
6.625  3.11018  0  0
6.76316  0  0  0
6.76316  0.0314159  0  0
6.76316  0.0628319  0  0
6.76316  0.0942478  0  0
6.76316  0.125664  0  0
6.76316  0.15708  0  0
6.76316  0.188496  0  0
6.76316  0.219911  0  0
6.76316  0.251327  0  0
6.76316  0.282743  0  0
6.76316  0.314159  0  0
6.76316  0.345575  0  0
6.76316  0.376991  0  0
6.76316  0.408407  0  0
6.76316  0.439823  0  0
6.76316  0.471239  0  0
6.76316  0.502655  0  0
6.76316  0.534071  0  0
6.76316  0.565487  0  0
6.76316  0.596903  0  0
6.76316  0.628319  0  0
6.76316  0.659734  0  0
6.76316  0.69115  0  0
6.76316  0.722566  0  0
6.76316  0.753982  0  0
6.76316  0.785398  0  0
6.76316  0.816814  0  0
6.76316  0.84823  0  0
6.76316  0.879646  0  0
6.76316  0.911062  0  0
6.76316  0.942478  0  0
6.76316  0.973894  0  0
6.76316  1.00531  0  0
6.76316  1.03673  0  0
6.76316  1.06814  0  0
6.76316  1.09956  0  0
6.76316  1.13097  0  0
6.76316  1.16239  0  0
6.76316  1.19381  0  0
6.76316  1.22522  0  0
6.76316  1.25664  0  0
6.76316  1.28805  0  0
6.76316  1.31947  0  0
6.76316  1.35088  0  0
6.76316  1.3823  0  0
6.76316  1.41372  0  0
6.76316  1.44513  0  0
6.76316  1.47655  0  0
6.76316  1.50796  0  0
6.76316  1.53938  0  0
6.76316  1.5708  0  0
6.76316  1.60221  0  0
6.76316  1.63363  0  0
6.76316  1.66504  0  0
6.76316  1.69646  0  0
6.76316  1.72788  0  0
6.76316  1.75929  0  0
6.76316  1.79071  0  0
6.76316  1.82212  0  0
6.76316  1.85354  0  0
6.76316  1.88496  0  0
6.76316  1.91637  0  0
6.76316  1.94779  0  0
6.76316  1.9792  0  0
6.76316  2.01062  0  0
6.76316  2.04204  0  0
6.76316  2.07345  0  0
6.76316  2.10487  0  0
6.76316  2.13628  0  0
6.76316  2.1677  0  0
6.76316  2.19911  0  0
6.76316  2.23053  0  0
6.76316  2.26195  0  0
6.76316  2.29336  0  0
6.76316  2.32478  0  0
6.76316  2.35619  0  0
6.76316  2.38761  0  0
6.76316  2.41903  0  0
6.76316  2.45044  0  0
6.76316  2.48186  0  0
6.76316  2.51327  0  0
6.76316  2.54469  0  0
6.76316  2.57611  0  0
6.76316  2.60752  0  0
6.76316  2.63894  0  0
6.76316  2.67035  0  0
6.76316  2.70177  0  0
6.76316  2.73319  0  0
6.76316  2.7646  0  0
6.76316  2.79602  0  0
6.76316  2.82743  0  0
6.76316  2.85885  0  0
6.76316  2.89027  0  0
6.76316  2.92168  0  0
6.76316  2.9531  0  0
6.76316  2.98451  0  0
6.76316  3.01593  0  0
6.76316  3.04734  0  0
6.76316  3.07876  0  0
6.76316  3.11018  0  0
6.90132  0  0  0
6.90132  0.0314159  0  0
6.90132  0.0628319  0  0
6.90132  0.0942478  0  0
6.90132  0.125664  0  0
6.90132  0.15708  0  0
6.90132  0.188496  0  0
6.90132  0.219911  0  0
6.90132  0.251327  0  0
6.90132  0.282743  0  0
6.90132  0.314159  0  0
6.90132  0.345575  0  0
6.90132  0.376991  0  0
6.90132  0.408407  0  0
6.90132  0.439823  0  0
6.90132  0.471239  0  0
6.90132  0.502655  0  0
6.90132  0.534071  0  0
6.90132  0.565487  0  0
6.90132  0.596903  0  0
6.90132  0.628319  0  0
6.90132  0.659734  0  0
6.90132  0.69115  0  0
6.90132  0.722566  0  0
6.90132  0.753982  0  0
6.90132  0.785398  0  0
6.90132  0.816814  0  0
6.90132  0.84823  0  0
6.90132  0.879646  0  0
6.90132  0.911062  0  0
6.90132  0.942478  0  0
6.90132  0.973894  0  0
6.90132  1.00531  0  0
6.90132  1.03673  0  0
6.90132  1.06814  0  0
6.90132  1.09956  0  0
6.90132  1.13097  0  0
6.90132  1.16239  0  0
6.90132  1.19381  0  0
6.90132  1.22522  0  0
6.90132  1.25664  0  0
6.90132  1.28805  0  0
6.90132  1.31947  0  0
6.90132  1.35088  0  0
6.90132  1.3823  0  0
6.90132  1.41372  0  0
6.90132  1.44513  0  0
6.90132  1.47655  0  0
6.90132  1.50796  0  0
6.90132  1.53938  0  0
6.90132  1.5708  0  0
6.90132  1.60221  0  0
6.90132  1.63363  0  0
6.90132  1.66504  0  0
6.90132  1.69646  0  0
6.90132  1.72788  0  0
6.90132  1.75929  0  0
6.90132  1.79071  0  0
6.90132  1.82212  0  0
6.90132  1.85354  0  0
6.90132  1.88496  0  0
6.90132  1.91637  0  0
6.90132  1.94779  0  0
6.90132  1.9792  0  0
6.90132  2.01062  0  0
6.90132  2.04204  0  0
6.90132  2.07345  0  0
6.90132  2.10487  0  0
6.90132  2.13628  0  0
6.90132  2.1677  0  0
6.90132  2.19911  0  0
6.90132  2.23053  0  0
6.90132  2.26195  0  0
6.90132  2.29336  0  0
6.90132  2.32478  0  0
6.90132  2.35619  0  0
6.90132  2.38761  0  0
6.90132  2.41903  0  0
6.90132  2.45044  0  0
6.90132  2.48186  0  0
6.90132  2.51327  0  0
6.90132  2.54469  0  0
6.90132  2.57611  0  0
6.90132  2.60752  0  0
6.90132  2.63894  0  0
6.90132  2.67035  0  0
6.90132  2.70177  0  0
6.90132  2.73319  0  0
6.90132  2.7646  0  0
6.90132  2.79602  0  0
6.90132  2.82743  0  0
6.90132  2.85885  0  0
6.90132  2.89027  0  0
6.90132  2.92168  0  0
6.90132  2.9531  0  0
6.90132  2.98451  0  0
6.90132  3.01593  0  0
6.90132  3.04734  0  0
6.90132  3.07876  0  0
6.90132  3.11018  0  0
7.03947  0  0  0
7.03947  0.0314159  0  0
7.03947  0.0628319  0  0
7.03947  0.0942478  0  0
7.03947  0.125664  0  0
7.03947  0.15708  0  0
7.03947  0.188496  0  0
7.03947  0.219911  0  0
7.03947  0.251327  0  0
7.03947  0.282743  0  0
7.03947  0.314159  0  0
7.03947  0.345575  0  0
7.03947  0.376991  0  0
7.03947  0.408407  0  0
7.03947  0.439823  0  0
7.03947  0.471239  0  0
7.03947  0.502655  0  0
7.03947  0.534071  0  0
7.03947  0.565487  0  0
7.03947  0.596903  0  0
7.03947  0.628319  0  0
7.03947  0.659734  0  0
7.03947  0.69115  0  0
7.03947  0.722566  0  0
7.03947  0.753982  0  0
7.03947  0.785398  0  0
7.03947  0.816814  0  0
7.03947  0.84823  0  0
7.03947  0.879646  0  0
7.03947  0.911062  0  0
7.03947  0.942478  0  0
7.03947  0.973894  0  0
7.03947  1.00531  0  0
7.03947  1.03673  0  0
7.03947  1.06814  0  0
7.03947  1.09956  0  0
7.03947  1.13097  0  0
7.03947  1.16239  0  0
7.03947  1.19381  0  0
7.03947  1.22522  0  0
7.03947  1.25664  0  0
7.03947  1.28805  0  0
7.03947  1.31947  0  0
7.03947  1.35088  0  0
7.03947  1.3823  0  0
7.03947  1.41372  0  0
7.03947  1.44513  0  0
7.03947  1.47655  0  0
7.03947  1.50796  0  0
7.03947  1.53938  0  0
7.03947  1.5708  0  0
7.03947  1.60221  0  0
7.03947  1.63363  0  0
7.03947  1.66504  0  0
7.03947  1.69646  0  0
7.03947  1.72788  0  0
7.03947  1.75929  0  0
7.03947  1.79071  0  0
7.03947  1.82212  0  0
7.03947  1.85354  0  0
7.03947  1.88496  0  0
7.03947  1.91637  0  0
7.03947  1.94779  0  0
7.03947  1.9792  0  0
7.03947  2.01062  0  0
7.03947  2.04204  0  0
7.03947  2.07345  0  0
7.03947  2.10487  0  0
7.03947  2.13628  0  0
7.03947  2.1677  0  0
7.03947  2.19911  0  0
7.03947  2.23053  0  0
7.03947  2.26195  0  0
7.03947  2.29336  0  0
7.03947  2.32478  0  0
7.03947  2.35619  0  0
7.03947  2.38761  0  0
7.03947  2.41903  0  0
7.03947  2.45044  0  0
7.03947  2.48186  0  0
7.03947  2.51327  0  0
7.03947  2.54469  0  0
7.03947  2.57611  0  0
7.03947  2.60752  0  0
7.03947  2.63894  0  0
7.03947  2.67035  0  0
7.03947  2.70177  0  0
7.03947  2.73319  0  0
7.03947  2.7646  0  0
7.03947  2.79602  0  0
7.03947  2.82743  0  0
7.03947  2.85885  0  0
7.03947  2.89027  0  0
7.03947  2.92168  0  0
7.03947  2.9531  0  0
7.03947  2.98451  0  0
7.03947  3.01593  0  0
7.03947  3.04734  0  0
7.03947  3.07876  0  0
7.03947  3.11018  0  0
7.17763  0  0  0
7.17763  0.0314159  0  0
7.17763  0.0628319  0  0
7.17763  0.0942478  0  0
7.17763  0.125664  0  0
7.17763  0.15708  0  0
7.17763  0.188496  0  0
7.17763  0.219911  0  0
7.17763  0.251327  0  0
7.17763  0.282743  0  0
7.17763  0.314159  0  0
7.17763  0.345575  0  0
7.17763  0.376991  0  0
7.17763  0.408407  0  0
7.17763  0.439823  0  0
7.17763  0.471239  0  0
7.17763  0.502655  0  0
7.17763  0.534071  0  0
7.17763  0.565487  0  0
7.17763  0.596903  0  0
7.17763  0.628319  0  0
7.17763  0.659734  0  0
7.17763  0.69115  0  0
7.17763  0.722566  0  0
7.17763  0.753982  0  0
7.17763  0.785398  0  0
7.17763  0.816814  0  0
7.17763  0.84823  0  0
7.17763  0.879646  0  0
7.17763  0.911062  0  0
7.17763  0.942478  0  0
7.17763  0.973894  0  0
7.17763  1.00531  0  0
7.17763  1.03673  0  0
7.17763  1.06814  0  0
7.17763  1.09956  0  0
7.17763  1.13097  0  0
7.17763  1.16239  0  0
7.17763  1.19381  0  0
7.17763  1.22522  0  0
7.17763  1.25664  0  0
7.17763  1.28805  0  0
7.17763  1.31947  0  0
7.17763  1.35088  0  0
7.17763  1.3823  0  0
7.17763  1.41372  0  0
7.17763  1.44513  0  0
7.17763  1.47655  0  0
7.17763  1.50796  0  0
7.17763  1.53938  0  0
7.17763  1.5708  0  0
7.17763  1.60221  0  0
7.17763  1.63363  0  0
7.17763  1.66504  0  0
7.17763  1.69646  0  0
7.17763  1.72788  0  0
7.17763  1.75929  0  0
7.17763  1.79071  0  0
7.17763  1.82212  0  0
7.17763  1.85354  0  0
7.17763  1.88496  0  0
7.17763  1.91637  0  0
7.17763  1.94779  0  0
7.17763  1.9792  0  0
7.17763  2.01062  0  0
7.17763  2.04204  0  0
7.17763  2.07345  0  0
7.17763  2.10487  0  0
7.17763  2.13628  0  0
7.17763  2.1677  0  0
7.17763  2.19911  0  0
7.17763  2.23053  0  0
7.17763  2.26195  0  0
7.17763  2.29336  0  0
7.17763  2.32478  0  0
7.17763  2.35619  0  0
7.17763  2.38761  0  0
7.17763  2.41903  0  0
7.17763  2.45044  0  0
7.17763  2.48186  0  0
7.17763  2.51327  0  0
7.17763  2.54469  0  0
7.17763  2.57611  0  0
7.17763  2.60752  0  0
7.17763  2.63894  0  0
7.17763  2.67035  0  0
7.17763  2.70177  0  0
7.17763  2.73319  0  0
7.17763  2.7646  0  0
7.17763  2.79602  0  0
7.17763  2.82743  0  0
7.17763  2.85885  0  0
7.17763  2.89027  0  0
7.17763  2.92168  0  0
7.17763  2.9531  0  0
7.17763  2.98451  0  0
7.17763  3.01593  0  0
7.17763  3.04734  0  0
7.17763  3.07876  0  0
7.17763  3.11018  0  0
7.31579  0  0  0
7.31579  0.0314159  0  0
7.31579  0.0628319  0  0
7.31579  0.0942478  0  0
7.31579  0.125664  0  0
7.31579  0.15708  0  0
7.31579  0.188496  0  0
7.31579  0.219911  0  0
7.31579  0.251327  0  0
7.31579  0.282743  0  0
7.31579  0.314159  0  0
7.31579  0.345575  0  0
7.31579  0.376991  0  0
7.31579  0.408407  0  0
7.31579  0.439823  0  0
7.31579  0.471239  0  0
7.31579  0.502655  0  0
7.31579  0.534071  0  0
7.31579  0.565487  0  0
7.31579  0.596903  0  0
7.31579  0.628319  0  0
7.31579  0.659734  0  0
7.31579  0.69115  0  0
7.31579  0.722566  0  0
7.31579  0.753982  0  0
7.31579  0.785398  0  0
7.31579  0.816814  0  0
7.31579  0.84823  0  0
7.31579  0.879646  0  0
7.31579  0.911062  0  0
7.31579  0.942478  0  0
7.31579  0.973894  0  0
7.31579  1.00531  0  0
7.31579  1.03673  0  0
7.31579  1.06814  0  0
7.31579  1.09956  0  0
7.31579  1.13097  0  0
7.31579  1.16239  0  0
7.31579  1.19381  0  0
7.31579  1.22522  0  0
7.31579  1.25664  0  0
7.31579  1.28805  0  0
7.31579  1.31947  0  0
7.31579  1.35088  0  0
7.31579  1.3823  0  0
7.31579  1.41372  0  0
7.31579  1.44513  0  0
7.31579  1.47655  0  0
7.31579  1.50796  0  0
7.31579  1.53938  0  0
7.31579  1.5708  0  0
7.31579  1.60221  0  0
7.31579  1.63363  0  0
7.31579  1.66504  0  0
7.31579  1.69646  0  0
7.31579  1.72788  0  0
7.31579  1.75929  0  0
7.31579  1.79071  0  0
7.31579  1.82212  0  0
7.31579  1.85354  0  0
7.31579  1.88496  0  0
7.31579  1.91637  0  0
7.31579  1.94779  0  0
7.31579  1.9792  0  0
7.31579  2.01062  0  0
7.31579  2.04204  0  0
7.31579  2.07345  0  0
7.31579  2.10487  0  0
7.31579  2.13628  0  0
7.31579  2.1677  0  0
7.31579  2.19911  0  0
7.31579  2.23053  0  0
7.31579  2.26195  0  0
7.31579  2.29336  0  0
7.31579  2.32478  0  0
7.31579  2.35619  0  0
7.31579  2.38761  0  0
7.31579  2.41903  0  0
7.31579  2.45044  0  0
7.31579  2.48186  0  0
7.31579  2.51327  0  0
7.31579  2.54469  0  0
7.31579  2.57611  0  0
7.31579  2.60752  0  0
7.31579  2.63894  0  0
7.31579  2.67035  0  0
7.31579  2.70177  0  0
7.31579  2.73319  0  0
7.31579  2.7646  0  0
7.31579  2.79602  0  0
7.31579  2.82743  0  0
7.31579  2.85885  0  0
7.31579  2.89027  0  0
7.31579  2.92168  0  0
7.31579  2.9531  0  0
7.31579  2.98451  0  0
7.31579  3.01593  0  0
7.31579  3.04734  0  0
7.31579  3.07876  0  0
7.31579  3.11018  0  0
7.45395  0  0  0
7.45395  0.0314159  0  0
7.45395  0.0628319  0  0
7.45395  0.0942478  0  0
7.45395  0.125664  0  0
7.45395  0.15708  0  0
7.45395  0.188496  0  0
7.45395  0.219911  0  0
7.45395  0.251327  0  0
7.45395  0.282743  0  0
7.45395  0.314159  0  0
7.45395  0.345575  0  0
7.45395  0.376991  0  0
7.45395  0.408407  0  0
7.45395  0.439823  0  0
7.45395  0.471239  0  0
7.45395  0.502655  0  0
7.45395  0.534071  0  0
7.45395  0.565487  0  0
7.45395  0.596903  0  0
7.45395  0.628319  0  0
7.45395  0.659734  0  0
7.45395  0.69115  0  0
7.45395  0.722566  0  0
7.45395  0.753982  0  0
7.45395  0.785398  0  0
7.45395  0.816814  0  0
7.45395  0.84823  0  0
7.45395  0.879646  0  0
7.45395  0.911062  0  0
7.45395  0.942478  0  0
7.45395  0.973894  0  0
7.45395  1.00531  0  0
7.45395  1.03673  0  0
7.45395  1.06814  0  0
7.45395  1.09956  0  0
7.45395  1.13097  0  0
7.45395  1.16239  0  0
7.45395  1.19381  0  0
7.45395  1.22522  0  0
7.45395  1.25664  0  0
7.45395  1.28805  0  0
7.45395  1.31947  0  0
7.45395  1.35088  0  0
7.45395  1.3823  0  0
7.45395  1.41372  0  0
7.45395  1.44513  0  0
7.45395  1.47655  0  0
7.45395  1.50796  0  0
7.45395  1.53938  0  0
7.45395  1.5708  0  0
7.45395  1.60221  0  0
7.45395  1.63363  0  0
7.45395  1.66504  0  0
7.45395  1.69646  0  0
7.45395  1.72788  0  0
7.45395  1.75929  0  0
7.45395  1.79071  0  0
7.45395  1.82212  0  0
7.45395  1.85354  0  0
7.45395  1.88496  0  0
7.45395  1.91637  0  0
7.45395  1.94779  0  0
7.45395  1.9792  0  0
7.45395  2.01062  0  0
7.45395  2.04204  0  0
7.45395  2.07345  0  0
7.45395  2.10487  0  0
7.45395  2.13628  0  0
7.45395  2.1677  0  0
7.45395  2.19911  0  0
7.45395  2.23053  0  0
7.45395  2.26195  0  0
7.45395  2.29336  0  0
7.45395  2.32478  0  0
7.45395  2.35619  0  0
7.45395  2.38761  0  0
7.45395  2.41903  0  0
7.45395  2.45044  0  0
7.45395  2.48186  0  0
7.45395  2.51327  0  0
7.45395  2.54469  0  0
7.45395  2.57611  0  0
7.45395  2.60752  0  0
7.45395  2.63894  0  0
7.45395  2.67035  0  0
7.45395  2.70177  0  0
7.45395  2.73319  0  0
7.45395  2.7646  0  0
7.45395  2.79602  0  0
7.45395  2.82743  0  0
7.45395  2.85885  0  0
7.45395  2.89027  0  0
7.45395  2.92168  0  0
7.45395  2.9531  0  0
7.45395  2.98451  0  0
7.45395  3.01593  0  0
7.45395  3.04734  0  0
7.45395  3.07876  0  0
7.45395  3.11018  0  0
7.59211  0  0  0
7.59211  0.0314159  0  0
7.59211  0.0628319  0  0
7.59211  0.0942478  0  0
7.59211  0.125664  0  0
7.59211  0.15708  0  0
7.59211  0.188496  0  0
7.59211  0.219911  0  0
7.59211  0.251327  0  0
7.59211  0.282743  0  0
7.59211  0.314159  0  0
7.59211  0.345575  0  0
7.59211  0.376991  0  0
7.59211  0.408407  0  0
7.59211  0.439823  0  0
7.59211  0.471239  0  0
7.59211  0.502655  0  0
7.59211  0.534071  0  0
7.59211  0.565487  0  0
7.59211  0.596903  0  0
7.59211  0.628319  0  0
7.59211  0.659734  0  0
7.59211  0.69115  0  0
7.59211  0.722566  0  0
7.59211  0.753982  0  0
7.59211  0.785398  0  0
7.59211  0.816814  0  0
7.59211  0.84823  0  0
7.59211  0.879646  0  0
7.59211  0.911062  0  0
7.59211  0.942478  0  0
7.59211  0.973894  0  0
7.59211  1.00531  0  0
7.59211  1.03673  0  0
7.59211  1.06814  0  0
7.59211  1.09956  0  0
7.59211  1.13097  0  0
7.59211  1.16239  0  0
7.59211  1.19381  0  0
7.59211  1.22522  0  0
7.59211  1.25664  0  0
7.59211  1.28805  0  0
7.59211  1.31947  0  0
7.59211  1.35088  0  0
7.59211  1.3823  0  0
7.59211  1.41372  0  0
7.59211  1.44513  0  0
7.59211  1.47655  0  0
7.59211  1.50796  0  0
7.59211  1.53938  0  0
7.59211  1.5708  0  0
7.59211  1.60221  0  0
7.59211  1.63363  0  0
7.59211  1.66504  0  0
7.59211  1.69646  0  0
7.59211  1.72788  0  0
7.59211  1.75929  0  0
7.59211  1.79071  0  0
7.59211  1.82212  0  0
7.59211  1.85354  0  0
7.59211  1.88496  0  0
7.59211  1.91637  0  0
7.59211  1.94779  0  0
7.59211  1.9792  0  0
7.59211  2.01062  0  0
7.59211  2.04204  0  0
7.59211  2.07345  0  0
7.59211  2.10487  0  0
7.59211  2.13628  0  0
7.59211  2.1677  0  0
7.59211  2.19911  0  0
7.59211  2.23053  0  0
7.59211  2.26195  0  0
7.59211  2.29336  0  0
7.59211  2.32478  0  0
7.59211  2.35619  0  0
7.59211  2.38761  0  0
7.59211  2.41903  0  0
7.59211  2.45044  0  0
7.59211  2.48186  0  0
7.59211  2.51327  0  0
7.59211  2.54469  0  0
7.59211  2.57611  0  0
7.59211  2.60752  0  0
7.59211  2.63894  0  0
7.59211  2.67035  0  0
7.59211  2.70177  0  0
7.59211  2.73319  0  0
7.59211  2.7646  0  0
7.59211  2.79602  0  0
7.59211  2.82743  0  0
7.59211  2.85885  0  0
7.59211  2.89027  0  0
7.59211  2.92168  0  0
7.59211  2.9531  0  0
7.59211  2.98451  0  0
7.59211  3.01593  0  0
7.59211  3.04734  0  0
7.59211  3.07876  0  0
7.59211  3.11018  0  0
7.73026  0  0  0
7.73026  0.0314159  0  0
7.73026  0.0628319  0  0
7.73026  0.0942478  0  0
7.73026  0.125664  0  0
7.73026  0.15708  0  0
7.73026  0.188496  0  0
7.73026  0.219911  0  0
7.73026  0.251327  0  0
7.73026  0.282743  0  0
7.73026  0.314159  0  0
7.73026  0.345575  0  0
7.73026  0.376991  0  0
7.73026  0.408407  0  0
7.73026  0.439823  0  0
7.73026  0.471239  0  0
7.73026  0.502655  0  0
7.73026  0.534071  0  0
7.73026  0.565487  0  0
7.73026  0.596903  0  0
7.73026  0.628319  0  0
7.73026  0.659734  0  0
7.73026  0.69115  0  0
7.73026  0.722566  0  0
7.73026  0.753982  0  0
7.73026  0.785398  0  0
7.73026  0.816814  0  0
7.73026  0.84823  0  0
7.73026  0.879646  0  0
7.73026  0.911062  0  0
7.73026  0.942478  0  0
7.73026  0.973894  0  0
7.73026  1.00531  0  0
7.73026  1.03673  0  0
7.73026  1.06814  0  0
7.73026  1.09956  0  0
7.73026  1.13097  0  0
7.73026  1.16239  0  0
7.73026  1.19381  0  0
7.73026  1.22522  0  0
7.73026  1.25664  0  0
7.73026  1.28805  0  0
7.73026  1.31947  0  0
7.73026  1.35088  0  0
7.73026  1.3823  0  0
7.73026  1.41372  0  0
7.73026  1.44513  0  0
7.73026  1.47655  0  0
7.73026  1.50796  0  0
7.73026  1.53938  0  0
7.73026  1.5708  0  0
7.73026  1.60221  0  0
7.73026  1.63363  0  0
7.73026  1.66504  0  0
7.73026  1.69646  0  0
7.73026  1.72788  0  0
7.73026  1.75929  0  0
7.73026  1.79071  0  0
7.73026  1.82212  0  0
7.73026  1.85354  0  0
7.73026  1.88496  0  0
7.73026  1.91637  0  0
7.73026  1.94779  0  0
7.73026  1.9792  0  0
7.73026  2.01062  0  0
7.73026  2.04204  0  0
7.73026  2.07345  0  0
7.73026  2.10487  0  0
7.73026  2.13628  0  0
7.73026  2.1677  0  0
7.73026  2.19911  0  0
7.73026  2.23053  0  0
7.73026  2.26195  0  0
7.73026  2.29336  0  0
7.73026  2.32478  0  0
7.73026  2.35619  0  0
7.73026  2.38761  0  0
7.73026  2.41903  0  0
7.73026  2.45044  0  0
7.73026  2.48186  0  0
7.73026  2.51327  0  0
7.73026  2.54469  0  0
7.73026  2.57611  0  0
7.73026  2.60752  0  0
7.73026  2.63894  0  0
7.73026  2.67035  0  0
7.73026  2.70177  0  0
7.73026  2.73319  0  0
7.73026  2.7646  0  0
7.73026  2.79602  0  0
7.73026  2.82743  0  0
7.73026  2.85885  0  0
7.73026  2.89027  0  0
7.73026  2.92168  0  0
7.73026  2.9531  0  0
7.73026  2.98451  0  0
7.73026  3.01593  0  0
7.73026  3.04734  0  0
7.73026  3.07876  0  0
7.73026  3.11018  0  0
7.86842  0  0  0
7.86842  0.0314159  0  0
7.86842  0.0628319  0  0
7.86842  0.0942478  0  0
7.86842  0.125664  0  0
7.86842  0.15708  0  0
7.86842  0.188496  0  0
7.86842  0.219911  0  0
7.86842  0.251327  0  0
7.86842  0.282743  0  0
7.86842  0.314159  0  0
7.86842  0.345575  0  0
7.86842  0.376991  0  0
7.86842  0.408407  0  0
7.86842  0.439823  0  0
7.86842  0.471239  0  0
7.86842  0.502655  0  0
7.86842  0.534071  0  0
7.86842  0.565487  0  0
7.86842  0.596903  0  0
7.86842  0.628319  0  0
7.86842  0.659734  0  0
7.86842  0.69115  0  0
7.86842  0.722566  0  0
7.86842  0.753982  0  0
7.86842  0.785398  0  0
7.86842  0.816814  0  0
7.86842  0.84823  0  0
7.86842  0.879646  0  0
7.86842  0.911062  0  0
7.86842  0.942478  0  0
7.86842  0.973894  0  0
7.86842  1.00531  0  0
7.86842  1.03673  0  0
7.86842  1.06814  0  0
7.86842  1.09956  0  0
7.86842  1.13097  0  0
7.86842  1.16239  0  0
7.86842  1.19381  0  0
7.86842  1.22522  0  0
7.86842  1.25664  0  0
7.86842  1.28805  0  0
7.86842  1.31947  0  0
7.86842  1.35088  0  0
7.86842  1.3823  0  0
7.86842  1.41372  0  0
7.86842  1.44513  0  0
7.86842  1.47655  0  0
7.86842  1.50796  0  0
7.86842  1.53938  0  0
7.86842  1.5708  0  0
7.86842  1.60221  0  0
7.86842  1.63363  0  0
7.86842  1.66504  0  0
7.86842  1.69646  0  0
7.86842  1.72788  0  0
7.86842  1.75929  0  0
7.86842  1.79071  0  0
7.86842  1.82212  0  0
7.86842  1.85354  0  0
7.86842  1.88496  0  0
7.86842  1.91637  0  0
7.86842  1.94779  0  0
7.86842  1.9792  0  0
7.86842  2.01062  0  0
7.86842  2.04204  0  0
7.86842  2.07345  0  0
7.86842  2.10487  0  0
7.86842  2.13628  0  0
7.86842  2.1677  0  0
7.86842  2.19911  0  0
7.86842  2.23053  0  0
7.86842  2.26195  0  0
7.86842  2.29336  0  0
7.86842  2.32478  0  0
7.86842  2.35619  0  0
7.86842  2.38761  0  0
7.86842  2.41903  0  0
7.86842  2.45044  0  0
7.86842  2.48186  0  0
7.86842  2.51327  0  0
7.86842  2.54469  0  0
7.86842  2.57611  0  0
7.86842  2.60752  0  0
7.86842  2.63894  0  0
7.86842  2.67035  0  0
7.86842  2.70177  0  0
7.86842  2.73319  0  0
7.86842  2.7646  0  0
7.86842  2.79602  0  0
7.86842  2.82743  0  0
7.86842  2.85885  0  0
7.86842  2.89027  0  0
7.86842  2.92168  0  0
7.86842  2.9531  0  0
7.86842  2.98451  0  0
7.86842  3.01593  0  0
7.86842  3.04734  0  0
7.86842  3.07876  0  0
7.86842  3.11018  0  0
8.00658  0  0  0
8.00658  0.0314159  0  0
8.00658  0.0628319  0  0
8.00658  0.0942478  0  0
8.00658  0.125664  0  0
8.00658  0.15708  0  0
8.00658  0.188496  0  0
8.00658  0.219911  0  0
8.00658  0.251327  0  0
8.00658  0.282743  0  0
8.00658  0.314159  0  0
8.00658  0.345575  0  0
8.00658  0.376991  0  0
8.00658  0.408407  0  0
8.00658  0.439823  0  0
8.00658  0.471239  0  0
8.00658  0.502655  0  0
8.00658  0.534071  0  0
8.00658  0.565487  0  0
8.00658  0.596903  0  0
8.00658  0.628319  0  0
8.00658  0.659734  0  0
8.00658  0.69115  0  0
8.00658  0.722566  0  0
8.00658  0.753982  0  0
8.00658  0.785398  0  0
8.00658  0.816814  0  0
8.00658  0.84823  0  0
8.00658  0.879646  0  0
8.00658  0.911062  0  0
8.00658  0.942478  0  0
8.00658  0.973894  0  0
8.00658  1.00531  0  0
8.00658  1.03673  0  0
8.00658  1.06814  0  0
8.00658  1.09956  0  0
8.00658  1.13097  0  0
8.00658  1.16239  0  0
8.00658  1.19381  0  0
8.00658  1.22522  0  0
8.00658  1.25664  0  0
8.00658  1.28805  0  0
8.00658  1.31947  0  0
8.00658  1.35088  0  0
8.00658  1.3823  0  0
8.00658  1.41372  0  0
8.00658  1.44513  0  0
8.00658  1.47655  0  0
8.00658  1.50796  0  0
8.00658  1.53938  0  0
8.00658  1.5708  0  0
8.00658  1.60221  0  0
8.00658  1.63363  0  0
8.00658  1.66504  0  0
8.00658  1.69646  0  0
8.00658  1.72788  0  0
8.00658  1.75929  0  0
8.00658  1.79071  0  0
8.00658  1.82212  0  0
8.00658  1.85354  0  0
8.00658  1.88496  0  0
8.00658  1.91637  0  0
8.00658  1.94779  0  0
8.00658  1.9792  0  0
8.00658  2.01062  0  0
8.00658  2.04204  0  0
8.00658  2.07345  0  0
8.00658  2.10487  0  0
8.00658  2.13628  0  0
8.00658  2.1677  0  0
8.00658  2.19911  0  0
8.00658  2.23053  0  0
8.00658  2.26195  0  0
8.00658  2.29336  0  0
8.00658  2.32478  0  0
8.00658  2.35619  0  0
8.00658  2.38761  0  0
8.00658  2.41903  0  0
8.00658  2.45044  0  0
8.00658  2.48186  0  0
8.00658  2.51327  0  0
8.00658  2.54469  0  0
8.00658  2.57611  0  0
8.00658  2.60752  0  0
8.00658  2.63894  0  0
8.00658  2.67035  0  0
8.00658  2.70177  0  0
8.00658  2.73319  0  0
8.00658  2.7646  0  0
8.00658  2.79602  0  0
8.00658  2.82743  0  0
8.00658  2.85885  0  0
8.00658  2.89027  0  0
8.00658  2.92168  0  0
8.00658  2.9531  0  0
8.00658  2.98451  0  0
8.00658  3.01593  0  0
8.00658  3.04734  0  0
8.00658  3.07876  0  0
8.00658  3.11018  0  0
8.14474  0  0  0
8.14474  0.0314159  0  0
8.14474  0.0628319  0  0
8.14474  0.0942478  0  0
8.14474  0.125664  0  0
8.14474  0.15708  0  0
8.14474  0.188496  0  0
8.14474  0.219911  0  0
8.14474  0.251327  0  0
8.14474  0.282743  0  0
8.14474  0.314159  0  0
8.14474  0.345575  0  0
8.14474  0.376991  0  0
8.14474  0.408407  0  0
8.14474  0.439823  0  0
8.14474  0.471239  0  0
8.14474  0.502655  0  0
8.14474  0.534071  0  0
8.14474  0.565487  0  0
8.14474  0.596903  0  0
8.14474  0.628319  0  0
8.14474  0.659734  0  0
8.14474  0.69115  0  0
8.14474  0.722566  0  0
8.14474  0.753982  0  0
8.14474  0.785398  0  0
8.14474  0.816814  0  0
8.14474  0.84823  0  0
8.14474  0.879646  0  0
8.14474  0.911062  0  0
8.14474  0.942478  0  0
8.14474  0.973894  0  0
8.14474  1.00531  0  0
8.14474  1.03673  0  0
8.14474  1.06814  0  0
8.14474  1.09956  0  0
8.14474  1.13097  0  0
8.14474  1.16239  0  0
8.14474  1.19381  0  0
8.14474  1.22522  0  0
8.14474  1.25664  0  0
8.14474  1.28805  0  0
8.14474  1.31947  0  0
8.14474  1.35088  0  0
8.14474  1.3823  0  0
8.14474  1.41372  0  0
8.14474  1.44513  0  0
8.14474  1.47655  0  0
8.14474  1.50796  0  0
8.14474  1.53938  0  0
8.14474  1.5708  0  0
8.14474  1.60221  0  0
8.14474  1.63363  0  0
8.14474  1.66504  0  0
8.14474  1.69646  0  0
8.14474  1.72788  0  0
8.14474  1.75929  0  0
8.14474  1.79071  0  0
8.14474  1.82212  0  0
8.14474  1.85354  0  0
8.14474  1.88496  0  0
8.14474  1.91637  0  0
8.14474  1.94779  0  0
8.14474  1.9792  0  0
8.14474  2.01062  0  0
8.14474  2.04204  0  0
8.14474  2.07345  0  0
8.14474  2.10487  0  0
8.14474  2.13628  0  0
8.14474  2.1677  0  0
8.14474  2.19911  0  0
8.14474  2.23053  0  0
8.14474  2.26195  0  0
8.14474  2.29336  0  0
8.14474  2.32478  0  0
8.14474  2.35619  0  0
8.14474  2.38761  0  0
8.14474  2.41903  0  0
8.14474  2.45044  0  0
8.14474  2.48186  0  0
8.14474  2.51327  0  0
8.14474  2.54469  0  0
8.14474  2.57611  0  0
8.14474  2.60752  0  0
8.14474  2.63894  0  0
8.14474  2.67035  0  0
8.14474  2.70177  0  0
8.14474  2.73319  0  0
8.14474  2.7646  0  0
8.14474  2.79602  0  0
8.14474  2.82743  0  0
8.14474  2.85885  0  0
8.14474  2.89027  0  0
8.14474  2.92168  0  0
8.14474  2.9531  0  0
8.14474  2.98451  0  0
8.14474  3.01593  0  0
8.14474  3.04734  0  0
8.14474  3.07876  0  0
8.14474  3.11018  0  0
8.28289  0  0  0
8.28289  0.0314159  0  0
8.28289  0.0628319  0  0
8.28289  0.0942478  0  0
8.28289  0.125664  0  0
8.28289  0.15708  0  0
8.28289  0.188496  0  0
8.28289  0.219911  0  0
8.28289  0.251327  0  0
8.28289  0.282743  0  0
8.28289  0.314159  0  0
8.28289  0.345575  0  0
8.28289  0.376991  0  0
8.28289  0.408407  0  0
8.28289  0.439823  0  0
8.28289  0.471239  0  0
8.28289  0.502655  0  0
8.28289  0.534071  0  0
8.28289  0.565487  0  0
8.28289  0.596903  0  0
8.28289  0.628319  0  0
8.28289  0.659734  0  0
8.28289  0.69115  0  0
8.28289  0.722566  0  0
8.28289  0.753982  0  0
8.28289  0.785398  0  0
8.28289  0.816814  0  0
8.28289  0.84823  0  0
8.28289  0.879646  0  0
8.28289  0.911062  0  0
8.28289  0.942478  0  0
8.28289  0.973894  0  0
8.28289  1.00531  0  0
8.28289  1.03673  0  0
8.28289  1.06814  0  0
8.28289  1.09956  0  0
8.28289  1.13097  0  0
8.28289  1.16239  0  0
8.28289  1.19381  0  0
8.28289  1.22522  0  0
8.28289  1.25664  0  0
8.28289  1.28805  0  0
8.28289  1.31947  0  0
8.28289  1.35088  0  0
8.28289  1.3823  0  0
8.28289  1.41372  0  0
8.28289  1.44513  0  0
8.28289  1.47655  0  0
8.28289  1.50796  0  0
8.28289  1.53938  0  0
8.28289  1.5708  0  0
8.28289  1.60221  0  0
8.28289  1.63363  0  0
8.28289  1.66504  0  0
8.28289  1.69646  0  0
8.28289  1.72788  0  0
8.28289  1.75929  0  0
8.28289  1.79071  0  0
8.28289  1.82212  0  0
8.28289  1.85354  0  0
8.28289  1.88496  0  0
8.28289  1.91637  0  0
8.28289  1.94779  0  0
8.28289  1.9792  0  0
8.28289  2.01062  0  0
8.28289  2.04204  0  0
8.28289  2.07345  0  0
8.28289  2.10487  0  0
8.28289  2.13628  0  0
8.28289  2.1677  0  0
8.28289  2.19911  0  0
8.28289  2.23053  0  0
8.28289  2.26195  0  0
8.28289  2.29336  0  0
8.28289  2.32478  0  0
8.28289  2.35619  0  0
8.28289  2.38761  0  0
8.28289  2.41903  0  0
8.28289  2.45044  0  0
8.28289  2.48186  0  0
8.28289  2.51327  0  0
8.28289  2.54469  0  0
8.28289  2.57611  0  0
8.28289  2.60752  0  0
8.28289  2.63894  0  0
8.28289  2.67035  0  0
8.28289  2.70177  0  0
8.28289  2.73319  0  0
8.28289  2.7646  0  0
8.28289  2.79602  0  0
8.28289  2.82743  0  0
8.28289  2.85885  0  0
8.28289  2.89027  0  0
8.28289  2.92168  0  0
8.28289  2.9531  0  0
8.28289  2.98451  0  0
8.28289  3.01593  0  0
8.28289  3.04734  0  0
8.28289  3.07876  0  0
8.28289  3.11018  0  0
8.42105  0  0  0
8.42105  0.0314159  0  0
8.42105  0.0628319  0  0
8.42105  0.0942478  0  0
8.42105  0.125664  0  0
8.42105  0.15708  0  0
8.42105  0.188496  0  0
8.42105  0.219911  0  0
8.42105  0.251327  0  0
8.42105  0.282743  0  0
8.42105  0.314159  0  0
8.42105  0.345575  0  0
8.42105  0.376991  0  0
8.42105  0.408407  0  0
8.42105  0.439823  0  0
8.42105  0.471239  0  0
8.42105  0.502655  0  0
8.42105  0.534071  0  0
8.42105  0.565487  0  0
8.42105  0.596903  0  0
8.42105  0.628319  0  0
8.42105  0.659734  0  0
8.42105  0.69115  0  0
8.42105  0.722566  0  0
8.42105  0.753982  0  0
8.42105  0.785398  0  0
8.42105  0.816814  0  0
8.42105  0.84823  0  0
8.42105  0.879646  0  0
8.42105  0.911062  0  0
8.42105  0.942478  0  0
8.42105  0.973894  0  0
8.42105  1.00531  0  0
8.42105  1.03673  0  0
8.42105  1.06814  0  0
8.42105  1.09956  0  0
8.42105  1.13097  0  0
8.42105  1.16239  0  0
8.42105  1.19381  0  0
8.42105  1.22522  0  0
8.42105  1.25664  0  0
8.42105  1.28805  0  0
8.42105  1.31947  0  0
8.42105  1.35088  0  0
8.42105  1.3823  0  0
8.42105  1.41372  0  0
8.42105  1.44513  0  0
8.42105  1.47655  0  0
8.42105  1.50796  0  0
8.42105  1.53938  0  0
8.42105  1.5708  0  0
8.42105  1.60221  0  0
8.42105  1.63363  0  0
8.42105  1.66504  0  0
8.42105  1.69646  0  0
8.42105  1.72788  0  0
8.42105  1.75929  0  0
8.42105  1.79071  0  0
8.42105  1.82212  0  0
8.42105  1.85354  0  0
8.42105  1.88496  0  0
8.42105  1.91637  0  0
8.42105  1.94779  0  0
8.42105  1.9792  0  0
8.42105  2.01062  0  0
8.42105  2.04204  0  0
8.42105  2.07345  0  0
8.42105  2.10487  0  0
8.42105  2.13628  0  0
8.42105  2.1677  0  0
8.42105  2.19911  0  0
8.42105  2.23053  0  0
8.42105  2.26195  0  0
8.42105  2.29336  0  0
8.42105  2.32478  0  0
8.42105  2.35619  0  0
8.42105  2.38761  0  0
8.42105  2.41903  0  0
8.42105  2.45044  0  0
8.42105  2.48186  0  0
8.42105  2.51327  0  0
8.42105  2.54469  0  0
8.42105  2.57611  0  0
8.42105  2.60752  0  0
8.42105  2.63894  0  0
8.42105  2.67035  0  0
8.42105  2.70177  0  0
8.42105  2.73319  0  0
8.42105  2.7646  0  0
8.42105  2.79602  0  0
8.42105  2.82743  0  0
8.42105  2.85885  0  0
8.42105  2.89027  0  0
8.42105  2.92168  0  0
8.42105  2.9531  0  0
8.42105  2.98451  0  0
8.42105  3.01593  0  0
8.42105  3.04734  0  0
8.42105  3.07876  0  0
8.42105  3.11018  0  0
8.55921  0  0  0
8.55921  0.0314159  0  0
8.55921  0.0628319  0  0
8.55921  0.0942478  0  0
8.55921  0.125664  0  0
8.55921  0.15708  0  0
8.55921  0.188496  0  0
8.55921  0.219911  0  0
8.55921  0.251327  0  0
8.55921  0.282743  0  0
8.55921  0.314159  0  0
8.55921  0.345575  0  0
8.55921  0.376991  0  0
8.55921  0.408407  0  0
8.55921  0.439823  0  0
8.55921  0.471239  0  0
8.55921  0.502655  0  0
8.55921  0.534071  0  0
8.55921  0.565487  0  0
8.55921  0.596903  0  0
8.55921  0.628319  0  0
8.55921  0.659734  0  0
8.55921  0.69115  0  0
8.55921  0.722566  0  0
8.55921  0.753982  0  0
8.55921  0.785398  0  0
8.55921  0.816814  0  0
8.55921  0.84823  0  0
8.55921  0.879646  0  0
8.55921  0.911062  0  0
8.55921  0.942478  0  0
8.55921  0.973894  0  0
8.55921  1.00531  0  0
8.55921  1.03673  0  0
8.55921  1.06814  0  0
8.55921  1.09956  0  0
8.55921  1.13097  0  0
8.55921  1.16239  0  0
8.55921  1.19381  0  0
8.55921  1.22522  0  0
8.55921  1.25664  0  0
8.55921  1.28805  0  0
8.55921  1.31947  0  0
8.55921  1.35088  0  0
8.55921  1.3823  0  0
8.55921  1.41372  0  0
8.55921  1.44513  0  0
8.55921  1.47655  0  0
8.55921  1.50796  0  0
8.55921  1.53938  0  0
8.55921  1.5708  0  0
8.55921  1.60221  0  0
8.55921  1.63363  0  0
8.55921  1.66504  0  0
8.55921  1.69646  0  0
8.55921  1.72788  0  0
8.55921  1.75929  0  0
8.55921  1.79071  0  0
8.55921  1.82212  0  0
8.55921  1.85354  0  0
8.55921  1.88496  0  0
8.55921  1.91637  0  0
8.55921  1.94779  0  0
8.55921  1.9792  0  0
8.55921  2.01062  0  0
8.55921  2.04204  0  0
8.55921  2.07345  0  0
8.55921  2.10487  0  0
8.55921  2.13628  0  0
8.55921  2.1677  0  0
8.55921  2.19911  0  0
8.55921  2.23053  0  0
8.55921  2.26195  0  0
8.55921  2.29336  0  0
8.55921  2.32478  0  0
8.55921  2.35619  0  0
8.55921  2.38761  0  0
8.55921  2.41903  0  0
8.55921  2.45044  0  0
8.55921  2.48186  0  0
8.55921  2.51327  0  0
8.55921  2.54469  0  0
8.55921  2.57611  0  0
8.55921  2.60752  0  0
8.55921  2.63894  0  0
8.55921  2.67035  0  0
8.55921  2.70177  0  0
8.55921  2.73319  0  0
8.55921  2.7646  0  0
8.55921  2.79602  0  0
8.55921  2.82743  0  0
8.55921  2.85885  0  0
8.55921  2.89027  0  0
8.55921  2.92168  0  0
8.55921  2.9531  0  0
8.55921  2.98451  0  0
8.55921  3.01593  0  0
8.55921  3.04734  0  0
8.55921  3.07876  0  0
8.55921  3.11018  0  0
8.69737  0  0  0
8.69737  0.0314159  0  0
8.69737  0.0628319  0  0
8.69737  0.0942478  0  0
8.69737  0.125664  0  0
8.69737  0.15708  0  0
8.69737  0.188496  0  0
8.69737  0.219911  0  0
8.69737  0.251327  0  0
8.69737  0.282743  0  0
8.69737  0.314159  0  0
8.69737  0.345575  0  0
8.69737  0.376991  0  0
8.69737  0.408407  0  0
8.69737  0.439823  0  0
8.69737  0.471239  0  0
8.69737  0.502655  0  0
8.69737  0.534071  0  0
8.69737  0.565487  0  0
8.69737  0.596903  0  0
8.69737  0.628319  0  0
8.69737  0.659734  0  0
8.69737  0.69115  0  0
8.69737  0.722566  0  0
8.69737  0.753982  0  0
8.69737  0.785398  0  0
8.69737  0.816814  0  0
8.69737  0.84823  0  0
8.69737  0.879646  0  0
8.69737  0.911062  0  0
8.69737  0.942478  0  0
8.69737  0.973894  0  0
8.69737  1.00531  0  0
8.69737  1.03673  0  0
8.69737  1.06814  0  0
8.69737  1.09956  0  0
8.69737  1.13097  0  0
8.69737  1.16239  0  0
8.69737  1.19381  0  0
8.69737  1.22522  0  0
8.69737  1.25664  0  0
8.69737  1.28805  0  0
8.69737  1.31947  0  0
8.69737  1.35088  0  0
8.69737  1.3823  0  0
8.69737  1.41372  0  0
8.69737  1.44513  0  0
8.69737  1.47655  0  0
8.69737  1.50796  0  0
8.69737  1.53938  0  0
8.69737  1.5708  0  0
8.69737  1.60221  0  0
8.69737  1.63363  0  0
8.69737  1.66504  0  0
8.69737  1.69646  0  0
8.69737  1.72788  0  0
8.69737  1.75929  0  0
8.69737  1.79071  0  0
8.69737  1.82212  0  0
8.69737  1.85354  0  0
8.69737  1.88496  0  0
8.69737  1.91637  0  0
8.69737  1.94779  0  0
8.69737  1.9792  0  0
8.69737  2.01062  0  0
8.69737  2.04204  0  0
8.69737  2.07345  0  0
8.69737  2.10487  0  0
8.69737  2.13628  0  0
8.69737  2.1677  0  0
8.69737  2.19911  0  0
8.69737  2.23053  0  0
8.69737  2.26195  0  0
8.69737  2.29336  0  0
8.69737  2.32478  0  0
8.69737  2.35619  0  0
8.69737  2.38761  0  0
8.69737  2.41903  0  0
8.69737  2.45044  0  0
8.69737  2.48186  0  0
8.69737  2.51327  0  0
8.69737  2.54469  0  0
8.69737  2.57611  0  0
8.69737  2.60752  0  0
8.69737  2.63894  0  0
8.69737  2.67035  0  0
8.69737  2.70177  0  0
8.69737  2.73319  0  0
8.69737  2.7646  0  0
8.69737  2.79602  0  0
8.69737  2.82743  0  0
8.69737  2.85885  0  0
8.69737  2.89027  0  0
8.69737  2.92168  0  0
8.69737  2.9531  0  0
8.69737  2.98451  0  0
8.69737  3.01593  0  0
8.69737  3.04734  0  0
8.69737  3.07876  0  0
8.69737  3.11018  0  0
8.83553  0  0  0
8.83553  0.0314159  0  0
8.83553  0.0628319  0  0
8.83553  0.0942478  0  0
8.83553  0.125664  0  0
8.83553  0.15708  0  0
8.83553  0.188496  0  0
8.83553  0.219911  0  0
8.83553  0.251327  0  0
8.83553  0.282743  0  0
8.83553  0.314159  0  0
8.83553  0.345575  0  0
8.83553  0.376991  0  0
8.83553  0.408407  0  0
8.83553  0.439823  0  0
8.83553  0.471239  0  0
8.83553  0.502655  0  0
8.83553  0.534071  0  0
8.83553  0.565487  0  0
8.83553  0.596903  0  0
8.83553  0.628319  0  0
8.83553  0.659734  0  0
8.83553  0.69115  0  0
8.83553  0.722566  0  0
8.83553  0.753982  0  0
8.83553  0.785398  0  0
8.83553  0.816814  0  0
8.83553  0.84823  0  0
8.83553  0.879646  0  0
8.83553  0.911062  0  0
8.83553  0.942478  0  0
8.83553  0.973894  0  0
8.83553  1.00531  0  0
8.83553  1.03673  0  0
8.83553  1.06814  0  0
8.83553  1.09956  0  0
8.83553  1.13097  0  0
8.83553  1.16239  0  0
8.83553  1.19381  0  0
8.83553  1.22522  0  0
8.83553  1.25664  0  0
8.83553  1.28805  0  0
8.83553  1.31947  0  0
8.83553  1.35088  0  0
8.83553  1.3823  0  0
8.83553  1.41372  0  0
8.83553  1.44513  0  0
8.83553  1.47655  0  0
8.83553  1.50796  0  0
8.83553  1.53938  0  0
8.83553  1.5708  0  0
8.83553  1.60221  0  0
8.83553  1.63363  0  0
8.83553  1.66504  0  0
8.83553  1.69646  0  0
8.83553  1.72788  0  0
8.83553  1.75929  0  0
8.83553  1.79071  0  0
8.83553  1.82212  0  0
8.83553  1.85354  0  0
8.83553  1.88496  0  0
8.83553  1.91637  0  0
8.83553  1.94779  0  0
8.83553  1.9792  0  0
8.83553  2.01062  0  0
8.83553  2.04204  0  0
8.83553  2.07345  0  0
8.83553  2.10487  0  0
8.83553  2.13628  0  0
8.83553  2.1677  0  0
8.83553  2.19911  0  0
8.83553  2.23053  0  0
8.83553  2.26195  0  0
8.83553  2.29336  0  0
8.83553  2.32478  0  0
8.83553  2.35619  0  0
8.83553  2.38761  0  0
8.83553  2.41903  0  0
8.83553  2.45044  0  0
8.83553  2.48186  0  0
8.83553  2.51327  0  0
8.83553  2.54469  0  0
8.83553  2.57611  0  0
8.83553  2.60752  0  0
8.83553  2.63894  0  0
8.83553  2.67035  0  0
8.83553  2.70177  0  0
8.83553  2.73319  0  0
8.83553  2.7646  0  0
8.83553  2.79602  0  0
8.83553  2.82743  0  0
8.83553  2.85885  0  0
8.83553  2.89027  0  0
8.83553  2.92168  0  0
8.83553  2.9531  0  0
8.83553  2.98451  0  0
8.83553  3.01593  0  0
8.83553  3.04734  0  0
8.83553  3.07876  0  0
8.83553  3.11018  0  0
8.97368  0  0  0
8.97368  0.0314159  0  0
8.97368  0.0628319  0  0
8.97368  0.0942478  0  0
8.97368  0.125664  0  0
8.97368  0.15708  0  0
8.97368  0.188496  0  0
8.97368  0.219911  0  0
8.97368  0.251327  0  0
8.97368  0.282743  0  0
8.97368  0.314159  0  0
8.97368  0.345575  0  0
8.97368  0.376991  0  0
8.97368  0.408407  0  0
8.97368  0.439823  0  0
8.97368  0.471239  0  0
8.97368  0.502655  0  0
8.97368  0.534071  0  0
8.97368  0.565487  0  0
8.97368  0.596903  0  0
8.97368  0.628319  0  0
8.97368  0.659734  0  0
8.97368  0.69115  0  0
8.97368  0.722566  0  0
8.97368  0.753982  0  0
8.97368  0.785398  0  0
8.97368  0.816814  0  0
8.97368  0.84823  0  0
8.97368  0.879646  0  0
8.97368  0.911062  0  0
8.97368  0.942478  0  0
8.97368  0.973894  0  0
8.97368  1.00531  0  0
8.97368  1.03673  0  0
8.97368  1.06814  0  0
8.97368  1.09956  0  0
8.97368  1.13097  0  0
8.97368  1.16239  0  0
8.97368  1.19381  0  0
8.97368  1.22522  0  0
8.97368  1.25664  0  0
8.97368  1.28805  0  0
8.97368  1.31947  0  0
8.97368  1.35088  0  0
8.97368  1.3823  0  0
8.97368  1.41372  0  0
8.97368  1.44513  0  0
8.97368  1.47655  0  0
8.97368  1.50796  0  0
8.97368  1.53938  0  0
8.97368  1.5708  0  0
8.97368  1.60221  0  0
8.97368  1.63363  0  0
8.97368  1.66504  0  0
8.97368  1.69646  0  0
8.97368  1.72788  0  0
8.97368  1.75929  0  0
8.97368  1.79071  0  0
8.97368  1.82212  0  0
8.97368  1.85354  0  0
8.97368  1.88496  0  0
8.97368  1.91637  0  0
8.97368  1.94779  0  0
8.97368  1.9792  0  0
8.97368  2.01062  0  0
8.97368  2.04204  0  0
8.97368  2.07345  0  0
8.97368  2.10487  0  0
8.97368  2.13628  0  0
8.97368  2.1677  0  0
8.97368  2.19911  0  0
8.97368  2.23053  0  0
8.97368  2.26195  0  0
8.97368  2.29336  0  0
8.97368  2.32478  0  0
8.97368  2.35619  0  0
8.97368  2.38761  0  0
8.97368  2.41903  0  0
8.97368  2.45044  0  0
8.97368  2.48186  0  0
8.97368  2.51327  0  0
8.97368  2.54469  0  0
8.97368  2.57611  0  0
8.97368  2.60752  0  0
8.97368  2.63894  0  0
8.97368  2.67035  0  0
8.97368  2.70177  0  0
8.97368  2.73319  0  0
8.97368  2.7646  0  0
8.97368  2.79602  0  0
8.97368  2.82743  0  0
8.97368  2.85885  0  0
8.97368  2.89027  0  0
8.97368  2.92168  0  0
8.97368  2.9531  0  0
8.97368  2.98451  0  0
8.97368  3.01593  0  0
8.97368  3.04734  0  0
8.97368  3.07876  0  0
8.97368  3.11018  0  0
9.11184  0  0  0
9.11184  0.0314159  0  0
9.11184  0.0628319  0  0
9.11184  0.0942478  0  0
9.11184  0.125664  0  0
9.11184  0.15708  0  0
9.11184  0.188496  0  0
9.11184  0.219911  0  0
9.11184  0.251327  0  0
9.11184  0.282743  0  0
9.11184  0.314159  0  0
9.11184  0.345575  0  0
9.11184  0.376991  0  0
9.11184  0.408407  0  0
9.11184  0.439823  0  0
9.11184  0.471239  0  0
9.11184  0.502655  0  0
9.11184  0.534071  0  0
9.11184  0.565487  0  0
9.11184  0.596903  0  0
9.11184  0.628319  0  0
9.11184  0.659734  0  0
9.11184  0.69115  0  0
9.11184  0.722566  0  0
9.11184  0.753982  0  0
9.11184  0.785398  0  0
9.11184  0.816814  0  0
9.11184  0.84823  0  0
9.11184  0.879646  0  0
9.11184  0.911062  0  0
9.11184  0.942478  0  0
9.11184  0.973894  0  0
9.11184  1.00531  0  0
9.11184  1.03673  0  0
9.11184  1.06814  0  0
9.11184  1.09956  0  0
9.11184  1.13097  0  0
9.11184  1.16239  0  0
9.11184  1.19381  0  0
9.11184  1.22522  0  0
9.11184  1.25664  0  0
9.11184  1.28805  0  0
9.11184  1.31947  0  0
9.11184  1.35088  0  0
9.11184  1.3823  0  0
9.11184  1.41372  0  0
9.11184  1.44513  0  0
9.11184  1.47655  0  0
9.11184  1.50796  0  0
9.11184  1.53938  0  0
9.11184  1.5708  0  0
9.11184  1.60221  0  0
9.11184  1.63363  0  0
9.11184  1.66504  0  0
9.11184  1.69646  0  0
9.11184  1.72788  0  0
9.11184  1.75929  0  0
9.11184  1.79071  0  0
9.11184  1.82212  0  0
9.11184  1.85354  0  0
9.11184  1.88496  0  0
9.11184  1.91637  0  0
9.11184  1.94779  0  0
9.11184  1.9792  0  0
9.11184  2.01062  0  0
9.11184  2.04204  0  0
9.11184  2.07345  0  0
9.11184  2.10487  0  0
9.11184  2.13628  0  0
9.11184  2.1677  0  0
9.11184  2.19911  0  0
9.11184  2.23053  0  0
9.11184  2.26195  0  0
9.11184  2.29336  0  0
9.11184  2.32478  0  0
9.11184  2.35619  0  0
9.11184  2.38761  0  0
9.11184  2.41903  0  0
9.11184  2.45044  0  0
9.11184  2.48186  0  0
9.11184  2.51327  0  0
9.11184  2.54469  0  0
9.11184  2.57611  0  0
9.11184  2.60752  0  0
9.11184  2.63894  0  0
9.11184  2.67035  0  0
9.11184  2.70177  0  0
9.11184  2.73319  0  0
9.11184  2.7646  0  0
9.11184  2.79602  0  0
9.11184  2.82743  0  0
9.11184  2.85885  0  0
9.11184  2.89027  0  0
9.11184  2.92168  0  0
9.11184  2.9531  0  0
9.11184  2.98451  0  0
9.11184  3.01593  0  0
9.11184  3.04734  0  0
9.11184  3.07876  0  0
9.11184  3.11018  0  0
9.25  0  0  0
9.25  0.0314159  0  0
9.25  0.0628319  0  0
9.25  0.0942478  0  0
9.25  0.125664  0  0
9.25  0.15708  0  0
9.25  0.188496  0  0
9.25  0.219911  0  0
9.25  0.251327  0  0
9.25  0.282743  0  0
9.25  0.314159  0  0
9.25  0.345575  0  0
9.25  0.376991  0  0
9.25  0.408407  0  0
9.25  0.439823  0  0
9.25  0.471239  0  0
9.25  0.502655  0  0
9.25  0.534071  0  0
9.25  0.565487  0  0
9.25  0.596903  0  0
9.25  0.628319  0  0
9.25  0.659734  0  0
9.25  0.69115  0  0
9.25  0.722566  0  0
9.25  0.753982  0  0
9.25  0.785398  0  0
9.25  0.816814  0  0
9.25  0.84823  0  0
9.25  0.879646  0  0
9.25  0.911062  0  0
9.25  0.942478  0  0
9.25  0.973894  0  0
9.25  1.00531  0  0
9.25  1.03673  0  0
9.25  1.06814  0  0
9.25  1.09956  0  0
9.25  1.13097  0  0
9.25  1.16239  0  0
9.25  1.19381  0  0
9.25  1.22522  0  0
9.25  1.25664  0  0
9.25  1.28805  0  0
9.25  1.31947  0  0
9.25  1.35088  0  0
9.25  1.3823  0  0
9.25  1.41372  0  0
9.25  1.44513  0  0
9.25  1.47655  0  0
9.25  1.50796  0  0
9.25  1.53938  0  0
9.25  1.5708  0  0
9.25  1.60221  0  0
9.25  1.63363  0  0
9.25  1.66504  0  0
9.25  1.69646  0  0
9.25  1.72788  0  0
9.25  1.75929  0  0
9.25  1.79071  0  0
9.25  1.82212  0  0
9.25  1.85354  0  0
9.25  1.88496  0  0
9.25  1.91637  0  0
9.25  1.94779  0  0
9.25  1.9792  0  0
9.25  2.01062  0  0
9.25  2.04204  0  0
9.25  2.07345  0  0
9.25  2.10487  0  0
9.25  2.13628  0  0
9.25  2.1677  0  0
9.25  2.19911  0  0
9.25  2.23053  0  0
9.25  2.26195  0  0
9.25  2.29336  0  0
9.25  2.32478  0  0
9.25  2.35619  0  0
9.25  2.38761  0  0
9.25  2.41903  0  0
9.25  2.45044  0  0
9.25  2.48186  0  0
9.25  2.51327  0  0
9.25  2.54469  0  0
9.25  2.57611  0  0
9.25  2.60752  0  0
9.25  2.63894  0  0
9.25  2.67035  0  0
9.25  2.70177  0  0
9.25  2.73319  0  0
9.25  2.7646  0  0
9.25  2.79602  0  0
9.25  2.82743  0  0
9.25  2.85885  0  0
9.25  2.89027  0  0
9.25  2.92168  0  0
9.25  2.9531  0  0
9.25  2.98451  0  0
9.25  3.01593  0  0
9.25  3.04734  0  0
9.25  3.07876  0  0
9.25  3.11018  0  0
9.38816  0  0  0
9.38816  0.0314159  0  0
9.38816  0.0628319  0  0
9.38816  0.0942478  0  0
9.38816  0.125664  0  0
9.38816  0.15708  0  0
9.38816  0.188496  0  0
9.38816  0.219911  0  0
9.38816  0.251327  0  0
9.38816  0.282743  0  0
9.38816  0.314159  0  0
9.38816  0.345575  0  0
9.38816  0.376991  0  0
9.38816  0.408407  0  0
9.38816  0.439823  0  0
9.38816  0.471239  0  0
9.38816  0.502655  0  0
9.38816  0.534071  0  0
9.38816  0.565487  0  0
9.38816  0.596903  0  0
9.38816  0.628319  0  0
9.38816  0.659734  0  0
9.38816  0.69115  0  0
9.38816  0.722566  0  0
9.38816  0.753982  0  0
9.38816  0.785398  0  0
9.38816  0.816814  0  0
9.38816  0.84823  0  0
9.38816  0.879646  0  0
9.38816  0.911062  0  0
9.38816  0.942478  0  0
9.38816  0.973894  0  0
9.38816  1.00531  0  0
9.38816  1.03673  0  0
9.38816  1.06814  0  0
9.38816  1.09956  0  0
9.38816  1.13097  0  0
9.38816  1.16239  0  0
9.38816  1.19381  0  0
9.38816  1.22522  0  0
9.38816  1.25664  0  0
9.38816  1.28805  0  0
9.38816  1.31947  0  0
9.38816  1.35088  0  0
9.38816  1.3823  0  0
9.38816  1.41372  0  0
9.38816  1.44513  0  0
9.38816  1.47655  0  0
9.38816  1.50796  0  0
9.38816  1.53938  0  0
9.38816  1.5708  0  0
9.38816  1.60221  0  0
9.38816  1.63363  0  0
9.38816  1.66504  0  0
9.38816  1.69646  0  0
9.38816  1.72788  0  0
9.38816  1.75929  0  0
9.38816  1.79071  0  0
9.38816  1.82212  0  0
9.38816  1.85354  0  0
9.38816  1.88496  0  0
9.38816  1.91637  0  0
9.38816  1.94779  0  0
9.38816  1.9792  0  0
9.38816  2.01062  0  0
9.38816  2.04204  0  0
9.38816  2.07345  0  0
9.38816  2.10487  0  0
9.38816  2.13628  0  0
9.38816  2.1677  0  0
9.38816  2.19911  0  0
9.38816  2.23053  0  0
9.38816  2.26195  0  0
9.38816  2.29336  0  0
9.38816  2.32478  0  0
9.38816  2.35619  0  0
9.38816  2.38761  0  0
9.38816  2.41903  0  0
9.38816  2.45044  0  0
9.38816  2.48186  0  0
9.38816  2.51327  0  0
9.38816  2.54469  0  0
9.38816  2.57611  0  0
9.38816  2.60752  0  0
9.38816  2.63894  0  0
9.38816  2.67035  0  0
9.38816  2.70177  0  0
9.38816  2.73319  0  0
9.38816  2.7646  0  0
9.38816  2.79602  0  0
9.38816  2.82743  0  0
9.38816  2.85885  0  0
9.38816  2.89027  0  0
9.38816  2.92168  0  0
9.38816  2.9531  0  0
9.38816  2.98451  0  0
9.38816  3.01593  0  0
9.38816  3.04734  0  0
9.38816  3.07876  0  0
9.38816  3.11018  0  0
9.52632  0  0  0
9.52632  0.0314159  0  0
9.52632  0.0628319  0  0
9.52632  0.0942478  0  0
9.52632  0.125664  0  0
9.52632  0.15708  0  0
9.52632  0.188496  0  0
9.52632  0.219911  0  0
9.52632  0.251327  0  0
9.52632  0.282743  0  0
9.52632  0.314159  0  0
9.52632  0.345575  0  0
9.52632  0.376991  0  0
9.52632  0.408407  0  0
9.52632  0.439823  0  0
9.52632  0.471239  0  0
9.52632  0.502655  0  0
9.52632  0.534071  0  0
9.52632  0.565487  0  0
9.52632  0.596903  0  0
9.52632  0.628319  0  0
9.52632  0.659734  0  0
9.52632  0.69115  0  0
9.52632  0.722566  0  0
9.52632  0.753982  0  0
9.52632  0.785398  0  0
9.52632  0.816814  0  0
9.52632  0.84823  0  0
9.52632  0.879646  0  0
9.52632  0.911062  0  0
9.52632  0.942478  0  0
9.52632  0.973894  0  0
9.52632  1.00531  0  0
9.52632  1.03673  0  0
9.52632  1.06814  0  0
9.52632  1.09956  0  0
9.52632  1.13097  0  0
9.52632  1.16239  0  0
9.52632  1.19381  0  0
9.52632  1.22522  0  0
9.52632  1.25664  0  0
9.52632  1.28805  0  0
9.52632  1.31947  0  0
9.52632  1.35088  0  0
9.52632  1.3823  0  0
9.52632  1.41372  0  0
9.52632  1.44513  0  0
9.52632  1.47655  0  0
9.52632  1.50796  0  0
9.52632  1.53938  0  0
9.52632  1.5708  0  0
9.52632  1.60221  0  0
9.52632  1.63363  0  0
9.52632  1.66504  0  0
9.52632  1.69646  0  0
9.52632  1.72788  0  0
9.52632  1.75929  0  0
9.52632  1.79071  0  0
9.52632  1.82212  0  0
9.52632  1.85354  0  0
9.52632  1.88496  0  0
9.52632  1.91637  0  0
9.52632  1.94779  0  0
9.52632  1.9792  0  0
9.52632  2.01062  0  0
9.52632  2.04204  0  0
9.52632  2.07345  0  0
9.52632  2.10487  0  0
9.52632  2.13628  0  0
9.52632  2.1677  0  0
9.52632  2.19911  0  0
9.52632  2.23053  0  0
9.52632  2.26195  0  0
9.52632  2.29336  0  0
9.52632  2.32478  0  0
9.52632  2.35619  0  0
9.52632  2.38761  0  0
9.52632  2.41903  0  0
9.52632  2.45044  0  0
9.52632  2.48186  0  0
9.52632  2.51327  0  0
9.52632  2.54469  0  0
9.52632  2.57611  0  0
9.52632  2.60752  0  0
9.52632  2.63894  0  0
9.52632  2.67035  0  0
9.52632  2.70177  0  0
9.52632  2.73319  0  0
9.52632  2.7646  0  0
9.52632  2.79602  0  0
9.52632  2.82743  0  0
9.52632  2.85885  0  0
9.52632  2.89027  0  0
9.52632  2.92168  0  0
9.52632  2.9531  0  0
9.52632  2.98451  0  0
9.52632  3.01593  0  0
9.52632  3.04734  0  0
9.52632  3.07876  0  0
9.52632  3.11018  0  0
9.66447  0  0  0
9.66447  0.0314159  0  0
9.66447  0.0628319  0  0
9.66447  0.0942478  0  0
9.66447  0.125664  0  0
9.66447  0.15708  0  0
9.66447  0.188496  0  0
9.66447  0.219911  0  0
9.66447  0.251327  0  0
9.66447  0.282743  0  0
9.66447  0.314159  0  0
9.66447  0.345575  0  0
9.66447  0.376991  0  0
9.66447  0.408407  0  0
9.66447  0.439823  0  0
9.66447  0.471239  0  0
9.66447  0.502655  0  0
9.66447  0.534071  0  0
9.66447  0.565487  0  0
9.66447  0.596903  0  0
9.66447  0.628319  0  0
9.66447  0.659734  0  0
9.66447  0.69115  0  0
9.66447  0.722566  0  0
9.66447  0.753982  0  0
9.66447  0.785398  0  0
9.66447  0.816814  0  0
9.66447  0.84823  0  0
9.66447  0.879646  0  0
9.66447  0.911062  0  0
9.66447  0.942478  0  0
9.66447  0.973894  0  0
9.66447  1.00531  0  0
9.66447  1.03673  0  0
9.66447  1.06814  0  0
9.66447  1.09956  0  0
9.66447  1.13097  0  0
9.66447  1.16239  0  0
9.66447  1.19381  0  0
9.66447  1.22522  0  0
9.66447  1.25664  0  0
9.66447  1.28805  0  0
9.66447  1.31947  0  0
9.66447  1.35088  0  0
9.66447  1.3823  0  0
9.66447  1.41372  0  0
9.66447  1.44513  0  0
9.66447  1.47655  0  0
9.66447  1.50796  0  0
9.66447  1.53938  0  0
9.66447  1.5708  0  0
9.66447  1.60221  0  0
9.66447  1.63363  0  0
9.66447  1.66504  0  0
9.66447  1.69646  0  0
9.66447  1.72788  0  0
9.66447  1.75929  0  0
9.66447  1.79071  0  0
9.66447  1.82212  0  0
9.66447  1.85354  0  0
9.66447  1.88496  0  0
9.66447  1.91637  0  0
9.66447  1.94779  0  0
9.66447  1.9792  0  0
9.66447  2.01062  0  0
9.66447  2.04204  0  0
9.66447  2.07345  0  0
9.66447  2.10487  0  0
9.66447  2.13628  0  0
9.66447  2.1677  0  0
9.66447  2.19911  0  0
9.66447  2.23053  0  0
9.66447  2.26195  0  0
9.66447  2.29336  0  0
9.66447  2.32478  0  0
9.66447  2.35619  0  0
9.66447  2.38761  0  0
9.66447  2.41903  0  0
9.66447  2.45044  0  0
9.66447  2.48186  0  0
9.66447  2.51327  0  0
9.66447  2.54469  0  0
9.66447  2.57611  0  0
9.66447  2.60752  0  0
9.66447  2.63894  0  0
9.66447  2.67035  0  0
9.66447  2.70177  0  0
9.66447  2.73319  0  0
9.66447  2.7646  0  0
9.66447  2.79602  0  0
9.66447  2.82743  0  0
9.66447  2.85885  0  0
9.66447  2.89027  0  0
9.66447  2.92168  0  0
9.66447  2.9531  0  0
9.66447  2.98451  0  0
9.66447  3.01593  0  0
9.66447  3.04734  0  0
9.66447  3.07876  0  0
9.66447  3.11018  0  0
9.80263  0  0  0
9.80263  0.0314159  0  0
9.80263  0.0628319  0  0
9.80263  0.0942478  0  0
9.80263  0.125664  0  0
9.80263  0.15708  0  0
9.80263  0.188496  0  0
9.80263  0.219911  0  0
9.80263  0.251327  0  0
9.80263  0.282743  0  0
9.80263  0.314159  0  0
9.80263  0.345575  0  0
9.80263  0.376991  0  0
9.80263  0.408407  0  0
9.80263  0.439823  0  0
9.80263  0.471239  0  0
9.80263  0.502655  0  0
9.80263  0.534071  0  0
9.80263  0.565487  0  0
9.80263  0.596903  0  0
9.80263  0.628319  0  0
9.80263  0.659734  0  0
9.80263  0.69115  0  0
9.80263  0.722566  0  0
9.80263  0.753982  0  0
9.80263  0.785398  0  0
9.80263  0.816814  0  0
9.80263  0.84823  0  0
9.80263  0.879646  0  0
9.80263  0.911062  0  0
9.80263  0.942478  0  0
9.80263  0.973894  0  0
9.80263  1.00531  0  0
9.80263  1.03673  0  0
9.80263  1.06814  0  0
9.80263  1.09956  0  0
9.80263  1.13097  0  0
9.80263  1.16239  0  0
9.80263  1.19381  0  0
9.80263  1.22522  0  0
9.80263  1.25664  0  0
9.80263  1.28805  0  0
9.80263  1.31947  0  0
9.80263  1.35088  0  0
9.80263  1.3823  0  0
9.80263  1.41372  0  0
9.80263  1.44513  0  0
9.80263  1.47655  0  0
9.80263  1.50796  0  0
9.80263  1.53938  0  0
9.80263  1.5708  0  0
9.80263  1.60221  0  0
9.80263  1.63363  0  0
9.80263  1.66504  0  0
9.80263  1.69646  0  0
9.80263  1.72788  0  0
9.80263  1.75929  0  0
9.80263  1.79071  0  0
9.80263  1.82212  0  0
9.80263  1.85354  0  0
9.80263  1.88496  0  0
9.80263  1.91637  0  0
9.80263  1.94779  0  0
9.80263  1.9792  0  0
9.80263  2.01062  0  0
9.80263  2.04204  0  0
9.80263  2.07345  0  0
9.80263  2.10487  0  0
9.80263  2.13628  0  0
9.80263  2.1677  0  0
9.80263  2.19911  0  0
9.80263  2.23053  0  0
9.80263  2.26195  0  0
9.80263  2.29336  0  0
9.80263  2.32478  0  0
9.80263  2.35619  0  0
9.80263  2.38761  0  0
9.80263  2.41903  0  0
9.80263  2.45044  0  0
9.80263  2.48186  0  0
9.80263  2.51327  0  0
9.80263  2.54469  0  0
9.80263  2.57611  0  0
9.80263  2.60752  0  0
9.80263  2.63894  0  0
9.80263  2.67035  0  0
9.80263  2.70177  0  0
9.80263  2.73319  0  0
9.80263  2.7646  0  0
9.80263  2.79602  0  0
9.80263  2.82743  0  0
9.80263  2.85885  0  0
9.80263  2.89027  0  0
9.80263  2.92168  0  0
9.80263  2.9531  0  0
9.80263  2.98451  0  0
9.80263  3.01593  0  0
9.80263  3.04734  0  0
9.80263  3.07876  0  0
9.80263  3.11018  0  0
9.94079  0  0  0
9.94079  0.0314159  0  0
9.94079  0.0628319  0  0
9.94079  0.0942478  0  0
9.94079  0.125664  0  0
9.94079  0.15708  0  0
9.94079  0.188496  0  0
9.94079  0.219911  0  0
9.94079  0.251327  0  0
9.94079  0.282743  0  0
9.94079  0.314159  0  0
9.94079  0.345575  0  0
9.94079  0.376991  0  0
9.94079  0.408407  0  0
9.94079  0.439823  0  0
9.94079  0.471239  0  0
9.94079  0.502655  0  0
9.94079  0.534071  0  0
9.94079  0.565487  0  0
9.94079  0.596903  0  0
9.94079  0.628319  0  0
9.94079  0.659734  0  0
9.94079  0.69115  0  0
9.94079  0.722566  0  0
9.94079  0.753982  0  0
9.94079  0.785398  0  0
9.94079  0.816814  0  0
9.94079  0.84823  0  0
9.94079  0.879646  0  0
9.94079  0.911062  0  0
9.94079  0.942478  0  0
9.94079  0.973894  0  0
9.94079  1.00531  0  0
9.94079  1.03673  0  0
9.94079  1.06814  0  0
9.94079  1.09956  0  0
9.94079  1.13097  0  0
9.94079  1.16239  0  0
9.94079  1.19381  0  0
9.94079  1.22522  0  0
9.94079  1.25664  0  0
9.94079  1.28805  0  0
9.94079  1.31947  0  0
9.94079  1.35088  0  0
9.94079  1.3823  0  0
9.94079  1.41372  0  0
9.94079  1.44513  0  0
9.94079  1.47655  0  0
9.94079  1.50796  0  0
9.94079  1.53938  0  0
9.94079  1.5708  0  0
9.94079  1.60221  0  0
9.94079  1.63363  0  0
9.94079  1.66504  0  0
9.94079  1.69646  0  0
9.94079  1.72788  0  0
9.94079  1.75929  0  0
9.94079  1.79071  0  0
9.94079  1.82212  0  0
9.94079  1.85354  0  0
9.94079  1.88496  0  0
9.94079  1.91637  0  0
9.94079  1.94779  0  0
9.94079  1.9792  0  0
9.94079  2.01062  0  0
9.94079  2.04204  0  0
9.94079  2.07345  0  0
9.94079  2.10487  0  0
9.94079  2.13628  0  0
9.94079  2.1677  0  0
9.94079  2.19911  0  0
9.94079  2.23053  0  0
9.94079  2.26195  0  0
9.94079  2.29336  0  0
9.94079  2.32478  0  0
9.94079  2.35619  0  0
9.94079  2.38761  0  0
9.94079  2.41903  0  0
9.94079  2.45044  0  0
9.94079  2.48186  0  0
9.94079  2.51327  0  0
9.94079  2.54469  0  0
9.94079  2.57611  0  0
9.94079  2.60752  0  0
9.94079  2.63894  0  0
9.94079  2.67035  0  0
9.94079  2.70177  0  0
9.94079  2.73319  0  0
9.94079  2.7646  0  0
9.94079  2.79602  0  0
9.94079  2.82743  0  0
9.94079  2.85885  0  0
9.94079  2.89027  0  0
9.94079  2.92168  0  0
9.94079  2.9531  0  0
9.94079  2.98451  0  0
9.94079  3.01593  0  0
9.94079  3.04734  0  0
9.94079  3.07876  0  0
9.94079  3.11018  0  0
10.0789  0  0  0
10.0789  0.0314159  0  0
10.0789  0.0628319  0  0
10.0789  0.0942478  0  0
10.0789  0.125664  0  0
10.0789  0.15708  0  0
10.0789  0.188496  0  0
10.0789  0.219911  0  0
10.0789  0.251327  0  0
10.0789  0.282743  0  0
10.0789  0.314159  0  0
10.0789  0.345575  0  0
10.0789  0.376991  0  0
10.0789  0.408407  0  0
10.0789  0.439823  0  0
10.0789  0.471239  0  0
10.0789  0.502655  0  0
10.0789  0.534071  0  0
10.0789  0.565487  0  0
10.0789  0.596903  0  0
10.0789  0.628319  0  0
10.0789  0.659734  0  0
10.0789  0.69115  0  0
10.0789  0.722566  0  0
10.0789  0.753982  0  0
10.0789  0.785398  0  0
10.0789  0.816814  0  0
10.0789  0.84823  0  0
10.0789  0.879646  0  0
10.0789  0.911062  0  0
10.0789  0.942478  0  0
10.0789  0.973894  0  0
10.0789  1.00531  0  0
10.0789  1.03673  0  0
10.0789  1.06814  0  0
10.0789  1.09956  0  0
10.0789  1.13097  0  0
10.0789  1.16239  0  0
10.0789  1.19381  0  0
10.0789  1.22522  0  0
10.0789  1.25664  0  0
10.0789  1.28805  0  0
10.0789  1.31947  0  0
10.0789  1.35088  0  0
10.0789  1.3823  0  0
10.0789  1.41372  0  0
10.0789  1.44513  0  0
10.0789  1.47655  0  0
10.0789  1.50796  0  0
10.0789  1.53938  0  0
10.0789  1.5708  0  0
10.0789  1.60221  0  0
10.0789  1.63363  0  0
10.0789  1.66504  0  0
10.0789  1.69646  0  0
10.0789  1.72788  0  0
10.0789  1.75929  0  0
10.0789  1.79071  0  0
10.0789  1.82212  0  0
10.0789  1.85354  0  0
10.0789  1.88496  0  0
10.0789  1.91637  0  0
10.0789  1.94779  0  0
10.0789  1.9792  0  0
10.0789  2.01062  0  0
10.0789  2.04204  0  0
10.0789  2.07345  0  0
10.0789  2.10487  0  0
10.0789  2.13628  0  0
10.0789  2.1677  0  0
10.0789  2.19911  0  0
10.0789  2.23053  0  0
10.0789  2.26195  0  0
10.0789  2.29336  0  0
10.0789  2.32478  0  0
10.0789  2.35619  0  0
10.0789  2.38761  0  0
10.0789  2.41903  0  0
10.0789  2.45044  0  0
10.0789  2.48186  0  0
10.0789  2.51327  0  0
10.0789  2.54469  0  0
10.0789  2.57611  0  0
10.0789  2.60752  0  0
10.0789  2.63894  0  0
10.0789  2.67035  0  0
10.0789  2.70177  0  0
10.0789  2.73319  0  0
10.0789  2.7646  0  0
10.0789  2.79602  0  0
10.0789  2.82743  0  0
10.0789  2.85885  0  0
10.0789  2.89027  0  0
10.0789  2.92168  0  0
10.0789  2.9531  0  0
10.0789  2.98451  0  0
10.0789  3.01593  0  0
10.0789  3.04734  0  0
10.0789  3.07876  0  0
10.0789  3.11018  0  0
10.2171  0  0  0
10.2171  0.0314159  0  0
10.2171  0.0628319  0  0
10.2171  0.0942478  0  0
10.2171  0.125664  0  0
10.2171  0.15708  0  0
10.2171  0.188496  0  0
10.2171  0.219911  0  0
10.2171  0.251327  0  0
10.2171  0.282743  0  0
10.2171  0.314159  0  0
10.2171  0.345575  0  0
10.2171  0.376991  0  0
10.2171  0.408407  0  0
10.2171  0.439823  0  0
10.2171  0.471239  0  0
10.2171  0.502655  0  0
10.2171  0.534071  0  0
10.2171  0.565487  0  0
10.2171  0.596903  0  0
10.2171  0.628319  0  0
10.2171  0.659734  0  0
10.2171  0.69115  0  0
10.2171  0.722566  0  0
10.2171  0.753982  0  0
10.2171  0.785398  0  0
10.2171  0.816814  0  0
10.2171  0.84823  0  0
10.2171  0.879646  0  0
10.2171  0.911062  0  0
10.2171  0.942478  0  0
10.2171  0.973894  0  0
10.2171  1.00531  0  0
10.2171  1.03673  0  0
10.2171  1.06814  0  0
10.2171  1.09956  0  0
10.2171  1.13097  0  0
10.2171  1.16239  0  0
10.2171  1.19381  0  0
10.2171  1.22522  0  0
10.2171  1.25664  0  0
10.2171  1.28805  0  0
10.2171  1.31947  0  0
10.2171  1.35088  0  0
10.2171  1.3823  0  0
10.2171  1.41372  0  0
10.2171  1.44513  0  0
10.2171  1.47655  0  0
10.2171  1.50796  0  0
10.2171  1.53938  0  0
10.2171  1.5708  0  0
10.2171  1.60221  0  0
10.2171  1.63363  0  0
10.2171  1.66504  0  0
10.2171  1.69646  0  0
10.2171  1.72788  0  0
10.2171  1.75929  0  0
10.2171  1.79071  0  0
10.2171  1.82212  0  0
10.2171  1.85354  0  0
10.2171  1.88496  0  0
10.2171  1.91637  0  0
10.2171  1.94779  0  0
10.2171  1.9792  0  0
10.2171  2.01062  0  0
10.2171  2.04204  0  0
10.2171  2.07345  0  0
10.2171  2.10487  0  0
10.2171  2.13628  0  0
10.2171  2.1677  0  0
10.2171  2.19911  0  0
10.2171  2.23053  0  0
10.2171  2.26195  0  0
10.2171  2.29336  0  0
10.2171  2.32478  0  0
10.2171  2.35619  0  0
10.2171  2.38761  0  0
10.2171  2.41903  0  0
10.2171  2.45044  0  0
10.2171  2.48186  0  0
10.2171  2.51327  0  0
10.2171  2.54469  0  0
10.2171  2.57611  0  0
10.2171  2.60752  0  0
10.2171  2.63894  0  0
10.2171  2.67035  0  0
10.2171  2.70177  0  0
10.2171  2.73319  0  0
10.2171  2.7646  0  0
10.2171  2.79602  0  0
10.2171  2.82743  0  0
10.2171  2.85885  0  0
10.2171  2.89027  0  0
10.2171  2.92168  0  0
10.2171  2.9531  0  0
10.2171  2.98451  0  0
10.2171  3.01593  0  0
10.2171  3.04734  0  0
10.2171  3.07876  0  0
10.2171  3.11018  0  0
10.3553  0  0  0
10.3553  0.0314159  0  0
10.3553  0.0628319  0  0
10.3553  0.0942478  0  0
10.3553  0.125664  0  0
10.3553  0.15708  0  0
10.3553  0.188496  0  0
10.3553  0.219911  0  0
10.3553  0.251327  0  0
10.3553  0.282743  0  0
10.3553  0.314159  0  0
10.3553  0.345575  0  0
10.3553  0.376991  0  0
10.3553  0.408407  0  0
10.3553  0.439823  0  0
10.3553  0.471239  0  0
10.3553  0.502655  0  0
10.3553  0.534071  0  0
10.3553  0.565487  0  0
10.3553  0.596903  0  0
10.3553  0.628319  0  0
10.3553  0.659734  0  0
10.3553  0.69115  0  0
10.3553  0.722566  0  0
10.3553  0.753982  0  0
10.3553  0.785398  0  0
10.3553  0.816814  0  0
10.3553  0.84823  0  0
10.3553  0.879646  0  0
10.3553  0.911062  0  0
10.3553  0.942478  0  0
10.3553  0.973894  0  0
10.3553  1.00531  0  0
10.3553  1.03673  0  0
10.3553  1.06814  0  0
10.3553  1.09956  0  0
10.3553  1.13097  0  0
10.3553  1.16239  0  0
10.3553  1.19381  0  0
10.3553  1.22522  0  0
10.3553  1.25664  0  0
10.3553  1.28805  0  0
10.3553  1.31947  0  0
10.3553  1.35088  0  0
10.3553  1.3823  0  0
10.3553  1.41372  0  0
10.3553  1.44513  0  0
10.3553  1.47655  0  0
10.3553  1.50796  0  0
10.3553  1.53938  0  0
10.3553  1.5708  0  0
10.3553  1.60221  0  0
10.3553  1.63363  0  0
10.3553  1.66504  0  0
10.3553  1.69646  0  0
10.3553  1.72788  0  0
10.3553  1.75929  0  0
10.3553  1.79071  0  0
10.3553  1.82212  0  0
10.3553  1.85354  0  0
10.3553  1.88496  0  0
10.3553  1.91637  0  0
10.3553  1.94779  0  0
10.3553  1.9792  0  0
10.3553  2.01062  0  0
10.3553  2.04204  0  0
10.3553  2.07345  0  0
10.3553  2.10487  0  0
10.3553  2.13628  0  0
10.3553  2.1677  0  0
10.3553  2.19911  0  0
10.3553  2.23053  0  0
10.3553  2.26195  0  0
10.3553  2.29336  0  0
10.3553  2.32478  0  0
10.3553  2.35619  0  0
10.3553  2.38761  0  0
10.3553  2.41903  0  0
10.3553  2.45044  0  0
10.3553  2.48186  0  0
10.3553  2.51327  0  0
10.3553  2.54469  0  0
10.3553  2.57611  0  0
10.3553  2.60752  0  0
10.3553  2.63894  0  0
10.3553  2.67035  0  0
10.3553  2.70177  0  0
10.3553  2.73319  0  0
10.3553  2.7646  0  0
10.3553  2.79602  0  0
10.3553  2.82743  0  0
10.3553  2.85885  0  0
10.3553  2.89027  0  0
10.3553  2.92168  0  0
10.3553  2.9531  0  0
10.3553  2.98451  0  0
10.3553  3.01593  0  0
10.3553  3.04734  0  0
10.3553  3.07876  0  0
10.3553  3.11018  0  0
10.4934  0  0  0
10.4934  0.0314159  0  0
10.4934  0.0628319  0  0
10.4934  0.0942478  0  0
10.4934  0.125664  0  0
10.4934  0.15708  0  0
10.4934  0.188496  0  0
10.4934  0.219911  0  0
10.4934  0.251327  0  0
10.4934  0.282743  0  0
10.4934  0.314159  0  0
10.4934  0.345575  0  0
10.4934  0.376991  0  0
10.4934  0.408407  0  0
10.4934  0.439823  0  0
10.4934  0.471239  0  0
10.4934  0.502655  0  0
10.4934  0.534071  0  0
10.4934  0.565487  0  0
10.4934  0.596903  0  0
10.4934  0.628319  0  0
10.4934  0.659734  0  0
10.4934  0.69115  0  0
10.4934  0.722566  0  0
10.4934  0.753982  0  0
10.4934  0.785398  0  0
10.4934  0.816814  0  0
10.4934  0.84823  0  0
10.4934  0.879646  0  0
10.4934  0.911062  0  0
10.4934  0.942478  0  0
10.4934  0.973894  0  0
10.4934  1.00531  0  0
10.4934  1.03673  0  0
10.4934  1.06814  0  0
10.4934  1.09956  0  0
10.4934  1.13097  0  0
10.4934  1.16239  0  0
10.4934  1.19381  0  0
10.4934  1.22522  0  0
10.4934  1.25664  0  0
10.4934  1.28805  0  0
10.4934  1.31947  0  0
10.4934  1.35088  0  0
10.4934  1.3823  0  0
10.4934  1.41372  0  0
10.4934  1.44513  0  0
10.4934  1.47655  0  0
10.4934  1.50796  0  0
10.4934  1.53938  0  0
10.4934  1.5708  0  0
10.4934  1.60221  0  0
10.4934  1.63363  0  0
10.4934  1.66504  0  0
10.4934  1.69646  0  0
10.4934  1.72788  0  0
10.4934  1.75929  0  0
10.4934  1.79071  0  0
10.4934  1.82212  0  0
10.4934  1.85354  0  0
10.4934  1.88496  0  0
10.4934  1.91637  0  0
10.4934  1.94779  0  0
10.4934  1.9792  0  0
10.4934  2.01062  0  0
10.4934  2.04204  0  0
10.4934  2.07345  0  0
10.4934  2.10487  0  0
10.4934  2.13628  0  0
10.4934  2.1677  0  0
10.4934  2.19911  0  0
10.4934  2.23053  0  0
10.4934  2.26195  0  0
10.4934  2.29336  0  0
10.4934  2.32478  0  0
10.4934  2.35619  0  0
10.4934  2.38761  0  0
10.4934  2.41903  0  0
10.4934  2.45044  0  0
10.4934  2.48186  0  0
10.4934  2.51327  0  0
10.4934  2.54469  0  0
10.4934  2.57611  0  0
10.4934  2.60752  0  0
10.4934  2.63894  0  0
10.4934  2.67035  0  0
10.4934  2.70177  0  0
10.4934  2.73319  0  0
10.4934  2.7646  0  0
10.4934  2.79602  0  0
10.4934  2.82743  0  0
10.4934  2.85885  0  0
10.4934  2.89027  0  0
10.4934  2.92168  0  0
10.4934  2.9531  0  0
10.4934  2.98451  0  0
10.4934  3.01593  0  0
10.4934  3.04734  0  0
10.4934  3.07876  0  0
10.4934  3.11018  0  0
10.6316  0  0  0
10.6316  0.0314159  0  0
10.6316  0.0628319  0  0
10.6316  0.0942478  0  0
10.6316  0.125664  0  0
10.6316  0.15708  0  0
10.6316  0.188496  0  0
10.6316  0.219911  0  0
10.6316  0.251327  0  0
10.6316  0.282743  0  0
10.6316  0.314159  0  0
10.6316  0.345575  0  0
10.6316  0.376991  0  0
10.6316  0.408407  0  0
10.6316  0.439823  0  0
10.6316  0.471239  0  0
10.6316  0.502655  0  0
10.6316  0.534071  0  0
10.6316  0.565487  0  0
10.6316  0.596903  0  0
10.6316  0.628319  0  0
10.6316  0.659734  0  0
10.6316  0.69115  0  0
10.6316  0.722566  0  0
10.6316  0.753982  0  0
10.6316  0.785398  0  0
10.6316  0.816814  0  0
10.6316  0.84823  0  0
10.6316  0.879646  0  0
10.6316  0.911062  0  0
10.6316  0.942478  0  0
10.6316  0.973894  0  0
10.6316  1.00531  0  0
10.6316  1.03673  0  0
10.6316  1.06814  0  0
10.6316  1.09956  0  0
10.6316  1.13097  0  0
10.6316  1.16239  0  0
10.6316  1.19381  0  0
10.6316  1.22522  0  0
10.6316  1.25664  0  0
10.6316  1.28805  0  0
10.6316  1.31947  0  0
10.6316  1.35088  0  0
10.6316  1.3823  0  0
10.6316  1.41372  0  0
10.6316  1.44513  0  0
10.6316  1.47655  0  0
10.6316  1.50796  0  0
10.6316  1.53938  0  0
10.6316  1.5708  0  0
10.6316  1.60221  0  0
10.6316  1.63363  0  0
10.6316  1.66504  0  0
10.6316  1.69646  0  0
10.6316  1.72788  0  0
10.6316  1.75929  0  0
10.6316  1.79071  0  0
10.6316  1.82212  0  0
10.6316  1.85354  0  0
10.6316  1.88496  0  0
10.6316  1.91637  0  0
10.6316  1.94779  0  0
10.6316  1.9792  0  0
10.6316  2.01062  0  0
10.6316  2.04204  0  0
10.6316  2.07345  0  0
10.6316  2.10487  0  0
10.6316  2.13628  0  0
10.6316  2.1677  0  0
10.6316  2.19911  0  0
10.6316  2.23053  0  0
10.6316  2.26195  0  0
10.6316  2.29336  0  0
10.6316  2.32478  0  0
10.6316  2.35619  0  0
10.6316  2.38761  0  0
10.6316  2.41903  0  0
10.6316  2.45044  0  0
10.6316  2.48186  0  0
10.6316  2.51327  0  0
10.6316  2.54469  0  0
10.6316  2.57611  0  0
10.6316  2.60752  0  0
10.6316  2.63894  0  0
10.6316  2.67035  0  0
10.6316  2.70177  0  0
10.6316  2.73319  0  0
10.6316  2.7646  0  0
10.6316  2.79602  0  0
10.6316  2.82743  0  0
10.6316  2.85885  0  0
10.6316  2.89027  0  0
10.6316  2.92168  0  0
10.6316  2.9531  0  0
10.6316  2.98451  0  0
10.6316  3.01593  0  0
10.6316  3.04734  0  0
10.6316  3.07876  0  0
10.6316  3.11018  0  0
10.7697  0  0  0
10.7697  0.0314159  0  0
10.7697  0.0628319  0  0
10.7697  0.0942478  0  0
10.7697  0.125664  0  0
10.7697  0.15708  0  0
10.7697  0.188496  0  0
10.7697  0.219911  0  0
10.7697  0.251327  0  0
10.7697  0.282743  0  0
10.7697  0.314159  0  0
10.7697  0.345575  0  0
10.7697  0.376991  0  0
10.7697  0.408407  0  0
10.7697  0.439823  0  0
10.7697  0.471239  0  0
10.7697  0.502655  0  0
10.7697  0.534071  0  0
10.7697  0.565487  0  0
10.7697  0.596903  0  0
10.7697  0.628319  0  0
10.7697  0.659734  0  0
10.7697  0.69115  0  0
10.7697  0.722566  0  0
10.7697  0.753982  0  0
10.7697  0.785398  0  0
10.7697  0.816814  0  0
10.7697  0.84823  0  0
10.7697  0.879646  0  0
10.7697  0.911062  0  0
10.7697  0.942478  0  0
10.7697  0.973894  0  0
10.7697  1.00531  0  0
10.7697  1.03673  0  0
10.7697  1.06814  0  0
10.7697  1.09956  0  0
10.7697  1.13097  0  0
10.7697  1.16239  0  0
10.7697  1.19381  0  0
10.7697  1.22522  0  0
10.7697  1.25664  0  0
10.7697  1.28805  0  0
10.7697  1.31947  0  0
10.7697  1.35088  0  0
10.7697  1.3823  0  0
10.7697  1.41372  0  0
10.7697  1.44513  0  0
10.7697  1.47655  0  0
10.7697  1.50796  0  0
10.7697  1.53938  0  0
10.7697  1.5708  0  0
10.7697  1.60221  0  0
10.7697  1.63363  0  0
10.7697  1.66504  0  0
10.7697  1.69646  0  0
10.7697  1.72788  0  0
10.7697  1.75929  0  0
10.7697  1.79071  0  0
10.7697  1.82212  0  0
10.7697  1.85354  0  0
10.7697  1.88496  0  0
10.7697  1.91637  0  0
10.7697  1.94779  0  0
10.7697  1.9792  0  0
10.7697  2.01062  0  0
10.7697  2.04204  0  0
10.7697  2.07345  0  0
10.7697  2.10487  0  0
10.7697  2.13628  0  0
10.7697  2.1677  0  0
10.7697  2.19911  0  0
10.7697  2.23053  0  0
10.7697  2.26195  0  0
10.7697  2.29336  0  0
10.7697  2.32478  0  0
10.7697  2.35619  0  0
10.7697  2.38761  0  0
10.7697  2.41903  0  0
10.7697  2.45044  0  0
10.7697  2.48186  0  0
10.7697  2.51327  0  0
10.7697  2.54469  0  0
10.7697  2.57611  0  0
10.7697  2.60752  0  0
10.7697  2.63894  0  0
10.7697  2.67035  0  0
10.7697  2.70177  0  0
10.7697  2.73319  0  0
10.7697  2.7646  0  0
10.7697  2.79602  0  0
10.7697  2.82743  0  0
10.7697  2.85885  0  0
10.7697  2.89027  0  0
10.7697  2.92168  0  0
10.7697  2.9531  0  0
10.7697  2.98451  0  0
10.7697  3.01593  0  0
10.7697  3.04734  0  0
10.7697  3.07876  0  0
10.7697  3.11018  0  0
10.9079  0  0  0
10.9079  0.0314159  0  0
10.9079  0.0628319  0  0
10.9079  0.0942478  0  0
10.9079  0.125664  0  0
10.9079  0.15708  0  0
10.9079  0.188496  0  0
10.9079  0.219911  0  0
10.9079  0.251327  0  0
10.9079  0.282743  0  0
10.9079  0.314159  0  0
10.9079  0.345575  0  0
10.9079  0.376991  0  0
10.9079  0.408407  0  0
10.9079  0.439823  0  0
10.9079  0.471239  0  0
10.9079  0.502655  0  0
10.9079  0.534071  0  0
10.9079  0.565487  0  0
10.9079  0.596903  0  0
10.9079  0.628319  0  0
10.9079  0.659734  0  0
10.9079  0.69115  0  0
10.9079  0.722566  0  0
10.9079  0.753982  0  0
10.9079  0.785398  0  0
10.9079  0.816814  0  0
10.9079  0.84823  0  0
10.9079  0.879646  0  0
10.9079  0.911062  0  0
10.9079  0.942478  0  0
10.9079  0.973894  0  0
10.9079  1.00531  0  0
10.9079  1.03673  0  0
10.9079  1.06814  0  0
10.9079  1.09956  0  0
10.9079  1.13097  0  0
10.9079  1.16239  0  0
10.9079  1.19381  0  0
10.9079  1.22522  0  0
10.9079  1.25664  0  0
10.9079  1.28805  0  0
10.9079  1.31947  0  0
10.9079  1.35088  0  0
10.9079  1.3823  0  0
10.9079  1.41372  0  0
10.9079  1.44513  0  0
10.9079  1.47655  0  0
10.9079  1.50796  0  0
10.9079  1.53938  0  0
10.9079  1.5708  0  0
10.9079  1.60221  0  0
10.9079  1.63363  0  0
10.9079  1.66504  0  0
10.9079  1.69646  0  0
10.9079  1.72788  0  0
10.9079  1.75929  0  0
10.9079  1.79071  0  0
10.9079  1.82212  0  0
10.9079  1.85354  0  0
10.9079  1.88496  0  0
10.9079  1.91637  0  0
10.9079  1.94779  0  0
10.9079  1.9792  0  0
10.9079  2.01062  0  0
10.9079  2.04204  0  0
10.9079  2.07345  0  0
10.9079  2.10487  0  0
10.9079  2.13628  0  0
10.9079  2.1677  0  0
10.9079  2.19911  0  0
10.9079  2.23053  0  0
10.9079  2.26195  0  0
10.9079  2.29336  0  0
10.9079  2.32478  0  0
10.9079  2.35619  0  0
10.9079  2.38761  0  0
10.9079  2.41903  0  0
10.9079  2.45044  0  0
10.9079  2.48186  0  0
10.9079  2.51327  0  0
10.9079  2.54469  0  0
10.9079  2.57611  0  0
10.9079  2.60752  0  0
10.9079  2.63894  0  0
10.9079  2.67035  0  0
10.9079  2.70177  0  0
10.9079  2.73319  0  0
10.9079  2.7646  0  0
10.9079  2.79602  0  0
10.9079  2.82743  0  0
10.9079  2.85885  0  0
10.9079  2.89027  0  0
10.9079  2.92168  0  0
10.9079  2.9531  0  0
10.9079  2.98451  0  0
10.9079  3.01593  0  0
10.9079  3.04734  0  0
10.9079  3.07876  0  0
10.9079  3.11018  0  0
11.0461  0  0  0
11.0461  0.0314159  0  0
11.0461  0.0628319  0  0
11.0461  0.0942478  0  0
11.0461  0.125664  0  0
11.0461  0.15708  0  0
11.0461  0.188496  0  0
11.0461  0.219911  0  0
11.0461  0.251327  0  0
11.0461  0.282743  0  0
11.0461  0.314159  0  0
11.0461  0.345575  0  0
11.0461  0.376991  0  0
11.0461  0.408407  0  0
11.0461  0.439823  0  0
11.0461  0.471239  0  0
11.0461  0.502655  0  0
11.0461  0.534071  0  0
11.0461  0.565487  0  0
11.0461  0.596903  0  0
11.0461  0.628319  0  0
11.0461  0.659734  0  0
11.0461  0.69115  0  0
11.0461  0.722566  0  0
11.0461  0.753982  0  0
11.0461  0.785398  0  0
11.0461  0.816814  0  0
11.0461  0.84823  0  0
11.0461  0.879646  0  0
11.0461  0.911062  0  0
11.0461  0.942478  0  0
11.0461  0.973894  0  0
11.0461  1.00531  0  0
11.0461  1.03673  0  0
11.0461  1.06814  0  0
11.0461  1.09956  0  0
11.0461  1.13097  0  0
11.0461  1.16239  0  0
11.0461  1.19381  0  0
11.0461  1.22522  0  0
11.0461  1.25664  0  0
11.0461  1.28805  0  0
11.0461  1.31947  0  0
11.0461  1.35088  0  0
11.0461  1.3823  0  0
11.0461  1.41372  0  0
11.0461  1.44513  0  0
11.0461  1.47655  0  0
11.0461  1.50796  0  0
11.0461  1.53938  0  0
11.0461  1.5708  0  0
11.0461  1.60221  0  0
11.0461  1.63363  0  0
11.0461  1.66504  0  0
11.0461  1.69646  0  0
11.0461  1.72788  0  0
11.0461  1.75929  0  0
11.0461  1.79071  0  0
11.0461  1.82212  0  0
11.0461  1.85354  0  0
11.0461  1.88496  0  0
11.0461  1.91637  0  0
11.0461  1.94779  0  0
11.0461  1.9792  0  0
11.0461  2.01062  0  0
11.0461  2.04204  0  0
11.0461  2.07345  0  0
11.0461  2.10487  0  0
11.0461  2.13628  0  0
11.0461  2.1677  0  0
11.0461  2.19911  0  0
11.0461  2.23053  0  0
11.0461  2.26195  0  0
11.0461  2.29336  0  0
11.0461  2.32478  0  0
11.0461  2.35619  0  0
11.0461  2.38761  0  0
11.0461  2.41903  0  0
11.0461  2.45044  0  0
11.0461  2.48186  0  0
11.0461  2.51327  0  0
11.0461  2.54469  0  0
11.0461  2.57611  0  0
11.0461  2.60752  0  0
11.0461  2.63894  0  0
11.0461  2.67035  0  0
11.0461  2.70177  0  0
11.0461  2.73319  0  0
11.0461  2.7646  0  0
11.0461  2.79602  0  0
11.0461  2.82743  0  0
11.0461  2.85885  0  0
11.0461  2.89027  0  0
11.0461  2.92168  0  0
11.0461  2.9531  0  0
11.0461  2.98451  0  0
11.0461  3.01593  0  0
11.0461  3.04734  0  0
11.0461  3.07876  0  0
11.0461  3.11018  0  0
11.1842  0  0  0
11.1842  0.0314159  0  0
11.1842  0.0628319  0  0
11.1842  0.0942478  0  0
11.1842  0.125664  0  0
11.1842  0.15708  0  0
11.1842  0.188496  0  0
11.1842  0.219911  0  0
11.1842  0.251327  0  0
11.1842  0.282743  0  0
11.1842  0.314159  0  0
11.1842  0.345575  0  0
11.1842  0.376991  0  0
11.1842  0.408407  0  0
11.1842  0.439823  0  0
11.1842  0.471239  0  0
11.1842  0.502655  0  0
11.1842  0.534071  0  0
11.1842  0.565487  0  0
11.1842  0.596903  0  0
11.1842  0.628319  0  0
11.1842  0.659734  0  0
11.1842  0.69115  0  0
11.1842  0.722566  0  0
11.1842  0.753982  0  0
11.1842  0.785398  0  0
11.1842  0.816814  0  0
11.1842  0.84823  0  0
11.1842  0.879646  0  0
11.1842  0.911062  0  0
11.1842  0.942478  0  0
11.1842  0.973894  0  0
11.1842  1.00531  0  0
11.1842  1.03673  0  0
11.1842  1.06814  0  0
11.1842  1.09956  0  0
11.1842  1.13097  0  0
11.1842  1.16239  0  0
11.1842  1.19381  0  0
11.1842  1.22522  0  0
11.1842  1.25664  0  0
11.1842  1.28805  0  0
11.1842  1.31947  0  0
11.1842  1.35088  0  0
11.1842  1.3823  0  0
11.1842  1.41372  0  0
11.1842  1.44513  0  0
11.1842  1.47655  0  0
11.1842  1.50796  0  0
11.1842  1.53938  0  0
11.1842  1.5708  0  0
11.1842  1.60221  0  0
11.1842  1.63363  0  0
11.1842  1.66504  0  0
11.1842  1.69646  0  0
11.1842  1.72788  0  0
11.1842  1.75929  0  0
11.1842  1.79071  0  0
11.1842  1.82212  0  0
11.1842  1.85354  0  0
11.1842  1.88496  0  0
11.1842  1.91637  0  0
11.1842  1.94779  0  0
11.1842  1.9792  0  0
11.1842  2.01062  0  0
11.1842  2.04204  0  0
11.1842  2.07345  0  0
11.1842  2.10487  0  0
11.1842  2.13628  0  0
11.1842  2.1677  0  0
11.1842  2.19911  0  0
11.1842  2.23053  0  0
11.1842  2.26195  0  0
11.1842  2.29336  0  0
11.1842  2.32478  0  0
11.1842  2.35619  0  0
11.1842  2.38761  0  0
11.1842  2.41903  0  0
11.1842  2.45044  0  0
11.1842  2.48186  0  0
11.1842  2.51327  0  0
11.1842  2.54469  0  0
11.1842  2.57611  0  0
11.1842  2.60752  0  0
11.1842  2.63894  0  0
11.1842  2.67035  0  0
11.1842  2.70177  0  0
11.1842  2.73319  0  0
11.1842  2.7646  0  0
11.1842  2.79602  0  0
11.1842  2.82743  0  0
11.1842  2.85885  0  0
11.1842  2.89027  0  0
11.1842  2.92168  0  0
11.1842  2.9531  0  0
11.1842  2.98451  0  0
11.1842  3.01593  0  0
11.1842  3.04734  0  0
11.1842  3.07876  0  0
11.1842  3.11018  0  0
11.3224  0  0  0
11.3224  0.0314159  0  0
11.3224  0.0628319  0  0
11.3224  0.0942478  0  0
11.3224  0.125664  0  0
11.3224  0.15708  0  0
11.3224  0.188496  0  0
11.3224  0.219911  0  0
11.3224  0.251327  0  0
11.3224  0.282743  0  0
11.3224  0.314159  0  0
11.3224  0.345575  0  0
11.3224  0.376991  0  0
11.3224  0.408407  0  0
11.3224  0.439823  0  0
11.3224  0.471239  0  0
11.3224  0.502655  0  0
11.3224  0.534071  0  0
11.3224  0.565487  0  0
11.3224  0.596903  0  0
11.3224  0.628319  0  0
11.3224  0.659734  0  0
11.3224  0.69115  0  0
11.3224  0.722566  0  0
11.3224  0.753982  0  0
11.3224  0.785398  0  0
11.3224  0.816814  0  0
11.3224  0.84823  0  0
11.3224  0.879646  0  0
11.3224  0.911062  0  0
11.3224  0.942478  0  0
11.3224  0.973894  0  0
11.3224  1.00531  0  0
11.3224  1.03673  0  0
11.3224  1.06814  0  0
11.3224  1.09956  0  0
11.3224  1.13097  0  0
11.3224  1.16239  0  0
11.3224  1.19381  0  0
11.3224  1.22522  0  0
11.3224  1.25664  0  0
11.3224  1.28805  0  0
11.3224  1.31947  0  0
11.3224  1.35088  0  0
11.3224  1.3823  0  0
11.3224  1.41372  0  0
11.3224  1.44513  0  0
11.3224  1.47655  0  0
11.3224  1.50796  0  0
11.3224  1.53938  0  0
11.3224  1.5708  0  0
11.3224  1.60221  0  0
11.3224  1.63363  0  0
11.3224  1.66504  0  0
11.3224  1.69646  0  0
11.3224  1.72788  0  0
11.3224  1.75929  0  0
11.3224  1.79071  0  0
11.3224  1.82212  0  0
11.3224  1.85354  0  0
11.3224  1.88496  0  0
11.3224  1.91637  0  0
11.3224  1.94779  0  0
11.3224  1.9792  0  0
11.3224  2.01062  0  0
11.3224  2.04204  0  0
11.3224  2.07345  0  0
11.3224  2.10487  0  0
11.3224  2.13628  0  0
11.3224  2.1677  0  0
11.3224  2.19911  0  0
11.3224  2.23053  0  0
11.3224  2.26195  0  0
11.3224  2.29336  0  0
11.3224  2.32478  0  0
11.3224  2.35619  0  0
11.3224  2.38761  0  0
11.3224  2.41903  0  0
11.3224  2.45044  0  0
11.3224  2.48186  0  0
11.3224  2.51327  0  0
11.3224  2.54469  0  0
11.3224  2.57611  0  0
11.3224  2.60752  0  0
11.3224  2.63894  0  0
11.3224  2.67035  0  0
11.3224  2.70177  0  0
11.3224  2.73319  0  0
11.3224  2.7646  0  0
11.3224  2.79602  0  0
11.3224  2.82743  0  0
11.3224  2.85885  0  0
11.3224  2.89027  0  0
11.3224  2.92168  0  0
11.3224  2.9531  0  0
11.3224  2.98451  0  0
11.3224  3.01593  0  0
11.3224  3.04734  0  0
11.3224  3.07876  0  0
11.3224  3.11018  0  0
11.4605  0  0  0
11.4605  0.0314159  0  0
11.4605  0.0628319  0  0
11.4605  0.0942478  0  0
11.4605  0.125664  0  0
11.4605  0.15708  0  0
11.4605  0.188496  0  0
11.4605  0.219911  0  0
11.4605  0.251327  0  0
11.4605  0.282743  0  0
11.4605  0.314159  0  0
11.4605  0.345575  0  0
11.4605  0.376991  0  0
11.4605  0.408407  0  0
11.4605  0.439823  0  0
11.4605  0.471239  0  0
11.4605  0.502655  0  0
11.4605  0.534071  0  0
11.4605  0.565487  0  0
11.4605  0.596903  0  0
11.4605  0.628319  0  0
11.4605  0.659734  0  0
11.4605  0.69115  0  0
11.4605  0.722566  0  0
11.4605  0.753982  0  0
11.4605  0.785398  0  0
11.4605  0.816814  0  0
11.4605  0.84823  0  0
11.4605  0.879646  0  0
11.4605  0.911062  0  0
11.4605  0.942478  0  0
11.4605  0.973894  0  0
11.4605  1.00531  0  0
11.4605  1.03673  0  0
11.4605  1.06814  0  0
11.4605  1.09956  0  0
11.4605  1.13097  0  0
11.4605  1.16239  0  0
11.4605  1.19381  0  0
11.4605  1.22522  0  0
11.4605  1.25664  0  0
11.4605  1.28805  0  0
11.4605  1.31947  0  0
11.4605  1.35088  0  0
11.4605  1.3823  0  0
11.4605  1.41372  0  0
11.4605  1.44513  0  0
11.4605  1.47655  0  0
11.4605  1.50796  0  0
11.4605  1.53938  0  0
11.4605  1.5708  0  0
11.4605  1.60221  0  0
11.4605  1.63363  0  0
11.4605  1.66504  0  0
11.4605  1.69646  0  0
11.4605  1.72788  0  0
11.4605  1.75929  0  0
11.4605  1.79071  0  0
11.4605  1.82212  0  0
11.4605  1.85354  0  0
11.4605  1.88496  0  0
11.4605  1.91637  0  0
11.4605  1.94779  0  0
11.4605  1.9792  0  0
11.4605  2.01062  0  0
11.4605  2.04204  0  0
11.4605  2.07345  0  0
11.4605  2.10487  0  0
11.4605  2.13628  0  0
11.4605  2.1677  0  0
11.4605  2.19911  0  0
11.4605  2.23053  0  0
11.4605  2.26195  0  0
11.4605  2.29336  0  0
11.4605  2.32478  0  0
11.4605  2.35619  0  0
11.4605  2.38761  0  0
11.4605  2.41903  0  0
11.4605  2.45044  0  0
11.4605  2.48186  0  0
11.4605  2.51327  0  0
11.4605  2.54469  0  0
11.4605  2.57611  0  0
11.4605  2.60752  0  0
11.4605  2.63894  0  0
11.4605  2.67035  0  0
11.4605  2.70177  0  0
11.4605  2.73319  0  0
11.4605  2.7646  0  0
11.4605  2.79602  0  0
11.4605  2.82743  0  0
11.4605  2.85885  0  0
11.4605  2.89027  0  0
11.4605  2.92168  0  0
11.4605  2.9531  0  0
11.4605  2.98451  0  0
11.4605  3.01593  0  0
11.4605  3.04734  0  0
11.4605  3.07876  0  0
11.4605  3.11018  0  0
11.5987  0  0  0
11.5987  0.0314159  0  0
11.5987  0.0628319  0  0
11.5987  0.0942478  0  0
11.5987  0.125664  0  0
11.5987  0.15708  0  0
11.5987  0.188496  0  0
11.5987  0.219911  0  0
11.5987  0.251327  0  0
11.5987  0.282743  0  0
11.5987  0.314159  0  0
11.5987  0.345575  0  0
11.5987  0.376991  0  0
11.5987  0.408407  0  0
11.5987  0.439823  0  0
11.5987  0.471239  0  0
11.5987  0.502655  0  0
11.5987  0.534071  0  0
11.5987  0.565487  0  0
11.5987  0.596903  0  0
11.5987  0.628319  0  0
11.5987  0.659734  0  0
11.5987  0.69115  0  0
11.5987  0.722566  0  0
11.5987  0.753982  0  0
11.5987  0.785398  0  0
11.5987  0.816814  0  0
11.5987  0.84823  0  0
11.5987  0.879646  0  0
11.5987  0.911062  0  0
11.5987  0.942478  0  0
11.5987  0.973894  0  0
11.5987  1.00531  0  0
11.5987  1.03673  0  0
11.5987  1.06814  0  0
11.5987  1.09956  0  0
11.5987  1.13097  0  0
11.5987  1.16239  0  0
11.5987  1.19381  0  0
11.5987  1.22522  0  0
11.5987  1.25664  0  0
11.5987  1.28805  0  0
11.5987  1.31947  0  0
11.5987  1.35088  0  0
11.5987  1.3823  0  0
11.5987  1.41372  0  0
11.5987  1.44513  0  0
11.5987  1.47655  0  0
11.5987  1.50796  0  0
11.5987  1.53938  0  0
11.5987  1.5708  0  0
11.5987  1.60221  0  0
11.5987  1.63363  0  0
11.5987  1.66504  0  0
11.5987  1.69646  0  0
11.5987  1.72788  0  0
11.5987  1.75929  0  0
11.5987  1.79071  0  0
11.5987  1.82212  0  0
11.5987  1.85354  0  0
11.5987  1.88496  0  0
11.5987  1.91637  0  0
11.5987  1.94779  0  0
11.5987  1.9792  0  0
11.5987  2.01062  0  0
11.5987  2.04204  0  0
11.5987  2.07345  0  0
11.5987  2.10487  0  0
11.5987  2.13628  0  0
11.5987  2.1677  0  0
11.5987  2.19911  0  0
11.5987  2.23053  0  0
11.5987  2.26195  0  0
11.5987  2.29336  0  0
11.5987  2.32478  0  0
11.5987  2.35619  0  0
11.5987  2.38761  0  0
11.5987  2.41903  0  0
11.5987  2.45044  0  0
11.5987  2.48186  0  0
11.5987  2.51327  0  0
11.5987  2.54469  0  0
11.5987  2.57611  0  0
11.5987  2.60752  0  0
11.5987  2.63894  0  0
11.5987  2.67035  0  0
11.5987  2.70177  0  0
11.5987  2.73319  0  0
11.5987  2.7646  0  0
11.5987  2.79602  0  0
11.5987  2.82743  0  0
11.5987  2.85885  0  0
11.5987  2.89027  0  0
11.5987  2.92168  0  0
11.5987  2.9531  0  0
11.5987  2.98451  0  0
11.5987  3.01593  0  0
11.5987  3.04734  0  0
11.5987  3.07876  0  0
11.5987  3.11018  0  0
11.7368  0  0  0
11.7368  0.0314159  0  0
11.7368  0.0628319  0  0
11.7368  0.0942478  0  0
11.7368  0.125664  0  0
11.7368  0.15708  0  0
11.7368  0.188496  0  0
11.7368  0.219911  0  0
11.7368  0.251327  0  0
11.7368  0.282743  0  0
11.7368  0.314159  0  0
11.7368  0.345575  0  0
11.7368  0.376991  0  0
11.7368  0.408407  0  0
11.7368  0.439823  0  0
11.7368  0.471239  0  0
11.7368  0.502655  0  0
11.7368  0.534071  0  0
11.7368  0.565487  0  0
11.7368  0.596903  0  0
11.7368  0.628319  0  0
11.7368  0.659734  0  0
11.7368  0.69115  0  0
11.7368  0.722566  0  0
11.7368  0.753982  0  0
11.7368  0.785398  0  0
11.7368  0.816814  0  0
11.7368  0.84823  0  0
11.7368  0.879646  0  0
11.7368  0.911062  0  0
11.7368  0.942478  0  0
11.7368  0.973894  0  0
11.7368  1.00531  0  0
11.7368  1.03673  0  0
11.7368  1.06814  0  0
11.7368  1.09956  0  0
11.7368  1.13097  0  0
11.7368  1.16239  0  0
11.7368  1.19381  0  0
11.7368  1.22522  0  0
11.7368  1.25664  0  0
11.7368  1.28805  0  0
11.7368  1.31947  0  0
11.7368  1.35088  0  0
11.7368  1.3823  0  0
11.7368  1.41372  0  0
11.7368  1.44513  0  0
11.7368  1.47655  0  0
11.7368  1.50796  0  0
11.7368  1.53938  0  0
11.7368  1.5708  0  0
11.7368  1.60221  0  0
11.7368  1.63363  0  0
11.7368  1.66504  0  0
11.7368  1.69646  0  0
11.7368  1.72788  0  0
11.7368  1.75929  0  0
11.7368  1.79071  0  0
11.7368  1.82212  0  0
11.7368  1.85354  0  0
11.7368  1.88496  0  0
11.7368  1.91637  0  0
11.7368  1.94779  0  0
11.7368  1.9792  0  0
11.7368  2.01062  0  0
11.7368  2.04204  0  0
11.7368  2.07345  0  0
11.7368  2.10487  0  0
11.7368  2.13628  0  0
11.7368  2.1677  0  0
11.7368  2.19911  0  0
11.7368  2.23053  0  0
11.7368  2.26195  0  0
11.7368  2.29336  0  0
11.7368  2.32478  0  0
11.7368  2.35619  0  0
11.7368  2.38761  0  0
11.7368  2.41903  0  0
11.7368  2.45044  0  0
11.7368  2.48186  0  0
11.7368  2.51327  0  0
11.7368  2.54469  0  0
11.7368  2.57611  0  0
11.7368  2.60752  0  0
11.7368  2.63894  0  0
11.7368  2.67035  0  0
11.7368  2.70177  0  0
11.7368  2.73319  0  0
11.7368  2.7646  0  0
11.7368  2.79602  0  0
11.7368  2.82743  0  0
11.7368  2.85885  0  0
11.7368  2.89027  0  0
11.7368  2.92168  0  0
11.7368  2.9531  0  0
11.7368  2.98451  0  0
11.7368  3.01593  0  0
11.7368  3.04734  0  0
11.7368  3.07876  0  0
11.7368  3.11018  0  0
11.875  0  0  0
11.875  0.0314159  0  0
11.875  0.0628319  0  0
11.875  0.0942478  0  0
11.875  0.125664  0  0
11.875  0.15708  0  0
11.875  0.188496  0  0
11.875  0.219911  0  0
11.875  0.251327  0  0
11.875  0.282743  0  0
11.875  0.314159  0  0
11.875  0.345575  0  0
11.875  0.376991  0  0
11.875  0.408407  0  0
11.875  0.439823  0  0
11.875  0.471239  0  0
11.875  0.502655  0  0
11.875  0.534071  0  0
11.875  0.565487  0  0
11.875  0.596903  0  0
11.875  0.628319  0  0
11.875  0.659734  0  0
11.875  0.69115  0  0
11.875  0.722566  0  0
11.875  0.753982  0  0
11.875  0.785398  0  0
11.875  0.816814  0  0
11.875  0.84823  0  0
11.875  0.879646  0  0
11.875  0.911062  0  0
11.875  0.942478  0  0
11.875  0.973894  0  0
11.875  1.00531  0  0
11.875  1.03673  0  0
11.875  1.06814  0  0
11.875  1.09956  0  0
11.875  1.13097  0  0
11.875  1.16239  0  0
11.875  1.19381  0  0
11.875  1.22522  0  0
11.875  1.25664  0  0
11.875  1.28805  0  0
11.875  1.31947  0  0
11.875  1.35088  0  0
11.875  1.3823  0  0
11.875  1.41372  0  0
11.875  1.44513  0  0
11.875  1.47655  0  0
11.875  1.50796  0  0
11.875  1.53938  0  0
11.875  1.5708  0  0
11.875  1.60221  0  0
11.875  1.63363  0  0
11.875  1.66504  0  0
11.875  1.69646  0  0
11.875  1.72788  0  0
11.875  1.75929  0  0
11.875  1.79071  0  0
11.875  1.82212  0  0
11.875  1.85354  0  0
11.875  1.88496  0  0
11.875  1.91637  0  0
11.875  1.94779  0  0
11.875  1.9792  0  0
11.875  2.01062  0  0
11.875  2.04204  0  0
11.875  2.07345  0  0
11.875  2.10487  0  0
11.875  2.13628  0  0
11.875  2.1677  0  0
11.875  2.19911  0  0
11.875  2.23053  0  0
11.875  2.26195  0  0
11.875  2.29336  0  0
11.875  2.32478  0  0
11.875  2.35619  0  0
11.875  2.38761  0  0
11.875  2.41903  0  0
11.875  2.45044  0  0
11.875  2.48186  0  0
11.875  2.51327  0  0
11.875  2.54469  0  0
11.875  2.57611  0  0
11.875  2.60752  0  0
11.875  2.63894  0  0
11.875  2.67035  0  0
11.875  2.70177  0  0
11.875  2.73319  0  0
11.875  2.7646  0  0
11.875  2.79602  0  0
11.875  2.82743  0  0
11.875  2.85885  0  0
11.875  2.89027  0  0
11.875  2.92168  0  0
11.875  2.9531  0  0
11.875  2.98451  0  0
11.875  3.01593  0  0
11.875  3.04734  0  0
11.875  3.07876  0  0
11.875  3.11018  0  0
12.0132  0  0  0
12.0132  0.0314159  0  0
12.0132  0.0628319  0  0
12.0132  0.0942478  0  0
12.0132  0.125664  0  0
12.0132  0.15708  0  0
12.0132  0.188496  0  0
12.0132  0.219911  0  0
12.0132  0.251327  0  0
12.0132  0.282743  0  0
12.0132  0.314159  0  0
12.0132  0.345575  0  0
12.0132  0.376991  0  0
12.0132  0.408407  0  0
12.0132  0.439823  0  0
12.0132  0.471239  0  0
12.0132  0.502655  0  0
12.0132  0.534071  0  0
12.0132  0.565487  0  0
12.0132  0.596903  0  0
12.0132  0.628319  0  0
12.0132  0.659734  0  0
12.0132  0.69115  0  0
12.0132  0.722566  0  0
12.0132  0.753982  0  0
12.0132  0.785398  0  0
12.0132  0.816814  0  0
12.0132  0.84823  0  0
12.0132  0.879646  0  0
12.0132  0.911062  0  0
12.0132  0.942478  0  0
12.0132  0.973894  0  0
12.0132  1.00531  0  0
12.0132  1.03673  0  0
12.0132  1.06814  0  0
12.0132  1.09956  0  0
12.0132  1.13097  0  0
12.0132  1.16239  0  0
12.0132  1.19381  0  0
12.0132  1.22522  0  0
12.0132  1.25664  0  0
12.0132  1.28805  0  0
12.0132  1.31947  0  0
12.0132  1.35088  0  0
12.0132  1.3823  0  0
12.0132  1.41372  0  0
12.0132  1.44513  0  0
12.0132  1.47655  0  0
12.0132  1.50796  0  0
12.0132  1.53938  0  0
12.0132  1.5708  0  0
12.0132  1.60221  0  0
12.0132  1.63363  0  0
12.0132  1.66504  0  0
12.0132  1.69646  0  0
12.0132  1.72788  0  0
12.0132  1.75929  0  0
12.0132  1.79071  0  0
12.0132  1.82212  0  0
12.0132  1.85354  0  0
12.0132  1.88496  0  0
12.0132  1.91637  0  0
12.0132  1.94779  0  0
12.0132  1.9792  0  0
12.0132  2.01062  0  0
12.0132  2.04204  0  0
12.0132  2.07345  0  0
12.0132  2.10487  0  0
12.0132  2.13628  0  0
12.0132  2.1677  0  0
12.0132  2.19911  0  0
12.0132  2.23053  0  0
12.0132  2.26195  0  0
12.0132  2.29336  0  0
12.0132  2.32478  0  0
12.0132  2.35619  0  0
12.0132  2.38761  0  0
12.0132  2.41903  0  0
12.0132  2.45044  0  0
12.0132  2.48186  0  0
12.0132  2.51327  0  0
12.0132  2.54469  0  0
12.0132  2.57611  0  0
12.0132  2.60752  0  0
12.0132  2.63894  0  0
12.0132  2.67035  0  0
12.0132  2.70177  0  0
12.0132  2.73319  0  0
12.0132  2.7646  0  0
12.0132  2.79602  0  0
12.0132  2.82743  0  0
12.0132  2.85885  0  0
12.0132  2.89027  0  0
12.0132  2.92168  0  0
12.0132  2.9531  0  0
12.0132  2.98451  0  0
12.0132  3.01593  0  0
12.0132  3.04734  0  0
12.0132  3.07876  0  0
12.0132  3.11018  0  0
12.1513  0  0  0
12.1513  0.0314159  0  0
12.1513  0.0628319  0  0
12.1513  0.0942478  0  0
12.1513  0.125664  0  0
12.1513  0.15708  0  0
12.1513  0.188496  0  0
12.1513  0.219911  0  0
12.1513  0.251327  0  0
12.1513  0.282743  0  0
12.1513  0.314159  0  0
12.1513  0.345575  0  0
12.1513  0.376991  0  0
12.1513  0.408407  0  0
12.1513  0.439823  0  0
12.1513  0.471239  0  0
12.1513  0.502655  0  0
12.1513  0.534071  0  0
12.1513  0.565487  0  0
12.1513  0.596903  0  0
12.1513  0.628319  0  0
12.1513  0.659734  0  0
12.1513  0.69115  0  0
12.1513  0.722566  0  0
12.1513  0.753982  0  0
12.1513  0.785398  0  0
12.1513  0.816814  0  0
12.1513  0.84823  0  0
12.1513  0.879646  0  0
12.1513  0.911062  0  0
12.1513  0.942478  0  0
12.1513  0.973894  0  0
12.1513  1.00531  0  0
12.1513  1.03673  0  0
12.1513  1.06814  0  0
12.1513  1.09956  0  0
12.1513  1.13097  0  0
12.1513  1.16239  0  0
12.1513  1.19381  0  0
12.1513  1.22522  0  0
12.1513  1.25664  0  0
12.1513  1.28805  0  0
12.1513  1.31947  0  0
12.1513  1.35088  0  0
12.1513  1.3823  0  0
12.1513  1.41372  0  0
12.1513  1.44513  0  0
12.1513  1.47655  0  0
12.1513  1.50796  0  0
12.1513  1.53938  0  0
12.1513  1.5708  0  0
12.1513  1.60221  0  0
12.1513  1.63363  0  0
12.1513  1.66504  0  0
12.1513  1.69646  0  0
12.1513  1.72788  0  0
12.1513  1.75929  0  0
12.1513  1.79071  0  0
12.1513  1.82212  0  0
12.1513  1.85354  0  0
12.1513  1.88496  0  0
12.1513  1.91637  0  0
12.1513  1.94779  0  0
12.1513  1.9792  0  0
12.1513  2.01062  0  0
12.1513  2.04204  0  0
12.1513  2.07345  0  0
12.1513  2.10487  0  0
12.1513  2.13628  0  0
12.1513  2.1677  0  0
12.1513  2.19911  0  0
12.1513  2.23053  0  0
12.1513  2.26195  0  0
12.1513  2.29336  0  0
12.1513  2.32478  0  0
12.1513  2.35619  0  0
12.1513  2.38761  0  0
12.1513  2.41903  0  0
12.1513  2.45044  0  0
12.1513  2.48186  0  0
12.1513  2.51327  0  0
12.1513  2.54469  0  0
12.1513  2.57611  0  0
12.1513  2.60752  0  0
12.1513  2.63894  0  0
12.1513  2.67035  0  0
12.1513  2.70177  0  0
12.1513  2.73319  0  0
12.1513  2.7646  0  0
12.1513  2.79602  0  0
12.1513  2.82743  0  0
12.1513  2.85885  0  0
12.1513  2.89027  0  0
12.1513  2.92168  0  0
12.1513  2.9531  0  0
12.1513  2.98451  0  0
12.1513  3.01593  0  0
12.1513  3.04734  0  0
12.1513  3.07876  0  0
12.1513  3.11018  0  0
12.2895  0  0  0
12.2895  0.0314159  0  0
12.2895  0.0628319  0  0
12.2895  0.0942478  0  0
12.2895  0.125664  0  0
12.2895  0.15708  0  0
12.2895  0.188496  0  0
12.2895  0.219911  0  0
12.2895  0.251327  0  0
12.2895  0.282743  0  0
12.2895  0.314159  0  0
12.2895  0.345575  0  0
12.2895  0.376991  0  0
12.2895  0.408407  0  0
12.2895  0.439823  0  0
12.2895  0.471239  0  0
12.2895  0.502655  0  0
12.2895  0.534071  0  0
12.2895  0.565487  0  0
12.2895  0.596903  0  0
12.2895  0.628319  0  0
12.2895  0.659734  0  0
12.2895  0.69115  0  0
12.2895  0.722566  0  0
12.2895  0.753982  0  0
12.2895  0.785398  0  0
12.2895  0.816814  0  0
12.2895  0.84823  0  0
12.2895  0.879646  0  0
12.2895  0.911062  0  0
12.2895  0.942478  0  0
12.2895  0.973894  0  0
12.2895  1.00531  0  0
12.2895  1.03673  0  0
12.2895  1.06814  0  0
12.2895  1.09956  0  0
12.2895  1.13097  0  0
12.2895  1.16239  0  0
12.2895  1.19381  0  0
12.2895  1.22522  0  0
12.2895  1.25664  0  0
12.2895  1.28805  0  0
12.2895  1.31947  0  0
12.2895  1.35088  0  0
12.2895  1.3823  0  0
12.2895  1.41372  0  0
12.2895  1.44513  0  0
12.2895  1.47655  0  0
12.2895  1.50796  0  0
12.2895  1.53938  0  0
12.2895  1.5708  0  0
12.2895  1.60221  0  0
12.2895  1.63363  0  0
12.2895  1.66504  0  0
12.2895  1.69646  0  0
12.2895  1.72788  0  0
12.2895  1.75929  0  0
12.2895  1.79071  0  0
12.2895  1.82212  0  0
12.2895  1.85354  0  0
12.2895  1.88496  0  0
12.2895  1.91637  0  0
12.2895  1.94779  0  0
12.2895  1.9792  0  0
12.2895  2.01062  0  0
12.2895  2.04204  0  0
12.2895  2.07345  0  0
12.2895  2.10487  0  0
12.2895  2.13628  0  0
12.2895  2.1677  0  0
12.2895  2.19911  0  0
12.2895  2.23053  0  0
12.2895  2.26195  0  0
12.2895  2.29336  0  0
12.2895  2.32478  0  0
12.2895  2.35619  0  0
12.2895  2.38761  0  0
12.2895  2.41903  0  0
12.2895  2.45044  0  0
12.2895  2.48186  0  0
12.2895  2.51327  0  0
12.2895  2.54469  0  0
12.2895  2.57611  0  0
12.2895  2.60752  0  0
12.2895  2.63894  0  0
12.2895  2.67035  0  0
12.2895  2.70177  0  0
12.2895  2.73319  0  0
12.2895  2.7646  0  0
12.2895  2.79602  0  0
12.2895  2.82743  0  0
12.2895  2.85885  0  0
12.2895  2.89027  0  0
12.2895  2.92168  0  0
12.2895  2.9531  0  0
12.2895  2.98451  0  0
12.2895  3.01593  0  0
12.2895  3.04734  0  0
12.2895  3.07876  0  0
12.2895  3.11018  0  0
12.4276  0  0  0
12.4276  0.0314159  0  0
12.4276  0.0628319  0  0
12.4276  0.0942478  0  0
12.4276  0.125664  0  0
12.4276  0.15708  0  0
12.4276  0.188496  0  0
12.4276  0.219911  0  0
12.4276  0.251327  0  0
12.4276  0.282743  0  0
12.4276  0.314159  0  0
12.4276  0.345575  0  0
12.4276  0.376991  0  0
12.4276  0.408407  0  0
12.4276  0.439823  0  0
12.4276  0.471239  0  0
12.4276  0.502655  0  0
12.4276  0.534071  0  0
12.4276  0.565487  0  0
12.4276  0.596903  0  0
12.4276  0.628319  0  0
12.4276  0.659734  0  0
12.4276  0.69115  0  0
12.4276  0.722566  0  0
12.4276  0.753982  0  0
12.4276  0.785398  0  0
12.4276  0.816814  0  0
12.4276  0.84823  0  0
12.4276  0.879646  0  0
12.4276  0.911062  0  0
12.4276  0.942478  0  0
12.4276  0.973894  0  0
12.4276  1.00531  0  0
12.4276  1.03673  0  0
12.4276  1.06814  0  0
12.4276  1.09956  0  0
12.4276  1.13097  0  0
12.4276  1.16239  0  0
12.4276  1.19381  0  0
12.4276  1.22522  0  0
12.4276  1.25664  0  0
12.4276  1.28805  0  0
12.4276  1.31947  0  0
12.4276  1.35088  0  0
12.4276  1.3823  0  0
12.4276  1.41372  0  0
12.4276  1.44513  0  0
12.4276  1.47655  0  0
12.4276  1.50796  0  0
12.4276  1.53938  0  0
12.4276  1.5708  0  0
12.4276  1.60221  0  0
12.4276  1.63363  0  0
12.4276  1.66504  0  0
12.4276  1.69646  0  0
12.4276  1.72788  0  0
12.4276  1.75929  0  0
12.4276  1.79071  0  0
12.4276  1.82212  0  0
12.4276  1.85354  0  0
12.4276  1.88496  0  0
12.4276  1.91637  0  0
12.4276  1.94779  0  0
12.4276  1.9792  0  0
12.4276  2.01062  0  0
12.4276  2.04204  0  0
12.4276  2.07345  0  0
12.4276  2.10487  0  0
12.4276  2.13628  0  0
12.4276  2.1677  0  0
12.4276  2.19911  0  0
12.4276  2.23053  0  0
12.4276  2.26195  0  0
12.4276  2.29336  0  0
12.4276  2.32478  0  0
12.4276  2.35619  0  0
12.4276  2.38761  0  0
12.4276  2.41903  0  0
12.4276  2.45044  0  0
12.4276  2.48186  0  0
12.4276  2.51327  0  0
12.4276  2.54469  0  0
12.4276  2.57611  0  0
12.4276  2.60752  0  0
12.4276  2.63894  0  0
12.4276  2.67035  0  0
12.4276  2.70177  0  0
12.4276  2.73319  0  0
12.4276  2.7646  0  0
12.4276  2.79602  0  0
12.4276  2.82743  0  0
12.4276  2.85885  0  0
12.4276  2.89027  0  0
12.4276  2.92168  0  0
12.4276  2.9531  0  0
12.4276  2.98451  0  0
12.4276  3.01593  0  0
12.4276  3.04734  0  0
12.4276  3.07876  0  0
12.4276  3.11018  0  0
12.5658  0  0  0
12.5658  0.0314159  0  0
12.5658  0.0628319  0  0
12.5658  0.0942478  0  0
12.5658  0.125664  0  0
12.5658  0.15708  0  0
12.5658  0.188496  0  0
12.5658  0.219911  0  0
12.5658  0.251327  0  0
12.5658  0.282743  0  0
12.5658  0.314159  0  0
12.5658  0.345575  0  0
12.5658  0.376991  0  0
12.5658  0.408407  0  0
12.5658  0.439823  0  0
12.5658  0.471239  0  0
12.5658  0.502655  0  0
12.5658  0.534071  0  0
12.5658  0.565487  0  0
12.5658  0.596903  0  0
12.5658  0.628319  0  0
12.5658  0.659734  0  0
12.5658  0.69115  0  0
12.5658  0.722566  0  0
12.5658  0.753982  0  0
12.5658  0.785398  0  0
12.5658  0.816814  0  0
12.5658  0.84823  0  0
12.5658  0.879646  0  0
12.5658  0.911062  0  0
12.5658  0.942478  0  0
12.5658  0.973894  0  0
12.5658  1.00531  0  0
12.5658  1.03673  0  0
12.5658  1.06814  0  0
12.5658  1.09956  0  0
12.5658  1.13097  0  0
12.5658  1.16239  0  0
12.5658  1.19381  0  0
12.5658  1.22522  0  0
12.5658  1.25664  0  0
12.5658  1.28805  0  0
12.5658  1.31947  0  0
12.5658  1.35088  0  0
12.5658  1.3823  0  0
12.5658  1.41372  0  0
12.5658  1.44513  0  0
12.5658  1.47655  0  0
12.5658  1.50796  0  0
12.5658  1.53938  0  0
12.5658  1.5708  0  0
12.5658  1.60221  0  0
12.5658  1.63363  0  0
12.5658  1.66504  0  0
12.5658  1.69646  0  0
12.5658  1.72788  0  0
12.5658  1.75929  0  0
12.5658  1.79071  0  0
12.5658  1.82212  0  0
12.5658  1.85354  0  0
12.5658  1.88496  0  0
12.5658  1.91637  0  0
12.5658  1.94779  0  0
12.5658  1.9792  0  0
12.5658  2.01062  0  0
12.5658  2.04204  0  0
12.5658  2.07345  0  0
12.5658  2.10487  0  0
12.5658  2.13628  0  0
12.5658  2.1677  0  0
12.5658  2.19911  0  0
12.5658  2.23053  0  0
12.5658  2.26195  0  0
12.5658  2.29336  0  0
12.5658  2.32478  0  0
12.5658  2.35619  0  0
12.5658  2.38761  0  0
12.5658  2.41903  0  0
12.5658  2.45044  0  0
12.5658  2.48186  0  0
12.5658  2.51327  0  0
12.5658  2.54469  0  0
12.5658  2.57611  0  0
12.5658  2.60752  0  0
12.5658  2.63894  0  0
12.5658  2.67035  0  0
12.5658  2.70177  0  0
12.5658  2.73319  0  0
12.5658  2.7646  0  0
12.5658  2.79602  0  0
12.5658  2.82743  0  0
12.5658  2.85885  0  0
12.5658  2.89027  0  0
12.5658  2.92168  0  0
12.5658  2.9531  0  0
12.5658  2.98451  0  0
12.5658  3.01593  0  0
12.5658  3.04734  0  0
12.5658  3.07876  0  0
12.5658  3.11018  0  0
12.7039  0  0  0
12.7039  0.0314159  0  0
12.7039  0.0628319  0  0
12.7039  0.0942478  0  0
12.7039  0.125664  0  0
12.7039  0.15708  0  0
12.7039  0.188496  0  0
12.7039  0.219911  0  0
12.7039  0.251327  0  0
12.7039  0.282743  0  0
12.7039  0.314159  0  0
12.7039  0.345575  0  0
12.7039  0.376991  0  0
12.7039  0.408407  0  0
12.7039  0.439823  0  0
12.7039  0.471239  0  0
12.7039  0.502655  0  0
12.7039  0.534071  0  0
12.7039  0.565487  0  0
12.7039  0.596903  0  0
12.7039  0.628319  0  0
12.7039  0.659734  0  0
12.7039  0.69115  0  0
12.7039  0.722566  0  0
12.7039  0.753982  0  0
12.7039  0.785398  0  0
12.7039  0.816814  0  0
12.7039  0.84823  0  0
12.7039  0.879646  0  0
12.7039  0.911062  0  0
12.7039  0.942478  0  0
12.7039  0.973894  0  0
12.7039  1.00531  0  0
12.7039  1.03673  0  0
12.7039  1.06814  0  0
12.7039  1.09956  0  0
12.7039  1.13097  0  0
12.7039  1.16239  0  0
12.7039  1.19381  0  0
12.7039  1.22522  0  0
12.7039  1.25664  0  0
12.7039  1.28805  0  0
12.7039  1.31947  0  0
12.7039  1.35088  0  0
12.7039  1.3823  0  0
12.7039  1.41372  0  0
12.7039  1.44513  0  0
12.7039  1.47655  0  0
12.7039  1.50796  0  0
12.7039  1.53938  0  0
12.7039  1.5708  0  0
12.7039  1.60221  0  0
12.7039  1.63363  0  0
12.7039  1.66504  0  0
12.7039  1.69646  0  0
12.7039  1.72788  0  0
12.7039  1.75929  0  0
12.7039  1.79071  0  0
12.7039  1.82212  0  0
12.7039  1.85354  0  0
12.7039  1.88496  0  0
12.7039  1.91637  0  0
12.7039  1.94779  0  0
12.7039  1.9792  0  0
12.7039  2.01062  0  0
12.7039  2.04204  0  0
12.7039  2.07345  0  0
12.7039  2.10487  0  0
12.7039  2.13628  0  0
12.7039  2.1677  0  0
12.7039  2.19911  0  0
12.7039  2.23053  0  0
12.7039  2.26195  0  0
12.7039  2.29336  0  0
12.7039  2.32478  0  0
12.7039  2.35619  0  0
12.7039  2.38761  0  0
12.7039  2.41903  0  0
12.7039  2.45044  0  0
12.7039  2.48186  0  0
12.7039  2.51327  0  0
12.7039  2.54469  0  0
12.7039  2.57611  0  0
12.7039  2.60752  0  0
12.7039  2.63894  0  0
12.7039  2.67035  0  0
12.7039  2.70177  0  0
12.7039  2.73319  0  0
12.7039  2.7646  0  0
12.7039  2.79602  0  0
12.7039  2.82743  0  0
12.7039  2.85885  0  0
12.7039  2.89027  0  0
12.7039  2.92168  0  0
12.7039  2.9531  0  0
12.7039  2.98451  0  0
12.7039  3.01593  0  0
12.7039  3.04734  0  0
12.7039  3.07876  0  0
12.7039  3.11018  0  0
12.8421  0  0  0
12.8421  0.0314159  0  0
12.8421  0.0628319  0  0
12.8421  0.0942478  0  0
12.8421  0.125664  0  0
12.8421  0.15708  0  0
12.8421  0.188496  0  0
12.8421  0.219911  0  0
12.8421  0.251327  0  0
12.8421  0.282743  0  0
12.8421  0.314159  0  0
12.8421  0.345575  0  0
12.8421  0.376991  0  0
12.8421  0.408407  0  0
12.8421  0.439823  0  0
12.8421  0.471239  0  0
12.8421  0.502655  0  0
12.8421  0.534071  0  0
12.8421  0.565487  0  0
12.8421  0.596903  0  0
12.8421  0.628319  0  0
12.8421  0.659734  0  0
12.8421  0.69115  0  0
12.8421  0.722566  0  0
12.8421  0.753982  0  0
12.8421  0.785398  0  0
12.8421  0.816814  0  0
12.8421  0.84823  0  0
12.8421  0.879646  0  0
12.8421  0.911062  0  0
12.8421  0.942478  0  0
12.8421  0.973894  0  0
12.8421  1.00531  0  0
12.8421  1.03673  0  0
12.8421  1.06814  0  0
12.8421  1.09956  0  0
12.8421  1.13097  0  0
12.8421  1.16239  0  0
12.8421  1.19381  0  0
12.8421  1.22522  0  0
12.8421  1.25664  0  0
12.8421  1.28805  0  0
12.8421  1.31947  0  0
12.8421  1.35088  0  0
12.8421  1.3823  0  0
12.8421  1.41372  0  0
12.8421  1.44513  0  0
12.8421  1.47655  0  0
12.8421  1.50796  0  0
12.8421  1.53938  0  0
12.8421  1.5708  0  0
12.8421  1.60221  0  0
12.8421  1.63363  0  0
12.8421  1.66504  0  0
12.8421  1.69646  0  0
12.8421  1.72788  0  0
12.8421  1.75929  0  0
12.8421  1.79071  0  0
12.8421  1.82212  0  0
12.8421  1.85354  0  0
12.8421  1.88496  0  0
12.8421  1.91637  0  0
12.8421  1.94779  0  0
12.8421  1.9792  0  0
12.8421  2.01062  0  0
12.8421  2.04204  0  0
12.8421  2.07345  0  0
12.8421  2.10487  0  0
12.8421  2.13628  0  0
12.8421  2.1677  0  0
12.8421  2.19911  0  0
12.8421  2.23053  0  0
12.8421  2.26195  0  0
12.8421  2.29336  0  0
12.8421  2.32478  0  0
12.8421  2.35619  0  0
12.8421  2.38761  0  0
12.8421  2.41903  0  0
12.8421  2.45044  0  0
12.8421  2.48186  0  0
12.8421  2.51327  0  0
12.8421  2.54469  0  0
12.8421  2.57611  0  0
12.8421  2.60752  0  0
12.8421  2.63894  0  0
12.8421  2.67035  0  0
12.8421  2.70177  0  0
12.8421  2.73319  0  0
12.8421  2.7646  0  0
12.8421  2.79602  0  0
12.8421  2.82743  0  0
12.8421  2.85885  0  0
12.8421  2.89027  0  0
12.8421  2.92168  0  0
12.8421  2.9531  0  0
12.8421  2.98451  0  0
12.8421  3.01593  0  0
12.8421  3.04734  0  0
12.8421  3.07876  0  0
12.8421  3.11018  0  0
12.9803  0  0  0
12.9803  0.0314159  0  0
12.9803  0.0628319  0  0
12.9803  0.0942478  0  0
12.9803  0.125664  0  0
12.9803  0.15708  0  0
12.9803  0.188496  0  0
12.9803  0.219911  0  0
12.9803  0.251327  0  0
12.9803  0.282743  0  0
12.9803  0.314159  0  0
12.9803  0.345575  0  0
12.9803  0.376991  0  0
12.9803  0.408407  0  0
12.9803  0.439823  0  0
12.9803  0.471239  0  0
12.9803  0.502655  0  0
12.9803  0.534071  0  0
12.9803  0.565487  0  0
12.9803  0.596903  0  0
12.9803  0.628319  0  0
12.9803  0.659734  0  0
12.9803  0.69115  0  0
12.9803  0.722566  0  0
12.9803  0.753982  0  0
12.9803  0.785398  0  0
12.9803  0.816814  0  0
12.9803  0.84823  0  0
12.9803  0.879646  0  0
12.9803  0.911062  0  0
12.9803  0.942478  0  0
12.9803  0.973894  0  0
12.9803  1.00531  0  0
12.9803  1.03673  0  0
12.9803  1.06814  0  0
12.9803  1.09956  0  0
12.9803  1.13097  0  0
12.9803  1.16239  0  0
12.9803  1.19381  0  0
12.9803  1.22522  0  0
12.9803  1.25664  0  0
12.9803  1.28805  0  0
12.9803  1.31947  0  0
12.9803  1.35088  0  0
12.9803  1.3823  0  0
12.9803  1.41372  0  0
12.9803  1.44513  0  0
12.9803  1.47655  0  0
12.9803  1.50796  0  0
12.9803  1.53938  0  0
12.9803  1.5708  0  0
12.9803  1.60221  0  0
12.9803  1.63363  0  0
12.9803  1.66504  0  0
12.9803  1.69646  0  0
12.9803  1.72788  0  0
12.9803  1.75929  0  0
12.9803  1.79071  0  0
12.9803  1.82212  0  0
12.9803  1.85354  0  0
12.9803  1.88496  0  0
12.9803  1.91637  0  0
12.9803  1.94779  0  0
12.9803  1.9792  0  0
12.9803  2.01062  0  0
12.9803  2.04204  0  0
12.9803  2.07345  0  0
12.9803  2.10487  0  0
12.9803  2.13628  0  0
12.9803  2.1677  0  0
12.9803  2.19911  0  0
12.9803  2.23053  0  0
12.9803  2.26195  0  0
12.9803  2.29336  0  0
12.9803  2.32478  0  0
12.9803  2.35619  0  0
12.9803  2.38761  0  0
12.9803  2.41903  0  0
12.9803  2.45044  0  0
12.9803  2.48186  0  0
12.9803  2.51327  0  0
12.9803  2.54469  0  0
12.9803  2.57611  0  0
12.9803  2.60752  0  0
12.9803  2.63894  0  0
12.9803  2.67035  0  0
12.9803  2.70177  0  0
12.9803  2.73319  0  0
12.9803  2.7646  0  0
12.9803  2.79602  0  0
12.9803  2.82743  0  0
12.9803  2.85885  0  0
12.9803  2.89027  0  0
12.9803  2.92168  0  0
12.9803  2.9531  0  0
12.9803  2.98451  0  0
12.9803  3.01593  0  0
12.9803  3.04734  0  0
12.9803  3.07876  0  0
12.9803  3.11018  0  0
13.1184  0  0  0
13.1184  0.0314159  0  0
13.1184  0.0628319  0  0
13.1184  0.0942478  0  0
13.1184  0.125664  0  0
13.1184  0.15708  0  0
13.1184  0.188496  0  0
13.1184  0.219911  0  0
13.1184  0.251327  0  0
13.1184  0.282743  0  0
13.1184  0.314159  0  0
13.1184  0.345575  0  0
13.1184  0.376991  0  0
13.1184  0.408407  0  0
13.1184  0.439823  0  0
13.1184  0.471239  0  0
13.1184  0.502655  0  0
13.1184  0.534071  0  0
13.1184  0.565487  0  0
13.1184  0.596903  0  0
13.1184  0.628319  0  0
13.1184  0.659734  0  0
13.1184  0.69115  0  0
13.1184  0.722566  0  0
13.1184  0.753982  0  0
13.1184  0.785398  0  0
13.1184  0.816814  0  0
13.1184  0.84823  0  0
13.1184  0.879646  0  0
13.1184  0.911062  0  0
13.1184  0.942478  0  0
13.1184  0.973894  0  0
13.1184  1.00531  0  0
13.1184  1.03673  0  0
13.1184  1.06814  0  0
13.1184  1.09956  0  0
13.1184  1.13097  0  0
13.1184  1.16239  0  0
13.1184  1.19381  0  0
13.1184  1.22522  0  0
13.1184  1.25664  0  0
13.1184  1.28805  0  0
13.1184  1.31947  0  0
13.1184  1.35088  0  0
13.1184  1.3823  0  0
13.1184  1.41372  0  0
13.1184  1.44513  0  0
13.1184  1.47655  0  0
13.1184  1.50796  0  0
13.1184  1.53938  0.249856  2.27156
13.1184  1.5708  0  0
13.1184  1.60221  0  0
13.1184  1.63363  0  0
13.1184  1.66504  0  0
13.1184  1.69646  0  0
13.1184  1.72788  0  0
13.1184  1.75929  0  0
13.1184  1.79071  0  0
13.1184  1.82212  0  0
13.1184  1.85354  0  0
13.1184  1.88496  0  0
13.1184  1.91637  0  0
13.1184  1.94779  0  0
13.1184  1.9792  0  0
13.1184  2.01062  0  0
13.1184  2.04204  0  0
13.1184  2.07345  0  0
13.1184  2.10487  0  0
13.1184  2.13628  0  0
13.1184  2.1677  0  0
13.1184  2.19911  0  0
13.1184  2.23053  0  0
13.1184  2.26195  0  0
13.1184  2.29336  0  0
13.1184  2.32478  0  0
13.1184  2.35619  0  0
13.1184  2.38761  0  0
13.1184  2.41903  0  0
13.1184  2.45044  0  0
13.1184  2.48186  0  0
13.1184  2.51327  0  0
13.1184  2.54469  0  0
13.1184  2.57611  0  0
13.1184  2.60752  0  0
13.1184  2.63894  0  0
13.1184  2.67035  0  0
13.1184  2.70177  0  0
13.1184  2.73319  0  0
13.1184  2.7646  0  0
13.1184  2.79602  0  0
13.1184  2.82743  0  0
13.1184  2.85885  0  0
13.1184  2.89027  0  0
13.1184  2.92168  0  0
13.1184  2.9531  0  0
13.1184  2.98451  0  0
13.1184  3.01593  0  0
13.1184  3.04734  0  0
13.1184  3.07876  0  0
13.1184  3.11018  0  0
13.2566  0  0  0
13.2566  0.0314159  0  0
13.2566  0.0628319  0  0
13.2566  0.0942478  0  0
13.2566  0.125664  0  0
13.2566  0.15708  0  0
13.2566  0.188496  0  0
13.2566  0.219911  0  0
13.2566  0.251327  0  0
13.2566  0.282743  0  0
13.2566  0.314159  0  0
13.2566  0.345575  0  0
13.2566  0.376991  0  0
13.2566  0.408407  0  0
13.2566  0.439823  0  0
13.2566  0.471239  0  0
13.2566  0.502655  0  0
13.2566  0.534071  0  0
13.2566  0.565487  0  0
13.2566  0.596903  0  0
13.2566  0.628319  0  0
13.2566  0.659734  0  0
13.2566  0.69115  0  0
13.2566  0.722566  0  0
13.2566  0.753982  0  0
13.2566  0.785398  0  0
13.2566  0.816814  0  0
13.2566  0.84823  0  0
13.2566  0.879646  0  0
13.2566  0.911062  0  0
13.2566  0.942478  0  0
13.2566  0.973894  0  0
13.2566  1.00531  0  0
13.2566  1.03673  0  0
13.2566  1.06814  0  0
13.2566  1.09956  0  0
13.2566  1.13097  0  0
13.2566  1.16239  0  0
13.2566  1.19381  0  0
13.2566  1.22522  0  0
13.2566  1.25664  0  0
13.2566  1.28805  0  0
13.2566  1.31947  0  0
13.2566  1.35088  0  0
13.2566  1.3823  0  0
13.2566  1.41372  0  0
13.2566  1.44513  0  0
13.2566  1.47655  0  0
13.2566  1.50796  0  0
13.2566  1.53938  0  0
13.2566  1.5708  0  0
13.2566  1.60221  0  0
13.2566  1.63363  0  0
13.2566  1.66504  0  0
13.2566  1.69646  0  0
13.2566  1.72788  0  0
13.2566  1.75929  0  0
13.2566  1.79071  0  0
13.2566  1.82212  0  0
13.2566  1.85354  0  0
13.2566  1.88496  0  0
13.2566  1.91637  0  0
13.2566  1.94779  0  0
13.2566  1.9792  0  0
13.2566  2.01062  0  0
13.2566  2.04204  0  0
13.2566  2.07345  0  0
13.2566  2.10487  0  0
13.2566  2.13628  0  0
13.2566  2.1677  0  0
13.2566  2.19911  0  0
13.2566  2.23053  0  0
13.2566  2.26195  0  0
13.2566  2.29336  0  0
13.2566  2.32478  0  0
13.2566  2.35619  0  0
13.2566  2.38761  0  0
13.2566  2.41903  0  0
13.2566  2.45044  0  0
13.2566  2.48186  0  0
13.2566  2.51327  0  0
13.2566  2.54469  0  0
13.2566  2.57611  0  0
13.2566  2.60752  0  0
13.2566  2.63894  0  0
13.2566  2.67035  0  0
13.2566  2.70177  0  0
13.2566  2.73319  0  0
13.2566  2.7646  0  0
13.2566  2.79602  0  0
13.2566  2.82743  0  0
13.2566  2.85885  0  0
13.2566  2.89027  0  0
13.2566  2.92168  0  0
13.2566  2.9531  0  0
13.2566  2.98451  0  0
13.2566  3.01593  0  0
13.2566  3.04734  0  0
13.2566  3.07876  0  0
13.2566  3.11018  0  0
13.3947  0  0  0
13.3947  0.0314159  0  0
13.3947  0.0628319  0  0
13.3947  0.0942478  0  0
13.3947  0.125664  0  0
13.3947  0.15708  0  0
13.3947  0.188496  0  0
13.3947  0.219911  0  0
13.3947  0.251327  0  0
13.3947  0.282743  0  0
13.3947  0.314159  0  0
13.3947  0.345575  0  0
13.3947  0.376991  0  0
13.3947  0.408407  0  0
13.3947  0.439823  0  0
13.3947  0.471239  0  0
13.3947  0.502655  0  0
13.3947  0.534071  0  0
13.3947  0.565487  0  0
13.3947  0.596903  0  0
13.3947  0.628319  0  0
13.3947  0.659734  0  0
13.3947  0.69115  0  0
13.3947  0.722566  0  0
13.3947  0.753982  0  0
13.3947  0.785398  0  0
13.3947  0.816814  0  0
13.3947  0.84823  0  0
13.3947  0.879646  0  0
13.3947  0.911062  0  0
13.3947  0.942478  0  0
13.3947  0.973894  0  0
13.3947  1.00531  0  0
13.3947  1.03673  0  0
13.3947  1.06814  0  0
13.3947  1.09956  0  0
13.3947  1.13097  0  0
13.3947  1.16239  0  0
13.3947  1.19381  0  0
13.3947  1.22522  0  0
13.3947  1.25664  0  0
13.3947  1.28805  0  0
13.3947  1.31947  0  0
13.3947  1.35088  0  0
13.3947  1.3823  0  0
13.3947  1.41372  0  0
13.3947  1.44513  0  0
13.3947  1.47655  0  0
13.3947  1.50796  0  0
13.3947  1.53938  0  0
13.3947  1.5708  0  0
13.3947  1.60221  0  0
13.3947  1.63363  0  0
13.3947  1.66504  0  0
13.3947  1.69646  0  0
13.3947  1.72788  0  0
13.3947  1.75929  0  0
13.3947  1.79071  0  0
13.3947  1.82212  0  0
13.3947  1.85354  0  0
13.3947  1.88496  0  0
13.3947  1.91637  0  0
13.3947  1.94779  0  0
13.3947  1.9792  0  0
13.3947  2.01062  0  0
13.3947  2.04204  0  0
13.3947  2.07345  0  0
13.3947  2.10487  0  0
13.3947  2.13628  0  0
13.3947  2.1677  0  0
13.3947  2.19911  0  0
13.3947  2.23053  0  0
13.3947  2.26195  0  0
13.3947  2.29336  0  0
13.3947  2.32478  0  0
13.3947  2.35619  0  0
13.3947  2.38761  0  0
13.3947  2.41903  0  0
13.3947  2.45044  0  0
13.3947  2.48186  0  0
13.3947  2.51327  0  0
13.3947  2.54469  0  0
13.3947  2.57611  0  0
13.3947  2.60752  0  0
13.3947  2.63894  0  0
13.3947  2.67035  0  0
13.3947  2.70177  0  0
13.3947  2.73319  0  0
13.3947  2.7646  0  0
13.3947  2.79602  0  0
13.3947  2.82743  0  0
13.3947  2.85885  0  0
13.3947  2.89027  0  0
13.3947  2.92168  0  0
13.3947  2.9531  0  0
13.3947  2.98451  0  0
13.3947  3.01593  0  0
13.3947  3.04734  0  0
13.3947  3.07876  0  0
13.3947  3.11018  0  0
13.5329  0  0  0
13.5329  0.0314159  0  0
13.5329  0.0628319  0  0
13.5329  0.0942478  0  0
13.5329  0.125664  0  0
13.5329  0.15708  0  0
13.5329  0.188496  0  0
13.5329  0.219911  0  0
13.5329  0.251327  0  0
13.5329  0.282743  0  0
13.5329  0.314159  0  0
13.5329  0.345575  0  0
13.5329  0.376991  0  0
13.5329  0.408407  0  0
13.5329  0.439823  0  0
13.5329  0.471239  0  0
13.5329  0.502655  0  0
13.5329  0.534071  0  0
13.5329  0.565487  0  0
13.5329  0.596903  0  0
13.5329  0.628319  0  0
13.5329  0.659734  0  0
13.5329  0.69115  0  0
13.5329  0.722566  0  0
13.5329  0.753982  0  0
13.5329  0.785398  0  0
13.5329  0.816814  0  0
13.5329  0.84823  0  0
13.5329  0.879646  0  0
13.5329  0.911062  0  0
13.5329  0.942478  0  0
13.5329  0.973894  0  0
13.5329  1.00531  0  0
13.5329  1.03673  0  0
13.5329  1.06814  0  0
13.5329  1.09956  0  0
13.5329  1.13097  0  0
13.5329  1.16239  0  0
13.5329  1.19381  0  0
13.5329  1.22522  0  0
13.5329  1.25664  0  0
13.5329  1.28805  0  0
13.5329  1.31947  0  0
13.5329  1.35088  0  0
13.5329  1.3823  0  0
13.5329  1.41372  0  0
13.5329  1.44513  0  0
13.5329  1.47655  0  0
13.5329  1.50796  0  0
13.5329  1.53938  0  0
13.5329  1.5708  0  0
13.5329  1.60221  0  0
13.5329  1.63363  0  0
13.5329  1.66504  0  0
13.5329  1.69646  0  0
13.5329  1.72788  0  0
13.5329  1.75929  0  0
13.5329  1.79071  0  0
13.5329  1.82212  0  0
13.5329  1.85354  0  0
13.5329  1.88496  0  0
13.5329  1.91637  0  0
13.5329  1.94779  0  0
13.5329  1.9792  0  0
13.5329  2.01062  0  0
13.5329  2.04204  0  0
13.5329  2.07345  0  0
13.5329  2.10487  0  0
13.5329  2.13628  0  0
13.5329  2.1677  0  0
13.5329  2.19911  0  0
13.5329  2.23053  0  0
13.5329  2.26195  0  0
13.5329  2.29336  0  0
13.5329  2.32478  0  0
13.5329  2.35619  0  0
13.5329  2.38761  0  0
13.5329  2.41903  0  0
13.5329  2.45044  0  0
13.5329  2.48186  0  0
13.5329  2.51327  0  0
13.5329  2.54469  0  0
13.5329  2.57611  0  0
13.5329  2.60752  0  0
13.5329  2.63894  0  0
13.5329  2.67035  0  0
13.5329  2.70177  0  0
13.5329  2.73319  0  0
13.5329  2.7646  0  0
13.5329  2.79602  0  0
13.5329  2.82743  0  0
13.5329  2.85885  0  0
13.5329  2.89027  0  0
13.5329  2.92168  0  0
13.5329  2.9531  0  0
13.5329  2.98451  0  0
13.5329  3.01593  0  0
13.5329  3.04734  0  0
13.5329  3.07876  0  0
13.5329  3.11018  0  0
13.6711  0  0  0
13.6711  0.0314159  0  0
13.6711  0.0628319  0  0
13.6711  0.0942478  0  0
13.6711  0.125664  0  0
13.6711  0.15708  0  0
13.6711  0.188496  0  0
13.6711  0.219911  0  0
13.6711  0.251327  0  0
13.6711  0.282743  0  0
13.6711  0.314159  0  0
13.6711  0.345575  0  0
13.6711  0.376991  0  0
13.6711  0.408407  0  0
13.6711  0.439823  0  0
13.6711  0.471239  0  0
13.6711  0.502655  0  0
13.6711  0.534071  0  0
13.6711  0.565487  0  0
13.6711  0.596903  0  0
13.6711  0.628319  0  0
13.6711  0.659734  0  0
13.6711  0.69115  0  0
13.6711  0.722566  0  0
13.6711  0.753982  0  0
13.6711  0.785398  0  0
13.6711  0.816814  0  0
13.6711  0.84823  0  0
13.6711  0.879646  0  0
13.6711  0.911062  0  0
13.6711  0.942478  0  0
13.6711  0.973894  0  0
13.6711  1.00531  0  0
13.6711  1.03673  0  0
13.6711  1.06814  0  0
13.6711  1.09956  0  0
13.6711  1.13097  0  0
13.6711  1.16239  0  0
13.6711  1.19381  0  0
13.6711  1.22522  0  0
13.6711  1.25664  0  0
13.6711  1.28805  0  0
13.6711  1.31947  0  0
13.6711  1.35088  0  0
13.6711  1.3823  0  0
13.6711  1.41372  0  0
13.6711  1.44513  0  0
13.6711  1.47655  0  0
13.6711  1.50796  0.25876  1.70219
13.6711  1.53938  0  0
13.6711  1.5708  0  0
13.6711  1.60221  0  0
13.6711  1.63363  0  0
13.6711  1.66504  0  0
13.6711  1.69646  0  0
13.6711  1.72788  0  0
13.6711  1.75929  0  0
13.6711  1.79071  0  0
13.6711  1.82212  0  0
13.6711  1.85354  0  0
13.6711  1.88496  0  0
13.6711  1.91637  0  0
13.6711  1.94779  0  0
13.6711  1.9792  0  0
13.6711  2.01062  0  0
13.6711  2.04204  0  0
13.6711  2.07345  0  0
13.6711  2.10487  0  0
13.6711  2.13628  0  0
13.6711  2.1677  0  0
13.6711  2.19911  0  0
13.6711  2.23053  0  0
13.6711  2.26195  0  0
13.6711  2.29336  0  0
13.6711  2.32478  0  0
13.6711  2.35619  0  0
13.6711  2.38761  0  0
13.6711  2.41903  0  0
13.6711  2.45044  0  0
13.6711  2.48186  0  0
13.6711  2.51327  0  0
13.6711  2.54469  0  0
13.6711  2.57611  0  0
13.6711  2.60752  0  0
13.6711  2.63894  0  0
13.6711  2.67035  0  0
13.6711  2.70177  0  0
13.6711  2.73319  0  0
13.6711  2.7646  0  0
13.6711  2.79602  0  0
13.6711  2.82743  0  0
13.6711  2.85885  0  0
13.6711  2.89027  0  0
13.6711  2.92168  0  0
13.6711  2.9531  0  0
13.6711  2.98451  0  0
13.6711  3.01593  0  0
13.6711  3.04734  0  0
13.6711  3.07876  0  0
13.6711  3.11018  0  0
13.8092  0  0  0
13.8092  0.0314159  0  0
13.8092  0.0628319  0  0
13.8092  0.0942478  0  0
13.8092  0.125664  0  0
13.8092  0.15708  0  0
13.8092  0.188496  0  0
13.8092  0.219911  0  0
13.8092  0.251327  0  0
13.8092  0.282743  0  0
13.8092  0.314159  0  0
13.8092  0.345575  0  0
13.8092  0.376991  0  0
13.8092  0.408407  0  0
13.8092  0.439823  0  0
13.8092  0.471239  0  0
13.8092  0.502655  0  0
13.8092  0.534071  0  0
13.8092  0.565487  0  0
13.8092  0.596903  0  0
13.8092  0.628319  0  0
13.8092  0.659734  0  0
13.8092  0.69115  0  0
13.8092  0.722566  0  0
13.8092  0.753982  0  0
13.8092  0.785398  0  0
13.8092  0.816814  0  0
13.8092  0.84823  0  0
13.8092  0.879646  0  0
13.8092  0.911062  0  0
13.8092  0.942478  0  0
13.8092  0.973894  0  0
13.8092  1.00531  0  0
13.8092  1.03673  0  0
13.8092  1.06814  0  0
13.8092  1.09956  0  0
13.8092  1.13097  0  0
13.8092  1.16239  0  0
13.8092  1.19381  0  0
13.8092  1.22522  0  0
13.8092  1.25664  0  0
13.8092  1.28805  0  0
13.8092  1.31947  0  0
13.8092  1.35088  0  0
13.8092  1.3823  0  0
13.8092  1.41372  0  0
13.8092  1.44513  0  0
13.8092  1.47655  0  0
13.8092  1.50796  0  0
13.8092  1.53938  0  0
13.8092  1.5708  0  0
13.8092  1.60221  0  0
13.8092  1.63363  0  0
13.8092  1.66504  0  0
13.8092  1.69646  0  0
13.8092  1.72788  0  0
13.8092  1.75929  0  0
13.8092  1.79071  0  0
13.8092  1.82212  0  0
13.8092  1.85354  0  0
13.8092  1.88496  0  0
13.8092  1.91637  0  0
13.8092  1.94779  0  0
13.8092  1.9792  0  0
13.8092  2.01062  0  0
13.8092  2.04204  0  0
13.8092  2.07345  0  0
13.8092  2.10487  0  0
13.8092  2.13628  0  0
13.8092  2.1677  0  0
13.8092  2.19911  0  0
13.8092  2.23053  0  0
13.8092  2.26195  0  0
13.8092  2.29336  0  0
13.8092  2.32478  0  0
13.8092  2.35619  0  0
13.8092  2.38761  0  0
13.8092  2.41903  0  0
13.8092  2.45044  0  0
13.8092  2.48186  0  0
13.8092  2.51327  0  0
13.8092  2.54469  0  0
13.8092  2.57611  0  0
13.8092  2.60752  0  0
13.8092  2.63894  0  0
13.8092  2.67035  0  0
13.8092  2.70177  0  0
13.8092  2.73319  0  0
13.8092  2.7646  0  0
13.8092  2.79602  0  0
13.8092  2.82743  0  0
13.8092  2.85885  0  0
13.8092  2.89027  0  0
13.8092  2.92168  0  0
13.8092  2.9531  0  0
13.8092  2.98451  0  0
13.8092  3.01593  0  0
13.8092  3.04734  0  0
13.8092  3.07876  0  0
13.8092  3.11018  0  0
13.9474  0  0  0
13.9474  0.0314159  0  0
13.9474  0.0628319  0  0
13.9474  0.0942478  0  0
13.9474  0.125664  0  0
13.9474  0.15708  0  0
13.9474  0.188496  0  0
13.9474  0.219911  0  0
13.9474  0.251327  0  0
13.9474  0.282743  0  0
13.9474  0.314159  0  0
13.9474  0.345575  0  0
13.9474  0.376991  0  0
13.9474  0.408407  0  0
13.9474  0.439823  0  0
13.9474  0.471239  0  0
13.9474  0.502655  0  0
13.9474  0.534071  0  0
13.9474  0.565487  0  0
13.9474  0.596903  0  0
13.9474  0.628319  0  0
13.9474  0.659734  0  0
13.9474  0.69115  0  0
13.9474  0.722566  0  0
13.9474  0.753982  0  0
13.9474  0.785398  0  0
13.9474  0.816814  0  0
13.9474  0.84823  0  0
13.9474  0.879646  0  0
13.9474  0.911062  0  0
13.9474  0.942478  0  0
13.9474  0.973894  0  0
13.9474  1.00531  0  0
13.9474  1.03673  0  0
13.9474  1.06814  0  0
13.9474  1.09956  0  0
13.9474  1.13097  0  0
13.9474  1.16239  0  0
13.9474  1.19381  0  0
13.9474  1.22522  0  0
13.9474  1.25664  0  0
13.9474  1.28805  0  0
13.9474  1.31947  0  0
13.9474  1.35088  0  0
13.9474  1.3823  0  0
13.9474  1.41372  0  0
13.9474  1.44513  0  0
13.9474  1.47655  0  0
13.9474  1.50796  0  0
13.9474  1.53938  0  0
13.9474  1.5708  0  0
13.9474  1.60221  0  0
13.9474  1.63363  0  0
13.9474  1.66504  0  0
13.9474  1.69646  0  0
13.9474  1.72788  0  0
13.9474  1.75929  0  0
13.9474  1.79071  0  0
13.9474  1.82212  0  0
13.9474  1.85354  0  0
13.9474  1.88496  0  0
13.9474  1.91637  0  0
13.9474  1.94779  0  0
13.9474  1.9792  0  0
13.9474  2.01062  0  0
13.9474  2.04204  0  0
13.9474  2.07345  0  0
13.9474  2.10487  0  0
13.9474  2.13628  0  0
13.9474  2.1677  0  0
13.9474  2.19911  0  0
13.9474  2.23053  0  0
13.9474  2.26195  0  0
13.9474  2.29336  0  0
13.9474  2.32478  0  0
13.9474  2.35619  0  0
13.9474  2.38761  0  0
13.9474  2.41903  0  0
13.9474  2.45044  0  0
13.9474  2.48186  0  0
13.9474  2.51327  0  0
13.9474  2.54469  0  0
13.9474  2.57611  0  0
13.9474  2.60752  0  0
13.9474  2.63894  0  0
13.9474  2.67035  0  0
13.9474  2.70177  0  0
13.9474  2.73319  0  0
13.9474  2.7646  0  0
13.9474  2.79602  0  0
13.9474  2.82743  0  0
13.9474  2.85885  0  0
13.9474  2.89027  0  0
13.9474  2.92168  0  0
13.9474  2.9531  0  0
13.9474  2.98451  0  0
13.9474  3.01593  0  0
13.9474  3.04734  0  0
13.9474  3.07876  0  0
13.9474  3.11018  0  0
14.0855  0  0  0
14.0855  0.0314159  0  0
14.0855  0.0628319  0  0
14.0855  0.0942478  0  0
14.0855  0.125664  0  0
14.0855  0.15708  0  0
14.0855  0.188496  0  0
14.0855  0.219911  0  0
14.0855  0.251327  0  0
14.0855  0.282743  0  0
14.0855  0.314159  0  0
14.0855  0.345575  0  0
14.0855  0.376991  0  0
14.0855  0.408407  0  0
14.0855  0.439823  0  0
14.0855  0.471239  0  0
14.0855  0.502655  0  0
14.0855  0.534071  0  0
14.0855  0.565487  0  0
14.0855  0.596903  0  0
14.0855  0.628319  0  0
14.0855  0.659734  0  0
14.0855  0.69115  0  0
14.0855  0.722566  0  0
14.0855  0.753982  0  0
14.0855  0.785398  0  0
14.0855  0.816814  0  0
14.0855  0.84823  0  0
14.0855  0.879646  0  0
14.0855  0.911062  0  0
14.0855  0.942478  0  0
14.0855  0.973894  0  0
14.0855  1.00531  0  0
14.0855  1.03673  0  0
14.0855  1.06814  0  0
14.0855  1.09956  0  0
14.0855  1.13097  0  0
14.0855  1.16239  0  0
14.0855  1.19381  0  0
14.0855  1.22522  0  0
14.0855  1.25664  0  0
14.0855  1.28805  0  0
14.0855  1.31947  0  0
14.0855  1.35088  0  0
14.0855  1.3823  0  0
14.0855  1.41372  0  0
14.0855  1.44513  0  0
14.0855  1.47655  0  0
14.0855  1.50796  0  0
14.0855  1.53938  0  0
14.0855  1.5708  0  0
14.0855  1.60221  0  0
14.0855  1.63363  0  0
14.0855  1.66504  0  0
14.0855  1.69646  0  0
14.0855  1.72788  0  0
14.0855  1.75929  0  0
14.0855  1.79071  0  0
14.0855  1.82212  0  0
14.0855  1.85354  0  0
14.0855  1.88496  0  0
14.0855  1.91637  0  0
14.0855  1.94779  0  0
14.0855  1.9792  0  0
14.0855  2.01062  0  0
14.0855  2.04204  0  0
14.0855  2.07345  0  0
14.0855  2.10487  0  0
14.0855  2.13628  0  0
14.0855  2.1677  0  0
14.0855  2.19911  0  0
14.0855  2.23053  0  0
14.0855  2.26195  0  0
14.0855  2.29336  0  0
14.0855  2.32478  0  0
14.0855  2.35619  0  0
14.0855  2.38761  0  0
14.0855  2.41903  0  0
14.0855  2.45044  0  0
14.0855  2.48186  0  0
14.0855  2.51327  0  0
14.0855  2.54469  0  0
14.0855  2.57611  0  0
14.0855  2.60752  0  0
14.0855  2.63894  0  0
14.0855  2.67035  0  0
14.0855  2.70177  0  0
14.0855  2.73319  0  0
14.0855  2.7646  0  0
14.0855  2.79602  0  0
14.0855  2.82743  0  0
14.0855  2.85885  0  0
14.0855  2.89027  0  0
14.0855  2.92168  0  0
14.0855  2.9531  0  0
14.0855  2.98451  0  0
14.0855  3.01593  0  0
14.0855  3.04734  0  0
14.0855  3.07876  0  0
14.0855  3.11018  0  0
14.2237  0  0  0
14.2237  0.0314159  0  0
14.2237  0.0628319  0  0
14.2237  0.0942478  0  0
14.2237  0.125664  0  0
14.2237  0.15708  0  0
14.2237  0.188496  0  0
14.2237  0.219911  0  0
14.2237  0.251327  0  0
14.2237  0.282743  0  0
14.2237  0.314159  0  0
14.2237  0.345575  0  0
14.2237  0.376991  0  0
14.2237  0.408407  0  0
14.2237  0.439823  0  0
14.2237  0.471239  0  0
14.2237  0.502655  0  0
14.2237  0.534071  0  0
14.2237  0.565487  0  0
14.2237  0.596903  0  0
14.2237  0.628319  0  0
14.2237  0.659734  0  0
14.2237  0.69115  0  0
14.2237  0.722566  0  0
14.2237  0.753982  0  0
14.2237  0.785398  0  0
14.2237  0.816814  0  0
14.2237  0.84823  0  0
14.2237  0.879646  0  0
14.2237  0.911062  0  0
14.2237  0.942478  0  0
14.2237  0.973894  0  0
14.2237  1.00531  0  0
14.2237  1.03673  0  0
14.2237  1.06814  0  0
14.2237  1.09956  0  0
14.2237  1.13097  0  0
14.2237  1.16239  0  0
14.2237  1.19381  0  0
14.2237  1.22522  0  0
14.2237  1.25664  0  0
14.2237  1.28805  0  0
14.2237  1.31947  0  0
14.2237  1.35088  0  0
14.2237  1.3823  0  0
14.2237  1.41372  0  0
14.2237  1.44513  0  0
14.2237  1.47655  0  0
14.2237  1.50796  0  0
14.2237  1.53938  0  0
14.2237  1.5708  0  0
14.2237  1.60221  0  0
14.2237  1.63363  0  0
14.2237  1.66504  0  0
14.2237  1.69646  0  0
14.2237  1.72788  0  0
14.2237  1.75929  0  0
14.2237  1.79071  0  0
14.2237  1.82212  0  0
14.2237  1.85354  0  0
14.2237  1.88496  0  0
14.2237  1.91637  0  0
14.2237  1.94779  0  0
14.2237  1.9792  0  0
14.2237  2.01062  0  0
14.2237  2.04204  0  0
14.2237  2.07345  0  0
14.2237  2.10487  0  0
14.2237  2.13628  0  0
14.2237  2.1677  0  0
14.2237  2.19911  0  0
14.2237  2.23053  0  0
14.2237  2.26195  0  0
14.2237  2.29336  0  0
14.2237  2.32478  0  0
14.2237  2.35619  0  0
14.2237  2.38761  0  0
14.2237  2.41903  0  0
14.2237  2.45044  0  0
14.2237  2.48186  0  0
14.2237  2.51327  0  0
14.2237  2.54469  0  0
14.2237  2.57611  0  0
14.2237  2.60752  0  0
14.2237  2.63894  0  0
14.2237  2.67035  0  0
14.2237  2.70177  0  0
14.2237  2.73319  0  0
14.2237  2.7646  0  0
14.2237  2.79602  0  0
14.2237  2.82743  0  0
14.2237  2.85885  0  0
14.2237  2.89027  0  0
14.2237  2.92168  0  0
14.2237  2.9531  0  0
14.2237  2.98451  0  0
14.2237  3.01593  0  0
14.2237  3.04734  0  0
14.2237  3.07876  0  0
14.2237  3.11018  0  0
14.3618  0  0  0
14.3618  0.0314159  0  0
14.3618  0.0628319  0  0
14.3618  0.0942478  0  0
14.3618  0.125664  0  0
14.3618  0.15708  0  0
14.3618  0.188496  0  0
14.3618  0.219911  0  0
14.3618  0.251327  0  0
14.3618  0.282743  0  0
14.3618  0.314159  0  0
14.3618  0.345575  0  0
14.3618  0.376991  0  0
14.3618  0.408407  0  0
14.3618  0.439823  0  0
14.3618  0.471239  0  0
14.3618  0.502655  0  0
14.3618  0.534071  0  0
14.3618  0.565487  0  0
14.3618  0.596903  0  0
14.3618  0.628319  0  0
14.3618  0.659734  0  0
14.3618  0.69115  0  0
14.3618  0.722566  0  0
14.3618  0.753982  0  0
14.3618  0.785398  0  0
14.3618  0.816814  0  0
14.3618  0.84823  0  0
14.3618  0.879646  0  0
14.3618  0.911062  0  0
14.3618  0.942478  0  0
14.3618  0.973894  0  0
14.3618  1.00531  0  0
14.3618  1.03673  0  0
14.3618  1.06814  0  0
14.3618  1.09956  0  0
14.3618  1.13097  0  0
14.3618  1.16239  0  0
14.3618  1.19381  0  0
14.3618  1.22522  0  0
14.3618  1.25664  0  0
14.3618  1.28805  0  0
14.3618  1.31947  0  0
14.3618  1.35088  0  0
14.3618  1.3823  0  0
14.3618  1.41372  0  0
14.3618  1.44513  0  0
14.3618  1.47655  0  0
14.3618  1.50796  0  0
14.3618  1.53938  0  0
14.3618  1.5708  0  0
14.3618  1.60221  0  0
14.3618  1.63363  0  0
14.3618  1.66504  0  0
14.3618  1.69646  0  0
14.3618  1.72788  0  0
14.3618  1.75929  0  0
14.3618  1.79071  0  0
14.3618  1.82212  0  0
14.3618  1.85354  0  0
14.3618  1.88496  0  0
14.3618  1.91637  0  0
14.3618  1.94779  0  0
14.3618  1.9792  0  0
14.3618  2.01062  0  0
14.3618  2.04204  0  0
14.3618  2.07345  0  0
14.3618  2.10487  0  0
14.3618  2.13628  0  0
14.3618  2.1677  0  0
14.3618  2.19911  0  0
14.3618  2.23053  0  0
14.3618  2.26195  0  0
14.3618  2.29336  0  0
14.3618  2.32478  0  0
14.3618  2.35619  0  0
14.3618  2.38761  0  0
14.3618  2.41903  0  0
14.3618  2.45044  0  0
14.3618  2.48186  0  0
14.3618  2.51327  0  0
14.3618  2.54469  0  0
14.3618  2.57611  0  0
14.3618  2.60752  0  0
14.3618  2.63894  0  0
14.3618  2.67035  0  0
14.3618  2.70177  0  0
14.3618  2.73319  0  0
14.3618  2.7646  0  0
14.3618  2.79602  0  0
14.3618  2.82743  0  0
14.3618  2.85885  0  0
14.3618  2.89027  0  0
14.3618  2.92168  0  0
14.3618  2.9531  0  0
14.3618  2.98451  0  0
14.3618  3.01593  0  0
14.3618  3.04734  0  0
14.3618  3.07876  0  0
14.3618  3.11018  0  0
14.5  0  0  0
14.5  0.0314159  0  0
14.5  0.0628319  0  0
14.5  0.0942478  0  0
14.5  0.125664  0  0
14.5  0.15708  0  0
14.5  0.188496  0  0
14.5  0.219911  0  0
14.5  0.251327  0  0
14.5  0.282743  0  0
14.5  0.314159  0  0
14.5  0.345575  0  0
14.5  0.376991  0  0
14.5  0.408407  0  0
14.5  0.439823  0  0
14.5  0.471239  0  0
14.5  0.502655  0  0
14.5  0.534071  0  0
14.5  0.565487  0  0
14.5  0.596903  0  0
14.5  0.628319  0  0
14.5  0.659734  0  0
14.5  0.69115  0  0
14.5  0.722566  0  0
14.5  0.753982  0  0
14.5  0.785398  0  0
14.5  0.816814  0  0
14.5  0.84823  0  0
14.5  0.879646  0  0
14.5  0.911062  0  0
14.5  0.942478  0  0
14.5  0.973894  0  0
14.5  1.00531  0  0
14.5  1.03673  0  0
14.5  1.06814  0  0
14.5  1.09956  0  0
14.5  1.13097  0  0
14.5  1.16239  0  0
14.5  1.19381  0  0
14.5  1.22522  0  0
14.5  1.25664  0  0
14.5  1.28805  0  0
14.5  1.31947  0  0
14.5  1.35088  0  0
14.5  1.3823  0  0
14.5  1.41372  0  0
14.5  1.44513  0  0
14.5  1.47655  0  0
14.5  1.50796  0  0
14.5  1.53938  0  0
14.5  1.5708  0  0
14.5  1.60221  0  0
14.5  1.63363  0  0
14.5  1.66504  0  0
14.5  1.69646  0  0
14.5  1.72788  0  0
14.5  1.75929  0  0
14.5  1.79071  0  0
14.5  1.82212  0  0
14.5  1.85354  0  0
14.5  1.88496  0  0
14.5  1.91637  0  0
14.5  1.94779  0  0
14.5  1.9792  0  0
14.5  2.01062  0  0
14.5  2.04204  0  0
14.5  2.07345  0  0
14.5  2.10487  0  0
14.5  2.13628  0  0
14.5  2.1677  0  0
14.5  2.19911  0  0
14.5  2.23053  0  0
14.5  2.26195  0  0
14.5  2.29336  0  0
14.5  2.32478  0  0
14.5  2.35619  0  0
14.5  2.38761  0  0
14.5  2.41903  0  0
14.5  2.45044  0  0
14.5  2.48186  0  0
14.5  2.51327  0  0
14.5  2.54469  0  0
14.5  2.57611  0  0
14.5  2.60752  0  0
14.5  2.63894  0  0
14.5  2.67035  0  0
14.5  2.70177  0  0
14.5  2.73319  0  0
14.5  2.7646  0  0
14.5  2.79602  0  0
14.5  2.82743  0  0
14.5  2.85885  0  0
14.5  2.89027  0  0
14.5  2.92168  0  0
14.5  2.9531  0  0
14.5  2.98451  0  0
14.5  3.01593  0  0
14.5  3.04734  0  0
14.5  3.07876  0  0
14.5  3.11018  0  0
14.6382  0  0  0
14.6382  0.0314159  0  0
14.6382  0.0628319  0  0
14.6382  0.0942478  0  0
14.6382  0.125664  0  0
14.6382  0.15708  0  0
14.6382  0.188496  0  0
14.6382  0.219911  0  0
14.6382  0.251327  0  0
14.6382  0.282743  0  0
14.6382  0.314159  0  0
14.6382  0.345575  0  0
14.6382  0.376991  0  0
14.6382  0.408407  0  0
14.6382  0.439823  0  0
14.6382  0.471239  0  0
14.6382  0.502655  0  0
14.6382  0.534071  0  0
14.6382  0.565487  0  0
14.6382  0.596903  0  0
14.6382  0.628319  0  0
14.6382  0.659734  0  0
14.6382  0.69115  0  0
14.6382  0.722566  0  0
14.6382  0.753982  0  0
14.6382  0.785398  0  0
14.6382  0.816814  0  0
14.6382  0.84823  0  0
14.6382  0.879646  0  0
14.6382  0.911062  0  0
14.6382  0.942478  0  0
14.6382  0.973894  0  0
14.6382  1.00531  0  0
14.6382  1.03673  0  0
14.6382  1.06814  0  0
14.6382  1.09956  0  0
14.6382  1.13097  0  0
14.6382  1.16239  0  0
14.6382  1.19381  0  0
14.6382  1.22522  0  0
14.6382  1.25664  0  0
14.6382  1.28805  0  0
14.6382  1.31947  0  0
14.6382  1.35088  0  0
14.6382  1.3823  0  0
14.6382  1.41372  0  0
14.6382  1.44513  0  0
14.6382  1.47655  0  0
14.6382  1.50796  0  0
14.6382  1.53938  0  0
14.6382  1.5708  0  0
14.6382  1.60221  0  0
14.6382  1.63363  0  0
14.6382  1.66504  0  0
14.6382  1.69646  0  0
14.6382  1.72788  0  0
14.6382  1.75929  0  0
14.6382  1.79071  0  0
14.6382  1.82212  0  0
14.6382  1.85354  0  0
14.6382  1.88496  0  0
14.6382  1.91637  0  0
14.6382  1.94779  0  0
14.6382  1.9792  0  0
14.6382  2.01062  0  0
14.6382  2.04204  0  0
14.6382  2.07345  0  0
14.6382  2.10487  0  0
14.6382  2.13628  0  0
14.6382  2.1677  0  0
14.6382  2.19911  0  0
14.6382  2.23053  0  0
14.6382  2.26195  0  0
14.6382  2.29336  0  0
14.6382  2.32478  0  0
14.6382  2.35619  0  0
14.6382  2.38761  0  0
14.6382  2.41903  0  0
14.6382  2.45044  0  0
14.6382  2.48186  0  0
14.6382  2.51327  0  0
14.6382  2.54469  0  0
14.6382  2.57611  0  0
14.6382  2.60752  0  0
14.6382  2.63894  0  0
14.6382  2.67035  0  0
14.6382  2.70177  0  0
14.6382  2.73319  0  0
14.6382  2.7646  0  0
14.6382  2.79602  0  0
14.6382  2.82743  0  0
14.6382  2.85885  0  0
14.6382  2.89027  0  0
14.6382  2.92168  0  0
14.6382  2.9531  0  0
14.6382  2.98451  0  0
14.6382  3.01593  0  0
14.6382  3.04734  0  0
14.6382  3.07876  0  0
14.6382  3.11018  0  0
14.7763  0  0  0
14.7763  0.0314159  0  0
14.7763  0.0628319  0  0
14.7763  0.0942478  0  0
14.7763  0.125664  0  0
14.7763  0.15708  0  0
14.7763  0.188496  0  0
14.7763  0.219911  0  0
14.7763  0.251327  0  0
14.7763  0.282743  0  0
14.7763  0.314159  0  0
14.7763  0.345575  0  0
14.7763  0.376991  0  0
14.7763  0.408407  0  0
14.7763  0.439823  0  0
14.7763  0.471239  0  0
14.7763  0.502655  0  0
14.7763  0.534071  0  0
14.7763  0.565487  0  0
14.7763  0.596903  0  0
14.7763  0.628319  0  0
14.7763  0.659734  0  0
14.7763  0.69115  0  0
14.7763  0.722566  0  0
14.7763  0.753982  0  0
14.7763  0.785398  0  0
14.7763  0.816814  0  0
14.7763  0.84823  0  0
14.7763  0.879646  0  0
14.7763  0.911062  0  0
14.7763  0.942478  0  0
14.7763  0.973894  0  0
14.7763  1.00531  0  0
14.7763  1.03673  0  0
14.7763  1.06814  0  0
14.7763  1.09956  0  0
14.7763  1.13097  0  0
14.7763  1.16239  0  0
14.7763  1.19381  0  0
14.7763  1.22522  0  0
14.7763  1.25664  0  0
14.7763  1.28805  0  0
14.7763  1.31947  0  0
14.7763  1.35088  0  0
14.7763  1.3823  0  0
14.7763  1.41372  0  0
14.7763  1.44513  0  0
14.7763  1.47655  0  0
14.7763  1.50796  0  0
14.7763  1.53938  0  0
14.7763  1.5708  0  0
14.7763  1.60221  0  0
14.7763  1.63363  0  0
14.7763  1.66504  0  0
14.7763  1.69646  0  0
14.7763  1.72788  0  0
14.7763  1.75929  0  0
14.7763  1.79071  0  0
14.7763  1.82212  0  0
14.7763  1.85354  0  0
14.7763  1.88496  0  0
14.7763  1.91637  0  0
14.7763  1.94779  0  0
14.7763  1.9792  0  0
14.7763  2.01062  0  0
14.7763  2.04204  0  0
14.7763  2.07345  0  0
14.7763  2.10487  0  0
14.7763  2.13628  0  0
14.7763  2.1677  0  0
14.7763  2.19911  0  0
14.7763  2.23053  0  0
14.7763  2.26195  0  0
14.7763  2.29336  0  0
14.7763  2.32478  0  0
14.7763  2.35619  0  0
14.7763  2.38761  0  0
14.7763  2.41903  0  0
14.7763  2.45044  0  0
14.7763  2.48186  0  0
14.7763  2.51327  0  0
14.7763  2.54469  0  0
14.7763  2.57611  0  0
14.7763  2.60752  0  0
14.7763  2.63894  0  0
14.7763  2.67035  0  0
14.7763  2.70177  0  0
14.7763  2.73319  0  0
14.7763  2.7646  0  0
14.7763  2.79602  0  0
14.7763  2.82743  0  0
14.7763  2.85885  0  0
14.7763  2.89027  0  0
14.7763  2.92168  0  0
14.7763  2.9531  0  0
14.7763  2.98451  0  0
14.7763  3.01593  0  0
14.7763  3.04734  0  0
14.7763  3.07876  0  0
14.7763  3.11018  0  0
14.9145  0  0  0
14.9145  0.0314159  0  0
14.9145  0.0628319  0  0
14.9145  0.0942478  0  0
14.9145  0.125664  0  0
14.9145  0.15708  0  0
14.9145  0.188496  0  0
14.9145  0.219911  0  0
14.9145  0.251327  0  0
14.9145  0.282743  0  0
14.9145  0.314159  0  0
14.9145  0.345575  0  0
14.9145  0.376991  0  0
14.9145  0.408407  0  0
14.9145  0.439823  0  0
14.9145  0.471239  0  0
14.9145  0.502655  0  0
14.9145  0.534071  0  0
14.9145  0.565487  0  0
14.9145  0.596903  0  0
14.9145  0.628319  0  0
14.9145  0.659734  0  0
14.9145  0.69115  0  0
14.9145  0.722566  0  0
14.9145  0.753982  0  0
14.9145  0.785398  0  0
14.9145  0.816814  0  0
14.9145  0.84823  0  0
14.9145  0.879646  0  0
14.9145  0.911062  0  0
14.9145  0.942478  0  0
14.9145  0.973894  0  0
14.9145  1.00531  0  0
14.9145  1.03673  0  0
14.9145  1.06814  0  0
14.9145  1.09956  0  0
14.9145  1.13097  0  0
14.9145  1.16239  0  0
14.9145  1.19381  0  0
14.9145  1.22522  0  0
14.9145  1.25664  0  0
14.9145  1.28805  0  0
14.9145  1.31947  0  0
14.9145  1.35088  0  0
14.9145  1.3823  0  0
14.9145  1.41372  0  0
14.9145  1.44513  0  0
14.9145  1.47655  0  0
14.9145  1.50796  0  0
14.9145  1.53938  0  0
14.9145  1.5708  0  0
14.9145  1.60221  0  0
14.9145  1.63363  0  0
14.9145  1.66504  0  0
14.9145  1.69646  0  0
14.9145  1.72788  0  0
14.9145  1.75929  0  0
14.9145  1.79071  0  0
14.9145  1.82212  0  0
14.9145  1.85354  0  0
14.9145  1.88496  0  0
14.9145  1.91637  0  0
14.9145  1.94779  0  0
14.9145  1.9792  0  0
14.9145  2.01062  0  0
14.9145  2.04204  0  0
14.9145  2.07345  0  0
14.9145  2.10487  0  0
14.9145  2.13628  0  0
14.9145  2.1677  0  0
14.9145  2.19911  0  0
14.9145  2.23053  0  0
14.9145  2.26195  0  0
14.9145  2.29336  0  0
14.9145  2.32478  0  0
14.9145  2.35619  0  0
14.9145  2.38761  0  0
14.9145  2.41903  0  0
14.9145  2.45044  0  0
14.9145  2.48186  0  0
14.9145  2.51327  0  0
14.9145  2.54469  0  0
14.9145  2.57611  0  0
14.9145  2.60752  0  0
14.9145  2.63894  0  0
14.9145  2.67035  0  0
14.9145  2.70177  0  0
14.9145  2.73319  0  0
14.9145  2.7646  0  0
14.9145  2.79602  0  0
14.9145  2.82743  0  0
14.9145  2.85885  0  0
14.9145  2.89027  0  0
14.9145  2.92168  0  0
14.9145  2.9531  0  0
14.9145  2.98451  0  0
14.9145  3.01593  0  0
14.9145  3.04734  0  0
14.9145  3.07876  0  0
14.9145  3.11018  0  0
15.0526  0  0  0
15.0526  0.0314159  0  0
15.0526  0.0628319  0  0
15.0526  0.0942478  0  0
15.0526  0.125664  0  0
15.0526  0.15708  0  0
15.0526  0.188496  0  0
15.0526  0.219911  0  0
15.0526  0.251327  0  0
15.0526  0.282743  0  0
15.0526  0.314159  0  0
15.0526  0.345575  0  0
15.0526  0.376991  0  0
15.0526  0.408407  0  0
15.0526  0.439823  0  0
15.0526  0.471239  0  0
15.0526  0.502655  0  0
15.0526  0.534071  0  0
15.0526  0.565487  0  0
15.0526  0.596903  0  0
15.0526  0.628319  0  0
15.0526  0.659734  0  0
15.0526  0.69115  0  0
15.0526  0.722566  0  0
15.0526  0.753982  0  0
15.0526  0.785398  0  0
15.0526  0.816814  0  0
15.0526  0.84823  0  0
15.0526  0.879646  0  0
15.0526  0.911062  0  0
15.0526  0.942478  0  0
15.0526  0.973894  0  0
15.0526  1.00531  0  0
15.0526  1.03673  0  0
15.0526  1.06814  0  0
15.0526  1.09956  0  0
15.0526  1.13097  0  0
15.0526  1.16239  0  0
15.0526  1.19381  0  0
15.0526  1.22522  0  0
15.0526  1.25664  0  0
15.0526  1.28805  0  0
15.0526  1.31947  0  0
15.0526  1.35088  0  0
15.0526  1.3823  0  0
15.0526  1.41372  0  0
15.0526  1.44513  0  0
15.0526  1.47655  0  0
15.0526  1.50796  0  0
15.0526  1.53938  0  0
15.0526  1.5708  0  0
15.0526  1.60221  0  0
15.0526  1.63363  0  0
15.0526  1.66504  0  0
15.0526  1.69646  0  0
15.0526  1.72788  0  0
15.0526  1.75929  0  0
15.0526  1.79071  0  0
15.0526  1.82212  0  0
15.0526  1.85354  0  0
15.0526  1.88496  0  0
15.0526  1.91637  0  0
15.0526  1.94779  0  0
15.0526  1.9792  0  0
15.0526  2.01062  0  0
15.0526  2.04204  0  0
15.0526  2.07345  0  0
15.0526  2.10487  0  0
15.0526  2.13628  0  0
15.0526  2.1677  0  0
15.0526  2.19911  0  0
15.0526  2.23053  0  0
15.0526  2.26195  0  0
15.0526  2.29336  0  0
15.0526  2.32478  0  0
15.0526  2.35619  0  0
15.0526  2.38761  0  0
15.0526  2.41903  0  0
15.0526  2.45044  0  0
15.0526  2.48186  0  0
15.0526  2.51327  0  0
15.0526  2.54469  0  0
15.0526  2.57611  0  0
15.0526  2.60752  0  0
15.0526  2.63894  0  0
15.0526  2.67035  0  0
15.0526  2.70177  0  0
15.0526  2.73319  0  0
15.0526  2.7646  0  0
15.0526  2.79602  0  0
15.0526  2.82743  0  0
15.0526  2.85885  0  0
15.0526  2.89027  0  0
15.0526  2.92168  0  0
15.0526  2.9531  0  0
15.0526  2.98451  0  0
15.0526  3.01593  0  0
15.0526  3.04734  0  0
15.0526  3.07876  0  0
15.0526  3.11018  0  0
15.1908  0  0  0
15.1908  0.0314159  0  0
15.1908  0.0628319  0  0
15.1908  0.0942478  0  0
15.1908  0.125664  0  0
15.1908  0.15708  0  0
15.1908  0.188496  0  0
15.1908  0.219911  0  0
15.1908  0.251327  0  0
15.1908  0.282743  0  0
15.1908  0.314159  0  0
15.1908  0.345575  0  0
15.1908  0.376991  0  0
15.1908  0.408407  0  0
15.1908  0.439823  0  0
15.1908  0.471239  0  0
15.1908  0.502655  0  0
15.1908  0.534071  0  0
15.1908  0.565487  0  0
15.1908  0.596903  0  0
15.1908  0.628319  0  0
15.1908  0.659734  0  0
15.1908  0.69115  0  0
15.1908  0.722566  0  0
15.1908  0.753982  0  0
15.1908  0.785398  0  0
15.1908  0.816814  0  0
15.1908  0.84823  0  0
15.1908  0.879646  0  0
15.1908  0.911062  0  0
15.1908  0.942478  0  0
15.1908  0.973894  0  0
15.1908  1.00531  0  0
15.1908  1.03673  0  0
15.1908  1.06814  0  0
15.1908  1.09956  0  0
15.1908  1.13097  0  0
15.1908  1.16239  0  0
15.1908  1.19381  0  0
15.1908  1.22522  0  0
15.1908  1.25664  0  0
15.1908  1.28805  0  0
15.1908  1.31947  0  0
15.1908  1.35088  0  0
15.1908  1.3823  0  0
15.1908  1.41372  0  0
15.1908  1.44513  0  0
15.1908  1.47655  0  0
15.1908  1.50796  0  0
15.1908  1.53938  0  0
15.1908  1.5708  0  0
15.1908  1.60221  0  0
15.1908  1.63363  0  0
15.1908  1.66504  0  0
15.1908  1.69646  0  0
15.1908  1.72788  0  0
15.1908  1.75929  0  0
15.1908  1.79071  0  0
15.1908  1.82212  0  0
15.1908  1.85354  0  0
15.1908  1.88496  0  0
15.1908  1.91637  0  0
15.1908  1.94779  0  0
15.1908  1.9792  0  0
15.1908  2.01062  0  0
15.1908  2.04204  0  0
15.1908  2.07345  0  0
15.1908  2.10487  0  0
15.1908  2.13628  0  0
15.1908  2.1677  0  0
15.1908  2.19911  0  0
15.1908  2.23053  0  0
15.1908  2.26195  0  0
15.1908  2.29336  0  0
15.1908  2.32478  0  0
15.1908  2.35619  0  0
15.1908  2.38761  0  0
15.1908  2.41903  0  0
15.1908  2.45044  0  0
15.1908  2.48186  0  0
15.1908  2.51327  0  0
15.1908  2.54469  0  0
15.1908  2.57611  0  0
15.1908  2.60752  0  0
15.1908  2.63894  0  0
15.1908  2.67035  0  0
15.1908  2.70177  0  0
15.1908  2.73319  0  0
15.1908  2.7646  0  0
15.1908  2.79602  0  0
15.1908  2.82743  0  0
15.1908  2.85885  0  0
15.1908  2.89027  0  0
15.1908  2.92168  0  0
15.1908  2.9531  0  0
15.1908  2.98451  0  0
15.1908  3.01593  0  0
15.1908  3.04734  0  0
15.1908  3.07876  0  0
15.1908  3.11018  0  0
15.3289  0  0  0
15.3289  0.0314159  0  0
15.3289  0.0628319  0  0
15.3289  0.0942478  0  0
15.3289  0.125664  0  0
15.3289  0.15708  0  0
15.3289  0.188496  0  0
15.3289  0.219911  0  0
15.3289  0.251327  0  0
15.3289  0.282743  0  0
15.3289  0.314159  0  0
15.3289  0.345575  0  0
15.3289  0.376991  0  0
15.3289  0.408407  0  0
15.3289  0.439823  0  0
15.3289  0.471239  0  0
15.3289  0.502655  0  0
15.3289  0.534071  0  0
15.3289  0.565487  0  0
15.3289  0.596903  0  0
15.3289  0.628319  0  0
15.3289  0.659734  0  0
15.3289  0.69115  0  0
15.3289  0.722566  0  0
15.3289  0.753982  0  0
15.3289  0.785398  0  0
15.3289  0.816814  0  0
15.3289  0.84823  0  0
15.3289  0.879646  0  0
15.3289  0.911062  0  0
15.3289  0.942478  0  0
15.3289  0.973894  0  0
15.3289  1.00531  0  0
15.3289  1.03673  0  0
15.3289  1.06814  0  0
15.3289  1.09956  0  0
15.3289  1.13097  0  0
15.3289  1.16239  0  0
15.3289  1.19381  0  0
15.3289  1.22522  0  0
15.3289  1.25664  0  0
15.3289  1.28805  0  0
15.3289  1.31947  0  0
15.3289  1.35088  0  0
15.3289  1.3823  0  0
15.3289  1.41372  0  0
15.3289  1.44513  0  0
15.3289  1.47655  0  0
15.3289  1.50796  0  0
15.3289  1.53938  0  0
15.3289  1.5708  0  0
15.3289  1.60221  0  0
15.3289  1.63363  0  0
15.3289  1.66504  0  0
15.3289  1.69646  0  0
15.3289  1.72788  0  0
15.3289  1.75929  0  0
15.3289  1.79071  0  0
15.3289  1.82212  0  0
15.3289  1.85354  0  0
15.3289  1.88496  0  0
15.3289  1.91637  0  0
15.3289  1.94779  0  0
15.3289  1.9792  0  0
15.3289  2.01062  0  0
15.3289  2.04204  0  0
15.3289  2.07345  0  0
15.3289  2.10487  0  0
15.3289  2.13628  0  0
15.3289  2.1677  0  0
15.3289  2.19911  0  0
15.3289  2.23053  0  0
15.3289  2.26195  0  0
15.3289  2.29336  0  0
15.3289  2.32478  0  0
15.3289  2.35619  0  0
15.3289  2.38761  0  0
15.3289  2.41903  0  0
15.3289  2.45044  0  0
15.3289  2.48186  0  0
15.3289  2.51327  0  0
15.3289  2.54469  0  0
15.3289  2.57611  0  0
15.3289  2.60752  0  0
15.3289  2.63894  0  0
15.3289  2.67035  0  0
15.3289  2.70177  0  0
15.3289  2.73319  0  0
15.3289  2.7646  0  0
15.3289  2.79602  0  0
15.3289  2.82743  0  0
15.3289  2.85885  0  0
15.3289  2.89027  0  0
15.3289  2.92168  0  0
15.3289  2.9531  0  0
15.3289  2.98451  0  0
15.3289  3.01593  0  0
15.3289  3.04734  0  0
15.3289  3.07876  0  0
15.3289  3.11018  0  0
15.4671  0  0  0
15.4671  0.0314159  0  0
15.4671  0.0628319  0  0
15.4671  0.0942478  0  0
15.4671  0.125664  0  0
15.4671  0.15708  0  0
15.4671  0.188496  0  0
15.4671  0.219911  0  0
15.4671  0.251327  0  0
15.4671  0.282743  0  0
15.4671  0.314159  0  0
15.4671  0.345575  0  0
15.4671  0.376991  0  0
15.4671  0.408407  0  0
15.4671  0.439823  0  0
15.4671  0.471239  0  0
15.4671  0.502655  0  0
15.4671  0.534071  0  0
15.4671  0.565487  0  0
15.4671  0.596903  0  0
15.4671  0.628319  0  0
15.4671  0.659734  0  0
15.4671  0.69115  0  0
15.4671  0.722566  0  0
15.4671  0.753982  0  0
15.4671  0.785398  0  0
15.4671  0.816814  0  0
15.4671  0.84823  0  0
15.4671  0.879646  0  0
15.4671  0.911062  0  0
15.4671  0.942478  0  0
15.4671  0.973894  0  0
15.4671  1.00531  0  0
15.4671  1.03673  0  0
15.4671  1.06814  0  0
15.4671  1.09956  0  0
15.4671  1.13097  0  0
15.4671  1.16239  0  0
15.4671  1.19381  0  0
15.4671  1.22522  0  0
15.4671  1.25664  0  0
15.4671  1.28805  0  0
15.4671  1.31947  0  0
15.4671  1.35088  0  0
15.4671  1.3823  0  0
15.4671  1.41372  0  0
15.4671  1.44513  0  0
15.4671  1.47655  0  0
15.4671  1.50796  0  0
15.4671  1.53938  0  0
15.4671  1.5708  0  0
15.4671  1.60221  0  0
15.4671  1.63363  0  0
15.4671  1.66504  0  0
15.4671  1.69646  0  0
15.4671  1.72788  0  0
15.4671  1.75929  0  0
15.4671  1.79071  0  0
15.4671  1.82212  0  0
15.4671  1.85354  0  0
15.4671  1.88496  0  0
15.4671  1.91637  0  0
15.4671  1.94779  0  0
15.4671  1.9792  0  0
15.4671  2.01062  0  0
15.4671  2.04204  0  0
15.4671  2.07345  0  0
15.4671  2.10487  0  0
15.4671  2.13628  0  0
15.4671  2.1677  0  0
15.4671  2.19911  0  0
15.4671  2.23053  0  0
15.4671  2.26195  0  0
15.4671  2.29336  0  0
15.4671  2.32478  0  0
15.4671  2.35619  0  0
15.4671  2.38761  0  0
15.4671  2.41903  0  0
15.4671  2.45044  0  0
15.4671  2.48186  0  0
15.4671  2.51327  0  0
15.4671  2.54469  0  0
15.4671  2.57611  0  0
15.4671  2.60752  0  0
15.4671  2.63894  0  0
15.4671  2.67035  0  0
15.4671  2.70177  0  0
15.4671  2.73319  0  0
15.4671  2.7646  0  0
15.4671  2.79602  0  0
15.4671  2.82743  0  0
15.4671  2.85885  0  0
15.4671  2.89027  0  0
15.4671  2.92168  0  0
15.4671  2.9531  0  0
15.4671  2.98451  0  0
15.4671  3.01593  0  0
15.4671  3.04734  0  0
15.4671  3.07876  0  0
15.4671  3.11018  0  0
15.6053  0  0  0
15.6053  0.0314159  0  0
15.6053  0.0628319  0  0
15.6053  0.0942478  0  0
15.6053  0.125664  0  0
15.6053  0.15708  0  0
15.6053  0.188496  0  0
15.6053  0.219911  0  0
15.6053  0.251327  0  0
15.6053  0.282743  0  0
15.6053  0.314159  0  0
15.6053  0.345575  0  0
15.6053  0.376991  0  0
15.6053  0.408407  0  0
15.6053  0.439823  0  0
15.6053  0.471239  0  0
15.6053  0.502655  0  0
15.6053  0.534071  0  0
15.6053  0.565487  0  0
15.6053  0.596903  0  0
15.6053  0.628319  0  0
15.6053  0.659734  0  0
15.6053  0.69115  0  0
15.6053  0.722566  0  0
15.6053  0.753982  0  0
15.6053  0.785398  0  0
15.6053  0.816814  0  0
15.6053  0.84823  0  0
15.6053  0.879646  0  0
15.6053  0.911062  0  0
15.6053  0.942478  0  0
15.6053  0.973894  0  0
15.6053  1.00531  0  0
15.6053  1.03673  0  0
15.6053  1.06814  0  0
15.6053  1.09956  0  0
15.6053  1.13097  0  0
15.6053  1.16239  0  0
15.6053  1.19381  0  0
15.6053  1.22522  0  0
15.6053  1.25664  0  0
15.6053  1.28805  0  0
15.6053  1.31947  0  0
15.6053  1.35088  0  0
15.6053  1.3823  0  0
15.6053  1.41372  0  0
15.6053  1.44513  0  0
15.6053  1.47655  0  0
15.6053  1.50796  0  0
15.6053  1.53938  0  0
15.6053  1.5708  0  0
15.6053  1.60221  0  0
15.6053  1.63363  0  0
15.6053  1.66504  0  0
15.6053  1.69646  0  0
15.6053  1.72788  0  0
15.6053  1.75929  0  0
15.6053  1.79071  0  0
15.6053  1.82212  0  0
15.6053  1.85354  0  0
15.6053  1.88496  0  0
15.6053  1.91637  0  0
15.6053  1.94779  0  0
15.6053  1.9792  0  0
15.6053  2.01062  0  0
15.6053  2.04204  0  0
15.6053  2.07345  0  0
15.6053  2.10487  0  0
15.6053  2.13628  0  0
15.6053  2.1677  0  0
15.6053  2.19911  0  0
15.6053  2.23053  0  0
15.6053  2.26195  0  0
15.6053  2.29336  0  0
15.6053  2.32478  0  0
15.6053  2.35619  0  0
15.6053  2.38761  0  0
15.6053  2.41903  0  0
15.6053  2.45044  0  0
15.6053  2.48186  0  0
15.6053  2.51327  0  0
15.6053  2.54469  0  0
15.6053  2.57611  0  0
15.6053  2.60752  0  0
15.6053  2.63894  0  0
15.6053  2.67035  0  0
15.6053  2.70177  0  0
15.6053  2.73319  0  0
15.6053  2.7646  0  0
15.6053  2.79602  0  0
15.6053  2.82743  0  0
15.6053  2.85885  0  0
15.6053  2.89027  0  0
15.6053  2.92168  0  0
15.6053  2.9531  0  0
15.6053  2.98451  0  0
15.6053  3.01593  0  0
15.6053  3.04734  0  0
15.6053  3.07876  0  0
15.6053  3.11018  0  0
15.7434  0  0  0
15.7434  0.0314159  0  0
15.7434  0.0628319  0  0
15.7434  0.0942478  0  0
15.7434  0.125664  0  0
15.7434  0.15708  0  0
15.7434  0.188496  0  0
15.7434  0.219911  0  0
15.7434  0.251327  0  0
15.7434  0.282743  0  0
15.7434  0.314159  0  0
15.7434  0.345575  0  0
15.7434  0.376991  0  0
15.7434  0.408407  0  0
15.7434  0.439823  0  0
15.7434  0.471239  0  0
15.7434  0.502655  0  0
15.7434  0.534071  0  0
15.7434  0.565487  0  0
15.7434  0.596903  0  0
15.7434  0.628319  0  0
15.7434  0.659734  0  0
15.7434  0.69115  0  0
15.7434  0.722566  0  0
15.7434  0.753982  0  0
15.7434  0.785398  0  0
15.7434  0.816814  0  0
15.7434  0.84823  0  0
15.7434  0.879646  0  0
15.7434  0.911062  0  0
15.7434  0.942478  0  0
15.7434  0.973894  0  0
15.7434  1.00531  0  0
15.7434  1.03673  0  0
15.7434  1.06814  0  0
15.7434  1.09956  0  0
15.7434  1.13097  0  0
15.7434  1.16239  0  0
15.7434  1.19381  0  0
15.7434  1.22522  0  0
15.7434  1.25664  0  0
15.7434  1.28805  0  0
15.7434  1.31947  0  0
15.7434  1.35088  0  0
15.7434  1.3823  0  0
15.7434  1.41372  0  0
15.7434  1.44513  0  0
15.7434  1.47655  0  0
15.7434  1.50796  0  0
15.7434  1.53938  0  0
15.7434  1.5708  0  0
15.7434  1.60221  0  0
15.7434  1.63363  0  0
15.7434  1.66504  0  0
15.7434  1.69646  0  0
15.7434  1.72788  0  0
15.7434  1.75929  0  0
15.7434  1.79071  0  0
15.7434  1.82212  0  0
15.7434  1.85354  0  0
15.7434  1.88496  0  0
15.7434  1.91637  0  0
15.7434  1.94779  0  0
15.7434  1.9792  0  0
15.7434  2.01062  0  0
15.7434  2.04204  0  0
15.7434  2.07345  0  0
15.7434  2.10487  0  0
15.7434  2.13628  0  0
15.7434  2.1677  0  0
15.7434  2.19911  0  0
15.7434  2.23053  0  0
15.7434  2.26195  0  0
15.7434  2.29336  0  0
15.7434  2.32478  0  0
15.7434  2.35619  0  0
15.7434  2.38761  0  0
15.7434  2.41903  0  0
15.7434  2.45044  0  0
15.7434  2.48186  0  0
15.7434  2.51327  0  0
15.7434  2.54469  0  0
15.7434  2.57611  0  0
15.7434  2.60752  0  0
15.7434  2.63894  0  0
15.7434  2.67035  0  0
15.7434  2.70177  0  0
15.7434  2.73319  0  0
15.7434  2.7646  0  0
15.7434  2.79602  0  0
15.7434  2.82743  0  0
15.7434  2.85885  0  0
15.7434  2.89027  0  0
15.7434  2.92168  0  0
15.7434  2.9531  0  0
15.7434  2.98451  0  0
15.7434  3.01593  0  0
15.7434  3.04734  0  0
15.7434  3.07876  0  0
15.7434  3.11018  0  0
15.8816  0  0  0
15.8816  0.0314159  0  0
15.8816  0.0628319  0  0
15.8816  0.0942478  0  0
15.8816  0.125664  0  0
15.8816  0.15708  0  0
15.8816  0.188496  0  0
15.8816  0.219911  0  0
15.8816  0.251327  0  0
15.8816  0.282743  0  0
15.8816  0.314159  0  0
15.8816  0.345575  0  0
15.8816  0.376991  0  0
15.8816  0.408407  0  0
15.8816  0.439823  0  0
15.8816  0.471239  0  0
15.8816  0.502655  0  0
15.8816  0.534071  0  0
15.8816  0.565487  0  0
15.8816  0.596903  0  0
15.8816  0.628319  0  0
15.8816  0.659734  0  0
15.8816  0.69115  0  0
15.8816  0.722566  0  0
15.8816  0.753982  0  0
15.8816  0.785398  0  0
15.8816  0.816814  0  0
15.8816  0.84823  0  0
15.8816  0.879646  0  0
15.8816  0.911062  0  0
15.8816  0.942478  0  0
15.8816  0.973894  0  0
15.8816  1.00531  0  0
15.8816  1.03673  0  0
15.8816  1.06814  0  0
15.8816  1.09956  0  0
15.8816  1.13097  0  0
15.8816  1.16239  0  0
15.8816  1.19381  0  0
15.8816  1.22522  0  0
15.8816  1.25664  0  0
15.8816  1.28805  0  0
15.8816  1.31947  0  0
15.8816  1.35088  0  0
15.8816  1.3823  0  0
15.8816  1.41372  0  0
15.8816  1.44513  0  0
15.8816  1.47655  0  0
15.8816  1.50796  0  0
15.8816  1.53938  0  0
15.8816  1.5708  0  0
15.8816  1.60221  0  0
15.8816  1.63363  0  0
15.8816  1.66504  0  0
15.8816  1.69646  0  0
15.8816  1.72788  0  0
15.8816  1.75929  0  0
15.8816  1.79071  0  0
15.8816  1.82212  0  0
15.8816  1.85354  0  0
15.8816  1.88496  0  0
15.8816  1.91637  0  0
15.8816  1.94779  0  0
15.8816  1.9792  0  0
15.8816  2.01062  0  0
15.8816  2.04204  0  0
15.8816  2.07345  0  0
15.8816  2.10487  0  0
15.8816  2.13628  0  0
15.8816  2.1677  0  0
15.8816  2.19911  0  0
15.8816  2.23053  0  0
15.8816  2.26195  0  0
15.8816  2.29336  0  0
15.8816  2.32478  0  0
15.8816  2.35619  0  0
15.8816  2.38761  0  0
15.8816  2.41903  0  0
15.8816  2.45044  0  0
15.8816  2.48186  0  0
15.8816  2.51327  0  0
15.8816  2.54469  0  0
15.8816  2.57611  0  0
15.8816  2.60752  0  0
15.8816  2.63894  0  0
15.8816  2.67035  0  0
15.8816  2.70177  0  0
15.8816  2.73319  0  0
15.8816  2.7646  0  0
15.8816  2.79602  0  0
15.8816  2.82743  0  0
15.8816  2.85885  0  0
15.8816  2.89027  0  0
15.8816  2.92168  0  0
15.8816  2.9531  0  0
15.8816  2.98451  0  0
15.8816  3.01593  0  0
15.8816  3.04734  0  0
15.8816  3.07876  0  0
15.8816  3.11018  0  0
16.0197  0  0  0
16.0197  0.0314159  0  0
16.0197  0.0628319  0  0
16.0197  0.0942478  0  0
16.0197  0.125664  0  0
16.0197  0.15708  0  0
16.0197  0.188496  0  0
16.0197  0.219911  0  0
16.0197  0.251327  0  0
16.0197  0.282743  0  0
16.0197  0.314159  0  0
16.0197  0.345575  0  0
16.0197  0.376991  0  0
16.0197  0.408407  0  0
16.0197  0.439823  0  0
16.0197  0.471239  0  0
16.0197  0.502655  0  0
16.0197  0.534071  0  0
16.0197  0.565487  0  0
16.0197  0.596903  0  0
16.0197  0.628319  0  0
16.0197  0.659734  0  0
16.0197  0.69115  0  0
16.0197  0.722566  0  0
16.0197  0.753982  0  0
16.0197  0.785398  0  0
16.0197  0.816814  0  0
16.0197  0.84823  0  0
16.0197  0.879646  0  0
16.0197  0.911062  0  0
16.0197  0.942478  0  0
16.0197  0.973894  0  0
16.0197  1.00531  0  0
16.0197  1.03673  0  0
16.0197  1.06814  0  0
16.0197  1.09956  0  0
16.0197  1.13097  0  0
16.0197  1.16239  0  0
16.0197  1.19381  0  0
16.0197  1.22522  0  0
16.0197  1.25664  0  0
16.0197  1.28805  0  0
16.0197  1.31947  0  0
16.0197  1.35088  0  0
16.0197  1.3823  0  0
16.0197  1.41372  0  0
16.0197  1.44513  0  0
16.0197  1.47655  0  0
16.0197  1.50796  0  0
16.0197  1.53938  0  0
16.0197  1.5708  0  0
16.0197  1.60221  0  0
16.0197  1.63363  0  0
16.0197  1.66504  0  0
16.0197  1.69646  0  0
16.0197  1.72788  0  0
16.0197  1.75929  0  0
16.0197  1.79071  0  0
16.0197  1.82212  0  0
16.0197  1.85354  0  0
16.0197  1.88496  0  0
16.0197  1.91637  0  0
16.0197  1.94779  0  0
16.0197  1.9792  0  0
16.0197  2.01062  0  0
16.0197  2.04204  0  0
16.0197  2.07345  0  0
16.0197  2.10487  0  0
16.0197  2.13628  0  0
16.0197  2.1677  0  0
16.0197  2.19911  0  0
16.0197  2.23053  0  0
16.0197  2.26195  0  0
16.0197  2.29336  0  0
16.0197  2.32478  0  0
16.0197  2.35619  0  0
16.0197  2.38761  0  0
16.0197  2.41903  0  0
16.0197  2.45044  0  0
16.0197  2.48186  0  0
16.0197  2.51327  0  0
16.0197  2.54469  0  0
16.0197  2.57611  0  0
16.0197  2.60752  0  0
16.0197  2.63894  0  0
16.0197  2.67035  0  0
16.0197  2.70177  0  0
16.0197  2.73319  0  0
16.0197  2.7646  0  0
16.0197  2.79602  0  0
16.0197  2.82743  0  0
16.0197  2.85885  0  0
16.0197  2.89027  0  0
16.0197  2.92168  0  0
16.0197  2.9531  0  0
16.0197  2.98451  0  0
16.0197  3.01593  0  0
16.0197  3.04734  0  0
16.0197  3.07876  0  0
16.0197  3.11018  0  0
16.1579  0  0  0
16.1579  0.0314159  0  0
16.1579  0.0628319  0  0
16.1579  0.0942478  0  0
16.1579  0.125664  0  0
16.1579  0.15708  0  0
16.1579  0.188496  0  0
16.1579  0.219911  0  0
16.1579  0.251327  0  0
16.1579  0.282743  0  0
16.1579  0.314159  0  0
16.1579  0.345575  0  0
16.1579  0.376991  0  0
16.1579  0.408407  0  0
16.1579  0.439823  0  0
16.1579  0.471239  0  0
16.1579  0.502655  0  0
16.1579  0.534071  0  0
16.1579  0.565487  0  0
16.1579  0.596903  0  0
16.1579  0.628319  0  0
16.1579  0.659734  0  0
16.1579  0.69115  0  0
16.1579  0.722566  0  0
16.1579  0.753982  0  0
16.1579  0.785398  0  0
16.1579  0.816814  0  0
16.1579  0.84823  0  0
16.1579  0.879646  0  0
16.1579  0.911062  0  0
16.1579  0.942478  0  0
16.1579  0.973894  0  0
16.1579  1.00531  0  0
16.1579  1.03673  0  0
16.1579  1.06814  0  0
16.1579  1.09956  0  0
16.1579  1.13097  0  0
16.1579  1.16239  0  0
16.1579  1.19381  0  0
16.1579  1.22522  0  0
16.1579  1.25664  0  0
16.1579  1.28805  0  0
16.1579  1.31947  0  0
16.1579  1.35088  0  0
16.1579  1.3823  0  0
16.1579  1.41372  0  0
16.1579  1.44513  0  0
16.1579  1.47655  0  0
16.1579  1.50796  0  0
16.1579  1.53938  0  0
16.1579  1.5708  0  0
16.1579  1.60221  0  0
16.1579  1.63363  0  0
16.1579  1.66504  0  0
16.1579  1.69646  0  0
16.1579  1.72788  0  0
16.1579  1.75929  0  0
16.1579  1.79071  0  0
16.1579  1.82212  0  0
16.1579  1.85354  0  0
16.1579  1.88496  0  0
16.1579  1.91637  0  0
16.1579  1.94779  0  0
16.1579  1.9792  0  0
16.1579  2.01062  0  0
16.1579  2.04204  0  0
16.1579  2.07345  0  0
16.1579  2.10487  0  0
16.1579  2.13628  0  0
16.1579  2.1677  0  0
16.1579  2.19911  0  0
16.1579  2.23053  0  0
16.1579  2.26195  0  0
16.1579  2.29336  0  0
16.1579  2.32478  0  0
16.1579  2.35619  0  0
16.1579  2.38761  0  0
16.1579  2.41903  0  0
16.1579  2.45044  0  0
16.1579  2.48186  0  0
16.1579  2.51327  0  0
16.1579  2.54469  0  0
16.1579  2.57611  0  0
16.1579  2.60752  0  0
16.1579  2.63894  0  0
16.1579  2.67035  0  0
16.1579  2.70177  0  0
16.1579  2.73319  0  0
16.1579  2.7646  0  0
16.1579  2.79602  0  0
16.1579  2.82743  0  0
16.1579  2.85885  0  0
16.1579  2.89027  0  0
16.1579  2.92168  0  0
16.1579  2.9531  0  0
16.1579  2.98451  0  0
16.1579  3.01593  0  0
16.1579  3.04734  0  0
16.1579  3.07876  0  0
16.1579  3.11018  0  0
16.2961  0  0  0
16.2961  0.0314159  0  0
16.2961  0.0628319  0  0
16.2961  0.0942478  0  0
16.2961  0.125664  0  0
16.2961  0.15708  0  0
16.2961  0.188496  0  0
16.2961  0.219911  0  0
16.2961  0.251327  0  0
16.2961  0.282743  0  0
16.2961  0.314159  0  0
16.2961  0.345575  0  0
16.2961  0.376991  0  0
16.2961  0.408407  0  0
16.2961  0.439823  0  0
16.2961  0.471239  0  0
16.2961  0.502655  0  0
16.2961  0.534071  0  0
16.2961  0.565487  0  0
16.2961  0.596903  0  0
16.2961  0.628319  0  0
16.2961  0.659734  0  0
16.2961  0.69115  0  0
16.2961  0.722566  0  0
16.2961  0.753982  0  0
16.2961  0.785398  0  0
16.2961  0.816814  0  0
16.2961  0.84823  0  0
16.2961  0.879646  0  0
16.2961  0.911062  0  0
16.2961  0.942478  0  0
16.2961  0.973894  0  0
16.2961  1.00531  0  0
16.2961  1.03673  0  0
16.2961  1.06814  0  0
16.2961  1.09956  0  0
16.2961  1.13097  0  0
16.2961  1.16239  0  0
16.2961  1.19381  0  0
16.2961  1.22522  0  0
16.2961  1.25664  0  0
16.2961  1.28805  0  0
16.2961  1.31947  0  0
16.2961  1.35088  0  0
16.2961  1.3823  0  0
16.2961  1.41372  0  0
16.2961  1.44513  0  0
16.2961  1.47655  0  0
16.2961  1.50796  0  0
16.2961  1.53938  0  0
16.2961  1.5708  0  0
16.2961  1.60221  0  0
16.2961  1.63363  0  0
16.2961  1.66504  0  0
16.2961  1.69646  0  0
16.2961  1.72788  0  0
16.2961  1.75929  0  0
16.2961  1.79071  0  0
16.2961  1.82212  0  0
16.2961  1.85354  0  0
16.2961  1.88496  0  0
16.2961  1.91637  0  0
16.2961  1.94779  0  0
16.2961  1.9792  0  0
16.2961  2.01062  0  0
16.2961  2.04204  0  0
16.2961  2.07345  0  0
16.2961  2.10487  0  0
16.2961  2.13628  0  0
16.2961  2.1677  0  0
16.2961  2.19911  0  0
16.2961  2.23053  0  0
16.2961  2.26195  0  0
16.2961  2.29336  0  0
16.2961  2.32478  0  0
16.2961  2.35619  0  0
16.2961  2.38761  0  0
16.2961  2.41903  0  0
16.2961  2.45044  0  0
16.2961  2.48186  0  0
16.2961  2.51327  0  0
16.2961  2.54469  0  0
16.2961  2.57611  0  0
16.2961  2.60752  0  0
16.2961  2.63894  0  0
16.2961  2.67035  0  0
16.2961  2.70177  0  0
16.2961  2.73319  0  0
16.2961  2.7646  0  0
16.2961  2.79602  0  0
16.2961  2.82743  0  0
16.2961  2.85885  0  0
16.2961  2.89027  0  0
16.2961  2.92168  0  0
16.2961  2.9531  0  0
16.2961  2.98451  0  0
16.2961  3.01593  0  0
16.2961  3.04734  0  0
16.2961  3.07876  0  0
16.2961  3.11018  0  0
16.4342  0  0  0
16.4342  0.0314159  0  0
16.4342  0.0628319  0  0
16.4342  0.0942478  0  0
16.4342  0.125664  0  0
16.4342  0.15708  0  0
16.4342  0.188496  0  0
16.4342  0.219911  0  0
16.4342  0.251327  0  0
16.4342  0.282743  0  0
16.4342  0.314159  0  0
16.4342  0.345575  0  0
16.4342  0.376991  0  0
16.4342  0.408407  0  0
16.4342  0.439823  0  0
16.4342  0.471239  0  0
16.4342  0.502655  0  0
16.4342  0.534071  0  0
16.4342  0.565487  0  0
16.4342  0.596903  0  0
16.4342  0.628319  0  0
16.4342  0.659734  0  0
16.4342  0.69115  0  0
16.4342  0.722566  0  0
16.4342  0.753982  0  0
16.4342  0.785398  0  0
16.4342  0.816814  0  0
16.4342  0.84823  0  0
16.4342  0.879646  0  0
16.4342  0.911062  0  0
16.4342  0.942478  0  0
16.4342  0.973894  0  0
16.4342  1.00531  0  0
16.4342  1.03673  0  0
16.4342  1.06814  0  0
16.4342  1.09956  0  0
16.4342  1.13097  0  0
16.4342  1.16239  0  0
16.4342  1.19381  0  0
16.4342  1.22522  0  0
16.4342  1.25664  0  0
16.4342  1.28805  0  0
16.4342  1.31947  0  0
16.4342  1.35088  0  0
16.4342  1.3823  0  0
16.4342  1.41372  0  0
16.4342  1.44513  0  0
16.4342  1.47655  0  0
16.4342  1.50796  0  0
16.4342  1.53938  0.241879  2.33826
16.4342  1.5708  0  0
16.4342  1.60221  0  0
16.4342  1.63363  0  0
16.4342  1.66504  0  0
16.4342  1.69646  0  0
16.4342  1.72788  0  0
16.4342  1.75929  0  0
16.4342  1.79071  0  0
16.4342  1.82212  0  0
16.4342  1.85354  0  0
16.4342  1.88496  0  0
16.4342  1.91637  0  0
16.4342  1.94779  0  0
16.4342  1.9792  0  0
16.4342  2.01062  0  0
16.4342  2.04204  0  0
16.4342  2.07345  0  0
16.4342  2.10487  0  0
16.4342  2.13628  0  0
16.4342  2.1677  0  0
16.4342  2.19911  0  0
16.4342  2.23053  0  0
16.4342  2.26195  0  0
16.4342  2.29336  0  0
16.4342  2.32478  0  0
16.4342  2.35619  0  0
16.4342  2.38761  0  0
16.4342  2.41903  0  0
16.4342  2.45044  0  0
16.4342  2.48186  0  0
16.4342  2.51327  0  0
16.4342  2.54469  0  0
16.4342  2.57611  0  0
16.4342  2.60752  0  0
16.4342  2.63894  0  0
16.4342  2.67035  0  0
16.4342  2.70177  0  0
16.4342  2.73319  0  0
16.4342  2.7646  0  0
16.4342  2.79602  0  0
16.4342  2.82743  0  0
16.4342  2.85885  0  0
16.4342  2.89027  0  0
16.4342  2.92168  0  0
16.4342  2.9531  0  0
16.4342  2.98451  0  0
16.4342  3.01593  0  0
16.4342  3.04734  0  0
16.4342  3.07876  0  0
16.4342  3.11018  0  0
16.5724  0  0  0
16.5724  0.0314159  0  0
16.5724  0.0628319  0  0
16.5724  0.0942478  0  0
16.5724  0.125664  0  0
16.5724  0.15708  0  0
16.5724  0.188496  0  0
16.5724  0.219911  0  0
16.5724  0.251327  0  0
16.5724  0.282743  0  0
16.5724  0.314159  0  0
16.5724  0.345575  0  0
16.5724  0.376991  0  0
16.5724  0.408407  0  0
16.5724  0.439823  0  0
16.5724  0.471239  0  0
16.5724  0.502655  0  0
16.5724  0.534071  0  0
16.5724  0.565487  0  0
16.5724  0.596903  0  0
16.5724  0.628319  0  0
16.5724  0.659734  0  0
16.5724  0.69115  0  0
16.5724  0.722566  0  0
16.5724  0.753982  0  0
16.5724  0.785398  0  0
16.5724  0.816814  0  0
16.5724  0.84823  0  0
16.5724  0.879646  0  0
16.5724  0.911062  0  0
16.5724  0.942478  0  0
16.5724  0.973894  0  0
16.5724  1.00531  0  0
16.5724  1.03673  0  0
16.5724  1.06814  0  0
16.5724  1.09956  0  0
16.5724  1.13097  0  0
16.5724  1.16239  0  0
16.5724  1.19381  0  0
16.5724  1.22522  0  0
16.5724  1.25664  0  0
16.5724  1.28805  0  0
16.5724  1.31947  0  0
16.5724  1.35088  0  0
16.5724  1.3823  0  0
16.5724  1.41372  0  0
16.5724  1.44513  0.258759  1.70226
16.5724  1.47655  0.0975175  0.090953
16.5724  1.50796  0.00488844  0.0358707
16.5724  1.53938  0.0641508  0.0533403
16.5724  1.5708  0.049471  0.0485728
16.5724  1.60221  0.108071  0.0906678
16.5724  1.63363  0.00471385  0.0345896
16.5724  1.66504  0.120578  0.118963
16.5724  1.69646  0  0
16.5724  1.72788  0  0
16.5724  1.75929  0  0
16.5724  1.79071  0  0
16.5724  1.82212  0  0
16.5724  1.85354  0  0
16.5724  1.88496  0  0
16.5724  1.91637  0  0
16.5724  1.94779  0  0
16.5724  1.9792  0  0
16.5724  2.01062  0  0
16.5724  2.04204  0  0
16.5724  2.07345  0  0
16.5724  2.10487  0  0
16.5724  2.13628  0  0
16.5724  2.1677  0  0
16.5724  2.19911  0  0
16.5724  2.23053  0  0
16.5724  2.26195  0  0
16.5724  2.29336  0  0
16.5724  2.32478  0  0
16.5724  2.35619  0  0
16.5724  2.38761  0  0
16.5724  2.41903  0  0
16.5724  2.45044  0  0
16.5724  2.48186  0  0
16.5724  2.51327  0  0
16.5724  2.54469  0  0
16.5724  2.57611  0  0
16.5724  2.60752  0  0
16.5724  2.63894  0  0
16.5724  2.67035  0  0
16.5724  2.70177  0  0
16.5724  2.73319  0  0
16.5724  2.7646  0  0
16.5724  2.79602  0  0
16.5724  2.82743  0  0
16.5724  2.85885  0  0
16.5724  2.89027  0  0
16.5724  2.92168  0  0
16.5724  2.9531  0  0
16.5724  2.98451  0  0
16.5724  3.01593  0  0
16.5724  3.04734  0  0
16.5724  3.07876  0  0
16.5724  3.11018  0  0
16.7105  0  0  0
16.7105  0.0314159  0  0
16.7105  0.0628319  0  0
16.7105  0.0942478  0  0
16.7105  0.125664  0  0
16.7105  0.15708  0  0
16.7105  0.188496  0  0
16.7105  0.219911  0  0
16.7105  0.251327  0  0
16.7105  0.282743  0  0
16.7105  0.314159  0  0
16.7105  0.345575  0  0
16.7105  0.376991  0  0
16.7105  0.408407  0  0
16.7105  0.439823  0  0
16.7105  0.471239  0  0
16.7105  0.502655  0  0
16.7105  0.534071  0  0
16.7105  0.565487  0  0
16.7105  0.596903  0  0
16.7105  0.628319  0  0
16.7105  0.659734  0  0
16.7105  0.69115  0  0
16.7105  0.722566  0  0
16.7105  0.753982  0  0
16.7105  0.785398  0  0
16.7105  0.816814  0  0
16.7105  0.84823  0  0
16.7105  0.879646  0  0
16.7105  0.911062  0  0
16.7105  0.942478  0  0
16.7105  0.973894  0  0
16.7105  1.00531  0  0
16.7105  1.03673  0  0
16.7105  1.06814  0  0
16.7105  1.09956  0  0
16.7105  1.13097  0  0
16.7105  1.16239  0  0
16.7105  1.19381  0  0
16.7105  1.22522  0  0
16.7105  1.25664  0  0
16.7105  1.28805  0  0
16.7105  1.31947  0  0
16.7105  1.35088  0.258759  1.70226
16.7105  1.3823  0.103438  0.0521686
16.7105  1.41372  0.219443  0.112354
16.7105  1.44513  0.0845257  0.13768
16.7105  1.47655  0.193989  0.101494
16.7105  1.50796  0.151429  0.138756
16.7105  1.53938  0.0976228  0.0927736
16.7105  1.5708  0.0909012  0.0988767
16.7105  1.60221  0.069955  0.0980035
16.7105  1.63363  0.0653909  0.102447
16.7105  1.66504  0.285553  0.278951
16.7105  1.69646  0.131227  0.066671
16.7105  1.72788  0.269773  0.188433
16.7105  1.75929  0  0
16.7105  1.79071  0  0
16.7105  1.82212  0  0
16.7105  1.85354  0  0
16.7105  1.88496  0  0
16.7105  1.91637  0  0
16.7105  1.94779  0  0
16.7105  1.9792  0  0
16.7105  2.01062  0  0
16.7105  2.04204  0  0
16.7105  2.07345  0  0
16.7105  2.10487  0  0
16.7105  2.13628  0  0
16.7105  2.1677  0  0
16.7105  2.19911  0  0
16.7105  2.23053  0  0
16.7105  2.26195  0  0
16.7105  2.29336  0  0
16.7105  2.32478  0  0
16.7105  2.35619  0  0
16.7105  2.38761  0  0
16.7105  2.41903  0  0
16.7105  2.45044  0  0
16.7105  2.48186  0  0
16.7105  2.51327  0  0
16.7105  2.54469  0  0
16.7105  2.57611  0  0
16.7105  2.60752  0  0
16.7105  2.63894  0  0
16.7105  2.67035  0  0
16.7105  2.70177  0  0
16.7105  2.73319  0  0
16.7105  2.7646  0  0
16.7105  2.79602  0  0
16.7105  2.82743  0  0
16.7105  2.85885  0  0
16.7105  2.89027  0  0
16.7105  2.92168  0  0
16.7105  2.9531  0  0
16.7105  2.98451  0  0
16.7105  3.01593  0  0
16.7105  3.04734  0  0
16.7105  3.07876  0  0
16.7105  3.11018  0  0
16.8487  0  0  0
16.8487  0.0314159  0  0
16.8487  0.0628319  0  0
16.8487  0.0942478  0  0
16.8487  0.125664  0  0
16.8487  0.15708  0  0
16.8487  0.188496  0  0
16.8487  0.219911  0  0
16.8487  0.251327  0  0
16.8487  0.282743  0  0
16.8487  0.314159  0  0
16.8487  0.345575  0  0
16.8487  0.376991  0  0
16.8487  0.408407  0  0
16.8487  0.439823  0  0
16.8487  0.471239  0  0
16.8487  0.502655  0  0
16.8487  0.534071  0  0
16.8487  0.565487  0  0
16.8487  0.596903  0  0
16.8487  0.628319  0  0
16.8487  0.659734  0  0
16.8487  0.69115  0  0
16.8487  0.722566  0  0
16.8487  0.753982  0  0
16.8487  0.785398  0  0
16.8487  0.816814  0  0
16.8487  0.84823  0  0
16.8487  0.879646  0  0
16.8487  0.911062  0  0
16.8487  0.942478  0  0
16.8487  0.973894  0  0
16.8487  1.00531  0  0
16.8487  1.03673  0  0
16.8487  1.06814  0  0
16.8487  1.09956  0  0
16.8487  1.13097  0  0
16.8487  1.16239  0  0
16.8487  1.19381  0  0
16.8487  1.22522  0  0
16.8487  1.25664  0  0
16.8487  1.28805  0.258123  1.7505
16.8487  1.31947  0.103316  0.0789264
16.8487  1.35088  0.14595  0.0839582
16.8487  1.3823  0.131992  0.146476
16.8487  1.41372  0.176274  0.120702
16.8487  1.44513  0.0640299  0.116908
16.8487  1.47655  0.211286  0.209103
16.8487  1.50796  0.119751  0.126607
16.8487  1.53938  0.0615539  0.0927848
16.8487  1.5708  0.0710969  0.130875
16.8487  1.60221  0.180429  0.130273
16.8487  1.63363  0.151923  0.0770961
16.8487  1.66504  0.0558394  0.110383
16.8487  1.69646  0.0642899  0.0686556
16.8487  1.72788  0.0776177  0.114403
16.8487  1.75929  0.0336153  0.0498379
16.8487  1.79071  0.0040155  0.0294652
16.8487  1.82212  0  0
16.8487  1.85354  0.258759  1.70226
16.8487  1.88496  0  0
16.8487  1.91637  0  0
16.8487  1.94779  0  0
16.8487  1.9792  0  0
16.8487  2.01062  0  0
16.8487  2.04204  0  0
16.8487  2.07345  0  0
16.8487  2.10487  0  0
16.8487  2.13628  0  0
16.8487  2.1677  0  0
16.8487  2.19911  0  0
16.8487  2.23053  0  0
16.8487  2.26195  0  0
16.8487  2.29336  0  0
16.8487  2.32478  0  0
16.8487  2.35619  0  0
16.8487  2.38761  0  0
16.8487  2.41903  0  0
16.8487  2.45044  0  0
16.8487  2.48186  0  0
16.8487  2.51327  0  0
16.8487  2.54469  0  0
16.8487  2.57611  0  0
16.8487  2.60752  0  0
16.8487  2.63894  0  0
16.8487  2.67035  0  0
16.8487  2.70177  0  0
16.8487  2.73319  0  0
16.8487  2.7646  0  0
16.8487  2.79602  0  0
16.8487  2.82743  0  0
16.8487  2.85885  0  0
16.8487  2.89027  0  0
16.8487  2.92168  0  0
16.8487  2.9531  0  0
16.8487  2.98451  0  0
16.8487  3.01593  0  0
16.8487  3.04734  0  0
16.8487  3.07876  0  0
16.8487  3.11018  0  0
16.9868  0  0  0
16.9868  0.0314159  0  0
16.9868  0.0628319  0  0
16.9868  0.0942478  0  0
16.9868  0.125664  0  0
16.9868  0.15708  0  0
16.9868  0.188496  0  0
16.9868  0.219911  0  0
16.9868  0.251327  0  0
16.9868  0.282743  0  0
16.9868  0.314159  0  0
16.9868  0.345575  0  0
16.9868  0.376991  0  0
16.9868  0.408407  0  0
16.9868  0.439823  0  0
16.9868  0.471239  0  0
16.9868  0.502655  0  0
16.9868  0.534071  0  0
16.9868  0.565487  0  0
16.9868  0.596903  0  0
16.9868  0.628319  0  0
16.9868  0.659734  0  0
16.9868  0.69115  0  0
16.9868  0.722566  0  0
16.9868  0.753982  0  0
16.9868  0.785398  0  0
16.9868  0.816814  0  0
16.9868  0.84823  0  0
16.9868  0.879646  0  0
16.9868  0.911062  0  0
16.9868  0.942478  0  0
16.9868  0.973894  0  0
16.9868  1.00531  0  0
16.9868  1.03673  0  0
16.9868  1.06814  0  0
16.9868  1.09956  0  0
16.9868  1.13097  0  0
16.9868  1.16239  0  0
16.9868  1.19381  0  0
16.9868  1.22522  0  0
16.9868  1.25664  0.00838018  0.0614926
16.9868  1.28805  0.173477  0.101808
16.9868  1.31947  0.132894  0.129139
16.9868  1.35088  0.135058  0.0877447
16.9868  1.3823  0.0772739  0.104665
16.9868  1.41372  0.175958  0.17346
16.9868  1.44513  0.165592  0.154725
16.9868  1.47655  0.0463388  0.0415955
16.9868  1.50796  0.167268  0.124745
16.9868  1.53938  0.0871481  0.10011
16.9868  1.5708  0.0496257  0.0455297
16.9868  1.60221  0.0605698  0.108169
16.9868  1.63363  0.0694309  0.0799862
16.9868  1.66504  0.0877075  0.138339
16.9868  1.69646  0.0708152  0.109272
16.9868  1.72788  0.0573887  0.0576385
16.9868  1.75929  0.0649542  0.115103
16.9868  1.79071  0.106306  0.0706911
16.9868  1.82212  0.182108  0.147218
16.9868  1.85354  0.0225217  0.165261
16.9868  1.88496  0.104752  0.768657
16.9868  1.91637  0  0
16.9868  1.94779  0  0
16.9868  1.9792  0  0
16.9868  2.01062  0  0
16.9868  2.04204  0  0
16.9868  2.07345  0  0
16.9868  2.10487  0  0
16.9868  2.13628  0  0
16.9868  2.1677  0  0
16.9868  2.19911  0  0
16.9868  2.23053  0  0
16.9868  2.26195  0  0
16.9868  2.29336  0  0
16.9868  2.32478  0  0
16.9868  2.35619  0  0
16.9868  2.38761  0  0
16.9868  2.41903  0  0
16.9868  2.45044  0  0
16.9868  2.48186  0  0
16.9868  2.51327  0  0
16.9868  2.54469  0  0
16.9868  2.57611  0  0
16.9868  2.60752  0  0
16.9868  2.63894  0  0
16.9868  2.67035  0  0
16.9868  2.70177  0  0
16.9868  2.73319  0  0
16.9868  2.7646  0  0
16.9868  2.79602  0  0
16.9868  2.82743  0  0
16.9868  2.85885  0  0
16.9868  2.89027  0  0
16.9868  2.92168  0  0
16.9868  2.9531  0  0
16.9868  2.98451  0  0
16.9868  3.01593  0  0
16.9868  3.04734  0  0
16.9868  3.07876  0  0
16.9868  3.11018  0  0
17.125  0  0  0
17.125  0.0314159  0  0
17.125  0.0628319  0  0
17.125  0.0942478  0  0
17.125  0.125664  0  0
17.125  0.15708  0  0
17.125  0.188496  0  0
17.125  0.219911  0  0
17.125  0.251327  0  0
17.125  0.282743  0  0
17.125  0.314159  0  0
17.125  0.345575  0  0
17.125  0.376991  0  0
17.125  0.408407  0  0
17.125  0.439823  0  0
17.125  0.471239  0  0
17.125  0.502655  0  0
17.125  0.534071  0  0
17.125  0.565487  0  0
17.125  0.596903  0  0
17.125  0.628319  0  0
17.125  0.659734  0  0
17.125  0.69115  0  0
17.125  0.722566  0  0
17.125  0.753982  0  0
17.125  0.785398  0  0
17.125  0.816814  0  0
17.125  0.84823  0  0
17.125  0.879646  0  0
17.125  0.911062  0  0
17.125  0.942478  0  0
17.125  0.973894  0  0
17.125  1.00531  0  0
17.125  1.03673  0  0
17.125  1.06814  0  0
17.125  1.09956  0  0
17.125  1.13097  0  0
17.125  1.16239  0  0
17.125  1.19381  0  0
17.125  1.22522  0.218978  0.162614
17.125  1.25664  0.163055  0.112999
17.125  1.28805  0.0467376  0.0858938
17.125  1.31947  0.0455767  0.0504921
17.125  1.35088  0.071621  0.117887
17.125  1.3823  0.0643611  0.109021
17.125  1.41372  0.0868606  0.0800691
17.125  1.44513  0.0601219  0.070528
17.125  1.47655  0.116544  0.121774
17.125  1.50796  0.179615  0.0988656
17.125  1.53938  0.0868036  0.0797374
17.125  1.5708  0.135795  0.136001
17.125  1.60221  0.0784553  0.122811
17.125  1.63363  0.128187  0.106779
17.125  1.66504  0.0844305  0.114282
17.125  1.69646  0.0492457  0.0399479
17.125  1.72788  0.0885001  0.110153
17.125  1.75929  0.0716939  0.120425
17.125  1.79071  0.0933979  0.0853757
17.125  1.82212  0.0720562  0.120519
17.125  1.85354  0.10798  0.156875
17.125  1.88496  0.0292034  0.0681476
17.125  1.91637  0.258759  1.70226
17.125  1.94779  0  0
17.125  1.9792  0  0
17.125  2.01062  0  0
17.125  2.04204  0  0
17.125  2.07345  0  0
17.125  2.10487  0  0
17.125  2.13628  0  0
17.125  2.1677  0  0
17.125  2.19911  0  0
17.125  2.23053  0  0
17.125  2.26195  0  0
17.125  2.29336  0  0
17.125  2.32478  0  0
17.125  2.35619  0  0
17.125  2.38761  0  0
17.125  2.41903  0  0
17.125  2.45044  0  0
17.125  2.48186  0  0
17.125  2.51327  0  0
17.125  2.54469  0  0
17.125  2.57611  0  0
17.125  2.60752  0  0
17.125  2.63894  0  0
17.125  2.67035  0  0
17.125  2.70177  0  0
17.125  2.73319  0  0
17.125  2.7646  0  0
17.125  2.79602  0  0
17.125  2.82743  0  0
17.125  2.85885  0  0
17.125  2.89027  0  0
17.125  2.92168  0  0
17.125  2.9531  0  0
17.125  2.98451  0  0
17.125  3.01593  0  0
17.125  3.04734  0  0
17.125  3.07876  0  0
17.125  3.11018  0  0
17.2632  0  0  0
17.2632  0.0314159  0  0
17.2632  0.0628319  0  0
17.2632  0.0942478  0  0
17.2632  0.125664  0  0
17.2632  0.15708  0  0
17.2632  0.188496  0  0
17.2632  0.219911  0  0
17.2632  0.251327  0  0
17.2632  0.282743  0  0
17.2632  0.314159  0  0
17.2632  0.345575  0  0
17.2632  0.376991  0  0
17.2632  0.408407  0  0
17.2632  0.439823  0  0
17.2632  0.471239  0  0
17.2632  0.502655  0  0
17.2632  0.534071  0  0
17.2632  0.565487  0  0
17.2632  0.596903  0  0
17.2632  0.628319  0  0
17.2632  0.659734  0  0
17.2632  0.69115  0  0
17.2632  0.722566  0  0
17.2632  0.753982  0  0
17.2632  0.785398  0  0
17.2632  0.816814  0  0
17.2632  0.84823  0  0
17.2632  0.879646  0  0
17.2632  0.911062  0  0
17.2632  0.942478  0  0
17.2632  0.973894  0  0
17.2632  1.00531  0  0
17.2632  1.03673  0  0
17.2632  1.06814  0  0
17.2632  1.09956  0  0
17.2632  1.13097  0  0
17.2632  1.16239  0  0
17.2632  1.19381  0.0520249  0.148266
17.2632  1.22522  0.176824  0.132597
17.2632  1.25664  0.0858773  0.0956762
17.2632  1.28805  0.071176  0.1095
17.2632  1.31947  0.0717609  0.10524
17.2632  1.35088  0.170798  0.0909885
17.2632  1.3823  0.141674  0.0852974
17.2632  1.41372  0.0784541  0.0832435
17.2632  1.44513  0.0630933  0.108469
17.2632  1.47655  0.104433  0.0855624
17.2632  1.50796  0.0782316  0.120214
17.2632  1.53938  0.0599269  0.0637525
17.2632  1.5708  0.0561884  0.0596412
17.2632  1.60221  0.0604823  0.109578
17.2632  1.63363  0.0659977  0.112142
17.2632  1.66504  0.08528  0.111083
17.2632  1.69646  0.0498065  0.043335
17.2632  1.72788  0.0818603  0.129588
17.2632  1.75929  0.0692461  0.11213
17.2632  1.79071  0.0975079  0.131705
17.2632  1.82212  0.0735625  0.122685
17.2632  1.85354  0.0727836  0.131339
17.2632  1.88496  0.100211  0.140651
17.2632  1.91637  0.110329  0.0873922
17.2632  1.94779  0  0
17.2632  1.9792  0  0
17.2632  2.01062  0  0
17.2632  2.04204  0  0
17.2632  2.07345  0  0
17.2632  2.10487  0.258759  1.70227
17.2632  2.13628  0  0
17.2632  2.1677  0  0
17.2632  2.19911  0  0
17.2632  2.23053  0  0
17.2632  2.26195  0  0
17.2632  2.29336  0  0
17.2632  2.32478  0  0
17.2632  2.35619  0  0
17.2632  2.38761  0  0
17.2632  2.41903  0  0
17.2632  2.45044  0  0
17.2632  2.48186  0  0
17.2632  2.51327  0  0
17.2632  2.54469  0  0
17.2632  2.57611  0  0
17.2632  2.60752  0  0
17.2632  2.63894  0  0
17.2632  2.67035  0  0
17.2632  2.70177  0  0
17.2632  2.73319  0  0
17.2632  2.7646  0  0
17.2632  2.79602  0  0
17.2632  2.82743  0  0
17.2632  2.85885  0  0
17.2632  2.89027  0  0
17.2632  2.92168  0  0
17.2632  2.9531  0  0
17.2632  2.98451  0  0
17.2632  3.01593  0  0
17.2632  3.04734  0  0
17.2632  3.07876  0  0
17.2632  3.11018  0  0
17.4013  0  0  0
17.4013  0.0314159  0  0
17.4013  0.0628319  0  0
17.4013  0.0942478  0  0
17.4013  0.125664  0  0
17.4013  0.15708  0  0
17.4013  0.188496  0  0
17.4013  0.219911  0  0
17.4013  0.251327  0  0
17.4013  0.282743  0  0
17.4013  0.314159  0  0
17.4013  0.345575  0  0
17.4013  0.376991  0  0
17.4013  0.408407  0  0
17.4013  0.439823  0  0
17.4013  0.471239  0  0
17.4013  0.502655  0  0
17.4013  0.534071  0  0
17.4013  0.565487  0  0
17.4013  0.596903  0  0
17.4013  0.628319  0  0
17.4013  0.659734  0  0
17.4013  0.69115  0  0
17.4013  0.722566  0  0
17.4013  0.753982  0  0
17.4013  0.785398  0  0
17.4013  0.816814  0  0
17.4013  0.84823  0  0
17.4013  0.879646  0  0
17.4013  0.911062  0  0
17.4013  0.942478  0  0
17.4013  0.973894  0  0
17.4013  1.00531  0  0
17.4013  1.03673  0  0
17.4013  1.06814  0  0
17.4013  1.09956  0  0
17.4013  1.13097  0.0740613  0.0413315
17.4013  1.16239  0.0595537  0.0634341
17.4013  1.19381  0.0552688  0.0948614
17.4013  1.22522  0.120399  0.128883
17.4013  1.25664  0.1072  0.108885
17.4013  1.28805  0.0484252  0.0447974
17.4013  1.31947  0.174418  0.133559
17.4013  1.35088  0.0708884  0.111175
17.4013  1.3823  0.0582235  0.0665201
17.4013  1.41372  0.0731587  0.118344
17.4013  1.44513  0.0735677  0.131159
17.4013  1.47655  0.0606184  0.111055
17.4013  1.50796  0.0518302  0.0916058
17.4013  1.53938  0.0769638  0.0832786
17.4013  1.5708  0.0580964  0.106232
17.4013  1.60221  0.0948628  0.110849
17.4013  1.63363  0.105571  0.123421
17.4013  1.66504  0.0715189  0.100195
17.4013  1.69646  0.0719853  0.115138
17.4013  1.72788  0.0956593  0.0834372
17.4013  1.75929  0.125679  0.0985163
17.4013  1.79071  0.0786549  0.0748241
17.4013  1.82212  0.0810875  0.117893
17.4013  1.85354  0.0692971  0.112566
17.4013  1.88496  0.0736743  0.0769682
17.4013  1.91637  0.0932778  0.114788
17.4013  1.94779  0.16727  0.08484
17.4013  1.9792  0.0247914  0.181916
17.4013  2.01062  0  0
17.4013  2.04204  0  0
17.4013  2.07345  0  0
17.4013  2.10487  0  0
17.4013  2.13628  0  0
17.4013  2.1677  0  0
17.4013  2.19911  0  0
17.4013  2.23053  0  0
17.4013  2.26195  0  0
17.4013  2.29336  0  0
17.4013  2.32478  0  0
17.4013  2.35619  0  0
17.4013  2.38761  0  0
17.4013  2.41903  0  0
17.4013  2.45044  0  0
17.4013  2.48186  0  0
17.4013  2.51327  0  0
17.4013  2.54469  0  0
17.4013  2.57611  0  0
17.4013  2.60752  0  0
17.4013  2.63894  0  0
17.4013  2.67035  0  0
17.4013  2.70177  0  0
17.4013  2.73319  0  0
17.4013  2.7646  0  0
17.4013  2.79602  0  0
17.4013  2.82743  0  0
17.4013  2.85885  0  0
17.4013  2.89027  0  0
17.4013  2.92168  0  0
17.4013  2.9531  0  0
17.4013  2.98451  0  0
17.4013  3.01593  0  0
17.4013  3.04734  0  0
17.4013  3.07876  0  0
17.4013  3.11018  0  0
17.5395  0  0  0
17.5395  0.0314159  0  0
17.5395  0.0628319  0  0
17.5395  0.0942478  0  0
17.5395  0.125664  0  0
17.5395  0.15708  0  0
17.5395  0.188496  0  0
17.5395  0.219911  0  0
17.5395  0.251327  0  0
17.5395  0.282743  0  0
17.5395  0.314159  0  0
17.5395  0.345575  0  0
17.5395  0.376991  0  0
17.5395  0.408407  0  0
17.5395  0.439823  0  0
17.5395  0.471239  0  0
17.5395  0.502655  0  0
17.5395  0.534071  0  0
17.5395  0.565487  0  0
17.5395  0.596903  0  0
17.5395  0.628319  0  0
17.5395  0.659734  0  0
17.5395  0.69115  0  0
17.5395  0.722566  0  0
17.5395  0.753982  0  0
17.5395  0.785398  0  0
17.5395  0.816814  0  0
17.5395  0.84823  0  0
17.5395  0.879646  0  0
17.5395  0.911062  0  0
17.5395  0.942478  0  0
17.5395  0.973894  0  0
17.5395  1.00531  0  0
17.5395  1.03673  0  0
17.5395  1.06814  0  0
17.5395  1.09956  0  0
17.5395  1.13097  0.121069  0.120093
17.5395  1.16239  0.180994  0.0986328
17.5395  1.19381  0.148584  0.0999328
17.5395  1.22522  0.109958  0.0934043
17.5395  1.25664  0.0853294  0.09278
17.5395  1.28805  0.0750246  0.116655
17.5395  1.31947  0.0633698  0.118409
17.5395  1.35088  0.182142  0.0979224
17.5395  1.3823  0.132488  0.151556
17.5395  1.41372  0.215147  0.161671
17.5395  1.44513  0.0802572  0.103708
17.5395  1.47655  0.112187  0.112947
17.5395  1.50796  0.158046  0.101264
17.5395  1.53938  0.0931835  0.101418
17.5395  1.5708  0.0987161  0.10564
17.5395  1.60221  0.0810694  0.115386
17.5395  1.63363  0.0712231  0.119094
17.5395  1.66504  0.0745043  0.11616
17.5395  1.69646  0.105542  0.111429
17.5395  1.72788  0.096505  0.0994288
17.5395  1.75929  0.162066  0.105709
17.5395  1.79071  0.0762571  0.101357
17.5395  1.82212  0.0905189  0.135762
17.5395  1.85354  0.055157  0.06372
17.5395  1.88496  0.0776224  0.116518
17.5395  1.91637  0.118725  0.122401
17.5395  1.94779  0.101406  0.0773238
17.5395  1.9792  0.174221  0.111378
17.5395  2.01062  0  0
17.5395  2.04204  0  0
17.5395  2.07345  0  0
17.5395  2.10487  0  0
17.5395  2.13628  0  0
17.5395  2.1677  0  0
17.5395  2.19911  0  0
17.5395  2.23053  0  0
17.5395  2.26195  0  0
17.5395  2.29336  0  0
17.5395  2.32478  0  0
17.5395  2.35619  0  0
17.5395  2.38761  0  0
17.5395  2.41903  0  0
17.5395  2.45044  0  0
17.5395  2.48186  0  0
17.5395  2.51327  0  0
17.5395  2.54469  0  0
17.5395  2.57611  0  0
17.5395  2.60752  0  0
17.5395  2.63894  0  0
17.5395  2.67035  0  0
17.5395  2.70177  0  0
17.5395  2.73319  0  0
17.5395  2.7646  0  0
17.5395  2.79602  0  0
17.5395  2.82743  0  0
17.5395  2.85885  0  0
17.5395  2.89027  0  0
17.5395  2.92168  0  0
17.5395  2.9531  0  0
17.5395  2.98451  0  0
17.5395  3.01593  0  0
17.5395  3.04734  0  0
17.5395  3.07876  0  0
17.5395  3.11018  0  0
17.6776  0  0  0
17.6776  0.0314159  0  0
17.6776  0.0628319  0  0
17.6776  0.0942478  0  0
17.6776  0.125664  0  0
17.6776  0.15708  0  0
17.6776  0.188496  0  0
17.6776  0.219911  0  0
17.6776  0.251327  0  0
17.6776  0.282743  0  0
17.6776  0.314159  0  0
17.6776  0.345575  0  0
17.6776  0.376991  0  0
17.6776  0.408407  0  0
17.6776  0.439823  0  0
17.6776  0.471239  0  0
17.6776  0.502655  0  0
17.6776  0.534071  0  0
17.6776  0.565487  0  0
17.6776  0.596903  0  0
17.6776  0.628319  0  0
17.6776  0.659734  0  0
17.6776  0.69115  0  0
17.6776  0.722566  0  0
17.6776  0.753982  0  0
17.6776  0.785398  0  0
17.6776  0.816814  0  0
17.6776  0.84823  0  0
17.6776  0.879646  0  0
17.6776  0.911062  0  0
17.6776  0.942478  0  0
17.6776  0.973894  0  0
17.6776  1.00531  0  0
17.6776  1.03673  0  0
17.6776  1.06814  0  0
17.6776  1.09956  0.235668  0.135262
17.6776  1.13097  0.109354  0.109303
17.6776  1.16239  0.121527  0.106454
17.6776  1.19381  0.0631202  0.0595699
17.6776  1.22522  0.0972154  0.122032
17.6776  1.25664  0.0677396  0.114508
17.6776  1.28805  0.081014  0.127587
17.6776  1.31947  0.047291  0.0506068
17.6776  1.35088  0.198788  0.131467
17.6776  1.3823  0.0572889  0.0909852
17.6776  1.41372  0.0961869  0.105368
17.6776  1.44513  0.0781161  0.119327
17.6776  1.47655  0.0783199  0.106927
17.6776  1.50796  0.053936  0.0503064
17.6776  1.53938  0.140368  0.111805
17.6776  1.5708  0.0640868  0.106756
17.6776  1.60221  0.0877254  0.10211
17.6776  1.63363  0.163908  0.1633
17.6776  1.66504  0.0660398  0.108485
17.6776  1.69646  0.0494646  0.0490972
17.6776  1.72788  0.107816  0.103733
17.6776  1.75929  0.0768474  0.12406
17.6776  1.79071  0.0993943  0.103367
17.6776  1.82212  0.0936876  0.129496
17.6776  1.85354  0.0714368  0.125979
17.6776  1.88496  0.0727172  0.115127
17.6776  1.91637  0.0745389  0.107588
17.6776  1.94779  0.128875  0.111963
17.6776  1.9792  0.0886534  0.0943669
17.6776  2.01062  0.232873  0.122164
17.6776  2.04204  0  0
17.6776  2.07345  0  0
17.6776  2.10487  0  0
17.6776  2.13628  0  0
17.6776  2.1677  0  0
17.6776  2.19911  0  0
17.6776  2.23053  0  0
17.6776  2.26195  0  0
17.6776  2.29336  0  0
17.6776  2.32478  0  0
17.6776  2.35619  0  0
17.6776  2.38761  0  0
17.6776  2.41903  0  0
17.6776  2.45044  0  0
17.6776  2.48186  0  0
17.6776  2.51327  0  0
17.6776  2.54469  0  0
17.6776  2.57611  0  0
17.6776  2.60752  0  0
17.6776  2.63894  0  0
17.6776  2.67035  0  0
17.6776  2.70177  0  0
17.6776  2.73319  0  0
17.6776  2.7646  0  0
17.6776  2.79602  0  0
17.6776  2.82743  0  0
17.6776  2.85885  0  0
17.6776  2.89027  0  0
17.6776  2.92168  0  0
17.6776  2.9531  0  0
17.6776  2.98451  0  0
17.6776  3.01593  0  0
17.6776  3.04734  0  0
17.6776  3.07876  0  0
17.6776  3.11018  0  0
17.8158  0  0  0
17.8158  0.0314159  0  0
17.8158  0.0628319  0  0
17.8158  0.0942478  0  0
17.8158  0.125664  0  0
17.8158  0.15708  0  0
17.8158  0.188496  0  0
17.8158  0.219911  0  0
17.8158  0.251327  0  0
17.8158  0.282743  0  0
17.8158  0.314159  0  0
17.8158  0.345575  0  0
17.8158  0.376991  0  0
17.8158  0.408407  0  0
17.8158  0.439823  0  0
17.8158  0.471239  0  0
17.8158  0.502655  0  0
17.8158  0.534071  0  0
17.8158  0.565487  0  0
17.8158  0.596903  0  0
17.8158  0.628319  0  0
17.8158  0.659734  0  0
17.8158  0.69115  0  0
17.8158  0.722566  0  0
17.8158  0.753982  0  0
17.8158  0.785398  0  0
17.8158  0.816814  0  0
17.8158  0.84823  0  0
17.8158  0.879646  0  0
17.8158  0.911062  0  0
17.8158  0.942478  0  0
17.8158  0.973894  0  0
17.8158  1.00531  0.225912  1.86775
17.8158  1.03673  0  0
17.8158  1.06814  0.00750725  0.0550871
17.8158  1.09956  0.155938  0.108972
17.8158  1.13097  0.15984  0.0920312
17.8158  1.16239  0.0625744  0.0631324
17.8158  1.19381  0.0690601  0.100108
17.8158  1.22522  0.0823809  0.120211
17.8158  1.25664  0.0736289  0.117103
17.8158  1.28805  0.052006  0.0933811
17.8158  1.31947  0.138397  0.136986
17.8158  1.35088  0.17466  0.0893506
17.8158  1.3823  0.179311  0.0976553
17.8158  1.41372  0.0692244  0.128056
17.8158  1.44513  0.155327  0.154371
17.8158  1.47655  0.0524743  0.092948
17.8158  1.50796  0.0778276  0.113143
17.8158  1.53938  0.0791291  0.117138
17.8158  1.5708  0.0863627  0.0835155
17.8158  1.60221  0.0551768  0.0609781
17.8158  1.63363  0.0957128  0.0988766
17.8158  1.66504  0.0654798  0.0983593
17.8158  1.69646  0.0515341  0.0601532
17.8158  1.72788  0.109551  0.119414
17.8158  1.75929  0.0827787  0.109614
17.8158  1.79071  0.150331  0.0941719
17.8158  1.82212  0.0630326  0.0943808
17.8158  1.85354  0.0660254  0.107949
17.8158  1.88496  0.0677474  0.12015
17.8158  1.91637  0.0754779  0.12026
17.8158  1.94779  0.0880774  0.0942026
17.8158  1.9792  0.0769421  0.110352
17.8158  2.01062  0.153619  0.0799539
17.8158  2.04204  0.114776  0.0938001
17.8158  2.07345  0  0
17.8158  2.10487  0  0
17.8158  2.13628  0  0
17.8158  2.1677  0  0
17.8158  2.19911  0  0
17.8158  2.23053  0  0
17.8158  2.26195  0  0
17.8158  2.29336  0  0
17.8158  2.32478  0  0
17.8158  2.35619  0  0
17.8158  2.38761  0  0
17.8158  2.41903  0  0
17.8158  2.45044  0  0
17.8158  2.48186  0  0
17.8158  2.51327  0  0
17.8158  2.54469  0  0
17.8158  2.57611  0  0
17.8158  2.60752  0  0
17.8158  2.63894  0  0
17.8158  2.67035  0  0
17.8158  2.70177  0  0
17.8158  2.73319  0  0
17.8158  2.7646  0  0
17.8158  2.79602  0  0
17.8158  2.82743  0  0
17.8158  2.85885  0  0
17.8158  2.89027  0  0
17.8158  2.92168  0  0
17.8158  2.9531  0  0
17.8158  2.98451  0  0
17.8158  3.01593  0  0
17.8158  3.04734  0  0
17.8158  3.07876  0  0
17.8158  3.11018  0  0
17.9539  0  0  0
17.9539  0.0314159  0  0
17.9539  0.0628319  0  0
17.9539  0.0942478  0  0
17.9539  0.125664  0  0
17.9539  0.15708  0  0
17.9539  0.188496  0  0
17.9539  0.219911  0  0
17.9539  0.251327  0  0
17.9539  0.282743  0  0
17.9539  0.314159  0  0
17.9539  0.345575  0  0
17.9539  0.376991  0  0
17.9539  0.408407  0  0
17.9539  0.439823  0  0
17.9539  0.471239  0  0
17.9539  0.502655  0  0
17.9539  0.534071  0  0
17.9539  0.565487  0  0
17.9539  0.596903  0  0
17.9539  0.628319  0  0
17.9539  0.659734  0  0
17.9539  0.69115  0  0
17.9539  0.722566  0  0
17.9539  0.753982  0  0
17.9539  0.785398  0  0
17.9539  0.816814  0  0
17.9539  0.84823  0  0
17.9539  0.879646  0  0
17.9539  0.911062  0  0
17.9539  0.942478  0  0
17.9539  0.973894  0  0
17.9539  1.00531  0  0
17.9539  1.03673  0.183074  0.182605
17.9539  1.06814  0.0740872  0.11467
17.9539  1.09956  0.0637311  0.10668
17.9539  1.13097  0.0722128  0.128307
17.9539  1.16239  0.162794  0.165186
17.9539  1.19381  0.165711  0.178682
17.9539  1.22522  0.125935  0.0975149
17.9539  1.25664  0.104268  0.102285
17.9539  1.28805  0.0535367  0.0512295
17.9539  1.31947  0.0897556  0.120017
17.9539  1.35088  0.0941854  0.136738
17.9539  1.3823  0.0679885  0.11941
17.9539  1.41372  0.044489  0.0457011
17.9539  1.44513  0.118934  0.142778
17.9539  1.47655  0.0606752  0.104194
17.9539  1.50796  0.220834  0.169981
17.9539  1.53938  0.0487326  0.0391039
17.9539  1.5708  0.0523823  0.0559962
17.9539  1.60221  0.114969  0.0919109
17.9539  1.63363  0.127167  0.13479
17.9539  1.66504  0.069982  0.112647
17.9539  1.69646  0.0713426  0.123534
17.9539  1.72788  0.0693354  0.123302
17.9539  1.75929  0.0917659  0.0944543
17.9539  1.79071  0.0786733  0.111379
17.9539  1.82212  0.140517  0.127194
17.9539  1.85354  0.0965299  0.127029
17.9539  1.88496  0.0677181  0.0764171
17.9539  1.91637  0.0534877  0.0449346
17.9539  1.94779  0.064045  0.0636438
17.9539  1.9792  0.0713296  0.120522
17.9539  2.01062  0.0691107  0.13171
17.9539  2.04204  0.158564  0.145401
17.9539  2.07345  0.0094277  0.0691791
17.9539  2.10487  0  0
17.9539  2.13628  0  0
17.9539  2.1677  0  0
17.9539  2.19911  0  0
17.9539  2.23053  0  0
17.9539  2.26195  0  0
17.9539  2.29336  0  0
17.9539  2.32478  0  0
17.9539  2.35619  0  0
17.9539  2.38761  0  0
17.9539  2.41903  0  0
17.9539  2.45044  0  0
17.9539  2.48186  0  0
17.9539  2.51327  0  0
17.9539  2.54469  0  0
17.9539  2.57611  0  0
17.9539  2.60752  0  0
17.9539  2.63894  0  0
17.9539  2.67035  0  0
17.9539  2.70177  0  0
17.9539  2.73319  0  0
17.9539  2.7646  0  0
17.9539  2.79602  0  0
17.9539  2.82743  0  0
17.9539  2.85885  0  0
17.9539  2.89027  0  0
17.9539  2.92168  0  0
17.9539  2.9531  0  0
17.9539  2.98451  0  0
17.9539  3.01593  0  0
17.9539  3.04734  0  0
17.9539  3.07876  0  0
17.9539  3.11018  0  0
18.0921  0  0  0
18.0921  0.0314159  0  0
18.0921  0.0628319  0  0
18.0921  0.0942478  0  0
18.0921  0.125664  0  0
18.0921  0.15708  0  0
18.0921  0.188496  0  0
18.0921  0.219911  0  0
18.0921  0.251327  0  0
18.0921  0.282743  0  0
18.0921  0.314159  0  0
18.0921  0.345575  0  0
18.0921  0.376991  0  0
18.0921  0.408407  0  0
18.0921  0.439823  0  0
18.0921  0.471239  0  0
18.0921  0.502655  0  0
18.0921  0.534071  0  0
18.0921  0.565487  0  0
18.0921  0.596903  0  0
18.0921  0.628319  0  0
18.0921  0.659734  0  0
18.0921  0.69115  0  0
18.0921  0.722566  0  0
18.0921  0.753982  0  0
18.0921  0.785398  0  0
18.0921  0.816814  0  0
18.0921  0.84823  0  0
18.0921  0.879646  0  0
18.0921  0.911062  0  0
18.0921  0.942478  0  0
18.0921  0.973894  0  0
18.0921  1.00531  0  0
18.0921  1.03673  0.167691  0.164359
18.0921  1.06814  0.0894537  0.0880479
18.0921  1.09956  0.0918724  0.0908109
18.0921  1.13097  0.114784  0.104449
18.0921  1.16239  0.1079  0.127661
18.0921  1.19381  0.179953  0.141319
18.0921  1.22522  0.0615276  0.111593
18.0921  1.25664  0.0703121  0.109153
18.0921  1.28805  0.0808863  0.105461
18.0921  1.31947  0.180335  0.09032
18.0921  1.35088  0.0776156  0.0859374
18.0921  1.3823  0.0741239  0.12189
18.0921  1.41372  0.102924  0.0955434
18.0921  1.44513  0.0867655  0.135385
18.0921  1.47655  0.0566668  0.10382
18.0921  1.50796  0.0516204  0.0463955
18.0921  1.53938  0.0796741  0.1115
18.0921  1.5708  0.0926854  0.132259
18.0921  1.60221  0.161208  0.158885
18.0921  1.63363  0.07185  0.111425
18.0921  1.66504  0.0687376  0.113913
18.0921  1.69646  0.15833  0.120607
18.0921  1.72788  0.0857348  0.0951459
18.0921  1.75929  0.0494404  0.051245
18.0921  1.79071  0.0656847  0.112708
18.0921  1.82212  0.078723  0.110574
18.0921  1.85354  0.157721  0.157061
18.0921  1.88496  0.0924736  0.0958437
18.0921  1.91637  0.100722  0.120276
18.0921  1.94779  0.0778522  0.111355
18.0921  1.9792  0.115741  0.129613
18.0921  2.01062  0.07592  0.113266
18.0921  2.04204  0.169101  0.16556
18.0921  2.07345  0.228409  0.137282
18.0921  2.10487  0  0
18.0921  2.13628  0  0
18.0921  2.1677  0  0
18.0921  2.19911  0  0
18.0921  2.23053  0  0
18.0921  2.26195  0  0
18.0921  2.29336  0  0
18.0921  2.32478  0  0
18.0921  2.35619  0  0
18.0921  2.38761  0  0
18.0921  2.41903  0  0
18.0921  2.45044  0  0
18.0921  2.48186  0  0
18.0921  2.51327  0  0
18.0921  2.54469  0  0
18.0921  2.57611  0  0
18.0921  2.60752  0  0
18.0921  2.63894  0  0
18.0921  2.67035  0  0
18.0921  2.70177  0  0
18.0921  2.73319  0  0
18.0921  2.7646  0  0
18.0921  2.79602  0  0
18.0921  2.82743  0  0
18.0921  2.85885  0  0
18.0921  2.89027  0  0
18.0921  2.92168  0  0
18.0921  2.9531  0  0
18.0921  2.98451  0  0
18.0921  3.01593  0  0
18.0921  3.04734  0  0
18.0921  3.07876  0  0
18.0921  3.11018  0  0
18.2303  0  0  0
18.2303  0.0314159  0  0
18.2303  0.0628319  0  0
18.2303  0.0942478  0  0
18.2303  0.125664  0  0
18.2303  0.15708  0  0
18.2303  0.188496  0  0
18.2303  0.219911  0  0
18.2303  0.251327  0  0
18.2303  0.282743  0  0
18.2303  0.314159  0  0
18.2303  0.345575  0  0
18.2303  0.376991  0  0
18.2303  0.408407  0  0
18.2303  0.439823  0  0
18.2303  0.471239  0  0
18.2303  0.502655  0  0
18.2303  0.534071  0  0
18.2303  0.565487  0  0
18.2303  0.596903  0  0
18.2303  0.628319  0  0
18.2303  0.659734  0  0
18.2303  0.69115  0  0
18.2303  0.722566  0  0
18.2303  0.753982  0  0
18.2303  0.785398  0  0
18.2303  0.816814  0  0
18.2303  0.84823  0  0
18.2303  0.879646  0  0
18.2303  0.911062  0  0
18.2303  0.942478  0  0
18.2303  0.973894  0  0
18.2303  1.00531  0.0144907  0.106331
18.2303  1.03673  0.0862184  0.118017
18.2303  1.06814  0.0687894  0.1117
18.2303  1.09956  0.0515257  0.0918722
18.2303  1.13097  0.0722261  0.118277
18.2303  1.16239  0.149406  0.0977449
18.2303  1.19381  0.0734069  0.124101
18.2303  1.22522  0.156099  0.0851521
18.2303  1.25664  0.0970619  0.0876095
18.2303  1.28805  0.0630401  0.0980125
18.2303  1.31947  0.0388344  0.0318647
18.2303  1.35088  0.0626663  0.107671
18.2303  1.3823  0.116991  0.115754
18.2303  1.41372  0.161717  0.138457
18.2303  1.44513  0.093548  0.0974289
18.2303  1.47655  0.115459  0.0896529
18.2303  1.50796  0.0659769  0.113037
18.2303  1.53938  0.0790156  0.103435
18.2303  1.5708  0.0586615  0.062155
18.2303  1.60221  0.102319  0.11269
18.2303  1.63363  0.066969  0.113337
18.2303  1.66504  0.0931875  0.105326
18.2303  1.69646  0.0765151  0.12696
18.2303  1.72788  0.110476  0.0875606
18.2303  1.75929  0.0997623  0.0918358
18.2303  1.79071  0.0676113  0.12254
18.2303  1.82212  0.072017  0.0798977
18.2303  1.85354  0.0480226  0.040293
18.2303  1.88496  0.0731291  0.126185
18.2303  1.91637  0.0694838  0.112708
18.2303  1.94779  0.0626852  0.107049
18.2303  1.9792  0.0729076  0.102957
18.2303  2.01062  0.0740833  0.112571
18.2303  2.04204  0.160449  0.119779
18.2303  2.07345  0.184583  0.181428
18.2303  2.10487  0.0199638  0.0632912
18.2303  2.13628  0  0
18.2303  2.1677  0  0
18.2303  2.19911  0  0
18.2303  2.23053  0  0
18.2303  2.26195  0  0
18.2303  2.29336  0  0
18.2303  2.32478  0  0
18.2303  2.35619  0  0
18.2303  2.38761  0  0
18.2303  2.41903  0  0
18.2303  2.45044  0  0
18.2303  2.48186  0  0
18.2303  2.51327  0  0
18.2303  2.54469  0  0
18.2303  2.57611  0  0
18.2303  2.60752  0  0
18.2303  2.63894  0  0
18.2303  2.67035  0  0
18.2303  2.70177  0  0
18.2303  2.73319  0  0
18.2303  2.7646  0  0
18.2303  2.79602  0  0
18.2303  2.82743  0  0
18.2303  2.85885  0  0
18.2303  2.89027  0  0
18.2303  2.92168  0  0
18.2303  2.9531  0  0
18.2303  2.98451  0  0
18.2303  3.01593  0  0
18.2303  3.04734  0  0
18.2303  3.07876  0  0
18.2303  3.11018  0  0
18.3684  0  0  0
18.3684  0.0314159  0  0
18.3684  0.0628319  0  0
18.3684  0.0942478  0  0
18.3684  0.125664  0  0
18.3684  0.15708  0  0
18.3684  0.188496  0  0
18.3684  0.219911  0  0
18.3684  0.251327  0  0
18.3684  0.282743  0  0
18.3684  0.314159  0  0
18.3684  0.345575  0  0
18.3684  0.376991  0  0
18.3684  0.408407  0  0
18.3684  0.439823  0  0
18.3684  0.471239  0  0
18.3684  0.502655  0  0
18.3684  0.534071  0  0
18.3684  0.565487  0  0
18.3684  0.596903  0  0
18.3684  0.628319  0  0
18.3684  0.659734  0  0
18.3684  0.69115  0  0
18.3684  0.722566  0  0
18.3684  0.753982  0  0
18.3684  0.785398  0  0
18.3684  0.816814  0  0
18.3684  0.84823  0  0
18.3684  0.879646  0  0
18.3684  0.911062  0  0
18.3684  0.942478  0  0
18.3684  0.973894  0.00226963  0.0166542
18.3684  1.00531  0.0815717  0.115407
18.3684  1.03673  0.139191  0.15741
18.3684  1.06814  0.0828906  0.128318
18.3684  1.09956  0.0587759  0.060965
18.3684  1.13097  0.11249  0.136258
18.3684  1.16239  0.0479644  0.0476311
18.3684  1.19381  0.113844  0.0927348
18.3684  1.22522  0.0607199  0.0595043
18.3684  1.25664  0.0893331  0.0657596
18.3684  1.28805  0.0611469  0.0624977
18.3684  1.31947  0.0429997  0.0329125
18.3684  1.35088  0.0803715  0.12081
18.3684  1.3823  0.08012  0.0739788
18.3684  1.41372  0.0637767  0.110422
18.3684  1.44513  0.0663499  0.104363
18.3684  1.47655  0.0908546  0.0957118
18.3684  1.50796  0.0688647  0.105166
18.3684  1.53938  0.0466655  0.0478878
18.3684  1.5708  0.0918736  0.126899
18.3684  1.60221  0.0702182  0.12588
18.3684  1.63363  0.0502636  0.092237
18.3684  1.66504  0.0601631  0.0592416
18.3684  1.69646  0.0469173  0.054173
18.3684  1.72788  0.0957904  0.113265
18.3684  1.75929  0.0868077  0.0821128
18.3684  1.79071  0.0522622  0.0532817
18.3684  1.82212  0.0702891  0.124132
18.3684  1.85354  0.0873361  0.0799236
18.3684  1.88496  0.0676808  0.10792
18.3684  1.91637  0.0930267  0.125784
18.3684  1.94779  0.0914499  0.0836485
18.3684  1.9792  0.0731099  0.123324
18.3684  2.01062  0.0881525  0.119529
18.3684  2.04204  0.0882559  0.128766
18.3684  2.07345  0.0763816  0.123377
18.3684  2.10487  0.0941776  0.120502
18.3684  2.13628  0.258759  1.70226
18.3684  2.1677  0  0
18.3684  2.19911  0  0
18.3684  2.23053  0  0
18.3684  2.26195  0  0
18.3684  2.29336  0  0
18.3684  2.32478  0  0
18.3684  2.35619  0  0
18.3684  2.38761  0  0
18.3684  2.41903  0  0
18.3684  2.45044  0  0
18.3684  2.48186  0  0
18.3684  2.51327  0  0
18.3684  2.54469  0  0
18.3684  2.57611  0  0
18.3684  2.60752  0  0
18.3684  2.63894  0  0
18.3684  2.67035  0  0
18.3684  2.70177  0  0
18.3684  2.73319  0  0
18.3684  2.7646  0  0
18.3684  2.79602  0  0
18.3684  2.82743  0  0
18.3684  2.85885  0  0
18.3684  2.89027  0  0
18.3684  2.92168  0  0
18.3684  2.9531  0  0
18.3684  2.98451  0  0
18.3684  3.01593  0  0
18.3684  3.04734  0  0
18.3684  3.07876  0  0
18.3684  3.11018  0  0
18.5066  0  0  0
18.5066  0.0314159  0  0
18.5066  0.0628319  0  0
18.5066  0.0942478  0  0
18.5066  0.125664  0  0
18.5066  0.15708  0  0
18.5066  0.188496  0  0
18.5066  0.219911  0  0
18.5066  0.251327  0  0
18.5066  0.282743  0  0
18.5066  0.314159  0  0
18.5066  0.345575  0  0
18.5066  0.376991  0  0
18.5066  0.408407  0  0
18.5066  0.439823  0  0
18.5066  0.471239  0  0
18.5066  0.502655  0  0
18.5066  0.534071  0  0
18.5066  0.565487  0  0
18.5066  0.596903  0  0
18.5066  0.628319  0  0
18.5066  0.659734  0  0
18.5066  0.69115  0  0
18.5066  0.722566  0  0
18.5066  0.753982  0  0
18.5066  0.785398  0  0
18.5066  0.816814  0  0
18.5066  0.84823  0  0
18.5066  0.879646  0  0
18.5066  0.911062  0  0
18.5066  0.942478  0  0
18.5066  0.973894  0.126465  0.0903821
18.5066  1.00531  0.0514787  0.0918417
18.5066  1.03673  0.0941838  0.124929
18.5066  1.06814  0.0729353  0.116763
18.5066  1.09956  0.0608535  0.063479
18.5066  1.13097  0.077199  0.119448
18.5066  1.16239  0.110073  0.11954
18.5066  1.19381  0.0500934  0.0486357
18.5066  1.22522  0.0540125  0.0574092
18.5066  1.25664  0.180821  0.106009
18.5066  1.28805  0.0501775  0.0938655
18.5066  1.31947  0.0358307  0.0215337
18.5066  1.35088  0.141218  0.139935
18.5066  1.3823  0.140482  0.0801878
18.5066  1.41372  0.106867  0.112898
18.5066  1.44513  0.0553043  0.100697
18.5066  1.47655  0.0626185  0.105213
18.5066  1.50796  0.0998128  0.324727
18.5066  1.53938  0.12261  0.0953785
18.5066  1.5708  0.125972  0.0915405
18.5066  1.60221  0.0715997  0.116412
18.5066  1.63363  0.080202  0.0948539
18.5066  1.66504  0.0510523  0.0511023
18.5066  1.69646  0.0579694  0.108249
18.5066  1.72788  0.120968  0.122687
18.5066  1.75929  0.0769109  0.120377
18.5066  1.79071  0.0720933  0.10767
18.5066  1.82212  0.0600836  0.110544
18.5066  1.85354  0.0519577  0.0484113
18.5066  1.88496  0.0687109  0.109296
18.5066  1.91637  0.13891  0.16558
18.5066  1.94779  0.0626063  0.104148
18.5066  1.9792  0.0749635  0.126326
18.5066  2.01062  0.0523008  0.0495832
18.5066  2.04204  0.0882685  0.130267
18.5066  2.07345  0.0633983  0.0662185
18.5066  2.10487  0.134334  0.159064
18.5066  2.13628  0.154712  0.0788202
18.5066  2.1677  0.258759  1.70226
18.5066  2.19911  0  0
18.5066  2.23053  0  0
18.5066  2.26195  0  0
18.5066  2.29336  0  0
18.5066  2.32478  0  0
18.5066  2.35619  0  0
18.5066  2.38761  0  0
18.5066  2.41903  0  0
18.5066  2.45044  0  0
18.5066  2.48186  0  0
18.5066  2.51327  0  0
18.5066  2.54469  0  0
18.5066  2.57611  0  0
18.5066  2.60752  0  0
18.5066  2.63894  0  0
18.5066  2.67035  0  0
18.5066  2.70177  0  0
18.5066  2.73319  0  0
18.5066  2.7646  0  0
18.5066  2.79602  0  0
18.5066  2.82743  0  0
18.5066  2.85885  0  0
18.5066  2.89027  0  0
18.5066  2.92168  0  0
18.5066  2.9531  0  0
18.5066  2.98451  0  0
18.5066  3.01593  0  0
18.5066  3.04734  0  0
18.5066  3.07876  0  0
18.5066  3.11018  0  0
18.6447  0  0  0
18.6447  0.0314159  0  0
18.6447  0.0628319  0  0
18.6447  0.0942478  0  0
18.6447  0.125664  0  0
18.6447  0.15708  0  0
18.6447  0.188496  0  0
18.6447  0.219911  0  0
18.6447  0.251327  0  0
18.6447  0.282743  0  0
18.6447  0.314159  0  0
18.6447  0.345575  0  0
18.6447  0.376991  0  0
18.6447  0.408407  0  0
18.6447  0.439823  0  0
18.6447  0.471239  0  0
18.6447  0.502655  0  0
18.6447  0.534071  0  0
18.6447  0.565487  0  0
18.6447  0.596903  0  0
18.6447  0.628319  0  0
18.6447  0.659734  0  0
18.6447  0.69115  0  0
18.6447  0.722566  0  0
18.6447  0.753982  0  0
18.6447  0.785398  0  0
18.6447  0.816814  0  0
18.6447  0.84823  0  0
18.6447  0.879646  0  0
18.6447  0.911062  0  0
18.6447  0.942478  0.00523761  0.0384329
18.6447  0.973894  0.117252  0.0916056
18.6447  1.00531  0.12007  0.108612
18.6447  1.03673  0.0553316  0.0543083
18.6447  1.06814  0.0653443  0.100494
18.6447  1.09956  0.100092  0.141482
18.6447  1.13097  0.0589254  0.10136
18.6447  1.16239  0.0662762  0.109182
18.6447  1.19381  0.0473727  0.0366007
18.6447  1.22522  0.0706437  0.127294
18.6447  1.25664  0.189365  0.113309
18.6447  1.28805  0.070695  0.107519
18.6447  1.31947  0.0743808  0.0843738
18.6447  1.35088  0.0580978  0.112175
18.6447  1.3823  0.116145  0.152653
18.6447  1.41372  0.0974357  0.111911
18.6447  1.44513  0.0430446  0.0412808
18.6447  1.47655  0.0573249  0.0929575
18.6447  1.50796  0.0717561  0.10809
18.6447  1.53938  0.0920394  0.125078
18.6447  1.5708  0.0433144  0.0428351
18.6447  1.60221  0.0472261  0.0350026
18.6447  1.63363  0.0713816  0.0985773
18.6447  1.66504  0.151237  0.0760792
18.6447  1.69646  0.0708402  0.114788
18.6447  1.72788  0.13324  0.115518
18.6447  1.75929  0.0756221  0.122018
18.6447  1.79071  0.0641197  0.0820029
18.6447  1.82212  0.0522753  0.0533742
18.6447  1.85354  0.0838227  0.110406
18.6447  1.88496  0.0839176  0.0854511
18.6447  1.91637  0.0738517  0.11741
18.6447  1.94779  0.0655788  0.112058
18.6447  1.9792  0.0746808  0.127595
18.6447  2.01062  0.185204  0.132118
18.6447  2.04204  0.0567545  0.0587203
18.6447  2.07345  0.0563658  0.0980558
18.6447  2.10487  0.0637897  0.109606
18.6447  2.13628  0.130384  0.155909
18.6447  2.1677  0.22916  0.141604
18.6447  2.19911  0  0
18.6447  2.23053  0  0
18.6447  2.26195  0  0
18.6447  2.29336  0  0
18.6447  2.32478  0  0
18.6447  2.35619  0  0
18.6447  2.38761  0  0
18.6447  2.41903  0  0
18.6447  2.45044  0  0
18.6447  2.48186  0  0
18.6447  2.51327  0  0
18.6447  2.54469  0  0
18.6447  2.57611  0  0
18.6447  2.60752  0  0
18.6447  2.63894  0  0
18.6447  2.67035  0  0
18.6447  2.70177  0  0
18.6447  2.73319  0  0
18.6447  2.7646  0  0
18.6447  2.79602  0  0
18.6447  2.82743  0  0
18.6447  2.85885  0  0
18.6447  2.89027  0  0
18.6447  2.92168  0  0
18.6447  2.9531  0  0
18.6447  2.98451  0  0
18.6447  3.01593  0  0
18.6447  3.04734  0  0
18.6447  3.07876  0  0
18.6447  3.11018  0  0
18.7829  0  0  0
18.7829  0.0314159  0  0
18.7829  0.0628319  0  0
18.7829  0.0942478  0  0
18.7829  0.125664  0  0
18.7829  0.15708  0  0
18.7829  0.188496  0  0
18.7829  0.219911  0  0
18.7829  0.251327  0  0
18.7829  0.282743  0  0
18.7829  0.314159  0  0
18.7829  0.345575  0  0
18.7829  0.376991  0  0
18.7829  0.408407  0  0
18.7829  0.439823  0  0
18.7829  0.471239  0  0
18.7829  0.502655  0  0
18.7829  0.534071  0  0
18.7829  0.565487  0  0
18.7829  0.596903  0  0
18.7829  0.628319  0  0
18.7829  0.659734  0  0
18.7829  0.69115  0  0
18.7829  0.722566  0  0
18.7829  0.753982  0  0
18.7829  0.785398  0  0
18.7829  0.816814  0  0
18.7829  0.84823  0  0
18.7829  0.879646  0  0
18.7829  0.911062  0  0
18.7829  0.942478  0.0580964  0.10479
18.7829  0.973894  0.0903234  0.106267
18.7829  1.00531  0.106319  0.158482
18.7829  1.03673  0.0558843  0.0636947
18.7829  1.06814  0.0774473  0.118714
18.7829  1.09956  0.117619  0.118221
18.7829  1.13097  0.0389706  0.0397606
18.7829  1.16239  0.0611412  0.0617264
18.7829  1.19381  0.0866219  0.103337
18.7829  1.22522  0.0776633  0.121106
18.7829  1.25664  0.0686703  0.102364
18.7829  1.28805  0.0890454  0.0883239
18.7829  1.31947  0.0447427  0.0503284
18.7829  1.35088  0.0514823  0.0912131
18.7829  1.3823  0.0794159  0.113323
18.7829  1.41372  0.105254  0.109209
18.7829  1.44513  0.0814188  0.130262
18.7829  1.47655  0.0812683  0.125495
18.7829  1.50796  0.0830277  0.117868
18.7829  1.53938  0.0691758  0.10087
18.7829  1.5708  0.199982  0.106899
18.7829  1.60221  0.0597253  0.109885
18.7829  1.63363  0.0947573  0.107964
18.7829  1.66504  0.0646596  0.11609
18.7829  1.69646  0.0601715  0.104019
18.7829  1.72788  0.058832  0.102781
18.7829  1.75929  0.0625148  0.0954899
18.7829  1.79071  0.0603893  0.0667815
18.7829  1.82212  0.0830209  0.123
18.7829  1.85354  0.0772231  0.128099
18.7829  1.88496  0.0697658  0.113441
18.7829  1.91637  0.0740911  0.100424
18.7829  1.94779  0.0924924  0.105091
18.7829  1.9792  0.0582367  0.0631323
18.7829  2.01062  0.0556953  0.110859
18.7829  2.04204  0.0843961  0.0977017
18.7829  2.07345  0.105921  0.103689
18.7829  2.10487  0.0757712  0.122117
18.7829  2.13628  0.0812637  0.130968
18.7829  2.1677  0.0620868  0.0924408
18.7829  2.19911  0  0
18.7829  2.23053  0  0
18.7829  2.26195  0  0
18.7829  2.29336  0  0
18.7829  2.32478  0  0
18.7829  2.35619  0  0
18.7829  2.38761  0  0
18.7829  2.41903  0  0
18.7829  2.45044  0  0
18.7829  2.48186  0  0
18.7829  2.51327  0  0
18.7829  2.54469  0  0
18.7829  2.57611  0  0
18.7829  2.60752  0  0
18.7829  2.63894  0  0
18.7829  2.67035  0  0
18.7829  2.70177  0  0
18.7829  2.73319  0  0
18.7829  2.7646  0  0
18.7829  2.79602  0  0
18.7829  2.82743  0  0
18.7829  2.85885  0  0
18.7829  2.89027  0  0
18.7829  2.92168  0  0
18.7829  2.9531  0  0
18.7829  2.98451  0  0
18.7829  3.01593  0  0
18.7829  3.04734  0  0
18.7829  3.07876  0  0
18.7829  3.11018  0  0
18.9211  0  0  0
18.9211  0.0314159  0  0
18.9211  0.0628319  0  0
18.9211  0.0942478  0  0
18.9211  0.125664  0  0
18.9211  0.15708  0  0
18.9211  0.188496  0  0
18.9211  0.219911  0  0
18.9211  0.251327  0  0
18.9211  0.282743  0  0
18.9211  0.314159  0  0
18.9211  0.345575  0  0
18.9211  0.376991  0  0
18.9211  0.408407  0  0
18.9211  0.439823  0  0
18.9211  0.471239  0  0
18.9211  0.502655  0  0
18.9211  0.534071  0  0
18.9211  0.565487  0  0
18.9211  0.596903  0  0
18.9211  0.628319  0  0
18.9211  0.659734  0  0
18.9211  0.69115  0  0
18.9211  0.722566  0  0
18.9211  0.753982  0  0
18.9211  0.785398  0  0
18.9211  0.816814  0  0
18.9211  0.84823  0  0
18.9211  0.879646  0  0
18.9211  0.911062  0.0115228  0.0845523
18.9211  0.942478  0.16289  0.110814
18.9211  0.973894  0.109545  0.138962
18.9211  1.00531  0.0752502  0.13073
18.9211  1.03673  0.119576  0.114092
18.9211  1.06814  0.241301  0.12068
18.9211  1.09956  0.0592427  0.102553
18.9211  1.13097  0.0494708  0.0536025
18.9211  1.16239  0.087017  0.144541
18.9211  1.19381  0.0762112  0.0942567
18.9211  1.22522  0.0920399  0.0826355
18.9211  1.25664  0.177049  0.09026
18.9211  1.28805  0.0823332  0.115255
18.9211  1.31947  0.0900965  0.0861236
18.9211  1.35088  0.0470295  0.0433212
18.9211  1.3823  0.0772725  0.104024
18.9211  1.41372  0.054629  0.0968185
18.9211  1.44513  0.142729  0.123104
18.9211  1.47655  0.0650837  0.107499
18.9211  1.50796  0.0590218  0.110534
18.9211  1.53938  0.10682  0.122547
18.9211  1.5708  0.070877  0.120341
18.9211  1.60221  0.109815  0.0992905
18.9211  1.63363  0.117739  0.115211
18.9211  1.66504  0.100918  0.0893578
18.9211  1.69646  0.104496  0.104743
18.9211  1.72788  0.0562379  0.0996424
18.9211  1.75929  0.0542254  0.0568859
18.9211  1.79071  0.0854337  0.0815636
18.9211  1.82212  0.0671501  0.115427
18.9211  1.85354  0.0645218  0.109646
18.9211  1.88496  0.0515684  0.0471136
18.9211  1.91637  0.0605511  0.0640262
18.9211  1.94779  0.133225  0.093637
18.9211  1.9792  0.082305  0.134237
18.9211  2.01062  0.0589154  0.0591633
18.9211  2.04204  0.0653498  0.115947
18.9211  2.07345  0.0770052  0.135203
18.9211  2.10487  0.0682839  0.123217
18.9211  2.13628  0.0852822  0.124528
18.9211  2.1677  0.0688967  0.138118
18.9211  2.19911  0.00314257  0.0230597
18.9211  2.23053  0.258759  1.70226
18.9211  2.26195  0  0
18.9211  2.29336  0  0
18.9211  2.32478  0  0
18.9211  2.35619  0  0
18.9211  2.38761  0  0
18.9211  2.41903  0  0
18.9211  2.45044  0  0
18.9211  2.48186  0  0
18.9211  2.51327  0  0
18.9211  2.54469  0  0
18.9211  2.57611  0  0
18.9211  2.60752  0  0
18.9211  2.63894  0  0
18.9211  2.67035  0  0
18.9211  2.70177  0  0
18.9211  2.73319  0  0
18.9211  2.7646  0  0
18.9211  2.79602  0  0
18.9211  2.82743  0  0
18.9211  2.85885  0  0
18.9211  2.89027  0  0
18.9211  2.92168  0  0
18.9211  2.9531  0  0
18.9211  2.98451  0  0
18.9211  3.01593  0  0
18.9211  3.04734  0  0
18.9211  3.07876  0  0
18.9211  3.11018  0  0
19.0592  0  0  0
19.0592  0.0314159  0  0
19.0592  0.0628319  0  0
19.0592  0.0942478  0  0
19.0592  0.125664  0  0
19.0592  0.15708  0  0
19.0592  0.188496  0  0
19.0592  0.219911  0  0
19.0592  0.251327  0  0
19.0592  0.282743  0  0
19.0592  0.314159  0  0
19.0592  0.345575  0  0
19.0592  0.376991  0  0
19.0592  0.408407  0  0
19.0592  0.439823  0  0
19.0592  0.471239  0  0
19.0592  0.502655  0  0
19.0592  0.534071  0  0
19.0592  0.565487  0  0
19.0592  0.596903  0  0
19.0592  0.628319  0  0
19.0592  0.659734  0  0
19.0592  0.69115  0  0
19.0592  0.722566  0  0
19.0592  0.753982  0  0
19.0592  0.785398  0  0
19.0592  0.816814  0  0
19.0592  0.84823  0  0
19.0592  0.879646  0  0
19.0592  0.911062  0.0655893  0.101807
19.0592  0.942478  0.15463  0.105475
19.0592  0.973894  0.0663767  0.115836
19.0592  1.00531  0.054378  0.0523699
19.0592  1.03673  0.0799883  0.112621
19.0592  1.06814  0.0437461  0.0307079
19.0592  1.09956  0.0822163  0.120349
19.0592  1.13097  0.0917845  0.113605
19.0592  1.16239  0.0664981  0.104863
19.0592  1.19381  0.0761345  0.102028
19.0592  1.22522  0.0621424  0.10878
19.0592  1.25664  0.106092  0.0986625
19.0592  1.28805  0.0879873  0.0863429
19.0592  1.31947  0.0640024  0.116074
19.0592  1.35088  0.0963361  0.102132
19.0592  1.3823  0.0778954  0.0890194
19.0592  1.41372  0.0842143  0.13385
19.0592  1.44513  0.123252  0.0996856
19.0592  1.47655  0.0586487  0.101978
19.0592  1.50796  0.0756456  0.124363
19.0592  1.53938  0.0615886  0.0920487
19.0592  1.5708  0.0373659  0.0331365
19.0592  1.60221  0.12663  0.111533
19.0592  1.63363  0.165444  0.093197
19.0592  1.66504  0.170771  0.165956
19.0592  1.69646  0.0630434  0.106128
19.0592  1.72788  0.0834145  0.127635
19.0592  1.75929  0.167522  0.115647
19.0592  1.79071  0.0547779  0.058259
19.0592  1.82212  0.0686302  0.104336
19.0592  1.85354  0.0508065  0.0906385
19.0592  1.88496  0.0556601  0.0595922
19.0592  1.91637  0.13012  0.107146
19.0592  1.94779  0.0648893  0.119831
19.0592  1.9792  0.081771  0.120218
19.0592  2.01062  0.0780849  0.0841946
19.0592  2.04204  0.0701631  0.125547
19.0592  2.07345  0.0846355  0.126449
19.0592  2.10487  0.0775026  0.103919
19.0592  2.13628  0.0813645  0.120443
19.0592  2.1677  0.0910826  0.10297
19.0592  2.19911  0.0942424  0.121986
19.0592  2.23053  0.027061  0.19857
19.0592  2.26195  0  0
19.0592  2.29336  0  0
19.0592  2.32478  0  0
19.0592  2.35619  0  0
19.0592  2.38761  0  0
19.0592  2.41903  0  0
19.0592  2.45044  0  0
19.0592  2.48186  0  0
19.0592  2.51327  0  0
19.0592  2.54469  0  0
19.0592  2.57611  0  0
19.0592  2.60752  0  0
19.0592  2.63894  0  0
19.0592  2.67035  0  0
19.0592  2.70177  0  0
19.0592  2.73319  0  0
19.0592  2.7646  0  0
19.0592  2.79602  0  0
19.0592  2.82743  0  0
19.0592  2.85885  0  0
19.0592  2.89027  0  0
19.0592  2.92168  0  0
19.0592  2.9531  0  0
19.0592  2.98451  0  0
19.0592  3.01593  0  0
19.0592  3.04734  0  0
19.0592  3.07876  0  0
19.0592  3.11018  0  0
19.1974  0  0  0
19.1974  0.0314159  0  0
19.1974  0.0628319  0  0
19.1974  0.0942478  0  0
19.1974  0.125664  0  0
19.1974  0.15708  0  0
19.1974  0.188496  0  0
19.1974  0.219911  0  0
19.1974  0.251327  0  0
19.1974  0.282743  0  0
19.1974  0.314159  0  0
19.1974  0.345575  0  0
19.1974  0.376991  0  0
19.1974  0.408407  0  0
19.1974  0.439823  0  0
19.1974  0.471239  0  0
19.1974  0.502655  0  0
19.1974  0.534071  0  0
19.1974  0.565487  0  0
19.1974  0.596903  0  0
19.1974  0.628319  0  0
19.1974  0.659734  0  0
19.1974  0.69115  0  0
19.1974  0.722566  0  0
19.1974  0.753982  0  0
19.1974  0.785398  0  0
19.1974  0.816814  0  0
19.1974  0.84823  0  0
19.1974  0.879646  0.0977898  0.0723456
19.1974  0.911062  0.110565  0.0988707
19.1974  0.942478  0.187746  0.104159
19.1974  0.973894  0.0530781  0.0550657
19.1974  1.00531  0.0553902  0.0577606
19.1974  1.03673  0.0760754  0.120719
19.1974  1.06814  0.0663431  0.109275
19.1974  1.09956  0.176026  0.167805
19.1974  1.13097  0.0850505  0.086305
19.1974  1.16239  0.10161  0.133653
19.1974  1.19381  0.0708231  0.11682
19.1974  1.22522  0.0660904  0.108028
19.1974  1.25664  0.0673486  0.121865
19.1974  1.28805  0.0673694  0.116011
19.1974  1.31947  0.050872  0.0460733
19.1974  1.35088  0.0724579  0.122288
19.1974  1.3823  0.0631601  0.109965
19.1974  1.41372  0.0890138  0.0849921
19.1974  1.44513  0.0463819  0.0416889
19.1974  1.47655  0.0468384  0.0837929
19.1974  1.50796  0.118245  0.0907935
19.1974  1.53938  3.39635  1.89581
19.1974  1.5708  0.10867  0.111132
19.1974  1.60221  0.0559831  0.0977974
19.1974  1.63363  0.0716915  0.122121
19.1974  1.66504  0.0472214  0.0380353
19.1974  1.69646  0.127858  0.0905494
19.1974  1.72788  0.0463336  0.0485796
19.1974  1.75929  0.0640575  0.096749
19.1974  1.79071  0.0860446  0.117911
19.1974  1.82212  0.154448  0.0969984
19.1974  1.85354  0.136086  0.158026
19.1974  1.88496  0.0650062  0.112076
19.1974  1.91637  0.0802128  0.0908547
19.1974  1.94779  0.0665615  0.114297
19.1974  1.9792  0.0796714  0.131424
19.1974  2.01062  0.0951279  0.122329
19.1974  2.04204  0.157351  0.1567
19.1974  2.07345  0.136796  0.14769
19.1974  2.10487  0.179761  0.114314
19.1974  2.13628  0.0671354  0.117883
19.1974  2.1677  0.0767501  0.0711599
19.1974  2.19911  0.0743543  0.112301
19.1974  2.23053  0.182543  0.173407
19.1974  2.26195  0  0
19.1974  2.29336  0  0
19.1974  2.32478  0  0
19.1974  2.35619  0  0
19.1974  2.38761  0  0
19.1974  2.41903  0  0
19.1974  2.45044  0  0
19.1974  2.48186  0  0
19.1974  2.51327  0  0
19.1974  2.54469  0  0
19.1974  2.57611  0  0
19.1974  2.60752  0  0
19.1974  2.63894  0  0
19.1974  2.67035  0  0
19.1974  2.70177  0  0
19.1974  2.73319  0  0
19.1974  2.7646  0  0
19.1974  2.79602  0  0
19.1974  2.82743  0  0
19.1974  2.85885  0  0
19.1974  2.89027  0  0
19.1974  2.92168  0  0
19.1974  2.9531  0  0
19.1974  2.98451  0  0
19.1974  3.01593  0  0
19.1974  3.04734  0  0
19.1974  3.07876  0  0
19.1974  3.11018  0  0
19.3355  0  0  0
19.3355  0.0314159  0  0
19.3355  0.0628319  0  0
19.3355  0.0942478  0  0
19.3355  0.125664  0  0
19.3355  0.15708  0  0
19.3355  0.188496  0  0
19.3355  0.219911  0  0
19.3355  0.251327  0  0
19.3355  0.282743  0  0
19.3355  0.314159  0  0
19.3355  0.345575  0  0
19.3355  0.376991  0  0
19.3355  0.408407  0  0
19.3355  0.439823  0  0
19.3355  0.471239  0  0
19.3355  0.502655  0  0
19.3355  0.534071  0  0
19.3355  0.565487  0  0
19.3355  0.596903  0  0
19.3355  0.628319  0  0
19.3355  0.659734  0  0
19.3355  0.69115  0  0
19.3355  0.722566  0  0
19.3355  0.753982  0  0
19.3355  0.785398  0  0
19.3355  0.816814  0  0
19.3355  0.84823  0.000872936  0.00640548
19.3355  0.879646  0.0564997  0.117492
19.3355  0.911062  0.0644675  0.111483
19.3355  0.942478  0.176239  0.182935
19.3355  0.973894  0.0814737  0.128919
19.3355  1.00531  0.0679551  0.110865
19.3355  1.03673  0.082146  0.135232
19.3355  1.06814  0.0562422  0.0477949
19.3355  1.09956  0.103299  0.121463
19.3355  1.13097  0.0602885  0.103612
19.3355  1.16239  0.048406  0.046799
19.3355  1.19381  0.0942614  0.101088
19.3355  1.22522  0.0887484  0.143114
19.3355  1.25664  0.0514321  0.0493606
19.3355  1.28805  0.0591971  0.107263
19.3355  1.31947  0.0793843  0.131883
19.3355  1.35088  0.0645513  0.111045
19.3355  1.3823  0.123721  0.107413
19.3355  1.41372  0.0523714  0.0431493
19.3355  1.44513  0.0661191  0.12118
19.3355  1.47655  0.0975609  0.0908863
19.3355  1.50796  0.0867023  0.0874775
19.3355  1.53938  0.0751371  0.123929
19.3355  1.5708  0.128786  0.126536
19.3355  1.60221  0.0963574  0.100644
19.3355  1.63363  0.0530154  0.0989239
19.3355  1.66504  0.761609  0.906445
19.3355  1.69646  0.0700972  0.107599
19.3355  1.72788  0.118167  0.0800247
19.3355  1.75929  0.120161  0.117237
19.3355  1.79071  0.0617939  0.107669
19.3355  1.82212  0.0961828  0.122762
19.3355  1.85354  0.123908  0.114887
19.3355  1.88496  0.141892  0.138116
19.3355  1.91637  0.0468459  0.0485873
19.3355  1.94779  0.161102  0.14889
19.3355  1.9792  0.067653  0.113638
19.3355  2.01062  0.0969909  0.131827
19.3355  2.04204  0.0543431  0.0546985
19.3355  2.07345  0.0809484  0.129057
19.3355  2.10487  0.0868419  0.126714
19.3355  2.13628  0.0832269  0.132423
19.3355  2.1677  0.136511  0.119591
19.3355  2.19911  0.102143  0.135708
19.3355  2.23053  0.0760051  0.10699
19.3355  2.26195  0  0
19.3355  2.29336  0  0
19.3355  2.32478  0  0
19.3355  2.35619  0  0
19.3355  2.38761  0  0
19.3355  2.41903  0  0
19.3355  2.45044  0  0
19.3355  2.48186  0  0
19.3355  2.51327  0  0
19.3355  2.54469  0  0
19.3355  2.57611  0  0
19.3355  2.60752  0  0
19.3355  2.63894  0  0
19.3355  2.67035  0  0
19.3355  2.70177  0  0
19.3355  2.73319  0  0
19.3355  2.7646  0  0
19.3355  2.79602  0  0
19.3355  2.82743  0  0
19.3355  2.85885  0  0
19.3355  2.89027  0  0
19.3355  2.92168  0  0
19.3355  2.9531  0  0
19.3355  2.98451  0  0
19.3355  3.01593  0  0
19.3355  3.04734  0  0
19.3355  3.07876  0  0
19.3355  3.11018  0  0
19.4737  0  0  0
19.4737  0.0314159  0  0
19.4737  0.0628319  0  0
19.4737  0.0942478  0  0
19.4737  0.125664  0  0
19.4737  0.15708  0  0
19.4737  0.188496  0  0
19.4737  0.219911  0  0
19.4737  0.251327  0  0
19.4737  0.282743  0  0
19.4737  0.314159  0  0
19.4737  0.345575  0  0
19.4737  0.376991  0  0
19.4737  0.408407  0  0
19.4737  0.439823  0  0
19.4737  0.471239  0  0
19.4737  0.502655  0  0
19.4737  0.534071  0  0
19.4737  0.565487  0  0
19.4737  0.596903  0  0
19.4737  0.628319  0  0
19.4737  0.659734  0  0
19.4737  0.69115  0  0
19.4737  0.722566  0  0
19.4737  0.753982  0  0
19.4737  0.785398  0  0
19.4737  0.816814  0  0
19.4737  0.84823  0.126718  0.0880838
19.4737  0.879646  0.0712701  0.0977138
19.4737  0.911062  0.0959673  0.143602
19.4737  0.942478  0.126626  0.35147
19.4737  0.973894  0.0703751  0.110856
19.4737  1.00531  0.0609903  0.0613415
19.4737  1.03673  0.0732797  0.129433
19.4737  1.06814  0.0566818  0.102049
19.4737  1.09956  0.0721274  0.112576
19.4737  1.13097  0.0843919  0.115156
19.4737  1.16239  0.122998  0.0899367
19.4737  1.19381  0.0726213  0.114835
19.4737  1.22522  0.0540451  0.0530093
19.4737  1.25664  0.119874  0.109665
19.4737  1.28805  0.10139  0.104545
19.4737  1.31947  0.0699233  0.118569
19.4737  1.35088  0.108607  0.101595
19.4737  1.3823  0.0436467  0.0445486
19.4737  1.41372  0.0640988  0.11189
19.4737  1.44513  0.0915747  0.0849266
19.4737  1.47655  0.117719  0.0904328
19.4737  1.50796  0.0507573  0.0467359
19.4737  1.53938  0.0657308  0.107488
19.4737  1.5708  0.122708  0.0826863
19.4737  1.60221  0.0651352  0.083424
19.4737  1.63363  0.0977098  0.108678
19.4737  1.66504  0.0868846  0.129687
19.4737  1.69646  0.106408  0.0761024
19.4737  1.72788  0.0593267  0.107693
19.4737  1.75929  0.0679642  0.101821
19.4737  1.79071  0.0894093  0.0994833
19.4737  1.82212  0.0966533  0.133841
19.4737  1.85354  0.159798  0.0805465
19.4737  1.88496  0.085027  0.12762
19.4737  1.91637  0.0698221  0.120991
19.4737  1.94779  0.0822306  0.132327
19.4737  1.9792  0.0968257  0.0917997
19.4737  2.01062  0.0767535  0.113526
19.4737  2.04204  0.150045  0.147458
19.4737  2.07345  0.112875  0.117777
19.4737  2.10487  0.0838581  0.139862
19.4737  2.13628  0.0825532  0.123077
19.4737  2.1677  0.0962057  0.133366
19.4737  2.19911  0.143285  0.109114
19.4737  2.23053  0.0988548  0.100024
19.4737  2.26195  0.158277  0.129278
19.4737  2.29336  0  0
19.4737  2.32478  0  0
19.4737  2.35619  0  0
19.4737  2.38761  0  0
19.4737  2.41903  0  0
19.4737  2.45044  0  0
19.4737  2.48186  0  0
19.4737  2.51327  0  0
19.4737  2.54469  0  0
19.4737  2.57611  0  0
19.4737  2.60752  0  0
19.4737  2.63894  0  0
19.4737  2.67035  0  0
19.4737  2.70177  0  0
19.4737  2.73319  0  0
19.4737  2.7646  0  0
19.4737  2.79602  0  0
19.4737  2.82743  0  0
19.4737  2.85885  0  0
19.4737  2.89027  0  0
19.4737  2.92168  0  0
19.4737  2.9531  0  0
19.4737  2.98451  0  0
19.4737  3.01593  0  0
19.4737  3.04734  0  0
19.4737  3.07876  0  0
19.4737  3.11018  0  0
19.6118  0  0  0
19.6118  0.0314159  0  0
19.6118  0.0628319  0  0
19.6118  0.0942478  0  0
19.6118  0.125664  0  0
19.6118  0.15708  0  0
19.6118  0.188496  0  0
19.6118  0.219911  0  0
19.6118  0.251327  0  0
19.6118  0.282743  0  0
19.6118  0.314159  0  0
19.6118  0.345575  0  0
19.6118  0.376991  0  0
19.6118  0.408407  0  0
19.6118  0.439823  0  0
19.6118  0.471239  0  0
19.6118  0.502655  0  0
19.6118  0.534071  0  0
19.6118  0.565487  0  0
19.6118  0.596903  0  0
19.6118  0.628319  0  0
19.6118  0.659734  0  0
19.6118  0.69115  0  0
19.6118  0.722566  0  0
19.6118  0.753982  0  0
19.6118  0.785398  0  0
19.6118  0.816814  0  0
19.6118  0.84823  0.114161  0.129282
19.6118  0.879646  0.123456  0.125946
19.6118  0.911062  0.0891036  0.080911
19.6118  0.942478  0.056068  0.0541324
19.6118  0.973894  0.0707997  0.120959
19.6118  1.00531  0.0656334  0.116659
19.6118  1.03673  0.0824567  0.116386
19.6118  1.06814  0.0778118  0.118614
19.6118  1.09956  0.0553941  0.0565316
19.6118  1.13097  0.113453  0.116244
19.6118  1.16239  0.187243  0.0990593
19.6118  1.19381  0.0539746  0.0613565
19.6118  1.22522  0.0647977  0.103622
19.6118  1.25664  0.0542152  0.0513288
19.6118  1.28805  0.102485  0.112779
19.6118  1.31947  0.0843536  0.130107
19.6118  1.35088  0.0652333  0.114431
19.6118  1.3823  0.0974236  0.0890997
19.6118  1.41372  0.0532771  0.0623314
19.6118  1.44513  0.0933828  0.0967251
19.6118  1.47655  0.103276  0.104864
19.6118  1.50796  0.0608499  0.105147
19.6118  1.53938  0.0904939  0.0955329
19.6118  1.5708  0.0517987  0.0554389
19.6118  1.60221  0.0654021  0.0910539
19.6118  1.63363  0.0583635  0.0949844
19.6118  1.66504  0.0756636  0.0779688
19.6118  1.69646  0.15185  0.137761
19.6118  1.72788  0.103265  0.124213
19.6118  1.75929  0.0826783  0.15103
19.6118  1.79071  0.0853783  0.0900872
19.6118  1.82212  0.159312  0.101489
19.6118  1.85354  0.0998104  0.105643
19.6118  1.88496  0.0606535  0.0622863
19.6118  1.91637  0.0850945  0.11486
19.6118  1.94779  0.104848  0.0924403
19.6118  1.9792  0.107523  0.109713
19.6118  2.01062  0.151467  0.0928966
19.6118  2.04204  0.171785  0.0859386
19.6118  2.07345  0.0628835  0.0624488
19.6118  2.10487  0.0847178  0.125428
19.6118  2.13628  0.103298  0.137259
19.6118  2.1677  0.0725612  0.117871
19.6118  2.19911  0.052998  0.0484903
19.6118  2.23053  0.194583  0.190028
19.6118  2.26195  0.147754  0.123231
19.6118  2.29336  0.00261881  0.0192164
19.6118  2.32478  0  0
19.6118  2.35619  0  0
19.6118  2.38761  0  0
19.6118  2.41903  0  0
19.6118  2.45044  0  0
19.6118  2.48186  0  0
19.6118  2.51327  0  0
19.6118  2.54469  0  0
19.6118  2.57611  0  0
19.6118  2.60752  0  0
19.6118  2.63894  0  0
19.6118  2.67035  0  0
19.6118  2.70177  0  0
19.6118  2.73319  0  0
19.6118  2.7646  0  0
19.6118  2.79602  0  0
19.6118  2.82743  0  0
19.6118  2.85885  0  0
19.6118  2.89027  0  0
19.6118  2.92168  0  0
19.6118  2.9531  0  0
19.6118  2.98451  0  0
19.6118  3.01593  0  0
19.6118  3.04734  0  0
19.6118  3.07876  0  0
19.6118  3.11018  0  0
19.75  0  0  0
19.75  0.0314159  0  0
19.75  0.0628319  0  0
19.75  0.0942478  0  0
19.75  0.125664  0  0
19.75  0.15708  0  0
19.75  0.188496  0  0
19.75  0.219911  0  0
19.75  0.251327  0  0
19.75  0.282743  0  0
19.75  0.314159  0  0
19.75  0.345575  0  0
19.75  0.376991  0  0
19.75  0.408407  0  0
19.75  0.439823  0  0
19.75  0.471239  0  0
19.75  0.502655  0  0
19.75  0.534071  0  0
19.75  0.565487  0  0
19.75  0.596903  0  0
19.75  0.628319  0  0
19.75  0.659734  0  0
19.75  0.69115  0  0
19.75  0.722566  0  0
19.75  0.753982  0  0
19.75  0.785398  0  0
19.75  0.816814  0.136755  0.092933
19.75  0.84823  0.167923  0.167171
19.75  0.879646  0.100574  0.148462
19.75  0.911062  0.185849  0.174533
19.75  0.942478  0.0567292  0.0558297
19.75  0.973894  0.0859926  0.137855
19.75  1.00531  0.152704  0.139402
19.75  1.03673  0.149276  0.117662
19.75  1.06814  0.076779  0.112814
19.75  1.09956  0.0499999  0.0542201
19.75  1.13097  0.114003  0.121575
19.75  1.16239  0.072633  0.118557
19.75  1.19381  0.0926464  0.107325
19.75  1.22522  0.141705  0.101329
19.75  1.25664  0.0727095  0.0907697
19.75  1.28805  0.0516867  0.0545633
19.75  1.31947  0.0416619  0.0325632
19.75  1.35088  0.0551626  0.0568501
19.75  1.3823  0.0872367  0.115547
19.75  1.41372  0.0513765  0.0993189
19.75  1.44513  0.0724178  0.105749
19.75  1.47655  0.0604128  0.107013
19.75  1.50796  0.0491389  0.0941357
19.75  1.53938  0.0562464  0.0991431
19.75  1.5708  0.148812  0.0813139
19.75  1.60221  0.0503506  0.0600894
19.75  1.63363  0.074867  0.0703912
19.75  1.66504  0.0742671  0.115077
19.75  1.69646  0.0397729  0.0324567
19.75  1.72788  0.0494349  0.0523418
19.75  1.75929  0.0784774  0.115696
19.75  1.79071  0.0715927  0.110657
19.75  1.82212  0.0736449  0.107585
19.75  1.85354  0.0441431  0.0373403
19.75  1.88496  0.0726366  0.115893
19.75  1.91637  0.0736931  0.129795
19.75  1.94779  0.112005  0.133994
19.75  1.9792  0.0433294  0.038245
19.75  2.01062  0.0831763  0.106217
19.75  2.04204  0.155617  0.0860083
19.75  2.07345  0.0813109  0.121954
19.75  2.10487  0.0873476  0.117025
19.75  2.13628  0.0640185  0.110993
19.75  2.1677  0.180534  0.110211
19.75  2.19911  0.051038  0.042306
19.75  2.23053  0.0551332  0.0506669
19.75  2.26195  0.0755149  0.10777
19.75  2.29336  0.169179  0.085154
19.75  2.32478  0  0
19.75  2.35619  0  0
19.75  2.38761  0  0
19.75  2.41903  0  0
19.75  2.45044  0  0
19.75  2.48186  0  0
19.75  2.51327  0  0
19.75  2.54469  0  0
19.75  2.57611  0  0
19.75  2.60752  0  0
19.75  2.63894  0  0
19.75  2.67035  0  0
19.75  2.70177  0  0
19.75  2.73319  0  0
19.75  2.7646  0  0
19.75  2.79602  0  0
19.75  2.82743  0  0
19.75  2.85885  0  0
19.75  2.89027  0  0
19.75  2.92168  0  0
19.75  2.9531  0  0
19.75  2.98451  0  0
19.75  3.01593  0  0
19.75  3.04734  0  0
19.75  3.07876  0  0
19.75  3.11018  0  0
19.8882  0  0  0
19.8882  0.0314159  0  0
19.8882  0.0628319  0  0
19.8882  0.0942478  0  0
19.8882  0.125664  0  0
19.8882  0.15708  0  0
19.8882  0.188496  0  0
19.8882  0.219911  0  0
19.8882  0.251327  0  0
19.8882  0.282743  0  0
19.8882  0.314159  0  0
19.8882  0.345575  0  0
19.8882  0.376991  0  0
19.8882  0.408407  0  0
19.8882  0.439823  0  0
19.8882  0.471239  0  0
19.8882  0.502655  0  0
19.8882  0.534071  0  0
19.8882  0.565487  0  0
19.8882  0.596903  0  0
19.8882  0.628319  0  0
19.8882  0.659734  0  0
19.8882  0.69115  0  0
19.8882  0.722566  0  0
19.8882  0.753982  0  0
19.8882  0.785398  0  0
19.8882  0.816814  0.23826  0.144984
19.8882  0.84823  0.0753726  0.127577
19.8882  0.879646  0.0908805  0.114635
19.8882  0.911062  0.0746968  0.131111
19.8882  0.942478  0.0602705  0.052305
19.8882  0.973894  0.0624537  0.0577367
19.8882  1.00531  0.136308  0.130217
19.8882  1.03673  0.0672171  0.115096
19.8882  1.06814  0.0654261  0.119309
19.8882  1.09956  0.0697524  0.115327
19.8882  1.13097  0.119628  0.113713
19.8882  1.16239  0.0503731  0.0388356
19.8882  1.19381  0.150693  0.137704
19.8882  1.22522  0.0739255  0.129411
19.8882  1.25664  0.0488314  0.0464139
19.8882  1.28805  0.0463006  0.0408624
19.8882  1.31947  0.16567  0.158165
19.8882  1.35088  0.0814527  0.0969623
19.8882  1.3823  0.0685725  0.119739
19.8882  1.41372  0.053122  0.0551917
19.8882  1.44513  0.156585  0.152152
19.8882  1.47655  2.38606  1.28944
19.8882  1.50796  0.0696151  0.118048
19.8882  1.53938  0.0661225  0.109624
19.8882  1.5708  0.0469338  0.042043
19.8882  1.60221  0.0542477  0.0567319
19.8882  1.63363  0.072151  0.118492
19.8882  1.66504  0.0707979  0.115571
19.8882  1.69646  0.047981  0.0517272
19.8882  1.72788  0.14947  0.106693
19.8882  1.75929  0.0593726  0.108522
19.8882  1.79071  0.0722637  0.105322
19.8882  1.82212  0.290483  0.221732
19.8882  1.85354  0.0679615  0.108541
19.8882  1.88496  0.139131  0.113481
19.8882  1.91637  0.0631418  0.110528
19.8882  1.94779  0.0382865  0.0247199
19.8882  1.9792  0.0604001  0.0573724
19.8882  2.01062  0.0793765  0.0982701
19.8882  2.04204  0.058195  0.057147
19.8882  2.07345  0.0859378  0.122203
19.8882  2.10487  0.0966851  0.107123
19.8882  2.13628  0.102223  0.104541
19.8882  2.1677  0.0681883  0.0630286
19.8882  2.19911  0.0914583  0.143276
19.8882  2.23053  0.235937  0.177798
19.8882  2.26195  0.181047  0.121875
19.8882  2.29336  0.0402552  0.0862718
19.8882  2.32478  0  0
19.8882  2.35619  0  0
19.8882  2.38761  0  0
19.8882  2.41903  0  0
19.8882  2.45044  0  0
19.8882  2.48186  0  0
19.8882  2.51327  0  0
19.8882  2.54469  0  0
19.8882  2.57611  0  0
19.8882  2.60752  0  0
19.8882  2.63894  0  0
19.8882  2.67035  0  0
19.8882  2.70177  0  0
19.8882  2.73319  0  0
19.8882  2.7646  0  0
19.8882  2.79602  0  0
19.8882  2.82743  0  0
19.8882  2.85885  0  0
19.8882  2.89027  0  0
19.8882  2.92168  0  0
19.8882  2.9531  0  0
19.8882  2.98451  0  0
19.8882  3.01593  0  0
19.8882  3.04734  0  0
19.8882  3.07876  0  0
19.8882  3.11018  0  0
20.0263  0  0  0
20.0263  0.0314159  0  0
20.0263  0.0628319  0  0
20.0263  0.0942478  0  0
20.0263  0.125664  0  0
20.0263  0.15708  0  0
20.0263  0.188496  0  0
20.0263  0.219911  0  0
20.0263  0.251327  0  0
20.0263  0.282743  0  0
20.0263  0.314159  0  0
20.0263  0.345575  0  0
20.0263  0.376991  0  0
20.0263  0.408407  0  0
20.0263  0.439823  0  0
20.0263  0.471239  0  0
20.0263  0.502655  0  0
20.0263  0.534071  0  0
20.0263  0.565487  0  0
20.0263  0.596903  0  0
20.0263  0.628319  0  0
20.0263  0.659734  0  0
20.0263  0.69115  0  0
20.0263  0.722566  0  0
20.0263  0.753982  0  0
20.0263  0.785398  0.258759  1.70226
20.0263  0.816814  0.10505  0.114377
20.0263  0.84823  0.0634856  0.0634741
20.0263  0.879646  0.0781788  0.122768
20.0263  0.911062  0.0729112  0.124814
20.0263  0.942478  0.0690206  0.0718774
20.0263  0.973894  0.156334  0.104588
20.0263  1.00531  0.0728171  0.124117
20.0263  1.03673  0.0824563  0.104407
20.0263  1.06814  0.114293  0.106083
20.0263  1.09956  0.0545711  0.0962706
20.0263  1.13097  0.0495343  0.0449763
20.0263  1.16239  0.0846243  0.0908926
20.0263  1.19381  0.0944652  0.104817
20.0263  1.22522  0.0777052  0.114151
20.0263  1.25664  0.0816357  0.124863
20.0263  1.28805  0.0964706  0.0942356
20.0263  1.31947  0.0718791  0.1209
20.0263  1.35088  0.0777396  0.103485
20.0263  1.3823  0.129181  0.0720817
20.0263  1.41372  0.0978435  0.110284
20.0263  1.44513  0.128023  0.131604
20.0263  1.47655  0.0574166  0.0993974
20.0263  1.50796  0.0762959  0.115065
20.0263  1.53938  0.0899856  0.10638
20.0263  1.5708  0.152413  0.115266
20.0263  1.60221  0.0981041  0.0888933
20.0263  1.63363  0.0618598  0.109381
20.0263  1.66504  0.0712585  0.0866803
20.0263  1.69646  0.144179  0.10222
20.0263  1.72788  0.190931  0.0989241
20.0263  1.75929  0.0968385  0.085748
20.0263  1.79071  0.0488981  0.0844848
20.0263  1.82212  0.051574  0.0970663
20.0263  1.85354  0.0576  0.0999718
20.0263  1.88496  0.0585628  0.0996401
20.0263  1.91637  0.0978886  0.115864
20.0263  1.94779  0.0521113  0.0561132
20.0263  1.9792  0.0872411  0.132839
20.0263  2.01062  0.0696321  0.0710531
20.0263  2.04204  0.0997152  0.125385
20.0263  2.07345  0.0560041  0.0425109
20.0263  2.10487  0.0926573  0.106363
20.0263  2.13628  0.0660241  0.0607243
20.0263  2.1677  0.0735784  0.124342
20.0263  2.19911  0.066433  0.120252
20.0263  2.23053  0.0718159  0.121972
20.0263  2.26195  0.0817337  0.126329
20.0263  2.29336  0.0923927  0.109923
20.0263  2.32478  0.00925312  0.067898
20.0263  2.35619  0  0
20.0263  2.38761  0  0
20.0263  2.41903  0  0
20.0263  2.45044  0  0
20.0263  2.48186  0  0
20.0263  2.51327  0  0
20.0263  2.54469  0  0
20.0263  2.57611  0  0
20.0263  2.60752  0  0
20.0263  2.63894  0  0
20.0263  2.67035  0  0
20.0263  2.70177  0  0
20.0263  2.73319  0  0
20.0263  2.7646  0  0
20.0263  2.79602  0  0
20.0263  2.82743  0  0
20.0263  2.85885  0  0
20.0263  2.89027  0  0
20.0263  2.92168  0  0
20.0263  2.9531  0  0
20.0263  2.98451  0  0
20.0263  3.01593  0  0
20.0263  3.04734  0  0
20.0263  3.07876  0  0
20.0263  3.11018  0  0
20.1645  0  0  0
20.1645  0.0314159  0  0
20.1645  0.0628319  0  0
20.1645  0.0942478  0  0
20.1645  0.125664  0  0
20.1645  0.15708  0  0
20.1645  0.188496  0  0
20.1645  0.219911  0  0
20.1645  0.251327  0  0
20.1645  0.282743  0  0
20.1645  0.314159  0  0
20.1645  0.345575  0  0
20.1645  0.376991  0  0
20.1645  0.408407  0  0
20.1645  0.439823  0  0
20.1645  0.471239  0  0
20.1645  0.502655  0  0
20.1645  0.534071  0  0
20.1645  0.565487  0  0
20.1645  0.596903  0  0
20.1645  0.628319  0  0
20.1645  0.659734  0  0
20.1645  0.69115  0  0
20.1645  0.722566  0  0
20.1645  0.753982  0  0
20.1645  0.785398  0.0414278  0.0534255
20.1645  0.816814  0.104367  0.09765
20.1645  0.84823  0.0620212  0.0570357
20.1645  0.879646  0.0671265  0.115916
20.1645  0.911062  0.0804614  0.116018
20.1645  0.942478  0.0571364  0.052766
20.1645  0.973894  0.0709447  0.0747482
20.1645  1.00531  0.072538  0.111318
20.1645  1.03673  0.0710985  0.121262
20.1645  1.06814  0.0644101  0.108715
20.1645  1.09956  0.173672  0.165444
20.1645  1.13097  0.0725324  0.121949
20.1645  1.16239  0.0536786  0.0976529
20.1645  1.19381  0.13104  0.130996
20.1645  1.22522  0.102432  0.110108
20.1645  1.25664  0.0592623  0.114468
20.1645  1.28805  0.184321  0.141559
20.1645  1.31947  0.0790415  0.126797
20.1645  1.35088  0.0956481  0.114232
20.1645  1.3823  0.0476436  0.0458426
20.1645  1.41372  0.0527414  0.0986601
20.1645  1.44513  0.0589127  0.0603931
20.1645  1.47655  0.156376  0.15607
20.1645  1.50796  0.062979  0.116288
20.1645  1.53938  0.0517301  0.0544211
20.1645  1.5708  0.0423635  0.0460094
20.1645  1.60221  0.0519656  0.0943015
20.1645  1.63363  0.0653281  0.111813
20.1645  1.66504  0.0598026  0.063922
20.1645  1.69646  0.0729115  0.123003
20.1645  1.72788  0.0621946  0.0681023
20.1645  1.75929  0.211308  0.198897
20.1645  1.79071  0.0879  0.0741508
20.1645  1.82212  0.0887446  0.138786
20.1645  1.85354  0.0464855  0.0520588
20.1645  1.88496  0.0657235  0.090812
20.1645  1.91637  0.0573278  0.062194
20.1645  1.94779  0.0884704  0.105871
20.1645  1.9792  0.143557  0.103036
20.1645  2.01062  0.12199  0.116128
20.1645  2.04204  0.0709696  0.123702
20.1645  2.07345  0.0950809  0.105455
20.1645  2.10487  0.0897815  0.12236
20.1645  2.13628  0.0633286  0.115164
20.1645  2.1677  0.0617721  0.0665262
20.1645  2.19911  0.11118  0.103443
20.1645  2.23053  0.0955158  0.147698
20.1645  2.26195  0.117549  0.128742
20.1645  2.29336  0.0550906  0.104815
20.1645  2.32478  0.129975  0.120672
20.1645  2.35619  0  0
20.1645  2.38761  0  0
20.1645  2.41903  0  0
20.1645  2.45044  0  0
20.1645  2.48186  0  0
20.1645  2.51327  0  0
20.1645  2.54469  0  0
20.1645  2.57611  0  0
20.1645  2.60752  0  0
20.1645  2.63894  0  0
20.1645  2.67035  0  0
20.1645  2.70177  0  0
20.1645  2.73319  0  0
20.1645  2.7646  0  0
20.1645  2.79602  0  0
20.1645  2.82743  0  0
20.1645  2.85885  0  0
20.1645  2.89027  0  0
20.1645  2.92168  0  0
20.1645  2.9531  0  0
20.1645  2.98451  0  0
20.1645  3.01593  0  0
20.1645  3.04734  0  0
20.1645  3.07876  0  0
20.1645  3.11018  0  0
20.3026  0  0  0
20.3026  0.0314159  0  0
20.3026  0.0628319  0  0
20.3026  0.0942478  0  0
20.3026  0.125664  0  0
20.3026  0.15708  0  0
20.3026  0.188496  0  0
20.3026  0.219911  0  0
20.3026  0.251327  0  0
20.3026  0.282743  0  0
20.3026  0.314159  0  0
20.3026  0.345575  0  0
20.3026  0.376991  0  0
20.3026  0.408407  0  0
20.3026  0.439823  0  0
20.3026  0.471239  0  0
20.3026  0.502655  0  0
20.3026  0.534071  0  0
20.3026  0.565487  0  0
20.3026  0.596903  0  0
20.3026  0.628319  0  0
20.3026  0.659734  0  0
20.3026  0.69115  0  0
20.3026  0.722566  0  0
20.3026  0.753982  0  0
20.3026  0.785398  0.202766  0.167962
20.3026  0.816814  0.112607  0.102392
20.3026  0.84823  0.0949339  0.110568
20.3026  0.879646  0.0801839  0.126036
20.3026  0.911062  0.0873994  0.135962
20.3026  0.942478  0.0707552  0.109475
20.3026  0.973894  0.0687393  0.109986
20.3026  1.00531  0.0769464  0.127175
20.3026  1.03673  0.0772492  0.135394
20.3026  1.06814  0.0857259  0.105472
20.3026  1.09956  0.151606  0.116456
20.3026  1.13097  0.0810089  0.133579
20.3026  1.16239  0.0758323  0.117254
20.3026  1.19381  0.0774055  0.0945437
20.3026  1.22522  0.0642292  0.107543
20.3026  1.25664  0.0693443  0.103295
20.3026  1.28805  0.0713068  0.118664
20.3026  1.31947  0.0449865  0.0381862
20.3026  1.35088  0.0792995  0.084195
20.3026  1.3823  0.0638462  0.105805
20.3026  1.41372  0.0733049  0.120483
20.3026  1.44513  0.0727211  0.110567
20.3026  1.47655  0.0548488  0.0981917
20.3026  1.50796  0.0610591  0.0666324
20.3026  1.53938  0.0832347  0.0920754
20.3026  1.5708  0.0528506  0.0591916
20.3026  1.60221  0.0546145  0.101104
20.3026  1.63363  0.0820616  0.111963
20.3026  1.66504  0.0786752  0.120527
20.3026  1.69646  0.0528852  0.0917232
20.3026  1.72788  0.0793558  0.125462
20.3026  1.75929  0.0815448  0.0742984
20.3026  1.79071  0.0715241  0.108636
20.3026  1.82212  0.0617617  0.112081
20.3026  1.85354  0.073433  0.114363
20.3026  1.88496  0.0502411  0.0933581
20.3026  1.91637  0.0632206  0.0590663
20.3026  1.94779  0.0655723  0.122602
20.3026  1.9792  0.0685347  0.114682
20.3026  2.01062  0.0832166  0.115646
20.3026  2.04204  0.0612492  0.0586835
20.3026  2.07345  0.158397  0.161156
20.3026  2.10487  0.084855  0.130313
20.3026  2.13628  0.0981461  0.13307
20.3026  2.1677  0.0612856  0.062005
20.3026  2.19911  0.0874661  0.134277
20.3026  2.23053  0.0720727  0.124868
20.3026  2.26195  0.0712099  0.121395
20.3026  2.29336  0.103739  0.108279
20.3026  2.32478  0.209192  0.117635
20.3026  2.35619  0  0
20.3026  2.38761  0  0
20.3026  2.41903  0  0
20.3026  2.45044  0  0
20.3026  2.48186  0  0
20.3026  2.51327  0  0
20.3026  2.54469  0  0
20.3026  2.57611  0  0
20.3026  2.60752  0  0
20.3026  2.63894  0  0
20.3026  2.67035  0  0
20.3026  2.70177  0  0
20.3026  2.73319  0  0
20.3026  2.7646  0  0
20.3026  2.79602  0  0
20.3026  2.82743  0  0
20.3026  2.85885  0  0
20.3026  2.89027  0  0
20.3026  2.92168  0  0
20.3026  2.9531  0  0
20.3026  2.98451  0  0
20.3026  3.01593  0  0
20.3026  3.04734  0  0
20.3026  3.07876  0  0
20.3026  3.11018  0  0
20.4408  0  0  0
20.4408  0.0314159  0  0
20.4408  0.0628319  0  0
20.4408  0.0942478  0  0
20.4408  0.125664  0  0
20.4408  0.15708  0  0
20.4408  0.188496  0  0
20.4408  0.219911  0  0
20.4408  0.251327  0  0
20.4408  0.282743  0  0
20.4408  0.314159  0  0
20.4408  0.345575  0  0
20.4408  0.376991  0  0
20.4408  0.408407  0  0
20.4408  0.439823  0  0
20.4408  0.471239  0  0
20.4408  0.502655  0  0
20.4408  0.534071  0  0
20.4408  0.565487  0  0
20.4408  0.596903  0  0
20.4408  0.628319  0  0
20.4408  0.659734  0  0
20.4408  0.69115  0  0
20.4408  0.722566  0  0
20.4408  0.753982  0.250796  2.12815
20.4408  0.785398  0.0912057  0.103736
20.4408  0.816814  0.0636207  0.0526682
20.4408  0.84823  0.152841  0.116697
20.4408  0.879646  0.0842504  0.133516
20.4408  0.911062  0.0598477  0.0558572
20.4408  0.942478  0.0681607  0.100137
20.4408  0.973894  0.0632023  0.0669281
20.4408  1.00531  0.0633403  0.116517
20.4408  1.03673  0.0586303  0.103329
20.4408  1.06814  0.078812  0.138342
20.4408  1.09956  0.0917979  0.0898093
20.4408  1.13097  0.10858  0.124831
20.4408  1.16239  0.0875023  0.125372
20.4408  1.19381  0.0559573  0.0536715
20.4408  1.22522  0.101908  0.112489
20.4408  1.25664  0.0832128  0.079986
20.4408  1.28805  0.0746572  0.0684462
20.4408  1.31947  0.077536  0.135077
20.4408  1.35088  0.0654279  0.109764
20.4408  1.3823  0.118382  0.140896
20.4408  1.41372  0.0794247  0.0935823
20.4408  1.44513  0.161992  0.0915556
20.4408  1.47655  0.0613669  0.102265
20.4408  1.50796  0.134863  0.119886
20.4408  1.53938  0.0659814  0.100039
20.4408  1.5708  0.0740029  0.102755
20.4408  1.60221  0.142046  0.131653
20.4408  1.63363  0.0507519  0.0955896
20.4408  1.66504  0.056481  0.0998598
20.4408  1.69646  0.0691411  0.113346
20.4408  1.72788  0.0409443  0.0415078
20.4408  1.75929  0.0830058  0.124483
20.4408  1.79071  0.0464355  0.0471766
20.4408  1.82212  0.0767247  0.126375
20.4408  1.85354  0.0580706  0.0618721
20.4408  1.88496  0.060855  0.110631
20.4408  1.91637  0.0672885  0.0887007
20.4408  1.94779  0.0679721  0.113484
20.4408  1.9792  0.0467836  0.0391774
20.4408  2.01062  0.0595212  0.0516152
20.4408  2.04204  0.0409395  0.0254537
20.4408  2.07345  0.174107  0.168715
20.4408  2.10487  0.0657939  0.11106
20.4408  2.13628  0.0575068  0.0594044
20.4408  2.1677  0.0831547  0.124959
20.4408  2.19911  0.162378  0.144459
20.4408  2.23053  0.0834642  0.179627
20.4408  2.26195  0.0761648  0.130006
20.4408  2.29336  0.08229  0.130471
20.4408  2.32478  0.153364  0.151372
20.4408  2.35619  0  0
20.4408  2.38761  0  0
20.4408  2.41903  0  0
20.4408  2.45044  0  0
20.4408  2.48186  0  0
20.4408  2.51327  0  0
20.4408  2.54469  0  0
20.4408  2.57611  0  0
20.4408  2.60752  0  0
20.4408  2.63894  0  0
20.4408  2.67035  0  0
20.4408  2.70177  0  0
20.4408  2.73319  0  0
20.4408  2.7646  0  0
20.4408  2.79602  0  0
20.4408  2.82743  0  0
20.4408  2.85885  0  0
20.4408  2.89027  0  0
20.4408  2.92168  0  0
20.4408  2.9531  0  0
20.4408  2.98451  0  0
20.4408  3.01593  0  0
20.4408  3.04734  0  0
20.4408  3.07876  0  0
20.4408  3.11018  0  0
20.5789  0  0  0
20.5789  0.0314159  0  0
20.5789  0.0628319  0  0
20.5789  0.0942478  0  0
20.5789  0.125664  0  0
20.5789  0.15708  0  0
20.5789  0.188496  0  0
20.5789  0.219911  0  0
20.5789  0.251327  0  0
20.5789  0.282743  0  0
20.5789  0.314159  0  0
20.5789  0.345575  0  0
20.5789  0.376991  0  0
20.5789  0.408407  0  0
20.5789  0.439823  0  0
20.5789  0.471239  0  0
20.5789  0.502655  0  0
20.5789  0.534071  0  0
20.5789  0.565487  0  0
20.5789  0.596903  0  0
20.5789  0.628319  0  0
20.5789  0.659734  0  0
20.5789  0.69115  0  0
20.5789  0.722566  0  0
20.5789  0.753982  0.149338  0.0925033
20.5789  0.785398  0.0925823  0.154832
20.5789  0.816814  0.0520143  0.0436561
20.5789  0.84823  0.103555  0.138239
20.5789  0.879646  0.0754977  0.128329
20.5789  0.911062  0.0513322  0.0467351
20.5789  0.942478  0.0579621  0.0487851
20.5789  0.973894  0.0850286  0.130419
20.5789  1.00531  0.0698302  0.12008
20.5789  1.03673  0.0672581  0.11247
20.5789  1.06814  0.0741672  0.115593
20.5789  1.09956  0.0546789  0.0502899
20.5789  1.13097  0.0585875  0.0599922
20.5789  1.16239  0.12562  0.106268
20.5789  1.19381  0.0583042  0.104724
20.5789  1.22522  0.0634405  0.105612
20.5789  1.25664  0.0533635  0.0458762
20.5789  1.28805  0.161375  0.0818183
20.5789  1.31947  0.101434  0.11112
20.5789  1.35088  0.0764239  0.125402
20.5789  1.3823  0.14305  0.106959
20.5789  1.41372  0.0812339  0.0890062
20.5789  1.44513  0.0966333  0.0963571
20.5789  1.47655  0.0726412  0.0976764
20.5789  1.50796  0.0611904  0.0592753
20.5789  1.53938  0.069932  0.0959019
20.5789  1.5708  0.0954588  0.0799885
20.5789  1.60221  0.0488595  0.0560474
20.5789  1.63363  0.0719397  0.110107
20.5789  1.66504  0.169998  0.0859312
20.5789  1.69646  0.184669  0.181629
20.5789  1.72788  0.0564177  0.102768
20.5789  1.75929  0.0892314  0.0900479
20.5789  1.79071  0.0926733  0.0979998
20.5789  1.82212  0.148053  0.0790195
20.5789  1.85354  0.0630635  0.112156
20.5789  1.88496  0.101228  0.100139
20.5789  1.91637  0.0583381  0.0641795
20.5789  1.94779  0.0865761  0.102588
20.5789  1.9792  0.0595037  0.0924777
20.5789  2.01062  0.0809108  0.0980043
20.5789  2.04204  0.0682253  0.112546
20.5789  2.07345  0.0799724  0.084334
20.5789  2.10487  0.302033  0.155966
20.5789  2.13628  0.0577397  0.0550652
20.5789  2.1677  0.0415791  0.0271878
20.5789  2.19911  0.0542154  0.0506353
20.5789  2.23053  0.0930807  0.123154
20.5789  2.26195  0.199018  0.177828
20.5789  2.29336  0.0873358  0.094868
20.5789  2.32478  0.164541  0.123885
20.5789  2.35619  0.19877  0.101847
20.5789  2.38761  0  0
20.5789  2.41903  0  0
20.5789  2.45044  0  0
20.5789  2.48186  0  0
20.5789  2.51327  0  0
20.5789  2.54469  0  0
20.5789  2.57611  0  0
20.5789  2.60752  0  0
20.5789  2.63894  0  0
20.5789  2.67035  0  0
20.5789  2.70177  0  0
20.5789  2.73319  0  0
20.5789  2.7646  0  0
20.5789  2.79602  0  0
20.5789  2.82743  0  0
20.5789  2.85885  0  0
20.5789  2.89027  0  0
20.5789  2.92168  0  0
20.5789  2.9531  0  0
20.5789  2.98451  0  0
20.5789  3.01593  0  0
20.5789  3.04734  0  0
20.5789  3.07876  0  0
20.5789  3.11018  0  0
20.7171  0  0  0
20.7171  0.0314159  0  0
20.7171  0.0628319  0  0
20.7171  0.0942478  0  0
20.7171  0.125664  0  0
20.7171  0.15708  0  0
20.7171  0.188496  0  0
20.7171  0.219911  0  0
20.7171  0.251327  0  0
20.7171  0.282743  0  0
20.7171  0.314159  0  0
20.7171  0.345575  0  0
20.7171  0.376991  0  0
20.7171  0.408407  0  0
20.7171  0.439823  0  0
20.7171  0.471239  0  0
20.7171  0.502655  0  0
20.7171  0.534071  0  0
20.7171  0.565487  0  0
20.7171  0.596903  0  0
20.7171  0.628319  0  0
20.7171  0.659734  0  0
20.7171  0.69115  0  0
20.7171  0.722566  0  0
20.7171  0.753982  0.237034  0.123848
20.7171  0.785398  0.0660612  0.0704738
20.7171  0.816814  0.0905101  0.100157
20.7171  0.84823  0.0474124  0.0433799
20.7171  0.879646  0.0835339  0.124432
20.7171  0.911062  0.0769007  0.12894
20.7171  0.942478  0.193643  0.190344
20.7171  0.973894  0.100619  0.116863
20.7171  1.00531  0.0791347  0.1171
20.7171  1.03673  0.0655256  0.102175
20.7171  1.06814  0.191808  0.138369
20.7171  1.09956  0.0709015  0.0978967
20.7171  1.13097  0.099167  0.116645
20.7171  1.16239  0.0704696  0.120913
20.7171  1.19381  0.0850564  0.101038
20.7171  1.22522  0.0563572  0.0618365
20.7171  1.25664  0.0701761  0.111589
20.7171  1.28805  0.0624188  0.0580269
20.7171  1.31947  0.073403  0.111029
20.7171  1.35088  0.0925357  0.0926179
20.7171  1.3823  0.0653809  0.115876
20.7171  1.41372  0.100671  0.121685
20.7171  1.44513  0.0933209  0.137392
20.7171  1.47655  0.0997229  0.0945086
20.7171  1.50796  0.11255  0.119974
20.7171  1.53938  0.0768206  0.121951
20.7171  1.5708  0.112657  0.0925931
20.7171  1.60221  0.0451327  0.0471665
20.7171  1.63363  0.1531  0.134829
20.7171  1.66504  0.0643344  0.0916
20.7171  1.69646  0.0407465  0.0371314
20.7171  1.72788  0.0513492  0.0565995
20.7171  1.75929  0.0744555  0.119027
20.7171  1.79071  0.0671534  0.10053
20.7171  1.82212  0.0914637  0.0996663
20.7171  1.85354  0.0617864  0.117704
20.7171  1.88496  0.0779461  0.112998
20.7171  1.91637  0.170688  0.169992
20.7171  1.94779  0.0570427  0.0547709
20.7171  1.9792  0.0899848  0.137958
20.7171  2.01062  0.0738683  0.124286
20.7171  2.04204  0.0789258  0.126841
20.7171  2.07345  0.0627894  0.0680538
20.7171  2.10487  0.0753088  0.121322
20.7171  2.13628  0.0495299  0.044401
20.7171  2.1677  0.0993887  0.117836
20.7171  2.19911  0.0597785  0.10325
20.7171  2.23053  0.0658103  0.104454
20.7171  2.26195  0.0895905  0.139435
20.7171  2.29336  0.112562  0.145396
20.7171  2.32478  0.180175  0.132292
20.7171  2.35619  0.194493  0.164266
20.7171  2.38761  0  0
20.7171  2.41903  0  0
20.7171  2.45044  0  0
20.7171  2.48186  0  0
20.7171  2.51327  0  0
20.7171  2.54469  0  0
20.7171  2.57611  0  0
20.7171  2.60752  0  0
20.7171  2.63894  0  0
20.7171  2.67035  0  0
20.7171  2.70177  0  0
20.7171  2.73319  0  0
20.7171  2.7646  0  0
20.7171  2.79602  0  0
20.7171  2.82743  0  0
20.7171  2.85885  0  0
20.7171  2.89027  0  0
20.7171  2.92168  0  0
20.7171  2.9531  0  0
20.7171  2.98451  0  0
20.7171  3.01593  0  0
20.7171  3.04734  0  0
20.7171  3.07876  0  0
20.7171  3.11018  0  0
20.8553  0  0  0
20.8553  0.0314159  0  0
20.8553  0.0628319  0  0
20.8553  0.0942478  0  0
20.8553  0.125664  0  0
20.8553  0.15708  0  0
20.8553  0.188496  0  0
20.8553  0.219911  0  0
20.8553  0.251327  0  0
20.8553  0.282743  0  0
20.8553  0.314159  0  0
20.8553  0.345575  0  0
20.8553  0.376991  0  0
20.8553  0.408407  0  0
20.8553  0.439823  0  0
20.8553  0.471239  0  0
20.8553  0.502655  0  0
20.8553  0.534071  0  0
20.8553  0.565487  0  0
20.8553  0.596903  0  0
20.8553  0.628319  0  0
20.8553  0.659734  0  0
20.8553  0.69115  0  0
20.8553  0.722566  0  0
20.8553  0.753982  0.0900433  0.106567
20.8553  0.785398  0.0821045  0.128931
20.8553  0.816814  0.096116  0.119662
20.8553  0.84823  0.0718047  0.0713894
20.8553  0.879646  0.0827293  0.132122
20.8553  0.911062  0.0750691  0.131542
20.8553  0.942478  0.0654458  0.121099
20.8553  0.973894  0.0446319  0.0284118
20.8553  1.00531  0.0739647  0.120557
20.8553  1.03673  0.064206  0.0650057
20.8553  1.06814  0.108554  0.0929904
20.8553  1.09956  0.0758144  0.130445
20.8553  1.13097  0.0725056  0.128
20.8553  1.16239  0.093644  0.126498
20.8553  1.19381  0.0581439  0.0585253
20.8553  1.22522  0.0678972  0.109275
20.8553  1.25664  0.112915  0.0950303
20.8553  1.28805  0.065127  0.10284
20.8553  1.31947  0.0859485  0.091099
20.8553  1.35088  0.0399783  0.0250009
20.8553  1.3823  0.0932961  0.107453
20.8553  1.41372  0.0508038  0.0552278
20.8553  1.44513  0.0528637  0.0528638
20.8553  1.47655  0.04325  0.0451851
20.8553  1.50796  0.0678662  0.115874
20.8553  1.53938  0.0696895  0.115028
20.8553  1.5708  0.0788673  0.111492
20.8553  1.60221  0.0875534  0.104064
20.8553  1.63363  0.0805696  0.109253
20.8553  1.66504  0.0874603  0.0797112
20.8553  1.69646  0.081183  0.114539
20.8553  1.72788  0.0610137  0.104732
20.8553  1.75929  0.133128  0.0971499
20.8553  1.79071  0.138996  0.128311
20.8553  1.82212  0.0740206  0.112339
20.8553  1.85354  0.069693  0.117703
20.8553  1.88496  0.0931018  0.106288
20.8553  1.91637  0.0761687  0.101752
20.8553  1.94779  0.0792478  0.098807
20.8553  1.9792  0.0918801  0.153363
20.8553  2.01062  0.0561934  0.0572773
20.8553  2.04204  0.121  0.154969
20.8553  2.07345  0.0713802  0.119973
20.8553  2.10487  0.0692604  0.10996
20.8553  2.13628  0.095839  0.106914
20.8553  2.1677  0.0926027  0.10052
20.8553  2.19911  0.0954383  0.0805307
20.8553  2.23053  0.0694455  0.066558
20.8553  2.26195  0.0720983  0.12087
20.8553  2.29336  0.0550345  0.0530553
20.8553  2.32478  0.0810982  0.132433
20.8553  2.35619  0.103454  0.127833
20.8553  2.38761  0.0779019  0.0738088
20.8553  2.41903  0  0
20.8553  2.45044  0  0
20.8553  2.48186  0  0
20.8553  2.51327  0  0
20.8553  2.54469  0  0
20.8553  2.57611  0  0
20.8553  2.60752  0  0
20.8553  2.63894  0  0
20.8553  2.67035  0  0
20.8553  2.70177  0  0
20.8553  2.73319  0  0
20.8553  2.7646  0  0
20.8553  2.79602  0  0
20.8553  2.82743  0  0
20.8553  2.85885  0  0
20.8553  2.89027  0  0
20.8553  2.92168  0  0
20.8553  2.9531  0  0
20.8553  2.98451  0  0
20.8553  3.01593  0  0
20.8553  3.04734  0  0
20.8553  3.07876  0  0
20.8553  3.11018  0  0
20.9934  0  0  0
20.9934  0.0314159  0  0
20.9934  0.0628319  0  0
20.9934  0.0942478  0  0
20.9934  0.125664  0  0
20.9934  0.15708  0  0
20.9934  0.188496  0  0
20.9934  0.219911  0  0
20.9934  0.251327  0  0
20.9934  0.282743  0  0
20.9934  0.314159  0  0
20.9934  0.345575  0  0
20.9934  0.376991  0  0
20.9934  0.408407  0  0
20.9934  0.439823  0  0
20.9934  0.471239  0  0
20.9934  0.502655  0  0
20.9934  0.534071  0  0
20.9934  0.565487  0  0
20.9934  0.596903  0  0
20.9934  0.628319  0  0
20.9934  0.659734  0.258759  1.70226
20.9934  0.69115  0  0
20.9934  0.722566  0.28024  0.237173
20.9934  0.753982  0.140917  0.118147
20.9934  0.785398  0.0840731  0.144016
20.9934  0.816814  0.0796656  0.128166
20.9934  0.84823  0.0726423  0.124469
20.9934  0.879646  0.0792808  0.13969
20.9934  0.911062  0.0638543  0.0636414
20.9934  0.942478  0.0862447  0.0951266
20.9934  0.973894  0.0840604  0.0918818
20.9934  1.00531  0.0505874  0.0446846
20.9934  1.03673  0.0707888  0.121063
20.9934  1.06814  0.0517366  0.0392446
20.9934  1.09956  0.0567527  0.0619974
20.9934  1.13097  0.0514393  0.0537548
20.9934  1.16239  0.0894398  0.123571
20.9934  1.19381  0.0817419  0.107678
20.9934  1.22522  0.0598225  0.106971
20.9934  1.25664  0.0762834  0.123449
20.9934  1.28805  0.0810055  0.0784029
20.9934  1.31947  0.157568  0.0840003
20.9934  1.35088  0.124893  0.104587
20.9934  1.3823  0.140867  0.14046
20.9934  1.41372  0.0616197  0.109166
20.9934  1.44513  0.100032  0.0935157
20.9934  1.47655  0.132698  0.0924459
20.9934  1.50796  0.168948  0.131995
20.9934  1.53938  0.0834974  0.0897254
20.9934  1.5708  0.0816284  0.0941618
20.9934  1.60221  0.0366883  0.0246186
20.9934  1.63363  0.167427  0.166803
20.9934  1.66504  0.0925677  0.0878866
20.9934  1.69646  0.0389443  0.0374108
20.9934  1.72788  0.132558  0.0906002
20.9934  1.75929  0.0598475  0.0993701
20.9934  1.79071  0.0655692  0.110153
20.9934  1.82212  0.0582917  0.102756
20.9934  1.85354  0.0487725  0.0426283
20.9934  1.88496  0.102932  0.111335
20.9934  1.91637  0.106064  0.109091
20.9934  1.94779  0.0643055  0.117472
20.9934  1.9792  0.086653  0.107821
20.9934  2.01062  0.0480771  0.0348834
20.9934  2.04204  0.061396  0.0635449
20.9934  2.07345  0.0668716  0.117436
20.9934  2.10487  0.0644488  0.0683167
20.9934  2.13628  0.0449346  0.0395958
20.9934  2.1677  0.0806917  0.130891
20.9934  2.19911  0.0765325  0.120354
20.9934  2.23053  0.0623986  0.0619692
20.9934  2.26195  0.0710708  0.12217
20.9934  2.29336  0.0774381  0.130602
20.9934  2.32478  0.118892  0.160277
20.9934  2.35619  0.0857847  0.104449
20.9934  2.38761  0.280677  0.154339
20.9934  2.41903  0  0
20.9934  2.45044  0  0
20.9934  2.48186  0  0
20.9934  2.51327  0  0
20.9934  2.54469  0  0
20.9934  2.57611  0  0
20.9934  2.60752  0  0
20.9934  2.63894  0  0
20.9934  2.67035  0  0
20.9934  2.70177  0  0
20.9934  2.73319  0  0
20.9934  2.7646  0  0
20.9934  2.79602  0  0
20.9934  2.82743  0  0
20.9934  2.85885  0  0
20.9934  2.89027  0  0
20.9934  2.92168  0  0
20.9934  2.9531  0  0
20.9934  2.98451  0  0
20.9934  3.01593  0  0
20.9934  3.04734  0  0
20.9934  3.07876  0  0
20.9934  3.11018  0  0
21.1316  0  0  0
21.1316  0.0314159  0  0
21.1316  0.0628319  0  0
21.1316  0.0942478  0  0
21.1316  0.125664  0  0
21.1316  0.15708  0  0
21.1316  0.188496  0  0
21.1316  0.219911  0  0
21.1316  0.251327  0  0
21.1316  0.282743  0  0
21.1316  0.314159  0  0
21.1316  0.345575  0  0
21.1316  0.376991  0  0
21.1316  0.408407  0  0
21.1316  0.439823  0  0
21.1316  0.471239  0  0
21.1316  0.502655  0  0
21.1316  0.534071  0  0
21.1316  0.565487  0  0
21.1316  0.596903  0  0
21.1316  0.628319  0  0
21.1316  0.659734  0  0
21.1316  0.69115  0  0
21.1316  0.722566  0.134012  0.125325
21.1316  0.753982  0.0815364  0.0789335
21.1316  0.785398  0.0621699  0.0618325
21.1316  0.816814  0.11785  0.156891
21.1316  0.84823  0.0555546  0.0397228
21.1316  0.879646  0.0717066  0.12662
21.1316  0.911062  0.0826816  0.127843
21.1316  0.942478  0.0601118  0.0467387
21.1316  0.973894  0.0605571  0.0518809
21.1316  1.00531  0.209952  0.120092
21.1316  1.03673  0.0987254  0.124802
21.1316  1.06814  0.0806575  0.120403
21.1316  1.09956  0.0861842  0.123266
21.1316  1.13097  0.0813394  0.11963
21.1316  1.16239  0.171526  0.10302
21.1316  1.19381  0.0796804  0.0911659
21.1316  1.22522  0.054058  0.0589849
21.1316  1.25664  0.0675445  0.115089
21.1316  1.28805  0.0591929  0.107414
21.1316  1.31947  0.0487879  0.047825
21.1316  1.35088  0.0755351  0.102486
21.1316  1.3823  0.0415217  0.0390677
21.1316  1.41372  0.0601495  0.0991441
21.1316  1.44513  0.174074  0.144713
21.1316  1.47655  0.0562419  0.0581826
21.1316  1.50796  0.0504895  0.0566621
21.1316  1.53938  0.0741962  0.118768
21.1316  1.5708  0.0672712  0.110588
21.1316  1.60221  0.070579  0.0965519
21.1316  1.63363  0.089361  0.0953655
21.1316  1.66504  0.0444382  0.044226
21.1316  1.69646  0.0677713  0.104095
21.1316  1.72788  0.0638981  0.106831
21.1316  1.75929  0.0661892  0.0914008
21.1316  1.79071  0.116099  0.0930924
21.1316  1.82212  0.0858722  0.127066
21.1316  1.85354  0.0671318  0.110512
21.1316  1.88496  0.0553089  0.0590501
21.1316  1.91637  0.070554  0.121562
21.1316  1.94779  0.0851485  0.107634
21.1316  1.9792  0.0878396  0.114897
21.1316  2.01062  0.0748782  0.122834
21.1316  2.04204  0.107675  0.110389
21.1316  2.07345  0.0799285  0.135825
21.1316  2.10487  0.0543019  0.0492036
21.1316  2.13628  0.0669791  0.118335
21.1316  2.1677  0.140593  0.111281
21.1316  2.19911  0.0846198  0.136249
21.1316  2.23053  0.100949  0.130537
21.1316  2.26195  0.0974624  0.0988056
21.1316  2.29336  0.103717  0.0854416
21.1316  2.32478  0.0981721  0.160635
21.1316  2.35619  0.115607  0.117021
21.1316  2.38761  0.0529977  0.0358217
21.1316  2.41903  0  0
21.1316  2.45044  0.258759  1.70226
21.1316  2.48186  0  0
21.1316  2.51327  0  0
21.1316  2.54469  0  0
21.1316  2.57611  0  0
21.1316  2.60752  0  0
21.1316  2.63894  0  0
21.1316  2.67035  0  0
21.1316  2.70177  0  0
21.1316  2.73319  0  0
21.1316  2.7646  0  0
21.1316  2.79602  0  0
21.1316  2.82743  0  0
21.1316  2.85885  0  0
21.1316  2.89027  0  0
21.1316  2.92168  0  0
21.1316  2.9531  0  0
21.1316  2.98451  0  0
21.1316  3.01593  0  0
21.1316  3.04734  0  0
21.1316  3.07876  0  0
21.1316  3.11018  0  0
21.2697  0  0  0
21.2697  0.0314159  0  0
21.2697  0.0628319  0  0
21.2697  0.0942478  0  0
21.2697  0.125664  0  0
21.2697  0.15708  0  0
21.2697  0.188496  0  0
21.2697  0.219911  0  0
21.2697  0.251327  0  0
21.2697  0.282743  0  0
21.2697  0.314159  0  0
21.2697  0.345575  0  0
21.2697  0.376991  0  0
21.2697  0.408407  0  0
21.2697  0.439823  0  0
21.2697  0.471239  0  0
21.2697  0.502655  0  0
21.2697  0.534071  0  0
21.2697  0.565487  0  0
21.2697  0.596903  0  0
21.2697  0.628319  0  0
21.2697  0.659734  0  0
21.2697  0.69115  0.258759  1.70226
21.2697  0.722566  0.170849  0.105412
21.2697  0.753982  0.0743625  0.13503
21.2697  0.785398  0.0627265  0.0559543
21.2697  0.816814  0.192249  0.191518
21.2697  0.84823  0.0595412  0.0482019
21.2697  0.879646  0.0678473  0.0652056
21.2697  0.911062  0.053626  0.0408767
21.2697  0.942478  0.0931586  0.142475
21.2697  0.973894  0.0692193  0.0656329
21.2697  1.00531  0.0671854  0.115775
21.2697  1.03673  0.0577421  0.10496
21.2697  1.06814  0.0680136  0.115274
21.2697  1.09956  0.067354  0.111298
21.2697  1.13097  0.0667389  0.113414
21.2697  1.16239  0.0667293  0.108177
21.2697  1.19381  0.0570378  0.103942
21.2697  1.22522  0.0459944  0.0436135
21.2697  1.25664  0.0648319  0.120657
21.2697  1.28805  0.0847404  0.102694
21.2697  1.31947  0.0779901  0.121564
21.2697  1.35088  0.121894  0.0947443
21.2697  1.3823  0.0512167  0.0544825
21.2697  1.41372  0.106539  0.115506
21.2697  1.44513  0.0687078  0.121426
21.2697  1.47655  0.121234  0.103274
21.2697  1.50796  0.0684868  0.115458
21.2697  1.53938  0.0821893  0.103924
21.2697  1.5708  0.0621794  0.108958
21.2697  1.60221  0.07378  0.106696
21.2697  1.63363  0.0625723  0.10589
21.2697  1.66504  0.0812241  0.0939258
21.2697  1.69646  0.0500387  0.0504721
21.2697  1.72788  0.102776  0.0695276
21.2697  1.75929  0.0626013  0.0942311
21.2697  1.79071  0.0663534  0.111459
21.2697  1.82212  0.0522722  0.0585777
21.2697  1.85354  0.0661208  0.117366
21.2697  1.88496  0.0881857  0.084894
21.2697  1.91637  0.0492158  0.0935306
21.2697  1.94779  0.141421  0.158192
21.2697  1.9792  0.0500846  0.0541613
21.2697  2.01062  0.0724346  0.116046
21.2697  2.04204  0.0591359  0.107966
21.2697  2.07345  0.0583115  0.0595543
21.2697  2.10487  0.0676082  0.103816
21.2697  2.13628  0.0877152  0.129275
21.2697  2.1677  0.0592278  0.0479937
21.2697  2.19911  0.0523353  0.0475808
21.2697  2.23053  0.101659  0.109495
21.2697  2.26195  0.133763  0.156483
21.2697  2.29336  0.114861  0.120761
21.2697  2.32478  0.128444  0.12237
21.2697  2.35619  0.107162  0.0971303
21.2697  2.38761  0.0580954  0.0680831
21.2697  2.41903  0  0
21.2697  2.45044  0  0
21.2697  2.48186  0  0
21.2697  2.51327  0.25876  1.70223
21.2697  2.54469  0  0
21.2697  2.57611  0  0
21.2697  2.60752  0  0
21.2697  2.63894  0  0
21.2697  2.67035  0  0
21.2697  2.70177  0  0
21.2697  2.73319  0  0
21.2697  2.7646  0  0
21.2697  2.79602  0  0
21.2697  2.82743  0  0
21.2697  2.85885  0  0
21.2697  2.89027  0  0
21.2697  2.92168  0  0
21.2697  2.9531  0  0
21.2697  2.98451  0  0
21.2697  3.01593  0  0
21.2697  3.04734  0  0
21.2697  3.07876  0  0
21.2697  3.11018  0  0
21.4079  0  0  0
21.4079  0.0314159  0  0
21.4079  0.0628319  0  0
21.4079  0.0942478  0  0
21.4079  0.125664  0  0
21.4079  0.15708  0  0
21.4079  0.188496  0  0
21.4079  0.219911  0  0
21.4079  0.251327  0  0
21.4079  0.282743  0  0
21.4079  0.314159  0  0
21.4079  0.345575  0  0
21.4079  0.376991  0  0
21.4079  0.408407  0  0
21.4079  0.439823  0  0
21.4079  0.471239  0  0
21.4079  0.502655  0  0
21.4079  0.534071  0  0
21.4079  0.565487  0  0
21.4079  0.596903  0  0
21.4079  0.628319  0  0
21.4079  0.659734  0  0
21.4079  0.69115  0.0272356  0.199851
21.4079  0.722566  0.229984  0.181636
21.4079  0.753982  0.109815  0.159799
21.4079  0.785398  0.0563832  0.0573739
21.4079  0.816814  0.100425  0.149788
21.4079  0.84823  0.0729929  0.0709993
21.4079  0.879646  0.0957957  0.134147
21.4079  0.911062  0.0687847  0.104412
21.4079  0.942478  0.215826  0.108042
21.4079  0.973894  0.0963941  0.117638
21.4079  1.00531  0.0527659  0.0525521
21.4079  1.03673  0.165982  0.163279
21.4079  1.06814  0.0725989  0.113013
21.4079  1.09956  0.0638639  0.113802
21.4079  1.13097  0.058437  0.104376
21.4079  1.16239  0.0570516  0.0606014
21.4079  1.19381  0.0690802  0.117014
21.4079  1.22522  0.059454  0.110024
21.4079  1.25664  0.0595057  0.10681
21.4079  1.28805  0.051692  0.0513962
21.4079  1.31947  0.126155  0.108361
21.4079  1.35088  0.0553901  0.0980414
21.4079  1.3823  0.0716937  0.108612
21.4079  1.41372  0.078332  0.0782559
21.4079  1.44513  0.0991542  0.0910134
21.4079  1.47655  0.0912562  0.0960207
21.4079  1.50796  0.0766222  0.122156
21.4079  1.53938  0.0807999  0.121869
21.4079  1.5708  0.0467317  0.0902898
21.4079  1.60221  0.0561763  0.101343
21.4079  1.63363  0.0529305  0.0937428
21.4079  1.66504  0.0971015  0.0856295
21.4079  1.69646  0.0915833  0.0916466
21.4079  1.72788  0.179847  0.101557
21.4079  1.75929  0.0488902  0.0467962
21.4079  1.79071  0.0888535  0.103779
21.4079  1.82212  0.0871305  0.102401
21.4079  1.85354  0.0474267  0.0428212
21.4079  1.88496  0.0458444  0.0349882
21.4079  1.91637  0.187107  0.130768
21.4079  1.94779  0.0530132  0.053711
21.4079  1.9792  0.0988822  0.115053
21.4079  2.01062  0.114823  0.120878
21.4079  2.04204  0.066651  0.109871
21.4079  2.07345  0.0575409  0.0608908
21.4079  2.10487  0.0727412  0.125292
21.4079  2.13628  0.0624281  0.0585701
21.4079  2.1677  0.0467017  0.0391474
21.4079  2.19911  0.0776493  0.122791
21.4079  2.23053  0.144362  0.17903
21.4079  2.26195  0.069182  0.115866
21.4079  2.29336  0.0669256  0.117483
21.4079  2.32478  0.0949598  0.139226
21.4079  2.35619  0.0952535  0.0982024
21.4079  2.38761  0.0993176  0.117051
21.4079  2.41903  0.455597  0.449177
21.4079  2.45044  0  0
21.4079  2.48186  0  0
21.4079  2.51327  0  0
21.4079  2.54469  0  0
21.4079  2.57611  0  0
21.4079  2.60752  0  0
21.4079  2.63894  0  0
21.4079  2.67035  0  0
21.4079  2.70177  0  0
21.4079  2.73319  0  0
21.4079  2.7646  0  0
21.4079  2.79602  0  0
21.4079  2.82743  0  0
21.4079  2.85885  0  0
21.4079  2.89027  0  0
21.4079  2.92168  0  0
21.4079  2.9531  0  0
21.4079  2.98451  0  0
21.4079  3.01593  0  0
21.4079  3.04734  0  0
21.4079  3.07876  0  0
21.4079  3.11018  0  0
21.5461  0  0  0
21.5461  0.0314159  0  0
21.5461  0.0628319  0  0
21.5461  0.0942478  0  0
21.5461  0.125664  0  0
21.5461  0.15708  0  0
21.5461  0.188496  0  0
21.5461  0.219911  0  0
21.5461  0.251327  0  0
21.5461  0.282743  0  0
21.5461  0.314159  0  0
21.5461  0.345575  0  0
21.5461  0.376991  0  0
21.5461  0.408407  0  0
21.5461  0.439823  0  0
21.5461  0.471239  0  0
21.5461  0.502655  0  0
21.5461  0.534071  0  0
21.5461  0.565487  0  0
21.5461  0.596903  0  0
21.5461  0.628319  0  0
21.5461  0.659734  0  0
21.5461  0.69115  0.176697  0.143627
21.5461  0.722566  0.137961  0.139022
21.5461  0.753982  0.0590494  0.109271
21.5461  0.785398  0.0971285  0.118487
21.5461  0.816814  0.0941509  0.118136
21.5461  0.84823  0.0876882  0.143881
21.5461  0.879646  0.0709222  0.113269
21.5461  0.911062  0.0634434  0.050105
21.5461  0.942478  0.0766746  0.13331
21.5461  0.973894  0.0825551  0.123865
21.5461  1.00531  0.0869102  0.122517
21.5461  1.03673  0.0924359  0.118961
21.5461  1.06814  0.0819526  0.130886
21.5461  1.09956  0.0658793  0.115641
21.5461  1.13097  0.143286  0.124487
21.5461  1.16239  0.155633  0.12162
21.5461  1.19381  0.110124  0.106899
21.5461  1.22522  0.139852  0.0744541
21.5461  1.25664  0.0645893  0.112811
21.5461  1.28805  0.0501636  0.0897361
21.5461  1.31947  0.0512463  0.0505124
21.5461  1.35088  0.0769988  0.0749178
21.5461  1.3823  0.0635485  0.115234
21.5461  1.41372  0.037039  0.0296281
21.5461  1.44513  0.0714659  0.112546
21.5461  1.47655  0.0628153  0.112027
21.5461  1.50796  0.0782996  0.115945
21.5461  1.53938  0.05337  0.0526878
21.5461  1.5708  0.156721  0.146276
21.5461  1.60221  0.0593347  0.0581545
21.5461  1.63363  0.148628  0.132549
21.5461  1.66504  0.0682267  0.109741
21.5461  1.69646  0.0454033  0.0389225
21.5461  1.72788  0.0824622  0.102414
21.5461  1.75929  0.103438  0.0828169
21.5461  1.79071  0.0458462  0.0358372
21.5461  1.82212  0.144928  0.118386
21.5461  1.85354  0.0888402  0.100418
21.5461  1.88496  0.106747  0.113053
21.5461  1.91637  0.166958  0.0836744
21.5461  1.94779  0.0792301  0.0927651
21.5461  1.9792  0.0587906  0.0556271
21.5461  2.01062  0.0484473  0.0446514
21.5461  2.04204  0.0554405  0.0519007
21.5461  2.07345  0.189403  0.177743
21.5461  2.10487  0.0676346  0.119548
21.5461  2.13628  0.08247  0.13721
21.5461  2.1677  0.0534816  0.0447125
21.5461  2.19911  0.0934706  0.12374
21.5461  2.23053  0.14896  0.11787
21.5461  2.26195  0.102124  0.148065
21.5461  2.29336  0.0762043  0.121443
21.5461  2.32478  0.184931  0.13222
21.5461  2.35619  0.0707562  0.124906
21.5461  2.38761  0.0912647  0.142608
21.5461  2.41903  0.205919  0.113893
21.5461  2.45044  0  0
21.5461  2.48186  0  0
21.5461  2.51327  0  0
21.5461  2.54469  0  0
21.5461  2.57611  0  0
21.5461  2.60752  0  0
21.5461  2.63894  0  0
21.5461  2.67035  0  0
21.5461  2.70177  0  0
21.5461  2.73319  0  0
21.5461  2.7646  0  0
21.5461  2.79602  0  0
21.5461  2.82743  0  0
21.5461  2.85885  0  0
21.5461  2.89027  0  0
21.5461  2.92168  0  0
21.5461  2.9531  0  0
21.5461  2.98451  0  0
21.5461  3.01593  0  0
21.5461  3.04734  0  0
21.5461  3.07876  0  0
21.5461  3.11018  0  0
21.6842  0  0  0
21.6842  0.0314159  0  0
21.6842  0.0628319  0  0
21.6842  0.0942478  0  0
21.6842  0.125664  0  0
21.6842  0.15708  0  0
21.6842  0.188496  0  0
21.6842  0.219911  0  0
21.6842  0.251327  0  0
21.6842  0.282743  0  0
21.6842  0.314159  0  0
21.6842  0.345575  0  0
21.6842  0.376991  0  0
21.6842  0.408407  0  0
21.6842  0.439823  0  0
21.6842  0.471239  0  0
21.6842  0.502655  0  0
21.6842  0.534071  0  0
21.6842  0.565487  0  0
21.6842  0.596903  0  0
21.6842  0.628319  0  0
21.6842  0.659734  0  0
21.6842  0.69115  0.0926728  0.133717
21.6842  0.722566  0.0912227  0.132991
21.6842  0.753982  0.1109  0.130972
21.6842  0.785398  0.0683465  0.126461
21.6842  0.816814  0.0893824  0.134787
21.6842  0.84823  0.0641402  0.0691521
21.6842  0.879646  0.171842  0.100283
21.6842  0.911062  0.0498014  0.0376025
21.6842  0.942478  0.0517293  0.0517981
21.6842  0.973894  0.0702194  0.0722387
21.6842  1.00531  0.0793414  0.134816
21.6842  1.03673  0.0492296  0.0902739
21.6842  1.06814  0.0461481  0.0421423
21.6842  1.09956  0.0746405  0.11767
21.6842  1.13097  0.0672337  0.112203
21.6842  1.16239  0.0423833  0.0275066
21.6842  1.19381  0.0545945  0.0529247
21.6842  1.22522  0.103365  0.105966
21.6842  1.25664  0.0894507  0.0851588
21.6842  1.28805  0.0638761  0.0645795
21.6842  1.31947  0.0755207  0.0724282
21.6842  1.35088  0.0796471  0.117795
21.6842  1.3823  0.0519063  0.054993
21.6842  1.41372  0.156944  0.0954402
21.6842  1.44513  0.0696951  0.115969
21.6842  1.47655  0.0510601  0.0846294
21.6842  1.50796  0.050887  0.0483455
21.6842  1.53938  0.0540988  0.0875348
21.6842  1.5708  0.0518337  0.0865631
21.6842  1.60221  0.0544888  0.0962522
21.6842  1.63363  0.071105  0.119102
21.6842  1.66504  0.0765905  0.12105
21.6842  1.69646  0.105831  0.121778
21.6842  1.72788  0.0838839  0.125648
21.6842  1.75929  0.0783738  0.109475
21.6842  1.79071  0.129254  0.0969294
21.6842  1.82212  0.0455602  0.042509
21.6842  1.85354  0.0719838  0.125976
21.6842  1.88496  0.0936575  0.135088
21.6842  1.91637  0.0911036  0.0949754
21.6842  1.94779  0.102069  0.0932007
21.6842  1.9792  0.0533371  0.0522175
21.6842  2.01062  0.0536176  0.0495765
21.6842  2.04204  0.0625234  0.110003
21.6842  2.07345  0.0731875  0.123171
21.6842  2.10487  0.0587163  0.102144
21.6842  2.13628  0.200702  0.280579
21.6842  2.1677  0.0543527  0.045725
21.6842  2.19911  0.0811604  0.137909
21.6842  2.23053  0.113821  0.129519
21.6842  2.26195  0.0699293  0.118906
21.6842  2.29336  0.0608886  0.0610743
21.6842  2.32478  0.0581109  0.048915
21.6842  2.35619  0.0813299  0.135604
21.6842  2.38761  0.211696  0.114737
21.6842  2.41903  0.296323  0.225965
21.6842  2.45044  0  0
21.6842  2.48186  0  0
21.6842  2.51327  0  0
21.6842  2.54469  0  0
21.6842  2.57611  0  0
21.6842  2.60752  0  0
21.6842  2.63894  0  0
21.6842  2.67035  0  0
21.6842  2.70177  0  0
21.6842  2.73319  0  0
21.6842  2.7646  0  0
21.6842  2.79602  0  0
21.6842  2.82743  0  0
21.6842  2.85885  0  0
21.6842  2.89027  0  0
21.6842  2.92168  0  0
21.6842  2.9531  0  0
21.6842  2.98451  0  0
21.6842  3.01593  0  0
21.6842  3.04734  0  0
21.6842  3.07876  0  0
21.6842  3.11018  0  0
21.8224  0  0  0
21.8224  0.0314159  0  0
21.8224  0.0628319  0  0
21.8224  0.0942478  0  0
21.8224  0.125664  0  0
21.8224  0.15708  0  0
21.8224  0.188496  0  0
21.8224  0.219911  0  0
21.8224  0.251327  0  0
21.8224  0.282743  0  0
21.8224  0.314159  0  0
21.8224  0.345575  0  0
21.8224  0.376991  0  0
21.8224  0.408407  0  0
21.8224  0.439823  0  0
21.8224  0.471239  0  0
21.8224  0.502655  0  0
21.8224  0.534071  0  0
21.8224  0.565487  0  0
21.8224  0.596903  0  0
21.8224  0.628319  0  0
21.8224  0.659734  0.258759  1.70226
21.8224  0.69115  0.176483  0.132868
21.8224  0.722566  0.21301  0.144738
21.8224  0.753982  0.196397  0.143636
21.8224  0.785398  0.1867  0.169513
21.8224  0.816814  0.0494747  0.0346065
21.8224  0.84823  0.0649046  0.0639791
21.8224  0.879646  0.069282  0.058633
21.8224  0.911062  0.0703727  0.0676011
21.8224  0.942478  0.123404  0.144346
21.8224  0.973894  0.145131  0.0911641
21.8224  1.00531  0.180753  0.14752
21.8224  1.03673  0.07204  0.0734526
21.8224  1.06814  0.094753  0.0913241
21.8224  1.09956  0.0631618  0.109973
21.8224  1.13097  0.0685929  0.116613
21.8224  1.16239  0.0997904  0.104755
21.8224  1.19381  0.15483  0.0970714
21.8224  1.22522  0.0877336  0.096365
21.8224  1.25664  0.0704304  0.11105
21.8224  1.28805  0.0777617  0.0792112
21.8224  1.31947  0.0769738  0.124079
21.8224  1.35088  0.0724798  0.0754676
21.8224  1.3823  0.0376323  0.0337109
21.8224  1.41372  0.184815  0.145124
21.8224  1.44513  0.0636056  0.0665847
21.8224  1.47655  0.0859056  0.113912
21.8224  1.50796  0.0688889  0.114122
21.8224  1.53938  0.173004  0.105864
21.8224  1.5708  0.0515767  0.0569185
21.8224  1.60221  0.0557347  0.047139
21.8224  1.63363  0.0576319  0.100266
21.8224  1.66504  0.042787  0.0479541
21.8224  1.69646  0.117492  0.0769015
21.8224  1.72788  0.0929669  0.100502
21.8224  1.75929  0.107822  0.0786047
21.8224  1.79071  0.0736705  0.0957376
21.8224  1.82212  0.0444949  0.0512108
21.8224  1.85354  0.052758  0.0552423
21.8224  1.88496  0.0665468  0.112236
21.8224  1.91637  0.0874545  0.0853967
21.8224  1.94779  0.0518666  0.0579896
21.8224  1.9792  0.111674  0.0973959
21.8224  2.01062  0.115072  0.103532
21.8224  2.04204  0.102722  0.121321
21.8224  2.07345  0.064512  0.107625
21.8224  2.10487  0.0514072  0.0472352
21.8224  2.13628  0.182287  0.159106
21.8224  2.1677  0.110813  0.100876
21.8224  2.19911  0.0766463  0.126046
21.8224  2.23053  0.0645702  0.0634455
21.8224  2.26195  0.0794774  0.131591
21.8224  2.29336  0.109298  0.107378
21.8224  2.32478  0.0893571  0.0941717
21.8224  2.35619  0.0751928  0.132007
21.8224  2.38761  0.0990057  0.134501
21.8224  2.41903  0.180877  0.0937666
21.8224  2.45044  0.145882  0.0740541
21.8224  2.48186  0  0
21.8224  2.51327  0  0
21.8224  2.54469  0  0
21.8224  2.57611  0  0
21.8224  2.60752  0  0
21.8224  2.63894  0  0
21.8224  2.67035  0  0
21.8224  2.70177  0  0
21.8224  2.73319  0  0
21.8224  2.7646  0  0
21.8224  2.79602  0  0
21.8224  2.82743  0  0
21.8224  2.85885  0  0
21.8224  2.89027  0  0
21.8224  2.92168  0  0
21.8224  2.9531  0  0
21.8224  2.98451  0  0
21.8224  3.01593  0  0
21.8224  3.04734  0  0
21.8224  3.07876  0  0
21.8224  3.11018  0  0
21.9605  0  0  0
21.9605  0.0314159  0  0
21.9605  0.0628319  0  0
21.9605  0.0942478  0  0
21.9605  0.125664  0  0
21.9605  0.15708  0  0
21.9605  0.188496  0  0
21.9605  0.219911  0  0
21.9605  0.251327  0  0
21.9605  0.282743  0  0
21.9605  0.314159  0  0
21.9605  0.345575  0  0
21.9605  0.376991  0  0
21.9605  0.408407  0  0
21.9605  0.439823  0  0
21.9605  0.471239  0  0
21.9605  0.502655  0  0
21.9605  0.534071  0  0
21.9605  0.565487  0  0
21.9605  0.596903  0  0
21.9605  0.628319  0  0
21.9605  0.659734  0.118138  0.112692
21.9605  0.69115  0.108023  0.104751
21.9605  0.722566  0.158802  0.0987467
21.9605  0.753982  0.101999  0.116942
21.9605  0.785398  0.0865146  0.111374
21.9605  0.816814  0.063264  0.0613051
21.9605  0.84823  0.0793061  0.131798
21.9605  0.879646  0.0599808  0.0551994
21.9605  0.911062  0.0744155  0.128319
21.9605  0.942478  0.0647088  0.0655834
21.9605  0.973894  0.0446603  0.0405512
21.9605  1.00531  0.153721  0.14116
21.9605  1.03673  0.0856175  0.1224
21.9605  1.06814  0.104539  0.108898
21.9605  1.09956  0.061394  0.0644428
21.9605  1.13097  0.052192  0.0527956
21.9605  1.16239  0.086382  0.104054
21.9605  1.19381  0.127685  0.0844922
21.9605  1.22522  0.0477656  0.0484334
21.9605  1.25664  0.104299  0.095794
21.9605  1.28805  0.101701  0.0971203
21.9605  1.31947  0.115011  0.0866379
21.9605  1.35088  0.145979  0.124159
21.9605  1.3823  0.0633413  0.0892705
21.9605  1.41372  0.127809  0.131396
21.9605  1.44513  0.063879  0.106039
21.9605  1.47655  0.112745  0.0913125
21.9605  1.50796  0.0654375  0.112739
21.9605  1.53938  0.0768765  0.112689
21.9605  1.5708  0.0598673  0.104437
21.9605  1.60221  0.0666934  0.115549
21.9605  1.63363  0.0806693  0.105671
21.9605  1.66504  0.172547  0.160649
21.9605  1.69646  0.0477  0.0420295
21.9605  1.72788  0.156247  0.13122
21.9605  1.75929  0.0707674  0.0822381
21.9605  1.79071  0.0652022  0.0999643
21.9605  1.82212  0.0811723  0.131579
21.9605  1.85354  0.0666228  0.118305
21.9605  1.88496  0.086487  0.0780021
21.9605  1.91637  0.0791459  0.110077
21.9605  1.94779  0.112933  0.106033
21.9605  1.9792  0.0735608  0.118357
21.9605  2.01062  0.0453591  0.0365667
21.9605  2.04204  0.0686899  0.11808
21.9605  2.07345  0.0466046  0.0445399
21.9605  2.10487  0.134782  0.134169
21.9605  2.13628  0.0675695  0.104138
21.9605  2.1677  0.0909267  0.129839
21.9605  2.19911  0.0552545  0.0403218
21.9605  2.23053  0.0748491  0.128984
21.9605  2.26195  0.0740581  0.116451
21.9605  2.29336  0.07319  0.117984
21.9605  2.32478  0.0954442  0.0936431
21.9605  2.35619  0.119441  0.112632
21.9605  2.38761  0.103328  0.150563
21.9605  2.41903  0.171519  0.10755
21.9605  2.45044  0.326671  0.30395
21.9605  2.48186  0  0
21.9605  2.51327  0  0
21.9605  2.54469  0  0
21.9605  2.57611  0  0
21.9605  2.60752  0  0
21.9605  2.63894  0  0
21.9605  2.67035  0  0
21.9605  2.70177  0  0
21.9605  2.73319  0  0
21.9605  2.7646  0  0
21.9605  2.79602  0  0
21.9605  2.82743  0  0
21.9605  2.85885  0  0
21.9605  2.89027  0  0
21.9605  2.92168  0  0
21.9605  2.9531  0  0
21.9605  2.98451  0  0
21.9605  3.01593  0  0
21.9605  3.04734  0  0
21.9605  3.07876  0  0
21.9605  3.11018  0  0
22.0987  0  0  0
22.0987  0.0314159  0  0
22.0987  0.0628319  0  0
22.0987  0.0942478  0  0
22.0987  0.125664  0  0
22.0987  0.15708  0  0
22.0987  0.188496  0  0
22.0987  0.219911  0  0
22.0987  0.251327  0  0
22.0987  0.282743  0  0
22.0987  0.314159  0  0
22.0987  0.345575  0  0
22.0987  0.376991  0  0
22.0987  0.408407  0  0
22.0987  0.439823  0  0
22.0987  0.471239  0  0
22.0987  0.502655  0  0
22.0987  0.534071  0  0
22.0987  0.565487  0  0
22.0987  0.596903  0  0
22.0987  0.628319  0  0
22.0987  0.659734  0.171314  0.0907332
22.0987  0.69115  0.111703  0.0980594
22.0987  0.722566  0.308085  0.235842
22.0987  0.753982  0.0949397  0.141697
22.0987  0.785398  0.0510388  0.0475207
22.0987  0.816814  0.0658309  0.0712046
22.0987  0.84823  0.056939  0.0420305
22.0987  0.879646  0.0729023  0.119311
22.0987  0.911062  0.103906  0.112992
22.0987  0.942478  0.049461  0.0400927
22.0987  0.973894  0.145272  0.134224
22.0987  1.00531  0.0837098  0.137262
22.0987  1.03673  0.0650577  0.0662494
22.0987  1.06814  0.0470261  0.041895
22.0987  1.09956  0.176387  0.111299
22.0987  1.13097  0.0591907  0.0603501
22.0987  1.16239  0.0856574  0.135655
22.0987  1.19381  0.0710789  0.128732
22.0987  1.22522  0.0446537  0.0406417
22.0987  1.25664  0.101911  0.106979
22.0987  1.28805  0.094993  0.0891213
22.0987  1.31947  0.0731439  0.119032
22.0987  1.35088  0.0631246  0.101041
22.0987  1.3823  0.145463  0.0898272
22.0987  1.41372  0.0493089  0.0446409
22.0987  1.44513  0.0802272  0.1059
22.0987  1.47655  0.0591767  0.100293
22.0987  1.50796  0.0751677  0.100366
22.0987  1.53938  0.1509  0.150595
22.0987  1.5708  0.0393624  0.0308844
22.0987  1.60221  0.0809991  0.0798694
22.0987  1.63363  0.0596398  0.107887
22.0987  1.66504  0.0569931  0.0559165
22.0987  1.69646  0.0968726  0.108671
22.0987  1.72788  0.0826977  0.115739
22.0987  1.75929  0.137812  0.0702199
22.0987  1.79071  0.0885642  0.0945585
22.0987  1.82212  0.0477644  0.0522397
22.0987  1.85354  0.0603539  0.110205
22.0987  1.88496  0.0722272  0.07314
22.0987  1.91637  0.0544306  0.0551148
22.0987  1.94779  0.0718261  0.112805
22.0987  1.9792  0.103538  0.103839
22.0987  2.01062  0.0521161  0.0962778
22.0987  2.04204  0.08432  0.111773
22.0987  2.07345  0.0670692  0.115706
22.0987  2.10487  0.0532046  0.0966047
22.0987  2.13628  0.0740577  0.123637
22.0987  2.1677  0.0538756  0.0470073
22.0987  2.19911  0.0756874  0.121071
22.0987  2.23053  0.0818483  0.126645
22.0987  2.26195  0.0830311  0.134285
22.0987  2.29336  0.073449  0.124219
22.0987  2.32478  0.0457502  0.033915
22.0987  2.35619  0.0610487  0.0558835
22.0987  2.38761  0.06489  0.111102
22.0987  2.41903  0.214414  0.202673
22.0987  2.45044  0.238036  0.218809
22.0987  2.48186  0  0
22.0987  2.51327  0  0
22.0987  2.54469  0  0
22.0987  2.57611  0  0
22.0987  2.60752  0  0
22.0987  2.63894  0  0
22.0987  2.67035  0  0
22.0987  2.70177  0  0
22.0987  2.73319  0  0
22.0987  2.7646  0  0
22.0987  2.79602  0  0
22.0987  2.82743  0  0
22.0987  2.85885  0  0
22.0987  2.89027  0  0
22.0987  2.92168  0  0
22.0987  2.9531  0  0
22.0987  2.98451  0  0
22.0987  3.01593  0  0
22.0987  3.04734  0  0
22.0987  3.07876  0  0
22.0987  3.11018  0  0
22.2368  0  0  0
22.2368  0.0314159  0  0
22.2368  0.0628319  0  0
22.2368  0.0942478  0  0
22.2368  0.125664  0  0
22.2368  0.15708  0  0
22.2368  0.188496  0  0
22.2368  0.219911  0  0
22.2368  0.251327  0  0
22.2368  0.282743  0  0
22.2368  0.314159  0  0
22.2368  0.345575  0  0
22.2368  0.376991  0  0
22.2368  0.408407  0  0
22.2368  0.439823  0  0
22.2368  0.471239  0  0
22.2368  0.502655  0  0
22.2368  0.534071  0  0
22.2368  0.565487  0  0
22.2368  0.596903  0  0
22.2368  0.628319  0.258759  1.70226
22.2368  0.659734  0.175992  0.170653
22.2368  0.69115  0.104424  0.0844072
22.2368  0.722566  0.0625452  0.114892
22.2368  0.753982  0.0629245  0.100171
22.2368  0.785398  0.181397  0.177591
22.2368  0.816814  0.116909  0.0870182
22.2368  0.84823  0.0638649  0.0523272
22.2368  0.879646  0.0729705  0.123044
22.2368  0.911062  0.0953856  0.0856423
22.2368  0.942478  0.0619951  0.0576945
22.2368  0.973894  0.0646303  0.110896
22.2368  1.00531  0.0771111  0.133972
22.2368  1.03673  0.0667203  0.0681206
22.2368  1.06814  0.0619749  0.115464
22.2368  1.09956  0.11294  0.1143
22.2368  1.13097  0.0942445  0.118565
22.2368  1.16239  0.0404155  0.037615
22.2368  1.19381  0.124143  0.0795951
22.2368  1.22522  0.0700704  0.1186
22.2368  1.25664  0.0808812  0.122773
22.2368  1.28805  0.091319  0.0926448
22.2368  1.31947  0.0640968  0.104433
22.2368  1.35088  0.0659177  0.120275
22.2368  1.3823  0.0632666  0.114791
22.2368  1.41372  0.0770145  0.117529
22.2368  1.44513  0.180427  0.0991143
22.2368  1.47655  0.109079  0.0992575
22.2368  1.50796  0.085007  0.0811578
22.2368  1.53938  0.138855  0.115358
22.2368  1.5708  0.0862057  0.101915
22.2368  1.60221  0.0479049  0.0462271
22.2368  1.63363  0.0697714  0.115213
22.2368  1.66504  0.0926925  0.100954
22.2368  1.69646  0.0692841  0.116499
22.2368  1.72788  0.107553  0.123647
22.2368  1.75929  0.0711144  0.115684
22.2368  1.79071  0.0574963  0.0951113
22.2368  1.82212  0.0682866  0.117312
22.2368  1.85354  0.0623595  0.104542
22.2368  1.88496  0.0703358  0.116625
22.2368  1.91637  0.0699631  0.120518
22.2368  1.94779  0.0667558  0.108166
22.2368  1.9792  0.0496283  0.046076
22.2368  2.01062  0.0418439  0.0332824
22.2368  2.04204  0.069418  0.110558
22.2368  2.07345  0.0610605  0.10557
22.2368  2.10487  0.111352  0.122681
22.2368  2.13628  0.0612722  0.0600456
22.2368  2.1677  0.0481849  0.0433915
22.2368  2.19911  0.0577578  0.0517832
22.2368  2.23053  0.0835529  0.131258
22.2368  2.26195  0.0991724  0.145058
22.2368  2.29336  0.133128  0.123224
22.2368  2.32478  0.0735154  0.125951
22.2368  2.35619  0.123669  0.119517
22.2368  2.38761  0.118459  0.157458
22.2368  2.41903  0.065837  0.119742
22.2368  2.45044  0.143079  0.128855
22.2368  2.48186  0.0267118  0.196008
22.2368  2.51327  0  0
22.2368  2.54469  0  0
22.2368  2.57611  0  0
22.2368  2.60752  0  0
22.2368  2.63894  0  0
22.2368  2.67035  0  0
22.2368  2.70177  0  0
22.2368  2.73319  0  0
22.2368  2.7646  0  0
22.2368  2.79602  0  0
22.2368  2.82743  0  0
22.2368  2.85885  0  0
22.2368  2.89027  0  0
22.2368  2.92168  0  0
22.2368  2.9531  0  0
22.2368  2.98451  0  0
22.2368  3.01593  0  0
22.2368  3.04734  0  0
22.2368  3.07876  0  0
22.2368  3.11018  0  0
22.375  0  0  0
22.375  0.0314159  0  0
22.375  0.0628319  0  0
22.375  0.0942478  0  0
22.375  0.125664  0  0
22.375  0.15708  0  0
22.375  0.188496  0  0
22.375  0.219911  0  0
22.375  0.251327  0  0
22.375  0.282743  0  0
22.375  0.314159  0  0
22.375  0.345575  0  0
22.375  0.376991  0  0
22.375  0.408407  0  0
22.375  0.439823  0  0
22.375  0.471239  0  0
22.375  0.502655  0  0
22.375  0.534071  0  0
22.375  0.565487  0  0
22.375  0.596903  0  0
22.375  0.628319  0  0
22.375  0.659734  0.173767  0.160078
22.375  0.69115  0.0950118  0.116544
22.375  0.722566  0.0842204  0.138074
22.375  0.753982  0.141498  0.0983331
22.375  0.785398  0.109427  0.12378
22.375  0.816814  0.125966  0.170514
22.375  0.84823  0.0580159  0.0626733
22.375  0.879646  0.0612173  0.0582203
22.375  0.911062  0.0767113  0.132618
22.375  0.942478  0.078981  0.119816
22.375  0.973894  0.0354949  0.0233428
22.375  1.00531  0.0596349  0.109482
22.375  1.03673  0.0580008  0.0616802
22.375  1.06814  0.073218  0.113637
22.375  1.09956  0.0960051  0.129569
22.375  1.13097  0.0746971  0.102843
22.375  1.16239  0.0735626  0.117894
22.375  1.19381  0.16093  0.127403
22.375  1.22522  0.0638419  0.103289
22.375  1.25664  0.0941681  0.101885
22.375  1.28805  0.105818  0.124184
22.375  1.31947  0.104865  0.122761
22.375  1.35088  0.0394747  0.033408
22.375  1.3823  0.0971304  0.0949101
22.375  1.41372  0.0432709  0.0400466
22.375  1.44513  0.069193  0.120657
22.375  1.47655  0.0789977  0.109372
22.375  1.50796  0.180936  0.173325
22.375  1.53938  0.0890777  0.0881516
22.375  1.5708  0.0423924  0.0402558
22.375  1.60221  0.0840831  0.104412
22.375  1.63363  0.0646852  0.110404
22.375  1.66504  0.178276  0.123657
22.375  1.69646  0.0776484  0.124558
22.375  1.72788  0.111624  0.0868778
22.375  1.75929  0.0709462  0.112571
22.375  1.79071  0.0492142  0.0473541
22.375  1.82212  0.0645736  0.105796
22.375  1.85354  0.0750323  0.101767
22.375  1.88496  0.166493  0.0832474
22.375  1.91637  0.0536272  0.0594973
22.375  1.94779  0.0697455  0.130452
22.375  1.9792  0.0722393  0.123513
22.375  2.01062  0.0883417  0.123551
22.375  2.04204  0.107001  0.109059
22.375  2.07345  0.0536171  0.057147
22.375  2.10487  0.0673758  0.114803
22.375  2.13628  0.0740733  0.120414
22.375  2.1677  0.0793758  0.130011
22.375  2.19911  0.068531  0.121221
22.375  2.23053  0.0593319  0.058851
22.375  2.26195  0.0794415  0.0904952
22.375  2.29336  0.0637753  0.109294
22.375  2.32478  0.0956728  0.125922
22.375  2.35619  0.107862  0.120391
22.375  2.38761  0.111808  0.142485
22.375  2.41903  0.106509  0.153259
22.375  2.45044  0.0969991  0.118385
22.375  2.48186  0.0382346  0.28056
22.375  2.51327  0  0
22.375  2.54469  0  0
22.375  2.57611  0  0
22.375  2.60752  0  0
22.375  2.63894  0  0
22.375  2.67035  0  0
22.375  2.70177  0  0
22.375  2.73319  0  0
22.375  2.7646  0  0
22.375  2.79602  0  0
22.375  2.82743  0  0
22.375  2.85885  0  0
22.375  2.89027  0  0
22.375  2.92168  0  0
22.375  2.9531  0  0
22.375  2.98451  0  0
22.375  3.01593  0  0
22.375  3.04734  0  0
22.375  3.07876  0  0
22.375  3.11018  0  0
22.5132  0  0  0
22.5132  0.0314159  0  0
22.5132  0.0628319  0  0
22.5132  0.0942478  0  0
22.5132  0.125664  0  0
22.5132  0.15708  0  0
22.5132  0.188496  0  0
22.5132  0.219911  0  0
22.5132  0.251327  0  0
22.5132  0.282743  0  0
22.5132  0.314159  0  0
22.5132  0.345575  0  0
22.5132  0.376991  0  0
22.5132  0.408407  0  0
22.5132  0.439823  0  0
22.5132  0.471239  0  0
22.5132  0.502655  0  0
22.5132  0.534071  0  0
22.5132  0.565487  0  0
22.5132  0.596903  0.244339  1.34043
22.5132  0.628319  0.279463  0.28109
22.5132  0.659734  0.131761  0.137844
22.5132  0.69115  0.105206  0.11652
22.5132  0.722566  0.076187  0.0792766
22.5132  0.753982  0.0974384  0.136491
22.5132  0.785398  0.107251  0.144901
22.5132  0.816814  0.123282  0.10007
22.5132  0.84823  0.0953422  0.0791977
22.5132  0.879646  0.0700991  0.0756168
22.5132  0.911062  0.0781397  0.117971
22.5132  0.942478  0.0776122  0.120053
22.5132  0.973894  0.0502158  0.0417438
22.5132  1.00531  0.0900415  0.130584
22.5132  1.03673  0.0980305  0.13779
22.5132  1.06814  0.0795802  0.0957331
22.5132  1.09956  0.0594464  0.1034
22.5132  1.13097  0.0616017  0.101124
22.5132  1.16239  0.165911  0.124803
22.5132  1.19381  0.0670792  0.119998
22.5132  1.22522  0.127251  0.124028
22.5132  1.25664  0.0574284  0.104755
22.5132  1.28805  0.111346  0.0946868
22.5132  1.31947  0.0612665  0.104289
22.5132  1.35088  0.0598835  0.10944
22.5132  1.3823  0.0797656  0.125281
22.5132  1.41372  0.0617059  0.114136
22.5132  1.44513  0.116838  0.118
22.5132  1.47655  0.0400314  0.0332212
22.5132  1.50796  0.0580622  0.105058
22.5132  1.53938  0.0658041  0.115839
22.5132  1.5708  0.0770252  0.114239
22.5132  1.60221  0.0622611  0.096333
22.5132  1.63363  0.126826  0.108234
22.5132  1.66504  0.0646705  0.0984849
22.5132  1.69646  0.0906989  0.0934688
22.5132  1.72788  0.0533237  0.0930741
22.5132  1.75929  0.136321  0.0976463
22.5132  1.79071  0.1679  0.127438
22.5132  1.82212  0.0753592  0.122564
22.5132  1.85354  0.0414947  0.0350172
22.5132  1.88496  0.0768569  0.122684
22.5132  1.91637  0.0676791  0.118675
22.5132  1.94779  0.0888127  0.0947968
22.5132  1.9792  0.0825508  0.128605
22.5132  2.01062  0.0519243  0.0500106
22.5132  2.04204  0.0933648  0.100424
22.5132  2.07345  0.065171  0.106834
22.5132  2.10487  0.0749849  0.107365
22.5132  2.13628  0.0900186  0.124762
22.5132  2.1677  0.0689055  0.0703594
22.5132  2.19911  0.0550214  0.0453953
22.5132  2.23053  0.0911263  0.136461
22.5132  2.26195  0.0789353  0.132118
22.5132  2.29336  0.046819  0.0362732
22.5132  2.32478  0.116806  0.0958517
22.5132  2.35619  0.125011  0.135868
22.5132  2.38761  0.0667542  0.115287
22.5132  2.41903  0.11956  0.131129
22.5132  2.45044  0.169292  0.0957718
22.5132  2.48186  0.00768183  0.0563682
22.5132  2.51327  0  0
22.5132  2.54469  0.258759  1.70226
22.5132  2.57611  0  0
22.5132  2.60752  0  0
22.5132  2.63894  0  0
22.5132  2.67035  0  0
22.5132  2.70177  0  0
22.5132  2.73319  0  0
22.5132  2.7646  0  0
22.5132  2.79602  0  0
22.5132  2.82743  0  0
22.5132  2.85885  0  0
22.5132  2.89027  0  0
22.5132  2.92168  0  0
22.5132  2.9531  0  0
22.5132  2.98451  0  0
22.5132  3.01593  0  0
22.5132  3.04734  0  0
22.5132  3.07876  0  0
22.5132  3.11018  0  0
22.6513  0  0  0
22.6513  0.0314159  0  0
22.6513  0.0628319  0  0
22.6513  0.0942478  0  0
22.6513  0.125664  0  0
22.6513  0.15708  0  0
22.6513  0.188496  0  0
22.6513  0.219911  0  0
22.6513  0.251327  0  0
22.6513  0.282743  0  0
22.6513  0.314159  0  0
22.6513  0.345575  0  0
22.6513  0.376991  0  0
22.6513  0.408407  0  0
22.6513  0.439823  0  0
22.6513  0.471239  0  0
22.6513  0.502655  0  0
22.6513  0.534071  0  0
22.6513  0.565487  0  0
22.6513  0.596903  0  0
22.6513  0.628319  0.14102  0.141008
22.6513  0.659734  0.0752576  0.112862
22.6513  0.69115  0.0863065  0.119873
22.6513  0.722566  0.0902554  0.123569
22.6513  0.753982  0.119001  0.128636
22.6513  0.785398  0.0617889  0.065913
22.6513  0.816814  0.0670678  0.0960833
22.6513  0.84823  0.0925045  0.0928753
22.6513  0.879646  0.0833702  0.13574
22.6513  0.911062  0.0411339  0.0307909
22.6513  0.942478  0.137173  0.129319
22.6513  0.973894  0.0552096  0.050015
22.6513  1.00531  0.154498  0.150804
22.6513  1.03673  0.0475613  0.0366236
22.6513  1.06814  0.0739186  0.122566
22.6513  1.09956  0.0508553  0.0384201
22.6513  1.13097  0.0928357  0.120789
22.6513  1.16239  0.0527896  0.094396
22.6513  1.19381  0.0740671  0.126533
22.6513  1.22522  0.136594  0.15029
22.6513  1.25664  0.0536014  0.0549449
22.6513  1.28805  0.0862767  0.0903407
22.6513  1.31947  0.0749166  0.121809
22.6513  1.35088  0.0709258  0.107853
22.6513  1.3823  0.141527  0.135266
22.6513  1.41372  0.154912  0.0822232
22.6513  1.44513  0.0596262  0.0962177
22.6513  1.47655  0.0429121  0.0297136
22.6513  1.50796  0.0985535  0.084158
22.6513  1.53938  0.0861256  0.107997
22.6513  1.5708  0.0454773  0.0886316
22.6513  1.60221  0.077665  0.123659
22.6513  1.63363  0.0867133  0.0957935
22.6513  1.66504  0.057513  0.101417
22.6513  1.69646  0.0758261  0.0974078
22.6513  1.72788  0.0512167  0.0464171
22.6513  1.75929  2.74019  1.62884
22.6513  1.79071  0.0700208  0.1052
22.6513  1.82212  0.0673851  0.110196
22.6513  1.85354  0.0642206  0.111644
22.6513  1.88496  0.0439314  0.0396224
22.6513  1.91637  0.074161  0.10925
22.6513  1.94779  0.0598791  0.101457
22.6513  1.9792  0.075506  0.118001
22.6513  2.01062  0.0928186  0.0809512
22.6513  2.04204  0.0715448  0.11695
22.6513  2.07345  0.0749957  0.124738
22.6513  2.10487  0.0674744  0.112884
22.6513  2.13628  0.147898  0.129376
22.6513  2.1677  0.0611498  0.061704
22.6513  2.19911  0.0660614  0.109464
22.6513  2.23053  0.0801915  0.129154
22.6513  2.26195  0.0751215  0.121044
22.6513  2.29336  0.14598  0.133024
22.6513  2.32478  0.0703582  0.073515
22.6513  2.35619  0.0559271  0.0519128
22.6513  2.38761  0.0927171  0.109212
22.6513  2.41903  0.166422  0.183549
22.6513  2.45044  0.143555  0.120668
22.6513  2.48186  0.11719  0.0586109
22.6513  2.51327  0  0
22.6513  2.54469  0  0
22.6513  2.57611  0  0
22.6513  2.60752  0  0
22.6513  2.63894  0  0
22.6513  2.67035  0  0
22.6513  2.70177  0  0
22.6513  2.73319  0  0
22.6513  2.7646  0  0
22.6513  2.79602  0  0
22.6513  2.82743  0  0
22.6513  2.85885  0  0
22.6513  2.89027  0  0
22.6513  2.92168  0  0
22.6513  2.9531  0  0
22.6513  2.98451  0  0
22.6513  3.01593  0  0
22.6513  3.04734  0  0
22.6513  3.07876  0  0
22.6513  3.11018  0  0
22.7895  0  0  0
22.7895  0.0314159  0  0
22.7895  0.0628319  0  0
22.7895  0.0942478  0  0
22.7895  0.125664  0  0
22.7895  0.15708  0  0
22.7895  0.188496  0  0
22.7895  0.219911  0  0
22.7895  0.251327  0  0
22.7895  0.282743  0  0
22.7895  0.314159  0  0
22.7895  0.345575  0  0
22.7895  0.376991  0  0
22.7895  0.408407  0  0
22.7895  0.439823  0  0
22.7895  0.471239  0  0
22.7895  0.502655  0  0
22.7895  0.534071  0  0
22.7895  0.565487  0  0
22.7895  0.596903  0  0
22.7895  0.628319  0.224478  0.213236
22.7895  0.659734  0.0905871  0.129547
22.7895  0.69115  0.0792849  0.11579
22.7895  0.722566  0.111577  0.121041
22.7895  0.753982  0.158915  0.138132
22.7895  0.785398  0.071697  0.120391
22.7895  0.816814  0.0753463  0.0758426
22.7895  0.84823  0.0589294  0.0526023
22.7895  0.879646  0.0701197  0.118769
22.7895  0.911062  0.0926753  0.112632
22.7895  0.942478  0.0623929  0.0664204
22.7895  0.973894  0.0521544  0.0499749
22.7895  1.00531  0.0785298  0.10888
22.7895  1.03673  0.092306  0.0807075
22.7895  1.06814  0.056819  0.102364
22.7895  1.09956  0.0435655  0.0295394
22.7895  1.13097  0.0774897  0.116695
22.7895  1.16239  0.125344  0.109573
22.7895  1.19381  0.093381  0.0984312
22.7895  1.22522  0.0664439  0.114505
22.7895  1.25664  0.0469929  0.0441849
22.7895  1.28805  0.0712682  0.109258
22.7895  1.31947  0.0657786  0.103795
22.7895  1.35088  0.0506412  0.0878728
22.7895  1.3823  0.0667613  0.108135
22.7895  1.41372  0.0607608  0.10016
22.7895  1.44513  0.0902186  0.109466
22.7895  1.47655  0.165109  0.163253
22.7895  1.50796  0.0965543  0.0926933
22.7895  1.53938  0.0475916  0.0466149
22.7895  1.5708  0.0840396  0.0954863
22.7895  1.60221  0.056477  0.106016
22.7895  1.63363  0.0745644  0.111946
22.7895  1.66504  0.071584  0.0973902
22.7895  1.69646  0.0695586  0.114476
22.7895  1.72788  0.124492  0.120598
22.7895  1.75929  0.0717157  0.113942
22.7895  1.79071  0.0685192  0.108253
22.7895  1.82212  0.0461701  0.0482288
22.7895  1.85354  0.0856943  0.116106
22.7895  1.88496  0.0527541  0.0512007
22.7895  1.91637  0.0842569  0.113759
22.7895  1.94779  0.0566863  0.101912
22.7895  1.9792  0.0910077  0.123398
22.7895  2.01062  0.0650186  0.112142
22.7895  2.04204  0.0653672  0.115703
22.7895  2.07345  0.076441  0.117253
22.7895  2.10487  0.0719283  0.129685
22.7895  2.13628  0.0638662  0.0658616
22.7895  2.1677  0.0509278  0.0372493
22.7895  2.19911  0.145036  0.14667
22.7895  2.23053  0.0436578  0.0279128
22.7895  2.26195  0.0861081  0.126397
22.7895  2.29336  0.0835291  0.133304
22.7895  2.32478  0.0887989  0.0968494
22.7895  2.35619  0.0729177  0.126438
22.7895  2.38761  0.134731  0.109931
22.7895  2.41903  0.104329  0.119356
22.7895  2.45044  0.141675  0.128252
22.7895  2.48186  0.161505  0.12968
22.7895  2.51327  0  0
22.7895  2.54469  0  0
22.7895  2.57611  0  0
22.7895  2.60752  0  0
22.7895  2.63894  0  0
22.7895  2.67035  0  0
22.7895  2.70177  0  0
22.7895  2.73319  0  0
22.7895  2.7646  0  0
22.7895  2.79602  0  0
22.7895  2.82743  0  0
22.7895  2.85885  0  0
22.7895  2.89027  0  0
22.7895  2.92168  0  0
22.7895  2.9531  0  0
22.7895  2.98451  0  0
22.7895  3.01593  0  0
22.7895  3.04734  0  0
22.7895  3.07876  0  0
22.7895  3.11018  0  0
22.9276  0  0  0
22.9276  0.0314159  0  0
22.9276  0.0628319  0  0
22.9276  0.0942478  0  0
22.9276  0.125664  0  0
22.9276  0.15708  0  0
22.9276  0.188496  0  0
22.9276  0.219911  0  0
22.9276  0.251327  0  0
22.9276  0.282743  0  0
22.9276  0.314159  0  0
22.9276  0.345575  0  0
22.9276  0.376991  0  0
22.9276  0.408407  0  0
22.9276  0.439823  0  0
22.9276  0.471239  0  0
22.9276  0.502655  0  0
22.9276  0.534071  0  0
22.9276  0.565487  0  0
22.9276  0.596903  0.25876  1.70225
22.9276  0.628319  0.111698  0.0959701
22.9276  0.659734  0.191393  0.149808
22.9276  0.69115  0.0730567  0.132706
22.9276  0.722566  0.199614  0.106818
22.9276  0.753982  0.0614615  0.0632796
22.9276  0.785398  0.0714518  0.124376
22.9276  0.816814  0.0510905  0.044029
22.9276  0.84823  0.0619627  0.0600519
22.9276  0.879646  0.0540079  0.0373794
22.9276  0.911062  0.0563512  0.0532027
22.9276  0.942478  0.0550591  0.0472665
22.9276  0.973894  0.0700777  0.109532
22.9276  1.00531  0.0615596  0.112077
22.9276  1.03673  0.0636805  0.0609493
22.9276  1.06814  0.0637066  0.111845
22.9276  1.09956  0.0611692  0.116645
22.9276  1.13097  0.0821471  0.0733476
22.9276  1.16239  0.0605584  0.117105
22.9276  1.19381  0.0843417  0.0904787
22.9276  1.22522  0.0593292  0.102876
22.9276  1.25664  0.148533  0.134434
22.9276  1.28805  0.05835  0.0563868
22.9276  1.31947  0.093943  0.0960545
22.9276  1.35088  0.167993  0.103099
22.9276  1.3823  0.129048  0.0886164
22.9276  1.41372  0.077913  0.120797
22.9276  1.44513  0.0539623  0.0944529
22.9276  1.47655  0.106071  0.125843
22.9276  1.50796  0.0552669  0.0960071
22.9276  1.53938  0.0921901  0.0782082
22.9276  1.5708  0.0858174  0.130059
22.9276  1.60221  0.0700539  0.0849153
22.9276  1.63363  0.0437787  0.0443258
22.9276  1.66504  0.078576  0.124158
22.9276  1.69646  0.153098  0.0773341
22.9276  1.72788  0.0513822  0.0552226
22.9276  1.75929  0.0469003  0.0411511
22.9276  1.79071  0.143794  0.123163
22.9276  1.82212  0.0491633  0.0502663
22.9276  1.85354  0.0625838  0.114408
22.9276  1.88496  0.110786  0.0839883
22.9276  1.91637  0.0583223  0.103222
22.9276  1.94779  0.143229  0.0814134
22.9276  1.9792  0.0458782  0.0354199
22.9276  2.01062  0.0474963  0.0500097
22.9276  2.04204  0.0606005  0.104727
22.9276  2.07345  0.0623463  0.112582
22.9276  2.10487  0.0782494  0.117688
22.9276  2.13628  0.0519554  0.0398626
22.9276  2.1677  0.0630381  0.0671238
22.9276  2.19911  0.0696859  0.1162
22.9276  2.23053  0.0505296  0.0348938
22.9276  2.26195  0.0976874  0.103585
22.9276  2.29336  0.0774219  0.121485
22.9276  2.32478  0.098104  0.129323
22.9276  2.35619  0.0728094  0.134225
22.9276  2.38761  0.175966  0.0937662
22.9276  2.41903  0.0667036  0.0745894
22.9276  2.45044  0.0927562  0.0958627
22.9276  2.48186  0.0729697  0.115361
22.9276  2.51327  0  0
22.9276  2.54469  0  0
22.9276  2.57611  0  0
22.9276  2.60752  0  0
22.9276  2.63894  0  0
22.9276  2.67035  0  0
22.9276  2.70177  0  0
22.9276  2.73319  0  0
22.9276  2.7646  0  0
22.9276  2.79602  0  0
22.9276  2.82743  0  0
22.9276  2.85885  0  0
22.9276  2.89027  0  0
22.9276  2.92168  0  0
22.9276  2.9531  0  0
22.9276  2.98451  0  0
22.9276  3.01593  0  0
22.9276  3.04734  0  0
22.9276  3.07876  0  0
22.9276  3.11018  0  0
23.0658  0  0  0
23.0658  0.0314159  0  0
23.0658  0.0628319  0  0
23.0658  0.0942478  0  0
23.0658  0.125664  0  0
23.0658  0.15708  0  0
23.0658  0.188496  0  0
23.0658  0.219911  0  0
23.0658  0.251327  0  0
23.0658  0.282743  0  0
23.0658  0.314159  0  0
23.0658  0.345575  0  0
23.0658  0.376991  0  0
23.0658  0.408407  0  0
23.0658  0.439823  0  0
23.0658  0.471239  0  0
23.0658  0.502655  0  0
23.0658  0.534071  0  0
23.0658  0.565487  0  0
23.0658  0.596903  0.0113482  0.0832712
23.0658  0.628319  0.0845711  0.0886908
23.0658  0.659734  0.11957  0.128513
23.0658  0.69115  0.0873872  0.145523
23.0658  0.722566  0.0665106  0.119405
23.0658  0.753982  0.0948219  0.117484
23.0658  0.785398  0.0548928  0.0486198
23.0658  0.816814  0.112103  0.12411
23.0658  0.84823  0.094065  0.0978743
23.0658  0.879646  0.104847  0.101506
23.0658  0.911062  0.0422159  0.0287486
23.0658  0.942478  0.0577405  0.0979965
23.0658  0.973894  0.108718  0.0941623
23.0658  1.00531  0.0978387  0.13353
23.0658  1.03673  0.0498978  0.0502409
23.0658  1.06814  0.071587  0.120957
23.0658  1.09956  0.100719  0.0982855
23.0658  1.13097  0.0678937  0.113824
23.0658  1.16239  0.0754499  0.116557
23.0658  1.19381  0.0378675  0.0258578
23.0658  1.22522  0.0511961  0.0504538
23.0658  1.25664  0.0807623  0.0828123
23.0658  1.28805  0.0616033  0.118064
23.0658  1.31947  0.111724  0.129249
23.0658  1.35088  0.139759  0.0723026
23.0658  1.3823  0.0626987  0.106951
23.0658  1.41372  0.062435  0.106155
23.0658  1.44513  0.102882  0.0887739
23.0658  1.47655  0.0536264  0.0976444
23.0658  1.50796  0.0683895  0.119239
23.0658  1.53938  0.174917  0.163311
23.0658  1.5708  0.0759296  0.118409
23.0658  1.60221  0.0832009  0.0823565
23.0658  1.63363  0.148388  0.146344
23.0658  1.66504  0.0684505  0.116597
23.0658  1.69646  0.0549755  0.0948321
23.0658  1.72788  0.0483872  0.0837307
23.0658  1.75929  0.0767282  0.105011
23.0658  1.79071  0.0826963  0.130758
23.0658  1.82212  0.0524273  0.0517191
23.0658  1.85354  0.0761279  0.112884
23.0658  1.88496  0.0559264  0.0659883
23.0658  1.91637  0.0717797  0.0935597
23.0658  1.94779  0.0813038  0.138688
23.0658  1.9792  0.116916  0.0914469
23.0658  2.01062  0.0629107  0.114503
23.0658  2.04204  0.0534406  0.0483667
23.0658  2.07345  0.180167  0.0900937
23.0658  2.10487  0.165001  0.0939256
23.0658  2.13628  0.0927409  0.0829757
23.0658  2.1677  0.1581  0.149426
23.0658  2.19911  0.0688426  0.118217
23.0658  2.23053  0.0808845  0.115217
23.0658  2.26195  0.0892773  0.126447
23.0658  2.29336  0.0923504  0.127713
23.0658  2.32478  0.0490211  0.0396739
23.0658  2.35619  0.0652361  0.0657545
23.0658  2.38761  0.179243  0.172953
23.0658  2.41903  0.0795096  0.113366
23.0658  2.45044  0.195918  0.194075
23.0658  2.48186  0.150176  0.151037
23.0658  2.51327  0.174251  0.0898071
23.0658  2.54469  0  0
23.0658  2.57611  0  0
23.0658  2.60752  0  0
23.0658  2.63894  0  0
23.0658  2.67035  0  0
23.0658  2.70177  0  0
23.0658  2.73319  0  0
23.0658  2.7646  0  0
23.0658  2.79602  0  0
23.0658  2.82743  0  0
23.0658  2.85885  0  0
23.0658  2.89027  0  0
23.0658  2.92168  0  0
23.0658  2.9531  0  0
23.0658  2.98451  0  0
23.0658  3.01593  0  0
23.0658  3.04734  0  0
23.0658  3.07876  0  0
23.0658  3.11018  0  0
23.2039  0  0  0
23.2039  0.0314159  0  0
23.2039  0.0628319  0  0
23.2039  0.0942478  0  0
23.2039  0.125664  0  0
23.2039  0.15708  0  0
23.2039  0.188496  0  0
23.2039  0.219911  0  0
23.2039  0.251327  0  0
23.2039  0.282743  0  0
23.2039  0.314159  0  0
23.2039  0.345575  0  0
23.2039  0.376991  0  0
23.2039  0.408407  0  0
23.2039  0.439823  0  0
23.2039  0.471239  0  0
23.2039  0.502655  0  0
23.2039  0.534071  0  0
23.2039  0.565487  0  0
23.2039  0.596903  0.120219  0.108179
23.2039  0.628319  0.180239  0.0908089
23.2039  0.659734  0.123331  0.131249
23.2039  0.69115  0.165812  0.112011
23.2039  0.722566  0.125482  0.0944888
23.2039  0.753982  0.192153  0.0963558
23.2039  0.785398  0.112653  0.103923
23.2039  0.816814  0.0839269  0.137803
23.2039  0.84823  0.173579  0.143683
23.2039  0.879646  0.0683491  0.109474
23.2039  0.911062  0.0602273  0.0558058
23.2039  0.942478  0.0485078  0.034703
23.2039  0.973894  0.0551481  0.0950523
23.2039  1.00531  0.0593076  0.0575336
23.2039  1.03673  0.0616147  0.107008
23.2039  1.06814  0.0946352  0.110054
23.2039  1.09956  0.0769058  0.109147
23.2039  1.13097  0.0920816  0.116477
23.2039  1.16239  0.069049  0.111614
23.2039  1.19381  0.0584976  0.100073
23.2039  1.22522  0.0833537  0.0982262
23.2039  1.25664  0.0659405  0.111806
23.2039  1.28805  0.106775  0.112748
23.2039  1.31947  0.0472262  0.0411526
23.2039  1.35088  0.0866846  0.0921977
23.2039  1.3823  0.0894142  0.0968522
23.2039  1.41372  0.0984061  0.107129
23.2039  1.44513  0.0694656  0.105831
23.2039  1.47655  0.108617  0.0906023
23.2039  1.50796  0.0712689  0.0969713
23.2039  1.53938  0.119384  0.114383
23.2039  1.5708  0.102419  0.11378
23.2039  1.60221  0.0891428  0.0737258
23.2039  1.63363  0.0384654  0.0299068
23.2039  1.66504  0.0683275  0.102467
23.2039  1.69646  0.133346  0.112963
23.2039  1.72788  0.140455  0.0986877
23.2039  1.75929  0.161227  0.146138
23.2039  1.79071  0.0902777  0.0917212
23.2039  1.82212  0.0550613  0.0600066
23.2039  1.85354  0.147832  0.123095
23.2039  1.88496  0.0998151  0.0838562
23.2039  1.91637  0.0729017  0.109706
23.2039  1.94779  0.106406  0.99263
23.2039  1.9792  0.0581192  0.0600296
23.2039  2.01062  0.0762571  0.125857
23.2039  2.04204  0.0720249  0.114768
23.2039  2.07345  0.101999  0.108098
23.2039  2.10487  0.0759985  0.124793
23.2039  2.13628  0.0674581  0.115303
23.2039  2.1677  0.0851529  0.127958
23.2039  2.19911  0.0635653  0.0624897
23.2039  2.23053  0.0747918  0.129081
23.2039  2.26195  0.0592041  0.0999724
23.2039  2.29336  0.0785019  0.131713
23.2039  2.32478  0.0893378  0.117263
23.2039  2.35619  0.0865246  0.101788
23.2039  2.38761  0.12716  0.100189
23.2039  2.41903  0.0689383  0.121874
23.2039  2.45044  0.081539  0.115748
23.2039  2.48186  0.0606376  0.0969458
23.2039  2.51327  0.227251  0.22615
23.2039  2.54469  0  0
23.2039  2.57611  0  0
23.2039  2.60752  0  0
23.2039  2.63894  0  0
23.2039  2.67035  0  0
23.2039  2.70177  0  0
23.2039  2.73319  0  0
23.2039  2.7646  0  0
23.2039  2.79602  0  0
23.2039  2.82743  0  0
23.2039  2.85885  0  0
23.2039  2.89027  0  0
23.2039  2.92168  0  0
23.2039  2.9531  0  0
23.2039  2.98451  0  0
23.2039  3.01593  0  0
23.2039  3.04734  0  0
23.2039  3.07876  0  0
23.2039  3.11018  0  0
23.3421  0  0  0
23.3421  0.0314159  0  0
23.3421  0.0628319  0  0
23.3421  0.0942478  0  0
23.3421  0.125664  0  0
23.3421  0.15708  0  0
23.3421  0.188496  0  0
23.3421  0.219911  0  0
23.3421  0.251327  0  0
23.3421  0.282743  0  0
23.3421  0.314159  0  0
23.3421  0.345575  0  0
23.3421  0.376991  0  0
23.3421  0.408407  0  0
23.3421  0.439823  0  0
23.3421  0.471239  0  0
23.3421  0.502655  0  0
23.3421  0.534071  0  0
23.3421  0.565487  0  0
23.3421  0.596903  0.233787  0.127854
23.3421  0.628319  0.0578522  0.0669555
23.3421  0.659734  0.106662  0.120746
23.3421  0.69115  0.120743  0.116033
23.3421  0.722566  0.0893826  0.137432
23.3421  0.753982  0.0797932  0.105411
23.3421  0.785398  0.0834892  0.137881
23.3421  0.816814  0.0847914  0.132606
23.3421  0.84823  0.157204  0.0894323
23.3421  0.879646  0.0524423  0.0419989
23.3421  0.911062  0.0625255  0.0598202
23.3421  0.942478  0.0509611  0.0493307
23.3421  0.973894  0.059782  0.0968289
23.3421  1.00531  0.0609867  0.0939738
23.3421  1.03673  0.0550239  0.0943179
23.3421  1.06814  0.0547855  0.0536494
23.3421  1.09956  0.0774742  0.130519
23.3421  1.13097  0.0710633  0.114425
23.3421  1.16239  0.0829496  0.0893543
23.3421  1.19381  0.116238  0.127719
23.3421  1.22522  0.0387049  0.0386984
23.3421  1.25664  0.066544  0.108743
23.3421  1.28805  0.0727044  0.0999049
23.3421  1.31947  0.0755054  0.104055
23.3421  1.35088  0.091684  0.105995
23.3421  1.3823  0.0987228  0.116503
23.3421  1.41372  0.0533827  0.106163
23.3421  1.44513  0.0484653  0.0939611
23.3421  1.47655  0.0458787  0.0843104
23.3421  1.50796  0.10079  0.0892542
23.3421  1.53938  0.0769052  0.10456
23.3421  1.5708  0.0769171  0.107073
23.3421  1.60221  0.052221  0.0532272
23.3421  1.63363  0.0933248  0.0833196
23.3421  1.66504  0.0802589  0.12307
23.3421  1.69646  0.0810572  0.0966092
23.3421  1.72788  0.0670728  0.115758
23.3421  1.75929  0.133918  0.125594
23.3421  1.79071  0.0577737  0.0914918
23.3421  1.82212  0.0493993  0.0522999
23.3421  1.85354  0.0581158  0.100125
23.3421  1.88496  0.0658331  0.117624
23.3421  1.91637  0.0746313  0.0843775
23.3421  1.94779  0.114477  0.1027
23.3421  1.9792  0.0527487  0.0568495
23.3421  2.01062  0.0757099  0.120907
23.3421  2.04204  0.147879  0.145355
23.3421  2.07345  0.0735372  0.113247
23.3421  2.10487  0.0699161  0.121999
23.3421  2.13628  0.0711008  0.115541
23.3421  2.1677  0.072284  0.121804
23.3421  2.19911  0.168248  0.120761
23.3421  2.23053  0.0495334  0.0418135
23.3421  2.26195  0.0555584  0.0530768
23.3421  2.29336  0.186305  0.105533
23.3421  2.32478  0.0774457  0.123152
23.3421  2.35619  0.187609  0.109107
23.3421  2.38761  0.123465  0.118273
23.3421  2.41903  0.11389  0.117419
23.3421  2.45044  0.0449584  0.0482749
23.3421  2.48186  0.201331  0.197302
23.3421  2.51327  0.242562  0.121336
23.3421  2.54469  0  0
23.3421  2.57611  0  0
23.3421  2.60752  0  0
23.3421  2.63894  0  0
23.3421  2.67035  0  0
23.3421  2.70177  0  0
23.3421  2.73319  0  0
23.3421  2.7646  0  0
23.3421  2.79602  0  0
23.3421  2.82743  0  0
23.3421  2.85885  0  0
23.3421  2.89027  0  0
23.3421  2.92168  0  0
23.3421  2.9531  0  0
23.3421  2.98451  0  0
23.3421  3.01593  0  0
23.3421  3.04734  0  0
23.3421  3.07876  0  0
23.3421  3.11018  0  0
23.4803  0  0  0
23.4803  0.0314159  0  0
23.4803  0.0628319  0  0
23.4803  0.0942478  0  0
23.4803  0.125664  0  0
23.4803  0.15708  0  0
23.4803  0.188496  0  0
23.4803  0.219911  0  0
23.4803  0.251327  0  0
23.4803  0.282743  0  0
23.4803  0.314159  0  0
23.4803  0.345575  0  0
23.4803  0.376991  0  0
23.4803  0.408407  0  0
23.4803  0.439823  0  0
23.4803  0.471239  0  0
23.4803  0.502655  0  0
23.4803  0.534071  0  0
23.4803  0.565487  0  0
23.4803  0.596903  0.183257  0.103729
23.4803  0.628319  0.100058  0.134496
23.4803  0.659734  0.0920146  0.134142
23.4803  0.69115  0.10601  0.10029
23.4803  0.722566  0.134012  0.145706
23.4803  0.753982  0.181955  0.138234
23.4803  0.785398  0.0724069  0.123882
23.4803  0.816814  0.079963  0.129589
23.4803  0.84823  0.0649816  0.117106
23.4803  0.879646  0.0701714  0.119893
23.4803  0.911062  0.0662363  0.0647344
23.4803  0.942478  0.0673083  0.117364
23.4803  0.973894  0.192735  0.11104
23.4803  1.00531  0.0732347  0.123047
23.4803  1.03673  0.053224  0.051192
23.4803  1.06814  0.0606674  0.0968572
23.4803  1.09956  0.070877  0.116756
23.4803  1.13097  0.0605332  0.0678536
23.4803  1.16239  0.0750376  0.0985176
23.4803  1.19381  0.0558161  0.0605739
23.4803  1.22522  0.0487541  0.0439617
23.4803  1.25664  0.084594  0.103335
23.4803  1.28805  0.0460675  0.0441511
23.4803  1.31947  0.0497654  0.0537384
23.4803  1.35088  0.0659758  0.111245
23.4803  1.3823  0.167004  0.139123
23.4803  1.41372  0.0571008  0.100429
23.4803  1.44513  0.0581183  0.0572194
23.4803  1.47655  0.0428015  0.0435436
23.4803  1.50796  0.0847932  0.107903
23.4803  1.53938  0.0448436  0.0411895
23.4803  1.5708  0.0459806  0.043028
23.4803  1.60221  0.162314  0.124273
23.4803  1.63363  0.0733138  0.116889
23.4803  1.66504  0.0652376  0.0989451
23.4803  1.69646  0.0625897  0.0972508
23.4803  1.72788  0.0479918  0.0480407
23.4803  1.75929  0.151119  0.148455
23.4803  1.79071  0.109471  0.122635
23.4803  1.82212  0.0775961  0.108724
23.4803  1.85354  0.0494847  0.0535131
23.4803  1.88496  0.0584259  0.0607872
23.4803  1.91637  0.0769107  0.0872519
23.4803  1.94779  0.0847633  0.0990664
23.4803  1.9792  0.0977641  0.0966158
23.4803  2.01062  0.0557928  0.0555889
23.4803  2.04204  0.047234  0.0372666
23.4803  2.07345  0.0526463  0.0503391
23.4803  2.10487  0.0586599  0.0638307
23.4803  2.13628  0.0628078  0.0613778
23.4803  2.1677  0.0539979  0.044934
23.4803  2.19911  0.112888  0.0876913
23.4803  2.23053  0.188289  0.122304
23.4803  2.26195  0.0636641  0.10783
23.4803  2.29336  0.0752123  0.128239
23.4803  2.32478  0.0928167  0.132257
23.4803  2.35619  0.102851  0.0882511
23.4803  2.38761  0.164747  0.132927
23.4803  2.41903  0.199172  0.166744
23.4803  2.45044  0.197757  0.0994222
23.4803  2.48186  0.137417  0.117243
23.4803  2.51327  0.198969  0.102168
23.4803  2.54469  0.00576138  0.0422761
23.4803  2.57611  0  0
23.4803  2.60752  0  0
23.4803  2.63894  0  0
23.4803  2.67035  0  0
23.4803  2.70177  0  0
23.4803  2.73319  0  0
23.4803  2.7646  0  0
23.4803  2.79602  0  0
23.4803  2.82743  0  0
23.4803  2.85885  0  0
23.4803  2.89027  0  0
23.4803  2.92168  0  0
23.4803  2.9531  0  0
23.4803  2.98451  0  0
23.4803  3.01593  0  0
23.4803  3.04734  0  0
23.4803  3.07876  0  0
23.4803  3.11018  0  0
23.6184  0  0  0
23.6184  0.0314159  0  0
23.6184  0.0628319  0  0
23.6184  0.0942478  0  0
23.6184  0.125664  0  0
23.6184  0.15708  0  0
23.6184  0.188496  0  0
23.6184  0.219911  0  0
23.6184  0.251327  0  0
23.6184  0.282743  0  0
23.6184  0.314159  0  0
23.6184  0.345575  0  0
23.6184  0.376991  0  0
23.6184  0.408407  0  0
23.6184  0.439823  0  0
23.6184  0.471239  0  0
23.6184  0.502655  0  0
23.6184  0.534071  0  0
23.6184  0.565487  0.0155383  0.114017
23.6184  0.596903  0.144119  0.105748
23.6184  0.628319  0.067204  0.127148
23.6184  0.659734  0.0786526  0.135695
23.6184  0.69115  0.199054  0.198553
23.6184  0.722566  0.0528471  0.0473479
23.6184  0.753982  0.0886507  0.139037
23.6184  0.785398  0.0808633  0.129566
23.6184  0.816814  0.123224  0.104872
23.6184  0.84823  0.150392  0.178738
23.6184  0.879646  0.0845496  0.133224
23.6184  0.911062  0.0521353  0.0378721
23.6184  0.942478  0.0811168  0.128877
23.6184  0.973894  0.0525694  0.0486302
23.6184  1.00531  0.0858883  0.102731
23.6184  1.03673  0.0874638  0.0825762
23.6184  1.06814  0.0680486  0.114012
23.6184  1.09956  0.145821  0.0755726
23.6184  1.13097  0.111539  0.118863
23.6184  1.16239  0.0864483  0.0811879
23.6184  1.19381  0.0738314  0.118303
23.6184  1.22522  0.0741  0.110623
23.6184  1.25664  0.0551563  0.0966437
23.6184  1.28805  0.0653284  0.0972849
23.6184  1.31947  0.0561451  0.0934267
23.6184  1.35088  0.0717064  0.111798
23.6184  1.3823  0.15399  0.139772
23.6184  1.41372  0.0930153  0.102352
23.6184  1.44513  0.0657883  0.120889
23.6184  1.47655  0.0453973  0.0822981
23.6184  1.50796  0.0672344  0.108053
23.6184  1.53938  0.0821572  0.106246
23.6184  1.5708  0.0689744  0.128823
23.6184  1.60221  0.164501  0.118174
23.6184  1.63363  0.0653583  0.105152
23.6184  1.66504  0.0506248  0.0552311
23.6184  1.69646  0.151024  0.128113
23.6184  1.72788  0.0595736  0.104732
23.6184  1.75929  0.0535347  0.0932634
23.6184  1.79071  0.0486603  0.0406093
23.6184  1.82212  0.0750582  0.115133
23.6184  1.85354  0.0643219  0.121835
23.6184  1.88496  0.0926761  0.0852814
23.6184  1.91637  0.0490652  0.0473647
23.6184  1.94779  0.0493205  0.0448788
23.6184  1.9792  0.069357  0.119111
23.6184  2.01062  0.14228  0.098134
23.6184  2.04204  0.0598318  0.106998
23.6184  2.07345  0.06428  0.0585941
23.6184  2.10487  0.177704  0.0897001
23.6184  2.13628  0.0540383  0.0473906
23.6184  2.1677  0.110818  0.103218
23.6184  2.19911  0.0623844  0.108677
23.6184  2.23053  0.404212  0.204027
23.6184  2.26195  0.0920257  0.102356
23.6184  2.29336  0.0867475  0.115461
23.6184  2.32478  0.0552182  0.101598
23.6184  2.35619  0.111734  0.107569
23.6184  2.38761  0.131247  0.129718
23.6184  2.41903  0.169992  0.0850536
23.6184  2.45044  0.104882  0.132667
23.6184  2.48186  0.0957555  0.129465
23.6184  2.51327  0.107573  0.146116
23.6184  2.54469  0.25932  1.66016
23.6184  2.57611  0  0
23.6184  2.60752  0  0
23.6184  2.63894  0  0
23.6184  2.67035  0  0
23.6184  2.70177  0  0
23.6184  2.73319  0  0
23.6184  2.7646  0  0
23.6184  2.79602  0  0
23.6184  2.82743  0  0
23.6184  2.85885  0  0
23.6184  2.89027  0  0
23.6184  2.92168  0  0
23.6184  2.9531  0  0
23.6184  2.98451  0  0
23.6184  3.01593  0  0
23.6184  3.04734  0  0
23.6184  3.07876  0  0
23.6184  3.11018  0  0
23.7566  0  0  0
23.7566  0.0314159  0  0
23.7566  0.0628319  0  0
23.7566  0.0942478  0  0
23.7566  0.125664  0  0
23.7566  0.15708  0  0
23.7566  0.188496  0  0
23.7566  0.219911  0  0
23.7566  0.251327  0  0
23.7566  0.282743  0  0
23.7566  0.314159  0  0
23.7566  0.345575  0  0
23.7566  0.376991  0  0
23.7566  0.408407  0  0
23.7566  0.439823  0  0
23.7566  0.471239  0  0
23.7566  0.502655  0  0
23.7566  0.534071  0  0
23.7566  0.565487  0.258759  1.70226
23.7566  0.596903  0.0676041  0.112255
23.7566  0.628319  0.229608  0.148404
23.7566  0.659734  0.173321  0.138234
23.7566  0.69115  0.0586081  0.124653
23.7566  0.722566  0.0949714  0.149734
23.7566  0.753982  0.0874153  0.129502
23.7566  0.785398  0.0768456  0.115805
23.7566  0.816814  0.046219  0.0352193
23.7566  0.84823  0.122355  0.103622
23.7566  0.879646  0.0810453  0.12607
23.7566  0.911062  0.0783953  0.11331
23.7566  0.942478  0.0659257  0.0644112
23.7566  0.973894  0.0828558  0.137239
23.7566  1.00531  0.091258  0.118885
23.7566  1.03673  0.0481178  0.0395909
23.7566  1.06814  0.146006  0.145326
23.7566  1.09956  0.0986533  0.0850494
23.7566  1.13097  0.0577127  0.0618225
23.7566  1.16239  0.1644  0.143855
23.7566  1.19381  0.146829  0.144938
23.7566  1.22522  0.0676339  0.11546
23.7566  1.25664  0.0873019  0.105029
23.7566  1.28805  0.107989  0.0970976
23.7566  1.31947  0.0647386  0.0979624
23.7566  1.35088  0.0737133  0.0941813
23.7566  1.3823  0.0813295  0.0820973
23.7566  1.41372  0.0818887  0.105494
23.7566  1.44513  0.0497765  0.0467205
23.7566  1.47655  0.0490864  0.0839177
23.7566  1.50796  0.0557347  0.101835
23.7566  1.53938  0.0698524  0.0775065
23.7566  1.5708  0.168495  0.16806
23.7566  1.60221  0.0565052  0.104413
23.7566  1.63363  0.0673134  0.110976
23.7566  1.66504  0.128824  0.098472
23.7566  1.69646  0.0664502  0.0943024
23.7566  1.72788  0.167105  0.135142
23.7566  1.75929  0.0381866  0.0383874
23.7566  1.79071  0.0837781  0.087479
23.7566  1.82212  0.0853166  0.0893441
23.7566  1.85354  0.0954886  0.0786622
23.7566  1.88496  0.0625771  0.103198
23.7566  1.91637  0.0513515  0.0453442
23.7566  1.94779  0.0965619  0.0800868
23.7566  1.9792  0.0557572  0.104676
23.7566  2.01062  0.0945689  0.0826099
23.7566  2.04204  0.0811929  0.118226
23.7566  2.07345  0.0707837  0.107352
23.7566  2.10487  0.0852589  0.109352
23.7566  2.13628  0.0925108  0.125587
23.7566  2.1677  0.100719  0.0927305
23.7566  2.19911  0.0700678  0.0712078
23.7566  2.23053  0.074956  0.12412
23.7566  2.26195  0.0607319  0.0589144
23.7566  2.29336  0.0827301  0.115124
23.7566  2.32478  0.162771  0.119821
23.7566  2.35619  0.0761923  0.126618
23.7566  2.38761  0.0800419  0.0866493
23.7566  2.41903  0.142173  0.138149
23.7566  2.45044  0.231033  0.186089
23.7566  2.48186  0.216616  0.11963
23.7566  2.51327  0.111346  0.0972076
23.7566  2.54469  0.258759  1.70226
23.7566  2.57611  0  0
23.7566  2.60752  0  0
23.7566  2.63894  0  0
23.7566  2.67035  0  0
23.7566  2.70177  0  0
23.7566  2.73319  0  0
23.7566  2.7646  0  0
23.7566  2.79602  0  0
23.7566  2.82743  0  0
23.7566  2.85885  0  0
23.7566  2.89027  0  0
23.7566  2.92168  0  0
23.7566  2.9531  0  0
23.7566  2.98451  0  0
23.7566  3.01593  0  0
23.7566  3.04734  0  0
23.7566  3.07876  0  0
23.7566  3.11018  0  0
23.8947  0  0  0
23.8947  0.0314159  0  0
23.8947  0.0628319  0  0
23.8947  0.0942478  0  0
23.8947  0.125664  0  0
23.8947  0.15708  0  0
23.8947  0.188496  0  0
23.8947  0.219911  0  0
23.8947  0.251327  0  0
23.8947  0.282743  0  0
23.8947  0.314159  0  0
23.8947  0.345575  0  0
23.8947  0.376991  0  0
23.8947  0.408407  0  0
23.8947  0.439823  0  0
23.8947  0.471239  0  0
23.8947  0.502655  0  0
23.8947  0.534071  0  0
23.8947  0.565487  0.0649099  0.17114
23.8947  0.596903  0.223013  0.204771
23.8947  0.628319  0.163865  0.124995
23.8947  0.659734  0.0619596  0.108537
23.8947  0.69115  0.0905192  0.139827
23.8947  0.722566  0.0862426  0.11382
23.8947  0.753982  0.0730889  0.130632
23.8947  0.785398  0.0952159  0.131433
23.8947  0.816814  0.0777238  0.133643
23.8947  0.84823  0.0649788  0.116044
23.8947  0.879646  0.0739984  0.12073
23.8947  0.911062  0.0662884  0.0701364
23.8947  0.942478  0.0923646  0.113246
23.8947  0.973894  0.0545731  0.0568852
23.8947  1.00531  0.0955084  0.0880598
23.8947  1.03673  0.0522129  0.0475647
23.8947  1.06814  0.0862069  0.116728
23.8947  1.09956  0.0883566  0.121487
23.8947  1.13097  0.0803596  0.106919
23.8947  1.16239  0.0839868  0.129502
23.8947  1.19381  0.0726175  0.102899
23.8947  1.22522  0.0517535  0.0434193
23.8947  1.25664  0.0777577  0.0936512
23.8947  1.28805  0.0485583  0.0472061
23.8947  1.31947  0.0926686  0.0896196
23.8947  1.35088  0.0740143  0.114494
23.8947  1.3823  0.0691071  0.109606
23.8947  1.41372  0.0466102  0.0517625
23.8947  1.44513  0.119432  0.135804
23.8947  1.47655  0.17045  0.159661
23.8947  1.50796  0.156463  0.0791191
23.8947  1.53938  0.0546968  0.100962
23.8947  1.5708  0.0972712  0.0999518
23.8947  1.60221  0.0821198  0.123714
23.8947  1.63363  0.0681265  0.10128
23.8947  1.66504  0.0561983  0.0996248
23.8947  1.69646  0.175788  0.0973741
23.8947  1.72788  0.0879973  0.08342
23.8947  1.75929  0.123068  0.114246
23.8947  1.79071  0.0589798  0.100515
23.8947  1.82212  0.118332  0.134476
23.8947  1.85354  0.0671711  0.109268
23.8947  1.88496  0.0525185  0.0554239
23.8947  1.91637  0.154668  0.105436
23.8947  1.94779  0.046848  0.0379501
23.8947  1.9792  0.0595453  0.0992015
23.8947  2.01062  0.124564  0.127951
23.8947  2.04204  0.0602327  0.108813
23.8947  2.07345  0.0561442  0.0919579
23.8947  2.10487  0.0514941  0.0456315
23.8947  2.13628  0.0926954  0.0946395
23.8947  2.1677  0.0693247  0.0667266
23.8947  2.19911  0.0441211  0.0302008
23.8947  2.23053  0.0727776  0.113631
23.8947  2.26195  0.0712945  0.115471
23.8947  2.29336  0.07999  0.122415
23.8947  2.32478  0.0993915  0.143612
23.8947  2.35619  0.184762  0.184731
23.8947  2.38761  0.192758  0.135574
23.8947  2.41903  0.117768  0.137814
23.8947  2.45044  0.151198  0.131614
23.8947  2.48186  0.129895  0.125828
23.8947  2.51327  0.182678  0.187382
23.8947  2.54469  0.0332368  0.0280115
23.8947  2.57611  0  0
23.8947  2.60752  0  0
23.8947  2.63894  0  0
23.8947  2.67035  0  0
23.8947  2.70177  0  0
23.8947  2.73319  0  0
23.8947  2.7646  0  0
23.8947  2.79602  0  0
23.8947  2.82743  0  0
23.8947  2.85885  0  0
23.8947  2.89027  0  0
23.8947  2.92168  0  0
23.8947  2.9531  0  0
23.8947  2.98451  0  0
23.8947  3.01593  0  0
23.8947  3.04734  0  0
23.8947  3.07876  0  0
23.8947  3.11018  0  0
24.0329  0  0  0
24.0329  0.0314159  0  0
24.0329  0.0628319  0  0
24.0329  0.0942478  0  0
24.0329  0.125664  0  0
24.0329  0.15708  0  0
24.0329  0.188496  0  0
24.0329  0.219911  0  0
24.0329  0.251327  0  0
24.0329  0.282743  0  0
24.0329  0.314159  0  0
24.0329  0.345575  0  0
24.0329  0.376991  0  0
24.0329  0.408407  0  0
24.0329  0.439823  0  0
24.0329  0.471239  0  0
24.0329  0.502655  0  0
24.0329  0.534071  0  0
24.0329  0.565487  0.170723  0.119619
24.0329  0.596903  0.175978  0.115193
24.0329  0.628319  0.071828  0.115339
24.0329  0.659734  0.085003  0.100273
24.0329  0.69115  0.0935078  0.103295
24.0329  0.722566  0.063991  0.0691353
24.0329  0.753982  0.119091  0.0976255
24.0329  0.785398  0.0894467  0.131052
24.0329  0.816814  0.0978153  0.140014
24.0329  0.84823  0.0512377  0.0526355
24.0329  0.879646  0.0689686  0.0703124
24.0329  0.911062  0.0500455  0.0377956
24.0329  0.942478  0.0535097  0.0402399
24.0329  0.973894  0.0878505  0.135426
24.0329  1.00531  0.0667739  0.0710599
24.0329  1.03673  0.0727852  0.120737
24.0329  1.06814  0.0744225  0.0726854
24.0329  1.09956  0.0763667  0.110824
24.0329  1.13097  0.0566231  0.0858681
24.0329  1.16239  0.070809  0.085991
24.0329  1.19381  0.0847132  0.125364
24.0329  1.22522  0.0601932  0.0916582
24.0329  1.25664  0.0595684  0.104343
24.0329  1.28805  0.0623101  0.104382
24.0329  1.31947  0.0748046  0.110737
24.0329  1.35088  0.0425214  0.0331485
24.0329  1.3823  0.176317  0.176158
24.0329  1.41372  0.0673274  0.116183
24.0329  1.44513  0.0510796  0.0854963
24.0329  1.47655  0.154381  0.154339
24.0329  1.50796  0.068186  0.11242
24.0329  1.53938  0.0885184  0.088602
24.0329  1.5708  0.0655814  0.106112
24.0329  1.60221  0.0894139  0.096419
24.0329  1.63363  0.0543065  0.0553542
24.0329  1.66504  0.0446384  0.0470839
24.0329  1.69646  0.140146  0.0960023
24.0329  1.72788  0.0713154  0.100589
24.0329  1.75929  0.0801335  0.0903758
24.0329  1.79071  0.0652711  0.112239
24.0329  1.82212  0.0582751  0.100709
24.0329  1.85354  0.0860112  0.0845092
24.0329  1.88496  0.078475  0.100229
24.0329  1.91637  0.0447658  0.0473584
24.0329  1.94779  0.0614577  0.108929
24.0329  1.9792  0.0848819  0.07849
24.0329  2.01062  0.0682867  0.108454
24.0329  2.04204  0.0571494  0.0989432
24.0329  2.07345  0.0852126  0.130777
24.0329  2.10487  0.0644174  0.0696557
24.0329  2.13628  0.124555  0.0876622
24.0329  2.1677  0.184242  0.10009
24.0329  2.19911  0.0745203  0.10581
24.0329  2.23053  0.053557  0.052745
24.0329  2.26195  0.0577747  0.0645171
24.0329  2.29336  0.0453884  0.0362265
24.0329  2.32478  0.0781615  0.126004
24.0329  2.35619  0.16963  0.121689
24.0329  2.38761  0.0526418  0.058137
24.0329  2.41903  0.0760116  0.131149
24.0329  2.45044  0.116302  0.122328
24.0329  2.48186  0.102007  0.113343
24.0329  2.51327  0.0855326  0.169276
24.0329  2.54469  0.229888  0.171682
24.0329  2.57611  0  0
24.0329  2.60752  0  0
24.0329  2.63894  0  0
24.0329  2.67035  0  0
24.0329  2.70177  0  0
24.0329  2.73319  0  0
24.0329  2.7646  0  0
24.0329  2.79602  0  0
24.0329  2.82743  0  0
24.0329  2.85885  0  0
24.0329  2.89027  0  0
24.0329  2.92168  0  0
24.0329  2.9531  0  0
24.0329  2.98451  0  0
24.0329  3.01593  0  0
24.0329  3.04734  0  0
24.0329  3.07876  0  0
24.0329  3.11018  0  0
24.1711  0  0  0
24.1711  0.0314159  0  0
24.1711  0.0628319  0  0
24.1711  0.0942478  0  0
24.1711  0.125664  0  0
24.1711  0.15708  0  0
24.1711  0.188496  0  0
24.1711  0.219911  0  0
24.1711  0.251327  0  0
24.1711  0.282743  0  0
24.1711  0.314159  0  0
24.1711  0.345575  0  0
24.1711  0.376991  0  0
24.1711  0.408407  0  0
24.1711  0.439823  0  0
24.1711  0.471239  0  0
24.1711  0.502655  0  0
24.1711  0.534071  0  0
24.1711  0.565487  0.241009  0.125561
24.1711  0.596903  0.147383  0.159157
24.1711  0.628319  0.171767  0.143809
24.1711  0.659734  0.13148  0.149838
24.1711  0.69115  0.0695063  0.113587
24.1711  0.722566  0.116448  0.164862
24.1711  0.753982  0.0582338  0.106859
24.1711  0.785398  0.132934  0.170336
24.1711  0.816814  0.0654568  0.106173
24.1711  0.84823  0.167564  0.118984
24.1711  0.879646  0.0629768  0.10576
24.1711  0.911062  0.105536  0.101528
24.1711  0.942478  0.129308  0.122541
24.1711  0.973894  0.0895084  0.134207
24.1711  1.00531  0.0783862  0.119528
24.1711  1.03673  0.0700548  0.11295
24.1711  1.06814  0.0549298  0.0997741
24.1711  1.09956  0.0478085  0.0431753
24.1711  1.13097  0.0549116  0.101044
24.1711  1.16239  0.039641  0.0393406
24.1711  1.19381  0.042054  0.0382444
24.1711  1.22522  0.0713774  0.110448
24.1711  1.25664  0.0798206  0.0720072
24.1711  1.28805  0.0616275  0.111142
24.1711  1.31947  0.0485123  0.0541206
24.1711  1.35088  0.0519164  0.0933149
24.1711  1.3823  0.0487401  0.0914702
24.1711  1.41372  0.0590577  0.103213
24.1711  1.44513  0.0512463  0.0499798
24.1711  1.47655  0.118086  0.0710185
24.1711  1.50796  0.0757474  0.0882571
24.1711  1.53938  0.0604905  0.106602
24.1711  1.5708  0.169495  0.0847577
24.1711  1.60221  0.0527576  0.0465547
24.1711  1.63363  0.142726  0.128907
24.1711  1.66504  0.0827557  0.0890671
24.1711  1.69646  0.0549822  0.0524599
24.1711  1.72788  0.0544626  0.0908194
24.1711  1.75929  0.0632502  0.114791
24.1711  1.79071  0.134801  0.0794946
24.1711  1.82212  0.0465888  0.036412
24.1711  1.85354  0.0403875  0.0268939
24.1711  1.88496  0.0578432  0.100581
24.1711  1.91637  0.10542  0.0873796
24.1711  1.94779  0.0716893  0.092298
24.1711  1.9792  0.0936332  0.10849
24.1711  2.01062  0.159356  1.35234
24.1711  2.04204  0.0662105  0.0884217
24.1711  2.07345  0.0876196  0.0814326
24.1711  2.10487  0.077513  0.0806175
24.1711  2.13628  0.0717074  0.120037
24.1711  2.1677  0.0872192  0.106912
24.1711  2.19911  0.0660174  0.113508
24.1711  2.23053  0.0600709  0.0582817
24.1711  2.26195  0.191757  0.189009
24.1711  2.29336  0.0602403  0.0512283
24.1711  2.32478  0.105317  0.107431
24.1711  2.35619  0.171243  0.177779
24.1711  2.38761  0.113876  0.151619
24.1711  2.41903  0.128761  0.142104
24.1711  2.45044  0.251933  0.127047
24.1711  2.48186  0.0692664  0.125773
24.1711  2.51327  0.164204  0.0993843
24.1711  2.54469  0.221918  0.152027
24.1711  2.57611  0.247912  1.97438
24.1711  2.60752  0  0
24.1711  2.63894  0  0
24.1711  2.67035  0  0
24.1711  2.70177  0  0
24.1711  2.73319  0  0
24.1711  2.7646  0  0
24.1711  2.79602  0  0
24.1711  2.82743  0  0
24.1711  2.85885  0  0
24.1711  2.89027  0  0
24.1711  2.92168  0  0
24.1711  2.9531  0  0
24.1711  2.98451  0  0
24.1711  3.01593  0  0
24.1711  3.04734  0  0
24.1711  3.07876  0  0
24.1711  3.11018  0  0
24.3092  0  0  0
24.3092  0.0314159  0  0
24.3092  0.0628319  0  0
24.3092  0.0942478  0  0
24.3092  0.125664  0  0
24.3092  0.15708  0  0
24.3092  0.188496  0  0
24.3092  0.219911  0  0
24.3092  0.251327  0  0
24.3092  0.282743  0  0
24.3092  0.314159  0  0
24.3092  0.345575  0  0
24.3092  0.376991  0  0
24.3092  0.408407  0  0
24.3092  0.439823  0  0
24.3092  0.471239  0  0
24.3092  0.502655  0  0
24.3092  0.534071  0  0
24.3092  0.565487  0.153302  0.0783908
24.3092  0.596903  0.194501  0.184322
24.3092  0.628319  0.097222  0.107501
24.3092  0.659734  0.207603  0.140323
24.3092  0.69115  0.170684  0.171367
24.3092  0.722566  0.0894858  0.147073
24.3092  0.753982  0.0506068  0.0431429
24.3092  0.785398  0.173899  0.173175
24.3092  0.816814  0.0715776  0.11396
24.3092  0.84823  0.0572745  0.0457909
24.3092  0.879646  0.0614881  0.05869
24.3092  0.911062  0.0631871  0.0526459
24.3092  0.942478  0.0992182  0.0979459
24.3092  0.973894  0.0793062  0.108636
24.3092  1.00531  0.109999  0.128432
24.3092  1.03673  0.0761136  0.115399
24.3092  1.06814  0.0579048  0.101019
24.3092  1.09956  0.0632704  0.0696472
24.3092  1.13097  0.0640165  0.0618676
24.3092  1.16239  0.164123  0.151338
24.3092  1.19381  0.0828858  0.129661
24.3092  1.22522  0.0890118  0.105604
24.3092  1.25664  0.0602513  0.100557
24.3092  1.28805  0.103428  0.113713
24.3092  1.31947  0.113406  0.0749773
24.3092  1.35088  0.060289  0.102361
24.3092  1.3823  0.103249  0.086134
24.3092  1.41372  0.0753685  0.104244
24.3092  1.44513  0.0626654  0.104823
24.3092  1.47655  0.0851596  0.0986046
24.3092  1.50796  0.164419  0.116101
24.3092  1.53938  0.0575434  0.102134
24.3092  1.5708  0.0872751  0.095523
24.3092  1.60221  0.180709  0.144919
24.3092  1.63363  0.112018  0.0949947
24.3092  1.66504  0.0648266  0.0720354
24.3092  1.69646  0.0769274  0.107996
24.3092  1.72788  0.0729907  0.117147
24.3092  1.75929  0.158855  0.157963
24.3092  1.79071  0.0596327  0.10134
24.3092  1.82212  0.0962097  0.111019
24.3092  1.85354  0.162918  0.155163
24.3092  1.88496  0.0987336  0.092145
24.3092  1.91637  0.0537651  0.0989612
24.3092  1.94779  0.0981914  0.131113
24.3092  1.9792  0.113452  0.0997863
24.3092  2.01062  0.198103  0.126603
24.3092  2.04204  0.0434709  0.038239
24.3092  2.07345  0.0829657  0.133176
24.3092  2.10487  0.0593769  0.0613862
24.3092  2.13628  0.0571577  0.0596018
24.3092  2.1677  0.0488793  0.0413883
24.3092  2.19911  0.0550177  0.0570793
24.3092  2.23053  0.052682  0.0432112
24.3092  2.26195  0.0688253  0.113016
24.3092  2.29336  0.0813625  0.110299
24.3092  2.32478  0.0533512  0.0580098
24.3092  2.35619  0.0720727  0.124183
24.3092  2.38761  0.200047  0.114457
24.3092  2.41903  0.0925518  0.0982876
24.3092  2.45044  0.0994794  0.114454
24.3092  2.48186  0.1512  0.119716
24.3092  2.51327  0.109887  0.140131
24.3092  2.54469  0.203623  0.128844
24.3092  2.57611  0.258759  1.70226
24.3092  2.60752  0  0
24.3092  2.63894  0  0
24.3092  2.67035  0  0
24.3092  2.70177  0  0
24.3092  2.73319  0  0
24.3092  2.7646  0  0
24.3092  2.79602  0  0
24.3092  2.82743  0  0
24.3092  2.85885  0  0
24.3092  2.89027  0  0
24.3092  2.92168  0  0
24.3092  2.9531  0  0
24.3092  2.98451  0  0
24.3092  3.01593  0  0
24.3092  3.04734  0  0
24.3092  3.07876  0  0
24.3092  3.11018  0  0
24.4474  0  0  0
24.4474  0.0314159  0  0
24.4474  0.0628319  0  0
24.4474  0.0942478  0  0
24.4474  0.125664  0  0
24.4474  0.15708  0  0
24.4474  0.188496  0  0
24.4474  0.219911  0  0
24.4474  0.251327  0  0
24.4474  0.282743  0  0
24.4474  0.314159  0  0
24.4474  0.345575  0  0
24.4474  0.376991  0  0
24.4474  0.408407  0  0
24.4474  0.439823  0  0
24.4474  0.471239  0  0
24.4474  0.502655  0  0
24.4474  0.534071  0.140607  0.135047
24.4474  0.565487  0.239383  0.147475
24.4474  0.596903  0.140475  0.158377
24.4474  0.628319  0.087505  0.113536
24.4474  0.659734  0.081798  0.111472
24.4474  0.69115  0.105468  0.0955077
24.4474  0.722566  0.0795005  0.13625
24.4474  0.753982  0.0999629  0.112744
24.4474  0.785398  0.071307  0.0678419
24.4474  0.816814  0.0755164  0.121511
24.4474  0.84823  0.0682699  0.119326
24.4474  0.879646  0.0593137  0.104493
24.4474  0.911062  0.0762807  0.126022
24.4474  0.942478  0.0478542  0.0340854
24.4474  0.973894  0.0538476  0.0957585
24.4474  1.00531  0.0612884  0.107178
24.4474  1.03673  0.0698346  0.111925
24.4474  1.06814  0.049834  0.0501561
24.4474  1.09956  0.0603809  0.0621477
24.4474  1.13097  0.0471797  0.0493042
24.4474  1.16239  0.103972  0.108798
24.4474  1.19381  0.0790312  0.0955778
24.4474  1.22522  0.0640147  0.110824
24.4474  1.25664  0.108134  0.125901
24.4474  1.28805  0.0776326  0.119152
24.4474  1.31947  0.0639289  0.106473
24.4474  1.35088  0.0666875  0.111798
24.4474  1.3823  0.10291  0.0791165
24.4474  1.41372  0.0575298  0.102521
24.4474  1.44513  0.0613862  0.0982995
24.4474  1.47655  0.106799  0.109084
24.4474  1.50796  0.039842  0.0350884
24.4474  1.53938  0.119151  0.120807
24.4474  1.5708  0.0518217  0.0922042
24.4474  1.60221  0.0564254  0.10477
24.4474  1.63363  0.0849151  0.0776927
24.4474  1.66504  0.0575221  0.0639394
24.4474  1.69646  0.141767  0.102004
24.4474  1.72788  0.0726196  0.104596
24.4474  1.75929  0.0705878  0.100748
24.4474  1.79071  0.0557155  0.110779
24.4474  1.82212  0.0645471  0.0981437
24.4474  1.85354  0.0519066  0.0975344
24.4474  1.88496  0.070217  0.0968577
24.4474  1.91637  0.152945  0.100794
24.4474  1.94779  0.0752929  0.0833521
24.4474  1.9792  0.0592337  0.0609366
24.4474  2.01062  0.0884846  0.129703
24.4474  2.04204  0.120879  0.119053
24.4474  2.07345  0.0834643  0.127101
24.4474  2.10487  0.046151  0.0390803
24.4474  2.13628  0.168568  0.0915065
24.4474  2.1677  0.104613  0.086267
24.4474  2.19911  0.0646986  0.103691
24.4474  2.23053  0.0679531  0.110959
24.4474  2.26195  0.189233  0.120089
24.4474  2.29336  0.0764709  0.127105
24.4474  2.32478  0.106377  0.130558
24.4474  2.35619  0.156962  0.150314
24.4474  2.38761  0.119101  0.11178
24.4474  2.41903  0.203644  0.132771
24.4474  2.45044  0.170519  0.115654
24.4474  2.48186  0.116499  0.119167
24.4474  2.51327  0.108284  0.150998
24.4474  2.54469  0.136581  0.0792907
24.4474  2.57611  0.258123  1.7505
24.4474  2.60752  0  0
24.4474  2.63894  0  0
24.4474  2.67035  0  0
24.4474  2.70177  0  0
24.4474  2.73319  0  0
24.4474  2.7646  0  0
24.4474  2.79602  0  0
24.4474  2.82743  0  0
24.4474  2.85885  0  0
24.4474  2.89027  0  0
24.4474  2.92168  0  0
24.4474  2.9531  0  0
24.4474  2.98451  0  0
24.4474  3.01593  0  0
24.4474  3.04734  0  0
24.4474  3.07876  0  0
24.4474  3.11018  0  0
24.5855  0  0  0
24.5855  0.0314159  0  0
24.5855  0.0628319  0  0
24.5855  0.0942478  0  0
24.5855  0.125664  0  0
24.5855  0.15708  0  0
24.5855  0.188496  0  0
24.5855  0.219911  0  0
24.5855  0.251327  0  0
24.5855  0.282743  0  0
24.5855  0.314159  0  0
24.5855  0.345575  0  0
24.5855  0.376991  0  0
24.5855  0.408407  0  0
24.5855  0.439823  0  0
24.5855  0.471239  0  0
24.5855  0.502655  0  0
24.5855  0.534071  0.258123  1.7505
24.5855  0.565487  0.21924  0.219127
24.5855  0.596903  0.144227  0.109153
24.5855  0.628319  0.0725578  0.109425
24.5855  0.659734  0.082651  0.0997555
24.5855  0.69115  0.191194  0.189215
24.5855  0.722566  0.129741  0.133079
24.5855  0.753982  0.0931947  0.0972551
24.5855  0.785398  0.0445344  0.0262438
24.5855  0.816814  0.0828179  0.127023
24.5855  0.84823  0.0658575  0.0656705
24.5855  0.879646  0.104841  0.0975721
24.5855  0.911062  0.0541789  0.0955962
24.5855  0.942478  0.0552684  0.0506577
24.5855  0.973894  0.0748723  0.130132
24.5855  1.00531  0.0816728  0.129282
24.5855  1.03673  0.0888173  0.121116
24.5855  1.06814  0.0561117  0.0596289
24.5855  1.09956  0.0779564  0.122394
24.5855  1.13097  0.0570218  0.100736
24.5855  1.16239  0.0805389  0.0910247
24.5855  1.19381  0.0793287  0.0680802
24.5855  1.22522  0.0828432  0.100381
24.5855  1.25664  0.0498507  0.0470402
24.5855  1.28805  0.0487043  0.0539035
24.5855  1.31947  0.0997513  0.113382
24.5855  1.35088  0.0920022  0.102625
24.5855  1.3823  0.125988  0.132982
24.5855  1.41372  0.0757639  0.107831
24.5855  1.44513  0.154743  0.0774349
24.5855  1.47655  0.134196  0.125651
24.5855  1.50796  0.144883  0.144822
24.5855  1.53938  0.0437926  0.0413078
24.5855  1.5708  0.05815  0.10409
24.5855  1.60221  0.0653872  0.108903
24.5855  1.63363  0.0340817  0.0268365
24.5855  1.66504  0.0657949  0.109855
24.5855  1.69646  0.101158  0.118187
24.5855  1.72788  0.0353772  0.0360228
24.5855  1.75929  0.0757233  0.117469
24.5855  1.79071  0.167636  0.0974542
24.5855  1.82212  0.0680849  0.121416
24.5855  1.85354  0.062316  0.109992
24.5855  1.88496  0.169981  0.146883
24.5855  1.91637  0.0521894  0.0505883
24.5855  1.94779  0.128602  0.147509
24.5855  1.9792  0.0566198  0.102434
24.5855  2.01062  0.0539336  0.0489909
24.5855  2.04204  0.0526042  0.0462242
24.5855  2.07345  0.0445986  0.0327665
24.5855  2.10487  0.0569167  0.0607371
24.5855  2.13628  0.0376825  0.0199798
24.5855  2.1677  0.0679526  0.112414
24.5855  2.19911  0.0922448  0.0800884
24.5855  2.23053  0.0712185  0.116971
24.5855  2.26195  0.0512914  0.0555571
24.5855  2.29336  0.0513346  0.0365135
24.5855  2.32478  0.0942499  0.100222
24.5855  2.35619  0.0595919  0.0588605
24.5855  2.38761  0.0532378  0.0490283
24.5855  2.41903  0.124554  0.148243
24.5855  2.45044  0.0987936  0.141762
24.5855  2.48186  0.111999  0.143678
24.5855  2.51327  0.210822  0.174321
24.5855  2.54469  0.230298  0.23001
24.5855  2.57611  0.138761  0.138177
24.5855  2.60752  0  0
24.5855  2.63894  0  0
24.5855  2.67035  0  0
24.5855  2.70177  0  0
24.5855  2.73319  0  0
24.5855  2.7646  0  0
24.5855  2.79602  0  0
24.5855  2.82743  0  0
24.5855  2.85885  0  0
24.5855  2.89027  0  0
24.5855  2.92168  0  0
24.5855  2.9531  0  0
24.5855  2.98451  0  0
24.5855  3.01593  0  0
24.5855  3.04734  0  0
24.5855  3.07876  0  0
24.5855  3.11018  0  0
24.7237  0  0  0
24.7237  0.0314159  0  0
24.7237  0.0628319  0  0
24.7237  0.0942478  0  0
24.7237  0.125664  0  0
24.7237  0.15708  0  0
24.7237  0.188496  0  0
24.7237  0.219911  0  0
24.7237  0.251327  0  0
24.7237  0.282743  0  0
24.7237  0.314159  0  0
24.7237  0.345575  0  0
24.7237  0.376991  0  0
24.7237  0.408407  0  0
24.7237  0.439823  0  0
24.7237  0.471239  0  0
24.7237  0.502655  0  0
24.7237  0.534071  0.154257  0.0824283
24.7237  0.565487  0.0747797  0.11738
24.7237  0.596903  0.229467  0.191752
24.7237  0.628319  0.160423  0.11745
24.7237  0.659734  0.186326  0.133511
24.7237  0.69115  0.0879556  0.112099
24.7237  0.722566  0.0854913  0.106921
24.7237  0.753982  0.177446  0.174878
24.7237  0.785398  0.0851528  0.0857482
24.7237  0.816814  0.0815508  0.133339
24.7237  0.84823  0.0560476  0.0505564
24.7237  0.879646  0.0991848  0.129506
24.7237  0.911062  0.0455545  0.0286429
24.7237  0.942478  0.0544716  0.0562294
24.7237  0.973894  0.0527099  0.0516555
24.7237  1.00531  0.0987457  0.0866716
24.7237  1.03673  0.0895128  0.103031
24.7237  1.06814  0.135618  0.145061
24.7237  1.09956  0.0960882  0.0951049
24.7237  1.13097  0.0698338  0.101822
24.7237  1.16239  0.127985  0.114666
24.7237  1.19381  0.0964058  0.135894
24.7237  1.22522  0.0579779  0.0573696
24.7237  1.25664  0.0961789  0.108109
24.7237  1.28805  0.0589911  0.100242
24.7237  1.31947  0.0925869  0.0941826
24.7237  1.35088  0.083292  0.108077
24.7237  1.3823  0.0418266  0.0433287
24.7237  1.41372  0.0818358  0.0740536
24.7237  1.44513  0.060954  0.106522
24.7237  1.47655  0.0452417  0.0456052
24.7237  1.50796  0.128678  0.075708
24.7237  1.53938  0.0682058  0.0615393
24.7237  1.5708  0.147428  0.0875333
24.7237  1.60221  0.157718  0.144512
24.7237  1.63363  0.126509  0.0769097
24.7237  1.66504  0.0550929  0.0997133
24.7237  1.69646  0.0599452  0.105381
24.7237  1.72788  0.0668972  0.114894
24.7237  1.75929  0.0948025  0.0855854
24.7237  1.79071  0.0562038  0.0575382
24.7237  1.82212  0.0692164  0.113538
24.7237  1.85354  0.0725538  0.116115
24.7237  1.88496  0.064253  0.11473
24.7237  1.91637  0.0733675  0.113167
24.7237  1.94779  0.0611724  0.10072
24.7237  1.9792  0.0606643  0.111217
24.7237  2.01062  0.0671211  0.120157
24.7237  2.04204  0.0913917  0.129579
24.7237  2.07345  0.0669137  0.106028
24.7237  2.10487  0.0839826  0.12416
24.7237  2.13628  0.0878604  0.131707
24.7237  2.1677  0.0765192  0.124669
24.7237  2.19911  0.0717162  0.116045
24.7237  2.23053  0.0598571  0.0622359
24.7237  2.26195  0.0636469  0.108885
24.7237  2.29336  0.144188  0.150446
24.7237  2.32478  0.0625025  0.0604615
24.7237  2.35619  0.0934164  0.118967
24.7237  2.38761  0.119643  0.102911
24.7237  2.41903  0.095432  0.152592
24.7237  2.45044  0.0686636  0.12846
24.7237  2.48186  0.18812  0.129564
24.7237  2.51327  0.214753  0.16905
24.7237  2.54469  0.177223  0.194732
24.7237  2.57611  0.216081  0.162028
24.7237  2.60752  0  0
24.7237  2.63894  0  0
24.7237  2.67035  0  0
24.7237  2.70177  0  0
24.7237  2.73319  0  0
24.7237  2.7646  0  0
24.7237  2.79602  0  0
24.7237  2.82743  0  0
24.7237  2.85885  0  0
24.7237  2.89027  0  0
24.7237  2.92168  0  0
24.7237  2.9531  0  0
24.7237  2.98451  0  0
24.7237  3.01593  0  0
24.7237  3.04734  0  0
24.7237  3.07876  0  0
24.7237  3.11018  0  0
24.8618  0  0  0
24.8618  0.0314159  0  0
24.8618  0.0628319  0  0
24.8618  0.0942478  0  0
24.8618  0.125664  0  0
24.8618  0.15708  0  0
24.8618  0.188496  0  0
24.8618  0.219911  0  0
24.8618  0.251327  0  0
24.8618  0.282743  0  0
24.8618  0.314159  0  0
24.8618  0.345575  0  0
24.8618  0.376991  0  0
24.8618  0.408407  0  0
24.8618  0.439823  0  0
24.8618  0.471239  0  0
24.8618  0.502655  0  0
24.8618  0.534071  0.238072  0.192627
24.8618  0.565487  0.0942005  0.103066
24.8618  0.596903  0.130937  0.162216
24.8618  0.628319  0.178312  0.171076
24.8618  0.659734  0.132222  0.173778
24.8618  0.69115  0.0629419  0.116319
24.8618  0.722566  0.0829457  0.131109
24.8618  0.753982  0.0590841  0.0630398
24.8618  0.785398  0.116711  0.131627
24.8618  0.816814  0.0710444  0.120026
24.8618  0.84823  0.0675575  0.119363
24.8618  0.879646  0.0955927  0.093122
24.8618  0.911062  0.103757  0.11681
24.8618  0.942478  0.095427  0.126416
24.8618  0.973894  0.185272  0.0964085
24.8618  1.00531  0.0881323  0.0910878
24.8618  1.03673  0.0646646  0.0708049
24.8618  1.06814  0.04405  0.0323484
24.8618  1.09956  0.09451  0.0918374
24.8618  1.13097  0.0841729  0.126053
24.8618  1.16239  0.102897  0.108322
24.8618  1.19381  0.0770621  0.0935478
24.8618  1.22522  0.13781  0.1125
24.8618  1.25664  0.0748066  0.081524
24.8618  1.28805  0.051601  0.0540309
24.8618  1.31947  0.0734376  0.116642
24.8618  1.35088  0.0630086  0.103276
24.8618  1.3823  0.0634971  0.114059
24.8618  1.41372  0.062196  0.111415
24.8618  1.44513  0.11143  0.130338
24.8618  1.47655  0.0894565  0.0736368
24.8618  1.50796  0.0469114  0.0896033
24.8618  1.53938  0.0411077  0.0356986
24.8618  1.5708  0.055125  0.103669
24.8618  1.60221  0.159133  0.0959678
24.8618  1.63363  0.0655183  0.110798
24.8618  1.66504  0.189398  0.13803
24.8618  1.69646  0.0591027  0.0994067
24.8618  1.72788  0.107576  0.105036
24.8618  1.75929  0.146637  0.0849973
24.8618  1.79071  0.0744331  0.0991203
24.8618  1.82212  0.125088  0.137221
24.8618  1.85354  0.0509962  0.048865
24.8618  1.88496  0.0811913  0.103494
24.8618  1.91637  0.117855  0.0798325
24.8618  1.94779  0.0477266  0.0401104
24.8618  1.9792  0.0499477  0.0492581
24.8618  2.01062  0.150334  0.0852819
24.8618  2.04204  0.156346  0.119671
24.8618  2.07345  0.0731234  0.120563
24.8618  2.10487  0.0489202  0.045221
24.8618  2.13628  0.0668658  0.112905
24.8618  2.1677  0.0569676  0.101598
24.8618  2.19911  0.0616091  0.110705
24.8618  2.23053  0.0607671  0.0608
24.8618  2.26195  0.0852791  0.101921
24.8618  2.29336  0.0848576  0.0830165
24.8618  2.32478  0.0578634  0.0514948
24.8618  2.35619  0.0748802  0.122803
24.8618  2.38761  0.0882554  0.128735
24.8618  2.41903  0.13331  0.145191
24.8618  2.45044  0.110452  0.11905
24.8618  2.48186  0.218774  0.114353
24.8618  2.51327  0.215218  0.233087
24.8618  2.54469  0.186864  0.129137
24.8618  2.57611  0.215442  0.119904
24.8618  2.60752  0  0
24.8618  2.63894  0  0
24.8618  2.67035  0  0
24.8618  2.70177  0  0
24.8618  2.73319  0  0
24.8618  2.7646  0  0
24.8618  2.79602  0  0
24.8618  2.82743  0  0
24.8618  2.85885  0  0
24.8618  2.89027  0  0
24.8618  2.92168  0  0
24.8618  2.9531  0  0
24.8618  2.98451  0  0
24.8618  3.01593  0  0
24.8618  3.04734  0  0
24.8618  3.07876  0  0
24.8618  3.11018  0  0
