4  0  0  0
4  0.0314159  0  0
4  0.0628319  0  0
4  0.0942478  0  0
4  0.125664  0  0
4  0.15708  0  0
4  0.188496  0  0
4  0.219911  0  0
4  0.251327  0  0
4  0.282743  0  0
4  0.314159  0  0
4  0.345575  0  0
4  0.376991  0  0
4  0.408407  0  0
4  0.439823  0  0
4  0.471239  0  0
4  0.502655  0  0
4  0.534071  0  0
4  0.565487  0  0
4  0.596903  0  0
4  0.628319  0  0
4  0.659734  0  0
4  0.69115  0  0
4  0.722566  0  0
4  0.753982  0  0
4  0.785398  0  0
4  0.816814  0  0
4  0.84823  0  0
4  0.879646  0  0
4  0.911062  0  0
4  0.942478  0  0
4  0.973894  0  0
4  1.00531  0  0
4  1.03673  0  0
4  1.06814  0  0
4  1.09956  0  0
4  1.13097  0  0
4  1.16239  0  0
4  1.19381  0  0
4  1.22522  0  0
4  1.25664  0  0
4  1.28805  0  0
4  1.31947  0  0
4  1.35088  0  0
4  1.3823  0  0
4  1.41372  0  0
4  1.44513  0  0
4  1.47655  0  0
4  1.50796  0  0
4  1.53938  0  0
4  1.5708  0  0
4  1.60221  0  0
4  1.63363  0  0
4  1.66504  0  0
4  1.69646  0  0
4  1.72788  0  0
4  1.75929  0  0
4  1.79071  0  0
4  1.82212  0  0
4  1.85354  0  0
4  1.88496  0  0
4  1.91637  0  0
4  1.94779  0  0
4  1.9792  0  0
4  2.01062  0  0
4  2.04204  0  0
4  2.07345  0  0
4  2.10487  0  0
4  2.13628  0  0
4  2.1677  0  0
4  2.19911  0  0
4  2.23053  0  0
4  2.26195  0  0
4  2.29336  0  0
4  2.32478  0  0
4  2.35619  0  0
4  2.38761  0  0
4  2.41903  0  0
4  2.45044  0  0
4  2.48186  0  0
4  2.51327  0  0
4  2.54469  0  0
4  2.57611  0  0
4  2.60752  0  0
4  2.63894  0  0
4  2.67035  0  0
4  2.70177  0  0
4  2.73319  0  0
4  2.7646  0  0
4  2.79602  0  0
4  2.82743  0  0
4  2.85885  0  0
4  2.89027  0  0
4  2.92168  0  0
4  2.9531  0  0
4  2.98451  0  0
4  3.01593  0  0
4  3.04734  0  0
4  3.07876  0  0
4  3.11018  0  0
4.13816  0  0  0
4.13816  0.0314159  0  0
4.13816  0.0628319  0  0
4.13816  0.0942478  0  0
4.13816  0.125664  0  0
4.13816  0.15708  0  0
4.13816  0.188496  0  0
4.13816  0.219911  0  0
4.13816  0.251327  0  0
4.13816  0.282743  0  0
4.13816  0.314159  0  0
4.13816  0.345575  0  0
4.13816  0.376991  0  0
4.13816  0.408407  0  0
4.13816  0.439823  0  0
4.13816  0.471239  0  0
4.13816  0.502655  0  0
4.13816  0.534071  0  0
4.13816  0.565487  0  0
4.13816  0.596903  0  0
4.13816  0.628319  0  0
4.13816  0.659734  0  0
4.13816  0.69115  0  0
4.13816  0.722566  0  0
4.13816  0.753982  0  0
4.13816  0.785398  0  0
4.13816  0.816814  0  0
4.13816  0.84823  0  0
4.13816  0.879646  0  0
4.13816  0.911062  0  0
4.13816  0.942478  0  0
4.13816  0.973894  0  0
4.13816  1.00531  0  0
4.13816  1.03673  0  0
4.13816  1.06814  0  0
4.13816  1.09956  0  0
4.13816  1.13097  0  0
4.13816  1.16239  0  0
4.13816  1.19381  0  0
4.13816  1.22522  0  0
4.13816  1.25664  0  0
4.13816  1.28805  0  0
4.13816  1.31947  0  0
4.13816  1.35088  0  0
4.13816  1.3823  0  0
4.13816  1.41372  0  0
4.13816  1.44513  0  0
4.13816  1.47655  0  0
4.13816  1.50796  0  0
4.13816  1.53938  0  0
4.13816  1.5708  0  0
4.13816  1.60221  0  0
4.13816  1.63363  0  0
4.13816  1.66504  0  0
4.13816  1.69646  0  0
4.13816  1.72788  0  0
4.13816  1.75929  0  0
4.13816  1.79071  0  0
4.13816  1.82212  0  0
4.13816  1.85354  0  0
4.13816  1.88496  0  0
4.13816  1.91637  0  0
4.13816  1.94779  0  0
4.13816  1.9792  0  0
4.13816  2.01062  0  0
4.13816  2.04204  0  0
4.13816  2.07345  0  0
4.13816  2.10487  0  0
4.13816  2.13628  0  0
4.13816  2.1677  0  0
4.13816  2.19911  0  0
4.13816  2.23053  0  0
4.13816  2.26195  0  0
4.13816  2.29336  0  0
4.13816  2.32478  0  0
4.13816  2.35619  0  0
4.13816  2.38761  0  0
4.13816  2.41903  0  0
4.13816  2.45044  0  0
4.13816  2.48186  0  0
4.13816  2.51327  0  0
4.13816  2.54469  0  0
4.13816  2.57611  0  0
4.13816  2.60752  0  0
4.13816  2.63894  0  0
4.13816  2.67035  0  0
4.13816  2.70177  0  0
4.13816  2.73319  0  0
4.13816  2.7646  0  0
4.13816  2.79602  0  0
4.13816  2.82743  0  0
4.13816  2.85885  0  0
4.13816  2.89027  0  0
4.13816  2.92168  0  0
4.13816  2.9531  0  0
4.13816  2.98451  0  0
4.13816  3.01593  0  0
4.13816  3.04734  0  0
4.13816  3.07876  0  0
4.13816  3.11018  0  0
4.27632  0  0  0
4.27632  0.0314159  0  0
4.27632  0.0628319  0  0
4.27632  0.0942478  0  0
4.27632  0.125664  0  0
4.27632  0.15708  0  0
4.27632  0.188496  0  0
4.27632  0.219911  0  0
4.27632  0.251327  0  0
4.27632  0.282743  0  0
4.27632  0.314159  0  0
4.27632  0.345575  0  0
4.27632  0.376991  0  0
4.27632  0.408407  0  0
4.27632  0.439823  0  0
4.27632  0.471239  0  0
4.27632  0.502655  0  0
4.27632  0.534071  0  0
4.27632  0.565487  0  0
4.27632  0.596903  0  0
4.27632  0.628319  0  0
4.27632  0.659734  0  0
4.27632  0.69115  0  0
4.27632  0.722566  0  0
4.27632  0.753982  0  0
4.27632  0.785398  0  0
4.27632  0.816814  0  0
4.27632  0.84823  0  0
4.27632  0.879646  0  0
4.27632  0.911062  0  0
4.27632  0.942478  0  0
4.27632  0.973894  0  0
4.27632  1.00531  0  0
4.27632  1.03673  0  0
4.27632  1.06814  0  0
4.27632  1.09956  0  0
4.27632  1.13097  0  0
4.27632  1.16239  0  0
4.27632  1.19381  0  0
4.27632  1.22522  0  0
4.27632  1.25664  0  0
4.27632  1.28805  0  0
4.27632  1.31947  0  0
4.27632  1.35088  0  0
4.27632  1.3823  0  0
4.27632  1.41372  0  0
4.27632  1.44513  0  0
4.27632  1.47655  0  0
4.27632  1.50796  0  0
4.27632  1.53938  0  0
4.27632  1.5708  0  0
4.27632  1.60221  0  0
4.27632  1.63363  0  0
4.27632  1.66504  0  0
4.27632  1.69646  0  0
4.27632  1.72788  0  0
4.27632  1.75929  0  0
4.27632  1.79071  0  0
4.27632  1.82212  0  0
4.27632  1.85354  0  0
4.27632  1.88496  0  0
4.27632  1.91637  0  0
4.27632  1.94779  0  0
4.27632  1.9792  0  0
4.27632  2.01062  0  0
4.27632  2.04204  0  0
4.27632  2.07345  0  0
4.27632  2.10487  0  0
4.27632  2.13628  0  0
4.27632  2.1677  0  0
4.27632  2.19911  0  0
4.27632  2.23053  0  0
4.27632  2.26195  0  0
4.27632  2.29336  0  0
4.27632  2.32478  0  0
4.27632  2.35619  0  0
4.27632  2.38761  0  0
4.27632  2.41903  0  0
4.27632  2.45044  0  0
4.27632  2.48186  0  0
4.27632  2.51327  0  0
4.27632  2.54469  0  0
4.27632  2.57611  0  0
4.27632  2.60752  0  0
4.27632  2.63894  0  0
4.27632  2.67035  0  0
4.27632  2.70177  0  0
4.27632  2.73319  0  0
4.27632  2.7646  0  0
4.27632  2.79602  0  0
4.27632  2.82743  0  0
4.27632  2.85885  0  0
4.27632  2.89027  0  0
4.27632  2.92168  0  0
4.27632  2.9531  0  0
4.27632  2.98451  0  0
4.27632  3.01593  0  0
4.27632  3.04734  0  0
4.27632  3.07876  0  0
4.27632  3.11018  0  0
4.41447  0  0  0
4.41447  0.0314159  0  0
4.41447  0.0628319  0  0
4.41447  0.0942478  0  0
4.41447  0.125664  0  0
4.41447  0.15708  0  0
4.41447  0.188496  0  0
4.41447  0.219911  0  0
4.41447  0.251327  0  0
4.41447  0.282743  0  0
4.41447  0.314159  0  0
4.41447  0.345575  0  0
4.41447  0.376991  0  0
4.41447  0.408407  0  0
4.41447  0.439823  0  0
4.41447  0.471239  0  0
4.41447  0.502655  0  0
4.41447  0.534071  0  0
4.41447  0.565487  0  0
4.41447  0.596903  0  0
4.41447  0.628319  0  0
4.41447  0.659734  0  0
4.41447  0.69115  0  0
4.41447  0.722566  0  0
4.41447  0.753982  0  0
4.41447  0.785398  0  0
4.41447  0.816814  0  0
4.41447  0.84823  0  0
4.41447  0.879646  0  0
4.41447  0.911062  0  0
4.41447  0.942478  0  0
4.41447  0.973894  0  0
4.41447  1.00531  0  0
4.41447  1.03673  0  0
4.41447  1.06814  0  0
4.41447  1.09956  0  0
4.41447  1.13097  0  0
4.41447  1.16239  0  0
4.41447  1.19381  0  0
4.41447  1.22522  0  0
4.41447  1.25664  0  0
4.41447  1.28805  0  0
4.41447  1.31947  0  0
4.41447  1.35088  0  0
4.41447  1.3823  0  0
4.41447  1.41372  0  0
4.41447  1.44513  0  0
4.41447  1.47655  0  0
4.41447  1.50796  0  0
4.41447  1.53938  0  0
4.41447  1.5708  0  0
4.41447  1.60221  0  0
4.41447  1.63363  0  0
4.41447  1.66504  0  0
4.41447  1.69646  0  0
4.41447  1.72788  0  0
4.41447  1.75929  0  0
4.41447  1.79071  0  0
4.41447  1.82212  0  0
4.41447  1.85354  0  0
4.41447  1.88496  0  0
4.41447  1.91637  0  0
4.41447  1.94779  0  0
4.41447  1.9792  0  0
4.41447  2.01062  0  0
4.41447  2.04204  0  0
4.41447  2.07345  0  0
4.41447  2.10487  0  0
4.41447  2.13628  0  0
4.41447  2.1677  0  0
4.41447  2.19911  0  0
4.41447  2.23053  0  0
4.41447  2.26195  0  0
4.41447  2.29336  0  0
4.41447  2.32478  0  0
4.41447  2.35619  0  0
4.41447  2.38761  0  0
4.41447  2.41903  0  0
4.41447  2.45044  0  0
4.41447  2.48186  0  0
4.41447  2.51327  0  0
4.41447  2.54469  0  0
4.41447  2.57611  0  0
4.41447  2.60752  0  0
4.41447  2.63894  0  0
4.41447  2.67035  0  0
4.41447  2.70177  0  0
4.41447  2.73319  0  0
4.41447  2.7646  0  0
4.41447  2.79602  0  0
4.41447  2.82743  0  0
4.41447  2.85885  0  0
4.41447  2.89027  0  0
4.41447  2.92168  0  0
4.41447  2.9531  0  0
4.41447  2.98451  0  0
4.41447  3.01593  0  0
4.41447  3.04734  0  0
4.41447  3.07876  0  0
4.41447  3.11018  0  0
4.55263  0  0  0
4.55263  0.0314159  0  0
4.55263  0.0628319  0  0
4.55263  0.0942478  0  0
4.55263  0.125664  0  0
4.55263  0.15708  0  0
4.55263  0.188496  0  0
4.55263  0.219911  0  0
4.55263  0.251327  0  0
4.55263  0.282743  0  0
4.55263  0.314159  0  0
4.55263  0.345575  0  0
4.55263  0.376991  0  0
4.55263  0.408407  0  0
4.55263  0.439823  0  0
4.55263  0.471239  0  0
4.55263  0.502655  0  0
4.55263  0.534071  0  0
4.55263  0.565487  0  0
4.55263  0.596903  0  0
4.55263  0.628319  0  0
4.55263  0.659734  0  0
4.55263  0.69115  0  0
4.55263  0.722566  0  0
4.55263  0.753982  0  0
4.55263  0.785398  0  0
4.55263  0.816814  0  0
4.55263  0.84823  0  0
4.55263  0.879646  0  0
4.55263  0.911062  0  0
4.55263  0.942478  0  0
4.55263  0.973894  0  0
4.55263  1.00531  0  0
4.55263  1.03673  0  0
4.55263  1.06814  0  0
4.55263  1.09956  0  0
4.55263  1.13097  0  0
4.55263  1.16239  0  0
4.55263  1.19381  0  0
4.55263  1.22522  0  0
4.55263  1.25664  0  0
4.55263  1.28805  0  0
4.55263  1.31947  0  0
4.55263  1.35088  0  0
4.55263  1.3823  0  0
4.55263  1.41372  0  0
4.55263  1.44513  0  0
4.55263  1.47655  0  0
4.55263  1.50796  0  0
4.55263  1.53938  0  0
4.55263  1.5708  0  0
4.55263  1.60221  0  0
4.55263  1.63363  0  0
4.55263  1.66504  0  0
4.55263  1.69646  0  0
4.55263  1.72788  0  0
4.55263  1.75929  0  0
4.55263  1.79071  0  0
4.55263  1.82212  0  0
4.55263  1.85354  0  0
4.55263  1.88496  0  0
4.55263  1.91637  0  0
4.55263  1.94779  0  0
4.55263  1.9792  0  0
4.55263  2.01062  0  0
4.55263  2.04204  0  0
4.55263  2.07345  0  0
4.55263  2.10487  0  0
4.55263  2.13628  0  0
4.55263  2.1677  0  0
4.55263  2.19911  0  0
4.55263  2.23053  0  0
4.55263  2.26195  0  0
4.55263  2.29336  0  0
4.55263  2.32478  0  0
4.55263  2.35619  0  0
4.55263  2.38761  0  0
4.55263  2.41903  0  0
4.55263  2.45044  0  0
4.55263  2.48186  0  0
4.55263  2.51327  0  0
4.55263  2.54469  0  0
4.55263  2.57611  0  0
4.55263  2.60752  0  0
4.55263  2.63894  0  0
4.55263  2.67035  0  0
4.55263  2.70177  0  0
4.55263  2.73319  0  0
4.55263  2.7646  0  0
4.55263  2.79602  0  0
4.55263  2.82743  0  0
4.55263  2.85885  0  0
4.55263  2.89027  0  0
4.55263  2.92168  0  0
4.55263  2.9531  0  0
4.55263  2.98451  0  0
4.55263  3.01593  0  0
4.55263  3.04734  0  0
4.55263  3.07876  0  0
4.55263  3.11018  0  0
4.69079  0  0  0
4.69079  0.0314159  0  0
4.69079  0.0628319  0  0
4.69079  0.0942478  0  0
4.69079  0.125664  0  0
4.69079  0.15708  0  0
4.69079  0.188496  0  0
4.69079  0.219911  0  0
4.69079  0.251327  0  0
4.69079  0.282743  0  0
4.69079  0.314159  0  0
4.69079  0.345575  0  0
4.69079  0.376991  0  0
4.69079  0.408407  0  0
4.69079  0.439823  0  0
4.69079  0.471239  0  0
4.69079  0.502655  0  0
4.69079  0.534071  0  0
4.69079  0.565487  0  0
4.69079  0.596903  0  0
4.69079  0.628319  0  0
4.69079  0.659734  0  0
4.69079  0.69115  0  0
4.69079  0.722566  0  0
4.69079  0.753982  0  0
4.69079  0.785398  0  0
4.69079  0.816814  0  0
4.69079  0.84823  0  0
4.69079  0.879646  0  0
4.69079  0.911062  0  0
4.69079  0.942478  0  0
4.69079  0.973894  0  0
4.69079  1.00531  0  0
4.69079  1.03673  0  0
4.69079  1.06814  0  0
4.69079  1.09956  0  0
4.69079  1.13097  0  0
4.69079  1.16239  0  0
4.69079  1.19381  0  0
4.69079  1.22522  0  0
4.69079  1.25664  0  0
4.69079  1.28805  0  0
4.69079  1.31947  0  0
4.69079  1.35088  0  0
4.69079  1.3823  0  0
4.69079  1.41372  0  0
4.69079  1.44513  0  0
4.69079  1.47655  0  0
4.69079  1.50796  0  0
4.69079  1.53938  0  0
4.69079  1.5708  0  0
4.69079  1.60221  0  0
4.69079  1.63363  0  0
4.69079  1.66504  0  0
4.69079  1.69646  0  0
4.69079  1.72788  0  0
4.69079  1.75929  0  0
4.69079  1.79071  0  0
4.69079  1.82212  0  0
4.69079  1.85354  0  0
4.69079  1.88496  0  0
4.69079  1.91637  0  0
4.69079  1.94779  0  0
4.69079  1.9792  0  0
4.69079  2.01062  0  0
4.69079  2.04204  0  0
4.69079  2.07345  0  0
4.69079  2.10487  0  0
4.69079  2.13628  0  0
4.69079  2.1677  0  0
4.69079  2.19911  0  0
4.69079  2.23053  0  0
4.69079  2.26195  0  0
4.69079  2.29336  0  0
4.69079  2.32478  0  0
4.69079  2.35619  0  0
4.69079  2.38761  0  0
4.69079  2.41903  0  0
4.69079  2.45044  0  0
4.69079  2.48186  0  0
4.69079  2.51327  0  0
4.69079  2.54469  0  0
4.69079  2.57611  0  0
4.69079  2.60752  0  0
4.69079  2.63894  0  0
4.69079  2.67035  0  0
4.69079  2.70177  0  0
4.69079  2.73319  0  0
4.69079  2.7646  0  0
4.69079  2.79602  0  0
4.69079  2.82743  0  0
4.69079  2.85885  0  0
4.69079  2.89027  0  0
4.69079  2.92168  0  0
4.69079  2.9531  0  0
4.69079  2.98451  0  0
4.69079  3.01593  0  0
4.69079  3.04734  0  0
4.69079  3.07876  0  0
4.69079  3.11018  0  0
4.82895  0  0  0
4.82895  0.0314159  0  0
4.82895  0.0628319  0  0
4.82895  0.0942478  0  0
4.82895  0.125664  0  0
4.82895  0.15708  0  0
4.82895  0.188496  0  0
4.82895  0.219911  0  0
4.82895  0.251327  0  0
4.82895  0.282743  0  0
4.82895  0.314159  0  0
4.82895  0.345575  0  0
4.82895  0.376991  0  0
4.82895  0.408407  0  0
4.82895  0.439823  0  0
4.82895  0.471239  0  0
4.82895  0.502655  0  0
4.82895  0.534071  0  0
4.82895  0.565487  0  0
4.82895  0.596903  0  0
4.82895  0.628319  0  0
4.82895  0.659734  0  0
4.82895  0.69115  0  0
4.82895  0.722566  0  0
4.82895  0.753982  0  0
4.82895  0.785398  0  0
4.82895  0.816814  0  0
4.82895  0.84823  0  0
4.82895  0.879646  0  0
4.82895  0.911062  0  0
4.82895  0.942478  0  0
4.82895  0.973894  0  0
4.82895  1.00531  0  0
4.82895  1.03673  0  0
4.82895  1.06814  0  0
4.82895  1.09956  0  0
4.82895  1.13097  0  0
4.82895  1.16239  0  0
4.82895  1.19381  0  0
4.82895  1.22522  0  0
4.82895  1.25664  0  0
4.82895  1.28805  0  0
4.82895  1.31947  0  0
4.82895  1.35088  0  0
4.82895  1.3823  0  0
4.82895  1.41372  0  0
4.82895  1.44513  0  0
4.82895  1.47655  0  0
4.82895  1.50796  0  0
4.82895  1.53938  0  0
4.82895  1.5708  0  0
4.82895  1.60221  0  0
4.82895  1.63363  0  0
4.82895  1.66504  0  0
4.82895  1.69646  0  0
4.82895  1.72788  0  0
4.82895  1.75929  0  0
4.82895  1.79071  0  0
4.82895  1.82212  0  0
4.82895  1.85354  0  0
4.82895  1.88496  0  0
4.82895  1.91637  0  0
4.82895  1.94779  0  0
4.82895  1.9792  0  0
4.82895  2.01062  0  0
4.82895  2.04204  0  0
4.82895  2.07345  0  0
4.82895  2.10487  0  0
4.82895  2.13628  0  0
4.82895  2.1677  0  0
4.82895  2.19911  0  0
4.82895  2.23053  0  0
4.82895  2.26195  0  0
4.82895  2.29336  0  0
4.82895  2.32478  0  0
4.82895  2.35619  0  0
4.82895  2.38761  0  0
4.82895  2.41903  0  0
4.82895  2.45044  0  0
4.82895  2.48186  0  0
4.82895  2.51327  0  0
4.82895  2.54469  0  0
4.82895  2.57611  0  0
4.82895  2.60752  0  0
4.82895  2.63894  0  0
4.82895  2.67035  0  0
4.82895  2.70177  0  0
4.82895  2.73319  0  0
4.82895  2.7646  0  0
4.82895  2.79602  0  0
4.82895  2.82743  0  0
4.82895  2.85885  0  0
4.82895  2.89027  0  0
4.82895  2.92168  0  0
4.82895  2.9531  0  0
4.82895  2.98451  0  0
4.82895  3.01593  0  0
4.82895  3.04734  0  0
4.82895  3.07876  0  0
4.82895  3.11018  0  0
4.96711  0  0  0
4.96711  0.0314159  0  0
4.96711  0.0628319  0  0
4.96711  0.0942478  0  0
4.96711  0.125664  0  0
4.96711  0.15708  0  0
4.96711  0.188496  0  0
4.96711  0.219911  0  0
4.96711  0.251327  0  0
4.96711  0.282743  0  0
4.96711  0.314159  0  0
4.96711  0.345575  0  0
4.96711  0.376991  0  0
4.96711  0.408407  0  0
4.96711  0.439823  0  0
4.96711  0.471239  0  0
4.96711  0.502655  0  0
4.96711  0.534071  0  0
4.96711  0.565487  0  0
4.96711  0.596903  0  0
4.96711  0.628319  0  0
4.96711  0.659734  0  0
4.96711  0.69115  0  0
4.96711  0.722566  0  0
4.96711  0.753982  0  0
4.96711  0.785398  0  0
4.96711  0.816814  0  0
4.96711  0.84823  0  0
4.96711  0.879646  0  0
4.96711  0.911062  0  0
4.96711  0.942478  0  0
4.96711  0.973894  0  0
4.96711  1.00531  0  0
4.96711  1.03673  0  0
4.96711  1.06814  0  0
4.96711  1.09956  0  0
4.96711  1.13097  0  0
4.96711  1.16239  0  0
4.96711  1.19381  0  0
4.96711  1.22522  0  0
4.96711  1.25664  0  0
4.96711  1.28805  0  0
4.96711  1.31947  0  0
4.96711  1.35088  0  0
4.96711  1.3823  0  0
4.96711  1.41372  0  0
4.96711  1.44513  0  0
4.96711  1.47655  0  0
4.96711  1.50796  0  0
4.96711  1.53938  0  0
4.96711  1.5708  0  0
4.96711  1.60221  0  0
4.96711  1.63363  0  0
4.96711  1.66504  0  0
4.96711  1.69646  0  0
4.96711  1.72788  0  0
4.96711  1.75929  0  0
4.96711  1.79071  0  0
4.96711  1.82212  0  0
4.96711  1.85354  0  0
4.96711  1.88496  0  0
4.96711  1.91637  0  0
4.96711  1.94779  0  0
4.96711  1.9792  0  0
4.96711  2.01062  0  0
4.96711  2.04204  0  0
4.96711  2.07345  0  0
4.96711  2.10487  0  0
4.96711  2.13628  0  0
4.96711  2.1677  0  0
4.96711  2.19911  0  0
4.96711  2.23053  0  0
4.96711  2.26195  0  0
4.96711  2.29336  0  0
4.96711  2.32478  0  0
4.96711  2.35619  0  0
4.96711  2.38761  0  0
4.96711  2.41903  0  0
4.96711  2.45044  0  0
4.96711  2.48186  0  0
4.96711  2.51327  0  0
4.96711  2.54469  0  0
4.96711  2.57611  0  0
4.96711  2.60752  0  0
4.96711  2.63894  0  0
4.96711  2.67035  0  0
4.96711  2.70177  0  0
4.96711  2.73319  0  0
4.96711  2.7646  0  0
4.96711  2.79602  0  0
4.96711  2.82743  0  0
4.96711  2.85885  0  0
4.96711  2.89027  0  0
4.96711  2.92168  0  0
4.96711  2.9531  0  0
4.96711  2.98451  0  0
4.96711  3.01593  0  0
4.96711  3.04734  0  0
4.96711  3.07876  0  0
4.96711  3.11018  0  0
5.10526  0  0  0
5.10526  0.0314159  0  0
5.10526  0.0628319  0  0
5.10526  0.0942478  0  0
5.10526  0.125664  0  0
5.10526  0.15708  0  0
5.10526  0.188496  0  0
5.10526  0.219911  0  0
5.10526  0.251327  0  0
5.10526  0.282743  0  0
5.10526  0.314159  0  0
5.10526  0.345575  0  0
5.10526  0.376991  0  0
5.10526  0.408407  0  0
5.10526  0.439823  0  0
5.10526  0.471239  0  0
5.10526  0.502655  0  0
5.10526  0.534071  0  0
5.10526  0.565487  0  0
5.10526  0.596903  0  0
5.10526  0.628319  0  0
5.10526  0.659734  0  0
5.10526  0.69115  0  0
5.10526  0.722566  0  0
5.10526  0.753982  0  0
5.10526  0.785398  0  0
5.10526  0.816814  0  0
5.10526  0.84823  0  0
5.10526  0.879646  0  0
5.10526  0.911062  0  0
5.10526  0.942478  0  0
5.10526  0.973894  0  0
5.10526  1.00531  0  0
5.10526  1.03673  0  0
5.10526  1.06814  0  0
5.10526  1.09956  0  0
5.10526  1.13097  0  0
5.10526  1.16239  0  0
5.10526  1.19381  0  0
5.10526  1.22522  0  0
5.10526  1.25664  0  0
5.10526  1.28805  0  0
5.10526  1.31947  0  0
5.10526  1.35088  0  0
5.10526  1.3823  0  0
5.10526  1.41372  0  0
5.10526  1.44513  0  0
5.10526  1.47655  0  0
5.10526  1.50796  0  0
5.10526  1.53938  0  0
5.10526  1.5708  0  0
5.10526  1.60221  0  0
5.10526  1.63363  0  0
5.10526  1.66504  0  0
5.10526  1.69646  0  0
5.10526  1.72788  0  0
5.10526  1.75929  0  0
5.10526  1.79071  0  0
5.10526  1.82212  0  0
5.10526  1.85354  0  0
5.10526  1.88496  0  0
5.10526  1.91637  0  0
5.10526  1.94779  0  0
5.10526  1.9792  0  0
5.10526  2.01062  0  0
5.10526  2.04204  0  0
5.10526  2.07345  0  0
5.10526  2.10487  0  0
5.10526  2.13628  0  0
5.10526  2.1677  0  0
5.10526  2.19911  0  0
5.10526  2.23053  0  0
5.10526  2.26195  0  0
5.10526  2.29336  0  0
5.10526  2.32478  0  0
5.10526  2.35619  0  0
5.10526  2.38761  0  0
5.10526  2.41903  0  0
5.10526  2.45044  0  0
5.10526  2.48186  0  0
5.10526  2.51327  0  0
5.10526  2.54469  0  0
5.10526  2.57611  0  0
5.10526  2.60752  0  0
5.10526  2.63894  0  0
5.10526  2.67035  0  0
5.10526  2.70177  0  0
5.10526  2.73319  0  0
5.10526  2.7646  0  0
5.10526  2.79602  0  0
5.10526  2.82743  0  0
5.10526  2.85885  0  0
5.10526  2.89027  0  0
5.10526  2.92168  0  0
5.10526  2.9531  0  0
5.10526  2.98451  0  0
5.10526  3.01593  0  0
5.10526  3.04734  0  0
5.10526  3.07876  0  0
5.10526  3.11018  0  0
5.24342  0  0  0
5.24342  0.0314159  0  0
5.24342  0.0628319  0  0
5.24342  0.0942478  0  0
5.24342  0.125664  0  0
5.24342  0.15708  0  0
5.24342  0.188496  0  0
5.24342  0.219911  0  0
5.24342  0.251327  0  0
5.24342  0.282743  0  0
5.24342  0.314159  0  0
5.24342  0.345575  0  0
5.24342  0.376991  0  0
5.24342  0.408407  0  0
5.24342  0.439823  0  0
5.24342  0.471239  0  0
5.24342  0.502655  0  0
5.24342  0.534071  0  0
5.24342  0.565487  0  0
5.24342  0.596903  0  0
5.24342  0.628319  0  0
5.24342  0.659734  0  0
5.24342  0.69115  0  0
5.24342  0.722566  0  0
5.24342  0.753982  0  0
5.24342  0.785398  0  0
5.24342  0.816814  0  0
5.24342  0.84823  0  0
5.24342  0.879646  0  0
5.24342  0.911062  0  0
5.24342  0.942478  0  0
5.24342  0.973894  0  0
5.24342  1.00531  0  0
5.24342  1.03673  0  0
5.24342  1.06814  0  0
5.24342  1.09956  0  0
5.24342  1.13097  0  0
5.24342  1.16239  0  0
5.24342  1.19381  0  0
5.24342  1.22522  0  0
5.24342  1.25664  0  0
5.24342  1.28805  0  0
5.24342  1.31947  0  0
5.24342  1.35088  0  0
5.24342  1.3823  0  0
5.24342  1.41372  0  0
5.24342  1.44513  0  0
5.24342  1.47655  0  0
5.24342  1.50796  0  0
5.24342  1.53938  0  0
5.24342  1.5708  0  0
5.24342  1.60221  0  0
5.24342  1.63363  0  0
5.24342  1.66504  0  0
5.24342  1.69646  0  0
5.24342  1.72788  0  0
5.24342  1.75929  0  0
5.24342  1.79071  0  0
5.24342  1.82212  0  0
5.24342  1.85354  0  0
5.24342  1.88496  0  0
5.24342  1.91637  0  0
5.24342  1.94779  0  0
5.24342  1.9792  0  0
5.24342  2.01062  0  0
5.24342  2.04204  0  0
5.24342  2.07345  0  0
5.24342  2.10487  0  0
5.24342  2.13628  0  0
5.24342  2.1677  0  0
5.24342  2.19911  0  0
5.24342  2.23053  0  0
5.24342  2.26195  0  0
5.24342  2.29336  0  0
5.24342  2.32478  0  0
5.24342  2.35619  0  0
5.24342  2.38761  0  0
5.24342  2.41903  0  0
5.24342  2.45044  0  0
5.24342  2.48186  0  0
5.24342  2.51327  0  0
5.24342  2.54469  0  0
5.24342  2.57611  0  0
5.24342  2.60752  0  0
5.24342  2.63894  0  0
5.24342  2.67035  0  0
5.24342  2.70177  0  0
5.24342  2.73319  0  0
5.24342  2.7646  0  0
5.24342  2.79602  0  0
5.24342  2.82743  0  0
5.24342  2.85885  0  0
5.24342  2.89027  0  0
5.24342  2.92168  0  0
5.24342  2.9531  0  0
5.24342  2.98451  0  0
5.24342  3.01593  0  0
5.24342  3.04734  0  0
5.24342  3.07876  0  0
5.24342  3.11018  0  0
5.38158  0  0  0
5.38158  0.0314159  0  0
5.38158  0.0628319  0  0
5.38158  0.0942478  0  0
5.38158  0.125664  0  0
5.38158  0.15708  0  0
5.38158  0.188496  0  0
5.38158  0.219911  0  0
5.38158  0.251327  0  0
5.38158  0.282743  0  0
5.38158  0.314159  0  0
5.38158  0.345575  0  0
5.38158  0.376991  0  0
5.38158  0.408407  0  0
5.38158  0.439823  0  0
5.38158  0.471239  0  0
5.38158  0.502655  0  0
5.38158  0.534071  0  0
5.38158  0.565487  0  0
5.38158  0.596903  0  0
5.38158  0.628319  0  0
5.38158  0.659734  0  0
5.38158  0.69115  0  0
5.38158  0.722566  0  0
5.38158  0.753982  0  0
5.38158  0.785398  0  0
5.38158  0.816814  0  0
5.38158  0.84823  0  0
5.38158  0.879646  0  0
5.38158  0.911062  0  0
5.38158  0.942478  0  0
5.38158  0.973894  0  0
5.38158  1.00531  0  0
5.38158  1.03673  0  0
5.38158  1.06814  0  0
5.38158  1.09956  0  0
5.38158  1.13097  0  0
5.38158  1.16239  0  0
5.38158  1.19381  0  0
5.38158  1.22522  0  0
5.38158  1.25664  0  0
5.38158  1.28805  0  0
5.38158  1.31947  0  0
5.38158  1.35088  0  0
5.38158  1.3823  0  0
5.38158  1.41372  0  0
5.38158  1.44513  0  0
5.38158  1.47655  0  0
5.38158  1.50796  0  0
5.38158  1.53938  0  0
5.38158  1.5708  0  0
5.38158  1.60221  0  0
5.38158  1.63363  0  0
5.38158  1.66504  0  0
5.38158  1.69646  0  0
5.38158  1.72788  0  0
5.38158  1.75929  0  0
5.38158  1.79071  0  0
5.38158  1.82212  0  0
5.38158  1.85354  0  0
5.38158  1.88496  0  0
5.38158  1.91637  0  0
5.38158  1.94779  0  0
5.38158  1.9792  0  0
5.38158  2.01062  0  0
5.38158  2.04204  0  0
5.38158  2.07345  0  0
5.38158  2.10487  0  0
5.38158  2.13628  0  0
5.38158  2.1677  0  0
5.38158  2.19911  0  0
5.38158  2.23053  0  0
5.38158  2.26195  0  0
5.38158  2.29336  0  0
5.38158  2.32478  0  0
5.38158  2.35619  0  0
5.38158  2.38761  0  0
5.38158  2.41903  0  0
5.38158  2.45044  0  0
5.38158  2.48186  0  0
5.38158  2.51327  0  0
5.38158  2.54469  0  0
5.38158  2.57611  0  0
5.38158  2.60752  0  0
5.38158  2.63894  0  0
5.38158  2.67035  0  0
5.38158  2.70177  0  0
5.38158  2.73319  0  0
5.38158  2.7646  0  0
5.38158  2.79602  0  0
5.38158  2.82743  0  0
5.38158  2.85885  0  0
5.38158  2.89027  0  0
5.38158  2.92168  0  0
5.38158  2.9531  0  0
5.38158  2.98451  0  0
5.38158  3.01593  0  0
5.38158  3.04734  0  0
5.38158  3.07876  0  0
5.38158  3.11018  0  0
5.51974  0  0  0
5.51974  0.0314159  0  0
5.51974  0.0628319  0  0
5.51974  0.0942478  0  0
5.51974  0.125664  0  0
5.51974  0.15708  0  0
5.51974  0.188496  0  0
5.51974  0.219911  0  0
5.51974  0.251327  0  0
5.51974  0.282743  0  0
5.51974  0.314159  0  0
5.51974  0.345575  0  0
5.51974  0.376991  0  0
5.51974  0.408407  0  0
5.51974  0.439823  0  0
5.51974  0.471239  0  0
5.51974  0.502655  0  0
5.51974  0.534071  0  0
5.51974  0.565487  0  0
5.51974  0.596903  0  0
5.51974  0.628319  0  0
5.51974  0.659734  0  0
5.51974  0.69115  0  0
5.51974  0.722566  0  0
5.51974  0.753982  0  0
5.51974  0.785398  0  0
5.51974  0.816814  0  0
5.51974  0.84823  0  0
5.51974  0.879646  0  0
5.51974  0.911062  0  0
5.51974  0.942478  0  0
5.51974  0.973894  0  0
5.51974  1.00531  0  0
5.51974  1.03673  0  0
5.51974  1.06814  0  0
5.51974  1.09956  0  0
5.51974  1.13097  0  0
5.51974  1.16239  0  0
5.51974  1.19381  0  0
5.51974  1.22522  0  0
5.51974  1.25664  0  0
5.51974  1.28805  0  0
5.51974  1.31947  0  0
5.51974  1.35088  0  0
5.51974  1.3823  0  0
5.51974  1.41372  0  0
5.51974  1.44513  0  0
5.51974  1.47655  0  0
5.51974  1.50796  0  0
5.51974  1.53938  0  0
5.51974  1.5708  0  0
5.51974  1.60221  0  0
5.51974  1.63363  0  0
5.51974  1.66504  0  0
5.51974  1.69646  0  0
5.51974  1.72788  0  0
5.51974  1.75929  0  0
5.51974  1.79071  0  0
5.51974  1.82212  0  0
5.51974  1.85354  0  0
5.51974  1.88496  0  0
5.51974  1.91637  0  0
5.51974  1.94779  0  0
5.51974  1.9792  0  0
5.51974  2.01062  0  0
5.51974  2.04204  0  0
5.51974  2.07345  0  0
5.51974  2.10487  0  0
5.51974  2.13628  0  0
5.51974  2.1677  0  0
5.51974  2.19911  0  0
5.51974  2.23053  0  0
5.51974  2.26195  0  0
5.51974  2.29336  0  0
5.51974  2.32478  0  0
5.51974  2.35619  0  0
5.51974  2.38761  0  0
5.51974  2.41903  0  0
5.51974  2.45044  0  0
5.51974  2.48186  0  0
5.51974  2.51327  0  0
5.51974  2.54469  0  0
5.51974  2.57611  0  0
5.51974  2.60752  0  0
5.51974  2.63894  0  0
5.51974  2.67035  0  0
5.51974  2.70177  0  0
5.51974  2.73319  0  0
5.51974  2.7646  0  0
5.51974  2.79602  0  0
5.51974  2.82743  0  0
5.51974  2.85885  0  0
5.51974  2.89027  0  0
5.51974  2.92168  0  0
5.51974  2.9531  0  0
5.51974  2.98451  0  0
5.51974  3.01593  0  0
5.51974  3.04734  0  0
5.51974  3.07876  0  0
5.51974  3.11018  0  0
5.65789  0  0  0
5.65789  0.0314159  0  0
5.65789  0.0628319  0  0
5.65789  0.0942478  0  0
5.65789  0.125664  0  0
5.65789  0.15708  0  0
5.65789  0.188496  0  0
5.65789  0.219911  0  0
5.65789  0.251327  0  0
5.65789  0.282743  0  0
5.65789  0.314159  0  0
5.65789  0.345575  0  0
5.65789  0.376991  0  0
5.65789  0.408407  0  0
5.65789  0.439823  0  0
5.65789  0.471239  0  0
5.65789  0.502655  0  0
5.65789  0.534071  0  0
5.65789  0.565487  0  0
5.65789  0.596903  0  0
5.65789  0.628319  0  0
5.65789  0.659734  0  0
5.65789  0.69115  0  0
5.65789  0.722566  0  0
5.65789  0.753982  0  0
5.65789  0.785398  0  0
5.65789  0.816814  0  0
5.65789  0.84823  0  0
5.65789  0.879646  0  0
5.65789  0.911062  0  0
5.65789  0.942478  0  0
5.65789  0.973894  0  0
5.65789  1.00531  0  0
5.65789  1.03673  0  0
5.65789  1.06814  0  0
5.65789  1.09956  0  0
5.65789  1.13097  0  0
5.65789  1.16239  0  0
5.65789  1.19381  0  0
5.65789  1.22522  0  0
5.65789  1.25664  0  0
5.65789  1.28805  0  0
5.65789  1.31947  0  0
5.65789  1.35088  0  0
5.65789  1.3823  0  0
5.65789  1.41372  0  0
5.65789  1.44513  0  0
5.65789  1.47655  0  0
5.65789  1.50796  0  0
5.65789  1.53938  0  0
5.65789  1.5708  0  0
5.65789  1.60221  0  0
5.65789  1.63363  0  0
5.65789  1.66504  0  0
5.65789  1.69646  0  0
5.65789  1.72788  0  0
5.65789  1.75929  0  0
5.65789  1.79071  0  0
5.65789  1.82212  0  0
5.65789  1.85354  0  0
5.65789  1.88496  0  0
5.65789  1.91637  0  0
5.65789  1.94779  0  0
5.65789  1.9792  0  0
5.65789  2.01062  0  0
5.65789  2.04204  0  0
5.65789  2.07345  0  0
5.65789  2.10487  0  0
5.65789  2.13628  0  0
5.65789  2.1677  0  0
5.65789  2.19911  0  0
5.65789  2.23053  0  0
5.65789  2.26195  0  0
5.65789  2.29336  0  0
5.65789  2.32478  0  0
5.65789  2.35619  0  0
5.65789  2.38761  0  0
5.65789  2.41903  0  0
5.65789  2.45044  0  0
5.65789  2.48186  0  0
5.65789  2.51327  0  0
5.65789  2.54469  0  0
5.65789  2.57611  0  0
5.65789  2.60752  0  0
5.65789  2.63894  0  0
5.65789  2.67035  0  0
5.65789  2.70177  0  0
5.65789  2.73319  0  0
5.65789  2.7646  0  0
5.65789  2.79602  0  0
5.65789  2.82743  0  0
5.65789  2.85885  0  0
5.65789  2.89027  0  0
5.65789  2.92168  0  0
5.65789  2.9531  0  0
5.65789  2.98451  0  0
5.65789  3.01593  0  0
5.65789  3.04734  0  0
5.65789  3.07876  0  0
5.65789  3.11018  0  0
5.79605  0  0  0
5.79605  0.0314159  0  0
5.79605  0.0628319  0  0
5.79605  0.0942478  0  0
5.79605  0.125664  0  0
5.79605  0.15708  0  0
5.79605  0.188496  0  0
5.79605  0.219911  0  0
5.79605  0.251327  0  0
5.79605  0.282743  0  0
5.79605  0.314159  0  0
5.79605  0.345575  0  0
5.79605  0.376991  0  0
5.79605  0.408407  0  0
5.79605  0.439823  0  0
5.79605  0.471239  0  0
5.79605  0.502655  0  0
5.79605  0.534071  0  0
5.79605  0.565487  0  0
5.79605  0.596903  0  0
5.79605  0.628319  0  0
5.79605  0.659734  0  0
5.79605  0.69115  0  0
5.79605  0.722566  0  0
5.79605  0.753982  0  0
5.79605  0.785398  0  0
5.79605  0.816814  0  0
5.79605  0.84823  0  0
5.79605  0.879646  0  0
5.79605  0.911062  0  0
5.79605  0.942478  0  0
5.79605  0.973894  0  0
5.79605  1.00531  0  0
5.79605  1.03673  0  0
5.79605  1.06814  0  0
5.79605  1.09956  0  0
5.79605  1.13097  0  0
5.79605  1.16239  0  0
5.79605  1.19381  0  0
5.79605  1.22522  0  0
5.79605  1.25664  0  0
5.79605  1.28805  0  0
5.79605  1.31947  0  0
5.79605  1.35088  0  0
5.79605  1.3823  0  0
5.79605  1.41372  0  0
5.79605  1.44513  0  0
5.79605  1.47655  0  0
5.79605  1.50796  0  0
5.79605  1.53938  0  0
5.79605  1.5708  0  0
5.79605  1.60221  0  0
5.79605  1.63363  0  0
5.79605  1.66504  0  0
5.79605  1.69646  0  0
5.79605  1.72788  0  0
5.79605  1.75929  0  0
5.79605  1.79071  0  0
5.79605  1.82212  0  0
5.79605  1.85354  0  0
5.79605  1.88496  0  0
5.79605  1.91637  0  0
5.79605  1.94779  0  0
5.79605  1.9792  0  0
5.79605  2.01062  0  0
5.79605  2.04204  0  0
5.79605  2.07345  0  0
5.79605  2.10487  0  0
5.79605  2.13628  0  0
5.79605  2.1677  0  0
5.79605  2.19911  0  0
5.79605  2.23053  0  0
5.79605  2.26195  0  0
5.79605  2.29336  0  0
5.79605  2.32478  0  0
5.79605  2.35619  0  0
5.79605  2.38761  0  0
5.79605  2.41903  0  0
5.79605  2.45044  0  0
5.79605  2.48186  0  0
5.79605  2.51327  0  0
5.79605  2.54469  0  0
5.79605  2.57611  0  0
5.79605  2.60752  0  0
5.79605  2.63894  0  0
5.79605  2.67035  0  0
5.79605  2.70177  0  0
5.79605  2.73319  0  0
5.79605  2.7646  0  0
5.79605  2.79602  0  0
5.79605  2.82743  0  0
5.79605  2.85885  0  0
5.79605  2.89027  0  0
5.79605  2.92168  0  0
5.79605  2.9531  0  0
5.79605  2.98451  0  0
5.79605  3.01593  0  0
5.79605  3.04734  0  0
5.79605  3.07876  0  0
5.79605  3.11018  0  0
5.93421  0  0  0
5.93421  0.0314159  0  0
5.93421  0.0628319  0  0
5.93421  0.0942478  0  0
5.93421  0.125664  0  0
5.93421  0.15708  0  0
5.93421  0.188496  0  0
5.93421  0.219911  0  0
5.93421  0.251327  0  0
5.93421  0.282743  0  0
5.93421  0.314159  0  0
5.93421  0.345575  0  0
5.93421  0.376991  0  0
5.93421  0.408407  0  0
5.93421  0.439823  0  0
5.93421  0.471239  0  0
5.93421  0.502655  0  0
5.93421  0.534071  0  0
5.93421  0.565487  0  0
5.93421  0.596903  0  0
5.93421  0.628319  0  0
5.93421  0.659734  0  0
5.93421  0.69115  0  0
5.93421  0.722566  0  0
5.93421  0.753982  0  0
5.93421  0.785398  0  0
5.93421  0.816814  0  0
5.93421  0.84823  0  0
5.93421  0.879646  0  0
5.93421  0.911062  0  0
5.93421  0.942478  0  0
5.93421  0.973894  0  0
5.93421  1.00531  0  0
5.93421  1.03673  0  0
5.93421  1.06814  0  0
5.93421  1.09956  0  0
5.93421  1.13097  0  0
5.93421  1.16239  0  0
5.93421  1.19381  0  0
5.93421  1.22522  0  0
5.93421  1.25664  0  0
5.93421  1.28805  0  0
5.93421  1.31947  0  0
5.93421  1.35088  0  0
5.93421  1.3823  0  0
5.93421  1.41372  0  0
5.93421  1.44513  0  0
5.93421  1.47655  0  0
5.93421  1.50796  0  0
5.93421  1.53938  0  0
5.93421  1.5708  0  0
5.93421  1.60221  0  0
5.93421  1.63363  0  0
5.93421  1.66504  0  0
5.93421  1.69646  0  0
5.93421  1.72788  0  0
5.93421  1.75929  0  0
5.93421  1.79071  0  0
5.93421  1.82212  0  0
5.93421  1.85354  0  0
5.93421  1.88496  0  0
5.93421  1.91637  0  0
5.93421  1.94779  0  0
5.93421  1.9792  0  0
5.93421  2.01062  0  0
5.93421  2.04204  0  0
5.93421  2.07345  0  0
5.93421  2.10487  0  0
5.93421  2.13628  0  0
5.93421  2.1677  0  0
5.93421  2.19911  0  0
5.93421  2.23053  0  0
5.93421  2.26195  0  0
5.93421  2.29336  0  0
5.93421  2.32478  0  0
5.93421  2.35619  0  0
5.93421  2.38761  0  0
5.93421  2.41903  0  0
5.93421  2.45044  0  0
5.93421  2.48186  0  0
5.93421  2.51327  0  0
5.93421  2.54469  0  0
5.93421  2.57611  0  0
5.93421  2.60752  0  0
5.93421  2.63894  0  0
5.93421  2.67035  0  0
5.93421  2.70177  0  0
5.93421  2.73319  0  0
5.93421  2.7646  0  0
5.93421  2.79602  0  0
5.93421  2.82743  0  0
5.93421  2.85885  0  0
5.93421  2.89027  0  0
5.93421  2.92168  0  0
5.93421  2.9531  0  0
5.93421  2.98451  0  0
5.93421  3.01593  0  0
5.93421  3.04734  0  0
5.93421  3.07876  0  0
5.93421  3.11018  0  0
6.07237  0  0  0
6.07237  0.0314159  0  0
6.07237  0.0628319  0  0
6.07237  0.0942478  0  0
6.07237  0.125664  0  0
6.07237  0.15708  0  0
6.07237  0.188496  0  0
6.07237  0.219911  0  0
6.07237  0.251327  0  0
6.07237  0.282743  0  0
6.07237  0.314159  0  0
6.07237  0.345575  0  0
6.07237  0.376991  0  0
6.07237  0.408407  0  0
6.07237  0.439823  0  0
6.07237  0.471239  0  0
6.07237  0.502655  0  0
6.07237  0.534071  0  0
6.07237  0.565487  0  0
6.07237  0.596903  0  0
6.07237  0.628319  0  0
6.07237  0.659734  0  0
6.07237  0.69115  0  0
6.07237  0.722566  0  0
6.07237  0.753982  0  0
6.07237  0.785398  0  0
6.07237  0.816814  0  0
6.07237  0.84823  0  0
6.07237  0.879646  0  0
6.07237  0.911062  0  0
6.07237  0.942478  0  0
6.07237  0.973894  0  0
6.07237  1.00531  0  0
6.07237  1.03673  0  0
6.07237  1.06814  0  0
6.07237  1.09956  0  0
6.07237  1.13097  0  0
6.07237  1.16239  0  0
6.07237  1.19381  0  0
6.07237  1.22522  0  0
6.07237  1.25664  0  0
6.07237  1.28805  0  0
6.07237  1.31947  0  0
6.07237  1.35088  0  0
6.07237  1.3823  0  0
6.07237  1.41372  0  0
6.07237  1.44513  0  0
6.07237  1.47655  0  0
6.07237  1.50796  0  0
6.07237  1.53938  0  0
6.07237  1.5708  0  0
6.07237  1.60221  0  0
6.07237  1.63363  0  0
6.07237  1.66504  0  0
6.07237  1.69646  0  0
6.07237  1.72788  0  0
6.07237  1.75929  0  0
6.07237  1.79071  0  0
6.07237  1.82212  0  0
6.07237  1.85354  0  0
6.07237  1.88496  0  0
6.07237  1.91637  0  0
6.07237  1.94779  0  0
6.07237  1.9792  0  0
6.07237  2.01062  0  0
6.07237  2.04204  0  0
6.07237  2.07345  0  0
6.07237  2.10487  0  0
6.07237  2.13628  0  0
6.07237  2.1677  0  0
6.07237  2.19911  0  0
6.07237  2.23053  0  0
6.07237  2.26195  0  0
6.07237  2.29336  0  0
6.07237  2.32478  0  0
6.07237  2.35619  0  0
6.07237  2.38761  0  0
6.07237  2.41903  0  0
6.07237  2.45044  0  0
6.07237  2.48186  0  0
6.07237  2.51327  0  0
6.07237  2.54469  0  0
6.07237  2.57611  0  0
6.07237  2.60752  0  0
6.07237  2.63894  0  0
6.07237  2.67035  0  0
6.07237  2.70177  0  0
6.07237  2.73319  0  0
6.07237  2.7646  0  0
6.07237  2.79602  0  0
6.07237  2.82743  0  0
6.07237  2.85885  0  0
6.07237  2.89027  0  0
6.07237  2.92168  0  0
6.07237  2.9531  0  0
6.07237  2.98451  0  0
6.07237  3.01593  0  0
6.07237  3.04734  0  0
6.07237  3.07876  0  0
6.07237  3.11018  0  0
6.21053  0  0  0
6.21053  0.0314159  0  0
6.21053  0.0628319  0  0
6.21053  0.0942478  0  0
6.21053  0.125664  0  0
6.21053  0.15708  0  0
6.21053  0.188496  0  0
6.21053  0.219911  0  0
6.21053  0.251327  0  0
6.21053  0.282743  0  0
6.21053  0.314159  0  0
6.21053  0.345575  0  0
6.21053  0.376991  0  0
6.21053  0.408407  0  0
6.21053  0.439823  0  0
6.21053  0.471239  0  0
6.21053  0.502655  0  0
6.21053  0.534071  0  0
6.21053  0.565487  0  0
6.21053  0.596903  0  0
6.21053  0.628319  0  0
6.21053  0.659734  0  0
6.21053  0.69115  0  0
6.21053  0.722566  0  0
6.21053  0.753982  0  0
6.21053  0.785398  0  0
6.21053  0.816814  0  0
6.21053  0.84823  0  0
6.21053  0.879646  0  0
6.21053  0.911062  0  0
6.21053  0.942478  0  0
6.21053  0.973894  0  0
6.21053  1.00531  0  0
6.21053  1.03673  0  0
6.21053  1.06814  0  0
6.21053  1.09956  0  0
6.21053  1.13097  0  0
6.21053  1.16239  0  0
6.21053  1.19381  0  0
6.21053  1.22522  0  0
6.21053  1.25664  0  0
6.21053  1.28805  0  0
6.21053  1.31947  0  0
6.21053  1.35088  0  0
6.21053  1.3823  0  0
6.21053  1.41372  0  0
6.21053  1.44513  0  0
6.21053  1.47655  0  0
6.21053  1.50796  0  0
6.21053  1.53938  0  0
6.21053  1.5708  0  0
6.21053  1.60221  0  0
6.21053  1.63363  0  0
6.21053  1.66504  0  0
6.21053  1.69646  0  0
6.21053  1.72788  0  0
6.21053  1.75929  0  0
6.21053  1.79071  0  0
6.21053  1.82212  0  0
6.21053  1.85354  0  0
6.21053  1.88496  0  0
6.21053  1.91637  0  0
6.21053  1.94779  0  0
6.21053  1.9792  0  0
6.21053  2.01062  0  0
6.21053  2.04204  0  0
6.21053  2.07345  0  0
6.21053  2.10487  0  0
6.21053  2.13628  0  0
6.21053  2.1677  0  0
6.21053  2.19911  0  0
6.21053  2.23053  0  0
6.21053  2.26195  0  0
6.21053  2.29336  0  0
6.21053  2.32478  0  0
6.21053  2.35619  0  0
6.21053  2.38761  0  0
6.21053  2.41903  0  0
6.21053  2.45044  0  0
6.21053  2.48186  0  0
6.21053  2.51327  0  0
6.21053  2.54469  0  0
6.21053  2.57611  0  0
6.21053  2.60752  0  0
6.21053  2.63894  0  0
6.21053  2.67035  0  0
6.21053  2.70177  0  0
6.21053  2.73319  0  0
6.21053  2.7646  0  0
6.21053  2.79602  0  0
6.21053  2.82743  0  0
6.21053  2.85885  0  0
6.21053  2.89027  0  0
6.21053  2.92168  0  0
6.21053  2.9531  0  0
6.21053  2.98451  0  0
6.21053  3.01593  0  0
6.21053  3.04734  0  0
6.21053  3.07876  0  0
6.21053  3.11018  0  0
6.34868  0  0  0
6.34868  0.0314159  0  0
6.34868  0.0628319  0  0
6.34868  0.0942478  0  0
6.34868  0.125664  0  0
6.34868  0.15708  0  0
6.34868  0.188496  0  0
6.34868  0.219911  0  0
6.34868  0.251327  0  0
6.34868  0.282743  0  0
6.34868  0.314159  0  0
6.34868  0.345575  0  0
6.34868  0.376991  0  0
6.34868  0.408407  0  0
6.34868  0.439823  0  0
6.34868  0.471239  0  0
6.34868  0.502655  0  0
6.34868  0.534071  0  0
6.34868  0.565487  0  0
6.34868  0.596903  0  0
6.34868  0.628319  0  0
6.34868  0.659734  0  0
6.34868  0.69115  0  0
6.34868  0.722566  0  0
6.34868  0.753982  0  0
6.34868  0.785398  0  0
6.34868  0.816814  0  0
6.34868  0.84823  0  0
6.34868  0.879646  0  0
6.34868  0.911062  0  0
6.34868  0.942478  0  0
6.34868  0.973894  0  0
6.34868  1.00531  0  0
6.34868  1.03673  0  0
6.34868  1.06814  0  0
6.34868  1.09956  0  0
6.34868  1.13097  0  0
6.34868  1.16239  0  0
6.34868  1.19381  0  0
6.34868  1.22522  0  0
6.34868  1.25664  0  0
6.34868  1.28805  0  0
6.34868  1.31947  0  0
6.34868  1.35088  0  0
6.34868  1.3823  0  0
6.34868  1.41372  0  0
6.34868  1.44513  0  0
6.34868  1.47655  0  0
6.34868  1.50796  0  0
6.34868  1.53938  0  0
6.34868  1.5708  0  0
6.34868  1.60221  0  0
6.34868  1.63363  0  0
6.34868  1.66504  0  0
6.34868  1.69646  0  0
6.34868  1.72788  0  0
6.34868  1.75929  0  0
6.34868  1.79071  0  0
6.34868  1.82212  0  0
6.34868  1.85354  0  0
6.34868  1.88496  0  0
6.34868  1.91637  0  0
6.34868  1.94779  0  0
6.34868  1.9792  0  0
6.34868  2.01062  0  0
6.34868  2.04204  0  0
6.34868  2.07345  0  0
6.34868  2.10487  0  0
6.34868  2.13628  0  0
6.34868  2.1677  0  0
6.34868  2.19911  0  0
6.34868  2.23053  0  0
6.34868  2.26195  0  0
6.34868  2.29336  0  0
6.34868  2.32478  0  0
6.34868  2.35619  0  0
6.34868  2.38761  0  0
6.34868  2.41903  0  0
6.34868  2.45044  0  0
6.34868  2.48186  0  0
6.34868  2.51327  0  0
6.34868  2.54469  0  0
6.34868  2.57611  0  0
6.34868  2.60752  0  0
6.34868  2.63894  0  0
6.34868  2.67035  0  0
6.34868  2.70177  0  0
6.34868  2.73319  0  0
6.34868  2.7646  0  0
6.34868  2.79602  0  0
6.34868  2.82743  0  0
6.34868  2.85885  0  0
6.34868  2.89027  0  0
6.34868  2.92168  0  0
6.34868  2.9531  0  0
6.34868  2.98451  0  0
6.34868  3.01593  0  0
6.34868  3.04734  0  0
6.34868  3.07876  0  0
6.34868  3.11018  0  0
6.48684  0  0  0
6.48684  0.0314159  0  0
6.48684  0.0628319  0  0
6.48684  0.0942478  0  0
6.48684  0.125664  0  0
6.48684  0.15708  0  0
6.48684  0.188496  0  0
6.48684  0.219911  0  0
6.48684  0.251327  0  0
6.48684  0.282743  0  0
6.48684  0.314159  0  0
6.48684  0.345575  0  0
6.48684  0.376991  0  0
6.48684  0.408407  0  0
6.48684  0.439823  0  0
6.48684  0.471239  0  0
6.48684  0.502655  0  0
6.48684  0.534071  0  0
6.48684  0.565487  0  0
6.48684  0.596903  0  0
6.48684  0.628319  0  0
6.48684  0.659734  0  0
6.48684  0.69115  0  0
6.48684  0.722566  0  0
6.48684  0.753982  0  0
6.48684  0.785398  0  0
6.48684  0.816814  0  0
6.48684  0.84823  0  0
6.48684  0.879646  0  0
6.48684  0.911062  0  0
6.48684  0.942478  0  0
6.48684  0.973894  0  0
6.48684  1.00531  0  0
6.48684  1.03673  0  0
6.48684  1.06814  0  0
6.48684  1.09956  0  0
6.48684  1.13097  0  0
6.48684  1.16239  0  0
6.48684  1.19381  0  0
6.48684  1.22522  0  0
6.48684  1.25664  0  0
6.48684  1.28805  0  0
6.48684  1.31947  0  0
6.48684  1.35088  0  0
6.48684  1.3823  0  0
6.48684  1.41372  0  0
6.48684  1.44513  0  0
6.48684  1.47655  0  0
6.48684  1.50796  0  0
6.48684  1.53938  0  0
6.48684  1.5708  0  0
6.48684  1.60221  0  0
6.48684  1.63363  0  0
6.48684  1.66504  0  0
6.48684  1.69646  0  0
6.48684  1.72788  0  0
6.48684  1.75929  0  0
6.48684  1.79071  0  0
6.48684  1.82212  0  0
6.48684  1.85354  0  0
6.48684  1.88496  0  0
6.48684  1.91637  0  0
6.48684  1.94779  0  0
6.48684  1.9792  0  0
6.48684  2.01062  0  0
6.48684  2.04204  0  0
6.48684  2.07345  0  0
6.48684  2.10487  0  0
6.48684  2.13628  0  0
6.48684  2.1677  0  0
6.48684  2.19911  0  0
6.48684  2.23053  0  0
6.48684  2.26195  0  0
6.48684  2.29336  0  0
6.48684  2.32478  0  0
6.48684  2.35619  0  0
6.48684  2.38761  0  0
6.48684  2.41903  0  0
6.48684  2.45044  0  0
6.48684  2.48186  0  0
6.48684  2.51327  0  0
6.48684  2.54469  0  0
6.48684  2.57611  0  0
6.48684  2.60752  0  0
6.48684  2.63894  0  0
6.48684  2.67035  0  0
6.48684  2.70177  0  0
6.48684  2.73319  0  0
6.48684  2.7646  0  0
6.48684  2.79602  0  0
6.48684  2.82743  0  0
6.48684  2.85885  0  0
6.48684  2.89027  0  0
6.48684  2.92168  0  0
6.48684  2.9531  0  0
6.48684  2.98451  0  0
6.48684  3.01593  0  0
6.48684  3.04734  0  0
6.48684  3.07876  0  0
6.48684  3.11018  0  0
6.625  0  0  0
6.625  0.0314159  0  0
6.625  0.0628319  0  0
6.625  0.0942478  0  0
6.625  0.125664  0  0
6.625  0.15708  0  0
6.625  0.188496  0  0
6.625  0.219911  0  0
6.625  0.251327  0  0
6.625  0.282743  0  0
6.625  0.314159  0  0
6.625  0.345575  0  0
6.625  0.376991  0  0
6.625  0.408407  0  0
6.625  0.439823  0  0
6.625  0.471239  0  0
6.625  0.502655  0  0
6.625  0.534071  0  0
6.625  0.565487  0  0
6.625  0.596903  0  0
6.625  0.628319  0  0
6.625  0.659734  0  0
6.625  0.69115  0  0
6.625  0.722566  0  0
6.625  0.753982  0  0
6.625  0.785398  0  0
6.625  0.816814  0  0
6.625  0.84823  0  0
6.625  0.879646  0  0
6.625  0.911062  0  0
6.625  0.942478  0  0
6.625  0.973894  0  0
6.625  1.00531  0  0
6.625  1.03673  0  0
6.625  1.06814  0  0
6.625  1.09956  0  0
6.625  1.13097  0  0
6.625  1.16239  0  0
6.625  1.19381  0  0
6.625  1.22522  0  0
6.625  1.25664  0  0
6.625  1.28805  0  0
6.625  1.31947  0  0
6.625  1.35088  0  0
6.625  1.3823  0  0
6.625  1.41372  0  0
6.625  1.44513  0  0
6.625  1.47655  0  0
6.625  1.50796  0  0
6.625  1.53938  0  0
6.625  1.5708  0  0
6.625  1.60221  0  0
6.625  1.63363  0  0
6.625  1.66504  0  0
6.625  1.69646  0  0
6.625  1.72788  0  0
6.625  1.75929  0  0
6.625  1.79071  0  0
6.625  1.82212  0  0
6.625  1.85354  0  0
6.625  1.88496  0  0
6.625  1.91637  0  0
6.625  1.94779  0  0
6.625  1.9792  0  0
6.625  2.01062  0  0
6.625  2.04204  0  0
6.625  2.07345  0  0
6.625  2.10487  0  0
6.625  2.13628  0  0
6.625  2.1677  0  0
6.625  2.19911  0  0
6.625  2.23053  0  0
6.625  2.26195  0  0
6.625  2.29336  0  0
6.625  2.32478  0  0
6.625  2.35619  0  0
6.625  2.38761  0  0
6.625  2.41903  0  0
6.625  2.45044  0  0
6.625  2.48186  0  0
6.625  2.51327  0  0
6.625  2.54469  0  0
6.625  2.57611  0  0
6.625  2.60752  0  0
6.625  2.63894  0  0
6.625  2.67035  0  0
6.625  2.70177  0  0
6.625  2.73319  0  0
6.625  2.7646  0  0
6.625  2.79602  0  0
6.625  2.82743  0  0
6.625  2.85885  0  0
6.625  2.89027  0  0
6.625  2.92168  0  0
6.625  2.9531  0  0
6.625  2.98451  0  0
6.625  3.01593  0  0
6.625  3.04734  0  0
6.625  3.07876  0  0
6.625  3.11018  0  0
6.76316  0  0  0
6.76316  0.0314159  0  0
6.76316  0.0628319  0  0
6.76316  0.0942478  0  0
6.76316  0.125664  0  0
6.76316  0.15708  0  0
6.76316  0.188496  0  0
6.76316  0.219911  0  0
6.76316  0.251327  0  0
6.76316  0.282743  0  0
6.76316  0.314159  0  0
6.76316  0.345575  0  0
6.76316  0.376991  0  0
6.76316  0.408407  0  0
6.76316  0.439823  0  0
6.76316  0.471239  0  0
6.76316  0.502655  0  0
6.76316  0.534071  0  0
6.76316  0.565487  0  0
6.76316  0.596903  0  0
6.76316  0.628319  0  0
6.76316  0.659734  0  0
6.76316  0.69115  0  0
6.76316  0.722566  0  0
6.76316  0.753982  0  0
6.76316  0.785398  0  0
6.76316  0.816814  0  0
6.76316  0.84823  0  0
6.76316  0.879646  0  0
6.76316  0.911062  0  0
6.76316  0.942478  0  0
6.76316  0.973894  0  0
6.76316  1.00531  0  0
6.76316  1.03673  0  0
6.76316  1.06814  0  0
6.76316  1.09956  0  0
6.76316  1.13097  0  0
6.76316  1.16239  0  0
6.76316  1.19381  0  0
6.76316  1.22522  0  0
6.76316  1.25664  0  0
6.76316  1.28805  0  0
6.76316  1.31947  0  0
6.76316  1.35088  0  0
6.76316  1.3823  0  0
6.76316  1.41372  0  0
6.76316  1.44513  0  0
6.76316  1.47655  0  0
6.76316  1.50796  0  0
6.76316  1.53938  0  0
6.76316  1.5708  0  0
6.76316  1.60221  0  0
6.76316  1.63363  0  0
6.76316  1.66504  0  0
6.76316  1.69646  0  0
6.76316  1.72788  0  0
6.76316  1.75929  0  0
6.76316  1.79071  0  0
6.76316  1.82212  0  0
6.76316  1.85354  0  0
6.76316  1.88496  0  0
6.76316  1.91637  0  0
6.76316  1.94779  0  0
6.76316  1.9792  0  0
6.76316  2.01062  0  0
6.76316  2.04204  0  0
6.76316  2.07345  0  0
6.76316  2.10487  0  0
6.76316  2.13628  0  0
6.76316  2.1677  0  0
6.76316  2.19911  0  0
6.76316  2.23053  0  0
6.76316  2.26195  0  0
6.76316  2.29336  0  0
6.76316  2.32478  0  0
6.76316  2.35619  0  0
6.76316  2.38761  0  0
6.76316  2.41903  0  0
6.76316  2.45044  0  0
6.76316  2.48186  0  0
6.76316  2.51327  0  0
6.76316  2.54469  0  0
6.76316  2.57611  0  0
6.76316  2.60752  0  0
6.76316  2.63894  0  0
6.76316  2.67035  0  0
6.76316  2.70177  0  0
6.76316  2.73319  0  0
6.76316  2.7646  0  0
6.76316  2.79602  0  0
6.76316  2.82743  0  0
6.76316  2.85885  0  0
6.76316  2.89027  0  0
6.76316  2.92168  0  0
6.76316  2.9531  0  0
6.76316  2.98451  0  0
6.76316  3.01593  0  0
6.76316  3.04734  0  0
6.76316  3.07876  0  0
6.76316  3.11018  0  0
6.90132  0  0  0
6.90132  0.0314159  0  0
6.90132  0.0628319  0  0
6.90132  0.0942478  0  0
6.90132  0.125664  0  0
6.90132  0.15708  0  0
6.90132  0.188496  0  0
6.90132  0.219911  0  0
6.90132  0.251327  0  0
6.90132  0.282743  0  0
6.90132  0.314159  0  0
6.90132  0.345575  0  0
6.90132  0.376991  0  0
6.90132  0.408407  0  0
6.90132  0.439823  0  0
6.90132  0.471239  0  0
6.90132  0.502655  0  0
6.90132  0.534071  0  0
6.90132  0.565487  0  0
6.90132  0.596903  0  0
6.90132  0.628319  0  0
6.90132  0.659734  0  0
6.90132  0.69115  0  0
6.90132  0.722566  0  0
6.90132  0.753982  0  0
6.90132  0.785398  0  0
6.90132  0.816814  0  0
6.90132  0.84823  0  0
6.90132  0.879646  0  0
6.90132  0.911062  0  0
6.90132  0.942478  0  0
6.90132  0.973894  0  0
6.90132  1.00531  0  0
6.90132  1.03673  0  0
6.90132  1.06814  0  0
6.90132  1.09956  0  0
6.90132  1.13097  0  0
6.90132  1.16239  0  0
6.90132  1.19381  0  0
6.90132  1.22522  0  0
6.90132  1.25664  0  0
6.90132  1.28805  0  0
6.90132  1.31947  0  0
6.90132  1.35088  0  0
6.90132  1.3823  0  0
6.90132  1.41372  0  0
6.90132  1.44513  0  0
6.90132  1.47655  0  0
6.90132  1.50796  0  0
6.90132  1.53938  0  0
6.90132  1.5708  0  0
6.90132  1.60221  0  0
6.90132  1.63363  0  0
6.90132  1.66504  0  0
6.90132  1.69646  0  0
6.90132  1.72788  0  0
6.90132  1.75929  0  0
6.90132  1.79071  0  0
6.90132  1.82212  0  0
6.90132  1.85354  0  0
6.90132  1.88496  0  0
6.90132  1.91637  0  0
6.90132  1.94779  0  0
6.90132  1.9792  0  0
6.90132  2.01062  0  0
6.90132  2.04204  0  0
6.90132  2.07345  0  0
6.90132  2.10487  0  0
6.90132  2.13628  0  0
6.90132  2.1677  0  0
6.90132  2.19911  0  0
6.90132  2.23053  0  0
6.90132  2.26195  0  0
6.90132  2.29336  0  0
6.90132  2.32478  0  0
6.90132  2.35619  0  0
6.90132  2.38761  0  0
6.90132  2.41903  0  0
6.90132  2.45044  0  0
6.90132  2.48186  0  0
6.90132  2.51327  0  0
6.90132  2.54469  0  0
6.90132  2.57611  0  0
6.90132  2.60752  0  0
6.90132  2.63894  0  0
6.90132  2.67035  0  0
6.90132  2.70177  0  0
6.90132  2.73319  0  0
6.90132  2.7646  0  0
6.90132  2.79602  0  0
6.90132  2.82743  0  0
6.90132  2.85885  0  0
6.90132  2.89027  0  0
6.90132  2.92168  0  0
6.90132  2.9531  0  0
6.90132  2.98451  0  0
6.90132  3.01593  0  0
6.90132  3.04734  0  0
6.90132  3.07876  0  0
6.90132  3.11018  0  0
7.03947  0  0  0
7.03947  0.0314159  0  0
7.03947  0.0628319  0  0
7.03947  0.0942478  0  0
7.03947  0.125664  0  0
7.03947  0.15708  0  0
7.03947  0.188496  0  0
7.03947  0.219911  0  0
7.03947  0.251327  0  0
7.03947  0.282743  0  0
7.03947  0.314159  0  0
7.03947  0.345575  0  0
7.03947  0.376991  0  0
7.03947  0.408407  0  0
7.03947  0.439823  0  0
7.03947  0.471239  0  0
7.03947  0.502655  0  0
7.03947  0.534071  0  0
7.03947  0.565487  0  0
7.03947  0.596903  0  0
7.03947  0.628319  0  0
7.03947  0.659734  0  0
7.03947  0.69115  0  0
7.03947  0.722566  0  0
7.03947  0.753982  0  0
7.03947  0.785398  0  0
7.03947  0.816814  0  0
7.03947  0.84823  0  0
7.03947  0.879646  0  0
7.03947  0.911062  0  0
7.03947  0.942478  0  0
7.03947  0.973894  0  0
7.03947  1.00531  0  0
7.03947  1.03673  0  0
7.03947  1.06814  0  0
7.03947  1.09956  0  0
7.03947  1.13097  0  0
7.03947  1.16239  0  0
7.03947  1.19381  0  0
7.03947  1.22522  0  0
7.03947  1.25664  0  0
7.03947  1.28805  0  0
7.03947  1.31947  0  0
7.03947  1.35088  0  0
7.03947  1.3823  0  0
7.03947  1.41372  0  0
7.03947  1.44513  0  0
7.03947  1.47655  0  0
7.03947  1.50796  0  0
7.03947  1.53938  0  0
7.03947  1.5708  0  0
7.03947  1.60221  0  0
7.03947  1.63363  0  0
7.03947  1.66504  0  0
7.03947  1.69646  0  0
7.03947  1.72788  0  0
7.03947  1.75929  0  0
7.03947  1.79071  0  0
7.03947  1.82212  0  0
7.03947  1.85354  0  0
7.03947  1.88496  0  0
7.03947  1.91637  0  0
7.03947  1.94779  0  0
7.03947  1.9792  0  0
7.03947  2.01062  0  0
7.03947  2.04204  0  0
7.03947  2.07345  0  0
7.03947  2.10487  0  0
7.03947  2.13628  0  0
7.03947  2.1677  0  0
7.03947  2.19911  0  0
7.03947  2.23053  0  0
7.03947  2.26195  0  0
7.03947  2.29336  0  0
7.03947  2.32478  0  0
7.03947  2.35619  0  0
7.03947  2.38761  0  0
7.03947  2.41903  0  0
7.03947  2.45044  0  0
7.03947  2.48186  0  0
7.03947  2.51327  0  0
7.03947  2.54469  0  0
7.03947  2.57611  0  0
7.03947  2.60752  0  0
7.03947  2.63894  0  0
7.03947  2.67035  0  0
7.03947  2.70177  0  0
7.03947  2.73319  0  0
7.03947  2.7646  0  0
7.03947  2.79602  0  0
7.03947  2.82743  0  0
7.03947  2.85885  0  0
7.03947  2.89027  0  0
7.03947  2.92168  0  0
7.03947  2.9531  0  0
7.03947  2.98451  0  0
7.03947  3.01593  0  0
7.03947  3.04734  0  0
7.03947  3.07876  0  0
7.03947  3.11018  0  0
7.17763  0  0  0
7.17763  0.0314159  0  0
7.17763  0.0628319  0  0
7.17763  0.0942478  0  0
7.17763  0.125664  0  0
7.17763  0.15708  0  0
7.17763  0.188496  0  0
7.17763  0.219911  0  0
7.17763  0.251327  0  0
7.17763  0.282743  0  0
7.17763  0.314159  0  0
7.17763  0.345575  0  0
7.17763  0.376991  0  0
7.17763  0.408407  0  0
7.17763  0.439823  0  0
7.17763  0.471239  0  0
7.17763  0.502655  0  0
7.17763  0.534071  0  0
7.17763  0.565487  0  0
7.17763  0.596903  0  0
7.17763  0.628319  0  0
7.17763  0.659734  0  0
7.17763  0.69115  0  0
7.17763  0.722566  0  0
7.17763  0.753982  0  0
7.17763  0.785398  0  0
7.17763  0.816814  0  0
7.17763  0.84823  0  0
7.17763  0.879646  0  0
7.17763  0.911062  0  0
7.17763  0.942478  0  0
7.17763  0.973894  0  0
7.17763  1.00531  0  0
7.17763  1.03673  0  0
7.17763  1.06814  0  0
7.17763  1.09956  0  0
7.17763  1.13097  0  0
7.17763  1.16239  0  0
7.17763  1.19381  0  0
7.17763  1.22522  0  0
7.17763  1.25664  0  0
7.17763  1.28805  0  0
7.17763  1.31947  0  0
7.17763  1.35088  0  0
7.17763  1.3823  0  0
7.17763  1.41372  0  0
7.17763  1.44513  0  0
7.17763  1.47655  0  0
7.17763  1.50796  0  0
7.17763  1.53938  0  0
7.17763  1.5708  0  0
7.17763  1.60221  0  0
7.17763  1.63363  0  0
7.17763  1.66504  0  0
7.17763  1.69646  0  0
7.17763  1.72788  0  0
7.17763  1.75929  0  0
7.17763  1.79071  0  0
7.17763  1.82212  0  0
7.17763  1.85354  0  0
7.17763  1.88496  0  0
7.17763  1.91637  0  0
7.17763  1.94779  0  0
7.17763  1.9792  0  0
7.17763  2.01062  0  0
7.17763  2.04204  0  0
7.17763  2.07345  0  0
7.17763  2.10487  0  0
7.17763  2.13628  0  0
7.17763  2.1677  0  0
7.17763  2.19911  0  0
7.17763  2.23053  0  0
7.17763  2.26195  0  0
7.17763  2.29336  0  0
7.17763  2.32478  0  0
7.17763  2.35619  0  0
7.17763  2.38761  0  0
7.17763  2.41903  0  0
7.17763  2.45044  0  0
7.17763  2.48186  0  0
7.17763  2.51327  0  0
7.17763  2.54469  0  0
7.17763  2.57611  0  0
7.17763  2.60752  0  0
7.17763  2.63894  0  0
7.17763  2.67035  0  0
7.17763  2.70177  0  0
7.17763  2.73319  0  0
7.17763  2.7646  0  0
7.17763  2.79602  0  0
7.17763  2.82743  0  0
7.17763  2.85885  0  0
7.17763  2.89027  0  0
7.17763  2.92168  0  0
7.17763  2.9531  0  0
7.17763  2.98451  0  0
7.17763  3.01593  0  0
7.17763  3.04734  0  0
7.17763  3.07876  0  0
7.17763  3.11018  0  0
7.31579  0  0  0
7.31579  0.0314159  0  0
7.31579  0.0628319  0  0
7.31579  0.0942478  0  0
7.31579  0.125664  0  0
7.31579  0.15708  0  0
7.31579  0.188496  0  0
7.31579  0.219911  0  0
7.31579  0.251327  0  0
7.31579  0.282743  0  0
7.31579  0.314159  0  0
7.31579  0.345575  0  0
7.31579  0.376991  0  0
7.31579  0.408407  0  0
7.31579  0.439823  0  0
7.31579  0.471239  0  0
7.31579  0.502655  0  0
7.31579  0.534071  0  0
7.31579  0.565487  0  0
7.31579  0.596903  0  0
7.31579  0.628319  0  0
7.31579  0.659734  0  0
7.31579  0.69115  0  0
7.31579  0.722566  0  0
7.31579  0.753982  0  0
7.31579  0.785398  0  0
7.31579  0.816814  0  0
7.31579  0.84823  0  0
7.31579  0.879646  0  0
7.31579  0.911062  0  0
7.31579  0.942478  0  0
7.31579  0.973894  0  0
7.31579  1.00531  0  0
7.31579  1.03673  0  0
7.31579  1.06814  0  0
7.31579  1.09956  0  0
7.31579  1.13097  0  0
7.31579  1.16239  0  0
7.31579  1.19381  0  0
7.31579  1.22522  0  0
7.31579  1.25664  0  0
7.31579  1.28805  0  0
7.31579  1.31947  0  0
7.31579  1.35088  0  0
7.31579  1.3823  0  0
7.31579  1.41372  0  0
7.31579  1.44513  0  0
7.31579  1.47655  0  0
7.31579  1.50796  0  0
7.31579  1.53938  0  0
7.31579  1.5708  0  0
7.31579  1.60221  0  0
7.31579  1.63363  0  0
7.31579  1.66504  0  0
7.31579  1.69646  0  0
7.31579  1.72788  0  0
7.31579  1.75929  0  0
7.31579  1.79071  0  0
7.31579  1.82212  0  0
7.31579  1.85354  0  0
7.31579  1.88496  0  0
7.31579  1.91637  0  0
7.31579  1.94779  0  0
7.31579  1.9792  0  0
7.31579  2.01062  0  0
7.31579  2.04204  0  0
7.31579  2.07345  0  0
7.31579  2.10487  0  0
7.31579  2.13628  0  0
7.31579  2.1677  0  0
7.31579  2.19911  0  0
7.31579  2.23053  0  0
7.31579  2.26195  0  0
7.31579  2.29336  0  0
7.31579  2.32478  0  0
7.31579  2.35619  0  0
7.31579  2.38761  0  0
7.31579  2.41903  0  0
7.31579  2.45044  0  0
7.31579  2.48186  0  0
7.31579  2.51327  0  0
7.31579  2.54469  0  0
7.31579  2.57611  0  0
7.31579  2.60752  0  0
7.31579  2.63894  0  0
7.31579  2.67035  0  0
7.31579  2.70177  0  0
7.31579  2.73319  0  0
7.31579  2.7646  0  0
7.31579  2.79602  0  0
7.31579  2.82743  0  0
7.31579  2.85885  0  0
7.31579  2.89027  0  0
7.31579  2.92168  0  0
7.31579  2.9531  0  0
7.31579  2.98451  0  0
7.31579  3.01593  0  0
7.31579  3.04734  0  0
7.31579  3.07876  0  0
7.31579  3.11018  0  0
7.45395  0  0  0
7.45395  0.0314159  0  0
7.45395  0.0628319  0  0
7.45395  0.0942478  0  0
7.45395  0.125664  0  0
7.45395  0.15708  0  0
7.45395  0.188496  0  0
7.45395  0.219911  0  0
7.45395  0.251327  0  0
7.45395  0.282743  0  0
7.45395  0.314159  0  0
7.45395  0.345575  0  0
7.45395  0.376991  0  0
7.45395  0.408407  0  0
7.45395  0.439823  0  0
7.45395  0.471239  0  0
7.45395  0.502655  0  0
7.45395  0.534071  0  0
7.45395  0.565487  0  0
7.45395  0.596903  0  0
7.45395  0.628319  0  0
7.45395  0.659734  0  0
7.45395  0.69115  0  0
7.45395  0.722566  0  0
7.45395  0.753982  0  0
7.45395  0.785398  0  0
7.45395  0.816814  0  0
7.45395  0.84823  0  0
7.45395  0.879646  0  0
7.45395  0.911062  0  0
7.45395  0.942478  0  0
7.45395  0.973894  0  0
7.45395  1.00531  0  0
7.45395  1.03673  0  0
7.45395  1.06814  0  0
7.45395  1.09956  0  0
7.45395  1.13097  0  0
7.45395  1.16239  0  0
7.45395  1.19381  0  0
7.45395  1.22522  0  0
7.45395  1.25664  0  0
7.45395  1.28805  0  0
7.45395  1.31947  0  0
7.45395  1.35088  0  0
7.45395  1.3823  0  0
7.45395  1.41372  0  0
7.45395  1.44513  0  0
7.45395  1.47655  0  0
7.45395  1.50796  0  0
7.45395  1.53938  0  0
7.45395  1.5708  0  0
7.45395  1.60221  0  0
7.45395  1.63363  0  0
7.45395  1.66504  0  0
7.45395  1.69646  0  0
7.45395  1.72788  0  0
7.45395  1.75929  0  0
7.45395  1.79071  0  0
7.45395  1.82212  0  0
7.45395  1.85354  0  0
7.45395  1.88496  0  0
7.45395  1.91637  0  0
7.45395  1.94779  0  0
7.45395  1.9792  0  0
7.45395  2.01062  0  0
7.45395  2.04204  0  0
7.45395  2.07345  0  0
7.45395  2.10487  0  0
7.45395  2.13628  0  0
7.45395  2.1677  0  0
7.45395  2.19911  0  0
7.45395  2.23053  0  0
7.45395  2.26195  0  0
7.45395  2.29336  0  0
7.45395  2.32478  0  0
7.45395  2.35619  0  0
7.45395  2.38761  0  0
7.45395  2.41903  0  0
7.45395  2.45044  0  0
7.45395  2.48186  0  0
7.45395  2.51327  0  0
7.45395  2.54469  0  0
7.45395  2.57611  0  0
7.45395  2.60752  0  0
7.45395  2.63894  0  0
7.45395  2.67035  0  0
7.45395  2.70177  0  0
7.45395  2.73319  0  0
7.45395  2.7646  0  0
7.45395  2.79602  0  0
7.45395  2.82743  0  0
7.45395  2.85885  0  0
7.45395  2.89027  0  0
7.45395  2.92168  0  0
7.45395  2.9531  0  0
7.45395  2.98451  0  0
7.45395  3.01593  0  0
7.45395  3.04734  0  0
7.45395  3.07876  0  0
7.45395  3.11018  0  0
7.59211  0  0  0
7.59211  0.0314159  0  0
7.59211  0.0628319  0  0
7.59211  0.0942478  0  0
7.59211  0.125664  0  0
7.59211  0.15708  0  0
7.59211  0.188496  0  0
7.59211  0.219911  0  0
7.59211  0.251327  0  0
7.59211  0.282743  0  0
7.59211  0.314159  0  0
7.59211  0.345575  0  0
7.59211  0.376991  0  0
7.59211  0.408407  0  0
7.59211  0.439823  0  0
7.59211  0.471239  0  0
7.59211  0.502655  0  0
7.59211  0.534071  0  0
7.59211  0.565487  0  0
7.59211  0.596903  0  0
7.59211  0.628319  0  0
7.59211  0.659734  0  0
7.59211  0.69115  0  0
7.59211  0.722566  0  0
7.59211  0.753982  0  0
7.59211  0.785398  0  0
7.59211  0.816814  0  0
7.59211  0.84823  0  0
7.59211  0.879646  0  0
7.59211  0.911062  0  0
7.59211  0.942478  0  0
7.59211  0.973894  0  0
7.59211  1.00531  0  0
7.59211  1.03673  0  0
7.59211  1.06814  0  0
7.59211  1.09956  0  0
7.59211  1.13097  0  0
7.59211  1.16239  0  0
7.59211  1.19381  0  0
7.59211  1.22522  0  0
7.59211  1.25664  0  0
7.59211  1.28805  0  0
7.59211  1.31947  0  0
7.59211  1.35088  0  0
7.59211  1.3823  0  0
7.59211  1.41372  0  0
7.59211  1.44513  0  0
7.59211  1.47655  0  0
7.59211  1.50796  0  0
7.59211  1.53938  0  0
7.59211  1.5708  0  0
7.59211  1.60221  0  0
7.59211  1.63363  0  0
7.59211  1.66504  0  0
7.59211  1.69646  0  0
7.59211  1.72788  0  0
7.59211  1.75929  0  0
7.59211  1.79071  0  0
7.59211  1.82212  0  0
7.59211  1.85354  0  0
7.59211  1.88496  0  0
7.59211  1.91637  0  0
7.59211  1.94779  0  0
7.59211  1.9792  0  0
7.59211  2.01062  0  0
7.59211  2.04204  0  0
7.59211  2.07345  0  0
7.59211  2.10487  0  0
7.59211  2.13628  0  0
7.59211  2.1677  0  0
7.59211  2.19911  0  0
7.59211  2.23053  0  0
7.59211  2.26195  0  0
7.59211  2.29336  0  0
7.59211  2.32478  0  0
7.59211  2.35619  0  0
7.59211  2.38761  0  0
7.59211  2.41903  0  0
7.59211  2.45044  0  0
7.59211  2.48186  0  0
7.59211  2.51327  0  0
7.59211  2.54469  0  0
7.59211  2.57611  0  0
7.59211  2.60752  0  0
7.59211  2.63894  0  0
7.59211  2.67035  0  0
7.59211  2.70177  0  0
7.59211  2.73319  0  0
7.59211  2.7646  0  0
7.59211  2.79602  0  0
7.59211  2.82743  0  0
7.59211  2.85885  0  0
7.59211  2.89027  0  0
7.59211  2.92168  0  0
7.59211  2.9531  0  0
7.59211  2.98451  0  0
7.59211  3.01593  0  0
7.59211  3.04734  0  0
7.59211  3.07876  0  0
7.59211  3.11018  0  0
7.73026  0  0  0
7.73026  0.0314159  0  0
7.73026  0.0628319  0  0
7.73026  0.0942478  0  0
7.73026  0.125664  0  0
7.73026  0.15708  0  0
7.73026  0.188496  0  0
7.73026  0.219911  0  0
7.73026  0.251327  0  0
7.73026  0.282743  0  0
7.73026  0.314159  0  0
7.73026  0.345575  0  0
7.73026  0.376991  0  0
7.73026  0.408407  0  0
7.73026  0.439823  0  0
7.73026  0.471239  0  0
7.73026  0.502655  0  0
7.73026  0.534071  0  0
7.73026  0.565487  0  0
7.73026  0.596903  0  0
7.73026  0.628319  0  0
7.73026  0.659734  0  0
7.73026  0.69115  0  0
7.73026  0.722566  0  0
7.73026  0.753982  0  0
7.73026  0.785398  0  0
7.73026  0.816814  0  0
7.73026  0.84823  0  0
7.73026  0.879646  0  0
7.73026  0.911062  0  0
7.73026  0.942478  0  0
7.73026  0.973894  0  0
7.73026  1.00531  0  0
7.73026  1.03673  0  0
7.73026  1.06814  0  0
7.73026  1.09956  0  0
7.73026  1.13097  0  0
7.73026  1.16239  0  0
7.73026  1.19381  0  0
7.73026  1.22522  0  0
7.73026  1.25664  0  0
7.73026  1.28805  0  0
7.73026  1.31947  0  0
7.73026  1.35088  0  0
7.73026  1.3823  0  0
7.73026  1.41372  0  0
7.73026  1.44513  0  0
7.73026  1.47655  0  0
7.73026  1.50796  0  0
7.73026  1.53938  0  0
7.73026  1.5708  0  0
7.73026  1.60221  0  0
7.73026  1.63363  0  0
7.73026  1.66504  0  0
7.73026  1.69646  0  0
7.73026  1.72788  0  0
7.73026  1.75929  0  0
7.73026  1.79071  0  0
7.73026  1.82212  0  0
7.73026  1.85354  0  0
7.73026  1.88496  0  0
7.73026  1.91637  0  0
7.73026  1.94779  0  0
7.73026  1.9792  0  0
7.73026  2.01062  0  0
7.73026  2.04204  0  0
7.73026  2.07345  0  0
7.73026  2.10487  0  0
7.73026  2.13628  0  0
7.73026  2.1677  0  0
7.73026  2.19911  0  0
7.73026  2.23053  0  0
7.73026  2.26195  0  0
7.73026  2.29336  0  0
7.73026  2.32478  0  0
7.73026  2.35619  0  0
7.73026  2.38761  0  0
7.73026  2.41903  0  0
7.73026  2.45044  0  0
7.73026  2.48186  0  0
7.73026  2.51327  0  0
7.73026  2.54469  0  0
7.73026  2.57611  0  0
7.73026  2.60752  0  0
7.73026  2.63894  0  0
7.73026  2.67035  0  0
7.73026  2.70177  0  0
7.73026  2.73319  0  0
7.73026  2.7646  0  0
7.73026  2.79602  0  0
7.73026  2.82743  0  0
7.73026  2.85885  0  0
7.73026  2.89027  0  0
7.73026  2.92168  0  0
7.73026  2.9531  0  0
7.73026  2.98451  0  0
7.73026  3.01593  0  0
7.73026  3.04734  0  0
7.73026  3.07876  0  0
7.73026  3.11018  0  0
7.86842  0  0  0
7.86842  0.0314159  0  0
7.86842  0.0628319  0  0
7.86842  0.0942478  0  0
7.86842  0.125664  0  0
7.86842  0.15708  0  0
7.86842  0.188496  0  0
7.86842  0.219911  0  0
7.86842  0.251327  0  0
7.86842  0.282743  0  0
7.86842  0.314159  0  0
7.86842  0.345575  0  0
7.86842  0.376991  0  0
7.86842  0.408407  0  0
7.86842  0.439823  0  0
7.86842  0.471239  0  0
7.86842  0.502655  0  0
7.86842  0.534071  0  0
7.86842  0.565487  0  0
7.86842  0.596903  0  0
7.86842  0.628319  0  0
7.86842  0.659734  0  0
7.86842  0.69115  0  0
7.86842  0.722566  0  0
7.86842  0.753982  0  0
7.86842  0.785398  0  0
7.86842  0.816814  0  0
7.86842  0.84823  0  0
7.86842  0.879646  0  0
7.86842  0.911062  0  0
7.86842  0.942478  0  0
7.86842  0.973894  0  0
7.86842  1.00531  0  0
7.86842  1.03673  0  0
7.86842  1.06814  0  0
7.86842  1.09956  0  0
7.86842  1.13097  0  0
7.86842  1.16239  0  0
7.86842  1.19381  0  0
7.86842  1.22522  0  0
7.86842  1.25664  0  0
7.86842  1.28805  0  0
7.86842  1.31947  0  0
7.86842  1.35088  0  0
7.86842  1.3823  0  0
7.86842  1.41372  0  0
7.86842  1.44513  0  0
7.86842  1.47655  0  0
7.86842  1.50796  0  0
7.86842  1.53938  0  0
7.86842  1.5708  0  0
7.86842  1.60221  0  0
7.86842  1.63363  0  0
7.86842  1.66504  0  0
7.86842  1.69646  0  0
7.86842  1.72788  0  0
7.86842  1.75929  0  0
7.86842  1.79071  0  0
7.86842  1.82212  0  0
7.86842  1.85354  0  0
7.86842  1.88496  0  0
7.86842  1.91637  0  0
7.86842  1.94779  0  0
7.86842  1.9792  0  0
7.86842  2.01062  0  0
7.86842  2.04204  0  0
7.86842  2.07345  0  0
7.86842  2.10487  0  0
7.86842  2.13628  0  0
7.86842  2.1677  0  0
7.86842  2.19911  0  0
7.86842  2.23053  0  0
7.86842  2.26195  0  0
7.86842  2.29336  0  0
7.86842  2.32478  0  0
7.86842  2.35619  0  0
7.86842  2.38761  0  0
7.86842  2.41903  0  0
7.86842  2.45044  0  0
7.86842  2.48186  0  0
7.86842  2.51327  0  0
7.86842  2.54469  0  0
7.86842  2.57611  0  0
7.86842  2.60752  0  0
7.86842  2.63894  0  0
7.86842  2.67035  0  0
7.86842  2.70177  0  0
7.86842  2.73319  0  0
7.86842  2.7646  0  0
7.86842  2.79602  0  0
7.86842  2.82743  0  0
7.86842  2.85885  0  0
7.86842  2.89027  0  0
7.86842  2.92168  0  0
7.86842  2.9531  0  0
7.86842  2.98451  0  0
7.86842  3.01593  0  0
7.86842  3.04734  0  0
7.86842  3.07876  0  0
7.86842  3.11018  0  0
8.00658  0  0  0
8.00658  0.0314159  0  0
8.00658  0.0628319  0  0
8.00658  0.0942478  0  0
8.00658  0.125664  0  0
8.00658  0.15708  0  0
8.00658  0.188496  0  0
8.00658  0.219911  0  0
8.00658  0.251327  0  0
8.00658  0.282743  0  0
8.00658  0.314159  0  0
8.00658  0.345575  0  0
8.00658  0.376991  0  0
8.00658  0.408407  0  0
8.00658  0.439823  0  0
8.00658  0.471239  0  0
8.00658  0.502655  0  0
8.00658  0.534071  0  0
8.00658  0.565487  0  0
8.00658  0.596903  0  0
8.00658  0.628319  0  0
8.00658  0.659734  0  0
8.00658  0.69115  0  0
8.00658  0.722566  0  0
8.00658  0.753982  0  0
8.00658  0.785398  0  0
8.00658  0.816814  0  0
8.00658  0.84823  0  0
8.00658  0.879646  0  0
8.00658  0.911062  0  0
8.00658  0.942478  0  0
8.00658  0.973894  0  0
8.00658  1.00531  0  0
8.00658  1.03673  0  0
8.00658  1.06814  0  0
8.00658  1.09956  0  0
8.00658  1.13097  0  0
8.00658  1.16239  0  0
8.00658  1.19381  0  0
8.00658  1.22522  0  0
8.00658  1.25664  0  0
8.00658  1.28805  0  0
8.00658  1.31947  0  0
8.00658  1.35088  0  0
8.00658  1.3823  0  0
8.00658  1.41372  0  0
8.00658  1.44513  0  0
8.00658  1.47655  0  0
8.00658  1.50796  0  0
8.00658  1.53938  0  0
8.00658  1.5708  0  0
8.00658  1.60221  0  0
8.00658  1.63363  0  0
8.00658  1.66504  0  0
8.00658  1.69646  0  0
8.00658  1.72788  0  0
8.00658  1.75929  0  0
8.00658  1.79071  0  0
8.00658  1.82212  0  0
8.00658  1.85354  0  0
8.00658  1.88496  0  0
8.00658  1.91637  0  0
8.00658  1.94779  0  0
8.00658  1.9792  0  0
8.00658  2.01062  0  0
8.00658  2.04204  0  0
8.00658  2.07345  0  0
8.00658  2.10487  0  0
8.00658  2.13628  0  0
8.00658  2.1677  0  0
8.00658  2.19911  0  0
8.00658  2.23053  0  0
8.00658  2.26195  0  0
8.00658  2.29336  0  0
8.00658  2.32478  0  0
8.00658  2.35619  0  0
8.00658  2.38761  0  0
8.00658  2.41903  0  0
8.00658  2.45044  0  0
8.00658  2.48186  0  0
8.00658  2.51327  0  0
8.00658  2.54469  0  0
8.00658  2.57611  0  0
8.00658  2.60752  0  0
8.00658  2.63894  0  0
8.00658  2.67035  0  0
8.00658  2.70177  0  0
8.00658  2.73319  0  0
8.00658  2.7646  0  0
8.00658  2.79602  0  0
8.00658  2.82743  0  0
8.00658  2.85885  0  0
8.00658  2.89027  0  0
8.00658  2.92168  0  0
8.00658  2.9531  0  0
8.00658  2.98451  0  0
8.00658  3.01593  0  0
8.00658  3.04734  0  0
8.00658  3.07876  0  0
8.00658  3.11018  0  0
8.14474  0  0  0
8.14474  0.0314159  0  0
8.14474  0.0628319  0  0
8.14474  0.0942478  0  0
8.14474  0.125664  0  0
8.14474  0.15708  0  0
8.14474  0.188496  0  0
8.14474  0.219911  0  0
8.14474  0.251327  0  0
8.14474  0.282743  0  0
8.14474  0.314159  0  0
8.14474  0.345575  0  0
8.14474  0.376991  0  0
8.14474  0.408407  0  0
8.14474  0.439823  0  0
8.14474  0.471239  0  0
8.14474  0.502655  0  0
8.14474  0.534071  0  0
8.14474  0.565487  0  0
8.14474  0.596903  0  0
8.14474  0.628319  0  0
8.14474  0.659734  0  0
8.14474  0.69115  0  0
8.14474  0.722566  0  0
8.14474  0.753982  0  0
8.14474  0.785398  0  0
8.14474  0.816814  0  0
8.14474  0.84823  0  0
8.14474  0.879646  0  0
8.14474  0.911062  0  0
8.14474  0.942478  0  0
8.14474  0.973894  0  0
8.14474  1.00531  0  0
8.14474  1.03673  0  0
8.14474  1.06814  0  0
8.14474  1.09956  0  0
8.14474  1.13097  0  0
8.14474  1.16239  0  0
8.14474  1.19381  0  0
8.14474  1.22522  0  0
8.14474  1.25664  0  0
8.14474  1.28805  0  0
8.14474  1.31947  0  0
8.14474  1.35088  0  0
8.14474  1.3823  0  0
8.14474  1.41372  0  0
8.14474  1.44513  0  0
8.14474  1.47655  0  0
8.14474  1.50796  0  0
8.14474  1.53938  0  0
8.14474  1.5708  0  0
8.14474  1.60221  0  0
8.14474  1.63363  0  0
8.14474  1.66504  0  0
8.14474  1.69646  0  0
8.14474  1.72788  0  0
8.14474  1.75929  0  0
8.14474  1.79071  0  0
8.14474  1.82212  0  0
8.14474  1.85354  0  0
8.14474  1.88496  0  0
8.14474  1.91637  0  0
8.14474  1.94779  0  0
8.14474  1.9792  0  0
8.14474  2.01062  0  0
8.14474  2.04204  0  0
8.14474  2.07345  0  0
8.14474  2.10487  0  0
8.14474  2.13628  0  0
8.14474  2.1677  0  0
8.14474  2.19911  0  0
8.14474  2.23053  0  0
8.14474  2.26195  0  0
8.14474  2.29336  0  0
8.14474  2.32478  0  0
8.14474  2.35619  0  0
8.14474  2.38761  0  0
8.14474  2.41903  0  0
8.14474  2.45044  0  0
8.14474  2.48186  0  0
8.14474  2.51327  0  0
8.14474  2.54469  0  0
8.14474  2.57611  0  0
8.14474  2.60752  0  0
8.14474  2.63894  0  0
8.14474  2.67035  0  0
8.14474  2.70177  0  0
8.14474  2.73319  0  0
8.14474  2.7646  0  0
8.14474  2.79602  0  0
8.14474  2.82743  0  0
8.14474  2.85885  0  0
8.14474  2.89027  0  0
8.14474  2.92168  0  0
8.14474  2.9531  0  0
8.14474  2.98451  0  0
8.14474  3.01593  0  0
8.14474  3.04734  0  0
8.14474  3.07876  0  0
8.14474  3.11018  0  0
8.28289  0  0  0
8.28289  0.0314159  0  0
8.28289  0.0628319  0  0
8.28289  0.0942478  0  0
8.28289  0.125664  0  0
8.28289  0.15708  0  0
8.28289  0.188496  0  0
8.28289  0.219911  0  0
8.28289  0.251327  0  0
8.28289  0.282743  0  0
8.28289  0.314159  0  0
8.28289  0.345575  0  0
8.28289  0.376991  0  0
8.28289  0.408407  0  0
8.28289  0.439823  0  0
8.28289  0.471239  0  0
8.28289  0.502655  0  0
8.28289  0.534071  0  0
8.28289  0.565487  0  0
8.28289  0.596903  0  0
8.28289  0.628319  0  0
8.28289  0.659734  0  0
8.28289  0.69115  0  0
8.28289  0.722566  0  0
8.28289  0.753982  0  0
8.28289  0.785398  0  0
8.28289  0.816814  0  0
8.28289  0.84823  0  0
8.28289  0.879646  0  0
8.28289  0.911062  0  0
8.28289  0.942478  0  0
8.28289  0.973894  0  0
8.28289  1.00531  0  0
8.28289  1.03673  0  0
8.28289  1.06814  0  0
8.28289  1.09956  0  0
8.28289  1.13097  0  0
8.28289  1.16239  0  0
8.28289  1.19381  0  0
8.28289  1.22522  0  0
8.28289  1.25664  0  0
8.28289  1.28805  0  0
8.28289  1.31947  0  0
8.28289  1.35088  0  0
8.28289  1.3823  0  0
8.28289  1.41372  0  0
8.28289  1.44513  0  0
8.28289  1.47655  0  0
8.28289  1.50796  0  0
8.28289  1.53938  0  0
8.28289  1.5708  0  0
8.28289  1.60221  0  0
8.28289  1.63363  0  0
8.28289  1.66504  0  0
8.28289  1.69646  0  0
8.28289  1.72788  0  0
8.28289  1.75929  0  0
8.28289  1.79071  0  0
8.28289  1.82212  0  0
8.28289  1.85354  0  0
8.28289  1.88496  0  0
8.28289  1.91637  0  0
8.28289  1.94779  0  0
8.28289  1.9792  0  0
8.28289  2.01062  0  0
8.28289  2.04204  0  0
8.28289  2.07345  0  0
8.28289  2.10487  0  0
8.28289  2.13628  0  0
8.28289  2.1677  0  0
8.28289  2.19911  0  0
8.28289  2.23053  0  0
8.28289  2.26195  0  0
8.28289  2.29336  0  0
8.28289  2.32478  0  0
8.28289  2.35619  0  0
8.28289  2.38761  0  0
8.28289  2.41903  0  0
8.28289  2.45044  0  0
8.28289  2.48186  0  0
8.28289  2.51327  0  0
8.28289  2.54469  0  0
8.28289  2.57611  0  0
8.28289  2.60752  0  0
8.28289  2.63894  0  0
8.28289  2.67035  0  0
8.28289  2.70177  0  0
8.28289  2.73319  0  0
8.28289  2.7646  0  0
8.28289  2.79602  0  0
8.28289  2.82743  0  0
8.28289  2.85885  0  0
8.28289  2.89027  0  0
8.28289  2.92168  0  0
8.28289  2.9531  0  0
8.28289  2.98451  0  0
8.28289  3.01593  0  0
8.28289  3.04734  0  0
8.28289  3.07876  0  0
8.28289  3.11018  0  0
8.42105  0  0  0
8.42105  0.0314159  0  0
8.42105  0.0628319  0  0
8.42105  0.0942478  0  0
8.42105  0.125664  0  0
8.42105  0.15708  0  0
8.42105  0.188496  0  0
8.42105  0.219911  0  0
8.42105  0.251327  0  0
8.42105  0.282743  0  0
8.42105  0.314159  0  0
8.42105  0.345575  0  0
8.42105  0.376991  0  0
8.42105  0.408407  0  0
8.42105  0.439823  0  0
8.42105  0.471239  0  0
8.42105  0.502655  0  0
8.42105  0.534071  0  0
8.42105  0.565487  0  0
8.42105  0.596903  0  0
8.42105  0.628319  0  0
8.42105  0.659734  0  0
8.42105  0.69115  0  0
8.42105  0.722566  0  0
8.42105  0.753982  0  0
8.42105  0.785398  0  0
8.42105  0.816814  0  0
8.42105  0.84823  0  0
8.42105  0.879646  0  0
8.42105  0.911062  0  0
8.42105  0.942478  0  0
8.42105  0.973894  0  0
8.42105  1.00531  0  0
8.42105  1.03673  0  0
8.42105  1.06814  0  0
8.42105  1.09956  0  0
8.42105  1.13097  0  0
8.42105  1.16239  0  0
8.42105  1.19381  0  0
8.42105  1.22522  0  0
8.42105  1.25664  0  0
8.42105  1.28805  0  0
8.42105  1.31947  0  0
8.42105  1.35088  0  0
8.42105  1.3823  0  0
8.42105  1.41372  0  0
8.42105  1.44513  0  0
8.42105  1.47655  0  0
8.42105  1.50796  0  0
8.42105  1.53938  0  0
8.42105  1.5708  0  0
8.42105  1.60221  0  0
8.42105  1.63363  0  0
8.42105  1.66504  0  0
8.42105  1.69646  0  0
8.42105  1.72788  0  0
8.42105  1.75929  0  0
8.42105  1.79071  0  0
8.42105  1.82212  0  0
8.42105  1.85354  0  0
8.42105  1.88496  0  0
8.42105  1.91637  0  0
8.42105  1.94779  0  0
8.42105  1.9792  0  0
8.42105  2.01062  0  0
8.42105  2.04204  0  0
8.42105  2.07345  0  0
8.42105  2.10487  0  0
8.42105  2.13628  0  0
8.42105  2.1677  0  0
8.42105  2.19911  0  0
8.42105  2.23053  0  0
8.42105  2.26195  0  0
8.42105  2.29336  0  0
8.42105  2.32478  0  0
8.42105  2.35619  0  0
8.42105  2.38761  0  0
8.42105  2.41903  0  0
8.42105  2.45044  0  0
8.42105  2.48186  0  0
8.42105  2.51327  0  0
8.42105  2.54469  0  0
8.42105  2.57611  0  0
8.42105  2.60752  0  0
8.42105  2.63894  0  0
8.42105  2.67035  0  0
8.42105  2.70177  0  0
8.42105  2.73319  0  0
8.42105  2.7646  0  0
8.42105  2.79602  0  0
8.42105  2.82743  0  0
8.42105  2.85885  0  0
8.42105  2.89027  0  0
8.42105  2.92168  0  0
8.42105  2.9531  0  0
8.42105  2.98451  0  0
8.42105  3.01593  0  0
8.42105  3.04734  0  0
8.42105  3.07876  0  0
8.42105  3.11018  0  0
8.55921  0  0  0
8.55921  0.0314159  0  0
8.55921  0.0628319  0  0
8.55921  0.0942478  0  0
8.55921  0.125664  0  0
8.55921  0.15708  0  0
8.55921  0.188496  0  0
8.55921  0.219911  0  0
8.55921  0.251327  0  0
8.55921  0.282743  0  0
8.55921  0.314159  0  0
8.55921  0.345575  0  0
8.55921  0.376991  0  0
8.55921  0.408407  0  0
8.55921  0.439823  0  0
8.55921  0.471239  0  0
8.55921  0.502655  0  0
8.55921  0.534071  0  0
8.55921  0.565487  0  0
8.55921  0.596903  0  0
8.55921  0.628319  0  0
8.55921  0.659734  0  0
8.55921  0.69115  0  0
8.55921  0.722566  0  0
8.55921  0.753982  0  0
8.55921  0.785398  0  0
8.55921  0.816814  0  0
8.55921  0.84823  0  0
8.55921  0.879646  0  0
8.55921  0.911062  0  0
8.55921  0.942478  0  0
8.55921  0.973894  0  0
8.55921  1.00531  0  0
8.55921  1.03673  0  0
8.55921  1.06814  0  0
8.55921  1.09956  0  0
8.55921  1.13097  0  0
8.55921  1.16239  0  0
8.55921  1.19381  0  0
8.55921  1.22522  0  0
8.55921  1.25664  0  0
8.55921  1.28805  0  0
8.55921  1.31947  0  0
8.55921  1.35088  0  0
8.55921  1.3823  0  0
8.55921  1.41372  0  0
8.55921  1.44513  0  0
8.55921  1.47655  0  0
8.55921  1.50796  0  0
8.55921  1.53938  0  0
8.55921  1.5708  0  0
8.55921  1.60221  0  0
8.55921  1.63363  0  0
8.55921  1.66504  0  0
8.55921  1.69646  0  0
8.55921  1.72788  0  0
8.55921  1.75929  0  0
8.55921  1.79071  0  0
8.55921  1.82212  0  0
8.55921  1.85354  0  0
8.55921  1.88496  0  0
8.55921  1.91637  0  0
8.55921  1.94779  0  0
8.55921  1.9792  0  0
8.55921  2.01062  0  0
8.55921  2.04204  0  0
8.55921  2.07345  0  0
8.55921  2.10487  0  0
8.55921  2.13628  0  0
8.55921  2.1677  0  0
8.55921  2.19911  0  0
8.55921  2.23053  0  0
8.55921  2.26195  0  0
8.55921  2.29336  0  0
8.55921  2.32478  0  0
8.55921  2.35619  0  0
8.55921  2.38761  0  0
8.55921  2.41903  0  0
8.55921  2.45044  0  0
8.55921  2.48186  0  0
8.55921  2.51327  0  0
8.55921  2.54469  0  0
8.55921  2.57611  0  0
8.55921  2.60752  0  0
8.55921  2.63894  0  0
8.55921  2.67035  0  0
8.55921  2.70177  0  0
8.55921  2.73319  0  0
8.55921  2.7646  0  0
8.55921  2.79602  0  0
8.55921  2.82743  0  0
8.55921  2.85885  0  0
8.55921  2.89027  0  0
8.55921  2.92168  0  0
8.55921  2.9531  0  0
8.55921  2.98451  0  0
8.55921  3.01593  0  0
8.55921  3.04734  0  0
8.55921  3.07876  0  0
8.55921  3.11018  0  0
8.69737  0  0  0
8.69737  0.0314159  0  0
8.69737  0.0628319  0  0
8.69737  0.0942478  0  0
8.69737  0.125664  0  0
8.69737  0.15708  0  0
8.69737  0.188496  0  0
8.69737  0.219911  0  0
8.69737  0.251327  0  0
8.69737  0.282743  0  0
8.69737  0.314159  0  0
8.69737  0.345575  0  0
8.69737  0.376991  0  0
8.69737  0.408407  0  0
8.69737  0.439823  0  0
8.69737  0.471239  0  0
8.69737  0.502655  0  0
8.69737  0.534071  0  0
8.69737  0.565487  0  0
8.69737  0.596903  0  0
8.69737  0.628319  0  0
8.69737  0.659734  0  0
8.69737  0.69115  0  0
8.69737  0.722566  0  0
8.69737  0.753982  0  0
8.69737  0.785398  0  0
8.69737  0.816814  0  0
8.69737  0.84823  0  0
8.69737  0.879646  0  0
8.69737  0.911062  0  0
8.69737  0.942478  0  0
8.69737  0.973894  0  0
8.69737  1.00531  0  0
8.69737  1.03673  0  0
8.69737  1.06814  0  0
8.69737  1.09956  0  0
8.69737  1.13097  0  0
8.69737  1.16239  0  0
8.69737  1.19381  0  0
8.69737  1.22522  0  0
8.69737  1.25664  0  0
8.69737  1.28805  0  0
8.69737  1.31947  0  0
8.69737  1.35088  0  0
8.69737  1.3823  0  0
8.69737  1.41372  0  0
8.69737  1.44513  0  0
8.69737  1.47655  0  0
8.69737  1.50796  0  0
8.69737  1.53938  0  0
8.69737  1.5708  0  0
8.69737  1.60221  0  0
8.69737  1.63363  0  0
8.69737  1.66504  0  0
8.69737  1.69646  0  0
8.69737  1.72788  0  0
8.69737  1.75929  0  0
8.69737  1.79071  0  0
8.69737  1.82212  0  0
8.69737  1.85354  0  0
8.69737  1.88496  0  0
8.69737  1.91637  0  0
8.69737  1.94779  0  0
8.69737  1.9792  0  0
8.69737  2.01062  0  0
8.69737  2.04204  0  0
8.69737  2.07345  0  0
8.69737  2.10487  0  0
8.69737  2.13628  0  0
8.69737  2.1677  0  0
8.69737  2.19911  0  0
8.69737  2.23053  0  0
8.69737  2.26195  0  0
8.69737  2.29336  0  0
8.69737  2.32478  0  0
8.69737  2.35619  0  0
8.69737  2.38761  0  0
8.69737  2.41903  0  0
8.69737  2.45044  0  0
8.69737  2.48186  0  0
8.69737  2.51327  0  0
8.69737  2.54469  0  0
8.69737  2.57611  0  0
8.69737  2.60752  0  0
8.69737  2.63894  0  0
8.69737  2.67035  0  0
8.69737  2.70177  0  0
8.69737  2.73319  0  0
8.69737  2.7646  0  0
8.69737  2.79602  0  0
8.69737  2.82743  0  0
8.69737  2.85885  0  0
8.69737  2.89027  0  0
8.69737  2.92168  0  0
8.69737  2.9531  0  0
8.69737  2.98451  0  0
8.69737  3.01593  0  0
8.69737  3.04734  0  0
8.69737  3.07876  0  0
8.69737  3.11018  0  0
8.83553  0  0  0
8.83553  0.0314159  0  0
8.83553  0.0628319  0  0
8.83553  0.0942478  0  0
8.83553  0.125664  0  0
8.83553  0.15708  0  0
8.83553  0.188496  0  0
8.83553  0.219911  0  0
8.83553  0.251327  0  0
8.83553  0.282743  0  0
8.83553  0.314159  0  0
8.83553  0.345575  0  0
8.83553  0.376991  0  0
8.83553  0.408407  0  0
8.83553  0.439823  0  0
8.83553  0.471239  0  0
8.83553  0.502655  0  0
8.83553  0.534071  0  0
8.83553  0.565487  0  0
8.83553  0.596903  0  0
8.83553  0.628319  0  0
8.83553  0.659734  0  0
8.83553  0.69115  0  0
8.83553  0.722566  0  0
8.83553  0.753982  0  0
8.83553  0.785398  0  0
8.83553  0.816814  0  0
8.83553  0.84823  0  0
8.83553  0.879646  0  0
8.83553  0.911062  0  0
8.83553  0.942478  0  0
8.83553  0.973894  0  0
8.83553  1.00531  0  0
8.83553  1.03673  0  0
8.83553  1.06814  0  0
8.83553  1.09956  0  0
8.83553  1.13097  0  0
8.83553  1.16239  0  0
8.83553  1.19381  0  0
8.83553  1.22522  0  0
8.83553  1.25664  0  0
8.83553  1.28805  0  0
8.83553  1.31947  0  0
8.83553  1.35088  0  0
8.83553  1.3823  0  0
8.83553  1.41372  0  0
8.83553  1.44513  0  0
8.83553  1.47655  0  0
8.83553  1.50796  0  0
8.83553  1.53938  0  0
8.83553  1.5708  0  0
8.83553  1.60221  0  0
8.83553  1.63363  0  0
8.83553  1.66504  0  0
8.83553  1.69646  0  0
8.83553  1.72788  0  0
8.83553  1.75929  0  0
8.83553  1.79071  0  0
8.83553  1.82212  0  0
8.83553  1.85354  0  0
8.83553  1.88496  0  0
8.83553  1.91637  0  0
8.83553  1.94779  0  0
8.83553  1.9792  0  0
8.83553  2.01062  0  0
8.83553  2.04204  0  0
8.83553  2.07345  0  0
8.83553  2.10487  0  0
8.83553  2.13628  0  0
8.83553  2.1677  0  0
8.83553  2.19911  0  0
8.83553  2.23053  0  0
8.83553  2.26195  0  0
8.83553  2.29336  0  0
8.83553  2.32478  0  0
8.83553  2.35619  0  0
8.83553  2.38761  0  0
8.83553  2.41903  0  0
8.83553  2.45044  0  0
8.83553  2.48186  0  0
8.83553  2.51327  0  0
8.83553  2.54469  0  0
8.83553  2.57611  0  0
8.83553  2.60752  0  0
8.83553  2.63894  0  0
8.83553  2.67035  0  0
8.83553  2.70177  0  0
8.83553  2.73319  0  0
8.83553  2.7646  0  0
8.83553  2.79602  0  0
8.83553  2.82743  0  0
8.83553  2.85885  0  0
8.83553  2.89027  0  0
8.83553  2.92168  0  0
8.83553  2.9531  0  0
8.83553  2.98451  0  0
8.83553  3.01593  0  0
8.83553  3.04734  0  0
8.83553  3.07876  0  0
8.83553  3.11018  0  0
8.97368  0  0  0
8.97368  0.0314159  0  0
8.97368  0.0628319  0  0
8.97368  0.0942478  0  0
8.97368  0.125664  0  0
8.97368  0.15708  0  0
8.97368  0.188496  0  0
8.97368  0.219911  0  0
8.97368  0.251327  0  0
8.97368  0.282743  0  0
8.97368  0.314159  0  0
8.97368  0.345575  0  0
8.97368  0.376991  0  0
8.97368  0.408407  0  0
8.97368  0.439823  0  0
8.97368  0.471239  0  0
8.97368  0.502655  0  0
8.97368  0.534071  0  0
8.97368  0.565487  0  0
8.97368  0.596903  0  0
8.97368  0.628319  0  0
8.97368  0.659734  0  0
8.97368  0.69115  0  0
8.97368  0.722566  0  0
8.97368  0.753982  0  0
8.97368  0.785398  0  0
8.97368  0.816814  0  0
8.97368  0.84823  0  0
8.97368  0.879646  0  0
8.97368  0.911062  0  0
8.97368  0.942478  0  0
8.97368  0.973894  0  0
8.97368  1.00531  0  0
8.97368  1.03673  0  0
8.97368  1.06814  0  0
8.97368  1.09956  0  0
8.97368  1.13097  0  0
8.97368  1.16239  0  0
8.97368  1.19381  0  0
8.97368  1.22522  0  0
8.97368  1.25664  0  0
8.97368  1.28805  0  0
8.97368  1.31947  0  0
8.97368  1.35088  0  0
8.97368  1.3823  0  0
8.97368  1.41372  0  0
8.97368  1.44513  0  0
8.97368  1.47655  0  0
8.97368  1.50796  0  0
8.97368  1.53938  0  0
8.97368  1.5708  0  0
8.97368  1.60221  0  0
8.97368  1.63363  0  0
8.97368  1.66504  0  0
8.97368  1.69646  0  0
8.97368  1.72788  0  0
8.97368  1.75929  0  0
8.97368  1.79071  0  0
8.97368  1.82212  0  0
8.97368  1.85354  0  0
8.97368  1.88496  0  0
8.97368  1.91637  0  0
8.97368  1.94779  0  0
8.97368  1.9792  0  0
8.97368  2.01062  0  0
8.97368  2.04204  0  0
8.97368  2.07345  0  0
8.97368  2.10487  0  0
8.97368  2.13628  0  0
8.97368  2.1677  0  0
8.97368  2.19911  0  0
8.97368  2.23053  0  0
8.97368  2.26195  0  0
8.97368  2.29336  0  0
8.97368  2.32478  0  0
8.97368  2.35619  0  0
8.97368  2.38761  0  0
8.97368  2.41903  0  0
8.97368  2.45044  0  0
8.97368  2.48186  0  0
8.97368  2.51327  0  0
8.97368  2.54469  0  0
8.97368  2.57611  0  0
8.97368  2.60752  0  0
8.97368  2.63894  0  0
8.97368  2.67035  0  0
8.97368  2.70177  0  0
8.97368  2.73319  0  0
8.97368  2.7646  0  0
8.97368  2.79602  0  0
8.97368  2.82743  0  0
8.97368  2.85885  0  0
8.97368  2.89027  0  0
8.97368  2.92168  0  0
8.97368  2.9531  0  0
8.97368  2.98451  0  0
8.97368  3.01593  0  0
8.97368  3.04734  0  0
8.97368  3.07876  0  0
8.97368  3.11018  0  0
9.11184  0  0  0
9.11184  0.0314159  0  0
9.11184  0.0628319  0  0
9.11184  0.0942478  0  0
9.11184  0.125664  0  0
9.11184  0.15708  0  0
9.11184  0.188496  0  0
9.11184  0.219911  0  0
9.11184  0.251327  0  0
9.11184  0.282743  0  0
9.11184  0.314159  0  0
9.11184  0.345575  0  0
9.11184  0.376991  0  0
9.11184  0.408407  0  0
9.11184  0.439823  0  0
9.11184  0.471239  0  0
9.11184  0.502655  0  0
9.11184  0.534071  0  0
9.11184  0.565487  0  0
9.11184  0.596903  0  0
9.11184  0.628319  0  0
9.11184  0.659734  0  0
9.11184  0.69115  0  0
9.11184  0.722566  0  0
9.11184  0.753982  0  0
9.11184  0.785398  0  0
9.11184  0.816814  0  0
9.11184  0.84823  0  0
9.11184  0.879646  0  0
9.11184  0.911062  0  0
9.11184  0.942478  0  0
9.11184  0.973894  0  0
9.11184  1.00531  0  0
9.11184  1.03673  0  0
9.11184  1.06814  0  0
9.11184  1.09956  0  0
9.11184  1.13097  0  0
9.11184  1.16239  0  0
9.11184  1.19381  0  0
9.11184  1.22522  0  0
9.11184  1.25664  0  0
9.11184  1.28805  0  0
9.11184  1.31947  0  0
9.11184  1.35088  0  0
9.11184  1.3823  0  0
9.11184  1.41372  0  0
9.11184  1.44513  0  0
9.11184  1.47655  0  0
9.11184  1.50796  0  0
9.11184  1.53938  0  0
9.11184  1.5708  0  0
9.11184  1.60221  0  0
9.11184  1.63363  0  0
9.11184  1.66504  0  0
9.11184  1.69646  0  0
9.11184  1.72788  0  0
9.11184  1.75929  0  0
9.11184  1.79071  0  0
9.11184  1.82212  0  0
9.11184  1.85354  0  0
9.11184  1.88496  0  0
9.11184  1.91637  0  0
9.11184  1.94779  0  0
9.11184  1.9792  0  0
9.11184  2.01062  0  0
9.11184  2.04204  0  0
9.11184  2.07345  0  0
9.11184  2.10487  0  0
9.11184  2.13628  0  0
9.11184  2.1677  0  0
9.11184  2.19911  0  0
9.11184  2.23053  0  0
9.11184  2.26195  0  0
9.11184  2.29336  0  0
9.11184  2.32478  0  0
9.11184  2.35619  0  0
9.11184  2.38761  0  0
9.11184  2.41903  0  0
9.11184  2.45044  0  0
9.11184  2.48186  0  0
9.11184  2.51327  0  0
9.11184  2.54469  0  0
9.11184  2.57611  0  0
9.11184  2.60752  0  0
9.11184  2.63894  0  0
9.11184  2.67035  0  0
9.11184  2.70177  0  0
9.11184  2.73319  0  0
9.11184  2.7646  0  0
9.11184  2.79602  0  0
9.11184  2.82743  0  0
9.11184  2.85885  0  0
9.11184  2.89027  0  0
9.11184  2.92168  0  0
9.11184  2.9531  0  0
9.11184  2.98451  0  0
9.11184  3.01593  0  0
9.11184  3.04734  0  0
9.11184  3.07876  0  0
9.11184  3.11018  0  0
9.25  0  0  0
9.25  0.0314159  0  0
9.25  0.0628319  0  0
9.25  0.0942478  0  0
9.25  0.125664  0  0
9.25  0.15708  0  0
9.25  0.188496  0  0
9.25  0.219911  0  0
9.25  0.251327  0  0
9.25  0.282743  0  0
9.25  0.314159  0  0
9.25  0.345575  0  0
9.25  0.376991  0  0
9.25  0.408407  0  0
9.25  0.439823  0  0
9.25  0.471239  0  0
9.25  0.502655  0  0
9.25  0.534071  0  0
9.25  0.565487  0  0
9.25  0.596903  0  0
9.25  0.628319  0  0
9.25  0.659734  0  0
9.25  0.69115  0  0
9.25  0.722566  0  0
9.25  0.753982  0  0
9.25  0.785398  0  0
9.25  0.816814  0  0
9.25  0.84823  0  0
9.25  0.879646  0  0
9.25  0.911062  0  0
9.25  0.942478  0  0
9.25  0.973894  0  0
9.25  1.00531  0  0
9.25  1.03673  0  0
9.25  1.06814  0  0
9.25  1.09956  0  0
9.25  1.13097  0  0
9.25  1.16239  0  0
9.25  1.19381  0  0
9.25  1.22522  0  0
9.25  1.25664  0  0
9.25  1.28805  0  0
9.25  1.31947  0  0
9.25  1.35088  0  0
9.25  1.3823  0  0
9.25  1.41372  0  0
9.25  1.44513  0  0
9.25  1.47655  0  0
9.25  1.50796  0  0
9.25  1.53938  0  0
9.25  1.5708  0  0
9.25  1.60221  0  0
9.25  1.63363  0  0
9.25  1.66504  0  0
9.25  1.69646  0  0
9.25  1.72788  0  0
9.25  1.75929  0  0
9.25  1.79071  0  0
9.25  1.82212  0  0
9.25  1.85354  0  0
9.25  1.88496  0  0
9.25  1.91637  0  0
9.25  1.94779  0  0
9.25  1.9792  0  0
9.25  2.01062  0  0
9.25  2.04204  0  0
9.25  2.07345  0  0
9.25  2.10487  0  0
9.25  2.13628  0  0
9.25  2.1677  0  0
9.25  2.19911  0  0
9.25  2.23053  0  0
9.25  2.26195  0  0
9.25  2.29336  0  0
9.25  2.32478  0  0
9.25  2.35619  0  0
9.25  2.38761  0  0
9.25  2.41903  0  0
9.25  2.45044  0  0
9.25  2.48186  0  0
9.25  2.51327  0  0
9.25  2.54469  0  0
9.25  2.57611  0  0
9.25  2.60752  0  0
9.25  2.63894  0  0
9.25  2.67035  0  0
9.25  2.70177  0  0
9.25  2.73319  0  0
9.25  2.7646  0  0
9.25  2.79602  0  0
9.25  2.82743  0  0
9.25  2.85885  0  0
9.25  2.89027  0  0
9.25  2.92168  0  0
9.25  2.9531  0  0
9.25  2.98451  0  0
9.25  3.01593  0  0
9.25  3.04734  0  0
9.25  3.07876  0  0
9.25  3.11018  0  0
9.38816  0  0  0
9.38816  0.0314159  0  0
9.38816  0.0628319  0  0
9.38816  0.0942478  0  0
9.38816  0.125664  0  0
9.38816  0.15708  0  0
9.38816  0.188496  0  0
9.38816  0.219911  0  0
9.38816  0.251327  0  0
9.38816  0.282743  0  0
9.38816  0.314159  0  0
9.38816  0.345575  0  0
9.38816  0.376991  0  0
9.38816  0.408407  0  0
9.38816  0.439823  0  0
9.38816  0.471239  0  0
9.38816  0.502655  0  0
9.38816  0.534071  0  0
9.38816  0.565487  0  0
9.38816  0.596903  0  0
9.38816  0.628319  0  0
9.38816  0.659734  0  0
9.38816  0.69115  0  0
9.38816  0.722566  0  0
9.38816  0.753982  0  0
9.38816  0.785398  0  0
9.38816  0.816814  0  0
9.38816  0.84823  0  0
9.38816  0.879646  0  0
9.38816  0.911062  0  0
9.38816  0.942478  0  0
9.38816  0.973894  0  0
9.38816  1.00531  0  0
9.38816  1.03673  0  0
9.38816  1.06814  0  0
9.38816  1.09956  0  0
9.38816  1.13097  0  0
9.38816  1.16239  0  0
9.38816  1.19381  0  0
9.38816  1.22522  0  0
9.38816  1.25664  0  0
9.38816  1.28805  0  0
9.38816  1.31947  0  0
9.38816  1.35088  0  0
9.38816  1.3823  0  0
9.38816  1.41372  0  0
9.38816  1.44513  0  0
9.38816  1.47655  0  0
9.38816  1.50796  0  0
9.38816  1.53938  0  0
9.38816  1.5708  0  0
9.38816  1.60221  0  0
9.38816  1.63363  0  0
9.38816  1.66504  0  0
9.38816  1.69646  0  0
9.38816  1.72788  0  0
9.38816  1.75929  0  0
9.38816  1.79071  0  0
9.38816  1.82212  0  0
9.38816  1.85354  0  0
9.38816  1.88496  0  0
9.38816  1.91637  0  0
9.38816  1.94779  0  0
9.38816  1.9792  0  0
9.38816  2.01062  0  0
9.38816  2.04204  0  0
9.38816  2.07345  0  0
9.38816  2.10487  0  0
9.38816  2.13628  0  0
9.38816  2.1677  0  0
9.38816  2.19911  0  0
9.38816  2.23053  0  0
9.38816  2.26195  0  0
9.38816  2.29336  0  0
9.38816  2.32478  0  0
9.38816  2.35619  0  0
9.38816  2.38761  0  0
9.38816  2.41903  0  0
9.38816  2.45044  0  0
9.38816  2.48186  0  0
9.38816  2.51327  0  0
9.38816  2.54469  0  0
9.38816  2.57611  0  0
9.38816  2.60752  0  0
9.38816  2.63894  0  0
9.38816  2.67035  0  0
9.38816  2.70177  0  0
9.38816  2.73319  0  0
9.38816  2.7646  0  0
9.38816  2.79602  0  0
9.38816  2.82743  0  0
9.38816  2.85885  0  0
9.38816  2.89027  0  0
9.38816  2.92168  0  0
9.38816  2.9531  0  0
9.38816  2.98451  0  0
9.38816  3.01593  0  0
9.38816  3.04734  0  0
9.38816  3.07876  0  0
9.38816  3.11018  0  0
9.52632  0  0  0
9.52632  0.0314159  0  0
9.52632  0.0628319  0  0
9.52632  0.0942478  0  0
9.52632  0.125664  0  0
9.52632  0.15708  0  0
9.52632  0.188496  0  0
9.52632  0.219911  0  0
9.52632  0.251327  0  0
9.52632  0.282743  0  0
9.52632  0.314159  0  0
9.52632  0.345575  0  0
9.52632  0.376991  0  0
9.52632  0.408407  0  0
9.52632  0.439823  0  0
9.52632  0.471239  0  0
9.52632  0.502655  0  0
9.52632  0.534071  0  0
9.52632  0.565487  0  0
9.52632  0.596903  0  0
9.52632  0.628319  0  0
9.52632  0.659734  0  0
9.52632  0.69115  0  0
9.52632  0.722566  0  0
9.52632  0.753982  0  0
9.52632  0.785398  0  0
9.52632  0.816814  0  0
9.52632  0.84823  0  0
9.52632  0.879646  0  0
9.52632  0.911062  0  0
9.52632  0.942478  0  0
9.52632  0.973894  0  0
9.52632  1.00531  0  0
9.52632  1.03673  0  0
9.52632  1.06814  0  0
9.52632  1.09956  0  0
9.52632  1.13097  0  0
9.52632  1.16239  0  0
9.52632  1.19381  0  0
9.52632  1.22522  0  0
9.52632  1.25664  0  0
9.52632  1.28805  0  0
9.52632  1.31947  0  0
9.52632  1.35088  0  0
9.52632  1.3823  0  0
9.52632  1.41372  0  0
9.52632  1.44513  0  0
9.52632  1.47655  0  0
9.52632  1.50796  0  0
9.52632  1.53938  0  0
9.52632  1.5708  0  0
9.52632  1.60221  0  0
9.52632  1.63363  0  0
9.52632  1.66504  0  0
9.52632  1.69646  0  0
9.52632  1.72788  0  0
9.52632  1.75929  0  0
9.52632  1.79071  0  0
9.52632  1.82212  0  0
9.52632  1.85354  0  0
9.52632  1.88496  0  0
9.52632  1.91637  0  0
9.52632  1.94779  0  0
9.52632  1.9792  0  0
9.52632  2.01062  0  0
9.52632  2.04204  0  0
9.52632  2.07345  0  0
9.52632  2.10487  0  0
9.52632  2.13628  0  0
9.52632  2.1677  0  0
9.52632  2.19911  0  0
9.52632  2.23053  0  0
9.52632  2.26195  0  0
9.52632  2.29336  0  0
9.52632  2.32478  0  0
9.52632  2.35619  0  0
9.52632  2.38761  0  0
9.52632  2.41903  0  0
9.52632  2.45044  0  0
9.52632  2.48186  0  0
9.52632  2.51327  0  0
9.52632  2.54469  0  0
9.52632  2.57611  0  0
9.52632  2.60752  0  0
9.52632  2.63894  0  0
9.52632  2.67035  0  0
9.52632  2.70177  0  0
9.52632  2.73319  0  0
9.52632  2.7646  0  0
9.52632  2.79602  0  0
9.52632  2.82743  0  0
9.52632  2.85885  0  0
9.52632  2.89027  0  0
9.52632  2.92168  0  0
9.52632  2.9531  0  0
9.52632  2.98451  0  0
9.52632  3.01593  0  0
9.52632  3.04734  0  0
9.52632  3.07876  0  0
9.52632  3.11018  0  0
9.66447  0  0  0
9.66447  0.0314159  0  0
9.66447  0.0628319  0  0
9.66447  0.0942478  0  0
9.66447  0.125664  0  0
9.66447  0.15708  0  0
9.66447  0.188496  0  0
9.66447  0.219911  0  0
9.66447  0.251327  0  0
9.66447  0.282743  0  0
9.66447  0.314159  0  0
9.66447  0.345575  0  0
9.66447  0.376991  0  0
9.66447  0.408407  0  0
9.66447  0.439823  0  0
9.66447  0.471239  0  0
9.66447  0.502655  0  0
9.66447  0.534071  0  0
9.66447  0.565487  0  0
9.66447  0.596903  0  0
9.66447  0.628319  0  0
9.66447  0.659734  0  0
9.66447  0.69115  0  0
9.66447  0.722566  0  0
9.66447  0.753982  0  0
9.66447  0.785398  0  0
9.66447  0.816814  0  0
9.66447  0.84823  0  0
9.66447  0.879646  0  0
9.66447  0.911062  0  0
9.66447  0.942478  0  0
9.66447  0.973894  0  0
9.66447  1.00531  0  0
9.66447  1.03673  0  0
9.66447  1.06814  0  0
9.66447  1.09956  0  0
9.66447  1.13097  0  0
9.66447  1.16239  0  0
9.66447  1.19381  0  0
9.66447  1.22522  0  0
9.66447  1.25664  0  0
9.66447  1.28805  0  0
9.66447  1.31947  0  0
9.66447  1.35088  0  0
9.66447  1.3823  0  0
9.66447  1.41372  0  0
9.66447  1.44513  0  0
9.66447  1.47655  0  0
9.66447  1.50796  0  0
9.66447  1.53938  0  0
9.66447  1.5708  0  0
9.66447  1.60221  0  0
9.66447  1.63363  0  0
9.66447  1.66504  0  0
9.66447  1.69646  0  0
9.66447  1.72788  0  0
9.66447  1.75929  0  0
9.66447  1.79071  0  0
9.66447  1.82212  0  0
9.66447  1.85354  0  0
9.66447  1.88496  0  0
9.66447  1.91637  0  0
9.66447  1.94779  0  0
9.66447  1.9792  0  0
9.66447  2.01062  0  0
9.66447  2.04204  0  0
9.66447  2.07345  0  0
9.66447  2.10487  0  0
9.66447  2.13628  0  0
9.66447  2.1677  0  0
9.66447  2.19911  0  0
9.66447  2.23053  0  0
9.66447  2.26195  0  0
9.66447  2.29336  0  0
9.66447  2.32478  0  0
9.66447  2.35619  0  0
9.66447  2.38761  0  0
9.66447  2.41903  0  0
9.66447  2.45044  0  0
9.66447  2.48186  0  0
9.66447  2.51327  0  0
9.66447  2.54469  0  0
9.66447  2.57611  0  0
9.66447  2.60752  0  0
9.66447  2.63894  0  0
9.66447  2.67035  0  0
9.66447  2.70177  0  0
9.66447  2.73319  0  0
9.66447  2.7646  0  0
9.66447  2.79602  0  0
9.66447  2.82743  0  0
9.66447  2.85885  0  0
9.66447  2.89027  0  0
9.66447  2.92168  0  0
9.66447  2.9531  0  0
9.66447  2.98451  0  0
9.66447  3.01593  0  0
9.66447  3.04734  0  0
9.66447  3.07876  0  0
9.66447  3.11018  0  0
9.80263  0  0  0
9.80263  0.0314159  0  0
9.80263  0.0628319  0  0
9.80263  0.0942478  0  0
9.80263  0.125664  0  0
9.80263  0.15708  0  0
9.80263  0.188496  0  0
9.80263  0.219911  0  0
9.80263  0.251327  0  0
9.80263  0.282743  0  0
9.80263  0.314159  0  0
9.80263  0.345575  0  0
9.80263  0.376991  0  0
9.80263  0.408407  0  0
9.80263  0.439823  0  0
9.80263  0.471239  0  0
9.80263  0.502655  0  0
9.80263  0.534071  0  0
9.80263  0.565487  0  0
9.80263  0.596903  0  0
9.80263  0.628319  0  0
9.80263  0.659734  0  0
9.80263  0.69115  0  0
9.80263  0.722566  0  0
9.80263  0.753982  0  0
9.80263  0.785398  0  0
9.80263  0.816814  0  0
9.80263  0.84823  0  0
9.80263  0.879646  0  0
9.80263  0.911062  0  0
9.80263  0.942478  0  0
9.80263  0.973894  0  0
9.80263  1.00531  0  0
9.80263  1.03673  0  0
9.80263  1.06814  0  0
9.80263  1.09956  0  0
9.80263  1.13097  0  0
9.80263  1.16239  0  0
9.80263  1.19381  0  0
9.80263  1.22522  0  0
9.80263  1.25664  0  0
9.80263  1.28805  0  0
9.80263  1.31947  0  0
9.80263  1.35088  0  0
9.80263  1.3823  0  0
9.80263  1.41372  0  0
9.80263  1.44513  0  0
9.80263  1.47655  0  0
9.80263  1.50796  0  0
9.80263  1.53938  0  0
9.80263  1.5708  0  0
9.80263  1.60221  0  0
9.80263  1.63363  0  0
9.80263  1.66504  0  0
9.80263  1.69646  0  0
9.80263  1.72788  0  0
9.80263  1.75929  0  0
9.80263  1.79071  0  0
9.80263  1.82212  0  0
9.80263  1.85354  0  0
9.80263  1.88496  0  0
9.80263  1.91637  0  0
9.80263  1.94779  0  0
9.80263  1.9792  0  0
9.80263  2.01062  0  0
9.80263  2.04204  0  0
9.80263  2.07345  0  0
9.80263  2.10487  0  0
9.80263  2.13628  0  0
9.80263  2.1677  0  0
9.80263  2.19911  0  0
9.80263  2.23053  0  0
9.80263  2.26195  0  0
9.80263  2.29336  0  0
9.80263  2.32478  0  0
9.80263  2.35619  0  0
9.80263  2.38761  0  0
9.80263  2.41903  0  0
9.80263  2.45044  0  0
9.80263  2.48186  0  0
9.80263  2.51327  0  0
9.80263  2.54469  0  0
9.80263  2.57611  0  0
9.80263  2.60752  0  0
9.80263  2.63894  0  0
9.80263  2.67035  0  0
9.80263  2.70177  0  0
9.80263  2.73319  0  0
9.80263  2.7646  0  0
9.80263  2.79602  0  0
9.80263  2.82743  0  0
9.80263  2.85885  0  0
9.80263  2.89027  0  0
9.80263  2.92168  0  0
9.80263  2.9531  0  0
9.80263  2.98451  0  0
9.80263  3.01593  0  0
9.80263  3.04734  0  0
9.80263  3.07876  0  0
9.80263  3.11018  0  0
9.94079  0  0  0
9.94079  0.0314159  0  0
9.94079  0.0628319  0  0
9.94079  0.0942478  0  0
9.94079  0.125664  0  0
9.94079  0.15708  0  0
9.94079  0.188496  0  0
9.94079  0.219911  0  0
9.94079  0.251327  0  0
9.94079  0.282743  0  0
9.94079  0.314159  0  0
9.94079  0.345575  0  0
9.94079  0.376991  0  0
9.94079  0.408407  0  0
9.94079  0.439823  0  0
9.94079  0.471239  0  0
9.94079  0.502655  0  0
9.94079  0.534071  0  0
9.94079  0.565487  0  0
9.94079  0.596903  0  0
9.94079  0.628319  0  0
9.94079  0.659734  0  0
9.94079  0.69115  0  0
9.94079  0.722566  0  0
9.94079  0.753982  0  0
9.94079  0.785398  0  0
9.94079  0.816814  0  0
9.94079  0.84823  0  0
9.94079  0.879646  0  0
9.94079  0.911062  0  0
9.94079  0.942478  0  0
9.94079  0.973894  0  0
9.94079  1.00531  0  0
9.94079  1.03673  0  0
9.94079  1.06814  0  0
9.94079  1.09956  0  0
9.94079  1.13097  0  0
9.94079  1.16239  0  0
9.94079  1.19381  0  0
9.94079  1.22522  0  0
9.94079  1.25664  0  0
9.94079  1.28805  0  0
9.94079  1.31947  0  0
9.94079  1.35088  0  0
9.94079  1.3823  0  0
9.94079  1.41372  0  0
9.94079  1.44513  0  0
9.94079  1.47655  0  0
9.94079  1.50796  0  0
9.94079  1.53938  0  0
9.94079  1.5708  0  0
9.94079  1.60221  0  0
9.94079  1.63363  0  0
9.94079  1.66504  0  0
9.94079  1.69646  0  0
9.94079  1.72788  0  0
9.94079  1.75929  0  0
9.94079  1.79071  0  0
9.94079  1.82212  0  0
9.94079  1.85354  0  0
9.94079  1.88496  0  0
9.94079  1.91637  0  0
9.94079  1.94779  0  0
9.94079  1.9792  0  0
9.94079  2.01062  0  0
9.94079  2.04204  0  0
9.94079  2.07345  0  0
9.94079  2.10487  0  0
9.94079  2.13628  0  0
9.94079  2.1677  0  0
9.94079  2.19911  0  0
9.94079  2.23053  0  0
9.94079  2.26195  0  0
9.94079  2.29336  0  0
9.94079  2.32478  0  0
9.94079  2.35619  0  0
9.94079  2.38761  0  0
9.94079  2.41903  0  0
9.94079  2.45044  0  0
9.94079  2.48186  0  0
9.94079  2.51327  0  0
9.94079  2.54469  0  0
9.94079  2.57611  0  0
9.94079  2.60752  0  0
9.94079  2.63894  0  0
9.94079  2.67035  0  0
9.94079  2.70177  0  0
9.94079  2.73319  0  0
9.94079  2.7646  0  0
9.94079  2.79602  0  0
9.94079  2.82743  0  0
9.94079  2.85885  0  0
9.94079  2.89027  0  0
9.94079  2.92168  0  0
9.94079  2.9531  0  0
9.94079  2.98451  0  0
9.94079  3.01593  0  0
9.94079  3.04734  0  0
9.94079  3.07876  0  0
9.94079  3.11018  0  0
10.0789  0  0  0
10.0789  0.0314159  0  0
10.0789  0.0628319  0  0
10.0789  0.0942478  0  0
10.0789  0.125664  0  0
10.0789  0.15708  0  0
10.0789  0.188496  0  0
10.0789  0.219911  0  0
10.0789  0.251327  0  0
10.0789  0.282743  0  0
10.0789  0.314159  0  0
10.0789  0.345575  0  0
10.0789  0.376991  0  0
10.0789  0.408407  0  0
10.0789  0.439823  0  0
10.0789  0.471239  0  0
10.0789  0.502655  0  0
10.0789  0.534071  0  0
10.0789  0.565487  0  0
10.0789  0.596903  0  0
10.0789  0.628319  0  0
10.0789  0.659734  0  0
10.0789  0.69115  0  0
10.0789  0.722566  0  0
10.0789  0.753982  0  0
10.0789  0.785398  0  0
10.0789  0.816814  0  0
10.0789  0.84823  0  0
10.0789  0.879646  0  0
10.0789  0.911062  0  0
10.0789  0.942478  0  0
10.0789  0.973894  0  0
10.0789  1.00531  0  0
10.0789  1.03673  0  0
10.0789  1.06814  0  0
10.0789  1.09956  0  0
10.0789  1.13097  0  0
10.0789  1.16239  0  0
10.0789  1.19381  0  0
10.0789  1.22522  0  0
10.0789  1.25664  0  0
10.0789  1.28805  0  0
10.0789  1.31947  0  0
10.0789  1.35088  0  0
10.0789  1.3823  0  0
10.0789  1.41372  0  0
10.0789  1.44513  0  0
10.0789  1.47655  0  0
10.0789  1.50796  0  0
10.0789  1.53938  0  0
10.0789  1.5708  0  0
10.0789  1.60221  0  0
10.0789  1.63363  0  0
10.0789  1.66504  0  0
10.0789  1.69646  0  0
10.0789  1.72788  0  0
10.0789  1.75929  0  0
10.0789  1.79071  0  0
10.0789  1.82212  0  0
10.0789  1.85354  0  0
10.0789  1.88496  0  0
10.0789  1.91637  0  0
10.0789  1.94779  0  0
10.0789  1.9792  0  0
10.0789  2.01062  0  0
10.0789  2.04204  0  0
10.0789  2.07345  0  0
10.0789  2.10487  0  0
10.0789  2.13628  0  0
10.0789  2.1677  0  0
10.0789  2.19911  0  0
10.0789  2.23053  0  0
10.0789  2.26195  0  0
10.0789  2.29336  0  0
10.0789  2.32478  0  0
10.0789  2.35619  0  0
10.0789  2.38761  0  0
10.0789  2.41903  0  0
10.0789  2.45044  0  0
10.0789  2.48186  0  0
10.0789  2.51327  0  0
10.0789  2.54469  0  0
10.0789  2.57611  0  0
10.0789  2.60752  0  0
10.0789  2.63894  0  0
10.0789  2.67035  0  0
10.0789  2.70177  0  0
10.0789  2.73319  0  0
10.0789  2.7646  0  0
10.0789  2.79602  0  0
10.0789  2.82743  0  0
10.0789  2.85885  0  0
10.0789  2.89027  0  0
10.0789  2.92168  0  0
10.0789  2.9531  0  0
10.0789  2.98451  0  0
10.0789  3.01593  0  0
10.0789  3.04734  0  0
10.0789  3.07876  0  0
10.0789  3.11018  0  0
10.2171  0  0  0
10.2171  0.0314159  0  0
10.2171  0.0628319  0  0
10.2171  0.0942478  0  0
10.2171  0.125664  0  0
10.2171  0.15708  0  0
10.2171  0.188496  0  0
10.2171  0.219911  0  0
10.2171  0.251327  0  0
10.2171  0.282743  0  0
10.2171  0.314159  0  0
10.2171  0.345575  0  0
10.2171  0.376991  0  0
10.2171  0.408407  0  0
10.2171  0.439823  0  0
10.2171  0.471239  0  0
10.2171  0.502655  0  0
10.2171  0.534071  0  0
10.2171  0.565487  0  0
10.2171  0.596903  0  0
10.2171  0.628319  0  0
10.2171  0.659734  0  0
10.2171  0.69115  0  0
10.2171  0.722566  0  0
10.2171  0.753982  0  0
10.2171  0.785398  0  0
10.2171  0.816814  0  0
10.2171  0.84823  0  0
10.2171  0.879646  0  0
10.2171  0.911062  0  0
10.2171  0.942478  0  0
10.2171  0.973894  0  0
10.2171  1.00531  0  0
10.2171  1.03673  0  0
10.2171  1.06814  0  0
10.2171  1.09956  0  0
10.2171  1.13097  0  0
10.2171  1.16239  0  0
10.2171  1.19381  0  0
10.2171  1.22522  0  0
10.2171  1.25664  0  0
10.2171  1.28805  0  0
10.2171  1.31947  0  0
10.2171  1.35088  0  0
10.2171  1.3823  0  0
10.2171  1.41372  0  0
10.2171  1.44513  0  0
10.2171  1.47655  0  0
10.2171  1.50796  0  0
10.2171  1.53938  0  0
10.2171  1.5708  0  0
10.2171  1.60221  0  0
10.2171  1.63363  0  0
10.2171  1.66504  0  0
10.2171  1.69646  0  0
10.2171  1.72788  0  0
10.2171  1.75929  0  0
10.2171  1.79071  0  0
10.2171  1.82212  0  0
10.2171  1.85354  0  0
10.2171  1.88496  0  0
10.2171  1.91637  0  0
10.2171  1.94779  0  0
10.2171  1.9792  0  0
10.2171  2.01062  0  0
10.2171  2.04204  0  0
10.2171  2.07345  0  0
10.2171  2.10487  0  0
10.2171  2.13628  0  0
10.2171  2.1677  0  0
10.2171  2.19911  0  0
10.2171  2.23053  0  0
10.2171  2.26195  0  0
10.2171  2.29336  0  0
10.2171  2.32478  0  0
10.2171  2.35619  0  0
10.2171  2.38761  0  0
10.2171  2.41903  0  0
10.2171  2.45044  0  0
10.2171  2.48186  0  0
10.2171  2.51327  0  0
10.2171  2.54469  0  0
10.2171  2.57611  0  0
10.2171  2.60752  0  0
10.2171  2.63894  0  0
10.2171  2.67035  0  0
10.2171  2.70177  0  0
10.2171  2.73319  0  0
10.2171  2.7646  0  0
10.2171  2.79602  0  0
10.2171  2.82743  0  0
10.2171  2.85885  0  0
10.2171  2.89027  0  0
10.2171  2.92168  0  0
10.2171  2.9531  0  0
10.2171  2.98451  0  0
10.2171  3.01593  0  0
10.2171  3.04734  0  0
10.2171  3.07876  0  0
10.2171  3.11018  0  0
10.3553  0  0  0
10.3553  0.0314159  0  0
10.3553  0.0628319  0  0
10.3553  0.0942478  0  0
10.3553  0.125664  0  0
10.3553  0.15708  0  0
10.3553  0.188496  0  0
10.3553  0.219911  0  0
10.3553  0.251327  0  0
10.3553  0.282743  0  0
10.3553  0.314159  0  0
10.3553  0.345575  0  0
10.3553  0.376991  0  0
10.3553  0.408407  0  0
10.3553  0.439823  0  0
10.3553  0.471239  0  0
10.3553  0.502655  0  0
10.3553  0.534071  0  0
10.3553  0.565487  0  0
10.3553  0.596903  0  0
10.3553  0.628319  0  0
10.3553  0.659734  0  0
10.3553  0.69115  0  0
10.3553  0.722566  0  0
10.3553  0.753982  0  0
10.3553  0.785398  0  0
10.3553  0.816814  0  0
10.3553  0.84823  0  0
10.3553  0.879646  0  0
10.3553  0.911062  0  0
10.3553  0.942478  0  0
10.3553  0.973894  0  0
10.3553  1.00531  0  0
10.3553  1.03673  0  0
10.3553  1.06814  0  0
10.3553  1.09956  0  0
10.3553  1.13097  0  0
10.3553  1.16239  0  0
10.3553  1.19381  0  0
10.3553  1.22522  0  0
10.3553  1.25664  0  0
10.3553  1.28805  0  0
10.3553  1.31947  0  0
10.3553  1.35088  0  0
10.3553  1.3823  0  0
10.3553  1.41372  0  0
10.3553  1.44513  0  0
10.3553  1.47655  0  0
10.3553  1.50796  0  0
10.3553  1.53938  0  0
10.3553  1.5708  0  0
10.3553  1.60221  0  0
10.3553  1.63363  0  0
10.3553  1.66504  0  0
10.3553  1.69646  0  0
10.3553  1.72788  0  0
10.3553  1.75929  0  0
10.3553  1.79071  0  0
10.3553  1.82212  0  0
10.3553  1.85354  0  0
10.3553  1.88496  0  0
10.3553  1.91637  0  0
10.3553  1.94779  0  0
10.3553  1.9792  0  0
10.3553  2.01062  0  0
10.3553  2.04204  0  0
10.3553  2.07345  0  0
10.3553  2.10487  0  0
10.3553  2.13628  0  0
10.3553  2.1677  0  0
10.3553  2.19911  0  0
10.3553  2.23053  0  0
10.3553  2.26195  0  0
10.3553  2.29336  0  0
10.3553  2.32478  0  0
10.3553  2.35619  0  0
10.3553  2.38761  0  0
10.3553  2.41903  0  0
10.3553  2.45044  0  0
10.3553  2.48186  0  0
10.3553  2.51327  0  0
10.3553  2.54469  0  0
10.3553  2.57611  0  0
10.3553  2.60752  0  0
10.3553  2.63894  0  0
10.3553  2.67035  0  0
10.3553  2.70177  0  0
10.3553  2.73319  0  0
10.3553  2.7646  0  0
10.3553  2.79602  0  0
10.3553  2.82743  0  0
10.3553  2.85885  0  0
10.3553  2.89027  0  0
10.3553  2.92168  0  0
10.3553  2.9531  0  0
10.3553  2.98451  0  0
10.3553  3.01593  0  0
10.3553  3.04734  0  0
10.3553  3.07876  0  0
10.3553  3.11018  0  0
10.4934  0  0  0
10.4934  0.0314159  0  0
10.4934  0.0628319  0  0
10.4934  0.0942478  0  0
10.4934  0.125664  0  0
10.4934  0.15708  0  0
10.4934  0.188496  0  0
10.4934  0.219911  0  0
10.4934  0.251327  0  0
10.4934  0.282743  0  0
10.4934  0.314159  0  0
10.4934  0.345575  0  0
10.4934  0.376991  0  0
10.4934  0.408407  0  0
10.4934  0.439823  0  0
10.4934  0.471239  0  0
10.4934  0.502655  0  0
10.4934  0.534071  0  0
10.4934  0.565487  0  0
10.4934  0.596903  0  0
10.4934  0.628319  0  0
10.4934  0.659734  0  0
10.4934  0.69115  0  0
10.4934  0.722566  0  0
10.4934  0.753982  0  0
10.4934  0.785398  0  0
10.4934  0.816814  0  0
10.4934  0.84823  0  0
10.4934  0.879646  0  0
10.4934  0.911062  0  0
10.4934  0.942478  0  0
10.4934  0.973894  0  0
10.4934  1.00531  0  0
10.4934  1.03673  0  0
10.4934  1.06814  0  0
10.4934  1.09956  0  0
10.4934  1.13097  0  0
10.4934  1.16239  0  0
10.4934  1.19381  0  0
10.4934  1.22522  0  0
10.4934  1.25664  0  0
10.4934  1.28805  0  0
10.4934  1.31947  0  0
10.4934  1.35088  0  0
10.4934  1.3823  0  0
10.4934  1.41372  0  0
10.4934  1.44513  0  0
10.4934  1.47655  0  0
10.4934  1.50796  0  0
10.4934  1.53938  0  0
10.4934  1.5708  0  0
10.4934  1.60221  0  0
10.4934  1.63363  0  0
10.4934  1.66504  0  0
10.4934  1.69646  0  0
10.4934  1.72788  0  0
10.4934  1.75929  0  0
10.4934  1.79071  0  0
10.4934  1.82212  0  0
10.4934  1.85354  0  0
10.4934  1.88496  0  0
10.4934  1.91637  0  0
10.4934  1.94779  0  0
10.4934  1.9792  0  0
10.4934  2.01062  0  0
10.4934  2.04204  0  0
10.4934  2.07345  0  0
10.4934  2.10487  0  0
10.4934  2.13628  0  0
10.4934  2.1677  0  0
10.4934  2.19911  0  0
10.4934  2.23053  0  0
10.4934  2.26195  0  0
10.4934  2.29336  0  0
10.4934  2.32478  0  0
10.4934  2.35619  0  0
10.4934  2.38761  0  0
10.4934  2.41903  0  0
10.4934  2.45044  0  0
10.4934  2.48186  0  0
10.4934  2.51327  0  0
10.4934  2.54469  0  0
10.4934  2.57611  0  0
10.4934  2.60752  0  0
10.4934  2.63894  0  0
10.4934  2.67035  0  0
10.4934  2.70177  0  0
10.4934  2.73319  0  0
10.4934  2.7646  0  0
10.4934  2.79602  0  0
10.4934  2.82743  0  0
10.4934  2.85885  0  0
10.4934  2.89027  0  0
10.4934  2.92168  0  0
10.4934  2.9531  0  0
10.4934  2.98451  0  0
10.4934  3.01593  0  0
10.4934  3.04734  0  0
10.4934  3.07876  0  0
10.4934  3.11018  0  0
10.6316  0  0  0
10.6316  0.0314159  0  0
10.6316  0.0628319  0  0
10.6316  0.0942478  0  0
10.6316  0.125664  0  0
10.6316  0.15708  0  0
10.6316  0.188496  0  0
10.6316  0.219911  0  0
10.6316  0.251327  0  0
10.6316  0.282743  0  0
10.6316  0.314159  0  0
10.6316  0.345575  0  0
10.6316  0.376991  0  0
10.6316  0.408407  0  0
10.6316  0.439823  0  0
10.6316  0.471239  0  0
10.6316  0.502655  0  0
10.6316  0.534071  0  0
10.6316  0.565487  0  0
10.6316  0.596903  0  0
10.6316  0.628319  0  0
10.6316  0.659734  0  0
10.6316  0.69115  0  0
10.6316  0.722566  0  0
10.6316  0.753982  0  0
10.6316  0.785398  0  0
10.6316  0.816814  0  0
10.6316  0.84823  0  0
10.6316  0.879646  0  0
10.6316  0.911062  0  0
10.6316  0.942478  0  0
10.6316  0.973894  0  0
10.6316  1.00531  0  0
10.6316  1.03673  0  0
10.6316  1.06814  0  0
10.6316  1.09956  0  0
10.6316  1.13097  0  0
10.6316  1.16239  0  0
10.6316  1.19381  0  0
10.6316  1.22522  0  0
10.6316  1.25664  0  0
10.6316  1.28805  0  0
10.6316  1.31947  0  0
10.6316  1.35088  0  0
10.6316  1.3823  0  0
10.6316  1.41372  0  0
10.6316  1.44513  0  0
10.6316  1.47655  0  0
10.6316  1.50796  0  0
10.6316  1.53938  0  0
10.6316  1.5708  0  0
10.6316  1.60221  0  0
10.6316  1.63363  0  0
10.6316  1.66504  0  0
10.6316  1.69646  0  0
10.6316  1.72788  0  0
10.6316  1.75929  0  0
10.6316  1.79071  0  0
10.6316  1.82212  0  0
10.6316  1.85354  0  0
10.6316  1.88496  0  0
10.6316  1.91637  0  0
10.6316  1.94779  0  0
10.6316  1.9792  0  0
10.6316  2.01062  0  0
10.6316  2.04204  0  0
10.6316  2.07345  0  0
10.6316  2.10487  0  0
10.6316  2.13628  0  0
10.6316  2.1677  0  0
10.6316  2.19911  0  0
10.6316  2.23053  0  0
10.6316  2.26195  0  0
10.6316  2.29336  0  0
10.6316  2.32478  0  0
10.6316  2.35619  0  0
10.6316  2.38761  0  0
10.6316  2.41903  0  0
10.6316  2.45044  0  0
10.6316  2.48186  0  0
10.6316  2.51327  0  0
10.6316  2.54469  0  0
10.6316  2.57611  0  0
10.6316  2.60752  0  0
10.6316  2.63894  0  0
10.6316  2.67035  0  0
10.6316  2.70177  0  0
10.6316  2.73319  0  0
10.6316  2.7646  0  0
10.6316  2.79602  0  0
10.6316  2.82743  0  0
10.6316  2.85885  0  0
10.6316  2.89027  0  0
10.6316  2.92168  0  0
10.6316  2.9531  0  0
10.6316  2.98451  0  0
10.6316  3.01593  0  0
10.6316  3.04734  0  0
10.6316  3.07876  0  0
10.6316  3.11018  0  0
10.7697  0  0  0
10.7697  0.0314159  0  0
10.7697  0.0628319  0  0
10.7697  0.0942478  0  0
10.7697  0.125664  0  0
10.7697  0.15708  0  0
10.7697  0.188496  0  0
10.7697  0.219911  0  0
10.7697  0.251327  0  0
10.7697  0.282743  0  0
10.7697  0.314159  0  0
10.7697  0.345575  0  0
10.7697  0.376991  0  0
10.7697  0.408407  0  0
10.7697  0.439823  0  0
10.7697  0.471239  0  0
10.7697  0.502655  0  0
10.7697  0.534071  0  0
10.7697  0.565487  0  0
10.7697  0.596903  0  0
10.7697  0.628319  0  0
10.7697  0.659734  0  0
10.7697  0.69115  0  0
10.7697  0.722566  0  0
10.7697  0.753982  0  0
10.7697  0.785398  0  0
10.7697  0.816814  0  0
10.7697  0.84823  0  0
10.7697  0.879646  0  0
10.7697  0.911062  0  0
10.7697  0.942478  0  0
10.7697  0.973894  0  0
10.7697  1.00531  0  0
10.7697  1.03673  0  0
10.7697  1.06814  0  0
10.7697  1.09956  0  0
10.7697  1.13097  0  0
10.7697  1.16239  0  0
10.7697  1.19381  0  0
10.7697  1.22522  0  0
10.7697  1.25664  0  0
10.7697  1.28805  0  0
10.7697  1.31947  0  0
10.7697  1.35088  0  0
10.7697  1.3823  0  0
10.7697  1.41372  0  0
10.7697  1.44513  0  0
10.7697  1.47655  0  0
10.7697  1.50796  0  0
10.7697  1.53938  0  0
10.7697  1.5708  0  0
10.7697  1.60221  0  0
10.7697  1.63363  0  0
10.7697  1.66504  0  0
10.7697  1.69646  0  0
10.7697  1.72788  0  0
10.7697  1.75929  0  0
10.7697  1.79071  0  0
10.7697  1.82212  0  0
10.7697  1.85354  0  0
10.7697  1.88496  0  0
10.7697  1.91637  0  0
10.7697  1.94779  0  0
10.7697  1.9792  0  0
10.7697  2.01062  0  0
10.7697  2.04204  0  0
10.7697  2.07345  0  0
10.7697  2.10487  0  0
10.7697  2.13628  0  0
10.7697  2.1677  0  0
10.7697  2.19911  0  0
10.7697  2.23053  0  0
10.7697  2.26195  0  0
10.7697  2.29336  0  0
10.7697  2.32478  0  0
10.7697  2.35619  0  0
10.7697  2.38761  0  0
10.7697  2.41903  0  0
10.7697  2.45044  0  0
10.7697  2.48186  0  0
10.7697  2.51327  0  0
10.7697  2.54469  0  0
10.7697  2.57611  0  0
10.7697  2.60752  0  0
10.7697  2.63894  0  0
10.7697  2.67035  0  0
10.7697  2.70177  0  0
10.7697  2.73319  0  0
10.7697  2.7646  0  0
10.7697  2.79602  0  0
10.7697  2.82743  0  0
10.7697  2.85885  0  0
10.7697  2.89027  0  0
10.7697  2.92168  0  0
10.7697  2.9531  0  0
10.7697  2.98451  0  0
10.7697  3.01593  0  0
10.7697  3.04734  0  0
10.7697  3.07876  0  0
10.7697  3.11018  0  0
10.9079  0  0  0
10.9079  0.0314159  0  0
10.9079  0.0628319  0  0
10.9079  0.0942478  0  0
10.9079  0.125664  0  0
10.9079  0.15708  0  0
10.9079  0.188496  0  0
10.9079  0.219911  0  0
10.9079  0.251327  0  0
10.9079  0.282743  0  0
10.9079  0.314159  0  0
10.9079  0.345575  0  0
10.9079  0.376991  0  0
10.9079  0.408407  0  0
10.9079  0.439823  0  0
10.9079  0.471239  0  0
10.9079  0.502655  0  0
10.9079  0.534071  0  0
10.9079  0.565487  0  0
10.9079  0.596903  0  0
10.9079  0.628319  0  0
10.9079  0.659734  0  0
10.9079  0.69115  0  0
10.9079  0.722566  0  0
10.9079  0.753982  0  0
10.9079  0.785398  0  0
10.9079  0.816814  0  0
10.9079  0.84823  0  0
10.9079  0.879646  0  0
10.9079  0.911062  0  0
10.9079  0.942478  0  0
10.9079  0.973894  0  0
10.9079  1.00531  0  0
10.9079  1.03673  0  0
10.9079  1.06814  0  0
10.9079  1.09956  0  0
10.9079  1.13097  0  0
10.9079  1.16239  0  0
10.9079  1.19381  0  0
10.9079  1.22522  0  0
10.9079  1.25664  0  0
10.9079  1.28805  0  0
10.9079  1.31947  0  0
10.9079  1.35088  0  0
10.9079  1.3823  0  0
10.9079  1.41372  0  0
10.9079  1.44513  0  0
10.9079  1.47655  0  0
10.9079  1.50796  0  0
10.9079  1.53938  0  0
10.9079  1.5708  0  0
10.9079  1.60221  0  0
10.9079  1.63363  0  0
10.9079  1.66504  0  0
10.9079  1.69646  0  0
10.9079  1.72788  0  0
10.9079  1.75929  0  0
10.9079  1.79071  0  0
10.9079  1.82212  0  0
10.9079  1.85354  0  0
10.9079  1.88496  0  0
10.9079  1.91637  0  0
10.9079  1.94779  0  0
10.9079  1.9792  0  0
10.9079  2.01062  0  0
10.9079  2.04204  0  0
10.9079  2.07345  0  0
10.9079  2.10487  0  0
10.9079  2.13628  0  0
10.9079  2.1677  0  0
10.9079  2.19911  0  0
10.9079  2.23053  0  0
10.9079  2.26195  0  0
10.9079  2.29336  0  0
10.9079  2.32478  0  0
10.9079  2.35619  0  0
10.9079  2.38761  0  0
10.9079  2.41903  0  0
10.9079  2.45044  0  0
10.9079  2.48186  0  0
10.9079  2.51327  0  0
10.9079  2.54469  0  0
10.9079  2.57611  0  0
10.9079  2.60752  0  0
10.9079  2.63894  0  0
10.9079  2.67035  0  0
10.9079  2.70177  0  0
10.9079  2.73319  0  0
10.9079  2.7646  0  0
10.9079  2.79602  0  0
10.9079  2.82743  0  0
10.9079  2.85885  0  0
10.9079  2.89027  0  0
10.9079  2.92168  0  0
10.9079  2.9531  0  0
10.9079  2.98451  0  0
10.9079  3.01593  0  0
10.9079  3.04734  0  0
10.9079  3.07876  0  0
10.9079  3.11018  0  0
11.0461  0  0  0
11.0461  0.0314159  0  0
11.0461  0.0628319  0  0
11.0461  0.0942478  0  0
11.0461  0.125664  0  0
11.0461  0.15708  0  0
11.0461  0.188496  0  0
11.0461  0.219911  0  0
11.0461  0.251327  0  0
11.0461  0.282743  0  0
11.0461  0.314159  0  0
11.0461  0.345575  0  0
11.0461  0.376991  0  0
11.0461  0.408407  0  0
11.0461  0.439823  0  0
11.0461  0.471239  0  0
11.0461  0.502655  0  0
11.0461  0.534071  0  0
11.0461  0.565487  0  0
11.0461  0.596903  0  0
11.0461  0.628319  0  0
11.0461  0.659734  0  0
11.0461  0.69115  0  0
11.0461  0.722566  0  0
11.0461  0.753982  0  0
11.0461  0.785398  0  0
11.0461  0.816814  0  0
11.0461  0.84823  0  0
11.0461  0.879646  0  0
11.0461  0.911062  0  0
11.0461  0.942478  0  0
11.0461  0.973894  0  0
11.0461  1.00531  0  0
11.0461  1.03673  0  0
11.0461  1.06814  0  0
11.0461  1.09956  0  0
11.0461  1.13097  0  0
11.0461  1.16239  0  0
11.0461  1.19381  0  0
11.0461  1.22522  0  0
11.0461  1.25664  0  0
11.0461  1.28805  0  0
11.0461  1.31947  0  0
11.0461  1.35088  0  0
11.0461  1.3823  0  0
11.0461  1.41372  0  0
11.0461  1.44513  0  0
11.0461  1.47655  0  0
11.0461  1.50796  0  0
11.0461  1.53938  0  0
11.0461  1.5708  0  0
11.0461  1.60221  0  0
11.0461  1.63363  0  0
11.0461  1.66504  0  0
11.0461  1.69646  0  0
11.0461  1.72788  0  0
11.0461  1.75929  0  0
11.0461  1.79071  0  0
11.0461  1.82212  0  0
11.0461  1.85354  0  0
11.0461  1.88496  0  0
11.0461  1.91637  0  0
11.0461  1.94779  0  0
11.0461  1.9792  0  0
11.0461  2.01062  0  0
11.0461  2.04204  0  0
11.0461  2.07345  0  0
11.0461  2.10487  0  0
11.0461  2.13628  0  0
11.0461  2.1677  0  0
11.0461  2.19911  0  0
11.0461  2.23053  0  0
11.0461  2.26195  0  0
11.0461  2.29336  0  0
11.0461  2.32478  0  0
11.0461  2.35619  0  0
11.0461  2.38761  0  0
11.0461  2.41903  0  0
11.0461  2.45044  0  0
11.0461  2.48186  0  0
11.0461  2.51327  0  0
11.0461  2.54469  0  0
11.0461  2.57611  0  0
11.0461  2.60752  0  0
11.0461  2.63894  0  0
11.0461  2.67035  0  0
11.0461  2.70177  0  0
11.0461  2.73319  0  0
11.0461  2.7646  0  0
11.0461  2.79602  0  0
11.0461  2.82743  0  0
11.0461  2.85885  0  0
11.0461  2.89027  0  0
11.0461  2.92168  0  0
11.0461  2.9531  0  0
11.0461  2.98451  0  0
11.0461  3.01593  0  0
11.0461  3.04734  0  0
11.0461  3.07876  0  0
11.0461  3.11018  0  0
11.1842  0  0  0
11.1842  0.0314159  0  0
11.1842  0.0628319  0  0
11.1842  0.0942478  0  0
11.1842  0.125664  0  0
11.1842  0.15708  0  0
11.1842  0.188496  0  0
11.1842  0.219911  0  0
11.1842  0.251327  0  0
11.1842  0.282743  0  0
11.1842  0.314159  0  0
11.1842  0.345575  0  0
11.1842  0.376991  0  0
11.1842  0.408407  0  0
11.1842  0.439823  0  0
11.1842  0.471239  0  0
11.1842  0.502655  0  0
11.1842  0.534071  0  0
11.1842  0.565487  0  0
11.1842  0.596903  0  0
11.1842  0.628319  0  0
11.1842  0.659734  0  0
11.1842  0.69115  0  0
11.1842  0.722566  0  0
11.1842  0.753982  0  0
11.1842  0.785398  0  0
11.1842  0.816814  0  0
11.1842  0.84823  0  0
11.1842  0.879646  0  0
11.1842  0.911062  0  0
11.1842  0.942478  0  0
11.1842  0.973894  0  0
11.1842  1.00531  0  0
11.1842  1.03673  0  0
11.1842  1.06814  0  0
11.1842  1.09956  0  0
11.1842  1.13097  0  0
11.1842  1.16239  0  0
11.1842  1.19381  0  0
11.1842  1.22522  0  0
11.1842  1.25664  0  0
11.1842  1.28805  0  0
11.1842  1.31947  0  0
11.1842  1.35088  0  0
11.1842  1.3823  0  0
11.1842  1.41372  0  0
11.1842  1.44513  0  0
11.1842  1.47655  0  0
11.1842  1.50796  0  0
11.1842  1.53938  0  0
11.1842  1.5708  0  0
11.1842  1.60221  0  0
11.1842  1.63363  0  0
11.1842  1.66504  0  0
11.1842  1.69646  0  0
11.1842  1.72788  0  0
11.1842  1.75929  0  0
11.1842  1.79071  0  0
11.1842  1.82212  0  0
11.1842  1.85354  0  0
11.1842  1.88496  0  0
11.1842  1.91637  0  0
11.1842  1.94779  0  0
11.1842  1.9792  0  0
11.1842  2.01062  0  0
11.1842  2.04204  0  0
11.1842  2.07345  0  0
11.1842  2.10487  0  0
11.1842  2.13628  0  0
11.1842  2.1677  0  0
11.1842  2.19911  0  0
11.1842  2.23053  0  0
11.1842  2.26195  0  0
11.1842  2.29336  0  0
11.1842  2.32478  0  0
11.1842  2.35619  0  0
11.1842  2.38761  0  0
11.1842  2.41903  0  0
11.1842  2.45044  0  0
11.1842  2.48186  0  0
11.1842  2.51327  0  0
11.1842  2.54469  0  0
11.1842  2.57611  0  0
11.1842  2.60752  0  0
11.1842  2.63894  0  0
11.1842  2.67035  0  0
11.1842  2.70177  0  0
11.1842  2.73319  0  0
11.1842  2.7646  0  0
11.1842  2.79602  0  0
11.1842  2.82743  0  0
11.1842  2.85885  0  0
11.1842  2.89027  0  0
11.1842  2.92168  0  0
11.1842  2.9531  0  0
11.1842  2.98451  0  0
11.1842  3.01593  0  0
11.1842  3.04734  0  0
11.1842  3.07876  0  0
11.1842  3.11018  0  0
11.3224  0  0  0
11.3224  0.0314159  0  0
11.3224  0.0628319  0  0
11.3224  0.0942478  0  0
11.3224  0.125664  0  0
11.3224  0.15708  0  0
11.3224  0.188496  0  0
11.3224  0.219911  0  0
11.3224  0.251327  0  0
11.3224  0.282743  0  0
11.3224  0.314159  0  0
11.3224  0.345575  0  0
11.3224  0.376991  0  0
11.3224  0.408407  0  0
11.3224  0.439823  0  0
11.3224  0.471239  0  0
11.3224  0.502655  0  0
11.3224  0.534071  0  0
11.3224  0.565487  0  0
11.3224  0.596903  0  0
11.3224  0.628319  0  0
11.3224  0.659734  0  0
11.3224  0.69115  0  0
11.3224  0.722566  0  0
11.3224  0.753982  0  0
11.3224  0.785398  0  0
11.3224  0.816814  0  0
11.3224  0.84823  0  0
11.3224  0.879646  0  0
11.3224  0.911062  0  0
11.3224  0.942478  0  0
11.3224  0.973894  0  0
11.3224  1.00531  0  0
11.3224  1.03673  0  0
11.3224  1.06814  0  0
11.3224  1.09956  0  0
11.3224  1.13097  0  0
11.3224  1.16239  0  0
11.3224  1.19381  0  0
11.3224  1.22522  0  0
11.3224  1.25664  0  0
11.3224  1.28805  0  0
11.3224  1.31947  0  0
11.3224  1.35088  0  0
11.3224  1.3823  0  0
11.3224  1.41372  0  0
11.3224  1.44513  0  0
11.3224  1.47655  0  0
11.3224  1.50796  0  0
11.3224  1.53938  0  0
11.3224  1.5708  0  0
11.3224  1.60221  0  0
11.3224  1.63363  0  0
11.3224  1.66504  0  0
11.3224  1.69646  0  0
11.3224  1.72788  0  0
11.3224  1.75929  0  0
11.3224  1.79071  0  0
11.3224  1.82212  0  0
11.3224  1.85354  0  0
11.3224  1.88496  0  0
11.3224  1.91637  0  0
11.3224  1.94779  0  0
11.3224  1.9792  0  0
11.3224  2.01062  0  0
11.3224  2.04204  0  0
11.3224  2.07345  0  0
11.3224  2.10487  0  0
11.3224  2.13628  0  0
11.3224  2.1677  0  0
11.3224  2.19911  0  0
11.3224  2.23053  0  0
11.3224  2.26195  0  0
11.3224  2.29336  0  0
11.3224  2.32478  0  0
11.3224  2.35619  0  0
11.3224  2.38761  0  0
11.3224  2.41903  0  0
11.3224  2.45044  0  0
11.3224  2.48186  0  0
11.3224  2.51327  0  0
11.3224  2.54469  0  0
11.3224  2.57611  0  0
11.3224  2.60752  0  0
11.3224  2.63894  0  0
11.3224  2.67035  0  0
11.3224  2.70177  0  0
11.3224  2.73319  0  0
11.3224  2.7646  0  0
11.3224  2.79602  0  0
11.3224  2.82743  0  0
11.3224  2.85885  0  0
11.3224  2.89027  0  0
11.3224  2.92168  0  0
11.3224  2.9531  0  0
11.3224  2.98451  0  0
11.3224  3.01593  0  0
11.3224  3.04734  0  0
11.3224  3.07876  0  0
11.3224  3.11018  0  0
11.4605  0  0  0
11.4605  0.0314159  0  0
11.4605  0.0628319  0  0
11.4605  0.0942478  0  0
11.4605  0.125664  0  0
11.4605  0.15708  0  0
11.4605  0.188496  0  0
11.4605  0.219911  0  0
11.4605  0.251327  0  0
11.4605  0.282743  0  0
11.4605  0.314159  0  0
11.4605  0.345575  0  0
11.4605  0.376991  0  0
11.4605  0.408407  0  0
11.4605  0.439823  0  0
11.4605  0.471239  0  0
11.4605  0.502655  0  0
11.4605  0.534071  0  0
11.4605  0.565487  0  0
11.4605  0.596903  0  0
11.4605  0.628319  0  0
11.4605  0.659734  0  0
11.4605  0.69115  0  0
11.4605  0.722566  0  0
11.4605  0.753982  0  0
11.4605  0.785398  0  0
11.4605  0.816814  0  0
11.4605  0.84823  0  0
11.4605  0.879646  0  0
11.4605  0.911062  0  0
11.4605  0.942478  0  0
11.4605  0.973894  0  0
11.4605  1.00531  0  0
11.4605  1.03673  0  0
11.4605  1.06814  0  0
11.4605  1.09956  0  0
11.4605  1.13097  0  0
11.4605  1.16239  0  0
11.4605  1.19381  0  0
11.4605  1.22522  0  0
11.4605  1.25664  0  0
11.4605  1.28805  0  0
11.4605  1.31947  0  0
11.4605  1.35088  0  0
11.4605  1.3823  0  0
11.4605  1.41372  0  0
11.4605  1.44513  0  0
11.4605  1.47655  0  0
11.4605  1.50796  0  0
11.4605  1.53938  0  0
11.4605  1.5708  0  0
11.4605  1.60221  0  0
11.4605  1.63363  0  0
11.4605  1.66504  0  0
11.4605  1.69646  0  0
11.4605  1.72788  0  0
11.4605  1.75929  0  0
11.4605  1.79071  0  0
11.4605  1.82212  0  0
11.4605  1.85354  0  0
11.4605  1.88496  0  0
11.4605  1.91637  0  0
11.4605  1.94779  0  0
11.4605  1.9792  0  0
11.4605  2.01062  0  0
11.4605  2.04204  0  0
11.4605  2.07345  0  0
11.4605  2.10487  0  0
11.4605  2.13628  0  0
11.4605  2.1677  0  0
11.4605  2.19911  0  0
11.4605  2.23053  0  0
11.4605  2.26195  0  0
11.4605  2.29336  0  0
11.4605  2.32478  0  0
11.4605  2.35619  0  0
11.4605  2.38761  0  0
11.4605  2.41903  0  0
11.4605  2.45044  0  0
11.4605  2.48186  0  0
11.4605  2.51327  0  0
11.4605  2.54469  0  0
11.4605  2.57611  0  0
11.4605  2.60752  0  0
11.4605  2.63894  0  0
11.4605  2.67035  0  0
11.4605  2.70177  0  0
11.4605  2.73319  0  0
11.4605  2.7646  0  0
11.4605  2.79602  0  0
11.4605  2.82743  0  0
11.4605  2.85885  0  0
11.4605  2.89027  0  0
11.4605  2.92168  0  0
11.4605  2.9531  0  0
11.4605  2.98451  0  0
11.4605  3.01593  0  0
11.4605  3.04734  0  0
11.4605  3.07876  0  0
11.4605  3.11018  0  0
11.5987  0  0  0
11.5987  0.0314159  0  0
11.5987  0.0628319  0  0
11.5987  0.0942478  0  0
11.5987  0.125664  0  0
11.5987  0.15708  0  0
11.5987  0.188496  0  0
11.5987  0.219911  0  0
11.5987  0.251327  0  0
11.5987  0.282743  0  0
11.5987  0.314159  0  0
11.5987  0.345575  0  0
11.5987  0.376991  0  0
11.5987  0.408407  0  0
11.5987  0.439823  0  0
11.5987  0.471239  0  0
11.5987  0.502655  0  0
11.5987  0.534071  0  0
11.5987  0.565487  0  0
11.5987  0.596903  0  0
11.5987  0.628319  0  0
11.5987  0.659734  0  0
11.5987  0.69115  0  0
11.5987  0.722566  0  0
11.5987  0.753982  0  0
11.5987  0.785398  0  0
11.5987  0.816814  0  0
11.5987  0.84823  0  0
11.5987  0.879646  0  0
11.5987  0.911062  0  0
11.5987  0.942478  0  0
11.5987  0.973894  0  0
11.5987  1.00531  0  0
11.5987  1.03673  0  0
11.5987  1.06814  0  0
11.5987  1.09956  0  0
11.5987  1.13097  0  0
11.5987  1.16239  0  0
11.5987  1.19381  0  0
11.5987  1.22522  0  0
11.5987  1.25664  0  0
11.5987  1.28805  0  0
11.5987  1.31947  0  0
11.5987  1.35088  0  0
11.5987  1.3823  0  0
11.5987  1.41372  0  0
11.5987  1.44513  0  0
11.5987  1.47655  0  0
11.5987  1.50796  0  0
11.5987  1.53938  0  0
11.5987  1.5708  0  0
11.5987  1.60221  0  0
11.5987  1.63363  0  0
11.5987  1.66504  0  0
11.5987  1.69646  0  0
11.5987  1.72788  0  0
11.5987  1.75929  0  0
11.5987  1.79071  0  0
11.5987  1.82212  0  0
11.5987  1.85354  0  0
11.5987  1.88496  0  0
11.5987  1.91637  0  0
11.5987  1.94779  0  0
11.5987  1.9792  0  0
11.5987  2.01062  0  0
11.5987  2.04204  0  0
11.5987  2.07345  0  0
11.5987  2.10487  0  0
11.5987  2.13628  0  0
11.5987  2.1677  0  0
11.5987  2.19911  0  0
11.5987  2.23053  0  0
11.5987  2.26195  0  0
11.5987  2.29336  0  0
11.5987  2.32478  0  0
11.5987  2.35619  0  0
11.5987  2.38761  0  0
11.5987  2.41903  0  0
11.5987  2.45044  0  0
11.5987  2.48186  0  0
11.5987  2.51327  0  0
11.5987  2.54469  0  0
11.5987  2.57611  0  0
11.5987  2.60752  0  0
11.5987  2.63894  0  0
11.5987  2.67035  0  0
11.5987  2.70177  0  0
11.5987  2.73319  0  0
11.5987  2.7646  0  0
11.5987  2.79602  0  0
11.5987  2.82743  0  0
11.5987  2.85885  0  0
11.5987  2.89027  0  0
11.5987  2.92168  0  0
11.5987  2.9531  0  0
11.5987  2.98451  0  0
11.5987  3.01593  0  0
11.5987  3.04734  0  0
11.5987  3.07876  0  0
11.5987  3.11018  0  0
11.7368  0  0  0
11.7368  0.0314159  0  0
11.7368  0.0628319  0  0
11.7368  0.0942478  0  0
11.7368  0.125664  0  0
11.7368  0.15708  0  0
11.7368  0.188496  0  0
11.7368  0.219911  0  0
11.7368  0.251327  0  0
11.7368  0.282743  0  0
11.7368  0.314159  0  0
11.7368  0.345575  0  0
11.7368  0.376991  0  0
11.7368  0.408407  0  0
11.7368  0.439823  0  0
11.7368  0.471239  0  0
11.7368  0.502655  0  0
11.7368  0.534071  0  0
11.7368  0.565487  0  0
11.7368  0.596903  0  0
11.7368  0.628319  0  0
11.7368  0.659734  0  0
11.7368  0.69115  0  0
11.7368  0.722566  0  0
11.7368  0.753982  0  0
11.7368  0.785398  0  0
11.7368  0.816814  0  0
11.7368  0.84823  0  0
11.7368  0.879646  0  0
11.7368  0.911062  0  0
11.7368  0.942478  0  0
11.7368  0.973894  0  0
11.7368  1.00531  0  0
11.7368  1.03673  0  0
11.7368  1.06814  0  0
11.7368  1.09956  0  0
11.7368  1.13097  0  0
11.7368  1.16239  0  0
11.7368  1.19381  0  0
11.7368  1.22522  0  0
11.7368  1.25664  0  0
11.7368  1.28805  0  0
11.7368  1.31947  0  0
11.7368  1.35088  0  0
11.7368  1.3823  0  0
11.7368  1.41372  0  0
11.7368  1.44513  0  0
11.7368  1.47655  0  0
11.7368  1.50796  0  0
11.7368  1.53938  0  0
11.7368  1.5708  0  0
11.7368  1.60221  0  0
11.7368  1.63363  0  0
11.7368  1.66504  0  0
11.7368  1.69646  0  0
11.7368  1.72788  0  0
11.7368  1.75929  0  0
11.7368  1.79071  0  0
11.7368  1.82212  0  0
11.7368  1.85354  0  0
11.7368  1.88496  0  0
11.7368  1.91637  0  0
11.7368  1.94779  0  0
11.7368  1.9792  0  0
11.7368  2.01062  0  0
11.7368  2.04204  0  0
11.7368  2.07345  0  0
11.7368  2.10487  0  0
11.7368  2.13628  0  0
11.7368  2.1677  0  0
11.7368  2.19911  0  0
11.7368  2.23053  0  0
11.7368  2.26195  0  0
11.7368  2.29336  0  0
11.7368  2.32478  0  0
11.7368  2.35619  0  0
11.7368  2.38761  0  0
11.7368  2.41903  0  0
11.7368  2.45044  0  0
11.7368  2.48186  0  0
11.7368  2.51327  0  0
11.7368  2.54469  0  0
11.7368  2.57611  0  0
11.7368  2.60752  0  0
11.7368  2.63894  0  0
11.7368  2.67035  0  0
11.7368  2.70177  0  0
11.7368  2.73319  0  0
11.7368  2.7646  0  0
11.7368  2.79602  0  0
11.7368  2.82743  0  0
11.7368  2.85885  0  0
11.7368  2.89027  0  0
11.7368  2.92168  0  0
11.7368  2.9531  0  0
11.7368  2.98451  0  0
11.7368  3.01593  0  0
11.7368  3.04734  0  0
11.7368  3.07876  0  0
11.7368  3.11018  0  0
11.875  0  0  0
11.875  0.0314159  0  0
11.875  0.0628319  0  0
11.875  0.0942478  0  0
11.875  0.125664  0  0
11.875  0.15708  0  0
11.875  0.188496  0  0
11.875  0.219911  0  0
11.875  0.251327  0  0
11.875  0.282743  0  0
11.875  0.314159  0  0
11.875  0.345575  0  0
11.875  0.376991  0  0
11.875  0.408407  0  0
11.875  0.439823  0  0
11.875  0.471239  0  0
11.875  0.502655  0  0
11.875  0.534071  0  0
11.875  0.565487  0  0
11.875  0.596903  0  0
11.875  0.628319  0  0
11.875  0.659734  0  0
11.875  0.69115  0  0
11.875  0.722566  0  0
11.875  0.753982  0  0
11.875  0.785398  0  0
11.875  0.816814  0  0
11.875  0.84823  0  0
11.875  0.879646  0  0
11.875  0.911062  0  0
11.875  0.942478  0  0
11.875  0.973894  0  0
11.875  1.00531  0  0
11.875  1.03673  0  0
11.875  1.06814  0  0
11.875  1.09956  0  0
11.875  1.13097  0  0
11.875  1.16239  0  0
11.875  1.19381  0  0
11.875  1.22522  0  0
11.875  1.25664  0  0
11.875  1.28805  0  0
11.875  1.31947  0  0
11.875  1.35088  0  0
11.875  1.3823  0  0
11.875  1.41372  0  0
11.875  1.44513  0  0
11.875  1.47655  0  0
11.875  1.50796  0  0
11.875  1.53938  0  0
11.875  1.5708  0  0
11.875  1.60221  0  0
11.875  1.63363  0  0
11.875  1.66504  0  0
11.875  1.69646  0  0
11.875  1.72788  0  0
11.875  1.75929  0  0
11.875  1.79071  0  0
11.875  1.82212  0  0
11.875  1.85354  0  0
11.875  1.88496  0  0
11.875  1.91637  0  0
11.875  1.94779  0  0
11.875  1.9792  0  0
11.875  2.01062  0  0
11.875  2.04204  0  0
11.875  2.07345  0  0
11.875  2.10487  0  0
11.875  2.13628  0  0
11.875  2.1677  0  0
11.875  2.19911  0  0
11.875  2.23053  0  0
11.875  2.26195  0  0
11.875  2.29336  0  0
11.875  2.32478  0  0
11.875  2.35619  0  0
11.875  2.38761  0  0
11.875  2.41903  0  0
11.875  2.45044  0  0
11.875  2.48186  0  0
11.875  2.51327  0  0
11.875  2.54469  0  0
11.875  2.57611  0  0
11.875  2.60752  0  0
11.875  2.63894  0  0
11.875  2.67035  0  0
11.875  2.70177  0  0
11.875  2.73319  0  0
11.875  2.7646  0  0
11.875  2.79602  0  0
11.875  2.82743  0  0
11.875  2.85885  0  0
11.875  2.89027  0  0
11.875  2.92168  0  0
11.875  2.9531  0  0
11.875  2.98451  0  0
11.875  3.01593  0  0
11.875  3.04734  0  0
11.875  3.07876  0  0
11.875  3.11018  0  0
12.0132  0  0  0
12.0132  0.0314159  0  0
12.0132  0.0628319  0  0
12.0132  0.0942478  0  0
12.0132  0.125664  0  0
12.0132  0.15708  0  0
12.0132  0.188496  0  0
12.0132  0.219911  0  0
12.0132  0.251327  0  0
12.0132  0.282743  0  0
12.0132  0.314159  0  0
12.0132  0.345575  0  0
12.0132  0.376991  0  0
12.0132  0.408407  0  0
12.0132  0.439823  0  0
12.0132  0.471239  0  0
12.0132  0.502655  0  0
12.0132  0.534071  0  0
12.0132  0.565487  0  0
12.0132  0.596903  0  0
12.0132  0.628319  0  0
12.0132  0.659734  0  0
12.0132  0.69115  0  0
12.0132  0.722566  0  0
12.0132  0.753982  0  0
12.0132  0.785398  0  0
12.0132  0.816814  0  0
12.0132  0.84823  0  0
12.0132  0.879646  0  0
12.0132  0.911062  0  0
12.0132  0.942478  0  0
12.0132  0.973894  0  0
12.0132  1.00531  0  0
12.0132  1.03673  0  0
12.0132  1.06814  0  0
12.0132  1.09956  0  0
12.0132  1.13097  0  0
12.0132  1.16239  0  0
12.0132  1.19381  0  0
12.0132  1.22522  0  0
12.0132  1.25664  0  0
12.0132  1.28805  0  0
12.0132  1.31947  0  0
12.0132  1.35088  0  0
12.0132  1.3823  0  0
12.0132  1.41372  0  0
12.0132  1.44513  0  0
12.0132  1.47655  0  0
12.0132  1.50796  0  0
12.0132  1.53938  0  0
12.0132  1.5708  0  0
12.0132  1.60221  0  0
12.0132  1.63363  0  0
12.0132  1.66504  0  0
12.0132  1.69646  0  0
12.0132  1.72788  0  0
12.0132  1.75929  0  0
12.0132  1.79071  0  0
12.0132  1.82212  0  0
12.0132  1.85354  0  0
12.0132  1.88496  0  0
12.0132  1.91637  0  0
12.0132  1.94779  0  0
12.0132  1.9792  0  0
12.0132  2.01062  0  0
12.0132  2.04204  0  0
12.0132  2.07345  0  0
12.0132  2.10487  0  0
12.0132  2.13628  0  0
12.0132  2.1677  0  0
12.0132  2.19911  0  0
12.0132  2.23053  0  0
12.0132  2.26195  0  0
12.0132  2.29336  0  0
12.0132  2.32478  0  0
12.0132  2.35619  0  0
12.0132  2.38761  0  0
12.0132  2.41903  0  0
12.0132  2.45044  0  0
12.0132  2.48186  0  0
12.0132  2.51327  0  0
12.0132  2.54469  0  0
12.0132  2.57611  0  0
12.0132  2.60752  0  0
12.0132  2.63894  0  0
12.0132  2.67035  0  0
12.0132  2.70177  0  0
12.0132  2.73319  0  0
12.0132  2.7646  0  0
12.0132  2.79602  0  0
12.0132  2.82743  0  0
12.0132  2.85885  0  0
12.0132  2.89027  0  0
12.0132  2.92168  0  0
12.0132  2.9531  0  0
12.0132  2.98451  0  0
12.0132  3.01593  0  0
12.0132  3.04734  0  0
12.0132  3.07876  0  0
12.0132  3.11018  0  0
12.1513  0  0  0
12.1513  0.0314159  0  0
12.1513  0.0628319  0  0
12.1513  0.0942478  0  0
12.1513  0.125664  0  0
12.1513  0.15708  0  0
12.1513  0.188496  0  0
12.1513  0.219911  0  0
12.1513  0.251327  0  0
12.1513  0.282743  0  0
12.1513  0.314159  0  0
12.1513  0.345575  0  0
12.1513  0.376991  0  0
12.1513  0.408407  0  0
12.1513  0.439823  0  0
12.1513  0.471239  0  0
12.1513  0.502655  0  0
12.1513  0.534071  0  0
12.1513  0.565487  0  0
12.1513  0.596903  0  0
12.1513  0.628319  0  0
12.1513  0.659734  0  0
12.1513  0.69115  0  0
12.1513  0.722566  0  0
12.1513  0.753982  0  0
12.1513  0.785398  0  0
12.1513  0.816814  0  0
12.1513  0.84823  0  0
12.1513  0.879646  0  0
12.1513  0.911062  0  0
12.1513  0.942478  0  0
12.1513  0.973894  0  0
12.1513  1.00531  0  0
12.1513  1.03673  0  0
12.1513  1.06814  0  0
12.1513  1.09956  0  0
12.1513  1.13097  0  0
12.1513  1.16239  0  0
12.1513  1.19381  0  0
12.1513  1.22522  0  0
12.1513  1.25664  0  0
12.1513  1.28805  0  0
12.1513  1.31947  0  0
12.1513  1.35088  0  0
12.1513  1.3823  0  0
12.1513  1.41372  0  0
12.1513  1.44513  0  0
12.1513  1.47655  0  0
12.1513  1.50796  0  0
12.1513  1.53938  0  0
12.1513  1.5708  0  0
12.1513  1.60221  0  0
12.1513  1.63363  0  0
12.1513  1.66504  0  0
12.1513  1.69646  0  0
12.1513  1.72788  0  0
12.1513  1.75929  0  0
12.1513  1.79071  0  0
12.1513  1.82212  0  0
12.1513  1.85354  0  0
12.1513  1.88496  0  0
12.1513  1.91637  0  0
12.1513  1.94779  0  0
12.1513  1.9792  0  0
12.1513  2.01062  0  0
12.1513  2.04204  0  0
12.1513  2.07345  0  0
12.1513  2.10487  0  0
12.1513  2.13628  0  0
12.1513  2.1677  0  0
12.1513  2.19911  0  0
12.1513  2.23053  0  0
12.1513  2.26195  0  0
12.1513  2.29336  0  0
12.1513  2.32478  0  0
12.1513  2.35619  0  0
12.1513  2.38761  0  0
12.1513  2.41903  0  0
12.1513  2.45044  0  0
12.1513  2.48186  0  0
12.1513  2.51327  0  0
12.1513  2.54469  0  0
12.1513  2.57611  0  0
12.1513  2.60752  0  0
12.1513  2.63894  0  0
12.1513  2.67035  0  0
12.1513  2.70177  0  0
12.1513  2.73319  0  0
12.1513  2.7646  0  0
12.1513  2.79602  0  0
12.1513  2.82743  0  0
12.1513  2.85885  0  0
12.1513  2.89027  0  0
12.1513  2.92168  0  0
12.1513  2.9531  0  0
12.1513  2.98451  0  0
12.1513  3.01593  0  0
12.1513  3.04734  0  0
12.1513  3.07876  0  0
12.1513  3.11018  0  0
12.2895  0  0  0
12.2895  0.0314159  0  0
12.2895  0.0628319  0  0
12.2895  0.0942478  0  0
12.2895  0.125664  0  0
12.2895  0.15708  0  0
12.2895  0.188496  0  0
12.2895  0.219911  0  0
12.2895  0.251327  0  0
12.2895  0.282743  0  0
12.2895  0.314159  0  0
12.2895  0.345575  0  0
12.2895  0.376991  0  0
12.2895  0.408407  0  0
12.2895  0.439823  0  0
12.2895  0.471239  0  0
12.2895  0.502655  0  0
12.2895  0.534071  0  0
12.2895  0.565487  0  0
12.2895  0.596903  0  0
12.2895  0.628319  0  0
12.2895  0.659734  0  0
12.2895  0.69115  0  0
12.2895  0.722566  0  0
12.2895  0.753982  0  0
12.2895  0.785398  0  0
12.2895  0.816814  0  0
12.2895  0.84823  0  0
12.2895  0.879646  0  0
12.2895  0.911062  0  0
12.2895  0.942478  0  0
12.2895  0.973894  0  0
12.2895  1.00531  0  0
12.2895  1.03673  0  0
12.2895  1.06814  0  0
12.2895  1.09956  0  0
12.2895  1.13097  0  0
12.2895  1.16239  0  0
12.2895  1.19381  0  0
12.2895  1.22522  0  0
12.2895  1.25664  0  0
12.2895  1.28805  0  0
12.2895  1.31947  0  0
12.2895  1.35088  0  0
12.2895  1.3823  0  0
12.2895  1.41372  0  0
12.2895  1.44513  0  0
12.2895  1.47655  0  0
12.2895  1.50796  0  0
12.2895  1.53938  0  0
12.2895  1.5708  0  0
12.2895  1.60221  0  0
12.2895  1.63363  0  0
12.2895  1.66504  0  0
12.2895  1.69646  0  0
12.2895  1.72788  0  0
12.2895  1.75929  0  0
12.2895  1.79071  0  0
12.2895  1.82212  0  0
12.2895  1.85354  0  0
12.2895  1.88496  0  0
12.2895  1.91637  0  0
12.2895  1.94779  0  0
12.2895  1.9792  0  0
12.2895  2.01062  0  0
12.2895  2.04204  0  0
12.2895  2.07345  0  0
12.2895  2.10487  0  0
12.2895  2.13628  0  0
12.2895  2.1677  0  0
12.2895  2.19911  0  0
12.2895  2.23053  0  0
12.2895  2.26195  0  0
12.2895  2.29336  0  0
12.2895  2.32478  0  0
12.2895  2.35619  0  0
12.2895  2.38761  0  0
12.2895  2.41903  0  0
12.2895  2.45044  0  0
12.2895  2.48186  0  0
12.2895  2.51327  0  0
12.2895  2.54469  0  0
12.2895  2.57611  0  0
12.2895  2.60752  0  0
12.2895  2.63894  0  0
12.2895  2.67035  0  0
12.2895  2.70177  0  0
12.2895  2.73319  0  0
12.2895  2.7646  0  0
12.2895  2.79602  0  0
12.2895  2.82743  0  0
12.2895  2.85885  0  0
12.2895  2.89027  0  0
12.2895  2.92168  0  0
12.2895  2.9531  0  0
12.2895  2.98451  0  0
12.2895  3.01593  0  0
12.2895  3.04734  0  0
12.2895  3.07876  0  0
12.2895  3.11018  0  0
12.4276  0  0  0
12.4276  0.0314159  0  0
12.4276  0.0628319  0  0
12.4276  0.0942478  0  0
12.4276  0.125664  0  0
12.4276  0.15708  0  0
12.4276  0.188496  0  0
12.4276  0.219911  0  0
12.4276  0.251327  0  0
12.4276  0.282743  0  0
12.4276  0.314159  0  0
12.4276  0.345575  0  0
12.4276  0.376991  0  0
12.4276  0.408407  0  0
12.4276  0.439823  0  0
12.4276  0.471239  0  0
12.4276  0.502655  0  0
12.4276  0.534071  0  0
12.4276  0.565487  0  0
12.4276  0.596903  0  0
12.4276  0.628319  0  0
12.4276  0.659734  0  0
12.4276  0.69115  0  0
12.4276  0.722566  0  0
12.4276  0.753982  0  0
12.4276  0.785398  0  0
12.4276  0.816814  0  0
12.4276  0.84823  0  0
12.4276  0.879646  0  0
12.4276  0.911062  0  0
12.4276  0.942478  0  0
12.4276  0.973894  0  0
12.4276  1.00531  0  0
12.4276  1.03673  0  0
12.4276  1.06814  0  0
12.4276  1.09956  0  0
12.4276  1.13097  0  0
12.4276  1.16239  0  0
12.4276  1.19381  0  0
12.4276  1.22522  0  0
12.4276  1.25664  0  0
12.4276  1.28805  0  0
12.4276  1.31947  0  0
12.4276  1.35088  0  0
12.4276  1.3823  0  0
12.4276  1.41372  0  0
12.4276  1.44513  0  0
12.4276  1.47655  0  0
12.4276  1.50796  0  0
12.4276  1.53938  0  0
12.4276  1.5708  0  0
12.4276  1.60221  0  0
12.4276  1.63363  0  0
12.4276  1.66504  0  0
12.4276  1.69646  0  0
12.4276  1.72788  0  0
12.4276  1.75929  0  0
12.4276  1.79071  0  0
12.4276  1.82212  0  0
12.4276  1.85354  0  0
12.4276  1.88496  0  0
12.4276  1.91637  0  0
12.4276  1.94779  0  0
12.4276  1.9792  0  0
12.4276  2.01062  0  0
12.4276  2.04204  0  0
12.4276  2.07345  0  0
12.4276  2.10487  0  0
12.4276  2.13628  0  0
12.4276  2.1677  0  0
12.4276  2.19911  0  0
12.4276  2.23053  0  0
12.4276  2.26195  0  0
12.4276  2.29336  0  0
12.4276  2.32478  0  0
12.4276  2.35619  0  0
12.4276  2.38761  0  0
12.4276  2.41903  0  0
12.4276  2.45044  0  0
12.4276  2.48186  0  0
12.4276  2.51327  0  0
12.4276  2.54469  0  0
12.4276  2.57611  0  0
12.4276  2.60752  0  0
12.4276  2.63894  0  0
12.4276  2.67035  0  0
12.4276  2.70177  0  0
12.4276  2.73319  0  0
12.4276  2.7646  0  0
12.4276  2.79602  0  0
12.4276  2.82743  0  0
12.4276  2.85885  0  0
12.4276  2.89027  0  0
12.4276  2.92168  0  0
12.4276  2.9531  0  0
12.4276  2.98451  0  0
12.4276  3.01593  0  0
12.4276  3.04734  0  0
12.4276  3.07876  0  0
12.4276  3.11018  0  0
12.5658  0  0  0
12.5658  0.0314159  0  0
12.5658  0.0628319  0  0
12.5658  0.0942478  0  0
12.5658  0.125664  0  0
12.5658  0.15708  0  0
12.5658  0.188496  0  0
12.5658  0.219911  0  0
12.5658  0.251327  0  0
12.5658  0.282743  0  0
12.5658  0.314159  0  0
12.5658  0.345575  0  0
12.5658  0.376991  0  0
12.5658  0.408407  0  0
12.5658  0.439823  0  0
12.5658  0.471239  0  0
12.5658  0.502655  0  0
12.5658  0.534071  0  0
12.5658  0.565487  0  0
12.5658  0.596903  0  0
12.5658  0.628319  0  0
12.5658  0.659734  0  0
12.5658  0.69115  0  0
12.5658  0.722566  0  0
12.5658  0.753982  0  0
12.5658  0.785398  0  0
12.5658  0.816814  0  0
12.5658  0.84823  0  0
12.5658  0.879646  0  0
12.5658  0.911062  0  0
12.5658  0.942478  0  0
12.5658  0.973894  0  0
12.5658  1.00531  0  0
12.5658  1.03673  0  0
12.5658  1.06814  0  0
12.5658  1.09956  0  0
12.5658  1.13097  0  0
12.5658  1.16239  0  0
12.5658  1.19381  0  0
12.5658  1.22522  0  0
12.5658  1.25664  0  0
12.5658  1.28805  0  0
12.5658  1.31947  0  0
12.5658  1.35088  0  0
12.5658  1.3823  0  0
12.5658  1.41372  0  0
12.5658  1.44513  0  0
12.5658  1.47655  0  0
12.5658  1.50796  0  0
12.5658  1.53938  0  0
12.5658  1.5708  0  0
12.5658  1.60221  0  0
12.5658  1.63363  0  0
12.5658  1.66504  0  0
12.5658  1.69646  0  0
12.5658  1.72788  0  0
12.5658  1.75929  0  0
12.5658  1.79071  0  0
12.5658  1.82212  0  0
12.5658  1.85354  0  0
12.5658  1.88496  0  0
12.5658  1.91637  0  0
12.5658  1.94779  0  0
12.5658  1.9792  0  0
12.5658  2.01062  0  0
12.5658  2.04204  0  0
12.5658  2.07345  0  0
12.5658  2.10487  0  0
12.5658  2.13628  0  0
12.5658  2.1677  0  0
12.5658  2.19911  0  0
12.5658  2.23053  0  0
12.5658  2.26195  0  0
12.5658  2.29336  0  0
12.5658  2.32478  0  0
12.5658  2.35619  0  0
12.5658  2.38761  0  0
12.5658  2.41903  0  0
12.5658  2.45044  0  0
12.5658  2.48186  0  0
12.5658  2.51327  0  0
12.5658  2.54469  0  0
12.5658  2.57611  0  0
12.5658  2.60752  0  0
12.5658  2.63894  0  0
12.5658  2.67035  0  0
12.5658  2.70177  0  0
12.5658  2.73319  0  0
12.5658  2.7646  0  0
12.5658  2.79602  0  0
12.5658  2.82743  0  0
12.5658  2.85885  0  0
12.5658  2.89027  0  0
12.5658  2.92168  0  0
12.5658  2.9531  0  0
12.5658  2.98451  0  0
12.5658  3.01593  0  0
12.5658  3.04734  0  0
12.5658  3.07876  0  0
12.5658  3.11018  0  0
12.7039  0  0  0
12.7039  0.0314159  0  0
12.7039  0.0628319  0  0
12.7039  0.0942478  0  0
12.7039  0.125664  0  0
12.7039  0.15708  0  0
12.7039  0.188496  0  0
12.7039  0.219911  0  0
12.7039  0.251327  0  0
12.7039  0.282743  0  0
12.7039  0.314159  0  0
12.7039  0.345575  0  0
12.7039  0.376991  0  0
12.7039  0.408407  0  0
12.7039  0.439823  0  0
12.7039  0.471239  0  0
12.7039  0.502655  0  0
12.7039  0.534071  0  0
12.7039  0.565487  0  0
12.7039  0.596903  0  0
12.7039  0.628319  0  0
12.7039  0.659734  0  0
12.7039  0.69115  0  0
12.7039  0.722566  0  0
12.7039  0.753982  0  0
12.7039  0.785398  0  0
12.7039  0.816814  0  0
12.7039  0.84823  0  0
12.7039  0.879646  0  0
12.7039  0.911062  0  0
12.7039  0.942478  0  0
12.7039  0.973894  0  0
12.7039  1.00531  0  0
12.7039  1.03673  0  0
12.7039  1.06814  0  0
12.7039  1.09956  0  0
12.7039  1.13097  0  0
12.7039  1.16239  0  0
12.7039  1.19381  0  0
12.7039  1.22522  0  0
12.7039  1.25664  0  0
12.7039  1.28805  0  0
12.7039  1.31947  0  0
12.7039  1.35088  0  0
12.7039  1.3823  0  0
12.7039  1.41372  0  0
12.7039  1.44513  0  0
12.7039  1.47655  0  0
12.7039  1.50796  0  0
12.7039  1.53938  0  0
12.7039  1.5708  0  0
12.7039  1.60221  0  0
12.7039  1.63363  0  0
12.7039  1.66504  0  0
12.7039  1.69646  0  0
12.7039  1.72788  0  0
12.7039  1.75929  0  0
12.7039  1.79071  0  0
12.7039  1.82212  0  0
12.7039  1.85354  0  0
12.7039  1.88496  0  0
12.7039  1.91637  0  0
12.7039  1.94779  0  0
12.7039  1.9792  0  0
12.7039  2.01062  0  0
12.7039  2.04204  0  0
12.7039  2.07345  0  0
12.7039  2.10487  0  0
12.7039  2.13628  0  0
12.7039  2.1677  0  0
12.7039  2.19911  0  0
12.7039  2.23053  0  0
12.7039  2.26195  0  0
12.7039  2.29336  0  0
12.7039  2.32478  0  0
12.7039  2.35619  0  0
12.7039  2.38761  0  0
12.7039  2.41903  0  0
12.7039  2.45044  0  0
12.7039  2.48186  0  0
12.7039  2.51327  0  0
12.7039  2.54469  0  0
12.7039  2.57611  0  0
12.7039  2.60752  0  0
12.7039  2.63894  0  0
12.7039  2.67035  0  0
12.7039  2.70177  0  0
12.7039  2.73319  0  0
12.7039  2.7646  0  0
12.7039  2.79602  0  0
12.7039  2.82743  0  0
12.7039  2.85885  0  0
12.7039  2.89027  0  0
12.7039  2.92168  0  0
12.7039  2.9531  0  0
12.7039  2.98451  0  0
12.7039  3.01593  0  0
12.7039  3.04734  0  0
12.7039  3.07876  0  0
12.7039  3.11018  0  0
12.8421  0  0  0
12.8421  0.0314159  0  0
12.8421  0.0628319  0  0
12.8421  0.0942478  0  0
12.8421  0.125664  0  0
12.8421  0.15708  0  0
12.8421  0.188496  0  0
12.8421  0.219911  0  0
12.8421  0.251327  0  0
12.8421  0.282743  0  0
12.8421  0.314159  0  0
12.8421  0.345575  0  0
12.8421  0.376991  0  0
12.8421  0.408407  0  0
12.8421  0.439823  0  0
12.8421  0.471239  0  0
12.8421  0.502655  0  0
12.8421  0.534071  0  0
12.8421  0.565487  0  0
12.8421  0.596903  0  0
12.8421  0.628319  0  0
12.8421  0.659734  0  0
12.8421  0.69115  0  0
12.8421  0.722566  0  0
12.8421  0.753982  0  0
12.8421  0.785398  0  0
12.8421  0.816814  0  0
12.8421  0.84823  0  0
12.8421  0.879646  0  0
12.8421  0.911062  0  0
12.8421  0.942478  0  0
12.8421  0.973894  0  0
12.8421  1.00531  0  0
12.8421  1.03673  0  0
12.8421  1.06814  0  0
12.8421  1.09956  0  0
12.8421  1.13097  0  0
12.8421  1.16239  0  0
12.8421  1.19381  0  0
12.8421  1.22522  0  0
12.8421  1.25664  0  0
12.8421  1.28805  0  0
12.8421  1.31947  0  0
12.8421  1.35088  0  0
12.8421  1.3823  0  0
12.8421  1.41372  0  0
12.8421  1.44513  0  0
12.8421  1.47655  0  0
12.8421  1.50796  0  0
12.8421  1.53938  0  0
12.8421  1.5708  0  0
12.8421  1.60221  0  0
12.8421  1.63363  0  0
12.8421  1.66504  0  0
12.8421  1.69646  0  0
12.8421  1.72788  0  0
12.8421  1.75929  0  0
12.8421  1.79071  0  0
12.8421  1.82212  0  0
12.8421  1.85354  0  0
12.8421  1.88496  0  0
12.8421  1.91637  0  0
12.8421  1.94779  0  0
12.8421  1.9792  0  0
12.8421  2.01062  0  0
12.8421  2.04204  0  0
12.8421  2.07345  0  0
12.8421  2.10487  0  0
12.8421  2.13628  0  0
12.8421  2.1677  0  0
12.8421  2.19911  0  0
12.8421  2.23053  0  0
12.8421  2.26195  0  0
12.8421  2.29336  0  0
12.8421  2.32478  0  0
12.8421  2.35619  0  0
12.8421  2.38761  0  0
12.8421  2.41903  0  0
12.8421  2.45044  0  0
12.8421  2.48186  0  0
12.8421  2.51327  0  0
12.8421  2.54469  0  0
12.8421  2.57611  0  0
12.8421  2.60752  0  0
12.8421  2.63894  0  0
12.8421  2.67035  0  0
12.8421  2.70177  0  0
12.8421  2.73319  0  0
12.8421  2.7646  0  0
12.8421  2.79602  0  0
12.8421  2.82743  0  0
12.8421  2.85885  0  0
12.8421  2.89027  0  0
12.8421  2.92168  0  0
12.8421  2.9531  0  0
12.8421  2.98451  0  0
12.8421  3.01593  0  0
12.8421  3.04734  0  0
12.8421  3.07876  0  0
12.8421  3.11018  0  0
12.9803  0  0  0
12.9803  0.0314159  0  0
12.9803  0.0628319  0  0
12.9803  0.0942478  0  0
12.9803  0.125664  0  0
12.9803  0.15708  0  0
12.9803  0.188496  0  0
12.9803  0.219911  0  0
12.9803  0.251327  0  0
12.9803  0.282743  0  0
12.9803  0.314159  0  0
12.9803  0.345575  0  0
12.9803  0.376991  0  0
12.9803  0.408407  0  0
12.9803  0.439823  0  0
12.9803  0.471239  0  0
12.9803  0.502655  0  0
12.9803  0.534071  0  0
12.9803  0.565487  0  0
12.9803  0.596903  0  0
12.9803  0.628319  0  0
12.9803  0.659734  0  0
12.9803  0.69115  0  0
12.9803  0.722566  0  0
12.9803  0.753982  0  0
12.9803  0.785398  0  0
12.9803  0.816814  0  0
12.9803  0.84823  0  0
12.9803  0.879646  0  0
12.9803  0.911062  0  0
12.9803  0.942478  0  0
12.9803  0.973894  0  0
12.9803  1.00531  0  0
12.9803  1.03673  0  0
12.9803  1.06814  0  0
12.9803  1.09956  0  0
12.9803  1.13097  0  0
12.9803  1.16239  0  0
12.9803  1.19381  0  0
12.9803  1.22522  0  0
12.9803  1.25664  0  0
12.9803  1.28805  0  0
12.9803  1.31947  0  0
12.9803  1.35088  0  0
12.9803  1.3823  0  0
12.9803  1.41372  0  0
12.9803  1.44513  0  0
12.9803  1.47655  0  0
12.9803  1.50796  0  0
12.9803  1.53938  0  0
12.9803  1.5708  0  0
12.9803  1.60221  0  0
12.9803  1.63363  0  0
12.9803  1.66504  0  0
12.9803  1.69646  0  0
12.9803  1.72788  0  0
12.9803  1.75929  0  0
12.9803  1.79071  0  0
12.9803  1.82212  0  0
12.9803  1.85354  0  0
12.9803  1.88496  0  0
12.9803  1.91637  0  0
12.9803  1.94779  0  0
12.9803  1.9792  0  0
12.9803  2.01062  0  0
12.9803  2.04204  0  0
12.9803  2.07345  0  0
12.9803  2.10487  0  0
12.9803  2.13628  0  0
12.9803  2.1677  0  0
12.9803  2.19911  0  0
12.9803  2.23053  0  0
12.9803  2.26195  0  0
12.9803  2.29336  0  0
12.9803  2.32478  0  0
12.9803  2.35619  0  0
12.9803  2.38761  0  0
12.9803  2.41903  0  0
12.9803  2.45044  0  0
12.9803  2.48186  0  0
12.9803  2.51327  0  0
12.9803  2.54469  0  0
12.9803  2.57611  0  0
12.9803  2.60752  0  0
12.9803  2.63894  0  0
12.9803  2.67035  0  0
12.9803  2.70177  0  0
12.9803  2.73319  0  0
12.9803  2.7646  0  0
12.9803  2.79602  0  0
12.9803  2.82743  0  0
12.9803  2.85885  0  0
12.9803  2.89027  0  0
12.9803  2.92168  0  0
12.9803  2.9531  0  0
12.9803  2.98451  0  0
12.9803  3.01593  0  0
12.9803  3.04734  0  0
12.9803  3.07876  0  0
12.9803  3.11018  0  0
13.1184  0  0  0
13.1184  0.0314159  0  0
13.1184  0.0628319  0  0
13.1184  0.0942478  0  0
13.1184  0.125664  0  0
13.1184  0.15708  0  0
13.1184  0.188496  0  0
13.1184  0.219911  0  0
13.1184  0.251327  0  0
13.1184  0.282743  0  0
13.1184  0.314159  0  0
13.1184  0.345575  0  0
13.1184  0.376991  0  0
13.1184  0.408407  0  0
13.1184  0.439823  0  0
13.1184  0.471239  0  0
13.1184  0.502655  0  0
13.1184  0.534071  0  0
13.1184  0.565487  0  0
13.1184  0.596903  0  0
13.1184  0.628319  0  0
13.1184  0.659734  0  0
13.1184  0.69115  0  0
13.1184  0.722566  0  0
13.1184  0.753982  0  0
13.1184  0.785398  0  0
13.1184  0.816814  0  0
13.1184  0.84823  0  0
13.1184  0.879646  0  0
13.1184  0.911062  0  0
13.1184  0.942478  0  0
13.1184  0.973894  0  0
13.1184  1.00531  0  0
13.1184  1.03673  0  0
13.1184  1.06814  0  0
13.1184  1.09956  0  0
13.1184  1.13097  0  0
13.1184  1.16239  0  0
13.1184  1.19381  0  0
13.1184  1.22522  0  0
13.1184  1.25664  0  0
13.1184  1.28805  0  0
13.1184  1.31947  0  0
13.1184  1.35088  0  0
13.1184  1.3823  0  0
13.1184  1.41372  0  0
13.1184  1.44513  0  0
13.1184  1.47655  0  0
13.1184  1.50796  0  0
13.1184  1.53938  0.251795  1.97558
13.1184  1.5708  0  0
13.1184  1.60221  0  0
13.1184  1.63363  0  0
13.1184  1.66504  0  0
13.1184  1.69646  0  0
13.1184  1.72788  0  0
13.1184  1.75929  0  0
13.1184  1.79071  0  0
13.1184  1.82212  0  0
13.1184  1.85354  0  0
13.1184  1.88496  0  0
13.1184  1.91637  0  0
13.1184  1.94779  0  0
13.1184  1.9792  0  0
13.1184  2.01062  0  0
13.1184  2.04204  0  0
13.1184  2.07345  0  0
13.1184  2.10487  0  0
13.1184  2.13628  0  0
13.1184  2.1677  0  0
13.1184  2.19911  0  0
13.1184  2.23053  0  0
13.1184  2.26195  0  0
13.1184  2.29336  0  0
13.1184  2.32478  0  0
13.1184  2.35619  0  0
13.1184  2.38761  0  0
13.1184  2.41903  0  0
13.1184  2.45044  0  0
13.1184  2.48186  0  0
13.1184  2.51327  0  0
13.1184  2.54469  0  0
13.1184  2.57611  0  0
13.1184  2.60752  0  0
13.1184  2.63894  0  0
13.1184  2.67035  0  0
13.1184  2.70177  0  0
13.1184  2.73319  0  0
13.1184  2.7646  0  0
13.1184  2.79602  0  0
13.1184  2.82743  0  0
13.1184  2.85885  0  0
13.1184  2.89027  0  0
13.1184  2.92168  0  0
13.1184  2.9531  0  0
13.1184  2.98451  0  0
13.1184  3.01593  0  0
13.1184  3.04734  0  0
13.1184  3.07876  0  0
13.1184  3.11018  0  0
13.2566  0  0  0
13.2566  0.0314159  0  0
13.2566  0.0628319  0  0
13.2566  0.0942478  0  0
13.2566  0.125664  0  0
13.2566  0.15708  0  0
13.2566  0.188496  0  0
13.2566  0.219911  0  0
13.2566  0.251327  0  0
13.2566  0.282743  0  0
13.2566  0.314159  0  0
13.2566  0.345575  0  0
13.2566  0.376991  0  0
13.2566  0.408407  0  0
13.2566  0.439823  0  0
13.2566  0.471239  0  0
13.2566  0.502655  0  0
13.2566  0.534071  0  0
13.2566  0.565487  0  0
13.2566  0.596903  0  0
13.2566  0.628319  0  0
13.2566  0.659734  0  0
13.2566  0.69115  0  0
13.2566  0.722566  0  0
13.2566  0.753982  0  0
13.2566  0.785398  0  0
13.2566  0.816814  0  0
13.2566  0.84823  0  0
13.2566  0.879646  0  0
13.2566  0.911062  0  0
13.2566  0.942478  0  0
13.2566  0.973894  0  0
13.2566  1.00531  0  0
13.2566  1.03673  0  0
13.2566  1.06814  0  0
13.2566  1.09956  0  0
13.2566  1.13097  0  0
13.2566  1.16239  0  0
13.2566  1.19381  0  0
13.2566  1.22522  0  0
13.2566  1.25664  0  0
13.2566  1.28805  0  0
13.2566  1.31947  0  0
13.2566  1.35088  0  0
13.2566  1.3823  0  0
13.2566  1.41372  0  0
13.2566  1.44513  0  0
13.2566  1.47655  0  0
13.2566  1.50796  0  0
13.2566  1.53938  0  0
13.2566  1.5708  0  0
13.2566  1.60221  0  0
13.2566  1.63363  0  0
13.2566  1.66504  0  0
13.2566  1.69646  0  0
13.2566  1.72788  0  0
13.2566  1.75929  0  0
13.2566  1.79071  0  0
13.2566  1.82212  0  0
13.2566  1.85354  0  0
13.2566  1.88496  0  0
13.2566  1.91637  0  0
13.2566  1.94779  0  0
13.2566  1.9792  0  0
13.2566  2.01062  0  0
13.2566  2.04204  0  0
13.2566  2.07345  0  0
13.2566  2.10487  0  0
13.2566  2.13628  0  0
13.2566  2.1677  0  0
13.2566  2.19911  0  0
13.2566  2.23053  0  0
13.2566  2.26195  0  0
13.2566  2.29336  0  0
13.2566  2.32478  0  0
13.2566  2.35619  0  0
13.2566  2.38761  0  0
13.2566  2.41903  0  0
13.2566  2.45044  0  0
13.2566  2.48186  0  0
13.2566  2.51327  0  0
13.2566  2.54469  0  0
13.2566  2.57611  0  0
13.2566  2.60752  0  0
13.2566  2.63894  0  0
13.2566  2.67035  0  0
13.2566  2.70177  0  0
13.2566  2.73319  0  0
13.2566  2.7646  0  0
13.2566  2.79602  0  0
13.2566  2.82743  0  0
13.2566  2.85885  0  0
13.2566  2.89027  0  0
13.2566  2.92168  0  0
13.2566  2.9531  0  0
13.2566  2.98451  0  0
13.2566  3.01593  0  0
13.2566  3.04734  0  0
13.2566  3.07876  0  0
13.2566  3.11018  0  0
13.3947  0  0  0
13.3947  0.0314159  0  0
13.3947  0.0628319  0  0
13.3947  0.0942478  0  0
13.3947  0.125664  0  0
13.3947  0.15708  0  0
13.3947  0.188496  0  0
13.3947  0.219911  0  0
13.3947  0.251327  0  0
13.3947  0.282743  0  0
13.3947  0.314159  0  0
13.3947  0.345575  0  0
13.3947  0.376991  0  0
13.3947  0.408407  0  0
13.3947  0.439823  0  0
13.3947  0.471239  0  0
13.3947  0.502655  0  0
13.3947  0.534071  0  0
13.3947  0.565487  0  0
13.3947  0.596903  0  0
13.3947  0.628319  0  0
13.3947  0.659734  0  0
13.3947  0.69115  0  0
13.3947  0.722566  0  0
13.3947  0.753982  0  0
13.3947  0.785398  0  0
13.3947  0.816814  0  0
13.3947  0.84823  0  0
13.3947  0.879646  0  0
13.3947  0.911062  0  0
13.3947  0.942478  0  0
13.3947  0.973894  0  0
13.3947  1.00531  0  0
13.3947  1.03673  0  0
13.3947  1.06814  0  0
13.3947  1.09956  0  0
13.3947  1.13097  0  0
13.3947  1.16239  0  0
13.3947  1.19381  0  0
13.3947  1.22522  0  0
13.3947  1.25664  0  0
13.3947  1.28805  0  0
13.3947  1.31947  0  0
13.3947  1.35088  0  0
13.3947  1.3823  0  0
13.3947  1.41372  0  0
13.3947  1.44513  0  0
13.3947  1.47655  0  0
13.3947  1.50796  0  0
13.3947  1.53938  0  0
13.3947  1.5708  0  0
13.3947  1.60221  0  0
13.3947  1.63363  0  0
13.3947  1.66504  0  0
13.3947  1.69646  0  0
13.3947  1.72788  0  0
13.3947  1.75929  0  0
13.3947  1.79071  0  0
13.3947  1.82212  0  0
13.3947  1.85354  0  0
13.3947  1.88496  0  0
13.3947  1.91637  0  0
13.3947  1.94779  0  0
13.3947  1.9792  0  0
13.3947  2.01062  0  0
13.3947  2.04204  0  0
13.3947  2.07345  0  0
13.3947  2.10487  0  0
13.3947  2.13628  0  0
13.3947  2.1677  0  0
13.3947  2.19911  0  0
13.3947  2.23053  0  0
13.3947  2.26195  0  0
13.3947  2.29336  0  0
13.3947  2.32478  0  0
13.3947  2.35619  0  0
13.3947  2.38761  0  0
13.3947  2.41903  0  0
13.3947  2.45044  0  0
13.3947  2.48186  0  0
13.3947  2.51327  0  0
13.3947  2.54469  0  0
13.3947  2.57611  0  0
13.3947  2.60752  0  0
13.3947  2.63894  0  0
13.3947  2.67035  0  0
13.3947  2.70177  0  0
13.3947  2.73319  0  0
13.3947  2.7646  0  0
13.3947  2.79602  0  0
13.3947  2.82743  0  0
13.3947  2.85885  0  0
13.3947  2.89027  0  0
13.3947  2.92168  0  0
13.3947  2.9531  0  0
13.3947  2.98451  0  0
13.3947  3.01593  0  0
13.3947  3.04734  0  0
13.3947  3.07876  0  0
13.3947  3.11018  0  0
13.5329  0  0  0
13.5329  0.0314159  0  0
13.5329  0.0628319  0  0
13.5329  0.0942478  0  0
13.5329  0.125664  0  0
13.5329  0.15708  0  0
13.5329  0.188496  0  0
13.5329  0.219911  0  0
13.5329  0.251327  0  0
13.5329  0.282743  0  0
13.5329  0.314159  0  0
13.5329  0.345575  0  0
13.5329  0.376991  0  0
13.5329  0.408407  0  0
13.5329  0.439823  0  0
13.5329  0.471239  0  0
13.5329  0.502655  0  0
13.5329  0.534071  0  0
13.5329  0.565487  0  0
13.5329  0.596903  0  0
13.5329  0.628319  0  0
13.5329  0.659734  0  0
13.5329  0.69115  0  0
13.5329  0.722566  0  0
13.5329  0.753982  0  0
13.5329  0.785398  0  0
13.5329  0.816814  0  0
13.5329  0.84823  0  0
13.5329  0.879646  0  0
13.5329  0.911062  0  0
13.5329  0.942478  0  0
13.5329  0.973894  0  0
13.5329  1.00531  0  0
13.5329  1.03673  0  0
13.5329  1.06814  0  0
13.5329  1.09956  0  0
13.5329  1.13097  0  0
13.5329  1.16239  0  0
13.5329  1.19381  0  0
13.5329  1.22522  0  0
13.5329  1.25664  0  0
13.5329  1.28805  0  0
13.5329  1.31947  0  0
13.5329  1.35088  0  0
13.5329  1.3823  0  0
13.5329  1.41372  0  0
13.5329  1.44513  0  0
13.5329  1.47655  0  0
13.5329  1.50796  0  0
13.5329  1.53938  0  0
13.5329  1.5708  0  0
13.5329  1.60221  0  0
13.5329  1.63363  0  0
13.5329  1.66504  0  0
13.5329  1.69646  0  0
13.5329  1.72788  0  0
13.5329  1.75929  0  0
13.5329  1.79071  0  0
13.5329  1.82212  0  0
13.5329  1.85354  0  0
13.5329  1.88496  0  0
13.5329  1.91637  0  0
13.5329  1.94779  0  0
13.5329  1.9792  0  0
13.5329  2.01062  0  0
13.5329  2.04204  0  0
13.5329  2.07345  0  0
13.5329  2.10487  0  0
13.5329  2.13628  0  0
13.5329  2.1677  0  0
13.5329  2.19911  0  0
13.5329  2.23053  0  0
13.5329  2.26195  0  0
13.5329  2.29336  0  0
13.5329  2.32478  0  0
13.5329  2.35619  0  0
13.5329  2.38761  0  0
13.5329  2.41903  0  0
13.5329  2.45044  0  0
13.5329  2.48186  0  0
13.5329  2.51327  0  0
13.5329  2.54469  0  0
13.5329  2.57611  0  0
13.5329  2.60752  0  0
13.5329  2.63894  0  0
13.5329  2.67035  0  0
13.5329  2.70177  0  0
13.5329  2.73319  0  0
13.5329  2.7646  0  0
13.5329  2.79602  0  0
13.5329  2.82743  0  0
13.5329  2.85885  0  0
13.5329  2.89027  0  0
13.5329  2.92168  0  0
13.5329  2.9531  0  0
13.5329  2.98451  0  0
13.5329  3.01593  0  0
13.5329  3.04734  0  0
13.5329  3.07876  0  0
13.5329  3.11018  0  0
13.6711  0  0  0
13.6711  0.0314159  0  0
13.6711  0.0628319  0  0
13.6711  0.0942478  0  0
13.6711  0.125664  0  0
13.6711  0.15708  0  0
13.6711  0.188496  0  0
13.6711  0.219911  0  0
13.6711  0.251327  0  0
13.6711  0.282743  0  0
13.6711  0.314159  0  0
13.6711  0.345575  0  0
13.6711  0.376991  0  0
13.6711  0.408407  0  0
13.6711  0.439823  0  0
13.6711  0.471239  0  0
13.6711  0.502655  0  0
13.6711  0.534071  0  0
13.6711  0.565487  0  0
13.6711  0.596903  0  0
13.6711  0.628319  0  0
13.6711  0.659734  0  0
13.6711  0.69115  0  0
13.6711  0.722566  0  0
13.6711  0.753982  0  0
13.6711  0.785398  0  0
13.6711  0.816814  0  0
13.6711  0.84823  0  0
13.6711  0.879646  0  0
13.6711  0.911062  0  0
13.6711  0.942478  0  0
13.6711  0.973894  0  0
13.6711  1.00531  0  0
13.6711  1.03673  0  0
13.6711  1.06814  0  0
13.6711  1.09956  0  0
13.6711  1.13097  0  0
13.6711  1.16239  0  0
13.6711  1.19381  0  0
13.6711  1.22522  0  0
13.6711  1.25664  0  0
13.6711  1.28805  0  0
13.6711  1.31947  0  0
13.6711  1.35088  0  0
13.6711  1.3823  0  0
13.6711  1.41372  0  0
13.6711  1.44513  0  0
13.6711  1.47655  0  0
13.6711  1.50796  0.261337  1.5186
13.6711  1.53938  0  0
13.6711  1.5708  0  0
13.6711  1.60221  0  0
13.6711  1.63363  0  0
13.6711  1.66504  0  0
13.6711  1.69646  0  0
13.6711  1.72788  0  0
13.6711  1.75929  0  0
13.6711  1.79071  0  0
13.6711  1.82212  0  0
13.6711  1.85354  0  0
13.6711  1.88496  0  0
13.6711  1.91637  0  0
13.6711  1.94779  0  0
13.6711  1.9792  0  0
13.6711  2.01062  0  0
13.6711  2.04204  0  0
13.6711  2.07345  0  0
13.6711  2.10487  0  0
13.6711  2.13628  0  0
13.6711  2.1677  0  0
13.6711  2.19911  0  0
13.6711  2.23053  0  0
13.6711  2.26195  0  0
13.6711  2.29336  0  0
13.6711  2.32478  0  0
13.6711  2.35619  0  0
13.6711  2.38761  0  0
13.6711  2.41903  0  0
13.6711  2.45044  0  0
13.6711  2.48186  0  0
13.6711  2.51327  0  0
13.6711  2.54469  0  0
13.6711  2.57611  0  0
13.6711  2.60752  0  0
13.6711  2.63894  0  0
13.6711  2.67035  0  0
13.6711  2.70177  0  0
13.6711  2.73319  0  0
13.6711  2.7646  0  0
13.6711  2.79602  0  0
13.6711  2.82743  0  0
13.6711  2.85885  0  0
13.6711  2.89027  0  0
13.6711  2.92168  0  0
13.6711  2.9531  0  0
13.6711  2.98451  0  0
13.6711  3.01593  0  0
13.6711  3.04734  0  0
13.6711  3.07876  0  0
13.6711  3.11018  0  0
13.8092  0  0  0
13.8092  0.0314159  0  0
13.8092  0.0628319  0  0
13.8092  0.0942478  0  0
13.8092  0.125664  0  0
13.8092  0.15708  0  0
13.8092  0.188496  0  0
13.8092  0.219911  0  0
13.8092  0.251327  0  0
13.8092  0.282743  0  0
13.8092  0.314159  0  0
13.8092  0.345575  0  0
13.8092  0.376991  0  0
13.8092  0.408407  0  0
13.8092  0.439823  0  0
13.8092  0.471239  0  0
13.8092  0.502655  0  0
13.8092  0.534071  0  0
13.8092  0.565487  0  0
13.8092  0.596903  0  0
13.8092  0.628319  0  0
13.8092  0.659734  0  0
13.8092  0.69115  0  0
13.8092  0.722566  0  0
13.8092  0.753982  0  0
13.8092  0.785398  0  0
13.8092  0.816814  0  0
13.8092  0.84823  0  0
13.8092  0.879646  0  0
13.8092  0.911062  0  0
13.8092  0.942478  0  0
13.8092  0.973894  0  0
13.8092  1.00531  0  0
13.8092  1.03673  0  0
13.8092  1.06814  0  0
13.8092  1.09956  0  0
13.8092  1.13097  0  0
13.8092  1.16239  0  0
13.8092  1.19381  0  0
13.8092  1.22522  0  0
13.8092  1.25664  0  0
13.8092  1.28805  0  0
13.8092  1.31947  0  0
13.8092  1.35088  0  0
13.8092  1.3823  0  0
13.8092  1.41372  0  0
13.8092  1.44513  0  0
13.8092  1.47655  0  0
13.8092  1.50796  0  0
13.8092  1.53938  0  0
13.8092  1.5708  0  0
13.8092  1.60221  0  0
13.8092  1.63363  0  0
13.8092  1.66504  0  0
13.8092  1.69646  0  0
13.8092  1.72788  0  0
13.8092  1.75929  0  0
13.8092  1.79071  0  0
13.8092  1.82212  0  0
13.8092  1.85354  0  0
13.8092  1.88496  0  0
13.8092  1.91637  0  0
13.8092  1.94779  0  0
13.8092  1.9792  0  0
13.8092  2.01062  0  0
13.8092  2.04204  0  0
13.8092  2.07345  0  0
13.8092  2.10487  0  0
13.8092  2.13628  0  0
13.8092  2.1677  0  0
13.8092  2.19911  0  0
13.8092  2.23053  0  0
13.8092  2.26195  0  0
13.8092  2.29336  0  0
13.8092  2.32478  0  0
13.8092  2.35619  0  0
13.8092  2.38761  0  0
13.8092  2.41903  0  0
13.8092  2.45044  0  0
13.8092  2.48186  0  0
13.8092  2.51327  0  0
13.8092  2.54469  0  0
13.8092  2.57611  0  0
13.8092  2.60752  0  0
13.8092  2.63894  0  0
13.8092  2.67035  0  0
13.8092  2.70177  0  0
13.8092  2.73319  0  0
13.8092  2.7646  0  0
13.8092  2.79602  0  0
13.8092  2.82743  0  0
13.8092  2.85885  0  0
13.8092  2.89027  0  0
13.8092  2.92168  0  0
13.8092  2.9531  0  0
13.8092  2.98451  0  0
13.8092  3.01593  0  0
13.8092  3.04734  0  0
13.8092  3.07876  0  0
13.8092  3.11018  0  0
13.9474  0  0  0
13.9474  0.0314159  0  0
13.9474  0.0628319  0  0
13.9474  0.0942478  0  0
13.9474  0.125664  0  0
13.9474  0.15708  0  0
13.9474  0.188496  0  0
13.9474  0.219911  0  0
13.9474  0.251327  0  0
13.9474  0.282743  0  0
13.9474  0.314159  0  0
13.9474  0.345575  0  0
13.9474  0.376991  0  0
13.9474  0.408407  0  0
13.9474  0.439823  0  0
13.9474  0.471239  0  0
13.9474  0.502655  0  0
13.9474  0.534071  0  0
13.9474  0.565487  0  0
13.9474  0.596903  0  0
13.9474  0.628319  0  0
13.9474  0.659734  0  0
13.9474  0.69115  0  0
13.9474  0.722566  0  0
13.9474  0.753982  0  0
13.9474  0.785398  0  0
13.9474  0.816814  0  0
13.9474  0.84823  0  0
13.9474  0.879646  0  0
13.9474  0.911062  0  0
13.9474  0.942478  0  0
13.9474  0.973894  0  0
13.9474  1.00531  0  0
13.9474  1.03673  0  0
13.9474  1.06814  0  0
13.9474  1.09956  0  0
13.9474  1.13097  0  0
13.9474  1.16239  0  0
13.9474  1.19381  0  0
13.9474  1.22522  0  0
13.9474  1.25664  0  0
13.9474  1.28805  0  0
13.9474  1.31947  0  0
13.9474  1.35088  0  0
13.9474  1.3823  0  0
13.9474  1.41372  0  0
13.9474  1.44513  0  0
13.9474  1.47655  0  0
13.9474  1.50796  0  0
13.9474  1.53938  0  0
13.9474  1.5708  0  0
13.9474  1.60221  0  0
13.9474  1.63363  0  0
13.9474  1.66504  0  0
13.9474  1.69646  0  0
13.9474  1.72788  0  0
13.9474  1.75929  0  0
13.9474  1.79071  0  0
13.9474  1.82212  0  0
13.9474  1.85354  0  0
13.9474  1.88496  0  0
13.9474  1.91637  0  0
13.9474  1.94779  0  0
13.9474  1.9792  0  0
13.9474  2.01062  0  0
13.9474  2.04204  0  0
13.9474  2.07345  0  0
13.9474  2.10487  0  0
13.9474  2.13628  0  0
13.9474  2.1677  0  0
13.9474  2.19911  0  0
13.9474  2.23053  0  0
13.9474  2.26195  0  0
13.9474  2.29336  0  0
13.9474  2.32478  0  0
13.9474  2.35619  0  0
13.9474  2.38761  0  0
13.9474  2.41903  0  0
13.9474  2.45044  0  0
13.9474  2.48186  0  0
13.9474  2.51327  0  0
13.9474  2.54469  0  0
13.9474  2.57611  0  0
13.9474  2.60752  0  0
13.9474  2.63894  0  0
13.9474  2.67035  0  0
13.9474  2.70177  0  0
13.9474  2.73319  0  0
13.9474  2.7646  0  0
13.9474  2.79602  0  0
13.9474  2.82743  0  0
13.9474  2.85885  0  0
13.9474  2.89027  0  0
13.9474  2.92168  0  0
13.9474  2.9531  0  0
13.9474  2.98451  0  0
13.9474  3.01593  0  0
13.9474  3.04734  0  0
13.9474  3.07876  0  0
13.9474  3.11018  0  0
14.0855  0  0  0
14.0855  0.0314159  0  0
14.0855  0.0628319  0  0
14.0855  0.0942478  0  0
14.0855  0.125664  0  0
14.0855  0.15708  0  0
14.0855  0.188496  0  0
14.0855  0.219911  0  0
14.0855  0.251327  0  0
14.0855  0.282743  0  0
14.0855  0.314159  0  0
14.0855  0.345575  0  0
14.0855  0.376991  0  0
14.0855  0.408407  0  0
14.0855  0.439823  0  0
14.0855  0.471239  0  0
14.0855  0.502655  0  0
14.0855  0.534071  0  0
14.0855  0.565487  0  0
14.0855  0.596903  0  0
14.0855  0.628319  0  0
14.0855  0.659734  0  0
14.0855  0.69115  0  0
14.0855  0.722566  0  0
14.0855  0.753982  0  0
14.0855  0.785398  0  0
14.0855  0.816814  0  0
14.0855  0.84823  0  0
14.0855  0.879646  0  0
14.0855  0.911062  0  0
14.0855  0.942478  0  0
14.0855  0.973894  0  0
14.0855  1.00531  0  0
14.0855  1.03673  0  0
14.0855  1.06814  0  0
14.0855  1.09956  0  0
14.0855  1.13097  0  0
14.0855  1.16239  0  0
14.0855  1.19381  0  0
14.0855  1.22522  0  0
14.0855  1.25664  0  0
14.0855  1.28805  0  0
14.0855  1.31947  0  0
14.0855  1.35088  0  0
14.0855  1.3823  0  0
14.0855  1.41372  0  0
14.0855  1.44513  0  0
14.0855  1.47655  0  0
14.0855  1.50796  0  0
14.0855  1.53938  0  0
14.0855  1.5708  0  0
14.0855  1.60221  0  0
14.0855  1.63363  0  0
14.0855  1.66504  0  0
14.0855  1.69646  0  0
14.0855  1.72788  0  0
14.0855  1.75929  0  0
14.0855  1.79071  0  0
14.0855  1.82212  0  0
14.0855  1.85354  0  0
14.0855  1.88496  0  0
14.0855  1.91637  0  0
14.0855  1.94779  0  0
14.0855  1.9792  0  0
14.0855  2.01062  0  0
14.0855  2.04204  0  0
14.0855  2.07345  0  0
14.0855  2.10487  0  0
14.0855  2.13628  0  0
14.0855  2.1677  0  0
14.0855  2.19911  0  0
14.0855  2.23053  0  0
14.0855  2.26195  0  0
14.0855  2.29336  0  0
14.0855  2.32478  0  0
14.0855  2.35619  0  0
14.0855  2.38761  0  0
14.0855  2.41903  0  0
14.0855  2.45044  0  0
14.0855  2.48186  0  0
14.0855  2.51327  0  0
14.0855  2.54469  0  0
14.0855  2.57611  0  0
14.0855  2.60752  0  0
14.0855  2.63894  0  0
14.0855  2.67035  0  0
14.0855  2.70177  0  0
14.0855  2.73319  0  0
14.0855  2.7646  0  0
14.0855  2.79602  0  0
14.0855  2.82743  0  0
14.0855  2.85885  0  0
14.0855  2.89027  0  0
14.0855  2.92168  0  0
14.0855  2.9531  0  0
14.0855  2.98451  0  0
14.0855  3.01593  0  0
14.0855  3.04734  0  0
14.0855  3.07876  0  0
14.0855  3.11018  0  0
14.2237  0  0  0
14.2237  0.0314159  0  0
14.2237  0.0628319  0  0
14.2237  0.0942478  0  0
14.2237  0.125664  0  0
14.2237  0.15708  0  0
14.2237  0.188496  0  0
14.2237  0.219911  0  0
14.2237  0.251327  0  0
14.2237  0.282743  0  0
14.2237  0.314159  0  0
14.2237  0.345575  0  0
14.2237  0.376991  0  0
14.2237  0.408407  0  0
14.2237  0.439823  0  0
14.2237  0.471239  0  0
14.2237  0.502655  0  0
14.2237  0.534071  0  0
14.2237  0.565487  0  0
14.2237  0.596903  0  0
14.2237  0.628319  0  0
14.2237  0.659734  0  0
14.2237  0.69115  0  0
14.2237  0.722566  0  0
14.2237  0.753982  0  0
14.2237  0.785398  0  0
14.2237  0.816814  0  0
14.2237  0.84823  0  0
14.2237  0.879646  0  0
14.2237  0.911062  0  0
14.2237  0.942478  0  0
14.2237  0.973894  0  0
14.2237  1.00531  0  0
14.2237  1.03673  0  0
14.2237  1.06814  0  0
14.2237  1.09956  0  0
14.2237  1.13097  0  0
14.2237  1.16239  0  0
14.2237  1.19381  0  0
14.2237  1.22522  0  0
14.2237  1.25664  0  0
14.2237  1.28805  0  0
14.2237  1.31947  0  0
14.2237  1.35088  0  0
14.2237  1.3823  0  0
14.2237  1.41372  0  0
14.2237  1.44513  0  0
14.2237  1.47655  0  0
14.2237  1.50796  0  0
14.2237  1.53938  0  0
14.2237  1.5708  0  0
14.2237  1.60221  0  0
14.2237  1.63363  0  0
14.2237  1.66504  0  0
14.2237  1.69646  0  0
14.2237  1.72788  0  0
14.2237  1.75929  0  0
14.2237  1.79071  0  0
14.2237  1.82212  0  0
14.2237  1.85354  0  0
14.2237  1.88496  0  0
14.2237  1.91637  0  0
14.2237  1.94779  0  0
14.2237  1.9792  0  0
14.2237  2.01062  0  0
14.2237  2.04204  0  0
14.2237  2.07345  0  0
14.2237  2.10487  0  0
14.2237  2.13628  0  0
14.2237  2.1677  0  0
14.2237  2.19911  0  0
14.2237  2.23053  0  0
14.2237  2.26195  0  0
14.2237  2.29336  0  0
14.2237  2.32478  0  0
14.2237  2.35619  0  0
14.2237  2.38761  0  0
14.2237  2.41903  0  0
14.2237  2.45044  0  0
14.2237  2.48186  0  0
14.2237  2.51327  0  0
14.2237  2.54469  0  0
14.2237  2.57611  0  0
14.2237  2.60752  0  0
14.2237  2.63894  0  0
14.2237  2.67035  0  0
14.2237  2.70177  0  0
14.2237  2.73319  0  0
14.2237  2.7646  0  0
14.2237  2.79602  0  0
14.2237  2.82743  0  0
14.2237  2.85885  0  0
14.2237  2.89027  0  0
14.2237  2.92168  0  0
14.2237  2.9531  0  0
14.2237  2.98451  0  0
14.2237  3.01593  0  0
14.2237  3.04734  0  0
14.2237  3.07876  0  0
14.2237  3.11018  0  0
14.3618  0  0  0
14.3618  0.0314159  0  0
14.3618  0.0628319  0  0
14.3618  0.0942478  0  0
14.3618  0.125664  0  0
14.3618  0.15708  0  0
14.3618  0.188496  0  0
14.3618  0.219911  0  0
14.3618  0.251327  0  0
14.3618  0.282743  0  0
14.3618  0.314159  0  0
14.3618  0.345575  0  0
14.3618  0.376991  0  0
14.3618  0.408407  0  0
14.3618  0.439823  0  0
14.3618  0.471239  0  0
14.3618  0.502655  0  0
14.3618  0.534071  0  0
14.3618  0.565487  0  0
14.3618  0.596903  0  0
14.3618  0.628319  0  0
14.3618  0.659734  0  0
14.3618  0.69115  0  0
14.3618  0.722566  0  0
14.3618  0.753982  0  0
14.3618  0.785398  0  0
14.3618  0.816814  0  0
14.3618  0.84823  0  0
14.3618  0.879646  0  0
14.3618  0.911062  0  0
14.3618  0.942478  0  0
14.3618  0.973894  0  0
14.3618  1.00531  0  0
14.3618  1.03673  0  0
14.3618  1.06814  0  0
14.3618  1.09956  0  0
14.3618  1.13097  0  0
14.3618  1.16239  0  0
14.3618  1.19381  0  0
14.3618  1.22522  0  0
14.3618  1.25664  0  0
14.3618  1.28805  0  0
14.3618  1.31947  0  0
14.3618  1.35088  0  0
14.3618  1.3823  0  0
14.3618  1.41372  0  0
14.3618  1.44513  0  0
14.3618  1.47655  0  0
14.3618  1.50796  0  0
14.3618  1.53938  0  0
14.3618  1.5708  0  0
14.3618  1.60221  0  0
14.3618  1.63363  0  0
14.3618  1.66504  0  0
14.3618  1.69646  0  0
14.3618  1.72788  0  0
14.3618  1.75929  0  0
14.3618  1.79071  0  0
14.3618  1.82212  0  0
14.3618  1.85354  0  0
14.3618  1.88496  0  0
14.3618  1.91637  0  0
14.3618  1.94779  0  0
14.3618  1.9792  0  0
14.3618  2.01062  0  0
14.3618  2.04204  0  0
14.3618  2.07345  0  0
14.3618  2.10487  0  0
14.3618  2.13628  0  0
14.3618  2.1677  0  0
14.3618  2.19911  0  0
14.3618  2.23053  0  0
14.3618  2.26195  0  0
14.3618  2.29336  0  0
14.3618  2.32478  0  0
14.3618  2.35619  0  0
14.3618  2.38761  0  0
14.3618  2.41903  0  0
14.3618  2.45044  0  0
14.3618  2.48186  0  0
14.3618  2.51327  0  0
14.3618  2.54469  0  0
14.3618  2.57611  0  0
14.3618  2.60752  0  0
14.3618  2.63894  0  0
14.3618  2.67035  0  0
14.3618  2.70177  0  0
14.3618  2.73319  0  0
14.3618  2.7646  0  0
14.3618  2.79602  0  0
14.3618  2.82743  0  0
14.3618  2.85885  0  0
14.3618  2.89027  0  0
14.3618  2.92168  0  0
14.3618  2.9531  0  0
14.3618  2.98451  0  0
14.3618  3.01593  0  0
14.3618  3.04734  0  0
14.3618  3.07876  0  0
14.3618  3.11018  0  0
14.5  0  0  0
14.5  0.0314159  0  0
14.5  0.0628319  0  0
14.5  0.0942478  0  0
14.5  0.125664  0  0
14.5  0.15708  0  0
14.5  0.188496  0  0
14.5  0.219911  0  0
14.5  0.251327  0  0
14.5  0.282743  0  0
14.5  0.314159  0  0
14.5  0.345575  0  0
14.5  0.376991  0  0
14.5  0.408407  0  0
14.5  0.439823  0  0
14.5  0.471239  0  0
14.5  0.502655  0  0
14.5  0.534071  0  0
14.5  0.565487  0  0
14.5  0.596903  0  0
14.5  0.628319  0  0
14.5  0.659734  0  0
14.5  0.69115  0  0
14.5  0.722566  0  0
14.5  0.753982  0  0
14.5  0.785398  0  0
14.5  0.816814  0  0
14.5  0.84823  0  0
14.5  0.879646  0  0
14.5  0.911062  0  0
14.5  0.942478  0  0
14.5  0.973894  0  0
14.5  1.00531  0  0
14.5  1.03673  0  0
14.5  1.06814  0  0
14.5  1.09956  0  0
14.5  1.13097  0  0
14.5  1.16239  0  0
14.5  1.19381  0  0
14.5  1.22522  0  0
14.5  1.25664  0  0
14.5  1.28805  0  0
14.5  1.31947  0  0
14.5  1.35088  0  0
14.5  1.3823  0  0
14.5  1.41372  0  0
14.5  1.44513  0  0
14.5  1.47655  0  0
14.5  1.50796  0  0
14.5  1.53938  0  0
14.5  1.5708  0  0
14.5  1.60221  0  0
14.5  1.63363  0  0
14.5  1.66504  0  0
14.5  1.69646  0  0
14.5  1.72788  0  0
14.5  1.75929  0  0
14.5  1.79071  0  0
14.5  1.82212  0  0
14.5  1.85354  0  0
14.5  1.88496  0  0
14.5  1.91637  0  0
14.5  1.94779  0  0
14.5  1.9792  0  0
14.5  2.01062  0  0
14.5  2.04204  0  0
14.5  2.07345  0  0
14.5  2.10487  0  0
14.5  2.13628  0  0
14.5  2.1677  0  0
14.5  2.19911  0  0
14.5  2.23053  0  0
14.5  2.26195  0  0
14.5  2.29336  0  0
14.5  2.32478  0  0
14.5  2.35619  0  0
14.5  2.38761  0  0
14.5  2.41903  0  0
14.5  2.45044  0  0
14.5  2.48186  0  0
14.5  2.51327  0  0
14.5  2.54469  0  0
14.5  2.57611  0  0
14.5  2.60752  0  0
14.5  2.63894  0  0
14.5  2.67035  0  0
14.5  2.70177  0  0
14.5  2.73319  0  0
14.5  2.7646  0  0
14.5  2.79602  0  0
14.5  2.82743  0  0
14.5  2.85885  0  0
14.5  2.89027  0  0
14.5  2.92168  0  0
14.5  2.9531  0  0
14.5  2.98451  0  0
14.5  3.01593  0  0
14.5  3.04734  0  0
14.5  3.07876  0  0
14.5  3.11018  0  0
14.6382  0  0  0
14.6382  0.0314159  0  0
14.6382  0.0628319  0  0
14.6382  0.0942478  0  0
14.6382  0.125664  0  0
14.6382  0.15708  0  0
14.6382  0.188496  0  0
14.6382  0.219911  0  0
14.6382  0.251327  0  0
14.6382  0.282743  0  0
14.6382  0.314159  0  0
14.6382  0.345575  0  0
14.6382  0.376991  0  0
14.6382  0.408407  0  0
14.6382  0.439823  0  0
14.6382  0.471239  0  0
14.6382  0.502655  0  0
14.6382  0.534071  0  0
14.6382  0.565487  0  0
14.6382  0.596903  0  0
14.6382  0.628319  0  0
14.6382  0.659734  0  0
14.6382  0.69115  0  0
14.6382  0.722566  0  0
14.6382  0.753982  0  0
14.6382  0.785398  0  0
14.6382  0.816814  0  0
14.6382  0.84823  0  0
14.6382  0.879646  0  0
14.6382  0.911062  0  0
14.6382  0.942478  0  0
14.6382  0.973894  0  0
14.6382  1.00531  0  0
14.6382  1.03673  0  0
14.6382  1.06814  0  0
14.6382  1.09956  0  0
14.6382  1.13097  0  0
14.6382  1.16239  0  0
14.6382  1.19381  0  0
14.6382  1.22522  0  0
14.6382  1.25664  0  0
14.6382  1.28805  0  0
14.6382  1.31947  0  0
14.6382  1.35088  0  0
14.6382  1.3823  0  0
14.6382  1.41372  0  0
14.6382  1.44513  0  0
14.6382  1.47655  0  0
14.6382  1.50796  0  0
14.6382  1.53938  0  0
14.6382  1.5708  0  0
14.6382  1.60221  0  0
14.6382  1.63363  0  0
14.6382  1.66504  0  0
14.6382  1.69646  0  0
14.6382  1.72788  0  0
14.6382  1.75929  0  0
14.6382  1.79071  0  0
14.6382  1.82212  0  0
14.6382  1.85354  0  0
14.6382  1.88496  0  0
14.6382  1.91637  0  0
14.6382  1.94779  0  0
14.6382  1.9792  0  0
14.6382  2.01062  0  0
14.6382  2.04204  0  0
14.6382  2.07345  0  0
14.6382  2.10487  0  0
14.6382  2.13628  0  0
14.6382  2.1677  0  0
14.6382  2.19911  0  0
14.6382  2.23053  0  0
14.6382  2.26195  0  0
14.6382  2.29336  0  0
14.6382  2.32478  0  0
14.6382  2.35619  0  0
14.6382  2.38761  0  0
14.6382  2.41903  0  0
14.6382  2.45044  0  0
14.6382  2.48186  0  0
14.6382  2.51327  0  0
14.6382  2.54469  0  0
14.6382  2.57611  0  0
14.6382  2.60752  0  0
14.6382  2.63894  0  0
14.6382  2.67035  0  0
14.6382  2.70177  0  0
14.6382  2.73319  0  0
14.6382  2.7646  0  0
14.6382  2.79602  0  0
14.6382  2.82743  0  0
14.6382  2.85885  0  0
14.6382  2.89027  0  0
14.6382  2.92168  0  0
14.6382  2.9531  0  0
14.6382  2.98451  0  0
14.6382  3.01593  0  0
14.6382  3.04734  0  0
14.6382  3.07876  0  0
14.6382  3.11018  0  0
14.7763  0  0  0
14.7763  0.0314159  0  0
14.7763  0.0628319  0  0
14.7763  0.0942478  0  0
14.7763  0.125664  0  0
14.7763  0.15708  0  0
14.7763  0.188496  0  0
14.7763  0.219911  0  0
14.7763  0.251327  0  0
14.7763  0.282743  0  0
14.7763  0.314159  0  0
14.7763  0.345575  0  0
14.7763  0.376991  0  0
14.7763  0.408407  0  0
14.7763  0.439823  0  0
14.7763  0.471239  0  0
14.7763  0.502655  0  0
14.7763  0.534071  0  0
14.7763  0.565487  0  0
14.7763  0.596903  0  0
14.7763  0.628319  0  0
14.7763  0.659734  0  0
14.7763  0.69115  0  0
14.7763  0.722566  0  0
14.7763  0.753982  0  0
14.7763  0.785398  0  0
14.7763  0.816814  0  0
14.7763  0.84823  0  0
14.7763  0.879646  0  0
14.7763  0.911062  0  0
14.7763  0.942478  0  0
14.7763  0.973894  0  0
14.7763  1.00531  0  0
14.7763  1.03673  0  0
14.7763  1.06814  0  0
14.7763  1.09956  0  0
14.7763  1.13097  0  0
14.7763  1.16239  0  0
14.7763  1.19381  0  0
14.7763  1.22522  0  0
14.7763  1.25664  0  0
14.7763  1.28805  0  0
14.7763  1.31947  0  0
14.7763  1.35088  0  0
14.7763  1.3823  0  0
14.7763  1.41372  0  0
14.7763  1.44513  0  0
14.7763  1.47655  0  0
14.7763  1.50796  0  0
14.7763  1.53938  0  0
14.7763  1.5708  0  0
14.7763  1.60221  0  0
14.7763  1.63363  0  0
14.7763  1.66504  0  0
14.7763  1.69646  0  0
14.7763  1.72788  0  0
14.7763  1.75929  0  0
14.7763  1.79071  0  0
14.7763  1.82212  0  0
14.7763  1.85354  0  0
14.7763  1.88496  0  0
14.7763  1.91637  0  0
14.7763  1.94779  0  0
14.7763  1.9792  0  0
14.7763  2.01062  0  0
14.7763  2.04204  0  0
14.7763  2.07345  0  0
14.7763  2.10487  0  0
14.7763  2.13628  0  0
14.7763  2.1677  0  0
14.7763  2.19911  0  0
14.7763  2.23053  0  0
14.7763  2.26195  0  0
14.7763  2.29336  0  0
14.7763  2.32478  0  0
14.7763  2.35619  0  0
14.7763  2.38761  0  0
14.7763  2.41903  0  0
14.7763  2.45044  0  0
14.7763  2.48186  0  0
14.7763  2.51327  0  0
14.7763  2.54469  0  0
14.7763  2.57611  0  0
14.7763  2.60752  0  0
14.7763  2.63894  0  0
14.7763  2.67035  0  0
14.7763  2.70177  0  0
14.7763  2.73319  0  0
14.7763  2.7646  0  0
14.7763  2.79602  0  0
14.7763  2.82743  0  0
14.7763  2.85885  0  0
14.7763  2.89027  0  0
14.7763  2.92168  0  0
14.7763  2.9531  0  0
14.7763  2.98451  0  0
14.7763  3.01593  0  0
14.7763  3.04734  0  0
14.7763  3.07876  0  0
14.7763  3.11018  0  0
14.9145  0  0  0
14.9145  0.0314159  0  0
14.9145  0.0628319  0  0
14.9145  0.0942478  0  0
14.9145  0.125664  0  0
14.9145  0.15708  0  0
14.9145  0.188496  0  0
14.9145  0.219911  0  0
14.9145  0.251327  0  0
14.9145  0.282743  0  0
14.9145  0.314159  0  0
14.9145  0.345575  0  0
14.9145  0.376991  0  0
14.9145  0.408407  0  0
14.9145  0.439823  0  0
14.9145  0.471239  0  0
14.9145  0.502655  0  0
14.9145  0.534071  0  0
14.9145  0.565487  0  0
14.9145  0.596903  0  0
14.9145  0.628319  0  0
14.9145  0.659734  0  0
14.9145  0.69115  0  0
14.9145  0.722566  0  0
14.9145  0.753982  0  0
14.9145  0.785398  0  0
14.9145  0.816814  0  0
14.9145  0.84823  0  0
14.9145  0.879646  0  0
14.9145  0.911062  0  0
14.9145  0.942478  0  0
14.9145  0.973894  0  0
14.9145  1.00531  0  0
14.9145  1.03673  0  0
14.9145  1.06814  0  0
14.9145  1.09956  0  0
14.9145  1.13097  0  0
14.9145  1.16239  0  0
14.9145  1.19381  0  0
14.9145  1.22522  0  0
14.9145  1.25664  0  0
14.9145  1.28805  0  0
14.9145  1.31947  0  0
14.9145  1.35088  0  0
14.9145  1.3823  0  0
14.9145  1.41372  0  0
14.9145  1.44513  0  0
14.9145  1.47655  0  0
14.9145  1.50796  0  0
14.9145  1.53938  0  0
14.9145  1.5708  0  0
14.9145  1.60221  0  0
14.9145  1.63363  0  0
14.9145  1.66504  0  0
14.9145  1.69646  0  0
14.9145  1.72788  0  0
14.9145  1.75929  0  0
14.9145  1.79071  0  0
14.9145  1.82212  0  0
14.9145  1.85354  0  0
14.9145  1.88496  0  0
14.9145  1.91637  0  0
14.9145  1.94779  0  0
14.9145  1.9792  0  0
14.9145  2.01062  0  0
14.9145  2.04204  0  0
14.9145  2.07345  0  0
14.9145  2.10487  0  0
14.9145  2.13628  0  0
14.9145  2.1677  0  0
14.9145  2.19911  0  0
14.9145  2.23053  0  0
14.9145  2.26195  0  0
14.9145  2.29336  0  0
14.9145  2.32478  0  0
14.9145  2.35619  0  0
14.9145  2.38761  0  0
14.9145  2.41903  0  0
14.9145  2.45044  0  0
14.9145  2.48186  0  0
14.9145  2.51327  0  0
14.9145  2.54469  0  0
14.9145  2.57611  0  0
14.9145  2.60752  0  0
14.9145  2.63894  0  0
14.9145  2.67035  0  0
14.9145  2.70177  0  0
14.9145  2.73319  0  0
14.9145  2.7646  0  0
14.9145  2.79602  0  0
14.9145  2.82743  0  0
14.9145  2.85885  0  0
14.9145  2.89027  0  0
14.9145  2.92168  0  0
14.9145  2.9531  0  0
14.9145  2.98451  0  0
14.9145  3.01593  0  0
14.9145  3.04734  0  0
14.9145  3.07876  0  0
14.9145  3.11018  0  0
15.0526  0  0  0
15.0526  0.0314159  0  0
15.0526  0.0628319  0  0
15.0526  0.0942478  0  0
15.0526  0.125664  0  0
15.0526  0.15708  0  0
15.0526  0.188496  0  0
15.0526  0.219911  0  0
15.0526  0.251327  0  0
15.0526  0.282743  0  0
15.0526  0.314159  0  0
15.0526  0.345575  0  0
15.0526  0.376991  0  0
15.0526  0.408407  0  0
15.0526  0.439823  0  0
15.0526  0.471239  0  0
15.0526  0.502655  0  0
15.0526  0.534071  0  0
15.0526  0.565487  0  0
15.0526  0.596903  0  0
15.0526  0.628319  0  0
15.0526  0.659734  0  0
15.0526  0.69115  0  0
15.0526  0.722566  0  0
15.0526  0.753982  0  0
15.0526  0.785398  0  0
15.0526  0.816814  0  0
15.0526  0.84823  0  0
15.0526  0.879646  0  0
15.0526  0.911062  0  0
15.0526  0.942478  0  0
15.0526  0.973894  0  0
15.0526  1.00531  0  0
15.0526  1.03673  0  0
15.0526  1.06814  0  0
15.0526  1.09956  0  0
15.0526  1.13097  0  0
15.0526  1.16239  0  0
15.0526  1.19381  0  0
15.0526  1.22522  0  0
15.0526  1.25664  0  0
15.0526  1.28805  0  0
15.0526  1.31947  0  0
15.0526  1.35088  0  0
15.0526  1.3823  0  0
15.0526  1.41372  0  0
15.0526  1.44513  0  0
15.0526  1.47655  0  0
15.0526  1.50796  0  0
15.0526  1.53938  0  0
15.0526  1.5708  0  0
15.0526  1.60221  0  0
15.0526  1.63363  0  0
15.0526  1.66504  0  0
15.0526  1.69646  0  0
15.0526  1.72788  0  0
15.0526  1.75929  0  0
15.0526  1.79071  0  0
15.0526  1.82212  0  0
15.0526  1.85354  0  0
15.0526  1.88496  0  0
15.0526  1.91637  0  0
15.0526  1.94779  0  0
15.0526  1.9792  0  0
15.0526  2.01062  0  0
15.0526  2.04204  0  0
15.0526  2.07345  0  0
15.0526  2.10487  0  0
15.0526  2.13628  0  0
15.0526  2.1677  0  0
15.0526  2.19911  0  0
15.0526  2.23053  0  0
15.0526  2.26195  0  0
15.0526  2.29336  0  0
15.0526  2.32478  0  0
15.0526  2.35619  0  0
15.0526  2.38761  0  0
15.0526  2.41903  0  0
15.0526  2.45044  0  0
15.0526  2.48186  0  0
15.0526  2.51327  0  0
15.0526  2.54469  0  0
15.0526  2.57611  0  0
15.0526  2.60752  0  0
15.0526  2.63894  0  0
15.0526  2.67035  0  0
15.0526  2.70177  0  0
15.0526  2.73319  0  0
15.0526  2.7646  0  0
15.0526  2.79602  0  0
15.0526  2.82743  0  0
15.0526  2.85885  0  0
15.0526  2.89027  0  0
15.0526  2.92168  0  0
15.0526  2.9531  0  0
15.0526  2.98451  0  0
15.0526  3.01593  0  0
15.0526  3.04734  0  0
15.0526  3.07876  0  0
15.0526  3.11018  0  0
15.1908  0  0  0
15.1908  0.0314159  0  0
15.1908  0.0628319  0  0
15.1908  0.0942478  0  0
15.1908  0.125664  0  0
15.1908  0.15708  0  0
15.1908  0.188496  0  0
15.1908  0.219911  0  0
15.1908  0.251327  0  0
15.1908  0.282743  0  0
15.1908  0.314159  0  0
15.1908  0.345575  0  0
15.1908  0.376991  0  0
15.1908  0.408407  0  0
15.1908  0.439823  0  0
15.1908  0.471239  0  0
15.1908  0.502655  0  0
15.1908  0.534071  0  0
15.1908  0.565487  0  0
15.1908  0.596903  0  0
15.1908  0.628319  0  0
15.1908  0.659734  0  0
15.1908  0.69115  0  0
15.1908  0.722566  0  0
15.1908  0.753982  0  0
15.1908  0.785398  0  0
15.1908  0.816814  0  0
15.1908  0.84823  0  0
15.1908  0.879646  0  0
15.1908  0.911062  0  0
15.1908  0.942478  0  0
15.1908  0.973894  0  0
15.1908  1.00531  0  0
15.1908  1.03673  0  0
15.1908  1.06814  0  0
15.1908  1.09956  0  0
15.1908  1.13097  0  0
15.1908  1.16239  0  0
15.1908  1.19381  0  0
15.1908  1.22522  0  0
15.1908  1.25664  0  0
15.1908  1.28805  0  0
15.1908  1.31947  0  0
15.1908  1.35088  0  0
15.1908  1.3823  0  0
15.1908  1.41372  0  0
15.1908  1.44513  0  0
15.1908  1.47655  0  0
15.1908  1.50796  0  0
15.1908  1.53938  0  0
15.1908  1.5708  0  0
15.1908  1.60221  0  0
15.1908  1.63363  0  0
15.1908  1.66504  0  0
15.1908  1.69646  0  0
15.1908  1.72788  0  0
15.1908  1.75929  0  0
15.1908  1.79071  0  0
15.1908  1.82212  0  0
15.1908  1.85354  0  0
15.1908  1.88496  0  0
15.1908  1.91637  0  0
15.1908  1.94779  0  0
15.1908  1.9792  0  0
15.1908  2.01062  0  0
15.1908  2.04204  0  0
15.1908  2.07345  0  0
15.1908  2.10487  0  0
15.1908  2.13628  0  0
15.1908  2.1677  0  0
15.1908  2.19911  0  0
15.1908  2.23053  0  0
15.1908  2.26195  0  0
15.1908  2.29336  0  0
15.1908  2.32478  0  0
15.1908  2.35619  0  0
15.1908  2.38761  0  0
15.1908  2.41903  0  0
15.1908  2.45044  0  0
15.1908  2.48186  0  0
15.1908  2.51327  0  0
15.1908  2.54469  0  0
15.1908  2.57611  0  0
15.1908  2.60752  0  0
15.1908  2.63894  0  0
15.1908  2.67035  0  0
15.1908  2.70177  0  0
15.1908  2.73319  0  0
15.1908  2.7646  0  0
15.1908  2.79602  0  0
15.1908  2.82743  0  0
15.1908  2.85885  0  0
15.1908  2.89027  0  0
15.1908  2.92168  0  0
15.1908  2.9531  0  0
15.1908  2.98451  0  0
15.1908  3.01593  0  0
15.1908  3.04734  0  0
15.1908  3.07876  0  0
15.1908  3.11018  0  0
15.3289  0  0  0
15.3289  0.0314159  0  0
15.3289  0.0628319  0  0
15.3289  0.0942478  0  0
15.3289  0.125664  0  0
15.3289  0.15708  0  0
15.3289  0.188496  0  0
15.3289  0.219911  0  0
15.3289  0.251327  0  0
15.3289  0.282743  0  0
15.3289  0.314159  0  0
15.3289  0.345575  0  0
15.3289  0.376991  0  0
15.3289  0.408407  0  0
15.3289  0.439823  0  0
15.3289  0.471239  0  0
15.3289  0.502655  0  0
15.3289  0.534071  0  0
15.3289  0.565487  0  0
15.3289  0.596903  0  0
15.3289  0.628319  0  0
15.3289  0.659734  0  0
15.3289  0.69115  0  0
15.3289  0.722566  0  0
15.3289  0.753982  0  0
15.3289  0.785398  0  0
15.3289  0.816814  0  0
15.3289  0.84823  0  0
15.3289  0.879646  0  0
15.3289  0.911062  0  0
15.3289  0.942478  0  0
15.3289  0.973894  0  0
15.3289  1.00531  0  0
15.3289  1.03673  0  0
15.3289  1.06814  0  0
15.3289  1.09956  0  0
15.3289  1.13097  0  0
15.3289  1.16239  0  0
15.3289  1.19381  0  0
15.3289  1.22522  0  0
15.3289  1.25664  0  0
15.3289  1.28805  0  0
15.3289  1.31947  0  0
15.3289  1.35088  0  0
15.3289  1.3823  0  0
15.3289  1.41372  0  0
15.3289  1.44513  0  0
15.3289  1.47655  0  0
15.3289  1.50796  0  0
15.3289  1.53938  0  0
15.3289  1.5708  0  0
15.3289  1.60221  0  0
15.3289  1.63363  0  0
15.3289  1.66504  0  0
15.3289  1.69646  0  0
15.3289  1.72788  0  0
15.3289  1.75929  0  0
15.3289  1.79071  0  0
15.3289  1.82212  0  0
15.3289  1.85354  0  0
15.3289  1.88496  0  0
15.3289  1.91637  0  0
15.3289  1.94779  0  0
15.3289  1.9792  0  0
15.3289  2.01062  0  0
15.3289  2.04204  0  0
15.3289  2.07345  0  0
15.3289  2.10487  0  0
15.3289  2.13628  0  0
15.3289  2.1677  0  0
15.3289  2.19911  0  0
15.3289  2.23053  0  0
15.3289  2.26195  0  0
15.3289  2.29336  0  0
15.3289  2.32478  0  0
15.3289  2.35619  0  0
15.3289  2.38761  0  0
15.3289  2.41903  0  0
15.3289  2.45044  0  0
15.3289  2.48186  0  0
15.3289  2.51327  0  0
15.3289  2.54469  0  0
15.3289  2.57611  0  0
15.3289  2.60752  0  0
15.3289  2.63894  0  0
15.3289  2.67035  0  0
15.3289  2.70177  0  0
15.3289  2.73319  0  0
15.3289  2.7646  0  0
15.3289  2.79602  0  0
15.3289  2.82743  0  0
15.3289  2.85885  0  0
15.3289  2.89027  0  0
15.3289  2.92168  0  0
15.3289  2.9531  0  0
15.3289  2.98451  0  0
15.3289  3.01593  0  0
15.3289  3.04734  0  0
15.3289  3.07876  0  0
15.3289  3.11018  0  0
15.4671  0  0  0
15.4671  0.0314159  0  0
15.4671  0.0628319  0  0
15.4671  0.0942478  0  0
15.4671  0.125664  0  0
15.4671  0.15708  0  0
15.4671  0.188496  0  0
15.4671  0.219911  0  0
15.4671  0.251327  0  0
15.4671  0.282743  0  0
15.4671  0.314159  0  0
15.4671  0.345575  0  0
15.4671  0.376991  0  0
15.4671  0.408407  0  0
15.4671  0.439823  0  0
15.4671  0.471239  0  0
15.4671  0.502655  0  0
15.4671  0.534071  0  0
15.4671  0.565487  0  0
15.4671  0.596903  0  0
15.4671  0.628319  0  0
15.4671  0.659734  0  0
15.4671  0.69115  0  0
15.4671  0.722566  0  0
15.4671  0.753982  0  0
15.4671  0.785398  0  0
15.4671  0.816814  0  0
15.4671  0.84823  0  0
15.4671  0.879646  0  0
15.4671  0.911062  0  0
15.4671  0.942478  0  0
15.4671  0.973894  0  0
15.4671  1.00531  0  0
15.4671  1.03673  0  0
15.4671  1.06814  0  0
15.4671  1.09956  0  0
15.4671  1.13097  0  0
15.4671  1.16239  0  0
15.4671  1.19381  0  0
15.4671  1.22522  0  0
15.4671  1.25664  0  0
15.4671  1.28805  0  0
15.4671  1.31947  0  0
15.4671  1.35088  0  0
15.4671  1.3823  0  0
15.4671  1.41372  0  0
15.4671  1.44513  0  0
15.4671  1.47655  0  0
15.4671  1.50796  0  0
15.4671  1.53938  0  0
15.4671  1.5708  0  0
15.4671  1.60221  0  0
15.4671  1.63363  0  0
15.4671  1.66504  0  0
15.4671  1.69646  0  0
15.4671  1.72788  0  0
15.4671  1.75929  0  0
15.4671  1.79071  0  0
15.4671  1.82212  0  0
15.4671  1.85354  0  0
15.4671  1.88496  0  0
15.4671  1.91637  0  0
15.4671  1.94779  0  0
15.4671  1.9792  0  0
15.4671  2.01062  0  0
15.4671  2.04204  0  0
15.4671  2.07345  0  0
15.4671  2.10487  0  0
15.4671  2.13628  0  0
15.4671  2.1677  0  0
15.4671  2.19911  0  0
15.4671  2.23053  0  0
15.4671  2.26195  0  0
15.4671  2.29336  0  0
15.4671  2.32478  0  0
15.4671  2.35619  0  0
15.4671  2.38761  0  0
15.4671  2.41903  0  0
15.4671  2.45044  0  0
15.4671  2.48186  0  0
15.4671  2.51327  0  0
15.4671  2.54469  0  0
15.4671  2.57611  0  0
15.4671  2.60752  0  0
15.4671  2.63894  0  0
15.4671  2.67035  0  0
15.4671  2.70177  0  0
15.4671  2.73319  0  0
15.4671  2.7646  0  0
15.4671  2.79602  0  0
15.4671  2.82743  0  0
15.4671  2.85885  0  0
15.4671  2.89027  0  0
15.4671  2.92168  0  0
15.4671  2.9531  0  0
15.4671  2.98451  0  0
15.4671  3.01593  0  0
15.4671  3.04734  0  0
15.4671  3.07876  0  0
15.4671  3.11018  0  0
15.6053  0  0  0
15.6053  0.0314159  0  0
15.6053  0.0628319  0  0
15.6053  0.0942478  0  0
15.6053  0.125664  0  0
15.6053  0.15708  0  0
15.6053  0.188496  0  0
15.6053  0.219911  0  0
15.6053  0.251327  0  0
15.6053  0.282743  0  0
15.6053  0.314159  0  0
15.6053  0.345575  0  0
15.6053  0.376991  0  0
15.6053  0.408407  0  0
15.6053  0.439823  0  0
15.6053  0.471239  0  0
15.6053  0.502655  0  0
15.6053  0.534071  0  0
15.6053  0.565487  0  0
15.6053  0.596903  0  0
15.6053  0.628319  0  0
15.6053  0.659734  0  0
15.6053  0.69115  0  0
15.6053  0.722566  0  0
15.6053  0.753982  0  0
15.6053  0.785398  0  0
15.6053  0.816814  0  0
15.6053  0.84823  0  0
15.6053  0.879646  0  0
15.6053  0.911062  0  0
15.6053  0.942478  0  0
15.6053  0.973894  0  0
15.6053  1.00531  0  0
15.6053  1.03673  0  0
15.6053  1.06814  0  0
15.6053  1.09956  0  0
15.6053  1.13097  0  0
15.6053  1.16239  0  0
15.6053  1.19381  0  0
15.6053  1.22522  0  0
15.6053  1.25664  0  0
15.6053  1.28805  0  0
15.6053  1.31947  0  0
15.6053  1.35088  0  0
15.6053  1.3823  0  0
15.6053  1.41372  0  0
15.6053  1.44513  0  0
15.6053  1.47655  0  0
15.6053  1.50796  0  0
15.6053  1.53938  0  0
15.6053  1.5708  0  0
15.6053  1.60221  0  0
15.6053  1.63363  0  0
15.6053  1.66504  0  0
15.6053  1.69646  0  0
15.6053  1.72788  0  0
15.6053  1.75929  0  0
15.6053  1.79071  0  0
15.6053  1.82212  0  0
15.6053  1.85354  0  0
15.6053  1.88496  0  0
15.6053  1.91637  0  0
15.6053  1.94779  0  0
15.6053  1.9792  0  0
15.6053  2.01062  0  0
15.6053  2.04204  0  0
15.6053  2.07345  0  0
15.6053  2.10487  0  0
15.6053  2.13628  0  0
15.6053  2.1677  0  0
15.6053  2.19911  0  0
15.6053  2.23053  0  0
15.6053  2.26195  0  0
15.6053  2.29336  0  0
15.6053  2.32478  0  0
15.6053  2.35619  0  0
15.6053  2.38761  0  0
15.6053  2.41903  0  0
15.6053  2.45044  0  0
15.6053  2.48186  0  0
15.6053  2.51327  0  0
15.6053  2.54469  0  0
15.6053  2.57611  0  0
15.6053  2.60752  0  0
15.6053  2.63894  0  0
15.6053  2.67035  0  0
15.6053  2.70177  0  0
15.6053  2.73319  0  0
15.6053  2.7646  0  0
15.6053  2.79602  0  0
15.6053  2.82743  0  0
15.6053  2.85885  0  0
15.6053  2.89027  0  0
15.6053  2.92168  0  0
15.6053  2.9531  0  0
15.6053  2.98451  0  0
15.6053  3.01593  0  0
15.6053  3.04734  0  0
15.6053  3.07876  0  0
15.6053  3.11018  0  0
15.7434  0  0  0
15.7434  0.0314159  0  0
15.7434  0.0628319  0  0
15.7434  0.0942478  0  0
15.7434  0.125664  0  0
15.7434  0.15708  0  0
15.7434  0.188496  0  0
15.7434  0.219911  0  0
15.7434  0.251327  0  0
15.7434  0.282743  0  0
15.7434  0.314159  0  0
15.7434  0.345575  0  0
15.7434  0.376991  0  0
15.7434  0.408407  0  0
15.7434  0.439823  0  0
15.7434  0.471239  0  0
15.7434  0.502655  0  0
15.7434  0.534071  0  0
15.7434  0.565487  0  0
15.7434  0.596903  0  0
15.7434  0.628319  0  0
15.7434  0.659734  0  0
15.7434  0.69115  0  0
15.7434  0.722566  0  0
15.7434  0.753982  0  0
15.7434  0.785398  0  0
15.7434  0.816814  0  0
15.7434  0.84823  0  0
15.7434  0.879646  0  0
15.7434  0.911062  0  0
15.7434  0.942478  0  0
15.7434  0.973894  0  0
15.7434  1.00531  0  0
15.7434  1.03673  0  0
15.7434  1.06814  0  0
15.7434  1.09956  0  0
15.7434  1.13097  0  0
15.7434  1.16239  0  0
15.7434  1.19381  0  0
15.7434  1.22522  0  0
15.7434  1.25664  0  0
15.7434  1.28805  0  0
15.7434  1.31947  0  0
15.7434  1.35088  0  0
15.7434  1.3823  0  0
15.7434  1.41372  0  0
15.7434  1.44513  0  0
15.7434  1.47655  0  0
15.7434  1.50796  0  0
15.7434  1.53938  0  0
15.7434  1.5708  0  0
15.7434  1.60221  0  0
15.7434  1.63363  0  0
15.7434  1.66504  0  0
15.7434  1.69646  0  0
15.7434  1.72788  0  0
15.7434  1.75929  0  0
15.7434  1.79071  0  0
15.7434  1.82212  0  0
15.7434  1.85354  0  0
15.7434  1.88496  0  0
15.7434  1.91637  0  0
15.7434  1.94779  0  0
15.7434  1.9792  0  0
15.7434  2.01062  0  0
15.7434  2.04204  0  0
15.7434  2.07345  0  0
15.7434  2.10487  0  0
15.7434  2.13628  0  0
15.7434  2.1677  0  0
15.7434  2.19911  0  0
15.7434  2.23053  0  0
15.7434  2.26195  0  0
15.7434  2.29336  0  0
15.7434  2.32478  0  0
15.7434  2.35619  0  0
15.7434  2.38761  0  0
15.7434  2.41903  0  0
15.7434  2.45044  0  0
15.7434  2.48186  0  0
15.7434  2.51327  0  0
15.7434  2.54469  0  0
15.7434  2.57611  0  0
15.7434  2.60752  0  0
15.7434  2.63894  0  0
15.7434  2.67035  0  0
15.7434  2.70177  0  0
15.7434  2.73319  0  0
15.7434  2.7646  0  0
15.7434  2.79602  0  0
15.7434  2.82743  0  0
15.7434  2.85885  0  0
15.7434  2.89027  0  0
15.7434  2.92168  0  0
15.7434  2.9531  0  0
15.7434  2.98451  0  0
15.7434  3.01593  0  0
15.7434  3.04734  0  0
15.7434  3.07876  0  0
15.7434  3.11018  0  0
15.8816  0  0  0
15.8816  0.0314159  0  0
15.8816  0.0628319  0  0
15.8816  0.0942478  0  0
15.8816  0.125664  0  0
15.8816  0.15708  0  0
15.8816  0.188496  0  0
15.8816  0.219911  0  0
15.8816  0.251327  0  0
15.8816  0.282743  0  0
15.8816  0.314159  0  0
15.8816  0.345575  0  0
15.8816  0.376991  0  0
15.8816  0.408407  0  0
15.8816  0.439823  0  0
15.8816  0.471239  0  0
15.8816  0.502655  0  0
15.8816  0.534071  0  0
15.8816  0.565487  0  0
15.8816  0.596903  0  0
15.8816  0.628319  0  0
15.8816  0.659734  0  0
15.8816  0.69115  0  0
15.8816  0.722566  0  0
15.8816  0.753982  0  0
15.8816  0.785398  0  0
15.8816  0.816814  0  0
15.8816  0.84823  0  0
15.8816  0.879646  0  0
15.8816  0.911062  0  0
15.8816  0.942478  0  0
15.8816  0.973894  0  0
15.8816  1.00531  0  0
15.8816  1.03673  0  0
15.8816  1.06814  0  0
15.8816  1.09956  0  0
15.8816  1.13097  0  0
15.8816  1.16239  0  0
15.8816  1.19381  0  0
15.8816  1.22522  0  0
15.8816  1.25664  0  0
15.8816  1.28805  0  0
15.8816  1.31947  0  0
15.8816  1.35088  0  0
15.8816  1.3823  0  0
15.8816  1.41372  0  0
15.8816  1.44513  0  0
15.8816  1.47655  0  0
15.8816  1.50796  0  0
15.8816  1.53938  0  0
15.8816  1.5708  0  0
15.8816  1.60221  0  0
15.8816  1.63363  0  0
15.8816  1.66504  0  0
15.8816  1.69646  0  0
15.8816  1.72788  0  0
15.8816  1.75929  0  0
15.8816  1.79071  0  0
15.8816  1.82212  0  0
15.8816  1.85354  0  0
15.8816  1.88496  0  0
15.8816  1.91637  0  0
15.8816  1.94779  0  0
15.8816  1.9792  0  0
15.8816  2.01062  0  0
15.8816  2.04204  0  0
15.8816  2.07345  0  0
15.8816  2.10487  0  0
15.8816  2.13628  0  0
15.8816  2.1677  0  0
15.8816  2.19911  0  0
15.8816  2.23053  0  0
15.8816  2.26195  0  0
15.8816  2.29336  0  0
15.8816  2.32478  0  0
15.8816  2.35619  0  0
15.8816  2.38761  0  0
15.8816  2.41903  0  0
15.8816  2.45044  0  0
15.8816  2.48186  0  0
15.8816  2.51327  0  0
15.8816  2.54469  0  0
15.8816  2.57611  0  0
15.8816  2.60752  0  0
15.8816  2.63894  0  0
15.8816  2.67035  0  0
15.8816  2.70177  0  0
15.8816  2.73319  0  0
15.8816  2.7646  0  0
15.8816  2.79602  0  0
15.8816  2.82743  0  0
15.8816  2.85885  0  0
15.8816  2.89027  0  0
15.8816  2.92168  0  0
15.8816  2.9531  0  0
15.8816  2.98451  0  0
15.8816  3.01593  0  0
15.8816  3.04734  0  0
15.8816  3.07876  0  0
15.8816  3.11018  0  0
16.0197  0  0  0
16.0197  0.0314159  0  0
16.0197  0.0628319  0  0
16.0197  0.0942478  0  0
16.0197  0.125664  0  0
16.0197  0.15708  0  0
16.0197  0.188496  0  0
16.0197  0.219911  0  0
16.0197  0.251327  0  0
16.0197  0.282743  0  0
16.0197  0.314159  0  0
16.0197  0.345575  0  0
16.0197  0.376991  0  0
16.0197  0.408407  0  0
16.0197  0.439823  0  0
16.0197  0.471239  0  0
16.0197  0.502655  0  0
16.0197  0.534071  0  0
16.0197  0.565487  0  0
16.0197  0.596903  0  0
16.0197  0.628319  0  0
16.0197  0.659734  0  0
16.0197  0.69115  0  0
16.0197  0.722566  0  0
16.0197  0.753982  0  0
16.0197  0.785398  0  0
16.0197  0.816814  0  0
16.0197  0.84823  0  0
16.0197  0.879646  0  0
16.0197  0.911062  0  0
16.0197  0.942478  0  0
16.0197  0.973894  0  0
16.0197  1.00531  0  0
16.0197  1.03673  0  0
16.0197  1.06814  0  0
16.0197  1.09956  0  0
16.0197  1.13097  0  0
16.0197  1.16239  0  0
16.0197  1.19381  0  0
16.0197  1.22522  0  0
16.0197  1.25664  0  0
16.0197  1.28805  0  0
16.0197  1.31947  0  0
16.0197  1.35088  0  0
16.0197  1.3823  0  0
16.0197  1.41372  0  0
16.0197  1.44513  0  0
16.0197  1.47655  0  0
16.0197  1.50796  0  0
16.0197  1.53938  0  0
16.0197  1.5708  0  0
16.0197  1.60221  0  0
16.0197  1.63363  0  0
16.0197  1.66504  0  0
16.0197  1.69646  0  0
16.0197  1.72788  0  0
16.0197  1.75929  0  0
16.0197  1.79071  0  0
16.0197  1.82212  0  0
16.0197  1.85354  0  0
16.0197  1.88496  0  0
16.0197  1.91637  0  0
16.0197  1.94779  0  0
16.0197  1.9792  0  0
16.0197  2.01062  0  0
16.0197  2.04204  0  0
16.0197  2.07345  0  0
16.0197  2.10487  0  0
16.0197  2.13628  0  0
16.0197  2.1677  0  0
16.0197  2.19911  0  0
16.0197  2.23053  0  0
16.0197  2.26195  0  0
16.0197  2.29336  0  0
16.0197  2.32478  0  0
16.0197  2.35619  0  0
16.0197  2.38761  0  0
16.0197  2.41903  0  0
16.0197  2.45044  0  0
16.0197  2.48186  0  0
16.0197  2.51327  0  0
16.0197  2.54469  0  0
16.0197  2.57611  0  0
16.0197  2.60752  0  0
16.0197  2.63894  0  0
16.0197  2.67035  0  0
16.0197  2.70177  0  0
16.0197  2.73319  0  0
16.0197  2.7646  0  0
16.0197  2.79602  0  0
16.0197  2.82743  0  0
16.0197  2.85885  0  0
16.0197  2.89027  0  0
16.0197  2.92168  0  0
16.0197  2.9531  0  0
16.0197  2.98451  0  0
16.0197  3.01593  0  0
16.0197  3.04734  0  0
16.0197  3.07876  0  0
16.0197  3.11018  0  0
16.1579  0  0  0
16.1579  0.0314159  0  0
16.1579  0.0628319  0  0
16.1579  0.0942478  0  0
16.1579  0.125664  0  0
16.1579  0.15708  0  0
16.1579  0.188496  0  0
16.1579  0.219911  0  0
16.1579  0.251327  0  0
16.1579  0.282743  0  0
16.1579  0.314159  0  0
16.1579  0.345575  0  0
16.1579  0.376991  0  0
16.1579  0.408407  0  0
16.1579  0.439823  0  0
16.1579  0.471239  0  0
16.1579  0.502655  0  0
16.1579  0.534071  0  0
16.1579  0.565487  0  0
16.1579  0.596903  0  0
16.1579  0.628319  0  0
16.1579  0.659734  0  0
16.1579  0.69115  0  0
16.1579  0.722566  0  0
16.1579  0.753982  0  0
16.1579  0.785398  0  0
16.1579  0.816814  0  0
16.1579  0.84823  0  0
16.1579  0.879646  0  0
16.1579  0.911062  0  0
16.1579  0.942478  0  0
16.1579  0.973894  0  0
16.1579  1.00531  0  0
16.1579  1.03673  0  0
16.1579  1.06814  0  0
16.1579  1.09956  0  0
16.1579  1.13097  0  0
16.1579  1.16239  0  0
16.1579  1.19381  0  0
16.1579  1.22522  0  0
16.1579  1.25664  0  0
16.1579  1.28805  0  0
16.1579  1.31947  0  0
16.1579  1.35088  0  0
16.1579  1.3823  0  0
16.1579  1.41372  0  0
16.1579  1.44513  0  0
16.1579  1.47655  0  0
16.1579  1.50796  0  0
16.1579  1.53938  0  0
16.1579  1.5708  0  0
16.1579  1.60221  0  0
16.1579  1.63363  0  0
16.1579  1.66504  0  0
16.1579  1.69646  0  0
16.1579  1.72788  0  0
16.1579  1.75929  0  0
16.1579  1.79071  0  0
16.1579  1.82212  0  0
16.1579  1.85354  0  0
16.1579  1.88496  0  0
16.1579  1.91637  0  0
16.1579  1.94779  0  0
16.1579  1.9792  0  0
16.1579  2.01062  0  0
16.1579  2.04204  0  0
16.1579  2.07345  0  0
16.1579  2.10487  0  0
16.1579  2.13628  0  0
16.1579  2.1677  0  0
16.1579  2.19911  0  0
16.1579  2.23053  0  0
16.1579  2.26195  0  0
16.1579  2.29336  0  0
16.1579  2.32478  0  0
16.1579  2.35619  0  0
16.1579  2.38761  0  0
16.1579  2.41903  0  0
16.1579  2.45044  0  0
16.1579  2.48186  0  0
16.1579  2.51327  0  0
16.1579  2.54469  0  0
16.1579  2.57611  0  0
16.1579  2.60752  0  0
16.1579  2.63894  0  0
16.1579  2.67035  0  0
16.1579  2.70177  0  0
16.1579  2.73319  0  0
16.1579  2.7646  0  0
16.1579  2.79602  0  0
16.1579  2.82743  0  0
16.1579  2.85885  0  0
16.1579  2.89027  0  0
16.1579  2.92168  0  0
16.1579  2.9531  0  0
16.1579  2.98451  0  0
16.1579  3.01593  0  0
16.1579  3.04734  0  0
16.1579  3.07876  0  0
16.1579  3.11018  0  0
16.2961  0  0  0
16.2961  0.0314159  0  0
16.2961  0.0628319  0  0
16.2961  0.0942478  0  0
16.2961  0.125664  0  0
16.2961  0.15708  0  0
16.2961  0.188496  0  0
16.2961  0.219911  0  0
16.2961  0.251327  0  0
16.2961  0.282743  0  0
16.2961  0.314159  0  0
16.2961  0.345575  0  0
16.2961  0.376991  0  0
16.2961  0.408407  0  0
16.2961  0.439823  0  0
16.2961  0.471239  0  0
16.2961  0.502655  0  0
16.2961  0.534071  0  0
16.2961  0.565487  0  0
16.2961  0.596903  0  0
16.2961  0.628319  0  0
16.2961  0.659734  0  0
16.2961  0.69115  0  0
16.2961  0.722566  0  0
16.2961  0.753982  0  0
16.2961  0.785398  0  0
16.2961  0.816814  0  0
16.2961  0.84823  0  0
16.2961  0.879646  0  0
16.2961  0.911062  0  0
16.2961  0.942478  0  0
16.2961  0.973894  0  0
16.2961  1.00531  0  0
16.2961  1.03673  0  0
16.2961  1.06814  0  0
16.2961  1.09956  0  0
16.2961  1.13097  0  0
16.2961  1.16239  0  0
16.2961  1.19381  0  0
16.2961  1.22522  0  0
16.2961  1.25664  0  0
16.2961  1.28805  0  0
16.2961  1.31947  0  0
16.2961  1.35088  0  0
16.2961  1.3823  0  0
16.2961  1.41372  0  0
16.2961  1.44513  0  0
16.2961  1.47655  0  0
16.2961  1.50796  0  0
16.2961  1.53938  0  0
16.2961  1.5708  0.253376  2.1693
16.2961  1.60221  0  0
16.2961  1.63363  0  0
16.2961  1.66504  0  0
16.2961  1.69646  0  0
16.2961  1.72788  0  0
16.2961  1.75929  0  0
16.2961  1.79071  0  0
16.2961  1.82212  0  0
16.2961  1.85354  0  0
16.2961  1.88496  0  0
16.2961  1.91637  0  0
16.2961  1.94779  0  0
16.2961  1.9792  0  0
16.2961  2.01062  0  0
16.2961  2.04204  0  0
16.2961  2.07345  0  0
16.2961  2.10487  0  0
16.2961  2.13628  0  0
16.2961  2.1677  0  0
16.2961  2.19911  0  0
16.2961  2.23053  0  0
16.2961  2.26195  0  0
16.2961  2.29336  0  0
16.2961  2.32478  0  0
16.2961  2.35619  0  0
16.2961  2.38761  0  0
16.2961  2.41903  0  0
16.2961  2.45044  0  0
16.2961  2.48186  0  0
16.2961  2.51327  0  0
16.2961  2.54469  0  0
16.2961  2.57611  0  0
16.2961  2.60752  0  0
16.2961  2.63894  0  0
16.2961  2.67035  0  0
16.2961  2.70177  0  0
16.2961  2.73319  0  0
16.2961  2.7646  0  0
16.2961  2.79602  0  0
16.2961  2.82743  0  0
16.2961  2.85885  0  0
16.2961  2.89027  0  0
16.2961  2.92168  0  0
16.2961  2.9531  0  0
16.2961  2.98451  0  0
16.2961  3.01593  0  0
16.2961  3.04734  0  0
16.2961  3.07876  0  0
16.2961  3.11018  0  0
16.4342  0  0  0
16.4342  0.0314159  0  0
16.4342  0.0628319  0  0
16.4342  0.0942478  0  0
16.4342  0.125664  0  0
16.4342  0.15708  0  0
16.4342  0.188496  0  0
16.4342  0.219911  0  0
16.4342  0.251327  0  0
16.4342  0.282743  0  0
16.4342  0.314159  0  0
16.4342  0.345575  0  0
16.4342  0.376991  0  0
16.4342  0.408407  0  0
16.4342  0.439823  0  0
16.4342  0.471239  0  0
16.4342  0.502655  0  0
16.4342  0.534071  0  0
16.4342  0.565487  0  0
16.4342  0.596903  0  0
16.4342  0.628319  0  0
16.4342  0.659734  0  0
16.4342  0.69115  0  0
16.4342  0.722566  0  0
16.4342  0.753982  0  0
16.4342  0.785398  0  0
16.4342  0.816814  0  0
16.4342  0.84823  0  0
16.4342  0.879646  0  0
16.4342  0.911062  0  0
16.4342  0.942478  0  0
16.4342  0.973894  0  0
16.4342  1.00531  0  0
16.4342  1.03673  0  0
16.4342  1.06814  0  0
16.4342  1.09956  0  0
16.4342  1.13097  0  0
16.4342  1.16239  0  0
16.4342  1.19381  0  0
16.4342  1.22522  0  0
16.4342  1.25664  0  0
16.4342  1.28805  0  0
16.4342  1.31947  0  0
16.4342  1.35088  0  0
16.4342  1.3823  0  0
16.4342  1.41372  0  0
16.4342  1.44513  0  0
16.4342  1.47655  0  0
16.4342  1.50796  0  0
16.4342  1.53938  0.247385  2.30287
16.4342  1.5708  0  0
16.4342  1.60221  0  0
16.4342  1.63363  0  0
16.4342  1.66504  0  0
16.4342  1.69646  0  0
16.4342  1.72788  0  0
16.4342  1.75929  0  0
16.4342  1.79071  0  0
16.4342  1.82212  0  0
16.4342  1.85354  0  0
16.4342  1.88496  0  0
16.4342  1.91637  0  0
16.4342  1.94779  0  0
16.4342  1.9792  0  0
16.4342  2.01062  0  0
16.4342  2.04204  0  0
16.4342  2.07345  0  0
16.4342  2.10487  0  0
16.4342  2.13628  0  0
16.4342  2.1677  0  0
16.4342  2.19911  0  0
16.4342  2.23053  0  0
16.4342  2.26195  0  0
16.4342  2.29336  0  0
16.4342  2.32478  0  0
16.4342  2.35619  0  0
16.4342  2.38761  0  0
16.4342  2.41903  0  0
16.4342  2.45044  0  0
16.4342  2.48186  0  0
16.4342  2.51327  0  0
16.4342  2.54469  0  0
16.4342  2.57611  0  0
16.4342  2.60752  0  0
16.4342  2.63894  0  0
16.4342  2.67035  0  0
16.4342  2.70177  0  0
16.4342  2.73319  0  0
16.4342  2.7646  0  0
16.4342  2.79602  0  0
16.4342  2.82743  0  0
16.4342  2.85885  0  0
16.4342  2.89027  0  0
16.4342  2.92168  0  0
16.4342  2.9531  0  0
16.4342  2.98451  0  0
16.4342  3.01593  0  0
16.4342  3.04734  0  0
16.4342  3.07876  0  0
16.4342  3.11018  0  0
16.5724  0  0  0
16.5724  0.0314159  0  0
16.5724  0.0628319  0  0
16.5724  0.0942478  0  0
16.5724  0.125664  0  0
16.5724  0.15708  0  0
16.5724  0.188496  0  0
16.5724  0.219911  0  0
16.5724  0.251327  0  0
16.5724  0.282743  0  0
16.5724  0.314159  0  0
16.5724  0.345575  0  0
16.5724  0.376991  0  0
16.5724  0.408407  0  0
16.5724  0.439823  0  0
16.5724  0.471239  0  0
16.5724  0.502655  0  0
16.5724  0.534071  0  0
16.5724  0.565487  0  0
16.5724  0.596903  0  0
16.5724  0.628319  0  0
16.5724  0.659734  0  0
16.5724  0.69115  0  0
16.5724  0.722566  0  0
16.5724  0.753982  0  0
16.5724  0.785398  0  0
16.5724  0.816814  0  0
16.5724  0.84823  0  0
16.5724  0.879646  0  0
16.5724  0.911062  0  0
16.5724  0.942478  0  0
16.5724  0.973894  0  0
16.5724  1.00531  0  0
16.5724  1.03673  0  0
16.5724  1.06814  0  0
16.5724  1.09956  0  0
16.5724  1.13097  0  0
16.5724  1.16239  0  0
16.5724  1.19381  0  0
16.5724  1.22522  0  0
16.5724  1.25664  0  0
16.5724  1.28805  0  0
16.5724  1.31947  0  0
16.5724  1.35088  0  0
16.5724  1.3823  0  0
16.5724  1.41372  0  0
16.5724  1.44513  0.248624  2.09835
16.5724  1.47655  6.15291  3.08628
16.5724  1.50796  0.0414226  0.303953
16.5724  1.53938  17.6606  9.33333
16.5724  1.5708  11.9214  8.32296
16.5724  1.60221  14.9433  9.06159
16.5724  1.63363  1.09374  8.02572
16.5724  1.66504  1.98785  1.03296
16.5724  1.69646  0  0
16.5724  1.72788  0  0
16.5724  1.75929  0  0
16.5724  1.79071  0  0
16.5724  1.82212  0  0
16.5724  1.85354  0  0
16.5724  1.88496  0  0
16.5724  1.91637  0  0
16.5724  1.94779  0  0
16.5724  1.9792  0  0
16.5724  2.01062  0  0
16.5724  2.04204  0  0
16.5724  2.07345  0  0
16.5724  2.10487  0  0
16.5724  2.13628  0  0
16.5724  2.1677  0  0
16.5724  2.19911  0  0
16.5724  2.23053  0  0
16.5724  2.26195  0  0
16.5724  2.29336  0  0
16.5724  2.32478  0  0
16.5724  2.35619  0  0
16.5724  2.38761  0  0
16.5724  2.41903  0  0
16.5724  2.45044  0  0
16.5724  2.48186  0  0
16.5724  2.51327  0  0
16.5724  2.54469  0  0
16.5724  2.57611  0  0
16.5724  2.60752  0  0
16.5724  2.63894  0  0
16.5724  2.67035  0  0
16.5724  2.70177  0  0
16.5724  2.73319  0  0
16.5724  2.7646  0  0
16.5724  2.79602  0  0
16.5724  2.82743  0  0
16.5724  2.85885  0  0
16.5724  2.89027  0  0
16.5724  2.92168  0  0
16.5724  2.9531  0  0
16.5724  2.98451  0  0
16.5724  3.01593  0  0
16.5724  3.04734  0  0
16.5724  3.07876  0  0
16.5724  3.11018  0  0
16.7105  0  0  0
16.7105  0.0314159  0  0
16.7105  0.0628319  0  0
16.7105  0.0942478  0  0
16.7105  0.125664  0  0
16.7105  0.15708  0  0
16.7105  0.188496  0  0
16.7105  0.219911  0  0
16.7105  0.251327  0  0
16.7105  0.282743  0  0
16.7105  0.314159  0  0
16.7105  0.345575  0  0
16.7105  0.376991  0  0
16.7105  0.408407  0  0
16.7105  0.439823  0  0
16.7105  0.471239  0  0
16.7105  0.502655  0  0
16.7105  0.534071  0  0
16.7105  0.565487  0  0
16.7105  0.596903  0  0
16.7105  0.628319  0  0
16.7105  0.659734  0  0
16.7105  0.69115  0  0
16.7105  0.722566  0  0
16.7105  0.753982  0  0
16.7105  0.785398  0  0
16.7105  0.816814  0  0
16.7105  0.84823  0  0
16.7105  0.879646  0  0
16.7105  0.911062  0  0
16.7105  0.942478  0  0
16.7105  0.973894  0  0
16.7105  1.00531  0  0
16.7105  1.03673  0  0
16.7105  1.06814  0  0
16.7105  1.09956  0  0
16.7105  1.13097  0  0
16.7105  1.16239  0  0
16.7105  1.19381  0  0
16.7105  1.22522  0  0
16.7105  1.25664  0  0
16.7105  1.28805  0  0
16.7105  1.31947  0  0
16.7105  1.35088  0.249027  2.14314
16.7105  1.3823  9.98963  8.40549
16.7105  1.41372  21.3356  20.47
16.7105  1.44513  23.1889  12.9531
16.7105  1.47655  19.6461  19.0141
16.7105  1.50796  8.84177  9.77767
16.7105  1.53938  15.3999  14.778
16.7105  1.5708  15.8219  11.9567
16.7105  1.60221  21.4779  20.3747
16.7105  1.63363  13.148  16.0897
16.7105  1.66504  15.5199  7.78842
16.7105  1.69646  12.3288  12.2432
16.7105  1.72788  32.922  29.9366
16.7105  1.75929  0  0
16.7105  1.79071  0  0
16.7105  1.82212  0  0
16.7105  1.85354  0  0
16.7105  1.88496  0  0
16.7105  1.91637  0  0
16.7105  1.94779  0  0
16.7105  1.9792  0  0
16.7105  2.01062  0  0
16.7105  2.04204  0  0
16.7105  2.07345  0  0
16.7105  2.10487  0  0
16.7105  2.13628  0  0
16.7105  2.1677  0  0
16.7105  2.19911  0  0
16.7105  2.23053  0  0
16.7105  2.26195  0  0
16.7105  2.29336  0  0
16.7105  2.32478  0  0
16.7105  2.35619  0  0
16.7105  2.38761  0  0
16.7105  2.41903  0  0
16.7105  2.45044  0  0
16.7105  2.48186  0  0
16.7105  2.51327  0  0
16.7105  2.54469  0  0
16.7105  2.57611  0  0
16.7105  2.60752  0  0
16.7105  2.63894  0  0
16.7105  2.67035  0  0
16.7105  2.70177  0  0
16.7105  2.73319  0  0
16.7105  2.7646  0  0
16.7105  2.79602  0  0
16.7105  2.82743  0  0
16.7105  2.85885  0  0
16.7105  2.89027  0  0
16.7105  2.92168  0  0
16.7105  2.9531  0  0
16.7105  2.98451  0  0
16.7105  3.01593  0  0
16.7105  3.04734  0  0
16.7105  3.07876  0  0
16.7105  3.11018  0  0
16.8487  0  0  0
16.8487  0.0314159  0  0
16.8487  0.0628319  0  0
16.8487  0.0942478  0  0
16.8487  0.125664  0  0
16.8487  0.15708  0  0
16.8487  0.188496  0  0
16.8487  0.219911  0  0
16.8487  0.251327  0  0
16.8487  0.282743  0  0
16.8487  0.314159  0  0
16.8487  0.345575  0  0
16.8487  0.376991  0  0
16.8487  0.408407  0  0
16.8487  0.439823  0  0
16.8487  0.471239  0  0
16.8487  0.502655  0  0
16.8487  0.534071  0  0
16.8487  0.565487  0  0
16.8487  0.596903  0  0
16.8487  0.628319  0  0
16.8487  0.659734  0  0
16.8487  0.69115  0  0
16.8487  0.722566  0  0
16.8487  0.753982  0  0
16.8487  0.785398  0  0
16.8487  0.816814  0  0
16.8487  0.84823  0  0
16.8487  0.879646  0  0
16.8487  0.911062  0  0
16.8487  0.942478  0  0
16.8487  0.973894  0  0
16.8487  1.00531  0  0
16.8487  1.03673  0  0
16.8487  1.06814  0  0
16.8487  1.09956  0  0
16.8487  1.13097  0  0
16.8487  1.16239  0  0
16.8487  1.19381  0  0
16.8487  1.22522  0  0
16.8487  1.25664  0  0
16.8487  1.28805  0.232972  2.3835
16.8487  1.31947  25.9024  23.3315
16.8487  1.35088  24.8973  21.8126
16.8487  1.3823  25.6153  14.6199
16.8487  1.41372  7.4569  12.282
16.8487  1.44513  8.40397  14.4134
16.8487  1.47655  12.0353  11.2366
16.8487  1.50796  10.3543  12.0162
16.8487  1.53938  8.27177  14.2343
16.8487  1.5708  20.1789  18.8088
16.8487  1.60221  13.6167  14.7745
16.8487  1.63363  11.5068  10.5723
16.8487  1.66504  19.7175  9.93796
16.8487  1.69646  20.2692  19.931
16.8487  1.72788  20.5607  19.0341
16.8487  1.75929  19.8475  17.9017
16.8487  1.79071  1.16008  8.51252
16.8487  1.82212  0  0
16.8487  1.85354  0.25876  1.70222
16.8487  1.88496  0  0
16.8487  1.91637  0  0
16.8487  1.94779  0  0
16.8487  1.9792  0  0
16.8487  2.01062  0  0
16.8487  2.04204  0  0
16.8487  2.07345  0  0
16.8487  2.10487  0  0
16.8487  2.13628  0  0
16.8487  2.1677  0  0
16.8487  2.19911  0  0
16.8487  2.23053  0  0
16.8487  2.26195  0  0
16.8487  2.29336  0  0
16.8487  2.32478  0  0
16.8487  2.35619  0  0
16.8487  2.38761  0  0
16.8487  2.41903  0  0
16.8487  2.45044  0  0
16.8487  2.48186  0  0
16.8487  2.51327  0  0
16.8487  2.54469  0  0
16.8487  2.57611  0  0
16.8487  2.60752  0  0
16.8487  2.63894  0  0
16.8487  2.67035  0  0
16.8487  2.70177  0  0
16.8487  2.73319  0  0
16.8487  2.7646  0  0
16.8487  2.79602  0  0
16.8487  2.82743  0  0
16.8487  2.85885  0  0
16.8487  2.89027  0  0
16.8487  2.92168  0  0
16.8487  2.9531  0  0
16.8487  2.98451  0  0
16.8487  3.01593  0  0
16.8487  3.04734  0  0
16.8487  3.07876  0  0
16.8487  3.11018  0  0
16.9868  0  0  0
16.9868  0.0314159  0  0
16.9868  0.0628319  0  0
16.9868  0.0942478  0  0
16.9868  0.125664  0  0
16.9868  0.15708  0  0
16.9868  0.188496  0  0
16.9868  0.219911  0  0
16.9868  0.251327  0  0
16.9868  0.282743  0  0
16.9868  0.314159  0  0
16.9868  0.345575  0  0
16.9868  0.376991  0  0
16.9868  0.408407  0  0
16.9868  0.439823  0  0
16.9868  0.471239  0  0
16.9868  0.502655  0  0
16.9868  0.534071  0  0
16.9868  0.565487  0  0
16.9868  0.596903  0  0
16.9868  0.628319  0  0
16.9868  0.659734  0  0
16.9868  0.69115  0  0
16.9868  0.722566  0  0
16.9868  0.753982  0  0
16.9868  0.785398  0  0
16.9868  0.816814  0  0
16.9868  0.84823  0  0
16.9868  0.879646  0  0
16.9868  0.911062  0  0
16.9868  0.942478  0  0
16.9868  0.973894  0  0
16.9868  1.00531  0  0
16.9868  1.03673  0  0
16.9868  1.06814  0  0
16.9868  1.09956  0  0
16.9868  1.13097  0  0
16.9868  1.16239  0  0
16.9868  1.19381  0  0
16.9868  1.22522  0  0
16.9868  1.25664  0.428188  3.14198
16.9868  1.28805  23.7845  22.7778
16.9868  1.31947  16.8203  17.2132
16.9868  1.35088  10.2048  11.9707
16.9868  1.3823  21.841  21.0778
16.9868  1.41372  21.6247  12.3202
16.9868  1.44513  7.82268  13.5372
16.9868  1.47655  20.4791  14.6943
16.9868  1.50796  10.77  10.7119
16.9868  1.53938  7.36867  13.1992
16.9868  1.5708  9.36687  15.9613
16.9868  1.60221  18.4942  11.6866
16.9868  1.63363  17.5253  17.0728
16.9868  1.66504  22.8613  13.2902
16.9868  1.69646  13.6631  12.9011
16.9868  1.72788  15.6702  11.8053
16.9868  1.75929  10.3234  15.7777
16.9868  1.79071  15.2065  14.9446
16.9868  1.82212  19.9529  16.2897
16.9868  1.85354  1.85791  13.6331
16.9868  1.88496  0.409572  3.00538
16.9868  1.91637  0  0
16.9868  1.94779  0  0
16.9868  1.9792  0  0
16.9868  2.01062  0  0
16.9868  2.04204  0  0
16.9868  2.07345  0  0
16.9868  2.10487  0  0
16.9868  2.13628  0  0
16.9868  2.1677  0  0
16.9868  2.19911  0  0
16.9868  2.23053  0  0
16.9868  2.26195  0  0
16.9868  2.29336  0  0
16.9868  2.32478  0  0
16.9868  2.35619  0  0
16.9868  2.38761  0  0
16.9868  2.41903  0  0
16.9868  2.45044  0  0
16.9868  2.48186  0  0
16.9868  2.51327  0  0
16.9868  2.54469  0  0
16.9868  2.57611  0  0
16.9868  2.60752  0  0
16.9868  2.63894  0  0
16.9868  2.67035  0  0
16.9868  2.70177  0  0
16.9868  2.73319  0  0
16.9868  2.7646  0  0
16.9868  2.79602  0  0
16.9868  2.82743  0  0
16.9868  2.85885  0  0
16.9868  2.89027  0  0
16.9868  2.92168  0  0
16.9868  2.9531  0  0
16.9868  2.98451  0  0
16.9868  3.01593  0  0
16.9868  3.04734  0  0
16.9868  3.07876  0  0
16.9868  3.11018  0  0
17.125  0  0  0
17.125  0.0314159  0  0
17.125  0.0628319  0  0
17.125  0.0942478  0  0
17.125  0.125664  0  0
17.125  0.15708  0  0
17.125  0.188496  0  0
17.125  0.219911  0  0
17.125  0.251327  0  0
17.125  0.282743  0  0
17.125  0.314159  0  0
17.125  0.345575  0  0
17.125  0.376991  0  0
17.125  0.408407  0  0
17.125  0.439823  0  0
17.125  0.471239  0  0
17.125  0.502655  0  0
17.125  0.534071  0  0
17.125  0.565487  0  0
17.125  0.596903  0  0
17.125  0.628319  0  0
17.125  0.659734  0  0
17.125  0.69115  0  0
17.125  0.722566  0  0
17.125  0.753982  0  0
17.125  0.785398  0  0
17.125  0.816814  0  0
17.125  0.84823  0  0
17.125  0.879646  0  0
17.125  0.911062  0  0
17.125  0.942478  0  0
17.125  0.973894  0  0
17.125  1.00531  0  0
17.125  1.03673  0  0
17.125  1.06814  0  0
17.125  1.09956  0  0
17.125  1.13097  0  0
17.125  1.16239  0  0
17.125  1.19381  0  0
17.125  1.22522  3.35722  9.41103
17.125  1.25664  23.555  13.99
17.125  1.28805  16.9534  16.8077
17.125  1.31947  11.0683  12.0791
17.125  1.35088  8.59067  14.243
17.125  1.3823  9.26542  15.0572
17.125  1.41372  14.8153  11.6244
17.125  1.44513  11.2595  12.1121
17.125  1.47655  8.80452  11.7661
17.125  1.50796  19.2322  12.4432
17.125  1.53938  18.0556  9.04554
17.125  1.5708  8.41149  14.8093
17.125  1.60221  18.9235  12.1583
17.125  1.63363  8.75455  14.3762
17.125  1.66504  8.84252  14.7763
17.125  1.69646  21.4582  17.9638
17.125  1.72788  14.256  13.2176
17.125  1.75929  8.26469  14.0909
17.125  1.79071  19.6599  13.0709
17.125  1.82212  21.4234  11.6622
17.125  1.85354  22.7209  22.325
17.125  1.88496  27.5474  16.361
17.125  1.91637  0.247291  2.30345
17.125  1.94779  0  0
17.125  1.9792  0  0
17.125  2.01062  0  0
17.125  2.04204  0  0
17.125  2.07345  0  0
17.125  2.10487  0  0
17.125  2.13628  0  0
17.125  2.1677  0  0
17.125  2.19911  0  0
17.125  2.23053  0  0
17.125  2.26195  0  0
17.125  2.29336  0  0
17.125  2.32478  0  0
17.125  2.35619  0  0
17.125  2.38761  0  0
17.125  2.41903  0  0
17.125  2.45044  0  0
17.125  2.48186  0  0
17.125  2.51327  0  0
17.125  2.54469  0  0
17.125  2.57611  0  0
17.125  2.60752  0  0
17.125  2.63894  0  0
17.125  2.67035  0  0
17.125  2.70177  0  0
17.125  2.73319  0  0
17.125  2.7646  0  0
17.125  2.79602  0  0
17.125  2.82743  0  0
17.125  2.85885  0  0
17.125  2.89027  0  0
17.125  2.92168  0  0
17.125  2.9531  0  0
17.125  2.98451  0  0
17.125  3.01593  0  0
17.125  3.04734  0  0
17.125  3.07876  0  0
17.125  3.11018  0  0
17.2632  0  0  0
17.2632  0.0314159  0  0
17.2632  0.0628319  0  0
17.2632  0.0942478  0  0
17.2632  0.125664  0  0
17.2632  0.15708  0  0
17.2632  0.188496  0  0
17.2632  0.219911  0  0
17.2632  0.251327  0  0
17.2632  0.282743  0  0
17.2632  0.314159  0  0
17.2632  0.345575  0  0
17.2632  0.376991  0  0
17.2632  0.408407  0  0
17.2632  0.439823  0  0
17.2632  0.471239  0  0
17.2632  0.502655  0  0
17.2632  0.534071  0  0
17.2632  0.565487  0  0
17.2632  0.596903  0  0
17.2632  0.628319  0  0
17.2632  0.659734  0  0
17.2632  0.69115  0  0
17.2632  0.722566  0  0
17.2632  0.753982  0  0
17.2632  0.785398  0  0
17.2632  0.816814  0  0
17.2632  0.84823  0  0
17.2632  0.879646  0  0
17.2632  0.911062  0  0
17.2632  0.942478  0  0
17.2632  0.973894  0  0
17.2632  1.00531  0  0
17.2632  1.03673  0  0
17.2632  1.06814  0  0
17.2632  1.09956  0  0
17.2632  1.13097  0  0
17.2632  1.16239  0  0
17.2632  1.19381  25.036  14.5957
17.2632  1.22522  9.37705  9.24593
17.2632  1.25664  14.6143  11.3436
17.2632  1.28805  8.50532  14.1375
17.2632  1.31947  8.63985  13.4594
17.2632  1.35088  14.1509  17.2919
17.2632  1.3823  11.3144  11.7705
17.2632  1.41372  9.14524  13.3954
17.2632  1.44513  11.7996  12.2643
17.2632  1.47655  23.0878  20.4616
17.2632  1.50796  11.1005  12.1401
17.2632  1.53938  16.8095  14.5787
17.2632  1.5708  22.8891  22.8822
17.2632  1.60221  18.3637  18.2082
17.2632  1.63363  9.63963  14.649
17.2632  1.66504  21.0689  11.3904
17.2632  1.69646  13.1511  12.9942
17.2632  1.72788  11.4247  11.7291
17.2632  1.75929  10.9423  11.3899
17.2632  1.79071  13.1545  13.5251
17.2632  1.82212  10.3037  15.6103
17.2632  1.85354  13.0945  13.9009
17.2632  1.88496  15.9497  13.932
17.2632  1.91637  16.1724  9.02822
17.2632  1.94779  0  0
17.2632  1.9792  0  0
17.2632  2.01062  0  0
17.2632  2.04204  0  0
17.2632  2.07345  0  0
17.2632  2.10487  0.242215  2.33809
17.2632  2.13628  0  0
17.2632  2.1677  0  0
17.2632  2.19911  0  0
17.2632  2.23053  0  0
17.2632  2.26195  0  0
17.2632  2.29336  0  0
17.2632  2.32478  0  0
17.2632  2.35619  0  0
17.2632  2.38761  0  0
17.2632  2.41903  0  0
17.2632  2.45044  0  0
17.2632  2.48186  0  0
17.2632  2.51327  0  0
17.2632  2.54469  0  0
17.2632  2.57611  0  0
17.2632  2.60752  0  0
17.2632  2.63894  0  0
17.2632  2.67035  0  0
17.2632  2.70177  0  0
17.2632  2.73319  0  0
17.2632  2.7646  0  0
17.2632  2.79602  0  0
17.2632  2.82743  0  0
17.2632  2.85885  0  0
17.2632  2.89027  0  0
17.2632  2.92168  0  0
17.2632  2.9531  0  0
17.2632  2.98451  0  0
17.2632  3.01593  0  0
17.2632  3.04734  0  0
17.2632  3.07876  0  0
17.2632  3.11018  0  0
17.4013  0  0  0
17.4013  0.0314159  0  0
17.4013  0.0628319  0  0
17.4013  0.0942478  0  0
17.4013  0.125664  0  0
17.4013  0.15708  0  0
17.4013  0.188496  0  0
17.4013  0.219911  0  0
17.4013  0.251327  0  0
17.4013  0.282743  0  0
17.4013  0.314159  0  0
17.4013  0.345575  0  0
17.4013  0.376991  0  0
17.4013  0.408407  0  0
17.4013  0.439823  0  0
17.4013  0.471239  0  0
17.4013  0.502655  0  0
17.4013  0.534071  0  0
17.4013  0.565487  0  0
17.4013  0.596903  0  0
17.4013  0.628319  0  0
17.4013  0.659734  0  0
17.4013  0.69115  0  0
17.4013  0.722566  0  0
17.4013  0.753982  0  0
17.4013  0.785398  0  0
17.4013  0.816814  0  0
17.4013  0.84823  0  0
17.4013  0.879646  0  0
17.4013  0.911062  0  0
17.4013  0.942478  0  0
17.4013  0.973894  0  0
17.4013  1.00531  0  0
17.4013  1.03673  0  0
17.4013  1.06814  0  0
17.4013  1.09956  0  0
17.4013  1.13097  2.69214  12.3389
17.4013  1.16239  27.6184  21.4086
17.4013  1.19381  22.2569  11.1942
17.4013  1.22522  26.1634  17.1113
17.4013  1.25664  8.61166  13.7948
17.4013  1.28805  9.71783  16.4618
17.4013  1.31947  14.2225  14.8058
17.4013  1.35088  7.74414  13.2935
17.4013  1.3823  23.796  23.3713
17.4013  1.41372  19.6557  19.6535
17.4013  1.44513  11.5821  15.9864
17.4013  1.47655  13.6416  14.9211
17.4013  1.50796  18.5088  13.8379
17.4013  1.53938  14.1481  10.6483
17.4013  1.5708  13.4865  11.5873
17.4013  1.60221  7.72433  13.8805
17.4013  1.63363  19.8731  10.6735
17.4013  1.66504  13.1087  13.1465
17.4013  1.69646  2.01248  0.448181
17.4013  1.72788  14.1307  11.6528
17.4013  1.75929  12.3407  13.5469
17.4013  1.79071  10.2647  16.221
17.4013  1.82212  9.04601  16.1251
17.4013  1.85354  10.9714  17.1405
17.4013  1.88496  10.4801  13.0154
17.4013  1.91637  14.3213  17.4563
17.4013  1.94779  13.2833  10.3574
17.4013  1.9792  0.412989  3.03046
17.4013  2.01062  0  0
17.4013  2.04204  0  0
17.4013  2.07345  0  0
17.4013  2.10487  0  0
17.4013  2.13628  0  0
17.4013  2.1677  0  0
17.4013  2.19911  0  0
17.4013  2.23053  0  0
17.4013  2.26195  0  0
17.4013  2.29336  0  0
17.4013  2.32478  0  0
17.4013  2.35619  0  0
17.4013  2.38761  0  0
17.4013  2.41903  0  0
17.4013  2.45044  0  0
17.4013  2.48186  0  0
17.4013  2.51327  0  0
17.4013  2.54469  0  0
17.4013  2.57611  0  0
17.4013  2.60752  0  0
17.4013  2.63894  0  0
17.4013  2.67035  0  0
17.4013  2.70177  0  0
17.4013  2.73319  0  0
17.4013  2.7646  0  0
17.4013  2.79602  0  0
17.4013  2.82743  0  0
17.4013  2.85885  0  0
17.4013  2.89027  0  0
17.4013  2.92168  0  0
17.4013  2.9531  0  0
17.4013  2.98451  0  0
17.4013  3.01593  0  0
17.4013  3.04734  0  0
17.4013  3.07876  0  0
17.4013  3.11018  0  0
17.5395  0  0  0
17.5395  0.0314159  0  0
17.5395  0.0628319  0  0
17.5395  0.0942478  0  0
17.5395  0.125664  0  0
17.5395  0.15708  0  0
17.5395  0.188496  0  0
17.5395  0.219911  0  0
17.5395  0.251327  0  0
17.5395  0.282743  0  0
17.5395  0.314159  0  0
17.5395  0.345575  0  0
17.5395  0.376991  0  0
17.5395  0.408407  0  0
17.5395  0.439823  0  0
17.5395  0.471239  0  0
17.5395  0.502655  0  0
17.5395  0.534071  0  0
17.5395  0.565487  0  0
17.5395  0.596903  0  0
17.5395  0.628319  0  0
17.5395  0.659734  0  0
17.5395  0.69115  0  0
17.5395  0.722566  0  0
17.5395  0.753982  0  0
17.5395  0.785398  0  0
17.5395  0.816814  0  0
17.5395  0.84823  0  0
17.5395  0.879646  0  0
17.5395  0.911062  0  0
17.5395  0.942478  0  0
17.5395  0.973894  0  0
17.5395  1.00531  0  0
17.5395  1.03673  0  0
17.5395  1.06814  0  0
17.5395  1.09956  0  0
17.5395  1.13097  24.6722  20.0344
17.5395  1.16239  14.6417  16.1595
17.5395  1.19381  16.0115  19.4381
17.5395  1.22522  17.8367  9.13073
17.5395  1.25664  26.767  26.0331
17.5395  1.28805  10.8837  11.8673
17.5395  1.31947  18.528  15.5802
17.5395  1.35088  20.4848  14.6037
17.5395  1.3823  6.03663  6.12733
17.5395  1.41372  10.3757  12.6161
17.5395  1.44513  11.4875  12.6081
17.5395  1.47655  10.3193  13.719
17.5395  1.50796  11.1204  10.2577
17.5395  1.53938  11.6072  9.10819
17.5395  1.5708  20.6277  20.1092
17.5395  1.60221  7.18035  12.4513
17.5395  1.63363  7.66412  7.46626
17.5395  1.66504  19.0612  13.6146
17.5395  1.69646  8.82503  12.9617
17.5395  1.72788  9.73302  15.4415
17.5395  1.75929  12.5608  14.9532
17.5395  1.79071  9.24268  14.8087
17.5395  1.82212  18.4547  14.9547
17.5395  1.85354  20.2056  20.12
17.5395  1.88496  11.746  12.2715
17.5395  1.91637  7.88026  13.8839
17.5395  1.94779  16.3745  15.178
17.5395  1.9792  21.142  10.7309
17.5395  2.01062  0  0
17.5395  2.04204  0  0
17.5395  2.07345  0  0
17.5395  2.10487  0  0
17.5395  2.13628  0  0
17.5395  2.1677  0  0
17.5395  2.19911  0  0
17.5395  2.23053  0  0
17.5395  2.26195  0  0
17.5395  2.29336  0  0
17.5395  2.32478  0  0
17.5395  2.35619  0  0
17.5395  2.38761  0  0
17.5395  2.41903  0  0
17.5395  2.45044  0  0
17.5395  2.48186  0  0
17.5395  2.51327  0  0
17.5395  2.54469  0  0
17.5395  2.57611  0  0
17.5395  2.60752  0  0
17.5395  2.63894  0  0
17.5395  2.67035  0  0
17.5395  2.70177  0  0
17.5395  2.73319  0  0
17.5395  2.7646  0  0
17.5395  2.79602  0  0
17.5395  2.82743  0  0
17.5395  2.85885  0  0
17.5395  2.89027  0  0
17.5395  2.92168  0  0
17.5395  2.9531  0  0
17.5395  2.98451  0  0
17.5395  3.01593  0  0
17.5395  3.04734  0  0
17.5395  3.07876  0  0
17.5395  3.11018  0  0
17.6776  0  0  0
17.6776  0.0314159  0  0
17.6776  0.0628319  0  0
17.6776  0.0942478  0  0
17.6776  0.125664  0  0
17.6776  0.15708  0  0
17.6776  0.188496  0  0
17.6776  0.219911  0  0
17.6776  0.251327  0  0
17.6776  0.282743  0  0
17.6776  0.314159  0  0
17.6776  0.345575  0  0
17.6776  0.376991  0  0
17.6776  0.408407  0  0
17.6776  0.439823  0  0
17.6776  0.471239  0  0
17.6776  0.502655  0  0
17.6776  0.534071  0  0
17.6776  0.565487  0  0
17.6776  0.596903  0  0
17.6776  0.628319  0  0
17.6776  0.659734  0  0
17.6776  0.69115  0  0
17.6776  0.722566  0  0
17.6776  0.753982  0  0
17.6776  0.785398  0  0
17.6776  0.816814  0  0
17.6776  0.84823  0  0
17.6776  0.879646  0  0
17.6776  0.911062  0  0
17.6776  0.942478  0  0
17.6776  0.973894  0  0
17.6776  1.00531  0  0
17.6776  1.03673  0  0
17.6776  1.06814  0  0
17.6776  1.09956  12.3529  12.1144
17.6776  1.13097  18.9428  18.9221
17.6776  1.16239  18.0973  12.9087
17.6776  1.19381  11.1331  15.4467
17.6776  1.22522  11.2412  14.5521
17.6776  1.25664  9.71795  15.4205
17.6776  1.28805  18.7492  18.3825
17.6776  1.31947  12.7032  12.0116
17.6776  1.35088  22.7465  13.5964
17.6776  1.3823  8.72178  15.232
17.6776  1.41372  16.1132  18.615
17.6776  1.44513  7.89219  13.647
17.6776  1.47655  17.9511  11.6443
17.6776  1.50796  9.21593  13.0116
17.6776  1.53938  9.03964  14.8948
17.6776  1.5708  9.17389  12.5227
17.6776  1.60221  8.91239  12.9692
17.6776  1.63363  8.80994  14.1401
17.6776  1.66504  11.9158  13.5826
17.6776  1.69646  10.8858  15.4807
17.6776  1.72788  10.6765  10.3566
17.6776  1.75929  20.6067  10.3189
17.6776  1.79071  7.1032  6.90428
17.6776  1.82212  12.154  11.8701
17.6776  1.85354  14.0965  13.5894
17.6776  1.88496  10.4308  12.1237
17.6776  1.91637  12.1724  14.4892
17.6776  1.94779  16.5517  20.8438
17.6776  1.9792  10.5859  10.3225
17.6776  2.01062  26.7217  13.9581
17.6776  2.04204  0  0
17.6776  2.07345  0  0
17.6776  2.10487  0  0
17.6776  2.13628  0  0
17.6776  2.1677  0  0
17.6776  2.19911  0  0
17.6776  2.23053  0  0
17.6776  2.26195  0  0
17.6776  2.29336  0  0
17.6776  2.32478  0  0
17.6776  2.35619  0  0
17.6776  2.38761  0  0
17.6776  2.41903  0  0
17.6776  2.45044  0  0
17.6776  2.48186  0  0
17.6776  2.51327  0  0
17.6776  2.54469  0  0
17.6776  2.57611  0  0
17.6776  2.60752  0  0
17.6776  2.63894  0  0
17.6776  2.67035  0  0
17.6776  2.70177  0  0
17.6776  2.73319  0  0
17.6776  2.7646  0  0
17.6776  2.79602  0  0
17.6776  2.82743  0  0
17.6776  2.85885  0  0
17.6776  2.89027  0  0
17.6776  2.92168  0  0
17.6776  2.9531  0  0
17.6776  2.98451  0  0
17.6776  3.01593  0  0
17.6776  3.04734  0  0
17.6776  3.07876  0  0
17.6776  3.11018  0  0
17.8158  0  0  0
17.8158  0.0314159  0  0
17.8158  0.0628319  0  0
17.8158  0.0942478  0  0
17.8158  0.125664  0  0
17.8158  0.15708  0  0
17.8158  0.188496  0  0
17.8158  0.219911  0  0
17.8158  0.251327  0  0
17.8158  0.282743  0  0
17.8158  0.314159  0  0
17.8158  0.345575  0  0
17.8158  0.376991  0  0
17.8158  0.408407  0  0
17.8158  0.439823  0  0
17.8158  0.471239  0  0
17.8158  0.502655  0  0
17.8158  0.534071  0  0
17.8158  0.565487  0  0
17.8158  0.596903  0  0
17.8158  0.628319  0  0
17.8158  0.659734  0  0
17.8158  0.69115  0  0
17.8158  0.722566  0  0
17.8158  0.753982  0  0
17.8158  0.785398  0  0
17.8158  0.816814  0  0
17.8158  0.84823  0  0
17.8158  0.879646  0  0
17.8158  0.911062  0  0
17.8158  0.942478  0  0
17.8158  0.973894  0  0
17.8158  1.00531  0.249868  2.27123
17.8158  1.03673  0  0
17.8158  1.06814  3.44312  25.2652
17.8158  1.09956  22.1587  17.0469
17.8158  1.13097  21.1955  12.5682
17.8158  1.16239  11.2506  16.9604
17.8158  1.19381  12.4425  12.0359
17.8158  1.22522  15.3174  18.0594
17.8158  1.25664  12.6567  13.9073
17.8158  1.28805  10.4375  11.1994
17.8158  1.31947  11.4598  12.0666
17.8158  1.35088  11.8855  10.6701
17.8158  1.3823  19.9895  14.6729
17.8158  1.41372  10.576  12.1509
17.8158  1.44513  12.3297  14.1963
17.8158  1.47655  19.3952  17.7648
17.8158  1.50796  9.99022  16.4181
17.8158  1.53938  14.9678  18.5026
17.8158  1.5708  8.2954  13.3872
17.8158  1.60221  11.8569  14.3593
17.8158  1.63363  10.333  11.8678
17.8158  1.66504  9.46441  14.9905
17.8158  1.69646  22.8441  14.5007
17.8158  1.72788  12.4391  16.004
17.8158  1.75929  9.36512  14.6559
17.8158  1.79071  12.5448  13.4571
17.8158  1.82212  21.426  16.9523
17.8158  1.85354  9.37747  13.7738
17.8158  1.88496  13.4541  14.929
17.8158  1.91637  11.7959  14.8892
17.8158  1.94779  20.4533  13.2325
17.8158  1.9792  13.0099  15.8948
17.8158  2.01062  14.6954  14.2698
17.8158  2.04204  12.4621  6.68209
17.8158  2.07345  0  0
17.8158  2.10487  0  0
17.8158  2.13628  0  0
17.8158  2.1677  0  0
17.8158  2.19911  0  0
17.8158  2.23053  0  0
17.8158  2.26195  0  0
17.8158  2.29336  0  0
17.8158  2.32478  0  0
17.8158  2.35619  0  0
17.8158  2.38761  0  0
17.8158  2.41903  0  0
17.8158  2.45044  0  0
17.8158  2.48186  0  0
17.8158  2.51327  0  0
17.8158  2.54469  0  0
17.8158  2.57611  0  0
17.8158  2.60752  0  0
17.8158  2.63894  0  0
17.8158  2.67035  0  0
17.8158  2.70177  0  0
17.8158  2.73319  0  0
17.8158  2.7646  0  0
17.8158  2.79602  0  0
17.8158  2.82743  0  0
17.8158  2.85885  0  0
17.8158  2.89027  0  0
17.8158  2.92168  0  0
17.8158  2.9531  0  0
17.8158  2.98451  0  0
17.8158  3.01593  0  0
17.8158  3.04734  0  0
17.8158  3.07876  0  0
17.8158  3.11018  0  0
17.9539  0  0  0
17.9539  0.0314159  0  0
17.9539  0.0628319  0  0
17.9539  0.0942478  0  0
17.9539  0.125664  0  0
17.9539  0.15708  0  0
17.9539  0.188496  0  0
17.9539  0.219911  0  0
17.9539  0.251327  0  0
17.9539  0.282743  0  0
17.9539  0.314159  0  0
17.9539  0.345575  0  0
17.9539  0.376991  0  0
17.9539  0.408407  0  0
17.9539  0.439823  0  0
17.9539  0.471239  0  0
17.9539  0.502655  0  0
17.9539  0.534071  0  0
17.9539  0.565487  0  0
17.9539  0.596903  0  0
17.9539  0.628319  0  0
17.9539  0.659734  0  0
17.9539  0.69115  0  0
17.9539  0.722566  0  0
17.9539  0.753982  0  0
17.9539  0.785398  0  0
17.9539  0.816814  0  0
17.9539  0.84823  0  0
17.9539  0.879646  0  0
17.9539  0.911062  0  0
17.9539  0.942478  0  0
17.9539  0.973894  0  0
17.9539  1.00531  0  0
17.9539  1.03673  25.4927  12.8011
17.9539  1.06814  14.979  12.4044
17.9539  1.09956  12.7812  11.4641
17.9539  1.13097  13.1639  13.8896
17.9539  1.16239  10.2817  15.5775
17.9539  1.19381  22.5764  21.9406
17.9539  1.22522  10.3056  11.3952
17.9539  1.25664  12.5846  12.0845
17.9539  1.28805  2.17742  0.294438
17.9539  1.31947  8.53807  9.33315
17.9539  1.35088  12.6583  11.7502
17.9539  1.3823  11.1799  16.2786
17.9539  1.41372  23.1182  17.4589
17.9539  1.44513  14.1391  16.9357
17.9539  1.47655  10.1135  14.9533
17.9539  1.50796  13.8337  10.4549
17.9539  1.53938  9.7199  16.334
17.9539  1.5708  9.65617  15.2206
17.9539  1.60221  15.2508  12.3318
17.9539  1.63363  9.31589  15.1614
17.9539  1.66504  11.8496  10.9947
17.9539  1.69646  10.5705  16.5787
17.9539  1.72788  21.5254  20.1837
17.9539  1.75929  10.8164  18.0263
17.9539  1.79071  18.9566  10.396
17.9539  1.82212  11.4663  11.5021
17.9539  1.85354  13.3175  12.9439
17.9539  1.88496  6.91644  12.5355
17.9539  1.91637  5.87242  4.70385
17.9539  1.94779  8.26138  8.19832
17.9539  1.9792  17.3699  16.6284
17.9539  2.01062  10.7316  15.4541
17.9539  2.04204  18.692  12.4588
17.9539  2.07345  0.509637  3.73965
17.9539  2.10487  0  0
17.9539  2.13628  0  0
17.9539  2.1677  0  0
17.9539  2.19911  0  0
17.9539  2.23053  0  0
17.9539  2.26195  0  0
17.9539  2.29336  0  0
17.9539  2.32478  0  0
17.9539  2.35619  0  0
17.9539  2.38761  0  0
17.9539  2.41903  0  0
17.9539  2.45044  0  0
17.9539  2.48186  0  0
17.9539  2.51327  0  0
17.9539  2.54469  0  0
17.9539  2.57611  0  0
17.9539  2.60752  0  0
17.9539  2.63894  0  0
17.9539  2.67035  0  0
17.9539  2.70177  0  0
17.9539  2.73319  0  0
17.9539  2.7646  0  0
17.9539  2.79602  0  0
17.9539  2.82743  0  0
17.9539  2.85885  0  0
17.9539  2.89027  0  0
17.9539  2.92168  0  0
17.9539  2.9531  0  0
17.9539  2.98451  0  0
17.9539  3.01593  0  0
17.9539  3.04734  0  0
17.9539  3.07876  0  0
17.9539  3.11018  0  0
18.0921  0  0  0
18.0921  0.0314159  0  0
18.0921  0.0628319  0  0
18.0921  0.0942478  0  0
18.0921  0.125664  0  0
18.0921  0.15708  0  0
18.0921  0.188496  0  0
18.0921  0.219911  0  0
18.0921  0.251327  0  0
18.0921  0.282743  0  0
18.0921  0.314159  0  0
18.0921  0.345575  0  0
18.0921  0.376991  0  0
18.0921  0.408407  0  0
18.0921  0.439823  0  0
18.0921  0.471239  0  0
18.0921  0.502655  0  0
18.0921  0.534071  0  0
18.0921  0.565487  0  0
18.0921  0.596903  0  0
18.0921  0.628319  0  0
18.0921  0.659734  0  0
18.0921  0.69115  0  0
18.0921  0.722566  0  0
18.0921  0.753982  0  0
18.0921  0.785398  0  0
18.0921  0.816814  0  0
18.0921  0.84823  0  0
18.0921  0.879646  0  0
18.0921  0.911062  0  0
18.0921  0.942478  0  0
18.0921  0.973894  0  0
18.0921  1.00531  0  0
18.0921  1.03673  18.2585  15.3592
18.0921  1.06814  11.8417  17.4043
18.0921  1.09956  14.6942  15.3853
18.0921  1.13097  13.2831  11.6567
18.0921  1.16239  18.0618  13.0658
18.0921  1.19381  8.21691  14.1107
18.0921  1.22522  12.8311  14.9068
18.0921  1.25664  10.7446  12.6523
18.0921  1.28805  10.777  17.6346
18.0921  1.31947  10.1315  9.72438
18.0921  1.35088  12.0597  14.8858
18.0921  1.3823  10.4366  10.7829
18.0921  1.41372  8.61556  14.2742
18.0921  1.44513  8.9969  13.4852
18.0921  1.47655  10.3597  15.6811
18.0921  1.50796  7.31839  7.59014
18.0921  1.53938  9.54643  12.3034
18.0921  1.5708  9.65298  13.5669
18.0921  1.60221  9.60985  16.6299
18.0921  1.63363  20.3595  13.8086
18.0921  1.66504  9.82546  13.1186
18.0921  1.69646  11.1635  12.1711
18.0921  1.72788  9.4618  16.1304
18.0921  1.75929  19.246  14.8717
18.0921  1.79071  9.50407  14.3962
18.0921  1.82212  7.96793  14.4633
18.0921  1.85354  8.35528  13.9522
18.0921  1.88496  23.6711  12.0066
18.0921  1.91637  8.96264  12.9397
18.0921  1.94779  14.1621  14.9709
18.0921  1.9792  7.9107  8.38381
18.0921  2.01062  14.8538  16.6144
18.0921  2.04204  8.74583  15.4796
18.0921  2.07345  13.2981  13.2683
18.0921  2.10487  0  0
18.0921  2.13628  0  0
18.0921  2.1677  0  0
18.0921  2.19911  0  0
18.0921  2.23053  0  0
18.0921  2.26195  0  0
18.0921  2.29336  0  0
18.0921  2.32478  0  0
18.0921  2.35619  0  0
18.0921  2.38761  0  0
18.0921  2.41903  0  0
18.0921  2.45044  0  0
18.0921  2.48186  0  0
18.0921  2.51327  0  0
18.0921  2.54469  0  0
18.0921  2.57611  0  0
18.0921  2.60752  0  0
18.0921  2.63894  0  0
18.0921  2.67035  0  0
18.0921  2.70177  0  0
18.0921  2.73319  0  0
18.0921  2.7646  0  0
18.0921  2.79602  0  0
18.0921  2.82743  0  0
18.0921  2.85885  0  0
18.0921  2.89027  0  0
18.0921  2.92168  0  0
18.0921  2.9531  0  0
18.0921  2.98451  0  0
18.0921  3.01593  0  0
18.0921  3.04734  0  0
18.0921  3.07876  0  0
18.0921  3.11018  0  0
18.2303  0  0  0
18.2303  0.0314159  0  0
18.2303  0.0628319  0  0
18.2303  0.0942478  0  0
18.2303  0.125664  0  0
18.2303  0.15708  0  0
18.2303  0.188496  0  0
18.2303  0.219911  0  0
18.2303  0.251327  0  0
18.2303  0.282743  0  0
18.2303  0.314159  0  0
18.2303  0.345575  0  0
18.2303  0.376991  0  0
18.2303  0.408407  0  0
18.2303  0.439823  0  0
18.2303  0.471239  0  0
18.2303  0.502655  0  0
18.2303  0.534071  0  0
18.2303  0.565487  0  0
18.2303  0.596903  0  0
18.2303  0.628319  0  0
18.2303  0.659734  0  0
18.2303  0.69115  0  0
18.2303  0.722566  0  0
18.2303  0.753982  0  0
18.2303  0.785398  0  0
18.2303  0.816814  0  0
18.2303  0.84823  0  0
18.2303  0.879646  0  0
18.2303  0.911062  0  0
18.2303  0.942478  0  0
18.2303  0.973894  0  0
18.2303  1.00531  2.66355  19.5447
18.2303  1.03673  13.5563  12.052
18.2303  1.06814  16.7124  18.2819
18.2303  1.09956  11.2631  17.043
18.2303  1.13097  11.9599  15.5308
18.2303  1.16239  14.0911  13.3663
18.2303  1.19381  22.6658  21.5384
18.2303  1.22522  11.1583  15.3269
18.2303  1.25664  14.7867  12.2919
18.2303  1.28805  20.7407  21.1421
18.2303  1.31947  8.88643  13.2519
18.2303  1.35088  11.6738  16.2724
18.2303  1.3823  11.8743  12.3524
18.2303  1.41372  10.0468  15.4792
18.2303  1.44513  13.1648  13.4858
18.2303  1.47655  8.87612  13.6332
18.2303  1.50796  8.64707  14.6554
18.2303  1.53938  21.6176  11.0774
18.2303  1.5708  20.2019  13.5835
18.2303  1.60221  16.0139  13.6354
18.2303  1.63363  13.9361  15.1547
18.2303  1.66504  18.3341  17.3984
18.2303  1.69646  11.6416  14.9144
18.2303  1.72788  7.55651  13.3154
18.2303  1.75929  7.35047  7.49723
18.2303  1.79071  12.3009  11.9865
18.2303  1.82212  22.6018  17.5598
18.2303  1.85354  7.69447  14.2575
18.2303  1.88496  11.4737  12.0741
18.2303  1.91637  10.5031  13.4197
18.2303  1.94779  11.0527  13.9292
18.2303  1.9792  20.2776  19.6684
18.2303  2.01062  8.99122  9.34296
18.2303  2.04204  20.2627  20.2387
18.2303  2.07345  24.3291  16.9882
18.2303  2.10487  7.61097  16.2559
18.2303  2.13628  0  0
18.2303  2.1677  0  0
18.2303  2.19911  0  0
18.2303  2.23053  0  0
18.2303  2.26195  0  0
18.2303  2.29336  0  0
18.2303  2.32478  0  0
18.2303  2.35619  0  0
18.2303  2.38761  0  0
18.2303  2.41903  0  0
18.2303  2.45044  0  0
18.2303  2.48186  0  0
18.2303  2.51327  0  0
18.2303  2.54469  0  0
18.2303  2.57611  0  0
18.2303  2.60752  0  0
18.2303  2.63894  0  0
18.2303  2.67035  0  0
18.2303  2.70177  0  0
18.2303  2.73319  0  0
18.2303  2.7646  0  0
18.2303  2.79602  0  0
18.2303  2.82743  0  0
18.2303  2.85885  0  0
18.2303  2.89027  0  0
18.2303  2.92168  0  0
18.2303  2.9531  0  0
18.2303  2.98451  0  0
18.2303  3.01593  0  0
18.2303  3.04734  0  0
18.2303  3.07876  0  0
18.2303  3.11018  0  0
18.3684  0  0  0
18.3684  0.0314159  0  0
18.3684  0.0628319  0  0
18.3684  0.0942478  0  0
18.3684  0.125664  0  0
18.3684  0.15708  0  0
18.3684  0.188496  0  0
18.3684  0.219911  0  0
18.3684  0.251327  0  0
18.3684  0.282743  0  0
18.3684  0.314159  0  0
18.3684  0.345575  0  0
18.3684  0.376991  0  0
18.3684  0.408407  0  0
18.3684  0.439823  0  0
18.3684  0.471239  0  0
18.3684  0.502655  0  0
18.3684  0.534071  0  0
18.3684  0.565487  0  0
18.3684  0.596903  0  0
18.3684  0.628319  0  0
18.3684  0.659734  0  0
18.3684  0.69115  0  0
18.3684  0.722566  0  0
18.3684  0.753982  0  0
18.3684  0.785398  0  0
18.3684  0.816814  0  0
18.3684  0.84823  0  0
18.3684  0.879646  0  0
18.3684  0.911062  0  0
18.3684  0.942478  0  0
18.3684  0.973894  2.08498  15.2993
18.3684  1.00531  9.48203  11.3511
18.3684  1.03673  9.26391  9.26848
18.3684  1.06814  8.82979  14.5052
18.3684  1.09956  17.943  15.948
18.3684  1.13097  12.153  13.4766
18.3684  1.16239  23.1831  11.6139
18.3684  1.19381  20.76  20.6829
18.3684  1.22522  10.6617  11.6323
18.3684  1.25664  8.46355  13.1851
18.3684  1.28805  11.4655  16.7412
18.3684  1.31947  10.8035  12.2053
18.3684  1.35088  7.7102  13.478
18.3684  1.3823  19.272  12.051
18.3684  1.41372  13.5382  15.0384
18.3684  1.44513  20.3637  15.7281
18.3684  1.47655  19.713  16.2789
18.3684  1.50796  18.4332  9.35047
18.3684  1.53938  9.16087  14.4676
18.3684  1.5708  10.7081  16.6324
18.3684  1.60221  19.924  19.4873
18.3684  1.63363  18.5503  12.8323
18.3684  1.66504  10.147  17.1091
18.3684  1.69646  11.4389  11.6701
18.3684  1.72788  8.72912  13.6823
18.3684  1.75929  9.67019  13.1575
18.3684  1.79071  13.296  12.0588
18.3684  1.82212  12.2104  11.0514
18.3684  1.85354  11.113  9.85627
18.3684  1.88496  13.7328  15.6188
18.3684  1.91637  8.29044  8.74346
18.3684  1.94779  9.75203  15.9381
18.3684  1.9792  20.0364  11.4062
18.3684  2.01062  13.6197  13.3006
18.3684  2.04204  10.788  16.1962
18.3684  2.07345  7.02771  6.4812
18.3684  2.10487  11.2251  17.8944
18.3684  2.13628  0.24429  1.70351
18.3684  2.1677  0  0
18.3684  2.19911  0  0
18.3684  2.23053  0  0
18.3684  2.26195  0  0
18.3684  2.29336  0  0
18.3684  2.32478  0  0
18.3684  2.35619  0  0
18.3684  2.38761  0  0
18.3684  2.41903  0  0
18.3684  2.45044  0  0
18.3684  2.48186  0  0
18.3684  2.51327  0  0
18.3684  2.54469  0  0
18.3684  2.57611  0  0
18.3684  2.60752  0  0
18.3684  2.63894  0  0
18.3684  2.67035  0  0
18.3684  2.70177  0  0
18.3684  2.73319  0  0
18.3684  2.7646  0  0
18.3684  2.79602  0  0
18.3684  2.82743  0  0
18.3684  2.85885  0  0
18.3684  2.89027  0  0
18.3684  2.92168  0  0
18.3684  2.9531  0  0
18.3684  2.98451  0  0
18.3684  3.01593  0  0
18.3684  3.04734  0  0
18.3684  3.07876  0  0
18.3684  3.11018  0  0
18.5066  0  0  0
18.5066  0.0314159  0  0
18.5066  0.0628319  0  0
18.5066  0.0942478  0  0
18.5066  0.125664  0  0
18.5066  0.15708  0  0
18.5066  0.188496  0  0
18.5066  0.219911  0  0
18.5066  0.251327  0  0
18.5066  0.282743  0  0
18.5066  0.314159  0  0
18.5066  0.345575  0  0
18.5066  0.376991  0  0
18.5066  0.408407  0  0
18.5066  0.439823  0  0
18.5066  0.471239  0  0
18.5066  0.502655  0  0
18.5066  0.534071  0  0
18.5066  0.565487  0  0
18.5066  0.596903  0  0
18.5066  0.628319  0  0
18.5066  0.659734  0  0
18.5066  0.69115  0  0
18.5066  0.722566  0  0
18.5066  0.753982  0  0
18.5066  0.785398  0  0
18.5066  0.816814  0  0
18.5066  0.84823  0  0
18.5066  0.879646  0  0
18.5066  0.911062  0  0
18.5066  0.942478  0  0
18.5066  0.973894  16.3301  11.3712
18.5066  1.00531  14.5492  12.9564
18.5066  1.03673  13.0692  13.3428
18.5066  1.06814  7.98892  8.25281
18.5066  1.09956  8.19654  14.4184
18.5066  1.13097  12.8472  13.4356
18.5066  1.16239  23.3827  21.8195
18.5066  1.19381  17.1738  11.7889
18.5066  1.22522  12.3738  18.7702
18.5066  1.25664  8.20024  13.8294
18.5066  1.28805  12.2449  11.6484
18.5066  1.31947  7.05124  6.82672
18.5066  1.35088  8.35111  12.4997
18.5066  1.3823  10.0642  12.0953
18.5066  1.41372  9.30545  14.5779
18.5066  1.44513  22.5134  14.5251
18.5066  1.47655  7.54638  7.62228
18.5066  1.50796  3.86598  1.32789
18.5066  1.53938  9.44177  11.7512
18.5066  1.5708  8.93584  15.4161
18.5066  1.60221  9.28161  16.2801
18.5066  1.63363  12.5458  14.9791
18.5066  1.66504  8.83327  14.9432
18.5066  1.69646  19.4788  15.1114
18.5066  1.72788  23.1863  21.0869
18.5066  1.75929  11.1662  14.4364
18.5066  1.79071  11.716  12.5339
18.5066  1.82212  9.30832  14.0556
18.5066  1.85354  9.11145  15.2279
18.5066  1.88496  8.42145  14.1891
18.5066  1.91637  8.17275  13.6092
18.5066  1.94779  8.07671  8.42696
18.5066  1.9792  12.2456  16.7282
18.5066  2.01062  10.7961  12.9001
18.5066  2.04204  7.50861  6.59697
18.5066  2.07345  7.68845  7.51349
18.5066  2.10487  16.0022  10.3967
18.5066  2.13628  28.3219  14.8359
18.5066  2.1677  0.252586  1.8042
18.5066  2.19911  0  0
18.5066  2.23053  0  0
18.5066  2.26195  0  0
18.5066  2.29336  0  0
18.5066  2.32478  0  0
18.5066  2.35619  0  0
18.5066  2.38761  0  0
18.5066  2.41903  0  0
18.5066  2.45044  0  0
18.5066  2.48186  0  0
18.5066  2.51327  0  0
18.5066  2.54469  0  0
18.5066  2.57611  0  0
18.5066  2.60752  0  0
18.5066  2.63894  0  0
18.5066  2.67035  0  0
18.5066  2.70177  0  0
18.5066  2.73319  0  0
18.5066  2.7646  0  0
18.5066  2.79602  0  0
18.5066  2.82743  0  0
18.5066  2.85885  0  0
18.5066  2.89027  0  0
18.5066  2.92168  0  0
18.5066  2.9531  0  0
18.5066  2.98451  0  0
18.5066  3.01593  0  0
18.5066  3.04734  0  0
18.5066  3.07876  0  0
18.5066  3.11018  0  0
18.6447  0  0  0
18.6447  0.0314159  0  0
18.6447  0.0628319  0  0
18.6447  0.0942478  0  0
18.6447  0.125664  0  0
18.6447  0.15708  0  0
18.6447  0.188496  0  0
18.6447  0.219911  0  0
18.6447  0.251327  0  0
18.6447  0.282743  0  0
18.6447  0.314159  0  0
18.6447  0.345575  0  0
18.6447  0.376991  0  0
18.6447  0.408407  0  0
18.6447  0.439823  0  0
18.6447  0.471239  0  0
18.6447  0.502655  0  0
18.6447  0.534071  0  0
18.6447  0.565487  0  0
18.6447  0.596903  0  0
18.6447  0.628319  0  0
18.6447  0.659734  0  0
18.6447  0.69115  0  0
18.6447  0.722566  0  0
18.6447  0.753982  0  0
18.6447  0.785398  0  0
18.6447  0.816814  0  0
18.6447  0.84823  0  0
18.6447  0.879646  0  0
18.6447  0.911062  0  0
18.6447  0.942478  0.40846  2.99722
18.6447  0.973894  20.4303  19.7944
18.6447  1.00531  11.7265  17.2597
18.6447  1.03673  15.0567  15.4817
18.6447  1.06814  11.294  17.8799
18.6447  1.09956  10.544  15.4778
18.6447  1.13097  17.3186  18.692
18.6447  1.16239  6.43312  6.31785
18.6447  1.19381  9.73807  13.3439
18.6447  1.22522  10.0743  13.877
18.6447  1.25664  11.2549  9.8022
18.6447  1.28805  10.7636  14.3254
18.6447  1.31947  21.8439  21.2873
18.6447  1.35088  11.4348  13.1907
18.6447  1.3823  13.9386  15.724
18.6447  1.41372  15.4056  12.6307
18.6447  1.44513  21.35  12.1808
18.6447  1.47655  15.2759  15.0073
18.6447  1.50796  8.83796  15.1722
18.6447  1.53938  9.82131  11.3926
18.6447  1.5708  7.95351  12.7703
18.6447  1.60221  9.17062  15.1501
18.6447  1.63363  7.4972  13.871
18.6447  1.66504  10.2232  14.3069
18.6447  1.69646  8.91135  14.7148
18.6447  1.72788  11.1024  11.2058
18.6447  1.75929  23.432  17.3161
18.6447  1.79071  9.91331  15.9597
18.6447  1.82212  8.89018  14.9735
18.6447  1.85354  11.7073  12.3203
18.6447  1.88496  8.14615  8.32728
18.6447  1.91637  21.766  20.3953
18.6447  1.94779  8.32093  14.6969
18.6447  1.9792  11.9686  12.9154
18.6447  2.01062  19.0131  13.0603
18.6447  2.04204  9.65126  16.8327
18.6447  2.07345  11.4189  16.4228
18.6447  2.10487  15.7389  13.265
18.6447  2.13628  15.6312  13.3763
18.6447  2.1677  27.617  19.5671
18.6447  2.19911  0  0
18.6447  2.23053  0  0
18.6447  2.26195  0  0
18.6447  2.29336  0  0
18.6447  2.32478  0  0
18.6447  2.35619  0  0
18.6447  2.38761  0  0
18.6447  2.41903  0  0
18.6447  2.45044  0  0
18.6447  2.48186  0  0
18.6447  2.51327  0  0
18.6447  2.54469  0  0
18.6447  2.57611  0  0
18.6447  2.60752  0  0
18.6447  2.63894  0  0
18.6447  2.67035  0  0
18.6447  2.70177  0  0
18.6447  2.73319  0  0
18.6447  2.7646  0  0
18.6447  2.79602  0  0
18.6447  2.82743  0  0
18.6447  2.85885  0  0
18.6447  2.89027  0  0
18.6447  2.92168  0  0
18.6447  2.9531  0  0
18.6447  2.98451  0  0
18.6447  3.01593  0  0
18.6447  3.04734  0  0
18.6447  3.07876  0  0
18.6447  3.11018  0  0
18.7829  0  0  0
18.7829  0.0314159  0  0
18.7829  0.0628319  0  0
18.7829  0.0942478  0  0
18.7829  0.125664  0  0
18.7829  0.15708  0  0
18.7829  0.188496  0  0
18.7829  0.219911  0  0
18.7829  0.251327  0  0
18.7829  0.282743  0  0
18.7829  0.314159  0  0
18.7829  0.345575  0  0
18.7829  0.376991  0  0
18.7829  0.408407  0  0
18.7829  0.439823  0  0
18.7829  0.471239  0  0
18.7829  0.502655  0  0
18.7829  0.534071  0  0
18.7829  0.565487  0  0
18.7829  0.596903  0  0
18.7829  0.628319  0  0
18.7829  0.659734  0  0
18.7829  0.69115  0  0
18.7829  0.722566  0  0
18.7829  0.753982  0  0
18.7829  0.785398  0  0
18.7829  0.816814  0  0
18.7829  0.84823  0  0
18.7829  0.879646  0  0
18.7829  0.911062  0  0
18.7829  0.942478  21.4801  20.9106
18.7829  0.973894  22.4769  11.5841
18.7829  1.00531  8.88909  8.15146
18.7829  1.03673  14.6175  17.6047
18.7829  1.06814  13.9031  16.6538
18.7829  1.09956  7.56217  8.0457
18.7829  1.13097  10.6027  17.0755
18.7829  1.16239  15.6743  15.3619
18.7829  1.19381  8.88209  15.1796
18.7829  1.22522  11.8469  16.327
18.7829  1.25664  7.77353  13.653
18.7829  1.28805  9.44961  13.1017
18.7829  1.31947  20.177  15.5729
18.7829  1.35088  16.9602  14.3049
18.7829  1.3823  7.87881  13.6082
18.7829  1.41372  14.5511  11.9132
18.7829  1.44513  13.2202  12.2695
18.7829  1.47655  10.3657  15.5082
18.7829  1.50796  13.1477  14.9719
18.7829  1.53938  7.20398  7.60955
18.7829  1.5708  2.37416  0.56881
18.7829  1.60221  10.1546  14.8492
18.7829  1.63363  9.95402  13.057
18.7829  1.66504  22.8808  20.6358
18.7829  1.69646  11.0217  15.9628
18.7829  1.72788  19.7137  13.9367
18.7829  1.75929  17.4084  8.74452
18.7829  1.79071  10.8982  16.8395
18.7829  1.82212  18.0457  14.3827
18.7829  1.85354  9.47293  15.8709
18.7829  1.88496  20.497  10.255
18.7829  1.91637  9.09789  15.4648
18.7829  1.94779  12.674  13.5462
18.7829  1.9792  12.813  13.669
18.7829  2.01062  9.80438  14.6284
18.7829  2.04204  13.264  12.8019
18.7829  2.07345  10.6547  17.5911
18.7829  2.10487  9.04626  9.19839
18.7829  2.13628  9.6694  16.1534
18.7829  2.1677  30.5513  18.6272
18.7829  2.19911  0  0
18.7829  2.23053  0  0
18.7829  2.26195  0  0
18.7829  2.29336  0  0
18.7829  2.32478  0  0
18.7829  2.35619  0  0
18.7829  2.38761  0  0
18.7829  2.41903  0  0
18.7829  2.45044  0  0
18.7829  2.48186  0  0
18.7829  2.51327  0  0
18.7829  2.54469  0  0
18.7829  2.57611  0  0
18.7829  2.60752  0  0
18.7829  2.63894  0  0
18.7829  2.67035  0  0
18.7829  2.70177  0  0
18.7829  2.73319  0  0
18.7829  2.7646  0  0
18.7829  2.79602  0  0
18.7829  2.82743  0  0
18.7829  2.85885  0  0
18.7829  2.89027  0  0
18.7829  2.92168  0  0
18.7829  2.9531  0  0
18.7829  2.98451  0  0
18.7829  3.01593  0  0
18.7829  3.04734  0  0
18.7829  3.07876  0  0
18.7829  3.11018  0  0
18.9211  0  0  0
18.9211  0.0314159  0  0
18.9211  0.0628319  0  0
18.9211  0.0942478  0  0
18.9211  0.125664  0  0
18.9211  0.15708  0  0
18.9211  0.188496  0  0
18.9211  0.219911  0  0
18.9211  0.251327  0  0
18.9211  0.282743  0  0
18.9211  0.314159  0  0
18.9211  0.345575  0  0
18.9211  0.376991  0  0
18.9211  0.408407  0  0
18.9211  0.439823  0  0
18.9211  0.471239  0  0
18.9211  0.502655  0  0
18.9211  0.534071  0  0
18.9211  0.565487  0  0
18.9211  0.596903  0  0
18.9211  0.628319  0  0
18.9211  0.659734  0  0
18.9211  0.69115  0  0
18.9211  0.722566  0  0
18.9211  0.753982  0  0
18.9211  0.785398  0  0
18.9211  0.816814  0  0
18.9211  0.84823  0  0
18.9211  0.879646  0  0
18.9211  0.911062  3.03455  22.2671
18.9211  0.942478  16.7505  20.2913
18.9211  0.973894  9.37729  16.2156
18.9211  1.00531  26.5457  26.3104
18.9211  1.03673  14.2527  15.3981
18.9211  1.06814  7.64522  8.22497
18.9211  1.09956  11.1479  14.1827
18.9211  1.13097  12.5074  11.6211
18.9211  1.16239  23.1167  19.1574
18.9211  1.19381  20.4297  17.7037
18.9211  1.22522  7.24411  6.52613
18.9211  1.25664  16.8458  16.1754
18.9211  1.28805  10.5114  11.1104
18.9211  1.31947  14.5227  9.21611
18.9211  1.35088  19.2931  13.9149
18.9211  1.3823  18.5185  11.342
18.9211  1.41372  15.81  12.4933
18.9211  1.44513  11.9186  12.7515
18.9211  1.47655  7.61549  13.2239
18.9211  1.50796  12.3772  11.0023
18.9211  1.53938  15.7844  10.3764
18.9211  1.5708  13.1915  14.5426
18.9211  1.60221  10.5111  13.6171
18.9211  1.63363  11.3598  11.6556
18.9211  1.66504  8.26233  14.4477
18.9211  1.69646  11.293  12.2515
18.9211  1.72788  10.7963  13.9975
18.9211  1.75929  21.0572  10.8936
18.9211  1.79071  19.5542  9.91126
18.9211  1.82212  11.9118  13.0985
18.9211  1.85354  14.0814  16.1169
18.9211  1.88496  11.268  16.3282
18.9211  1.91637  12.5797  19.6816
18.9211  1.94779  10.8247  17.0176
18.9211  1.9792  9.34629  15.6297
18.9211  2.01062  11.2351  15.1513
18.9211  2.04204  16.342  13.541
18.9211  2.07345  10.3352  17.866
18.9211  2.10487  9.38369  16.5909
18.9211  2.13628  15.0456  15.2229
18.9211  2.1677  21.4952  17.7222
18.9211  2.19911  1.17752  8.64046
18.9211  2.23053  0.247329  2.30322
18.9211  2.26195  0  0
18.9211  2.29336  0  0
18.9211  2.32478  0  0
18.9211  2.35619  0  0
18.9211  2.38761  0  0
18.9211  2.41903  0  0
18.9211  2.45044  0  0
18.9211  2.48186  0  0
18.9211  2.51327  0  0
18.9211  2.54469  0  0
18.9211  2.57611  0  0
18.9211  2.60752  0  0
18.9211  2.63894  0  0
18.9211  2.67035  0  0
18.9211  2.70177  0  0
18.9211  2.73319  0  0
18.9211  2.7646  0  0
18.9211  2.79602  0  0
18.9211  2.82743  0  0
18.9211  2.85885  0  0
18.9211  2.89027  0  0
18.9211  2.92168  0  0
18.9211  2.9531  0  0
18.9211  2.98451  0  0
18.9211  3.01593  0  0
18.9211  3.04734  0  0
18.9211  3.07876  0  0
18.9211  3.11018  0  0
19.0592  0  0  0
19.0592  0.0314159  0  0
19.0592  0.0628319  0  0
19.0592  0.0942478  0  0
19.0592  0.125664  0  0
19.0592  0.15708  0  0
19.0592  0.188496  0  0
19.0592  0.219911  0  0
19.0592  0.251327  0  0
19.0592  0.282743  0  0
19.0592  0.314159  0  0
19.0592  0.345575  0  0
19.0592  0.376991  0  0
19.0592  0.408407  0  0
19.0592  0.439823  0  0
19.0592  0.471239  0  0
19.0592  0.502655  0  0
19.0592  0.534071  0  0
19.0592  0.565487  0  0
19.0592  0.596903  0  0
19.0592  0.628319  0  0
19.0592  0.659734  0  0
19.0592  0.69115  0  0
19.0592  0.722566  0  0
19.0592  0.753982  0  0
19.0592  0.785398  0  0
19.0592  0.816814  0  0
19.0592  0.84823  0  0
19.0592  0.879646  0  0
19.0592  0.911062  26.2546  24.9243
19.0592  0.942478  12.3151  15.0453
19.0592  0.973894  9.13067  15.3802
19.0592  1.00531  13.6308  16.4603
19.0592  1.03673  25.2307  22.4688
19.0592  1.06814  7.67864  6.56535
19.0592  1.09956  8.70733  16.2829
19.0592  1.13097  18.5472  18.6079
19.0592  1.16239  9.02443  14.8793
19.0592  1.19381  13.054  13.0986
19.0592  1.22522  8.99681  15.2896
19.0592  1.25664  11.5578  12.4997
19.0592  1.28805  7.95598  14.481
19.0592  1.31947  11.1024  14.1554
19.0592  1.35088  8.80427  12.7817
19.0592  1.3823  10.5333  14.1566
19.0592  1.41372  17.4865  10.428
19.0592  1.44513  7.69038  13.5063
19.0592  1.47655  15.0055  13.4746
19.0592  1.50796  8.34221  14.5944
19.0592  1.53938  7.9254  8.08776
19.0592  1.5708  21.0173  20.6627
19.0592  1.60221  9.56699  12.0835
19.0592  1.63363  10.1334  15.1846
19.0592  1.66504  9.77562  15.3497
19.0592  1.69646  17.2542  17.8576
19.0592  1.72788  10.7232  14.0282
19.0592  1.75929  22.2966  21.4767
19.0592  1.79071  10.6766  17.2365
19.0592  1.82212  12.368  10.9051
19.0592  1.85354  16.3684  11.0479
19.0592  1.88496  12.6849  13.5989
19.0592  1.91637  12.1278  17.7027
19.0592  1.94779  13.8835  14.9824
19.0592  1.9792  10.6549  16.3851
19.0592  2.01062  11.689  13.1775
19.0592  2.04204  13.7397  16.7505
19.0592  2.07345  16.3009  13.5332
19.0592  2.10487  18.2658  17.176
19.0592  2.13628  14.8646  20.2269
19.0592  2.1677  12.5961  18.5102
19.0592  2.19911  27.4973  26.7458
19.0592  2.23053  2.37365  17.4175
19.0592  2.26195  0  0
19.0592  2.29336  0  0
19.0592  2.32478  0  0
19.0592  2.35619  0  0
19.0592  2.38761  0  0
19.0592  2.41903  0  0
19.0592  2.45044  0  0
19.0592  2.48186  0  0
19.0592  2.51327  0  0
19.0592  2.54469  0  0
19.0592  2.57611  0  0
19.0592  2.60752  0  0
19.0592  2.63894  0  0
19.0592  2.67035  0  0
19.0592  2.70177  0  0
19.0592  2.73319  0  0
19.0592  2.7646  0  0
19.0592  2.79602  0  0
19.0592  2.82743  0  0
19.0592  2.85885  0  0
19.0592  2.89027  0  0
19.0592  2.92168  0  0
19.0592  2.9531  0  0
19.0592  2.98451  0  0
19.0592  3.01593  0  0
19.0592  3.04734  0  0
19.0592  3.07876  0  0
19.0592  3.11018  0  0
19.1974  0  0  0
19.1974  0.0314159  0  0
19.1974  0.0628319  0  0
19.1974  0.0942478  0  0
19.1974  0.125664  0  0
19.1974  0.15708  0  0
19.1974  0.188496  0  0
19.1974  0.219911  0  0
19.1974  0.251327  0  0
19.1974  0.282743  0  0
19.1974  0.314159  0  0
19.1974  0.345575  0  0
19.1974  0.376991  0  0
19.1974  0.408407  0  0
19.1974  0.439823  0  0
19.1974  0.471239  0  0
19.1974  0.502655  0  0
19.1974  0.534071  0  0
19.1974  0.565487  0  0
19.1974  0.596903  0  0
19.1974  0.628319  0  0
19.1974  0.659734  0  0
19.1974  0.69115  0  0
19.1974  0.722566  0  0
19.1974  0.753982  0  0
19.1974  0.785398  0  0
19.1974  0.816814  0  0
19.1974  0.84823  0  0
19.1974  0.879646  18.0065  14.0677
19.1974  0.911062  8.00615  13.4352
19.1974  0.942478  9.73388  16.6792
19.1974  0.973894  11.0619  17.1927
19.1974  1.00531  11.9067  18.7711
19.1974  1.03673  9.83964  15.6717
19.1974  1.06814  8.27676  9.11546
19.1974  1.09956  9.79888  14.991
19.1974  1.13097  10.4527  15.1392
19.1974  1.16239  10.0772  16.1335
19.1974  1.19381  7.65971  13.6078
19.1974  1.22522  9.76418  10.2577
19.1974  1.25664  10.0899  15.759
19.1974  1.28805  11.4416  14.5389
19.1974  1.31947  8.07197  13.8794
19.1974  1.35088  12.373  13.4867
19.1974  1.3823  9.81632  10.5205
19.1974  1.41372  7.43777  13.0951
19.1974  1.44513  12.1547  12.5854
19.1974  1.47655  9.32326  14.8049
19.1974  1.50796  9.02622  13.1003
19.1974  1.53938  142.086  164.636
19.1974  1.5708  15.2294  12.1741
19.1974  1.60221  9.57826  14.4044
19.1974  1.63363  13.1957  14.7555
19.1974  1.66504  11.9465  15.5177
19.1974  1.69646  23.4176  17.0093
19.1974  1.72788  13.1281  14.4336
19.1974  1.75929  21.163  10.6001
19.1974  1.79071  22.8833  21.8058
19.1974  1.82212  7.46039  14.1893
19.1974  1.85354  8.74684  15.2928
19.1974  1.88496  10.7521  13.2649
19.1974  1.91637  19.5082  11.2876
19.1974  1.94779  22.9795  11.5314
19.1974  1.9792  10.564  10.484
19.1974  2.01062  11.3715  16.2667
19.1974  2.04204  23.3676  21.9139
19.1974  2.07345  12.5093  19.0874
19.1974  2.10487  25.0807  17.267
19.1974  2.13628  13.1936  17.8058
19.1974  2.1677  7.20662  4.7698
19.1974  2.19911  14.0996  17.2226
19.1974  2.23053  19.163  11.449
19.1974  2.26195  0  0
19.1974  2.29336  0  0
19.1974  2.32478  0  0
19.1974  2.35619  0  0
19.1974  2.38761  0  0
19.1974  2.41903  0  0
19.1974  2.45044  0  0
19.1974  2.48186  0  0
19.1974  2.51327  0  0
19.1974  2.54469  0  0
19.1974  2.57611  0  0
19.1974  2.60752  0  0
19.1974  2.63894  0  0
19.1974  2.67035  0  0
19.1974  2.70177  0  0
19.1974  2.73319  0  0
19.1974  2.7646  0  0
19.1974  2.79602  0  0
19.1974  2.82743  0  0
19.1974  2.85885  0  0
19.1974  2.89027  0  0
19.1974  2.92168  0  0
19.1974  2.9531  0  0
19.1974  2.98451  0  0
19.1974  3.01593  0  0
19.1974  3.04734  0  0
19.1974  3.07876  0  0
19.1974  3.11018  0  0
19.3355  0  0  0
19.3355  0.0314159  0  0
19.3355  0.0628319  0  0
19.3355  0.0942478  0  0
19.3355  0.125664  0  0
19.3355  0.15708  0  0
19.3355  0.188496  0  0
19.3355  0.219911  0  0
19.3355  0.251327  0  0
19.3355  0.282743  0  0
19.3355  0.314159  0  0
19.3355  0.345575  0  0
19.3355  0.376991  0  0
19.3355  0.408407  0  0
19.3355  0.439823  0  0
19.3355  0.471239  0  0
19.3355  0.502655  0  0
19.3355  0.534071  0  0
19.3355  0.565487  0  0
19.3355  0.596903  0  0
19.3355  0.628319  0  0
19.3355  0.659734  0  0
19.3355  0.69115  0  0
19.3355  0.722566  0  0
19.3355  0.753982  0  0
19.3355  0.785398  0  0
19.3355  0.816814  0  0
19.3355  0.84823  2.08331  15.2871
19.3355  0.879646  20.496  13.2831
19.3355  0.911062  9.44236  15.8007
19.3355  0.942478  10.6969  10.1922
19.3355  0.973894  21.897  10.9928
19.3355  1.00531  22.5902  21.3749
19.3355  1.03673  10.0229  17.0396
19.3355  1.06814  16.7398  12.4963
19.3355  1.09956  14.0288  13.9987
19.3355  1.13097  13.2758  17.9142
19.3355  1.16239  9.47815  15.6858
19.3355  1.19381  21.6927  10.8693
19.3355  1.22522  6.5338  11.101
19.3355  1.25664  15.0359  13.8344
19.3355  1.28805  9.81958  13.7051
19.3355  1.31947  9.22491  14.6758
19.3355  1.35088  8.40628  14.4184
19.3355  1.3823  9.25763  13.5088
19.3355  1.41372  6.96157  12.669
19.3355  1.44513  13.4944  12.3896
19.3355  1.47655  9.70504  16.4893
19.3355  1.50796  18.2721  9.13637
19.3355  1.53938  11.3131  12.807
19.3355  1.5708  10.2087  11.3707
19.3355  1.60221  8.33799  10.7198
19.3355  1.63363  7.06643  12.5873
19.3355  1.66504  222.01  120.601
19.3355  1.69646  12.9049  11.1708
19.3355  1.72788  12.1115  13.6822
19.3355  1.75929  12.0715  12.3747
19.3355  1.79071  10.2562  16.4335
19.3355  1.82212  14.2388  13.8282
19.3355  1.85354  12.7077  12.4313
19.3355  1.88496  13.2242  13.3844
19.3355  1.91637  10.547  13.022
19.3355  1.94779  10.1721  12.9863
19.3355  1.9792  7.58394  13.4206
19.3355  2.01062  8.90701  17.0047
19.3355  2.04204  9.06229  9.39046
19.3355  2.07345  11.5711  16.2021
19.3355  2.10487  9.11136  15.9918
19.3355  2.13628  12.5492  17.3395
19.3355  2.1677  7.93991  7.39756
19.3355  2.19911  11.7174  17.0227
19.3355  2.23053  19.8596  14.8854
19.3355  2.26195  0  0
19.3355  2.29336  0  0
19.3355  2.32478  0  0
19.3355  2.35619  0  0
19.3355  2.38761  0  0
19.3355  2.41903  0  0
19.3355  2.45044  0  0
19.3355  2.48186  0  0
19.3355  2.51327  0  0
19.3355  2.54469  0  0
19.3355  2.57611  0  0
19.3355  2.60752  0  0
19.3355  2.63894  0  0
19.3355  2.67035  0  0
19.3355  2.70177  0  0
19.3355  2.73319  0  0
19.3355  2.7646  0  0
19.3355  2.79602  0  0
19.3355  2.82743  0  0
19.3355  2.85885  0  0
19.3355  2.89027  0  0
19.3355  2.92168  0  0
19.3355  2.9531  0  0
19.3355  2.98451  0  0
19.3355  3.01593  0  0
19.3355  3.04734  0  0
19.3355  3.07876  0  0
19.3355  3.11018  0  0
19.4737  0  0  0
19.4737  0.0314159  0  0
19.4737  0.0628319  0  0
19.4737  0.0942478  0  0
19.4737  0.125664  0  0
19.4737  0.15708  0  0
19.4737  0.188496  0  0
19.4737  0.219911  0  0
19.4737  0.251327  0  0
19.4737  0.282743  0  0
19.4737  0.314159  0  0
19.4737  0.345575  0  0
19.4737  0.376991  0  0
19.4737  0.408407  0  0
19.4737  0.439823  0  0
19.4737  0.471239  0  0
19.4737  0.502655  0  0
19.4737  0.534071  0  0
19.4737  0.565487  0  0
19.4737  0.596903  0  0
19.4737  0.628319  0  0
19.4737  0.659734  0  0
19.4737  0.69115  0  0
19.4737  0.722566  0  0
19.4737  0.753982  0  0
19.4737  0.785398  0  0
19.4737  0.816814  0  0
19.4737  0.84823  16.9707  8.57469
19.4737  0.879646  14.8809  13.5949
19.4737  0.911062  13.756  14.7123
19.4737  0.942478  2.07845  0.336891
19.4737  0.973894  7.6108  7.44308
19.4737  1.00531  13.4384  12.8377
19.4737  1.03673  14.9745  15.0487
19.4737  1.06814  9.85838  16.8155
19.4737  1.09956  12.7407  15.5658
19.4737  1.13097  11.9761  13.2498
19.4737  1.16239  11.8183  14.3084
19.4737  1.19381  7.15998  12.3176
19.4737  1.22522  11.311  15.179
19.4737  1.25664  15.0189  11.9949
19.4737  1.28805  10.6937  13.1178
19.4737  1.31947  9.84263  14.9524
19.4737  1.35088  10.7103  13.8318
19.4737  1.3823  8.31262  15.2684
19.4737  1.41372  11.999  11.5066
19.4737  1.44513  92.7322  48.6327
19.4737  1.47655  11.0246  11.5754
19.4737  1.50796  14.0434  15.1568
19.4737  1.53938  9.51014  8.85375
19.4737  1.5708  15.9041  13.4584
19.4737  1.60221  18.3765  18.0289
19.4737  1.63363  11.3173  17.0005
19.4737  1.66504  12.0564  11.7588
19.4737  1.69646  8.97182  12.7056
19.4737  1.72788  20.7161  20.0472
19.4737  1.75929  9.15716  15.2494
19.4737  1.79071  9.68758  14.4566
19.4737  1.82212  7.61603  8.30622
19.4737  1.85354  11.4061  13.9113
19.4737  1.88496  15.2431  15.498
19.4737  1.91637  9.68966  16.0894
19.4737  1.94779  22.706  22.2193
19.4737  1.9792  23.5614  12.1892
19.4737  2.01062  9.5993  16.0382
19.4737  2.04204  9.23678  15.9159
19.4737  2.07345  13.6583  11.7533
19.4737  2.10487  16.5519  14.4258
19.4737  2.13628  23.8456  14.6205
19.4737  2.1677  8.29903  6.6774
19.4737  2.19911  12.3427  20.0448
19.4737  2.23053  20.863  15.7999
19.4737  2.26195  5.06919  10.0336
19.4737  2.29336  0  0
19.4737  2.32478  0  0
19.4737  2.35619  0  0
19.4737  2.38761  0  0
19.4737  2.41903  0  0
19.4737  2.45044  0  0
19.4737  2.48186  0  0
19.4737  2.51327  0  0
19.4737  2.54469  0  0
19.4737  2.57611  0  0
19.4737  2.60752  0  0
19.4737  2.63894  0  0
19.4737  2.67035  0  0
19.4737  2.70177  0  0
19.4737  2.73319  0  0
19.4737  2.7646  0  0
19.4737  2.79602  0  0
19.4737  2.82743  0  0
19.4737  2.85885  0  0
19.4737  2.89027  0  0
19.4737  2.92168  0  0
19.4737  2.9531  0  0
19.4737  2.98451  0  0
19.4737  3.01593  0  0
19.4737  3.04734  0  0
19.4737  3.07876  0  0
19.4737  3.11018  0  0
19.6118  0  0  0
19.6118  0.0314159  0  0
19.6118  0.0628319  0  0
19.6118  0.0942478  0  0
19.6118  0.125664  0  0
19.6118  0.15708  0  0
19.6118  0.188496  0  0
19.6118  0.219911  0  0
19.6118  0.251327  0  0
19.6118  0.282743  0  0
19.6118  0.314159  0  0
19.6118  0.345575  0  0
19.6118  0.376991  0  0
19.6118  0.408407  0  0
19.6118  0.439823  0  0
19.6118  0.471239  0  0
19.6118  0.502655  0  0
19.6118  0.534071  0  0
19.6118  0.565487  0  0
19.6118  0.596903  0  0
19.6118  0.628319  0  0
19.6118  0.659734  0  0
19.6118  0.69115  0  0
19.6118  0.722566  0  0
19.6118  0.753982  0  0
19.6118  0.785398  0  0
19.6118  0.816814  0  0
19.6118  0.84823  25.7954  17.8324
19.6118  0.879646  12.3805  17.5116
19.6118  0.911062  12.209  19.1319
19.6118  0.942478  7.96702  13.8794
19.6118  0.973894  8.28838  12.8969
19.6118  1.00531  16.7683  18.5586
19.6118  1.03673  12.2319  17.8187
19.6118  1.06814  11.3475  12.4977
19.6118  1.09956  9.9334  16.6576
19.6118  1.13097  12.2925  12.7149
19.6118  1.16239  9.04752  12.8177
19.6118  1.19381  21.7734  12.0399
19.6118  1.22522  9.63842  16.3714
19.6118  1.25664  17.747  13.1788
19.6118  1.28805  9.20667  13.4453
19.6118  1.31947  7.26016  7.62157
19.6118  1.35088  18.2768  17.8516
19.6118  1.3823  12.127  15.1922
19.6118  1.41372  11.0999  14.3034
19.6118  1.44513  9.19287  12.1746
19.6118  1.47655  16.9735  9.26198
19.6118  1.50796  14.3327  13.6977
19.6118  1.53938  10.4595  14.7178
19.6118  1.5708  7.76552  12.3576
19.6118  1.60221  9.84668  17.0721
19.6118  1.63363  18.7511  15.1503
19.6118  1.66504  10.3309  11.1009
19.6118  1.69646  11.9497  10.7966
19.6118  1.72788  9.78319  14.7717
19.6118  1.75929  2.28361  0.850716
19.6118  1.79071  7.84625  13.5298
19.6118  1.82212  11.6194  12.9336
19.6118  1.85354  13.3164  16.3592
19.6118  1.88496  6.79621  6.34659
19.6118  1.91637  8.62182  9.12859
19.6118  1.94779  12.6931  13.4742
19.6118  1.9792  15.8502  17.4669
19.6118  2.01062  22.395  15.6495
19.6118  2.04204  16.919  14.7473
19.6118  2.07345  8.83132  7.35691
19.6118  2.10487  18.8105  14.885
19.6118  2.13628  13.9992  16.67
19.6118  2.1677  27.5768  19.0247
19.6118  2.19911  26.9081  20.9363
19.6118  2.23053  25.4913  20.8067
19.6118  2.26195  12.0579  19.3394
19.6118  2.29336  0.661247  4.85213
19.6118  2.32478  0  0
19.6118  2.35619  0  0
19.6118  2.38761  0  0
19.6118  2.41903  0  0
19.6118  2.45044  0  0
19.6118  2.48186  0  0
19.6118  2.51327  0  0
19.6118  2.54469  0  0
19.6118  2.57611  0  0
19.6118  2.60752  0  0
19.6118  2.63894  0  0
19.6118  2.67035  0  0
19.6118  2.70177  0  0
19.6118  2.73319  0  0
19.6118  2.7646  0  0
19.6118  2.79602  0  0
19.6118  2.82743  0  0
19.6118  2.85885  0  0
19.6118  2.89027  0  0
19.6118  2.92168  0  0
19.6118  2.9531  0  0
19.6118  2.98451  0  0
19.6118  3.01593  0  0
19.6118  3.04734  0  0
19.6118  3.07876  0  0
19.6118  3.11018  0  0
19.75  0  0  0
19.75  0.0314159  0  0
19.75  0.0628319  0  0
19.75  0.0942478  0  0
19.75  0.125664  0  0
19.75  0.15708  0  0
19.75  0.188496  0  0
19.75  0.219911  0  0
19.75  0.251327  0  0
19.75  0.282743  0  0
19.75  0.314159  0  0
19.75  0.345575  0  0
19.75  0.376991  0  0
19.75  0.408407  0  0
19.75  0.439823  0  0
19.75  0.471239  0  0
19.75  0.502655  0  0
19.75  0.534071  0  0
19.75  0.565487  0  0
19.75  0.596903  0  0
19.75  0.628319  0  0
19.75  0.659734  0  0
19.75  0.69115  0  0
19.75  0.722566  0  0
19.75  0.753982  0  0
19.75  0.785398  0  0
19.75  0.816814  32.9658  24.1501
19.75  0.84823  18.8858  13.3059
19.75  0.879646  10.2144  8.69472
19.75  0.911062  22.6468  16.3604
19.75  0.942478  11.3781  17.9815
19.75  0.973894  10.0734  17.4423
19.75  1.00531  10.4591  16.6695
19.75  1.03673  21.8096  17.4755
19.75  1.06814  11.0968  15.9823
19.75  1.09956  10.0184  14.4825
19.75  1.13097  10.4475  14.0871
19.75  1.16239  20.3195  12.9444
19.75  1.19381  9.32168  14.9301
19.75  1.22522  16.772  15.6334
19.75  1.25664  12.5961  12.2767
19.75  1.28805  10.9341  15.3298
19.75  1.31947  18.0186  19.3144
19.75  1.35088  9.07475  14.5594
19.75  1.3823  18.5083  12.9142
19.75  1.41372  8.25363  14.5328
19.75  1.44513  8.30873  13.769
19.75  1.47655  8.47507  14.2048
19.75  1.50796  20.1612  18.7747
19.75  1.53938  12.3473  11.1427
19.75  1.5708  10.8432  14.2819
19.75  1.60221  13.1593  16.0347
19.75  1.63363  7.94696  13.6038
19.75  1.66504  11.5973  11.7085
19.75  1.69646  17.4098  9.92622
19.75  1.72788  20.5853  15.5916
19.75  1.75929  14.6271  11.1282
19.75  1.79071  14.4156  16.4456
19.75  1.82212  21.3679  21.2927
19.75  1.85354  8.36064  14.1229
19.75  1.88496  11.6901  15.9186
19.75  1.91637  21.7833  14.4384
19.75  1.94779  9.6907  14.645
19.75  1.9792  11.725  11.6155
19.75  2.01062  14.3732  12.0574
19.75  2.04204  22.4966  19.5068
19.75  2.07345  8.21193  7.9415
19.75  2.10487  17.8167  18.3206
19.75  2.13628  10.8847  17.817
19.75  2.1677  13.1151  17.8965
19.75  2.19911  9.39943  9.91688
19.75  2.23053  11.7456  18.4253
19.75  2.26195  30.775  28.1164
19.75  2.29336  27.0238  14.5756
19.75  2.32478  0  0
19.75  2.35619  0  0
19.75  2.38761  0  0
19.75  2.41903  0  0
19.75  2.45044  0  0
19.75  2.48186  0  0
19.75  2.51327  0  0
19.75  2.54469  0  0
19.75  2.57611  0  0
19.75  2.60752  0  0
19.75  2.63894  0  0
19.75  2.67035  0  0
19.75  2.70177  0  0
19.75  2.73319  0  0
19.75  2.7646  0  0
19.75  2.79602  0  0
19.75  2.82743  0  0
19.75  2.85885  0  0
19.75  2.89027  0  0
19.75  2.92168  0  0
19.75  2.9531  0  0
19.75  2.98451  0  0
19.75  3.01593  0  0
19.75  3.04734  0  0
19.75  3.07876  0  0
19.75  3.11018  0  0
19.8882  0  0  0
19.8882  0.0314159  0  0
19.8882  0.0628319  0  0
19.8882  0.0942478  0  0
19.8882  0.125664  0  0
19.8882  0.15708  0  0
19.8882  0.188496  0  0
19.8882  0.219911  0  0
19.8882  0.251327  0  0
19.8882  0.282743  0  0
19.8882  0.314159  0  0
19.8882  0.345575  0  0
19.8882  0.376991  0  0
19.8882  0.408407  0  0
19.8882  0.439823  0  0
19.8882  0.471239  0  0
19.8882  0.502655  0  0
19.8882  0.534071  0  0
19.8882  0.565487  0  0
19.8882  0.596903  0  0
19.8882  0.628319  0  0
19.8882  0.659734  0  0
19.8882  0.69115  0  0
19.8882  0.722566  0  0
19.8882  0.753982  0  0
19.8882  0.785398  0  0
19.8882  0.816814  31.1143  21.5529
19.8882  0.84823  9.9124  17.8543
19.8882  0.879646  9.44203  16.1233
19.8882  0.911062  11.4076  18.7464
19.8882  0.942478  7.29506  5.82885
19.8882  0.973894  9.41939  15.9702
19.8882  1.00531  7.39472  7.3787
19.8882  1.03673  10.3415  16.8866
19.8882  1.06814  10.6366  15.6765
19.8882  1.09956  14.352  16.7137
19.8882  1.13097  24.4019  19.794
19.8882  1.16239  16.3414  14.5217
19.8882  1.19381  19.9924  10.4446
19.8882  1.22522  10.7379  10.79
19.8882  1.25664  14.6152  17.643
19.8882  1.28805  10.023  14.5875
19.8882  1.31947  8.96672  13.6942
19.8882  1.35088  16.1872  16.4047
19.8882  1.3823  6.73877  6.61929
19.8882  1.41372  10.7848  14.0343
19.8882  1.44513  12.9259  12.8661
19.8882  1.47655  44.6369  31.8728
19.8882  1.50796  12.8482  13.2853
19.8882  1.53938  9.80473  13.8433
19.8882  1.5708  8.53959  14.2726
19.8882  1.60221  20.8757  20.5354
19.8882  1.63363  13.6014  9.62081
19.8882  1.66504  10.0704  14.7164
19.8882  1.69646  18.0865  18.5985
19.8882  1.72788  9.13767  16.6996
19.8882  1.75929  19.5039  11.766
19.8882  1.79071  11.3387  10.6087
19.8882  1.82212  9.88264  16.7938
19.8882  1.85354  9.02433  15.5288
19.8882  1.88496  12.4337  13.8546
19.8882  1.91637  20.1925  13.4842
19.8882  1.94779  9.48026  14.6491
19.8882  1.9792  10.0268  17.4624
19.8882  2.01062  13.9934  11.4483
19.8882  2.04204  6.79013  4.92935
19.8882  2.07345  9.49265  15.9445
19.8882  2.10487  8.8985  9.2363
19.8882  2.13628  9.78615  16.4038
19.8882  2.1677  9.23194  8.2526
19.8882  2.19911  14.0573  20.2872
19.8882  2.23053  17.626  15.3741
19.8882  2.26195  16.0741  17.2253
19.8882  2.29336  29.3042  21.7639
19.8882  2.32478  0  0
19.8882  2.35619  0  0
19.8882  2.38761  0  0
19.8882  2.41903  0  0
19.8882  2.45044  0  0
19.8882  2.48186  0  0
19.8882  2.51327  0  0
19.8882  2.54469  0  0
19.8882  2.57611  0  0
19.8882  2.60752  0  0
19.8882  2.63894  0  0
19.8882  2.67035  0  0
19.8882  2.70177  0  0
19.8882  2.73319  0  0
19.8882  2.7646  0  0
19.8882  2.79602  0  0
19.8882  2.82743  0  0
19.8882  2.85885  0  0
19.8882  2.89027  0  0
19.8882  2.92168  0  0
19.8882  2.9531  0  0
19.8882  2.98451  0  0
19.8882  3.01593  0  0
19.8882  3.04734  0  0
19.8882  3.07876  0  0
19.8882  3.11018  0  0
20.0263  0  0  0
20.0263  0.0314159  0  0
20.0263  0.0628319  0  0
20.0263  0.0942478  0  0
20.0263  0.125664  0  0
20.0263  0.15708  0  0
20.0263  0.188496  0  0
20.0263  0.219911  0  0
20.0263  0.251327  0  0
20.0263  0.282743  0  0
20.0263  0.314159  0  0
20.0263  0.345575  0  0
20.0263  0.376991  0  0
20.0263  0.408407  0  0
20.0263  0.439823  0  0
20.0263  0.471239  0  0
20.0263  0.502655  0  0
20.0263  0.534071  0  0
20.0263  0.565487  0  0
20.0263  0.596903  0  0
20.0263  0.628319  0  0
20.0263  0.659734  0  0
20.0263  0.69115  0  0
20.0263  0.722566  0  0
20.0263  0.753982  0  0
20.0263  0.785398  0.247445  2.30247
20.0263  0.816814  31.8002  27.2581
20.0263  0.84823  10.3089  10.2567
20.0263  0.879646  8.46856  8.79761
20.0263  0.911062  15.0078  19.9461
20.0263  0.942478  7.54818  6.89145
20.0263  0.973894  18.9344  12.5768
20.0263  1.00531  9.74289  15.0818
20.0263  1.03673  10.5056  17.8541
20.0263  1.06814  11.6141  16.4938
20.0263  1.09956  7.05136  12.9717
20.0263  1.13097  15.8511  10.5143
20.0263  1.16239  12.0887  16.1511
20.0263  1.19381  8.84469  14.7233
20.0263  1.22522  15.3848  15.5319
20.0263  1.25664  7.83352  14.2943
20.0263  1.28805  10.8394  13.7469
20.0263  1.31947  13.1807  13.0882
20.0263  1.35088  15.3262  13.1847
20.0263  1.3823  8.63011  14.7745
20.0263  1.41372  10.2935  15.2656
20.0263  1.44513  14.0973  15.6385
20.0263  1.47655  7.85542  13.3932
20.0263  1.50796  7.34812  12.8425
20.0263  1.53938  24.5685  22.7962
20.0263  1.5708  18.5832  9.32218
20.0263  1.60221  9.63614  14.9824
20.0263  1.63363  21.1023  20.0107
20.0263  1.66504  8.31653  11.7765
20.0263  1.69646  11.5152  15.1292
20.0263  1.72788  23.1853  19.9547
20.0263  1.75929  13.6257  15.7445
20.0263  1.79071  9.40669  13.0826
20.0263  1.82212  15.7804  18.6974
20.0263  1.85354  9.3322  14.0797
20.0263  1.88496  16.7311  15.9251
20.0263  1.91637  11.3226  14.004
20.0263  1.94779  12.4682  13.2502
20.0263  1.9792  9.68444  15.8968
20.0263  2.01062  9.23612  15.4811
20.0263  2.04204  11.2572  19.241
20.0263  2.07345  7.03738  4.84955
20.0263  2.10487  19.8096  12.6003
20.0263  2.13628  23.0482  22.763
20.0263  2.1677  14.0323  13.3527
20.0263  2.19911  8.49788  7.45359
20.0263  2.23053  14.5098  18.3746
20.0263  2.26195  13.6283  20.9607
20.0263  2.29336  34.8739  33.3986
20.0263  2.32478  3.32312  24.3845
20.0263  2.35619  0  0
20.0263  2.38761  0  0
20.0263  2.41903  0  0
20.0263  2.45044  0  0
20.0263  2.48186  0  0
20.0263  2.51327  0  0
20.0263  2.54469  0  0
20.0263  2.57611  0  0
20.0263  2.60752  0  0
20.0263  2.63894  0  0
20.0263  2.67035  0  0
20.0263  2.70177  0  0
20.0263  2.73319  0  0
20.0263  2.7646  0  0
20.0263  2.79602  0  0
20.0263  2.82743  0  0
20.0263  2.85885  0  0
20.0263  2.89027  0  0
20.0263  2.92168  0  0
20.0263  2.9531  0  0
20.0263  2.98451  0  0
20.0263  3.01593  0  0
20.0263  3.04734  0  0
20.0263  3.07876  0  0
20.0263  3.11018  0  0
20.1645  0  0  0
20.1645  0.0314159  0  0
20.1645  0.0628319  0  0
20.1645  0.0942478  0  0
20.1645  0.125664  0  0
20.1645  0.15708  0  0
20.1645  0.188496  0  0
20.1645  0.219911  0  0
20.1645  0.251327  0  0
20.1645  0.282743  0  0
20.1645  0.314159  0  0
20.1645  0.345575  0  0
20.1645  0.376991  0  0
20.1645  0.408407  0  0
20.1645  0.439823  0  0
20.1645  0.471239  0  0
20.1645  0.502655  0  0
20.1645  0.534071  0  0
20.1645  0.565487  0  0
20.1645  0.596903  0  0
20.1645  0.628319  0  0
20.1645  0.659734  0  0
20.1645  0.69115  0  0
20.1645  0.722566  0  0
20.1645  0.753982  0  0
20.1645  0.785398  4.05346  13.0191
20.1645  0.816814  19.6399  15.0891
20.1645  0.84823  10.1684  17.2777
20.1645  0.879646  8.49724  8.89186
20.1645  0.911062  11.2996  17.7682
20.1645  0.942478  10.6085  17.9108
20.1645  0.973894  13.8631  18.9358
20.1645  1.00531  11.6319  12.3618
20.1645  1.03673  7.72033  13.3008
20.1645  1.06814  8.58803  8.19435
20.1645  1.09956  18.6848  13.7563
20.1645  1.13097  8.37895  8.75734
20.1645  1.16239  11.7477  14.2283
20.1645  1.19381  20.3166  11.0914
20.1645  1.22522  8.57451  13.2483
20.1645  1.25664  8.9692  9.55332
20.1645  1.28805  18.8294  19.6972
20.1645  1.31947  9.75166  14.871
20.1645  1.35088  9.34435  13.8169
20.1645  1.3823  12.6976  11.3365
20.1645  1.41372  11.4485  13.7076
20.1645  1.44513  9.70564  15.5798
20.1645  1.47655  9.99677  15.3788
20.1645  1.50796  21.278  10.9141
20.1645  1.53938  11.2537  13.646
20.1645  1.5708  17.5151  14.7367
20.1645  1.60221  11.9576  12.0258
20.1645  1.63363  10.8124  14.7156
20.1645  1.66504  10.6279  15.5793
20.1645  1.69646  20.7242  14.5327
20.1645  1.72788  16.7535  19.4698
20.1645  1.75929  9.12182  13.9378
20.1645  1.79071  8.56795  13.1479
20.1645  1.82212  20.4565  17.2314
20.1645  1.85354  20.0071  11.7407
20.1645  1.88496  12.0824  12.5473
20.1645  1.91637  11.1542  15.0018
20.1645  1.94779  12.9811  13.3283
20.1645  1.9792  6.33333  6.16162
20.1645  2.01062  9.22828  15.0354
20.1645  2.04204  8.69596  9.22714
20.1645  2.07345  7.09973  7.17569
20.1645  2.10487  8.94086  15.4712
20.1645  2.13628  10.2594  17.2385
20.1645  2.1677  13.6466  18.7571
20.1645  2.19911  9.61224  17.1041
20.1645  2.23053  9.14185  7.91727
20.1645  2.26195  26.2065  20.9953
20.1645  2.29336  28.2131  28.4073
20.1645  2.32478  9.98867  9.03358
20.1645  2.35619  0  0
20.1645  2.38761  0  0
20.1645  2.41903  0  0
20.1645  2.45044  0  0
20.1645  2.48186  0  0
20.1645  2.51327  0  0
20.1645  2.54469  0  0
20.1645  2.57611  0  0
20.1645  2.60752  0  0
20.1645  2.63894  0  0
20.1645  2.67035  0  0
20.1645  2.70177  0  0
20.1645  2.73319  0  0
20.1645  2.7646  0  0
20.1645  2.79602  0  0
20.1645  2.82743  0  0
20.1645  2.85885  0  0
20.1645  2.89027  0  0
20.1645  2.92168  0  0
20.1645  2.9531  0  0
20.1645  2.98451  0  0
20.1645  3.01593  0  0
20.1645  3.04734  0  0
20.1645  3.07876  0  0
20.1645  3.11018  0  0
20.3026  0  0  0
20.3026  0.0314159  0  0
20.3026  0.0628319  0  0
20.3026  0.0942478  0  0
20.3026  0.125664  0  0
20.3026  0.15708  0  0
20.3026  0.188496  0  0
20.3026  0.219911  0  0
20.3026  0.251327  0  0
20.3026  0.282743  0  0
20.3026  0.314159  0  0
20.3026  0.345575  0  0
20.3026  0.376991  0  0
20.3026  0.408407  0  0
20.3026  0.439823  0  0
20.3026  0.471239  0  0
20.3026  0.502655  0  0
20.3026  0.534071  0  0
20.3026  0.565487  0  0
20.3026  0.596903  0  0
20.3026  0.628319  0  0
20.3026  0.659734  0  0
20.3026  0.69115  0  0
20.3026  0.722566  0  0
20.3026  0.753982  0  0
20.3026  0.785398  25.335  12.6692
20.3026  0.816814  12.4456  20.109
20.3026  0.84823  10.1287  16.985
20.3026  0.879646  12.71  19.2847
20.3026  0.911062  13.5977  17.7283
20.3026  0.942478  10.8125  17.0778
20.3026  0.973894  10.0661  16.4765
20.3026  1.00531  9.78288  15.2386
20.3026  1.03673  12.6497  15.549
20.3026  1.06814  18.8822  18.7193
20.3026  1.09956  12.6417  12.7699
20.3026  1.13097  22.9465  20.9729
20.3026  1.16239  19.7406  16.9021
20.3026  1.19381  7.19868  13.0002
20.3026  1.22522  16.6366  12.4849
20.3026  1.25664  8.79088  15.6503
20.3026  1.28805  9.86778  15.6934
20.3026  1.31947  14.8838  14.4178
20.3026  1.35088  5.98322  6.2699
20.3026  1.3823  10.1799  15.8334
20.3026  1.41372  11.081  17.1872
20.3026  1.44513  11.7598  11.0635
20.3026  1.47655  21.9982  18.661
20.3026  1.50796  8.99306  13.4235
20.3026  1.53938  19.0951  9.61369
20.3026  1.5708  16.5077  18.1096
20.3026  1.60221  19.4318  10.2004
20.3026  1.63363  6.59561  5.70326
20.3026  1.66504  12.5379  12.2182
20.3026  1.69646  7.63727  13.17
20.3026  1.72788  9.13569  16.17
20.3026  1.75929  9.27372  14.4964
20.3026  1.79071  10.216  16.3641
20.3026  1.82212  7.37135  13.2375
20.3026  1.85354  20.0998  10.9779
20.3026  1.88496  10.8701  16.5192
20.3026  1.91637  11.1945  17.2616
20.3026  1.94779  10.8817  16.1749
20.3026  1.9792  8.15243  14.7044
20.3026  2.01062  14.1151  16.4015
20.3026  2.04204  10.6465  17.1323
20.3026  2.07345  22.5333  17.4567
20.3026  2.10487  14.0191  14.0194
20.3026  2.13628  18.5956  22.2157
20.3026  2.1677  16.2819  14.8655
20.3026  2.19911  8.10877  6.88562
20.3026  2.23053  14.0926  13.3803
20.3026  2.26195  7.25999  4.63003
20.3026  2.29336  9.33946  15.6015
20.3026  2.32478  21.3885  17.4085
20.3026  2.35619  0  0
20.3026  2.38761  0  0
20.3026  2.41903  0  0
20.3026  2.45044  0  0
20.3026  2.48186  0  0
20.3026  2.51327  0  0
20.3026  2.54469  0  0
20.3026  2.57611  0  0
20.3026  2.60752  0  0
20.3026  2.63894  0  0
20.3026  2.67035  0  0
20.3026  2.70177  0  0
20.3026  2.73319  0  0
20.3026  2.7646  0  0
20.3026  2.79602  0  0
20.3026  2.82743  0  0
20.3026  2.85885  0  0
20.3026  2.89027  0  0
20.3026  2.92168  0  0
20.3026  2.9531  0  0
20.3026  2.98451  0  0
20.3026  3.01593  0  0
20.3026  3.04734  0  0
20.3026  3.07876  0  0
20.3026  3.11018  0  0
20.4408  0  0  0
20.4408  0.0314159  0  0
20.4408  0.0628319  0  0
20.4408  0.0942478  0  0
20.4408  0.125664  0  0
20.4408  0.15708  0  0
20.4408  0.188496  0  0
20.4408  0.219911  0  0
20.4408  0.251327  0  0
20.4408  0.282743  0  0
20.4408  0.314159  0  0
20.4408  0.345575  0  0
20.4408  0.376991  0  0
20.4408  0.408407  0  0
20.4408  0.439823  0  0
20.4408  0.471239  0  0
20.4408  0.502655  0  0
20.4408  0.534071  0  0
20.4408  0.565487  0  0
20.4408  0.596903  0  0
20.4408  0.628319  0  0
20.4408  0.659734  0  0
20.4408  0.69115  0  0
20.4408  0.722566  0  0
20.4408  0.753982  0.25876  1.70225
20.4408  0.785398  15.1146  19.1274
20.4408  0.816814  12.6774  21.3668
20.4408  0.84823  16.7349  16.634
20.4408  0.879646  21.777  15.6456
20.4408  0.911062  270.177  260.726
20.4408  0.942478  14.2363  13.0496
20.4408  0.973894  10.4221  17.4936
20.4408  1.00531  9.0635  16.1626
20.4408  1.03673  10.0016  16.9806
20.4408  1.06814  11.4877  16.2303
20.4408  1.09956  25.7879  25.5001
20.4408  1.13097  10.3897  17.116
20.4408  1.16239  8.68997  14.532
20.4408  1.19381  17.679  9.8622
20.4408  1.22522  10.6655  15.6515
20.4408  1.25664  10.9861  17.9303
20.4408  1.28805  17.7015  12.7545
20.4408  1.31947  12.0853  13.513
20.4408  1.35088  9.77439  10.7739
20.4408  1.3823  22.1859  13.8356
20.4408  1.41372  10.7539  18.5251
20.4408  1.44513  8.58897  13.2997
20.4408  1.47655  8.36729  13.7085
20.4408  1.50796  8.86491  13.9874
20.4408  1.53938  12.6696  13.7973
20.4408  1.5708  10.5524  15.0156
20.4408  1.60221  12.8676  13.7213
20.4408  1.63363  18.7272  18.0522
20.4408  1.66504  13.5357  15.093
20.4408  1.69646  10.1358  16.2278
20.4408  1.72788  10.4131  10.2408
20.4408  1.75929  10.2313  12.788
20.4408  1.79071  8.69518  14.6078
20.4408  1.82212  14.827  10.0703
20.4408  1.85354  9.0692  15.2689
20.4408  1.88496  20.7141  11.1029
20.4408  1.91637  14.5105  16.1182
20.4408  1.94779  6.14492  6.5558
20.4408  1.9792  9.17204  15.6161
20.4408  2.01062  13.0527  17.6234
20.4408  2.04204  9.27574  16.5688
20.4408  2.07345  6.03623  4.92164
20.4408  2.10487  14.4626  15.6571
20.4408  2.13628  22.1409  19.9597
20.4408  2.1677  11.4947  18.7902
20.4408  2.19911  11.4241  19.014
20.4408  2.23053  2.95923  0.532622
20.4408  2.26195  24.474  12.8212
20.4408  2.29336  14.6481  16.2043
20.4408  2.32478  16.3119  12.0362
20.4408  2.35619  0  0
20.4408  2.38761  0  0
20.4408  2.41903  0  0
20.4408  2.45044  0  0
20.4408  2.48186  0  0
20.4408  2.51327  0  0
20.4408  2.54469  0  0
20.4408  2.57611  0  0
20.4408  2.60752  0  0
20.4408  2.63894  0  0
20.4408  2.67035  0  0
20.4408  2.70177  0  0
20.4408  2.73319  0  0
20.4408  2.7646  0  0
20.4408  2.79602  0  0
20.4408  2.82743  0  0
20.4408  2.85885  0  0
20.4408  2.89027  0  0
20.4408  2.92168  0  0
20.4408  2.9531  0  0
20.4408  2.98451  0  0
20.4408  3.01593  0  0
20.4408  3.04734  0  0
20.4408  3.07876  0  0
20.4408  3.11018  0  0
20.5789  0  0  0
20.5789  0.0314159  0  0
20.5789  0.0628319  0  0
20.5789  0.0942478  0  0
20.5789  0.125664  0  0
20.5789  0.15708  0  0
20.5789  0.188496  0  0
20.5789  0.219911  0  0
20.5789  0.251327  0  0
20.5789  0.282743  0  0
20.5789  0.314159  0  0
20.5789  0.345575  0  0
20.5789  0.376991  0  0
20.5789  0.408407  0  0
20.5789  0.439823  0  0
20.5789  0.471239  0  0
20.5789  0.502655  0  0
20.5789  0.534071  0  0
20.5789  0.565487  0  0
20.5789  0.596903  0  0
20.5789  0.628319  0  0
20.5789  0.659734  0  0
20.5789  0.69115  0  0
20.5789  0.722566  0  0
20.5789  0.753982  24.509  14.3276
20.5789  0.785398  7.6899  8.68118
20.5789  0.816814  17.44  20.3091
20.5789  0.84823  3.60091  0.66727
20.5789  0.879646  11.6041  17.8355
20.5789  0.911062  12.0031  17.2622
20.5789  0.942478  9.54433  9.43233
20.5789  0.973894  13.578  13.3424
20.5789  1.00531  8.39582  8.67412
20.5789  1.03673  12.9621  12.7256
20.5789  1.06814  14.9648  14.7827
20.5789  1.09956  14.7063  15.0197
20.5789  1.13097  9.31643  16.2238
20.5789  1.16239  12.5301  14.1495
20.5789  1.19381  13.1614  12.996
20.5789  1.22522  12.7568  12.404
20.5789  1.25664  11.2475  14.3053
20.5789  1.28805  12.8288  11.1223
20.5789  1.31947  8.85558  15.4707
20.5789  1.35088  9.86862  12.1758
20.5789  1.3823  19.5271  17.8232
20.5789  1.41372  19.5184  10.7935
20.5789  1.44513  9.81996  11.4057
20.5789  1.47655  10.6716  11.7638
20.5789  1.50796  9.20036  14.1836
20.5789  1.53938  13.3067  13.6919
20.5789  1.5708  10.4821  14.9004
20.5789  1.60221  7.48715  13.069
20.5789  1.63363  21.2747  16.7426
20.5789  1.66504  6.78393  12.5125
20.5789  1.69646  22.2834  13.6702
20.5789  1.72788  11.5091  13.5657
20.5789  1.75929  8.88034  14.7214
20.5789  1.79071  9.67307  15.7085
20.5789  1.82212  18.5619  13.6077
20.5789  1.85354  23.9235  17.3819
20.5789  1.88496  11.2524  11.2089
20.5789  1.91637  11.9073  15.8085
20.5789  1.94779  22.4603  22.1867
20.5789  1.9792  18.4326  10.8157
20.5789  2.01062  13.4112  12.4176
20.5789  2.04204  24.1006  19.3226
20.5789  2.07345  10.7108  15.6565
20.5789  2.10487  14.1584  12.4125
20.5789  2.13628  9.2615  15.6734
20.5789  2.1677  9.9371  17.2534
20.5789  2.19911  9.36733  9.57182
20.5789  2.23053  12.7966  20.6613
20.5789  2.26195  22.8462  23.7838
20.5789  2.29336  12.8307  16.7123
20.5789  2.32478  24.25  12.7183
20.5789  2.35619  34.1793  33.8553
20.5789  2.38761  0  0
20.5789  2.41903  0  0
20.5789  2.45044  0  0
20.5789  2.48186  0  0
20.5789  2.51327  0  0
20.5789  2.54469  0  0
20.5789  2.57611  0  0
20.5789  2.60752  0  0
20.5789  2.63894  0  0
20.5789  2.67035  0  0
20.5789  2.70177  0  0
20.5789  2.73319  0  0
20.5789  2.7646  0  0
20.5789  2.79602  0  0
20.5789  2.82743  0  0
20.5789  2.85885  0  0
20.5789  2.89027  0  0
20.5789  2.92168  0  0
20.5789  2.9531  0  0
20.5789  2.98451  0  0
20.5789  3.01593  0  0
20.5789  3.04734  0  0
20.5789  3.07876  0  0
20.5789  3.11018  0  0
20.7171  0  0  0
20.7171  0.0314159  0  0
20.7171  0.0628319  0  0
20.7171  0.0942478  0  0
20.7171  0.125664  0  0
20.7171  0.15708  0  0
20.7171  0.188496  0  0
20.7171  0.219911  0  0
20.7171  0.251327  0  0
20.7171  0.282743  0  0
20.7171  0.314159  0  0
20.7171  0.345575  0  0
20.7171  0.376991  0  0
20.7171  0.408407  0  0
20.7171  0.439823  0  0
20.7171  0.471239  0  0
20.7171  0.502655  0  0
20.7171  0.534071  0  0
20.7171  0.565487  0  0
20.7171  0.596903  0  0
20.7171  0.628319  0  0
20.7171  0.659734  0  0
20.7171  0.69115  0  0
20.7171  0.722566  0  0
20.7171  0.753982  28.1181  17.785
20.7171  0.785398  18.4594  16.9382
20.7171  0.816814  32.9707  31.432
20.7171  0.84823  13.4098  18.7003
20.7171  0.879646  12.3132  18.6659
20.7171  0.911062  14.9705  15.7333
20.7171  0.942478  13.6778  18.1986
20.7171  0.973894  12.6869  12.3672
20.7171  1.00531  14.0058  14.0731
20.7171  1.03673  12.8981  16.9852
20.7171  1.06814  13.1572  13.2819
20.7171  1.09956  9.19745  15.9782
20.7171  1.13097  17.5868  20.9067
20.7171  1.16239  10.2742  17.7982
20.7171  1.19381  12.2914  9.955
20.7171  1.22522  17.1232  20.0447
20.7171  1.25664  10.8101  16.4919
20.7171  1.28805  15.5671  16.7817
20.7171  1.31947  9.94973  15.685
20.7171  1.35088  22.3496  12.9381
20.7171  1.3823  8.69918  14.3219
20.7171  1.41372  17.394  19.6762
20.7171  1.44513  15.8163  12.2606
20.7171  1.47655  16.701  14.0786
20.7171  1.50796  20.2602  16.3257
20.7171  1.53938  9.05281  13.0773
20.7171  1.5708  8.20769  15.2362
20.7171  1.60221  15.0809  12.1543
20.7171  1.63363  9.79382  10.4544
20.7171  1.66504  21.4882  13.3637
20.7171  1.69646  86.6981  86.2243
20.7171  1.72788  8.16201  14.0642
20.7171  1.75929  15.3815  13.8814
20.7171  1.79071  12.4282  13.8223
20.7171  1.82212  12.7796  9.88083
20.7171  1.85354  10.4713  15.4293
20.7171  1.88496  9.27602  16.3866
20.7171  1.91637  6.27142  6.88098
20.7171  1.94779  12.6196  10.9965
20.7171  1.9792  15.6337  16.7664
20.7171  2.01062  8.48094  7.73115
20.7171  2.04204  17.1626  14.0589
20.7171  2.07345  10.136  17.6087
20.7171  2.10487  8.55095  14.2643
20.7171  2.13628  23.1915  11.8903
20.7171  2.1677  23.6138  23.5698
20.7171  2.19911  17.4171  14.34
20.7171  2.23053  13.4316  19.5843
20.7171  2.26195  15.3658  21.7946
20.7171  2.29336  14.0677  22.542
20.7171  2.32478  10.7417  11.7768
20.7171  2.35619  6.81725  10.8548
20.7171  2.38761  0  0
20.7171  2.41903  0  0
20.7171  2.45044  0  0
20.7171  2.48186  0  0
20.7171  2.51327  0  0
20.7171  2.54469  0  0
20.7171  2.57611  0  0
20.7171  2.60752  0  0
20.7171  2.63894  0  0
20.7171  2.67035  0  0
20.7171  2.70177  0  0
20.7171  2.73319  0  0
20.7171  2.7646  0  0
20.7171  2.79602  0  0
20.7171  2.82743  0  0
20.7171  2.85885  0  0
20.7171  2.89027  0  0
20.7171  2.92168  0  0
20.7171  2.9531  0  0
20.7171  2.98451  0  0
20.7171  3.01593  0  0
20.7171  3.04734  0  0
20.7171  3.07876  0  0
20.7171  3.11018  0  0
20.8553  0  0  0
20.8553  0.0314159  0  0
20.8553  0.0628319  0  0
20.8553  0.0942478  0  0
20.8553  0.125664  0  0
20.8553  0.15708  0  0
20.8553  0.188496  0  0
20.8553  0.219911  0  0
20.8553  0.251327  0  0
20.8553  0.282743  0  0
20.8553  0.314159  0  0
20.8553  0.345575  0  0
20.8553  0.376991  0  0
20.8553  0.408407  0  0
20.8553  0.439823  0  0
20.8553  0.471239  0  0
20.8553  0.502655  0  0
20.8553  0.534071  0  0
20.8553  0.565487  0  0
20.8553  0.596903  0  0
20.8553  0.628319  0  0
20.8553  0.659734  0  0
20.8553  0.69115  0  0
20.8553  0.722566  0  0
20.8553  0.753982  6.96496  15.8623
20.8553  0.785398  11.8637  20.2626
20.8553  0.816814  10.5908  18.2366
20.8553  0.84823  9.92099  8.5285
20.8553  0.879646  9.63204  9.13721
20.8553  0.911062  13.4171  19.5928
20.8553  0.942478  12.1364  17.057
20.8553  0.973894  21.582  15.0866
20.8553  1.00531  17.8926  13.4034
20.8553  1.03673  6.39128  4.88813
20.8553  1.06814  10.2031  16.7409
20.8553  1.09956  23.1889  20.9129
20.8553  1.13097  9.69755  15.7561
20.8553  1.16239  25.4502  25.3467
20.8553  1.19381  8.15799  13.5458
20.8553  1.22522  12.1409  11.3723
20.8553  1.25664  7.63658  7.05913
20.8553  1.28805  11.7852  16.4877
20.8553  1.31947  11.9141  9.44828
20.8553  1.35088  9.66575  15.8867
20.8553  1.3823  13.8316  14.9142
20.8553  1.41372  20.1887  16.9235
20.8553  1.44513  9.38143  15.1935
20.8553  1.47655  8.06148  14.6171
20.8553  1.50796  8.9752  13.6237
20.8553  1.53938  19.2232  14.0039
20.8553  1.5708  10.7394  16.1612
20.8553  1.60221  18.3354  11.2391
20.8553  1.63363  11.0478  10.4693
20.8553  1.66504  10.1312  13.4164
20.8553  1.69646  10.4342  17.2129
20.8553  1.72788  8.95282  15.6605
20.8553  1.75929  8.75846  14.1693
20.8553  1.79071  9.08924  13.598
20.8553  1.82212  19.5523  19.4895
20.8553  1.85354  22.9599  12.7784
20.8553  1.88496  12.9435  13.1979
20.8553  1.91637  18.7276  10.4952
20.8553  1.94779  13.9324  15.1761
20.8553  1.9792  9.25366  15.93
20.8553  2.01062  15.7559  13.7638
20.8553  2.04204  18.1371  20.1366
20.8553  2.07345  9.01539  7.84553
20.8553  2.10487  13.8146  16.0651
20.8553  2.13628  24.1922  17.9516
20.8553  2.1677  19.629  20.7435
20.8553  2.19911  8.35046  8.182
20.8553  2.23053  16.0024  19.4422
20.8553  2.26195  7.92609  8.04788
20.8553  2.29336  10.6442  17.334
20.8553  2.32478  12.4147  17.6216
20.8553  2.35619  22.855  24.97
20.8553  2.38761  13.3652  6.73825
20.8553  2.41903  0  0
20.8553  2.45044  0  0
20.8553  2.48186  0  0
20.8553  2.51327  0  0
20.8553  2.54469  0  0
20.8553  2.57611  0  0
20.8553  2.60752  0  0
20.8553  2.63894  0  0
20.8553  2.67035  0  0
20.8553  2.70177  0  0
20.8553  2.73319  0  0
20.8553  2.7646  0  0
20.8553  2.79602  0  0
20.8553  2.82743  0  0
20.8553  2.85885  0  0
20.8553  2.89027  0  0
20.8553  2.92168  0  0
20.8553  2.9531  0  0
20.8553  2.98451  0  0
20.8553  3.01593  0  0
20.8553  3.04734  0  0
20.8553  3.07876  0  0
20.8553  3.11018  0  0
20.9934  0  0  0
20.9934  0.0314159  0  0
20.9934  0.0628319  0  0
20.9934  0.0942478  0  0
20.9934  0.125664  0  0
20.9934  0.15708  0  0
20.9934  0.188496  0  0
20.9934  0.219911  0  0
20.9934  0.251327  0  0
20.9934  0.282743  0  0
20.9934  0.314159  0  0
20.9934  0.345575  0  0
20.9934  0.376991  0  0
20.9934  0.408407  0  0
20.9934  0.439823  0  0
20.9934  0.471239  0  0
20.9934  0.502655  0  0
20.9934  0.534071  0  0
20.9934  0.565487  0  0
20.9934  0.596903  0  0
20.9934  0.628319  0  0
20.9934  0.659734  0.249875  2.27105
20.9934  0.69115  0  0
20.9934  0.722566  40.4486  40.4236
20.9934  0.753982  10.4056  16.8124
20.9934  0.785398  13.0252  19.6231
20.9934  0.816814  7.65667  5.86406
20.9934  0.84823  14.0237  12.7673
20.9934  0.879646  23.4396  14.8561
20.9934  0.911062  8.94505  8.89649
20.9934  0.942478  8.27766  8.01882
20.9934  0.973894  13.974  13.6584
20.9934  1.00531  9.79751  16.7531
20.9934  1.03673  18.857  22.5014
20.9934  1.06814  8.47426  14.0631
20.9934  1.09956  11.7385  18.782
20.9934  1.13097  12.4943  14.6372
20.9934  1.16239  10.9932  12.5112
20.9934  1.19381  24.1582  12.8193
20.9934  1.22522  9.11428  14.1658
20.9934  1.25664  14.4765  15.2725
20.9934  1.28805  13.7386  14.8914
20.9934  1.31947  10.2711  18.4731
20.9934  1.35088  19.6285  13.1165
20.9934  1.3823  21.7851  13.7682
20.9934  1.41372  12.7971  12.6658
20.9934  1.44513  11.1962  13.3759
20.9934  1.47655  19.4602  16.4184
20.9934  1.50796  14.2217  11.7327
20.9934  1.53938  15.7131  12.2788
20.9934  1.5708  9.58534  12.6177
20.9934  1.60221  6.77394  6.72516
20.9934  1.63363  19.0605  10.8724
20.9934  1.66504  10.3275  14.5666
20.9934  1.69646  19.1509  14.862
20.9934  1.72788  21.565  20.0546
20.9934  1.75929  10.5057  17.8471
20.9934  1.79071  11.9603  11.3912
20.9934  1.82212  10.4985  11.6305
20.9934  1.85354  10.8863  17.8714
20.9934  1.88496  10.7088  15.6827
20.9934  1.91637  6.92959  6.17248
20.9934  1.94779  14.8573  16.2375
20.9934  1.9792  7.69955  13.5914
20.9934  2.01062  10.6024  15.4291
20.9934  2.04204  15.3898  16.9039
20.9934  2.07345  10.9587  17.3528
20.9934  2.10487  11.1381  14.5283
20.9934  2.13628  15.9841  14.2074
20.9934  2.1677  16.81  15.9934
20.9934  2.19911  13.8801  20.1339
20.9934  2.23053  23.7376  13.0557
20.9934  2.26195  10.0738  8.60124
20.9934  2.29336  18.1743  12.7744
20.9934  2.32478  13.9193  22.0844
20.9934  2.35619  19.6543  20.6274
20.9934  2.38761  29.6955  19.276
20.9934  2.41903  0  0
20.9934  2.45044  0  0
20.9934  2.48186  0  0
20.9934  2.51327  0  0
20.9934  2.54469  0  0
20.9934  2.57611  0  0
20.9934  2.60752  0  0
20.9934  2.63894  0  0
20.9934  2.67035  0  0
20.9934  2.70177  0  0
20.9934  2.73319  0  0
20.9934  2.7646  0  0
20.9934  2.79602  0  0
20.9934  2.82743  0  0
20.9934  2.85885  0  0
20.9934  2.89027  0  0
20.9934  2.92168  0  0
20.9934  2.9531  0  0
20.9934  2.98451  0  0
20.9934  3.01593  0  0
20.9934  3.04734  0  0
20.9934  3.07876  0  0
20.9934  3.11018  0  0
21.1316  0  0  0
21.1316  0.0314159  0  0
21.1316  0.0628319  0  0
21.1316  0.0942478  0  0
21.1316  0.125664  0  0
21.1316  0.15708  0  0
21.1316  0.188496  0  0
21.1316  0.219911  0  0
21.1316  0.251327  0  0
21.1316  0.282743  0  0
21.1316  0.314159  0  0
21.1316  0.345575  0  0
21.1316  0.376991  0  0
21.1316  0.408407  0  0
21.1316  0.439823  0  0
21.1316  0.471239  0  0
21.1316  0.502655  0  0
21.1316  0.534071  0  0
21.1316  0.565487  0  0
21.1316  0.596903  0  0
21.1316  0.628319  0  0
21.1316  0.659734  0  0
21.1316  0.69115  0  0
21.1316  0.722566  27.0471  13.6048
21.1316  0.753982  26.4008  24.8274
21.1316  0.785398  11.4506  11.3578
21.1316  0.816814  12.5517  20.4454
21.1316  0.84823  10.0061  9.4697
21.1316  0.879646  9.06132  8.14079
21.1316  0.911062  10.6662  16.9653
21.1316  0.942478  22.8835  16.8747
21.1316  0.973894  7.85015  6.64811
21.1316  1.00531  8.06469  7.34938
21.1316  1.03673  12.0608  18.0989
21.1316  1.06814  12.209  19.2735
21.1316  1.09956  12.2127  11.2822
21.1316  1.13097  19.367  17.8516
21.1316  1.16239  11.5176  14.116
21.1316  1.19381  12.5177  14.7972
21.1316  1.22522  10.1009  13.9993
21.1316  1.25664  16.132  14.4643
21.1316  1.28805  10.6931  11.9224
21.1316  1.31947  7.20775  13.9712
21.1316  1.35088  9.78704  13.6653
21.1316  1.3823  8.74854  11.544
21.1316  1.41372  11.1163  12.7627
21.1316  1.44513  1.80188  0.463534
21.1316  1.47655  11.3352  11.6386
21.1316  1.50796  20.7891  13.6357
21.1316  1.53938  11.5546  17.5951
21.1316  1.5708  21.0094  16.1468
21.1316  1.60221  14.2027  14.4652
21.1316  1.63363  8.60964  11.3454
21.1316  1.66504  16.069  11.5818
21.1316  1.69646  8.61749  14.3332
21.1316  1.72788  9.05839  15.6556
21.1316  1.75929  9.96926  12.4819
21.1316  1.79071  8.55756  13.1158
21.1316  1.82212  6.72151  7.14668
21.1316  1.85354  9.93482  16.4906
21.1316  1.88496  21.0537  13.9465
21.1316  1.91637  7.35292  7.19022
21.1316  1.94779  15.3765  16.097
21.1316  1.9792  9.57562  15.6245
21.1316  2.01062  13.0335  13.447
21.1316  2.04204  23.3043  11.6579
21.1316  2.07345  11.2149  17.949
21.1316  2.10487  15.0698  16.3535
21.1316  2.13628  9.91674  16.6204
21.1316  2.1677  16.3153  18.5704
21.1316  2.19911  24.3149  15.8757
21.1316  2.23053  13.5954  21.4431
21.1316  2.26195  17.1687  18.9003
21.1316  2.29336  10.3901  10.8517
21.1316  2.32478  18.8962  18.6861
21.1316  2.35619  9.59052  17.8455
21.1316  2.38761  27.3466  15.1369
21.1316  2.41903  0  0
21.1316  2.45044  0.247593  1.9014
21.1316  2.48186  0  0
21.1316  2.51327  0  0
21.1316  2.54469  0  0
21.1316  2.57611  0  0
21.1316  2.60752  0  0
21.1316  2.63894  0  0
21.1316  2.67035  0  0
21.1316  2.70177  0  0
21.1316  2.73319  0  0
21.1316  2.7646  0  0
21.1316  2.79602  0  0
21.1316  2.82743  0  0
21.1316  2.85885  0  0
21.1316  2.89027  0  0
21.1316  2.92168  0  0
21.1316  2.9531  0  0
21.1316  2.98451  0  0
21.1316  3.01593  0  0
21.1316  3.04734  0  0
21.1316  3.07876  0  0
21.1316  3.11018  0  0
21.2697  0  0  0
21.2697  0.0314159  0  0
21.2697  0.0628319  0  0
21.2697  0.0942478  0  0
21.2697  0.125664  0  0
21.2697  0.15708  0  0
21.2697  0.188496  0  0
21.2697  0.219911  0  0
21.2697  0.251327  0  0
21.2697  0.282743  0  0
21.2697  0.314159  0  0
21.2697  0.345575  0  0
21.2697  0.376991  0  0
21.2697  0.408407  0  0
21.2697  0.439823  0  0
21.2697  0.471239  0  0
21.2697  0.502655  0  0
21.2697  0.534071  0  0
21.2697  0.565487  0  0
21.2697  0.596903  0  0
21.2697  0.628319  0  0
21.2697  0.659734  0  0
21.2697  0.69115  0.239366  2.29173
21.2697  0.722566  22.3292  22.0511
21.2697  0.753982  13.7224  21.2489
21.2697  0.785398  15.7994  14.9153
21.2697  0.816814  9.59445  10.2125
21.2697  0.84823  9.17084  16.6034
21.2697  0.879646  17.8404  14.5968
21.2697  0.911062  13.429  14.4437
21.2697  0.942478  8.93007  9.19827
21.2697  0.973894  26.1799  26.0441
21.2697  1.00531  7.69076  7.22477
21.2697  1.03673  7.18944  8.14542
21.2697  1.06814  10.1515  16.8895
21.2697  1.09956  11.684  11.1712
21.2697  1.13097  13.9346  15.8926
21.2697  1.16239  10.2004  15.7468
21.2697  1.19381  8.83195  14.3281
21.2697  1.22522  7.3642  7.45587
21.2697  1.25664  8.36612  9.25896
21.2697  1.28805  10.1388  17.6299
21.2697  1.31947  23.9976  12.6985
21.2697  1.35088  11.4218  10.8327
21.2697  1.3823  19.6291  19.4623
21.2697  1.41372  17.7459  8.94486
21.2697  1.44513  15.2004  11.8397
21.2697  1.47655  13.6171  12.8707
21.2697  1.50796  22.6242  19.8617
21.2697  1.53938  14.7528  16.1325
21.2697  1.5708  14.3082  15.5561
21.2697  1.60221  11.0532  11.4297
21.2697  1.63363  10.7288  14.3042
21.2697  1.66504  17.5995  11.2014
21.2697  1.69646  7.85511  13.5846
21.2697  1.72788  8.95153  14.0549
21.2697  1.75929  11.9082  10.8047
21.2697  1.79071  8.58479  11.1121
21.2697  1.82212  19.2799  13.5806
21.2697  1.85354  11.5609  13.6058
21.2697  1.88496  7.37989  8.73943
21.2697  1.91637  14.0111  17.3233
21.2697  1.94779  8.33761  14.6809
21.2697  1.9792  12.2878  14.7488
21.2697  2.01062  8.60089  8.91853
21.2697  2.04204  11.035  17.4832
21.2697  2.07345  21.1448  22.618
21.2697  2.10487  10.2572  16.6492
21.2697  2.13628  15.72  11.7518
21.2697  2.1677  11.7168  19.9622
21.2697  2.19911  12.0104  19.7443
21.2697  2.23053  9.76373  8.44941
21.2697  2.26195  15.22  16.6563
21.2697  2.29336  25.7216  26.9705
21.2697  2.32478  13.6854  20.7312
21.2697  2.35619  20.9088  23.2822
21.2697  2.38761  20.7025  21.2606
21.2697  2.41903  0  0
21.2697  2.45044  0  0
21.2697  2.48186  0  0
21.2697  2.51327  0.247475  2.30226
21.2697  2.54469  0  0
21.2697  2.57611  0  0
21.2697  2.60752  0  0
21.2697  2.63894  0  0
21.2697  2.67035  0  0
21.2697  2.70177  0  0
21.2697  2.73319  0  0
21.2697  2.7646  0  0
21.2697  2.79602  0  0
21.2697  2.82743  0  0
21.2697  2.85885  0  0
21.2697  2.89027  0  0
21.2697  2.92168  0  0
21.2697  2.9531  0  0
21.2697  2.98451  0  0
21.2697  3.01593  0  0
21.2697  3.04734  0  0
21.2697  3.07876  0  0
21.2697  3.11018  0  0
21.4079  0  0  0
21.4079  0.0314159  0  0
21.4079  0.0628319  0  0
21.4079  0.0942478  0  0
21.4079  0.125664  0  0
21.4079  0.15708  0  0
21.4079  0.188496  0  0
21.4079  0.219911  0  0
21.4079  0.251327  0  0
21.4079  0.282743  0  0
21.4079  0.314159  0  0
21.4079  0.345575  0  0
21.4079  0.376991  0  0
21.4079  0.408407  0  0
21.4079  0.439823  0  0
21.4079  0.471239  0  0
21.4079  0.502655  0  0
21.4079  0.534071  0  0
21.4079  0.565487  0  0
21.4079  0.596903  0  0
21.4079  0.628319  0  0
21.4079  0.659734  0  0
21.4079  0.69115  1.63804  12.0197
21.4079  0.722566  30.3664  21.2622
21.4079  0.753982  11.5422  19.0842
21.4079  0.785398  21.7776  15.6812
21.4079  0.816814  17.8986  17.4415
21.4079  0.84823  9.15217  7.94755
21.4079  0.879646  8.48267  7.7432
21.4079  0.911062  15.2197  16.3177
21.4079  0.942478  9.91538  17.2168
21.4079  0.973894  22.8892  23.6575
21.4079  1.00531  9.11765  16.0697
21.4079  1.03673  11.7662  12.7187
21.4079  1.06814  12.2784  12.6088
21.4079  1.09956  23.0902  13.1714
21.4079  1.13097  7.22289  13.7324
21.4079  1.16239  9.02322  15.1714
21.4079  1.19381  9.17775  15.8224
21.4079  1.22522  10.4705  16.2454
21.4079  1.25664  12.3945  13.454
21.4079  1.28805  8.4361  14.0713
21.4079  1.31947  7.48904  13.2603
21.4079  1.35088  8.91787  13.3421
21.4079  1.3823  7.49624  12.2664
21.4079  1.41372  12.7347  13.6594
21.4079  1.44513  9.48281  14.3922
21.4079  1.47655  7.20404  13.5161
21.4079  1.50796  12.0697  12.4031
21.4079  1.53938  11.5004  16.0683
21.4079  1.5708  9.79258  9.47664
21.4079  1.60221  13.0888  15.1339
21.4079  1.63363  10.11  9.39199
21.4079  1.66504  9.06102  13.5923
21.4079  1.69646  7.30572  7.49279
21.4079  1.72788  10.8234  14.3075
21.4079  1.75929  8.28128  14.5825
21.4079  1.79071  7.10614  13.0717
21.4079  1.82212  8.77353  14.6773
21.4079  1.85354  11.3346  10.6091
21.4079  1.88496  8.56301  14.1362
21.4079  1.91637  9.2659  16.844
21.4079  1.94779  8.25605  8.29397
21.4079  1.9792  19.8835  17.8053
21.4079  2.01062  11.4381  17.3287
21.4079  2.04204  9.81433  16.3455
21.4079  2.07345  9.41231  9.62579
21.4079  2.10487  15.3021  11.8169
21.4079  2.13628  12.0931  14.6329
21.4079  2.1677  9.39048  15.1374
21.4079  2.19911  9.83361  16.0091
21.4079  2.23053  11.1221  10.8958
21.4079  2.26195  16.1128  14.8734
21.4079  2.29336  11.8776  19.1947
21.4079  2.32478  16.9392  15.522
21.4079  2.35619  28.4211  14.3751
21.4079  2.38761  17.1501  20.2173
21.4079  2.41903  42.6509  26.8149
21.4079  2.45044  0  0
21.4079  2.48186  0  0
21.4079  2.51327  0  0
21.4079  2.54469  0  0
21.4079  2.57611  0  0
21.4079  2.60752  0  0
21.4079  2.63894  0  0
21.4079  2.67035  0  0
21.4079  2.70177  0  0
21.4079  2.73319  0  0
21.4079  2.7646  0  0
21.4079  2.79602  0  0
21.4079  2.82743  0  0
21.4079  2.85885  0  0
21.4079  2.89027  0  0
21.4079  2.92168  0  0
21.4079  2.9531  0  0
21.4079  2.98451  0  0
21.4079  3.01593  0  0
21.4079  3.04734  0  0
21.4079  3.07876  0  0
21.4079  3.11018  0  0
21.5461  0  0  0
21.5461  0.0314159  0  0
21.5461  0.0628319  0  0
21.5461  0.0942478  0  0
21.5461  0.125664  0  0
21.5461  0.15708  0  0
21.5461  0.188496  0  0
21.5461  0.219911  0  0
21.5461  0.251327  0  0
21.5461  0.282743  0  0
21.5461  0.314159  0  0
21.5461  0.345575  0  0
21.5461  0.376991  0  0
21.5461  0.408407  0  0
21.5461  0.439823  0  0
21.5461  0.471239  0  0
21.5461  0.502655  0  0
21.5461  0.534071  0  0
21.5461  0.565487  0  0
21.5461  0.596903  0  0
21.5461  0.628319  0  0
21.5461  0.659734  0  0
21.5461  0.69115  20.4503  19.5212
21.5461  0.722566  22.9  17.0712
21.5461  0.753982  13.3381  20.1201
21.5461  0.785398  13.3776  18.9154
21.5461  0.816814  16.2861  15.0901
21.5461  0.84823  10.5299  19.3141
21.5461  0.879646  10.456  17.2183
21.5461  0.911062  10.7135  17.5974
21.5461  0.942478  11.3741  16.4688
21.5461  0.973894  11.1483  16.9743
21.5461  1.00531  8.18803  8.62278
21.5461  1.03673  22.6768  15.0971
21.5461  1.06814  21.1068  24.1791
21.5461  1.09956  10.0214  15.1593
21.5461  1.13097  9.96242  13.2618
21.5461  1.16239  10.3459  15.667
21.5461  1.19381  11.1291  10.9893
21.5461  1.22522  10.2605  14.6476
21.5461  1.25664  12.474  10.9174
21.5461  1.28805  7.22576  13.2483
21.5461  1.31947  9.41798  13.0699
21.5461  1.35088  8.70516  14.7471
21.5461  1.3823  9.6404  12.9612
21.5461  1.41372  9.32142  14.1134
21.5461  1.44513  15.0348  14.9525
21.5461  1.47655  11.5896  12.0063
21.5461  1.50796  11.8879  10.559
21.5461  1.53938  9.92491  13.055
21.5461  1.5708  7.59299  13.1023
21.5461  1.60221  14.8986  12.7676
21.5461  1.63363  7.23294  13.3412
21.5461  1.66504  8.2701  13.8405
21.5461  1.69646  13.6732  14.326
21.5461  1.72788  21.744  14.1899
21.5461  1.75929  8.6318  13.4353
21.5461  1.79071  8.81744  10.757
21.5461  1.82212  12.5845  13.4468
21.5461  1.85354  14.1357  13.2446
21.5461  1.88496  11.7789  14.0571
21.5461  1.91637  10.0219  16.4004
21.5461  1.94779  8.06123  13.613
21.5461  1.9792  12.2236  15.8688
21.5461  2.01062  17.1688  15.452
21.5461  2.04204  7.65761  7.13489
21.5461  2.07345  9.43868  16.2386
21.5461  2.10487  15.1954  16.9641
21.5461  2.13628  10.1163  17.1579
21.5461  2.1677  13.3516  19.2189
21.5461  2.19911  9.11104  9.18887
21.5461  2.23053  12.3422  20.2945
21.5461  2.26195  11.8575  18.5196
21.5461  2.29336  16.8109  15.4882
21.5461  2.32478  15.2289  21.7387
21.5461  2.35619  13.6002  13.1012
21.5461  2.38761  35.9816  29.7449
21.5461  2.41903  23.2302  15.7509
21.5461  2.45044  0  0
21.5461  2.48186  0  0
21.5461  2.51327  0  0
21.5461  2.54469  0  0
21.5461  2.57611  0  0
21.5461  2.60752  0  0
21.5461  2.63894  0  0
21.5461  2.67035  0  0
21.5461  2.70177  0  0
21.5461  2.73319  0  0
21.5461  2.7646  0  0
21.5461  2.79602  0  0
21.5461  2.82743  0  0
21.5461  2.85885  0  0
21.5461  2.89027  0  0
21.5461  2.92168  0  0
21.5461  2.9531  0  0
21.5461  2.98451  0  0
21.5461  3.01593  0  0
21.5461  3.04734  0  0
21.5461  3.07876  0  0
21.5461  3.11018  0  0
21.6842  0  0  0
21.6842  0.0314159  0  0
21.6842  0.0628319  0  0
21.6842  0.0942478  0  0
21.6842  0.125664  0  0
21.6842  0.15708  0  0
21.6842  0.188496  0  0
21.6842  0.219911  0  0
21.6842  0.251327  0  0
21.6842  0.282743  0  0
21.6842  0.314159  0  0
21.6842  0.345575  0  0
21.6842  0.376991  0  0
21.6842  0.408407  0  0
21.6842  0.439823  0  0
21.6842  0.471239  0  0
21.6842  0.502655  0  0
21.6842  0.534071  0  0
21.6842  0.565487  0  0
21.6842  0.596903  0  0
21.6842  0.628319  0  0
21.6842  0.659734  0  0
21.6842  0.69115  21.4136  27.5156
21.6842  0.722566  23.9759  18.9867
21.6842  0.753982  10.9389  11.9974
21.6842  0.785398  12.7898  20.3896
21.6842  0.816814  10.9382  17.7044
21.6842  0.84823  11.3987  18.5923
21.6842  0.879646  12.7041  21.8115
21.6842  0.911062  21.4563  11.2999
21.6842  0.942478  15.2881  15.0879
21.6842  0.973894  7.57956  5.72517
21.6842  1.00531  15.6404  15.1602
21.6842  1.03673  13.4026  12.9037
21.6842  1.06814  10.9957  15.3557
21.6842  1.09956  24.34  19.7497
21.6842  1.13097  7.86956  14.1866
21.6842  1.16239  14.0775  14.1797
21.6842  1.19381  14.4838  10.6404
21.6842  1.22522  15.9565  12.4232
21.6842  1.25664  11.6761  11.4202
21.6842  1.28805  8.48277  13.6598
21.6842  1.31947  6.739  7.70468
21.6842  1.35088  12.0968  13.1083
21.6842  1.3823  13.3136  15.0186
21.6842  1.41372  12.5966  14.1141
21.6842  1.44513  11.9846  10.799
21.6842  1.47655  9.879  9.41585
21.6842  1.50796  11.7552  12.5632
21.6842  1.53938  9.85873  13.3707
21.6842  1.5708  8.15584  9.15068
21.6842  1.60221  7.77033  13.3846
21.6842  1.63363  9.056  9.37736
21.6842  1.66504  9.48017  10.1061
21.6842  1.69646  12.0927  11.9574
21.6842  1.72788  13.133  16.8714
21.6842  1.75929  13.572  13.9823
21.6842  1.79071  11.7081  14.2886
21.6842  1.82212  9.46513  15.0607
21.6842  1.85354  13.4423  11.5403
21.6842  1.88496  19.0888  13.9981
21.6842  1.91637  18.3856  13.9467
21.6842  1.94779  23.4376  12.9406
21.6842  1.9792  11.3259  11.1426
21.6842  2.01062  8.02367  13.3202
21.6842  2.04204  12.074  16.3313
21.6842  2.07345  23.7406  23.7204
21.6842  2.10487  21.3377  13.7264
21.6842  2.13628  26.627  25.6485
21.6842  2.1677  9.19916  16.195
21.6842  2.19911  25.6348  24.809
21.6842  2.23053  13.1028  19.9038
21.6842  2.26195  13.4112  20.0572
21.6842  2.29336  20.9427  20.8739
21.6842  2.32478  10.643  10.5531
21.6842  2.35619  12.7232  20.8061
21.6842  2.38761  16.9615  19.5318
21.6842  2.41903  28.2649  28.2426
21.6842  2.45044  0  0
21.6842  2.48186  0  0
21.6842  2.51327  0  0
21.6842  2.54469  0  0
21.6842  2.57611  0  0
21.6842  2.60752  0  0
21.6842  2.63894  0  0
21.6842  2.67035  0  0
21.6842  2.70177  0  0
21.6842  2.73319  0  0
21.6842  2.7646  0  0
21.6842  2.79602  0  0
21.6842  2.82743  0  0
21.6842  2.85885  0  0
21.6842  2.89027  0  0
21.6842  2.92168  0  0
21.6842  2.9531  0  0
21.6842  2.98451  0  0
21.6842  3.01593  0  0
21.6842  3.04734  0  0
21.6842  3.07876  0  0
21.6842  3.11018  0  0
21.8224  0  0  0
21.8224  0.0314159  0  0
21.8224  0.0628319  0  0
21.8224  0.0942478  0  0
21.8224  0.125664  0  0
21.8224  0.15708  0  0
21.8224  0.188496  0  0
21.8224  0.219911  0  0
21.8224  0.251327  0  0
21.8224  0.282743  0  0
21.8224  0.314159  0  0
21.8224  0.345575  0  0
21.8224  0.376991  0  0
21.8224  0.408407  0  0
21.8224  0.439823  0  0
21.8224  0.471239  0  0
21.8224  0.502655  0  0
21.8224  0.534071  0  0
21.8224  0.565487  0  0
21.8224  0.596903  0  0
21.8224  0.628319  0  0
21.8224  0.659734  0.25876  1.70223
21.8224  0.69115  31.1097  17.0605
21.8224  0.722566  14.5434  19.8777
21.8224  0.753982  9.02995  16.158
21.8224  0.785398  21.0221  16.5355
21.8224  0.816814  11.7129  20.0373
21.8224  0.84823  14.2302  18.3923
21.8224  0.879646  10.6409  11.0104
21.8224  0.911062  7.61951  6.81048
21.8224  0.942478  12.0066  19.304
21.8224  0.973894  18.5347  12.383
21.8224  1.00531  7.93186  7.51409
21.8224  1.03673  8.39027  15.1765
21.8224  1.06814  23.3284  17.4747
21.8224  1.09956  10.4451  16.5364
21.8224  1.13097  15.8867  13.8224
21.8224  1.16239  10.5006  14.5865
21.8224  1.19381  9.77127  15.2208
21.8224  1.22522  10.9812  12.2574
21.8224  1.25664  10.4881  12.8669
21.8224  1.28805  11.7525  14.1947
21.8224  1.31947  9.64733  13.2218
21.8224  1.35088  12.6682  11.1295
21.8224  1.3823  21.8914  17.9834
21.8224  1.41372  15.4725  16.8641
21.8224  1.44513  10.6525  10.7236
21.8224  1.47655  11.3633  16.0845
21.8224  1.50796  9.30743  10.8549
21.8224  1.53938  16.005  11.0211
21.8224  1.5708  17.7891  11.3445
21.8224  1.60221  9.27493  14.9
21.8224  1.63363  10.4851  11.9153
21.8224  1.66504  18.7735  15.2075
21.8224  1.69646  7.70251  12.861
21.8224  1.72788  19.6159  18.8619
21.8224  1.75929  12.207  14.4383
21.8224  1.79071  13.4037  15.3438
21.8224  1.82212  23.6855  11.9421
21.8224  1.85354  9.33622  15.2654
21.8224  1.88496  10.8894  12.5732
21.8224  1.91637  9.26336  15.7975
21.8224  1.94779  14.2293  15.082
21.8224  1.9792  21.869  13.8296
21.8224  2.01062  10.7852  15.9261
21.8224  2.04204  7.27255  8.10109
21.8224  2.07345  10.689  18.0553
21.8224  2.10487  15.7555  15.6934
21.8224  2.13628  9.00346  15.7883
21.8224  2.1677  11.9003  17.8539
21.8224  2.19911  9.21163  15.9701
21.8224  2.23053  8.1545  7.19393
21.8224  2.26195  15.0357  19.1829
21.8224  2.29336  15.966  15.4556
21.8224  2.32478  17.6087  16.2687
21.8224  2.35619  19.1137  19.678
21.8224  2.38761  13.3477  13.5087
21.8224  2.41903  23.7178  14.1177
21.8224  2.45044  23.131  22.664
21.8224  2.48186  0  0
21.8224  2.51327  0  0
21.8224  2.54469  0  0
21.8224  2.57611  0  0
21.8224  2.60752  0  0
21.8224  2.63894  0  0
21.8224  2.67035  0  0
21.8224  2.70177  0  0
21.8224  2.73319  0  0
21.8224  2.7646  0  0
21.8224  2.79602  0  0
21.8224  2.82743  0  0
21.8224  2.85885  0  0
21.8224  2.89027  0  0
21.8224  2.92168  0  0
21.8224  2.9531  0  0
21.8224  2.98451  0  0
21.8224  3.01593  0  0
21.8224  3.04734  0  0
21.8224  3.07876  0  0
21.8224  3.11018  0  0
21.9605  0  0  0
21.9605  0.0314159  0  0
21.9605  0.0628319  0  0
21.9605  0.0942478  0  0
21.9605  0.125664  0  0
21.9605  0.15708  0  0
21.9605  0.188496  0  0
21.9605  0.219911  0  0
21.9605  0.251327  0  0
21.9605  0.282743  0  0
21.9605  0.314159  0  0
21.9605  0.345575  0  0
21.9605  0.376991  0  0
21.9605  0.408407  0  0
21.9605  0.439823  0  0
21.9605  0.471239  0  0
21.9605  0.502655  0  0
21.9605  0.534071  0  0
21.9605  0.565487  0  0
21.9605  0.596903  0  0
21.9605  0.628319  0  0
21.9605  0.659734  22.6543  18.368
21.9605  0.69115  29.3767  16.8597
21.9605  0.722566  24.8814  25.4569
21.9605  0.753982  13.2967  18.1858
21.9605  0.785398  11.23  19.4054
21.9605  0.816814  12.0055  19.5706
21.9605  0.84823  9.00704  8.19519
21.9605  0.879646  12.2392  19.7525
21.9605  0.911062  12.7471  13.5554
21.9605  0.942478  21.6393  21.487
21.9605  0.973894  12.053  12.1636
21.9605  1.00531  25.778  24.1625
21.9605  1.03673  13.263  14.2769
21.9605  1.06814  12.2167  16.3891
21.9605  1.09956  9.19523  15.4811
21.9605  1.13097  8.32431  15.0813
21.9605  1.16239  9.88404  16.353
21.9605  1.19381  12.194  13.2089
21.9605  1.22522  21.7468  17.1248
21.9605  1.25664  19.1577  13.365
21.9605  1.28805  21.3231  12.2404
21.9605  1.31947  13.77  14.8249
21.9605  1.35088  19.715  13.5071
21.9605  1.3823  10.821  10.9468
21.9605  1.41372  19.6351  13.0831
21.9605  1.44513  9.13527  14.822
21.9605  1.47655  14.9604  15.28
21.9605  1.50796  11.0611  11.032
21.9605  1.53938  9.2687  15.1084
21.9605  1.5708  18.5928  18.5812
21.9605  1.60221  20.6535  11.9061
21.9605  1.63363  9.13232  12.9419
21.9605  1.66504  7.44361  13.2458
21.9605  1.69646  9.25671  13.068
21.9605  1.72788  11.4281  12.6139
21.9605  1.75929  22.6261  18.9719
21.9605  1.79071  21.295  11.1615
21.9605  1.82212  15.4629  10.4099
21.9605  1.85354  8.0433  14.6851
21.9605  1.88496  6.97926  7.29412
21.9605  1.91637  9.7178  15.8181
21.9605  1.94779  12.037  16.097
21.9605  1.9792  11.9292  12.4691
21.9605  2.01062  14.177  15.7112
21.9605  2.04204  9.39655  15.4423
21.9605  2.07345  9.84932  14.5893
21.9605  2.10487  14.7094  15.1601
21.9605  2.13628  11.0872  18.678
21.9605  2.1677  21.6473  21.4182
21.9605  2.19911  11.1289  18.3135
21.9605  2.23053  15.5948  20.857
21.9605  2.26195  9.5453  9.40234
21.9605  2.29336  11.9417  19.4822
21.9605  2.32478  25.3478  12.7633
21.9605  2.35619  19.9637  19.4568
21.9605  2.38761  18.2097  24.3132
21.9605  2.41903  25.5212  12.7664
21.9605  2.45044  41.9175  22.7954
21.9605  2.48186  0  0
21.9605  2.51327  0  0
21.9605  2.54469  0  0
21.9605  2.57611  0  0
21.9605  2.60752  0  0
21.9605  2.63894  0  0
21.9605  2.67035  0  0
21.9605  2.70177  0  0
21.9605  2.73319  0  0
21.9605  2.7646  0  0
21.9605  2.79602  0  0
21.9605  2.82743  0  0
21.9605  2.85885  0  0
21.9605  2.89027  0  0
21.9605  2.92168  0  0
21.9605  2.9531  0  0
21.9605  2.98451  0  0
21.9605  3.01593  0  0
21.9605  3.04734  0  0
21.9605  3.07876  0  0
21.9605  3.11018  0  0
22.0987  0  0  0
22.0987  0.0314159  0  0
22.0987  0.0628319  0  0
22.0987  0.0942478  0  0
22.0987  0.125664  0  0
22.0987  0.15708  0  0
22.0987  0.188496  0  0
22.0987  0.219911  0  0
22.0987  0.251327  0  0
22.0987  0.282743  0  0
22.0987  0.314159  0  0
22.0987  0.345575  0  0
22.0987  0.376991  0  0
22.0987  0.408407  0  0
22.0987  0.439823  0  0
22.0987  0.471239  0  0
22.0987  0.502655  0  0
22.0987  0.534071  0  0
22.0987  0.565487  0  0
22.0987  0.596903  0  0
22.0987  0.628319  0  0
22.0987  0.659734  33.4657  30.6225
22.0987  0.69115  30.2688  18.6543
22.0987  0.722566  18.3385  19.8106
22.0987  0.753982  14.414  16.4832
22.0987  0.785398  4.31861  1.0381
22.0987  0.816814  10.6604  9.80053
22.0987  0.84823  11.3457  19.334
22.0987  0.879646  17.1942  17.0938
22.0987  0.911062  14.2163  16.0473
22.0987  0.942478  10.716  17.0601
22.0987  0.973894  8.29771  15.1746
22.0987  1.00531  25.1006  15.0415
22.0987  1.03673  8.68275  7.55886
22.0987  1.06814  9.38568  16.6028
22.0987  1.09956  12.6737  13.4479
22.0987  1.13097  6.66316  6.08488
22.0987  1.16239  10.327  11.2708
22.0987  1.19381  15.0317  17.1244
22.0987  1.22522  23.4807  12.8659
22.0987  1.25664  10.7437  13.5577
22.0987  1.28805  23.3812  14.9459
22.0987  1.31947  11.8296  10.4386
22.0987  1.35088  21.1136  12.8335
22.0987  1.3823  12.3735  14.0251
22.0987  1.41372  6.08715  5.52692
22.0987  1.44513  9.93838  16.6207
22.0987  1.47655  22.1498  19.7057
22.0987  1.50796  19.8952  19.1483
22.0987  1.53938  20.2059  12.6085
22.0987  1.5708  8.1892  14.5076
22.0987  1.60221  10.3328  9.64672
22.0987  1.63363  10.1768  11.2088
22.0987  1.66504  19.3189  19.2805
22.0987  1.69646  11.397  14.536
22.0987  1.72788  10.4423  13.0604
22.0987  1.75929  10.4519  9.17163
22.0987  1.79071  18.0849  13.3939
22.0987  1.82212  9.24375  15.7454
22.0987  1.85354  22.3726  19.7182
22.0987  1.88496  7.4308  8.22114
22.0987  1.91637  10.876  14.8671
22.0987  1.94779  13.1625  13.0363
22.0987  1.9792  9.5863  15.2844
22.0987  2.01062  12.1716  19.5936
22.0987  2.04204  9.58614  16.5566
22.0987  2.07345  23.1194  21.6195
22.0987  2.10487  11.0742  12.734
22.0987  2.13628  9.34283  15.8014
22.0987  2.1677  12.8097  18.8387
22.0987  2.19911  25.9231  15.1834
22.0987  2.23053  15.1239  19.2811
22.0987  2.26195  28.0671  19.4529
22.0987  2.29336  10.9626  18.8476
22.0987  2.32478  13.3166  19.7717
22.0987  2.35619  16.885  19.469
22.0987  2.38761  10.2086  11.5995
22.0987  2.41903  17.179  25.2958
22.0987  2.45044  33.7859  30.742
22.0987  2.48186  0  0
22.0987  2.51327  0  0
22.0987  2.54469  0  0
22.0987  2.57611  0  0
22.0987  2.60752  0  0
22.0987  2.63894  0  0
22.0987  2.67035  0  0
22.0987  2.70177  0  0
22.0987  2.73319  0  0
22.0987  2.7646  0  0
22.0987  2.79602  0  0
22.0987  2.82743  0  0
22.0987  2.85885  0  0
22.0987  2.89027  0  0
22.0987  2.92168  0  0
22.0987  2.9531  0  0
22.0987  2.98451  0  0
22.0987  3.01593  0  0
22.0987  3.04734  0  0
22.0987  3.07876  0  0
22.0987  3.11018  0  0
22.2368  0  0  0
22.2368  0.0314159  0  0
22.2368  0.0628319  0  0
22.2368  0.0942478  0  0
22.2368  0.125664  0  0
22.2368  0.15708  0  0
22.2368  0.188496  0  0
22.2368  0.219911  0  0
22.2368  0.251327  0  0
22.2368  0.282743  0  0
22.2368  0.314159  0  0
22.2368  0.345575  0  0
22.2368  0.376991  0  0
22.2368  0.408407  0  0
22.2368  0.439823  0  0
22.2368  0.471239  0  0
22.2368  0.502655  0  0
22.2368  0.534071  0  0
22.2368  0.565487  0  0
22.2368  0.596903  0  0
22.2368  0.628319  0.248329  2.05292
22.2368  0.659734  17.5418  20.7303
22.2368  0.69115  18.3277  21.3396
22.2368  0.722566  28.7092  21.1064
22.2368  0.753982  26.4565  14.1481
22.2368  0.785398  17.7121  14.2917
22.2368  0.816814  13.7181  19.5388
22.2368  0.84823  13.3692  21.1518
22.2368  0.879646  9.79534  9.89176
22.2368  0.911062  21.3912  16.492
22.2368  0.942478  14.5701  18.8004
22.2368  0.973894  9.02967  9.0807
22.2368  1.00531  9.16602  16.5344
22.2368  1.03673  8.72584  7.52597
22.2368  1.06814  14.052  15.1148
22.2368  1.09956  17.1709  17.7235
22.2368  1.13097  22.985  18.0981
22.2368  1.16239  11.0223  14.3581
22.2368  1.19381  9.38299  13.7264
22.2368  1.22522  24.0436  23.9984
22.2368  1.25664  13.4445  13.3244
22.2368  1.28805  10.5846  14.7759
22.2368  1.31947  9.48824  15.2222
22.2368  1.35088  14.708  12.3763
22.2368  1.3823  7.82518  12.7288
22.2368  1.41372  15.264  15.2166
22.2368  1.44513  11.1118  12.7525
22.2368  1.47655  8.97724  14.2276
22.2368  1.50796  14.2363  16.967
22.2368  1.53938  9.58539  14.5675
22.2368  1.5708  20.0139  11.7075
22.2368  1.60221  13.1294  12.4476
22.2368  1.63363  16.849  13.5079
22.2368  1.66504  12.1943  13.5665
22.2368  1.69646  15.1183  15.4629
22.2368  1.72788  16.1484  15.4375
22.2368  1.75929  8.8317  13.9744
22.2368  1.79071  20.1014  11.0409
22.2368  1.82212  13.6722  10.998
22.2368  1.85354  11.2921  12.4507
22.2368  1.88496  11.3869  15.8958
22.2368  1.91637  10.8687  15.7149
22.2368  1.94779  12.7394  20.5586
22.2368  1.9792  22.644  18.7187
22.2368  2.01062  12.3249  14.3455
22.2368  2.04204  24.3427  20.1929
22.2368  2.07345  12.8405  13.1093
22.2368  2.10487  9.91847  16.4656
22.2368  2.13628  13.1521  16.0318
22.2368  2.1677  6.46666  4.88278
22.2368  2.19911  24.9174  16.4643
22.2368  2.23053  7.78255  6.79076
22.2368  2.26195  14.8555  20.8909
22.2368  2.29336  8.39968  7.85924
22.2368  2.32478  11.3548  18.3189
22.2368  2.35619  25.7341  13.7469
22.2368  2.38761  15.8399  20.9961
22.2368  2.41903  24.3529  25.3895
22.2368  2.45044  27.7635  14.4897
22.2368  2.48186  1.21941  8.94783
22.2368  2.51327  0  0
22.2368  2.54469  0  0
22.2368  2.57611  0  0
22.2368  2.60752  0  0
22.2368  2.63894  0  0
22.2368  2.67035  0  0
22.2368  2.70177  0  0
22.2368  2.73319  0  0
22.2368  2.7646  0  0
22.2368  2.79602  0  0
22.2368  2.82743  0  0
22.2368  2.85885  0  0
22.2368  2.89027  0  0
22.2368  2.92168  0  0
22.2368  2.9531  0  0
22.2368  2.98451  0  0
22.2368  3.01593  0  0
22.2368  3.04734  0  0
22.2368  3.07876  0  0
22.2368  3.11018  0  0
22.375  0  0  0
22.375  0.0314159  0  0
22.375  0.0628319  0  0
22.375  0.0942478  0  0
22.375  0.125664  0  0
22.375  0.15708  0  0
22.375  0.188496  0  0
22.375  0.219911  0  0
22.375  0.251327  0  0
22.375  0.282743  0  0
22.375  0.314159  0  0
22.375  0.345575  0  0
22.375  0.376991  0  0
22.375  0.408407  0  0
22.375  0.439823  0  0
22.375  0.471239  0  0
22.375  0.502655  0  0
22.375  0.534071  0  0
22.375  0.565487  0  0
22.375  0.596903  0  0
22.375  0.628319  0  0
22.375  0.659734  31.0415  15.5302
22.375  0.69115  32.1952  30.1086
22.375  0.722566  16.8846  25.6763
22.375  0.753982  11.988  20.5982
22.375  0.785398  10.6873  19.1091
22.375  0.816814  12.2227  20.2413
22.375  0.84823  9.08305  8.56689
22.375  0.879646  12.6992  19.5347
22.375  0.911062  26.6482  26.3669
22.375  0.942478  19.3613  17.7222
22.375  0.973894  13.5096  14.2457
22.375  1.00531  17.024  18.0906
22.375  1.03673  8.51453  14.7483
22.375  1.06814  11.5432  17.7389
22.375  1.09956  10.7115  17.772
22.375  1.13097  11.5952  13.2916
22.375  1.16239  20.2909  15.2259
22.375  1.19381  23.2082  20.9175
22.375  1.22522  7.73789  14.712
22.375  1.25664  10.7004  15.7783
22.375  1.28805  14.5022  12.8433
22.375  1.31947  16.8073  18.2166
22.375  1.35088  20.7848  14.6499
22.375  1.3823  13.3577  10.242
22.375  1.41372  12.2549  12.4085
22.375  1.44513  11.4734  16.6374
22.375  1.47655  10.0856  13.9002
22.375  1.50796  9.77765  15.5523
22.375  1.53938  11.8645  13.0403
22.375  1.5708  11.3877  14.1419
22.375  1.60221  10.0578  15.5089
22.375  1.63363  9.99184  16.3325
22.375  1.66504  7.05851  12.2574
22.375  1.69646  8.17856  14.5986
22.375  1.72788  10.4816  14.6289
22.375  1.75929  11.5047  11.3993
22.375  1.79071  20.9507  12.9126
22.375  1.82212  8.65471  13.5219
22.375  1.85354  17.251  17.2529
22.375  1.88496  11.4151  10.7325
22.375  1.91637  8.56357  16.5246
22.375  1.94779  11.9153  13.7462
22.375  1.9792  10.1944  15.167
22.375  2.01062  8.91473  15.9931
22.375  2.04204  15.2388  16.7118
22.375  2.07345  14.1403  16.5893
22.375  2.10487  19.3668  13.0853
22.375  2.13628  16.2673  16.6717
22.375  2.1677  10.5885  16.6449
22.375  2.19911  11.4918  16.6979
22.375  2.23053  10.0594  16.5374
22.375  2.26195  14.4274  20.9223
22.375  2.29336  9.14621  9.62402
22.375  2.32478  28.5808  27.841
22.375  2.35619  11.3854  14.5321
22.375  2.38761  19.5056  17.5401
22.375  2.41903  30.9959  28.6806
22.375  2.45044  32.1565  28.1682
22.375  2.48186  5.44544  39.9579
22.375  2.51327  0  0
22.375  2.54469  0  0
22.375  2.57611  0  0
22.375  2.60752  0  0
22.375  2.63894  0  0
22.375  2.67035  0  0
22.375  2.70177  0  0
22.375  2.73319  0  0
22.375  2.7646  0  0
22.375  2.79602  0  0
22.375  2.82743  0  0
22.375  2.85885  0  0
22.375  2.89027  0  0
22.375  2.92168  0  0
22.375  2.9531  0  0
22.375  2.98451  0  0
22.375  3.01593  0  0
22.375  3.04734  0  0
22.375  3.07876  0  0
22.375  3.11018  0  0
22.5132  0  0  0
22.5132  0.0314159  0  0
22.5132  0.0628319  0  0
22.5132  0.0942478  0  0
22.5132  0.125664  0  0
22.5132  0.15708  0  0
22.5132  0.188496  0  0
22.5132  0.219911  0  0
22.5132  0.251327  0  0
22.5132  0.282743  0  0
22.5132  0.314159  0  0
22.5132  0.345575  0  0
22.5132  0.376991  0  0
22.5132  0.408407  0  0
22.5132  0.439823  0  0
22.5132  0.471239  0  0
22.5132  0.502655  0  0
22.5132  0.534071  0  0
22.5132  0.565487  0  0
22.5132  0.596903  0.242844  2.33713
22.5132  0.628319  27.0519  22.7872
22.5132  0.659734  10.8108  11.749
22.5132  0.69115  10.6956  18.7034
22.5132  0.722566  11.149  20.5192
22.5132  0.753982  16.1115  14.3241
22.5132  0.785398  20.3112  15.915
22.5132  0.816814  18.4488  21.0252
22.5132  0.84823  8.88854  7.52589
22.5132  0.879646  12.582  20.5261
22.5132  0.911062  10.008  16.4257
22.5132  0.942478  10.1503  16.6895
22.5132  0.973894  11.6903  18.4569
22.5132  1.00531  7.36142  7.00416
22.5132  1.03673  10.1763  17.0517
22.5132  1.06814  9.74605  15.9393
22.5132  1.09956  22.2693  14.0587
22.5132  1.13097  13.2832  14.5263
22.5132  1.16239  10.1888  14.3379
22.5132  1.19381  10.5933  17.6888
22.5132  1.22522  22.9634  21.1768
22.5132  1.25664  5.94386  7.07272
22.5132  1.28805  11.5515  10.4104
22.5132  1.31947  19.3677  15.5384
22.5132  1.35088  27.6095  30.029
22.5132  1.3823  9.89794  15.6801
22.5132  1.41372  16.0841  17.7082
22.5132  1.44513  9.32627  14.103
22.5132  1.47655  8.94683  15.5554
22.5132  1.50796  12.4003  11.0874
22.5132  1.53938  13.5204  16.28
22.5132  1.5708  9.99455  13.8814
22.5132  1.60221  18.6048  18.3743
22.5132  1.63363  10.0686  15.409
22.5132  1.66504  12.494  13.0849
22.5132  1.69646  18.0699  20.3565
22.5132  1.72788  8.27436  14.0003
22.5132  1.75929  15.5823  14.0558
22.5132  1.79071  15.3396  10.6308
22.5132  1.82212  11.4878  13.5199
22.5132  1.85354  6.56925  5.77151
22.5132  1.88496  9.7294  16.1363
22.5132  1.91637  5.90493  4.40245
22.5132  1.94779  10.1096  16.5926
22.5132  1.9792  9.06311  15.7604
22.5132  2.01062  26.3916  20.3843
22.5132  2.04204  11.5709  14.6864
22.5132  2.07345  13.145  18.9265
22.5132  2.10487  11.303  14.3557
22.5132  2.13628  13.4764  19.1585
22.5132  2.1677  12.6063  14.9753
22.5132  2.19911  13.0482  16.7828
22.5132  2.23053  15.0767  16.3139
22.5132  2.26195  13.6595  22.0657
22.5132  2.29336  12.0258  19.5973
22.5132  2.32478  29.4366  14.8614
22.5132  2.35619  14.3435  16.1827
22.5132  2.38761  11.4984  19.32
22.5132  2.41903  20.1376  16.7344
22.5132  2.45044  11.003  20.9516
22.5132  2.48186  1.64732  12.0878
22.5132  2.51327  0  0
22.5132  2.54469  0.240911  2.28421
22.5132  2.57611  0  0
22.5132  2.60752  0  0
22.5132  2.63894  0  0
22.5132  2.67035  0  0
22.5132  2.70177  0  0
22.5132  2.73319  0  0
22.5132  2.7646  0  0
22.5132  2.79602  0  0
22.5132  2.82743  0  0
22.5132  2.85885  0  0
22.5132  2.89027  0  0
22.5132  2.92168  0  0
22.5132  2.9531  0  0
22.5132  2.98451  0  0
22.5132  3.01593  0  0
22.5132  3.04734  0  0
22.5132  3.07876  0  0
22.5132  3.11018  0  0
22.6513  0  0  0
22.6513  0.0314159  0  0
22.6513  0.0628319  0  0
22.6513  0.0942478  0  0
22.6513  0.125664  0  0
22.6513  0.15708  0  0
22.6513  0.188496  0  0
22.6513  0.219911  0  0
22.6513  0.251327  0  0
22.6513  0.282743  0  0
22.6513  0.314159  0  0
22.6513  0.345575  0  0
22.6513  0.376991  0  0
22.6513  0.408407  0  0
22.6513  0.439823  0  0
22.6513  0.471239  0  0
22.6513  0.502655  0  0
22.6513  0.534071  0  0
22.6513  0.565487  0  0
22.6513  0.596903  0  0
22.6513  0.628319  21.911  21.4621
22.6513  0.659734  38.9024  19.4717
22.6513  0.69115  16.0564  14.7783
22.6513  0.722566  9.89189  18.5018
22.6513  0.753982  13.5082  19.5041
22.6513  0.785398  13.8937  14.1481
22.6513  0.816814  232.562  156.062
22.6513  0.84823  10.8581  17.6288
22.6513  0.879646  9.43753  9.77681
22.6513  0.911062  11.4188  18.4019
22.6513  0.942478  11.9246  19.8465
22.6513  0.973894  16.3332  16.6247
22.6513  1.00531  10.6198  14.9757
22.6513  1.03673  9.04612  8.17135
22.6513  1.06814  9.02521  15.7324
22.6513  1.09956  10.0821  12.4094
22.6513  1.13097  18.5185  13.4421
22.6513  1.16239  11.6079  17.3887
22.6513  1.19381  14.25  17.9112
22.6513  1.22522  8.27608  14.3697
22.6513  1.25664  11.5703  16.0801
22.6513  1.28805  9.01589  15.5636
22.6513  1.31947  9.60546  15.6283
22.6513  1.35088  9.47669  10.2368
22.6513  1.3823  19.7521  19.7269
22.6513  1.41372  10.221  16.4724
22.6513  1.44513  10.8338  13.9199
22.6513  1.47655  20.9638  19.6807
22.6513  1.50796  11.8593  14.9897
22.6513  1.53938  8.98244  12.3294
22.6513  1.5708  14.202  15.2042
22.6513  1.60221  10.9517  16.2544
22.6513  1.63363  11.4098  14.6137
22.6513  1.66504  8.86755  14.4322
22.6513  1.69646  8.32441  10.1489
22.6513  1.72788  9.52745  16.295
22.6513  1.75929  6.25446  4.63653
22.6513  1.79071  9.6968  11.0562
22.6513  1.82212  13.1956  13.3443
22.6513  1.85354  8.28632  15.1727
22.6513  1.88496  11.7973  10.5713
22.6513  1.91637  14.7944  14.5412
22.6513  1.94779  12.1269  12.2046
22.6513  1.9792  9.69165  16.1605
22.6513  2.01062  8.16145  13.8664
22.6513  2.04204  11.2138  17.5586
22.6513  2.07345  10.8718  18.1831
22.6513  2.10487  11.4488  18.4113
22.6513  2.13628  10.7274  16.1415
22.6513  2.1677  10.5992  16.9538
22.6513  2.19911  11.6623  18.5182
22.6513  2.23053  10.957  16.6094
22.6513  2.26195  10.8178  17.8723
22.6513  2.29336  27.4986  13.7573
22.6513  2.32478  11.7976  19.8001
22.6513  2.35619  11.6665  20.356
22.6513  2.38761  19.4841  16.1652
22.6513  2.41903  20.3501  16.4321
22.6513  2.45044  28.6195  26.0752
22.6513  2.48186  18.9148  10.6334
22.6513  2.51327  0  0
22.6513  2.54469  0  0
22.6513  2.57611  0  0
22.6513  2.60752  0  0
22.6513  2.63894  0  0
22.6513  2.67035  0  0
22.6513  2.70177  0  0
22.6513  2.73319  0  0
22.6513  2.7646  0  0
22.6513  2.79602  0  0
22.6513  2.82743  0  0
22.6513  2.85885  0  0
22.6513  2.89027  0  0
22.6513  2.92168  0  0
22.6513  2.9531  0  0
22.6513  2.98451  0  0
22.6513  3.01593  0  0
22.6513  3.04734  0  0
22.6513  3.07876  0  0
22.6513  3.11018  0  0
22.7895  0  0  0
22.7895  0.0314159  0  0
22.7895  0.0628319  0  0
22.7895  0.0942478  0  0
22.7895  0.125664  0  0
22.7895  0.15708  0  0
22.7895  0.188496  0  0
22.7895  0.219911  0  0
22.7895  0.251327  0  0
22.7895  0.282743  0  0
22.7895  0.314159  0  0
22.7895  0.345575  0  0
22.7895  0.376991  0  0
22.7895  0.408407  0  0
22.7895  0.439823  0  0
22.7895  0.471239  0  0
22.7895  0.502655  0  0
22.7895  0.534071  0  0
22.7895  0.565487  0  0
22.7895  0.596903  0  0
22.7895  0.628319  25.7219  26.8341
22.7895  0.659734  12.218  22.6836
22.7895  0.69115  23.4961  25.334
22.7895  0.722566  15.1393  20.1303
22.7895  0.753982  12.8733  12.9553
22.7895  0.785398  10.8185  18.9221
22.7895  0.816814  16.8226  17.6688
22.7895  0.84823  11.4629  19.0849
22.7895  0.879646  12.2792  19.435
22.7895  0.911062  22.582  22.3588
22.7895  0.942478  9.32113  15.5008
22.7895  0.973894  11.3997  18.0538
22.7895  1.00531  10.1482  17.6134
22.7895  1.03673  24.1816  17.9911
22.7895  1.06814  11.1721  12.5688
22.7895  1.09956  14.3909  13.2882
22.7895  1.13097  10.1266  16.3021
22.7895  1.16239  10.3499  9.5994
22.7895  1.19381  11.1137  14.6995
22.7895  1.22522  10.6201  17.0343
22.7895  1.25664  7.01366  12.4645
22.7895  1.28805  21.1116  11.3267
22.7895  1.31947  13.0512  17.2666
22.7895  1.35088  10.172  12.2057
22.7895  1.3823  7.00897  7.18934
22.7895  1.41372  16.1938  15.5112
22.7895  1.44513  23.6946  23.649
22.7895  1.47655  10.9815  14.7015
22.7895  1.50796  7.1743  11.7301
22.7895  1.53938  8.28258  13.4513
22.7895  1.5708  7.31402  12.4235
22.7895  1.60221  17.4645  14.4922
22.7895  1.63363  14.9019  11.9498
22.7895  1.66504  17.9719  10.9487
22.7895  1.69646  7.68357  13.3157
22.7895  1.72788  13.0266  10.6012
22.7895  1.75929  17.2397  12.7715
22.7895  1.79071  20.5595  10.6636
22.7895  1.82212  15.8533  16.6999
22.7895  1.85354  11.354  15.7963
22.7895  1.88496  10.1131  16.9339
22.7895  1.91637  10.7558  16.4569
22.7895  1.94779  22.4407  15.2809
22.7895  1.9792  9.17827  15.2506
22.7895  2.01062  17.9281  16.8807
22.7895  2.04204  21.7491  23.3009
22.7895  2.07345  21.1799  21.1308
22.7895  2.10487  12.9977  17.3364
22.7895  2.13628  16.9355  17.1156
22.7895  2.1677  9.0487  8.65912
22.7895  2.19911  7.69575  7.5375
22.7895  2.23053  16.5188  22.6769
22.7895  2.26195  12.5013  20.5541
22.7895  2.29336  9.44771  16.5788
22.7895  2.32478  20.8351  17.872
22.7895  2.35619  15.7174  22.3771
22.7895  2.38761  15.5305  17.0158
22.7895  2.41903  29.4824  21.7426
22.7895  2.45044  15.8901  20.137
22.7895  2.48186  14.1473  23.4485
22.7895  2.51327  0  0
22.7895  2.54469  0  0
22.7895  2.57611  0  0
22.7895  2.60752  0  0
22.7895  2.63894  0  0
22.7895  2.67035  0  0
22.7895  2.70177  0  0
22.7895  2.73319  0  0
22.7895  2.7646  0  0
22.7895  2.79602  0  0
22.7895  2.82743  0  0
22.7895  2.85885  0  0
22.7895  2.89027  0  0
22.7895  2.92168  0  0
22.7895  2.9531  0  0
22.7895  2.98451  0  0
22.7895  3.01593  0  0
22.7895  3.04734  0  0
22.7895  3.07876  0  0
22.7895  3.11018  0  0
22.9276  0  0  0
22.9276  0.0314159  0  0
22.9276  0.0628319  0  0
22.9276  0.0942478  0  0
22.9276  0.125664  0  0
22.9276  0.15708  0  0
22.9276  0.188496  0  0
22.9276  0.219911  0  0
22.9276  0.251327  0  0
22.9276  0.282743  0  0
22.9276  0.314159  0  0
22.9276  0.345575  0  0
22.9276  0.376991  0  0
22.9276  0.408407  0  0
22.9276  0.439823  0  0
22.9276  0.471239  0  0
22.9276  0.502655  0  0
22.9276  0.534071  0  0
22.9276  0.565487  0  0
22.9276  0.596903  0.252265  1.87673
22.9276  0.628319  24.1981  23.2317
22.9276  0.659734  15.4192  18.1378
22.9276  0.69115  17.8476  24.6588
22.9276  0.722566  17.537  14.4688
22.9276  0.753982  28.757  22.2056
22.9276  0.785398  10.6433  11.0512
22.9276  0.816814  25.6673  15.0276
22.9276  0.84823  9.42359  7.75885
22.9276  0.879646  9.25635  8.84509
22.9276  0.911062  18.068  18.6606
22.9276  0.942478  9.00535  9.27296
22.9276  0.973894  9.87996  9.41795
22.9276  1.00531  10.9713  18.2738
22.9276  1.03673  8.93607  15.5856
22.9276  1.06814  11.6805  14.3525
22.9276  1.09956  14.0881  15.477
22.9276  1.13097  12.3464  14.3683
22.9276  1.16239  9.38679  16.1631
22.9276  1.19381  20.2531  12.8571
22.9276  1.22522  12.827  13.5479
22.9276  1.25664  17.914  14.8367
22.9276  1.28805  12.1048  15.2069
22.9276  1.31947  8.8888  11.5662
22.9276  1.35088  6.78557  6.06184
22.9276  1.3823  11.1637  15.8881
22.9276  1.41372  6.54429  12.1607
22.9276  1.44513  20.3076  21.0846
22.9276  1.47655  20.6823  12.102
22.9276  1.50796  11.6432  12.6316
22.9276  1.53938  19.8232  19.2903
22.9276  1.5708  11.964  13.204
22.9276  1.60221  17.7967  9.82722
22.9276  1.63363  10.8257  8.70342
22.9276  1.66504  10.4285  11.3279
22.9276  1.69646  17.8068  15.4419
22.9276  1.72788  6.49855  11.8066
22.9276  1.75929  9.64085  16.6342
22.9276  1.79071  11.0497  16.1693
22.9276  1.82212  8.22571  13.7464
22.9276  1.85354  7.94406  7.96068
22.9276  1.88496  9.52468  15.1133
22.9276  1.91637  20.7215  19.966
22.9276  1.94779  17.7886  15.7744
22.9276  1.9792  11.7813  16.1347
22.9276  2.01062  14.587  13.0038
22.9276  2.04204  10.1237  15.8971
22.9276  2.07345  13.4158  14.1292
22.9276  2.10487  9.00522  9.29848
22.9276  2.13628  15.7986  15.2913
22.9276  2.1677  11.4188  16.9568
22.9276  2.19911  10.3737  16.076
22.9276  2.23053  12.5149  19.8171
22.9276  2.26195  17.4808  19.0747
22.9276  2.29336  14.2751  18.2513
22.9276  2.32478  22.1074  22.8157
22.9276  2.35619  16.9093  18.777
22.9276  2.38761  14.6162  17.9081
22.9276  2.41903  13.7905  21.934
22.9276  2.45044  15.319  18.9596
22.9276  2.48186  15.7828  19.1807
22.9276  2.51327  0  0
22.9276  2.54469  0  0
22.9276  2.57611  0  0
22.9276  2.60752  0  0
22.9276  2.63894  0  0
22.9276  2.67035  0  0
22.9276  2.70177  0  0
22.9276  2.73319  0  0
22.9276  2.7646  0  0
22.9276  2.79602  0  0
22.9276  2.82743  0  0
22.9276  2.85885  0  0
22.9276  2.89027  0  0
22.9276  2.92168  0  0
22.9276  2.9531  0  0
22.9276  2.98451  0  0
22.9276  3.01593  0  0
22.9276  3.04734  0  0
22.9276  3.07876  0  0
22.9276  3.11018  0  0
23.0658  0  0  0
23.0658  0.0314159  0  0
23.0658  0.0628319  0  0
23.0658  0.0942478  0  0
23.0658  0.125664  0  0
23.0658  0.15708  0  0
23.0658  0.188496  0  0
23.0658  0.219911  0  0
23.0658  0.251327  0  0
23.0658  0.282743  0  0
23.0658  0.314159  0  0
23.0658  0.345575  0  0
23.0658  0.376991  0  0
23.0658  0.408407  0  0
23.0658  0.439823  0  0
23.0658  0.471239  0  0
23.0658  0.502655  0  0
23.0658  0.534071  0  0
23.0658  0.565487  0  0
23.0658  0.596903  3.65822  26.8435
23.0658  0.628319  14.1517  18.7461
23.0658  0.659734  27.6108  25.9432
23.0658  0.69115  16.4325  15.4948
23.0658  0.722566  11.8945  20.2628
23.0658  0.753982  27.17  26.3579
23.0658  0.785398  16.2913  22.0711
23.0658  0.816814  15.6475  14.4295
23.0658  0.84823  13.503  13.4339
23.0658  0.879646  26.888  17.1457
23.0658  0.911062  10.7243  17.76
23.0658  0.942478  22.7922  20.8339
23.0658  0.973894  8.09922  6.91252
23.0658  1.00531  9.86815  15.7487
23.0658  1.03673  24.5325  13.5314
23.0658  1.06814  13.0027  17.9367
23.0658  1.09956  12.9016  17.8318
23.0658  1.13097  8.78695  15.3241
23.0658  1.16239  9.16529  14.4358
23.0658  1.19381  14.1664  13.8757
23.0658  1.22522  10.3913  16.1012
23.0658  1.25664  8.17543  12.8742
23.0658  1.28805  10.752  10.8226
23.0658  1.31947  10.2021  12.8636
23.0658  1.35088  8.54106  14.8592
23.0658  1.3823  9.57053  13.3973
23.0658  1.41372  12.6478  14.9589
23.0658  1.44513  17.6105  14.5064
23.0658  1.47655  10.1828  15.6975
23.0658  1.50796  9.37608  15.5603
23.0658  1.53938  13.1585  14.74
23.0658  1.5708  20.718  14.7105
23.0658  1.60221  20.1658  19.9271
23.0658  1.63363  7.927  13.5524
23.0658  1.66504  7.67196  13.0207
23.0658  1.69646  10.4642  11.2605
23.0658  1.72788  8.14256  15.012
23.0658  1.75929  20.5486  10.2776
23.0658  1.79071  8.8932  15.1171
23.0658  1.82212  13.3202  12.7835
23.0658  1.85354  20.3152  13.1511
23.0658  1.88496  17.3763  12.3725
23.0658  1.91637  13.199  15.894
23.0658  1.94779  11.8891  11.8185
23.0658  1.9792  8.62235  14.608
23.0658  2.01062  14.6479  15.1252
23.0658  2.04204  17.7307  20.0676
23.0658  2.07345  22.9146  22.9056
23.0658  2.10487  10.0942  16.7249
23.0658  2.13628  12.9235  13.4212
23.0658  2.1677  9.6621  17.3197
23.0658  2.19911  22.4598  20.6375
23.0658  2.23053  15.093  18.8434
23.0658  2.26195  11.9834  18.4114
23.0658  2.29336  13.7681  20.5787
23.0658  2.32478  14.7755  19.127
23.0658  2.35619  13.1036  23.0791
23.0658  2.38761  30.234  17.8811
23.0658  2.41903  15.1612  21.1843
23.0658  2.45044  30.9259  21.1238
23.0658  2.48186  33.6653  22.4546
23.0658  2.51327  22.0213  15.1456
23.0658  2.54469  0  0
23.0658  2.57611  0  0
23.0658  2.60752  0  0
23.0658  2.63894  0  0
23.0658  2.67035  0  0
23.0658  2.70177  0  0
23.0658  2.73319  0  0
23.0658  2.7646  0  0
23.0658  2.79602  0  0
23.0658  2.82743  0  0
23.0658  2.85885  0  0
23.0658  2.89027  0  0
23.0658  2.92168  0  0
23.0658  2.9531  0  0
23.0658  2.98451  0  0
23.0658  3.01593  0  0
23.0658  3.04734  0  0
23.0658  3.07876  0  0
23.0658  3.11018  0  0
23.2039  0  0  0
23.2039  0.0314159  0  0
23.2039  0.0628319  0  0
23.2039  0.0942478  0  0
23.2039  0.125664  0  0
23.2039  0.15708  0  0
23.2039  0.188496  0  0
23.2039  0.219911  0  0
23.2039  0.251327  0  0
23.2039  0.282743  0  0
23.2039  0.314159  0  0
23.2039  0.345575  0  0
23.2039  0.376991  0  0
23.2039  0.408407  0  0
23.2039  0.439823  0  0
23.2039  0.471239  0  0
23.2039  0.502655  0  0
23.2039  0.534071  0  0
23.2039  0.565487  0  0
23.2039  0.596903  10.2495  9.71931
23.2039  0.628319  13.6553  21.9061
23.2039  0.659734  18.3824  19.6808
23.2039  0.69115  13.356  15.3765
23.2039  0.722566  20.7627  22.8192
23.2039  0.753982  28.5733  14.2882
23.2039  0.785398  10.2729  18.193
23.2039  0.816814  10.6515  11.3167
23.2039  0.84823  10.6598  17.5276
23.2039  0.879646  9.50348  9.50998
23.2039  0.911062  25.967  20.5155
23.2039  0.942478  16.2025  18.0266
23.2039  0.973894  10.3975  18.3073
23.2039  1.00531  10.0529  10.5183
23.2039  1.03673  10.8564  17.1366
23.2039  1.06814  11.6991  18.723
23.2039  1.09956  13.9974  13.466
23.2039  1.13097  11.4914  17.2688
23.2039  1.16239  16.5598  14.5102
23.2039  1.19381  10.393  16.8062
23.2039  1.22522  14.4878  12.0557
23.2039  1.25664  13.4565  12.7351
23.2039  1.28805  9.93586  16.0792
23.2039  1.31947  8.54396  9.1795
23.2039  1.35088  9.69385  14.1821
23.2039  1.3823  12.0236  13.043
23.2039  1.41372  7.71651  13.9226
23.2039  1.44513  12.1106  16.4562
23.2039  1.47655  13.2206  14.7683
23.2039  1.50796  10.2611  13.6589
23.2039  1.53938  22.4448  16.5977
23.2039  1.5708  21.1319  11.791
23.2039  1.60221  23.5695  17.902
23.2039  1.63363  7.41541  12.6813
23.2039  1.66504  14.5176  14.0289
23.2039  1.69646  15.0459  14.7882
23.2039  1.72788  10.7453  15.909
23.2039  1.75929  12.9642  12.6136
23.2039  1.79071  9.10707  15.2223
23.2039  1.82212  12.6398  14.1003
23.2039  1.85354  7.20248  13.318
23.2039  1.88496  9.43304  11.3403
23.2039  1.91637  11.9043  12.9838
23.2039  1.94779  1.78254  0.248809
23.2039  1.9792  8.69565  15.5724
23.2039  2.01062  8.12564  14.2322
23.2039  2.04204  9.39876  15.6353
23.2039  2.07345  21.2694  20.2446
23.2039  2.10487  8.66132  14.2686
23.2039  2.13628  13.6536  19.5404
23.2039  2.1677  10.6119  10.7526
23.2039  2.19911  10.4649  18.53
23.2039  2.23053  10.3311  18.0457
23.2039  2.26195  24.4242  14.2659
23.2039  2.29336  9.82379  15.7273
23.2039  2.32478  21.8982  23.9655
23.2039  2.35619  12.1375  19.9756
23.2039  2.38761  14.8634  15.4132
23.2039  2.41903  11.8761  19.9927
23.2039  2.45044  31.6783  18.399
23.2039  2.48186  18.3427  22.0255
23.2039  2.51327  29.4189  21.6935
23.2039  2.54469  0  0
23.2039  2.57611  0  0
23.2039  2.60752  0  0
23.2039  2.63894  0  0
23.2039  2.67035  0  0
23.2039  2.70177  0  0
23.2039  2.73319  0  0
23.2039  2.7646  0  0
23.2039  2.79602  0  0
23.2039  2.82743  0  0
23.2039  2.85885  0  0
23.2039  2.89027  0  0
23.2039  2.92168  0  0
23.2039  2.9531  0  0
23.2039  2.98451  0  0
23.2039  3.01593  0  0
23.2039  3.04734  0  0
23.2039  3.07876  0  0
23.2039  3.11018  0  0
23.3421  0  0  0
23.3421  0.0314159  0  0
23.3421  0.0628319  0  0
23.3421  0.0942478  0  0
23.3421  0.125664  0  0
23.3421  0.15708  0  0
23.3421  0.188496  0  0
23.3421  0.219911  0  0
23.3421  0.251327  0  0
23.3421  0.282743  0  0
23.3421  0.314159  0  0
23.3421  0.345575  0  0
23.3421  0.376991  0  0
23.3421  0.408407  0  0
23.3421  0.439823  0  0
23.3421  0.471239  0  0
23.3421  0.502655  0  0
23.3421  0.534071  0  0
23.3421  0.565487  0  0
23.3421  0.596903  43.9609  32.763
23.3421  0.628319  13.6645  21.4885
23.3421  0.659734  23.0875  25.3135
23.3421  0.69115  13.3558  24.1402
23.3421  0.722566  11.1082  12.0832
23.3421  0.753982  12.6546  20.8557
23.3421  0.785398  11.116  19.832
23.3421  0.816814  13.3314  19.1935
23.3421  0.84823  11.4833  11.2089
23.3421  0.879646  15.1566  14.458
23.3421  0.911062  10.4754  17.9089
23.3421  0.942478  11.9783  18.2357
23.3421  0.973894  8.93513  15.326
23.3421  1.00531  9.18011  14.7028
23.3421  1.03673  9.84904  15.6858
23.3421  1.06814  16.0561  13.2308
23.3421  1.09956  10.3543  14.4133
23.3421  1.13097  15.2124  14.5254
23.3421  1.16239  24.6671  21.5283
23.3421  1.19381  13.7652  12.4438
23.3421  1.22522  11.2677  13.2604
23.3421  1.25664  18.6774  16.4875
23.3421  1.28805  11.8561  14.9629
23.3421  1.31947  14.1548  15.5267
23.3421  1.35088  15.1657  11.7907
23.3421  1.3823  11.2161  12.5021
23.3421  1.41372  11.9747  11.8192
23.3421  1.44513  6.07351  11.2527
23.3421  1.47655  8.22006  14.1923
23.3421  1.50796  10.4613  12.1808
23.3421  1.53938  9.14354  10.9864
23.3421  1.5708  16.2691  12.6726
23.3421  1.60221  12  11.8173
23.3421  1.63363  10.8537  15.7871
23.3421  1.66504  9.25099  15.3261
23.3421  1.69646  10.1348  12.2425
23.3421  1.72788  11.4185  11.2904
23.3421  1.75929  17.1888  13.5921
23.3421  1.79071  15.7031  11.2442
23.3421  1.82212  7.04194  7.39856
23.3421  1.85354  15.0031  17.278
23.3421  1.88496  6.87913  12.1449
23.3421  1.91637  15.0115  17.7909
23.3421  1.94779  11.0061  17.7779
23.3421  1.9792  8.66486  14.261
23.3421  2.01062  13.34  13.0402
23.3421  2.04204  22.8453  16.0285
23.3421  2.07345  10.4034  18.5025
23.3421  2.10487  9.95628  17.1023
23.3421  2.13628  8.9129  16.0853
23.3421  2.1677  9.44352  9.05235
23.3421  2.19911  13.9572  15.7409
23.3421  2.23053  14.8462  14.0607
23.3421  2.26195  11.1709  18.2573
23.3421  2.29336  24.9713  26.6584
23.3421  2.32478  13.8277  14.4252
23.3421  2.35619  29.9407  15.1507
23.3421  2.38761  11.0421  12.3946
23.3421  2.41903  26.8652  20.7089
23.3421  2.45044  14.0514  15.2111
23.3421  2.48186  24.8963  20.9717
23.3421  2.51327  29.2438  18.1433
23.3421  2.54469  0  0
23.3421  2.57611  0  0
23.3421  2.60752  0  0
23.3421  2.63894  0  0
23.3421  2.67035  0  0
23.3421  2.70177  0  0
23.3421  2.73319  0  0
23.3421  2.7646  0  0
23.3421  2.79602  0  0
23.3421  2.82743  0  0
23.3421  2.85885  0  0
23.3421  2.89027  0  0
23.3421  2.92168  0  0
23.3421  2.9531  0  0
23.3421  2.98451  0  0
23.3421  3.01593  0  0
23.3421  3.04734  0  0
23.3421  3.07876  0  0
23.3421  3.11018  0  0
23.4803  0  0  0
23.4803  0.0314159  0  0
23.4803  0.0628319  0  0
23.4803  0.0942478  0  0
23.4803  0.125664  0  0
23.4803  0.15708  0  0
23.4803  0.188496  0  0
23.4803  0.219911  0  0
23.4803  0.251327  0  0
23.4803  0.282743  0  0
23.4803  0.314159  0  0
23.4803  0.345575  0  0
23.4803  0.376991  0  0
23.4803  0.408407  0  0
23.4803  0.439823  0  0
23.4803  0.471239  0  0
23.4803  0.502655  0  0
23.4803  0.534071  0  0
23.4803  0.565487  0  0
23.4803  0.596903  44.9008  39.0375
23.4803  0.628319  28.5232  27.8335
23.4803  0.659734  16.4311  20.0243
23.4803  0.69115  13.2358  24.2444
23.4803  0.722566  27.3968  27.4948
23.4803  0.753982  11.5313  18.4587
23.4803  0.785398  11.3417  17.5364
23.4803  0.816814  12.7029  17.4891
23.4803  0.84823  14.2311  21.3294
23.4803  0.879646  7.5437  6.88239
23.4803  0.911062  11.6669  19.2618
23.4803  0.942478  13.1773  18.941
23.4803  0.973894  12.4507  20.3291
23.4803  1.00531  8.78303  7.88086
23.4803  1.03673  8.02532  6.7199
23.4803  1.06814  11.0051  18.2832
23.4803  1.09956  12.3852  16.6128
23.4803  1.13097  12.6891  12.432
23.4803  1.16239  10.5003  16.7741
23.4803  1.19381  11.5641  11.8408
23.4803  1.22522  8.80207  14.4129
23.4803  1.25664  21.1204  20.4159
23.4803  1.28805  11.3026  12.3998
23.4803  1.31947  8.35708  14.2724
23.4803  1.35088  9.85847  13.2501
23.4803  1.3823  7.87175  8.49481
23.4803  1.41372  12.2553  10.9993
23.4803  1.44513  8.45562  14.0477
23.4803  1.47655  11.4801  12.4464
23.4803  1.50796  9.65595  15.8412
23.4803  1.53938  11.4416  15.9794
23.4803  1.5708  8.99674  12.7756
23.4803  1.60221  16.6992  15.8982
23.4803  1.63363  10.8128  16.0652
23.4803  1.66504  5.50377  4.9228
23.4803  1.69646  19.4654  17.9896
23.4803  1.72788  7.94243  13.1214
23.4803  1.75929  12.2295  12.7211
23.4803  1.79071  10.7861  14.5987
23.4803  1.82212  8.25964  14.6125
23.4803  1.85354  8.51316  14.3702
23.4803  1.88496  9.61552  14.4045
23.4803  1.91637  12.9255  14.6179
23.4803  1.94779  19.7628  19.3397
23.4803  1.9792  10.3959  15.9406
23.4803  2.01062  11.4922  16.2648
23.4803  2.04204  9.83324  16.2019
23.4803  2.07345  12.8628  12.6625
23.4803  2.10487  11.3864  14.4838
23.4803  2.13628  14.9132  14.0394
23.4803  2.1677  25.7663  25.4421
23.4803  2.19911  15.829  12.7418
23.4803  2.23053  8.81624  8.31101
23.4803  2.26195  14.0922  18.3578
23.4803  2.29336  13.143  20.1135
23.4803  2.32478  17.5618  15.3943
23.4803  2.35619  14.6453  22.3167
23.4803  2.38761  11.1082  10.8404
23.4803  2.41903  14.7283  22.1115
23.4803  2.45044  13.8636  24.4105
23.4803  2.48186  21.0284  20.4787
23.4803  2.51327  20.0999  10.0695
23.4803  2.54469  3.49998  25.6823
23.4803  2.57611  0  0
23.4803  2.60752  0  0
23.4803  2.63894  0  0
23.4803  2.67035  0  0
23.4803  2.70177  0  0
23.4803  2.73319  0  0
23.4803  2.7646  0  0
23.4803  2.79602  0  0
23.4803  2.82743  0  0
23.4803  2.85885  0  0
23.4803  2.89027  0  0
23.4803  2.92168  0  0
23.4803  2.9531  0  0
23.4803  2.98451  0  0
23.4803  3.01593  0  0
23.4803  3.04734  0  0
23.4803  3.07876  0  0
23.4803  3.11018  0  0
23.6184  0  0  0
23.6184  0.0314159  0  0
23.6184  0.0628319  0  0
23.6184  0.0942478  0  0
23.6184  0.125664  0  0
23.6184  0.15708  0  0
23.6184  0.188496  0  0
23.6184  0.219911  0  0
23.6184  0.251327  0  0
23.6184  0.282743  0  0
23.6184  0.314159  0  0
23.6184  0.345575  0  0
23.6184  0.376991  0  0
23.6184  0.408407  0  0
23.6184  0.439823  0  0
23.6184  0.471239  0  0
23.6184  0.502655  0  0
23.6184  0.534071  0  0
23.6184  0.565487  0.458441  3.36397
23.6184  0.596903  42.804  41.0804
23.6184  0.628319  30.9433  22.3442
23.6184  0.659734  36.4123  18.5471
23.6184  0.69115  14.8986  17.4432
23.6184  0.722566  10.2703  8.66347
23.6184  0.753982  13.2678  22.1631
23.6184  0.785398  14.8251  24.5035
23.6184  0.816814  15.0592  20.2478
23.6184  0.84823  14.5769  20.5433
23.6184  0.879646  11.1307  13.9159
23.6184  0.911062  8.68143  9.36996
23.6184  0.942478  16.5806  16.2983
23.6184  0.973894  11.4892  15.0087
23.6184  1.00531  7.75657  6.53427
23.6184  1.03673  6.65574  6.80537
23.6184  1.06814  9.80608  16.3109
23.6184  1.09956  13.0674  11.3985
23.6184  1.13097  15.1903  11.5213
23.6184  1.16239  9.34628  14.6041
23.6184  1.19381  12.8753  14.3993
23.6184  1.22522  6.25984  6.68949
23.6184  1.25664  7.85618  7.85804
23.6184  1.28805  9.52054  15.7095
23.6184  1.31947  9.26977  12.6025
23.6184  1.35088  11.3929  17.559
23.6184  1.3823  7.80445  13.1349
23.6184  1.41372  11.87  13.8732
23.6184  1.44513  7.89974  14.1127
23.6184  1.47655  19.7468  18.0049
23.6184  1.50796  9.11657  15.2491
23.6184  1.53938  9.24702  13.9107
23.6184  1.5708  12.224  13.685
23.6184  1.60221  13.5097  9.75116
23.6184  1.63363  19.6591  17.7718
23.6184  1.66504  8.04737  14.8237
23.6184  1.69646  6.82386  12.1563
23.6184  1.72788  11.5695  11.0956
23.6184  1.75929  23.3192  19.6625
23.6184  1.79071  11.1865  12.0813
23.6184  1.82212  16.2098  12.3091
23.6184  1.85354  8.43996  14.3268
23.6184  1.88496  9.97085  15.8613
23.6184  1.91637  11.1196  16.9501
23.6184  1.94779  9.16825  15.1919
23.6184  1.9792  9.83424  15.9847
23.6184  2.01062  8.9232  14.7754
23.6184  2.04204  9.67952  16.5742
23.6184  2.07345  25.8288  25.3555
23.6184  2.10487  11.0343  17.6161
23.6184  2.13628  24.0956  16.0882
23.6184  2.1677  11.1942  19.0983
23.6184  2.19911  11.2016  17.7896
23.6184  2.23053  22.813  20.5119
23.6184  2.26195  10.5261  19.5159
23.6184  2.29336  15.1595  17.9929
23.6184  2.32478  11.5426  15.7173
23.6184  2.35619  19.4342  23.2527
23.6184  2.38761  13.1247  21.796
23.6184  2.41903  23.2115  18.472
23.6184  2.45044  11.6821  18.8201
23.6184  2.48186  30.7385  30.7369
23.6184  2.51327  40.7995  27.4266
23.6184  2.54469  0.247307  2.30335
23.6184  2.57611  0  0
23.6184  2.60752  0  0
23.6184  2.63894  0  0
23.6184  2.67035  0  0
23.6184  2.70177  0  0
23.6184  2.73319  0  0
23.6184  2.7646  0  0
23.6184  2.79602  0  0
23.6184  2.82743  0  0
23.6184  2.85885  0  0
23.6184  2.89027  0  0
23.6184  2.92168  0  0
23.6184  2.9531  0  0
23.6184  2.98451  0  0
23.6184  3.01593  0  0
23.6184  3.04734  0  0
23.6184  3.07876  0  0
23.6184  3.11018  0  0
23.7566  0  0  0
23.7566  0.0314159  0  0
23.7566  0.0628319  0  0
23.7566  0.0942478  0  0
23.7566  0.125664  0  0
23.7566  0.15708  0  0
23.7566  0.188496  0  0
23.7566  0.219911  0  0
23.7566  0.251327  0  0
23.7566  0.282743  0  0
23.7566  0.314159  0  0
23.7566  0.345575  0  0
23.7566  0.376991  0  0
23.7566  0.408407  0  0
23.7566  0.439823  0  0
23.7566  0.471239  0  0
23.7566  0.502655  0  0
23.7566  0.534071  0  0
23.7566  0.565487  0.250326  2.26497
23.7566  0.596903  14.3974  17.2303
23.7566  0.628319  29.2598  15.0949
23.7566  0.659734  21.6654  21.7788
23.7566  0.69115  16.5837  22.5491
23.7566  0.722566  16.2075  23.6538
23.7566  0.753982  30.0714  18.0388
23.7566  0.785398  22.028  25.7674
23.7566  0.816814  14.4169  20.8386
23.7566  0.84823  11.1171  17.9382
23.7566  0.879646  14.7215  21.0581
23.7566  0.911062  14.0553  15.929
23.7566  0.942478  16.946  17.2563
23.7566  0.973894  10.0394  17.4776
23.7566  1.00531  9.71425  16.1303
23.7566  1.03673  7.75375  13.1097
23.7566  1.06814  9.00907  15.7295
23.7566  1.09956  13.495  14.8841
23.7566  1.13097  9.28681  14.9532
23.7566  1.16239  20.5164  14.098
23.7566  1.19381  13.9394  13.7133
23.7566  1.22522  20.244  14.5312
23.7566  1.25664  8.87569  11.5428
23.7566  1.28805  7.92757  13.7375
23.7566  1.31947  16.9036  17.1033
23.7566  1.35088  9.25705  9.4428
23.7566  1.3823  9.61797  14.8257
23.7566  1.41372  9.27198  16.0015
23.7566  1.44513  7.55323  7.15463
23.7566  1.47655  14.6976  11.5148
23.7566  1.50796  11.0552  14.3291
23.7566  1.53938  6.53213  12.3551
23.7566  1.5708  9.73415  14.4511
23.7566  1.60221  12.3093  12.7519
23.7566  1.63363  11.8291  11.8575
23.7566  1.66504  16.8737  9.89653
23.7566  1.69646  10.8662  15.542
23.7566  1.72788  20.5826  18.5382
23.7566  1.75929  20.8592  20.9444
23.7566  1.79071  16.5057  13.6255
23.7566  1.82212  11.3536  12.0196
23.7566  1.85354  9.70177  15.616
23.7566  1.88496  7.79634  13.1467
23.7566  1.91637  8.51043  11.0299
23.7566  1.94779  21.3933  12.2085
23.7566  1.9792  9.65207  15.4106
23.7566  2.01062  10.285  17.0279
23.7566  2.04204  10.801  16.9521
23.7566  2.07345  9.94261  17.2437
23.7566  2.10487  12.9227  11.91
23.7566  2.13628  11.8165  18.5366
23.7566  2.1677  23.1961  13.7116
23.7566  2.19911  8.21723  6.66814
23.7566  2.23053  11.3956  19.784
23.7566  2.26195  24.2792  19.1922
23.7566  2.29336  12.5432  20.5188
23.7566  2.32478  11.3518  18.2272
23.7566  2.35619  14.3483  24.5142
23.7566  2.38761  10.8949  17.0999
23.7566  2.41903  16.9141  18.9691
23.7566  2.45044  26.818  32.7663
23.7566  2.48186  21.4768  13.2782
23.7566  2.51327  16.6068  22.093
23.7566  2.54469  0.245964  2.26304
23.7566  2.57611  0  0
23.7566  2.60752  0  0
23.7566  2.63894  0  0
23.7566  2.67035  0  0
23.7566  2.70177  0  0
23.7566  2.73319  0  0
23.7566  2.7646  0  0
23.7566  2.79602  0  0
23.7566  2.82743  0  0
23.7566  2.85885  0  0
23.7566  2.89027  0  0
23.7566  2.92168  0  0
23.7566  2.9531  0  0
23.7566  2.98451  0  0
23.7566  3.01593  0  0
23.7566  3.04734  0  0
23.7566  3.07876  0  0
23.7566  3.11018  0  0
23.8947  0  0  0
23.8947  0.0314159  0  0
23.8947  0.0628319  0  0
23.8947  0.0942478  0  0
23.8947  0.125664  0  0
23.8947  0.15708  0  0
23.8947  0.188496  0  0
23.8947  0.219911  0  0
23.8947  0.251327  0  0
23.8947  0.282743  0  0
23.8947  0.314159  0  0
23.8947  0.345575  0  0
23.8947  0.376991  0  0
23.8947  0.408407  0  0
23.8947  0.439823  0  0
23.8947  0.471239  0  0
23.8947  0.502655  0  0
23.8947  0.534071  0  0
23.8947  0.565487  8.47497  7.70739
23.8947  0.596903  34.5802  33.866
23.8947  0.628319  14.392  24.6253
23.8947  0.659734  27.9713  20.4742
23.8947  0.69115  17.8856  17.6042
23.8947  0.722566  18.5724  17.438
23.8947  0.753982  15.4648  20.9352
23.8947  0.785398  10.3094  10.5915
23.8947  0.816814  16.5332  15.7151
23.8947  0.84823  7.61769  5.95505
23.8947  0.879646  15.2035  16.1918
23.8947  0.911062  27.1033  19.288
23.8947  0.942478  8.65813  14.7101
23.8947  0.973894  10.1144  15.2882
23.8947  1.00531  12.0592  17.9027
23.8947  1.03673  15.4558  17.2245
23.8947  1.06814  8.92023  14.8548
23.8947  1.09956  8.87626  14.8754
23.8947  1.13097  21.2292  13.7217
23.8947  1.16239  23.2007  17.1068
23.8947  1.19381  24.1198  23.5964
23.8947  1.22522  8.99536  14.9568
23.8947  1.25664  24.4695  17.6338
23.8947  1.28805  9.66292  17.7791
23.8947  1.31947  14.6095  16.183
23.8947  1.35088  10.8955  9.88667
23.8947  1.3823  16.7676  15.0793
23.8947  1.41372  10.2546  15.7813
23.8947  1.44513  21.7268  11.2109
23.8947  1.47655  8.29891  14.3577
23.8947  1.50796  7.50653  13.6144
23.8947  1.53938  8.05205  14.3752
23.8947  1.5708  7.76178  13.0912
23.8947  1.60221  18.4451  13.7437
23.8947  1.63363  11.7016  15.2391
23.8947  1.66504  16.6696  19.7158
23.8947  1.69646  14.0206  14.1103
23.8947  1.72788  21.3565  16.512
23.8947  1.75929  12.9951  13.9657
23.8947  1.79071  22.778  17.7286
23.8947  1.82212  13.1882  15.2638
23.8947  1.85354  15.0014  11.7768
23.8947  1.88496  18.5622  21.5022
23.8947  1.91637  17.3631  12.2709
23.8947  1.94779  10.6465  12.9515
23.8947  1.9792  16.2981  14.169
23.8947  2.01062  15.0886  15.8815
23.8947  2.04204  11.1834  10.7783
23.8947  2.07345  8.10086  8.44006
23.8947  2.10487  6.89813  5.50741
23.8947  2.13628  25.4739  15.1164
23.8947  2.1677  11.9841  19.2374
23.8947  2.19911  11.3822  17.5442
23.8947  2.23053  25.1863  17.0748
23.8947  2.26195  9.38081  9.56104
23.8947  2.29336  11.8297  19.9067
23.8947  2.32478  10.4558  9.54592
23.8947  2.35619  12.091  18.5755
23.8947  2.38761  17.0592  18.924
23.8947  2.41903  12.0905  19.3322
23.8947  2.45044  37.1661  35.7696
23.8947  2.48186  17.2158  19.7859
23.8947  2.51327  29.2425  27.5841
23.8947  2.54469  2.20169  1.81328
23.8947  2.57611  0  0
23.8947  2.60752  0  0
23.8947  2.63894  0  0
23.8947  2.67035  0  0
23.8947  2.70177  0  0
23.8947  2.73319  0  0
23.8947  2.7646  0  0
23.8947  2.79602  0  0
23.8947  2.82743  0  0
23.8947  2.85885  0  0
23.8947  2.89027  0  0
23.8947  2.92168  0  0
23.8947  2.9531  0  0
23.8947  2.98451  0  0
23.8947  3.01593  0  0
23.8947  3.04734  0  0
23.8947  3.07876  0  0
23.8947  3.11018  0  0
24.0329  0  0  0
24.0329  0.0314159  0  0
24.0329  0.0628319  0  0
24.0329  0.0942478  0  0
24.0329  0.125664  0  0
24.0329  0.15708  0  0
24.0329  0.188496  0  0
24.0329  0.219911  0  0
24.0329  0.251327  0  0
24.0329  0.282743  0  0
24.0329  0.314159  0  0
24.0329  0.345575  0  0
24.0329  0.376991  0  0
24.0329  0.408407  0  0
24.0329  0.439823  0  0
24.0329  0.471239  0  0
24.0329  0.502655  0  0
24.0329  0.534071  0  0
24.0329  0.565487  27.5945  18.5714
24.0329  0.596903  31.6651  28.1878
24.0329  0.628319  27.8172  27.2053
24.0329  0.659734  23.4666  18.8547
24.0329  0.69115  37.3555  37.3602
24.0329  0.722566  19.3102  20.8315
24.0329  0.753982  18.8576  20.1856
24.0329  0.785398  18.9164  21.513
24.0329  0.816814  19.0095  14.8661
24.0329  0.84823  23.8351  12.3301
24.0329  0.879646  11.0169  17.5974
24.0329  0.911062  7.31664  6.349
24.0329  0.942478  17.2885  17.8054
24.0329  0.973894  9.61225  15.3855
24.0329  1.00531  9.46596  16.7011
24.0329  1.03673  12.4747  17.4411
24.0329  1.06814  12.4748  11.4591
24.0329  1.09956  11.2511  16.1844
24.0329  1.13097  14.0748  14.564
24.0329  1.16239  9.31966  15.9485
24.0329  1.19381  11.0069  14.7066
24.0329  1.22522  9.34867  14.0881
24.0329  1.25664  7.80915  12.685
24.0329  1.28805  10.051  14.1754
24.0329  1.31947  10.2163  15.6784
24.0329  1.35088  11.038  9.49466
24.0329  1.3823  20.3897  18.7405
24.0329  1.41372  9.64511  12.5163
24.0329  1.44513  8.9143  12.4122
24.0329  1.47655  19.4577  16.2178
24.0329  1.50796  8.42813  14.8009
24.0329  1.53938  6.38632  6.61253
24.0329  1.5708  8.38435  14.9324
24.0329  1.60221  9.8727  10.7053
24.0329  1.63363  10.4233  15.1736
24.0329  1.66504  10.0007  16.0407
24.0329  1.69646  7.41407  13.472
24.0329  1.72788  12.9351  14.0484
24.0329  1.75929  9.62382  13.6925
24.0329  1.79071  7.53084  12.4599
24.0329  1.82212  21.2475  20.0817
24.0329  1.85354  12.3551  12.8853
24.0329  1.88496  9.96079  16.4969
24.0329  1.91637  13.9476  14.8423
24.0329  1.94779  11.8026  17.6193
24.0329  1.9792  8.45275  16.3042
24.0329  2.01062  10.2664  15.787
24.0329  2.04204  10.9629  13.59
24.0329  2.07345  8.63393  7.3939
24.0329  2.10487  11.3263  17.4231
24.0329  2.13628  9.45867  16.6716
24.0329  2.1677  19.4758  19.6575
24.0329  2.19911  11.0148  18.1814
24.0329  2.23053  8.11332  8.36023
24.0329  2.26195  10.0457  17.6792
24.0329  2.29336  10.6967  19.4888
24.0329  2.32478  10.4117  11.0973
24.0329  2.35619  10.0373  17.1689
24.0329  2.38761  12.4563  21.1443
24.0329  2.41903  14.6908  24.4416
24.0329  2.45044  19.5808  17.8718
24.0329  2.48186  33.4956  16.9189
24.0329  2.51327  33.9465  30.212
24.0329  2.54469  20.7897  18.0553
24.0329  2.57611  0  0
24.0329  2.60752  0  0
24.0329  2.63894  0  0
24.0329  2.67035  0  0
24.0329  2.70177  0  0
24.0329  2.73319  0  0
24.0329  2.7646  0  0
24.0329  2.79602  0  0
24.0329  2.82743  0  0
24.0329  2.85885  0  0
24.0329  2.89027  0  0
24.0329  2.92168  0  0
24.0329  2.9531  0  0
24.0329  2.98451  0  0
24.0329  3.01593  0  0
24.0329  3.04734  0  0
24.0329  3.07876  0  0
24.0329  3.11018  0  0
24.1711  0  0  0
24.1711  0.0314159  0  0
24.1711  0.0628319  0  0
24.1711  0.0942478  0  0
24.1711  0.125664  0  0
24.1711  0.15708  0  0
24.1711  0.188496  0  0
24.1711  0.219911  0  0
24.1711  0.251327  0  0
24.1711  0.282743  0  0
24.1711  0.314159  0  0
24.1711  0.345575  0  0
24.1711  0.376991  0  0
24.1711  0.408407  0  0
24.1711  0.439823  0  0
24.1711  0.471239  0  0
24.1711  0.502655  0  0
24.1711  0.534071  0  0
24.1711  0.565487  9.10267  22.3638
24.1711  0.596903  16.7628  21.5545
24.1711  0.628319  33.9548  30.1523
24.1711  0.659734  18.8679  17.6556
24.1711  0.69115  14.6592  13.4373
24.1711  0.722566  11.2413  21.3787
24.1711  0.753982  14.708  16.8472
24.1711  0.785398  12.9292  17.9852
24.1711  0.816814  26.6997  13.5971
24.1711  0.84823  10.1464  17.3381
24.1711  0.879646  17.3929  19.6736
24.1711  0.911062  9.71989  17.5512
24.1711  0.942478  11.8989  17.7312
24.1711  0.973894  16.2633  15.1939
24.1711  1.00531  12.8303  12.6982
24.1711  1.03673  21.2944  20.7869
24.1711  1.06814  10.6877  13.3504
24.1711  1.09956  8.06312  14.15
24.1711  1.13097  9.8588  14.9768
24.1711  1.16239  24.5522  25.6434
24.1711  1.19381  15.3857  12.2741
24.1711  1.22522  12.4558  14.827
24.1711  1.25664  10.7145  14.7141
24.1711  1.28805  19.776  10.5579
24.1711  1.31947  13.744  14.7343
24.1711  1.35088  16.8878  15.229
24.1711  1.3823  11.2952  14.0647
24.1711  1.41372  6.33491  7.22977
24.1711  1.44513  11.56  13.8876
24.1711  1.47655  8.68409  15.8054
24.1711  1.50796  18.1214  18.1151
24.1711  1.53938  15.6922  14.583
24.1711  1.5708  11.1471  12.2232
24.1711  1.60221  18.6441  12.6579
24.1711  1.63363  10.7186  9.98876
24.1711  1.66504  19.1529  19.1722
24.1711  1.69646  9.68862  12.5307
24.1711  1.72788  8.26716  12.7838
24.1711  1.75929  13.3085  10.7927
24.1711  1.79071  10.5031  16.5909
24.1711  1.82212  12.1127  15.9725
24.1711  1.85354  10.5521  15.4259
24.1711  1.88496  11.4008  9.76715
24.1711  1.91637  9.49894  15.8144
24.1711  1.94779  11.7965  11.721
24.1711  1.9792  8.79101  14.2512
24.1711  2.01062  44.6358  67.4293
24.1711  2.04204  10.587  15.813
24.1711  2.07345  7.69091  14.6465
24.1711  2.10487  12.7629  19.7739
24.1711  2.13628  12.821  20.39
24.1711  2.1677  9.09591  16.1009
24.1711  2.19911  13.7026  20.8546
24.1711  2.23053  10.6287  14.0761
24.1711  2.26195  14.7266  18.323
24.1711  2.29336  28.8312  16.895
24.1711  2.32478  11.1961  20.0343
24.1711  2.35619  12.067  20.5882
24.1711  2.38761  15.102  24.7353
24.1711  2.41903  16.3069  19.7064
24.1711  2.45044  12.3615  14.0285
24.1711  2.48186  18.6938  15.9477
24.1711  2.51327  27.9922  30.9271
24.1711  2.54469  40.5001  29.8825
24.1711  2.57611  0.238194  1.35245
24.1711  2.60752  0  0
24.1711  2.63894  0  0
24.1711  2.67035  0  0
24.1711  2.70177  0  0
24.1711  2.73319  0  0
24.1711  2.7646  0  0
24.1711  2.79602  0  0
24.1711  2.82743  0  0
24.1711  2.85885  0  0
24.1711  2.89027  0  0
24.1711  2.92168  0  0
24.1711  2.9531  0  0
24.1711  2.98451  0  0
24.1711  3.01593  0  0
24.1711  3.04734  0  0
24.1711  3.07876  0  0
24.1711  3.11018  0  0
24.3092  0  0  0
24.3092  0.0314159  0  0
24.3092  0.0628319  0  0
24.3092  0.0942478  0  0
24.3092  0.125664  0  0
24.3092  0.15708  0  0
24.3092  0.188496  0  0
24.3092  0.219911  0  0
24.3092  0.251327  0  0
24.3092  0.282743  0  0
24.3092  0.314159  0  0
24.3092  0.345575  0  0
24.3092  0.376991  0  0
24.3092  0.408407  0  0
24.3092  0.439823  0  0
24.3092  0.471239  0  0
24.3092  0.502655  0  0
24.3092  0.534071  0  0
24.3092  0.565487  31.0392  17.2018
24.3092  0.596903  14.5868  23.603
24.3092  0.628319  31.9234  20.0942
24.3092  0.659734  15.5579  16.4251
24.3092  0.69115  17.0797  15.2026
24.3092  0.722566  24.375  25.1037
24.3092  0.753982  15.5846  15.3135
24.3092  0.785398  24.9492  18.8575
24.3092  0.816814  11.7708  19.6464
24.3092  0.84823  8.98515  7.27089
24.3092  0.879646  14.5801  14.3816
24.3092  0.911062  9.42488  7.79063
24.3092  0.942478  9.08924  8.44093
24.3092  0.973894  15.7781  15.9723
24.3092  1.00531  14.0368  13.65
24.3092  1.03673  12.6673  16.4321
24.3092  1.06814  8.15865  15.0042
24.3092  1.09956  14.8584  14.2096
24.3092  1.13097  8.94643  14.6152
24.3092  1.16239  17.4187  21.5329
24.3092  1.19381  8.29215  8.47449
24.3092  1.22522  7.48314  12.5097
24.3092  1.25664  11.9332  13.2169
24.3092  1.28805  11.0002  15.2726
24.3092  1.31947  11.0307  17.3025
24.3092  1.35088  13.1225  11.399
24.3092  1.3823  11.4396  12.6946
24.3092  1.41372  17.4821  8.74211
24.3092  1.44513  21.7397  18.4237
24.3092  1.47655  12.187  14.2296
24.3092  1.50796  7.40145  7.92846
24.3092  1.53938  10.1411  10.1952
24.3092  1.5708  9.37878  13.6325
24.3092  1.60221  10.1359  12.4761
24.3092  1.63363  8.03614  11.0424
24.3092  1.66504  11.3713  10.8811
24.3092  1.69646  20.7382  17.233
24.3092  1.72788  7.69478  14.0069
24.3092  1.75929  7.57427  12.4849
24.3092  1.79071  11.4719  11.2704
24.3092  1.82212  12.4424  13.4104
24.3092  1.85354  12.3877  13.2339
24.3092  1.88496  8.05572  13.9243
24.3092  1.91637  12.8574  10.7243
24.3092  1.94779  8.55498  8.35297
24.3092  1.9792  11.6913  18.3202
24.3092  2.01062  11.7771  17.3935
24.3092  2.04204  10.865  14.4185
24.3092  2.07345  10.9367  17.8657
24.3092  2.10487  8.64521  8.79494
24.3092  2.13628  10.1633  17.3084
24.3092  2.1677  13.256  14.4184
24.3092  2.19911  9.45503  16.0553
24.3092  2.23053  21.3989  17.6898
24.3092  2.26195  10.7076  18.9412
24.3092  2.29336  30.1002  18.669
24.3092  2.32478  8.66457  9.40343
24.3092  2.35619  18.8653  17.9712
24.3092  2.38761  30.883  23.2874
24.3092  2.41903  19.0243  21.4833
24.3092  2.45044  33.6771  16.8398
24.3092  2.48186  22.8442  27.5857
24.3092  2.51327  17.2512  26.2749
24.3092  2.54469  17.3438  26.2272
24.3092  2.57611  0.25876  1.70219
24.3092  2.60752  0  0
24.3092  2.63894  0  0
24.3092  2.67035  0  0
24.3092  2.70177  0  0
24.3092  2.73319  0  0
24.3092  2.7646  0  0
24.3092  2.79602  0  0
24.3092  2.82743  0  0
24.3092  2.85885  0  0
24.3092  2.89027  0  0
24.3092  2.92168  0  0
24.3092  2.9531  0  0
24.3092  2.98451  0  0
24.3092  3.01593  0  0
24.3092  3.04734  0  0
24.3092  3.07876  0  0
24.3092  3.11018  0  0
24.4474  0  0  0
24.4474  0.0314159  0  0
24.4474  0.0628319  0  0
24.4474  0.0942478  0  0
24.4474  0.125664  0  0
24.4474  0.15708  0  0
24.4474  0.188496  0  0
24.4474  0.219911  0  0
24.4474  0.251327  0  0
24.4474  0.282743  0  0
24.4474  0.314159  0  0
24.4474  0.345575  0  0
24.4474  0.376991  0  0
24.4474  0.408407  0  0
24.4474  0.439823  0  0
24.4474  0.471239  0  0
24.4474  0.502655  0  0
24.4474  0.534071  28.4054  18.6147
24.4474  0.565487  42.8129  37.9361
24.4474  0.596903  17.9957  18.3486
24.4474  0.628319  26.0752  18.0734
24.4474  0.659734  10.9356  17.4175
24.4474  0.69115  24.3895  18.2221
24.4474  0.722566  26.7929  24.2448
24.4474  0.753982  10.8049  19.9088
24.4474  0.785398  14.0487  20.7948
24.4474  0.816814  18.4598  18.8972
24.4474  0.84823  12.8892  20.0083
24.4474  0.879646  11.8679  20.4157
24.4474  0.911062  10.0983  17.5874
24.4474  0.942478  16.7697  16.9122
24.4474  0.973894  8.8635  15.0487
24.4474  1.00531  11.5589  16.457
24.4474  1.03673  8.38993  7.01376
24.4474  1.06814  9.96959  16.4671
24.4474  1.09956  8.68556  9.08839
24.4474  1.13097  9.85738  16.2695
24.4474  1.16239  8.37596  14.4117
24.4474  1.19381  10.1279  16.1336
24.4474  1.22522  10.4395  11.8779
24.4474  1.25664  9.07861  14.7864
24.4474  1.28805  11.9324  12.7603
24.4474  1.31947  9.2989  14.8287
24.4474  1.35088  10.7092  16.5748
24.4474  1.3823  22.454  12.2062
24.4474  1.41372  15.3195  16.9921
24.4474  1.44513  11.4015  17.8273
24.4474  1.47655  14.6587  17.3444
24.4474  1.50796  8.16463  13.6534
24.4474  1.53938  10.2477  11.0247
24.4474  1.5708  23.5009  23.1587
24.4474  1.60221  9.04909  11.1453
24.4474  1.63363  9.44649  13.4198
24.4474  1.66504  10.0411  13.1885
24.4474  1.69646  8.65559  13.2219
24.4474  1.72788  19.7998  19.7674
24.4474  1.75929  15.2885  10.8446
24.4474  1.79071  8.26846  13.3691
24.4474  1.82212  7.95943  11.7161
24.4474  1.85354  12.8817  10.4556
24.4474  1.88496  6.03667  6.70688
24.4474  1.91637  9.3331  16.1286
24.4474  1.94779  18.6229  18.1761
24.4474  1.9792  10.8431  16.642
24.4474  2.01062  9.24708  13.5353
24.4474  2.04204  8.59153  8.12622
24.4474  2.07345  9.02491  16.3734
24.4474  2.10487  10.6567  12.9713
24.4474  2.13628  14.0946  20.6833
24.4474  2.1677  7.87826  6.84322
24.4474  2.19911  12.637  15.6153
24.4474  2.23053  22.1683  14.5774
24.4474  2.26195  26.7392  25.4647
24.4474  2.29336  14.6094  24.1714
24.4474  2.32478  23.0132  25.5332
24.4474  2.35619  19.2507  17.6233
24.4474  2.38761  10.9852  10.5523
24.4474  2.41903  13.9857  21.4162
24.4474  2.45044  14.4838  20.4801
24.4474  2.48186  15.624  20.378
24.4474  2.51327  41.2098  24.6322
24.4474  2.54469  13.7325  18.2225
24.4474  2.57611  0.480816  3.52816
24.4474  2.60752  0  0
24.4474  2.63894  0  0
24.4474  2.67035  0  0
24.4474  2.70177  0  0
24.4474  2.73319  0  0
24.4474  2.7646  0  0
24.4474  2.79602  0  0
24.4474  2.82743  0  0
24.4474  2.85885  0  0
24.4474  2.89027  0  0
24.4474  2.92168  0  0
24.4474  2.9531  0  0
24.4474  2.98451  0  0
24.4474  3.01593  0  0
24.4474  3.04734  0  0
24.4474  3.07876  0  0
24.4474  3.11018  0  0
24.5855  0  0  0
24.5855  0.0314159  0  0
24.5855  0.0628319  0  0
24.5855  0.0942478  0  0
24.5855  0.125664  0  0
24.5855  0.15708  0  0
24.5855  0.188496  0  0
24.5855  0.219911  0  0
24.5855  0.251327  0  0
24.5855  0.282743  0  0
24.5855  0.314159  0  0
24.5855  0.345575  0  0
24.5855  0.376991  0  0
24.5855  0.408407  0  0
24.5855  0.439823  0  0
24.5855  0.471239  0  0
24.5855  0.502655  0  0
24.5855  0.534071  0.26043  1.57975
24.5855  0.565487  32.0746  35.4487
24.5855  0.596903  29.2987  14.6943
24.5855  0.628319  31.2223  18.858
24.5855  0.659734  18.0113  17.9222
24.5855  0.69115  31.1134  15.6995
24.5855  0.722566  17.2922  17.5417
24.5855  0.753982  13.7095  21.858
24.5855  0.785398  14.8093  23.3453
24.5855  0.816814  11.4528  10.677
24.5855  0.84823  20.2918  16.3147
24.5855  0.879646  9.31238  8.52423
24.5855  0.911062  10.6505  16.871
24.5855  0.942478  10.4722  18.0222
24.5855  0.973894  12.1437  15.7241
24.5855  1.00531  9.81306  16.9267
24.5855  1.03673  14.9831  12.5609
24.5855  1.06814  15.0686  12.4384
24.5855  1.09956  10.3066  13.9064
24.5855  1.13097  7.33561  7.88733
24.5855  1.16239  5.67341  5.44591
24.5855  1.19381  18.5237  21.8664
24.5855  1.22522  9.38738  14.5796
24.5855  1.25664  14.631  13.7238
24.5855  1.28805  18.8883  10.8221
24.5855  1.31947  10.7024  12.9483
24.5855  1.35088  10.3026  13.8953
24.5855  1.3823  21.7452  11.1391
24.5855  1.41372  12.4184  11.7237
24.5855  1.44513  9.18154  14.2159
24.5855  1.47655  11.327  11.6005
24.5855  1.50796  5.61017  10.3568
24.5855  1.53938  10.5797  16.4847
24.5855  1.5708  7.50475  13.8942
24.5855  1.60221  11.7506  15.5558
24.5855  1.63363  13.4997  13.8526
24.5855  1.66504  10.2785  10.7486
24.5855  1.69646  8.35456  13.9035
24.5855  1.72788  12.2868  10.9785
24.5855  1.75929  24.9013  22.8139
24.5855  1.79071  13.1675  14.4664
24.5855  1.82212  10.567  15.6259
24.5855  1.85354  8.70877  14.4805
24.5855  1.88496  10.3513  12.4686
24.5855  1.91637  9.15666  15.2772
24.5855  1.94779  9.35896  15.9501
24.5855  1.9792  23.2399  18.4885
24.5855  2.01062  10.8323  17.591
24.5855  2.04204  22.5181  20.2162
24.5855  2.07345  7.90635  7.79843
24.5855  2.10487  8.58218  8.25635
24.5855  2.13628  11.7742  17.6355
24.5855  2.1677  15.3373  14.7619
24.5855  2.19911  13.9841  19.012
24.5855  2.23053  10.7174  17.7947
24.5855  2.26195  10.752  18.8115
24.5855  2.29336  16.0417  19.2595
24.5855  2.32478  28.4991  21.905
24.5855  2.35619  12.0648  20.0449
24.5855  2.38761  10.6063  18.3559
24.5855  2.41903  17.7175  16.989
24.5855  2.45044  27.405  18.8634
24.5855  2.48186  28.7157  28.7063
24.5855  2.51327  32.805  29.3742
24.5855  2.54469  28.7957  27.7803
24.5855  2.57611  39.8423  20.4074
24.5855  2.60752  0  0
24.5855  2.63894  0  0
24.5855  2.67035  0  0
24.5855  2.70177  0  0
24.5855  2.73319  0  0
24.5855  2.7646  0  0
24.5855  2.79602  0  0
24.5855  2.82743  0  0
24.5855  2.85885  0  0
24.5855  2.89027  0  0
24.5855  2.92168  0  0
24.5855  2.9531  0  0
24.5855  2.98451  0  0
24.5855  3.01593  0  0
24.5855  3.04734  0  0
24.5855  3.07876  0  0
24.5855  3.11018  0  0
24.7237  0  0  0
24.7237  0.0314159  0  0
24.7237  0.0628319  0  0
24.7237  0.0942478  0  0
24.7237  0.125664  0  0
24.7237  0.15708  0  0
24.7237  0.188496  0  0
24.7237  0.219911  0  0
24.7237  0.251327  0  0
24.7237  0.282743  0  0
24.7237  0.314159  0  0
24.7237  0.345575  0  0
24.7237  0.376991  0  0
24.7237  0.408407  0  0
24.7237  0.439823  0  0
24.7237  0.471239  0  0
24.7237  0.502655  0  0
24.7237  0.534071  33.8972  33.0344
24.7237  0.565487  43.9388  33.2549
24.7237  0.596903  18.6003  19.9363
24.7237  0.628319  20.4976  25.1951
24.7237  0.659734  35.4585  33.7308
24.7237  0.69115  21.0895  19.3105
24.7237  0.722566  30.0637  27.8644
24.7237  0.753982  25.3387  15.0906
24.7237  0.785398  14.367  16.8275
24.7237  0.816814  10.7605  11.7192
24.7237  0.84823  11.2433  18.5341
24.7237  0.879646  12.8101  18.0309
24.7237  0.911062  8.99306  7.7908
24.7237  0.942478  8.44798  8.98557
24.7237  0.973894  8.97754  9.10192
24.7237  1.00531  7.91502  13.9693
24.7237  1.03673  12.3221  17.4763
24.7237  1.06814  11.4473  12.2453
24.7237  1.09956  13.9069  14.9525
24.7237  1.13097  17.8569  9.6793
24.7237  1.16239  19.0167  11.3724
24.7237  1.19381  6.55679  6.74938
24.7237  1.22522  20.7234  11.9762
24.7237  1.25664  12.6942  12.1428
24.7237  1.28805  25.7205  20.3989
24.7237  1.31947  9.73231  14.884
24.7237  1.35088  8.79725  15.2326
24.7237  1.3823  6.11806  4.51169
24.7237  1.41372  19.6788  18.4113
24.7237  1.44513  12.7195  10.7002
24.7237  1.47655  11.9172  12.7472
24.7237  1.50796  13.7466  14.1524
24.7237  1.53938  7.359  11.7364
24.7237  1.5708  12.8767  13.4126
24.7237  1.60221  20.9056  13.1497
24.7237  1.63363  11.2697  14.2493
24.7237  1.66504  9.98194  14.4322
24.7237  1.69646  16.4149  12.5583
24.7237  1.72788  7.69994  12.1706
24.7237  1.75929  25.0303  24.2152
24.7237  1.79071  8.10875  13.8438
24.7237  1.82212  8.59405  14.5837
24.7237  1.85354  10.4678  10.7525
24.7237  1.88496  11.8879  15.6732
24.7237  1.91637  12.0427  13.9467
24.7237  1.94779  9.69754  12.8299
24.7237  1.9792  20.5028  11.6081
24.7237  2.01062  9.17077  16.0332
24.7237  2.04204  12.8151  14.0939
24.7237  2.07345  7.61306  7.63349
24.7237  2.10487  8.7292  14.6605
24.7237  2.13628  21.0714  22.1195
24.7237  2.1677  16.189  16.3154
24.7237  2.19911  12.3174  12.334
24.7237  2.23053  9.24872  9.15111
24.7237  2.26195  9.4691  9.5441
24.7237  2.29336  16.7724  17.3237
24.7237  2.32478  11.1401  18.6773
24.7237  2.35619  9.78617  10.7909
24.7237  2.38761  18.3457  19.8363
24.7237  2.41903  19.8308  19.1564
24.7237  2.45044  11.9189  20.8791
24.7237  2.48186  19.4715  20.8329
24.7237  2.51327  23.4797  19.3058
24.7237  2.54469  37.8148  37.0936
24.7237  2.57611  13.7821  13.4378
24.7237  2.60752  0  0
24.7237  2.63894  0  0
24.7237  2.67035  0  0
24.7237  2.70177  0  0
24.7237  2.73319  0  0
24.7237  2.7646  0  0
24.7237  2.79602  0  0
24.7237  2.82743  0  0
24.7237  2.85885  0  0
24.7237  2.89027  0  0
24.7237  2.92168  0  0
24.7237  2.9531  0  0
24.7237  2.98451  0  0
24.7237  3.01593  0  0
24.7237  3.04734  0  0
24.7237  3.07876  0  0
24.7237  3.11018  0  0
24.8618  0  0  0
24.8618  0.0314159  0  0
24.8618  0.0628319  0  0
24.8618  0.0942478  0  0
24.8618  0.125664  0  0
24.8618  0.15708  0  0
24.8618  0.188496  0  0
24.8618  0.219911  0  0
24.8618  0.251327  0  0
24.8618  0.282743  0  0
24.8618  0.314159  0  0
24.8618  0.345575  0  0
24.8618  0.376991  0  0
24.8618  0.408407  0  0
24.8618  0.439823  0  0
24.8618  0.471239  0  0
24.8618  0.502655  0  0
24.8618  0.534071  34.8761  29.309
24.8618  0.565487  21.8913  26.7525
24.8618  0.596903  14.486  17.5471
24.8618  0.628319  24.9526  17.5337
24.8618  0.659734  33.1544  16.8703
24.8618  0.69115  20.7309  15.0474
24.8618  0.722566  26.4799  13.2413
24.8618  0.753982  10.1426  16.6985
24.8618  0.785398  12.2549  17.1131
24.8618  0.816814  12.1286  16.1525
24.8618  0.84823  25.6642  12.8616
24.8618  0.879646  16.9292  14.5141
24.8618  0.911062  30.8565  17.8108
24.8618  0.942478  8.68659  8.16019
24.8618  0.973894  11.0896  17.6578
24.8618  1.00531  9.46729  16.2101
24.8618  1.03673  16.5058  13.1378
24.8618  1.06814  23.7199  14.0612
24.8618  1.09956  13.1274  11.915
24.8618  1.13097  19.425  17.7325
24.8618  1.16239  9.16593  14.6
24.8618  1.19381  10.8559  12.7554
24.8618  1.22522  9.60859  16.8607
24.8618  1.25664  9.24914  14.0789
24.8618  1.28805  11.3254  16.4413
24.8618  1.31947  14.7057  15.2215
24.8618  1.35088  8.67016  14.3103
24.8618  1.3823  12.8289  13.9271
24.8618  1.41372  20.109  11.808
24.8618  1.44513  17.4093  15.5818
24.8618  1.47655  17.6002  15.8573
24.8618  1.50796  20.1879  11.7069
24.8618  1.53938  11.0531  11.8364
24.8618  1.5708  9.48737  11.6689
24.8618  1.60221  22.0114  11.4287
24.8618  1.63363  11.437  15.6692
24.8618  1.66504  6.82271  11.7909
24.8618  1.69646  12.3276  12.8272
24.8618  1.72788  10.2383  16.9824
24.8618  1.75929  12.0529  14.8439
24.8618  1.79071  12.4881  12.7426
24.8618  1.82212  13.1972  14.6214
24.8618  1.85354  6.37195  5.34394
24.8618  1.88496  10.8127  16.8728
24.8618  1.91637  21.1402  20.6349
24.8618  1.94779  8.1396  8.06572
24.8618  1.9792  11.4712  14.8213
24.8618  2.01062  10.1896  13.4648
24.8618  2.04204  10.8457  17.0976
24.8618  2.07345  9.41846  16.5889
24.8618  2.10487  12.1506  19.5648
24.8618  2.13628  10.2372  16.981
24.8618  2.1677  9.70783  16.5281
24.8618  2.19911  11.8766  18.8047
24.8618  2.23053  13.1097  18.121
24.8618  2.26195  11.2645  18.9241
24.8618  2.29336  15.6046  20.3504
24.8618  2.32478  10.703  19.2047
24.8618  2.35619  14.4192  13.1778
24.8618  2.38761  17.9107  17.5218
24.8618  2.41903  19.4432  21.2466
24.8618  2.45044  32.9889  20.0287
24.8618  2.48186  20.565  23.5578
24.8618  2.51327  30.4914  37.554
24.8618  2.54469  26.8612  14.3579
24.8618  2.57611  37.8283  19.0784
24.8618  2.60752  0  0
24.8618  2.63894  0  0
24.8618  2.67035  0  0
24.8618  2.70177  0  0
24.8618  2.73319  0  0
24.8618  2.7646  0  0
24.8618  2.79602  0  0
24.8618  2.82743  0  0
24.8618  2.85885  0  0
24.8618  2.89027  0  0
24.8618  2.92168  0  0
24.8618  2.9531  0  0
24.8618  2.98451  0  0
24.8618  3.01593  0  0
24.8618  3.04734  0  0
24.8618  3.07876  0  0
24.8618  3.11018  0  0
