2  0  0  0
2  0.0314159  0  0
2  0.0628319  0  0
2  0.0942478  0  0
2  0.125664  0  0
2  0.15708  0  0
2  0.188496  0  0
2  0.219911  0  0
2  0.251327  0  0
2  0.282743  0  0
2  0.314159  0  0
2  0.345575  0  0
2  0.376991  0  0
2  0.408407  0  0
2  0.439823  0  0
2  0.471239  0  0
2  0.502655  0  0
2  0.534071  0  0
2  0.565487  0  0
2  0.596903  0  0
2  0.628319  0  0
2  0.659734  0  0
2  0.69115  0  0
2  0.722566  0  0
2  0.753982  0  0
2  0.785398  0  0
2  0.816814  0  0
2  0.84823  0  0
2  0.879646  0  0
2  0.911062  0  0
2  0.942478  0  0
2  0.973894  0  0
2  1.00531  0  0
2  1.03673  0  0
2  1.06814  0  0
2  1.09956  0  0
2  1.13097  0  0
2  1.16239  0  0
2  1.19381  0  0
2  1.22522  0  0
2  1.25664  0  0
2  1.28805  0  0
2  1.31947  0  0
2  1.35088  0  0
2  1.3823  0  0
2  1.41372  0  0
2  1.44513  0  0
2  1.47655  0  0
2  1.50796  0  0
2  1.53938  0  0
2  1.5708  0  0
2  1.60221  0  0
2  1.63363  0  0
2  1.66504  0  0
2  1.69646  0  0
2  1.72788  0  0
2  1.75929  0  0
2  1.79071  0  0
2  1.82212  0  0
2  1.85354  0  0
2  1.88496  0  0
2  1.91637  0  0
2  1.94779  0  0
2  1.9792  0  0
2  2.01062  0  0
2  2.04204  0  0
2  2.07345  0  0
2  2.10487  0  0
2  2.13628  0  0
2  2.1677  0  0
2  2.19911  0  0
2  2.23053  0  0
2  2.26195  0  0
2  2.29336  0  0
2  2.32478  0  0
2  2.35619  0  0
2  2.38761  0  0
2  2.41903  0  0
2  2.45044  0  0
2  2.48186  0  0
2  2.51327  0  0
2  2.54469  0  0
2  2.57611  0  0
2  2.60752  0  0
2  2.63894  0  0
2  2.67035  0  0
2  2.70177  0  0
2  2.73319  0  0
2  2.7646  0  0
2  2.79602  0  0
2  2.82743  0  0
2  2.85885  0  0
2  2.89027  0  0
2  2.92168  0  0
2  2.9531  0  0
2  2.98451  0  0
2  3.01593  0  0
2  3.04734  0  0
2  3.07876  0  0
2  3.11018  0  0
2.125  0  0  0
2.125  0.0314159  0  0
2.125  0.0628319  0  0
2.125  0.0942478  0  0
2.125  0.125664  0  0
2.125  0.15708  0  0
2.125  0.188496  0  0
2.125  0.219911  0  0
2.125  0.251327  0  0
2.125  0.282743  0  0
2.125  0.314159  0  0
2.125  0.345575  0  0
2.125  0.376991  0  0
2.125  0.408407  0  0
2.125  0.439823  0  0
2.125  0.471239  0  0
2.125  0.502655  0  0
2.125  0.534071  0  0
2.125  0.565487  0  0
2.125  0.596903  0  0
2.125  0.628319  0  0
2.125  0.659734  0  0
2.125  0.69115  0  0
2.125  0.722566  0  0
2.125  0.753982  0  0
2.125  0.785398  0  0
2.125  0.816814  0  0
2.125  0.84823  0  0
2.125  0.879646  0  0
2.125  0.911062  0  0
2.125  0.942478  0  0
2.125  0.973894  0  0
2.125  1.00531  0  0
2.125  1.03673  0  0
2.125  1.06814  0  0
2.125  1.09956  0  0
2.125  1.13097  0  0
2.125  1.16239  0  0
2.125  1.19381  0  0
2.125  1.22522  0  0
2.125  1.25664  0  0
2.125  1.28805  0  0
2.125  1.31947  0  0
2.125  1.35088  0  0
2.125  1.3823  0  0
2.125  1.41372  0  0
2.125  1.44513  0  0
2.125  1.47655  0  0
2.125  1.50796  0  0
2.125  1.53938  0  0
2.125  1.5708  0  0
2.125  1.60221  0  0
2.125  1.63363  0  0
2.125  1.66504  0  0
2.125  1.69646  0  0
2.125  1.72788  0  0
2.125  1.75929  0  0
2.125  1.79071  0  0
2.125  1.82212  0  0
2.125  1.85354  0  0
2.125  1.88496  0  0
2.125  1.91637  0  0
2.125  1.94779  0  0
2.125  1.9792  0  0
2.125  2.01062  0  0
2.125  2.04204  0  0
2.125  2.07345  0  0
2.125  2.10487  0  0
2.125  2.13628  0  0
2.125  2.1677  0  0
2.125  2.19911  0  0
2.125  2.23053  0  0
2.125  2.26195  0  0
2.125  2.29336  0  0
2.125  2.32478  0  0
2.125  2.35619  0  0
2.125  2.38761  0  0
2.125  2.41903  0  0
2.125  2.45044  0  0
2.125  2.48186  0  0
2.125  2.51327  0  0
2.125  2.54469  0  0
2.125  2.57611  0  0
2.125  2.60752  0  0
2.125  2.63894  0  0
2.125  2.67035  0  0
2.125  2.70177  0  0
2.125  2.73319  0  0
2.125  2.7646  0  0
2.125  2.79602  0  0
2.125  2.82743  0  0
2.125  2.85885  0  0
2.125  2.89027  0  0
2.125  2.92168  0  0
2.125  2.9531  0  0
2.125  2.98451  0  0
2.125  3.01593  0  0
2.125  3.04734  0  0
2.125  3.07876  0  0
2.125  3.11018  0  0
2.25  0  0  0
2.25  0.0314159  0  0
2.25  0.0628319  0  0
2.25  0.0942478  0  0
2.25  0.125664  0  0
2.25  0.15708  0  0
2.25  0.188496  0  0
2.25  0.219911  0  0
2.25  0.251327  0  0
2.25  0.282743  0  0
2.25  0.314159  0  0
2.25  0.345575  0  0
2.25  0.376991  0  0
2.25  0.408407  0  0
2.25  0.439823  0  0
2.25  0.471239  0  0
2.25  0.502655  0  0
2.25  0.534071  0  0
2.25  0.565487  0  0
2.25  0.596903  0  0
2.25  0.628319  0  0
2.25  0.659734  0  0
2.25  0.69115  0  0
2.25  0.722566  0  0
2.25  0.753982  0  0
2.25  0.785398  0  0
2.25  0.816814  0  0
2.25  0.84823  0  0
2.25  0.879646  0  0
2.25  0.911062  0  0
2.25  0.942478  0  0
2.25  0.973894  0  0
2.25  1.00531  0  0
2.25  1.03673  0  0
2.25  1.06814  0  0
2.25  1.09956  0  0
2.25  1.13097  0  0
2.25  1.16239  0  0
2.25  1.19381  0  0
2.25  1.22522  0  0
2.25  1.25664  0  0
2.25  1.28805  0  0
2.25  1.31947  0  0
2.25  1.35088  0  0
2.25  1.3823  0  0
2.25  1.41372  0  0
2.25  1.44513  0  0
2.25  1.47655  0  0
2.25  1.50796  0  0
2.25  1.53938  0  0
2.25  1.5708  0  0
2.25  1.60221  0  0
2.25  1.63363  0  0
2.25  1.66504  0  0
2.25  1.69646  0  0
2.25  1.72788  0  0
2.25  1.75929  0  0
2.25  1.79071  0  0
2.25  1.82212  0  0
2.25  1.85354  0  0
2.25  1.88496  0  0
2.25  1.91637  0  0
2.25  1.94779  0  0
2.25  1.9792  0  0
2.25  2.01062  0  0
2.25  2.04204  0  0
2.25  2.07345  0  0
2.25  2.10487  0  0
2.25  2.13628  0  0
2.25  2.1677  0  0
2.25  2.19911  0  0
2.25  2.23053  0  0
2.25  2.26195  0  0
2.25  2.29336  0  0
2.25  2.32478  0  0
2.25  2.35619  0  0
2.25  2.38761  0  0
2.25  2.41903  0  0
2.25  2.45044  0  0
2.25  2.48186  0  0
2.25  2.51327  0  0
2.25  2.54469  0  0
2.25  2.57611  0  0
2.25  2.60752  0  0
2.25  2.63894  0  0
2.25  2.67035  0  0
2.25  2.70177  0  0
2.25  2.73319  0  0
2.25  2.7646  0  0
2.25  2.79602  0  0
2.25  2.82743  0  0
2.25  2.85885  0  0
2.25  2.89027  0  0
2.25  2.92168  0  0
2.25  2.9531  0  0
2.25  2.98451  0  0
2.25  3.01593  0  0
2.25  3.04734  0  0
2.25  3.07876  0  0
2.25  3.11018  0  0
2.375  0  0  0
2.375  0.0314159  0  0
2.375  0.0628319  0  0
2.375  0.0942478  0  0
2.375  0.125664  0  0
2.375  0.15708  0  0
2.375  0.188496  0  0
2.375  0.219911  0  0
2.375  0.251327  0  0
2.375  0.282743  0  0
2.375  0.314159  0  0
2.375  0.345575  0  0
2.375  0.376991  0  0
2.375  0.408407  0  0
2.375  0.439823  0  0
2.375  0.471239  0  0
2.375  0.502655  0  0
2.375  0.534071  0  0
2.375  0.565487  0  0
2.375  0.596903  0  0
2.375  0.628319  0  0
2.375  0.659734  0  0
2.375  0.69115  0  0
2.375  0.722566  0  0
2.375  0.753982  0  0
2.375  0.785398  0  0
2.375  0.816814  0  0
2.375  0.84823  0  0
2.375  0.879646  0  0
2.375  0.911062  0  0
2.375  0.942478  0  0
2.375  0.973894  0  0
2.375  1.00531  0  0
2.375  1.03673  0  0
2.375  1.06814  0  0
2.375  1.09956  0  0
2.375  1.13097  0  0
2.375  1.16239  0  0
2.375  1.19381  0  0
2.375  1.22522  0  0
2.375  1.25664  0  0
2.375  1.28805  0  0
2.375  1.31947  0  0
2.375  1.35088  0  0
2.375  1.3823  0  0
2.375  1.41372  0  0
2.375  1.44513  0  0
2.375  1.47655  0  0
2.375  1.50796  0  0
2.375  1.53938  0  0
2.375  1.5708  0  0
2.375  1.60221  0  0
2.375  1.63363  0  0
2.375  1.66504  0  0
2.375  1.69646  0  0
2.375  1.72788  0  0
2.375  1.75929  0  0
2.375  1.79071  0  0
2.375  1.82212  0  0
2.375  1.85354  0  0
2.375  1.88496  0  0
2.375  1.91637  0  0
2.375  1.94779  0  0
2.375  1.9792  0  0
2.375  2.01062  0  0
2.375  2.04204  0  0
2.375  2.07345  0  0
2.375  2.10487  0  0
2.375  2.13628  0  0
2.375  2.1677  0  0
2.375  2.19911  0  0
2.375  2.23053  0  0
2.375  2.26195  0  0
2.375  2.29336  0  0
2.375  2.32478  0  0
2.375  2.35619  0  0
2.375  2.38761  0  0
2.375  2.41903  0  0
2.375  2.45044  0  0
2.375  2.48186  0  0
2.375  2.51327  0  0
2.375  2.54469  0  0
2.375  2.57611  0  0
2.375  2.60752  0  0
2.375  2.63894  0  0
2.375  2.67035  0  0
2.375  2.70177  0  0
2.375  2.73319  0  0
2.375  2.7646  0  0
2.375  2.79602  0  0
2.375  2.82743  0  0
2.375  2.85885  0  0
2.375  2.89027  0  0
2.375  2.92168  0  0
2.375  2.9531  0  0
2.375  2.98451  0  0
2.375  3.01593  0  0
2.375  3.04734  0  0
2.375  3.07876  0  0
2.375  3.11018  0  0
2.5  0  0  0
2.5  0.0314159  0  0
2.5  0.0628319  0  0
2.5  0.0942478  0  0
2.5  0.125664  0  0
2.5  0.15708  0  0
2.5  0.188496  0  0
2.5  0.219911  0  0
2.5  0.251327  0  0
2.5  0.282743  0  0
2.5  0.314159  0  0
2.5  0.345575  0  0
2.5  0.376991  0  0
2.5  0.408407  0  0
2.5  0.439823  0  0
2.5  0.471239  0  0
2.5  0.502655  0  0
2.5  0.534071  0  0
2.5  0.565487  0  0
2.5  0.596903  0  0
2.5  0.628319  0  0
2.5  0.659734  0  0
2.5  0.69115  0  0
2.5  0.722566  0  0
2.5  0.753982  0  0
2.5  0.785398  0  0
2.5  0.816814  0  0
2.5  0.84823  0  0
2.5  0.879646  0  0
2.5  0.911062  0  0
2.5  0.942478  0  0
2.5  0.973894  0  0
2.5  1.00531  0  0
2.5  1.03673  0  0
2.5  1.06814  0  0
2.5  1.09956  0  0
2.5  1.13097  0  0
2.5  1.16239  0  0
2.5  1.19381  0  0
2.5  1.22522  0  0
2.5  1.25664  0  0
2.5  1.28805  0  0
2.5  1.31947  0  0
2.5  1.35088  0  0
2.5  1.3823  0  0
2.5  1.41372  0  0
2.5  1.44513  0  0
2.5  1.47655  0  0
2.5  1.50796  0  0
2.5  1.53938  0  0
2.5  1.5708  0  0
2.5  1.60221  0  0
2.5  1.63363  0  0
2.5  1.66504  0  0
2.5  1.69646  0  0
2.5  1.72788  0  0
2.5  1.75929  0  0
2.5  1.79071  0  0
2.5  1.82212  0  0
2.5  1.85354  0  0
2.5  1.88496  0  0
2.5  1.91637  0  0
2.5  1.94779  0  0
2.5  1.9792  0  0
2.5  2.01062  0  0
2.5  2.04204  0  0
2.5  2.07345  0  0
2.5  2.10487  0  0
2.5  2.13628  0  0
2.5  2.1677  0  0
2.5  2.19911  0  0
2.5  2.23053  0  0
2.5  2.26195  0  0
2.5  2.29336  0  0
2.5  2.32478  0  0
2.5  2.35619  0  0
2.5  2.38761  0  0
2.5  2.41903  0  0
2.5  2.45044  0  0
2.5  2.48186  0  0
2.5  2.51327  0  0
2.5  2.54469  0  0
2.5  2.57611  0  0
2.5  2.60752  0  0
2.5  2.63894  0  0
2.5  2.67035  0  0
2.5  2.70177  0  0
2.5  2.73319  0  0
2.5  2.7646  0  0
2.5  2.79602  0  0
2.5  2.82743  0  0
2.5  2.85885  0  0
2.5  2.89027  0  0
2.5  2.92168  0  0
2.5  2.9531  0  0
2.5  2.98451  0  0
2.5  3.01593  0  0
2.5  3.04734  0  0
2.5  3.07876  0  0
2.5  3.11018  0  0
2.625  0  0  0
2.625  0.0314159  0  0
2.625  0.0628319  0  0
2.625  0.0942478  0  0
2.625  0.125664  0  0
2.625  0.15708  0  0
2.625  0.188496  0  0
2.625  0.219911  0  0
2.625  0.251327  0  0
2.625  0.282743  0  0
2.625  0.314159  0  0
2.625  0.345575  0  0
2.625  0.376991  0  0
2.625  0.408407  0  0
2.625  0.439823  0  0
2.625  0.471239  0  0
2.625  0.502655  0  0
2.625  0.534071  0  0
2.625  0.565487  0  0
2.625  0.596903  0  0
2.625  0.628319  0  0
2.625  0.659734  0  0
2.625  0.69115  0  0
2.625  0.722566  0  0
2.625  0.753982  0  0
2.625  0.785398  0  0
2.625  0.816814  0  0
2.625  0.84823  0  0
2.625  0.879646  0  0
2.625  0.911062  0  0
2.625  0.942478  0  0
2.625  0.973894  0  0
2.625  1.00531  0  0
2.625  1.03673  0  0
2.625  1.06814  0  0
2.625  1.09956  0  0
2.625  1.13097  0  0
2.625  1.16239  0  0
2.625  1.19381  0  0
2.625  1.22522  0  0
2.625  1.25664  0  0
2.625  1.28805  0  0
2.625  1.31947  0  0
2.625  1.35088  0  0
2.625  1.3823  0  0
2.625  1.41372  0  0
2.625  1.44513  0  0
2.625  1.47655  0  0
2.625  1.50796  0  0
2.625  1.53938  0  0
2.625  1.5708  0  0
2.625  1.60221  0  0
2.625  1.63363  0  0
2.625  1.66504  0  0
2.625  1.69646  0  0
2.625  1.72788  0  0
2.625  1.75929  0  0
2.625  1.79071  0  0
2.625  1.82212  0  0
2.625  1.85354  0  0
2.625  1.88496  0  0
2.625  1.91637  0  0
2.625  1.94779  0  0
2.625  1.9792  0  0
2.625  2.01062  0  0
2.625  2.04204  0  0
2.625  2.07345  0  0
2.625  2.10487  0  0
2.625  2.13628  0  0
2.625  2.1677  0  0
2.625  2.19911  0  0
2.625  2.23053  0  0
2.625  2.26195  0  0
2.625  2.29336  0  0
2.625  2.32478  0  0
2.625  2.35619  0  0
2.625  2.38761  0  0
2.625  2.41903  0  0
2.625  2.45044  0  0
2.625  2.48186  0  0
2.625  2.51327  0  0
2.625  2.54469  0  0
2.625  2.57611  0  0
2.625  2.60752  0  0
2.625  2.63894  0  0
2.625  2.67035  0  0
2.625  2.70177  0  0
2.625  2.73319  0  0
2.625  2.7646  0  0
2.625  2.79602  0  0
2.625  2.82743  0  0
2.625  2.85885  0  0
2.625  2.89027  0  0
2.625  2.92168  0  0
2.625  2.9531  0  0
2.625  2.98451  0  0
2.625  3.01593  0  0
2.625  3.04734  0  0
2.625  3.07876  0  0
2.625  3.11018  0  0
2.75  0  0  0
2.75  0.0314159  0  0
2.75  0.0628319  0  0
2.75  0.0942478  0  0
2.75  0.125664  0  0
2.75  0.15708  0  0
2.75  0.188496  0  0
2.75  0.219911  0  0
2.75  0.251327  0  0
2.75  0.282743  0  0
2.75  0.314159  0  0
2.75  0.345575  0  0
2.75  0.376991  0  0
2.75  0.408407  0  0
2.75  0.439823  0  0
2.75  0.471239  0  0
2.75  0.502655  0  0
2.75  0.534071  0  0
2.75  0.565487  0  0
2.75  0.596903  0  0
2.75  0.628319  0  0
2.75  0.659734  0  0
2.75  0.69115  0  0
2.75  0.722566  0  0
2.75  0.753982  0  0
2.75  0.785398  0  0
2.75  0.816814  0  0
2.75  0.84823  0  0
2.75  0.879646  0  0
2.75  0.911062  0  0
2.75  0.942478  0  0
2.75  0.973894  0  0
2.75  1.00531  0  0
2.75  1.03673  0  0
2.75  1.06814  0  0
2.75  1.09956  0  0
2.75  1.13097  0  0
2.75  1.16239  0  0
2.75  1.19381  0  0
2.75  1.22522  0  0
2.75  1.25664  0  0
2.75  1.28805  0  0
2.75  1.31947  0  0
2.75  1.35088  0  0
2.75  1.3823  0  0
2.75  1.41372  0  0
2.75  1.44513  0  0
2.75  1.47655  0  0
2.75  1.50796  0  0
2.75  1.53938  0  0
2.75  1.5708  0  0
2.75  1.60221  0  0
2.75  1.63363  0  0
2.75  1.66504  0  0
2.75  1.69646  0  0
2.75  1.72788  0  0
2.75  1.75929  0  0
2.75  1.79071  0  0
2.75  1.82212  0  0
2.75  1.85354  0  0
2.75  1.88496  0  0
2.75  1.91637  0  0
2.75  1.94779  0  0
2.75  1.9792  0  0
2.75  2.01062  0  0
2.75  2.04204  0  0
2.75  2.07345  0  0
2.75  2.10487  0  0
2.75  2.13628  0  0
2.75  2.1677  0  0
2.75  2.19911  0  0
2.75  2.23053  0  0
2.75  2.26195  0  0
2.75  2.29336  0  0
2.75  2.32478  0  0
2.75  2.35619  0  0
2.75  2.38761  0  0
2.75  2.41903  0  0
2.75  2.45044  0  0
2.75  2.48186  0  0
2.75  2.51327  0  0
2.75  2.54469  0  0
2.75  2.57611  0  0
2.75  2.60752  0  0
2.75  2.63894  0  0
2.75  2.67035  0  0
2.75  2.70177  0  0
2.75  2.73319  0  0
2.75  2.7646  0  0
2.75  2.79602  0  0
2.75  2.82743  0  0
2.75  2.85885  0  0
2.75  2.89027  0  0
2.75  2.92168  0  0
2.75  2.9531  0  0
2.75  2.98451  0  0
2.75  3.01593  0  0
2.75  3.04734  0  0
2.75  3.07876  0  0
2.75  3.11018  0  0
2.875  0  0  0
2.875  0.0314159  0  0
2.875  0.0628319  0  0
2.875  0.0942478  0  0
2.875  0.125664  0  0
2.875  0.15708  0  0
2.875  0.188496  0  0
2.875  0.219911  0  0
2.875  0.251327  0  0
2.875  0.282743  0  0
2.875  0.314159  0  0
2.875  0.345575  0  0
2.875  0.376991  0  0
2.875  0.408407  0  0
2.875  0.439823  0  0
2.875  0.471239  0  0
2.875  0.502655  0  0
2.875  0.534071  0  0
2.875  0.565487  0  0
2.875  0.596903  0  0
2.875  0.628319  0  0
2.875  0.659734  0  0
2.875  0.69115  0  0
2.875  0.722566  0  0
2.875  0.753982  0  0
2.875  0.785398  0  0
2.875  0.816814  0  0
2.875  0.84823  0  0
2.875  0.879646  0  0
2.875  0.911062  0  0
2.875  0.942478  0  0
2.875  0.973894  0  0
2.875  1.00531  0  0
2.875  1.03673  0  0
2.875  1.06814  0  0
2.875  1.09956  0  0
2.875  1.13097  0  0
2.875  1.16239  0  0
2.875  1.19381  0  0
2.875  1.22522  0  0
2.875  1.25664  0  0
2.875  1.28805  0  0
2.875  1.31947  0  0
2.875  1.35088  0  0
2.875  1.3823  0  0
2.875  1.41372  0  0
2.875  1.44513  0  0
2.875  1.47655  0  0
2.875  1.50796  0  0
2.875  1.53938  0  0
2.875  1.5708  0  0
2.875  1.60221  0  0
2.875  1.63363  0  0
2.875  1.66504  0  0
2.875  1.69646  0  0
2.875  1.72788  0  0
2.875  1.75929  0  0
2.875  1.79071  0  0
2.875  1.82212  0  0
2.875  1.85354  0  0
2.875  1.88496  0  0
2.875  1.91637  0  0
2.875  1.94779  0  0
2.875  1.9792  0  0
2.875  2.01062  0  0
2.875  2.04204  0  0
2.875  2.07345  0  0
2.875  2.10487  0  0
2.875  2.13628  0  0
2.875  2.1677  0  0
2.875  2.19911  0  0
2.875  2.23053  0  0
2.875  2.26195  0  0
2.875  2.29336  0  0
2.875  2.32478  0  0
2.875  2.35619  0  0
2.875  2.38761  0  0
2.875  2.41903  0  0
2.875  2.45044  0  0
2.875  2.48186  0  0
2.875  2.51327  0  0
2.875  2.54469  0  0
2.875  2.57611  0  0
2.875  2.60752  0  0
2.875  2.63894  0  0
2.875  2.67035  0  0
2.875  2.70177  0  0
2.875  2.73319  0  0
2.875  2.7646  0  0
2.875  2.79602  0  0
2.875  2.82743  0  0
2.875  2.85885  0  0
2.875  2.89027  0  0
2.875  2.92168  0  0
2.875  2.9531  0  0
2.875  2.98451  0  0
2.875  3.01593  0  0
2.875  3.04734  0  0
2.875  3.07876  0  0
2.875  3.11018  0  0
3  0  0  0
3  0.0314159  0  0
3  0.0628319  0  0
3  0.0942478  0  0
3  0.125664  0  0
3  0.15708  0  0
3  0.188496  0  0
3  0.219911  0  0
3  0.251327  0  0
3  0.282743  0  0
3  0.314159  0  0
3  0.345575  0  0
3  0.376991  0  0
3  0.408407  0  0
3  0.439823  0  0
3  0.471239  0  0
3  0.502655  0  0
3  0.534071  0  0
3  0.565487  0  0
3  0.596903  0  0
3  0.628319  0  0
3  0.659734  0  0
3  0.69115  0  0
3  0.722566  0  0
3  0.753982  0  0
3  0.785398  0  0
3  0.816814  0  0
3  0.84823  0  0
3  0.879646  0  0
3  0.911062  0  0
3  0.942478  0  0
3  0.973894  0  0
3  1.00531  0  0
3  1.03673  0  0
3  1.06814  0  0
3  1.09956  0  0
3  1.13097  0  0
3  1.16239  0  0
3  1.19381  0  0
3  1.22522  0  0
3  1.25664  0  0
3  1.28805  0  0
3  1.31947  0  0
3  1.35088  0  0
3  1.3823  0  0
3  1.41372  0  0
3  1.44513  0  0
3  1.47655  0  0
3  1.50796  0  0
3  1.53938  0  0
3  1.5708  0  0
3  1.60221  0  0
3  1.63363  0  0
3  1.66504  0  0
3  1.69646  0  0
3  1.72788  0  0
3  1.75929  0  0
3  1.79071  0  0
3  1.82212  0  0
3  1.85354  0  0
3  1.88496  0  0
3  1.91637  0  0
3  1.94779  0  0
3  1.9792  0  0
3  2.01062  0  0
3  2.04204  0  0
3  2.07345  0  0
3  2.10487  0  0
3  2.13628  0  0
3  2.1677  0  0
3  2.19911  0  0
3  2.23053  0  0
3  2.26195  0  0
3  2.29336  0  0
3  2.32478  0  0
3  2.35619  0  0
3  2.38761  0  0
3  2.41903  0  0
3  2.45044  0  0
3  2.48186  0  0
3  2.51327  0  0
3  2.54469  0  0
3  2.57611  0  0
3  2.60752  0  0
3  2.63894  0  0
3  2.67035  0  0
3  2.70177  0  0
3  2.73319  0  0
3  2.7646  0  0
3  2.79602  0  0
3  2.82743  0  0
3  2.85885  0  0
3  2.89027  0  0
3  2.92168  0  0
3  2.9531  0  0
3  2.98451  0  0
3  3.01593  0  0
3  3.04734  0  0
3  3.07876  0  0
3  3.11018  0  0
3.125  0  0  0
3.125  0.0314159  0  0
3.125  0.0628319  0  0
3.125  0.0942478  0  0
3.125  0.125664  0  0
3.125  0.15708  0  0
3.125  0.188496  0  0
3.125  0.219911  0  0
3.125  0.251327  0  0
3.125  0.282743  0  0
3.125  0.314159  0  0
3.125  0.345575  0  0
3.125  0.376991  0  0
3.125  0.408407  0  0
3.125  0.439823  0  0
3.125  0.471239  0  0
3.125  0.502655  0  0
3.125  0.534071  0  0
3.125  0.565487  0  0
3.125  0.596903  0  0
3.125  0.628319  0  0
3.125  0.659734  0  0
3.125  0.69115  0  0
3.125  0.722566  0  0
3.125  0.753982  0  0
3.125  0.785398  0  0
3.125  0.816814  0  0
3.125  0.84823  0  0
3.125  0.879646  0  0
3.125  0.911062  0  0
3.125  0.942478  0  0
3.125  0.973894  0  0
3.125  1.00531  0  0
3.125  1.03673  0  0
3.125  1.06814  0  0
3.125  1.09956  0  0
3.125  1.13097  0  0
3.125  1.16239  0  0
3.125  1.19381  0  0
3.125  1.22522  0  0
3.125  1.25664  0  0
3.125  1.28805  0  0
3.125  1.31947  0  0
3.125  1.35088  0  0
3.125  1.3823  0  0
3.125  1.41372  0  0
3.125  1.44513  0  0
3.125  1.47655  0  0
3.125  1.50796  0  0
3.125  1.53938  0  0
3.125  1.5708  0  0
3.125  1.60221  0  0
3.125  1.63363  0  0
3.125  1.66504  0  0
3.125  1.69646  0  0
3.125  1.72788  0  0
3.125  1.75929  0  0
3.125  1.79071  0  0
3.125  1.82212  0  0
3.125  1.85354  0  0
3.125  1.88496  0  0
3.125  1.91637  0  0
3.125  1.94779  0  0
3.125  1.9792  0  0
3.125  2.01062  0  0
3.125  2.04204  0  0
3.125  2.07345  0  0
3.125  2.10487  0  0
3.125  2.13628  0  0
3.125  2.1677  0  0
3.125  2.19911  0  0
3.125  2.23053  0  0
3.125  2.26195  0  0
3.125  2.29336  0  0
3.125  2.32478  0  0
3.125  2.35619  0  0
3.125  2.38761  0  0
3.125  2.41903  0  0
3.125  2.45044  0  0
3.125  2.48186  0  0
3.125  2.51327  0  0
3.125  2.54469  0  0
3.125  2.57611  0  0
3.125  2.60752  0  0
3.125  2.63894  0  0
3.125  2.67035  0  0
3.125  2.70177  0  0
3.125  2.73319  0  0
3.125  2.7646  0  0
3.125  2.79602  0  0
3.125  2.82743  0  0
3.125  2.85885  0  0
3.125  2.89027  0  0
3.125  2.92168  0  0
3.125  2.9531  0  0
3.125  2.98451  0  0
3.125  3.01593  0  0
3.125  3.04734  0  0
3.125  3.07876  0  0
3.125  3.11018  0  0
3.25  0  0  0
3.25  0.0314159  0  0
3.25  0.0628319  0  0
3.25  0.0942478  0  0
3.25  0.125664  0  0
3.25  0.15708  0  0
3.25  0.188496  0  0
3.25  0.219911  0  0
3.25  0.251327  0  0
3.25  0.282743  0  0
3.25  0.314159  0  0
3.25  0.345575  0  0
3.25  0.376991  0  0
3.25  0.408407  0  0
3.25  0.439823  0  0
3.25  0.471239  0  0
3.25  0.502655  0  0
3.25  0.534071  0  0
3.25  0.565487  0  0
3.25  0.596903  0  0
3.25  0.628319  0  0
3.25  0.659734  0  0
3.25  0.69115  0  0
3.25  0.722566  0  0
3.25  0.753982  0  0
3.25  0.785398  0  0
3.25  0.816814  0  0
3.25  0.84823  0  0
3.25  0.879646  0  0
3.25  0.911062  0  0
3.25  0.942478  0  0
3.25  0.973894  0  0
3.25  1.00531  0  0
3.25  1.03673  0  0
3.25  1.06814  0  0
3.25  1.09956  0  0
3.25  1.13097  0  0
3.25  1.16239  0  0
3.25  1.19381  0  0
3.25  1.22522  0  0
3.25  1.25664  0  0
3.25  1.28805  0  0
3.25  1.31947  0  0
3.25  1.35088  0  0
3.25  1.3823  0  0
3.25  1.41372  0  0
3.25  1.44513  0  0
3.25  1.47655  0  0
3.25  1.50796  0  0
3.25  1.53938  0  0
3.25  1.5708  0  0
3.25  1.60221  0  0
3.25  1.63363  0  0
3.25  1.66504  0  0
3.25  1.69646  0  0
3.25  1.72788  0  0
3.25  1.75929  0  0
3.25  1.79071  0  0
3.25  1.82212  0  0
3.25  1.85354  0  0
3.25  1.88496  0  0
3.25  1.91637  0  0
3.25  1.94779  0  0
3.25  1.9792  0  0
3.25  2.01062  0  0
3.25  2.04204  0  0
3.25  2.07345  0  0
3.25  2.10487  0  0
3.25  2.13628  0  0
3.25  2.1677  0  0
3.25  2.19911  0  0
3.25  2.23053  0  0
3.25  2.26195  0  0
3.25  2.29336  0  0
3.25  2.32478  0  0
3.25  2.35619  0  0
3.25  2.38761  0  0
3.25  2.41903  0  0
3.25  2.45044  0  0
3.25  2.48186  0  0
3.25  2.51327  0  0
3.25  2.54469  0  0
3.25  2.57611  0  0
3.25  2.60752  0  0
3.25  2.63894  0  0
3.25  2.67035  0  0
3.25  2.70177  0  0
3.25  2.73319  0  0
3.25  2.7646  0  0
3.25  2.79602  0  0
3.25  2.82743  0  0
3.25  2.85885  0  0
3.25  2.89027  0  0
3.25  2.92168  0  0
3.25  2.9531  0  0
3.25  2.98451  0  0
3.25  3.01593  0  0
3.25  3.04734  0  0
3.25  3.07876  0  0
3.25  3.11018  0  0
3.375  0  0  0
3.375  0.0314159  0  0
3.375  0.0628319  0  0
3.375  0.0942478  0  0
3.375  0.125664  0  0
3.375  0.15708  0  0
3.375  0.188496  0  0
3.375  0.219911  0  0
3.375  0.251327  0  0
3.375  0.282743  0  0
3.375  0.314159  0  0
3.375  0.345575  0  0
3.375  0.376991  0  0
3.375  0.408407  0  0
3.375  0.439823  0  0
3.375  0.471239  0  0
3.375  0.502655  0  0
3.375  0.534071  0  0
3.375  0.565487  0  0
3.375  0.596903  0  0
3.375  0.628319  0  0
3.375  0.659734  0  0
3.375  0.69115  0  0
3.375  0.722566  0  0
3.375  0.753982  0  0
3.375  0.785398  0  0
3.375  0.816814  0  0
3.375  0.84823  0  0
3.375  0.879646  0  0
3.375  0.911062  0  0
3.375  0.942478  0  0
3.375  0.973894  0  0
3.375  1.00531  0  0
3.375  1.03673  0  0
3.375  1.06814  0  0
3.375  1.09956  0  0
3.375  1.13097  0  0
3.375  1.16239  0  0
3.375  1.19381  0  0
3.375  1.22522  0  0
3.375  1.25664  0  0
3.375  1.28805  0  0
3.375  1.31947  0  0
3.375  1.35088  0  0
3.375  1.3823  0  0
3.375  1.41372  0  0
3.375  1.44513  0  0
3.375  1.47655  0  0
3.375  1.50796  0  0
3.375  1.53938  0  0
3.375  1.5708  0  0
3.375  1.60221  0  0
3.375  1.63363  0  0
3.375  1.66504  0  0
3.375  1.69646  0  0
3.375  1.72788  0  0
3.375  1.75929  0  0
3.375  1.79071  0  0
3.375  1.82212  0  0
3.375  1.85354  0  0
3.375  1.88496  0  0
3.375  1.91637  0  0
3.375  1.94779  0  0
3.375  1.9792  0  0
3.375  2.01062  0  0
3.375  2.04204  0  0
3.375  2.07345  0  0
3.375  2.10487  0  0
3.375  2.13628  0  0
3.375  2.1677  0  0
3.375  2.19911  0  0
3.375  2.23053  0  0
3.375  2.26195  0  0
3.375  2.29336  0  0
3.375  2.32478  0  0
3.375  2.35619  0  0
3.375  2.38761  0  0
3.375  2.41903  0  0
3.375  2.45044  0  0
3.375  2.48186  0  0
3.375  2.51327  0  0
3.375  2.54469  0  0
3.375  2.57611  0  0
3.375  2.60752  0  0
3.375  2.63894  0  0
3.375  2.67035  0  0
3.375  2.70177  0  0
3.375  2.73319  0  0
3.375  2.7646  0  0
3.375  2.79602  0  0
3.375  2.82743  0  0
3.375  2.85885  0  0
3.375  2.89027  0  0
3.375  2.92168  0  0
3.375  2.9531  0  0
3.375  2.98451  0  0
3.375  3.01593  0  0
3.375  3.04734  0  0
3.375  3.07876  0  0
3.375  3.11018  0  0
3.5  0  0  0
3.5  0.0314159  0  0
3.5  0.0628319  0  0
3.5  0.0942478  0  0
3.5  0.125664  0  0
3.5  0.15708  0  0
3.5  0.188496  0  0
3.5  0.219911  0  0
3.5  0.251327  0  0
3.5  0.282743  0  0
3.5  0.314159  0  0
3.5  0.345575  0  0
3.5  0.376991  0  0
3.5  0.408407  0  0
3.5  0.439823  0  0
3.5  0.471239  0  0
3.5  0.502655  0  0
3.5  0.534071  0  0
3.5  0.565487  0  0
3.5  0.596903  0  0
3.5  0.628319  0  0
3.5  0.659734  0  0
3.5  0.69115  0  0
3.5  0.722566  0  0
3.5  0.753982  0  0
3.5  0.785398  0  0
3.5  0.816814  0  0
3.5  0.84823  0  0
3.5  0.879646  0  0
3.5  0.911062  0  0
3.5  0.942478  0  0
3.5  0.973894  0  0
3.5  1.00531  0  0
3.5  1.03673  0  0
3.5  1.06814  0  0
3.5  1.09956  0  0
3.5  1.13097  0  0
3.5  1.16239  0  0
3.5  1.19381  0  0
3.5  1.22522  0  0
3.5  1.25664  0  0
3.5  1.28805  0  0
3.5  1.31947  0  0
3.5  1.35088  0  0
3.5  1.3823  0  0
3.5  1.41372  0  0
3.5  1.44513  0  0
3.5  1.47655  0  0
3.5  1.50796  0  0
3.5  1.53938  0  0
3.5  1.5708  0  0
3.5  1.60221  0  0
3.5  1.63363  0  0
3.5  1.66504  0  0
3.5  1.69646  0  0
3.5  1.72788  0  0
3.5  1.75929  0  0
3.5  1.79071  0  0
3.5  1.82212  0  0
3.5  1.85354  0  0
3.5  1.88496  0  0
3.5  1.91637  0  0
3.5  1.94779  0  0
3.5  1.9792  0  0
3.5  2.01062  0  0
3.5  2.04204  0  0
3.5  2.07345  0  0
3.5  2.10487  0  0
3.5  2.13628  0  0
3.5  2.1677  0  0
3.5  2.19911  0  0
3.5  2.23053  0  0
3.5  2.26195  0  0
3.5  2.29336  0  0
3.5  2.32478  0  0
3.5  2.35619  0  0
3.5  2.38761  0  0
3.5  2.41903  0  0
3.5  2.45044  0  0
3.5  2.48186  0  0
3.5  2.51327  0  0
3.5  2.54469  0  0
3.5  2.57611  0  0
3.5  2.60752  0  0
3.5  2.63894  0  0
3.5  2.67035  0  0
3.5  2.70177  0  0
3.5  2.73319  0  0
3.5  2.7646  0  0
3.5  2.79602  0  0
3.5  2.82743  0  0
3.5  2.85885  0  0
3.5  2.89027  0  0
3.5  2.92168  0  0
3.5  2.9531  0  0
3.5  2.98451  0  0
3.5  3.01593  0  0
3.5  3.04734  0  0
3.5  3.07876  0  0
3.5  3.11018  0  0
3.625  0  0  0
3.625  0.0314159  0  0
3.625  0.0628319  0  0
3.625  0.0942478  0  0
3.625  0.125664  0  0
3.625  0.15708  0  0
3.625  0.188496  0  0
3.625  0.219911  0  0
3.625  0.251327  0  0
3.625  0.282743  0  0
3.625  0.314159  0  0
3.625  0.345575  0  0
3.625  0.376991  0  0
3.625  0.408407  0  0
3.625  0.439823  0  0
3.625  0.471239  0  0
3.625  0.502655  0  0
3.625  0.534071  0  0
3.625  0.565487  0  0
3.625  0.596903  0  0
3.625  0.628319  0  0
3.625  0.659734  0  0
3.625  0.69115  0  0
3.625  0.722566  0  0
3.625  0.753982  0  0
3.625  0.785398  0  0
3.625  0.816814  0  0
3.625  0.84823  0  0
3.625  0.879646  0  0
3.625  0.911062  0  0
3.625  0.942478  0  0
3.625  0.973894  0  0
3.625  1.00531  0  0
3.625  1.03673  0  0
3.625  1.06814  0  0
3.625  1.09956  0  0
3.625  1.13097  0  0
3.625  1.16239  0  0
3.625  1.19381  0  0
3.625  1.22522  0  0
3.625  1.25664  0  0
3.625  1.28805  0  0
3.625  1.31947  0  0
3.625  1.35088  0  0
3.625  1.3823  0  0
3.625  1.41372  0  0
3.625  1.44513  0  0
3.625  1.47655  0  0
3.625  1.50796  0  0
3.625  1.53938  0  0
3.625  1.5708  0  0
3.625  1.60221  0  0
3.625  1.63363  0  0
3.625  1.66504  0  0
3.625  1.69646  0  0
3.625  1.72788  0  0
3.625  1.75929  0  0
3.625  1.79071  0  0
3.625  1.82212  0  0
3.625  1.85354  0  0
3.625  1.88496  0  0
3.625  1.91637  0  0
3.625  1.94779  0  0
3.625  1.9792  0  0
3.625  2.01062  0  0
3.625  2.04204  0  0
3.625  2.07345  0  0
3.625  2.10487  0  0
3.625  2.13628  0  0
3.625  2.1677  0  0
3.625  2.19911  0  0
3.625  2.23053  0  0
3.625  2.26195  0  0
3.625  2.29336  0  0
3.625  2.32478  0  0
3.625  2.35619  0  0
3.625  2.38761  0  0
3.625  2.41903  0  0
3.625  2.45044  0  0
3.625  2.48186  0  0
3.625  2.51327  0  0
3.625  2.54469  0  0
3.625  2.57611  0  0
3.625  2.60752  0  0
3.625  2.63894  0  0
3.625  2.67035  0  0
3.625  2.70177  0  0
3.625  2.73319  0  0
3.625  2.7646  0  0
3.625  2.79602  0  0
3.625  2.82743  0  0
3.625  2.85885  0  0
3.625  2.89027  0  0
3.625  2.92168  0  0
3.625  2.9531  0  0
3.625  2.98451  0  0
3.625  3.01593  0  0
3.625  3.04734  0  0
3.625  3.07876  0  0
3.625  3.11018  0  0
3.75  0  0  0
3.75  0.0314159  0  0
3.75  0.0628319  0  0
3.75  0.0942478  0  0
3.75  0.125664  0  0
3.75  0.15708  0  0
3.75  0.188496  0  0
3.75  0.219911  0  0
3.75  0.251327  0  0
3.75  0.282743  0  0
3.75  0.314159  0  0
3.75  0.345575  0  0
3.75  0.376991  0  0
3.75  0.408407  0  0
3.75  0.439823  0  0
3.75  0.471239  0  0
3.75  0.502655  0  0
3.75  0.534071  0  0
3.75  0.565487  0  0
3.75  0.596903  0  0
3.75  0.628319  0  0
3.75  0.659734  0  0
3.75  0.69115  0  0
3.75  0.722566  0  0
3.75  0.753982  0  0
3.75  0.785398  0  0
3.75  0.816814  0  0
3.75  0.84823  0  0
3.75  0.879646  0  0
3.75  0.911062  0  0
3.75  0.942478  0  0
3.75  0.973894  0  0
3.75  1.00531  0  0
3.75  1.03673  0  0
3.75  1.06814  0  0
3.75  1.09956  0  0
3.75  1.13097  0  0
3.75  1.16239  0  0
3.75  1.19381  0  0
3.75  1.22522  0  0
3.75  1.25664  0  0
3.75  1.28805  0  0
3.75  1.31947  0  0
3.75  1.35088  0  0
3.75  1.3823  0  0
3.75  1.41372  0  0
3.75  1.44513  0  0
3.75  1.47655  0  0
3.75  1.50796  0  0
3.75  1.53938  0  0
3.75  1.5708  0  0
3.75  1.60221  0  0
3.75  1.63363  0  0
3.75  1.66504  0  0
3.75  1.69646  0  0
3.75  1.72788  0  0
3.75  1.75929  0  0
3.75  1.79071  0  0
3.75  1.82212  0  0
3.75  1.85354  0  0
3.75  1.88496  0  0
3.75  1.91637  0  0
3.75  1.94779  0  0
3.75  1.9792  0  0
3.75  2.01062  0  0
3.75  2.04204  0  0
3.75  2.07345  0  0
3.75  2.10487  0  0
3.75  2.13628  0  0
3.75  2.1677  0  0
3.75  2.19911  0  0
3.75  2.23053  0  0
3.75  2.26195  0  0
3.75  2.29336  0  0
3.75  2.32478  0  0
3.75  2.35619  0  0
3.75  2.38761  0  0
3.75  2.41903  0  0
3.75  2.45044  0  0
3.75  2.48186  0  0
3.75  2.51327  0  0
3.75  2.54469  0  0
3.75  2.57611  0  0
3.75  2.60752  0  0
3.75  2.63894  0  0
3.75  2.67035  0  0
3.75  2.70177  0  0
3.75  2.73319  0  0
3.75  2.7646  0  0
3.75  2.79602  0  0
3.75  2.82743  0  0
3.75  2.85885  0  0
3.75  2.89027  0  0
3.75  2.92168  0  0
3.75  2.9531  0  0
3.75  2.98451  0  0
3.75  3.01593  0  0
3.75  3.04734  0  0
3.75  3.07876  0  0
3.75  3.11018  0  0
3.875  0  0  0
3.875  0.0314159  0  0
3.875  0.0628319  0  0
3.875  0.0942478  0  0
3.875  0.125664  0  0
3.875  0.15708  0  0
3.875  0.188496  0  0
3.875  0.219911  0  0
3.875  0.251327  0  0
3.875  0.282743  0  0
3.875  0.314159  0  0
3.875  0.345575  0  0
3.875  0.376991  0  0
3.875  0.408407  0  0
3.875  0.439823  0  0
3.875  0.471239  0  0
3.875  0.502655  0  0
3.875  0.534071  0  0
3.875  0.565487  0  0
3.875  0.596903  0  0
3.875  0.628319  0  0
3.875  0.659734  0  0
3.875  0.69115  0  0
3.875  0.722566  0  0
3.875  0.753982  0  0
3.875  0.785398  0  0
3.875  0.816814  0  0
3.875  0.84823  0  0
3.875  0.879646  0  0
3.875  0.911062  0  0
3.875  0.942478  0  0
3.875  0.973894  0  0
3.875  1.00531  0  0
3.875  1.03673  0  0
3.875  1.06814  0  0
3.875  1.09956  0  0
3.875  1.13097  0  0
3.875  1.16239  0  0
3.875  1.19381  0  0
3.875  1.22522  0  0
3.875  1.25664  0  0
3.875  1.28805  0  0
3.875  1.31947  0  0
3.875  1.35088  0  0
3.875  1.3823  0  0
3.875  1.41372  0  0
3.875  1.44513  0  0
3.875  1.47655  0  0
3.875  1.50796  0  0
3.875  1.53938  0  0
3.875  1.5708  0  0
3.875  1.60221  0  0
3.875  1.63363  0  0
3.875  1.66504  0  0
3.875  1.69646  0  0
3.875  1.72788  0  0
3.875  1.75929  0  0
3.875  1.79071  0  0
3.875  1.82212  0  0
3.875  1.85354  0  0
3.875  1.88496  0  0
3.875  1.91637  0  0
3.875  1.94779  0  0
3.875  1.9792  0  0
3.875  2.01062  0  0
3.875  2.04204  0  0
3.875  2.07345  0  0
3.875  2.10487  0  0
3.875  2.13628  0  0
3.875  2.1677  0  0
3.875  2.19911  0  0
3.875  2.23053  0  0
3.875  2.26195  0  0
3.875  2.29336  0  0
3.875  2.32478  0  0
3.875  2.35619  0  0
3.875  2.38761  0  0
3.875  2.41903  0  0
3.875  2.45044  0  0
3.875  2.48186  0  0
3.875  2.51327  0  0
3.875  2.54469  0  0
3.875  2.57611  0  0
3.875  2.60752  0  0
3.875  2.63894  0  0
3.875  2.67035  0  0
3.875  2.70177  0  0
3.875  2.73319  0  0
3.875  2.7646  0  0
3.875  2.79602  0  0
3.875  2.82743  0  0
3.875  2.85885  0  0
3.875  2.89027  0  0
3.875  2.92168  0  0
3.875  2.9531  0  0
3.875  2.98451  0  0
3.875  3.01593  0  0
3.875  3.04734  0  0
3.875  3.07876  0  0
3.875  3.11018  0  0
4  0  0  0
4  0.0314159  0  0
4  0.0628319  0  0
4  0.0942478  0  0
4  0.125664  0  0
4  0.15708  0  0
4  0.188496  0  0
4  0.219911  0  0
4  0.251327  0  0
4  0.282743  0  0
4  0.314159  0  0
4  0.345575  0  0
4  0.376991  0  0
4  0.408407  0  0
4  0.439823  0  0
4  0.471239  0  0
4  0.502655  0  0
4  0.534071  0  0
4  0.565487  0  0
4  0.596903  0  0
4  0.628319  0  0
4  0.659734  0  0
4  0.69115  0  0
4  0.722566  0  0
4  0.753982  0  0
4  0.785398  0  0
4  0.816814  0  0
4  0.84823  0  0
4  0.879646  0  0
4  0.911062  0  0
4  0.942478  0  0
4  0.973894  0  0
4  1.00531  0  0
4  1.03673  0  0
4  1.06814  0  0
4  1.09956  0  0
4  1.13097  0  0
4  1.16239  0  0
4  1.19381  0  0
4  1.22522  0  0
4  1.25664  0  0
4  1.28805  0  0
4  1.31947  0  0
4  1.35088  0  0
4  1.3823  0  0
4  1.41372  0  0
4  1.44513  0  0
4  1.47655  0  0
4  1.50796  0  0
4  1.53938  0  0
4  1.5708  0  0
4  1.60221  0  0
4  1.63363  0  0
4  1.66504  0  0
4  1.69646  0  0
4  1.72788  0  0
4  1.75929  0  0
4  1.79071  0  0
4  1.82212  0  0
4  1.85354  0  0
4  1.88496  0  0
4  1.91637  0  0
4  1.94779  0  0
4  1.9792  0  0
4  2.01062  0  0
4  2.04204  0  0
4  2.07345  0  0
4  2.10487  0  0
4  2.13628  0  0
4  2.1677  0  0
4  2.19911  0  0
4  2.23053  0  0
4  2.26195  0  0
4  2.29336  0  0
4  2.32478  0  0
4  2.35619  0  0
4  2.38761  0  0
4  2.41903  0  0
4  2.45044  0  0
4  2.48186  0  0
4  2.51327  0  0
4  2.54469  0  0
4  2.57611  0  0
4  2.60752  0  0
4  2.63894  0  0
4  2.67035  0  0
4  2.70177  0  0
4  2.73319  0  0
4  2.7646  0  0
4  2.79602  0  0
4  2.82743  0  0
4  2.85885  0  0
4  2.89027  0  0
4  2.92168  0  0
4  2.9531  0  0
4  2.98451  0  0
4  3.01593  0  0
4  3.04734  0  0
4  3.07876  0  0
4  3.11018  0  0
4.125  0  0  0
4.125  0.0314159  0  0
4.125  0.0628319  0  0
4.125  0.0942478  0  0
4.125  0.125664  0  0
4.125  0.15708  0  0
4.125  0.188496  0  0
4.125  0.219911  0  0
4.125  0.251327  0  0
4.125  0.282743  0  0
4.125  0.314159  0  0
4.125  0.345575  0  0
4.125  0.376991  0  0
4.125  0.408407  0  0
4.125  0.439823  0  0
4.125  0.471239  0  0
4.125  0.502655  0  0
4.125  0.534071  0  0
4.125  0.565487  0  0
4.125  0.596903  0  0
4.125  0.628319  0  0
4.125  0.659734  0  0
4.125  0.69115  0  0
4.125  0.722566  0  0
4.125  0.753982  0  0
4.125  0.785398  0  0
4.125  0.816814  0  0
4.125  0.84823  0  0
4.125  0.879646  0  0
4.125  0.911062  0  0
4.125  0.942478  0  0
4.125  0.973894  0  0
4.125  1.00531  0  0
4.125  1.03673  0  0
4.125  1.06814  0  0
4.125  1.09956  0  0
4.125  1.13097  0  0
4.125  1.16239  0  0
4.125  1.19381  0  0
4.125  1.22522  0  0
4.125  1.25664  0  0
4.125  1.28805  0  0
4.125  1.31947  0  0
4.125  1.35088  0  0
4.125  1.3823  0  0
4.125  1.41372  0  0
4.125  1.44513  0  0
4.125  1.47655  0  0
4.125  1.50796  0  0
4.125  1.53938  0  0
4.125  1.5708  0  0
4.125  1.60221  0  0
4.125  1.63363  0  0
4.125  1.66504  0  0
4.125  1.69646  0  0
4.125  1.72788  0  0
4.125  1.75929  0  0
4.125  1.79071  0  0
4.125  1.82212  0  0
4.125  1.85354  0  0
4.125  1.88496  0  0
4.125  1.91637  0  0
4.125  1.94779  0  0
4.125  1.9792  0  0
4.125  2.01062  0  0
4.125  2.04204  0  0
4.125  2.07345  0  0
4.125  2.10487  0  0
4.125  2.13628  0  0
4.125  2.1677  0  0
4.125  2.19911  0  0
4.125  2.23053  0  0
4.125  2.26195  0  0
4.125  2.29336  0  0
4.125  2.32478  0  0
4.125  2.35619  0  0
4.125  2.38761  0  0
4.125  2.41903  0  0
4.125  2.45044  0  0
4.125  2.48186  0  0
4.125  2.51327  0  0
4.125  2.54469  0  0
4.125  2.57611  0  0
4.125  2.60752  0  0
4.125  2.63894  0  0
4.125  2.67035  0  0
4.125  2.70177  0  0
4.125  2.73319  0  0
4.125  2.7646  0  0
4.125  2.79602  0  0
4.125  2.82743  0  0
4.125  2.85885  0  0
4.125  2.89027  0  0
4.125  2.92168  0  0
4.125  2.9531  0  0
4.125  2.98451  0  0
4.125  3.01593  0  0
4.125  3.04734  0  0
4.125  3.07876  0  0
4.125  3.11018  0  0
4.25  0  0  0
4.25  0.0314159  0  0
4.25  0.0628319  0  0
4.25  0.0942478  0  0
4.25  0.125664  0  0
4.25  0.15708  0  0
4.25  0.188496  0  0
4.25  0.219911  0  0
4.25  0.251327  0  0
4.25  0.282743  0  0
4.25  0.314159  0  0
4.25  0.345575  0  0
4.25  0.376991  0  0
4.25  0.408407  0  0
4.25  0.439823  0  0
4.25  0.471239  0  0
4.25  0.502655  0  0
4.25  0.534071  0  0
4.25  0.565487  0  0
4.25  0.596903  0  0
4.25  0.628319  0  0
4.25  0.659734  0  0
4.25  0.69115  0  0
4.25  0.722566  0  0
4.25  0.753982  0  0
4.25  0.785398  0  0
4.25  0.816814  0  0
4.25  0.84823  0  0
4.25  0.879646  0  0
4.25  0.911062  0  0
4.25  0.942478  0  0
4.25  0.973894  0  0
4.25  1.00531  0  0
4.25  1.03673  0  0
4.25  1.06814  0  0
4.25  1.09956  0  0
4.25  1.13097  0  0
4.25  1.16239  0  0
4.25  1.19381  0  0
4.25  1.22522  0  0
4.25  1.25664  0  0
4.25  1.28805  0  0
4.25  1.31947  0  0
4.25  1.35088  0  0
4.25  1.3823  0  0
4.25  1.41372  0  0
4.25  1.44513  0  0
4.25  1.47655  0  0
4.25  1.50796  0  0
4.25  1.53938  0  0
4.25  1.5708  0  0
4.25  1.60221  0  0
4.25  1.63363  0  0
4.25  1.66504  0  0
4.25  1.69646  0  0
4.25  1.72788  0  0
4.25  1.75929  0  0
4.25  1.79071  0  0
4.25  1.82212  0  0
4.25  1.85354  0  0
4.25  1.88496  0  0
4.25  1.91637  0  0
4.25  1.94779  0  0
4.25  1.9792  0  0
4.25  2.01062  0  0
4.25  2.04204  0  0
4.25  2.07345  0  0
4.25  2.10487  0  0
4.25  2.13628  0  0
4.25  2.1677  0  0
4.25  2.19911  0  0
4.25  2.23053  0  0
4.25  2.26195  0  0
4.25  2.29336  0  0
4.25  2.32478  0  0
4.25  2.35619  0  0
4.25  2.38761  0  0
4.25  2.41903  0  0
4.25  2.45044  0  0
4.25  2.48186  0  0
4.25  2.51327  0  0
4.25  2.54469  0  0
4.25  2.57611  0  0
4.25  2.60752  0  0
4.25  2.63894  0  0
4.25  2.67035  0  0
4.25  2.70177  0  0
4.25  2.73319  0  0
4.25  2.7646  0  0
4.25  2.79602  0  0
4.25  2.82743  0  0
4.25  2.85885  0  0
4.25  2.89027  0  0
4.25  2.92168  0  0
4.25  2.9531  0  0
4.25  2.98451  0  0
4.25  3.01593  0  0
4.25  3.04734  0  0
4.25  3.07876  0  0
4.25  3.11018  0  0
4.375  0  0  0
4.375  0.0314159  0  0
4.375  0.0628319  0  0
4.375  0.0942478  0  0
4.375  0.125664  0  0
4.375  0.15708  0  0
4.375  0.188496  0  0
4.375  0.219911  0  0
4.375  0.251327  0  0
4.375  0.282743  0  0
4.375  0.314159  0  0
4.375  0.345575  0  0
4.375  0.376991  0  0
4.375  0.408407  0  0
4.375  0.439823  0  0
4.375  0.471239  0  0
4.375  0.502655  0  0
4.375  0.534071  0  0
4.375  0.565487  0  0
4.375  0.596903  0  0
4.375  0.628319  0  0
4.375  0.659734  0  0
4.375  0.69115  0  0
4.375  0.722566  0  0
4.375  0.753982  0  0
4.375  0.785398  0  0
4.375  0.816814  0  0
4.375  0.84823  0  0
4.375  0.879646  0  0
4.375  0.911062  0  0
4.375  0.942478  0  0
4.375  0.973894  0  0
4.375  1.00531  0  0
4.375  1.03673  0  0
4.375  1.06814  0  0
4.375  1.09956  0  0
4.375  1.13097  0  0
4.375  1.16239  0  0
4.375  1.19381  0  0
4.375  1.22522  0  0
4.375  1.25664  0  0
4.375  1.28805  0  0
4.375  1.31947  0  0
4.375  1.35088  0  0
4.375  1.3823  0  0
4.375  1.41372  0  0
4.375  1.44513  0  0
4.375  1.47655  0  0
4.375  1.50796  0  0
4.375  1.53938  0  0
4.375  1.5708  0  0
4.375  1.60221  0  0
4.375  1.63363  0  0
4.375  1.66504  0  0
4.375  1.69646  0  0
4.375  1.72788  0  0
4.375  1.75929  0  0
4.375  1.79071  0  0
4.375  1.82212  0  0
4.375  1.85354  0  0
4.375  1.88496  0  0
4.375  1.91637  0  0
4.375  1.94779  0  0
4.375  1.9792  0  0
4.375  2.01062  0  0
4.375  2.04204  0  0
4.375  2.07345  0  0
4.375  2.10487  0  0
4.375  2.13628  0  0
4.375  2.1677  0  0
4.375  2.19911  0  0
4.375  2.23053  0  0
4.375  2.26195  0  0
4.375  2.29336  0  0
4.375  2.32478  0  0
4.375  2.35619  0  0
4.375  2.38761  0  0
4.375  2.41903  0  0
4.375  2.45044  0  0
4.375  2.48186  0  0
4.375  2.51327  0  0
4.375  2.54469  0  0
4.375  2.57611  0  0
4.375  2.60752  0  0
4.375  2.63894  0  0
4.375  2.67035  0  0
4.375  2.70177  0  0
4.375  2.73319  0  0
4.375  2.7646  0  0
4.375  2.79602  0  0
4.375  2.82743  0  0
4.375  2.85885  0  0
4.375  2.89027  0  0
4.375  2.92168  0  0
4.375  2.9531  0  0
4.375  2.98451  0  0
4.375  3.01593  0  0
4.375  3.04734  0  0
4.375  3.07876  0  0
4.375  3.11018  0  0
4.5  0  0  0
4.5  0.0314159  0  0
4.5  0.0628319  0  0
4.5  0.0942478  0  0
4.5  0.125664  0  0
4.5  0.15708  0  0
4.5  0.188496  0  0
4.5  0.219911  0  0
4.5  0.251327  0  0
4.5  0.282743  0  0
4.5  0.314159  0  0
4.5  0.345575  0  0
4.5  0.376991  0  0
4.5  0.408407  0  0
4.5  0.439823  0  0
4.5  0.471239  0  0
4.5  0.502655  0  0
4.5  0.534071  0  0
4.5  0.565487  0  0
4.5  0.596903  0  0
4.5  0.628319  0  0
4.5  0.659734  0  0
4.5  0.69115  0  0
4.5  0.722566  0  0
4.5  0.753982  0  0
4.5  0.785398  0  0
4.5  0.816814  0  0
4.5  0.84823  0  0
4.5  0.879646  0  0
4.5  0.911062  0  0
4.5  0.942478  0  0
4.5  0.973894  0  0
4.5  1.00531  0  0
4.5  1.03673  0  0
4.5  1.06814  0  0
4.5  1.09956  0  0
4.5  1.13097  0  0
4.5  1.16239  0  0
4.5  1.19381  0  0
4.5  1.22522  0  0
4.5  1.25664  0  0
4.5  1.28805  0  0
4.5  1.31947  0  0
4.5  1.35088  0  0
4.5  1.3823  0  0
4.5  1.41372  0  0
4.5  1.44513  0  0
4.5  1.47655  0  0
4.5  1.50796  0  0
4.5  1.53938  0  0
4.5  1.5708  0  0
4.5  1.60221  0  0
4.5  1.63363  0  0
4.5  1.66504  0  0
4.5  1.69646  0  0
4.5  1.72788  0  0
4.5  1.75929  0  0
4.5  1.79071  0  0
4.5  1.82212  0  0
4.5  1.85354  0  0
4.5  1.88496  0  0
4.5  1.91637  0  0
4.5  1.94779  0  0
4.5  1.9792  0  0
4.5  2.01062  0  0
4.5  2.04204  0  0
4.5  2.07345  0  0
4.5  2.10487  0  0
4.5  2.13628  0  0
4.5  2.1677  0  0
4.5  2.19911  0  0
4.5  2.23053  0  0
4.5  2.26195  0  0
4.5  2.29336  0  0
4.5  2.32478  0  0
4.5  2.35619  0  0
4.5  2.38761  0  0
4.5  2.41903  0  0
4.5  2.45044  0  0
4.5  2.48186  0  0
4.5  2.51327  0  0
4.5  2.54469  0  0
4.5  2.57611  0  0
4.5  2.60752  0  0
4.5  2.63894  0  0
4.5  2.67035  0  0
4.5  2.70177  0  0
4.5  2.73319  0  0
4.5  2.7646  0  0
4.5  2.79602  0  0
4.5  2.82743  0  0
4.5  2.85885  0  0
4.5  2.89027  0  0
4.5  2.92168  0  0
4.5  2.9531  0  0
4.5  2.98451  0  0
4.5  3.01593  0  0
4.5  3.04734  0  0
4.5  3.07876  0  0
4.5  3.11018  0  0
4.625  0  0  0
4.625  0.0314159  0  0
4.625  0.0628319  0  0
4.625  0.0942478  0  0
4.625  0.125664  0  0
4.625  0.15708  0  0
4.625  0.188496  0  0
4.625  0.219911  0  0
4.625  0.251327  0  0
4.625  0.282743  0  0
4.625  0.314159  0  0
4.625  0.345575  0  0
4.625  0.376991  0  0
4.625  0.408407  0  0
4.625  0.439823  0  0
4.625  0.471239  0  0
4.625  0.502655  0  0
4.625  0.534071  0  0
4.625  0.565487  0  0
4.625  0.596903  0  0
4.625  0.628319  0  0
4.625  0.659734  0  0
4.625  0.69115  0  0
4.625  0.722566  0  0
4.625  0.753982  0  0
4.625  0.785398  0  0
4.625  0.816814  0  0
4.625  0.84823  0  0
4.625  0.879646  0  0
4.625  0.911062  0  0
4.625  0.942478  0  0
4.625  0.973894  0  0
4.625  1.00531  0  0
4.625  1.03673  0  0
4.625  1.06814  0  0
4.625  1.09956  0  0
4.625  1.13097  0  0
4.625  1.16239  0  0
4.625  1.19381  0  0
4.625  1.22522  0  0
4.625  1.25664  0  0
4.625  1.28805  0  0
4.625  1.31947  0  0
4.625  1.35088  0  0
4.625  1.3823  0  0
4.625  1.41372  0  0
4.625  1.44513  0  0
4.625  1.47655  0  0
4.625  1.50796  0  0
4.625  1.53938  0  0
4.625  1.5708  0  0
4.625  1.60221  0  0
4.625  1.63363  0  0
4.625  1.66504  0  0
4.625  1.69646  0  0
4.625  1.72788  0  0
4.625  1.75929  0  0
4.625  1.79071  0  0
4.625  1.82212  0  0
4.625  1.85354  0  0
4.625  1.88496  0  0
4.625  1.91637  0  0
4.625  1.94779  0  0
4.625  1.9792  0  0
4.625  2.01062  0  0
4.625  2.04204  0  0
4.625  2.07345  0  0
4.625  2.10487  0  0
4.625  2.13628  0  0
4.625  2.1677  0  0
4.625  2.19911  0  0
4.625  2.23053  0  0
4.625  2.26195  0  0
4.625  2.29336  0  0
4.625  2.32478  0  0
4.625  2.35619  0  0
4.625  2.38761  0  0
4.625  2.41903  0  0
4.625  2.45044  0  0
4.625  2.48186  0  0
4.625  2.51327  0  0
4.625  2.54469  0  0
4.625  2.57611  0  0
4.625  2.60752  0  0
4.625  2.63894  0  0
4.625  2.67035  0  0
4.625  2.70177  0  0
4.625  2.73319  0  0
4.625  2.7646  0  0
4.625  2.79602  0  0
4.625  2.82743  0  0
4.625  2.85885  0  0
4.625  2.89027  0  0
4.625  2.92168  0  0
4.625  2.9531  0  0
4.625  2.98451  0  0
4.625  3.01593  0  0
4.625  3.04734  0  0
4.625  3.07876  0  0
4.625  3.11018  0  0
4.75  0  0  0
4.75  0.0314159  0  0
4.75  0.0628319  0  0
4.75  0.0942478  0  0
4.75  0.125664  0  0
4.75  0.15708  0  0
4.75  0.188496  0  0
4.75  0.219911  0  0
4.75  0.251327  0  0
4.75  0.282743  0  0
4.75  0.314159  0  0
4.75  0.345575  0  0
4.75  0.376991  0  0
4.75  0.408407  0  0
4.75  0.439823  0  0
4.75  0.471239  0  0
4.75  0.502655  0  0
4.75  0.534071  0  0
4.75  0.565487  0  0
4.75  0.596903  0  0
4.75  0.628319  0  0
4.75  0.659734  0  0
4.75  0.69115  0  0
4.75  0.722566  0  0
4.75  0.753982  0  0
4.75  0.785398  0  0
4.75  0.816814  0  0
4.75  0.84823  0  0
4.75  0.879646  0  0
4.75  0.911062  0  0
4.75  0.942478  0  0
4.75  0.973894  0  0
4.75  1.00531  0  0
4.75  1.03673  0  0
4.75  1.06814  0  0
4.75  1.09956  0  0
4.75  1.13097  0  0
4.75  1.16239  0  0
4.75  1.19381  0  0
4.75  1.22522  0  0
4.75  1.25664  0  0
4.75  1.28805  0  0
4.75  1.31947  0  0
4.75  1.35088  0  0
4.75  1.3823  0  0
4.75  1.41372  0  0
4.75  1.44513  0  0
4.75  1.47655  0  0
4.75  1.50796  0  0
4.75  1.53938  0  0
4.75  1.5708  0  0
4.75  1.60221  0  0
4.75  1.63363  0  0
4.75  1.66504  0  0
4.75  1.69646  0  0
4.75  1.72788  0  0
4.75  1.75929  0  0
4.75  1.79071  0  0
4.75  1.82212  0  0
4.75  1.85354  0  0
4.75  1.88496  0  0
4.75  1.91637  0  0
4.75  1.94779  0  0
4.75  1.9792  0  0
4.75  2.01062  0  0
4.75  2.04204  0  0
4.75  2.07345  0  0
4.75  2.10487  0  0
4.75  2.13628  0  0
4.75  2.1677  0  0
4.75  2.19911  0  0
4.75  2.23053  0  0
4.75  2.26195  0  0
4.75  2.29336  0  0
4.75  2.32478  0  0
4.75  2.35619  0  0
4.75  2.38761  0  0
4.75  2.41903  0  0
4.75  2.45044  0  0
4.75  2.48186  0  0
4.75  2.51327  0  0
4.75  2.54469  0  0
4.75  2.57611  0  0
4.75  2.60752  0  0
4.75  2.63894  0  0
4.75  2.67035  0  0
4.75  2.70177  0  0
4.75  2.73319  0  0
4.75  2.7646  0  0
4.75  2.79602  0  0
4.75  2.82743  0  0
4.75  2.85885  0  0
4.75  2.89027  0  0
4.75  2.92168  0  0
4.75  2.9531  0  0
4.75  2.98451  0  0
4.75  3.01593  0  0
4.75  3.04734  0  0
4.75  3.07876  0  0
4.75  3.11018  0  0
4.875  0  0  0
4.875  0.0314159  0  0
4.875  0.0628319  0  0
4.875  0.0942478  0  0
4.875  0.125664  0  0
4.875  0.15708  0  0
4.875  0.188496  0  0
4.875  0.219911  0  0
4.875  0.251327  0  0
4.875  0.282743  0  0
4.875  0.314159  0  0
4.875  0.345575  0  0
4.875  0.376991  0  0
4.875  0.408407  0  0
4.875  0.439823  0  0
4.875  0.471239  0  0
4.875  0.502655  0  0
4.875  0.534071  0  0
4.875  0.565487  0  0
4.875  0.596903  0  0
4.875  0.628319  0  0
4.875  0.659734  0  0
4.875  0.69115  0  0
4.875  0.722566  0  0
4.875  0.753982  0  0
4.875  0.785398  0  0
4.875  0.816814  0  0
4.875  0.84823  0  0
4.875  0.879646  0  0
4.875  0.911062  0  0
4.875  0.942478  0  0
4.875  0.973894  0  0
4.875  1.00531  0  0
4.875  1.03673  0  0
4.875  1.06814  0  0
4.875  1.09956  0  0
4.875  1.13097  0  0
4.875  1.16239  0  0
4.875  1.19381  0  0
4.875  1.22522  0  0
4.875  1.25664  0  0
4.875  1.28805  0  0
4.875  1.31947  0  0
4.875  1.35088  0  0
4.875  1.3823  0  0
4.875  1.41372  0  0
4.875  1.44513  0  0
4.875  1.47655  0  0
4.875  1.50796  0  0
4.875  1.53938  0  0
4.875  1.5708  0  0
4.875  1.60221  0  0
4.875  1.63363  0  0
4.875  1.66504  0  0
4.875  1.69646  0  0
4.875  1.72788  0  0
4.875  1.75929  0  0
4.875  1.79071  0  0
4.875  1.82212  0  0
4.875  1.85354  0  0
4.875  1.88496  0  0
4.875  1.91637  0  0
4.875  1.94779  0  0
4.875  1.9792  0  0
4.875  2.01062  0  0
4.875  2.04204  0  0
4.875  2.07345  0  0
4.875  2.10487  0  0
4.875  2.13628  0  0
4.875  2.1677  0  0
4.875  2.19911  0  0
4.875  2.23053  0  0
4.875  2.26195  0  0
4.875  2.29336  0  0
4.875  2.32478  0  0
4.875  2.35619  0  0
4.875  2.38761  0  0
4.875  2.41903  0  0
4.875  2.45044  0  0
4.875  2.48186  0  0
4.875  2.51327  0  0
4.875  2.54469  0  0
4.875  2.57611  0  0
4.875  2.60752  0  0
4.875  2.63894  0  0
4.875  2.67035  0  0
4.875  2.70177  0  0
4.875  2.73319  0  0
4.875  2.7646  0  0
4.875  2.79602  0  0
4.875  2.82743  0  0
4.875  2.85885  0  0
4.875  2.89027  0  0
4.875  2.92168  0  0
4.875  2.9531  0  0
4.875  2.98451  0  0
4.875  3.01593  0  0
4.875  3.04734  0  0
4.875  3.07876  0  0
4.875  3.11018  0  0
5  0  0  0
5  0.0314159  0  0
5  0.0628319  0  0
5  0.0942478  0  0
5  0.125664  0  0
5  0.15708  0  0
5  0.188496  0  0
5  0.219911  0  0
5  0.251327  0  0
5  0.282743  0  0
5  0.314159  0  0
5  0.345575  0  0
5  0.376991  0  0
5  0.408407  0  0
5  0.439823  0  0
5  0.471239  0  0
5  0.502655  0  0
5  0.534071  0  0
5  0.565487  0  0
5  0.596903  0  0
5  0.628319  0  0
5  0.659734  0  0
5  0.69115  0  0
5  0.722566  0  0
5  0.753982  0  0
5  0.785398  0  0
5  0.816814  0  0
5  0.84823  0  0
5  0.879646  0  0
5  0.911062  0  0
5  0.942478  0  0
5  0.973894  0  0
5  1.00531  0  0
5  1.03673  0  0
5  1.06814  0  0
5  1.09956  0  0
5  1.13097  0  0
5  1.16239  0  0
5  1.19381  0  0
5  1.22522  0  0
5  1.25664  0  0
5  1.28805  0  0
5  1.31947  0  0
5  1.35088  0  0
5  1.3823  0  0
5  1.41372  0  0
5  1.44513  0  0
5  1.47655  0  0
5  1.50796  0  0
5  1.53938  0  0
5  1.5708  0  0
5  1.60221  0  0
5  1.63363  0  0
5  1.66504  0  0
5  1.69646  0  0
5  1.72788  0  0
5  1.75929  0  0
5  1.79071  0  0
5  1.82212  0  0
5  1.85354  0  0
5  1.88496  0  0
5  1.91637  0  0
5  1.94779  0  0
5  1.9792  0  0
5  2.01062  0  0
5  2.04204  0  0
5  2.07345  0  0
5  2.10487  0  0
5  2.13628  0  0
5  2.1677  0  0
5  2.19911  0  0
5  2.23053  0  0
5  2.26195  0  0
5  2.29336  0  0
5  2.32478  0  0
5  2.35619  0  0
5  2.38761  0  0
5  2.41903  0  0
5  2.45044  0  0
5  2.48186  0  0
5  2.51327  0  0
5  2.54469  0  0
5  2.57611  0  0
5  2.60752  0  0
5  2.63894  0  0
5  2.67035  0  0
5  2.70177  0  0
5  2.73319  0  0
5  2.7646  0  0
5  2.79602  0  0
5  2.82743  0  0
5  2.85885  0  0
5  2.89027  0  0
5  2.92168  0  0
5  2.9531  0  0
5  2.98451  0  0
5  3.01593  0  0
5  3.04734  0  0
5  3.07876  0  0
5  3.11018  0  0
5.125  0  0  0
5.125  0.0314159  0  0
5.125  0.0628319  0  0
5.125  0.0942478  0  0
5.125  0.125664  0  0
5.125  0.15708  0  0
5.125  0.188496  0  0
5.125  0.219911  0  0
5.125  0.251327  0  0
5.125  0.282743  0  0
5.125  0.314159  0  0
5.125  0.345575  0  0
5.125  0.376991  0  0
5.125  0.408407  0  0
5.125  0.439823  0  0
5.125  0.471239  0  0
5.125  0.502655  0  0
5.125  0.534071  0  0
5.125  0.565487  0  0
5.125  0.596903  0  0
5.125  0.628319  0  0
5.125  0.659734  0  0
5.125  0.69115  0  0
5.125  0.722566  0  0
5.125  0.753982  0  0
5.125  0.785398  0  0
5.125  0.816814  0  0
5.125  0.84823  0  0
5.125  0.879646  0  0
5.125  0.911062  0  0
5.125  0.942478  0  0
5.125  0.973894  0  0
5.125  1.00531  0  0
5.125  1.03673  0  0
5.125  1.06814  0  0
5.125  1.09956  0  0
5.125  1.13097  0  0
5.125  1.16239  0  0
5.125  1.19381  0  0
5.125  1.22522  0  0
5.125  1.25664  0  0
5.125  1.28805  0  0
5.125  1.31947  0  0
5.125  1.35088  0  0
5.125  1.3823  0  0
5.125  1.41372  0  0
5.125  1.44513  0  0
5.125  1.47655  0  0
5.125  1.50796  0  0
5.125  1.53938  0  0
5.125  1.5708  0  0
5.125  1.60221  0  0
5.125  1.63363  0  0
5.125  1.66504  0  0
5.125  1.69646  0  0
5.125  1.72788  0  0
5.125  1.75929  0  0
5.125  1.79071  0  0
5.125  1.82212  0  0
5.125  1.85354  0  0
5.125  1.88496  0  0
5.125  1.91637  0  0
5.125  1.94779  0  0
5.125  1.9792  0  0
5.125  2.01062  0  0
5.125  2.04204  0  0
5.125  2.07345  0  0
5.125  2.10487  0  0
5.125  2.13628  0  0
5.125  2.1677  0  0
5.125  2.19911  0  0
5.125  2.23053  0  0
5.125  2.26195  0  0
5.125  2.29336  0  0
5.125  2.32478  0  0
5.125  2.35619  0  0
5.125  2.38761  0  0
5.125  2.41903  0  0
5.125  2.45044  0  0
5.125  2.48186  0  0
5.125  2.51327  0  0
5.125  2.54469  0  0
5.125  2.57611  0  0
5.125  2.60752  0  0
5.125  2.63894  0  0
5.125  2.67035  0  0
5.125  2.70177  0  0
5.125  2.73319  0  0
5.125  2.7646  0  0
5.125  2.79602  0  0
5.125  2.82743  0  0
5.125  2.85885  0  0
5.125  2.89027  0  0
5.125  2.92168  0  0
5.125  2.9531  0  0
5.125  2.98451  0  0
5.125  3.01593  0  0
5.125  3.04734  0  0
5.125  3.07876  0  0
5.125  3.11018  0  0
5.25  0  0  0
5.25  0.0314159  0  0
5.25  0.0628319  0  0
5.25  0.0942478  0  0
5.25  0.125664  0  0
5.25  0.15708  0  0
5.25  0.188496  0  0
5.25  0.219911  0  0
5.25  0.251327  0  0
5.25  0.282743  0  0
5.25  0.314159  0  0
5.25  0.345575  0  0
5.25  0.376991  0  0
5.25  0.408407  0  0
5.25  0.439823  0  0
5.25  0.471239  0  0
5.25  0.502655  0  0
5.25  0.534071  0  0
5.25  0.565487  0  0
5.25  0.596903  0  0
5.25  0.628319  0  0
5.25  0.659734  0  0
5.25  0.69115  0  0
5.25  0.722566  0  0
5.25  0.753982  0  0
5.25  0.785398  0  0
5.25  0.816814  0  0
5.25  0.84823  0  0
5.25  0.879646  0  0
5.25  0.911062  0  0
5.25  0.942478  0  0
5.25  0.973894  0  0
5.25  1.00531  0  0
5.25  1.03673  0  0
5.25  1.06814  0  0
5.25  1.09956  0  0
5.25  1.13097  0  0
5.25  1.16239  0  0
5.25  1.19381  0  0
5.25  1.22522  0  0
5.25  1.25664  0  0
5.25  1.28805  0  0
5.25  1.31947  0  0
5.25  1.35088  0  0
5.25  1.3823  0  0
5.25  1.41372  0  0
5.25  1.44513  0  0
5.25  1.47655  0  0
5.25  1.50796  0  0
5.25  1.53938  0  0
5.25  1.5708  0  0
5.25  1.60221  0  0
5.25  1.63363  0  0
5.25  1.66504  0  0
5.25  1.69646  0  0
5.25  1.72788  0  0
5.25  1.75929  0  0
5.25  1.79071  0  0
5.25  1.82212  0  0
5.25  1.85354  0  0
5.25  1.88496  0  0
5.25  1.91637  0  0
5.25  1.94779  0  0
5.25  1.9792  0  0
5.25  2.01062  0  0
5.25  2.04204  0  0
5.25  2.07345  0  0
5.25  2.10487  0  0
5.25  2.13628  0  0
5.25  2.1677  0  0
5.25  2.19911  0  0
5.25  2.23053  0  0
5.25  2.26195  0  0
5.25  2.29336  0  0
5.25  2.32478  0  0
5.25  2.35619  0  0
5.25  2.38761  0  0
5.25  2.41903  0  0
5.25  2.45044  0  0
5.25  2.48186  0  0
5.25  2.51327  0  0
5.25  2.54469  0  0
5.25  2.57611  0  0
5.25  2.60752  0  0
5.25  2.63894  0  0
5.25  2.67035  0  0
5.25  2.70177  0  0
5.25  2.73319  0  0
5.25  2.7646  0  0
5.25  2.79602  0  0
5.25  2.82743  0  0
5.25  2.85885  0  0
5.25  2.89027  0  0
5.25  2.92168  0  0
5.25  2.9531  0  0
5.25  2.98451  0  0
5.25  3.01593  0  0
5.25  3.04734  0  0
5.25  3.07876  0  0
5.25  3.11018  0  0
5.375  0  0  0
5.375  0.0314159  0  0
5.375  0.0628319  0  0
5.375  0.0942478  0  0
5.375  0.125664  0  0
5.375  0.15708  0  0
5.375  0.188496  0  0
5.375  0.219911  0  0
5.375  0.251327  0  0
5.375  0.282743  0  0
5.375  0.314159  0  0
5.375  0.345575  0  0
5.375  0.376991  0  0
5.375  0.408407  0  0
5.375  0.439823  0  0
5.375  0.471239  0  0
5.375  0.502655  0  0
5.375  0.534071  0  0
5.375  0.565487  0  0
5.375  0.596903  0  0
5.375  0.628319  0  0
5.375  0.659734  0  0
5.375  0.69115  0  0
5.375  0.722566  0  0
5.375  0.753982  0  0
5.375  0.785398  0  0
5.375  0.816814  0  0
5.375  0.84823  0  0
5.375  0.879646  0  0
5.375  0.911062  0  0
5.375  0.942478  0  0
5.375  0.973894  0  0
5.375  1.00531  0  0
5.375  1.03673  0  0
5.375  1.06814  0  0
5.375  1.09956  0  0
5.375  1.13097  0  0
5.375  1.16239  0  0
5.375  1.19381  0  0
5.375  1.22522  0  0
5.375  1.25664  0  0
5.375  1.28805  0  0
5.375  1.31947  0  0
5.375  1.35088  0  0
5.375  1.3823  0  0
5.375  1.41372  0  0
5.375  1.44513  0  0
5.375  1.47655  0  0
5.375  1.50796  0  0
5.375  1.53938  0  0
5.375  1.5708  0  0
5.375  1.60221  0  0
5.375  1.63363  0  0
5.375  1.66504  0  0
5.375  1.69646  0  0
5.375  1.72788  0  0
5.375  1.75929  0  0
5.375  1.79071  0  0
5.375  1.82212  0  0
5.375  1.85354  0  0
5.375  1.88496  0  0
5.375  1.91637  0  0
5.375  1.94779  0  0
5.375  1.9792  0  0
5.375  2.01062  0  0
5.375  2.04204  0  0
5.375  2.07345  0  0
5.375  2.10487  0  0
5.375  2.13628  0  0
5.375  2.1677  0  0
5.375  2.19911  0  0
5.375  2.23053  0  0
5.375  2.26195  0  0
5.375  2.29336  0  0
5.375  2.32478  0  0
5.375  2.35619  0  0
5.375  2.38761  0  0
5.375  2.41903  0  0
5.375  2.45044  0  0
5.375  2.48186  0  0
5.375  2.51327  0  0
5.375  2.54469  0  0
5.375  2.57611  0  0
5.375  2.60752  0  0
5.375  2.63894  0  0
5.375  2.67035  0  0
5.375  2.70177  0  0
5.375  2.73319  0  0
5.375  2.7646  0  0
5.375  2.79602  0  0
5.375  2.82743  0  0
5.375  2.85885  0  0
5.375  2.89027  0  0
5.375  2.92168  0  0
5.375  2.9531  0  0
5.375  2.98451  0  0
5.375  3.01593  0  0
5.375  3.04734  0  0
5.375  3.07876  0  0
5.375  3.11018  0  0
5.5  0  0  0
5.5  0.0314159  0  0
5.5  0.0628319  0  0
5.5  0.0942478  0  0
5.5  0.125664  0  0
5.5  0.15708  0  0
5.5  0.188496  0  0
5.5  0.219911  0  0
5.5  0.251327  0  0
5.5  0.282743  0  0
5.5  0.314159  0  0
5.5  0.345575  0  0
5.5  0.376991  0  0
5.5  0.408407  0  0
5.5  0.439823  0  0
5.5  0.471239  0  0
5.5  0.502655  0  0
5.5  0.534071  0  0
5.5  0.565487  0  0
5.5  0.596903  0  0
5.5  0.628319  0  0
5.5  0.659734  0  0
5.5  0.69115  0  0
5.5  0.722566  0  0
5.5  0.753982  0  0
5.5  0.785398  0  0
5.5  0.816814  0  0
5.5  0.84823  0  0
5.5  0.879646  0  0
5.5  0.911062  0  0
5.5  0.942478  0  0
5.5  0.973894  0  0
5.5  1.00531  0  0
5.5  1.03673  0  0
5.5  1.06814  0  0
5.5  1.09956  0  0
5.5  1.13097  0  0
5.5  1.16239  0  0
5.5  1.19381  0  0
5.5  1.22522  0  0
5.5  1.25664  0  0
5.5  1.28805  0  0
5.5  1.31947  0  0
5.5  1.35088  0  0
5.5  1.3823  0  0
5.5  1.41372  0  0
5.5  1.44513  0  0
5.5  1.47655  0  0
5.5  1.50796  0  0
5.5  1.53938  0  0
5.5  1.5708  0.245838  2.26653
5.5  1.60221  0  0
5.5  1.63363  0  0
5.5  1.66504  0  0
5.5  1.69646  0  0
5.5  1.72788  0  0
5.5  1.75929  0  0
5.5  1.79071  0  0
5.5  1.82212  0  0
5.5  1.85354  0  0
5.5  1.88496  0  0
5.5  1.91637  0  0
5.5  1.94779  0  0
5.5  1.9792  0  0
5.5  2.01062  0  0
5.5  2.04204  0  0
5.5  2.07345  0  0
5.5  2.10487  0  0
5.5  2.13628  0  0
5.5  2.1677  0  0
5.5  2.19911  0  0
5.5  2.23053  0  0
5.5  2.26195  0  0
5.5  2.29336  0  0
5.5  2.32478  0  0
5.5  2.35619  0  0
5.5  2.38761  0  0
5.5  2.41903  0  0
5.5  2.45044  0  0
5.5  2.48186  0  0
5.5  2.51327  0  0
5.5  2.54469  0  0
5.5  2.57611  0  0
5.5  2.60752  0  0
5.5  2.63894  0  0
5.5  2.67035  0  0
5.5  2.70177  0  0
5.5  2.73319  0  0
5.5  2.7646  0  0
5.5  2.79602  0  0
5.5  2.82743  0  0
5.5  2.85885  0  0
5.5  2.89027  0  0
5.5  2.92168  0  0
5.5  2.9531  0  0
5.5  2.98451  0  0
5.5  3.01593  0  0
5.5  3.04734  0  0
5.5  3.07876  0  0
5.5  3.11018  0  0
5.625  0  0  0
5.625  0.0314159  0  0
5.625  0.0628319  0  0
5.625  0.0942478  0  0
5.625  0.125664  0  0
5.625  0.15708  0  0
5.625  0.188496  0  0
5.625  0.219911  0  0
5.625  0.251327  0  0
5.625  0.282743  0  0
5.625  0.314159  0  0
5.625  0.345575  0  0
5.625  0.376991  0  0
5.625  0.408407  0  0
5.625  0.439823  0  0
5.625  0.471239  0  0
5.625  0.502655  0  0
5.625  0.534071  0  0
5.625  0.565487  0  0
5.625  0.596903  0  0
5.625  0.628319  0  0
5.625  0.659734  0  0
5.625  0.69115  0  0
5.625  0.722566  0  0
5.625  0.753982  0  0
5.625  0.785398  0  0
5.625  0.816814  0  0
5.625  0.84823  0  0
5.625  0.879646  0  0
5.625  0.911062  0  0
5.625  0.942478  0  0
5.625  0.973894  0  0
5.625  1.00531  0  0
5.625  1.03673  0  0
5.625  1.06814  0  0
5.625  1.09956  0  0
5.625  1.13097  0  0
5.625  1.16239  0  0
5.625  1.19381  0  0
5.625  1.22522  0  0
5.625  1.25664  0  0
5.625  1.28805  0  0
5.625  1.31947  0  0
5.625  1.35088  0  0
5.625  1.3823  0.247309  2.30334
5.625  1.41372  0.707442  5.19111
5.625  1.44513  25.5781  13.0946
5.625  1.47655  24.7842  23.8651
5.625  1.50796  17.7721  14.9833
5.625  1.53938  6.12056  9.12944
5.625  1.5708  21.363  21.3393
5.625  1.60221  22.299  18.239
5.625  1.63363  17.4118  9.88095
5.625  1.66504  0.062832  0.461052
5.625  1.69646  24.8629  12.4387
5.625  1.72788  13.1238  11.1818
5.625  1.75929  0.244574  1.57466
5.625  1.79071  0  0
5.625  1.82212  0  0
5.625  1.85354  0  0
5.625  1.88496  0  0
5.625  1.91637  0  0
5.625  1.94779  0  0
5.625  1.9792  0  0
5.625  2.01062  0  0
5.625  2.04204  0  0
5.625  2.07345  0  0
5.625  2.10487  0  0
5.625  2.13628  0  0
5.625  2.1677  0  0
5.625  2.19911  0  0
5.625  2.23053  0  0
5.625  2.26195  0  0
5.625  2.29336  0  0
5.625  2.32478  0  0
5.625  2.35619  0  0
5.625  2.38761  0  0
5.625  2.41903  0  0
5.625  2.45044  0  0
5.625  2.48186  0  0
5.625  2.51327  0  0
5.625  2.54469  0  0
5.625  2.57611  0  0
5.625  2.60752  0  0
5.625  2.63894  0  0
5.625  2.67035  0  0
5.625  2.70177  0  0
5.625  2.73319  0  0
5.625  2.7646  0  0
5.625  2.79602  0  0
5.625  2.82743  0  0
5.625  2.85885  0  0
5.625  2.89027  0  0
5.625  2.92168  0  0
5.625  2.9531  0  0
5.625  2.98451  0  0
5.625  3.01593  0  0
5.625  3.04734  0  0
5.625  3.07876  0  0
5.625  3.11018  0  0
5.75  0  0  0
5.75  0.0314159  0  0
5.75  0.0628319  0  0
5.75  0.0942478  0  0
5.75  0.125664  0  0
5.75  0.15708  0  0
5.75  0.188496  0  0
5.75  0.219911  0  0
5.75  0.251327  0  0
5.75  0.282743  0  0
5.75  0.314159  0  0
5.75  0.345575  0  0
5.75  0.376991  0  0
5.75  0.408407  0  0
5.75  0.439823  0  0
5.75  0.471239  0  0
5.75  0.502655  0  0
5.75  0.534071  0  0
5.75  0.565487  0  0
5.75  0.596903  0  0
5.75  0.628319  0  0
5.75  0.659734  0  0
5.75  0.69115  0  0
5.75  0.722566  0  0
5.75  0.753982  0  0
5.75  0.785398  0  0
5.75  0.816814  0  0
5.75  0.84823  0  0
5.75  0.879646  0  0
5.75  0.911062  0  0
5.75  0.942478  0  0
5.75  0.973894  0  0
5.75  1.00531  0  0
5.75  1.03673  0  0
5.75  1.06814  0  0
5.75  1.09956  0  0
5.75  1.13097  0  0
5.75  1.16239  0  0
5.75  1.19381  0  0
5.75  1.22522  0  0
5.75  1.25664  0.249623  2.27945
5.75  1.28805  14.5545  7.29182
5.75  1.31947  20.1031  11.8299
5.75  1.35088  23.6813  18.3023
5.75  1.3823  12.0034  14.8023
5.75  1.41372  16.9939  14.6648
5.75  1.44513  18.5624  18.3539
5.75  1.47655  14.7468  12.5768
5.75  1.50796  8.88413  10.4702
5.75  1.53938  18.1182  15.1739
5.75  1.5708  19.6111  16.5817
5.75  1.60221  19.9942  15.3976
5.75  1.63363  19.6031  11.0149
5.75  1.66504  14.3242  16.6732
5.75  1.69646  13.925  17.6395
5.75  1.72788  5.43734  10.9092
5.75  1.75929  19.7807  14.3236
5.75  1.79071  16.905  9.86108
5.75  1.82212  7.4844  6.33763
5.75  1.85354  0.249986  2.22102
5.75  1.88496  2.37365  17.4175
5.75  1.91637  0.25876  1.70221
5.75  1.94779  0  0
5.75  1.9792  0  0
5.75  2.01062  0  0
5.75  2.04204  0  0
5.75  2.07345  0  0
5.75  2.10487  0  0
5.75  2.13628  0  0
5.75  2.1677  0  0
5.75  2.19911  0  0
5.75  2.23053  0  0
5.75  2.26195  0  0
5.75  2.29336  0  0
5.75  2.32478  0  0
5.75  2.35619  0  0
5.75  2.38761  0  0
5.75  2.41903  0  0
5.75  2.45044  0  0
5.75  2.48186  0  0
5.75  2.51327  0  0
5.75  2.54469  0  0
5.75  2.57611  0  0
5.75  2.60752  0  0
5.75  2.63894  0  0
5.75  2.67035  0  0
5.75  2.70177  0  0
5.75  2.73319  0  0
5.75  2.7646  0  0
5.75  2.79602  0  0
5.75  2.82743  0  0
5.75  2.85885  0  0
5.75  2.89027  0  0
5.75  2.92168  0  0
5.75  2.9531  0  0
5.75  2.98451  0  0
5.75  3.01593  0  0
5.75  3.04734  0  0
5.75  3.07876  0  0
5.75  3.11018  0  0
5.875  0  0  0
5.875  0.0314159  0  0
5.875  0.0628319  0  0
5.875  0.0942478  0  0
5.875  0.125664  0  0
5.875  0.15708  0  0
5.875  0.188496  0  0
5.875  0.219911  0  0
5.875  0.251327  0  0
5.875  0.282743  0  0
5.875  0.314159  0  0
5.875  0.345575  0  0
5.875  0.376991  0  0
5.875  0.408407  0  0
5.875  0.439823  0  0
5.875  0.471239  0  0
5.875  0.502655  0  0
5.875  0.534071  0  0
5.875  0.565487  0  0
5.875  0.596903  0  0
5.875  0.628319  0  0
5.875  0.659734  0  0
5.875  0.69115  0  0
5.875  0.722566  0  0
5.875  0.753982  0  0
5.875  0.785398  0  0
5.875  0.816814  0  0
5.875  0.84823  0  0
5.875  0.879646  0  0
5.875  0.911062  0  0
5.875  0.942478  0  0
5.875  0.973894  0  0
5.875  1.00531  0  0
5.875  1.03673  0  0
5.875  1.06814  0  0
5.875  1.09956  0  0
5.875  1.13097  0  0
5.875  1.16239  16.4573  8.69766
5.875  1.19381  14.2744  7.95296
5.875  1.22522  6.51706  10.9122
5.875  1.25664  21.3305  20.2923
5.875  1.28805  9.40725  14.3357
5.875  1.31947  17.9496  19.5357
5.875  1.35088  11.377  12.3561
5.875  1.3823  7.59642  13.9449
5.875  1.41372  19.5688  19.5614
5.875  1.44513  6.53764  11.2949
5.875  1.47655  10.6045  12.614
5.875  1.50796  21.7222  14.3676
5.875  1.53938  8.45292  15.3218
5.875  1.5708  7.1941  13.111
5.875  1.60221  9.30042  15.4682
5.875  1.63363  8.36695  12.7637
5.875  1.66504  8.75871  15.2064
5.875  1.69646  12.9517  10.947
5.875  1.72788  7.00636  12.8931
5.875  1.75929  21.5373  17.8504
5.875  1.79071  7.8546  13.9083
5.875  1.82212  9.68755  17.4951
5.875  1.85354  19.0437  13.3129
5.875  1.88496  18.3391  11.3961
5.875  1.91637  25.3434  21.1826
5.875  1.94779  0.334104  2.45161
5.875  1.9792  0.258762  1.70206
5.875  2.01062  0  0
5.875  2.04204  0  0
5.875  2.07345  0  0
5.875  2.10487  0  0
5.875  2.13628  0  0
5.875  2.1677  0  0
5.875  2.19911  0  0
5.875  2.23053  0  0
5.875  2.26195  0  0
5.875  2.29336  0  0
5.875  2.32478  0  0
5.875  2.35619  0  0
5.875  2.38761  0  0
5.875  2.41903  0  0
5.875  2.45044  0  0
5.875  2.48186  0  0
5.875  2.51327  0  0
5.875  2.54469  0  0
5.875  2.57611  0  0
5.875  2.60752  0  0
5.875  2.63894  0  0
5.875  2.67035  0  0
5.875  2.70177  0  0
5.875  2.73319  0  0
5.875  2.7646  0  0
5.875  2.79602  0  0
5.875  2.82743  0  0
5.875  2.85885  0  0
5.875  2.89027  0  0
5.875  2.92168  0  0
5.875  2.9531  0  0
5.875  2.98451  0  0
5.875  3.01593  0  0
5.875  3.04734  0  0
5.875  3.07876  0  0
5.875  3.11018  0  0
6  0  0  0
6  0.0314159  0  0
6  0.0628319  0  0
6  0.0942478  0  0
6  0.125664  0  0
6  0.15708  0  0
6  0.188496  0  0
6  0.219911  0  0
6  0.251327  0  0
6  0.282743  0  0
6  0.314159  0  0
6  0.345575  0  0
6  0.376991  0  0
6  0.408407  0  0
6  0.439823  0  0
6  0.471239  0  0
6  0.502655  0  0
6  0.534071  0  0
6  0.565487  0  0
6  0.596903  0  0
6  0.628319  0  0
6  0.659734  0  0
6  0.69115  0  0
6  0.722566  0  0
6  0.753982  0  0
6  0.785398  0  0
6  0.816814  0  0
6  0.84823  0  0
6  0.879646  0  0
6  0.911062  0  0
6  0.942478  0  0
6  0.973894  0  0
6  1.00531  0  0
6  1.03673  0  0
6  1.06814  0  0
6  1.09956  0.234801  1.72293
6  1.13097  16.1318  12.2944
6  1.16239  22.8925  22.83
6  1.19381  10.7507  14.7777
6  1.22522  26.4845  26.4538
6  1.25664  20.3678  12.7743
6  1.28805  18.9577  9.61617
6  1.31947  6.59955  7.20759
6  1.35088  19.2423  19.2409
6  1.3823  12.6052  14.504
6  1.41372  22.2065  13.3147
6  1.44513  10.1575  14.2228
6  1.47655  24.046  18.0564
6  1.50796  15.0821  10.8827
6  1.53938  17.0389  11.9869
6  1.5708  11.3118  14.5834
6  1.60221  15.8442  11.984
6  1.63363  11.2004  10.1932
6  1.66504  25.949  21.166
6  1.69646  10.557  11.7284
6  1.72788  9.66573  15.7184
6  1.75929  11.9688  11.6871
6  1.79071  8.56376  14.7673
6  1.82212  17.17  13.919
6  1.85354  10.7835  15.1739
6  1.88496  10.0116  11.1847
6  1.91637  11.2476  13.676
6  1.94779  22.0556  16.6353
6  1.9792  24.1581  13.882
6  2.01062  9.00699  4.64191
6  2.04204  0  0
6  2.07345  0.247485  2.30219
6  2.10487  0  0
6  2.13628  0  0
6  2.1677  0  0
6  2.19911  0  0
6  2.23053  0  0
6  2.26195  0  0
6  2.29336  0  0
6  2.32478  0  0
6  2.35619  0  0
6  2.38761  0  0
6  2.41903  0  0
6  2.45044  0  0
6  2.48186  0  0
6  2.51327  0  0
6  2.54469  0  0
6  2.57611  0  0
6  2.60752  0  0
6  2.63894  0  0
6  2.67035  0  0
6  2.70177  0  0
6  2.73319  0  0
6  2.7646  0  0
6  2.79602  0  0
6  2.82743  0  0
6  2.85885  0  0
6  2.89027  0  0
6  2.92168  0  0
6  2.9531  0  0
6  2.98451  0  0
6  3.01593  0  0
6  3.04734  0  0
6  3.07876  0  0
6  3.11018  0  0
6.125  0  0  0
6.125  0.0314159  0  0
6.125  0.0628319  0  0
6.125  0.0942478  0  0
6.125  0.125664  0  0
6.125  0.15708  0  0
6.125  0.188496  0  0
6.125  0.219911  0  0
6.125  0.251327  0  0
6.125  0.282743  0  0
6.125  0.314159  0  0
6.125  0.345575  0  0
6.125  0.376991  0  0
6.125  0.408407  0  0
6.125  0.439823  0  0
6.125  0.471239  0  0
6.125  0.502655  0  0
6.125  0.534071  0  0
6.125  0.565487  0  0
6.125  0.596903  0  0
6.125  0.628319  0  0
6.125  0.659734  0  0
6.125  0.69115  0  0
6.125  0.722566  0  0
6.125  0.753982  0  0
6.125  0.785398  0  0
6.125  0.816814  0  0
6.125  0.84823  0  0
6.125  0.879646  0  0
6.125  0.911062  0  0
6.125  0.942478  0  0
6.125  0.973894  0  0
6.125  1.00531  0  0
6.125  1.03673  0.140558  1.03139
6.125  1.06814  30.6422  28.0796
6.125  1.09956  17.6202  16.167
6.125  1.13097  8.56688  8.81187
6.125  1.16239  10.1648  14.7585
6.125  1.19381  9.59927  10.3904
6.125  1.22522  13.3563  12.3232
6.125  1.25664  16.2218  9.5399
6.125  1.28805  11.9589  13.7373
6.125  1.31947  19.4438  11.7001
6.125  1.35088  14.4403  12.2121
6.125  1.3823  11.7701  16.5992
6.125  1.41372  22.5951  11.747
6.125  1.44513  17.6224  11.5485
6.125  1.47655  15.2341  18.0892
6.125  1.50796  9.53021  15.5743
6.125  1.53938  24.1015  21.4992
6.125  1.5708  19.5624  15.8378
6.125  1.60221  11.0088  14.7978
6.125  1.63363  20.1265  16.6978
6.125  1.66504  11.0697  11.6187
6.125  1.69646  11.9691  12.3901
6.125  1.72788  18.1363  9.19528
6.125  1.75929  17.7905  18.3112
6.125  1.79071  19.3265  18.6544
6.125  1.82212  13.6999  15.999
6.125  1.85354  10.8757  11.2859
6.125  1.88496  12.7877  15.6061
6.125  1.91637  19.6019  14.1159
6.125  1.94779  10.2168  11.8121
6.125  1.9792  12.6039  12.2197
6.125  2.01062  8.03971  15.5815
6.125  2.04204  21.2148  12.0423
6.125  2.07345  15.6882  14.0191
6.125  2.10487  0.25876  1.70224
6.125  2.13628  0  0
6.125  2.1677  0  0
6.125  2.19911  0  0
6.125  2.23053  0  0
6.125  2.26195  0  0
6.125  2.29336  0  0
6.125  2.32478  0  0
6.125  2.35619  0  0
6.125  2.38761  0  0
6.125  2.41903  0  0
6.125  2.45044  0  0
6.125  2.48186  0  0
6.125  2.51327  0  0
6.125  2.54469  0  0
6.125  2.57611  0  0
6.125  2.60752  0  0
6.125  2.63894  0  0
6.125  2.67035  0  0
6.125  2.70177  0  0
6.125  2.73319  0  0
6.125  2.7646  0  0
6.125  2.79602  0  0
6.125  2.82743  0  0
6.125  2.85885  0  0
6.125  2.89027  0  0
6.125  2.92168  0  0
6.125  2.9531  0  0
6.125  2.98451  0  0
6.125  3.01593  0  0
6.125  3.04734  0  0
6.125  3.07876  0  0
6.125  3.11018  0  0
6.25  0  0  0
6.25  0.0314159  0  0
6.25  0.0628319  0  0
6.25  0.0942478  0  0
6.25  0.125664  0  0
6.25  0.15708  0  0
6.25  0.188496  0  0
6.25  0.219911  0  0
6.25  0.251327  0  0
6.25  0.282743  0  0
6.25  0.314159  0  0
6.25  0.345575  0  0
6.25  0.376991  0  0
6.25  0.408407  0  0
6.25  0.439823  0  0
6.25  0.471239  0  0
6.25  0.502655  0  0
6.25  0.534071  0  0
6.25  0.565487  0  0
6.25  0.596903  0  0
6.25  0.628319  0  0
6.25  0.659734  0  0
6.25  0.69115  0  0
6.25  0.722566  0  0
6.25  0.753982  0  0
6.25  0.785398  0  0
6.25  0.816814  0  0
6.25  0.84823  0  0
6.25  0.879646  0  0
6.25  0.911062  0  0
6.25  0.942478  0.245747  2.26757
6.25  0.973894  0.261145  1.53109
6.25  1.00531  22.3818  11.3623
6.25  1.03673  22.457  15.8458
6.25  1.06814  12.7784  14.1326
6.25  1.09956  20.2734  17.7122
6.25  1.13097  11.0973  13.8369
6.25  1.16239  21.4514  15.8915
6.25  1.19381  22.8722  16.5265
6.25  1.22522  10.4565  17.0775
6.25  1.25664  9.42385  15.4669
6.25  1.28805  14.855  15.8693
6.25  1.31947  9.41675  13.4237
6.25  1.35088  9.62713  16.1864
6.25  1.3823  10.5591  15.6003
6.25  1.41372  11.712  16.6136
6.25  1.44513  14.8303  17.0309
6.25  1.47655  15.6839  9.9948
6.25  1.50796  16.4131  15.9344
6.25  1.53938  8.32101  14.2244
6.25  1.5708  12.9596  14.7131
6.25  1.60221  12.9231  12.5619
6.25  1.63363  19.5167  9.81494
6.25  1.66504  15.1346  12.3395
6.25  1.69646  16.1195  9.79867
6.25  1.72788  12.436  13.268
6.25  1.75929  20.7664  21.1117
6.25  1.79071  9.5177  10.7226
6.25  1.82212  13.7259  9.63778
6.25  1.85354  12.347  13.4574
6.25  1.88496  14.7415  10.808
6.25  1.91637  11.1235  12.5393
6.25  1.94779  11.9161  15.1217
6.25  1.9792  9.06775  14.5272
6.25  2.01062  9.19672  16.4293
6.25  2.04204  16.8238  16.4205
6.25  2.07345  12.9166  14.3016
6.25  2.10487  22.9863  12.778
6.25  2.13628  10.181  10.1263
6.25  2.1677  0.24449  1.27326
6.25  2.19911  0  0
6.25  2.23053  0  0
6.25  2.26195  0  0
6.25  2.29336  0  0
6.25  2.32478  0  0
6.25  2.35619  0  0
6.25  2.38761  0  0
6.25  2.41903  0  0
6.25  2.45044  0  0
6.25  2.48186  0  0
6.25  2.51327  0  0
6.25  2.54469  0  0
6.25  2.57611  0  0
6.25  2.60752  0  0
6.25  2.63894  0  0
6.25  2.67035  0  0
6.25  2.70177  0  0
6.25  2.73319  0  0
6.25  2.7646  0  0
6.25  2.79602  0  0
6.25  2.82743  0  0
6.25  2.85885  0  0
6.25  2.89027  0  0
6.25  2.92168  0  0
6.25  2.9531  0  0
6.25  2.98451  0  0
6.25  3.01593  0  0
6.25  3.04734  0  0
6.25  3.07876  0  0
6.25  3.11018  0  0
6.375  0  0  0
6.375  0.0314159  0  0
6.375  0.0628319  0  0
6.375  0.0942478  0  0
6.375  0.125664  0  0
6.375  0.15708  0  0
6.375  0.188496  0  0
6.375  0.219911  0  0
6.375  0.251327  0  0
6.375  0.282743  0  0
6.375  0.314159  0  0
6.375  0.345575  0  0
6.375  0.376991  0  0
6.375  0.408407  0  0
6.375  0.439823  0  0
6.375  0.471239  0  0
6.375  0.502655  0  0
6.375  0.534071  0  0
6.375  0.565487  0  0
6.375  0.596903  0  0
6.375  0.628319  0  0
6.375  0.659734  0  0
6.375  0.69115  0  0
6.375  0.722566  0  0
6.375  0.753982  0  0
6.375  0.785398  0  0
6.375  0.816814  0  0
6.375  0.84823  0  0
6.375  0.879646  0  0
6.375  0.911062  0  0
6.375  0.942478  17.5473  15.8902
6.375  0.973894  11.604  14.7345
6.375  1.00531  14.544  17.0941
6.375  1.03673  12.8107  11.5138
6.375  1.06814  23.8908  11.9463
6.375  1.09956  22.7659  12.2176
6.375  1.13097  11.0969  11.1791
6.375  1.16239  19.1544  15.6577
6.375  1.19381  11.6377  14.8362
6.375  1.22522  12.3152  11.9505
6.375  1.25664  11.0125  11.1456
6.375  1.28805  9.94947  14.8971
6.375  1.31947  24.5536  21.4483
6.375  1.35088  10.3911  14.2161
6.375  1.3823  8.29904  15.4665
6.375  1.41372  15.0828  15.3992
6.375  1.44513  8.90794  9.43923
6.375  1.47655  16.1417  16.8316
6.375  1.50796  11.5545  13.978
6.375  1.53938  9.94354  12.022
6.375  1.5708  15.9269  18.0514
6.375  1.60221  10.0392  15.837
6.375  1.63363  7.58514  14.0966
6.375  1.66504  10.2094  10.4897
6.375  1.69646  14.4391  11.7004
6.375  1.72788  20.839  10.8073
6.375  1.75929  11.821  13.9894
6.375  1.79071  20.3123  10.3151
6.375  1.82212  16.4581  11.0508
6.375  1.85354  8.35008  14.8717
6.375  1.88496  21.4207  15.6008
6.375  1.91637  10.1455  13.6223
6.375  1.94779  14.2379  20.8268
6.375  1.9792  11.0997  13.9304
6.375  2.01062  10.1895  17.5404
6.375  2.04204  11.6401  17.1663
6.375  2.07345  23.2293  17.9786
6.375  2.10487  16.915  17.4528
6.375  2.13628  7.94869  12.4774
6.375  2.1677  19.298  19.301
6.375  2.19911  0.0168908  0.123942
6.375  2.23053  0  0
6.375  2.26195  0  0
6.375  2.29336  0  0
6.375  2.32478  0  0
6.375  2.35619  0  0
6.375  2.38761  0  0
6.375  2.41903  0  0
6.375  2.45044  0  0
6.375  2.48186  0  0
6.375  2.51327  0  0
6.375  2.54469  0  0
6.375  2.57611  0  0
6.375  2.60752  0  0
6.375  2.63894  0  0
6.375  2.67035  0  0
6.375  2.70177  0  0
6.375  2.73319  0  0
6.375  2.7646  0  0
6.375  2.79602  0  0
6.375  2.82743  0  0
6.375  2.85885  0  0
6.375  2.89027  0  0
6.375  2.92168  0  0
6.375  2.9531  0  0
6.375  2.98451  0  0
6.375  3.01593  0  0
6.375  3.04734  0  0
6.375  3.07876  0  0
6.375  3.11018  0  0
6.5  0  0  0
6.5  0.0314159  0  0
6.5  0.0628319  0  0
6.5  0.0942478  0  0
6.5  0.125664  0  0
6.5  0.15708  0  0
6.5  0.188496  0  0
6.5  0.219911  0  0
6.5  0.251327  0  0
6.5  0.282743  0  0
6.5  0.314159  0  0
6.5  0.345575  0  0
6.5  0.376991  0  0
6.5  0.408407  0  0
6.5  0.439823  0  0
6.5  0.471239  0  0
6.5  0.502655  0  0
6.5  0.534071  0  0
6.5  0.565487  0  0
6.5  0.596903  0  0
6.5  0.628319  0  0
6.5  0.659734  0  0
6.5  0.69115  0  0
6.5  0.722566  0  0
6.5  0.753982  0  0
6.5  0.785398  0  0
6.5  0.816814  0  0
6.5  0.84823  0  0
6.5  0.879646  1.08584  7.96772
6.5  0.911062  25.6808  13.5292
6.5  0.942478  8.37022  17.6187
6.5  0.973894  10.4557  17.6247
6.5  1.00531  8.67714  14.7528
6.5  1.03673  8.80356  8.64408
6.5  1.06814  22.465  14.4558
6.5  1.09956  12.9275  14.3225
6.5  1.13097  8.60364  15.6776
6.5  1.16239  19.2243  13.205
6.5  1.19381  11.9018  17.8559
6.5  1.22522  10.0843  16.4695
6.5  1.25664  11.7596  13.0345
6.5  1.28805  8.90479  16.4105
6.5  1.31947  21.1732  13.6493
6.5  1.35088  14.0253  16.0802
6.5  1.3823  14.9259  10.4716
6.5  1.41372  22.8989  22.0235
6.5  1.44513  19.1752  11.4345
6.5  1.47655  19.1262  12.795
6.5  1.50796  9.0669  12.9978
6.5  1.53938  9.7774  11.79
6.5  1.5708  21.0948  21.032
6.5  1.60221  23.8343  20.4088
6.5  1.63363  12.2791  12.8713
6.5  1.66504  13.2585  13.4652
6.5  1.69646  20.1303  15.9219
6.5  1.72788  17.0133  12.4866
6.5  1.75929  18.5094  15.9604
6.5  1.79071  9.65989  14.0333
6.5  1.82212  11.9695  11.6795
6.5  1.85354  11.6761  13.0396
6.5  1.88496  18.799  11.1815
6.5  1.91637  18.008  10.2544
6.5  1.94779  17.2325  8.70323
6.5  1.9792  13.6737  14.1355
6.5  2.01062  11.7783  12.7521
6.5  2.04204  22.9447  15.9714
6.5  2.07345  10.1783  15.1166
6.5  2.10487  12.7919  16.8865
6.5  2.13628  11.8798  11.6237
6.5  2.1677  19.1522  20.0633
6.5  2.19911  25.8707  13.7387
6.5  2.23053  1.94772  14.2921
6.5  2.26195  0  0
6.5  2.29336  0  0
6.5  2.32478  0  0
6.5  2.35619  0  0
6.5  2.38761  0  0
6.5  2.41903  0  0
6.5  2.45044  0  0
6.5  2.48186  0  0
6.5  2.51327  0  0
6.5  2.54469  0  0
6.5  2.57611  0  0
6.5  2.60752  0  0
6.5  2.63894  0  0
6.5  2.67035  0  0
6.5  2.70177  0  0
6.5  2.73319  0  0
6.5  2.7646  0  0
6.5  2.79602  0  0
6.5  2.82743  0  0
6.5  2.85885  0  0
6.5  2.89027  0  0
6.5  2.92168  0  0
6.5  2.9531  0  0
6.5  2.98451  0  0
6.5  3.01593  0  0
6.5  3.04734  0  0
6.5  3.07876  0  0
6.5  3.11018  0  0
6.625  0  0  0
6.625  0.0314159  0  0
6.625  0.0628319  0  0
6.625  0.0942478  0  0
6.625  0.125664  0  0
6.625  0.15708  0  0
6.625  0.188496  0  0
6.625  0.219911  0  0
6.625  0.251327  0  0
6.625  0.282743  0  0
6.625  0.314159  0  0
6.625  0.345575  0  0
6.625  0.376991  0  0
6.625  0.408407  0  0
6.625  0.439823  0  0
6.625  0.471239  0  0
6.625  0.502655  0  0
6.625  0.534071  0  0
6.625  0.565487  0  0
6.625  0.596903  0  0
6.625  0.628319  0  0
6.625  0.659734  0  0
6.625  0.69115  0  0
6.625  0.722566  0  0
6.625  0.753982  0  0
6.625  0.785398  0  0
6.625  0.816814  0  0
6.625  0.84823  1.44445  10.5992
6.625  0.879646  10.8987  17.3894
6.625  0.911062  21.2021  14.4821
6.625  0.942478  11.102  12.5585
6.625  0.973894  10.4513  15.6481
6.625  1.00531  14.3012  12.8132
6.625  1.03673  13.3159  16.461
6.625  1.06814  10.6563  16.684
6.625  1.09956  23.3911  11.893
6.625  1.13097  20.8708  11.3798
6.625  1.16239  23.2889  11.6817
6.625  1.19381  22.9755  12.1968
6.625  1.22522  8.01705  15.3728
6.625  1.25664  8.30545  13.8241
6.625  1.28805  10.3527  16.2618
6.625  1.31947  21.8294  13.0269
6.625  1.35088  11.8322  11.0991
6.625  1.3823  10.7591  13.0323
6.625  1.41372  11.0312  13.841
6.625  1.44513  9.16962  14.9025
6.625  1.47655  9.71087  15.1341
6.625  1.50796  9.76574  14.0842
6.625  1.53938  12.2368  14.4796
6.625  1.5708  9.29955  10.1296
6.625  1.60221  18.3085  14.2729
6.625  1.63363  12.6446  13.335
6.625  1.66504  8.6653  14.1505
6.625  1.69646  13.9656  16.2344
6.625  1.72788  7.88535  13.1958
6.625  1.75929  17.8431  10.8601
6.625  1.79071  19.1148  12.4129
6.625  1.82212  12.5114  16.3339
6.625  1.85354  10.5221  16.8501
6.625  1.88496  16.2419  19.0816
6.625  1.91637  11.6638  17.451
6.625  1.94779  9.79391  16.2346
6.625  1.9792  8.07155  14.2585
6.625  2.01062  9.11365  16.9095
6.625  2.04204  11.1244  12.0995
6.625  2.07345  12.1331  19.0277
6.625  2.10487  12.476  12.7457
6.625  2.13628  11.0529  11.676
6.625  2.1677  12.4436  19.1514
6.625  2.19911  22.9848  22.9853
6.625  2.23053  22.1043  13.1442
6.625  2.26195  24.6517  17.4622
6.625  2.29336  0  0
6.625  2.32478  0  0
6.625  2.35619  0  0
6.625  2.38761  0  0
6.625  2.41903  0  0
6.625  2.45044  0  0
6.625  2.48186  0  0
6.625  2.51327  0  0
6.625  2.54469  0  0
6.625  2.57611  0  0
6.625  2.60752  0  0
6.625  2.63894  0  0
6.625  2.67035  0  0
6.625  2.70177  0  0
6.625  2.73319  0  0
6.625  2.7646  0  0
6.625  2.79602  0  0
6.625  2.82743  0  0
6.625  2.85885  0  0
6.625  2.89027  0  0
6.625  2.92168  0  0
6.625  2.9531  0  0
6.625  2.98451  0  0
6.625  3.01593  0  0
6.625  3.04734  0  0
6.625  3.07876  0  0
6.625  3.11018  0  0
6.75  0  0  0
6.75  0.0314159  0  0
6.75  0.0628319  0  0
6.75  0.0942478  0  0
6.75  0.125664  0  0
6.75  0.15708  0  0
6.75  0.188496  0  0
6.75  0.219911  0  0
6.75  0.251327  0  0
6.75  0.282743  0  0
6.75  0.314159  0  0
6.75  0.345575  0  0
6.75  0.376991  0  0
6.75  0.408407  0  0
6.75  0.439823  0  0
6.75  0.471239  0  0
6.75  0.502655  0  0
6.75  0.534071  0  0
6.75  0.565487  0  0
6.75  0.596903  0  0
6.75  0.628319  0  0
6.75  0.659734  0  0
6.75  0.69115  0  0
6.75  0.722566  0  0
6.75  0.753982  0  0
6.75  0.785398  0.25876  1.70222
6.75  0.816814  10.9981  9.99834
6.75  0.84823  12.751  15.1627
6.75  0.879646  13.4546  12.99
6.75  0.911062  11.3418  16.9444
6.75  0.942478  24.1858  21.2971
6.75  0.973894  2.98259  0.516585
6.75  1.00531  12.3289  18.788
6.75  1.03673  12.4289  18.465
6.75  1.06814  11.4057  15.3864
6.75  1.09956  24.3287  24.3002
6.75  1.13097  17.3993  13.3222
6.75  1.16239  21.4867  13.5105
6.75  1.19381  10.6684  11.719
6.75  1.22522  18.7813  17.6275
6.75  1.25664  13.2222  15.9452
6.75  1.28805  21.0281  19.5155
6.75  1.31947  21.2371  16.1138
6.75  1.35088  18.4987  17.9617
6.75  1.3823  11.3697  15.0241
6.75  1.41372  10.9336  13.496
6.75  1.44513  5.81779  6.06762
6.75  1.47655  11.5812  13.6367
6.75  1.50796  11.3152  16.2441
6.75  1.53938  12.0586  12.0959
6.75  1.5708  15.8587  17.4418
6.75  1.60221  15.5566  10.3528
6.75  1.63363  11.554  13.0653
6.75  1.66504  19.3131  18.1388
6.75  1.69646  8.63214  10.1457
6.75  1.72788  15.8212  11.0076
6.75  1.75929  8.18884  13.7948
6.75  1.79071  10.4871  14.119
6.75  1.82212  13.8939  15.495
6.75  1.85354  11.6469  12.6601
6.75  1.88496  11.9719  11.8631
6.75  1.91637  16.3371  12.8746
6.75  1.94779  20.1264  17.2938
6.75  1.9792  14.7617  14.5679
6.75  2.01062  13.3071  10.4785
6.75  2.04204  24.2664  12.4017
6.75  2.07345  13.8602  15.8217
6.75  2.10487  13.3489  13.3635
6.75  2.13628  20.1004  17.2171
6.75  2.1677  23.9601  16.9235
6.75  2.19911  20.3609  20.3921
6.75  2.23053  9.52685  16.8965
6.75  2.26195  23.7676  22.5376
6.75  2.29336  28.396  24.7552
6.75  2.32478  0.241107  2.28311
6.75  2.35619  0  0
6.75  2.38761  0  0
6.75  2.41903  0  0
6.75  2.45044  0  0
6.75  2.48186  0  0
6.75  2.51327  0  0
6.75  2.54469  0  0
6.75  2.57611  0  0
6.75  2.60752  0  0
6.75  2.63894  0  0
6.75  2.67035  0  0
6.75  2.70177  0  0
6.75  2.73319  0  0
6.75  2.7646  0  0
6.75  2.79602  0  0
6.75  2.82743  0  0
6.75  2.85885  0  0
6.75  2.89027  0  0
6.75  2.92168  0  0
6.75  2.9531  0  0
6.75  2.98451  0  0
6.75  3.01593  0  0
6.75  3.04734  0  0
6.75  3.07876  0  0
6.75  3.11018  0  0
6.875  0  0  0
6.875  0.0314159  0  0
6.875  0.0628319  0  0
6.875  0.0942478  0  0
6.875  0.125664  0  0
6.875  0.15708  0  0
6.875  0.188496  0  0
6.875  0.219911  0  0
6.875  0.251327  0  0
6.875  0.282743  0  0
6.875  0.314159  0  0
6.875  0.345575  0  0
6.875  0.376991  0  0
6.875  0.408407  0  0
6.875  0.439823  0  0
6.875  0.471239  0  0
6.875  0.502655  0  0
6.875  0.534071  0  0
6.875  0.565487  0  0
6.875  0.596903  0  0
6.875  0.628319  0  0
6.875  0.659734  0  0
6.875  0.69115  0  0
6.875  0.722566  0  0
6.875  0.753982  0  0
6.875  0.785398  18.1773  18.1627
6.875  0.816814  28.915  15.3413
6.875  0.84823  22.2517  19.7952
6.875  0.879646  11.8877  15.9006
6.875  0.911062  18.6228  14.2324
6.875  0.942478  14.6797  19.7139
6.875  0.973894  12.6665  20.2162
6.875  1.00531  23.662  12.0728
6.875  1.03673  8.15166  12.4402
6.875  1.06814  12.4501  18.9739
6.875  1.09956  9.64939  13.2027
6.875  1.13097  11.3709  14.7545
6.875  1.16239  9.63796  13.6455
6.875  1.19381  15.8709  18.8129
6.875  1.22522  10.5872  13.5693
6.875  1.25664  14.3645  16.2054
6.875  1.28805  17.9724  18.4586
6.875  1.31947  10.6118  11.5879
6.875  1.35088  8.19463  14.6919
6.875  1.3823  8.1247  12.0889
6.875  1.41372  4.84692  2.12308
6.875  1.44513  12.2145  14.7038
6.875  1.47655  25.2412  22.1422
6.875  1.50796  10.4446  18.3929
6.875  1.53938  2.59287  0.716771
6.875  1.5708  12.4862  11.3011
6.875  1.60221  9.64561  11.9099
6.875  1.63363  11.8249  14.8087
6.875  1.66504  25.8376  13.6786
6.875  1.69646  17.1439  14.8482
6.875  1.72788  7.42152  14.809
6.875  1.75929  11.6835  15.9033
6.875  1.79071  16.6  15.8062
6.875  1.82212  23.4097  18.308
6.875  1.85354  15.0771  16.2752
6.875  1.88496  15.6403  15.2124
6.875  1.91637  21.6616  17.3472
6.875  1.94779  9.75337  16.1164
6.875  1.9792  23.5483  21.0844
6.875  2.01062  18.1828  16.2359
6.875  2.04204  10.0757  16.6313
6.875  2.07345  11.3046  11.4682
6.875  2.10487  13.825  14.5346
6.875  2.13628  13.7533  15.0589
6.875  2.1677  12.2463  15.5609
6.875  2.19911  12.0674  18.9565
6.875  2.23053  12.1319  17.0721
6.875  2.26195  25.1083  23.0525
6.875  2.29336  30.6669  17.258
6.875  2.32478  14.8566  10.8496
6.875  2.35619  0  0
6.875  2.38761  0  0
6.875  2.41903  0  0
6.875  2.45044  0  0
6.875  2.48186  0  0
6.875  2.51327  0  0
6.875  2.54469  0  0
6.875  2.57611  0  0
6.875  2.60752  0  0
6.875  2.63894  0  0
6.875  2.67035  0  0
6.875  2.70177  0  0
6.875  2.73319  0  0
6.875  2.7646  0  0
6.875  2.79602  0  0
6.875  2.82743  0  0
6.875  2.85885  0  0
6.875  2.89027  0  0
6.875  2.92168  0  0
6.875  2.9531  0  0
6.875  2.98451  0  0
6.875  3.01593  0  0
6.875  3.04734  0  0
6.875  3.07876  0  0
6.875  3.11018  0  0
7  0  0  0
7  0.0314159  0  0
7  0.0628319  0  0
7  0.0942478  0  0
7  0.125664  0  0
7  0.15708  0  0
7  0.188496  0  0
7  0.219911  0  0
7  0.251327  0  0
7  0.282743  0  0
7  0.314159  0  0
7  0.345575  0  0
7  0.376991  0  0
7  0.408407  0  0
7  0.439823  0  0
7  0.471239  0  0
7  0.502655  0  0
7  0.534071  0  0
7  0.565487  0  0
7  0.596903  0  0
7  0.628319  0  0
7  0.659734  0  0
7  0.69115  0.249401  2.16663
7  0.722566  0  0
7  0.753982  0.248766  2.11646
7  0.785398  30.9704  15.8314
7  0.816814  12.0112  17.0882
7  0.84823  14.2751  18.2079
7  0.879646  10.8318  17.1425
7  0.911062  11.8606  19.8502
7  0.942478  10.4728  15.3736
7  0.973894  22.9096  18.1306
7  1.00531  8.6699  14.7977
7  1.03673  24.4876  20.7014
7  1.06814  21.0982  12.8339
7  1.09956  24.3802  23.647
7  1.13097  10.9647  16.6978
7  1.16239  13.2991  11.0905
7  1.19381  9.36227  11.9261
7  1.22522  12.0214  10.8657
7  1.25664  7.65529  12.3925
7  1.28805  12.2335  12.8972
7  1.31947  15.309  17.4637
7  1.35088  9.60601  13.6015
7  1.3823  22.8975  20.1743
7  1.41372  8.01421  11.8713
7  1.44513  15.9664  15.829
7  1.47655  12.8228  13.731
7  1.50796  10.5562  11.4095
7  1.53938  10.5582  11.7138
7  1.5708  20.4203  16.3684
7  1.60221  15.4259  16.9546
7  1.63363  9.56529  14.6105
7  1.66504  15.8565  16.4894
7  1.69646  8.06612  12.8567
7  1.72788  10.2479  15.6889
7  1.75929  22.958  11.5234
7  1.79071  10.0528  17.4451
7  1.82212  10.4616  15.3163
7  1.85354  10.1389  15.0289
7  1.88496  23.2761  14.303
7  1.91637  325.676  253.21
7  1.94779  8.22455  13.5485
7  1.9792  11.1653  15.3021
7  2.01062  17.137  18.0238
7  2.04204  13.3163  15.9219
7  2.07345  8.82891  15.9284
7  2.10487  17.5923  14.0009
7  2.13628  24.5513  23.8958
7  2.1677  19.0059  19.3426
7  2.19911  11.575  18.1048
7  2.23053  12.9187  16.3201
7  2.26195  26.8605  18.5277
7  2.29336  16.2674  17.7751
7  2.32478  31.2798  23.4319
7  2.35619  1.46634  10.7598
7  2.38761  0  0
7  2.41903  0  0
7  2.45044  0  0
7  2.48186  0  0
7  2.51327  0  0
7  2.54469  0  0
7  2.57611  0  0
7  2.60752  0  0
7  2.63894  0  0
7  2.67035  0  0
7  2.70177  0  0
7  2.73319  0  0
7  2.7646  0  0
7  2.79602  0  0
7  2.82743  0  0
7  2.85885  0  0
7  2.89027  0  0
7  2.92168  0  0
7  2.9531  0  0
7  2.98451  0  0
7  3.01593  0  0
7  3.04734  0  0
7  3.07876  0  0
7  3.11018  0  0
7.125  0  0  0
7.125  0.0314159  0  0
7.125  0.0628319  0  0
7.125  0.0942478  0  0
7.125  0.125664  0  0
7.125  0.15708  0  0
7.125  0.188496  0  0
7.125  0.219911  0  0
7.125  0.251327  0  0
7.125  0.282743  0  0
7.125  0.314159  0  0
7.125  0.345575  0  0
7.125  0.376991  0  0
7.125  0.408407  0  0
7.125  0.439823  0  0
7.125  0.471239  0  0
7.125  0.502655  0  0
7.125  0.534071  0  0
7.125  0.565487  0  0
7.125  0.596903  0  0
7.125  0.628319  0  0
7.125  0.659734  0  0
7.125  0.69115  0  0
7.125  0.722566  0.25876  1.70219
7.125  0.753982  32.5284  19.0778
7.125  0.785398  19.4614  20.0084
7.125  0.816814  26.271  15.4532
7.125  0.84823  13.6151  19.0522
7.125  0.879646  17.0942  16.0099
7.125  0.911062  3.90979  0.996784
7.125  0.942478  15.7001  15.3983
7.125  0.973894  11.2141  13.4434
7.125  1.00531  16.8734  16.9569
7.125  1.03673  8.27837  15.3481
7.125  1.06814  13.6773  17.4824
7.125  1.09956  21.8077  15.6045
7.125  1.13097  19.2397  18.6784
7.125  1.16239  10.6613  14.7553
7.125  1.19381  12.6453  14.0724
7.125  1.22522  17.445  12.3602
7.125  1.25664  15.186  14.7735
7.125  1.28805  11.6012  11.9625
7.125  1.31947  22.0998  17.1982
7.125  1.35088  7.78806  10.3708
7.125  1.3823  21.4491  11.0359
7.125  1.41372  18.3229  9.54485
7.125  1.44513  3.96675  2.33926
7.125  1.47655  13.9854  12.743
7.125  1.50796  18.2949  17.7793
7.125  1.53938  7.60213  12.6007
7.125  1.5708  17.502  16.18
7.125  1.60221  14.6609  9.39997
7.125  1.63363  13.4947  10.4084
7.125  1.66504  9.59067  13.2226
7.125  1.69646  19.0146  9.93481
7.125  1.72788  9.11877  15.5368
7.125  1.75929  7.68052  13.9357
7.125  1.79071  17.6172  15.7245
7.125  1.82212  16.7353  15.4272
7.125  1.85354  13.0263  15.6793
7.125  1.88496  11.449  11.4824
7.125  1.91637  12.7987  12.0865
7.125  1.94779  11.0893  19.0707
7.125  1.9792  14.7469  12.1986
7.125  2.01062  21.7041  16.7497
7.125  2.04204  27.0612  14.3114
7.125  2.07345  8.87965  9.89963
7.125  2.10487  10.9728  17.9553
7.125  2.13628  18.044  12.2548
7.125  2.1677  15.7871  14.0512
7.125  2.19911  16.8175  16.7824
7.125  2.23053  9.78901  18.3518
7.125  2.26195  9.79456  9.33638
7.125  2.29336  14.189  17.3438
7.125  2.32478  18.8348  21.7092
7.125  2.35619  32.1774  32.1273
7.125  2.38761  0.444478  3.26152
7.125  2.41903  0  0
7.125  2.45044  0  0
7.125  2.48186  0  0
7.125  2.51327  0  0
7.125  2.54469  0  0
7.125  2.57611  0  0
7.125  2.60752  0  0
7.125  2.63894  0  0
7.125  2.67035  0  0
7.125  2.70177  0  0
7.125  2.73319  0  0
7.125  2.7646  0  0
7.125  2.79602  0  0
7.125  2.82743  0  0
7.125  2.85885  0  0
7.125  2.89027  0  0
7.125  2.92168  0  0
7.125  2.9531  0  0
7.125  2.98451  0  0
7.125  3.01593  0  0
7.125  3.04734  0  0
7.125  3.07876  0  0
7.125  3.11018  0  0
7.25  0  0  0
7.25  0.0314159  0  0
7.25  0.0628319  0  0
7.25  0.0942478  0  0
7.25  0.125664  0  0
7.25  0.15708  0  0
7.25  0.188496  0  0
7.25  0.219911  0  0
7.25  0.251327  0  0
7.25  0.282743  0  0
7.25  0.314159  0  0
7.25  0.345575  0  0
7.25  0.376991  0  0
7.25  0.408407  0  0
7.25  0.439823  0  0
7.25  0.471239  0  0
7.25  0.502655  0  0
7.25  0.534071  0  0
7.25  0.565487  0  0
7.25  0.596903  0  0
7.25  0.628319  0  0
7.25  0.659734  0  0
7.25  0.69115  2.84988  20.912
7.25  0.722566  28.6925  22.6082
7.25  0.753982  17.3789  16.2888
7.25  0.785398  19.8286  15.9312
7.25  0.816814  17.4841  17.5041
7.25  0.84823  11.4873  20.7694
7.25  0.879646  12.1593  20.2098
7.25  0.911062  9.24772  15.8571
7.25  0.942478  12.4927  16.2199
7.25  0.973894  10.2583  15.9309
7.25  1.00531  13.6662  14.5133
7.25  1.03673  19.0118  13.7243
7.25  1.06814  8.17008  9.11041
7.25  1.09956  15.9392  14.4161
7.25  1.13097  9.44131  13.3092
7.25  1.16239  23.1681  17.492
7.25  1.19381  12.0104  12.9849
7.25  1.22522  10.4999  15.7736
7.25  1.25664  12.0481  13.2068
7.25  1.28805  21.0876  20.154
7.25  1.31947  14.4618  10.128
7.25  1.35088  11.2312  12.4985
7.25  1.3823  10.9608  11.514
7.25  1.41372  96.8408  83.4529
7.25  1.44513  14.6373  12.1441
7.25  1.47655  15.5858  10.1161
7.25  1.50796  19.6981  19.6385
7.25  1.53938  15.6931  17.4751
7.25  1.5708  21.2117  10.6062
7.25  1.60221  15.0033  18.1063
7.25  1.63363  12.7946  12.5251
7.25  1.66504  12.1606  11.8935
7.25  1.69646  8.15087  14.2934
7.25  1.72788  10.9454  13.5155
7.25  1.75929  11.5537  13.6357
7.25  1.79071  21.2671  10.6562
7.25  1.82212  89.2361  77.0155
7.25  1.85354  12.1427  13.5811
7.25  1.88496  9.60914  14.769
7.25  1.91637  9.01755  16.0901
7.25  1.94779  8.9831  10.1618
7.25  1.9792  10.4122  14.8055
7.25  2.01062  22.4562  19.4124
7.25  2.04204  11.8816  17.3747
7.25  2.07345  13.4357  16.013
7.25  2.10487  12.2466  15.2278
7.25  2.13628  10.5271  18.9368
7.25  2.1677  13.763  16.8093
7.25  2.19911  10.7912  10.8562
7.25  2.23053  15.2818  14.3337
7.25  2.26195  20.2494  15.1636
7.25  2.29336  9.9678  17.8482
7.25  2.32478  16.0499  15.7699
7.25  2.35619  16.0649  19.765
7.25  2.38761  22.5586  15.8968
7.25  2.41903  0.251522  2.02628
7.25  2.45044  0  0
7.25  2.48186  0  0
7.25  2.51327  0  0
7.25  2.54469  0  0
7.25  2.57611  0  0
7.25  2.60752  0  0
7.25  2.63894  0  0
7.25  2.67035  0  0
7.25  2.70177  0  0
7.25  2.73319  0  0
7.25  2.7646  0  0
7.25  2.79602  0  0
7.25  2.82743  0  0
7.25  2.85885  0  0
7.25  2.89027  0  0
7.25  2.92168  0  0
7.25  2.9531  0  0
7.25  2.98451  0  0
7.25  3.01593  0  0
7.25  3.04734  0  0
7.25  3.07876  0  0
7.25  3.11018  0  0
7.375  0  0  0
7.375  0.0314159  0  0
7.375  0.0628319  0  0
7.375  0.0942478  0  0
7.375  0.125664  0  0
7.375  0.15708  0  0
7.375  0.188496  0  0
7.375  0.219911  0  0
7.375  0.251327  0  0
7.375  0.282743  0  0
7.375  0.314159  0  0
7.375  0.345575  0  0
7.375  0.376991  0  0
7.375  0.408407  0  0
7.375  0.439823  0  0
7.375  0.471239  0  0
7.375  0.502655  0  0
7.375  0.534071  0  0
7.375  0.565487  0.250159  2.26589
7.375  0.596903  0  0
7.375  0.628319  0  0
7.375  0.659734  0  0
7.375  0.69115  3.64095  9.54883
7.375  0.722566  34.0191  17.6179
7.375  0.753982  27.6198  20.6964
7.375  0.785398  30.3979  29.9438
7.375  0.816814  11.7957  17.7777
7.375  0.84823  30.0068  20.2362
7.375  0.879646  12.4945  18.9618
7.375  0.911062  23.9737  12.0489
7.375  0.942478  10.9553  16.8989
7.375  0.973894  12.8416  15.6738
7.375  1.00531  12.2554  12.8269
7.375  1.03673  11.7703  19.0072
7.375  1.06814  12.9334  15.617
7.375  1.09956  11.9873  15.54
7.375  1.13097  16.1977  16.6107
7.375  1.16239  14.1328  16.4818
7.375  1.19381  10.0797  14.5575
7.375  1.22522  14.6514  17.1238
7.375  1.25664  12.9804  13.607
7.375  1.28805  15.3467  10.3526
7.375  1.31947  10.3717  17.2477
7.375  1.35088  22.7694  22.5827
7.375  1.3823  23.5608  21.6667
7.375  1.41372  20.6315  10.6088
7.375  1.44513  11.3303  12.054
7.375  1.47655  12.1354  15.8212
7.375  1.50796  10.0202  13.6318
7.375  1.53938  3.08139  1.08423
7.375  1.5708  6.65622  12.03
7.375  1.60221  8.29339  13.6186
7.375  1.63363  14.098  15.3245
7.375  1.66504  17.2669  11.6871
7.375  1.69646  22.4328  13.9315
7.375  1.72788  10.2882  13.8757
7.375  1.75929  11.691  13.0323
7.375  1.79071  9.55235  11.9175
7.375  1.82212  12.4413  17.7022
7.375  1.85354  11.6141  12.1968
7.375  1.88496  10.787  14.7978
7.375  1.91637  10.7447  10.37
7.375  1.94779  8.37768  15.5705
7.375  1.9792  9.07196  15.8494
7.375  2.01062  10.6356  19.0646
7.375  2.04204  18.9437  12.0536
7.375  2.07345  15.4578  16.9706
7.375  2.10487  13.6649  15.6392
7.375  2.13628  13.7299  13.0719
7.375  2.1677  24.2805  12.9124
7.375  2.19911  11.843  16.5291
7.375  2.23053  15.7278  22.7055
7.375  2.26195  9.6043  10.2755
7.375  2.29336  16.5358  16.6661
7.375  2.32478  13.0829  18.3465
7.375  2.35619  12.2375  20.8425
7.375  2.38761  33.5668  33.1531
7.375  2.41903  31.5119  27.5778
7.375  2.45044  0  0
7.375  2.48186  0  0
7.375  2.51327  0  0
7.375  2.54469  0  0
7.375  2.57611  0  0
7.375  2.60752  0  0
7.375  2.63894  0  0
7.375  2.67035  0  0
7.375  2.70177  0  0
7.375  2.73319  0  0
7.375  2.7646  0  0
7.375  2.79602  0  0
7.375  2.82743  0  0
7.375  2.85885  0  0
7.375  2.89027  0  0
7.375  2.92168  0  0
7.375  2.9531  0  0
7.375  2.98451  0  0
7.375  3.01593  0  0
7.375  3.04734  0  0
7.375  3.07876  0  0
7.375  3.11018  0  0
7.5  0  0  0
7.5  0.0314159  0  0
7.5  0.0628319  0  0
7.5  0.0942478  0  0
7.5  0.125664  0  0
7.5  0.15708  0  0
7.5  0.188496  0  0
7.5  0.219911  0  0
7.5  0.251327  0  0
7.5  0.282743  0  0
7.5  0.314159  0  0
7.5  0.345575  0  0
7.5  0.376991  0  0
7.5  0.408407  0  0
7.5  0.439823  0  0
7.5  0.471239  0  0
7.5  0.502655  0  0
7.5  0.534071  0  0
7.5  0.565487  0  0
7.5  0.596903  0  0
7.5  0.628319  0  0
7.5  0.659734  25.1174  24.2226
7.5  0.69115  30.11  16.3908
7.5  0.722566  23.1929  14.3547
7.5  0.753982  12.109  18.3164
7.5  0.785398  16.7581  14.9752
7.5  0.816814  13.6176  17.91
7.5  0.84823  14.3768  17.0899
7.5  0.879646  12.9861  21.4943
7.5  0.911062  14.3729  18.4895
7.5  0.942478  25.0359  17.973
7.5  0.973894  10.5987  17.0056
7.5  1.00531  7.85868  14.0502
7.5  1.03673  11.6306  15.6868
7.5  1.06814  10.5855  16.5386
7.5  1.09956  18.6208  20.9474
7.5  1.13097  14.9529  17.6108
7.5  1.16239  20.2534  18.9896
7.5  1.19381  21.7543  21.08
7.5  1.22522  10.1048  12.1984
7.5  1.25664  13.4956  12.5013
7.5  1.28805  22.4793  16.4563
7.5  1.31947  28.9468  24.723
7.5  1.35088  17.0116  17.7447
7.5  1.3823  13.5508  9.67072
7.5  1.41372  11.2956  14.0245
7.5  1.44513  22.631  19.2241
7.5  1.47655  3.87099  1.58818
7.5  1.50796  8.82445  16.1019
7.5  1.53938  12.1632  11.9534
7.5  1.5708  8.1362  12.9544
7.5  1.60221  110.315  102.149
7.5  1.63363  9.54888  15.0765
7.5  1.66504  12.8894  9.75598
7.5  1.69646  9.87574  16.1476
7.5  1.72788  10.0244  15.2247
7.5  1.75929  7.67402  13.3898
7.5  1.79071  8.77353  13.7983
7.5  1.82212  16.7543  14.4508
7.5  1.85354  22.9646  22.9193
7.5  1.88496  23.0607  21.5918
7.5  1.91637  21.4635  21.2149
7.5  1.94779  18.5697  12.509
7.5  1.9792  10.231  18.1692
7.5  2.01062  9.38441  14.737
7.5  2.04204  13.4138  15.0662
7.5  2.07345  10.9995  17.1619
7.5  2.10487  15.8677  17.9394
7.5  2.13628  11.8718  16.4332
7.5  2.1677  24.4702  12.2355
7.5  2.19911  17.1557  14.7461
7.5  2.23053  14.486  14.4562
7.5  2.26195  18.6299  17.3086
7.5  2.29336  13.9603  12.6295
7.5  2.32478  24.2313  22.776
7.5  2.35619  10.6758  11.0269
7.5  2.38761  13.0277  20.2808
7.5  2.41903  20.6823  18.3203
7.5  2.45044  0.809737  5.94174
7.5  2.48186  0  0
7.5  2.51327  0  0
7.5  2.54469  0  0
7.5  2.57611  0  0
7.5  2.60752  0  0
7.5  2.63894  0  0
7.5  2.67035  0  0
7.5  2.70177  0  0
7.5  2.73319  0  0
7.5  2.7646  0  0
7.5  2.79602  0  0
7.5  2.82743  0  0
7.5  2.85885  0  0
7.5  2.89027  0  0
7.5  2.92168  0  0
7.5  2.9531  0  0
7.5  2.98451  0  0
7.5  3.01593  0  0
7.5  3.04734  0  0
7.5  3.07876  0  0
7.5  3.11018  0  0
7.625  0  0  0
7.625  0.0314159  0  0
7.625  0.0628319  0  0
7.625  0.0942478  0  0
7.625  0.125664  0  0
7.625  0.15708  0  0
7.625  0.188496  0  0
7.625  0.219911  0  0
7.625  0.251327  0  0
7.625  0.282743  0  0
7.625  0.314159  0  0
7.625  0.345575  0  0
7.625  0.376991  0  0
7.625  0.408407  0  0
7.625  0.439823  0  0
7.625  0.471239  0  0
7.625  0.502655  0  0
7.625  0.534071  0  0
7.625  0.565487  0  0
7.625  0.596903  0  0
7.625  0.628319  3.73449  27.4032
7.625  0.659734  34.914  17.8373
7.625  0.69115  31.5091  17.3597
7.625  0.722566  23.5198  21.1859
7.625  0.753982  14.2992  19.0727
7.625  0.785398  16.3515  16.7484
7.625  0.816814  16.153  14.1255
7.625  0.84823  14.7143  16.4281
7.625  0.879646  20.338  12.9722
7.625  0.911062  7.53447  7.15992
7.625  0.942478  13.1672  15.4923
7.625  0.973894  13.5597  16.6521
7.625  1.00531  12.0862  18.418
7.625  1.03673  10.1132  15.009
7.625  1.06814  13.3294  10.4025
7.625  1.09956  11.639  16.493
7.625  1.13097  19.7887  19.3675
7.625  1.16239  24.4953  20.0415
7.625  1.19381  23.0223  12.9184
7.625  1.22522  11.5445  16.8001
7.625  1.25664  10.8681  11.7953
7.625  1.28805  8.64993  14.5405
7.625  1.31947  9.44436  12.6403
7.625  1.35088  11.3507  12.8292
7.625  1.3823  12.4261  12.4792
7.625  1.41372  17.7157  16.0646
7.625  1.44513  18.5845  11.2815
7.625  1.47655  20.2938  15.0165
7.625  1.50796  17.1722  15.229
7.625  1.53938  7.96305  12.7883
7.625  1.5708  12.6796  15.658
7.625  1.60221  9.64919  11.2228
7.625  1.63363  21.6848  20.0685
7.625  1.66504  16.0762  11.6141
7.625  1.69646  12.2626  13.6553
7.625  1.72788  14.7247  16.4432
7.625  1.75929  8.18545  13.4372
7.625  1.79071  12.1591  13.6362
7.625  1.82212  7.69745  8.49364
7.625  1.85354  16.4827  15.1314
7.625  1.88496  12.783  13.568
7.625  1.91637  11.2328  16.2462
7.625  1.94779  9.80145  11.7724
7.625  1.9792  16.4462  17.3535
7.625  2.01062  16.4695  17.3734
7.625  2.04204  14.6647  15.5
7.625  2.07345  14.0079  16.8146
7.625  2.10487  10.0554  15.844
7.625  2.13628  10.5754  18.9481
7.625  2.1677  10.8731  18.529
7.625  2.19911  10.0516  17.0686
7.625  2.23053  8.67012  15.3713
7.625  2.26195  18.6296  17.0175
7.625  2.29336  12.8717  11.4536
7.625  2.32478  15.8352  14.4451
7.625  2.35619  29.1907  20.32
7.625  2.38761  29.6029  27.1185
7.625  2.41903  9.81672  15.6663
7.625  2.45044  19.1277  9.85269
7.625  2.48186  0.24744  2.3025
7.625  2.51327  0  0
7.625  2.54469  0  0
7.625  2.57611  0  0
7.625  2.60752  0  0
7.625  2.63894  0  0
7.625  2.67035  0  0
7.625  2.70177  0  0
7.625  2.73319  0  0
7.625  2.7646  0  0
7.625  2.79602  0  0
7.625  2.82743  0  0
7.625  2.85885  0  0
7.625  2.89027  0  0
7.625  2.92168  0  0
7.625  2.9531  0  0
7.625  2.98451  0  0
7.625  3.01593  0  0
7.625  3.04734  0  0
7.625  3.07876  0  0
7.625  3.11018  0  0
7.75  0  0  0
7.75  0.0314159  0  0
7.75  0.0628319  0  0
7.75  0.0942478  0  0
7.75  0.125664  0  0
7.75  0.15708  0  0
7.75  0.188496  0  0
7.75  0.219911  0  0
7.75  0.251327  0  0
7.75  0.282743  0  0
7.75  0.314159  0  0
7.75  0.345575  0  0
7.75  0.376991  0  0
7.75  0.408407  0  0
7.75  0.439823  0  0
7.75  0.471239  0  0
7.75  0.502655  0  0
7.75  0.534071  0  0
7.75  0.565487  0  0
7.75  0.596903  0.246875  2.2422
7.75  0.628319  20.6375  13.5261
7.75  0.659734  34.5782  31.3527
7.75  0.69115  30.3427  20.1429
7.75  0.722566  14.7321  24.3793
7.75  0.753982  16.8753  20.1128
7.75  0.785398  30.9687  23.2647
7.75  0.816814  12.9014  23.1561
7.75  0.84823  13.8549  14.2248
7.75  0.879646  5.49149  3.5689
7.75  0.911062  10.5416  11.0015
7.75  0.942478  17.8006  14.6834
7.75  0.973894  25.8966  23.1506
7.75  1.00531  13.0991  21.0913
7.75  1.03673  11.3594  12.5747
7.75  1.06814  16.4431  18.7969
7.75  1.09956  13.2663  14.1266
7.75  1.13097  23.4037  23.2658
7.75  1.16239  11.8641  13.8883
7.75  1.19381  11.4466  11.0584
7.75  1.22522  10.9487  16.4368
7.75  1.25664  20.9757  13.7901
7.75  1.28805  8.79097  11.9682
7.75  1.31947  12.9355  14.1847
7.75  1.35088  14.4273  14.8675
7.75  1.3823  17.1318  17.108
7.75  1.41372  18.1224  9.15489
7.75  1.44513  13.0574  16.0202
7.75  1.47655  10.4603  13.2405
7.75  1.50796  12.0584  12.8918
7.75  1.53938  18.434  10.2214
7.75  1.5708  10.1018  10.7508
7.75  1.60221  21.6786  19.3179
7.75  1.63363  8.37655  11.4928
7.75  1.66504  17.7098  20.4598
7.75  1.69646  9.36304  15.2638
7.75  1.72788  5.49202  3.99822
7.75  1.75929  20.048  10.441
7.75  1.79071  15.546  10.469
7.75  1.82212  11.0486  12.33
7.75  1.85354  13.8053  13.5273
7.75  1.88496  7.55906  10.1496
7.75  1.91637  9.29189  14.3527
7.75  1.94779  13.525  16.0826
7.75  1.9792  8.02098  15.1888
7.75  2.01062  12.6955  14.2442
7.75  2.04204  9.63246  17.3851
7.75  2.07345  21.0709  15.9458
7.75  2.10487  13.4845  12.8708
7.75  2.13628  19.6536  13.9311
7.75  2.1677  16.8402  16.709
7.75  2.19911  17.1727  15.5983
7.75  2.23053  11.2149  17.6898
7.75  2.26195  28.2049  27.7107
7.75  2.29336  17.2329  19.2784
7.75  2.32478  9.19847  8.55033
7.75  2.35619  12.1241  19.6169
7.75  2.38761  13.3625  23.5337
7.75  2.41903  16.1305  20.0593
7.75  2.45044  17.453  18.0165
7.75  2.48186  48.1051  44.8905
7.75  2.51327  0  0
7.75  2.54469  0  0
7.75  2.57611  0  0
7.75  2.60752  0  0
7.75  2.63894  0  0
7.75  2.67035  0  0
7.75  2.70177  0  0
7.75  2.73319  0  0
7.75  2.7646  0  0
7.75  2.79602  0  0
7.75  2.82743  0  0
7.75  2.85885  0  0
7.75  2.89027  0  0
7.75  2.92168  0  0
7.75  2.9531  0  0
7.75  2.98451  0  0
7.75  3.01593  0  0
7.75  3.04734  0  0
7.75  3.07876  0  0
7.75  3.11018  0  0
7.875  0  0  0
7.875  0.0314159  0  0
7.875  0.0628319  0  0
7.875  0.0942478  0  0
7.875  0.125664  0  0
7.875  0.15708  0  0
7.875  0.188496  0  0
7.875  0.219911  0  0
7.875  0.251327  0  0
7.875  0.282743  0  0
7.875  0.314159  0  0
7.875  0.345575  0  0
7.875  0.376991  0  0
7.875  0.408407  0  0
7.875  0.439823  0  0
7.875  0.471239  0  0
7.875  0.502655  0  0
7.875  0.534071  0  0
7.875  0.565487  0  0
7.875  0.596903  0.252688  1.7809
7.875  0.628319  24.5993  23.6266
7.875  0.659734  30.2167  18.6681
7.875  0.69115  17.3303  27.0168
7.875  0.722566  26.8915  25.6887
7.875  0.753982  14.2553  18.4015
7.875  0.785398  13.5026  18.2871
7.875  0.816814  13.0907  14.6096
7.875  0.84823  25.0672  24.3738
7.875  0.879646  14.356  18.2531
7.875  0.911062  17.883  17.5544
7.875  0.942478  13.7033  13.4598
7.875  0.973894  10.3435  16.4765
7.875  1.00531  20.7437  11.1787
7.875  1.03673  10.3921  8.51557
7.875  1.06814  4.57017  2.20208
7.875  1.09956  15.5165  13.9227
7.875  1.13097  15.9462  16.7496
7.875  1.16239  13.6335  15.4208
7.875  1.19381  10.4421  11.5878
7.875  1.22522  19.1772  19.1243
7.875  1.25664  10.0982  15.264
7.875  1.28805  22.6541  14.7924
7.875  1.31947  10.9822  11.3759
7.875  1.35088  12.4912  11.7069
7.875  1.3823  10.1422  13.2307
7.875  1.41372  11.4072  11.8334
7.875  1.44513  9.39123  13.1418
7.875  1.47655  7.27538  11.5126
7.875  1.50796  11.4388  12.9652
7.875  1.53938  3.81261  1.61706
7.875  1.5708  15.6376  12.4214
7.875  1.60221  64.5359  97.934
7.875  1.63363  13.2188  12.8471
7.875  1.66504  19.6914  12.3921
7.875  1.69646  19.7049  19.2421
7.875  1.72788  8.81205  15.489
7.875  1.75929  14.566  11.5295
7.875  1.79071  12.642  12.0956
7.875  1.82212  19.5161  13.9293
7.875  1.85354  14.316  13.6508
7.875  1.88496  10.9319  11.2206
7.875  1.91637  14.2906  15.3438
7.875  1.94779  16.2123  17.7544
7.875  1.9792  14.043  16.8675
7.875  2.01062  9.03784  15.8317
7.875  2.04204  12.5219  13.7945
7.875  2.07345  24.4536  23.1633
7.875  2.10487  16.1382  14.4905
7.875  2.13628  16.5605  15.4105
7.875  2.1677  9.04424  10.4898
7.875  2.19911  10.6953  18.4961
7.875  2.23053  11.0869  18.6017
7.875  2.26195  16.5547  15.4043
7.875  2.29336  12.901  18.5842
7.875  2.32478  10.9037  16.4498
7.875  2.35619  32.0149  19.4107
7.875  2.38761  14.381  20.3282
7.875  2.41903  16.5247  14.8303
7.875  2.45044  38.8482  30.6683
7.875  2.48186  41.1882  22.8562
7.875  2.51327  0.249103  2.14928
7.875  2.54469  0  0
7.875  2.57611  0  0
7.875  2.60752  0  0
7.875  2.63894  0  0
7.875  2.67035  0  0
7.875  2.70177  0  0
7.875  2.73319  0  0
7.875  2.7646  0  0
7.875  2.79602  0  0
7.875  2.82743  0  0
7.875  2.85885  0  0
7.875  2.89027  0  0
7.875  2.92168  0  0
7.875  2.9531  0  0
7.875  2.98451  0  0
7.875  3.01593  0  0
7.875  3.04734  0  0
7.875  3.07876  0  0
7.875  3.11018  0  0
8  0  0  0
8  0.0314159  0  0
8  0.0628319  0  0
8  0.0942478  0  0
8  0.125664  0  0
8  0.15708  0  0
8  0.188496  0  0
8  0.219911  0  0
8  0.251327  0  0
8  0.282743  0  0
8  0.314159  0  0
8  0.345575  0  0
8  0.376991  0  0
8  0.408407  0  0
8  0.439823  0  0
8  0.471239  0  0
8  0.502655  0  0
8  0.534071  0  0
8  0.565487  0  0
8  0.596903  0  0
8  0.628319  28.6597  14.6978
8  0.659734  19.3713  24.465
8  0.69115  34.4488  33.9282
8  0.722566  11.2698  12.3659
8  0.753982  32.234  17.1824
8  0.785398  8.98099  17.0467
8  0.816814  13.9765  15.9147
8  0.84823  9.96738  16.2095
8  0.879646  5.97158  5.18514
8  0.911062  16.0105  19.0779
8  0.942478  10.6662  14.4151
8  0.973894  25.5315  15.7356
8  1.00531  12.1639  15.4582
8  1.03673  9.24935  9.02746
8  1.06814  16.0333  18.1312
8  1.09956  22.0141  11.1604
8  1.13097  21.5039  16.1009
8  1.16239  22.4185  16.6411
8  1.19381  13.3919  14.2573
8  1.22522  19.6378  16.739
8  1.25664  19.0895  9.56467
8  1.28805  8.78493  16.3106
8  1.31947  11.6036  12.6449
8  1.35088  26.6372  26.5555
8  1.3823  21.121  11.7557
8  1.41372  18.9386  9.60071
8  1.44513  9.99815  11.2794
8  1.47655  12.4965  15.071
8  1.50796  9.25537  15.3634
8  1.53938  11.4621  15.7341
8  1.5708  14.542  14.0909
8  1.60221  10.1191  11.4844
8  1.63363  16.6239  16.7752
8  1.66504  8.37394  9.17978
8  1.69646  20.0787  12.2618
8  1.72788  5.79653  4.27152
8  1.75929  11.8815  13.2842
8  1.79071  19.0368  17.5759
8  1.82212  19.2666  19.1039
8  1.85354  12.3849  12.1411
8  1.88496  9.41839  16.2112
8  1.91637  10.7114  15.6305
8  1.94779  19.6891  19.3308
8  1.9792  11.2244  13.5498
8  2.01062  8.9923  14.5969
8  2.04204  18.4549  21.1357
8  2.07345  13.7094  11.7895
8  2.10487  12.463  11.8923
8  2.13628  14.4852  14.2106
8  2.1677  10.1829  17.604
8  2.19911  8.35156  9.65769
8  2.23053  13.246  17.9373
8  2.26195  25.5664  27.5434
8  2.29336  11.0114  18.3837
8  2.32478  12.0558  20.2021
8  2.35619  25.1825  24.2211
8  2.38761  16.441  17.6189
8  2.41903  44.0764  26.6338
8  2.45044  24.7185  18.2398
8  2.48186  28.8832  14.4429
8  2.51327  39.123  25.6722
8  2.54469  0  0
8  2.57611  0  0
8  2.60752  0  0
8  2.63894  0  0
8  2.67035  0  0
8  2.70177  0  0
8  2.73319  0  0
8  2.7646  0  0
8  2.79602  0  0
8  2.82743  0  0
8  2.85885  0  0
8  2.89027  0  0
8  2.92168  0  0
8  2.9531  0  0
8  2.98451  0  0
8  3.01593  0  0
8  3.04734  0  0
8  3.07876  0  0
8  3.11018  0  0
8.125  0  0  0
8.125  0.0314159  0  0
8.125  0.0628319  0  0
8.125  0.0942478  0  0
8.125  0.125664  0  0
8.125  0.15708  0  0
8.125  0.188496  0  0
8.125  0.219911  0  0
8.125  0.251327  0  0
8.125  0.282743  0  0
8.125  0.314159  0  0
8.125  0.345575  0  0
8.125  0.376991  0  0
8.125  0.408407  0  0
8.125  0.439823  0  0
8.125  0.471239  0  0
8.125  0.502655  0  0
8.125  0.534071  0  0
8.125  0.565487  0.25497  1.97225
8.125  0.596903  13.1589  22.4699
8.125  0.628319  30.649  16.465
8.125  0.659734  26.9678  23.8864
8.125  0.69115  20.3295  25.4458
8.125  0.722566  22.6312  27.4067
8.125  0.753982  15.1296  21.6993
8.125  0.785398  12.2428  22.1304
8.125  0.816814  25.8345  20.7051
8.125  0.84823  13.4965  20.5354
8.125  0.879646  28.1074  20.5619
8.125  0.911062  30.9349  27.7992
8.125  0.942478  10.1907  18.3943
8.125  0.973894  25.7812  24.0219
8.125  1.00531  21.1826  27.501
8.125  1.03673  87.81  51.803
8.125  1.06814  11.0204  16.1631
8.125  1.09956  7.62232  7.96819
8.125  1.13097  6.75798  6.74005
8.125  1.16239  15.7197  17.5227
8.125  1.19381  14.4671  12.0905
8.125  1.22522  15.2695  10.8614
8.125  1.25664  12.873  14.3307
8.125  1.28805  9.05075  14.9498
8.125  1.31947  14.762  16.5722
8.125  1.35088  8.26185  13.6554
8.125  1.3823  6.49317  12.7241
8.125  1.41372  9.6005  17.7259
8.125  1.44513  12.061  13.1767
8.125  1.47655  8.53082  13.5103
8.125  1.50796  20.5425  20.9897
8.125  1.53938  10.9828  14.395
8.125  1.5708  10.9686  11.9039
8.125  1.60221  7.99778  14.5734
8.125  1.63363  13.9494  10.5421
8.125  1.66504  20.8958  15.9358
8.125  1.69646  15.6389  9.47755
8.125  1.72788  24.0043  15.6999
8.125  1.75929  10.1425  14.0487
8.125  1.79071  11.8188  12.5809
8.125  1.82212  21.299  20.8442
8.125  1.85354  12.8865  12.8073
8.125  1.88496  22.9642  17.1039
8.125  1.91637  21.2598  14.2401
8.125  1.94779  22.7022  12.9096
8.125  1.9792  13.5209  19.318
8.125  2.01062  10.1696  15.1759
8.125  2.04204  13.5465  13.4781
8.125  2.07345  12.7957  11.9122
8.125  2.10487  8.89765  15.5875
8.125  2.13628  11.748  12.8027
8.125  2.1677  9.28755  9.24251
8.125  2.19911  9.25261  16.0693
8.125  2.23053  22.0711  15.4503
8.125  2.26195  20.2693  24.1075
8.125  2.29336  12.0084  19.7405
8.125  2.32478  10.8591  20.753
8.125  2.35619  15.8057  17.0696
8.125  2.38761  27.9956  20.7967
8.125  2.41903  13.2055  26.3873
8.125  2.45044  27.5826  17.0805
8.125  2.48186  37.2387  18.7248
8.125  2.51327  31.2386  27.6327
8.125  2.54469  0  0
8.125  2.57611  0  0
8.125  2.60752  0  0
8.125  2.63894  0  0
8.125  2.67035  0  0
8.125  2.70177  0  0
8.125  2.73319  0  0
8.125  2.7646  0  0
8.125  2.79602  0  0
8.125  2.82743  0  0
8.125  2.85885  0  0
8.125  2.89027  0  0
8.125  2.92168  0  0
8.125  2.9531  0  0
8.125  2.98451  0  0
8.125  3.01593  0  0
8.125  3.04734  0  0
8.125  3.07876  0  0
8.125  3.11018  0  0
8.25  0  0  0
8.25  0.0314159  0  0
8.25  0.0628319  0  0
8.25  0.0942478  0  0
8.25  0.125664  0  0
8.25  0.15708  0  0
8.25  0.188496  0  0
8.25  0.219911  0  0
8.25  0.251327  0  0
8.25  0.282743  0  0
8.25  0.314159  0  0
8.25  0.345575  0  0
8.25  0.376991  0  0
8.25  0.408407  0  0
8.25  0.439823  0  0
8.25  0.471239  0  0
8.25  0.502655  0  0
8.25  0.534071  0  0
8.25  0.565487  52.3527  47.162
8.25  0.596903  31.4548  23.2015
8.25  0.628319  25.2029  22.3553
8.25  0.659734  19.4156  19.5353
8.25  0.69115  17.6378  24.9427
8.25  0.722566  14.8243  20.6453
8.25  0.753982  20.1023  20.0813
8.25  0.785398  12.3832  20.3289
8.25  0.816814  10.4051  19.0059
8.25  0.84823  9.64073  10.5591
8.25  0.879646  16.2191  20.6181
8.25  0.911062  13.3065  21.3919
8.25  0.942478  10.3  15.7978
8.25  0.973894  11.3428  17.6055
8.25  1.00531  14.7358  15.2784
8.25  1.03673  15.9026  14.642
8.25  1.06814  10.8106  17.1281
8.25  1.09956  10.5497  14.1706
8.25  1.13097  58.1846  95.554
8.25  1.16239  12.7013  15.6527
8.25  1.19381  12.4363  13.4667
8.25  1.22522  13.7015  13.0632
8.25  1.25664  11.2507  11.5946
8.25  1.28805  12.336  12.0826
8.25  1.31947  105.475  59.6375
8.25  1.35088  10.6768  15.2865
8.25  1.3823  6.34786  6.90402
8.25  1.41372  11.894  13.0463
8.25  1.44513  7.96374  14.3999
8.25  1.47655  9.89454  12.1366
8.25  1.50796  2.37466  0.569263
8.25  1.53938  14.4636  13.7703
8.25  1.5708  7.90948  13.2658
8.25  1.60221  5.04839  3.65185
8.25  1.63363  21.7335  11.0544
8.25  1.66504  22.7707  21.2148
8.25  1.69646  12.3896  14.8071
8.25  1.72788  7.16159  12.5892
8.25  1.75929  15.1298  18.2573
8.25  1.79071  13.4672  14.4826
8.25  1.82212  15.0461  9.68473
8.25  1.85354  14.195  12.63
8.25  1.88496  11.1222  15.5563
8.25  1.91637  11.1281  11.5002
8.25  1.94779  8.5302  15.0167
8.25  1.9792  23.0706  17.0511
8.25  2.01062  19.2218  17.3321
8.25  2.04204  3.15954  0.681668
8.25  2.07345  20.7814  11.2662
8.25  2.10487  28.3465  28.3084
8.25  2.13628  11.8374  18.6117
8.25  2.1677  26.249  17.4798
8.25  2.19911  13.0036  15.8609
8.25  2.23053  11.8077  19.0024
8.25  2.26195  12.6074  19.9594
8.25  2.29336  10.6244  18.7901
8.25  2.32478  10.8412  17.8956
8.25  2.35619  12.3352  20.1018
8.25  2.38761  11.727  18.7541
8.25  2.41903  10.1929  20.6181
8.25  2.45044  11.7917  21.3184
8.25  2.48186  17.1335  20.1663
8.25  2.51327  29.9372  27.7096
8.25  2.54469  5.26027  9.25833
8.25  2.57611  0  0
8.25  2.60752  0  0
8.25  2.63894  0  0
8.25  2.67035  0  0
8.25  2.70177  0  0
8.25  2.73319  0  0
8.25  2.7646  0  0
8.25  2.79602  0  0
8.25  2.82743  0  0
8.25  2.85885  0  0
8.25  2.89027  0  0
8.25  2.92168  0  0
8.25  2.9531  0  0
8.25  2.98451  0  0
8.25  3.01593  0  0
8.25  3.04734  0  0
8.25  3.07876  0  0
8.25  3.11018  0  0
8.375  0  0  0
8.375  0.0314159  0  0
8.375  0.0628319  0  0
8.375  0.0942478  0  0
8.375  0.125664  0  0
8.375  0.15708  0  0
8.375  0.188496  0  0
8.375  0.219911  0  0
8.375  0.251327  0  0
8.375  0.282743  0  0
8.375  0.314159  0  0
8.375  0.345575  0  0
8.375  0.376991  0  0
8.375  0.408407  0  0
8.375  0.439823  0  0
8.375  0.471239  0  0
8.375  0.502655  0  0
8.375  0.534071  0  0
8.375  0.565487  42.8146  21.958
8.375  0.596903  20.7753  22.8915
8.375  0.628319  30.8898  28.4351
8.375  0.659734  20.3967  21.0631
8.375  0.69115  19.195  16.0654
8.375  0.722566  12.6721  19.9617
8.375  0.753982  24.7431  13.5337
8.375  0.785398  17.0424  20.2776
8.375  0.816814  9.45337  7.82079
8.375  0.84823  14.4231  20.3403
8.375  0.879646  16.3292  16.2427
8.375  0.911062  16.4282  17.7581
8.375  0.942478  11.0666  17.6544
8.375  0.973894  15.9836  19.215
8.375  1.00531  9.53235  16.1342
8.375  1.03673  9.06379  9.91212
8.375  1.06814  107.707  103.359
8.375  1.09956  16.221  18.8058
8.375  1.13097  22.111  17.1794
8.375  1.16239  13.5926  12.0099
8.375  1.19381  9.74603  14.4395
8.375  1.22522  9.36006  15.5581
8.375  1.25664  11.7831  16.1015
8.375  1.28805  8.16564  14.6363
8.375  1.31947  17.7641  9.63056
8.375  1.35088  11.2278  11.5278
8.375  1.3823  14.5819  16.6352
8.375  1.41372  7.45804  13.6846
8.375  1.44513  17.0793  13.8685
8.375  1.47655  10.4195  13.7461
8.375  1.50796  11.2948  11.3447
8.375  1.53938  21.0524  17.7618
8.375  1.5708  17.3701  14.8993
8.375  1.60221  9.27701  15.8849
8.375  1.63363  16.2169  13.7635
8.375  1.66504  11.7545  12.4674
8.375  1.69646  7.7028  8.71029
8.375  1.72788  15.0896  22.1959
8.375  1.75929  7.3694  13.3534
8.375  1.79071  19.0686  9.82435
8.375  1.82212  13.6978  15.5149
8.375  1.85354  8.91062  14.7372
8.375  1.88496  14.2336  16.6575
8.375  1.91637  21.6581  19.7968
8.375  1.94779  10.4251  17.7398
8.375  1.9792  13.9816  12.0351
8.375  2.01062  14.8253  12.9943
8.375  2.04204  12.1387  13.7101
8.375  2.07345  9.82008  15.7977
8.375  2.10487  13.2726  14.9108
8.375  2.13628  13.0646  12.137
8.375  2.1677  9.81881  9.33021
8.375  2.19911  26.7755  15.9756
8.375  2.23053  12.9469  21.1534
8.375  2.26195  11.2952  14.9847
8.375  2.29336  13.8867  20.2537
8.375  2.32478  12.3522  21.4151
8.375  2.35619  17.307  20.5268
8.375  2.38761  19.812  14.0095
8.375  2.41903  24.9919  15.2869
8.375  2.45044  17.6615  21.7881
8.375  2.48186  27.9426  19.4531
8.375  2.51327  24.4329  31.3076
8.375  2.54469  42.3157  42.1606
8.375  2.57611  6.0641  44.4975
8.375  2.60752  0  0
8.375  2.63894  0  0
8.375  2.67035  0  0
8.375  2.70177  0  0
8.375  2.73319  0  0
8.375  2.7646  0  0
8.375  2.79602  0  0
8.375  2.82743  0  0
8.375  2.85885  0  0
8.375  2.89027  0  0
8.375  2.92168  0  0
8.375  2.9531  0  0
8.375  2.98451  0  0
8.375  3.01593  0  0
8.375  3.04734  0  0
8.375  3.07876  0  0
8.375  3.11018  0  0
8.5  0  0  0
8.5  0.0314159  0  0
8.5  0.0628319  0  0
8.5  0.0942478  0  0
8.5  0.125664  0  0
8.5  0.15708  0  0
8.5  0.188496  0  0
8.5  0.219911  0  0
8.5  0.251327  0  0
8.5  0.282743  0  0
8.5  0.314159  0  0
8.5  0.345575  0  0
8.5  0.376991  0  0
8.5  0.408407  0  0
8.5  0.439823  0  0
8.5  0.471239  0  0
8.5  0.502655  0  0
8.5  0.534071  2.44423  17.9354
8.5  0.565487  27.6287  17.5184
8.5  0.596903  32.6569  32.0562
8.5  0.628319  20.0448  25.3145
8.5  0.659734  15.3425  17.1429
8.5  0.69115  33.5361  20.7275
8.5  0.722566  24.4799  16.1419
8.5  0.753982  34.1988  23.0102
8.5  0.785398  21.4439  21.4688
8.5  0.816814  10.3766  16.7112
8.5  0.84823  11.7639  17.6839
8.5  0.879646  18.4969  20.7242
8.5  0.911062  26.4906  14.06
8.5  0.942478  11.8562  17.7535
8.5  0.973894  11.9391  16.0831
8.5  1.00531  10.5178  14.6782
8.5  1.03673  11.115  17.185
8.5  1.06814  13.9975  13.8706
8.5  1.09956  8.44997  11.1518
8.5  1.13097  14.7175  16.9558
8.5  1.16239  17.2496  10.8186
8.5  1.19381  10.3839  10.7622
8.5  1.22522  17.7806  17.414
8.5  1.25664  20.0415  19.9459
8.5  1.28805  13.603  15.6852
8.5  1.31947  7.74634  8.45367
8.5  1.35088  4.66752  2.50302
8.5  1.3823  11.9305  12.7745
8.5  1.41372  5.96091  4.75786
8.5  1.44513  8.60342  11.1754
8.5  1.47655  6.58956  7.29897
8.5  1.50796  6.4393  7.14028
8.5  1.53938  5.04248  4.66307
8.5  1.5708  20.3401  17.0953
8.5  1.60221  8.56472  11.6493
8.5  1.63363  19.0786  16.0777
8.5  1.66504  11.3157  12.2721
8.5  1.69646  23.1648  22.4561
8.5  1.72788  6.57938  7.2686
8.5  1.75929  20.5383  12.6871
8.5  1.79071  10.1708  13.2977
8.5  1.82212  9.07222  16.4084
8.5  1.85354  17.5412  20.2009
8.5  1.88496  6.6708  7.82396
8.5  1.91637  19.8672  18.0361
8.5  1.94779  12.582  11.8162
8.5  1.9792  16.4657  11.8595
8.5  2.01062  17.6988  14.5483
8.5  2.04204  13.452  11.7406
8.5  2.07345  9.80232  10.5727
8.5  2.10487  12.7195  12.5402
8.5  2.13628  17.3795  16.5586
8.5  2.1677  7.74118  5.98398
8.5  2.19911  25.3757  25.0351
8.5  2.23053  12.3478  16.6177
8.5  2.26195  21.6985  15.2171
8.5  2.29336  14.1445  16.811
8.5  2.32478  12.7402  20.4119
8.5  2.35619  17.4858  17.5517
8.5  2.38761  13.6495  22.0213
8.5  2.41903  28.2519  29.6999
8.5  2.45044  33.8909  27.3597
8.5  2.48186  32.4692  32.469
8.5  2.51327  36.0902  32.2936
8.5  2.54469  29.9137  29.8621
8.5  2.57611  0.248938  2.13502
8.5  2.60752  0  0
8.5  2.63894  0  0
8.5  2.67035  0  0
8.5  2.70177  0  0
8.5  2.73319  0  0
8.5  2.7646  0  0
8.5  2.79602  0  0
8.5  2.82743  0  0
8.5  2.85885  0  0
8.5  2.89027  0  0
8.5  2.92168  0  0
8.5  2.9531  0  0
8.5  2.98451  0  0
8.5  3.01593  0  0
8.5  3.04734  0  0
8.5  3.07876  0  0
8.5  3.11018  0  0
8.625  0  0  0
8.625  0.0314159  0  0
8.625  0.0628319  0  0
8.625  0.0942478  0  0
8.625  0.125664  0  0
8.625  0.15708  0  0
8.625  0.188496  0  0
8.625  0.219911  0  0
8.625  0.251327  0  0
8.625  0.282743  0  0
8.625  0.314159  0  0
8.625  0.345575  0  0
8.625  0.376991  0  0
8.625  0.408407  0  0
8.625  0.439823  0  0
8.625  0.471239  0  0
8.625  0.502655  2.18095  16.0035
8.625  0.534071  26.1488  23.7679
8.625  0.565487  51.4569  47.9216
8.625  0.596903  19.3061  20.7303
8.625  0.628319  28.3544  18.3976
8.625  0.659734  31.7882  30.1501
8.625  0.69115  15.8377  19.8517
8.625  0.722566  17.1448  17.6062
8.625  0.753982  13.2434  14.2708
8.625  0.785398  24.2979  14.214
8.625  0.816814  25.5215  24.6793
8.625  0.84823  12.7295  18.752
8.625  0.879646  21.1496  15.6875
8.625  0.911062  16.9729  18.7702
8.625  0.942478  12.605  12.5106
8.625  0.973894  12.5012  15.711
8.625  1.00531  18.5433  17.2291
8.625  1.03673  10.4753  15.91
8.625  1.06814  9.1994  16.2733
8.625  1.09956  21.4954  16.2175
8.625  1.13097  6.60426  7.11701
8.625  1.16239  21.4191  10.9054
8.625  1.19381  19.4789  13.8511
8.625  1.22522  7.03359  9.23743
8.625  1.25664  11.6522  11.7381
8.625  1.28805  12.5068  13.7059
8.625  1.31947  11.4601  13.6044
8.625  1.35088  5.75391  6.93617
8.625  1.3823  15.7276  17.2054
8.625  1.41372  13.2546  13.4706
8.625  1.44513  11.3226  10.8542
8.625  1.47655  17.0331  10.3329
8.625  1.50796  21.5301  18.7752
8.625  1.53938  8.0191  13.4332
8.625  1.5708  12.0142  13.8649
8.625  1.60221  8.70886  15.8105
8.625  1.63363  1.59208  0.219601
8.625  1.66504  17.0328  15.7826
8.625  1.69646  13.8498  12.6821
8.625  1.72788  12.171  14.5408
8.625  1.75929  20.308  20.6424
8.625  1.79071  9.92184  15.7022
8.625  1.82212  9.21265  12.7947
8.625  1.85354  67.6586  67.2403
8.625  1.88496  20.5637  11.4533
8.625  1.91637  19.4025  19.2055
8.625  1.94779  9.81236  14.7013
8.625  1.9792  12.4075  14.023
8.625  2.01062  12.6767  13.3345
8.625  2.04204  8.17332  8.78866
8.625  2.07345  16.4842  15.9793
8.625  2.10487  22.0596  23.9011
8.625  2.13628  8.72852  14.0057
8.625  2.1677  10.0331  16.1854
8.625  2.19911  10.9445  15.5428
8.625  2.23053  27.9622  20.1832
8.625  2.26195  9.23036  15.2836
8.625  2.29336  11.375  14.7269
8.625  2.32478  15.2346  21.6144
8.625  2.35619  11.3873  16.1078
8.625  2.38761  14.2418  23.9592
8.625  2.41903  23.1657  20.3822
8.625  2.45044  16.1367  19.1335
8.625  2.48186  33.9542  31.7938
8.625  2.51327  29.9295  18.5142
8.625  2.54469  30.829  38.315
8.625  2.57611  32.7123  32.398
8.625  2.60752  0  0
8.625  2.63894  0  0
8.625  2.67035  0  0
8.625  2.70177  0  0
8.625  2.73319  0  0
8.625  2.7646  0  0
8.625  2.79602  0  0
8.625  2.82743  0  0
8.625  2.85885  0  0
8.625  2.89027  0  0
8.625  2.92168  0  0
8.625  2.9531  0  0
8.625  2.98451  0  0
8.625  3.01593  0  0
8.625  3.04734  0  0
8.625  3.07876  0  0
8.625  3.11018  0  0
8.75  0  0  0
8.75  0.0314159  0  0
8.75  0.0628319  0  0
8.75  0.0942478  0  0
8.75  0.125664  0  0
8.75  0.15708  0  0
8.75  0.188496  0  0
8.75  0.219911  0  0
8.75  0.251327  0  0
8.75  0.282743  0  0
8.75  0.314159  0  0
8.75  0.345575  0  0
8.75  0.376991  0  0
8.75  0.408407  0  0
8.75  0.439823  0  0
8.75  0.471239  0  0
8.75  0.502655  0.00909505  0.0667381
8.75  0.534071  34.0231  28.0168
8.75  0.565487  16.2011  20.8712
8.75  0.596903  36.5392  18.6768
8.75  0.628319  33.8697  16.9433
8.75  0.659734  15.0998  66.1688
8.75  0.69115  19.4498  22.9373
8.75  0.722566  16.6093  17.0052
8.75  0.753982  15.3518  16.0077
8.75  0.785398  13.8778  20.0559
8.75  0.816814  6.75905  6.11713
8.75  0.84823  9.00043  15.6804
8.75  0.879646  12.5968  18.9458
8.75  0.911062  10.897  18.5058
8.75  0.942478  21.7339  20.7001
8.75  0.973894  11.8266  15.2562
8.75  1.00531  14.3957  15.4879
8.75  1.03673  27.5661  16.5837
8.75  1.06814  12.8172  14.6266
8.75  1.09956  9.81234  14.2744
8.75  1.13097  11.5996  17.1918
8.75  1.16239  24.0898  23.51
8.75  1.19381  3.13488  1.28032
8.75  1.22522  17.4307  17.3539
8.75  1.25664  8.10166  15.2008
8.75  1.28805  9.84161  14.0736
8.75  1.31947  22.5258  21.1711
8.75  1.35088  10.9615  13.556
8.75  1.3823  10.3828  15.9871
8.75  1.41372  8.60807  14.0602
8.75  1.44513  8.74339  11.3021
8.75  1.47655  13.4486  15.3029
8.75  1.50796  10.7605  10.2993
8.75  1.53938  20.9513  11.7762
8.75  1.5708  15.4227  16.8953
8.75  1.60221  20.254  12.0772
8.75  1.63363  11.2514  13.0461
8.75  1.66504  274.071  141.313
8.75  1.69646  15.7788  11.7681
8.75  1.72788  5.64832  4.14022
8.75  1.75929  56.5712  59.7596
8.75  1.79071  11.1727  12.9086
8.75  1.82212  9.08731  16.7465
8.75  1.85354  8.86036  14.2677
8.75  1.88496  20.4825  20.3815
8.75  1.91637  22.3832  21.1237
8.75  1.94779  17.4524  12.7962
8.75  1.9792  15.6283  16.4092
8.75  2.01062  8.14513  14.3998
8.75  2.04204  15.5753  16.9552
8.75  2.07345  11.2344  18.4697
8.75  2.10487  15.8104  14.2254
8.75  2.13628  12.0544  16.9779
8.75  2.1677  9.79212  10.617
8.75  2.19911  18.7451  13.7913
8.75  2.23053  13.4934  19.5429
8.75  2.26195  18.8593  13.5565
8.75  2.29336  12.3914  19.676
8.75  2.32478  9.9966  10.4597
8.75  2.35619  19.5019  22.2237
8.75  2.38761  35.7972  18.1922
8.75  2.41903  11.6936  21.6913
8.75  2.45044  12.6695  23.5639
8.75  2.48186  24.0137  23.4179
8.75  2.51327  21.4065  27.0714
8.75  2.54469  38.8888  21.9584
8.75  2.57611  13.3634  20.9248
8.75  2.60752  0  0
8.75  2.63894  0  0
8.75  2.67035  0  0
8.75  2.70177  0  0
8.75  2.73319  0  0
8.75  2.7646  0  0
8.75  2.79602  0  0
8.75  2.82743  0  0
8.75  2.85885  0  0
8.75  2.89027  0  0
8.75  2.92168  0  0
8.75  2.9531  0  0
8.75  2.98451  0  0
8.75  3.01593  0  0
8.75  3.04734  0  0
8.75  3.07876  0  0
8.75  3.11018  0  0
8.875  0  0  0
8.875  0.0314159  0  0
8.875  0.0628319  0  0
8.875  0.0942478  0  0
8.875  0.125664  0  0
8.875  0.15708  0  0
8.875  0.188496  0  0
8.875  0.219911  0  0
8.875  0.251327  0  0
8.875  0.282743  0  0
8.875  0.314159  0  0
8.875  0.345575  0  0
8.875  0.376991  0  0
8.875  0.408407  0  0
8.875  0.439823  0  0
8.875  0.471239  0  0
8.875  0.502655  37.4939  25.1981
8.875  0.534071  29.9882  24.8549
8.875  0.565487  38.9416  21.1096
8.875  0.596903  28.7377  22.585
8.875  0.628319  33.5393  31.5134
8.875  0.659734  34.2678  18.6654
8.875  0.69115  22.0018  16.3267
8.875  0.722566  16.0881  16.9013
8.875  0.753982  11.1975  19.8601
8.875  0.785398  17.6865  17.6143
8.875  0.816814  9.71998  10.1548
8.875  0.84823  10.945  18.9359
8.875  0.879646  13.3671  12.0793
8.875  0.911062  18.7018  11.1848
8.875  0.942478  9.29788  15.5861
8.875  0.973894  20.4982  22.0522
8.875  1.00531  13.601  13.6655
8.875  1.03673  8.42271  13.9588
8.875  1.06814  9.13482  16.0978
8.875  1.09956  7.52821  13.7837
8.875  1.13097  8.17522  14.8403
8.875  1.16239  23.7869  13.4006
8.875  1.19381  23.719  17.2576
8.875  1.22522  18.5294  17.9168
8.875  1.25664  10.1206  14.5053
8.875  1.28805  11.2472  11.0635
8.875  1.31947  22.843  17.1338
8.875  1.35088  3.30019  0.872091
8.875  1.3823  12.4187  13.9925
8.875  1.41372  7.05866  6.66724
8.875  1.44513  21.6788  21.6438
8.875  1.47655  10.2094  11.5451
8.875  1.50796  12.0084  17.131
8.875  1.53938  9.08582  12.9093
8.875  1.5708  9.23021  13.8921
8.875  1.60221  16.0982  14.5338
8.875  1.63363  10.4337  11.0881
8.875  1.66504  10.5718  10.3018
8.875  1.69646  13.4685  14.3287
8.875  1.72788  17.6037  13.1779
8.875  1.75929  16.4461  18.4588
8.875  1.79071  12.6181  12.2233
8.875  1.82212  20.7701  16.4493
8.875  1.85354  10.1361  16.7839
8.875  1.88496  12.1076  12.6849
8.875  1.91637  16.8976  11.934
8.875  1.94779  9.2297  15.1233
8.875  1.9792  22.1703  16.251
8.875  2.01062  13.734  14.8156
8.875  2.04204  26.6164  26.3714
8.875  2.07345  18.9301  16.0865
8.875  2.10487  16.6959  13.2429
8.875  2.13628  10.6162  14.4691
8.875  2.1677  26.6654  15.4196
8.875  2.19911  10.3865  18.0375
8.875  2.23053  10.3829  9.90385
8.875  2.26195  12.9571  17.4937
8.875  2.29336  13.7033  16.206
8.875  2.32478  11.1828  18.2313
8.875  2.35619  15.3223  17.5195
8.875  2.38761  16.3408  16.8421
8.875  2.41903  30.3569  30.2598
8.875  2.45044  27.9278  25.9215
8.875  2.48186  16.9274  20.1992
8.875  2.51327  25.2778  30.9161
8.875  2.54469  20.9246  30.5156
8.875  2.57611  38.9807  28.1911
8.875  2.60752  47.3258  46.2919
8.875  2.63894  0.249929  2.22183
8.875  2.67035  0  0
8.875  2.70177  0  0
8.875  2.73319  0  0
8.875  2.7646  0  0
8.875  2.79602  0  0
8.875  2.82743  0  0
8.875  2.85885  0  0
8.875  2.89027  0  0
8.875  2.92168  0  0
8.875  2.9531  0  0
8.875  2.98451  0  0
8.875  3.01593  0  0
8.875  3.04734  0  0
8.875  3.07876  0  0
8.875  3.11018  0  0
9  0  0  0
9  0.0314159  0  0
9  0.0628319  0  0
9  0.0942478  0  0
9  0.125664  0  0
9  0.15708  0  0
9  0.188496  0  0
9  0.219911  0  0
9  0.251327  0  0
9  0.282743  0  0
9  0.314159  0  0
9  0.345575  0  0
9  0.376991  0  0
9  0.408407  0  0
9  0.439823  0  0
9  0.471239  0  0
9  0.502655  37.7162  26.847
9  0.534071  12.9285  19.3387
9  0.565487  20.0853  25.1082
9  0.596903  37.209  25.7295
9  0.628319  33.2434  17.7704
9  0.659734  26.3556  24.977
9  0.69115  17.5431  23.5133
9  0.722566  10.7533  20.0151
9  0.753982  14.3868  18.3312
9  0.785398  13.9961  21.1403
9  0.816814  16.223  17.9359
9  0.84823  24.6565  24.5274
9  0.879646  11.1405  18.8258
9  0.911062  13.9955  16.6943
9  0.942478  11.0581  18.213
9  0.973894  23.8403  16.0242
9  1.00531  11.863  16.9884
9  1.03673  20.3626  19.4561
9  1.06814  92.3339  65.607
9  1.09956  20.8827  16.7164
9  1.13097  22.6437  18.4822
9  1.16239  12.4147  13.2601
9  1.19381  27.4254  19.6342
9  1.22522  11.969  13.1232
9  1.25664  39.3447  29.5315
9  1.28805  19.0811  14.8838
9  1.31947  9.34503  10.6362
9  1.35088  9.83821  15.2238
9  1.3823  12.7245  14.5362
9  1.41372  21.858  15.3564
9  1.44513  10.5655  13.2254
9  1.47655  10.9254  12.8131
9  1.50796  17.0476  13.4206
9  1.53938  8.54613  14.4244
9  1.5708  11.3387  11.6018
9  1.60221  22.1559  18.7169
9  1.63363  2.25394  0.333462
9  1.66504  7.26274  11.7323
9  1.69646  11.0252  11.5253
9  1.72788  8.21546  8.58437
9  1.75929  13.3738  15.3437
9  1.79071  2.30208  0.480036
9  1.82212  23.7281  19.249
9  1.85354  12.8999  14.1755
9  1.88496  9.49962  16.0837
9  1.91637  9.72242  11.9205
9  1.94779  20.2326  18.0686
9  1.9792  5.01124  2.22968
9  2.01062  93.9131  85.5266
9  2.04204  11.9792  15.6791
9  2.07345  10.6777  15.865
9  2.10487  83.94  81.8678
9  2.13628  12.5182  15.0095
9  2.1677  9.31892  16.3822
9  2.19911  11.9045  18.2998
9  2.23053  10.6852  17.8349
9  2.26195  19.24  22.0544
9  2.29336  22.1305  20.8067
9  2.32478  29.1702  25.8638
9  2.35619  13.0671  22.1494
9  2.38761  15.1012  17.0421
9  2.41903  29.5401  21.2269
9  2.45044  11.7166  20.0463
9  2.48186  16.848  20.5313
9  2.51327  33.3823  16.8948
9  2.54469  24.5127  21.2411
9  2.57611  16.9285  22.5361
9  2.60752  30.5231  23.3992
9  2.63894  0  0
9  2.67035  0  0
9  2.70177  0  0
9  2.73319  0  0
9  2.7646  0  0
9  2.79602  0  0
9  2.82743  0  0
9  2.85885  0  0
9  2.89027  0  0
9  2.92168  0  0
9  2.9531  0  0
9  2.98451  0  0
9  3.01593  0  0
9  3.04734  0  0
9  3.07876  0  0
9  3.11018  0  0
9.125  0  0  0
9.125  0.0314159  0  0
9.125  0.0628319  0  0
9.125  0.0942478  0  0
9.125  0.125664  0  0
9.125  0.15708  0  0
9.125  0.188496  0  0
9.125  0.219911  0  0
9.125  0.251327  0  0
9.125  0.282743  0  0
9.125  0.314159  0  0
9.125  0.345575  0  0
9.125  0.376991  0  0
9.125  0.408407  0  0
9.125  0.439823  0  0
9.125  0.471239  0  0
9.125  0.502655  15.341  20.3646
9.125  0.534071  34.4269  33.0243
9.125  0.565487  35.2903  35.2285
9.125  0.596903  38.0677  33.0987
9.125  0.628319  23.9582  17.9903
9.125  0.659734  33.4125  32.7705
9.125  0.69115  33.7517  22.784
9.125  0.722566  13.3519  21.9491
9.125  0.753982  35.6868  19.0603
9.125  0.785398  11.2421  17.0226
9.125  0.816814  15.6692  13.2406
9.125  0.84823  10.623  10.6265
9.125  0.879646  22.2548  22.58
9.125  0.911062  18.5933  20.9319
9.125  0.942478  11.0131  12.6927
9.125  0.973894  6.32261  7.29556
9.125  1.00531  9.95252  15.523
9.125  1.03673  13.2686  13.3144
9.125  1.06814  20.9104  16.0367
9.125  1.09956  21.2796  11.4976
9.125  1.13097  10.2541  16.7211
9.125  1.16239  12.1608  11.5838
9.125  1.19381  17.8453  9.76413
9.125  1.22522  9.82137  10.3761
9.125  1.25664  11.1203  12.3281
9.125  1.28805  7.40932  13.2624
9.125  1.31947  22.8698  21.8477
9.125  1.35088  12.6958  12.0764
9.125  1.3823  10.4742  11.2971
9.125  1.41372  10.332  15.9726
9.125  1.44513  21.7701  21.0134
9.125  1.47655  10.795  14.2956
9.125  1.50796  11.9612  11.6862
9.125  1.53938  9.86141  6.37664
9.125  1.5708  1.48398  0.343849
9.125  1.60221  42.3016  34.8896
9.125  1.63363  8.71298  14.7714
9.125  1.66504  10.7838  12.6714
9.125  1.69646  21.2498  17.1053
9.125  1.72788  10.049  9.63652
9.125  1.75929  19.3262  18.9974
9.125  1.79071  5.01977  2.93217
9.125  1.82212  12.2755  12.9984
9.125  1.85354  11.0362  11.4684
9.125  1.88496  9.47125  16.5677
9.125  1.91637  19.3181  13.6027
9.125  1.94779  22.3294  11.6288
9.125  1.9792  21.2147  19.6545
9.125  2.01062  24.2126  12.7043
9.125  2.04204  6.13255  3.41845
9.125  2.07345  8.68124  15.1517
9.125  2.10487  22.9511  17.5083
9.125  2.13628  12.349  17.6023
9.125  2.1677  14.9492  14.081
9.125  2.19911  20.4231  15.5077
9.125  2.23053  24.3593  22.1367
9.125  2.26195  15.0028  18.3149
9.125  2.29336  10.6186  18.7735
9.125  2.32478  12.5171  18.1004
9.125  2.35619  9.56863  17.4315
9.125  2.38761  23.5135  20.347
9.125  2.41903  22.9349  24.0668
9.125  2.45044  22.5693  26.642
9.125  2.48186  22.4073  27.2481
9.125  2.51327  29.3349  15.3752
9.125  2.54469  14.8239  15.2363
9.125  2.57611  18.4116  22.3835
9.125  2.60752  38.3874  35.027
9.125  2.63894  0  0
9.125  2.67035  0  0
9.125  2.70177  0  0
9.125  2.73319  0  0
9.125  2.7646  0  0
9.125  2.79602  0  0
9.125  2.82743  0  0
9.125  2.85885  0  0
9.125  2.89027  0  0
9.125  2.92168  0  0
9.125  2.9531  0  0
9.125  2.98451  0  0
9.125  3.01593  0  0
9.125  3.04734  0  0
9.125  3.07876  0  0
9.125  3.11018  0  0
9.25  0  0  0
9.25  0.0314159  0  0
9.25  0.0628319  0  0
9.25  0.0942478  0  0
9.25  0.125664  0  0
9.25  0.15708  0  0
9.25  0.188496  0  0
9.25  0.219911  0  0
9.25  0.251327  0  0
9.25  0.282743  0  0
9.25  0.314159  0  0
9.25  0.345575  0  0
9.25  0.376991  0  0
9.25  0.408407  0  0
9.25  0.439823  0  0
9.25  0.471239  0.247605  1.81689
9.25  0.502655  38.7879  38.4617
9.25  0.534071  14.3701  21.9158
9.25  0.565487  28.8403  27.1111
9.25  0.596903  31.2725  16.227
9.25  0.628319  32.9606  16.7594
9.25  0.659734  31.4162  22.2097
9.25  0.69115  28.5243  28.3989
9.25  0.722566  26.6271  23.8979
9.25  0.753982  17.5811  17.6238
9.25  0.785398  12.3222  20.9307
9.25  0.816814  16.7202  13.7445
9.25  0.84823  28.4914  24.044
9.25  0.879646  56.8956  41.0637
9.25  0.911062  9.327  16.6884
9.25  0.942478  23.1971  11.68
9.25  0.973894  12.1974  16.9193
9.25  1.00531  10.6946  17.1396
9.25  1.03673  9.96654  15.1291
9.25  1.06814  9.21431  15.7728
9.25  1.09956  24.0913  12.2888
9.25  1.13097  4.16132  1.37804
9.25  1.16239  21.0836  10.5941
9.25  1.19381  22.3892  13.0983
9.25  1.22522  22.5827  22.5716
9.25  1.25664  8.2803  12.953
9.25  1.28805  12.9608  10.5243
9.25  1.31947  7.8406  14.2813
9.25  1.35088  15.9685  10.4469
9.25  1.3823  17.2642  13.0666
9.25  1.41372  20.1875  10.358
9.25  1.44513  25.4639  21.3168
9.25  1.47655  16.1202  20.197
9.25  1.50796  10.5992  14.5853
9.25  1.53938  6.7494  7.73225
9.25  1.5708  7.98217  12.3992
9.25  1.60221  7.41119  14.1647
9.25  1.63363  7.68759  9.27184
9.25  1.66504  11.7761  14.7129
9.25  1.69646  15.9591  18.9127
9.25  1.72788  20.7839  14.1145
9.25  1.75929  20.7581  10.7547
9.25  1.79071  13.268  16.1672
9.25  1.82212  11.9028  13.4176
9.25  1.85354  14.8299  16.0813
9.25  1.88496  14.023  14.5433
9.25  1.91637  8.57833  10.6391
9.25  1.94779  6.38925  4.77025
9.25  1.9792  99.5778  94.8029
9.25  2.01062  20.3394  11.2474
9.25  2.04204  16.1611  12.0986
9.25  2.07345  16.4255  17.5926
9.25  2.10487  8.7748  16.1484
9.25  2.13628  23.3495  19.0251
9.25  2.1677  25.4466  19.0145
9.25  2.19911  21.8469  20.1502
9.25  2.23053  15.0358  11.5183
9.25  2.26195  26.7748  14.8193
9.25  2.29336  11.7794  12.1359
9.25  2.32478  19.3002  19.3144
9.25  2.35619  22.3609  21.4951
9.25  2.38761  20.6848  21.6911
9.25  2.41903  18.537  22.0888
9.25  2.45044  32.5374  32.9409
9.25  2.48186  16.415  19.7005
9.25  2.51327  30.6023  15.6043
9.25  2.54469  34.2705  17.9834
9.25  2.57611  29.7624  27.3376
9.25  2.60752  25.1191  14.4241
9.25  2.63894  0.972733  7.13777
9.25  2.67035  0  0
9.25  2.70177  0  0
9.25  2.73319  0  0
9.25  2.7646  0  0
9.25  2.79602  0  0
9.25  2.82743  0  0
9.25  2.85885  0  0
9.25  2.89027  0  0
9.25  2.92168  0  0
9.25  2.9531  0  0
9.25  2.98451  0  0
9.25  3.01593  0  0
9.25  3.04734  0  0
9.25  3.07876  0  0
9.25  3.11018  0  0
9.375  0  0  0
9.375  0.0314159  0  0
9.375  0.0628319  0  0
9.375  0.0942478  0  0
9.375  0.125664  0  0
9.375  0.15708  0  0
9.375  0.188496  0  0
9.375  0.219911  0  0
9.375  0.251327  0  0
9.375  0.282743  0  0
9.375  0.314159  0  0
9.375  0.345575  0  0
9.375  0.376991  0  0
9.375  0.408407  0  0
9.375  0.439823  0.247504  2.30205
9.375  0.471239  36.1879  35.6398
9.375  0.502655  42.9997  23.9908
9.375  0.534071  41.4595  31.5389
9.375  0.565487  37.7434  35.1611
9.375  0.596903  39.3104  34.4506
9.375  0.628319  19.5593  19.6368
9.375  0.659734  12.9941  14.9562
9.375  0.69115  14.6242  16.9128
9.375  0.722566  28.5822  18.1889
9.375  0.753982  10.4443  19.1824
9.375  0.785398  13.9997  15.111
9.375  0.816814  15.017  17.3813
9.375  0.84823  6.67278  4.39645
9.375  0.879646  11.9961  17.7659
9.375  0.911062  11.7387  19.2903
9.375  0.942478  9.91185  16.5503
9.375  0.973894  14.5482  13.7524
9.375  1.00531  8.14238  14.3548
9.375  1.03673  16.9829  11.7815
9.375  1.06814  9.23962  15.3601
9.375  1.09956  19.6344  13.062
9.375  1.13097  19.7672  20.0394
9.375  1.16239  26.3095  16.2719
9.375  1.19381  23.8165  14.3669
9.375  1.22522  15.0406  12.6156
9.375  1.25664  14.9503  16.4616
9.375  1.28805  10.3249  10.3243
9.375  1.31947  8.0196  11.3279
9.375  1.35088  10.7512  13.8939
9.375  1.3823  11.4421  10.4643
9.375  1.41372  12.9139  12.2292
9.375  1.44513  17.0059  16.029
9.375  1.47655  18.6569  13.3303
9.375  1.50796  11.0408  10.8251
9.375  1.53938  17.0448  14.9094
9.375  1.5708  20.7679  12.6846
9.375  1.60221  31.7237  26.4621
9.375  1.63363  13.4635  14.3549
9.375  1.66504  18.9952  15.8959
9.375  1.69646  8.98233  14.9827
9.375  1.72788  7.54476  13.2712
9.375  1.75929  12.2545  14.3138
9.375  1.79071  11.7082  15.8961
9.375  1.82212  197.507  118.597
9.375  1.85354  9.61744  15.4548
9.375  1.88496  16.0079  16.7708
9.375  1.91637  22.7258  11.6256
9.375  1.94779  12.7171  11.7855
9.375  1.9792  24.3441  23.4862
9.375  2.01062  21.5899  21.5227
9.375  2.04204  25.4903  25.1567
9.375  2.07345  22.1216  14.8111
9.375  2.10487  13.0527  17.9303
9.375  2.13628  7.32327  4.30806
9.375  2.1677  17.2147  16.0767
9.375  2.19911  15.4948  21.5326
9.375  2.23053  16.5987  16.8582
9.375  2.26195  10.1441  17.2556
9.375  2.29336  12.2677  14.7273
9.375  2.32478  21.3238  15.6279
9.375  2.35619  12.0812  20.2876
9.375  2.38761  13.2111  20.2183
9.375  2.41903  19.1591  22.9386
9.375  2.45044  15.9585  22.7337
9.375  2.48186  148.541  95.2154
9.375  2.51327  22.0123  27.0406
9.375  2.54469  14.4018  19.2137
9.375  2.57611  35.3261  19.36
9.375  2.60752  28.5674  23.0492
9.375  2.63894  14.4168  22.8187
9.375  2.67035  0  0
9.375  2.70177  0  0
9.375  2.73319  0  0
9.375  2.7646  0  0
9.375  2.79602  0  0
9.375  2.82743  0  0
9.375  2.85885  0  0
9.375  2.89027  0  0
9.375  2.92168  0  0
9.375  2.9531  0  0
9.375  2.98451  0  0
9.375  3.01593  0  0
9.375  3.04734  0  0
9.375  3.07876  0  0
9.375  3.11018  0  0
9.5  0  0  0
9.5  0.0314159  0  0
9.5  0.0628319  0  0
9.5  0.0942478  0  0
9.5  0.125664  0  0
9.5  0.15708  0  0
9.5  0.188496  0  0
9.5  0.219911  0  0
9.5  0.251327  0  0
9.5  0.282743  0  0
9.5  0.314159  0  0
9.5  0.345575  0  0
9.5  0.376991  0  0
9.5  0.408407  0  0
9.5  0.439823  0.247438  2.30252
9.5  0.471239  39.4909  39.454
9.5  0.502655  19.6915  27.684
9.5  0.534071  28.058  16.6048
9.5  0.565487  30.7309  15.3655
9.5  0.596903  23.2666  22.8224
9.5  0.628319  16.2309  23.6688
9.5  0.659734  16.3081  15.4755
9.5  0.69115  34.8781  33.5906
9.5  0.722566  15.7514  18.0867
9.5  0.753982  17.4212  17.1152
9.5  0.785398  11.7154  15.8645
9.5  0.816814  11.8309  17.1584
9.5  0.84823  10.2562  10.7521
9.5  0.879646  11.5506  18.912
9.5  0.911062  15.9833  17.6199
9.5  0.942478  15.3876  16.9105
9.5  0.973894  25.3271  13.4551
9.5  1.00531  22.6554  18.3138
9.5  1.03673  14.8189  12.9445
9.5  1.06814  18.3446  16.2669
9.5  1.09956  13.7774  13.7225
9.5  1.13097  7.91324  12.0587
9.5  1.16239  8.2239  10.0215
9.5  1.19381  6.14017  4.17336
9.5  1.22522  12.6254  15.0768
9.5  1.25664  9.01009  13.3927
9.5  1.28805  10.162  9.89944
9.5  1.31947  263.314  144.396
9.5  1.35088  14.7852  16.8022
9.5  1.3823  10.544  11.1385
9.5  1.41372  7.48845  14.319
9.5  1.44513  8.85778  14.5776
9.5  1.47655  20.6453  20.554
9.5  1.50796  10.9178  10.3636
9.5  1.53938  24.7562  37.6992
9.5  1.5708  7.51148  11.8178
9.5  1.60221  18.361  16.4903
9.5  1.63363  20.0937  16.5296
9.5  1.66504  19.7425  17.4759
9.5  1.69646  20.8308  18.202
9.5  1.72788  64.7092  127.695
9.5  1.75929  18.9871  15.4944
9.5  1.79071  22.1776  11.7965
9.5  1.82212  23.0484  15.8388
9.5  1.85354  13.2421  12.4884
9.5  1.88496  2.08009  0.725115
9.5  1.91637  155.516  79.9892
9.5  1.94779  18.1608  12.4872
9.5  1.9792  7.04373  7.87183
9.5  2.01062  10.8272  16.8125
9.5  2.04204  13.5373  16.217
9.5  2.07345  15.4711  17.8662
9.5  2.10487  8.68547  9.12058
9.5  2.13628  11.3608  17.0808
9.5  2.1677  13.9693  17.2197
9.5  2.19911  17.2799  12.4901
9.5  2.23053  11.2127  18.1169
9.5  2.26195  47.1489  51.6216
9.5  2.29336  24.6711  12.9129
9.5  2.32478  19.0196  20.6672
9.5  2.35619  14.3151  16.5371
9.5  2.38761  21.5456  21.7429
9.5  2.41903  14.2554  20.0219
9.5  2.45044  27.669  19.1881
9.5  2.48186  16.593  20.7042
9.5  2.51327  28.3629  30.2047
9.5  2.54469  25.2608  24.0186
9.5  2.57611  39.0637  24.5403
9.5  2.60752  23.5313  15.0553
9.5  2.63894  27.1494  18.9051
9.5  2.67035  0  0
9.5  2.70177  0  0
9.5  2.73319  0  0
9.5  2.7646  0  0
9.5  2.79602  0  0
9.5  2.82743  0  0
9.5  2.85885  0  0
9.5  2.89027  0  0
9.5  2.92168  0  0
9.5  2.9531  0  0
9.5  2.98451  0  0
9.5  3.01593  0  0
9.5  3.04734  0  0
9.5  3.07876  0  0
9.5  3.11018  0  0
9.625  0  0  0
9.625  0.0314159  0  0
9.625  0.0628319  0  0
9.625  0.0942478  0  0
9.625  0.125664  0  0
9.625  0.15708  0  0
9.625  0.188496  0  0
9.625  0.219911  0  0
9.625  0.251327  0  0
9.625  0.282743  0  0
9.625  0.314159  0  0
9.625  0.345575  0  0
9.625  0.376991  0  0
9.625  0.408407  0  0
9.625  0.439823  22.7503  21.5543
9.625  0.471239  34.8296  32.7265
9.625  0.502655  34.7884  20.9651
9.625  0.534071  22.9976  27.8849
9.625  0.565487  28.6462  26.1118
9.625  0.596903  17.4781  23.0957
9.625  0.628319  24.5397  17.9808
9.625  0.659734  20.7173  22.906
9.625  0.69115  13.9564  24.1046
9.625  0.722566  17.5665  18.8478
9.625  0.753982  11.7603  20.0474
9.625  0.785398  21.3313  26.0907
9.625  0.816814  15.4406  13.6136
9.625  0.84823  23.9573  24.167
9.625  0.879646  8.52238  8.97149
9.625  0.911062  9.97959  16.9381
9.625  0.942478  4.22166  1.69662
9.625  0.973894  14.1327  16.0137
9.625  1.00531  13.3129  19.7314
9.625  1.03673  94.7494  80.871
9.625  1.06814  12.2964  15.3295
9.625  1.09956  8.72188  15.8716
9.625  1.13097  12.3938  14.4967
9.625  1.16239  11.0927  15.9123
9.625  1.19381  14.5381  15.1338
9.625  1.22522  8.88136  11.1531
9.625  1.25664  19.9796  10.003
9.625  1.28805  11.3722  13.5558
9.625  1.31947  9.47252  9.46868
9.625  1.35088  10.4497  12.4834
9.625  1.3823  18.5759  9.90306
9.625  1.41372  9.5057  16.1269
9.625  1.44513  24.5295  13.5286
9.625  1.47655  8.49393  16.8014
9.625  1.50796  21.7967  11.941
9.625  1.53938  9.38581  14.9565
9.625  1.5708  22.7203  19.2864
9.625  1.60221  6.18648  6.38445
9.625  1.63363  18.6373  17.1982
9.625  1.66504  9.09103  14.07
9.625  1.69646  8.78  8.98259
9.625  1.72788  17.537  10.1447
9.625  1.75929  10.9044  13.9362
9.625  1.79071  9.46271  10.5565
9.625  1.82212  22.0975  22.3605
9.625  1.85354  7.50121  8.03081
9.625  1.88496  10.8832  16.5995
9.625  1.91637  21.166  15.8316
9.625  1.94779  10.8607  14.4607
9.625  1.9792  11.9397  12.5945
9.625  2.01062  16.6752  13.4315
9.625  2.04204  2.45265  0.791381
9.625  2.07345  9.59351  15.4557
9.625  2.10487  16.9418  13.4617
9.625  2.13628  20.8935  17.1009
9.625  2.1677  12.0028  17.8383
9.625  2.19911  23.2997  22.8755
9.625  2.23053  9.83898  16.799
9.625  2.26195  18.0173  18.6152
9.625  2.29336  13.4852  15.0827
9.625  2.32478  13.4963  21.876
9.625  2.35619  17.3144  17.2528
9.625  2.38761  23.1047  25.8871
9.625  2.41903  21.496  25.1476
9.625  2.45044  24.1817  14.4391
9.625  2.48186  35.534  19.3632
9.625  2.51327  28.3479  17.3362
9.625  2.54469  36.291  32.5201
9.625  2.57611  47.5293  40.9399
9.625  2.60752  42.3552  22.4848
9.625  2.63894  15.4297  22.6687
9.625  2.67035  8.04843  10.9194
9.625  2.70177  0  0
9.625  2.73319  0  0
9.625  2.7646  0  0
9.625  2.79602  0  0
9.625  2.82743  0  0
9.625  2.85885  0  0
9.625  2.89027  0  0
9.625  2.92168  0  0
9.625  2.9531  0  0
9.625  2.98451  0  0
9.625  3.01593  0  0
9.625  3.04734  0  0
9.625  3.07876  0  0
9.625  3.11018  0  0
9.75  0  0  0
9.75  0.0314159  0  0
9.75  0.0628319  0  0
9.75  0.0942478  0  0
9.75  0.125664  0  0
9.75  0.15708  0  0
9.75  0.188496  0  0
9.75  0.219911  0  0
9.75  0.251327  0  0
9.75  0.282743  0  0
9.75  0.314159  0  0
9.75  0.345575  0  0
9.75  0.376991  0  0
9.75  0.408407  0.252175  1.89665
9.75  0.439823  28.5422  24.6662
9.75  0.471239  54.4356  44.6441
9.75  0.502655  33.4641  17.2981
9.75  0.534071  43.8625  31.2178
9.75  0.565487  24.3337  30.0546
9.75  0.596903  20.0003  27.4029
9.75  0.628319  24.5754  19.7887
9.75  0.659734  30.6628  27.741
9.75  0.69115  24.1277  24.5897
9.75  0.722566  35.3013  20.4521
9.75  0.753982  30.6303  19.4863
9.75  0.785398  18.9862  19.6306
9.75  0.816814  19.8695  13.998
9.75  0.84823  10.2017  18.8855
9.75  0.879646  25.5091  24.6492
9.75  0.911062  12.0209  17.0352
9.75  0.942478  124.074  104.659
9.75  0.973894  12.7259  19.3775
9.75  1.00531  12.9117  13.885
9.75  1.03673  18.2673  13.3893
9.75  1.06814  13.1818  13.7338
9.75  1.09956  9.94022  18.2271
9.75  1.13097  17.9977  15.6179
9.75  1.16239  21.3027  10.7131
9.75  1.19381  48.8708  36.9041
9.75  1.22522  10.197  14.5501
9.75  1.25664  12.9956  14.3181
9.75  1.28805  8.87175  11.8324
9.75  1.31947  16.2362  15.6888
9.75  1.35088  37.1681  19.7605
9.75  1.3823  18.1274  17.9487
9.75  1.41372  7.61496  12.8735
9.75  1.44513  4.48807  2.67025
9.75  1.47655  24.9705  13.1784
9.75  1.50796  136.04  76.12
9.75  1.53938  14.4257  14.1929
9.75  1.5708  6.62305  11.3929
9.75  1.60221  9.50597  14.5129
9.75  1.63363  20.3899  19.3233
9.75  1.66504  16.5585  11.8691
9.75  1.69646  6.92131  12.6717
9.75  1.72788  46.2111  47.9391
9.75  1.75929  13.354  18.4155
9.75  1.79071  8.82737  11.0074
9.75  1.82212  18.8545  13.8268
9.75  1.85354  84.6083  42.3519
9.75  1.88496  10.0748  11.7754
9.75  1.91637  20.4051  10.2533
9.75  1.94779  15.6659  18.4636
9.75  1.9792  86.5347  43.8339
9.75  2.01062  112.019  98.7322
9.75  2.04204  12.885  16.8492
9.75  2.07345  35.6249  47.7218
9.75  2.10487  11.4882  12.9704
9.75  2.13628  14.807  15.844
9.75  2.1677  9.44311  16.3914
9.75  2.19911  19.0817  15.5018
9.75  2.23053  2.89423  0.551747
9.75  2.26195  25.8862  20.2277
9.75  2.29336  10.8118  17.8085
9.75  2.32478  28.086  25.2069
9.75  2.35619  17.9911  13.5865
9.75  2.38761  26.8483  13.5217
9.75  2.41903  14.312  22.3866
9.75  2.45044  15.7278  19.0127
9.75  2.48186  27.3599  26.7758
9.75  2.51327  30.5328  16.6699
9.75  2.54469  32.6561  16.3521
9.75  2.57611  13.2437  23.6713
9.75  2.60752  40.1885  39.6334
9.75  2.63894  46.7016  23.9656
9.75  2.67035  12.4376  6.2406
9.75  2.70177  0  0
9.75  2.73319  0  0
9.75  2.7646  0  0
9.75  2.79602  0  0
9.75  2.82743  0  0
9.75  2.85885  0  0
9.75  2.89027  0  0
9.75  2.92168  0  0
9.75  2.9531  0  0
9.75  2.98451  0  0
9.75  3.01593  0  0
9.75  3.04734  0  0
9.75  3.07876  0  0
9.75  3.11018  0  0
9.875  0  0  0
9.875  0.0314159  0  0
9.875  0.0628319  0  0
9.875  0.0942478  0  0
9.875  0.125664  0  0
9.875  0.15708  0  0
9.875  0.188496  0  0
9.875  0.219911  0  0
9.875  0.251327  0  0
9.875  0.282743  0  0
9.875  0.314159  0  0
9.875  0.345575  0  0
9.875  0.376991  0  0
9.875  0.408407  0  0
9.875  0.439823  47.9675  34.2846
9.875  0.471239  41.8648  35.6059
9.875  0.502655  27.6296  18.3506
9.875  0.534071  23.6551  12.5235
9.875  0.565487  21.0655  26.9616
9.875  0.596903  22.9531  26.4952
9.875  0.628319  30.8374  17.9529
9.875  0.659734  35.9115  18.2716
9.875  0.69115  9.43279  17.0009
9.875  0.722566  27.6578  19.6036
9.875  0.753982  10.8484  20.2122
9.875  0.785398  29.1552  15.4627
9.875  0.816814  13.441  13.7739
9.875  0.84823  14.1037  20.4987
9.875  0.879646  11.3174  12.5037
9.875  0.911062  13.1757  20.8772
9.875  0.942478  12.509  20.6247
9.875  0.973894  6.83129  4.66053
9.875  1.00531  16.6251  18.3464
9.875  1.03673  17.2986  18.1619
9.875  1.06814  9.5615  15.651
9.875  1.09956  22.7921  22.515
9.875  1.13097  83.0111  59.733
9.875  1.16239  10.834  13.9079
9.875  1.19381  11.2297  14.9965
9.875  1.22522  14.2155  12.4587
9.875  1.25664  22.493  20.4138
9.875  1.28805  14.4245  10.2665
9.875  1.31947  22.2888  11.9691
9.875  1.35088  21.6581  17.8407
9.875  1.3823  7.53326  13.6358
9.875  1.41372  15.9679  12.6918
9.875  1.44513  16.0281  16.7444
9.875  1.47655  19.2602  17.1171
9.875  1.50796  10.1738  11.3659
9.875  1.53938  8.10524  12.5432
9.875  1.5708  14.0156  16.4707
9.875  1.60221  19.173  14.8614
9.875  1.63363  8.17663  11.9873
9.875  1.66504  8.34722  14.9502
9.875  1.69646  17.3394  13.9861
9.875  1.72788  121.955  91.02
9.875  1.75929  15.8501  16.9173
9.875  1.79071  2.21424  0.392959
9.875  1.82212  43.1936  46.5286
9.875  1.85354  7.60343  8.21211
9.875  1.88496  10.7491  16.4386
9.875  1.91637  6.21688  4.28332
9.875  1.94779  19.0371  13.0141
9.875  1.9792  22.0211  18.1221
9.875  2.01062  12.3215  16.1272
9.875  2.04204  18.3238  21.922
9.875  2.07345  17.8215  16.8692
9.875  2.10487  15.888  15.7087
9.875  2.13628  8.61503  15.4488
9.875  2.1677  11.4468  19.2004
9.875  2.19911  8.3565  9.2087
9.875  2.23053  13.9708  20.5733
9.875  2.26195  23.604  19.0677
9.875  2.29336  14.3648  14.1598
9.875  2.32478  16.324  19.5172
9.875  2.35619  33.8988  18.0605
9.875  2.38761  14.5401  16.3721
9.875  2.41903  36.7924  23.4568
9.875  2.45044  28.351  18.793
9.875  2.48186  11.0009  20.181
9.875  2.51327  33.5098  33.0186
9.875  2.54469  30.3981  25.3781
9.875  2.57611  36.2793  18.9064
9.875  2.60752  38.4042  31.0606
9.875  2.63894  49.3664  25.5296
9.875  2.67035  35.5448  31.408
9.875  2.70177  0  0
9.875  2.73319  0  0
9.875  2.7646  0  0
9.875  2.79602  0  0
9.875  2.82743  0  0
9.875  2.85885  0  0
9.875  2.89027  0  0
9.875  2.92168  0  0
9.875  2.9531  0  0
9.875  2.98451  0  0
9.875  3.01593  0  0
9.875  3.04734  0  0
9.875  3.07876  0  0
9.875  3.11018  0  0
10  0  0  0
10  0.0314159  0  0
10  0.0628319  0  0
10  0.0942478  0  0
10  0.125664  0  0
10  0.15708  0  0
10  0.188496  0  0
10  0.219911  0  0
10  0.251327  0  0
10  0.282743  0  0
10  0.314159  0  0
10  0.345575  0  0
10  0.376991  0  0
10  0.408407  5.45793  25.041
10  0.439823  49.7417  45.8647
10  0.471239  32.2886  22.284
10  0.502655  20.0892  25.858
10  0.534071  28.5905  18.8881
10  0.565487  41.523  40.2451
10  0.596903  33.1363  19.8472
10  0.628319  23.1676  18.2488
10  0.659734  39.3027  38.8739
10  0.69115  33.24  25.5985
10  0.722566  13.9125  17.5363
10  0.753982  16.8124  25.5745
10  0.785398  26.0274  13.4765
10  0.816814  9.2913  16.5542
10  0.84823  18.8734  18.8839
10  0.879646  27.1528  13.7519
10  0.911062  11.037  19.5453
10  0.942478  12.3334  11.3015
10  0.973894  12.2686  18.8044
10  1.00531  12.7727  21.3495
10  1.03673  25.4879  13.9714
10  1.06814  88.2399  61.0508
10  1.09956  25.4907  13.0467
10  1.13097  11.2398  11.6819
10  1.16239  5.58036  4.05999
10  1.19381  5.32746  2.83243
10  1.22522  8.38099  8.45289
10  1.25664  14.4097  14.8172
10  1.28805  22.6408  12.3334
10  1.31947  7.91243  14.1309
10  1.35088  10.4331  12.9899
10  1.3823  4.67119  3.52133
10  1.41372  11.2628  12.2343
10  1.44513  56.8728  56.796
10  1.47655  8.1025  13.7881
10  1.50796  8.244  13.3086
10  1.53938  78.816  53.2712
10  1.5708  20.4754  11.7847
10  1.60221  11.7298  12.2466
10  1.63363  10.5664  10.8602
10  1.66504  16.3134  11.5853
10  1.69646  20.664  12.2677
10  1.72788  20.3374  10.2747
10  1.75929  37.7247  40.7543
10  1.79071  14.1958  14.9484
10  1.82212  22.2671  19.8993
10  1.85354  32.8166  52.877
10  1.88496  10.8964  12.976
10  1.91637  16.7317  11.3429
10  1.94779  10.1948  15.357
10  1.9792  7.50796  13.6363
10  2.01062  9.31549  9.6764
10  2.04204  24.56  12.8108
10  2.07345  13.3507  13.6389
10  2.10487  25.087  22.6757
10  2.13628  16.3256  19.4545
10  2.1677  12.6339  12.8358
10  2.19911  11.6733  17.7469
10  2.23053  24.4854  19.0659
10  2.26195  11.1643  19.7251
10  2.29336  27.0946  25.8133
10  2.32478  30.2178  29.9517
10  2.35619  15.8043  15.6528
10  2.38761  10.9636  19.1623
10  2.41903  48.3343  30.6597
10  2.45044  44.2642  39.324
10  2.48186  25.6736  22.3281
10  2.51327  25.4396  32.9021
10  2.54469  14.6532  16.1107
10  2.57611  38.4819  19.7344
10  2.60752  49.0605  44.5932
10  2.63894  34.7095  24.4006
10  2.67035  45.278  22.6538
10  2.70177  1.83757  13.4838
10  2.73319  0  0
10  2.7646  0  0
10  2.79602  0  0
10  2.82743  0  0
10  2.85885  0  0
10  2.89027  0  0
10  2.92168  0  0
10  2.9531  0  0
10  2.98451  0  0
10  3.01593  0  0
10  3.04734  0  0
10  3.07876  0  0
10  3.11018  0  0
10.125  0  0  0
10.125  0.0314159  0  0
10.125  0.0628319  0  0
10.125  0.0942478  0  0
10.125  0.125664  0  0
10.125  0.15708  0  0
10.125  0.188496  0  0
10.125  0.219911  0  0
10.125  0.251327  0  0
10.125  0.282743  0  0
10.125  0.314159  0  0
10.125  0.345575  0  0
10.125  0.376991  0  0
10.125  0.408407  0  0
10.125  0.439823  33.4098  24.6756
10.125  0.471239  44.9584  25.4199
10.125  0.502655  40.6141  38.2194
10.125  0.534071  34.581  17.3709
10.125  0.565487  27.4828  13.9376
10.125  0.596903  32.5388  18.3618
10.125  0.628319  28.5395  21.1216
10.125  0.659734  33.2869  18.4166
10.125  0.69115  10.6069  14.8988
10.125  0.722566  13.1923  12.8007
10.125  0.753982  18.0416  16.7597
10.125  0.785398  12.1921  19.5524
10.125  0.816814  11.2994  19.3846
10.125  0.84823  11.2325  13.3056
10.125  0.879646  15.3513  16.5538
10.125  0.911062  11.8568  18.3716
10.125  0.942478  10.7232  17.4636
10.125  0.973894  9.05715  15.4268
10.125  1.00531  8.10534  14.2544
10.125  1.03673  10.5299  16.9492
10.125  1.06814  77.8994  62.7824
10.125  1.09956  12.4785  12.1994
10.125  1.13097  27.7287  13.8813
10.125  1.16239  14.8429  15.5435
10.125  1.19381  21.9297  14.6689
10.125  1.22522  12.1686  13.3182
10.125  1.25664  22.2266  18.9542
10.125  1.28805  2.64491  0.707279
10.125  1.31947  11.7954  17.7408
10.125  1.35088  84.7008  139.123
10.125  1.3823  9.0347  12.1293
10.125  1.41372  33.6363  53.6686
10.125  1.44513  20.4005  17.5326
10.125  1.47655  11.1653  15.1944
10.125  1.50796  65.4605  42.4173
10.125  1.53938  173.568  94.3904
10.125  1.5708  145.443  143.768
10.125  1.60221  20.319  15.5673
10.125  1.63363  8.3731  14.631
10.125  1.66504  9.65092  15.169
10.125  1.69646  15.3647  15.3168
10.125  1.72788  13.1251  13.9924
10.125  1.75929  6.63943  6.5155
10.125  1.79071  8.62065  13.7181
10.125  1.82212  16.7143  16.9496
10.125  1.85354  6.79604  7.59724
10.125  1.88496  15.395  14.1008
10.125  1.91637  15.6572  15.6036
10.125  1.94779  8.32514  12.6951
10.125  1.9792  13.9709  18.6011
10.125  2.01062  11.0362  15.2381
10.125  2.04204  14.3668  14.835
10.125  2.07345  9.40321  12.9864
10.125  2.10487  10.3894  14.5124
10.125  2.13628  7.76761  8.39822
10.125  2.1677  13.4442  14.7038
10.125  2.19911  11.1902  17.5367
10.125  2.23053  17.98  18.4225
10.125  2.26195  11.3263  19.029
10.125  2.29336  15.0815  20.954
10.125  2.32478  18.4872  22.6564
10.125  2.35619  12.7151  20.4852
10.125  2.38761  19.0093  18.453
10.125  2.41903  24.6601  24.8297
10.125  2.45044  22.0433  17.317
10.125  2.48186  28.4857  34.887
10.125  2.51327  33.6166  24.0228
10.125  2.54469  27.082  18.0873
10.125  2.57611  32.9581  25.5169
10.125  2.60752  26.3502  26.3501
10.125  2.63894  29.0254  26.859
10.125  2.67035  36.2044  18.2494
10.125  2.70177  9.60124  6.28374
10.125  2.73319  0  0
10.125  2.7646  0  0
10.125  2.79602  0  0
10.125  2.82743  0  0
10.125  2.85885  0  0
10.125  2.89027  0  0
10.125  2.92168  0  0
10.125  2.9531  0  0
10.125  2.98451  0  0
10.125  3.01593  0  0
10.125  3.04734  0  0
10.125  3.07876  0  0
10.125  3.11018  0  0
10.25  0  0  0
10.25  0.0314159  0  0
10.25  0.0628319  0  0
10.25  0.0942478  0  0
10.25  0.125664  0  0
10.25  0.15708  0  0
10.25  0.188496  0  0
10.25  0.219911  0  0
10.25  0.251327  0  0
10.25  0.282743  0  0
10.25  0.314159  0  0
10.25  0.345575  0  0
10.25  0.376991  0  0
10.25  0.408407  32.2656  18.1556
10.25  0.439823  54.3794  36.0141
10.25  0.471239  37.1198  36.9847
10.25  0.502655  27.432  21.954
10.25  0.534071  35.1069  33.5657
10.25  0.565487  42.972  22.5921
10.25  0.596903  32.4657  26.645
10.25  0.628319  31.8974  16.2764
10.25  0.659734  15.9643  16.1642
10.25  0.69115  30.031  18.1733
10.25  0.722566  15.0084  16.7988
10.25  0.753982  12.3786  22.5503
10.25  0.785398  14.9279  22.1596
10.25  0.816814  10.0877  10.5735
10.25  0.84823  14.1518  13.1653
10.25  0.879646  7.97169  7.36529
10.25  0.911062  14.7304  13.6223
10.25  0.942478  12.55  15.3182
10.25  0.973894  24.8435  13.7103
10.25  1.00531  12.1773  18.6033
10.25  1.03673  19.1659  22.588
10.25  1.06814  11.8051  13.5475
10.25  1.09956  12.1859  12.9647
10.25  1.13097  15.4299  10.1244
10.25  1.16239  12.8934  15.46
10.25  1.19381  9.6405  15.6678
10.25  1.22522  13.8287  13.6764
10.25  1.25664  12.0934  14.1054
10.25  1.28805  13.6011  9.64935
10.25  1.31947  13.92  14.8872
10.25  1.35088  9.03157  15.7451
10.25  1.3823  8.81168  14.3969
10.25  1.41372  13.0453  12.3104
10.25  1.44513  10.3079  15.9036
10.25  1.47655  23.5237  14.0999
10.25  1.50796  10.7024  14.0106
10.25  1.53938  20.2254  20.1527
10.25  1.5708  18.0192  17.7651
10.25  1.60221  13.7934  13.3693
10.25  1.63363  4.49791  2.65566
10.25  1.66504  50.8141  75.3739
10.25  1.69646  9.672  12.6476
10.25  1.72788  14.4079  14.3032
10.25  1.75929  20.5937  17.9443
10.25  1.79071  9.3225  16.2995
10.25  1.82212  19.4223  13.1609
10.25  1.85354  12.9101  14.1312
10.25  1.88496  21.0399  17.3704
10.25  1.91637  11.6864  12.5619
10.25  1.94779  20.0162  10.0089
10.25  1.9792  9.14169  15.1839
10.25  2.01062  3.2272  0.713055
10.25  2.04204  25.7172  23.3551
10.25  2.07345  13.4618  14.2915
10.25  2.10487  10.6612  19.0954
10.25  2.13628  27.1171  22.0951
10.25  2.1677  15.5918  14.3372
10.25  2.19911  13.8936  12.9324
10.25  2.23053  4.00716  1.2333
10.25  2.26195  9.04956  8.88554
10.25  2.29336  8.63922  6.84312
10.25  2.32478  12.7509  20.3575
10.25  2.35619  27.4397  13.8266
10.25  2.38761  19.241  23.6165
10.25  2.41903  32.4644  33.5541
10.25  2.45044  22.6278  27.628
10.25  2.48186  12.5333  20.2004
10.25  2.51327  35.413  18.8166
10.25  2.54469  8.35107  17.1985
10.25  2.57611  26.9851  30.9137
10.25  2.60752  33.4448  33.2471
10.25  2.63894  45.7837  36.3449
10.25  2.67035  40.1169  22.9817
10.25  2.70177  55.4918  49.4554
10.25  2.73319  0  0
10.25  2.7646  0  0
10.25  2.79602  0  0
10.25  2.82743  0  0
10.25  2.85885  0  0
10.25  2.89027  0  0
10.25  2.92168  0  0
10.25  2.9531  0  0
10.25  2.98451  0  0
10.25  3.01593  0  0
10.25  3.04734  0  0
10.25  3.07876  0  0
10.25  3.11018  0  0
10.375  0  0  0
10.375  0.0314159  0  0
10.375  0.0628319  0  0
10.375  0.0942478  0  0
10.375  0.125664  0  0
10.375  0.15708  0  0
10.375  0.188496  0  0
10.375  0.219911  0  0
10.375  0.251327  0  0
10.375  0.282743  0  0
10.375  0.314159  0  0
10.375  0.345575  0  0
10.375  0.376991  0  0
10.375  0.408407  31.9205  27.5952
10.375  0.439823  25.3372  18.6416
10.375  0.471239  54.8903  27.4624
10.375  0.502655  35.3939  20.88
10.375  0.534071  10.0497  13.8173
10.375  0.565487  28.0921  18.1052
10.375  0.596903  23.5613  18.5398
10.375  0.628319  38.9216  19.4792
10.375  0.659734  11.0093  15.648
10.375  0.69115  13.3874  24.0543
10.375  0.722566  11.7607  19.8299
10.375  0.753982  26.2816  25.3865
10.375  0.785398  17.0083  20.4694
10.375  0.816814  13.3692  16.1744
10.375  0.84823  8.21255  6.56828
10.375  0.879646  7.4482  7.17136
10.375  0.911062  11.7063  16.0772
10.375  0.942478  9.6862  10.7273
10.375  0.973894  25.8591  15.3432
10.375  1.00531  11.4773  12.7406
10.375  1.03673  11.8808  19.034
10.375  1.06814  10.8712  14.028
10.375  1.09956  8.67486  11.1367
10.375  1.13097  13.3242  12.1891
10.375  1.16239  11.077  14.5821
10.375  1.19381  13.2637  15.4031
10.375  1.22522  16.0018  9.86304
10.375  1.25664  21.083  12.5818
10.375  1.28805  7.83282  13.9178
10.375  1.31947  9.53076  15.7162
10.375  1.35088  14.4913  13.7041
10.375  1.3823  7.72376  13.699
10.375  1.41372  17.8309  18.4839
10.375  1.44513  11.5932  10.5683
10.375  1.47655  11.6774  16.6175
10.375  1.50796  5.88736  5.56646
10.375  1.53938  73.2066  43.843
10.375  1.5708  5.30173  4.30139
10.375  1.60221  13.2104  14.3628
10.375  1.63363  15.9107  16.1377
10.375  1.66504  21.1274  17.2557
10.375  1.69646  4.2568  2.08973
10.375  1.72788  70.776  41.7777
10.375  1.75929  3.309  1.58334
10.375  1.79071  38.8945  36.3197
10.375  1.82212  21.8779  32.4824
10.375  1.85354  17.8058  14.8447
10.375  1.88496  21.8201  17.7043
10.375  1.91637  9.548  14.6021
10.375  1.94779  18.7681  15.3184
10.375  1.9792  10.9691  18.8407
10.375  2.01062  16.0156  17.5113
10.375  2.04204  17.0615  13.1352
10.375  2.07345  16.0616  14.7192
10.375  2.10487  31.3764  20.4581
10.375  2.13628  11.4462  12.5099
10.375  2.1677  25.5644  12.8132
10.375  2.19911  16.4402  14.5103
10.375  2.23053  18.2023  19.0219
10.375  2.26195  13.48  18.4338
10.375  2.29336  18.0783  15.2485
10.375  2.32478  11.2934  19.7871
10.375  2.35619  14.1866  21.1905
10.375  2.38761  26.099  27.5516
10.375  2.41903  28.5721  14.5365
10.375  2.45044  32.4602  29.019
10.375  2.48186  14.712  20.7692
10.375  2.51327  19.7195  23.8272
10.375  2.54469  28.6902  15.3081
10.375  2.57611  46.7221  23.9978
10.375  2.60752  37.9947  19.0547
10.375  2.63894  55.5689  31.2593
10.375  2.67035  41.0736  29.547
10.375  2.70177  29.6187  17.0773
10.375  2.73319  0  0
10.375  2.7646  0  0
10.375  2.79602  0  0
10.375  2.82743  0  0
10.375  2.85885  0  0
10.375  2.89027  0  0
10.375  2.92168  0  0
10.375  2.9531  0  0
10.375  2.98451  0  0
10.375  3.01593  0  0
10.375  3.04734  0  0
10.375  3.07876  0  0
10.375  3.11018  0  0
10.5  0  0  0
10.5  0.0314159  0  0
10.5  0.0628319  0  0
10.5  0.0942478  0  0
10.5  0.125664  0  0
10.5  0.15708  0  0
10.5  0.188496  0  0
10.5  0.219911  0  0
10.5  0.251327  0  0
10.5  0.282743  0  0
10.5  0.314159  0  0
10.5  0.345575  0  0
10.5  0.376991  52.86  54.0752
10.5  0.408407  67.7106  45.9965
10.5  0.439823  45.1451  44.1634
10.5  0.471239  48.1689  42.4977
10.5  0.502655  29.4055  29.2313
10.5  0.534071  19.6522  23.1799
10.5  0.565487  37.0505  35.7323
10.5  0.596903  35.4157  20.3447
10.5  0.628319  14.2922  14.1973
10.5  0.659734  27.9012  27.5733
10.5  0.69115  25.131  23.0605
10.5  0.722566  15.1355  18.8395
10.5  0.753982  27.5598  26.9665
10.5  0.785398  13.9465  19.1373
10.5  0.816814  12.6922  20.892
10.5  0.84823  11.0667  19.8754
10.5  0.879646  22.126  11.4342
10.5  0.911062  16.0274  18.984
10.5  0.942478  26.8304  14.463
10.5  0.973894  14.0623  13.1275
10.5  1.00531  15.2764  14.5131
10.5  1.03673  6.19176  4.149
10.5  1.06814  10.9013  16.9032
10.5  1.09956  5.65908  5.24156
10.5  1.13097  8.02817  10.1587
10.5  1.16239  20.4603  20.46
10.5  1.19381  13.0076  14.8024
10.5  1.22522  10.5797  11.808
10.5  1.25664  23.4036  18.0981
10.5  1.28805  10.0395  16.7155
10.5  1.31947  26.5124  16.04
10.5  1.35088  20.0082  19.3255
10.5  1.3823  17.4891  14.9177
10.5  1.41372  10.0963  14.9338
10.5  1.44513  10.5337  12.3799
10.5  1.47655  15.3865  10.5739
10.5  1.50796  66.4489  56.7625
10.5  1.53938  15.6264  18.2841
10.5  1.5708  10.3389  12.9338
10.5  1.60221  17.6408  17.7499
10.5  1.63363  9.46147  13.8074
10.5  1.66504  57.0993  44.4998
10.5  1.69646  15.3182  16.488
10.5  1.72788  100.315  99.6515
10.5  1.75929  9.49341  13.9545
10.5  1.79071  15.0285  13.3904
10.5  1.82212  18.7506  11.9617
10.5  1.85354  15.1207  15.4384
10.5  1.88496  14.5758  16.5354
10.5  1.91637  15.6547  15.584
10.5  1.94779  14.5745  16.6677
10.5  1.9792  10.5815  16.8721
10.5  2.01062  14.8726  15.0341
10.5  2.04204  7.15947  5.90001
10.5  2.07345  65.0539  37.2948
10.5  2.10487  26.835  24.57
10.5  2.13628  13.8805  13.5317
10.5  2.1677  11.4138  14.9584
10.5  2.19911  10.8419  15.1741
10.5  2.23053  13.1817  21.6542
10.5  2.26195  11.1197  18.8048
10.5  2.29336  13.8481  19.0813
10.5  2.32478  11.123  18.7716
10.5  2.35619  20.7599  23.9873
10.5  2.38761  12.7075  23.2638
10.5  2.41903  28.6719  16.2342
10.5  2.45044  9.81999  18.7739
10.5  2.48186  37.9552  25.8384
10.5  2.51327  34.2899  23.443
10.5  2.54469  22.0172  19.2489
10.5  2.57611  12.3307  18.4868
10.5  2.60752  45.3498  40.7288
10.5  2.63894  29.4092  27.8167
10.5  2.67035  36.6491  36.3511
10.5  2.70177  21.248  32.183
10.5  2.73319  1.22969  9.02327
10.5  2.7646  0  0
10.5  2.79602  0  0
10.5  2.82743  0  0
10.5  2.85885  0  0
10.5  2.89027  0  0
10.5  2.92168  0  0
10.5  2.9531  0  0
10.5  2.98451  0  0
10.5  3.01593  0  0
10.5  3.04734  0  0
10.5  3.07876  0  0
10.5  3.11018  0  0
10.625  0  0  0
10.625  0.0314159  0  0
10.625  0.0628319  0  0
10.625  0.0942478  0  0
10.625  0.125664  0  0
10.625  0.15708  0  0
10.625  0.188496  0  0
10.625  0.219911  0  0
10.625  0.251327  0  0
10.625  0.282743  0  0
10.625  0.314159  0  0
10.625  0.345575  0  0
10.625  0.376991  23.1835  30.6399
10.625  0.408407  39.0538  27.8407
10.625  0.439823  46.8882  23.4518
10.625  0.471239  49.4801  25.8529
10.625  0.502655  37.4883  19.7307
10.625  0.534071  27.6889  23.6969
10.625  0.565487  17.1754  24.2925
10.625  0.596903  12.8258  15.4067
10.625  0.628319  31.6847  21.0569
10.625  0.659734  31.7333  30.1595
10.625  0.69115  23.2053  17.7119
10.625  0.722566  14.1632  14.9321
10.625  0.753982  22.6772  19.4849
10.625  0.785398  15.5854  19.1801
10.625  0.816814  13.4119  19.533
10.625  0.84823  197.022  99.4565
10.625  0.879646  12.4383  18.838
10.625  0.911062  10.067  16.1496
10.625  0.942478  8.45455  8.88661
10.625  0.973894  26.3505  20.4713
10.625  1.00531  11.3907  15.1583
10.625  1.03673  15.1492  14.0517
10.625  1.06814  11.7322  12.8576
10.625  1.09956  21.3864  21.0367
10.625  1.13097  13.9062  14.2586
10.625  1.16239  13.4559  16.6526
10.625  1.19381  5.16722  2.85864
10.625  1.22522  60.3144  30.1666
10.625  1.25664  7.06434  8.39704
10.625  1.28805  19.0772  10.8165
10.625  1.31947  8.80991  14.873
10.625  1.35088  2.12348  0.471726
10.625  1.3823  18.8562  12.4897
10.625  1.41372  9.27979  15.3475
10.625  1.44513  5.50079  3.80722
10.625  1.47655  6.25876  12.6213
10.625  1.50796  6.1112  5.26739
10.625  1.53938  657.778  340.582
10.625  1.5708  2.6289  0.445092
10.625  1.60221  10.6335  15.3035
10.625  1.63363  121.892  50.5331
10.625  1.66504  9.8684  16.6504
10.625  1.69646  230.587  219.115
10.625  1.72788  12.545  13.2589
10.625  1.75929  48.845  61.0368
10.625  1.79071  14.866  14.3804
10.625  1.82212  11.4265  16.9741
10.625  1.85354  22.4525  20.147
10.625  1.88496  2.46839  0.893157
10.625  1.91637  14.7553  13.3877
10.625  1.94779  23.9235  18.0225
10.625  1.9792  13.8134  15.3915
10.625  2.01062  21.436  18.2371
10.625  2.04204  16.5642  15.0879
10.625  2.07345  9.15311  15.5915
10.625  2.10487  15.4011  16.9835
10.625  2.13628  16.4607  17.0153
10.625  2.1677  8.77072  9.45217
10.625  2.19911  27.8368  15.1254
10.625  2.23053  170.002  157.904
10.625  2.26195  13.9208  17.6435
10.625  2.29336  12.7336  20.4267
10.625  2.32478  30.1016  16.9477
10.625  2.35619  13.436  21.2933
10.625  2.38761  26.6127  23.0256
10.625  2.41903  21.0719  24.6126
10.625  2.45044  11.8534  17.7994
10.625  2.48186  40.7289  21.4051
10.625  2.51327  19.7894  25.9045
10.625  2.54469  28.1923  19.3072
10.625  2.57611  13.9905  21.7102
10.625  2.60752  40.9769  29.867
10.625  2.63894  39.1292  23.3055
10.625  2.67035  42.236  41.6987
10.625  2.70177  23.2023  31.5557
10.625  2.73319  22.1892  11.2981
10.625  2.7646  0  0
10.625  2.79602  0  0
10.625  2.82743  0  0
10.625  2.85885  0  0
10.625  2.89027  0  0
10.625  2.92168  0  0
10.625  2.9531  0  0
10.625  2.98451  0  0
10.625  3.01593  0  0
10.625  3.04734  0  0
10.625  3.07876  0  0
10.625  3.11018  0  0
10.75  0  0  0
10.75  0.0314159  0  0
10.75  0.0628319  0  0
10.75  0.0942478  0  0
10.75  0.125664  0  0
10.75  0.15708  0  0
10.75  0.188496  0  0
10.75  0.219911  0  0
10.75  0.251327  0  0
10.75  0.282743  0  0
10.75  0.314159  0  0
10.75  0.345575  0  0
10.75  0.376991  28.8234  14.7964
10.75  0.408407  54.1543  27.7813
10.75  0.439823  15.8782  20.8312
10.75  0.471239  37.4164  19.2556
10.75  0.502655  32.7194  27.7377
10.75  0.534071  16.4674  24.315
10.75  0.565487  14.3283  15.8122
10.75  0.596903  32.2702  16.6342
10.75  0.628319  31.6461  15.918
10.75  0.659734  16.6603  21.223
10.75  0.69115  28.7804  27.6405
10.75  0.722566  13.6827  20.2761
10.75  0.753982  18.3248  19.9917
10.75  0.785398  23.5882  18.1456
10.75  0.816814  14.3458  20.9279
10.75  0.84823  16.0738  15.6436
10.75  0.879646  13.3564  17.0273
10.75  0.911062  11.2497  16.5281
10.75  0.942478  13.6484  20.0398
10.75  0.973894  19.5236  19.1487
10.75  1.00531  20.1614  12.1125
10.75  1.03673  12.2386  12.1494
10.75  1.06814  14.6765  15.4233
10.75  1.09956  21.4917  12.9002
10.75  1.13097  17.2364  18.7227
10.75  1.16239  8.37561  15.0603
10.75  1.19381  47.9268  82.513
10.75  1.22522  13.1622  11.9459
10.75  1.25664  15.1487  13.9163
10.75  1.28805  17.9328  15.1012
10.75  1.31947  11.3405  18.5725
10.75  1.35088  11.2479  12.7696
10.75  1.3823  14.7576  17.9276
10.75  1.41372  15.2866  13.9595
10.75  1.44513  10.2978  16.6321
10.75  1.47655  12.9903  14.5708
10.75  1.50796  81.7698  44.0879
10.75  1.53938  15.7955  15.6589
10.75  1.5708  161.599  161.539
10.75  1.60221  128.165  111.451
10.75  1.63363  5.78073  4.64322
10.75  1.66504  3.30441  1.49237
10.75  1.69646  24.7435  24.4994
10.75  1.72788  8.55694  10.2915
10.75  1.75929  22.184  11.5927
10.75  1.79071  11.7689  11.3702
10.75  1.82212  4.88461  2.25499
10.75  1.85354  14.2626  15.0885
10.75  1.88496  14.0426  13.3431
10.75  1.91637  22.5751  15.5943
10.75  1.94779  20.3718  17.903
10.75  1.9792  15.017  14.1828
10.75  2.01062  10.2858  12.9518
10.75  2.04204  12.7289  11.9012
10.75  2.07345  25.6479  18.4324
10.75  2.10487  11.956  13.3678
10.75  2.13628  12.2988  16.8551
10.75  2.1677  77.0104  38.5699
10.75  2.19911  13.3383  18.4603
10.75  2.23053  20.8389  17.0417
10.75  2.26195  15.1165  16.8399
10.75  2.29336  21.1088  22.8613
10.75  2.32478  14.1004  19.4831
10.75  2.35619  30.9979  29.468
10.75  2.38761  12.1359  15.495
10.75  2.41903  15.783  24.0266
10.75  2.45044  26.0314  14.7281
10.75  2.48186  35.8133  28.7483
10.75  2.51327  39.6965  21.6829
10.75  2.54469  39.4925  19.9143
10.75  2.57611  16.122  22.5463
10.75  2.60752  36.2913  18.1927
10.75  2.63894  18.4317  32.897
10.75  2.67035  27.2864  14.3099
10.75  2.70177  24.7664  37.9418
10.75  2.73319  2.17818  15.9831
10.75  2.7646  0  0
10.75  2.79602  0  0
10.75  2.82743  0  0
10.75  2.85885  0  0
10.75  2.89027  0  0
10.75  2.92168  0  0
10.75  2.9531  0  0
10.75  2.98451  0  0
10.75  3.01593  0  0
10.75  3.04734  0  0
10.75  3.07876  0  0
10.75  3.11018  0  0
10.875  0  0  0
10.875  0.0314159  0  0
10.875  0.0628319  0  0
10.875  0.0942478  0  0
10.875  0.125664  0  0
10.875  0.15708  0  0
10.875  0.188496  0  0
10.875  0.219911  0  0
10.875  0.251327  0  0
10.875  0.282743  0  0
10.875  0.314159  0  0
10.875  0.345575  0  0
10.875  0.376991  53.2458  46.0807
10.875  0.408407  51.8745  27.2143
10.875  0.439823  41.4819  24.4227
10.875  0.471239  44.5675  40.0769
10.875  0.502655  55.2943  51.3597
10.875  0.534071  34.1255  27.6213
10.875  0.565487  27.0635  26.9225
10.875  0.596903  26.8823  13.475
10.875  0.628319  36.2303  19.515
10.875  0.659734  11.638  19.5897
10.875  0.69115  29.3263  27.8391
10.875  0.722566  27.6002  21.0456
10.875  0.753982  35.752  24.2358
10.875  0.785398  32.8908  30.6728
10.875  0.816814  11.6346  18.316
10.875  0.84823  12.0294  19.8145
10.875  0.879646  27.2441  18.3847
10.875  0.911062  10.6981  17.0161
10.875  0.942478  12.6021  16.0046
10.875  0.973894  11.3452  46.9537
10.875  1.00531  12.1547  19.0533
10.875  1.03673  11.8241  18.1688
10.875  1.06814  2.94974  0.706693
10.875  1.09956  19.633  12.0513
10.875  1.13097  10.3843  10.2738
10.875  1.16239  2.59244  0.589724
10.875  1.19381  7.30791  13.7981
10.875  1.22522  16.0114  17.3461
10.875  1.25664  28.7014  16.9106
10.875  1.28805  21.9665  22.6128
10.875  1.31947  20.4957  20.5068
10.875  1.35088  19.1068  17.729
10.875  1.3823  15.2722  14.6992
10.875  1.41372  279.347  276.772
10.875  1.44513  9.37898  15.4027
10.875  1.47655  12.5634  14.9833
10.875  1.50796  22.1358  11.2287
10.875  1.53938  7.90314  12.7137
10.875  1.5708  25.2749  24.8006
10.875  1.60221  4.18631  2.90248
10.875  1.63363  9.056  14.3256
10.875  1.66504  18.6066  11.3681
10.875  1.69646  11.9081  14.562
10.875  1.72788  20.8544  18.8266
10.875  1.75929  67.0652  72.7437
10.875  1.79071  11.5078  11.0842
10.875  1.82212  24.7968  20.0081
10.875  1.85354  19.7667  12.2242
10.875  1.88496  6.29115  5.48976
10.875  1.91637  11.1982  18.2128
10.875  1.94779  91.9545  82.6725
10.875  1.9792  11.1543  16.6511
10.875  2.01062  8.59908  15.9761
10.875  2.04204  14.6015  15.0046
10.875  2.07345  204.793  173.063
10.875  2.10487  10.2179  15.0598
10.875  2.13628  11.9087  18.8952
10.875  2.1677  10.6135  18.8491
10.875  2.19911  8.3845  8.76281
10.875  2.23053  11.6065  18.9066
10.875  2.26195  11.3909  16.1733
10.875  2.29336  23.6872  11.8582
10.875  2.32478  29.0379  23.4906
10.875  2.35619  30.3841  24.673
10.875  2.38761  20.3165  15.3847
10.875  2.41903  16.4528  18.9177
10.875  2.45044  18.3555  18.8587
10.875  2.48186  38.9954  38.731
10.875  2.51327  39.7273  36.8016
10.875  2.54469  34.4183  19.4041
10.875  2.57611  34.3691  28.0667
10.875  2.60752  26.5863  35.3252
10.875  2.63894  37.1452  35.8764
10.875  2.67035  41.0838  24.2394
10.875  2.70177  30.8875  21.962
10.875  2.73319  42.2951  31.5258
10.875  2.7646  0  0
10.875  2.79602  0  0
10.875  2.82743  0  0
10.875  2.85885  0  0
10.875  2.89027  0  0
10.875  2.92168  0  0
10.875  2.9531  0  0
10.875  2.98451  0  0
10.875  3.01593  0  0
10.875  3.04734  0  0
10.875  3.07876  0  0
10.875  3.11018  0  0
11  0  0  0
11  0.0314159  0  0
11  0.0628319  0  0
11  0.0942478  0  0
11  0.125664  0  0
11  0.15708  0  0
11  0.188496  0  0
11  0.219911  0  0
11  0.251327  0  0
11  0.282743  0  0
11  0.314159  0.246824  2.24336
11  0.345575  0  0
11  0.376991  65.9024  34.7331
11  0.408407  33.1594  25.6398
11  0.439823  12.6177  27.6461
11  0.471239  43.9861  41.0997
11  0.502655  19.4256  21.7617
11  0.534071  33.3992  24.9974
11  0.565487  36.561  27.5026
11  0.596903  23.8339  30.0004
11  0.628319  20.9515  25.1846
11  0.659734  26.2182  18.1795
11  0.69115  12.5615  19.0728
11  0.722566  13.3498  20.5102
11  0.753982  19.4699  15.8083
11  0.785398  14.816  17.9846
11  0.816814  13.2166  18.978
11  0.84823  26.9976  18.8119
11  0.879646  20.034  23.5766
11  0.911062  16.2042  21.5242
11  0.942478  25.7525  22.409
11  0.973894  18.8148  14.8339
11  1.00531  13.5641  12.9763
11  1.03673  27.3712  26.4921
11  1.06814  7.59906  7.85582
11  1.09956  4.4495  2.23635
11  1.13097  10.7507  11.7241
11  1.16239  9.68856  12.4829
11  1.19381  8.17672  13.6999
11  1.22522  33.2075  30.8898
11  1.25664  14.5563  15.2529
11  1.28805  19.7675  9.89577
11  1.31947  7.32462  12.2275
11  1.35088  4.03836  2.97072
11  1.3823  237.703  130.473
11  1.41372  69.1742  44.8284
11  1.44513  12.0383  15.0818
11  1.47655  13.3151  15.9728
11  1.50796  15.5895  11.7182
11  1.53938  22.0849  17.2452
11  1.5708  8.79605  15.6061
11  1.60221  11.6694  13.2194
11  1.63363  9.32618  11.0414
11  1.66504  10.7529  10.5855
11  1.69646  19.4505  12.4247
11  1.72788  11.1708  13.8953
11  1.75929  30.9455  23.9844
11  1.79071  3.99427  1.66874
11  1.82212  18.3576  13.7629
11  1.85354  5.62861  2.97792
11  1.88496  24.9653  24.2984
11  1.91637  100.505  98.5954
11  1.94779  26.5541  17.3334
11  1.9792  14.5243  15.5655
11  2.01062  9.89938  16.4268
11  2.04204  11.5841  14.7008
11  2.07345  10.511  16.2506
11  2.10487  15.3279  14.0479
11  2.13628  49.5807  83.1095
11  2.1677  16.9095  21.6738
11  2.19911  11.8666  17.9447
11  2.23053  12.925  14.5667
11  2.26195  11.4007  19.8013
11  2.29336  17.6873  15.4397
11  2.32478  15.0597  15.3928
11  2.35619  17.31  19.1482
11  2.38761  14.2218  12.868
11  2.41903  28.9782  31.9394
11  2.45044  27.6073  24.1087
11  2.48186  34.7035  34.6682
11  2.51327  37.1765  21.4789
11  2.54469  34.9408  25.7634
11  2.57611  19.3212  22.152
11  2.60752  52.6038  33.3514
11  2.63894  21.0055  19.4472
11  2.67035  37.139  21.2156
11  2.70177  61.1467  32.9582
11  2.73319  64.0476  61.1664
11  2.7646  0  0
11  2.79602  0  0
11  2.82743  0  0
11  2.85885  0  0
11  2.89027  0  0
11  2.92168  0  0
11  2.9531  0  0
11  2.98451  0  0
11  3.01593  0  0
11  3.04734  0  0
11  3.07876  0  0
11  3.11018  0  0
11.125  0  0  0
11.125  0.0314159  0  0
11.125  0.0628319  0  0
11.125  0.0942478  0  0
11.125  0.125664  0  0
11.125  0.15708  0  0
11.125  0.188496  0  0
11.125  0.219911  0  0
11.125  0.251327  0  0
11.125  0.282743  0  0
11.125  0.314159  0  0
11.125  0.345575  0.260636  1.91251
11.125  0.376991  35.8229  35.1
11.125  0.408407  41.3048  41.199
11.125  0.439823  34.4543  17.3487
11.125  0.471239  23.667  12.3588
11.125  0.502655  36.1795  35.2552
11.125  0.534071  27.3834  17.71
11.125  0.565487  32.6166  22.3178
11.125  0.596903  30.751  19.5969
11.125  0.628319  19.2675  25.1018
11.125  0.659734  33.65  17.4612
11.125  0.69115  20.8671  23.4133
11.125  0.722566  32.1062  31.2105
11.125  0.753982  21.1658  24.8554
11.125  0.785398  25.566  24.844
11.125  0.816814  9.57816  16.7954
11.125  0.84823  25.2383  25.2382
11.125  0.879646  12.6496  19.3104
11.125  0.911062  20.8604  14.3416
11.125  0.942478  15.3842  18.9661
11.125  0.973894  8.5848  15.3498
11.125  1.00531  14.0711  12.3562
11.125  1.03673  15.6235  14.9797
11.125  1.06814  10.506  13.1205
11.125  1.09956  68.5967  30.7742
11.125  1.13097  9.47759  13.6792
11.125  1.16239  3.5783  1.07287
11.125  1.19381  11.5892  14.6805
11.125  1.22522  193.817  141.491
11.125  1.25664  8.91929  12.7129
11.125  1.28805  7.45408  6.86635
11.125  1.31947  3.57814  2.11861
11.125  1.35088  7.3963  13.6378
11.125  1.3823  8.39045  15.7626
11.125  1.41372  60.7934  61.4376
11.125  1.44513  12.5661  14.0474
11.125  1.47655  28.1119  20.5718
11.125  1.50796  45.5502  22.9766
11.125  1.53938  15.4704  11.3113
11.125  1.5708  13.6061  15.805
11.125  1.60221  13.27  15.5039
11.125  1.63363  3.53554  1.10266
11.125  1.66504  2.14979  0.673666
11.125  1.69646  16.9125  15.5989
11.125  1.72788  11.043  12.1012
11.125  1.75929  2.08892  0.69051
11.125  1.79071  5.80869  3.4929
11.125  1.82212  115.98  76.8277
11.125  1.85354  10.6805  15.7664
11.125  1.88496  13.7862  10.7881
11.125  1.91637  32.7481  30.5728
11.125  1.94779  55.5731  40.9394
11.125  1.9792  257.77  213.646
11.125  2.01062  23.2628  31.5826
11.125  2.04204  182.469  171.71
11.125  2.07345  12.4163  11.7235
11.125  2.10487  111.156  80.067
11.125  2.13628  8.07744  14.3901
11.125  2.1677  11.3411  18.8958
11.125  2.19911  17.1517  15.7267
11.125  2.23053  12.308  16.015
11.125  2.26195  13.1426  19.0285
11.125  2.29336  18.954  17.2498
11.125  2.32478  14.531  21.4564
11.125  2.35619  10.5822  19.2994
11.125  2.38761  21.2304  22.6866
11.125  2.41903  35.3635  20.0617
11.125  2.45044  10.5636  19.3123
11.125  2.48186  26.3492  18.3552
11.125  2.51327  14.7588  18.3677
11.125  2.54469  37.717  23.6147
11.125  2.57611  22.2138  25.5687
11.125  2.60752  31.7355  29.1959
11.125  2.63894  54.6134  54.5907
11.125  2.67035  15.5284  25.5723
11.125  2.70177  57.9813  47.741
11.125  2.73319  43.9977  49.9547
11.125  2.7646  0  0
11.125  2.79602  0  0
11.125  2.82743  0  0
11.125  2.85885  0  0
11.125  2.89027  0  0
11.125  2.92168  0  0
11.125  2.9531  0  0
11.125  2.98451  0  0
11.125  3.01593  0  0
11.125  3.04734  0  0
11.125  3.07876  0  0
11.125  3.11018  0  0
11.25  0  0  0
11.25  0.0314159  0  0
11.25  0.0628319  0  0
11.25  0.0942478  0  0
11.25  0.125664  0  0
11.25  0.15708  0  0
11.25  0.188496  0  0
11.25  0.219911  0  0
11.25  0.251327  0  0
11.25  0.282743  0  0
11.25  0.314159  0  0
11.25  0.345575  3.10902  22.8135
11.25  0.376991  30.3074  15.6554
11.25  0.408407  32.2766  30.7939
11.25  0.439823  29.0571  18.1181
11.25  0.471239  39.6644  38.5679
11.25  0.502655  32.8068  32.5195
11.25  0.534071  31.1593  15.584
11.25  0.565487  29.8574  23.1359
11.25  0.596903  21.3099  19.4882
11.25  0.628319  43.0105  23.463
11.25  0.659734  23.9026  17.1683
11.25  0.69115  17.9942  22.5388
11.25  0.722566  21.4689  19.9132
11.25  0.753982  9.31495  16.5817
11.25  0.785398  11.9738  18.6992
11.25  0.816814  12.2839  15.2802
11.25  0.84823  24.6219  26.1515
11.25  0.879646  12.1182  18.8815
11.25  0.911062  6.61461  3.71446
11.25  0.942478  18.7758  22.2011
11.25  0.973894  21.6515  16.8457
11.25  1.00531  26.3407  21.3595
11.25  1.03673  10.3478  16.9836
11.25  1.06814  14.9003  19.4289
11.25  1.09956  12.2108  15.795
11.25  1.13097  12.3372  16.7975
11.25  1.16239  3.93628  1.61781
11.25  1.19381  13.4504  12.6386
11.25  1.22522  11.6268  12.1013
11.25  1.25664  6.04313  5.53522
11.25  1.28805  11.3629  12.4159
11.25  1.31947  16.458  14.4956
11.25  1.35088  24.044  22.9074
11.25  1.3823  8.80056  15.94
11.25  1.41372  167.46  84.2234
11.25  1.44513  13.2447  14.1962
11.25  1.47655  4.91314  5.97724
11.25  1.50796  11.6383  14.1444
11.25  1.53938  8.66315  10.7551
11.25  1.5708  66.872  58.5347
11.25  1.60221  163.11  82.5746
11.25  1.63363  9.22069  16.0244
11.25  1.66504  21.513  10.8998
11.25  1.69646  12.0698  14.6392
11.25  1.72788  6.56893  10.5154
11.25  1.75929  7.5479  13.25
11.25  1.79071  10.4407  16.2633
11.25  1.82212  24.6686  20.5016
11.25  1.85354  19.3334  13.5569
11.25  1.88496  3.409  1.23514
11.25  1.91637  96.2489  48.216
11.25  1.94779  16.7466  13.1063
11.25  1.9792  15.1312  14.2238
11.25  2.01062  19.0829  14.683
11.25  2.04204  3.46565  1.12017
11.25  2.07345  180.215  176.061
11.25  2.10487  9.70136  14.7251
11.25  2.13628  15.4507  12.9619
11.25  2.1677  10.2647  16.7806
11.25  2.19911  16.1858  23.2796
11.25  2.23053  10.1257  17.9031
11.25  2.26195  14.1685  20.4942
11.25  2.29336  149.366  74.7395
11.25  2.32478  10.7264  18.7692
11.25  2.35619  12.4418  19.7467
11.25  2.38761  11.5188  12.9402
11.25  2.41903  25.1156  25.4918
11.25  2.45044  13.8939  24.5092
11.25  2.48186  11.7775  20.1958
11.25  2.51327  37.77  35.7655
11.25  2.54469  39.8045  30.0569
11.25  2.57611  30.6432  28.7543
11.25  2.60752  43.4476  43.4551
11.25  2.63894  322.996  193.599
11.25  2.67035  41.1934  21.4608
11.25  2.70177  42.6387  34.9332
11.25  2.73319  47.7979  28.7933
11.25  2.7646  0.250609  2.14306
11.25  2.79602  0  0
11.25  2.82743  0  0
11.25  2.85885  0  0
11.25  2.89027  0  0
11.25  2.92168  0  0
11.25  2.9531  0  0
11.25  2.98451  0  0
11.25  3.01593  0  0
11.25  3.04734  0  0
11.25  3.07876  0  0
11.25  3.11018  0  0
11.375  0  0  0
11.375  0.0314159  0  0
11.375  0.0628319  0  0
11.375  0.0942478  0  0
11.375  0.125664  0  0
11.375  0.15708  0  0
11.375  0.188496  0  0
11.375  0.219911  0  0
11.375  0.251327  0  0
11.375  0.282743  0  0
11.375  0.314159  0  0
11.375  0.345575  0.242839  2.33714
11.375  0.376991  27.0373  36.1697
11.375  0.408407  47.2459  44.5266
11.375  0.439823  42.6456  75.0868
11.375  0.471239  25.4051  30.6084
11.375  0.502655  39.1988  20.2129
11.375  0.534071  28.911  28.69
11.375  0.565487  17.3532  22.4234
11.375  0.596903  37.2608  19.2415
11.375  0.628319  36.177  23.7303
11.375  0.659734  35.4684  21.5804
11.375  0.69115  16.0367  19.4185
11.375  0.722566  31.486  15.7648
11.375  0.753982  26.7724  13.5521
11.375  0.785398  9.86066  9.87015
11.375  0.816814  21.6596  16.5464
11.375  0.84823  10.0935  16.9476
11.375  0.879646  10.685  17.2427
11.375  0.911062  18.5883  15.2733
11.375  0.942478  68.3143  59.3838
11.375  0.973894  10.7931  17.0245
11.375  1.00531  3.29764  0.846503
11.375  1.03673  12.4679  14.0186
11.375  1.06814  20.7322  10.368
11.375  1.09956  90.4182  90.3783
11.375  1.13097  10.4642  10.6353
11.375  1.16239  12.168  12.0535
11.375  1.19381  132.642  67.3853
11.375  1.22522  52.9898  76.3104
11.375  1.25664  22.4413  22.4005
11.375  1.28805  357.763  201.747
11.375  1.31947  16.7471  18.404
11.375  1.35088  8.7171  12.2173
11.375  1.3823  93.0502  76.4602
11.375  1.41372  46.4973  30.7367
11.375  1.44513  3.48144  1.05647
11.375  1.47655  11.7614  9.18383
11.375  1.50796  8.03031  13.2499
11.375  1.53938  18.7898  23.8622
11.375  1.5708  8.07684  15.8696
11.375  1.60221  10.3226  15.3039
11.375  1.63363  3.19046  1.45998
11.375  1.66504  5.70027  5.07977
11.375  1.69646  3.48901  1.49519
11.375  1.72788  7.22534  11.7115
11.375  1.75929  4.72106  3.40579
11.375  1.79071  5.74599  4.73602
11.375  1.82212  2.58491  0.68146
11.375  1.85354  51.1286  30.8815
11.375  1.88496  16.7483  12.378
11.375  1.91637  21.588  21.3097
11.375  1.94779  3.62659  2.06315
11.375  1.9792  3.47331  1.0378
11.375  2.01062  9.79402  15.3457
11.375  2.04204  6.28787  4.42487
11.375  2.07345  14.4099  17.0685
11.375  2.10487  22.8789  18.5469
11.375  2.13628  11.9101  16.8018
11.375  2.1677  13.1302  18.4884
11.375  2.19911  24.2056  14.4223
11.375  2.23053  10.5377  11.0684
11.375  2.26195  19.057  17.7175
11.375  2.29336  24.6711  18.7527
11.375  2.32478  27.9782  18.7746
11.375  2.35619  30.2406  28.5375
11.375  2.38761  17.3845  18.4877
11.375  2.41903  28.3057  17.9145
11.375  2.45044  24.8399  20.6281
11.375  2.48186  21.3346  18.1618
11.375  2.51327  31.4821  16.5507
11.375  2.54469  43.2633  30.0014
11.375  2.57611  19.0835  10.3541
11.375  2.60752  19.1519  25.8862
11.375  2.63894  46.321  26.8684
11.375  2.67035  50.1871  30.0201
11.375  2.70177  47.0503  47.0221
11.375  2.73319  41.6007  33.6297
11.375  2.7646  0  0
11.375  2.79602  0  0
11.375  2.82743  0  0
11.375  2.85885  0  0
11.375  2.89027  0  0
11.375  2.92168  0  0
11.375  2.9531  0  0
11.375  2.98451  0  0
11.375  3.01593  0  0
11.375  3.04734  0  0
11.375  3.07876  0  0
11.375  3.11018  0  0
11.5  0  0  0
11.5  0.0314159  0  0
11.5  0.0628319  0  0
11.5  0.0942478  0  0
11.5  0.125664  0  0
11.5  0.15708  0  0
11.5  0.188496  0  0
11.5  0.219911  0  0
11.5  0.251327  0  0
11.5  0.282743  0  0
11.5  0.314159  0  0
11.5  0.345575  1.58235  11.6111
11.5  0.376991  42.4476  30.589
11.5  0.408407  50.4467  50.1072
11.5  0.439823  37.9564  36.1574
11.5  0.471239  48.9354  32.3728
11.5  0.502655  21.2147  21.0832
11.5  0.534071  46.7884  28.3841
11.5  0.565487  17.0571  19.105
11.5  0.596903  34.5267  28.696
11.5  0.628319  29.4938  28.8634
11.5  0.659734  31.8518  25.9418
11.5  0.69115  17.0009  16.3919
11.5  0.722566  27.4895  20.984
11.5  0.753982  29.6614  20.0813
11.5  0.785398  13.4396  20.7082
11.5  0.816814  13.8902  20.0621
11.5  0.84823  17.578  17.7175
11.5  0.879646  26.0078  19.8644
11.5  0.911062  11.5645  17.928
11.5  0.942478  10.2343  15.1078
11.5  0.973894  19.0223  17.0758
11.5  1.00531  14.8915  15.9464
11.5  1.03673  4.04875  1.88676
11.5  1.06814  13.4885  12.0321
11.5  1.09956  13.7322  16.5393
11.5  1.13097  11.0802  15.8147
11.5  1.16239  10.3942  10.6551
11.5  1.19381  8.31038  6.42829
11.5  1.22522  13.9387  15.0831
11.5  1.25664  13.6611  13.6561
11.5  1.28805  63.3521  38.7554
11.5  1.31947  8.45444  15.092
11.5  1.35088  3.11704  1.71388
11.5  1.3823  17.2009  16.9608
11.5  1.41372  21.6068  13.5445
11.5  1.44513  16.661  12.4379
11.5  1.47655  4.18271  1.78729
11.5  1.50796  5.85503  6.173
11.5  1.53938  98.8463  53.1243
11.5  1.5708  34.0848  19.155
11.5  1.60221  9.23427  14.4795
11.5  1.63363  33.4153  32.9979
11.5  1.66504  14.5496  13.1671
11.5  1.69646  3.02708  1.50483
11.5  1.72788  10.8363  11.6209
11.5  1.75929  3.62929  1.67247
11.5  1.79071  20.6524  20.6481
11.5  1.82212  57.6556  73.9116
11.5  1.85354  8.32276  14.5123
11.5  1.88496  7.47302  12.87
11.5  1.91637  101.263  90.7157
11.5  1.94779  57.5871  29.801
11.5  1.9792  102.277  100.198
11.5  2.01062  14.7378  10.354
11.5  2.04204  15.8128  16.1671
11.5  2.07345  2.38515  0.49188
11.5  2.10487  38.2949  21.9261
11.5  2.13628  19.3572  21.0215
11.5  2.1677  14.9947  15.9812
11.5  2.19911  10.8051  18.3961
11.5  2.23053  15.1398  15.8624
11.5  2.26195  14.7741  17.2054
11.5  2.29336  17.0854  12.7497
11.5  2.32478  27.3549  14.6993
11.5  2.35619  14.903  16.5283
11.5  2.38761  11.019  19.4844
11.5  2.41903  18.9996  18.3458
11.5  2.45044  32.7445  19.4539
11.5  2.48186  11.3673  19.8888
11.5  2.51327  23.3675  18.0523
11.5  2.54469  30.7755  15.4731
11.5  2.57611  43.3999  39.2818
11.5  2.60752  38.7091  32.0595
11.5  2.63894  47.3729  38.315
11.5  2.67035  52.5253  28.6362
11.5  2.70177  35.5714  23.8887
11.5  2.73319  44.1901  44.1971
11.5  2.7646  21.8399  14.1199
11.5  2.79602  0  0
11.5  2.82743  0  0
11.5  2.85885  0  0
11.5  2.89027  0  0
11.5  2.92168  0  0
11.5  2.9531  0  0
11.5  2.98451  0  0
11.5  3.01593  0  0
11.5  3.04734  0  0
11.5  3.07876  0  0
11.5  3.11018  0  0
11.625  0  0  0
11.625  0.0314159  0  0
11.625  0.0628319  0  0
11.625  0.0942478  0  0
11.625  0.125664  0  0
11.625  0.15708  0  0
11.625  0.188496  0  0
11.625  0.219911  0  0
11.625  0.251327  0  0
11.625  0.282743  0  0
11.625  0.314159  0  0
11.625  0.345575  82.2822  80.9585
11.625  0.376991  51.2919  40.654
11.625  0.408407  65.3243  45.9619
11.625  0.439823  44.6074  43.5079
11.625  0.471239  44.5944  34.044
11.625  0.502655  22.3114  32.7241
11.625  0.534071  39.2636  25.0524
11.625  0.565487  19.4154  24.0314
11.625  0.596903  29.6575  14.8995
11.625  0.628319  11.961  13.5889
11.625  0.659734  11.6659  24.2884
11.625  0.69115  31.1892  27.0213
11.625  0.722566  25.7346  17.1579
11.625  0.753982  13.6009  19.9515
11.625  0.785398  11.058  19.5777
11.625  0.816814  14.7282  13.3742
11.625  0.84823  37.493  27.34
11.625  0.879646  22.7563  21.9437
11.625  0.911062  22.7242  23.4372
11.625  0.942478  4.3476  1.57404
11.625  0.973894  23.1193  23.1088
11.625  1.00531  15.1693  17.2582
11.625  1.03673  11.418  10.6249
11.625  1.06814  24.6997  22.1972
11.625  1.09956  19.3693  11.9557
11.625  1.13097  8.95452  15.9906
11.625  1.16239  7.9296  13.1412
11.625  1.19381  73.2992  23.1279
11.625  1.22522  7.01756  7.39942
11.625  1.25664  91.0519  51.3138
11.625  1.28805  20.8959  29.7273
11.625  1.31947  34.3653  34.0128
11.625  1.35088  41.0536  32.7695
11.625  1.3823  10.4736  10.885
11.625  1.41372  9.47603  17.4167
11.625  1.44513  182.722  91.5988
11.625  1.47655  226.336  113.69
11.625  1.50796  80.4317  82.3504
11.625  1.53938  10.6706  13.598
11.625  1.5708  74.6423  63.8286
11.625  1.60221  198.187  99.251
11.625  1.63363  22.8321  11.6027
11.625  1.66504  14.6896  13.2686
11.625  1.69646  233.33  233.15
11.625  1.72788  4.24517  1.75829
11.625  1.75929  11.5092  12.4235
11.625  1.79071  6.24052  6.13269
11.625  1.82212  95.4581  65.4366
11.625  1.85354  10.5733  11.5467
11.625  1.88496  9.43251  13.9869
11.625  1.91637  8.71536  15.2048
11.625  1.94779  16.4612  15.5703
11.625  1.9792  35.9885  18.6856
11.625  2.01062  14.7181  12.6994
11.625  2.04204  9.9753  10.168
11.625  2.07345  12.3254  18.3451
11.625  2.10487  11.9169  17.0658
11.625  2.13628  10.0082  15.7471
11.625  2.1677  11.5752  17.4256
11.625  2.19911  39.26  34.2654
11.625  2.23053  13.0587  19.572
11.625  2.26195  12.3307  18.8928
11.625  2.29336  16.1291  16.1416
11.625  2.32478  14.8767  15.8759
11.625  2.35619  13.6075  20.807
11.625  2.38761  22.6297  18.3459
11.625  2.41903  29.0104  30.5054
11.625  2.45044  13.9998  16.8567
11.625  2.48186  37.3371  34.2999
11.625  2.51327  35.5465  24.4511
11.625  2.54469  29.8028  27.1982
11.625  2.57611  14.1907  20.3328
11.625  2.60752  25.6553  19.7093
11.625  2.63894  21.1959  17.8745
11.625  2.67035  20.3861  30.855
11.625  2.70177  46.5153  33.7488
11.625  2.73319  57.4653  35.4971
11.625  2.7646  61.2768  32.2605
11.625  2.79602  0  0
11.625  2.82743  0  0
11.625  2.85885  0  0
11.625  2.89027  0  0
11.625  2.92168  0  0
11.625  2.9531  0  0
11.625  2.98451  0  0
11.625  3.01593  0  0
11.625  3.04734  0  0
11.625  3.07876  0  0
11.625  3.11018  0  0
11.75  0  0  0
11.75  0.0314159  0  0
11.75  0.0628319  0  0
11.75  0.0942478  0  0
11.75  0.125664  0  0
11.75  0.15708  0  0
11.75  0.188496  0  0
11.75  0.219911  0  0
11.75  0.251327  0  0
11.75  0.282743  0  0
11.75  0.314159  0  0
11.75  0.345575  40.5868  30.0191
11.75  0.376991  44.7455  34.081
11.75  0.408407  31.2141  17.3384
11.75  0.439823  41.8401  40.9816
11.75  0.471239  36.3046  19.3619
11.75  0.502655  20.0123  16.1989
11.75  0.534071  16.4889  21.6882
11.75  0.565487  42.4089  40.6511
11.75  0.596903  28.2451  22.8331
11.75  0.628319  29.9927  15.269
11.75  0.659734  15.2536  19.3127
11.75  0.69115  19.7461  20.1041
11.75  0.722566  20.1185  19.6299
11.75  0.753982  16.197  15.7827
11.75  0.785398  13.9687  21.5295
11.75  0.816814  11.4936  16.8135
11.75  0.84823  13.1776  21.3631
11.75  0.879646  15.2114  19.7298
11.75  0.911062  93.3522  74.8231
11.75  0.942478  20.4823  18.475
11.75  0.973894  13.3056  12.7867
11.75  1.00531  11.9117  17.61
11.75  1.03673  12.2882  13.513
11.75  1.06814  27.9638  19.1897
11.75  1.09956  13.7477  15.0987
11.75  1.13097  3.27317  1.11382
11.75  1.16239  9.70195  10.0481
11.75  1.19381  80.1556  45.4257
11.75  1.22522  14.4905  13.9241
11.75  1.25664  75.637  32.9789
11.75  1.28805  28.0497  16.5612
11.75  1.31947  18.85  10.2653
11.75  1.35088  11.5468  16.5491
11.75  1.3823  2.53458  0.659576
11.75  1.41372  9.14988  13.7506
11.75  1.44513  23.6301  12.9754
11.75  1.47655  9.79259  13.2014
11.75  1.50796  23.5637  12.2507
11.75  1.53938  9.94466  12.5097
11.75  1.5708  3.95893  1.49823
11.75  1.60221  9.63309  13.8734
11.75  1.63363  16.2553  12.3558
11.75  1.66504  19.9735  19.9679
11.75  1.69646  335.896  191.903
11.75  1.72788  9.59961  14.5211
11.75  1.75929  19.4102  18.1455
11.75  1.79071  83.124  42.0597
11.75  1.82212  214.755  212.953
11.75  1.85354  12.4359  15.0202
11.75  1.88496  36.5967  37.8507
11.75  1.91637  22.4334  13.3967
11.75  1.94779  9.21602  15.7544
11.75  1.9792  10.733  16.9892
11.75  2.01062  10.3681  16.45
11.75  2.04204  5.88942  3.62123
11.75  2.07345  9.9181  15.9032
11.75  2.10487  7.02906  5.87118
11.75  2.13628  171.528  126.628
11.75  2.1677  16.4358  16.1793
11.75  2.19911  26.5925  24.3022
11.75  2.23053  13.9047  18.5027
11.75  2.26195  13.2293  18.0512
11.75  2.29336  18.1964  21.4579
11.75  2.32478  13.2019  19.3499
11.75  2.35619  35.6331  28.6296
11.75  2.38761  30.6877  23.6774
11.75  2.41903  18.1049  21.3198
11.75  2.45044  23.8229  16.0587
11.75  2.48186  31.2634  23.4669
11.75  2.51327  34.7554  18.7021
11.75  2.54469  29.7667  34.2055
11.75  2.57611  31.8493  22.991
11.75  2.60752  14.5266  30.6149
11.75  2.63894  28.0147  22.6071
11.75  2.67035  38.9322  21.8187
11.75  2.70177  41.4069  32.9181
11.75  2.73319  39.8174  20.2892
11.75  2.7646  21.5438  19.9903
11.75  2.79602  0.250321  2.26498
11.75  2.82743  0  0
11.75  2.85885  0  0
11.75  2.89027  0  0
11.75  2.92168  0  0
11.75  2.9531  0  0
11.75  2.98451  0  0
11.75  3.01593  0  0
11.75  3.04734  0  0
11.75  3.07876  0  0
11.75  3.11018  0  0
11.875  0  0  0
11.875  0.0314159  0  0
11.875  0.0628319  0  0
11.875  0.0942478  0  0
11.875  0.125664  0  0
11.875  0.15708  0  0
11.875  0.188496  0  0
11.875  0.219911  0  0
11.875  0.251327  0  0
11.875  0.282743  0  0
11.875  0.314159  0.250277  2.26509
11.875  0.345575  35.229  25.1335
11.875  0.376991  55.7432  39.1666
11.875  0.408407  19.4397  29.1129
11.875  0.439823  14.3176  23.0444
11.875  0.471239  47.2411  43.9886
11.875  0.502655  23.8465  25.8915
11.875  0.534071  20.8743  26.7165
11.875  0.565487  37.6362  30.3102
11.875  0.596903  27.7269  24.9359
11.875  0.628319  33.6614  18.5098
11.875  0.659734  21.711  26.8968
11.875  0.69115  15.8  23.6671
11.875  0.722566  34.436  17.5568
11.875  0.753982  24.1221  16.6086
11.875  0.785398  5.02963  2.21216
11.875  0.816814  11.6865  36.1986
11.875  0.84823  184.466  112.884
11.875  0.879646  11.6479  18.2055
11.875  0.911062  5.86168  3.60875
11.875  0.942478  7.39492  3.82201
11.875  0.973894  15.2275  15.2275
11.875  1.00531  23.3729  23.0835
11.875  1.03673  18.0947  26.4171
11.875  1.06814  23.4181  20.5141
11.875  1.09956  20.9286  13.0065
11.875  1.13097  8.90659  9.78549
11.875  1.16239  11.5815  14.0111
11.875  1.19381  99.0742  91.2321
11.875  1.22522  51.2239  95.0885
11.875  1.25664  11.4457  12.8197
11.875  1.28805  15.1541  13.4565
11.875  1.31947  179.631  238.711
11.875  1.35088  6.4847  6.56087
11.875  1.3823  48.9655  29.4548
11.875  1.41372  5.49235  4.45352
11.875  1.44513  38.9661  55.2228
11.875  1.47655  19.9458  12.1448
11.875  1.50796  50.1621  59.3133
11.875  1.53938  6.09462  6.56613
11.875  1.5708  106.784  53.4606
11.875  1.60221  12.7972  13.316
11.875  1.63363  9.71362  15.3667
11.875  1.66504  21.6749  14.1317
11.875  1.69646  92.6283  66.3772
11.875  1.72788  9.37907  16.4628
11.875  1.75929  13.3726  15.8804
11.875  1.79071  6.40472  9.59097
11.875  1.82212  11.2075  10.943
11.875  1.85354  11.8943  11.2488
11.875  1.88496  15.2418  18.3536
11.875  1.91637  11.6142  12.3374
11.875  1.94779  23.3886  11.9039
11.875  1.9792  113.866  71.2834
11.875  2.01062  67.5912  50.5856
11.875  2.04204  7.0381  13.5721
11.875  2.07345  20.8901  16.1615
11.875  2.10487  10.0384  12.5828
11.875  2.13628  12.1346  17.5888
11.875  2.1677  14.3186  20.9913
11.875  2.19911  10.0521  17.5642
11.875  2.23053  45.963  56.2032
11.875  2.26195  26.8818  13.5081
11.875  2.29336  16.3933  17.2736
11.875  2.32478  13.2284  15.7045
11.875  2.35619  14.3479  20.3992
11.875  2.38761  11.7002  20.2805
11.875  2.41903  33.6055  17.4369
11.875  2.45044  33.9738  33.2858
11.875  2.48186  31.1847  27.6253
11.875  2.51327  18.7811  19.8941
11.875  2.54469  33.8129  16.965
11.875  2.57611  39.3141  26.6519
11.875  2.60752  35.8888  35.4416
11.875  2.63894  33.1207  32.5938
11.875  2.67035  35.3879  27.9618
11.875  2.70177  44.2666  30.0928
11.875  2.73319  38.1915  30.7655
11.875  2.7646  41.9622  24.3263
11.875  2.79602  35.9421  27.2462
11.875  2.82743  0  0
11.875  2.85885  0  0
11.875  2.89027  0  0
11.875  2.92168  0  0
11.875  2.9531  0  0
11.875  2.98451  0  0
11.875  3.01593  0  0
11.875  3.04734  0  0
11.875  3.07876  0  0
11.875  3.11018  0  0
12  0  0  0
12  0.0314159  0  0
12  0.0628319  0  0
12  0.0942478  0  0
12  0.125664  0  0
12  0.15708  0  0
12  0.188496  0  0
12  0.219911  0  0
12  0.251327  0  0
12  0.282743  0  0
12  0.314159  0  0
12  0.345575  31.7609  31.206
12  0.376991  58.7193  40.0366
12  0.408407  49.1666  40.1513
12  0.439823  21.1257  20.9313
12  0.471239  34.9535  18.0038
12  0.502655  20.841  18.7007
12  0.534071  46.1019  32.904
12  0.565487  43.7833  34.7944
12  0.596903  17.9124  22.6855
12  0.628319  21.3645  19.0108
12  0.659734  23.0104  18.1961
12  0.69115  15.2051  22.5419
12  0.722566  38.6878  22.5185
12  0.753982  19.9855  24.3022
12  0.785398  9.66541  17.8214
12  0.816814  6.41269  3.2308
12  0.84823  12.402  18.9499
12  0.879646  12.5773  11.3698
12  0.911062  8.85169  8.87017
12  0.942478  13.5143  18.9342
12  0.973894  4.02868  1.44073
12  1.00531  14.1702  16.436
12  1.03673  13.0308  14.3451
12  1.06814  13.6656  14.0551
12  1.09956  12.5213  15.5285
12  1.13097  13.2534  16.9357
12  1.16239  6.79026  6.39773
12  1.19381  7.67539  14.172
12  1.22522  2.92988  0.870126
12  1.25664  12.9662  14.9531
12  1.28805  34.9391  36.7117
12  1.31947  352.497  235.671
12  1.35088  44.7261  35.9985
12  1.3823  11.4977  10.6083
12  1.41372  69.8398  51.1465
12  1.44513  14.0107  12.3754
12  1.47655  174.119  87.686
12  1.50796  22.521  12.083
12  1.53938  17.1114  16.1289
12  1.5708  10.7857  11.0017
12  1.60221  88.3262  120.714
12  1.63363  76.5002  76.433
12  1.66504  86.3464  44.3379
12  1.69646  19.956  16.4228
12  1.72788  14.7266  13.6295
12  1.75929  9.18202  10.4272
12  1.79071  90.7637  145.907
12  1.82212  45.6584  34.0015
12  1.85354  2.88407  0.776309
12  1.88496  7.50475  13.7051
12  1.91637  12.4107  15.7178
12  1.94779  6.02457  4.5938
12  1.9792  11.5997  15.177
12  2.01062  11.3878  15.1524
12  2.04204  11.994  14.4606
12  2.07345  13.0585  13.9428
12  2.10487  3.17687  0.806603
12  2.13628  27.7502  13.9809
12  2.1677  5.6553  2.71119
12  2.19911  35.9313  26.0211
12  2.23053  24.2045  13.7251
12  2.26195  13.4214  22.6971
12  2.29336  25.8746  24.0999
12  2.32478  7.13261  4.01606
12  2.35619  31.7471  24.8247
12  2.38761  28.0139  29.3108
12  2.41903  27.2291  30.2939
12  2.45044  18.217  22.8232
12  2.48186  28.7656  15.8377
12  2.51327  14.3451  15.9868
12  2.54469  23.9116  20.2684
12  2.57611  13.5754  29.4876
12  2.60752  34.6358  30.2402
12  2.63894  37.5761  21.4629
12  2.67035  21.3077  22.4178
12  2.70177  65.4022  60.2294
12  2.73319  31.9857  16.7145
12  2.7646  25.6146  12.8604
12  2.79602  14.2922  104.874
12  2.82743  0  0
12  2.85885  0  0
12  2.89027  0  0
12  2.92168  0  0
12  2.9531  0  0
12  2.98451  0  0
12  3.01593  0  0
12  3.04734  0  0
12  3.07876  0  0
12  3.11018  0  0
12.125  0  0  0
12.125  0.0314159  0  0
12.125  0.0628319  0  0
12.125  0.0942478  0  0
12.125  0.125664  0  0
12.125  0.15708  0  0
12.125  0.188496  0  0
12.125  0.219911  0  0
12.125  0.251327  0  0
12.125  0.282743  0  0
12.125  0.314159  20.2143  13.4064
12.125  0.345575  39.6876  50.0851
12.125  0.376991  62.7475  62.4499
12.125  0.408407  43.8479  41.128
12.125  0.439823  47.0356  36.8195
12.125  0.471239  26.7985  13.4907
12.125  0.502655  27.1116  19.4351
12.125  0.534071  33.4809  20.6574
12.125  0.565487  27.1625  22.6506
12.125  0.596903  29.7239  28.012
12.125  0.628319  29.9968  28.6426
12.125  0.659734  19.8696  16.5178
12.125  0.69115  18.0936  15.9818
12.125  0.722566  20.7333  17.6434
12.125  0.753982  15.5228  15.9411
12.125  0.785398  11.206  11.9516
12.125  0.816814  13.4047  16.6196
12.125  0.84823  23.4194  24.5086
12.125  0.879646  35.8542  27.5044
12.125  0.911062  15.9945  17.7266
12.125  0.942478  12.4875  18.4825
12.125  0.973894  13.3113  12.7082
12.125  1.00531  27.4027  14.1966
12.125  1.03673  10.3719  16.8833
12.125  1.06814  63.9509  34.6581
12.125  1.09956  164.431  160.849
12.125  1.13097  10.6653  14.9949
12.125  1.16239  13.4543  12.4002
12.125  1.19381  7.24826  13.38
12.125  1.22522  11.4279  16.6508
12.125  1.25664  42.5703  54.93
12.125  1.28805  7.35545  7.64728
12.125  1.31947  24.2256  17.8652
12.125  1.35088  58.1258  79.9965
12.125  1.3823  53.6368  52.071
12.125  1.41372  6.76359  7.67834
12.125  1.44513  13.3131  11.3265
12.125  1.47655  3.69323  2.37708
12.125  1.50796  16.0598  11.3313
12.125  1.53938  11.4418  10.3943
12.125  1.5708  3.50877  2.07245
12.125  1.60221  13.3638  10.5544
12.125  1.63363  83.179  60.603
12.125  1.66504  5.64101  5.6161
12.125  1.69646  11.5353  11.3256
12.125  1.72788  7.44879  14.2585
12.125  1.75929  170.112  85.1577
12.125  1.79071  20.3903  10.347
12.125  1.82212  65.7022  76.0476
12.125  1.85354  2.46107  0.621965
12.125  1.88496  11.262  10.8867
12.125  1.91637  14.9732  17.3263
12.125  1.94779  18.8099  21.6259
12.125  1.9792  24.1101  24.7962
12.125  2.01062  15.5274  16.8981
12.125  2.04204  24.0232  20.2597
12.125  2.07345  176.147  104.226
12.125  2.10487  10.4586  17.569
12.125  2.13628  22.4364  15.7112
12.125  2.1677  39.3018  39.4385
12.125  2.19911  8.25939  7.87191
12.125  2.23053  24.925  16.0802
12.125  2.26195  14.5439  15.9148
12.125  2.29336  22.1338  16.1007
12.125  2.32478  25.2896  23.8449
12.125  2.35619  17.7973  15.3634
12.125  2.38761  26.5658  17.9139
12.125  2.41903  32.4041  18.9189
12.125  2.45044  20.6708  21.0846
12.125  2.48186  41.3842  20.7753
12.125  2.51327  17.8075  23.8281
12.125  2.54469  15.6937  24.7911
12.125  2.57611  25.7486  31.2642
12.125  2.60752  50.7  50.6988
12.125  2.63894  20.5578  23.4999
12.125  2.67035  52.9631  34.7927
12.125  2.70177  58.7543  33.5347
12.125  2.73319  30.195  19.033
12.125  2.7646  36.6375  24.1918
12.125  2.79602  58.5148  35.0435
12.125  2.82743  0  0
12.125  2.85885  0  0
12.125  2.89027  0  0
12.125  2.92168  0  0
12.125  2.9531  0  0
12.125  2.98451  0  0
12.125  3.01593  0  0
12.125  3.04734  0  0
12.125  3.07876  0  0
12.125  3.11018  0  0
12.25  0  0  0
12.25  0.0314159  0  0
12.25  0.0628319  0  0
12.25  0.0942478  0  0
12.25  0.125664  0  0
12.25  0.15708  0  0
12.25  0.188496  0  0
12.25  0.219911  0  0
12.25  0.251327  0  0
12.25  0.282743  0  0
12.25  0.314159  0.2448  2.34817
12.25  0.345575  64.2603  61.4228
12.25  0.376991  45.3106  22.6628
12.25  0.408407  44.5801  41.1037
12.25  0.439823  40.7579  38.0665
12.25  0.471239  34.1669  26.9506
12.25  0.502655  40.2637  29.2437
12.25  0.534071  149.72  78.3599
12.25  0.565487  26.0473  19.4832
12.25  0.596903  20.1203  27.1139
12.25  0.628319  33.1637  33.0374
12.25  0.659734  17.884  19.8505
12.25  0.69115  10.0688  19.8867
12.25  0.722566  13.0119  17.6014
12.25  0.753982  31.2349  15.9383
12.25  0.785398  12.5685  19.2762
12.25  0.816814  14.4921  13.6317
12.25  0.84823  12.7622  14.0313
12.25  0.879646  11.9544  17.7636
12.25  0.911062  22.999  11.717
12.25  0.942478  13.0968  15.0694
12.25  0.973894  25.6834  24.1379
12.25  1.00531  8.46267  13.7052
12.25  1.03673  14.9333  17.4176
12.25  1.06814  20.4719  20.4645
12.25  1.09956  27.8978  27.9617
12.25  1.13097  49.3546  78.7876
12.25  1.16239  198.997  100.644
12.25  1.19381  12.7645  13.0879
12.25  1.22522  3.81492  1.80905
12.25  1.25664  18.8654  18.5201
12.25  1.28805  17.4702  15.7265
12.25  1.31947  6.39158  5.2759
12.25  1.35088  10.866  15.2903
12.25  1.3823  4.30876  2.33018
12.25  1.41372  2.6944  0.966377
12.25  1.44513  110.643  216.89
12.25  1.47655  2.86504  0.6227
12.25  1.50796  9.3264  9.42526
12.25  1.53938  10.5109  14.3695
12.25  1.5708  8.20448  12.91
12.25  1.60221  9.98396  11.3237
12.25  1.63363  9.14041  14.158
12.25  1.66504  97.016  75.2063
12.25  1.69646  58.5526  34.7117
12.25  1.72788  16.9603  11.9204
12.25  1.75929  5.12296  3.67692
12.25  1.79071  17.1121  13.0925
12.25  1.82212  6.7006  6.61305
12.25  1.85354  9.85726  16.5805
12.25  1.88496  357.804  318.155
12.25  1.91637  24.5984  19.8499
12.25  1.94779  4.86198  2.81229
12.25  1.9792  22.225  21.3476
12.25  2.01062  21.4198  15.9351
12.25  2.04204  5.99982  5.60008
12.25  2.07345  7.96324  15.0559
12.25  2.10487  97.9388  66.2636
12.25  2.13628  9.51394  17.0592
12.25  2.1677  2.26535  0.390665
12.25  2.19911  14.3107  13.4375
12.25  2.23053  10.5312  17.2964
12.25  2.26195  13.6244  21.2433
12.25  2.29336  12.338  17.9715
12.25  2.32478  17.2172  16.7445
12.25  2.35619  19.0586  15.7364
12.25  2.38761  21.6232  21.9808
12.25  2.41903  5.96233  3.59509
12.25  2.45044  36.4783  18.2486
12.25  2.48186  16.1088  23.584
12.25  2.51327  33.3304  33.078
12.25  2.54469  24.498  28.2142
12.25  2.57611  29.8746  30.687
12.25  2.60752  36.2312  25.7542
12.25  2.63894  42.3413  25.0057
12.25  2.67035  39.8617  35.1379
12.25  2.70177  20.9964  24.1316
12.25  2.73319  54.6314  40.1914
12.25  2.7646  37.4418  36.3738
12.25  2.79602  6.9837  51.2453
12.25  2.82743  0  0
12.25  2.85885  0  0
12.25  2.89027  0  0
12.25  2.92168  0  0
12.25  2.9531  0  0
12.25  2.98451  0  0
12.25  3.01593  0  0
12.25  3.04734  0  0
12.25  3.07876  0  0
12.25  3.11018  0  0
12.375  0  0  0
12.375  0.0314159  0  0
12.375  0.0628319  0  0
12.375  0.0942478  0  0
12.375  0.125664  0  0
12.375  0.15708  0  0
12.375  0.188496  0  0
12.375  0.219911  0  0
12.375  0.251327  0  0
12.375  0.282743  0  0
12.375  0.314159  21.6572  12.6436
12.375  0.345575  42.7024  39.6733
12.375  0.376991  36.8537  26.6462
12.375  0.408407  35.4655  24.8486
12.375  0.439823  57.3054  35.0028
12.375  0.471239  33.1981  24.5463
12.375  0.502655  36.9991  35.0809
12.375  0.534071  19.6807  29.7087
12.375  0.565487  39.6903  28.5297
12.375  0.596903  13.8799  16.0989
12.375  0.628319  39.0757  19.9626
12.375  0.659734  30.0928  15.1497
12.375  0.69115  17.0463  17.0588
12.375  0.722566  21.5655  22.0926
12.375  0.753982  12.3949  20.7298
12.375  0.785398  14.8099  15.9366
12.375  0.816814  15.277  17.3501
12.375  0.84823  3.02077  0.78559
12.375  0.879646  12.012  11.4639
12.375  0.911062  10.993  19.1241
12.375  0.942478  3.77746  1.08193
12.375  0.973894  23.6555  12.4574
12.375  1.00531  10.964  19.0622
12.375  1.03673  14.0598  13.9401
12.375  1.06814  25.6619  22.6626
12.375  1.09956  40.5976  21.6293
12.375  1.13097  21.548  14.0194
12.375  1.16239  20.5273  19.3868
12.375  1.19381  4.24206  1.87221
12.375  1.22522  6.18757  6.40925
12.375  1.25664  21.6406  8.39704
12.375  1.28805  64.2631  45.1714
12.375  1.31947  9.3678  14.4081
12.375  1.35088  6.25939  6.60431
12.375  1.3823  113.55  61.8853
12.375  1.41372  19.3753  22.4654
12.375  1.44513  19.6755  10.8065
12.375  1.47655  12.1091  14.9698
12.375  1.50796  128.156  76.0131
12.375  1.53938  9.43647  9.99186
12.375  1.5708  3.05352  1.38596
12.375  1.60221  8.82711  13.4703
12.375  1.63363  4.97346  3.84879
12.375  1.66504  195.252  98.7141
12.375  1.69646  12.0495  8.92237
12.375  1.72788  10.8259  15.8203
12.375  1.75929  11.6423  13.2376
12.375  1.79071  21.4353  20.506
12.375  1.82212  17.8113  25.8093
12.375  1.85354  20.5326  11.255
12.375  1.88496  44.1506  33.0051
12.375  1.91637  10.5558  16.1736
12.375  1.94779  17.9071  15.7988
12.375  1.9792  11.0383  16.5764
12.375  2.01062  7.98289  7.51469
12.375  2.04204  49.7768  39.4702
12.375  2.07345  8.11479  15.1664
12.375  2.10487  11.7873  15.0056
12.375  2.13628  53.9319  18.0128
12.375  2.1677  6.89621  3.73381
12.375  2.19911  20.4935  15.7517
12.375  2.23053  12.6957  16.8264
12.375  2.26195  16.3292  24.3212
12.375  2.29336  13.094  14.6375
12.375  2.32478  18.5417  20.2217
12.375  2.35619  200.405  172.74
12.375  2.38761  17.2855  18.0206
12.375  2.41903  15.7658  19.5503
12.375  2.45044  19.6747  15.3898
12.375  2.48186  24.3821  17.6372
12.375  2.51327  36.9561  36.2872
12.375  2.54469  37.0119  34.6592
12.375  2.57611  25.5507  19.1489
12.375  2.60752  30.7589  30.467
12.375  2.63894  45.2759  35.6073
12.375  2.67035  13.0534  20.2842
12.375  2.70177  37.4623  33.0185
12.375  2.73319  38.4522  29.1153
12.375  2.7646  42.1433  32.1027
12.375  2.79602  3.85147  28.2616
12.375  2.82743  0  0
12.375  2.85885  0  0
12.375  2.89027  0  0
12.375  2.92168  0  0
12.375  2.9531  0  0
12.375  2.98451  0  0
12.375  3.01593  0  0
12.375  3.04734  0  0
12.375  3.07876  0  0
12.375  3.11018  0  0
12.5  0  0  0
12.5  0.0314159  0  0
12.5  0.0628319  0  0
12.5  0.0942478  0  0
12.5  0.125664  0  0
12.5  0.15708  0  0
12.5  0.188496  0  0
12.5  0.219911  0  0
12.5  0.251327  0  0
12.5  0.282743  0  0
12.5  0.314159  64.7254  56.8916
12.5  0.345575  43.1784  24.279
12.5  0.376991  62.7957  57.8473
12.5  0.408407  45.8243  25.4389
12.5  0.439823  45.2449  34.6917
12.5  0.471239  15.5764  23.3506
12.5  0.502655  39.6749  36.9111
12.5  0.534071  44.2452  39.1936
12.5  0.565487  33.5893  20.7579
12.5  0.596903  18.8555  23.0442
12.5  0.628319  16.2548  21.4412
12.5  0.659734  223.888  221.409
12.5  0.69115  17.3655  20.577
12.5  0.722566  14.1123  16.0217
12.5  0.753982  15.7785  14.6362
12.5  0.785398  24.5974  14.4656
12.5  0.816814  19.1355  18.9472
12.5  0.84823  10.3084  17.6502
12.5  0.879646  12.122  19.6901
12.5  0.911062  20.926  15.7885
12.5  0.942478  20.7103  19.8906
12.5  0.973894  37.7273  49.9599
12.5  1.00531  11.0558  17.0143
12.5  1.03673  6.04224  3.24947
12.5  1.06814  4.61138  2.17204
12.5  1.09956  47.0661  77.494
12.5  1.13097  5.93242  2.87556
12.5  1.16239  12.3245  14.1126
12.5  1.19381  49.8481  41.699
12.5  1.22522  11.1022  10.5274
12.5  1.25664  3.34287  1.7043
12.5  1.28805  11.2541  12.6846
12.5  1.31947  3.68548  1.49933
12.5  1.35088  57.6699  37.9519
12.5  1.3823  11.3415  13.5314
12.5  1.41372  8.03331  13.982
12.5  1.44513  13.6598  11.7442
12.5  1.47655  112.315  96.9754
12.5  1.50796  8.99004  15.3847
12.5  1.53938  36.2649  23.5042
12.5  1.5708  142.604  124.055
12.5  1.60221  26.3485  23.4257
12.5  1.63363  8.56005  14.8506
12.5  1.66504  7.38404  12.1544
12.5  1.69646  2.45581  0.541652
12.5  1.72788  13.1119  11.1313
12.5  1.75929  13.7495  16.8348
12.5  1.79071  8.15416  32.8255
12.5  1.82212  119.912  93.3717
12.5  1.85354  2.86933  0.564245
12.5  1.88496  123.863  82.2309
12.5  1.91637  22.0031  20.7857
12.5  1.94779  29.3878  21.9231
12.5  1.9792  39.4918  28.8941
12.5  2.01062  24.4043  24.3942
12.5  2.04204  11  16.4444
12.5  2.07345  10.3147  18.4324
12.5  2.10487  14.1847  16.5253
12.5  2.13628  2.96907  0.658951
12.5  2.1677  21.6183  15.3485
12.5  2.19911  6.34102  3.69805
12.5  2.23053  15.5607  15.9348
12.5  2.26195  13.2237  22.4347
12.5  2.29336  4.74581  2.25859
12.5  2.32478  12.7586  20.5193
12.5  2.35619  28.7746  25.631
12.5  2.38761  31.511  31.511
12.5  2.41903  9.2919  17.5149
12.5  2.45044  13.9674  20.9114
12.5  2.48186  16.7323  14.4519
12.5  2.51327  23.6204  24.8175
12.5  2.54469  14.437  19.5158
12.5  2.57611  39.7006  27.3797
12.5  2.60752  15.1465  23.4147
12.5  2.63894  40.886  38.7486
12.5  2.67035  45.4412  45.2138
12.5  2.70177  43.1038  28.4774
12.5  2.73319  48.3122  40.1308
12.5  2.7646  55.1121  53.1025
12.5  2.79602  3.69545  27.1167
12.5  2.82743  0  0
12.5  2.85885  0.250326  2.26497
12.5  2.89027  0  0
12.5  2.92168  0  0
12.5  2.9531  0  0
12.5  2.98451  0  0
12.5  3.01593  0  0
12.5  3.04734  0  0
12.5  3.07876  0  0
12.5  3.11018  0  0
12.625  0  0  0
12.625  0.0314159  0  0
12.625  0.0628319  0  0
12.625  0.0942478  0  0
12.625  0.125664  0  0
12.625  0.15708  0  0
12.625  0.188496  0  0
12.625  0.219911  0  0
12.625  0.251327  0  0
12.625  0.282743  0  0
12.625  0.314159  26.2653  25.0677
12.625  0.345575  72.8118  47.9153
12.625  0.376991  28.4064  18.6754
12.625  0.408407  45.1025  43.105
12.625  0.439823  53.5534  52.8764
12.625  0.471239  43.5467  42.8109
12.625  0.502655  36.5864  28.3924
12.625  0.534071  40.7867  35.3729
12.625  0.565487  35.9606  26.7586
12.625  0.596903  35.3757  34.5519
12.625  0.628319  20.5526  26.6356
12.625  0.659734  30.4892  15.899
12.625  0.69115  11.8836  22.2704
12.625  0.722566  9.08456  8.05913
12.625  0.753982  11.9395  21.0407
12.625  0.785398  11.488  19.3562
12.625  0.816814  28.039  27.2039
12.625  0.84823  24.274  23.3076
12.625  0.879646  4.4619  1.47413
12.625  0.911062  12.8798  12.2408
12.625  0.942478  32.1853  16.0949
12.625  0.973894  67.9806  42.055
12.625  1.00531  18.2656  14.3004
12.625  1.03673  17.3621  12.047
12.625  1.06814  7.98327  8.1445
12.625  1.09956  25.2888  18.642
12.625  1.13097  20.7463  31.6352
12.625  1.16239  13.23  15.7186
12.625  1.19381  26.0115  13.3799
12.625  1.22522  13.4046  16.0688
12.625  1.25664  4.7709  2.45449
12.625  1.28805  9.6829  13.8202
12.625  1.31947  92.6631  57.9726
12.625  1.35088  68.8295  79.4573
12.625  1.3823  16.4454  12.933
12.625  1.41372  20.196  20.0814
12.625  1.44513  3.45853  1.10931
12.625  1.47655  15.5472  10.817
12.625  1.50796  145.919  116.117
12.625  1.53938  10.0229  12.0865
12.625  1.5708  16.991  10.4396
12.625  1.60221  6.33989  6.82549
12.625  1.63363  34.2094  52.9065
12.625  1.66504  4.30854  3.14682
12.625  1.69646  39.8879  29.1583
12.625  1.72788  7.96875  13.8331
12.625  1.75929  18.716  18.4622
12.625  1.79071  21.3536  15.2953
12.625  1.82212  2.92303  0.60493
12.625  1.85354  17.6827  15.8589
12.625  1.88496  14.6536  3.31509
12.625  1.91637  9.53938  15.1788
12.625  1.94779  32.338  21.6509
12.625  1.9792  2.63737  0.491584
12.625  2.01062  207.074  112.81
12.625  2.04204  3.31882  1.48513
12.625  2.07345  9.89101  16.1935
12.625  2.10487  12.9708  15.4809
12.625  2.13628  21.9841  18.6836
12.625  2.1677  5.70385  3.09439
12.625  2.19911  10.207  16.2763
12.625  2.23053  23.8645  12.7354
12.625  2.26195  6.31696  3.0943
12.625  2.29336  16.1648  16.3542
12.625  2.32478  16.3576  15.5166
12.625  2.35619  25.3018  16.0339
12.625  2.38761  8.78818  9.8433
12.625  2.41903  12.8368  21.1926
12.625  2.45044  22.8491  26.827
12.625  2.48186  43.4561  39.9138
12.625  2.51327  32.6087  19.3844
12.625  2.54469  36.1541  18.6211
12.625  2.57611  43.2624  29.4318
12.625  2.60752  37.5618  36.5748
12.625  2.63894  25.3498  32.8037
12.625  2.67035  53.8005  26.9013
12.625  2.70177  58.1829  51.2016
12.625  2.73319  87.693  63.3725
12.625  2.7646  31.3124  18.9671
12.625  2.79602  48.7614  25.2945
12.625  2.82743  0  0
12.625  2.85885  0  0
12.625  2.89027  0  0
12.625  2.92168  0  0
12.625  2.9531  0  0
12.625  2.98451  0  0
12.625  3.01593  0  0
12.625  3.04734  0  0
12.625  3.07876  0  0
12.625  3.11018  0  0
12.75  0  0  0
12.75  0.0314159  0  0
12.75  0.0628319  0  0
12.75  0.0942478  0  0
12.75  0.125664  0  0
12.75  0.15708  0  0
12.75  0.188496  0  0
12.75  0.219911  0  0
12.75  0.251327  0  0
12.75  0.282743  0.246559  2.24947
12.75  0.314159  56.7478  30.8819
12.75  0.345575  45.8562  45.8469
12.75  0.376991  34.6076  21.0393
12.75  0.408407  43.0866  29.7622
12.75  0.439823  18.8109  31.3217
12.75  0.471239  34.4172  27.3356
12.75  0.502655  21.1966  23.6504
12.75  0.534071  33.142  32.3817
12.75  0.565487  37.0819  36.8758
12.75  0.596903  27.422  18.9062
12.75  0.628319  30.1223  15.1872
12.75  0.659734  29.2752  29.248
12.75  0.69115  32.3736  32.3722
12.75  0.722566  12.1915  20.0216
12.75  0.753982  11.3203  20.259
12.75  0.785398  12.6276  15.9074
12.75  0.816814  15.6084  16.3161
12.75  0.84823  14.3749  14.2157
12.75  0.879646  12.1307  15.1059
12.75  0.911062  31.185  30.9888
12.75  0.942478  11.4583  16.3478
12.75  0.973894  2.83001  0.612094
12.75  1.00531  5.60769  3.17447
12.75  1.03673  11.9642  20.3412
12.75  1.06814  14.6845  20.2566
12.75  1.09956  20.8126  21.5256
12.75  1.13097  26.0194  36.892
12.75  1.16239  21.5698  11.1994
12.75  1.19381  18.7624  19.8331
12.75  1.22522  7.38768  9.29725
12.75  1.25664  3.96931  2.74292
12.75  1.28805  43.9101  70.176
12.75  1.31947  1.86769  0.258613
12.75  1.35088  16.954  14.039
12.75  1.3823  10.7384  12.0595
12.75  1.41372  11.9118  13.7405
12.75  1.44513  14.1626  11.773
12.75  1.47655  20.2161  23.2705
12.75  1.50796  8.99734  15.5852
12.75  1.53938  4.28446  2.26982
12.75  1.5708  53.9132  72.2737
12.75  1.60221  53.7861  38.7932
12.75  1.63363  22.2258  12.3422
12.75  1.66504  2.36867  0.28657
12.75  1.69646  128.5  97.8987
12.75  1.72788  2.19773  0.331146
12.75  1.75929  89.5123  152.865
12.75  1.79071  80.5082  47.5529
12.75  1.82212  46.8634  55.7834
12.75  1.85354  37.6594  30.3951
12.75  1.88496  24.3828  12.2026
12.75  1.91637  24.3188  16.4452
12.75  1.94779  14.9325  11.3279
12.75  1.9792  21.5873  21.3939
12.75  2.01062  46.7718  62.917
12.75  2.04204  8.60642  9.44535
12.75  2.07345  7.74243  8.07699
12.75  2.10487  76.9655  46.0843
12.75  2.13628  34.2524  40.8899
12.75  2.1677  7.59526  7.07984
12.75  2.19911  10.2783  10.9157
12.75  2.23053  15.3012  21.5428
12.75  2.26195  46.7623  43.2505
12.75  2.29336  14.3317  14.7622
12.75  2.32478  9.71142  18.0446
12.75  2.35619  26.5284  26.0409
12.75  2.38761  26.6004  15.3209
12.75  2.41903  24.281  20.3799
12.75  2.45044  19.3903  21.5557
12.75  2.48186  19.7641  23.9437
12.75  2.51327  32.5062  16.3326
12.75  2.54469  37.7142  36.5359
12.75  2.57611  47.6131  27.7475
12.75  2.60752  46.816  26.206
12.75  2.63894  46.685  31.6763
12.75  2.67035  37.0693  22.5102
12.75  2.70177  41.5399  39.8794
12.75  2.73319  19.9535  18.9298
12.75  2.7646  52.7268  27.185
12.75  2.79602  62.0972  36.481
12.75  2.82743  0  0
12.75  2.85885  0  0
12.75  2.89027  0  0
12.75  2.92168  0  0
12.75  2.9531  0  0
12.75  2.98451  0  0
12.75  3.01593  0  0
12.75  3.04734  0  0
12.75  3.07876  0  0
12.75  3.11018  0  0
12.875  0  0  0
12.875  0.0314159  0  0
12.875  0.0628319  0  0
12.875  0.0942478  0  0
12.875  0.125664  0  0
12.875  0.15708  0  0
12.875  0.188496  0  0
12.875  0.219911  0  0
12.875  0.251327  0  0
12.875  0.282743  0.183757  1.34838
12.875  0.314159  73.4484  54.6872
12.875  0.345575  56.9244  54.1762
12.875  0.376991  56.2241  29.4723
12.875  0.408407  46.4692  28.7913
12.875  0.439823  52.9361  48.3093
12.875  0.471239  34.2299  21.9872
12.875  0.502655  37.4757  19.7589
12.875  0.534071  37.9776  22.2451
12.875  0.565487  21.0182  22.8039
12.875  0.596903  16.173  21.4346
12.875  0.628319  18.0711  20.323
12.875  0.659734  22.3904  19.7638
12.875  0.69115  26.8418  26.5958
12.875  0.722566  16.0863  17.3509
12.875  0.753982  16.1852  17.8286
12.875  0.785398  13.8603  17.0755
12.875  0.816814  91.5596  68.6622
12.875  0.84823  14.5806  13.2239
12.875  0.879646  6.6412  3.71403
12.875  0.911062  8.39572  9.58841
12.875  0.942478  16.0176  13.1901
12.875  0.973894  23.6207  13.6185
12.875  1.00531  6.42822  6.37724
12.875  1.03673  49.4494  70.3706
12.875  1.06814  17.3192  22.1823
12.875  1.09956  16.6969  17.9319
12.875  1.13097  32.6443  31.2884
12.875  1.16239  5.72779  3.8829
12.875  1.19381  413.38  220.892
12.875  1.22522  10.9012  12.1519
12.875  1.25664  8.25094  14.3643
12.875  1.28805  8.41844  13.8033
12.875  1.31947  34.0981  50.1592
12.875  1.35088  181.421  98.4882
12.875  1.3823  71.0252  49.6423
12.875  1.41372  4.55826  2.48304
12.875  1.44513  70.885  34.7957
12.875  1.47655  9.35938  10.4912
12.875  1.50796  20.6669  13.3841
12.875  1.53938  141.117  117.899
12.875  1.5708  89.4459  46.8747
12.875  1.60221  3.55376  1.50897
12.875  1.63363  97.0572  78.188
12.875  1.66504  8.49006  13.7901
12.875  1.69646  12.9794  15.9182
12.875  1.72788  8.19881  14.3268
12.875  1.75929  17.8217  18.4107
12.875  1.79071  14.7354  21.0378
12.875  1.82212  5.92593  6.95329
12.875  1.85354  36.3784  18.4439
12.875  1.88496  2.23361  0.38426
12.875  1.91637  79.6808  81.8086
12.875  1.94779  13.0564  10.2148
12.875  1.9792  32.3071  37.5551
12.875  2.01062  20.1815  20.5964
12.875  2.04204  16.1769  16.7724
12.875  2.07345  15.8715  15.6089
12.875  2.10487  35.6169  55.1565
12.875  2.13628  3.61327  1.10359
12.875  2.1677  5.00284  1.88576
12.875  2.19911  8.83579  15.6253
12.875  2.23053  13.4642  13.1398
12.875  2.26195  9.98333  9.10179
12.875  2.29336  10.2126  14.8489
12.875  2.32478  214.541  159.716
12.875  2.35619  17.0849  18.3778
12.875  2.38761  17.3759  18.1558
12.875  2.41903  12.8751  18.9136
12.875  2.45044  11.3799  19.5562
12.875  2.48186  29.8706  19.8946
12.875  2.51327  17.0945  15.6842
12.875  2.54469  35.7386  24.0228
12.875  2.57611  16.1531  24.9973
12.875  2.60752  21.5948  22.6288
12.875  2.63894  15.1967  20.1171
12.875  2.67035  58.0805  53.5027
12.875  2.70177  47.3858  46.9665
12.875  2.73319  38.4757  19.3523
12.875  2.7646  66.5816  53.6327
12.875  2.79602  42.9774  37.5504
12.875  2.82743  0  0
12.875  2.85885  0  0
12.875  2.89027  0  0
12.875  2.92168  0  0
12.875  2.9531  0  0
12.875  2.98451  0  0
12.875  3.01593  0  0
12.875  3.04734  0  0
12.875  3.07876  0  0
12.875  3.11018  0  0
13  0  0  0
13  0.0314159  0  0
13  0.0628319  0  0
13  0.0942478  0  0
13  0.125664  0  0
13  0.15708  0  0
13  0.188496  0  0
13  0.219911  0  0
13  0.251327  0  0
13  0.282743  35.6514  29.9667
13  0.314159  55.3604  48.0473
13  0.345575  52.8752  36.5299
13  0.376991  37.2399  30.1336
13  0.408407  33.2602  33.2219
13  0.439823  38.4336  27.3868
13  0.471239  25.9016  32.9054
13  0.502655  17.163  23.1384
13  0.534071  17.2698  23.6861
13  0.565487  15.5973  17.4399
13  0.596903  15.7851  16.1193
13  0.628319  27.0404  21.3054
13  0.659734  20.5651  22.0557
13  0.69115  17.1825  22.416
13  0.722566  15.5993  18.1455
13  0.753982  10.9097  20.2121
13  0.785398  12.7848  19.6306
13  0.816814  13.1432  14.7309
13  0.84823  2.48238  0.538496
13  0.879646  54.6851  45.9261
13  0.911062  12.0864  13.7862
13  0.942478  7.91904  7.60637
13  0.973894  44.4503  25.5423
13  1.00531  19.1275  13.9086
13  1.03673  24.0298  17.9644
13  1.06814  25.843  25.1666
13  1.09956  39.1564  48.6193
13  1.13097  6.5146  5.76569
13  1.16239  8.83032  11.6475
13  1.19381  122.144  110.194
13  1.22522  19.9512  15.321
13  1.25664  3.78669  1.1861
13  1.28805  194.87  185.519
13  1.31947  17.869  9.54089
13  1.35088  9.67452  11.0341
13  1.3823  28.0213  20.0508
13  1.41372  6.30162  8.64521
13  1.44513  20.8474  14.6072
13  1.47655  130.282  104.333
13  1.50796  7.91491  10.9087
13  1.53938  5.19167  3.55902
13  1.5708  44.5746  62.0138
13  1.60221  69.1213  99.8841
13  1.63363  18.9961  15.9295
13  1.66504  10.7439  15.5909
13  1.69646  47.1978  23.6042
13  1.72788  7.34689  8.74189
13  1.75929  27.4485  18.836
13  1.79071  55.6404  34.7708
13  1.82212  28.9791  28.834
13  1.85354  11.0225  8.01292
13  1.88496  8.66282  15.3562
13  1.91637  10.0167  13.2936
13  1.94779  41.8667  58.3731
13  1.9792  37.3453  27.7499
13  2.01062  4.37934  2.92348
13  2.04204  8.66458  8.17738
13  2.07345  10.2742  18.0594
13  2.10487  2.71657  0.370875
13  2.13628  24.5747  24.5744
13  2.1677  15.5402  23.8186
13  2.19911  12.5572  17.988
13  2.23053  13.2359  17.3194
13  2.26195  25.9756  15.0414
13  2.29336  14.693  21.9259
13  2.32478  12.857  18.3812
13  2.35619  19.1305  16.9333
13  2.38761  28.5545  22.8449
13  2.41903  15.4952  18.3939
13  2.45044  15.9443  20.2114
13  2.48186  17.3005  18.7817
13  2.51327  37.3528  36.1323
13  2.54469  31.3447  28.3183
13  2.57611  36.7994  21.7904
13  2.60752  38.3907  32.1893
13  2.63894  46.2483  43.1931
13  2.67035  39.9203  26.7116
13  2.70177  64.2565  36.6021
13  2.73319  9.58053  20.0967
13  2.7646  30.9094  27.8532
13  2.79602  84.9581  77.7497
13  2.82743  70.5642  70.496
13  2.85885  0  0
13  2.89027  0  0
13  2.92168  0  0
13  2.9531  0  0
13  2.98451  0  0
13  3.01593  0  0
13  3.04734  0  0
13  3.07876  0  0
13  3.11018  0  0
13.125  0  0  0
13.125  0.0314159  0  0
13.125  0.0628319  0  0
13.125  0.0942478  0  0
13.125  0.125664  0  0
13.125  0.15708  0  0
13.125  0.188496  0  0
13.125  0.219911  0  0
13.125  0.251327  0  0
13.125  0.282743  0  0
13.125  0.314159  39.2977  35.3772
13.125  0.345575  40.1031  39.1955
13.125  0.376991  48.4194  43.367
13.125  0.408407  49.014  35.3693
13.125  0.439823  39.1174  35.0984
13.125  0.471239  29.3819  23.913
13.125  0.502655  59.5469  57.2241
13.125  0.534071  9.68449  21.8317
13.125  0.565487  14.7088  23.3799
13.125  0.596903  20.3082  26.5484
13.125  0.628319  14.2046  22.9578
13.125  0.659734  24.2987  14.8486
13.125  0.69115  29.5599  24.7068
13.125  0.722566  14.323  16.6317
13.125  0.753982  18.8645  21.8198
13.125  0.785398  11.7146  20.5733
13.125  0.816814  12.0377  18.074
13.125  0.84823  10.4792  11.0784
13.125  0.879646  11.1762  18.8213
13.125  0.911062  5.6528  2.63858
13.125  0.942478  19.311  19.905
13.125  0.973894  32.2362  16.1277
13.125  1.00531  6.07083  4.01912
13.125  1.03673  14.9678  15.5509
13.125  1.06814  14.4193  11.958
13.125  1.09956  138.556  118.648
13.125  1.13097  54.9436  71.8777
13.125  1.16239  24.9659  9.59316
13.125  1.19381  59.7083  29.1899
13.125  1.22522  11.3305  13.4736
13.125  1.25664  3.62807  1.77233
13.125  1.28805  111.212  107.618
13.125  1.31947  10.9755  16.2702
13.125  1.35088  3.7944  1.67838
13.125  1.3823  18.688  9.07779
13.125  1.41372  87.3349  43.7246
13.125  1.44513  5.90348  4.36986
13.125  1.47655  2.85039  0.893233
13.125  1.50796  37.3896  58.1925
13.125  1.53938  75.9026  58.4676
13.125  1.5708  8.74894  14.9398
13.125  1.60221  2.1091  0.32358
13.125  1.63363  1.97623  0.382044
13.125  1.66504  260.019  217.462
13.125  1.69646  3.34953  1.22791
13.125  1.72788  4.1282  2.55524
13.125  1.75929  4.19021  2.28849
13.125  1.79071  4.1665  1.71619
13.125  1.82212  39.309  22.0213
13.125  1.85354  103.156  56.8916
13.125  1.88496  179.347  125.454
13.125  1.91637  9.51597  16.4112
13.125  1.94779  16.1735  10.0407
13.125  1.9792  12.4223  12.57
13.125  2.01062  9.18564  14.6056
13.125  2.04204  23.6918  13.3799
13.125  2.07345  11.7166  17.0153
13.125  2.10487  157.374  108.948
13.125  2.13628  2.81702  0.516402
13.125  2.1677  223.222  213.057
13.125  2.19911  16.5399  15.5624
13.125  2.23053  12.4756  19.3261
13.125  2.26195  13.191  20.1984
13.125  2.29336  12.3232  17.2274
13.125  2.32478  21.4371  23.1205
13.125  2.35619  10.3655  11.0155
13.125  2.38761  26.9808  15.2396
13.125  2.41903  34.8887  38.8679
13.125  2.45044  33.2835  33.157
13.125  2.48186  29.8692  29.1025
13.125  2.51327  34.5076  18.105
13.125  2.54469  28.9179  14.4693
13.125  2.57611  31.1834  24.059
13.125  2.60752  35.3308  35.3292
13.125  2.63894  48.3499  40.5844
13.125  2.67035  37.6823  35.1466
13.125  2.70177  47.373  39.673
13.125  2.73319  32.7774  17.0209
13.125  2.7646  39.9455  32.3283
13.125  2.79602  53.0117  43.0739
13.125  2.82743  2.14094  15.7099
13.125  2.85885  0  0
13.125  2.89027  0  0
13.125  2.92168  0  0
13.125  2.9531  0  0
13.125  2.98451  0  0
13.125  3.01593  0  0
13.125  3.04734  0  0
13.125  3.07876  0  0
13.125  3.11018  0  0
13.25  0  0  0
13.25  0.0314159  0  0
13.25  0.0628319  0  0
13.25  0.0942478  0  0
13.25  0.125664  0  0
13.25  0.15708  0  0
13.25  0.188496  0  0
13.25  0.219911  0  0
13.25  0.251327  0  0
13.25  0.282743  29.6515  29.6283
13.25  0.314159  21.5271  13.699
13.25  0.345575  64.2471  32.5706
13.25  0.376991  70.6184  54.7768
13.25  0.408407  51.6426  51.5226
13.25  0.439823  25.1184  32.6484
13.25  0.471239  19.4094  22.6825
13.25  0.502655  25.3201  23.5399
13.25  0.534071  44.9687  44.958
13.25  0.565487  14.658  27.5483
13.25  0.596903  19.3693  26.8929
13.25  0.628319  19.9298  23.8708
13.25  0.659734  8.62459  10.5772
13.25  0.69115  28.8857  18.7869
13.25  0.722566  31.7083  27.0187
13.25  0.753982  16.6666  21.1575
13.25  0.785398  14.35  21.369
13.25  0.816814  5.88377  2.71171
13.25  0.84823  5.59752  2.82166
13.25  0.879646  13.8288  14.9455
13.25  0.911062  14.4748  15.0608
13.25  0.942478  16.7481  13.4313
13.25  0.973894  9.66077  17.2727
13.25  1.00531  151.024  110.028
13.25  1.03673  7.20327  5.51089
13.25  1.06814  10.0516  11.2459
13.25  1.09956  8.05556  12.143
13.25  1.13097  3.21328  1.18928
13.25  1.16239  8.89261  15.3558
13.25  1.19381  48.1848  33.2103
13.25  1.22522  17.0373  18.3679
13.25  1.25664  23.6327  21.6995
13.25  1.28805  18.6614  11.0513
13.25  1.31947  59.7121  55.2964
13.25  1.35088  4.67483  3.72888
13.25  1.3823  11.9708  12.9722
13.25  1.41372  101.721  93.9482
13.25  1.44513  53.9922  33.4269
13.25  1.47655  54.5268  24.8757
13.25  1.50796  7.99086  11.1932
13.25  1.53938  81.7183  66.3861
13.25  1.5708  3.29861  1.11901
13.25  1.60221  51.3707  22.3692
13.25  1.63363  165.629  104.676
13.25  1.66504  6.38973  11.6271
13.25  1.69646  101.643  101.609
13.25  1.72788  69.8112  115.539
13.25  1.75929  1.93089  0.231665
13.25  1.79071  14.0594  18.8384
13.25  1.82212  10.1543  15.9686
13.25  1.85354  13.4002  6.94267
13.25  1.88496  8.58347  12.9356
13.25  1.91637  136.629  136.302
13.25  1.94779  42.5498  34.4041
13.25  1.9792  62.7691  35.2095
13.25  2.01062  64.3704  55.055
13.25  2.04204  24.5369  13.0928
13.25  2.07345  11.8001  11.4333
13.25  2.10487  9.54912  13.9939
13.25  2.13628  34.4596  47.2179
13.25  2.1677  4.03294  1.83623
13.25  2.19911  28.8193  20.9907
13.25  2.23053  3.99701  0.971943
13.25  2.26195  6.74275  5.53417
13.25  2.29336  26.452  18.5725
13.25  2.32478  15.0041  16.7888
13.25  2.35619  21.4975  23.5498
13.25  2.38761  19.1403  17.1569
13.25  2.41903  25.2463  22.8575
13.25  2.45044  14.223  19.7772
13.25  2.48186  20.9064  21.267
13.25  2.51327  32.6419  30.2947
13.25  2.54469  22.5581  25.1383
13.25  2.57611  15.8236  20.2192
13.25  2.60752  16.9489  21.497
13.25  2.63894  34.5476  17.4889
13.25  2.67035  16.5351  25.9898
13.25  2.70177  52.2864  51.9851
13.25  2.73319  38.3493  36.068
13.25  2.7646  49.1242  24.9313
13.25  2.79602  18.736  44.2598
13.25  2.82743  0.263939  1.36825
13.25  2.85885  0  0
13.25  2.89027  0  0
13.25  2.92168  0  0
13.25  2.9531  0  0
13.25  2.98451  0  0
13.25  3.01593  0  0
13.25  3.04734  0  0
13.25  3.07876  0  0
13.25  3.11018  0  0
13.375  0  0  0
13.375  0.0314159  0  0
13.375  0.0628319  0  0
13.375  0.0942478  0  0
13.375  0.125664  0  0
13.375  0.15708  0  0
13.375  0.188496  0  0
13.375  0.219911  0  0
13.375  0.251327  0  0
13.375  0.282743  67.9854  59.9397
13.375  0.314159  40.9907  40.6602
13.375  0.345575  62.3563  48.5119
13.375  0.376991  39.5819  21.6642
13.375  0.408407  45.825  44.9191
13.375  0.439823  22.3834  22.1501
13.375  0.471239  40.2829  22.8809
13.375  0.502655  20.1107  31.0937
13.375  0.534071  40.8813  32.9896
13.375  0.565487  37.9564  36.9774
13.375  0.596903  39.9025  22.9448
13.375  0.628319  31.0422  21.1944
13.375  0.659734  29.2599  24.4828
13.375  0.69115  29.0715  19.1513
13.375  0.722566  15.5643  18.6138
13.375  0.753982  36.1117  22.1462
13.375  0.785398  75.5863  61.7733
13.375  0.816814  16.0595  19.8394
13.375  0.84823  19.0235  16.0615
13.375  0.879646  4.74944  1.646
13.375  0.911062  25.5907  16.6375
13.375  0.942478  9.168  10.1147
13.375  0.973894  8.6946  6.57374
13.375  1.00531  4.33822  1.74126
13.375  1.03673  123.543  90.7209
13.375  1.06814  73.2376  46.8286
13.375  1.09956  18.4345  15.0599
13.375  1.13097  24.7878  13.022
13.375  1.16239  14.9386  20.637
13.375  1.19381  5.86787  6.39882
13.375  1.22522  12.3569  10.7234
13.375  1.25664  9.28701  16.3977
13.375  1.28805  20.6047  20.279
13.375  1.31947  32.3996  28.846
13.375  1.35088  21.0947  11.6707
13.375  1.3823  55.7554  42.9108
13.375  1.41372  53.8478  39.8105
13.375  1.44513  68.3593  31.6146
13.375  1.47655  7.43799  2.90623
13.375  1.50796  30.6676  36.003
13.375  1.53938  32.487  18.326
13.375  1.5708  2.34477  0.485655
13.375  1.60221  144.905  106.694
13.375  1.63363  9.61567  11.9585
13.375  1.66504  18.5569  17.621
13.375  1.69646  35.8581  30.2792
13.375  1.72788  62.3554  27.677
13.375  1.75929  55.2406  25.9143
13.375  1.79071  64.3627  27.3325
13.375  1.82212  2.58414  0.725985
13.375  1.85354  33.4134  37.0518
13.375  1.88496  11.5798  10.9716
13.375  1.91637  120.407  73.5943
13.375  1.94779  68.6299  53.5901
13.375  1.9792  20.1299  21.0159
13.375  2.01062  9.55381  16.6665
13.375  2.04204  10.1071  13.7532
13.375  2.07345  14.444  16.0308
13.375  2.10487  204.809  180.076
13.375  2.13628  31.7574  42.0539
13.375  2.1677  8.79838  16.6105
13.375  2.19911  17.1395  18.5036
13.375  2.23053  7.30123  6.06837
13.375  2.26195  11.2908  18.9745
13.375  2.29336  13.301  17.5459
13.375  2.32478  48.2717  66.7224
13.375  2.35619  17.143  18.7949
13.375  2.38761  18.5302  23.0875
13.375  2.41903  29.4464  28.9409
13.375  2.45044  13.5086  22.8792
13.375  2.48186  32.2738  16.2323
13.375  2.51327  31.4945  21.3367
13.375  2.54469  42.1325  35.9981
13.375  2.57611  39.1998  24.8535
13.375  2.60752  38.6089  25.9197
13.375  2.63894  31.7726  16.1783
13.375  2.67035  34.0984  33.2187
13.375  2.70177  55.2243  27.8017
13.375  2.73319  51.7807  28.8099
13.375  2.7646  26.0585  17.969
13.375  2.79602  4.26063  31.2639
13.375  2.82743  45.0863  25.7929
13.375  2.85885  0  0
13.375  2.89027  0  0
13.375  2.92168  0  0
13.375  2.9531  0  0
13.375  2.98451  0  0
13.375  3.01593  0  0
13.375  3.04734  0  0
13.375  3.07876  0  0
13.375  3.11018  0  0
13.5  0  0  0
13.5  0.0314159  0  0
13.5  0.0628319  0  0
13.5  0.0942478  0  0
13.5  0.125664  0  0
13.5  0.15708  0  0
13.5  0.188496  0  0
13.5  0.219911  0  0
13.5  0.251327  0  0
13.5  0.282743  2.62643  19.2723
13.5  0.314159  64.4102  62.8769
13.5  0.345575  48.4287  44.392
13.5  0.376991  50.256  48.5081
13.5  0.408407  57.0278  28.5245
13.5  0.439823  49.7523  26.3094
13.5  0.471239  41.5119  27.0304
13.5  0.502655  43.3914  32.6577
13.5  0.534071  44.2426  27.33
13.5  0.565487  30.1887  29.2825
13.5  0.596903  41.6296  40.9786
13.5  0.628319  31.457  28.5023
13.5  0.659734  17.7668  18.0858
13.5  0.69115  24.9348  15.135
13.5  0.722566  21.0307  17.029
13.5  0.753982  30.4627  18.4108
13.5  0.785398  19.9847  14.9487
13.5  0.816814  20.0315  13.8952
13.5  0.84823  122.939  117.587
13.5  0.879646  5.65987  2.98945
13.5  0.911062  4.73004  1.55269
13.5  0.942478  13.4207  12.0627
13.5  0.973894  14.9163  16.8824
13.5  1.00531  3.13425  0.605569
13.5  1.03673  75.8649  43.1796
13.5  1.06814  40.9357  37.0519
13.5  1.09956  12.6674  15.9538
13.5  1.13097  14.1239  13.0517
13.5  1.16239  2.61407  0.814465
13.5  1.19381  41.9423  19.9803
13.5  1.22522  36.2871  32.4448
13.5  1.25664  21.8221  18.3151
13.5  1.28805  5.02836  4.44646
13.5  1.31947  17.3937  20.6896
13.5  1.35088  12.4969  14.0605
13.5  1.3823  185.67  96.7621
13.5  1.41372  115.303  75.7378
13.5  1.44513  197.929  110.564
13.5  1.47655  50.5941  59.1953
13.5  1.50796  19.0042  11.0004
13.5  1.53938  9.28664  10.7655
13.5  1.5708  247.067  107.661
13.5  1.60221  3.1421  1.23982
13.5  1.63363  3.39101  1.37822
13.5  1.66504  30.9162  25.0064
13.5  1.69646  189.653  155.755
13.5  1.72788  157.99  155.961
13.5  1.75929  140.811  119.744
13.5  1.79071  2.88165  1.29909
13.5  1.82212  4.20527  2.50262
13.5  1.85354  19.3782  10.8245
13.5  1.88496  9.28296  17.3473
13.5  1.91637  2.47623  0.382862
13.5  1.94779  10.0167  14.1547
13.5  1.9792  32.0831  41.1742
13.5  2.01062  3.67307  1.53201
13.5  2.04204  3.80059  1.08661
13.5  2.07345  56.2493  35.2699
13.5  2.10487  17.6834  18.2811
13.5  2.13628  13.3178  12.5762
13.5  2.1677  21.6923  11.2713
13.5  2.19911  9.99296  17.2172
13.5  2.23053  17.0023  15.7185
13.5  2.26195  33.0879  22.141
13.5  2.29336  16.5946  14.0349
13.5  2.32478  10.1086  18.1582
13.5  2.35619  33.6138  19.0682
13.5  2.38761  22.8234  26.9344
13.5  2.41903  27.5403  13.8169
13.5  2.45044  12.4361  17.2883
13.5  2.48186  23.5641  22.6191
13.5  2.51327  32.8041  28.0847
13.5  2.54469  44.3686  22.557
13.5  2.57611  36.1291  29.6071
13.5  2.60752  37.7162  36.3845
13.5  2.63894  28.6277  29.2492
13.5  2.67035  48.6158  24.8071
13.5  2.70177  56.1239  28.0836
13.5  2.73319  50.3135  33.1268
13.5  2.7646  53.7077  44.0137
13.5  2.79602  63.5722  55.2124
13.5  2.82743  4.62921  33.9685
13.5  2.85885  0.248775  2.1175
13.5  2.89027  0  0
13.5  2.92168  0  0
13.5  2.9531  0  0
13.5  2.98451  0  0
13.5  3.01593  0  0
13.5  3.04734  0  0
13.5  3.07876  0  0
13.5  3.11018  0  0
13.625  0  0  0
13.625  0.0314159  0  0
13.625  0.0628319  0  0
13.625  0.0942478  0  0
13.625  0.125664  0  0
13.625  0.15708  0  0
13.625  0.188496  0  0
13.625  0.219911  0  0
13.625  0.251327  0  0
13.625  0.282743  32.3103  32.5697
13.625  0.314159  55.7906  35.8195
13.625  0.345575  38.1718  19.0983
13.625  0.376991  40.7943  40.797
13.625  0.408407  43.9918  32.2332
13.625  0.439823  35.2001  36.625
13.625  0.471239  45.2182  22.7506
13.625  0.502655  15.8543  25.0904
13.625  0.534071  44.1517  41.4933
13.625  0.565487  37.5358  36.6256
13.625  0.596903  78.7677  55.8852
13.625  0.628319  12.7122  17.9266
13.625  0.659734  24.3674  24.3071
13.625  0.69115  30.862  16.6768
13.625  0.722566  5.92469  3.37195
13.625  0.753982  15.3145  16.5264
13.625  0.785398  16.7305  18.836
13.625  0.816814  13.1143  13.6431
13.625  0.84823  4.66825  1.4431
13.625  0.879646  31.7957  44.8292
13.625  0.911062  15.7807  15.2343
13.625  0.942478  9.37455  16.307
13.625  0.973894  6.49161  3.63079
13.625  1.00531  3.18581  0.750821
13.625  1.03673  7.43985  6.76139
13.625  1.06814  17.8146  17.1568
13.625  1.09956  25.1175  12.8463
13.625  1.13097  36.2363  35.5276
13.625  1.16239  91.6244  91.1463
13.625  1.19381  39.4347  25.5978
13.625  1.22522  11.019  14.7049
13.625  1.25664  143.185  80.8081
13.625  1.28805  18.9011  16.5053
13.625  1.31947  44.8596  34.0173
13.625  1.35088  16.727  18.7412
13.625  1.3823  5.33383  3.89385
13.625  1.41372  51.8061  21.308
13.625  1.44513  3.48486  1.33225
13.625  1.47655  24.7278  41.2875
13.625  1.50796  3.74002  2.01249
13.625  1.53938  99.6512  49.8834
13.625  1.5708  19.5416  24.0414
13.625  1.60221  7.10999  6.46693
13.625  1.63363  23.4059  21.4212
13.625  1.66504  86.3211  44.6571
13.625  1.69646  37.5071  34.0732
13.625  1.72788  66.7965  46.1254
13.625  1.75929  265.371  264.76
13.625  1.79071  366.866  366.573
13.625  1.82212  12.0256  14.3315
13.625  1.85354  11.5855  10.5585
13.625  1.88496  13.2438  6.9826
13.625  1.91637  3.82498  1.18021
13.625  1.94779  42.2183  29.9664
13.625  1.9792  15.3106  16.2626
13.625  2.01062  12.0135  17.4839
13.625  2.04204  3.23771  0.971329
13.625  2.07345  70.1495  66.1634
13.625  2.10487  10.3052  11.0769
13.625  2.13628  8.66288  15.2039
13.625  2.1677  12.9421  21.4607
13.625  2.19911  2.95465  0.719803
13.625  2.23053  6.43355  4.17333
13.625  2.26195  25.6338  22.2481
13.625  2.29336  36.5585  23.0794
13.625  2.32478  29.3366  29.3226
13.625  2.35619  11.8786  21.6893
13.625  2.38761  17.0207  16.4821
13.625  2.41903  13.6203  16.5035
13.625  2.45044  13.1872  15.404
13.625  2.48186  23.6486  23.5612
13.625  2.51327  23.0375  20.5914
13.625  2.54469  27.8512  24.6606
13.625  2.57611  20.0417  24.7531
13.625  2.60752  33.8326  25.3767
13.625  2.63894  30.1369  15.1028
13.625  2.67035  28.6046  29.6918
13.625  2.70177  48.2185  36.6615
13.625  2.73319  29.1452  28.8113
13.625  2.7646  50.2881  35.8202
13.625  2.79602  59.3446  45.5984
13.625  2.82743  75.5928  73.6932
13.625  2.85885  0  0
13.625  2.89027  0  0
13.625  2.92168  0  0
13.625  2.9531  0  0
13.625  2.98451  0  0
13.625  3.01593  0  0
13.625  3.04734  0  0
13.625  3.07876  0  0
13.625  3.11018  0  0
13.75  0  0  0
13.75  0.0314159  0  0
13.75  0.0628319  0  0
13.75  0.0942478  0  0
13.75  0.125664  0  0
13.75  0.15708  0  0
13.75  0.188496  0  0
13.75  0.219911  0  0
13.75  0.251327  0  0
13.75  0.282743  34.8131  29.2293
13.75  0.314159  63.7841  43.1212
13.75  0.345575  31.493  31.3193
13.75  0.376991  37.6642  35.5534
13.75  0.408407  52.6233  32.5291
13.75  0.439823  36.5113  36.1392
13.75  0.471239  59.691  59.0649
13.75  0.502655  45.7684  44.0846
13.75  0.534071  16.5671  15.6248
13.75  0.565487  16.0638  18.1378
13.75  0.596903  14.7623  22.0408
13.75  0.628319  31.0498  17.7239
13.75  0.659734  14.6973  22.7392
13.75  0.69115  28.8201  26.1684
13.75  0.722566  12.0338  21.6832
13.75  0.753982  3.94496  27.4796
13.75  0.785398  13.6963  22.1952
13.75  0.816814  17.7485  19.7706
13.75  0.84823  14.6478  15.6311
13.75  0.879646  17.0662  15.6614
13.75  0.911062  15.9105  20.6455
13.75  0.942478  4.99033  2.1881
13.75  0.973894  33.4587  19.0324
13.75  1.00531  37.7167  30.7314
13.75  1.03673  43.2714  36.5755
13.75  1.06814  4.2629  2.32518
13.75  1.09956  11.3076  11.1288
13.75  1.13097  3.30861  1.06144
13.75  1.16239  107.233  118.943
13.75  1.19381  187.632  148.948
13.75  1.22522  15.2522  19.8126
13.75  1.25664  11.9727  11.0002
13.75  1.28805  70.0114  47.0408
13.75  1.31947  2.014  0.405944
13.75  1.35088  63.4018  96.5933
13.75  1.3823  13.2692  18.9443
13.75  1.41372  270.816  149.359
13.75  1.44513  50.0166  82.871
13.75  1.47655  38.2289  39.115
13.75  1.50796  43.7499  58.0824
13.75  1.53938  1.82035  0.192603
13.75  1.5708  108.589  56.9698
13.75  1.60221  32.1406  22.3325
13.75  1.63363  5.43421  4.111
13.75  1.66504  1.9742  0.53525
13.75  1.69646  17.7758  14.6868
13.75  1.72788  41.0381  24.5513
13.75  1.75929  107.472  121.887
13.75  1.79071  26.5703  21.7891
13.75  1.82212  23.3654  18.2406
13.75  1.85354  18.3741  15.7023
13.75  1.88496  17.6568  12.4197
13.75  1.91637  115.981  80.5374
13.75  1.94779  70.9563  31.7838
13.75  1.9792  12.5531  12.1391
13.75  2.01062  12.6576  13.838
13.75  2.04204  206.186  149.881
13.75  2.07345  29.0812  29.0614
13.75  2.10487  8.4439  8.4799
13.75  2.13628  25.6417  31.4176
13.75  2.1677  3.10476  0.692201
13.75  2.19911  20.4658  22.8817
13.75  2.23053  14.2079  21.7334
13.75  2.26195  17.5816  14.9783
13.75  2.29336  6.09064  3.71465
13.75  2.32478  11.3276  18.2207
13.75  2.35619  18.6667  22.3323
13.75  2.38761  13.5351  23.3889
13.75  2.41903  16.4093  20.6956
13.75  2.45044  28.8712  21.3224
13.75  2.48186  3.5237  2.69795
13.75  2.51327  25.4099  29.5283
13.75  2.54469  35.2678  31.437
13.75  2.57611  59.0341  31.8006
13.75  2.60752  41.6176  23.0682
13.75  2.63894  28.5577  20.5603
13.75  2.67035  23.0208  35.9561
13.75  2.70177  51.4931  41.231
13.75  2.73319  45.1003  36.8763
13.75  2.7646  44.2634  43.3996
13.75  2.79602  69.195  54.3309
13.75  2.82743  44.3096  44.3238
13.75  2.85885  0  0
13.75  2.89027  0  0
13.75  2.92168  0  0
13.75  2.9531  0  0
13.75  2.98451  0  0
13.75  3.01593  0  0
13.75  3.04734  0  0
13.75  3.07876  0  0
13.75  3.11018  0  0
13.875  0  0  0
13.875  0.0314159  0  0
13.875  0.0628319  0  0
13.875  0.0942478  0  0
13.875  0.125664  0  0
13.875  0.15708  0  0
13.875  0.188496  0  0
13.875  0.219911  0  0
13.875  0.251327  0.328588  2.41113
13.875  0.282743  51.6194  45.1647
13.875  0.314159  47.3934  24.0227
13.875  0.345575  28.4967  19.0716
13.875  0.376991  47.8156  26.8155
13.875  0.408407  34.3684  19.7093
13.875  0.439823  21.5047  28.6786
13.875  0.471239  27.9535  35.2003
13.875  0.502655  38.3932  24.3118
13.875  0.534071  36.5087  23.169
13.875  0.565487  39.6293  39.6112
13.875  0.596903  31.0607  30.2034
13.875  0.628319  37.5341  36.7251
13.875  0.659734  16.5753  18.7133
13.875  0.69115  18.6776  13.956
13.875  0.722566  20.5097  22.9792
13.875  0.753982  18.6138  17.995
13.875  0.785398  17.5219  14.0609
13.875  0.816814  13.9563  15.9545
13.875  0.84823  16.1629  13.9844
13.875  0.879646  10.1705  18.3978
13.875  0.911062  12.3644  19.6238
13.875  0.942478  7.84813  8.05014
13.875  0.973894  8.25303  8.75535
13.875  1.00531  21.945  14.8364
13.875  1.03673  10.0986  17.2893
13.875  1.06814  88.9417  69.2166
13.875  1.09956  13.0118  16.8127
13.875  1.13097  92.5933  49.3169
13.875  1.16239  75.2447  137.125
13.875  1.19381  11.4744  13.0082
13.875  1.22522  9.81796  12.8419
13.875  1.25664  5.2376  4.00941
13.875  1.28805  14.6796  10.6633
13.875  1.31947  415.667  217.003
13.875  1.35088  3.91309  2.5313
13.875  1.3823  90.12  148.474
13.875  1.41372  10.4798  11.4907
13.875  1.44513  2.96177  1.11856
13.875  1.47655  11.9046  3.83999
13.875  1.50796  19.4811  12.5338
13.875  1.53938  20.2249  13.0066
13.875  1.5708  35.6833  30.4622
13.875  1.60221  48.8084  85.0913
13.875  1.63363  18.1497  13.2944
13.875  1.66504  74.3125  51.1738
13.875  1.69646  42.4315  29.888
13.875  1.72788  13.2035  15.6514
13.875  1.75929  19.2215  28.296
13.875  1.79071  4.81484  3.01491
13.875  1.82212  4.94242  3.88307
13.875  1.85354  3.83074  1.27063
13.875  1.88496  26.9795  24.6555
13.875  1.91637  15.4954  15.9758
13.875  1.94779  152.542  147.312
13.875  1.9792  2.85511  0.566072
13.875  2.01062  22.1208  17.6329
13.875  2.04204  4.98944  2.16557
13.875  2.07345  3.05829  1.05091
13.875  2.10487  13.6138  18.8837
13.875  2.13628  13.5313  11.3255
13.875  2.1677  8.36154  8.6429
13.875  2.19911  18.2928  13.3002
13.875  2.23053  20.4166  19.4267
13.875  2.26195  8.09338  8.23768
13.875  2.29336  6.67358  2.878
13.875  2.32478  46.4231  24.4996
13.875  2.35619  14.4324  14.1879
13.875  2.38761  29.3123  29.2471
13.875  2.41903  17.65  20.7888
13.875  2.45044  30.6865  16.9309
13.875  2.48186  27.2128  29.8547
13.875  2.51327  14.8258  26.0836
13.875  2.54469  22.1437  22.1302
13.875  2.57611  37.001  20.8404
13.875  2.60752  37.6317  19.1805
13.875  2.63894  53.7135  32.5363
13.875  2.67035  58.8382  41.1455
13.875  2.70177  33.7775  16.9818
13.875  2.73319  61.8862  54.3711
13.875  2.7646  44.4684  29.6778
13.875  2.79602  81.288  45.036
13.875  2.82743  85.4834  56.7712
13.875  2.85885  8.65421  63.5034
13.875  2.89027  0  0
13.875  2.92168  0  0
13.875  2.9531  0  0
13.875  2.98451  0  0
13.875  3.01593  0  0
13.875  3.04734  0  0
13.875  3.07876  0  0
13.875  3.11018  0  0
14  0  0  0
14  0.0314159  0  0
14  0.0628319  0  0
14  0.0942478  0  0
14  0.125664  0  0
14  0.15708  0  0
14  0.188496  0  0
14  0.219911  0  0
14  0.251327  0.249863  2.27135
14  0.282743  89.9898  72.2712
14  0.314159  26.7298  32.0559
14  0.345575  66.8105  49.2229
14  0.376991  56.2946  49.0327
14  0.408407  36.2941  22.5806
14  0.439823  30.3802  23.5796
14  0.471239  36.9111  23.337
14  0.502655  37.3683  36.4373
14  0.534071  16.1305  25.7836
14  0.565487  19.2539  21.3948
14  0.596903  36.0695  31.7106
14  0.628319  35.7303  25.1508
14  0.659734  30.6344  17.515
14  0.69115  29.387  28.8035
14  0.722566  15.3887  17.7088
14  0.753982  35.4779  18.6979
14  0.785398  31.9411  26.16
14  0.816814  42.3472  26.5054
14  0.84823  18.1395  16.5249
14  0.879646  2.87167  0.354644
14  0.911062  11.3383  19.0335
14  0.942478  8.88796  13.7848
14  0.973894  8.05572  11.8682
14  1.00531  8.00902  7.84559
14  1.03673  49.0679  69.7763
14  1.06814  4.41604  2.19578
14  1.09956  7.6774  7.13331
14  1.13097  15.5005  13.7286
14  1.16239  8.25889  11.3517
14  1.19381  11.1638  18.427
14  1.22522  18.7071  27.0562
14  1.25664  22.9765  21.2813
14  1.28805  61.227  33.4137
14  1.31947  12.8561  11.1292
14  1.35088  4.28626  1.81933
14  1.3823  42.1524  21.2337
14  1.41372  85.6278  72.1201
14  1.44513  59.7673  80.4016
14  1.47655  40.8004  20.7772
14  1.50796  6.1682  6.99201
14  1.53938  5.76305  4.51566
14  1.5708  42.5575  42.5341
14  1.60221  10.3975  10.954
14  1.63363  58.2064  41.6124
14  1.66504  1.9829  0.279164
14  1.69646  7.00107  12.1161
14  1.72788  205.086  105.205
14  1.75929  169.249  133.768
14  1.79071  18.2798  3.81501
14  1.82212  57.4296  31.6591
14  1.85354  44.6805  63.8001
14  1.88496  37.4095  37.4509
14  1.91637  5.28405  2.97324
14  1.94779  159.246  134.862
14  1.9792  14.2997  13.471
14  2.01062  13.7923  16.0218
14  2.04204  177.615  104.337
14  2.07345  12.0321  12.9574
14  2.10487  17.3558  14.4572
14  2.13628  14.5742  20.4779
14  2.1677  36.9245  27.3665
14  2.19911  1.93024  0.298587
14  2.23053  16.6506  19.5717
14  2.26195  23.1064  13.0742
14  2.29336  5.36047  2.72927
14  2.32478  13.0429  20.2569
14  2.35619  33.914  26.4295
14  2.38761  21.7538  25.7348
14  2.41903  15.837  19.2194
14  2.45044  34.8559  18.9165
14  2.48186  33.027  32.3235
14  2.51327  31.6018  26.1374
14  2.54469  26.8144  23.0628
14  2.57611  36.0455  35.2154
14  2.60752  39.9076  39.9081
14  2.63894  51.2441  50.1686
14  2.67035  38.3322  26.5139
14  2.70177  45.5849  40.7531
14  2.73319  62.9718  45.8252
14  2.7646  10.7529  17.7988
14  2.79602  40.2319  23.9129
14  2.82743  6.78588  4.08156
14  2.85885  0  0
14  2.89027  0  0
14  2.92168  0  0
14  2.9531  0  0
14  2.98451  0  0
14  3.01593  0  0
14  3.04734  0  0
14  3.07876  0  0
14  3.11018  0  0
14.125  0  0  0
14.125  0.0314159  0  0
14.125  0.0628319  0  0
14.125  0.0942478  0  0
14.125  0.125664  0  0
14.125  0.15708  0  0
14.125  0.188496  0  0
14.125  0.219911  0  0
14.125  0.251327  0  0
14.125  0.282743  29.9248  21.4091
14.125  0.314159  61.7972  33.7941
14.125  0.345575  45.686  28.7784
14.125  0.376991  43.4334  33.2325
14.125  0.408407  60.2548  46.3928
14.125  0.439823  43.1715  27.6005
14.125  0.471239  43.9013  43.821
14.125  0.502655  16.6967  29.9945
14.125  0.534071  28.8295  19.0035
14.125  0.565487  37.4742  34.0451
14.125  0.596903  38.0685  19.2821
14.125  0.628319  7.32989  7.09358
14.125  0.659734  37.3073  20.2836
14.125  0.69115  7.70802  7.95847
14.125  0.722566  14.8782  23.3995
14.125  0.753982  32.5601  16.8192
14.125  0.785398  13.7395  19.0446
14.125  0.816814  27.6753  27.2118
14.125  0.84823  70.2974  45.4541
14.125  0.879646  16.0263  16.7995
14.125  0.911062  14.9194  18.3456
14.125  0.942478  26.9566  23.5773
14.125  0.973894  9.61567  16.6377
14.125  1.00531  14.3771  15.6402
14.125  1.03673  41.7197  56.0447
14.125  1.06814  4.64565  2.12694
14.125  1.09956  159.03  155.908
14.125  1.13097  13.7351  14.4296
14.125  1.16239  9.12418  14.8815
14.125  1.19381  12.5216  19.0707
14.125  1.22522  117.104  58.5525
14.125  1.25664  85.6231  52.8984
14.125  1.28805  57.3452  34.0182
14.125  1.31947  23.572  15.701
14.125  1.35088  211.686  171.851
14.125  1.3823  19.4161  19.397
14.125  1.41372  2.21082  1.0541
14.125  1.44513  63.0133  75.2241
14.125  1.47655  7.41356  12.1652
14.125  1.50796  4.13224  3.54354
14.125  1.53938  16.2799  10.142
14.125  1.5708  145.65  72.8553
14.125  1.60221  14.6227  12.1499
14.125  1.63363  146.978  73.4934
14.125  1.66504  5.72442  8.52585
14.125  1.69646  24.7564  19.3189
14.125  1.72788  15.4873  15.922
14.125  1.75929  23.8649  23.2798
14.125  1.79071  25.8828  16.6637
14.125  1.82212  181.827  94.3283
14.125  1.85354  95.6924  94.2093
14.125  1.88496  5.34555  9.70355
14.125  1.91637  12.8329  15.5197
14.125  1.94779  66.1517  34.7153
14.125  1.9792  13.858  5.35042
14.125  2.01062  8.01505  12.1465
14.125  2.04204  12.0486  16.1067
14.125  2.07345  13.0045  17.12
14.125  2.10487  21.8302  21.3963
14.125  2.13628  3.66716  1.17109
14.125  2.1677  14.3428  16.2857
14.125  2.19911  11.7265  19.3329
14.125  2.23053  11.3995  18.8193
14.125  2.26195  57.4354  30.2158
14.125  2.29336  6.77392  4.91873
14.125  2.32478  50.0664  34.995
14.125  2.35619  18.5849  20.5129
14.125  2.38761  16.7261  18.3109
14.125  2.41903  225.814  119.685
14.125  2.45044  18.4139  18.468
14.125  2.48186  32.644  17.3322
14.125  2.51327  27.7171  17.6552
14.125  2.54469  44.3336  41.7756
14.125  2.57611  30.4486  27.6543
14.125  2.60752  38.7475  35.2327
14.125  2.63894  24.722  23.3511
14.125  2.67035  49.5669  46.7475
14.125  2.70177  54.476  27.6721
14.125  2.73319  34.3054  19.7599
14.125  2.7646  48.6728  42.7183
14.125  2.79602  34.6762  29.9889
14.125  2.82743  41.9328  35.4169
14.125  2.85885  2.29919  16.8711
14.125  2.89027  0  0
14.125  2.92168  0  0
14.125  2.9531  0  0
14.125  2.98451  0  0
14.125  3.01593  0  0
14.125  3.04734  0  0
14.125  3.07876  0  0
14.125  3.11018  0  0
14.25  0  0  0
14.25  0.0314159  0  0
14.25  0.0628319  0  0
14.25  0.0942478  0  0
14.25  0.125664  0  0
14.25  0.15708  0  0
14.25  0.188496  0  0
14.25  0.219911  0  0
14.25  0.251327  30.6804  24.5987
14.25  0.282743  54.1491  54.0624
14.25  0.314159  73.9207  73.4613
14.25  0.345575  37.3443  37.1929
14.25  0.376991  50.6051  48.2167
14.25  0.408407  58.5608  37.0593
14.25  0.439823  25.4839  19.8918
14.25  0.471239  35.0567  29.6734
14.25  0.502655  66.9345  146.026
14.25  0.534071  21.3193  23.9236
14.25  0.565487  34.4005  31.2679
14.25  0.596903  15.0157  27.9122
14.25  0.628319  15.0816  18.7327
14.25  0.659734  18.5817  23.0819
14.25  0.69115  12.7121  22.9299
14.25  0.722566  28.9634  19.318
14.25  0.753982  101.197  164.985
14.25  0.785398  10.1978  12.7011
14.25  0.816814  14.7416  23.4943
14.25  0.84823  3.82074  0.974234
14.25  0.879646  20.0977  23.1683
14.25  0.911062  10.1978  10.0702
14.25  0.942478  41.9854  31.3698
14.25  0.973894  23.9797  24.2392
14.25  1.00531  2.34956  0.325015
14.25  1.03673  7.85129  6.43905
14.25  1.06814  6.97861  235.617
14.25  1.09956  10.2774  15.1491
14.25  1.13097  13.2735  12.7582
14.25  1.16239  9.20116  15.4511
14.25  1.19381  5.30955  2.38806
14.25  1.22522  99.4017  59.2036
14.25  1.25664  20.5371  10.0427
14.25  1.28805  3.31094  0.959561
14.25  1.31947  9.09618  15.2764
14.25  1.35088  99.4925  72.1568
14.25  1.3823  2.68629  0.588912
14.25  1.41372  11.0111  5.35403
14.25  1.44513  27.8635  23.3866
14.25  1.47655  2.13615  0.321826
14.25  1.50796  4.16019  2.82684
14.25  1.53938  25.439  13.2147
14.25  1.5708  42.2696  60.2656
14.25  1.60221  12.3218  14.1772
14.25  1.63363  105.414  73.6053
14.25  1.66504  224.294  112.148
14.25  1.69646  17.2593  27.1019
14.25  1.72788  6.59916  5.39832
14.25  1.75929  197.871  104.545
14.25  1.79071  218.071  135.031
14.25  1.82212  19.0416  10.1918
14.25  1.85354  94.5333  60.3001
14.25  1.88496  23.7375  20.1432
14.25  1.91637  192.134  191.861
14.25  1.94779  24.1474  12.1181
14.25  1.9792  45.0554  54.3506
14.25  2.01062  17.7687  11.5674
14.25  2.04204  130.374  69.9243
14.25  2.07345  19.6871  11.7986
14.25  2.10487  11.8613  12.6686
14.25  2.13628  5.2759  3.05714
14.25  2.1677  12.8099  18.8892
14.25  2.19911  9.04133  8.15005
14.25  2.23053  14.4784  20.5355
14.25  2.26195  9.83097  10.4704
14.25  2.29336  3.98372  1.56176
14.25  2.32478  14.3775  21.3086
14.25  2.35619  16.7979  20.4028
14.25  2.38761  33.9239  24.6977
14.25  2.41903  14.9338  17.408
14.25  2.45044  20.847  24.8612
14.25  2.48186  16.2727  20.6204
14.25  2.51327  41.0951  20.5671
14.25  2.54469  36.1537  36.1348
14.25  2.57611  45.8393  39.6281
14.25  2.60752  49.4107  25.7403
14.25  2.63894  38.1691  22.1928
14.25  2.67035  29.2973  20.4514
14.25  2.70177  33.994  21.8634
14.25  2.73319  43.7124  43.7124
14.25  2.7646  65.1103  52.5105
14.25  2.79602  36.7536  18.4586
14.25  2.82743  63.3326  47.8314
14.25  2.85885  0.252781  1.75934
14.25  2.89027  0  0
14.25  2.92168  0  0
14.25  2.9531  0  0
14.25  2.98451  0  0
14.25  3.01593  0  0
14.25  3.04734  0  0
14.25  3.07876  0  0
14.25  3.11018  0  0
14.375  0  0  0
14.375  0.0314159  0  0
14.375  0.0628319  0  0
14.375  0.0942478  0  0
14.375  0.125664  0  0
14.375  0.15708  0  0
14.375  0.188496  0  0
14.375  0.219911  0  0
14.375  0.251327  0.248912  2.13244
14.375  0.282743  18.892  16.3134
14.375  0.314159  59.6272  56.6913
14.375  0.345575  50.3536  49.3923
14.375  0.376991  41.5601  23.0643
14.375  0.408407  40.8515  34.3004
14.375  0.439823  21.2638  14.9722
14.375  0.471239  36.4199  19.3719
14.375  0.502655  25.296  31.3701
14.375  0.534071  30.1301  25.2499
14.375  0.565487  33.2854  20.0357
14.375  0.596903  20.7947  26.6893
14.375  0.628319  19.3843  22.259
14.375  0.659734  11.6004  19.1215
14.375  0.69115  38.1996  41.9425
14.375  0.722566  27.6244  26.896
14.375  0.753982  22.118  16.5702
14.375  0.785398  10.6128  8.96187
14.375  0.816814  14.128  20.2849
14.375  0.84823  15.1719  18.3269
14.375  0.879646  32.9324  17.5194
14.375  0.911062  2.65068  0.461416
14.375  0.942478  10.6798  18.0807
14.375  0.973894  19.7054  16.3921
14.375  1.00531  8.95836  9.09981
14.375  1.03673  175.055  146.36
14.375  1.06814  82.5552  54.3265
14.375  1.09956  14.21  15.7213
14.375  1.13097  193.259  103.905
14.375  1.16239  34.2157  25.3467
14.375  1.19381  7.43157  8.44893
14.375  1.22522  4.52619  2.0507
14.375  1.25664  59.2252  45.9767
14.375  1.28805  23.6896  11.9676
14.375  1.31947  30.6164  15.9891
14.375  1.35088  24.5272  18.0229
14.375  1.3823  35.8998  34.734
14.375  1.41372  23.4518  18.607
14.375  1.44513  50.279  29.3368
14.375  1.47655  21.1092  11.9359
14.375  1.50796  2.36435  0.321822
14.375  1.53938  2.79173  0.67742
14.375  1.5708  62.3884  34.6566
14.375  1.60221  1.81635  0.396599
14.375  1.63363  18.3863  14.9003
14.375  1.66504  158.116  84.3422
14.375  1.69646  32.2673  28.9057
14.375  1.72788  43.3333  67.589
14.375  1.75929  19.1977  4.95789
14.375  1.79071  5.70915  2.99436
14.375  1.82212  136.179  109.42
14.375  1.85354  3.2436  0.952617
14.375  1.88496  12.7652  16.833
14.375  1.91637  118.164  111.692
14.375  1.94779  9.82055  12.1566
14.375  1.9792  211.226  130.477
14.375  2.01062  2.99209  0.850589
14.375  2.04204  17.0266  19.5892
14.375  2.07345  314.437  341.051
14.375  2.10487  14.3628  15.799
14.375  2.13628  24.9765  12.7974
14.375  2.1677  26.9474  17.3449
14.375  2.19911  9.33123  17.7257
14.375  2.23053  10.2393  13.601
14.375  2.26195  8.15213  8.54269
14.375  2.29336  21.1306  28.1055
14.375  2.32478  15.4903  22.945
14.375  2.35619  7.83426  5.49447
14.375  2.38761  33.7323  28.6013
14.375  2.41903  17.6811  19.8204
14.375  2.45044  16.7768  23.8218
14.375  2.48186  28.4324  28.2096
14.375  2.51327  22.6078  15.8033
14.375  2.54469  24.7076  26.4192
14.375  2.57611  30.0116  34.0099
14.375  2.60752  23.898  15.0125
14.375  2.63894  41.8111  41.5265
14.375  2.67035  57.4906  28.9431
14.375  2.70177  52.6558  52.054
14.375  2.73319  22.9666  22.6824
14.375  2.7646  52.0741  39.3505
14.375  2.79602  51.0271  38.1747
14.375  2.82743  40.4434  40.1548
14.375  2.85885  47.4397  28.4571
14.375  2.89027  0  0
14.375  2.92168  0  0
14.375  2.9531  0  0
14.375  2.98451  0  0
14.375  3.01593  0  0
14.375  3.04734  0  0
14.375  3.07876  0  0
14.375  3.11018  0  0
14.5  0  0  0
14.5  0.0314159  0  0
14.5  0.0628319  0  0
14.5  0.0942478  0  0
14.5  0.125664  0  0
14.5  0.15708  0  0
14.5  0.188496  0  0
14.5  0.219911  0  0
14.5  0.251327  118.81  60.3184
14.5  0.282743  39.2608  22.3097
14.5  0.314159  61.0084  47.4428
14.5  0.345575  36.7798  28.9046
14.5  0.376991  26.9221  17.9991
14.5  0.408407  33.6796  29.351
14.5  0.439823  44.3868  36.3363
14.5  0.471239  40.9605  32.6133
14.5  0.502655  17.5849  19.005
14.5  0.534071  40.9101  40.4735
14.5  0.565487  22.2153  25.1009
14.5  0.596903  35.7444  28.374
14.5  0.628319  16.2946  21.2024
14.5  0.659734  34.3893  34.2403
14.5  0.69115  15.988  18.2472
14.5  0.722566  10.6218  16.5922
14.5  0.753982  33.5712  39.1955
14.5  0.785398  50.2334  43.2048
14.5  0.816814  6.14697  3.27405
14.5  0.84823  2.51681  0.409186
14.5  0.879646  9.08902  8.76042
14.5  0.911062  4.5048  1.5272
14.5  0.942478  20.2093  28.2362
14.5  0.973894  90.7259  48.6748
14.5  1.00531  137.457  106.184
14.5  1.03673  132.911  226.028
14.5  1.06814  22.1197  21.4567
14.5  1.09956  5.1343  3.67363
14.5  1.13097  77.0218  27.3431
14.5  1.16239  70.3449  109.079
14.5  1.19381  329.515  298.543
14.5  1.22522  10.6993  10.6649
14.5  1.25664  1.97962  0.532574
14.5  1.28805  100.638  93.5077
14.5  1.31947  13.6997  15.3616
14.5  1.35088  28.2945  18.1115
14.5  1.3823  5.56427  4.93226
14.5  1.41372  71.0794  37.4449
14.5  1.44513  199.51  146.218
14.5  1.47655  6.32202  7.74229
14.5  1.50796  37.39  36.8925
14.5  1.53938  50.3696  28.6996
14.5  1.5708  33.8121  48.8922
14.5  1.60221  64.1279  57.6076
14.5  1.63363  227.463  116.521
14.5  1.66504  11.2826  5.46672
14.5  1.69646  70.6809  51.49
14.5  1.72788  10.093  13.9277
14.5  1.75929  78.1704  60.4041
14.5  1.79071  113.817  56.9195
14.5  1.82212  439.97  313.915
14.5  1.85354  8.25578  14.5934
14.5  1.88496  4.55023  2.57722
14.5  1.91637  81.0075  31.8157
14.5  1.94779  75.3394  44.6145
14.5  1.9792  22.2566  11.2974
14.5  2.01062  13.0645  10.8139
14.5  2.04204  2.12661  0.280248
14.5  2.07345  33.5061  20.3789
14.5  2.10487  42.7386  36.5646
14.5  2.13628  97.1696  71.1488
14.5  2.1677  16.5209  18.3855
14.5  2.19911  14.0407  21.3189
14.5  2.23053  5.14727  2.92277
14.5  2.26195  10.6272  18.2054
14.5  2.29336  10.2059  18.2659
14.5  2.32478  10.258  18.2192
14.5  2.35619  15.165  19.8684
14.5  2.38761  29.102  23.3444
14.5  2.41903  41.8273  27.4601
14.5  2.45044  16.1168  16.6024
14.5  2.48186  21.5941  16.5901
14.5  2.51327  38.8104  36.8455
14.5  2.54469  29.9423  29.2121
14.5  2.57611  18.7413  23.2618
14.5  2.60752  38.868  21.782
14.5  2.63894  31.742  27.6444
14.5  2.67035  44.8036  22.482
14.5  2.70177  49.9348  40.9123
14.5  2.73319  45.0089  44.9829
14.5  2.7646  61.0807  40.5917
14.5  2.79602  32.2662  40.3184
14.5  2.82743  2.18748  16.0514
14.5  2.85885  0.245774  2.26702
14.5  2.89027  0  0
14.5  2.92168  0  0
14.5  2.9531  0  0
14.5  2.98451  0  0
14.5  3.01593  0  0
14.5  3.04734  0  0
14.5  3.07876  0  0
14.5  3.11018  0  0
14.625  0  0  0
14.625  0.0314159  0  0
14.625  0.0628319  0  0
14.625  0.0942478  0  0
14.625  0.125664  0  0
14.625  0.15708  0  0
14.625  0.188496  0  0
14.625  0.219911  0  0
14.625  0.251327  46.6573  27.822
14.625  0.282743  112.93  106.953
14.625  0.314159  18.648  18.6974
14.625  0.345575  34.3133  19.7404
14.625  0.376991  53.9662  30.7232
14.625  0.408407  43.4136  22.757
14.625  0.439823  26.095  19.2814
14.625  0.471239  40.9375  27.1307
14.625  0.502655  39.2224  23.9477
14.625  0.534071  26.5653  30.0768
14.625  0.565487  40.6476  23.602
14.625  0.596903  17.9279  22.6926
14.625  0.628319  41.6131  23.5782
14.625  0.659734  30.197  18.849
14.625  0.69115  29.0701  28.1981
14.625  0.722566  24.1631  14.7219
14.625  0.753982  21.8547  18.8357
14.625  0.785398  17.71  19.6144
14.625  0.816814  11.7657  18.8115
14.625  0.84823  13.7613  13.4608
14.625  0.879646  14.5624  18.5977
14.625  0.911062  5.35044  1.95026
14.625  0.942478  12.8147  19.3452
14.625  0.973894  3.09232  0.585292
14.625  1.00531  7.29933  4.7307
14.625  1.03673  12.6984  14.6878
14.625  1.06814  17.4765  20.1678
14.625  1.09956  16.4488  11.6244
14.625  1.13097  3.74427  1.58816
14.625  1.16239  10.7093  13.8051
14.625  1.19381  34.6393  18.3033
14.625  1.22522  10.9728  15.4828
14.625  1.25664  11.6269  9.90631
14.625  1.28805  2.17177  0.35823
14.625  1.31947  23.6725  19.7931
14.625  1.35088  16.3047  10.1366
14.625  1.3823  10.8309  13.4347
14.625  1.41372  5.29079  4.39088
14.625  1.44513  3.40607  1.34102
14.625  1.47655  68.9788  48.4669
14.625  1.50796  32.434  35.7939
14.625  1.53938  37.1972  53.8189
14.625  1.5708  7.49607  8.3252
14.625  1.60221  13.6962  9.00104
14.625  1.63363  2.92503  1.13577
14.625  1.66504  96.2942  84.0189
14.625  1.69646  5.24251  4.97627
14.625  1.72788  265.492  261.882
14.625  1.75929  36.2216  20.9665
14.625  1.79071  2.93621  0.745448
14.625  1.82212  32.1565  41.6009
14.625  1.85354  48.5357  51.453
14.625  1.88496  7.69183  12.4833
14.625  1.91637  48.0406  26.2251
14.625  1.94779  34.9551  44.4343
14.625  1.9792  41.1439  56.3056
14.625  2.01062  69.4905  54.1642
14.625  2.04204  16.6538  14.6388
14.625  2.07345  7.77692  9.56657
14.625  2.10487  19.1922  11.0608
14.625  2.13628  24.685  17.0553
14.625  2.1677  5.13813  4.11232
14.625  2.19911  48.8436  25.1209
14.625  2.23053  12.3907  19.9842
14.625  2.26195  10.225  18.1289
14.625  2.29336  10.3934  19.2238
14.625  2.32478  10.8417  19.0949
14.625  2.35619  31.3703  25.4348
14.625  2.38761  220.828  110.534
14.625  2.41903  16.6228  19.7571
14.625  2.45044  6.26124  3.63466
14.625  2.48186  10.1879  19.3953
14.625  2.51327  20.688  16.9038
14.625  2.54469  23.1023  18.0686
14.625  2.57611  39.8777  20.3779
14.625  2.60752  18.7907  22.4361
14.625  2.63894  11.5448  18.9877
14.625  2.67035  51.7838  51.7806
14.625  2.70177  38.185  19.3104
14.625  2.73319  55.3985  50.8003
14.625  2.7646  43.9356  38.0168
14.625  2.79602  50.753  25.5739
14.625  2.82743  46.0333  29.5273
14.625  2.85885  5.31318  38.9873
14.625  2.89027  0  0
14.625  2.92168  0  0
14.625  2.9531  0  0
14.625  2.98451  0  0
14.625  3.01593  0  0
14.625  3.04734  0  0
14.625  3.07876  0  0
14.625  3.11018  0  0
14.75  0  0  0
14.75  0.0314159  0  0
14.75  0.0628319  0  0
14.75  0.0942478  0  0
14.75  0.125664  0  0
14.75  0.15708  0  0
14.75  0.188496  0  0
14.75  0.219911  0  0
14.75  0.251327  50.6734  30.2563
14.75  0.282743  72.6827  67.0094
14.75  0.314159  70.3881  36.155
14.75  0.345575  55.6854  47.6695
14.75  0.376991  38.7081  30.8917
14.75  0.408407  37.6842  22.3636
14.75  0.439823  54.8902  53.5679
14.75  0.471239  49.8451  34.1081
14.75  0.502655  17.1776  17.2719
14.75  0.534071  33.0802  19.5695
14.75  0.565487  26.0457  31.9214
14.75  0.596903  31.0151  23.177
14.75  0.628319  13.5425  23.9474
14.75  0.659734  153.146  124.982
14.75  0.69115  15.7492  19.6445
14.75  0.722566  10.6922  18.398
14.75  0.753982  4.30694  1.05703
14.75  0.785398  8.57718  7.00287
14.75  0.816814  33.6798  43.3755
14.75  0.84823  15.8967  18.7797
14.75  0.879646  3.01764  0.506482
14.75  0.911062  9.9269  10.5349
14.75  0.942478  15.8226  16.8537
14.75  0.973894  77.3922  63.1601
14.75  1.00531  26.1155  20.6644
14.75  1.03673  122.088  66.2371
14.75  1.06814  6.54476  5.72174
14.75  1.09956  89.1852  44.6159
14.75  1.13097  18.2801  14.9544
14.75  1.16239  6.69856  6.13552
14.75  1.19381  8.67532  14.3628
14.75  1.22522  8.28069  13.827
14.75  1.25664  52.7554  77.2122
14.75  1.28805  173.538  117.722
14.75  1.31947  62.1272  38.3025
14.75  1.35088  10.0105  16.4037
14.75  1.3823  54.1756  66.4268
14.75  1.41372  22.3907  19.3971
14.75  1.44513  74.2603  20.76
14.75  1.47655  152.288  85.4243
14.75  1.50796  55.9106  24.1974
14.75  1.53938  68.5163  68.1844
14.75  1.5708  1.87919  0.471131
14.75  1.60221  73.2565  45.3214
14.75  1.63363  69.5355  37.0698
14.75  1.66504  4.56364  3.05057
14.75  1.69646  26.3785  16.4457
14.75  1.72788  83.525  64.6852
14.75  1.75929  296.882  253.36
14.75  1.79071  40.6119  31.5151
14.75  1.82212  13.0084  11.0744
14.75  1.85354  37.9588  50.4907
14.75  1.88496  103.547  41.9365
14.75  1.91637  2.99466  1.03485
14.75  1.94779  31.7286  16.7405
14.75  1.9792  66.7059  19.6164
14.75  2.01062  218.846  126.232
14.75  2.04204  31.9325  27.4083
14.75  2.07345  2.75321  0.856743
14.75  2.10487  24.7199  32.3153
14.75  2.13628  267.975  220.467
14.75  2.1677  15.1689  20.1074
14.75  2.19911  15.6172  15.7212
14.75  2.23053  8.63558  7.91192
14.75  2.26195  69.3235  45.6431
14.75  2.29336  81.6721  50.7011
14.75  2.32478  22.131  25.0756
14.75  2.35619  12.8675  21.3218
14.75  2.38761  4.43388  2.30956
14.75  2.41903  25.6549  16.775
14.75  2.45044  14.2447  19.8684
14.75  2.48186  17.6527  22.2818
14.75  2.51327  39.5324  21.4844
14.75  2.54469  27.2517  24.5027
14.75  2.57611  19.7364  28.9057
14.75  2.60752  39.47  30.8199
14.75  2.63894  31.8852  31.859
14.75  2.67035  17.7585  36.2004
14.75  2.70177  48.134  35.3819
14.75  2.73319  50.0791  25.5694
14.75  2.7646  14.0606  24.8049
14.75  2.79602  33.0402  30.853
14.75  2.82743  67.3671  62.1819
14.75  2.85885  0  0
14.75  2.89027  0  0
14.75  2.92168  0  0
14.75  2.9531  0  0
14.75  2.98451  0  0
14.75  3.01593  0  0
14.75  3.04734  0  0
14.75  3.07876  0  0
14.75  3.11018  0  0
14.875  0  0  0
14.875  0.0314159  0  0
14.875  0.0628319  0  0
14.875  0.0942478  0  0
14.875  0.125664  0  0
14.875  0.15708  0  0
14.875  0.188496  0  0
14.875  0.219911  0  0
14.875  0.251327  46.4234  23.2407
14.875  0.282743  70.9571  40.6515
14.875  0.314159  59.1268  32.4138
14.875  0.345575  66.1203  65.858
14.875  0.376991  41.7598  37.4663
14.875  0.408407  46.1882  37.7809
14.875  0.439823  23.8959  14.5111
14.875  0.471239  53.4149  53.175
14.875  0.502655  15.2092  23.8331
14.875  0.534071  39.3393  38.9805
14.875  0.565487  31.157  18.6386
14.875  0.596903  84.8679  76.2209
14.875  0.628319  18.8859  15.191
14.875  0.659734  37.1621  30.6365
14.875  0.69115  39.2337  28.5343
14.875  0.722566  21.5198  14.4544
14.875  0.753982  14.3607  17.3968
14.875  0.785398  3.23218  0.664081
14.875  0.816814  52.49  59.8602
14.875  0.84823  16.6326  15.3058
14.875  0.879646  40.3621  38.1069
14.875  0.911062  26.1806  20.8718
14.875  0.942478  78.5601  81.6751
14.875  0.973894  3.02049  1.00676
14.875  1.00531  14.3978  13.9362
14.875  1.03673  4.09146  1.43376
14.875  1.06814  52.0325  44.8345
14.875  1.09956  46.2898  22.3451
14.875  1.13097  162.02  145.574
14.875  1.16239  6.86479  13.2862
14.875  1.19381  28.7524  16.9058
14.875  1.22522  7.41953  11.9828
14.875  1.25664  464.968  282.92
14.875  1.28805  42.0062  81.0848
14.875  1.31947  72.032  30.629
14.875  1.35088  24.929  9.39705
14.875  1.3823  32.7053  16.257
14.875  1.41372  60.7346  27.3276
14.875  1.44513  22.0868  17.8414
14.875  1.47655  181.777  178.518
14.875  1.50796  3.16291  1.07602
14.875  1.53938  118.105  140.583
14.875  1.5708  159.198  103.57
14.875  1.60221  20.4915  12.12
14.875  1.63363  12.8606  15.532
14.875  1.66504  37.6094  21.811
14.875  1.69646  2.68984  0.917605
14.875  1.72788  71.2495  128.089
14.875  1.75929  12.7232  11.0221
14.875  1.79071  23.3932  18.1182
14.875  1.82212  21.1386  6.49743
14.875  1.85354  52.3618  29.4705
14.875  1.88496  6.5188  11.766
14.875  1.91637  36.8032  24.1305
14.875  1.94779  112.5  61.4067
14.875  1.9792  12.0865  8.83949
14.875  2.01062  25.2472  24.8375
14.875  2.04204  32.7902  40.233
14.875  2.07345  9.44939  17.5124
14.875  2.10487  5.40441  2.47669
14.875  2.13628  8.64473  8.66103
14.875  2.1677  40.8747  38.2805
14.875  2.19911  8.76859  16.1797
14.875  2.23053  16.9484  13.6565
14.875  2.26195  12.9232  13.0932
14.875  2.29336  100.373  93.6761
14.875  2.32478  6.28994  5.29078
14.875  2.35619  93.7308  172.877
14.875  2.38761  95.6325  50.7991
14.875  2.41903  15.5199  16.1127
14.875  2.45044  20.6044  25.6908
14.875  2.48186  19.4711  23.8684
14.875  2.51327  12.6166  22.1592
14.875  2.54469  35.9566  32.8935
14.875  2.57611  26.0206  20.0944
14.875  2.60752  39.0213  32.2064
14.875  2.63894  33.3375  26.486
14.875  2.67035  48.8882  47.7976
14.875  2.70177  43.1735  42.8121
14.875  2.73319  44.2732  23.4165
14.875  2.7646  70.8342  69.6798
14.875  2.79602  22.5629  21.9418
14.875  2.82743  64.9113  42.0339
14.875  2.85885  22.1345  12.7248
14.875  2.89027  0.250277  2.26509
14.875  2.92168  0  0
14.875  2.9531  0  0
14.875  2.98451  0  0
14.875  3.01593  0  0
14.875  3.04734  0  0
14.875  3.07876  0  0
14.875  3.11018  0  0
15  0  0  0
15  0.0314159  0  0
15  0.0628319  0  0
15  0.0942478  0  0
15  0.125664  0  0
15  0.15708  0  0
15  0.188496  0  0
15  0.219911  0  0
15  0.251327  81.9288  81.0634
15  0.282743  0  0
15  0.314159  64.4263  34.9351
15  0.345575  45.0803  24.3287
15  0.376991  53.1774  52.3726
15  0.408407  45.1304  31.1281
15  0.439823  52.005  33.5705
15  0.471239  24.0754  37.433
15  0.502655  18.7429  20.9592
15  0.534071  39.7478  19.9102
15  0.565487  37.6108  21.5503
15  0.596903  36.4117  19.8308
15  0.628319  16.6648  20.8258
15  0.659734  24.1217  22.9336
15  0.69115  13.3993  20.0807
15  0.722566  32.1668  31.4011
15  0.753982  12.9015  22.1478
15  0.785398  21.0629  25.059
15  0.816814  8.35147  7.40744
15  0.84823  13.5737  21.1843
15  0.879646  53.3495  29.9181
15  0.911062  41.7848  29.9974
15  0.942478  11.6295  16.0608
15  0.973894  4.66603  3.04191
15  1.00531  79.2035  72.3211
15  1.03673  6.87064  5.15825
15  1.06814  14.4419  12.9559
15  1.09956  79.5783  47.2312
15  1.13097  21.6883  16.4743
15  1.16239  35.5936  35.9844
15  1.19381  182.124  132.479
15  1.22522  10.5736  13.215
15  1.25664  32.4949  120.552
15  1.28805  25.6136  30.4242
15  1.31947  25.4892  24.7313
15  1.35088  108.071  76.2209
15  1.3823  91.4666  63.1896
15  1.41372  42.8753  49.6405
15  1.44513  195.712  102.668
15  1.47655  72.8059  52.9287
15  1.50796  40.8286  30.9256
15  1.53938  28.3639  12.8214
15  1.5708  16.6833  6.45721
15  1.60221  5.87209  3.74303
15  1.63363  24.4916  20.7459
15  1.66504  2.01562  0.506112
15  1.69646  37.1905  46.023
15  1.72788  21.532  21.8808
15  1.75929  24.5365  21.8785
15  1.79071  6.32312  8.72729
15  1.82212  24.151  23.1797
15  1.85354  65.4098  22.155
15  1.88496  21.0413  20.9432
15  1.91637  209.604  205.822
15  1.94779  11.8318  12.9119
15  1.9792  115.267  97.5312
15  2.01062  6.2995  4.79871
15  2.04204  42.2793  59.5854
15  2.07345  10.5976  12.9241
15  2.10487  14.1573  15.1956
15  2.13628  88.594  94.7594
15  2.1677  4.03964  2.27758
15  2.19911  8.8598  15.2527
15  2.23053  4.66728  1.71311
15  2.26195  10.9353  20.2704
15  2.29336  46.3867  40.5119
15  2.32478  14.4377  12.8196
15  2.35619  20.9483  21.7266
15  2.38761  12.9142  18.5785
15  2.41903  13.4444  22.6036
15  2.45044  18.5919  16.7044
15  2.48186  18.1506  16.9795
15  2.51327  21.9587  19.206
15  2.54469  26.0819  23.9278
15  2.57611  31.5132  19.3397
15  2.60752  16.6735  25.0503
15  2.63894  43.9596  23.0594
15  2.67035  48.7714  24.557
15  2.70177  52.4936  30.5342
15  2.73319  48.9893  37.4423
15  2.7646  37.5906  21.2831
15  2.79602  46.7701  26.3898
15  2.82743  55.3271  54.9731
15  2.85885  0  0
15  2.89027  0  0
15  2.92168  0  0
15  2.9531  0  0
15  2.98451  0  0
15  3.01593  0  0
15  3.04734  0  0
15  3.07876  0  0
15  3.11018  0  0
15.125  0  0  0
15.125  0.0314159  0  0
15.125  0.0628319  0  0
15.125  0.0942478  0  0
15.125  0.125664  0  0
15.125  0.15708  0  0
15.125  0.188496  0  0
15.125  0.219911  0  0
15.125  0.251327  5.95741  43.7146
15.125  0.282743  81.7608  45.0745
15.125  0.314159  29.2435  15.1243
15.125  0.345575  18.7481  30.1975
15.125  0.376991  45.7413  45.6022
15.125  0.408407  61.9235  39.1121
15.125  0.439823  37.8709  20.0157
15.125  0.471239  51.6828  39.167
15.125  0.502655  39.8975  27.0856
15.125  0.534071  35.9895  18.4261
15.125  0.565487  34.2274  31.7053
15.125  0.596903  18.9024  22.7371
15.125  0.628319  14.5683  20.2282
15.125  0.659734  52.0835  49.1844
15.125  0.69115  13.9487  20.1176
15.125  0.722566  88.6553  111.091
15.125  0.753982  16.3093  15.6259
15.125  0.785398  3.49279  0.594235
15.125  0.816814  12.0304  20.6533
15.125  0.84823  25.2141  32.4949
15.125  0.879646  2.8844  0.661488
15.125  0.911062  6.53306  3.44092
15.125  0.942478  31.8594  16.8104
15.125  0.973894  4.86126  2.99732
15.125  1.00531  3.15606  0.6119
15.125  1.03673  9.65961  6.2936
15.125  1.06814  3.32023  0.794371
15.125  1.09956  87.8491  50.0457
15.125  1.13097  16.4535  11.5752
15.125  1.16239  8.44332  15.3238
15.125  1.19381  70.1635  35.9428
15.125  1.22522  12.4034  16.9534
15.125  1.25664  21.4243  15.9737
15.125  1.28805  24.1852  23.4468
15.125  1.31947  14.5303  9.45488
15.125  1.35088  2.18053  0.689332
15.125  1.3823  6.24825  7.55612
15.125  1.41372  21.609  10.797
15.125  1.44513  130.018  65.812
15.125  1.47655  7.12044  6.28209
15.125  1.50796  189.846  117.165
15.125  1.53938  53.6457  39.3515
15.125  1.5708  47.1106  15.5397
15.125  1.60221  9.8503  12.9082
15.125  1.63363  8.35211  14.3687
15.125  1.66504  82.1159  113.922
15.125  1.69646  90.6212  117.319
15.125  1.72788  24.2017  13.4994
15.125  1.75929  37.5734  32.3055
15.125  1.79071  362.454  321.26
15.125  1.82212  5.52674  4.12426
15.125  1.85354  58.2989  75.7494
15.125  1.88496  61.2573  43.9779
15.125  1.91637  69.9091  49.402
15.125  1.94779  71.1684  83.0904
15.125  1.9792  81.6843  106.86
15.125  2.01062  66.5185  42.5349
15.125  2.04204  27.7612  37.0155
15.125  2.07345  67.1497  70.9642
15.125  2.10487  67.2172  37.91
15.125  2.13628  20.2234  30.6195
15.125  2.1677  10.9373  18.0827
15.125  2.19911  2.08725  0.38574
15.125  2.23053  9.27092  9.64639
15.125  2.26195  11.276  18.4732
15.125  2.29336  4.06797  0.9375
15.125  2.32478  6.53934  3.6005
15.125  2.35619  13.697  18.9303
15.125  2.38761  32.9356  25.667
15.125  2.41903  18.8057  18.7391
15.125  2.45044  25.2933  25.9706
15.125  2.48186  32.7749  19.3134
15.125  2.51327  24.0123  21.577
15.125  2.54469  33.225  28.8607
15.125  2.57611  32.5891  34.5957
15.125  2.60752  43.1664  21.5918
15.125  2.63894  30.2825  19.8036
15.125  2.67035  38.7847  24.2664
15.125  2.70177  26.0778  32.044
15.125  2.73319  58.1578  58.1151
15.125  2.7646  58.8773  54.7799
15.125  2.79602  31.9264  24.8625
15.125  2.82743  74.2318  38.2521
15.125  2.85885  0.250273  2.2651
15.125  2.89027  0  0
15.125  2.92168  0  0
15.125  2.9531  0  0
15.125  2.98451  0  0
15.125  3.01593  0  0
15.125  3.04734  0  0
15.125  3.07876  0  0
15.125  3.11018  0  0
15.25  0  0  0
15.25  0.0314159  0  0
15.25  0.0628319  0  0
15.25  0.0942478  0  0
15.25  0.125664  0  0
15.25  0.15708  0  0
15.25  0.188496  0  0
15.25  0.219911  0  0
15.25  0.251327  3.45343  25.3408
15.25  0.282743  85.1584  84.6575
15.25  0.314159  63.5557  62.415
15.25  0.345575  58.7014  29.6276
15.25  0.376991  37.0868  33.9448
15.25  0.408407  38.1279  29.0054
15.25  0.439823  41.2859  20.9153
15.25  0.471239  35.8534  29.5482
15.25  0.502655  17.4836  24.1914
15.25  0.534071  16.4312  24.5637
15.25  0.565487  48.1464  37.4017
15.25  0.596903  21.4905  27.1682
15.25  0.628319  25.0654  20.497
15.25  0.659734  21.2564  25.0921
15.25  0.69115  28.9066  29.5061
15.25  0.722566  58.5276  27.8335
15.25  0.753982  160.047  159.871
15.25  0.785398  18.9647  19.7126
15.25  0.816814  14.1382  16.7153
15.25  0.84823  10.666  11.4609
15.25  0.879646  23.077  14.9038
15.25  0.911062  6.65381  5.32696
15.25  0.942478  66.6704  96.9678
15.25  0.973894  73.3158  44.1439
15.25  1.00531  1.43511  0.40366
15.25  1.03673  9.87566  16.7319
15.25  1.06814  195.449  187.85
15.25  1.09956  55.1053  31.1812
15.25  1.13097  185.489  155.324
15.25  1.16239  13.2072  16.3205
15.25  1.19381  22.4122  13.4643
15.25  1.22522  37.166  67.8065
15.25  1.25664  12.5509  7.02531
15.25  1.28805  83.5674  48.6275
15.25  1.31947  4.92676  3.44786
15.25  1.35088  135.631  124.764
15.25  1.3823  62.4603  44.4064
15.25  1.41372  226.608  196.06
15.25  1.44513  98.5493  87.3229
15.25  1.47655  80.9943  61.4517
15.25  1.50796  67.4756  53.3882
15.25  1.53938  86.4165  44.6025
15.25  1.5708  30.9886  21.3237
15.25  1.60221  275.685  254.416
15.25  1.63363  8.73818  14.2659
15.25  1.66504  5.94739  6.15384
15.25  1.69646  57.8494  30.9921
15.25  1.72788  13.3139  16.3702
15.25  1.75929  100.419  53.752
15.25  1.79071  7.15776  5.82322
15.25  1.82212  13.8595  13.1922
15.25  1.85354  14.9808  6.03687
15.25  1.88496  80.5004  45.0108
15.25  1.91637  35.6635  26.2004
15.25  1.94779  133.642  66.821
15.25  1.9792  24.1264  17.6876
15.25  2.01062  22.7111  33.1386
15.25  2.04204  2.65879  1.04939
15.25  2.07345  79.4734  32.096
15.25  2.10487  12.4461  13.9215
15.25  2.13628  27.3588  10.0032
15.25  2.1677  42.0282  28.3929
15.25  2.19911  11.1713  19.7578
15.25  2.23053  14.8545  15.5359
15.25  2.26195  12.8137  19.659
15.25  2.29336  22.3244  22.8588
15.25  2.32478  32.2596  16.1418
15.25  2.35619  4.15013  1.8618
15.25  2.38761  36.0419  18.4319
15.25  2.41903  20.5647  13.9431
15.25  2.45044  16.7364  10.5089
15.25  2.48186  21.3037  21.8122
15.25  2.51327  15.5904  25.0152
15.25  2.54469  35.6432  18.9314
15.25  2.57611  34.08  22.3854
15.25  2.60752  42.0837  21.1613
15.25  2.63894  44.1448  23.7959
15.25  2.67035  41.6489  32.928
15.25  2.70177  54.0169  50.1142
15.25  2.73319  68.9871  66.1655
15.25  2.7646  58.9429  47.2694
15.25  2.79602  76.2185  71.5693
15.25  2.82743  81.1225  56.125
15.25  2.85885  4.94195  36.2633
15.25  2.89027  0  0
15.25  2.92168  0  0
15.25  2.9531  0  0
15.25  2.98451  0  0
15.25  3.01593  0  0
15.25  3.04734  0  0
15.25  3.07876  0  0
15.25  3.11018  0  0
15.375  0  0  0
15.375  0.0314159  0  0
15.375  0.0628319  0  0
15.375  0.0942478  0  0
15.375  0.125664  0  0
15.375  0.15708  0  0
15.375  0.188496  0  0
15.375  0.219911  0  0
15.375  0.251327  48.5864  47.927
15.375  0.282743  0.258761  1.70212
15.375  0.314159  0.573081  4.20518
15.375  0.345575  44.8792  24.1595
15.375  0.376991  35.4282  17.7365
15.375  0.408407  61.5607  31.262
15.375  0.439823  17.2085  26.9011
15.375  0.471239  53.9191  29.2746
15.375  0.502655  45.7171  41.8966
15.375  0.534071  16.085  31.2764
15.375  0.565487  36.6696  29.2424
15.375  0.596903  23.1015  22.2693
15.375  0.628319  33.1493  28.8674
15.375  0.659734  31.2223  17.4517
15.375  0.69115  27.5152  29.9555
15.375  0.722566  214.801  157.019
15.375  0.753982  31.5475  15.7923
15.375  0.785398  11.3678  19.3779
15.375  0.816814  11.7915  19.6099
15.375  0.84823  13.2636  18.2317
15.375  0.879646  28.1559  28.1498
15.375  0.911062  197.302  110.24
15.375  0.942478  115.599  201.433
15.375  0.973894  36.1988  21.5094
15.375  1.00531  23.0814  8.95291
15.375  1.03673  52.1842  29.7631
15.375  1.06814  16.2741  5.89469
15.375  1.09956  63.999  33.0869
15.375  1.13097  6.19907  6.85048
15.375  1.16239  25.2995  24.2038
15.375  1.19381  75.6751  94.8705
15.375  1.22522  3.37219  1.41823
15.375  1.25664  181.649  215.765
15.375  1.28805  21.4906  6.70712
15.375  1.31947  89.3083  45.7185
15.375  1.35088  4.54246  1.91681
15.375  1.3823  33.3661  16.9075
15.375  1.41372  17.4885  7.50495
15.375  1.44513  20.3614  22.8991
15.375  1.47655  18.5222  21.2732
15.375  1.50796  50.6205  71.9994
15.375  1.53938  6.23047  2.86641
15.375  1.5708  5.82643  3.89244
15.375  1.60221  22.3009  11.1995
15.375  1.63363  118.606  98.9197
15.375  1.66504  3.41968  1.76839
15.375  1.69646  5.40532  4.71879
15.375  1.72788  3.54272  1.64666
15.375  1.75929  50.7633  29.6831
15.375  1.79071  32.1379  32.1166
15.375  1.82212  87.6857  51.5811
15.375  1.85354  8.88481  15.762
15.375  1.88496  177.335  105.853
15.375  1.91637  4.48949  1.27307
15.375  1.94779  30.5762  25.3502
15.375  1.9792  12.7486  11.899
15.375  2.01062  3.54067  1.30919
15.375  2.04204  160.697  80.6857
15.375  2.07345  8.2114  14.8646
15.375  2.10487  1.71872  0.244017
15.375  2.13628  3.36854  1.27329
15.375  2.1677  54.3683  66.4058
15.375  2.19911  8.94495  15.7313
15.375  2.23053  212.111  136.405
15.375  2.26195  3.22222  0.670357
15.375  2.29336  6.26277  5.02508
15.375  2.32478  10.4459  18.4167
15.375  2.35619  14.5881  53.4779
15.375  2.38761  28.5089  21.8195
15.375  2.41903  28.7489  28.1755
15.375  2.45044  16.9891  17.6059
15.375  2.48186  15.2544  17.3595
15.375  2.51327  15.1703  23.1729
15.375  2.54469  27.6681  27.7993
15.375  2.57611  35.696  28.5996
15.375  2.60752  17.0201  20.3542
15.375  2.63894  44.3194  44.007
15.375  2.67035  52.779  27.7545
15.375  2.70177  18.8135  32.5238
15.375  2.73319  48.2603  27.6756
15.375  2.7646  71.3374  35.8037
15.375  2.79602  69.8266  44.4267
15.375  2.82743  35.1456  18.1387
15.375  2.85885  40.7458  26.7431
15.375  2.89027  0  0
15.375  2.92168  0  0
15.375  2.9531  0  0
15.375  2.98451  0  0
15.375  3.01593  0  0
15.375  3.04734  0  0
15.375  3.07876  0  0
15.375  3.11018  0  0
15.5  0  0  0
15.5  0.0314159  0  0
15.5  0.0628319  0  0
15.5  0.0942478  0  0
15.5  0.125664  0  0
15.5  0.15708  0  0
15.5  0.188496  0  0
15.5  0.219911  0  0
15.5  0.251327  6.1203  44.9099
15.5  0.282743  60.1621  52.2574
15.5  0.314159  35.917  35.4745
15.5  0.345575  33.0239  18.9538
15.5  0.376991  58.9393  54.1497
15.5  0.408407  36.0715  35.5196
15.5  0.439823  48.9335  25.5631
15.5  0.471239  49.7232  48.4755
15.5  0.502655  19.5912  26.6097
15.5  0.534071  40.4927  35.2389
15.5  0.565487  31.3683  16.4319
15.5  0.596903  23.9077  17.6722
15.5  0.628319  35.3876  24.4381
15.5  0.659734  20.1473  18.3462
15.5  0.69115  20.0326  17.5366
15.5  0.722566  17.8712  16.7459
15.5  0.753982  12.1124  21.8722
15.5  0.785398  20.3216  27.7921
15.5  0.816814  14.6902  21.2519
15.5  0.84823  187.314  165.225
15.5  0.879646  15.1225  18.2286
15.5  0.911062  54.9445  18.5451
15.5  0.942478  156.551  113.016
15.5  0.973894  34.1686  29.2688
15.5  1.00531  18.7076  24.4497
15.5  1.03673  211.878  204.207
15.5  1.06814  16.7688  16.7764
15.5  1.09956  6.89437  4.67863
15.5  1.13097  116.396  116.136
15.5  1.16239  3.7436  1.4193
15.5  1.19381  7.31456  13.2099
15.5  1.22522  2.32744  0.569501
15.5  1.25664  115.13  83.3884
15.5  1.28805  100.955  80.8259
15.5  1.31947  7.54527  4.74644
15.5  1.35088  92.0482  69.5865
15.5  1.3823  15.3381  5.2765
15.5  1.41372  11.4968  10.0082
15.5  1.44513  55.1566  26.5269
15.5  1.47655  21.5139  18.2001
15.5  1.50796  71.9922  33.0768
15.5  1.53938  80.9565  71.6787
15.5  1.5708  305.002  222.569
15.5  1.60221  2.4781  0.542259
15.5  1.63363  71.8837  69.7067
15.5  1.66504  55.1881  28.5816
15.5  1.69646  127.383  136.201
15.5  1.72788  8.14454  5.74749
15.5  1.75929  46.3003  20.3221
15.5  1.79071  128.217  197.662
15.5  1.82212  86.6456  70.9786
15.5  1.85354  29.78  12.9401
15.5  1.88496  19.0821  22.5257
15.5  1.91637  4.25863  1.8809
15.5  1.94779  13.2787  13.0217
15.5  1.9792  11.9184  17.3188
15.5  2.01062  16.7642  24.7029
15.5  2.04204  131.987  85.8792
15.5  2.07345  20.5112  15.2865
15.5  2.10487  84.7118  120.2
15.5  2.13628  48.0532  12.4817
15.5  2.1677  16.3239  21.585
15.5  2.19911  3.23536  0.648595
15.5  2.23053  19.1816  15.2813
15.5  2.26195  14.615  16.1257
15.5  2.29336  58.9115  73.0956
15.5  2.32478  71.5674  66.2142
15.5  2.35619  13.946  22.0583
15.5  2.38761  11.688  20.9617
15.5  2.41903  118.509  91.5231
15.5  2.45044  25.137  22.5238
15.5  2.48186  25.7264  22.5908
15.5  2.51327  29.6618  23.4556
15.5  2.54469  15.4373  22.3043
15.5  2.57611  32.3838  23.7386
15.5  2.60752  47.0018  32.4875
15.5  2.63894  42.8579  22.1023
15.5  2.67035  41.174  26.9958
15.5  2.70177  59.0043  29.5702
15.5  2.73319  20.5149  27.465
15.5  2.7646  28.891  20.1459
15.5  2.79602  24.761  12.3826
15.5  2.82743  32.2916  18.3623
15.5  2.85885  3.08118  22.6092
15.5  2.89027  0  0
15.5  2.92168  0  0
15.5  2.9531  0  0
15.5  2.98451  0  0
15.5  3.01593  0  0
15.5  3.04734  0  0
15.5  3.07876  0  0
15.5  3.11018  0  0
15.625  0  0  0
15.625  0.0314159  0  0
15.625  0.0628319  0  0
15.625  0.0942478  0  0
15.625  0.125664  0  0
15.625  0.15708  0  0
15.625  0.188496  0  0
15.625  0.219911  0  0
15.625  0.251327  75.462  79.5181
15.625  0.282743  70.6558  63.8197
15.625  0.314159  38.7181  20.1702
15.625  0.345575  68.252  35.0752
15.625  0.376991  40.911  40.8126
15.625  0.408407  39.563  20.9875
15.625  0.439823  46.9733  37.1872
15.625  0.471239  42.3506  21.5042
15.625  0.502655  10.5098  22.6377
15.625  0.534071  37.1581  23.0615
15.625  0.565487  30.9182  27.1404
15.625  0.596903  28.535  22.3629
15.625  0.628319  32.4651  34.7218
15.625  0.659734  17.0828  20.6431
15.625  0.69115  31.4345  26.2113
15.625  0.722566  14.6664  19.4365
15.625  0.753982  26.1083  13.5532
15.625  0.785398  86.1652  28.9544
15.625  0.816814  14.386  14.0293
15.625  0.84823  11.5071  19.8768
15.625  0.879646  10.8193  18.214
15.625  0.911062  30.7883  31.0073
15.625  0.942478  1.98724  0.371556
15.625  0.973894  259.337  209.099
15.625  1.00531  15.592  16.1732
15.625  1.03673  40.4311  53.9134
15.625  1.06814  119.598  118.576
15.625  1.09956  124.626  91.0656
15.625  1.13097  66.6441  51.2904
15.625  1.16239  2.04638  0.212169
15.625  1.19381  99.3386  54.6955
15.625  1.22522  3.34735  1.40168
15.625  1.25664  2.35403  0.571774
15.625  1.28805  98.9834  53.9639
15.625  1.31947  38.7886  30.3198
15.625  1.35088  4.29934  2.37403
15.625  1.3823  123.799  68.1331
15.625  1.41372  151.625  75.6915
15.625  1.44513  65.2731  28.7572
15.625  1.47655  49.1805  21.9981
15.625  1.50796  560.721  557.542
15.625  1.53938  2.44934  0.494499
15.625  1.5708  2.42263  0.334755
15.625  1.60221  8.04228  7.13794
15.625  1.63363  67.2092  53.1818
15.625  1.66504  15.4804  11.2147
15.625  1.69646  135.016  68.9049
15.625  1.72788  1.93277  0.470033
15.625  1.75929  249.362  197.704
15.625  1.79071  191.681  96.0271
15.625  1.82212  53.6929  34.0574
15.625  1.85354  39.0458  23.8651
15.625  1.88496  31.5255  51.5208
15.625  1.91637  45.8815  60.911
15.625  1.94779  7.73269  11.6656
15.625  1.9792  24.4446  16.1516
15.625  2.01062  73.6076  56.9857
15.625  2.04204  17.3405  12.9536
15.625  2.07345  22.9178  13.1845
15.625  2.10487  23.0015  20.758
15.625  2.13628  25.0076  20.0506
15.625  2.1677  31.0672  34.2206
15.625  2.19911  19.4679  14.1343
15.625  2.23053  13.1044  16.5892
15.625  2.26195  37.9168  50.1322
15.625  2.29336  8.53018  5.41112
15.625  2.32478  36.1083  18.5614
15.625  2.35619  163.02  81.5121
15.625  2.38761  225.087  113.849
15.625  2.41903  32.8745  17.5386
15.625  2.45044  23.638  29.5144
15.625  2.48186  11.0008  9.61229
15.625  2.51327  29.8424  22.2522
15.625  2.54469  35.4763  34.9824
15.625  2.57611  28.1924  27.4362
15.625  2.60752  33.4897  16.7489
15.625  2.63894  45.7279  35.9342
15.625  2.67035  27.8958  27.4956
15.625  2.70177  26.6086  24.2072
15.625  2.73319  63.412  41.0977
15.625  2.7646  42.5861  42.5412
15.625  2.79602  32.8698  32.8368
15.625  2.82743  1.42419  10.4505
15.625  2.85885  22.7512  16.9003
15.625  2.89027  0  0
15.625  2.92168  0  0
15.625  2.9531  0  0
15.625  2.98451  0  0
15.625  3.01593  0  0
15.625  3.04734  0  0
15.625  3.07876  0  0
15.625  3.11018  0  0
15.75  0  0  0
15.75  0.0314159  0  0
15.75  0.0628319  0  0
15.75  0.0942478  0  0
15.75  0.125664  0  0
15.75  0.15708  0  0
15.75  0.188496  0  0
15.75  0.219911  2.10371  15.4367
15.75  0.251327  103.542  71.5448
15.75  0.282743  67.7717  61.4568
15.75  0.314159  56.0026  28.0781
15.75  0.345575  51.2172  26.8115
15.75  0.376991  29.7135  28.9573
15.75  0.408407  45.6706  43.3595
15.75  0.439823  35.8536  17.9377
15.75  0.471239  67.238  39.0126
15.75  0.502655  35.96  30.5182
15.75  0.534071  18.6234  23.9419
15.75  0.565487  35.0956  20.2853
15.75  0.596903  37.6912  26.7099
15.75  0.628319  15.2322  19.6071
15.75  0.659734  21.083  26.91
15.75  0.69115  10.9582  19.6469
15.75  0.722566  16.5972  17.1737
15.75  0.753982  25.5067  15.6471
15.75  0.785398  28.6223  20.9338
15.75  0.816814  96.2584  106.863
15.75  0.84823  9.68349  17.4211
15.75  0.879646  37.3402  16.5652
15.75  0.911062  14.0698  19.4179
15.75  0.942478  15.1245  18.6327
15.75  0.973894  221.668  219.3
15.75  1.00531  91.5313  56.9508
15.75  1.03673  173.351  102.794
15.75  1.06814  15.7266  9.01502
15.75  1.09956  17.3449  8.97905
15.75  1.13097  18.3186  13.88
15.75  1.16239  22.7543  10.4419
15.75  1.19381  9.18128  13.3316
15.75  1.22522  19.8709  31.1247
15.75  1.25664  105.083  82.5417
15.75  1.28805  43.5255  47.2627
15.75  1.31947  75.687  44.7309
15.75  1.35088  40.3895  20.5198
15.75  1.3823  232.969  116.8
15.75  1.41372  23.3343  14.127
15.75  1.44513  21.8986  12.2084
15.75  1.47655  65.0419  31.2158
15.75  1.50796  3.94605  1.47297
15.75  1.53938  2.3757  0.514837
15.75  1.5708  19.9845  10.7513
15.75  1.60221  3.56384  1.5247
15.75  1.63363  24.4939  17.8091
15.75  1.66504  15.8866  20.5054
15.75  1.69646  54.4054  32.7511
15.75  1.72788  3.58927  1.20054
15.75  1.75929  4.56036  2.19549
15.75  1.79071  23.5746  19.3562
15.75  1.82212  2.4541  0.740467
15.75  1.85354  9.69172  14.8807
15.75  1.88496  330.284  182.247
15.75  1.91637  12.6158  12.8411
15.75  1.94779  11.2247  18.0751
15.75  1.9792  52.0104  34.8909
15.75  2.01062  40.9503  52.3281
15.75  2.04204  21.5263  16.4925
15.75  2.07345  158.482  126.35
15.75  2.10487  22.2562  14.4758
15.75  2.13628  17.7187  15.5282
15.75  2.1677  22.1642  10.4893
15.75  2.19911  8.40177  7.48664
15.75  2.23053  15.2663  13.4931
15.75  2.26195  5.82654  2.23651
15.75  2.29336  14.706  16.8384
15.75  2.32478  26.7976  34.119
15.75  2.35619  70.9831  69.874
15.75  2.38761  17.4625  14.4551
15.75  2.41903  14.4159  18.2904
15.75  2.45044  33.0786  38.333
15.75  2.48186  28.8878  14.5856
15.75  2.51327  24.0549  20.6364
15.75  2.54469  36.0912  31.4362
15.75  2.57611  19.2322  30.848
15.75  2.60752  37.9008  27.5426
15.75  2.63894  30.9353  24.2639
15.75  2.67035  59.1692  51.1129
15.75  2.70177  50.2049  32.12
15.75  2.73319  58.7557  54.2874
15.75  2.7646  34.0464  28.7165
15.75  2.79602  33.5314  33.3239
15.75  2.82743  40.4949  20.8647
15.75  2.85885  29.7181  28.9642
15.75  2.89027  0  0
15.75  2.92168  0  0
15.75  2.9531  0  0
15.75  2.98451  0  0
15.75  3.01593  0  0
15.75  3.04734  0  0
15.75  3.07876  0  0
15.75  3.11018  0  0
15.875  0  0  0
15.875  0.0314159  0  0
15.875  0.0628319  0  0
15.875  0.0942478  0  0
15.875  0.125664  0  0
15.875  0.15708  0  0
15.875  0.188496  0  0
15.875  0.219911  0.48315  3.54528
15.875  0.251327  9.38291  68.8505
15.875  0.282743  43.7652  23.647
15.875  0.314159  28.3697  25.1784
15.875  0.345575  27.2505  15.6955
15.875  0.376991  45.3968  40.5907
15.875  0.408407  24.6435  19.6667
15.875  0.439823  27.2099  21.1281
15.875  0.471239  22.6853  38.2513
15.875  0.502655  39.5884  37.9283
15.875  0.534071  44.7677  32.9541
15.875  0.565487  20.1552  21.4372
15.875  0.596903  27.1471  14.6403
15.875  0.628319  31.4794  31.2683
15.875  0.659734  34.36  20.7292
15.875  0.69115  20.1535  22.9867
15.875  0.722566  78.0485  72.5714
15.875  0.753982  4.79599  2.49738
15.875  0.785398  20.1451  18.5922
15.875  0.816814  118.759  69.464
15.875  0.84823  52.7996  64.2153
15.875  0.879646  11.8431  19.5943
15.875  0.911062  6.07316  3.64187
15.875  0.942478  74.1665  41.9221
15.875  0.973894  5.30436  2.7028
15.875  1.00531  81.2943  44.0061
15.875  1.03673  12.9169  17.906
15.875  1.06814  42.1071  55.2877
15.875  1.09956  73.7217  39.8952
15.875  1.13097  26.2259  16.0338
15.875  1.16239  15.8723  12.6333
15.875  1.19381  10.7501  11.1642
15.875  1.22522  63.8737  85.0929
15.875  1.25664  74.1833  27.89
15.875  1.28805  2.08286  0.316195
15.875  1.31947  12.1146  10.3503
15.875  1.35088  67.6801  101.571
15.875  1.3823  33.3043  37.6601
15.875  1.41372  10.1168  2.13293
15.875  1.44513  3.25153  1.75786
15.875  1.47655  54.0485  24.7032
15.875  1.50796  80.6405  59.9002
15.875  1.53938  2.13463  0.47019
15.875  1.5708  40.6599  26.22
15.875  1.60221  127.75  80.1807
15.875  1.63363  137.93  219.59
15.875  1.66504  52.4828  29.886
15.875  1.69646  34.3451  13.8032
15.875  1.72788  41.7653  39.4369
15.875  1.75929  59.2291  52.3905
15.875  1.79071  12.8843  3.13819
15.875  1.82212  104.93  97.3383
15.875  1.85354  240.462  177.638
15.875  1.88496  27.9256  26.7168
15.875  1.91637  39.2348  39.2112
15.875  1.94779  109.786  165.887
15.875  1.9792  34.6577  19.2157
15.875  2.01062  2.30107  0.372097
15.875  2.04204  35.4265  16.0401
15.875  2.07345  2.54725  0.614169
15.875  2.10487  124.236  69.0464
15.875  2.13628  95.3442  57.1211
15.875  2.1677  10.0263  17.8513
15.875  2.19911  105.657  64.2743
15.875  2.23053  16.8236  7.05056
15.875  2.26195  13.3783  13.0741
15.875  2.29336  91.602  62.1765
15.875  2.32478  13.1852  22.4502
15.875  2.35619  152.822  116.508
15.875  2.38761  41.6351  60.9399
15.875  2.41903  127.073  107.165
15.875  2.45044  30.5751  15.6089
15.875  2.48186  44.1915  36.4649
15.875  2.51327  21.9569  27.5772
15.875  2.54469  22.0003  25.917
15.875  2.57611  47.7403  47.1572
15.875  2.60752  27.7694  31.4416
15.875  2.63894  50.6044  45.6783
15.875  2.67035  32.2044  28.9308
15.875  2.70177  44.1822  25.2303
15.875  2.73319  61.6515  32.7762
15.875  2.7646  50.7788  31.0435
15.875  2.79602  52.8366  52.0794
15.875  2.82743  0.245968  2.26295
15.875  2.85885  60.404  38.1655
15.875  2.89027  0  0
15.875  2.92168  0  0
15.875  2.9531  0  0
15.875  2.98451  0  0
15.875  3.01593  0  0
15.875  3.04734  0  0
15.875  3.07876  0  0
15.875  3.11018  0  0
16  0  0  0
16  0.0314159  0  0
16  0.0628319  0  0
16  0.0942478  0  0
16  0.125664  0  0
16  0.15708  0  0
16  0.188496  0  0
16  0.219911  0.252419  1.84228
16  0.251327  74.1728  73.4547
16  0.282743  87.1502  62.8337
16  0.314159  50.1304  41.7009
16  0.345575  35.6371  35.6564
16  0.376991  39.5275  35.2852
16  0.408407  46.1337  38.4208
16  0.439823  48.2685  29.8554
16  0.471239  32.707  22.9389
16  0.502655  17.3151  26.7738
16  0.534071  28.8163  25.6454
16  0.565487  20.9586  20.469
16  0.596903  15.1048  19.4528
16  0.628319  31.3098  22.1984
16  0.659734  27.2849  26.773
16  0.69115  30.1638  30.1269
16  0.722566  15.2156  17.6141
16  0.753982  17.7192  11.0141
16  0.785398  178.399  188.97
16  0.816814  10.8589  11.0675
16  0.84823  21.323  23.7709
16  0.879646  2.67998  0.614114
16  0.911062  3.02894  1.04421
16  0.942478  72.7117  59.4734
16  0.973894  26.5082  26.4609
16  1.00531  16.8794  4.22799
16  1.03673  83.5156  62.531
16  1.06814  5.8332  3.17459
16  1.09956  11.3778  6.17192
16  1.13097  16.2019  11.6433
16  1.16239  399.301  394.087
16  1.19381  32.3562  28.0106
16  1.22522  41.1955  27.3582
16  1.25664  2.61427  0.763226
16  1.28805  36.3941  8.57187
16  1.31947  177.029  88.8238
16  1.35088  2.72832  0.519118
16  1.3823  9.34691  2.51915
16  1.41372  31.1386  21.6473
16  1.44513  55.4121  21.7693
16  1.47655  11.781  6.5587
16  1.50796  12.8235  19.8084
16  1.53938  12.0444  13.5796
16  1.5708  73.5367  42.2229
16  1.60221  47.5979  27.1043
16  1.63363  7.15827  3.87344
16  1.66504  68.6234  50.7997
16  1.69646  259.751  137.822
16  1.72788  10.3333  15.6153
16  1.75929  32.3533  24.0567
16  1.79071  20.9505  18.3695
16  1.82212  33.2954  22.5889
16  1.85354  57.0192  43.1555
16  1.88496  2.2563  0.300245
16  1.91637  28.0976  10.2583
16  1.94779  8.76835  9.62477
16  1.9792  27.8062  25.1092
16  2.01062  21.3997  28.731
16  2.04204  29.3934  28.4753
16  2.07345  35.2063  44.8003
16  2.10487  127.718  89.3916
16  2.13628  3.53662  1.36316
16  2.1677  10.8084  4.12755
16  2.19911  4.20623  1.30819
16  2.23053  29.4156  28.915
16  2.26195  51.3751  39.6466
16  2.29336  11.7101  20.6127
16  2.32478  34.4151  26.0477
16  2.35619  14.8626  16.1388
16  2.38761  30.1013  17.5932
16  2.41903  33.0362  17.3108
16  2.45044  31.7913  21.8784
16  2.48186  28.2196  26.3046
16  2.51327  14.8791  25.3509
16  2.54469  20.0747  22.6409
16  2.57611  331.038  237.863
16  2.60752  37.5953  33.9384
16  2.63894  18.5793  21.3598
16  2.67035  34.7712  36.1924
16  2.70177  8.45984  23.2822
16  2.73319  17.4827  25.5678
16  2.7646  56.6216  56.2624
16  2.79602  34.058  22.5474
16  2.82743  71.0241  52.1815
16  2.85885  28.7  22.8479
16  2.89027  7.47093  54.8206
16  2.92168  0  0
16  2.9531  0  0
16  2.98451  0  0
16  3.01593  0  0
16  3.04734  0  0
16  3.07876  0  0
16  3.11018  0  0
16.125  0  0  0
16.125  0.0314159  0  0
16.125  0.0628319  0  0
16.125  0.0942478  0  0
16.125  0.125664  0  0
16.125  0.15708  0  0
16.125  0.188496  0  0
16.125  0.219911  1.72298  12.643
16.125  0.251327  18.285  18.8811
16.125  0.282743  49.6959  30.722
16.125  0.314159  50.0384  32.8645
16.125  0.345575  79.2146  70.583
16.125  0.376991  36.1701  21.3343
16.125  0.408407  63.2223  44.9808
16.125  0.439823  31.9124  31.3031
16.125  0.471239  38.9073  20.1997
16.125  0.502655  47.767  47.1167
16.125  0.534071  45.0546  42.5642
16.125  0.565487  20.6953  25.9455
16.125  0.596903  32.7393  27.6745
16.125  0.628319  38.7129  33.7524
16.125  0.659734  28.5783  14.8278
16.125  0.69115  22.7345  20.6677
16.125  0.722566  13.4006  18.1799
16.125  0.753982  5.83138  3.0671
16.125  0.785398  47.9961  33.0504
16.125  0.816814  60.6954  70.0664
16.125  0.84823  5.43799  3.94353
16.125  0.879646  43.1397  62.3369
16.125  0.911062  195.354  169.168
16.125  0.942478  119.473  91.8376
16.125  0.973894  47.1446  34.2236
16.125  1.00531  24.5999  15.079
16.125  1.03673  10.1515  17.5453
16.125  1.06814  116.434  70.3195
16.125  1.09956  24.3461  16.4011
16.125  1.13097  82.437  44.2876
16.125  1.16239  49.7151  27.8832
16.125  1.19381  222.707  160.028
16.125  1.22522  21.7837  19.3496
16.125  1.25664  194.168  169.842
16.125  1.28805  25.6502  19.4572
16.125  1.31947  16.3482  7.73064
16.125  1.35088  14.445  13.7327
16.125  1.3823  28.55  26.1586
16.125  1.41372  67.3632  52.1468
16.125  1.44513  34.1431  22.2078
16.125  1.47655  49.043  23.1487
16.125  1.50796  87.3919  57.3605
16.125  1.53938  56.7713  56.7286
16.125  1.5708  4.3317  3.18871
16.125  1.60221  5.36967  4.92626
16.125  1.63363  6.19811  15.2717
16.125  1.66504  56.8311  29.6011
16.125  1.69646  123.097  161.191
16.125  1.72788  183.824  101.91
16.125  1.75929  4.02013  2.18947
16.125  1.79071  70.9758  78.9665
16.125  1.82212  23.4346  31.7211
16.125  1.85354  2.88068  0.708564
16.125  1.88496  18.8071  12.4636
16.125  1.91637  249.767  192.411
16.125  1.94779  85.8693  42.9893
16.125  1.9792  59.2641  44.0883
16.125  2.01062  30.7259  20.875
16.125  2.04204  62.0392  44.8858
16.125  2.07345  23.9773  18.7594
16.125  2.10487  6.87283  4.99925
16.125  2.13628  4.64138  1.50815
16.125  2.1677  3.44  0.954653
16.125  2.19911  12.424  19.2548
16.125  2.23053  11.7782  19.4785
16.125  2.26195  68.5671  38.2489
16.125  2.29336  50.9302  64.2184
16.125  2.32478  42.8737  44.0281
16.125  2.35619  15.7058  16.8148
16.125  2.38761  20.5008  21.0772
16.125  2.41903  14.8946  20.735
16.125  2.45044  36.7929  18.4673
16.125  2.48186  13.9094  19.3084
16.125  2.51327  39.2517  29.849
16.125  2.54469  40.2798  39.5763
16.125  2.57611  24.1374  23.5456
16.125  2.60752  35.4935  21.0445
16.125  2.63894  43.3988  39.6972
16.125  2.67035  43.7465  30.0319
16.125  2.70177  4.94311  7.56792
16.125  2.73319  64.6292  64.2984
16.125  2.7646  55.1753  38.3304
16.125  2.79602  28.9264  20.2337
16.125  2.82743  50.3774  50.1175
16.125  2.85885  51.0691  26.6311
16.125  2.89027  0.246389  2.25341
16.125  2.92168  0  0
16.125  2.9531  0  0
16.125  2.98451  0  0
16.125  3.01593  0  0
16.125  3.04734  0  0
16.125  3.07876  0  0
16.125  3.11018  0  0
16.25  0  0  0
16.25  0.0314159  0  0
16.25  0.0628319  0  0
16.25  0.0942478  0  0
16.25  0.125664  0  0
16.25  0.15708  0  0
16.25  0.188496  0  0
16.25  0.219911  0  0
16.25  0.251327  38.7364  29.0881
16.25  0.282743  56.8953  29.3245
16.25  0.314159  67.856  36.4894
16.25  0.345575  47.7501  41.0975
16.25  0.376991  37.8712  37.5342
16.25  0.408407  45.6063  23.1657
16.25  0.439823  52.1395  45.4742
16.25  0.471239  37.7434  37.3586
16.25  0.502655  35.376  26.5899
16.25  0.534071  30.9309  16.4975
16.25  0.565487  40.6173  24.7969
16.25  0.596903  18.127  19.065
16.25  0.628319  9.46779  8.87938
16.25  0.659734  14.0435  18.8665
16.25  0.69115  38.9973  26.777
16.25  0.722566  14.8198  16.1986
16.25  0.753982  19.4969  21.769
16.25  0.785398  76.2977  58.0337
16.25  0.816814  15.2726  20.4486
16.25  0.84823  12.6154  19.4899
16.25  0.879646  4.64543  1.84778
16.25  0.911062  63.8208  77.8778
16.25  0.942478  126.489  220.037
16.25  0.973894  173.578  104.891
16.25  1.00531  290.658  159.666
16.25  1.03673  58.6281  43.364
16.25  1.06814  78.262  45.8363
16.25  1.09956  3.50321  1.30185
16.25  1.13097  28.0399  4.61653
16.25  1.16239  22.4079  10.9343
16.25  1.19381  3.43879  1.55302
16.25  1.22522  44.9163  32.1507
16.25  1.25664  37.0661  15.4995
16.25  1.28805  2.34517  0.544158
16.25  1.31947  237.078  125.999
16.25  1.35088  1.60746  0.447675
16.25  1.3823  63.9939  30.5584
16.25  1.41372  12.2451  15.4093
16.25  1.44513  67.8556  25.0908
16.25  1.47655  43.509  22.792
16.25  1.50796  8.82763  8.22402
16.25  1.53938  2.92708  0.936684
16.25  1.5708  56.055  46.2198
16.25  1.60221  83.2267  30.6099
16.25  1.63363  117.516  51.4432
16.25  1.66504  77.5805  58.8352
16.25  1.69646  71.3611  59.3046
16.25  1.72788  205.258  103.2
16.25  1.75929  128.125  65.2906
16.25  1.79071  26.4878  37.442
16.25  1.82212  369.88  341.542
16.25  1.85354  116.213  132.131
16.25  1.88496  44.0264  30.5046
16.25  1.91637  14.852  15.6087
16.25  1.94779  136.648  94.9142
16.25  1.9792  24.1899  22.1817
16.25  2.01062  86.1281  74.7996
16.25  2.04204  48.066  26.196
16.25  2.07345  4.50308  1.46239
16.25  2.10487  68.9262  91.6817
16.25  2.13628  77.5102  70.2636
16.25  2.1677  113.801  70.7096
16.25  2.19911  78.5002  40.3406
16.25  2.23053  8.90954  16.6197
16.25  2.26195  146.778  107.978
16.25  2.29336  5.9035  2.83935
16.25  2.32478  26.8913  25.7023
16.25  2.35619  12.8964  21.548
16.25  2.38761  9.52806  10.9691
16.25  2.41903  22.2081  25.7078
16.25  2.45044  28.5138  18.168
16.25  2.48186  33.0482  17.6223
16.25  2.51327  17.5431  28.5514
16.25  2.54469  25.6897  34.7729
16.25  2.57611  13.2881  18.8857
16.25  2.60752  46.5011  30.7138
16.25  2.63894  19.1572  27.9152
16.25  2.67035  56.371  41.19
16.25  2.70177  21.8663  28.6445
16.25  2.73319  59.4139  55.5267
16.25  2.7646  50.55  50.315
16.25  2.79602  34.3875  27.1475
16.25  2.82743  97.6922  97.35
16.25  2.85885  97.1746  64.5504
16.25  2.89027  0.258761  1.70213
16.25  2.92168  0  0
16.25  2.9531  0  0
16.25  2.98451  0  0
16.25  3.01593  0  0
16.25  3.04734  0  0
16.25  3.07876  0  0
16.25  3.11018  0  0
16.375  0  0  0
16.375  0.0314159  0  0
16.375  0.0628319  0  0
16.375  0.0942478  0  0
16.375  0.125664  0  0
16.375  0.15708  0  0
16.375  0.188496  0  0
16.375  0.219911  116.392  98.6412
16.375  0.251327  10.1623  74.5696
16.375  0.282743  7.49413  54.9909
16.375  0.314159  48.0562  47.2185
16.375  0.345575  20.2071  35.6434
16.375  0.376991  66.4286  56.885
16.375  0.408407  54.9175  32.5918
16.375  0.439823  40.0264  40.0281
16.375  0.471239  27.0786  23.446
16.375  0.502655  18.0964  23.2902
16.375  0.534071  24.3673  19.4286
16.375  0.565487  285.033  273.474
16.375  0.596903  21.3452  25.3644
16.375  0.628319  28.6976  19.5156
16.375  0.659734  27.3314  20.9123
16.375  0.69115  56.4393  81.8446
16.375  0.722566  46.6016  36.6756
16.375  0.753982  13.2412  23.0971
16.375  0.785398  93.4144  50.9437
16.375  0.816814  12.869  17.4117
16.375  0.84823  10.8826  17.0328
16.375  0.879646  6.65281  4.01908
16.375  0.911062  143.377  71.7004
16.375  0.942478  20.0924  16.706
16.375  0.973894  26.7507  13.4916
16.375  1.00531  12.8919  18.8526
16.375  1.03673  68.2014  41.6282
16.375  1.06814  6.6898  5.23032
16.375  1.09956  2.93832  0.548927
16.375  1.13097  105.384  94.4834
16.375  1.16239  51.8574  80.5016
16.375  1.19381  22.1585  20.5183
16.375  1.22522  4.18283  1.57229
16.375  1.25664  50.6927  40.7329
16.375  1.28805  118.498  85.7747
16.375  1.31947  17.0808  9.25554
16.375  1.35088  22.8308  23.4348
16.375  1.3823  13.88  14.4161
16.375  1.41372  45.2593  28.9074
16.375  1.44513  21.4713  19.0828
16.375  1.47655  11.0329  3.35161
16.375  1.50796  17.2952  12.6983
16.375  1.53938  26.2688  11.1363
16.375  1.5708  19.8838  9.83174
16.375  1.60221  160.96  147.413
16.375  1.63363  121.428  93.1135
16.375  1.66504  3.41929  1.33454
16.375  1.69646  2.72012  0.557345
16.375  1.72788  165.816  85.9299
16.375  1.75929  70.467  36.0174
16.375  1.79071  58.0927  48.21
16.375  1.82212  65.1134  26.1035
16.375  1.85354  20.1977  11.7071
16.375  1.88496  28.0588  15.5325
16.375  1.91637  62.794  82.8591
16.375  1.94779  48.9662  64.4198
16.375  1.9792  130.877  128.103
16.375  2.01062  2.87538  0.511625
16.375  2.04204  2.79673  0.683004
16.375  2.07345  67.1487  81.0472
16.375  2.10487  51.5975  64.8701
16.375  2.13628  12.4145  18.4007
16.375  2.1677  3.33191  0.790409
16.375  2.19911  53.0489  43.0637
16.375  2.23053  93.0981  54.3704
16.375  2.26195  5.26309  2.07651
16.375  2.29336  4.15734  0.861753
16.375  2.32478  171.118  259.948
16.375  2.35619  12.1836  19.2439
16.375  2.38761  251.929  251.72
16.375  2.41903  29.9196  21.7859
16.375  2.45044  25.9297  13.0795
16.375  2.48186  48.203  46.6871
16.375  2.51327  35.209  21.554
16.375  2.54469  19.3942  25.1966
16.375  2.57611  13.6347  19.7995
16.375  2.60752  25.1834  26.0439
16.375  2.63894  50.573  25.3374
16.375  2.67035  33.2249  17.0922
16.375  2.70177  54.609  54.1896
16.375  2.73319  26.1557  26.0168
16.375  2.7646  57.4604  55.8781
16.375  2.79602  73.0293  72.1801
16.375  2.82743  70.8599  46.9811
16.375  2.85885  52.5438  31.5291
16.375  2.89027  0.245584  1.54227
16.375  2.92168  0  0
16.375  2.9531  0  0
16.375  2.98451  0  0
16.375  3.01593  0  0
16.375  3.04734  0  0
16.375  3.07876  0  0
16.375  3.11018  0  0
16.5  0  0  0
16.5  0.0314159  0  0
16.5  0.0628319  0  0
16.5  0.0942478  0  0
16.5  0.125664  0  0
16.5  0.15708  0  0
16.5  0.188496  0  0
16.5  0.219911  49.833  25.4527
16.5  0.251327  5.11159  37.5081
16.5  0.282743  40.3074  40.3106
16.5  0.314159  64.547  32.782
16.5  0.345575  16.5112  10.6049
16.5  0.376991  28.8226  20.6983
16.5  0.408407  37.6318  26.9358
16.5  0.439823  54.2162  27.1083
16.5  0.471239  50.0019  27.0589
16.5  0.502655  33.1796  26.109
16.5  0.534071  38.7833  19.4413
16.5  0.565487  36.7217  26.786
16.5  0.596903  15.9169  21.6609
16.5  0.628319  24.5493  16.048
16.5  0.659734  12.9041  23.7424
16.5  0.69115  17.2476  21.3517
16.5  0.722566  9.1448  8.735
16.5  0.753982  25.9923  35.8814
16.5  0.785398  13.9995  13.4727
16.5  0.816814  28.167  23.3732
16.5  0.84823  38.8488  48.9273
16.5  0.879646  13.9926  8.26233
16.5  0.911062  11.2418  18.6269
16.5  0.942478  1.95015  0.395566
16.5  0.973894  2.64211  0.570363
16.5  1.00531  9.07697  9.4096
16.5  1.03673  5.2618  3.20824
16.5  1.06814  10.6477  13.5901
16.5  1.09956  19.0417  5.05792
16.5  1.13097  79.0037  31.766
16.5  1.16239  26.5981  29.2453
16.5  1.19381  2.32613  0.473521
16.5  1.22522  55.6269  26.0495
16.5  1.25664  29.6939  10.2779
16.5  1.28805  187.873  101.692
16.5  1.31947  8.7175  11.1945
16.5  1.35088  260.251  208.981
16.5  1.3823  23.0435  8.3723
16.5  1.41372  15.6336  19.3389
16.5  1.44513  95.414  56.3219
16.5  1.47655  3.59066  1.79574
16.5  1.50796  6.93064  58.8726
16.5  1.53938  14.4787  18.9576
16.5  1.5708  28.1165  26.1045
16.5  1.60221  44.0524  26.9524
16.5  1.63363  41.3135  13.8824
16.5  1.66504  249.324  175.69
16.5  1.69646  32.7295  7.65718
16.5  1.72788  209.537  133.103
16.5  1.75929  27.2751  14.1773
16.5  1.79071  56.8999  53.0812
16.5  1.82212  214.139  210.049
16.5  1.85354  3.10056  1.3775
16.5  1.88496  28.2134  11.016
16.5  1.91637  26.3965  19.3438
16.5  1.94779  37.7412  43.1211
16.5  1.9792  7.88098  11.2194
16.5  2.01062  2.49988  0.398641
16.5  2.04204  27.3746  24.2066
16.5  2.07345  30.054  18.7881
16.5  2.10487  152.872  79.9909
16.5  2.13628  54.962  40.5239
16.5  2.1677  8.18363  8.59705
16.5  2.19911  148.883  191.674
16.5  2.23053  8.88465  9.86701
16.5  2.26195  19.247  14.149
16.5  2.29336  28.4358  31.0639
16.5  2.32478  197.844  197.443
16.5  2.35619  15.5826  19.1778
16.5  2.38761  53.2758  81.9426
16.5  2.41903  13.6802  16.3689
16.5  2.45044  31.2824  15.9035
16.5  2.48186  22.4966  24.7732
16.5  2.51327  27.9456  13.9894
16.5  2.54469  43.689  22.0005
16.5  2.57611  42.828  33.5065
16.5  2.60752  39.7545  39.1326
16.5  2.63894  35.1958  21.3555
16.5  2.67035  47.8916  34.2083
16.5  2.70177  46.783  27.5876
16.5  2.73319  53.7223  44.0266
16.5  2.7646  58.3171  57.4793
16.5  2.79602  61.7623  39.9324
16.5  2.82743  60.4139  52.8683
16.5  2.85885  26.439  21.5594
16.5  2.89027  5.26677  38.6468
16.5  2.92168  0  0
16.5  2.9531  0  0
16.5  2.98451  0  0
16.5  3.01593  0  0
16.5  3.04734  0  0
16.5  3.07876  0  0
16.5  3.11018  0  0
16.625  0  0  0
16.625  0.0314159  0  0
16.625  0.0628319  0  0
16.625  0.0942478  0  0
16.625  0.125664  0  0
16.625  0.15708  0  0
16.625  0.188496  0  0
16.625  0.219911  0  0
16.625  0.251327  0  0
16.625  0.282743  51.4519  36.9484
16.625  0.314159  70.0529  38.6205
16.625  0.345575  53.4376  37.5987
16.625  0.376991  40.8433  27.7836
16.625  0.408407  6.99039  12.7025
16.625  0.439823  42.4002  35.1645
16.625  0.471239  35.859  17.9344
16.625  0.502655  31.5264  16.209
16.625  0.534071  12.6469  17.2285
16.625  0.565487  39.3263  39.0388
16.625  0.596903  33.2358  24.7163
16.625  0.628319  40.8046  32.9479
16.625  0.659734  24.9298  24.6547
16.625  0.69115  25.3072  12.9864
16.625  0.722566  30.5135  28.7444
16.625  0.753982  31.7639  31.5629
16.625  0.785398  28.9753  19.8223
16.625  0.816814  62.7152  31.4796
16.625  0.84823  24.8872  19.3465
16.625  0.879646  12.2405  16.7458
16.625  0.911062  28.0015  19.6583
16.625  0.942478  76.7248  60.1221
16.625  0.973894  3.47419  0.684712
16.625  1.00531  13.0481  10.5497
16.625  1.03673  100.898  50.3031
16.625  1.06814  106.941  151.625
16.625  1.09956  34.6604  19.64
16.625  1.13097  5.72834  4.42748
16.625  1.16239  107.229  86.8991
16.625  1.19381  3.14998  1.2134
16.625  1.22522  83.4229  42.1419
16.625  1.25664  89.3852  35.7498
16.625  1.28805  33.5074  52.0781
16.625  1.31947  1.52488  0.252813
16.625  1.35088  27.9382  16.3191
16.625  1.3823  17.8565  6.68282
16.625  1.41372  67.4687  56.7182
16.625  1.44513  42.0967  55.8226
16.625  1.47655  24.252  14.2928
16.625  1.50796  19.1713  6.69525
16.625  1.53938  68.5102  38.6479
16.625  1.5708  85.0889  66.3621
16.625  1.60221  32.0686  25.6823
16.625  1.63363  7.84593  3.99701
16.625  1.66504  98.8737  231.86
16.625  1.69646  50.6784  68.1797
16.625  1.72788  3.47806  1.71566
16.625  1.75929  37.3543  22.1209
16.625  1.79071  248.149  124.954
16.625  1.82212  145.194  67.3083
16.625  1.85354  90.721  40.9851
16.625  1.88496  23.7975  27.7364
16.625  1.91637  7.67318  4.76422
16.625  1.94779  4.71468  3.54664
16.625  1.9792  2.26105  0.298194
16.625  2.01062  13.6999  10.9645
16.625  2.04204  72.2477  36.7707
16.625  2.07345  2.49526  0.49899
16.625  2.10487  2.66508  0.475113
16.625  2.13628  3.78021  1.06703
16.625  2.1677  184.637  157.399
16.625  2.19911  11.037  6.85765
16.625  2.23053  55.4338  91.5934
16.625  2.26195  19.2806  20.9927
16.625  2.29336  14.6294  21.7051
16.625  2.32478  28.3257  22.9935
16.625  2.35619  157.2  78.6938
16.625  2.38761  28.5183  20.4382
16.625  2.41903  18.4783  19.4147
16.625  2.45044  26.3631  23.0179
16.625  2.48186  36.9342  24.0109
16.625  2.51327  23.3403  25.9772
16.625  2.54469  39.0639  20.8724
16.625  2.57611  39.3816  29.7789
16.625  2.60752  38.4183  21.8123
16.625  2.63894  50.0357  30.4893
16.625  2.67035  33.1072  17.1948
16.625  2.70177  22.9707  21.8518
16.625  2.73319  33.2913  27.8957
16.625  2.7646  38.6882  38.9463
16.625  2.79602  24.9766  15.5081
16.625  2.82743  36.1484  27.0587
16.625  2.85885  26.5377  16.369
16.625  2.89027  11.7286  86.0631
16.625  2.92168  0  0
16.625  2.9531  0  0
16.625  2.98451  0  0
16.625  3.01593  0  0
16.625  3.04734  0  0
16.625  3.07876  0  0
16.625  3.11018  0  0
16.75  0  0  0
16.75  0.0314159  0  0
16.75  0.0628319  0  0
16.75  0.0942478  0  0
16.75  0.125664  0  0
16.75  0.15708  0  0
16.75  0.188496  0  0
16.75  0.219911  0.249786  2.27364
16.75  0.251327  63.347  57.0503
16.75  0.282743  34.3033  25.6055
16.75  0.314159  87.8702  71.6492
16.75  0.345575  63.3874  54.8854
16.75  0.376991  36.4625  36.3764
16.75  0.408407  37.999  33.0098
16.75  0.439823  28.6294  33.7591
16.75  0.471239  40.3506  40.3243
16.75  0.502655  38.7788  23.7269
16.75  0.534071  36.1896  21.9431
16.75  0.565487  8.13154  9.60709
16.75  0.596903  37.3789  18.6896
16.75  0.628319  30.3845  21.164
16.75  0.659734  14.9526  16.5551
16.75  0.69115  56.0029  56.9242
16.75  0.722566  30.3347  20.1824
16.75  0.753982  13.29  21.6481
16.75  0.785398  15.8514  17.6005
16.75  0.816814  5.30254  2.41726
16.75  0.84823  10.8673  18.9064
16.75  0.879646  95.9519  87.5078
16.75  0.911062  45.4927  27.2017
16.75  0.942478  4.79049  2.4065
16.75  0.973894  239.881  124.638
16.75  1.00531  132.342  105.047
16.75  1.03673  3.05676  0.951911
16.75  1.06814  3.53385  1.16551
16.75  1.09956  42.075  56.4592
16.75  1.13097  92.9718  86.8301
16.75  1.16239  31.5083  21.8744
16.75  1.19381  21.0029  9.7983
16.75  1.22522  42.2603  32.5647
16.75  1.25664  321.443  170.746
16.75  1.28805  8.45569  4.50846
16.75  1.31947  41.6516  56.0698
16.75  1.35088  35.0685  16.4872
16.75  1.3823  3.65166  1.40816
16.75  1.41372  143.933  144.752
16.75  1.44513  44.9636  32.1694
16.75  1.47655  161.335  174.087
16.75  1.50796  9.05378  1.78722
16.75  1.53938  33.0331  27.9421
16.75  1.5708  38.8905  37.4806
16.75  1.60221  49.2207  37.7798
16.75  1.63363  33.92  15.8335
16.75  1.66504  2.60284  0.414603
16.75  1.69646  12.5889  5.80392
16.75  1.72788  54.5356  17.9992
16.75  1.75929  13.8465  12.633
16.75  1.79071  44.0551  66.2175
16.75  1.82212  151.671  149.253
16.75  1.85354  51.6118  48.4852
16.75  1.88496  4.77346  3.12816
16.75  1.91637  45.9854  23.6
16.75  1.94779  223.958  214.219
16.75  1.9792  4.252  1.96448
16.75  2.01062  40.9231  16.4302
16.75  2.04204  48.8169  68.2279
16.75  2.07345  8.62819  8.73051
16.75  2.10487  26.313  34.88
16.75  2.13628  2.70958  0.769222
16.75  2.1677  10.5309  3.09805
16.75  2.19911  104.449  52.2976
16.75  2.23053  11.211  19.4266
16.75  2.26195  10.0155  14.3035
16.75  2.29336  7.09112  5.55102
16.75  2.32478  14.9605  22.144
16.75  2.35619  31.1866  31.1846
16.75  2.38761  34.1678  26.9146
16.75  2.41903  13.8914  21.5192
16.75  2.45044  31.2878  26.6714
16.75  2.48186  19.5078  20.7875
16.75  2.51327  10.4528  18.1363
16.75  2.54469  40.3076  33.1415
16.75  2.57611  44.4062  26.391
16.75  2.60752  45.0656  29.6804
16.75  2.63894  41.0211  26.9826
16.75  2.67035  38.225  19.1145
16.75  2.70177  49.6612  40.2888
16.75  2.73319  62.7965  55.0381
16.75  2.7646  59.5862  56.2498
16.75  2.79602  4.56496  33.497
16.75  2.82743  7.3329  53.8078
16.75  2.85885  55.0815  30.243
16.75  2.89027  6.02722  44.2269
16.75  2.92168  0  0
16.75  2.9531  0  0
16.75  2.98451  0  0
16.75  3.01593  0  0
16.75  3.04734  0  0
16.75  3.07876  0  0
16.75  3.11018  0  0
16.875  0  0  0
16.875  0.0314159  0  0
16.875  0.0628319  0  0
16.875  0.0942478  0  0
16.875  0.125664  0  0
16.875  0.15708  0  0
16.875  0.188496  0  0
16.875  0.219911  0.235948  1.53494
16.875  0.251327  2.01663  14.7977
16.875  0.282743  56.3136  45.8867
16.875  0.314159  64.5346  51.7002
16.875  0.345575  73.7179  72.5252
16.875  0.376991  81.3074  79.7027
16.875  0.408407  53.6694  49.6135
16.875  0.439823  27.5804  23.4472
16.875  0.471239  53.951  27.3679
16.875  0.502655  38.5376  38.2272
16.875  0.534071  16.9042  31.6746
16.875  0.565487  47.5947  46.758
16.875  0.596903  24.1015  31.2905
16.875  0.628319  39.1083  33.3335
16.875  0.659734  29.7638  32.0331
16.875  0.69115  13.9728  23.8404
16.875  0.722566  9.64753  18.319
16.875  0.753982  26.5565  23.2333
16.875  0.785398  13.5321  18.6505
16.875  0.816814  11.9162  18.4452
16.875  0.84823  14.4584  20.4752
16.875  0.879646  171.401  115.859
16.875  0.911062  6.08495  3.46864
16.875  0.942478  15.044  8.19069
16.875  0.973894  51.6467  92.0771
16.875  1.00531  9.02725  7.62653
16.875  1.03673  3.11935  1.20046
16.875  1.06814  23.9641  12.6998
16.875  1.09956  11.1696  5.02502
16.875  1.13097  88.6751  36.2556
16.875  1.16239  8.70256  10.4056
16.875  1.19381  172.273  105.798
16.875  1.22522  218.148  174.971
16.875  1.25664  60.3624  49.3116
16.875  1.28805  108.486  86.1378
16.875  1.31947  85.6363  143.222
16.875  1.35088  338.309  290.402
16.875  1.3823  35.3024  12.9838
16.875  1.41372  84.8796  65.7654
16.875  1.44513  34.3076  17.3124
16.875  1.47655  30.099  23.8992
16.875  1.50796  35.5886  14.9924
16.875  1.53938  252.076  135.653
16.875  1.5708  19.9618  9.95698
16.875  1.60221  3.02792  0.887405
16.875  1.63363  3.19425  1.32299
16.875  1.66504  113.324  55.2306
16.875  1.69646  14.1722  3.93991
16.875  1.72788  203.21  117.965
16.875  1.75929  48.8382  29.127
16.875  1.79071  5.53017  5.01188
16.875  1.82212  102.993  32.7965
16.875  1.85354  6.98585  8.64062
16.875  1.88496  225.464  136.223
16.875  1.91637  251.791  167.279
16.875  1.94779  104.598  90.5744
16.875  1.9792  23.2974  12.4974
16.875  2.01062  102.385  114.683
16.875  2.04204  78.7432  42.0164
16.875  2.07345  100.563  63.9115
16.875  2.10487  33.5757  44.6959
16.875  2.13628  4.88571  2.43093
16.875  2.1677  10.3344  18.0273
16.875  2.19911  41.5958  17.5875
16.875  2.23053  42.6015  14.1189
16.875  2.26195  3.48953  0.740109
16.875  2.29336  26.8129  18.4082
16.875  2.32478  46.9382  29.3665
16.875  2.35619  84.8133  44.0549
16.875  2.38761  30.3581  18.2586
16.875  2.41903  19.0028  19.8532
16.875  2.45044  32.816  31.7198
16.875  2.48186  33.7401  32.7936
16.875  2.51327  14.2241  13.4179
16.875  2.54469  32.4162  30.5754
16.875  2.57611  22.0811  21.555
16.875  2.60752  41.7348  33.039
16.875  2.63894  34.8732  33.5949
16.875  2.67035  35.4275  19.0531
16.875  2.70177  63.3477  46.1633
16.875  2.73319  23.5731  31.8803
16.875  2.7646  71.5279  37.7429
16.875  2.79602  53.0491  52.8951
16.875  2.82743  55.1246  33.6026
16.875  2.85885  58.7929  55.2464
16.875  2.89027  9.96004  73.0853
16.875  2.92168  0  0
16.875  2.9531  0  0
16.875  2.98451  0  0
16.875  3.01593  0  0
16.875  3.04734  0  0
16.875  3.07876  0  0
16.875  3.11018  0  0
17  0  0  0
17  0.0314159  0  0
17  0.0628319  0  0
17  0.0942478  0  0
17  0.125664  0  0
17  0.15708  0  0
17  0.188496  0  0
17  0.219911  0.247377  2.30292
17  0.251327  0.248329  2.05292
17  0.282743  67.255  66.7659
17  0.314159  61.8276  39.1786
17  0.345575  49.9401  49.757
17  0.376991  43.9375  22.4219
17  0.408407  56.1453  55.3206
17  0.439823  57.1236  44.3132
17  0.471239  40.5666  22.3493
17  0.502655  35.8564  21.6158
17  0.534071  35.3519  17.9728
17  0.565487  45.1175  25.2947
17  0.596903  21.4333  27.877
17  0.628319  19.2899  22.4114
17  0.659734  13.5386  24.0895
17  0.69115  17.5788  21.5948
17  0.722566  114.083  65.6022
17  0.753982  75.3754  94.711
17  0.785398  20.655  13.2424
17  0.816814  46.9163  40.6994
17  0.84823  44.1142  60.0077
17  0.879646  15.8652  16.8072
17  0.911062  255.605  242.179
17  0.942478  11.8108  18.5537
17  0.973894  16.6476  3.43126
17  1.00531  24.905  5.92812
17  1.03673  35.3114  29.1594
17  1.06814  38.7065  26.5488
17  1.09956  8.58213  9.92494
17  1.13097  41.1094  54.52
17  1.16239  20.5474  15.9205
17  1.19381  44.6431  33.8916
17  1.22522  50.87  38.5918
17  1.25664  40.7106  51.5877
17  1.28805  3.04868  0.742449
17  1.31947  5.37815  4.08219
17  1.35088  102.876  57.3702
17  1.3823  2.48784  0.546357
17  1.41372  61.0654  28.6674
17  1.44513  32.0422  36.0581
17  1.47655  23.3598  18.7724
17  1.50796  141.268  41.6627
17  1.53938  73.3317  41.7997
17  1.5708  2.36119  0.745838
17  1.60221  43.5098  60.172
17  1.63363  72.1943  34.6567
17  1.66504  18.6189  14.9884
17  1.69646  25.4007  7.12029
17  1.72788  2.77822  0.58797
17  1.75929  97.1336  75.2498
17  1.79071  16.0572  9.04094
17  1.82212  93.5203  48.8196
17  1.85354  6.38941  3.53661
17  1.88496  16.9324  11.8988
17  1.91637  102.613  58.3725
17  1.94779  50.1074  36.5989
17  1.9792  249.797  134.573
17  2.01062  74.8802  39.453
17  2.04204  132.324  211.703
17  2.07345  2.83451  0.439609
17  2.10487  17.8203  14.6134
17  2.13628  13.534  14.0061
17  2.1677  11.7585  18.7597
17  2.19911  3.35904  0.506164
17  2.23053  26.2882  22.0699
17  2.26195  12.4055  14.2809
17  2.29336  7.64652  6.95903
17  2.32478  40.0687  56.7278
17  2.35619  4.34019  0.993891
17  2.38761  21.3478  24.7471
17  2.41903  36.4365  25.7865
17  2.45044  20.4992  24.4043
17  2.48186  26.526  18.6328
17  2.51327  22.372  21.7683
17  2.54469  21.6633  21.7873
17  2.57611  36.7533  22.7913
17  2.60752  47.614  42.1758
17  2.63894  29.7272  24.663
17  2.67035  34.6942  17.348
17  2.70177  48.6377  28.4793
17  2.73319  42.3535  35.6694
17  2.7646  51.3563  36.3863
17  2.79602  33.8387  31.4452
17  2.82743  29.1958  25.506
17  2.85885  102.003  95.8962
17  2.89027  0.246724  2.24566
17  2.92168  0.242213  2.33809
17  2.9531  0  0
17  2.98451  0  0
17  3.01593  0  0
17  3.04734  0  0
17  3.07876  0  0
17  3.11018  0  0
17.125  0  0  0
17.125  0.0314159  0  0
17.125  0.0628319  0  0
17.125  0.0942478  0  0
17.125  0.125664  0  0
17.125  0.15708  0  0
17.125  0.188496  0  0
17.125  0.219911  0.252176  1.89637
17.125  0.251327  0.8399  6.16306
17.125  0.282743  39.6327  42.1951
17.125  0.314159  76.3839  38.6909
17.125  0.345575  46.3332  36.6407
17.125  0.376991  34.2532  17.7871
17.125  0.408407  41.1904  40.9959
17.125  0.439823  43.1263  22.2722
17.125  0.471239  33.03  18.7415
17.125  0.502655  44.4569  41.7042
17.125  0.534071  23.2889  21.7846
17.125  0.565487  54.0228  70.8352
17.125  0.596903  12.5977  14.7093
17.125  0.628319  24.3953  18.3698
17.125  0.659734  16.4845  14.3461
17.125  0.69115  34.3185  33.0109
17.125  0.722566  15.2198  16.3878
17.125  0.753982  12.7927  22.4006
17.125  0.785398  113.6  140.242
17.125  0.816814  5.64359  3.37591
17.125  0.84823  126.808  82.0349
17.125  0.879646  178.518  136.863
17.125  0.911062  25.0052  14.6697
17.125  0.942478  11.4472  19.3516
17.125  0.973894  10.077  16.8766
17.125  1.00531  15.5428  17.134
17.125  1.03673  13.9028  22.0489
17.125  1.06814  23.877  9.32462
17.125  1.09956  251.909  52.6597
17.125  1.13097  59.7457  15.6975
17.125  1.16239  542.895  343.168
17.125  1.19381  246.123  210.093
17.125  1.22522  10.7053  5.4052
17.125  1.25664  2.54433  0.560704
17.125  1.28805  71.8853  49.1557
17.125  1.31947  47.6956  59.4618
17.125  1.35088  72.4701  54.7529
17.125  1.3823  78.1203  47.2627
17.125  1.41372  47.2225  85.6204
17.125  1.44513  2.76297  0.777717
17.125  1.47655  7.06229  8.77901
17.125  1.50796  70.0682  37.7995
17.125  1.53938  50.4109  30.1881
17.125  1.5708  47.6508  22.7621
17.125  1.60221  3.10031  0.763551
17.125  1.63363  4.55242  2.26201
17.125  1.66504  2.65484  1.29237
17.125  1.69646  354.288  322.698
17.125  1.72788  64.7045  40.8005
17.125  1.75929  219.17  196.875
17.125  1.79071  68.6521  56.4074
17.125  1.82212  2.42927  0.762247
17.125  1.85354  47.5462  38.1814
17.125  1.88496  3.329  1.36996
17.125  1.91637  293.227  200.381
17.125  1.94779  200.492  140.015
17.125  1.9792  2.52286  0.397398
17.125  2.01062  108.093  99.8085
17.125  2.04204  20.2898  12.2334
17.125  2.07345  51.1934  37.2959
17.125  2.10487  413.078  274.336
17.125  2.13628  10.2449  9.26461
17.125  2.1677  33.4221  23.5679
17.125  2.19911  91.1063  73.6627
17.125  2.23053  26.3608  14.5719
17.125  2.26195  6.36047  5.22522
17.125  2.29336  33.3979  29.6845
17.125  2.32478  37.3282  31.6535
17.125  2.35619  21.2231  17.3971
17.125  2.38761  18.5062  17.2497
17.125  2.41903  14.6026  24.6198
17.125  2.45044  264.777  205.966
17.125  2.48186  69.1769  122.599
17.125  2.51327  25.154  13.0181
17.125  2.54469  32.0638  34.0804
17.125  2.57611  16.9627  21.7135
17.125  2.60752  31.2747  29.1118
17.125  2.63894  39.6954  31.2685
17.125  2.67035  49.0359  48.9526
17.125  2.70177  53.9275  31.363
17.125  2.73319  52.6667  34.9343
17.125  2.7646  48.7873  47.2234
17.125  2.79602  61.6935  35.7589
17.125  2.82743  46.0376  45.7188
17.125  2.85885  51.6842  36.2461
17.125  2.89027  0.258761  1.70211
17.125  2.92168  0  0
17.125  2.9531  0  0
17.125  2.98451  0  0
17.125  3.01593  0  0
17.125  3.04734  0  0
17.125  3.07876  0  0
17.125  3.11018  0  0
17.25  0  0  0
17.25  0.0314159  0  0
17.25  0.0628319  0  0
17.25  0.0942478  0  0
17.25  0.125664  0  0
17.25  0.15708  0  0
17.25  0.188496  0  0
17.25  0.219911  0.247452  2.30242
17.25  0.251327  54.6542  54.1145
17.25  0.282743  64.8709  44.67
17.25  0.314159  0.254341  2.00884
17.25  0.345575  61.2682  48.9854
17.25  0.376991  31.0721  44.1936
17.25  0.408407  51.9268  48.8083
17.25  0.439823  35.099  29.0172
17.25  0.471239  50.1694  27.295
17.25  0.502655  11.599  24.6483
17.25  0.534071  29.1489  14.833
17.25  0.565487  14.151  18.4738
17.25  0.596903  43.3965  28.6647
17.25  0.628319  28.4825  34.0023
17.25  0.659734  404.697  233.617
17.25  0.69115  109.499  84.4775
17.25  0.722566  17.9949  14.13
17.25  0.753982  27.105  26.0212
17.25  0.785398  117.218  61.7568
17.25  0.816814  3.98098  1.12426
17.25  0.84823  89.2412  52.8995
17.25  0.879646  36.9536  23.9914
17.25  0.911062  3.92315  1.20545
17.25  0.942478  19.7933  17.3477
17.25  0.973894  2.85156  0.440664
17.25  1.00531  65.0038  22.5202
17.25  1.03673  53.167  35.9052
17.25  1.06814  55.4573  36.2155
17.25  1.09956  86.7474  34.3025
17.25  1.13097  3.60618  1.26814
17.25  1.16239  32.0568  30.1585
17.25  1.19381  29.3079  15.369
17.25  1.22522  54.2612  94.6111
17.25  1.25664  24.0206  8.692
17.25  1.28805  48.4064  20.737
17.25  1.31947  68.4105  66.5769
17.25  1.35088  5.80682  3.56729
17.25  1.3823  81.9118  46.1389
17.25  1.41372  22.9792  12.6619
17.25  1.44513  314.71  221.573
17.25  1.47655  48.2283  17.9732
17.25  1.50796  4.46799  3.2815
17.25  1.53938  18.5552  10.086
17.25  1.5708  90.0297  34.8912
17.25  1.60221  23.7022  10.0764
17.25  1.63363  71.4183  59.6314
17.25  1.66504  23.0911  10.4075
17.25  1.69646  48.3446  19.5286
17.25  1.72788  90.6117  38.3269
17.25  1.75929  293.908  147.343
17.25  1.79071  12.8683  15.5293
17.25  1.82212  11.1352  17.5726
17.25  1.85354  21.8376  4.51197
17.25  1.88496  32.9933  55.1082
17.25  1.91637  36.2067  18.2379
17.25  1.94779  4.11449  2.13808
17.25  1.9792  193.494  141.101
17.25  2.01062  51.0765  24.0759
17.25  2.04204  199.155  128.307
17.25  2.07345  62.2364  43.4203
17.25  2.10487  3.31068  1.03836
17.25  2.13628  45.9264  23.6515
17.25  2.1677  3.6349  0.731667
17.25  2.19911  94.9147  79.7977
17.25  2.23053  14.0233  21.7037
17.25  2.26195  25.3037  19.6253
17.25  2.29336  24.0071  17.7415
17.25  2.32478  3.38432  0.764964
17.25  2.35619  54.3014  72.0601
17.25  2.38761  29.9568  25.7577
17.25  2.41903  19.1018  23.4092
17.25  2.45044  28.832  32.5766
17.25  2.48186  20.6919  15.5601
17.25  2.51327  168.416  166.38
17.25  2.54469  44.1383  43.4813
17.25  2.57611  14.7293  19.6089
17.25  2.60752  42.2975  41.5057
17.25  2.63894  39.1517  25.7455
17.25  2.67035  48.0509  25.7643
17.25  2.70177  44.5284  40.4306
17.25  2.73319  9.52543  13.8262
17.25  2.7646  58.627  53.4546
17.25  2.79602  67.8937  61.8406
17.25  2.82743  77.4583  45.3059
17.25  2.85885  48.7443  38.6268
17.25  2.89027  0.24137  2.2816
17.25  2.92168  0  0
17.25  2.9531  0  0
17.25  2.98451  0  0
17.25  3.01593  0  0
17.25  3.04734  0  0
17.25  3.07876  0  0
17.25  3.11018  0  0
17.375  0  0  0
17.375  0.0314159  0  0
17.375  0.0628319  0  0
17.375  0.0942478  0  0
17.375  0.125664  0  0
17.375  0.15708  0  0
17.375  0.188496  0  0
17.375  0.219911  4.66812  34.254
17.375  0.251327  14.4013  9.61951
17.375  0.282743  42.7621  35.1116
17.375  0.314159  57.2335  57.2117
17.375  0.345575  67.2905  64.1828
17.375  0.376991  46.0962  28.5283
17.375  0.408407  39.7605  20.0185
17.375  0.439823  49.9762  45.1027
17.375  0.471239  24.8373  12.5869
17.375  0.502655  19.0623  30.1029
17.375  0.534071  12.4433  18.8016
17.375  0.565487  13.4157  26.9567
17.375  0.596903  18.8927  25.2193
17.375  0.628319  25.3021  17.444
17.375  0.659734  68.3675  76.0217
17.375  0.69115  46.9191  72.3495
17.375  0.722566  31.8891  31.0141
17.375  0.753982  33.6495  48.3708
17.375  0.785398  13.3922  18.5286
17.375  0.816814  5.35444  2.66768
17.375  0.84823  2.84534  0.640727
17.375  0.879646  55.0773  44.4636
17.375  0.911062  5.41347  2.00647
17.375  0.942478  50.9617  38.7345
17.375  0.973894  19.8867  12.6597
17.375  1.00531  121.578  78.5119
17.375  1.03673  40.9354  37.104
17.375  1.06814  126.436  91.8586
17.375  1.09956  4.24201  1.88697
17.375  1.13097  5.0743  4.82756
17.375  1.16239  24.5751  32.0852
17.375  1.19381  47.3345  42.9456
17.375  1.22522  35.8607  27.3535
17.375  1.25664  12.1961  12.5345
17.375  1.28805  3.52257  1.43105
17.375  1.31947  26.2847  9.70187
17.375  1.35088  58.6363  37.5048
17.375  1.3823  46.4851  37.7747
17.375  1.41372  70.3938  44.5182
17.375  1.44513  19.2545  13.7212
17.375  1.47655  74.7364  63.0257
17.375  1.50796  22.0976  11.1038
17.375  1.53938  27.4575  21.0765
17.375  1.5708  91.5512  49.6997
17.375  1.60221  199.254  134.131
17.375  1.63363  273.725  149.057
17.375  1.66504  22.8254  9.18226
17.375  1.69646  2.8534  1.08464
17.375  1.72788  44.2884  37.8614
17.375  1.75929  26.7893  31.9521
17.375  1.79071  3.01215  1.07277
17.375  1.82212  106.489  75.357
17.375  1.85354  162.724  83.3038
17.375  1.88496  175.21  91.3742
17.375  1.91637  53.3977  25.6584
17.375  1.94779  50.8341  26.795
17.375  1.9792  31.6612  18.6281
17.375  2.01062  6.08252  4.61622
17.375  2.04204  82.7937  43.022
17.375  2.07345  181.697  157.681
17.375  2.10487  24.0842  27.9249
17.375  2.13628  30.194  22.6858
17.375  2.1677  4.41281  1.82563
17.375  2.19911  5.53767  2.68363
17.375  2.23053  175.635  137.719
17.375  2.26195  79.4704  81.851
17.375  2.29336  72.293  114.01
17.375  2.32478  92.7757  72.2319
17.375  2.35619  4.77976  2.10851
17.375  2.38761  89.966  111.112
17.375  2.41903  44.1019  36.6418
17.375  2.45044  16.9964  20.6613
17.375  2.48186  39.3747  20.6801
17.375  2.51327  38.9222  32.0056
17.375  2.54469  28.3532  24.3044
17.375  2.57611  42.0833  36.1415
17.375  2.60752  60.3518  60.1393
17.375  2.63894  28.5322  27.9141
17.375  2.67035  43.9374  30.4216
17.375  2.70177  45.6263  38.2933
17.375  2.73319  61.6683  34.5914
17.375  2.7646  38.283  27.7457
17.375  2.79602  63.3668  58.9094
17.375  2.82743  0.243279  2.33599
17.375  2.85885  67.6915  35.2165
17.375  2.89027  0.249021  2.14259
17.375  2.92168  0  0
17.375  2.9531  0  0
17.375  2.98451  0  0
17.375  3.01593  0  0
17.375  3.04734  0  0
17.375  3.07876  0  0
17.375  3.11018  0  0
17.5  0  0  0
17.5  0.0314159  0  0
17.5  0.0628319  0  0
17.5  0.0942478  0  0
17.5  0.125664  0  0
17.5  0.15708  0  0
17.5  0.188496  0.242203  2.3381
17.5  0.219911  52.6526  31.2164
17.5  0.251327  3.863  28.3462
17.5  0.282743  61.7008  42.0529
17.5  0.314159  59.9064  39.4689
17.5  0.345575  15.8896  22.3121
17.5  0.376991  51.2897  35.0613
17.5  0.408407  41.886  35.1579
17.5  0.439823  20.7884  29.0466
17.5  0.471239  37.3739  24.2352
17.5  0.502655  36.6784  26.1622
17.5  0.534071  24.129  12.8901
17.5  0.565487  36.2722  31.6868
17.5  0.596903  10.319  12.6483
17.5  0.628319  28.8488  16.4623
17.5  0.659734  10.3009  17.7421
17.5  0.69115  20.6053  18.8221
17.5  0.722566  11.289  20.0418
17.5  0.753982  16.9987  18.5754
17.5  0.785398  92.4724  54.011
17.5  0.816814  8.28215  7.97656
17.5  0.84823  203.053  146.717
17.5  0.879646  7.29262  5.28182
17.5  0.911062  13.393  19.3068
17.5  0.942478  22.2522  15.7513
17.5  0.973894  27.0822  36.4961
17.5  1.00531  40.8887  25.4084
17.5  1.03673  23.7237  11.728
17.5  1.06814  94.4103  66.2459
17.5  1.09956  48.2965  53.2989
17.5  1.13097  13.2557  14.5573
17.5  1.16239  36.2587  20.5414
17.5  1.19381  62.2909  42.9807
17.5  1.22522  271.876  186.743
17.5  1.25664  3.28244  1.20901
17.5  1.28805  40.06  14.7721
17.5  1.31947  3.23892  1.09207
17.5  1.35088  14.54  3.49381
17.5  1.3823  15.2146  7.6208
17.5  1.41372  482.706  424.277
17.5  1.44513  41.5957  40.0163
17.5  1.47655  85.3246  28.9196
17.5  1.50796  3.69937  2.03322
17.5  1.53938  37.9086  54.5767
17.5  1.5708  18.8493  10.8552
17.5  1.60221  15.3624  6.73502
17.5  1.63363  62.7432  49.5633
17.5  1.66504  2.06759  0.491539
17.5  1.69646  62.0814  42.2865
17.5  1.72788  66.5674  31.2324
17.5  1.75929  63.4398  47.7316
17.5  1.79071  60.2723  41.0763
17.5  1.82212  82.4146  86.7561
17.5  1.85354  25.1779  17.4387
17.5  1.88496  12.7621  2.93187
17.5  1.91637  36.2214  26.437
17.5  1.94779  92.8879  55.5923
17.5  1.9792  48.7233  50.1497
17.5  2.01062  7.17053  9.72219
17.5  2.04204  2.31321  0.330595
17.5  2.07345  67.4442  22.6294
17.5  2.10487  133.29  101.63
17.5  2.13628  66.7802  51.8299
17.5  2.1677  2.93628  0.583127
17.5  2.19911  26.6391  15.2615
17.5  2.23053  198.992  99.4968
17.5  2.26195  37.3224  32.7554
17.5  2.29336  79.844  64.193
17.5  2.32478  11.999  13.6527
17.5  2.35619  44.115  70.1535
17.5  2.38761  42.9137  33.2418
17.5  2.41903  11.6664  16.7445
17.5  2.45044  238.55  173.829
17.5  2.48186  121.9  122.966
17.5  2.51327  36.4805  18.3901
17.5  2.54469  38.1057  31.2232
17.5  2.57611  24.0907  16.286
17.5  2.60752  38.9133  33.8457
17.5  2.63894  56.3551  39.4736
17.5  2.67035  47.1446  41.3527
17.5  2.70177  46.3219  32.1628
17.5  2.73319  44.7573  25.5477
17.5  2.7646  44.6146  22.7554
17.5  2.79602  9.7877  6.49761
17.5  2.82743  51.3583  50.4228
17.5  2.85885  46.2511  44.7625
17.5  2.89027  0.249984  2.22103
17.5  2.92168  0  0
17.5  2.9531  0  0
17.5  2.98451  0  0
17.5  3.01593  0  0
17.5  3.04734  0  0
17.5  3.07876  0  0
17.5  3.11018  0  0
17.625  0  0  0
17.625  0.0314159  0  0
17.625  0.0628319  0  0
17.625  0.0942478  0  0
17.625  0.125664  0  0
17.625  0.15708  0  0
17.625  0.188496  0  0
17.625  0.219911  0.25876  1.70225
17.625  0.251327  19.7896  17.3844
17.625  0.282743  45.377  24.6364
17.625  0.314159  83.5939  83.1857
17.625  0.345575  15.6187  30.7603
17.625  0.376991  38.4604  38.304
17.625  0.408407  37.2596  25.4194
17.625  0.439823  14.1746  22.2614
17.625  0.471239  39.0562  22.2999
17.625  0.502655  34.6668  33.813
17.625  0.534071  24.9142  28.548
17.625  0.565487  25.5651  20.2178
17.625  0.596903  18.4384  22.2313
17.625  0.628319  34.3058  32.0334
17.625  0.659734  24.4068  23.7608
17.625  0.69115  12.1002  13.2482
17.625  0.722566  13.1095  23.2172
17.625  0.753982  19.4503  28.1026
17.625  0.785398  26.7923  26.5749
17.625  0.816814  68.9872  92.056
17.625  0.84823  3.36531  0.662733
17.625  0.879646  21.4826  5.58167
17.625  0.911062  12.5009  19.3498
17.625  0.942478  21.4323  15.8018
17.625  0.973894  5.04282  1.80007
17.625  1.00531  30.5219  27.1467
17.625  1.03673  44.1872  37.3117
17.625  1.06814  64.4  62.6183
17.625  1.09956  57.5594  30.8465
17.625  1.13097  3.28025  0.854803
17.625  1.16239  323.241  169.866
17.625  1.19381  70.2308  52.0495
17.625  1.22522  15.2931  8.28704
17.625  1.25664  96.0237  41.0564
17.625  1.28805  119.472  119.635
17.625  1.31947  215.752  138.298
17.625  1.35088  20.6747  5.43795
17.625  1.3823  14.8508  8.43913
17.625  1.41372  32.6515  44.4612
17.625  1.44513  127.749  103.239
17.625  1.47655  2.49459  0.836131
17.625  1.50796  97.3361  40.3785
17.625  1.53938  53.0167  41.4011
17.625  1.5708  2.54443  1.05228
17.625  1.60221  45.6469  10.2435
17.625  1.63363  42.5042  34.7665
17.625  1.66504  36.5913  25.2755
17.625  1.69646  359.939  219.726
17.625  1.72788  131.696  72.0853
17.625  1.75929  363.371  362.491
17.625  1.79071  71.5448  33.9479
17.625  1.82212  76.6869  66.6982
17.625  1.85354  23.4928  9.2358
17.625  1.88496  125.499  58.5799
17.625  1.91637  199.463  99.7471
17.625  1.94779  46.9782  31.7721
17.625  1.9792  173.233  142.06
17.625  2.01062  78.9117  55.7857
17.625  2.04204  5.23512  2.4116
17.625  2.07345  76.8853  53.325
17.625  2.10487  95.7356  49.8842
17.625  2.13628  185.025  173.056
17.625  2.1677  44.2195  33.2341
17.625  2.19911  296.878  287.802
17.625  2.23053  6.87155  4.14783
17.625  2.26195  160.755  66.9571
17.625  2.29336  3.5909  0.977783
17.625  2.32478  154.179  62.3885
17.625  2.35619  10.912  11.5201
17.625  2.38761  13.8951  21.1649
17.625  2.41903  7.31735  6.95326
17.625  2.45044  14.7609  24.3745
17.625  2.48186  26.2849  22.4601
17.625  2.51327  28.0109  25.2077
17.625  2.54469  31.2072  20.536
17.625  2.57611  33.1464  33.0747
17.625  2.60752  33.4474  27.3697
17.625  2.63894  40.0407  33.7708
17.625  2.67035  31.6249  20.8576
17.625  2.70177  59.299  46.4395
17.625  2.73319  22.7739  17.1666
17.625  2.7646  53.7568  37.5771
17.625  2.79602  60.106  52.8389
17.625  2.82743  16.2806  12.5019
17.625  2.85885  42.8967  43.2268
17.625  2.89027  21.0512  10.7468
17.625  2.92168  0  0
17.625  2.9531  0  0
17.625  2.98451  0  0
17.625  3.01593  0  0
17.625  3.04734  0  0
17.625  3.07876  0  0
17.625  3.11018  0  0
17.75  0  0  0
17.75  0.0314159  0  0
17.75  0.0628319  0  0
17.75  0.0942478  0  0
17.75  0.125664  0  0
17.75  0.15708  0  0
17.75  0.188496  0  0
17.75  0.219911  0.251185  2.07948
17.75  0.251327  0.243577  2.33501
17.75  0.282743  68.5076  64.165
17.75  0.314159  41.0432  22.7686
17.75  0.345575  42.4567  37.1255
17.75  0.376991  44.1877  44.1508
17.75  0.408407  33.1641  33.128
17.75  0.439823  34.3223  33.2688
17.75  0.471239  36.0558  30.7517
17.75  0.502655  27.5284  20.943
17.75  0.534071  44.7777  43.8927
17.75  0.565487  37.6063  32.4737
17.75  0.596903  29.3627  18.907
17.75  0.628319  32.951  17.4683
17.75  0.659734  26.2227  24.4737
17.75  0.69115  13.6182  17.7229
17.75  0.722566  15.5923  18.3769
17.75  0.753982  33.4033  25.3001
17.75  0.785398  35.2921  11.9263
17.75  0.816814  35.4242  46.0348
17.75  0.84823  4.91351  1.47523
17.75  0.879646  6.22351  3.94545
17.75  0.911062  3.59099  0.853144
17.75  0.942478  128.282  127.472
17.75  0.973894  133.532  98.6016
17.75  1.00531  3.07168  0.451792
17.75  1.03673  42.6957  59.1423
17.75  1.06814  48.5536  21.8272
17.75  1.09956  4.88264  2.67026
17.75  1.13097  69.3896  35.7186
17.75  1.16239  45.9295  40.6509
17.75  1.19381  36.1762  36.1692
17.75  1.22522  220.13  114.144
17.75  1.25664  94.6786  58.0603
17.75  1.28805  143.831  76.2455
17.75  1.31947  4.84354  5.17439
17.75  1.35088  53.6277  33.8853
17.75  1.3823  17.6237  9.46781
17.75  1.41372  45.6752  30.425
17.75  1.44513  63.7607  89.0249
17.75  1.47655  18.3082  3.37798
17.75  1.50796  73.3688  101.163
17.75  1.53938  111.255  45.7255
17.75  1.5708  56.2432  39.5209
17.75  1.60221  18.0815  10.2624
17.75  1.63363  16.2337  4.97949
17.75  1.66504  309.507  397.355
17.75  1.69646  354.64  178.192
17.75  1.72788  119.879  170.535
17.75  1.75929  19.2065  20.483
17.75  1.79071  51.7856  79.9859
17.75  1.82212  32.6597  52.2387
17.75  1.85354  19.2582  16.8092
17.75  1.88496  50.5966  33.4869
17.75  1.91637  24.0483  11.9008
17.75  1.94779  2.72797  0.361767
17.75  1.9792  35.3111  31.4522
17.75  2.01062  35.938  28.2154
17.75  2.04204  55.4743  38.9673
17.75  2.07345  55.4677  34.8055
17.75  2.10487  19.5427  6.12831
17.75  2.13628  13.6612  7.8321
17.75  2.1677  31.441  12.3276
17.75  2.19911  7.53425  14.1666
17.75  2.23053  9.72655  10.2782
17.75  2.26195  41.4592  23.6556
17.75  2.29336  12.7299  21.6572
17.75  2.32478  3.01021  0.516695
17.75  2.35619  8.46246  5.43257
17.75  2.38761  29.7812  30.6112
17.75  2.41903  250.05  126.911
17.75  2.45044  97.1589  190.315
17.75  2.48186  19.96  24.757
17.75  2.51327  39.241  26.8811
17.75  2.54469  39.1738  20.067
17.75  2.57611  31.9503  25.1041
17.75  2.60752  23.5795  24.6923
17.75  2.63894  47.3152  45.3183
17.75  2.67035  39.1837  29.4601
17.75  2.70177  40.6238  38.3612
17.75  2.73319  29.7464  19.0801
17.75  2.7646  40.4879  34.6005
17.75  2.79602  31.199  22.2114
17.75  2.82743  60.5517  58.6204
17.75  2.85885  69.2466  57.8517
17.75  2.89027  0  0
17.75  2.92168  0  0
17.75  2.9531  0  0
17.75  2.98451  0  0
17.75  3.01593  0  0
17.75  3.04734  0  0
17.75  3.07876  0  0
17.75  3.11018  0  0
17.875  0  0  0
17.875  0.0314159  0  0
17.875  0.0628319  0  0
17.875  0.0942478  0  0
17.875  0.125664  0  0
17.875  0.15708  0  0
17.875  0.188496  0  0
17.875  0.219911  1.82829  13.4157
17.875  0.251327  44.6771  38.0605
17.875  0.282743  29.3047  26.2241
17.875  0.314159  4.09572  30.0538
17.875  0.345575  49.0394  27.5117
17.875  0.376991  44.4807  37.6301
17.875  0.408407  52.2553  45.8912
17.875  0.439823  26.25  32.5877
17.875  0.471239  34.4707  19.0102
17.875  0.502655  39.2729  37.9801
17.875  0.534071  33.2766  29.7069
17.875  0.565487  41.0318  20.8569
17.875  0.596903  21.9845  30.8203
17.875  0.628319  31.0973  16.8454
17.875  0.659734  108.74  107.375
17.875  0.69115  30.5369  26.0629
17.875  0.722566  11.1168  17.7073
17.875  0.753982  73.6876  38.4518
17.875  0.785398  12.0431  5.2048
17.875  0.816814  35.717  32.7158
17.875  0.84823  10.2655  8.58277
17.875  0.879646  5.03629  1.66296
17.875  0.911062  25.9995  10.0627
17.875  0.942478  4.40053  1.72082
17.875  0.973894  36.4075  21.6825
17.875  1.00531  2.44388  0.528917
17.875  1.03673  77.2385  71.3821
17.875  1.06814  65.7767  35.3685
17.875  1.09956  9.52775  4.58506
17.875  1.13097  63.4377  26.0919
17.875  1.16239  62.2545  26.501
17.875  1.19381  78.6867  48.6568
17.875  1.22522  6.08519  3.76629
17.875  1.25664  45.9891  23.8741
17.875  1.28805  55.2488  79.448
17.875  1.31947  109.771  52.5236
17.875  1.35088  106.357  54.6253
17.875  1.3823  34.8796  31.5876
17.875  1.41372  19.202  17.426
17.875  1.44513  207.243  141.432
17.875  1.47655  24.8363  5.2457
17.875  1.50796  52.3817  24.3573
17.875  1.53938  70.8569  60.8565
17.875  1.5708  35.1601  18.0502
17.875  1.60221  14.0958  4.79129
17.875  1.63363  22.8782  19.994
17.875  1.66504  174.234  260.511
17.875  1.69646  76.6005  45.9615
17.875  1.72788  61.5383  57.5446
17.875  1.75929  211.938  137.323
17.875  1.79071  9.29226  14.3341
17.875  1.82212  21.9664  16.5147
17.875  1.85354  20.9001  12.6777
17.875  1.88496  20.5379  9.86799
17.875  1.91637  74.9872  53.7347
17.875  1.94779  267.853  224.761
17.875  1.9792  1.59111  0.463709
17.875  2.01062  21.9495  13.052
17.875  2.04204  132.815  107.536
17.875  2.07345  20.5339  26.3929
17.875  2.10487  167.327  115.574
17.875  2.13628  4.49642  1.84139
17.875  2.1677  38.0974  21.5252
17.875  2.19911  4.26136  1.35558
17.875  2.23053  18.5229  21.2562
17.875  2.26195  5.80261  2.88396
17.875  2.29336  61.448  65.9112
17.875  2.32478  21.8037  17.0739
17.875  2.35619  3.57964  1.00456
17.875  2.38761  13.833  17.7588
17.875  2.41903  60.8274  49.0114
17.875  2.45044  24.7322  23.108
17.875  2.48186  41.2391  35.837
17.875  2.51327  27.6794  13.9731
17.875  2.54469  39.058  38.1255
17.875  2.57611  37.7797  35.0366
17.875  2.60752  31.2417  19.0588
17.875  2.63894  37.0874  20.0925
17.875  2.67035  28.797  15.6173
17.875  2.70177  52.72  52.7005
17.875  2.73319  51.2437  27.8782
17.875  2.7646  75.8119  40.885
17.875  2.79602  88.7912  45.1288
17.875  2.82743  50.6949  39.703
17.875  2.85885  56.7045  48.0458
17.875  2.89027  0  0
17.875  2.92168  0  0
17.875  2.9531  0  0
17.875  2.98451  0  0
17.875  3.01593  0  0
17.875  3.04734  0  0
17.875  3.07876  0  0
17.875  3.11018  0  0
18  0  0  0
18  0.0314159  0  0
18  0.0628319  0  0
18  0.0942478  0  0
18  0.125664  0  0
18  0.15708  0  0
18  0.188496  0  0
18  0.219911  60.3243  442.651
18  0.251327  23.0292  21.4462
18  0.282743  12.4612  20.7607
18  0.314159  35.7568  28.6716
18  0.345575  75.759  74.9577
18  0.376991  43.9935  39.0325
18  0.408407  27.0497  47.2052
18  0.439823  50.187  29.4036
18  0.471239  31.4729  26.8675
18  0.502655  31.604  31.5683
18  0.534071  32.2418  27.8317
18  0.565487  38.4158  24.6814
18  0.596903  189.427  96.8741
18  0.628319  33.585  20.1667
18  0.659734  21.2773  16.133
18  0.69115  142.784  220.43
18  0.722566  30.7328  19.4716
18  0.753982  10.5458  11.0537
18  0.785398  5.59142  1.95889
18  0.816814  161.324  87.2157
18  0.84823  195.915  106.223
18  0.879646  28.8648  8.93631
18  0.911062  102.766  91.7344
18  0.942478  167.009  106.975
18  0.973894  4.09039  1.84985
18  1.00531  4.16784  1.34741
18  1.03673  1.94514  0.313916
18  1.06814  3.0157  279.955
18  1.09956  22.7673  16.1081
18  1.13097  86.9097  48.3151
18  1.16239  2.25818  0.409914
18  1.19381  24.8869  11.8862
18  1.22522  4.94686  2.57971
18  1.25664  16.4382  11.908
18  1.28805  6.67228  1.31074
18  1.31947  71.0693  62.2461
18  1.35088  104.476  49.6348
18  1.3823  191.047  104.367
18  1.41372  68.9919  39.3808
18  1.44513  47.7572  21.4708
18  1.47655  6.68299  9.60561
18  1.50796  62.0067  90.2154
18  1.53938  100.679  54.9575
18  1.5708  90.939  58.3871
18  1.60221  84.2928  67.7162
18  1.63363  41.5316  146.042
18  1.66504  79.4261  49.3808
18  1.69646  94.7084  63.094
18  1.72788  247.806  162.251
18  1.75929  59.0138  36.7386
18  1.79071  92.6933  77.3421
18  1.82212  71.2335  71.7683
18  1.85354  2.91287  0.673793
18  1.88496  75.3165  63.8295
18  1.91637  53.2052  32.2938
18  1.94779  58.1756  94.7082
18  1.9792  58.438  64.5912
18  2.01062  52.0213  33.8709
18  2.04204  254.423  240.99
18  2.07345  25.7275  11.4082
18  2.10487  34.0352  51.8894
18  2.13628  5.30801  3.17371
18  2.1677  22.7068  14.6013
18  2.19911  52.042  25.6378
18  2.23053  3.12148  0.482391
18  2.26195  2.95425  0.37832
18  2.29336  28.0861  11.4762
18  2.32478  3.34711  0.754544
18  2.35619  33.0628  21.8135
18  2.38761  12.5007  14.5321
18  2.41903  3.67588  0.792385
18  2.45044  19.538  17.64
18  2.48186  35.735  34.689
18  2.51327  17.7423  15.6041
18  2.54469  48.9681  33.5516
18  2.57611  30.0189  33.0179
18  2.60752  260.521  242.479
18  2.63894  23.2753  25.7529
18  2.67035  50.3614  44.9825
18  2.70177  43.3  23.3369
18  2.73319  48.2899  48.1867
18  2.7646  47.1149  23.7156
18  2.79602  61.5669  52.4769
18  2.82743  51.1231  26.1805
18  2.85885  4.27494  31.3689
18  2.89027  0.252491  1.82591
18  2.92168  0  0
18  2.9531  0  0
18  2.98451  0  0
18  3.01593  0  0
18  3.04734  0  0
18  3.07876  0  0
18  3.11018  0  0
18.125  0  0  0
18.125  0.0314159  0  0
18.125  0.0628319  0  0
18.125  0.0942478  0  0
18.125  0.125664  0  0
18.125  0.15708  0  0
18.125  0.188496  0  0
18.125  0.219911  0.258761  1.70216
18.125  0.251327  95.5393  62.2695
18.125  0.282743  33.4855  23.0977
18.125  0.314159  61.1293  49.7778
18.125  0.345575  39.5916  31.0358
18.125  0.376991  33.5783  19.4555
18.125  0.408407  36.8692  19.9157
18.125  0.439823  38.2053  28.7058
18.125  0.471239  54.7805  37.7476
18.125  0.502655  39.6948  39.4671
18.125  0.534071  30.3124  31.9709
18.125  0.565487  36.6794  33.7436
18.125  0.596903  37.634  37.3847
18.125  0.628319  34.6335  33.9081
18.125  0.659734  14.7103  24.5002
18.125  0.69115  29.6579  20.4588
18.125  0.722566  9.79298  8.70792
18.125  0.753982  77.3973  61.2433
18.125  0.785398  210.41  121.388
18.125  0.816814  43.1992  62.5043
18.125  0.84823  49.4679  79.6714
18.125  0.879646  139.338  98.4165
18.125  0.911062  30.8627  37.0276
18.125  0.942478  135.144  72.3988
18.125  0.973894  211.706  147.504
18.125  1.00531  5.5696  2.17345
18.125  1.03673  12.9713  7.30935
18.125  1.06814  21.4481  20.2167
18.125  1.09956  64.9011  123.367
18.125  1.13097  17.8979  19.6457
18.125  1.16239  166.196  112.432
18.125  1.19381  56.5923  71.3754
18.125  1.22522  43.9493  63.538
18.125  1.25664  54.3438  18.5233
18.125  1.28805  34.6913  21.3351
18.125  1.31947  40.4492  56.9004
18.125  1.35088  53.8096  43.8325
18.125  1.3823  4.79734  3.25746
18.125  1.41372  9.75786  2.86099
18.125  1.44513  64.2021  31.0234
18.125  1.47655  29.2445  6.82711
18.125  1.50796  2.2074  0.339411
18.125  1.53938  2.54271  0.471381
18.125  1.5708  100.642  68.2972
18.125  1.60221  7.2083  12.9739
18.125  1.63363  10.2248  13.9737
18.125  1.66504  76.2379  48.6097
18.125  1.69646  49.6714  57.71
18.125  1.72788  17.8373  5.05255
18.125  1.75929  72.6976  26.1514
18.125  1.79071  15.9826  6.24037
18.125  1.82212  47.0274  77.4975
18.125  1.85354  29.7638  17.7973
18.125  1.88496  6.71307  6.54969
18.125  1.91637  70.637  38.839
18.125  1.94779  68.7694  28.9829
18.125  1.9792  46.4148  38.6872
18.125  2.01062  96.7274  97.7216
18.125  2.04204  21.5087  28.5773
18.125  2.07345  47.0737  14.0418
18.125  2.10487  55.2932  38.0594
18.125  2.13628  5.05125  3.04796
18.125  2.1677  43.3814  17.9025
18.125  2.19911  245.663  222.843
18.125  2.23053  2.6939  0.384891
18.125  2.26195  5.71841  2.37805
18.125  2.29336  24.8739  11.4477
18.125  2.32478  6.02653  4.09132
18.125  2.35619  4.91056  2.5003
18.125  2.38761  8.789  7.99593
18.125  2.41903  31.6367  28.3737
18.125  2.45044  14.6885  18.5466
18.125  2.48186  38.0775  38.0796
18.125  2.51327  28.4946  20.4573
18.125  2.54469  36.8347  30.9058
18.125  2.57611  34.0707  17.1451
18.125  2.60752  47.8331  40.6844
18.125  2.63894  30.1128  30.5405
18.125  2.67035  17.7725  13.9809
18.125  2.70177  54.1417  48.8148
18.125  2.73319  52.0093  45.954
18.125  2.7646  55.0872  54.3396
18.125  2.79602  60.9104  60.6772
18.125  2.82743  48.5435  28.0451
18.125  2.85885  0  0
18.125  2.89027  0  0
18.125  2.92168  0  0
18.125  2.9531  0  0
18.125  2.98451  0  0
18.125  3.01593  0  0
18.125  3.04734  0  0
18.125  3.07876  0  0
18.125  3.11018  0  0
18.25  0  0  0
18.25  0.0314159  0  0
18.25  0.0628319  0  0
18.25  0.0942478  0  0
18.25  0.125664  0  0
18.25  0.15708  0  0
18.25  0.188496  0  0
18.25  0.219911  28.1417  27.7672
18.25  0.251327  79.4013  61.1276
18.25  0.282743  8.81884  4.70554
18.25  0.314159  93.7037  93.656
18.25  0.345575  51.1254  42.9978
18.25  0.376991  35.7195  35.7395
18.25  0.408407  45.273  32.3047
18.25  0.439823  44.8596  22.6741
18.25  0.471239  11.3899  23.7099
18.25  0.502655  40.6029  37.6362
18.25  0.534071  36.2887  36.2834
18.25  0.565487  36.791  29.8495
18.25  0.596903  40.1325  34.6833
18.25  0.628319  27.9285  28.1953
18.25  0.659734  202.809  151.076
18.25  0.69115  37.1147  27.4432
18.25  0.722566  26.6583  26.5318
18.25  0.753982  8.45199  8.91169
18.25  0.785398  132.076  101.651
18.25  0.816814  51.8822  23.4606
18.25  0.84823  25.7216  22.8275
18.25  0.879646  14.4259  15.2551
18.25  0.911062  2.90138  0.515168
18.25  0.942478  68.216  25.7235
18.25  0.973894  44.0517  31.4935
18.25  1.00531  26.4228  10.8769
18.25  1.03673  14.6844  19.6098
18.25  1.06814  170.431  163.776
18.25  1.09956  97.1546  48.7232
18.25  1.13097  37.6665  31.2565
18.25  1.16239  76.818  64.2972
18.25  1.19381  71.9113  38.0438
18.25  1.22522  48.6316  38.8841
18.25  1.25664  47.8851  30.9985
18.25  1.28805  162.408  84.9165
18.25  1.31947  157.842  123.537
18.25  1.35088  42.5215  63.5533
18.25  1.3823  9.36929  8.01369
18.25  1.41372  11.6895  14.0897
18.25  1.44513  17.2354  21.5265
18.25  1.47655  74.0956  40.2638
18.25  1.50796  68.2776  61.7182
18.25  1.53938  7.03041  3.373
18.25  1.5708  68.6135  36.6811
18.25  1.60221  148.436  87.5793
18.25  1.63363  67.9771  48.4342
18.25  1.66504  362.422  350.382
18.25  1.69646  140.073  98.9566
18.25  1.72788  85.5974  88.4904
18.25  1.75929  13.3559  3.52302
18.25  1.79071  70.3767  45.8706
18.25  1.82212  70.6481  50.1088
18.25  1.85354  63.6162  39.6682
18.25  1.88496  71.8532  52.3945
18.25  1.91637  67.8653  28.1109
18.25  1.94779  15.7831  15.5716
18.25  1.9792  56.3087  56.8799
18.25  2.01062  101.524  92.4746
18.25  2.04204  2.90312  0.781452
18.25  2.07345  76.9255  74.5895
18.25  2.10487  2.62191  0.349234
18.25  2.13628  39.7869  23.9011
18.25  2.1677  36.5613  12.5223
18.25  2.19911  74.9078  39.173
18.25  2.23053  66.1409  95.0539
18.25  2.26195  163.451  82.4048
18.25  2.29336  2.88763  0.422583
18.25  2.32478  52.2002  28.851
18.25  2.35619  269.292  198.128
18.25  2.38761  7.5405  5.66022
18.25  2.41903  33.0482  52.0465
18.25  2.45044  17.2027  20.5096
18.25  2.48186  11.0545  14.0574
18.25  2.51327  37.6927  19.832
18.25  2.54469  68.9924  49.092
18.25  2.57611  20.3871  23.8631
18.25  2.60752  41.6581  34.1202
18.25  2.63894  43.6809  37.7036
18.25  2.67035  45.7045  42.5062
18.25  2.70177  42.4809  21.3766
18.25  2.73319  35.6222  31.4443
18.25  2.7646  59.1039  39.6367
18.25  2.79602  35.6126  17.8684
18.25  2.82743  54.4914  31.7294
18.25  2.85885  69.634  52.2454
18.25  2.89027  9.37347  68.7811
18.25  2.92168  0.249786  2.27364
18.25  2.9531  0  0
18.25  2.98451  0  0
18.25  3.01593  0  0
18.25  3.04734  0  0
18.25  3.07876  0  0
18.25  3.11018  0  0
18.375  0  0  0
18.375  0.0314159  0  0
18.375  0.0628319  0  0
18.375  0.0942478  0  0
18.375  0.125664  0  0
18.375  0.15708  0  0
18.375  0.188496  1.82829  13.4157
18.375  0.219911  9.25435  13.554
18.375  0.251327  1.3218  9.69917
18.375  0.282743  137.861  137.88
18.375  0.314159  49.9961  49.0066
18.375  0.345575  58.0583  58.0509
18.375  0.376991  51.7824  25.8991
18.375  0.408407  55.8651  54.0588
18.375  0.439823  40.1196  22.685
18.375  0.471239  44.5475  22.2963
18.375  0.502655  36.9518  21.8369
18.375  0.534071  37.5019  36.4343
18.375  0.565487  34.0192  31.3634
18.375  0.596903  29.6838  27.9997
18.375  0.628319  11.7103  20.4618
18.375  0.659734  63.0298  65.3793
18.375  0.69115  34.6879  31.3389
18.375  0.722566  89.0963  75.677
18.375  0.753982  47.1614  47.7677
18.375  0.785398  4.40122  1.92723
18.375  0.816814  6.73575  5.73142
18.375  0.84823  24.4519  19.1781
18.375  0.879646  19.2314  16.9263
18.375  0.911062  14.2622  3.55635
18.375  0.942478  41.4595  25.2257
18.375  0.973894  63.3854  36.7172
18.375  1.00531  48.663  28.2501
18.375  1.03673  188.889  122.044
18.375  1.06814  52.8392  30.2871
18.375  1.09956  98.7632  44.8805
18.375  1.13097  116.397  58.5952
18.375  1.16239  47.1924  34.3722
18.375  1.19381  109.883  99.8958
18.375  1.22522  63.8849  61.9522
18.375  1.25664  30.7842  13.3964
18.375  1.28805  75.6989  75.3832
18.375  1.31947  60.5707  38.1631
18.375  1.35088  4.56176  2.95137
18.375  1.3823  114.998  52.5205
18.375  1.41372  74.0005  63.2554
18.375  1.44513  86.8343  40.7031
18.375  1.47655  26.2113  11.7585
18.375  1.50796  61.1473  32.1464
18.375  1.53938  97.6906  87.7328
18.375  1.5708  38.4948  24.9115
18.375  1.60221  26.6925  18.5412
18.375  1.63363  240.702  156.792
18.375  1.66504  120.585  208.019
18.375  1.69646  63.1454  53.6838
18.375  1.72788  95.4145  53.6117
18.375  1.75929  40.0193  22.2897
18.375  1.79071  35.5829  28.3223
18.375  1.82212  2.18918  0.417766
18.375  1.85354  28.5858  19.0704
18.375  1.88496  299.071  185.927
18.375  1.91637  44.4497  17.0001
18.375  1.94779  81.122  60.7272
18.375  1.9792  38.1571  52.0651
18.375  2.01062  3.96645  1.34021
18.375  2.04204  208.008  134.355
18.375  2.07345  71.7728  163.197
18.375  2.10487  50.1778  66.3593
18.375  2.13628  70.5266  100.673
18.375  2.1677  2.07609  0.283196
18.375  2.19911  3.47176  0.897317
18.375  2.23053  3.06497  0.631768
18.375  2.26195  5.03008  2.2178
18.375  2.29336  10.8949  17.51
18.375  2.32478  14.5513  6.00903
18.375  2.35619  87.4973  72.5587
18.375  2.38761  57.2238  46.2188
18.375  2.41903  34.5709  33.8725
18.375  2.45044  33.1754  18.9715
18.375  2.48186  37.0789  26.3403
18.375  2.51327  38.7372  31.5771
18.375  2.54469  30.4051  26.298
18.375  2.57611  38.3163  20.8389
18.375  2.60752  15.6893  30.1753
18.375  2.63894  27.6434  42.7247
18.375  2.67035  42.9496  42.8768
18.375  2.70177  23.0303  17.8883
18.375  2.73319  52.2218  29.9415
18.375  2.7646  21.7407  18.8682
18.375  2.79602  44.2203  41.4566
18.375  2.82743  24.9603  12.6611
18.375  2.85885  21.198  21.2093
18.375  2.89027  13.2249  97.0427
18.375  2.92168  0.245606  2.36827
18.375  2.9531  0  0
18.375  2.98451  0  0
18.375  3.01593  0  0
18.375  3.04734  0  0
18.375  3.07876  0  0
18.375  3.11018  0  0
18.5  0  0  0
18.5  0.0314159  0  0
18.5  0.0628319  0  0
18.5  0.0942478  0  0
18.5  0.125664  0  0
18.5  0.15708  0  0
18.5  0.188496  0  0
18.5  0.219911  0  0
18.5  0.251327  56.3744  33.5106
18.5  0.282743  61.3165  33.3074
18.5  0.314159  69.1292  60.6838
18.5  0.345575  40.7246  40.5811
18.5  0.376991  22.4272  31.7232
18.5  0.408407  27.225  15.4232
18.5  0.439823  47.0721  25.0659
18.5  0.471239  44.191  33.3044
18.5  0.502655  40.8184  35.0602
18.5  0.534071  42.1195  21.1932
18.5  0.565487  25.273  19.4271
18.5  0.596903  14.8614  20.3282
18.5  0.628319  16.7471  18.8724
18.5  0.659734  4.61474  1.74201
18.5  0.69115  32.4082  34.4311
18.5  0.722566  6.99122  5.31363
18.5  0.753982  24.0612  26.1802
18.5  0.785398  33.3738  18.0831
18.5  0.816814  58.5126  113.495
18.5  0.84823  5.05181  2.18453
18.5  0.879646  5.7847  2.51021
18.5  0.911062  37.2793  23.3728
18.5  0.942478  80.5312  82.1012
18.5  0.973894  54.9337  37.3072
18.5  1.00531  527.474  524.313
18.5  1.03673  48.2683  42.8055
18.5  1.06814  42.4115  46.0293
18.5  1.09956  150.853  75.4688
18.5  1.13097  83.9132  64.6571
18.5  1.16239  56.7697  22.2644
18.5  1.19381  121.659  62.4535
18.5  1.22522  130.973  86.7532
18.5  1.25664  2.93323  0.563447
18.5  1.28805  75.4386  45.7115
18.5  1.31947  99.4266  62.1042
18.5  1.35088  68.812  40.2857
18.5  1.3823  154.171  252.46
18.5  1.41372  33.7088  27.4158
18.5  1.44513  115.605  141.695
18.5  1.47655  72.4915  30.4695
18.5  1.50796  37.2013  37.8861
18.5  1.53938  299.108  133.398
18.5  1.5708  64.7492  44.8249
18.5  1.60221  92.9954  57.1436
18.5  1.63363  12.4339  4.51092
18.5  1.66504  10.8135  3.76271
18.5  1.69646  77.6303  54.8808
18.5  1.72788  101.04  71.6959
18.5  1.75929  51.0893  33.3549
18.5  1.79071  88.9533  75.8244
18.5  1.82212  22.934  15.1088
18.5  1.85354  76.1103  49.6794
18.5  1.88496  20.9007  12.1067
18.5  1.91637  24.8019  8.95815
18.5  1.94779  80.3181  30.8398
18.5  1.9792  58.0537  20.4688
18.5  2.01062  80.1519  30.9276
18.5  2.04204  162.873  297.879
18.5  2.07345  2.67336  0.53263
18.5  2.10487  10.2444  4.01074
18.5  2.13628  13.4806  9.5691
18.5  2.1677  2.42448  0.620125
18.5  2.19911  79.1593  36.2076
18.5  2.23053  5.1654  2.17491
18.5  2.26195  13.8039  4.6793
18.5  2.29336  17.3002  5.12628
18.5  2.32478  27.5375  37.5326
18.5  2.35619  14.0812  17.5204
18.5  2.38761  27.1675  26.7274
18.5  2.41903  26.2916  13.5641
18.5  2.45044  66.0184  75.5529
18.5  2.48186  31.9416  31.4751
18.5  2.51327  44.9542  41.2865
18.5  2.54469  58.9588  82.9127
18.5  2.57611  41.3039  28.8901
18.5  2.60752  40.973  35.9288
18.5  2.63894  49.9615  25.1019
18.5  2.67035  44.209  38.3719
18.5  2.70177  46.1278  31.5334
18.5  2.73319  12.7345  29.3456
18.5  2.7646  49.2473  33.4313
18.5  2.79602  27.6352  19.565
18.5  2.82743  104.365  58.7727
18.5  2.85885  73.4756  39.8984
18.5  2.89027  14.78  14.5782
18.5  2.92168  0  0
18.5  2.9531  0  0
18.5  2.98451  0  0
18.5  3.01593  0  0
18.5  3.04734  0  0
18.5  3.07876  0  0
18.5  3.11018  0  0
18.625  0  0  0
18.625  0.0314159  0  0
18.625  0.0628319  0  0
18.625  0.0942478  0  0
18.625  0.125664  0  0
18.625  0.15708  0  0
18.625  0.188496  0  0
18.625  0.219911  39.505  28.5687
18.625  0.251327  9.84571  9.84353
18.625  0.282743  48.6704  24.7847
18.625  0.314159  90.5768  59.6976
18.625  0.345575  48.1203  31.9673
18.625  0.376991  54.1296  37.8365
18.625  0.408407  45.4291  28.1145
18.625  0.439823  35.8224  34.7767
18.625  0.471239  48.9521  24.5789
18.625  0.502655  32.1402  18.7831
18.625  0.534071  19.189  35.2052
18.625  0.565487  253.157  180.425
18.625  0.596903  11.9772  22.7361
18.625  0.628319  36.2043  27.4469
18.625  0.659734  6.73229  3.30841
18.625  0.69115  12.155  21.3206
18.625  0.722566  204.457  184.357
18.625  0.753982  27.4228  15.131
18.625  0.785398  53.8864  26.3325
18.625  0.816814  36.4906  30.9201
18.625  0.84823  20.3761  28.8329
18.625  0.879646  18.9328  15.4241
18.625  0.911062  31.076  30.1115
18.625  0.942478  3.16451  0.691203
18.625  0.973894  2.85593  0.546644
18.625  1.00531  79.5586  61.4439
18.625  1.03673  59.7701  35.4821
18.625  1.06814  21.5315  24.7881
18.625  1.09956  98.693  151.088
18.625  1.13097  103.056  95.2762
18.625  1.16239  404.206  237.487
18.625  1.19381  11.6302  2.80504
18.625  1.22522  68.0205  44.245
18.625  1.25664  11.3763  2.56543
18.625  1.28805  38.4241  21.5199
18.625  1.31947  145.361  145.25
18.625  1.35088  118.113  87.7278
18.625  1.3823  3.65424  1.06303
18.625  1.41372  24.1802  7.52103
18.625  1.44513  361.283  231.989
18.625  1.47655  167.511  85.5226
18.625  1.50796  26.555  10.071
18.625  1.53938  131.414  61.7665
18.625  1.5708  31.793  22.3384
18.625  1.60221  62.79  52.226
18.625  1.63363  5.69127  4.97105
18.625  1.66504  38.7934  15.8825
18.625  1.69646  2.58363  1.00501
18.625  1.72788  132.058  115.9
18.625  1.75929  40.7457  20.5833
18.625  1.79071  4.43784  2.80474
18.625  1.82212  11.9759  17.6693
18.625  1.85354  51.1115  41.0869
18.625  1.88496  68.9785  49.9998
18.625  1.91637  93.4117  46.7128
18.625  1.94779  132.453  86.1043
18.625  1.9792  105.49  73.098
18.625  2.01062  100.745  151.29
18.625  2.04204  2.06292  0.436037
18.625  2.07345  2.86325  0.717273
18.625  2.10487  59.6277  39.0109
18.625  2.13628  66.1848  28.542
18.625  2.1677  158.483  246.062
18.625  2.19911  273.212  193.919
18.625  2.23053  3.42923  1.07133
18.625  2.26195  93.5911  65.2924
18.625  2.29336  100.126  81.9613
18.625  2.32478  15.8882  23.107
18.625  2.35619  6.71837  4.35229
18.625  2.38761  84.118  120.366
18.625  2.41903  14.7264  16.5608
18.625  2.45044  14.2833  14.9992
18.625  2.48186  20.0368  19.9221
18.625  2.51327  16.0063  18.1681
18.625  2.54469  18.7939  20.9818
18.625  2.57611  41.9778  26.8415
18.625  2.60752  32.4784  22.1867
18.625  2.63894  37.9398  36.0624
18.625  2.67035  44.3238  42.329
18.625  2.70177  13.3791  22.3208
18.625  2.73319  51.8619  47.5892
18.625  2.7646  14.7662  9.86298
18.625  2.79602  57.5362  42.3155
18.625  2.82743  10.5657  17.778
18.625  2.85885  63.0907  54.4712
18.625  2.89027  7.6562  56.1801
18.625  2.92168  0  0
18.625  2.9531  0  0
18.625  2.98451  0  0
18.625  3.01593  0  0
18.625  3.04734  0  0
18.625  3.07876  0  0
18.625  3.11018  0  0
18.75  0  0  0
18.75  0.0314159  0  0
18.75  0.0628319  0  0
18.75  0.0942478  0  0
18.75  0.125664  0  0
18.75  0.15708  0  0
18.75  0.188496  0  0
18.75  0.219911  6.63567  48.6916
18.75  0.251327  40.5569  25.7648
18.75  0.282743  107.351  81.8804
18.75  0.314159  63.1267  61.1871
18.75  0.345575  43.6956  22.3487
18.75  0.376991  57.9701  29.1324
18.75  0.408407  51.1757  33.4071
18.75  0.439823  37.9077  28.8572
18.75  0.471239  46.3075  37.2438
18.75  0.502655  43.119  34.8682
18.75  0.534071  37.2695  31.0809
18.75  0.565487  210.4  203.744
18.75  0.596903  19.8165  27.808
18.75  0.628319  27.7805  22.1189
18.75  0.659734  34.4365  17.2361
18.75  0.69115  39.8931  35.3871
18.75  0.722566  7.42792  6.93853
18.75  0.753982  61.8261  51.5238
18.75  0.785398  80.3926  54.6288
18.75  0.816814  97.6518  54.5734
18.75  0.84823  95.0282  44.9609
18.75  0.879646  4.01035  0.946533
18.75  0.911062  7.08315  5.90172
18.75  0.942478  10.375  3.16283
18.75  0.973894  15.5533  6.00765
18.75  1.00531  77.8946  39.1868
18.75  1.03673  4.41715  1.7702
18.75  1.06814  22.5026  8.11118
18.75  1.09956  3.19795  0.604202
18.75  1.13097  125.504  66.4394
18.75  1.16239  99.5504  63.4127
18.75  1.19381  71.6768  25.9462
18.75  1.22522  39.755  27.4959
18.75  1.25664  81.8484  50.0711
18.75  1.28805  20.8381  9.19083
18.75  1.31947  88.8583  64.5979
18.75  1.35088  42.2019  209.129
18.75  1.3823  32.2803  11.3998
18.75  1.41372  96.1229  64.269
18.75  1.44513  58.0115  38.9163
18.75  1.47655  68.4542  67.6535
18.75  1.50796  96.4594  74.5805
18.75  1.53938  48.0503  59.6541
18.75  1.5708  79.0954  37.9589
18.75  1.60221  17.0886  10.2497
18.75  1.63363  69.7451  45.1006
18.75  1.66504  17.3767  20.3297
18.75  1.69646  44.3005  43.5772
18.75  1.72788  31.1567  48.6264
18.75  1.75929  45.2385  45.1843
18.75  1.79071  10.9908  3.93309
18.75  1.82212  214.94  155.927
18.75  1.85354  33.1467  45.2077
18.75  1.88496  19.2464  18.0637
18.75  1.91637  50.0228  32.1564
18.75  1.94779  133.8  68.4175
18.75  1.9792  22.0694  20.9934
18.75  2.01062  207.872  171.898
18.75  2.04204  115.021  171.939
18.75  2.07345  4.56487  2.23405
18.75  2.10487  61.861  108.762
18.75  2.13628  103.94  160.963
18.75  2.1677  71.4244  63.2936
18.75  2.19911  85.1764  49.5332
18.75  2.23053  5.19614  2.49854
18.75  2.26195  3.29689  0.633749
18.75  2.29336  20.2825  10.556
18.75  2.32478  5.066  1.74407
18.75  2.35619  24.1449  17.3793
18.75  2.38761  14.6588  22.1808
18.75  2.41903  29.7566  19.274
18.75  2.45044  15.1787  16.5775
18.75  2.48186  221.282  205.106
18.75  2.51327  35.7994  26.7117
18.75  2.54469  30.5471  21.7201
18.75  2.57611  42.4981  39.5935
18.75  2.60752  59.1429  47.9711
18.75  2.63894  30.5775  23.8732
18.75  2.67035  32.2501  17.2232
18.75  2.70177  45.8216  44.6789
18.75  2.73319  35.7642  19.9572
18.75  2.7646  60.2155  60.4743
18.75  2.79602  32.8431  32.303
18.75  2.82743  82.5053  54.0728
18.75  2.85885  62.3138  62.5593
18.75  2.89027  0.247592  1.90109
18.75  2.92168  0.245661  2.26922
18.75  2.9531  0  0
18.75  2.98451  0  0
18.75  3.01593  0  0
18.75  3.04734  0  0
18.75  3.07876  0  0
18.75  3.11018  0  0
18.875  0  0  0
18.875  0.0314159  0  0
18.875  0.0628319  0  0
18.875  0.0942478  0  0
18.875  0.125664  0  0
18.875  0.15708  0  0
18.875  0.188496  0  0
18.875  0.219911  51.4111  25.9281
18.875  0.251327  0.249838  2.27206
18.875  0.282743  0.241657  2.33824
18.875  0.314159  36.3465  28.1542
18.875  0.345575  27.331  25.3062
18.875  0.376991  46.6866  34.5126
18.875  0.408407  27.0871  14.4441
18.875  0.439823  220.316  141.151
18.875  0.471239  37.1262  27.7096
18.875  0.502655  30.0988  21.2062
18.875  0.534071  17.6415  15.4061
18.875  0.565487  20.6126  24.0289
18.875  0.596903  37.8512  18.9991
18.875  0.628319  48.9626  51.2878
18.875  0.659734  26.4384  21.8299
18.875  0.69115  37.3926  28.6237
18.875  0.722566  47.3606  58.3082
18.875  0.753982  12.2851  21.8286
18.875  0.785398  58.93  95.2603
18.875  0.816814  79.0361  107.731
18.875  0.84823  10.2389  4.50718
18.875  0.879646  16.2072  20.4216
18.875  0.911062  14.4318  21.684
18.875  0.942478  95.1729  60.9535
18.875  0.973894  2.98133  0.697763
18.875  1.00531  90.699  71.9989
18.875  1.03673  10.9638  3.7614
18.875  1.06814  439.589  437.484
18.875  1.09956  118.248  112.84
18.875  1.13097  7.26942  3.26285
18.875  1.16239  46.8627  20.6054
18.875  1.19381  77.1735  61.139
18.875  1.22522  12.7943  3.99247
18.875  1.25664  6.81188  10.5728
18.875  1.28805  25.1029  5.70599
18.875  1.31947  92.1573  75.4028
18.875  1.35088  11.3799  10.3076
18.875  1.3823  34.3757  8.93952
18.875  1.41372  96.9554  62.1517
18.875  1.44513  43.2823  23.9268
18.875  1.47655  63.1869  34.2439
18.875  1.50796  54.126  26.7565
18.875  1.53938  58.8618  30.4757
18.875  1.5708  75.886  47.3955
18.875  1.60221  8.10952  2.22125
18.875  1.63363  53.7417  17.6108
18.875  1.66504  100.068  73.5874
18.875  1.69646  10.0948  2.62909
18.875  1.72788  58.5762  32.0526
18.875  1.75929  9.68736  3.59094
18.875  1.79071  2.33789  0.805081
18.875  1.82212  27.0549  12.9706
18.875  1.85354  88.9706  48.5124
18.875  1.88496  51.8098  33.6094
18.875  1.91637  59.6693  89.5063
18.875  1.94779  25.9723  13.4657
18.875  1.9792  11.8023  17.6853
18.875  2.01062  139.464  78.609
18.875  2.04204  72.9664  44.9991
18.875  2.07345  78.0626  55.3172
18.875  2.10487  115.42  74.8255
18.875  2.13628  32.8567  10.7756
18.875  2.1677  80.2435  46.6751
18.875  2.19911  70.8853  152.02
18.875  2.23053  45.9598  26.7267
18.875  2.26195  12.0938  2.48192
18.875  2.29336  29.4143  15.6906
18.875  2.32478  20.3413  26.331
18.875  2.35619  29.821  26.5387
18.875  2.38761  14.1687  17.1598
18.875  2.41903  151.738  140.102
18.875  2.45044  13.5176  13.3624
18.875  2.48186  35.1512  17.931
18.875  2.51327  49.0698  45.4276
18.875  2.54469  28.2542  19.0656
18.875  2.57611  12.86  16.1098
18.875  2.60752  56.6182  88.9772
18.875  2.63894  55.42  34.082
18.875  2.67035  29.5795  26.3484
18.875  2.70177  25.7539  34.7581
18.875  2.73319  51.4101  49.0091
18.875  2.7646  55.0919  44.4701
18.875  2.79602  58.8166  49.0914
18.875  2.82743  59.8646  34.0293
18.875  2.85885  50.9318  42.5419
18.875  2.89027  60.0558  38.8243
18.875  2.92168  0.26455  2.03923
18.875  2.9531  0  0
18.875  2.98451  0  0
18.875  3.01593  0  0
18.875  3.04734  0  0
18.875  3.07876  0  0
18.875  3.11018  0  0
19  0  0  0
19  0.0314159  0  0
19  0.0628319  0  0
19  0.0942478  0  0
19  0.125664  0  0
19  0.15708  0  0
19  0.188496  0  0
19  0.219911  13.2865  62.1019
19  0.251327  40.2217  28.455
19  0.282743  45.5541  23.0317
19  0.314159  6.2951  7.20708
19  0.345575  28.197  16.4609
19  0.376991  55.986  29.0498
19  0.408407  52.6853  36.4201
19  0.439823  40.3916  40.0686
19  0.471239  23.2479  24.8497
19  0.502655  49.4867  40.4785
19  0.534071  19.6601  26.5127
19  0.565487  39.0006  37.501
19  0.596903  182.922  146.698
19  0.628319  24.2353  29.5537
19  0.659734  31.2997  32.7435
19  0.69115  13.67  24.365
19  0.722566  3.7565  1.1079
19  0.753982  15.3729  15.7721
19  0.785398  12.2032  22.0528
19  0.816814  31.3693  23.0377
19  0.84823  203.156  202.28
19  0.879646  3.65069  0.698504
19  0.911062  13.4512  7.49032
19  0.942478  63.6066  27.3169
19  0.973894  42.1008  41.1211
19  1.00531  51.0813  72.1103
19  1.03673  156.776  346.972
19  1.06814  61.1194  23.6447
19  1.09956  192.645  104.732
19  1.13097  66.8409  37.9686
19  1.16239  81.3834  45.3226
19  1.19381  124.139  74.9151
19  1.22522  17.2973  5.13925
19  1.25664  78.9859  45.1542
19  1.28805  1.76237  0.325219
19  1.31947  53.5823  35.236
19  1.35088  389.803  218.819
19  1.3823  193.719  170.73
19  1.41372  2.35626  0.52669
19  1.44513  68.2743  96.2932
19  1.47655  78.0576  46.7054
19  1.50796  13.9089  3.98262
19  1.53938  105.124  63.4787
19  1.5708  37.7733  35.8824
19  1.60221  474.439  260.828
19  1.63363  2.24714  0.454882
19  1.66504  108.244  66.8885
19  1.69646  49.4054  44.3269
19  1.72788  42.5381  26.3676
19  1.75929  65.7033  41.1572
19  1.79071  2.31372  0.434449
19  1.82212  2.28904  0.786344
19  1.85354  3.99825  1.48843
19  1.88496  48.8383  18.8742
19  1.91637  21.1528  16.6449
19  1.94779  306.753  194.955
19  1.9792  66.2737  67.011
19  2.01062  3.91871  1.20741
19  2.04204  2.13823  0.542542
19  2.07345  170.669  97.86
19  2.10487  117.652  61.4823
19  2.13628  55.0678  25.2143
19  2.1677  132.696  67.9682
19  2.19911  64.5308  53.1128
19  2.23053  103.596  42.1689
19  2.26195  7.17736  5.07955
19  2.29336  86.9279  57.2235
19  2.32478  73.9778  28.2216
19  2.35619  19.0189  18.3453
19  2.38761  87.4834  48.281
19  2.41903  18.3405  21.5863
19  2.45044  39.8653  33.6707
19  2.48186  30.1653  25.3429
19  2.51327  9.77315  9.40129
19  2.54469  12.6623  18.6994
19  2.57611  34.1054  24.5441
19  2.60752  24.0627  20.7291
19  2.63894  36.8633  18.4351
19  2.67035  9.86954  15.047
19  2.70177  26.1847  42.748
19  2.73319  48.8607  45.4331
19  2.7646  56.594  56.5093
19  2.79602  36.3782  29.3594
19  2.82743  21.178  15.9785
19  2.85885  49.7351  41.1128
19  2.89027  3.1183  22.8816
19  2.92168  0  0
19  2.9531  0  0
19  2.98451  0  0
19  3.01593  0  0
19  3.04734  0  0
19  3.07876  0  0
19  3.11018  0  0
19.125  0  0  0
19.125  0.0314159  0  0
19.125  0.0628319  0  0
19.125  0.0942478  0  0
19.125  0.125664  0  0
19.125  0.15708  0  0
19.125  0.188496  0.881975  6.47181
19.125  0.219911  11.1832  82.0607
19.125  0.251327  19.3077  11.339
19.125  0.282743  25.3315  16.3452
19.125  0.314159  82.8063  52.3213
19.125  0.345575  30.605  26.7536
19.125  0.376991  43.3238  22.2673
19.125  0.408407  23.9652  23.1017
19.125  0.439823  33.3606  18.7346
19.125  0.471239  33.0732  27.519
19.125  0.502655  14.5922  23.5238
19.125  0.534071  29.5815  14.9501
19.125  0.565487  47.7617  43.9861
19.125  0.596903  41.8668  20.9737
19.125  0.628319  34.2822  32.1872
19.125  0.659734  18.0177  19.5687
19.125  0.69115  230.428  127.25
19.125  0.722566  13.7857  20.0092
19.125  0.753982  4.43796  1.36128
19.125  0.785398  5.01225  2.00813
19.125  0.816814  232.742  229.531
19.125  0.84823  70.3695  48.9134
19.125  0.879646  40.9082  18.9202
19.125  0.911062  25.6618  14.0278
19.125  0.942478  4.69598  2.11277
19.125  0.973894  3.37293  0.714815
19.125  1.00531  36.0552  39.7144
19.125  1.03673  39.1802  17.3487
19.125  1.06814  129.6  61.7881
19.125  1.09956  14.468  20.633
19.125  1.13097  191.18  97.4934
19.125  1.16239  344.099  103.102
19.125  1.19381  32.6348  20.6561
19.125  1.22522  62.2925  88.2437
19.125  1.25664  22.1912  5.74724
19.125  1.28805  85.8907  46.925
19.125  1.31947  38.7926  14.4308
19.125  1.35088  62.1869  23.0232
19.125  1.3823  46.6645  24.2675
19.125  1.41372  109.351  90.5974
19.125  1.44513  51.0683  22.9052
19.125  1.47655  88.9366  46.2244
19.125  1.50796  57.9237  26.7421
19.125  1.53938  31.8971  21.4487
19.125  1.5708  96.787  44.2437
19.125  1.60221  81.0332  56.6266
19.125  1.63363  8.31651  2.19671
19.125  1.66504  11.309  1.86086
19.125  1.69646  232.936  160.52
19.125  1.72788  236.831  180.535
19.125  1.75929  2.11871  0.492507
19.125  1.79071  22.5236  16.5227
19.125  1.82212  99.9459  72.944
19.125  1.85354  3.17663  0.745429
19.125  1.88496  52.8693  72.9091
19.125  1.91637  80.323  130.14
19.125  1.94779  95.1748  62.0339
19.125  1.9792  53.1825  20.7999
19.125  2.01062  35.586  51.4357
19.125  2.04204  2.89411  0.593371
19.125  2.07345  13.6056  7.88426
19.125  2.10487  54.1623  30.6466
19.125  2.13628  13.4579  9.72288
19.125  2.1677  81.467  80.7752
19.125  2.19911  46.1967  19.4433
19.125  2.23053  3.37076  0.722902
19.125  2.26195  83.6243  56.8786
19.125  2.29336  63.6023  71.027
19.125  2.32478  137.782  79.6293
19.125  2.35619  55.0437  28.9214
19.125  2.38761  27.9449  21.8077
19.125  2.41903  29.1432  14.865
19.125  2.45044  19.3417  28.0031
19.125  2.48186  19.5955  23.2115
19.125  2.51327  55.381  46.6846
19.125  2.54469  26.3187  33.9633
19.125  2.57611  141.458  123.288
19.125  2.60752  34.5195  34.2442
19.125  2.63894  50.7037  34.8381
19.125  2.67035  35.3827  21.3958
19.125  2.70177  52.2041  26.1107
19.125  2.73319  21.6405  12.069
19.125  2.7646  33.1495  18.2576
19.125  2.79602  81.6607  50.5295
19.125  2.82743  36.7353  18.3753
19.125  2.85885  44.9451  24.6499
19.125  2.89027  59.8584  56.4734
19.125  2.92168  0.250326  2.26497
19.125  2.9531  0  0
19.125  2.98451  0  0
19.125  3.01593  0  0
19.125  3.04734  0  0
19.125  3.07876  0  0
19.125  3.11018  0  0
19.25  0  0  0
19.25  0.0314159  0  0
19.25  0.0628319  0  0
19.25  0.0942478  0  0
19.25  0.125664  0  0
19.25  0.15708  0  0
19.25  0.188496  0.237247  1.37923
19.25  0.219911  1.35498  9.94262
19.25  0.251327  36.2262  25.2296
19.25  0.282743  60.5773  42.1978
19.25  0.314159  54.0099  40.1957
19.25  0.345575  51.7009  51.2821
19.25  0.376991  45.5913  30.8206
19.25  0.408407  40.8914  21.2129
19.25  0.439823  52.5221  51.6767
19.25  0.471239  33.6326  32.0245
19.25  0.502655  22.9128  24.7866
19.25  0.534071  20.5562  24.9208
19.25  0.565487  44.5598  36.4605
19.25  0.596903  17.3995  20.4334
19.25  0.628319  5.52738  7.20595
19.25  0.659734  21.536  20.5188
19.25  0.69115  152.128  131.804
19.25  0.722566  34.6542  16.9941
19.25  0.753982  47.4053  68.3714
19.25  0.785398  10.6025  11.3381
19.25  0.816814  57.7662  41.479
19.25  0.84823  2.91227  0.705902
19.25  0.879646  90.6868  37.7097
19.25  0.911062  6.75527  3.76538
19.25  0.942478  40.5276  15.7399
19.25  0.973894  99.7248  49.6638
19.25  1.00531  55.858  22.3131
19.25  1.03673  21.8044  9.55526
19.25  1.06814  11.7426  1.906
19.25  1.09956  2.40388  0.301735
19.25  1.13097  49.5474  24.8299
19.25  1.16239  11.6354  2.32202
19.25  1.19381  213.86  127.357
19.25  1.22522  356.531  355.874
19.25  1.25664  95.0857  46.9305
19.25  1.28805  2.4093  0.584581
19.25  1.31947  2.4197  0.30914
19.25  1.35088  336.812  186.539
19.25  1.3823  84.624  142.979
19.25  1.41372  255.545  332.145
19.25  1.44513  2.66943  0.79413
19.25  1.47655  116.111  58.267
19.25  1.50796  3.21489  1.10784
19.25  1.53938  80.7029  49.4577
19.25  1.5708  62.4021  48.2435
19.25  1.60221  25.955  6.17049
19.25  1.63363  61.0076  50.4617
19.25  1.66504  111.264  94.8105
19.25  1.69646  34.6545  13.9752
19.25  1.72788  44.6736  22.7984
19.25  1.75929  116.783  59.9568
19.25  1.79071  2.13866  0.421279
19.25  1.82212  24.8133  45.5587
19.25  1.85354  79.9794  36.916
19.25  1.88496  166.386  96.6486
19.25  1.91637  54.9381  22.3366
19.25  1.94779  29.49  5.16627
19.25  1.9792  372.877  364.355
19.25  2.01062  26.2565  13.8926
19.25  2.04204  51.5031  22.3348
19.25  2.07345  29.368  10.6679
19.25  2.10487  28.8104  24.2366
19.25  2.13628  12.2368  19.0594
19.25  2.1677  68.6818  30.7682
19.25  2.19911  15.1978  3.64852
19.25  2.23053  3.92832  0.815042
19.25  2.26195  6.23233  3.01188
19.25  2.29336  46.0632  41.2107
19.25  2.32478  26.1439  15.1931
19.25  2.35619  5.25989  2.93931
19.25  2.38761  211.952  120.863
19.25  2.41903  25.7226  22.9535
19.25  2.45044  7.1323  3.59198
19.25  2.48186  59.3789  54.6281
19.25  2.51327  14.7394  20.5188
19.25  2.54469  21.3659  23.4096
19.25  2.57611  28.8159  202.26
19.25  2.60752  45.191  36.9162
19.25  2.63894  13.0631  22.9024
19.25  2.67035  55.0891  27.6711
19.25  2.70177  42.2133  42.0782
19.25  2.73319  52.0702  27.2102
19.25  2.7646  39.0637  31.9973
19.25  2.79602  25.289  16.4115
19.25  2.82743  69.917  59.9765
19.25  2.85885  13.5718  13.008
19.25  2.89027  91.7709  52.4141
19.25  2.92168  0.261467  1.51021
19.25  2.9531  0  0
19.25  2.98451  0  0
19.25  3.01593  0  0
19.25  3.04734  0  0
19.25  3.07876  0  0
19.25  3.11018  0  0
19.375  0  0  0
19.375  0.0314159  0  0
19.375  0.0628319  0  0
19.375  0.0942478  0  0
19.375  0.125664  0  0
19.375  0.15708  0  0
19.375  0.188496  0  0
19.375  0.219911  7.94257  18.6465
19.375  0.251327  6.91152  50.7157
19.375  0.282743  71.9126  71.0914
19.375  0.314159  11.2502  82.5521
19.375  0.345575  15.8552  14.5122
19.375  0.376991  41.602  20.9572
19.375  0.408407  44.1233  22.1098
19.375  0.439823  40.2258  37.8956
19.375  0.471239  19.8578  35.0319
19.375  0.502655  14.062  19.8318
19.375  0.534071  16.2462  27.1058
19.375  0.565487  34.4219  33.301
19.375  0.596903  36.5489  20.2955
19.375  0.628319  15.0708  22.4448
19.375  0.659734  28.8341  14.4533
19.375  0.69115  19.6571  28.5738
19.375  0.722566  33.9023  28.1298
19.375  0.753982  29.6401  21.2429
19.375  0.785398  76.9841  33.5025
19.375  0.816814  2.41686  0.789258
19.375  0.84823  3.32295  0.467445
19.375  0.879646  299.674  284.805
19.375  0.911062  11.4076  7.24718
19.375  0.942478  334.799  168.847
19.375  0.973894  34.7258  25.4956
19.375  1.00531  45.7146  44.2489
19.375  1.03673  20.2155  8.52864
19.375  1.06814  13.4753  3.72672
19.375  1.09956  86.5578  52.3482
19.375  1.13097  80.4541  50.5618
19.375  1.16239  68.7795  84.7693
19.375  1.19381  42.0453  11.5861
19.375  1.22522  52.1371  32.6848
19.375  1.25664  82.59  35.6354
19.375  1.28805  24.0689  15.4987
19.375  1.31947  109.886  63.4357
19.375  1.35088  21.5549  16.139
19.375  1.3823  136.731  84.5573
19.375  1.41372  92.1858  51.0731
19.375  1.44513  28.7609  15.5308
19.375  1.47655  190.881  118.864
19.375  1.50796  34.1158  16.2192
19.375  1.53938  59.6295  51.7958
19.375  1.5708  20.7111  12.4269
19.375  1.60221  170.551  104.92
19.375  1.63363  44.779  22.7005
19.375  1.66504  74.7168  131.883
19.375  1.69646  2.17338  0.328962
19.375  1.72788  109.893  73.2677
19.375  1.75929  44.0777  18.0415
19.375  1.79071  12.5031  3.67233
19.375  1.82212  57.3458  18.3858
19.375  1.85354  30.5513  13.6407
19.375  1.88496  43.5105  27.1248
19.375  1.91637  51.0288  25.3579
19.375  1.94779  52.1189  40.6269
19.375  1.9792  56.9036  43.1975
19.375  2.01062  6.24805  1.5791
19.375  2.04204  64.7818  25.1396
19.375  2.07345  6.26708  8.34019
19.375  2.10487  314.365  273.549
19.375  2.13628  2.57688  0.55795
19.375  2.1677  250.454  147.712
19.375  2.19911  100.496  92.2695
19.375  2.23053  49.1706  60.2794
19.375  2.26195  140.355  128.986
19.375  2.29336  4.43414  1.96517
19.375  2.32478  15.7621  14.2509
19.375  2.35619  67.0723  54.329
19.375  2.38761  123.893  67.1021
19.375  2.41903  25.3715  26.0344
19.375  2.45044  21.4879  18.7136
19.375  2.48186  36.4777  19.5156
19.375  2.51327  27.1878  27.1874
19.375  2.54469  29.2471  32.8425
19.375  2.57611  13.649  29.8638
19.375  2.60752  9.5791  20.4132
19.375  2.63894  40.8587  39.2452
19.375  2.67035  42.5239  21.2776
19.375  2.70177  32.7007  16.8671
19.375  2.73319  49.0684  34.7408
19.375  2.7646  57.6797  43.8506
19.375  2.79602  48.9552  34.2618
19.375  2.82743  57.3313  39.2972
19.375  2.85885  0  0
19.375  2.89027  0  0
19.375  2.92168  0  0
19.375  2.9531  0  0
19.375  2.98451  0  0
19.375  3.01593  0  0
19.375  3.04734  0  0
19.375  3.07876  0  0
19.375  3.11018  0  0
19.5  0  0  0
19.5  0.0314159  0  0
19.5  0.0628319  0  0
19.5  0.0942478  0  0
19.5  0.125664  0  0
19.5  0.15708  0  0
19.5  0.188496  4.64033  34.0501
19.5  0.219911  5.32165  39.0495
19.5  0.251327  67.3848  33.7357
19.5  0.282743  34.0044  25.0743
19.5  0.314159  41.0913  20.5911
19.5  0.345575  43.6808  41.996
19.5  0.376991  80.4553  74.2286
19.5  0.408407  53.1696  53.1577
19.5  0.439823  46.2357  29.6549
19.5  0.471239  35.4537  22.5079
19.5  0.502655  44.5933  22.6015
19.5  0.534071  11.8275  17.832
19.5  0.565487  21.0874  21.6505
19.5  0.596903  12.6972  18.7176
19.5  0.628319  101.512  161.735
19.5  0.659734  123.014  72.13
19.5  0.69115  42.8559  72.4087
19.5  0.722566  45.6471  25.0443
19.5  0.753982  176.631  176.536
19.5  0.785398  297.661  149.336
19.5  0.816814  64.0448  68.5592
19.5  0.84823  2.36217  0.518129
19.5  0.879646  67.5873  38.3546
19.5  0.911062  4.25614  2.05274
19.5  0.942478  8.56016  7.84851
19.5  0.973894  66.1324  27.153
19.5  1.00531  3.96074  1.20062
19.5  1.03673  122.497  123.609
19.5  1.06814  142.69  107.97
19.5  1.09956  2.18252  0.257433
19.5  1.13097  53.8152  31.4524
19.5  1.16239  82.2876  45.7151
19.5  1.19381  85.1345  47.2145
19.5  1.22522  21.1715  21.6697
19.5  1.25664  168.394  95.4752
19.5  1.28805  278.428  200.866
19.5  1.31947  61.0513  37.9448
19.5  1.35088  100.122  54.6249
19.5  1.3823  142.86  129.711
19.5  1.41372  283.544  169.046
19.5  1.44513  28.3143  11.69
19.5  1.47655  93.098  45.8617
19.5  1.50796  341.476  213.217
19.5  1.53938  69.0059  50.228
19.5  1.5708  18.4606  3.17359
19.5  1.60221  108.371  115.879
19.5  1.63363  88.1537  54.246
19.5  1.66504  69.2317  62.8156
19.5  1.69646  99.1937  47.3637
19.5  1.72788  32.9741  45.5547
19.5  1.75929  53.4271  19.3145
19.5  1.79071  92.8463  59.4481
19.5  1.82212  19.3213  4.03539
19.5  1.85354  90.8944  51.7268
19.5  1.88496  43.2414  35.0589
19.5  1.91637  68.439  26.4378
19.5  1.94779  43.5354  36.3718
19.5  1.9792  2.26066  0.345474
19.5  2.01062  48.4417  32.4428
19.5  2.04204  2.44236  0.598342
19.5  2.07345  45.9194  31.9846
19.5  2.10487  28.412  27.2583
19.5  2.13628  3.13246  0.776638
19.5  2.1677  3.38031  0.793627
19.5  2.19911  37.7096  31.4313
19.5  2.23053  5.54807  2.30236
19.5  2.26195  17.5322  2.97258
19.5  2.29336  4.04452  1.3201
19.5  2.32478  69.4743  40.8547
19.5  2.35619  3.63606  1.07927
19.5  2.38761  10.4824  11.0357
19.5  2.41903  129.26  111.541
19.5  2.45044  32.5993  33.2813
19.5  2.48186  33.2206  29.8756
19.5  2.51327  22.6606  13.9
19.5  2.54469  33.0857  17.4541
19.5  2.57611  39.5623  19.9373
19.5  2.60752  38.0124  22.4863
19.5  2.63894  37.043  22.5759
19.5  2.67035  33.2106  31.1977
19.5  2.70177  43.5746  21.8835
19.5  2.73319  15.3865  17.1494
19.5  2.7646  57.3927  34.7001
19.5  2.79602  34.9409  32.1451
19.5  2.82743  0.250739  2.13194
19.5  2.85885  30.5741  30.2492
19.5  2.89027  6.46937  47.4713
19.5  2.92168  3.54385  26.0043
19.5  2.9531  0  0
19.5  2.98451  0  0
19.5  3.01593  0  0
19.5  3.04734  0  0
19.5  3.07876  0  0
19.5  3.11018  0  0
19.625  0  0  0
19.625  0.0314159  0  0
19.625  0.0628319  0  0
19.625  0.0942478  0  0
19.625  0.125664  0  0
19.625  0.15708  0  0
19.625  0.188496  112.092  108.968
19.625  0.219911  44.6509  37.7151
19.625  0.251327  31.5325  31.5619
19.625  0.282743  43.1739  37.6749
19.625  0.314159  47.3361  40.5468
19.625  0.345575  18.7423  28.0658
19.625  0.376991  43.7971  36.0693
19.625  0.408407  37.9377  25.3833
19.625  0.439823  32.6507  22.6733
19.625  0.471239  45.2885  32.2784
19.625  0.502655  44.6783  44.462
19.625  0.534071  37.1116  22.2902
19.625  0.565487  25.1528  22.8519
19.625  0.596903  27.4251  29.2532
19.625  0.628319  10.695  15.5081
19.625  0.659734  59.0649  74.52
19.625  0.69115  27.4315  22.8812
19.625  0.722566  174.182  168.123
19.625  0.753982  3.25303  0.756082
19.625  0.785398  72.5835  77.7085
19.625  0.816814  50.0865  23.6661
19.625  0.84823  12.515  19.2336
19.625  0.879646  4.99762  2.57327
19.625  0.911062  14.6236  14.0067
19.625  0.942478  15.6829  7.19222
19.625  0.973894  40.6452  39.529
19.625  1.00531  54.0314  46.1697
19.625  1.03673  50.5038  48.4607
19.625  1.06814  13.4122  17.2099
19.625  1.09956  77.5428  48.0413
19.625  1.13097  91.7479  33.841
19.625  1.16239  38.4804  18.3766
19.625  1.19381  75.2672  131.722
19.625  1.22522  53.9042  27.8193
19.625  1.25664  77.8206  43.3073
19.625  1.28805  19.3178  12.6049
19.625  1.31947  74.4657  30.7699
19.625  1.35088  110.009  190.692
19.625  1.3823  31.6101  8.07869
19.625  1.41372  77.5085  45.4178
19.625  1.44513  12.8706  3.69534
19.625  1.47655  69.2248  110.291
19.625  1.50796  74.8357  38.6496
19.625  1.53938  10.603  4.60034
19.625  1.5708  76.9473  45.7537
19.625  1.60221  60.8359  90.9913
19.625  1.63363  188.57  100.567
19.625  1.66504  20.5596  5.66834
19.625  1.69646  40.4999  14.9536
19.625  1.72788  31.7479  12.1018
19.625  1.75929  76.5882  46.0384
19.625  1.79071  77.1441  54.6825
19.625  1.82212  1.22408  4.65743
19.625  1.85354  62.3718  28.0348
19.625  1.88496  59.5715  42.3396
19.625  1.91637  27.6972  16.1541
19.625  1.94779  58.1035  46.6006
19.625  1.9792  3.22946  1.12629
19.625  2.01062  40.6111  23.4717
19.625  2.04204  46.4661  33.7878
19.625  2.07345  19.9462  22.3058
19.625  2.10487  19.6629  5.26701
19.625  2.13628  125.226  80.7805
19.625  2.1677  72.5801  31.2029
19.625  2.19911  8.97872  6.49667
19.625  2.23053  195.099  175.403
19.625  2.26195  164.09  132.023
19.625  2.29336  66.9827  32.4134
19.625  2.32478  13.1004  8.91101
19.625  2.35619  22.3648  25.7966
19.625  2.38761  11.454  20.3877
19.625  2.41903  46.5803  83.3638
19.625  2.45044  72.4759  123.564
19.625  2.48186  26.3517  15.7474
19.625  2.51327  31.93  19.2931
19.625  2.54469  47.7911  47.1042
19.625  2.57611  39.0323  28.0824
19.625  2.60752  28.3259  27.0505
19.625  2.63894  16.0894  28.9477
19.625  2.67035  37.6919  37.6644
19.625  2.70177  48.7519  24.7419
19.625  2.73319  56.6755  30.1519
19.625  2.7646  34.597  25.8606
19.625  2.79602  68.3736  50.7421
19.625  2.82743  34.0463  19.523
19.625  2.85885  40.4237  34.427
19.625  2.89027  0.263902  1.37029
19.625  2.92168  0  0
19.625  2.9531  0  0
19.625  2.98451  0  0
19.625  3.01593  0  0
19.625  3.04734  0  0
19.625  3.07876  0  0
19.625  3.11018  0  0
19.75  0  0  0
19.75  0.0314159  0  0
19.75  0.0628319  0  0
19.75  0.0942478  0  0
19.75  0.125664  0  0
19.75  0.15708  0  0
19.75  0.188496  0.261052  1.53731
19.75  0.219911  0.24468  2.05494
19.75  0.251327  45.3646  22.6985
19.75  0.282743  103.303  53.4407
19.75  0.314159  26.0429  26.0073
19.75  0.345575  35.5318  33.9637
19.75  0.376991  22.356  39.6646
19.75  0.408407  57.8049  56.7523
19.75  0.439823  213.378  215.749
19.75  0.471239  38.9717  22.98
19.75  0.502655  40.1198  23.7715
19.75  0.534071  34.1267  20.3563
19.75  0.565487  16.468  29.8473
19.75  0.596903  10.8549  10.2655
19.75  0.628319  4.40655  1.32556
19.75  0.659734  10.5213  18.1888
19.75  0.69115  13.3411  26.498
19.75  0.722566  71.0062  66.5133
19.75  0.753982  12.6677  20.4357
19.75  0.785398  40.0186  69.6194
19.75  0.816814  48.3227  21.5972
19.75  0.84823  11.4157  19.416
19.75  0.879646  2.59038  0.794108
19.75  0.911062  4.28046  0.860272
19.75  0.942478  102.169  102.17
19.75  0.973894  3.2217  0.725763
19.75  1.00531  16.8597  8.55626
19.75  1.03673  3.20685  0.758655
19.75  1.06814  174.176  125.936
19.75  1.09956  126.959  69.6619
19.75  1.13097  40.3028  28.6584
19.75  1.16239  263.127  152.015
19.75  1.19381  78.5243  66.6312
19.75  1.22522  2.14328  0.38702
19.75  1.25664  30.7926  16.7602
19.75  1.28805  9.76662  2.44399
19.75  1.31947  3.39359  1.38109
19.75  1.35088  21.6312  19.4292
19.75  1.3823  52.425  80.0531
19.75  1.41372  70.5548  24.0981
19.75  1.44513  61.5969  31.5981
19.75  1.47655  51.5562  34.4394
19.75  1.50796  59.9362  35.8826
19.75  1.53938  158.555  89.3038
19.75  1.5708  57.5684  39.1757
19.75  1.60221  115.714  65.1447
19.75  1.63363  4.60776  3.63681
19.75  1.66504  1.9956  0.466039
19.75  1.69646  34.1257  7.00705
19.75  1.72788  164.101  132.254
19.75  1.75929  77.0371  47.458
19.75  1.79071  66.7072  56.154
19.75  1.82212  12.2838  3.2478
19.75  1.85354  139.09  81.4812
19.75  1.88496  1.79228  0.242153
19.75  1.91637  145.57  82.5115
19.75  1.94779  73.5279  43.9389
19.75  1.9792  46.5674  66.6867
19.75  2.01062  28.5505  15.5827
19.75  2.04204  113.343  87.0634
19.75  2.07345  64.5036  77.0713
19.75  2.10487  6.93564  5.04876
19.75  2.13628  2.26109  0.42708
19.75  2.1677  18.583  25.6097
19.75  2.19911  51.8786  25.5934
19.75  2.23053  28.1724  25.3394
19.75  2.26195  20.3403  7.70162
19.75  2.29336  10.63  14.925
19.75  2.32478  5.16757  1.60155
19.75  2.35619  37.2653  58.5413
19.75  2.38761  28.8428  11.6035
19.75  2.41903  34.9637  27.9147
19.75  2.45044  16.7623  28.1866
19.75  2.48186  32.0288  16.0314
19.75  2.51327  36.6114  31.7845
19.75  2.54469  17.9041  24.3385
19.75  2.57611  27.4797  34.1424
19.75  2.60752  39.015  35.2296
19.75  2.63894  35.4642  19.555
19.75  2.67035  50.5002  50.5052
19.75  2.70177  51.9586  44.0657
19.75  2.73319  49.6659  49.0897
19.75  2.7646  69.3459  64.1871
19.75  2.79602  1.56379  11.4749
19.75  2.82743  71.501  58.0468
19.75  2.85885  3.75783  27.5744
19.75  2.89027  82.071  81.6051
19.75  2.92168  0.241237  2.28237
19.75  2.9531  0  0
19.75  2.98451  0  0
19.75  3.01593  0  0
19.75  3.04734  0  0
19.75  3.07876  0  0
19.75  3.11018  0  0
19.875  0  0  0
19.875  0.0314159  0  0
19.875  0.0628319  0  0
19.875  0.0942478  0  0
19.875  0.125664  0  0
19.875  0.15708  0  0
19.875  0.188496  0  0
19.875  0.219911  83.326  43.0385
19.875  0.251327  10.9667  6.02605
19.875  0.282743  22.0288  44.8045
19.875  0.314159  52.8473  48.7717
19.875  0.345575  64.1468  58.4881
19.875  0.376991  15.3054  39.3746
19.875  0.408407  35.7869  28.3999
19.875  0.439823  46.6591  36.1384
19.875  0.471239  48.3165  30.3399
19.875  0.502655  24.1507  26.5268
19.875  0.534071  24.4254  28.7314
19.875  0.565487  21.3052  21.8624
19.875  0.596903  27.784  27.0012
19.875  0.628319  24.6081  17.7095
19.875  0.659734  82.9778  139.161
19.875  0.69115  16.6834  92.8402
19.875  0.722566  61.482  30.1462
19.875  0.753982  29.0342  19.2403
19.875  0.785398  112.815  114.636
19.875  0.816814  29.2881  22.7408
19.875  0.84823  36.1526  29.125
19.875  0.879646  4.6629  1.75543
19.875  0.911062  44.381  18.2936
19.875  0.942478  28.5844  10.7445
19.875  0.973894  202.638  275.184
19.875  1.00531  17.6771  13.2086
19.875  1.03673  29.7537  8.41802
19.875  1.06814  69.0295  56.6032
19.875  1.09956  56.8217  82.0783
19.875  1.13097  51.4775  26.7999
19.875  1.16239  142.815  244.9
19.875  1.19381  70.2335  30.2634
19.875  1.22522  54.947  37.6805
19.875  1.25664  37.2718  18.0515
19.875  1.28805  31.2259  12.4231
19.875  1.31947  38.0101  18.9966
19.875  1.35088  75.1076  46.7069
19.875  1.3823  2.08674  0.414124
19.875  1.41372  21.5045  22.8815
19.875  1.44513  21.0702  16.061
19.875  1.47655  178.556  136.41
19.875  1.50796  63.2564  25.75
19.875  1.53938  80.74  39.4997
19.875  1.5708  25.1773  7.76086
19.875  1.60221  93.8538  78.5837
19.875  1.63363  65.685  18.7124
19.875  1.66504  129.235  73.6236
19.875  1.69646  56.2397  48.9524
19.875  1.72788  62.1598  91.7911
19.875  1.75929  52.8279  20.4471
19.875  1.79071  50.0037  26.5375
19.875  1.82212  3.53177  1.16215
19.875  1.85354  65.3057  26.9654
19.875  1.88496  115.696  74.8373
19.875  1.91637  2.41898  0.432652
19.875  1.94779  108.214  107.738
19.875  1.9792  46.3604  30.6605
19.875  2.01062  145.112  129.859
19.875  2.04204  10.1676  5.79934
19.875  2.07345  3.69747  1.30538
19.875  2.10487  69.8053  43.7733
19.875  2.13628  47.3575  36.4677
19.875  2.1677  10.0018  284.501
19.875  2.19911  63.0643  26.6635
19.875  2.23053  2.25976  0.409931
19.875  2.26195  44.6363  32.9968
19.875  2.29336  61.8217  79.2634
19.875  2.32478  25.1698  18.6676
19.875  2.35619  29.1808  28.8509
19.875  2.38761  457.365  407.293
19.875  2.41903  16.4575  17.7267
19.875  2.45044  38.8216  36.5123
19.875  2.48186  14.2902  24.0493
19.875  2.51327  79.3728  79.1802
19.875  2.54469  35.0987  32.1972
19.875  2.57611  32.9029  19.511
19.875  2.60752  50.4213  40.8496
19.875  2.63894  37.6916  18.8693
19.875  2.67035  46.1717  25.7848
19.875  2.70177  36.1626  20.1463
19.875  2.73319  54.6056  39.3708
19.875  2.7646  70.3427  38.1642
19.875  2.79602  64.279  49.1861
19.875  2.82743  40.9548  25.7693
19.875  2.85885  59.6753  30.1447
19.875  2.89027  61.5136  38.461
19.875  2.92168  0  0
19.875  2.9531  0  0
19.875  2.98451  0  0
19.875  3.01593  0  0
19.875  3.04734  0  0
19.875  3.07876  0  0
19.875  3.11018  0  0
20  0  0  0
20  0.0314159  0  0
20  0.0628319  0  0
20  0.0942478  0  0
20  0.125664  0  0
20  0.15708  0  0
20  0.188496  0.242741  2.33734
20  0.219911  0  0
20  0.251327  57.7764  40.8958
20  0.282743  30.0467  17.0728
20  0.314159  71.1279  42.5315
20  0.345575  56.8393  29.1813
20  0.376991  54.0186  27.5005
20  0.408407  37.1667  35.1411
20  0.439823  26.4562  24.1002
20  0.471239  42.2557  26.9438
20  0.502655  20.5373  29.9062
20  0.534071  292.42  285.357
20  0.565487  35.8296  19.9631
20  0.596903  41.8607  34.3224
20  0.628319  11.2563  22.4061
20  0.659734  23.9386  18.4948
20  0.69115  5.15887  1.96451
20  0.722566  22.1989  22.0428
20  0.753982  18.9455  13.8647
20  0.785398  17.1849  16.9159
20  0.816814  31.2607  26.2868
20  0.84823  165.784  127.645
20  0.879646  25.9841  6.36151
20  0.911062  47.2879  19.6771
20  0.942478  84.0308  54.0354
20  0.973894  46.7813  20.0671
20  1.00531  3.01519  1.00581
20  1.03673  61.0837  21.4355
20  1.06814  131.979  73.0412
20  1.09956  80.0122  53.2961
20  1.13097  121.989  247.858
20  1.16239  58.3078  37.7382
20  1.19381  57.9071  35.8083
20  1.22522  31.9498  16.9158
20  1.25664  1.94983  0.362988
20  1.28805  114.16  65.1244
20  1.31947  22.3972  6.96173
20  1.35088  165.15  114.867
20  1.3823  13.9191  4.97916
20  1.41372  69.2965  55.7974
20  1.44513  42.9554  20.0211
20  1.47655  583.083  496.833
20  1.50796  53.012  39.1215
20  1.53938  108.322  64.4264
20  1.5708  23.2546  9.12962
20  1.60221  34.85  16.9955
20  1.63363  57.9675  88.7175
20  1.66504  38.5715  10.1118
20  1.69646  88.5471  47.3734
20  1.72788  9.51335  40.3526
20  1.75929  51.641  28.1202
20  1.79071  67.841  35.3092
20  1.82212  92.5731  51.2574
20  1.85354  108.664  76.9409
20  1.88496  193.049  140.2
20  1.91637  43.6152  16.6737
20  1.94779  94.8311  104.667
20  1.9792  57.5236  44.6999
20  2.01062  56.315  40.5559
20  2.04204  30.6133  54.3816
20  2.07345  2.36087  0.440584
20  2.10487  4.06591  1.41212
20  2.13628  17.5737  8.06114
20  2.1677  113.596  61.8775
20  2.19911  4.2069  1.38531
20  2.23053  20.0645  28.9545
20  2.26195  47.6687  36.084
20  2.29336  3.14066  0.510214
20  2.32478  4.37281  1.4775
20  2.35619  48.0494  40.9615
20  2.38761  44.7049  43.3239
20  2.41903  7.2282  5.42703
20  2.45044  166.105  107.978
20  2.48186  37.5651  36.9881
20  2.51327  52.0299  58.6898
20  2.54469  26.2799  21.9253
20  2.57611  13.2889  13.6355
20  2.60752  17.3843  21.4728
20  2.63894  25.6374  24.5015
20  2.67035  38.8256  48.089
20  2.70177  43.1246  47.3734
20  2.73319  52.9149  42.056
20  2.7646  70.6541  69.1693
20  2.79602  58.2246  49.9189
20  2.82743  0.246234  2.25697
20  2.85885  72.3469  40.4184
20  2.89027  1.80045  13.2114
20  2.92168  0.249907  2.22214
20  2.9531  0  0
20  2.98451  0  0
20  3.01593  0  0
20  3.04734  0  0
20  3.07876  0  0
20  3.11018  0  0
20.125  0  0  0
20.125  0.0314159  0  0
20.125  0.0628319  0  0
20.125  0.0942478  0  0
20.125  0.125664  0  0
20.125  0.15708  0  0
20.125  0.188496  0  0
20.125  0.219911  53.5203  27.0111
20.125  0.251327  21.7479  22.3602
20.125  0.282743  44.0708  22.1233
20.125  0.314159  63.9478  38.2937
20.125  0.345575  54.6601  43.7815
20.125  0.376991  48.7789  39.5233
20.125  0.408407  15.5352  29.8322
20.125  0.439823  49.1071  25.8499
20.125  0.471239  41.8161  22.9712
20.125  0.502655  32.8236  30.6922
20.125  0.534071  40.6807  55.7492
20.125  0.565487  60.0095  65.6772
20.125  0.596903  22.3654  25.0142
20.125  0.628319  22.321  19.5785
20.125  0.659734  39.9378  27.9043
20.125  0.69115  30.2748  28.5277
20.125  0.722566  4.0382  2.11069
20.125  0.753982  43.8597  32.7566
20.125  0.785398  38.5028  19.4601
20.125  0.816814  62.3384  28.5643
20.125  0.84823  10.6997  15.531
20.125  0.879646  13.4226  17.9469
20.125  0.911062  50.2268  32.9581
20.125  0.942478  125.338  66.009
20.125  0.973894  61.6279  37.4957
20.125  1.00531  56.6358  40.2923
20.125  1.03673  24.5901  21.6653
20.125  1.06814  17.5908  4.07579
20.125  1.09956  32.7757  23.3313
20.125  1.13097  16.5993  11.7029
20.125  1.16239  4.94692  6.53078
20.125  1.19381  47.3017  32.8946
20.125  1.22522  29.6894  13.2327
20.125  1.25664  4.15127  55.6271
20.125  1.28805  80.5967  50.8307
20.125  1.31947  14.9478  11.5389
20.125  1.35088  3.80171  2.22837
20.125  1.3823  137.309  109.792
20.125  1.41372  80.2706  56.6743
20.125  1.44513  109.053  86.0426
20.125  1.47655  51.0737  20.7827
20.125  1.50796  69.604  55.2475
20.125  1.53938  210.954  183.734
20.125  1.5708  100.466  63.4028
20.125  1.60221  236.352  139.263
20.125  1.63363  54.7829  46.0692
20.125  1.66504  166.2  89.7081
20.125  1.69646  98.1309  65.4879
20.125  1.72788  29.3134  10.2091
20.125  1.75929  12.5614  4.70854
20.125  1.79071  85.3265  46.3503
20.125  1.82212  61.1011  26.0153
20.125  1.85354  90.6616  69.2033
20.125  1.88496  56.9661  38.6946
20.125  1.91637  93.0819  41.1214
20.125  1.94779  74.1849  40.5546
20.125  1.9792  69.8629  36.721
20.125  2.01062  36.7313  22.7407
20.125  2.04204  75.799  40.1399
20.125  2.07345  3.56965  1.03773
20.125  2.10487  47.5956  63.7942
20.125  2.13628  344.529  301.854
20.125  2.1677  314.469  171.508
20.125  2.19911  2.73944  0.568602
20.125  2.23053  86.4912  38.8025
20.125  2.26195  6.02669  3.26297
20.125  2.29336  102.108  171.694
20.125  2.32478  64.9589  27.8079
20.125  2.35619  163.596  89.9048
20.125  2.38761  11.3118  18.6027
20.125  2.41903  17.8251  22.8859
20.125  2.45044  96.1943  73.4807
20.125  2.48186  20.4074  25.4187
20.125  2.51327  18.0268  22.9188
20.125  2.54469  12.8485  23.6662
20.125  2.57611  39.7572  35.2148
20.125  2.60752  36.9442  31.1247
20.125  2.63894  38.904  20.1871
20.125  2.67035  39.0611  21.3203
20.125  2.70177  45.1521  29.3018
20.125  2.73319  44.6592  40.6141
20.125  2.7646  41.3634  34.3005
20.125  2.79602  37.3494  20.515
20.125  2.82743  76.4078  62.1447
20.125  2.85885  37.0042  20.9086
20.125  2.89027  0  0
20.125  2.92168  0  0
20.125  2.9531  0  0
20.125  2.98451  0  0
20.125  3.01593  0  0
20.125  3.04734  0  0
20.125  3.07876  0  0
20.125  3.11018  0  0
20.25  0  0  0
20.25  0.0314159  0  0
20.25  0.0628319  0  0
20.25  0.0942478  0  0
20.25  0.125664  0  0
20.25  0.15708  0  0
20.25  0.188496  0  0
20.25  0.219911  43.4061  44.0537
20.25  0.251327  9.32706  68.4406
20.25  0.282743  98.6106  86.5061
20.25  0.314159  39.4352  23.8651
20.25  0.345575  70.2066  69.3739
20.25  0.376991  30.9227  17.3314
20.25  0.408407  38.6288  19.3339
20.25  0.439823  53.6552  32.3929
20.25  0.471239  38.0966  30.9251
20.25  0.502655  167.325  149.448
20.25  0.534071  22.0758  24.5166
20.25  0.565487  17.2717  47.1072
20.25  0.596903  34.5692  34.5516
20.25  0.628319  27.7966  27.3707
20.25  0.659734  22.5271  25.8646
20.25  0.69115  72.8457  78.3719
20.25  0.722566  75.0762  65.433
20.25  0.753982  306.289  156.991
20.25  0.785398  91.9917  38.7435
20.25  0.816814  28.5571  24.3584
20.25  0.84823  13.3179  7.43163
20.25  0.879646  61.0493  52.8074
20.25  0.911062  4.34612  1.63395
20.25  0.942478  481.943  347.031
20.25  0.973894  17.3866  4.08939
20.25  1.00531  232.922  193.238
20.25  1.03673  40.718  13.7772
20.25  1.06814  93.1513  31.2405
20.25  1.09956  106.265  95.382
20.25  1.13097  41.4247  21.3984
20.25  1.16239  37.4609  13.7873
20.25  1.19381  176.327  92.0312
20.25  1.22522  35.8047  26.6482
20.25  1.25664  211.161  136.529
20.25  1.28805  62.1283  35.2509
20.25  1.31947  75.3135  61.4025
20.25  1.35088  89.997  43.463
20.25  1.3823  190.931  96.5926
20.25  1.41372  74.7349  49.1457
20.25  1.44513  33.2262  19.4493
20.25  1.47655  77.2856  41.1229
20.25  1.50796  39.0733  20.1829
20.25  1.53938  10.7169  2.68753
20.25  1.5708  55.0903  41.3773
20.25  1.60221  87.8053  48.884
20.25  1.63363  272.308  150.298
20.25  1.66504  121.295  47.8032
20.25  1.69646  33.1221  25.1913
20.25  1.72788  59.6577  30.3445
20.25  1.75929  56.9977  60.1501
20.25  1.79071  261.959  136.636
20.25  1.82212  186.954  96.6682
20.25  1.85354  82.2933  50.4444
20.25  1.88496  14.0656  16.9066
20.25  1.91637  74.8253  32.159
20.25  1.94779  11.1763  6.22655
20.25  1.9792  5.43092  5.04325
20.25  2.01062  29.2426  23.2542
20.25  2.04204  27.0791  23.0141
20.25  2.07345  46.0826  21.754
20.25  2.10487  92.371  77.7894
20.25  2.13628  2.07351  0.895295
20.25  2.1677  7.90643  7.32887
20.25  2.19911  10.9107  11.4566
20.25  2.23053  105.72  47.4795
20.25  2.26195  6.15222  2.92936
20.25  2.29336  17.4495  14.0935
20.25  2.32478  68.5827  46.5813
20.25  2.35619  153.88  126.707
20.25  2.38761  153.477  76.7831
20.25  2.41903  19.5175  21.0438
20.25  2.45044  27.4662  29.5043
20.25  2.48186  20.075  25.0922
20.25  2.51327  31.9839  29.5961
20.25  2.54469  18.9282  30.03
20.25  2.57611  30.4567  29.0093
20.25  2.60752  36.8754  35.0539
20.25  2.63894  41.3706  28.2273
20.25  2.67035  54.6693  28.4141
20.25  2.70177  46.5093  46.4027
20.25  2.73319  47.8896  39.7474
20.25  2.7646  39.3493  19.8427
20.25  2.79602  48.2728  27.2432
20.25  2.82743  39.631  21.9622
20.25  2.85885  57.7109  57.0675
20.25  2.89027  7.74928  56.8631
20.25  2.92168  110.849  56.7506
20.25  2.9531  0  0
20.25  2.98451  0  0
20.25  3.01593  0  0
20.25  3.04734  0  0
20.25  3.07876  0  0
20.25  3.11018  0  0
20.375  0  0  0
20.375  0.0314159  0  0
20.375  0.0628319  0  0
20.375  0.0942478  0  0
20.375  0.125664  0  0
20.375  0.15708  0  0
20.375  0.188496  0  0
20.375  0.219911  28.9369  27.9874
20.375  0.251327  0.237247  1.37923
20.375  0.282743  91.5279  70.39
20.375  0.314159  56.5567  29.5324
20.375  0.345575  70.1436  61.0419
20.375  0.376991  38.5981  31.195
20.375  0.408407  44.4116  22.8955
20.375  0.439823  38.8612  25.3954
20.375  0.471239  40.5602  36.2033
20.375  0.502655  38.6014  27.2484
20.375  0.534071  51.8645  31.1333
20.375  0.565487  41.7882  21.9954
20.375  0.596903  9.47439  9.30716
20.375  0.628319  42.7331  36.0891
20.375  0.659734  16.6536  75.5594
20.375  0.69115  73.3859  73.2071
20.375  0.722566  14.4323  5.7537
20.375  0.753982  102.961  83.6424
20.375  0.785398  30.9597  43.4636
20.375  0.816814  4.69609  1.49569
20.375  0.84823  26.9727  11.4599
20.375  0.879646  84.1953  44.2757
20.375  0.911062  39.762  13.2155
20.375  0.942478  194.985  265.868
20.375  0.973894  2.17507  0.327289
20.375  1.00531  211.616  279.619
20.375  1.03673  71.6556  30.3295
20.375  1.06814  2.32899  0.409112
20.375  1.09956  22.4719  9.59309
20.375  1.13097  85.0346  57.221
20.375  1.16239  297.694  283.338
20.375  1.19381  61.5625  20.086
20.375  1.22522  42.6291  21.9638
20.375  1.25664  21.8422  15.3878
20.375  1.28805  83.1711  32.6687
20.375  1.31947  218.111  122.302
20.375  1.35088  40.8865  19.6059
20.375  1.3823  105.635  61.6788
20.375  1.41372  50.8172  31.2621
20.375  1.44513  14.702  7.97499
20.375  1.47655  139.305  79.8864
20.375  1.50796  83.28  68.5662
20.375  1.53938  19.3374  11.0423
20.375  1.5708  47.1922  19.1904
20.375  1.60221  53.1277  38.3688
20.375  1.63363  11.4726  10.0445
20.375  1.66504  60.2843  37.8986
20.375  1.69646  47.6126  31.7272
20.375  1.72788  75.3786  42.0354
20.375  1.75929  45.4808  14.5224
20.375  1.79071  221.387  171.565
20.375  1.82212  45.0534  22.0142
20.375  1.85354  49.915  31.1437
20.375  1.88496  106.071  66.9474
20.375  1.91637  23.7948  11.2912
20.375  1.94779  132.851  59.595
20.375  1.9792  96.1783  48.699
20.375  2.01062  101.252  56.815
20.375  2.04204  197.074  196.183
20.375  2.07345  29.9023  19.8898
20.375  2.10487  79.9603  58.156
20.375  2.13628  8.18666  5.49717
20.375  2.1677  63.742  62.7097
20.375  2.19911  42.8786  19.7444
20.375  2.23053  22.2399  24.0162
20.375  2.26195  24.5406  9.18914
20.375  2.29336  141.557  132.339
20.375  2.32478  64.1484  82.0625
20.375  2.35619  79.8921  56.2603
20.375  2.38761  9.44083  11.3257
20.375  2.41903  53.7936  92.1712
20.375  2.45044  38.2015  28.1514
20.375  2.48186  24.6801  15.7387
20.375  2.51327  16.9016  18.6534
20.375  2.54469  33.615  19.761
20.375  2.57611  52.0138  32.0395
20.375  2.60752  36.9928  31.287
20.375  2.63894  55.3547  27.766
20.375  2.67035  54.1241  27.0935
20.375  2.70177  33.151  28.9507
20.375  2.73319  43.144  23.4528
20.375  2.7646  48.8042  27.9122
20.375  2.79602  68.4263  68.4269
20.375  2.82743  41.4713  32.0437
20.375  2.85885  57.6347  34.9216
20.375  2.89027  1.09647  1.64862
20.375  2.92168  0.247389  2.30284
20.375  2.9531  0  0
20.375  2.98451  0  0
20.375  3.01593  0  0
20.375  3.04734  0  0
20.375  3.07876  0  0
20.375  3.11018  0  0
20.5  0  0  0
20.5  0.0314159  0  0
20.5  0.0628319  0  0
20.5  0.0942478  0  0
20.5  0.125664  0  0
20.5  0.15708  0  0
20.5  0.188496  0  0
20.5  0.219911  0  0
20.5  0.251327  59.1835  50.3312
20.5  0.282743  85.8059  64.5583
20.5  0.314159  30.1399  15.2783
20.5  0.345575  43.6695  41.8249
20.5  0.376991  24.9312  42.0503
20.5  0.408407  37.8424  31.8753
20.5  0.439823  35.9619  18.0698
20.5  0.471239  28.6426  16.3559
20.5  0.502655  19.6929  20.965
20.5  0.534071  39.3517  20.3326
20.5  0.565487  29.7332  15.1584
20.5  0.596903  37.3662  37.1669
20.5  0.628319  12.3902  18.2173
20.5  0.659734  28.2916  19.0636
20.5  0.69115  8.3751  7.41098
20.5  0.722566  5.667  3.272
20.5  0.753982  6.35699  4.33081
20.5  0.785398  48.114  22.3835
20.5  0.816814  3.60925  0.723442
20.5  0.84823  21.589  19.8412
20.5  0.879646  3.62751  0.790138
20.5  0.911062  15.3694  9.81977
20.5  0.942478  5.907  3.06571
20.5  0.973894  24.7408  13.0342
20.5  1.00531  233.645  189.615
20.5  1.03673  49.6194  32.233
20.5  1.06814  24.8606  24.667
20.5  1.09956  3.2383  0.969572
20.5  1.13097  2.43457  0.342795
20.5  1.16239  37.798  11.5718
20.5  1.19381  2.43431  0.388178
20.5  1.22522  105.169  39.6536
20.5  1.25664  9.41493  10.1355
20.5  1.28805  52.1216  30.9019
20.5  1.31947  2.74327  0.548765
20.5  1.35088  296.122  179.208
20.5  1.3823  174.801  169.526
20.5  1.41372  58.5521  48.0622
20.5  1.44513  147.54  96.8458
20.5  1.47655  211.745  158.489
20.5  1.50796  72.5492  51.9885
20.5  1.53938  6.46305  4.31405
20.5  1.5708  55.1964  22.0015
20.5  1.60221  26.0403  15.6292
20.5  1.63363  120.954  89.3545
20.5  1.66504  199.865  107.512
20.5  1.69646  19.852  6.90995
20.5  1.72788  91.9144  65.5728
20.5  1.75929  62.6811  27.4094
20.5  1.79071  111.399  225.404
20.5  1.82212  15.2544  6.45345
20.5  1.85354  95.6508  62.687
20.5  1.88496  61.0491  35.5871
20.5  1.91637  54.318  26.593
20.5  1.94779  56.6949  28.3512
20.5  1.9792  2.37782  0.377864
20.5  2.01062  85.6292  126.825
20.5  2.04204  69.4519  24.001
20.5  2.07345  40.9319  57.3705
20.5  2.10487  84.9068  48.7169
20.5  2.13628  26.101  20.9675
20.5  2.1677  3.00471  0.377442
20.5  2.19911  2.40201  0.422127
20.5  2.23053  351.334  248.055
20.5  2.26195  43.773  41.5941
20.5  2.29336  82.1014  133.27
20.5  2.32478  78.931  45.2178
20.5  2.35619  51.5591  36.8564
20.5  2.38761  29.4229  17.4865
20.5  2.41903  27.9103  23.843
20.5  2.45044  31.2073  31.0101
20.5  2.48186  207.931  207.91
20.5  2.51327  32.676  20.0322
20.5  2.54469  40.1926  30.2262
20.5  2.57611  42.914  21.7422
20.5  2.60752  14.3974  26.3936
20.5  2.63894  36.8854  34.2079
20.5  2.67035  51.0199  50.9955
20.5  2.70177  43.7153  42.1324
20.5  2.73319  51.823  26.6076
20.5  2.7646  43.365  22.6311
20.5  2.79602  16.6547  10.5113
20.5  2.82743  68.716  38.3498
20.5  2.85885  0.249166  2.15385
20.5  2.89027  43.7331  22.3665
20.5  2.92168  0.249901  2.22221
20.5  2.9531  0  0
20.5  2.98451  0  0
20.5  3.01593  0  0
20.5  3.04734  0  0
20.5  3.07876  0  0
20.5  3.11018  0  0
20.625  0  0  0
20.625  0.0314159  0  0
20.625  0.0628319  0  0
20.625  0.0942478  0  0
20.625  0.125664  0  0
20.625  0.15708  0  0
20.625  0.188496  0  0
20.625  0.219911  17.3603  127.387
20.625  0.251327  54.2053  41.0685
20.625  0.282743  61.693  54.1677
20.625  0.314159  48.6277  47.5513
20.625  0.345575  50.0142  25.2653
20.625  0.376991  51.2293  25.9127
20.625  0.408407  46.9204  39.0951
20.625  0.439823  32.2923  31.3245
20.625  0.471239  38.7021  21.3877
20.625  0.502655  41.1085  20.9375
20.625  0.534071  43.8703  28.3404
20.625  0.565487  24.426  24.0636
20.625  0.596903  24.6418  20.1426
20.625  0.628319  230.13  207.28
20.625  0.659734  31.5791  22.8712
20.625  0.69115  31.6008  29.7544
20.625  0.722566  7.7563  8.4438
20.625  0.753982  12.7688  20.9492
20.625  0.785398  87.3352  74.3321
20.625  0.816814  80.4729  54.2246
20.625  0.84823  15.2097  14.2086
20.625  0.879646  3.65931  0.795417
20.625  0.911062  147.476  194.295
20.625  0.942478  72.737  47.928
20.625  0.973894  2.62496  0.371979
20.625  1.00531  97.3566  62.4674
20.625  1.03673  27.5186  42.5488
20.625  1.06814  4.01026  1.82344
20.625  1.09956  44.6665  32.9817
20.625  1.13097  63.2643  44.1892
20.625  1.16239  76.7346  42.0953
20.625  1.19381  75.7077  50.4938
20.625  1.22522  103.068  64.0303
20.625  1.25664  53.3182  93.7193
20.625  1.28805  21.9628  15.2209
20.625  1.31947  15.3287  4.92458
20.625  1.35088  88.1591  44.1938
20.625  1.3823  56.3316  32.9296
20.625  1.41372  17.9627  11.8588
20.625  1.44513  160.621  108.264
20.625  1.47655  7.71744  4.46097
20.625  1.50796  157.038  215.084
20.625  1.53938  17.6806  4.31615
20.625  1.5708  75.8917  25.9002
20.625  1.60221  144.528  95.0788
20.625  1.63363  75.2481  34.0262
20.625  1.66504  131.994  90.981
20.625  1.69646  409.059  227.551
20.625  1.72788  90.5322  37.395
20.625  1.75929  13.2684  10.032
20.625  1.79071  52.05  29.3058
20.625  1.82212  72.1462  38.9597
20.625  1.85354  149.354  89.4951
20.625  1.88496  26.7629  37.1525
20.625  1.91637  79.2745  55.5849
20.625  1.94779  87.7351  84.0777
20.625  1.9792  204.663  203.757
20.625  2.01062  56.2961  20.601
20.625  2.04204  9.5809  8.48886
20.625  2.07345  0.418901  257.869
20.625  2.10487  54.5388  40.8242
20.625  2.13628  2.58159  0.614705
20.625  2.1677  25.7925  19.6261
20.625  2.19911  300.945  294.761
20.625  2.23053  40.5457  26.9411
20.625  2.26195  2.6219  0.452132
20.625  2.29336  25.5823  17.9657
20.625  2.32478  3.65914  1.04859
20.625  2.35619  19.2486  17.2338
20.625  2.38761  37.5935  61.2146
20.625  2.41903  138.803  122.887
20.625  2.45044  12.0049  22.2199
20.625  2.48186  19.0885  19.6398
20.625  2.51327  214.177  124.923
20.625  2.54469  43.8597  28.819
20.625  2.57611  17.4988  21.8229
20.625  2.60752  26.8618  39.0399
20.625  2.63894  29.2235  21.3083
20.625  2.67035  51.8503  29.6445
20.625  2.70177  37.4174  20.087
20.625  2.73319  7.32742  10.3045
20.625  2.7646  45.1664  44.6197
20.625  2.79602  42.6854  33.5109
20.625  2.82743  69.267  48.4789
20.625  2.85885  42.7318  41.5469
20.625  2.89027  47.2492  29.7268
20.625  2.92168  0  0
20.625  2.9531  0  0
20.625  2.98451  0  0
20.625  3.01593  0  0
20.625  3.04734  0  0
20.625  3.07876  0  0
20.625  3.11018  0  0
20.75  0  0  0
20.75  0.0314159  0  0
20.75  0.0628319  0  0
20.75  0.0942478  0  0
20.75  0.125664  0  0
20.75  0.15708  0  0
20.75  0.188496  3.83973  28.1754
20.75  0.219911  0.250029  2.21959
20.75  0.251327  35.4886  17.8811
20.75  0.282743  94.8029  94.4147
20.75  0.314159  17.0346  31.4394
20.75  0.345575  58.6579  45.4799
20.75  0.376991  16.9912  25.8777
20.75  0.408407  38.6312  37.5064
20.75  0.439823  50.1138  43.7262
20.75  0.471239  42.6536  39.3309
20.75  0.502655  35.0273  22.218
20.75  0.534071  24.604  30.7042
20.75  0.565487  92.521  75.3433
20.75  0.596903  165.592  86.8458
20.75  0.628319  316.975  313.197
20.75  0.659734  28.0279  22.0026
20.75  0.69115  19.9592  19.1573
20.75  0.722566  94.9779  74.96
20.75  0.753982  18.7996  9.13408
20.75  0.785398  29.3143  24.8018
20.75  0.816814  88.401  50.9601
20.75  0.84823  239.204  235.767
20.75  0.879646  23.0542  6.54049
20.75  0.911062  13.3575  21.1241
20.75  0.942478  62.4468  43.2576
20.75  0.973894  40.5412  30.5672
20.75  1.00531  2.06536  0.325792
20.75  1.03673  74.3749  20.545
20.75  1.06814  72.4934  40.2442
20.75  1.09956  6.82362  3.62866
20.75  1.13097  21.0219  10.7114
20.75  1.16239  17.2183  5.53345
20.75  1.19381  38.5385  26.3664
20.75  1.22522  77.3339  34.364
20.75  1.25664  21.9471  14.9472
20.75  1.28805  56.4539  31.6969
20.75  1.31947  15.6353  3.04239
20.75  1.35088  66.1955  26.8441
20.75  1.3823  68.198  40.3691
20.75  1.41372  50.2636  39.7477
20.75  1.44513  38.351  21.9198
20.75  1.47655  73.1551  23.2372
20.75  1.50796  61.3247  24.3899
20.75  1.53938  3.55535  12.5007
20.75  1.5708  19.4792  15.9952
20.75  1.60221  89.4459  49.8872
20.75  1.63363  186.545  175.046
20.75  1.66504  110.776  55.4394
20.75  1.69646  15.1649  6.57977
20.75  1.72788  9.28601  2.31376
20.75  1.75929  94.2043  56.2855
20.75  1.79071  6.09702  56.35
20.75  1.82212  40.1532  22.8991
20.75  1.85354  58.9274  48.4435
20.75  1.88496  109.658  143.442
20.75  1.91637  43.6877  28.4179
20.75  1.94779  35.8399  14.8156
20.75  1.9792  16.9732  12.0138
20.75  2.01062  10.833  5.44618
20.75  2.04204  2.59934  0.341558
20.75  2.07345  66.32  65.762
20.75  2.10487  245.036  147.574
20.75  2.13628  147.844  80.3232
20.75  2.1677  68.2495  121.163
20.75  2.19911  32.7287  31.69
20.75  2.23053  473.172  266.992
20.75  2.26195  19.7948  19.4396
20.75  2.29336  290.949  170.012
20.75  2.32478  17.0758  9.31096
20.75  2.35619  34.7704  22.347
20.75  2.38761  7.16162  6.41662
20.75  2.41903  49.6514  47.7123
20.75  2.45044  82.1867  82.4949
20.75  2.48186  297.543  361.85
20.75  2.51327  32.8147  31.7007
20.75  2.54469  27.4846  18.3727
20.75  2.57611  19.0774  35.9111
20.75  2.60752  39.5962  36.7964
20.75  2.63894  52.4888  52.3759
20.75  2.67035  36.4502  23.7156
20.75  2.70177  46.4254  32.5169
20.75  2.73319  59.894  57.6807
20.75  2.7646  29.9891  15.4681
20.75  2.79602  80.1384  69.6958
20.75  2.82743  81.6571  48.0637
20.75  2.85885  76.3738  38.3493
20.75  2.89027  4.1763  30.6451
20.75  2.92168  0.528254  3.87625
20.75  2.9531  0  0
20.75  2.98451  0  0
20.75  3.01593  0  0
20.75  3.04734  0  0
20.75  3.07876  0  0
20.75  3.11018  0  0
20.875  0  0  0
20.875  0.0314159  0  0
20.875  0.0628319  0  0
20.875  0.0942478  0  0
20.875  0.125664  0  0
20.875  0.15708  0  0
20.875  0.188496  0.245289  2.06742
20.875  0.219911  0.71675  5.25941
20.875  0.251327  57.9763  55.4883
20.875  0.282743  66.0308  41.5424
20.875  0.314159  47.1046  41.4004
20.875  0.345575  16.2935  31.1696
20.875  0.376991  41.2655  28.9111
20.875  0.408407  24.0823  13.1126
20.875  0.439823  42.935  34.2255
20.875  0.471239  13.7822  22.0265
20.875  0.502655  21.0791  23.9932
20.875  0.534071  12.9536  25.8645
20.875  0.565487  31.2966  22.178
20.875  0.596903  137.688  115.758
20.875  0.628319  17.9024  16.0589
20.875  0.659734  31.2307  7.90012
20.875  0.69115  27.5425  17.7263
20.875  0.722566  61.201  91.9906
20.875  0.753982  84.7503  81.5647
20.875  0.785398  54.7223  53.7158
20.875  0.816814  75.8352  85.5066
20.875  0.84823  49.4036  64.7412
20.875  0.879646  40.927  26.7765
20.875  0.911062  34.8868  18.7774
20.875  0.942478  64.1678  41.605
20.875  0.973894  18.0173  3.37987
20.875  1.00531  56.6661  43.2424
20.875  1.03673  48.0357  32.317
20.875  1.06814  2.12987  0.459308
20.875  1.09956  50.4737  51.6104
20.875  1.13097  85.6192  69.5086
20.875  1.16239  330.629  196.29
20.875  1.19381  94.689  57.8417
20.875  1.22522  46.7665  26.8607
20.875  1.25664  2.16862  0.408606
20.875  1.28805  84.8341  70.3778
20.875  1.31947  26.4593  16.7725
20.875  1.35088  304.952  167.769
20.875  1.3823  59.3021  29.9116
20.875  1.41372  44.0572  18.9844
20.875  1.44513  160.047  101.739
20.875  1.47655  86.1364  49.1972
20.875  1.50796  122.816  79.6745
20.875  1.53938  37.2959  51.2539
20.875  1.5708  58.3554  61.2354
20.875  1.60221  82.4033  40.7482
20.875  1.63363  86.7553  43.2018
20.875  1.66504  15.4403  5.05541
20.875  1.69646  67.8835  60.9098
20.875  1.72788  17.7889  20.1641
20.875  1.75929  65.7636  26.4359
20.875  1.79071  99.4831  64.0464
20.875  1.82212  176.833  115.432
20.875  1.85354  28.1413  37.7098
20.875  1.88496  58.9446  58.5262
20.875  1.91637  59.3303  35.0787
20.875  1.94779  90.8357  59.5401
20.875  1.9792  7.16252  7.90258
20.875  2.01062  52.7871  47.1924
20.875  2.04204  111.326  123.274
20.875  2.07345  129.833  117.82
20.875  2.10487  152.283  147.327
20.875  2.13628  59.4882  30.7978
20.875  2.1677  16.3161  12.2102
20.875  2.19911  77.2722  55.3529
20.875  2.23053  17.9886  14.3102
20.875  2.26195  4.38454  1.32273
20.875  2.29336  24.1696  19.6876
20.875  2.32478  215.701  143.382
20.875  2.35619  58.1649  83.7424
20.875  2.38761  10.2022  19.056
20.875  2.41903  36.5703  40.7637
20.875  2.45044  36.5425  18.4539
20.875  2.48186  25.7613  24.158
20.875  2.51327  20.7019  19.0173
20.875  2.54469  26.6314  32.2941
20.875  2.57611  37.1878  19.0118
20.875  2.60752  51.3293  25.7589
20.875  2.63894  29.8238  24.7654
20.875  2.67035  45.3348  43.3055
20.875  2.70177  57.6884  54.2438
20.875  2.73319  42.0073  25.4445
20.875  2.7646  72.4616  69.9037
20.875  2.79602  52.6975  46.0402
20.875  2.82743  64.8295  37.788
20.875  2.85885  36.0622  31.0079
20.875  2.89027  8.79648  64.5473
20.875  2.92168  0  0
20.875  2.9531  0  0
20.875  2.98451  0  0
20.875  3.01593  0  0
20.875  3.04734  0  0
20.875  3.07876  0  0
20.875  3.11018  0  0
21  0  0  0
21  0.0314159  0  0
21  0.0628319  0  0
21  0.0942478  0  0
21  0.125664  0  0
21  0.15708  0  0
21  0.188496  0.247382  2.30289
21  0.219911  0.253278  2.18631
21  0.251327  64.6231  47.1826
21  0.282743  74.4909  71.18
21  0.314159  55.7005  36.6967
21  0.345575  75.6346  71.2895
21  0.376991  19.8715  32.4206
21  0.408407  309.954  283.875
21  0.439823  38.9092  36.8971
21  0.471239  17.3284  27.5147
21  0.502655  40.1172  33.3429
21  0.534071  37.2451  34.127
21  0.565487  18.246  18.0268
21  0.596903  29.7585  20.1639
21  0.628319  52.2256  122.016
21  0.659734  32.1144  18.9718
21  0.69115  24.8023  16.8317
21  0.722566  59.68  58.1817
21  0.753982  14.0794  13.8235
21  0.785398  72.621  50.485
21  0.816814  72.3444  45.1992
21  0.84823  52.9601  16.6694
21  0.879646  5.18632  2.47898
21  0.911062  357.345  295.881
21  0.942478  20.5211  10.7722
21  0.973894  29.365  14.1922
21  1.00531  73.2611  40.6023
21  1.03673  3.46209  0.607945
21  1.06814  2.3182  0.360389
21  1.09956  2.26368  0.356369
21  1.13097  51.9812  27.9957
21  1.16239  17.3064  11.0776
21  1.19381  94.0975  67.6904
21  1.22522  68.7376  38.3849
21  1.25664  63.3206  34.9686
21  1.28805  17.9651  14.478
21  1.31947  84.5593  140.285
21  1.35088  103.401  57.5488
21  1.3823  55.9906  34.2578
21  1.41372  25.9935  6.97158
21  1.44513  70.1735  41.6485
21  1.47655  16.778  4.74649
21  1.50796  83.4397  21.6842
21  1.53938  28.2681  16.8951
21  1.5708  68.8448  27.2955
21  1.60221  77.543  50.9347
21  1.63363  197.822  102.453
21  1.66504  151.07  115.52
21  1.69646  2.46867  0.622369
21  1.72788  56.3939  55.2454
21  1.75929  76.5661  24.7864
21  1.79071  63.8358  28.7432
21  1.82212  181.776  133.223
21  1.85354  4.60793  1.95784
21  1.88496  78.2743  49.9726
21  1.91637  222.847  154.178
21  1.94779  66.6752  43.4882
21  1.9792  2.64969  2.03104
21  2.01062  73.2997  39.4992
21  2.04204  34.5903  36.1548
21  2.07345  47.3512  26.6445
21  2.10487  2.63364  0.571655
21  2.13628  124.021  62.7326
21  2.1677  67.4809  43.9515
21  2.19911  113.081  108.44
21  2.23053  2.7044  0.311937
21  2.26195  3.24614  0.552964
21  2.29336  220.026  172.678
21  2.32478  2.91105  0.822351
21  2.35619  120.166  60.8144
21  2.38761  29.0187  27.9852
21  2.41903  27.7691  48.8718
21  2.45044  344.335  272.48
21  2.48186  25.4202  19.3117
21  2.51327  30.5777  19.9247
21  2.54469  44.2245  23.2853
21  2.57611  28.6494  18.6693
21  2.60752  34.7875  27.5926
21  2.63894  43.4144  28.1918
21  2.67035  45.1548  44.3653
21  2.70177  45.6151  23.6608
21  2.73319  36.1714  36.1537
21  2.7646  53.5958  27.6492
21  2.79602  52.6008  27.8059
21  2.82743  81.4574  80.503
21  2.85885  6.39956  46.959
21  2.89027  107.225  78.4394
21  2.92168  0.245774  2.26703
21  2.9531  0  0
21  2.98451  0  0
21  3.01593  0  0
21  3.04734  0  0
21  3.07876  0  0
21  3.11018  0  0
21.125  0  0  0
21.125  0.0314159  0  0
21.125  0.0628319  0  0
21.125  0.0942478  0  0
21.125  0.125664  0  0
21.125  0.15708  0  0
21.125  0.188496  0  0
21.125  0.219911  77.5939  56.1927
21.125  0.251327  3.58233  26.2867
21.125  0.282743  15.9982  15.8473
21.125  0.314159  65.7079  40.6528
21.125  0.345575  50.6323  25.3454
21.125  0.376991  19.799  17.331
21.125  0.408407  48.3978  24.3941
21.125  0.439823  54.9753  27.7959
21.125  0.471239  49.2661  47.8863
21.125  0.502655  42.2248  21.3148
21.125  0.534071  33.609  21.2411
21.125  0.565487  86.6348  141.508
21.125  0.596903  40.4465  22.1184
21.125  0.628319  94.8123  92.1747
21.125  0.659734  88.2854  160.247
21.125  0.69115  45.871  41.8182
21.125  0.722566  19.4114  11.9549
21.125  0.753982  10.3388  12.0048
21.125  0.785398  3.5734  0.947449
21.125  0.816814  47.997  58.7717
21.125  0.84823  15.0119  2.74983
21.125  0.879646  2.39852  0.516949
21.125  0.911062  3.42134  1.24183
21.125  0.942478  83.8962  137.313
21.125  0.973894  27.0226  8.41442
21.125  1.00531  64.3577  29.9591
21.125  1.03673  15.2829  6.99374
21.125  1.06814  38.6281  21.3217
21.125  1.09956  3.37576  0.567285
21.125  1.13097  15.8664  4.58409
21.125  1.16239  84.1517  33.3203
21.125  1.19381  99.8764  64.7386
21.125  1.22522  77.0678  60.6808
21.125  1.25664  94.0082  54.2463
21.125  1.28805  14.8849  3.71579
21.125  1.31947  4.30515  1.40038
21.125  1.35088  465.79  682.077
21.125  1.3823  17.7302  6.11465
21.125  1.41372  85.8744  154.505
21.125  1.44513  56.7367  45.362
21.125  1.47655  50.3917  24.0622
21.125  1.50796  79.9271  39.4511
21.125  1.53938  121.242  70.6867
21.125  1.5708  99.2151  61.3496
21.125  1.60221  9.7572  3.35296
21.125  1.63363  152.872  134.329
21.125  1.66504  19.6791  5.1015
21.125  1.69646  98.62  48.0098
21.125  1.72788  90.6336  52.4898
21.125  1.75929  9.28981  2.62882
21.125  1.79071  44.9212  24.4537
21.125  1.82212  121.564  100.877
21.125  1.85354  24.5184  8.36672
21.125  1.88496  2.1437  0.365699
21.125  1.91637  75.8323  40.6128
21.125  1.94779  22.1865  9.55472
21.125  1.9792  424.398  346.285
21.125  2.01062  66.2665  48.6086
21.125  2.04204  77.1412  47.2302
21.125  2.07345  31.8571  12.4731
21.125  2.10487  78.4606  30.5983
21.125  2.13628  16.9454  3.18846
21.125  2.1677  32.828  19.92
21.125  2.19911  6.18339  4.23024
21.125  2.23053  5.0337  2.41922
21.125  2.26195  3.06437  0.579802
21.125  2.29336  3.66731  1.06449
21.125  2.32478  66.9833  31.1108
21.125  2.35619  41.9064  41.8604
21.125  2.38761  6.94952  4.89169
21.125  2.41903  59.3493  47.2071
21.125  2.45044  12.8644  19.6187
21.125  2.48186  28.2016  27.5199
21.125  2.51327  32.8583  25.2963
21.125  2.54469  18.2438  17.3457
21.125  2.57611  36.2623  26.3676
21.125  2.60752  41.8079  22.9264
21.125  2.63894  16.7114  16.0829
21.125  2.67035  42.133  21.6487
21.125  2.70177  36.0309  21.6453
21.125  2.73319  71.3968  38.4707
21.125  2.7646  39.9872  23.0821
21.125  2.79602  63.9974  35.7327
21.125  2.82743  45.8916  35.4805
21.125  2.85885  50.757  29.3375
21.125  2.89027  89.0162  86.1771
21.125  2.92168  0  0
21.125  2.9531  0  0
21.125  2.98451  0  0
21.125  3.01593  0  0
21.125  3.04734  0  0
21.125  3.07876  0  0
21.125  3.11018  0  0
21.25  0  0  0
21.25  0.0314159  0  0
21.25  0.0628319  0  0
21.25  0.0942478  0  0
21.25  0.125664  0  0
21.25  0.15708  0  0
21.25  0.188496  63.3528  58.9642
21.25  0.219911  7.02788  51.5695
21.25  0.251327  39.5702  23.8318
21.25  0.282743  69.0598  68.7153
21.25  0.314159  59.1078  54.1557
21.25  0.345575  50.5497  25.6151
21.25  0.376991  58.0395  36.3736
21.25  0.408407  41.7107  38.859
21.25  0.439823  43.1298  37.755
21.25  0.471239  29.8422  26.1866
21.25  0.502655  39.0644  19.9966
21.25  0.534071  38.9045  38.8379
21.25  0.565487  28.4816  14.2497
21.25  0.596903  41.8314  28.881
21.25  0.628319  169.348  169.025
21.25  0.659734  52.5301  115.817
21.25  0.69115  20.6524  15.9726
21.25  0.722566  118.335  163.924
21.25  0.753982  74.9096  49.9611
21.25  0.785398  19.3765  8.9285
21.25  0.816814  13.9426  4.60133
21.25  0.84823  84.5402  51.6632
21.25  0.879646  2.70546  0.353383
21.25  0.911062  155.207  79.3301
21.25  0.942478  24.5344  11.3453
21.25  0.973894  29.8703  24.6509
21.25  1.00531  60.5164  20.9172
21.25  1.03673  56.4704  39.8419
21.25  1.06814  216.247  117.255
21.25  1.09956  103.97  56.5773
21.25  1.13097  120.25  63.27
21.25  1.16239  81.8768  65.7156
21.25  1.19381  36.3754  391.458
21.25  1.22522  55.0743  36.1652
21.25  1.25664  143.797  113.499
21.25  1.28805  1.91506  0.359909
21.25  1.31947  86.9119  78.8312
21.25  1.35088  27.1744  11.7508
21.25  1.3823  108.079  60.5177
21.25  1.41372  102.051  61.9246
21.25  1.44513  24.2051  8.87713
21.25  1.47655  73.996  47.0122
21.25  1.50796  60.6567  27.7224
21.25  1.53938  76.5546  58.8502
21.25  1.5708  61.0393  71.4144
21.25  1.60221  84.3271  28.5816
21.25  1.63363  1.58336e-05  290.537
21.25  1.66504  216.968  190.127
21.25  1.69646  71.3529  34.5033
21.25  1.72788  89.7165  33.4913
21.25  1.75929  73.159  63.2394
21.25  1.79071  16.4418  7.71101
21.25  1.82212  113.725  63.307
21.25  1.85354  93.4711  74.4452
21.25  1.88496  63.1882  94.8086
21.25  1.91637  17.9786  8.3729
21.25  1.94779  32.6873  18.4717
21.25  1.9792  47.9333  23.1778
21.25  2.01062  2.48592  0.32431
21.25  2.04204  150.333  137.409
21.25  2.07345  14.8978  2.34717
21.25  2.10487  16.222  10.6046
21.25  2.13628  170.141  106.305
21.25  2.1677  3.65857  0.881509
21.25  2.19911  41.906  28.4647
21.25  2.23053  13.4294  16.4327
21.25  2.26195  3.03986  0.531195
21.25  2.29336  4.38686  1.4425
21.25  2.32478  34.2929  13.7426
21.25  2.35619  56.1984  33.0593
21.25  2.38761  31.634  51.4567
21.25  2.41903  104.875  115.91
21.25  2.45044  28.8358  15.7193
21.25  2.48186  32.2651  22.2008
21.25  2.51327  18.8276  18.5275
21.25  2.54469  32.9745  22.529
21.25  2.57611  384.802  383.556
21.25  2.60752  45.4244  23.0391
21.25  2.63894  50.7156  26.9027
21.25  2.67035  35.8952  23.2007
21.25  2.70177  13.4346  25.4731
21.25  2.73319  55.6943  34.7407
21.25  2.7646  30.5599  18.3354
21.25  2.79602  28.25  31.4326
21.25  2.82743  67.5986  49.112
21.25  2.85885  6.7075  49.2187
21.25  2.89027  15.2193  111.677
21.25  2.92168  1.77655  13.0361
21.25  2.9531  0  0
21.25  2.98451  0  0
21.25  3.01593  0  0
21.25  3.04734  0  0
21.25  3.07876  0  0
21.25  3.11018  0  0
21.375  0  0  0
21.375  0.0314159  0  0
21.375  0.0628319  0  0
21.375  0.0942478  0  0
21.375  0.125664  0  0
21.375  0.15708  0  0
21.375  0.188496  41.0889  35.4177
21.375  0.219911  10.472  76.842
21.375  0.251327  31.7989  38.6179
21.375  0.282743  52.712  35.0833
21.375  0.314159  10.7959  49.5317
21.375  0.345575  64.14  47.0617
21.375  0.376991  48.5449  26.8983
21.375  0.408407  40.362  35.4601
21.375  0.439823  62.0004  46.455
21.375  0.471239  33.198  27.1251
21.375  0.502655  515.947  458.775
21.375  0.534071  31.9694  20.9113
21.375  0.565487  52.1307  38.0445
21.375  0.596903  33.0135  32.4272
21.375  0.628319  11.7735  20.7511
21.375  0.659734  11.849  16.5007
21.375  0.69115  32.3919  29.1146
21.375  0.722566  460.487  328.475
21.375  0.753982  14.6912  17.7471
21.375  0.785398  48.5358  61.5821
21.375  0.816814  161.972  114.356
21.375  0.84823  147.889  75.3407
21.375  0.879646  85.6317  37.8848
21.375  0.911062  2.51718  0.434432
21.375  0.942478  18.4838  4.47634
21.375  0.973894  41.234  13.174
21.375  1.00531  27.7298  8.60007
21.375  1.03673  63.8898  68.5544
21.375  1.06814  80.9573  32.7915
21.375  1.09956  58.724  53.4591
21.375  1.13097  190.19  159.03
21.375  1.16239  11.1094  39.223
21.375  1.19381  48.7874  19.3795
21.375  1.22522  63.1872  32.3787
21.375  1.25664  92.2344  56.8571
21.375  1.28805  9.19833  2.91207
21.375  1.31947  13.0299  4.62507
21.375  1.35088  58.7416  25.0338
21.375  1.3823  21.564  433.643
21.375  1.41372  74.0297  56.588
21.375  1.44513  55.5915  24.1337
21.375  1.47655  47.4313  22.9972
21.375  1.50796  49.7929  44.9643
21.375  1.53938  21.9055  11.2907
21.375  1.5708  3.18558  1.14463
21.375  1.60221  191.023  203.003
21.375  1.63363  97.208  59.4844
21.375  1.66504  131.415  84.8062
21.375  1.69646  124.039  96.3826
21.375  1.72788  124.984  80.2431
21.375  1.75929  144.856  80.504
21.375  1.79071  55.4239  26.2287
21.375  1.82212  11.0124  4.98404
21.375  1.85354  17.3759  21.7582
21.375  1.88496  39.0668  40.8397
21.375  1.91637  70.9671  37.328
21.375  1.94779  61.2328  56.2115
21.375  1.9792  40.7492  52.4344
21.375  2.01062  91.6771  60.654
21.375  2.04204  26.6521  12.0338
21.375  2.07345  49.3068  20.931
21.375  2.10487  38.0251  26.9092
21.375  2.13628  21.2456  8.6198
21.375  2.1677  82.8535  82.1513
21.375  2.19911  25.7735  19.6654
21.375  2.23053  6.40785  4.76058
21.375  2.26195  179.477  151.897
21.375  2.29336  99.8511  52.3217
21.375  2.32478  9.07856  15.0862
21.375  2.35619  72.7052  112.541
21.375  2.38761  5.06512  1.80156
21.375  2.41903  80.9344  85.209
21.375  2.45044  5.37748  2.36718
21.375  2.48186  21.0779  19.7379
21.375  2.51327  15.5197  20.7226
21.375  2.54469  220.512  113.411
21.375  2.57611  15.5012  24.0607
21.375  2.60752  16.5423  23.3888
21.375  2.63894  37.4179  29.206
21.375  2.67035  11.1718  16.0519
21.375  2.70177  54.9551  36.7832
21.375  2.73319  5.22447  41.4312
21.375  2.7646  51.0026  46.9771
21.375  2.79602  53.037  48.6028
21.375  2.82743  55.3682  51.8108
21.375  2.85885  66.748  38.8592
21.375  2.89027  37.1889  19.3588
21.375  2.92168  0  0
21.375  2.9531  0  0
21.375  2.98451  0  0
21.375  3.01593  0  0
21.375  3.04734  0  0
21.375  3.07876  0  0
21.375  3.11018  0  0
21.5  0  0  0
21.5  0.0314159  0  0
21.5  0.0628319  0  0
21.5  0.0942478  0  0
21.5  0.125664  0  0
21.5  0.15708  0  0
21.5  0.188496  3.99068  29.2831
21.5  0.219911  0.249111  2.14992
21.5  0.251327  60.2663  43.9016
21.5  0.282743  65.7864  62.3865
21.5  0.314159  56.3468  32.8018
21.5  0.345575  39.8175  31.8872
21.5  0.376991  40.8611  33.7571
21.5  0.408407  35.1274  31.4173
21.5  0.439823  43.6737  34.6457
21.5  0.471239  52.5626  35.1775
21.5  0.502655  26.3384  32.9497
21.5  0.534071  28.1794  18.5642
21.5  0.565487  29.8614  15.4219
21.5  0.596903  16.5928  19.483
21.5  0.628319  22.8314  18.1568
21.5  0.659734  6.01422  3.7451
21.5  0.69115  98.2778  71.1921
21.5  0.722566  4.5435  1.8684
21.5  0.753982  351.318  315.819
21.5  0.785398  55.3357  86.88
21.5  0.816814  4.41652  1.34785
21.5  0.84823  25.8318  82.4115
21.5  0.879646  87.947  44.0669
21.5  0.911062  8.2061  1.93155
21.5  0.942478  106.811  83.9881
21.5  0.973894  2.89641  0.480973
21.5  1.00531  19.9798  10.7442
21.5  1.03673  50.9055  40.0008
21.5  1.06814  57.9432  46.1323
21.5  1.09956  47.3172  72.923
21.5  1.13097  237.149  119.216
21.5  1.16239  334.73  263.74
21.5  1.19381  2.97567  0.570585
21.5  1.22522  6.56796  2.03906
21.5  1.25664  94.3028  58.179
21.5  1.28805  39.7832  12.9974
21.5  1.31947  12.7783  3.3842
21.5  1.35088  37.3159  30.4691
21.5  1.3823  14.127  8.77264
21.5  1.41372  49.739  22.9122
21.5  1.44513  184.153  93.4814
21.5  1.47655  71.4763  36.2862
21.5  1.50796  300.539  197.681
21.5  1.53938  68.6455  44.8856
21.5  1.5708  314.875  497.029
21.5  1.60221  13.3826  5.85725
21.5  1.63363  36.3782  18.724
21.5  1.66504  65.7326  62.3889
21.5  1.69646  109.826  70.582
21.5  1.72788  59.0957  33.3184
21.5  1.75929  209.894  323.096
21.5  1.79071  99.3044  58.9181
21.5  1.82212  220.058  187.47
21.5  1.85354  112.905  75.7297
21.5  1.88496  84.2047  44.8693
21.5  1.91637  2.89862  0.472479
21.5  1.94779  82.0554  36.4103
21.5  1.9792  85.0978  54.1954
21.5  2.01062  43.8532  17.4645
21.5  2.04204  90.0657  150.009
21.5  2.07345  10.8858  9.92514
21.5  2.10487  140.01  78.0172
21.5  2.13628  2.63145  0.393323
21.5  2.1677  23.1397  13.4406
21.5  2.19911  41.7488  51.6057
21.5  2.23053  208.373  152.879
21.5  2.26195  53.938  51.1924
21.5  2.29336  18.6518  6.92185
21.5  2.32478  14.6495  23.9803
21.5  2.35619  35.9507  40.329
21.5  2.38761  17.9423  17.0454
21.5  2.41903  21.4295  15.7427
21.5  2.45044  27.0776  14.4457
21.5  2.48186  65.0131  61.0132
21.5  2.51327  288.097  383.781
21.5  2.54469  27.3949  23.5339
21.5  2.57611  37.996  29.798
21.5  2.60752  53.7685  28.0852
21.5  2.63894  47.9303  30.4301
21.5  2.67035  41.1181  28.7741
21.5  2.70177  35.0832  34.4721
21.5  2.73319  33.3175  24.8232
21.5  2.7646  18.3137  36.0546
21.5  2.79602  55.2141  29.238
21.5  2.82743  72.0445  71.9634
21.5  2.85885  48.5222  43.4761
21.5  2.89027  1.36943  10.0486
21.5  2.92168  0.242914  2.33697
21.5  2.9531  0  0
21.5  2.98451  0  0
21.5  3.01593  0  0
21.5  3.04734  0  0
21.5  3.07876  0  0
21.5  3.11018  0  0
21.625  0  0  0
21.625  0.0314159  0  0
21.625  0.0628319  0  0
21.625  0.0942478  0  0
21.625  0.125664  0  0
21.625  0.15708  0  0
21.625  0.188496  5.82361  42.7328
21.625  0.219911  49.934  48.9266
21.625  0.251327  21.9208  32.8546
21.625  0.282743  81.7292  41.2514
21.625  0.314159  61.6031  37.3511
21.625  0.345575  25.2792  19.619
21.625  0.376991  51.2508  38.0859
21.625  0.408407  52.6103  41.7046
21.625  0.439823  40.3947  20.3008
21.625  0.471239  52.1174  29.8553
21.625  0.502655  38.785  19.7467
21.625  0.534071  20.3028  26.001
21.625  0.565487  37.3505  26.8469
21.625  0.596903  16.4366  19.1407
21.625  0.628319  30.2584  28.3882
21.625  0.659734  20.4824  25.6044
21.625  0.69115  24.9613  22.0541
21.625  0.722566  42.3827  54.2657
21.625  0.753982  13.8103  17.7447
21.625  0.785398  7.84737  6.88532
21.625  0.816814  116.961  143.875
21.625  0.84823  55.7888  30.9949
21.625  0.879646  117.054  119.313
21.625  0.911062  126.572  57.2715
21.625  0.942478  16.7652  8.41136
21.625  0.973894  28.1229  11.4147
21.625  1.00531  54.9406  39.9274
21.625  1.03673  2.77628  0.634838
21.625  1.06814  57.2823  77.9408
21.625  1.09956  60.6742  31.9778
21.625  1.13097  14.1917  6.30229
21.625  1.16239  93.9668  56.5729
21.625  1.19381  82.5574  28.5225
21.625  1.22522  272.2  198.733
21.625  1.25664  79.2869  37.6281
21.625  1.28805  2.10119  0.34626
21.625  1.31947  27.3389  15.6272
21.625  1.35088  95.898  50.2139
21.625  1.3823  156.104  80.4127
21.625  1.41372  46.0175  33.0892
21.625  1.44513  141.052  122.506
21.625  1.47655  3.55487  20.9824
21.625  1.50796  117.718  91.9523
21.625  1.53938  73.2909  32.9506
21.625  1.5708  138.606  102.412
21.625  1.60221  55.4719  39.9246
21.625  1.63363  69.2022  39.4499
21.625  1.66504  244.722  379.874
21.625  1.69646  94.1367  51.8598
21.625  1.72788  29.5939  14.2141
21.625  1.75929  50.6116  33.1706
21.625  1.79071  50.3433  24.5609
21.625  1.82212  27.6451  12.2849
21.625  1.85354  250.467  127.507
21.625  1.88496  444.649  417.737
21.625  1.91637  98.6239  66.3535
21.625  1.94779  101.813  52.7595
21.625  1.9792  58.0529  27.9818
21.625  2.01062  23.9382  13.3577
21.625  2.04204  16.6304  4.03343
21.625  2.07345  80.0206  45.4484
21.625  2.10487  47.0832  63.3766
21.625  2.13628  277.184  174.623
21.625  2.1677  3.68797  0.923548
21.625  2.19911  15.8381  4.51118
21.625  2.23053  53.2388  41.6603
21.625  2.26195  73.2981  26.1321
21.625  2.29336  12.0439  6.71093
21.625  2.32478  6.05449  2.46994
21.625  2.35619  57.6501  82.0887
21.625  2.38761  93.201  140.41
21.625  2.41903  144.769  109.76
21.625  2.45044  25.8371  12.9246
21.625  2.48186  13.0602  16.4401
21.625  2.51327  95.9106  75.4148
21.625  2.54469  39.8138  34.0336
21.625  2.57611  31.9788  31.3643
21.625  2.60752  40.8445  20.4843
21.625  2.63894  47.569  47.5687
21.625  2.67035  43.303  23.0086
21.625  2.70177  73.0415  66.031
21.625  2.73319  33.1277  17.1129
21.625  2.7646  59.3292  46.6056
21.625  2.79602  6.21339  45.5929
21.625  2.82743  71.3771  62.734
21.625  2.85885  75.8722  63.5861
21.625  2.89027  0  0
21.625  2.92168  0  0
21.625  2.9531  0  0
21.625  2.98451  0  0
21.625  3.01593  0  0
21.625  3.04734  0  0
21.625  3.07876  0  0
21.625  3.11018  0  0
21.75  0  0  0
21.75  0.0314159  0  0
21.75  0.0628319  0  0
21.75  0.0942478  0  0
21.75  0.125664  0  0
21.75  0.15708  0  0
21.75  0.188496  10.0531  73.7684
21.75  0.219911  8.88276  65.1804
21.75  0.251327  63.9505  32.2891
21.75  0.282743  66.0601  34.8757
21.75  0.314159  62.457  38.8156
21.75  0.345575  50.0835  49.6384
21.75  0.376991  30.4979  30.4287
21.75  0.408407  50.3685  37.8982
21.75  0.439823  59.0428  51.1437
21.75  0.471239  47.2522  25.0868
21.75  0.502655  43.3883  43.3203
21.75  0.534071  32.4981  27.216
21.75  0.565487  33.711  31.7913
21.75  0.596903  17.2663  22.1713
21.75  0.628319  37.8015  29.9949
21.75  0.659734  21.6548  22.6958
21.75  0.69115  22.1037  13.9681
21.75  0.722566  285.334  243.993
21.75  0.753982  81.1683  56.6826
21.75  0.785398  6.57362  3.17855
21.75  0.816814  130.158  125.847
21.75  0.84823  94.4005  66.846
21.75  0.879646  38.3791  21.3543
21.75  0.911062  150.516  116.666
21.75  0.942478  66.7776  38.5354
21.75  0.973894  121.757  89.0609
21.75  1.00531  11.77  4.03652
21.75  1.03673  3.0226  0.890503
21.75  1.06814  81.0397  47.0919
21.75  1.09956  42.4656  59.8519
21.75  1.13097  2.65774  0.754252
21.75  1.16239  14.3275  5.86947
21.75  1.19381  62.4692  53.7647
21.75  1.22522  23.1206  9.53343
21.75  1.25664  20.7044  14.7966
21.75  1.28805  133.844  68.1766
21.75  1.31947  46.5983  15.9356
21.75  1.35088  88.2567  53.0022
21.75  1.3823  64.6732  50.0762
21.75  1.41372  90.5684  65.2893
21.75  1.44513  171.567  75.7391
21.75  1.47655  39.4013  26.2662
21.75  1.50796  91.1386  83.9202
21.75  1.53938  166.457  299.525
21.75  1.5708  30.4484  20.636
21.75  1.60221  76.9749  48.3485
21.75  1.63363  120.677  69.0551
21.75  1.66504  99.2954  74.4285
21.75  1.69646  21.171  3.73833
21.75  1.72788  33.7131  20.3251
21.75  1.75929  150.534  325.612
21.75  1.79071  8.44024  2.0464
21.75  1.82212  50.2458  19.8623
21.75  1.85354  82.4443  32.5937
21.75  1.88496  37.4449  45.5359
21.75  1.91637  37.2137  14.993
21.75  1.94779  18.6347  19.1713
21.75  1.9792  143.141  74.6456
21.75  2.01062  86.6431  74.445
21.75  2.04204  224.028  130.149
21.75  2.07345  36.9463  20.4279
21.75  2.10487  53.4307  23.2204
21.75  2.13628  56.0981  46.0067
21.75  2.1677  97.1927  58.3686
21.75  2.19911  142.924  142.41
21.75  2.23053  12.2042  3.71602
21.75  2.26195  37.3483  29.7987
21.75  2.29336  111.447  116.547
21.75  2.32478  16.697  15.9873
21.75  2.35619  261.847  152.163
21.75  2.38761  67.7912  86.6508
21.75  2.41903  32.3938  16.9036
21.75  2.45044  175.213  171.172
21.75  2.48186  80.882  62.9824
21.75  2.51327  41.9201  28.7136
21.75  2.54469  37.8601  31.4799
21.75  2.57611  32.6779  18.6277
21.75  2.60752  39.5128  19.8698
21.75  2.63894  38.5744  20.9182
21.75  2.67035  33.6537  32.2998
21.75  2.70177  40.0289  22.0522
21.75  2.73319  48.2241  48.2296
21.75  2.7646  42.2719  34.6215
21.75  2.79602  57.5412  40.2421
21.75  2.82743  53.9136  31.0742
21.75  2.85885  1.4385  10.5555
21.75  2.89027  25.6822  19.3378
21.75  2.92168  0  0
21.75  2.9531  0  0
21.75  2.98451  0  0
21.75  3.01593  0  0
21.75  3.04734  0  0
21.75  3.07876  0  0
21.75  3.11018  0  0
21.875  0  0  0
21.875  0.0314159  0  0
21.875  0.0628319  0  0
21.875  0.0942478  0  0
21.875  0.125664  0  0
21.875  0.15708  0  0
21.875  0.188496  0  0
21.875  0.219911  91.2491  87.3277
21.875  0.251327  112.705  91.8033
21.875  0.282743  44.8703  23.9643
21.875  0.314159  48.8472  25.0161
21.875  0.345575  51.6327  26.7479
21.875  0.376991  35.8839  20.1217
21.875  0.408407  51.1899  26.4463
21.875  0.439823  52.6488  26.8962
21.875  0.471239  34.6823  17.3894
21.875  0.502655  49.3449  27.1947
21.875  0.534071  23.2631  26.3218
21.875  0.565487  20.8017  28.2555
21.875  0.596903  29.3445  21.8606
21.875  0.628319  6.47751  2.44178
21.875  0.659734  96.1587  103.177
21.875  0.69115  72.7085  62.028
21.875  0.722566  151.78  88.7359
21.875  0.753982  104.631  181.223
21.875  0.785398  10.9269  7.40199
21.875  0.816814  73.6926  107.536
21.875  0.84823  64.2105  88.0952
21.875  0.879646  15.8848  8.87248
21.875  0.911062  142.951  152.118
21.875  0.942478  21.9528  13.9723
21.875  0.973894  93.8729  28.552
21.875  1.00531  2.352  0.459358
21.875  1.03673  327.789  168.002
21.875  1.06814  35.7212  40.5557
21.875  1.09956  45.5843  37.069
21.875  1.13097  1.88585  0.35639
21.875  1.16239  47.3322  22.4328
21.875  1.19381  87.7561  35.2198
21.875  1.22522  16.3957  7.82838
21.875  1.25664  38.602  39.5955
21.875  1.28805  94.1353  55.2917
21.875  1.31947  29.9258  13.9048
21.875  1.35088  111.419  68.2735
21.875  1.3823  49.7731  27.11
21.875  1.41372  270.467  223.724
21.875  1.44513  106.689  45.3042
21.875  1.47655  106.75  73.0384
21.875  1.50796  21.6778  5.24696
21.875  1.53938  125.846  78.078
21.875  1.5708  85.8067  44.9234
21.875  1.60221  141.07  90.9641
21.875  1.63363  84.358  35.6982
21.875  1.66504  70.19  33.8717
21.875  1.69646  99.8773  48.8251
21.875  1.72788  171.337  129.214
21.875  1.75929  2.15416  0.376616
21.875  1.79071  101.574  36.8972
21.875  1.82212  34.4723  15.3452
21.875  1.85354  113.227  62.2079
21.875  1.88496  68.9761  33.2553
21.875  1.91637  40.4339  25.5527
21.875  1.94779  54.3393  33.3747
21.875  1.9792  57.0109  23.7226
21.875  2.01062  43.2595  24.3648
21.875  2.04204  172.281  130.427
21.875  2.07345  35.0028  18.5869
21.875  2.10487  52.4376  21.2423
21.875  2.13628  101.651  47.7502
21.875  2.1677  25.0807  8.07429
21.875  2.19911  3.40918  0.622864
21.875  2.23053  4.68051  2.33409
21.875  2.26195  4.21607  1.34962
21.875  2.29336  77.3565  39.155
21.875  2.32478  74.0814  56.5468
21.875  2.35619  24.8978  27.1234
21.875  2.38761  17.8496  21.8439
21.875  2.41903  274.218  183.72
21.875  2.45044  31.4114  29.238
21.875  2.48186  32.0618  25.4289
21.875  2.51327  34.5938  19.9787
21.875  2.54469  24.9297  16.623
21.875  2.57611  13.844  25.9403
21.875  2.60752  47.9214  24.0048
21.875  2.63894  46.1931  24.5182
21.875  2.67035  44.8312  36.2606
21.875  2.70177  35.7539  34.4047
21.875  2.73319  28.116  18.0605
21.875  2.7646  50.3376  45.3414
21.875  2.79602  47.193  42.3044
21.875  2.82743  74.2693  56.5407
21.875  2.85885  99.7107  52.5974
21.875  2.89027  0.245785  2.2668
21.875  2.92168  0.247094  2.30445
21.875  2.9531  0  0
21.875  2.98451  0  0
21.875  3.01593  0  0
21.875  3.04734  0  0
21.875  3.07876  0  0
21.875  3.11018  0  0
22  0  0  0
22  0.0314159  0  0
22  0.0628319  0  0
22  0.0942478  0  0
22  0.125664  0  0
22  0.15708  0  0
22  0.188496  0.246659  2.24716
22  0.219911  0.25876  1.70225
22  0.251327  51.2627  35.199
22  0.282743  81.6057  80.2437
22  0.314159  33.0549  19.8949
22  0.345575  42.9149  36.7412
22  0.376991  22.2228  32.078
22  0.408407  19.3609  26.0429
22  0.439823  60.0331  30.0616
22  0.471239  26.9004  28.9164
22  0.502655  28.7217  23.1531
22  0.534071  79.8954  50.6285
22  0.565487  49.1365  32.7299
22  0.596903  51.3694  28.6172
22  0.628319  22.5445  28.1982
22  0.659734  77.6843  67.4085
22  0.69115  36.2183  67.5779
22  0.722566  109.35  136.413
22  0.753982  19.6472  32.0696
22  0.785398  20.3965  14.2418
22  0.816814  4.75397  1.99298
22  0.84823  55.4512  54.9379
22  0.879646  22.9092  9.97558
22  0.911062  2.83546  0.561725
22  0.942478  64.9817  36.7566
22  0.973894  98.9965  49.8021
22  1.00531  101.019  40.8424
22  1.03673  23.052  19.93
22  1.06814  65.9487  29.7662
22  1.09956  55.1097  23.7763
22  1.13097  46.479  22.8455
22  1.16239  30.6017  11.1845
22  1.19381  76.6408  36.3671
22  1.22522  28.9195  15.2433
22  1.25664  180.41  317.427
22  1.28805  75.1907  29.0357
22  1.31947  9.70813  4.92954
22  1.35088  21.0506  9.5963
22  1.3823  58.7039  42.7944
22  1.41372  0.67148  304.782
22  1.44513  26.017  11.9138
22  1.47655  66.3692  45.4739
22  1.50796  20.2164  5.90723
22  1.53938  105.074  90.7237
22  1.5708  48.4782  41.6128
22  1.60221  110.808  87.4088
22  1.63363  67.7974  38.8489
22  1.66504  30.52  24.6876
22  1.69646  63.2213  30.0327
22  1.72788  71.3994  44.6336
22  1.75929  27.8217  10.7443
22  1.79071  76.2278  24.6972
22  1.82212  39.9335  21.7201
22  1.85354  41.7994  17.7282
22  1.88496  22.7899  10.23
22  1.91637  35.1199  33.8312
22  1.94779  247.4  387.538
22  1.9792  39.0194  21.363
22  2.01062  52.7526  17.1602
22  2.04204  450.899  226.122
22  2.07345  71.6679  45.4009
22  2.10487  2.40126  0.417825
22  2.13628  115.333  69.628
22  2.1677  26.4316  8.67426
22  2.19911  14.8644  18.4614
22  2.23053  15.0209  9.32871
22  2.26195  21.8663  8.95179
22  2.29336  258.687  252.654
22  2.32478  93.976  50.0356
22  2.35619  27.8982  26.2462
22  2.38761  83.0146  40.92
22  2.41903  14.2267  20.2263
22  2.45044  35.0868  29.2615
22  2.48186  34.471  45.0644
22  2.51327  35.4549  28.138
22  2.54469  38.4336  26.2717
22  2.57611  42.5855  41.9293
22  2.60752  36.6305  21.4346
22  2.63894  21.0411  22.8001
22  2.67035  45.4361  23.6316
22  2.70177  41.862  32.6014
22  2.73319  25.9419  40.0216
22  2.7646  67.2965  33.7827
22  2.79602  17.6252  25.2583
22  2.82743  44.5352  43.1645
22  2.85885  20.1147  11.1759
22  2.89027  13.5192  38.4128
22  2.92168  8.23506  60.4277
22  2.9531  0  0
22  2.98451  0  0
22  3.01593  0  0
22  3.04734  0  0
22  3.07876  0  0
22  3.11018  0  0
22.125  0  0  0
22.125  0.0314159  0  0
22.125  0.0628319  0  0
22.125  0.0942478  0  0
22.125  0.125664  0  0
22.125  0.15708  0  0
22.125  0.188496  0  0
22.125  0.219911  0.250994  2.10462
22.125  0.251327  0.247314  2.30331
22.125  0.282743  45.9202  45.9177
22.125  0.314159  52.2068  29.1818
22.125  0.345575  65.2024  65.0146
22.125  0.376991  43.9503  26.4216
22.125  0.408407  49.418  36.0416
22.125  0.439823  25.0374  40.1884
22.125  0.471239  42.1104  40.8814
22.125  0.502655  43.4148  36.2591
22.125  0.534071  20.9694  26.5306
22.125  0.565487  28.3612  22.2482
22.125  0.596903  36.7266  30.8506
22.125  0.628319  33.5243  18.4306
22.125  0.659734  37.3272  52.6712
22.125  0.69115  63.7813  109.167
22.125  0.722566  62.0839  129.044
22.125  0.753982  65.0368  73.9048
22.125  0.785398  22.3237  6.75978
22.125  0.816814  5.31685  2.36184
22.125  0.84823  2.7001  0.592173
22.125  0.879646  5.19042  2.00788
22.125  0.911062  2.40646  0.395326
22.125  0.942478  2.13063  0.379177
22.125  0.973894  145.971  97.3468
22.125  1.00531  12.8152  5.1177
22.125  1.03673  97.278  68.8165
22.125  1.06814  52.3569  52.8624
22.125  1.09956  56.4865  81.6121
22.125  1.13097  67.4589  30.3833
22.125  1.16239  2.32763  0.476318
22.125  1.19381  71.8416  47.829
22.125  1.22522  4.97467  1.91756
22.125  1.25664  72.2022  32.2174
22.125  1.28805  118.036  70.3916
22.125  1.31947  121.105  197.229
22.125  1.35088  76.0856  64.7204
22.125  1.3823  21.25  11.0534
22.125  1.41372  84.9046  35.6247
22.125  1.44513  237.062  150.16
22.125  1.47655  1.59018  0.519283
22.125  1.50796  523.473  493.985
22.125  1.53938  42.0548  16.1771
22.125  1.5708  9.52598  10.0657
22.125  1.60221  19.3378  7.52398
22.125  1.63363  21.3229  9.12215
22.125  1.66504  75.2707  32.6846
22.125  1.69646  2.69532  0.473096
22.125  1.72788  48.4148  26.691
22.125  1.75929  54.0182  114.301
22.125  1.79071  73.7593  72.6978
22.125  1.82212  33.5156  8.68927
22.125  1.85354  84.2848  52.5218
22.125  1.88496  29.3937  10.2718
22.125  1.91637  2.89199  9.81506
22.125  1.94779  71.0035  56.1532
22.125  1.9792  8.61286  2.16832
22.125  2.01062  52.2033  25.0321
22.125  2.04204  104.151  85.3331
22.125  2.07345  17.6284  9.48465
22.125  2.10487  22.2028  13.5887
22.125  2.13628  2.40863  0.461865
22.125  2.1677  67.5389  18.4485
22.125  2.19911  30.8213  27.5283
22.125  2.23053  2.72307  0.597579
22.125  2.26195  19.2156  11.0654
22.125  2.29336  129.891  111.158
22.125  2.32478  470.39  325.45
22.125  2.35619  73.7433  101.179
22.125  2.38761  54.2224  41.2657
22.125  2.41903  34.6497  34.5103
22.125  2.45044  38.9904  36.8599
22.125  2.48186  11.3931  14.4854
22.125  2.51327  226.032  143.756
22.125  2.54469  27.8828  15.4035
22.125  2.57611  46.3087  24.8349
22.125  2.60752  19.4087  31.3911
22.125  2.63894  45.94  25.81
22.125  2.67035  125.314  127.818
22.125  2.70177  11.6526  23.389
22.125  2.73319  47.5537  28.648
22.125  2.7646  1.28922  9.46011
22.125  2.79602  52.7699  26.6274
22.125  2.82743  60.6898  35.2725
22.125  2.85885  70.9547  35.5767
22.125  2.89027  101.131  86.4819
22.125  2.92168  0.252379  1.85139
22.125  2.9531  0  0
22.125  2.98451  0  0
22.125  3.01593  0  0
22.125  3.04734  0  0
22.125  3.07876  0  0
22.125  3.11018  0  0
22.25  0  0  0
22.25  0.0314159  0  0
22.25  0.0628319  0  0
22.25  0.0942478  0  0
22.25  0.125664  0  0
22.25  0.15708  0  0
22.25  0.188496  0.246498  2.25088
22.25  0.219911  28.8686  70.135
22.25  0.251327  89.6712  62.2659
22.25  0.282743  35.4355  32.2796
22.25  0.314159  42.2326  40.2916
22.25  0.345575  36.7371  30.0252
22.25  0.376991  48.7463  41.7992
22.25  0.408407  72.5337  62.5984
22.25  0.439823  48.78  27.2097
22.25  0.471239  27.792  27.44
22.25  0.502655  72.0184  63.1491
22.25  0.534071  31.461  30.7952
22.25  0.565487  15.4523  31.0037
22.25  0.596903  32.1806  34.5624
22.25  0.628319  124.19  134.692
22.25  0.659734  32.6901  30.6926
22.25  0.69115  132.751  96.9388
22.25  0.722566  48.5713  31.5087
22.25  0.753982  8.05667  6.91253
22.25  0.785398  58.5507  40.9276
22.25  0.816814  16.61  8.5568
22.25  0.84823  266.304  266.007
22.25  0.879646  35.0425  24.2002
22.25  0.911062  83.4405  59.15
22.25  0.942478  16.0555  9.713
22.25  0.973894  65.4576  25.1819
22.25  1.00531  463.561  244.966
22.25  1.03673  73.4372  66.779
22.25  1.06814  66.6539  43.0459
22.25  1.09956  64.8069  34.0227
22.25  1.13097  28.3375  7.4598
22.25  1.16239  100.882  77.6027
22.25  1.19381  79.187  40.3835
22.25  1.22522  245.952  193.582
22.25  1.25664  132.839  72.7592
22.25  1.28805  71.2426  44.1399
22.25  1.31947  52.8644  14.8745
22.25  1.35088  40.8571  24.0957
22.25  1.3823  133.133  199.609
22.25  1.41372  287.089  178.313
22.25  1.44513  22.2514  10.0603
22.25  1.47655  101.029  66.8891
22.25  1.50796  100.66  88.0799
22.25  1.53938  13.1962  3.98839
22.25  1.5708  89.1869  59.7551
22.25  1.60221  58.7442  27.0739
22.25  1.63363  39.5285  20.3803
22.25  1.66504  88.1178  41.5562
22.25  1.69646  57.5933  25.8856
22.25  1.72788  35.1106  15.8047
22.25  1.75929  72.2703  34.7963
22.25  1.79071  141.494  123.43
22.25  1.82212  80.1434  42.242
22.25  1.85354  104.533  63.2522
22.25  1.88496  86.7747  46.996
22.25  1.91637  39.9202  23.0692
22.25  1.94779  53.2567  55.496
22.25  1.9792  25.6133  14.8384
22.25  2.01062  14.9127  5.96511
22.25  2.04204  46.3418  22.7866
22.25  2.07345  9.84434  2.42507
22.25  2.10487  52.4963  39.0328
22.25  2.13628  44.9366  26.1894
22.25  2.1677  232.924  212.799
22.25  2.19911  22.6156  15.8668
22.25  2.23053  504.976  431.68
22.25  2.26195  60.6881  31.4603
22.25  2.29336  25.0703  13.0712
22.25  2.32478  19.4843  6.64201
22.25  2.35619  50.08  20.1778
22.25  2.38761  8.72714  6.83021
22.25  2.41903  7.95443  6.23398
22.25  2.45044  14.5976  17.4595
22.25  2.48186  40.2001  20.341
22.25  2.51327  34.301  26.7801
22.25  2.54469  19.5069  20.6519
22.25  2.57611  15.66  18.8503
22.25  2.60752  34.7468  34.7308
22.25  2.63894  53.3922  32.8273
22.25  2.67035  24.5578  39.9973
22.25  2.70177  23.4819  38.7631
22.25  2.73319  16.4117  32.3521
22.25  2.7646  67.2698  58.7859
22.25  2.79602  53.6768  42.0705
22.25  2.82743  58.2695  29.1719
22.25  2.85885  4.97342  36.4942
22.25  2.89027  0.248768  2.11673
22.25  2.92168  4.27024  19.5131
22.25  2.9531  0  0
22.25  2.98451  0  0
22.25  3.01593  0  0
22.25  3.04734  0  0
22.25  3.07876  0  0
22.25  3.11018  0  0
22.375  0  0  0
22.375  0.0314159  0  0
22.375  0.0628319  0  0
22.375  0.0942478  0  0
22.375  0.125664  0  0
22.375  0.15708  0  0
22.375  0.188496  76.294  71.5773
22.375  0.219911  6.09703  44.7391
22.375  0.251327  31.9453  23.5314
22.375  0.282743  64.3978  48.1775
22.375  0.314159  59.8756  41.9796
22.375  0.345575  59.0058  50.1491
22.375  0.376991  44.5648  43.7723
22.375  0.408407  60.4127  54.2246
22.375  0.439823  49.103  48.3538
22.375  0.471239  144.461  122.662
22.375  0.502655  55.0867  28.0965
22.375  0.534071  38.8855  30.2133
22.375  0.565487  23.5921  30.3664
22.375  0.596903  115.027  160.025
22.375  0.628319  15.7952  25.5593
22.375  0.659734  34.5972  17.3486
22.375  0.69115  222.54  111.423
22.375  0.722566  42.1866  44.4471
22.375  0.753982  25.908  35.0143
22.375  0.785398  28.9943  38.7953
22.375  0.816814  16.0709  24.3078
22.375  0.84823  23.8262  34.5817
22.375  0.879646  17.8752  3.20856
22.375  0.911062  4.49213  1.40055
22.375  0.942478  363.676  196.583
22.375  0.973894  39.3679  17.5862
22.375  1.00531  79.9736  41.6606
22.375  1.03673  177.754  99.6871
22.375  1.06814  38.9706  10.8586
22.375  1.09956  70.0063  27.7357
22.375  1.13097  109.586  61.748
22.375  1.16239  160.854  95.7772
22.375  1.19381  82.0824  117.826
22.375  1.22522  127.347  161.314
22.375  1.25664  29.2514  26.4051
22.375  1.28805  72.5169  26.6675
22.375  1.31947  16.4405  5.72322
22.375  1.35088  180.059  304.852
22.375  1.3823  87.032  56.3995
22.375  1.41372  98.8897  64.8266
22.375  1.44513  111.177  79.5409
22.375  1.47655  53.3951  27.2175
22.375  1.50796  130.674  104.595
22.375  1.53938  148.582  103.816
22.375  1.5708  67.6308  42.0265
22.375  1.60221  72.3482  27.039
22.375  1.63363  15.8105  3.78821
22.375  1.66504  41.2474  40.2256
22.375  1.69646  103.569  71.1815
22.375  1.72788  45.3499  27.4849
22.375  1.75929  260.588  182.315
22.375  1.79071  61.8974  30.724
22.375  1.82212  37.3232  30.4114
22.375  1.85354  258.525  249.606
22.375  1.88496  47.3298  20.1478
22.375  1.91637  111.474  53.9753
22.375  1.94779  63.9928  23.2853
22.375  1.9792  136.503  92.0928
22.375  2.01062  68.5758  86.4749
22.375  2.04204  66.7039  37.4929
22.375  2.07345  4.24146  1.36578
22.375  2.10487  66.8527  32.0776
22.375  2.13628  73.2522  28.8611
22.375  2.1677  75.1842  35.6956
22.375  2.19911  45.6149  25.4521
22.375  2.23053  6.72063  7.02781
22.375  2.26195  3.74192  0.887401
22.375  2.29336  94.767  60.5671
22.375  2.32478  45.6083  40.0905
22.375  2.35619  68.0881  34.0461
22.375  2.38761  6.58527  4.0301
22.375  2.41903  20.0417  25.4913
22.375  2.45044  243.153  165.464
22.375  2.48186  20.5273  25.8298
22.375  2.51327  34.0734  33.5433
22.375  2.54469  38.1623  26.5231
22.375  2.57611  57.8647  75.405
22.375  2.60752  32.9197  32.1666
22.375  2.63894  39.0887  37.6358
22.375  2.67035  22.1519  29.147
22.375  2.70177  46.4737  33.2139
22.375  2.73319  43.6458  23.1374
22.375  2.7646  58.9599  33.6499
22.375  2.79602  77.9688  75.1266
22.375  2.82743  71.5062  47.2581
22.375  2.85885  0.169372  1.24283
22.375  2.89027  3.09974  22.7454
22.375  2.92168  0  0
22.375  2.9531  0  0
22.375  2.98451  0  0
22.375  3.01593  0  0
22.375  3.04734  0  0
22.375  3.07876  0  0
22.375  3.11018  0  0
22.5  0  0  0
22.5  0.0314159  0  0
22.5  0.0628319  0  0
22.5  0.0942478  0  0
22.5  0.125664  0  0
22.5  0.15708  0  0
22.5  0.188496  6.89089  50.5644
22.5  0.219911  51.6567  47.1982
22.5  0.251327  86.4577  86.5166
22.5  0.282743  60.5456  30.3294
22.5  0.314159  58.6517  56.8235
22.5  0.345575  54.6303  27.5575
22.5  0.376991  54.7338  45.0647
22.5  0.408407  46.7023  35.9225
22.5  0.439823  39.9718  26.3362
22.5  0.471239  27.6104  24.6441
22.5  0.502655  44.708  32.4016
22.5  0.534071  35.6889  34.8057
22.5  0.565487  259.252  197.258
22.5  0.596903  61.4983  73.2951
22.5  0.628319  9.78788  13.4874
22.5  0.659734  88.4091  56.4728
22.5  0.69115  34.7763  30.3144
22.5  0.722566  20.4878  25.5965
22.5  0.753982  155.424  132.848
22.5  0.785398  110.921  182.465
22.5  0.816814  4.7127  1.48838
22.5  0.84823  4.09704  1.15208
22.5  0.879646  101.612  47.039
22.5  0.911062  2.90165  0.573031
22.5  0.942478  20.8627  5.30448
22.5  0.973894  40.6539  30.8657
22.5  1.00531  14.7992  7.45333
22.5  1.03673  41.1159  19.4839
22.5  1.06814  60.5342  36.224
22.5  1.09956  100.774  34.1874
22.5  1.13097  17.0619  3.04527
22.5  1.16239  431.334  244.985
22.5  1.19381  143.488  94.0595
22.5  1.22522  26.1893  18.0498
22.5  1.25664  88.1132  53.3192
22.5  1.28805  56.2238  23.6259
22.5  1.31947  2.56601  0.612054
22.5  1.35088  102.072  46.8062
22.5  1.3823  91.495  48.3519
22.5  1.41372  15.8076  4.20171
22.5  1.44513  102.767  66.4147
22.5  1.47655  158.303  123.472
22.5  1.50796  12.2407  7.59618
22.5  1.53938  91.9949  44.019
22.5  1.5708  314.256  391.987
22.5  1.60221  82.9047  48.2453
22.5  1.63363  55.7982  48.2066
22.5  1.66504  20.5319  6.62483
22.5  1.69646  62.5615  16.7271
22.5  1.72788  63.4966  41.1138
22.5  1.75929  72.6883  32.3248
22.5  1.79071  62.6502  36.278
22.5  1.82212  306.412  202.332
22.5  1.85354  25.1254  11.8985
22.5  1.88496  90.1321  48.3141
22.5  1.91637  89.8553  37.1709
22.5  1.94779  36.3211  14.9829
22.5  1.9792  92.3663  48.8539
22.5  2.01062  370.261  325.334
22.5  2.04204  79.8008  29.9466
22.5  2.07345  23.1624  15.1288
22.5  2.10487  1.7545  284.533
22.5  2.13628  2.38435  0.363924
22.5  2.1677  55.5791  26.3824
22.5  2.19911  109.375  32.0301
22.5  2.23053  2.54374  0.353036
22.5  2.26195  84.8816  47.7939
22.5  2.29336  99.9445  74.8648
22.5  2.32478  28.3608  27.2572
22.5  2.35619  69.5862  115.095
22.5  2.38761  21.0151  5.85715
22.5  2.41903  33.7527  20.9054
22.5  2.45044  52.161  61.1065
22.5  2.48186  261.363  281.585
22.5  2.51327  12.7886  31.2733
22.5  2.54469  23.3372  29.6624
22.5  2.57611  8.11357  11.4675
22.5  2.60752  31.4091  38.3454
22.5  2.63894  40.925  20.7567
22.5  2.67035  31.8123  27.0921
22.5  2.70177  28.8185  17.8631
22.5  2.73319  37.3138  28.3119
22.5  2.7646  64.8247  58.994
22.5  2.79602  36.2289  19.5134
22.5  2.82743  36.5223  23.0804
22.5  2.85885  0  0
22.5  2.89027  49.1601  48.7328
22.5  2.92168  0  0
22.5  2.9531  0  0
22.5  2.98451  0  0
22.5  3.01593  0  0
22.5  3.04734  0  0
22.5  3.07876  0  0
22.5  3.11018  0  0
22.625  0  0  0
22.625  0.0314159  0  0
22.625  0.0628319  0  0
22.625  0.0942478  0  0
22.625  0.125664  0  0
22.625  0.15708  0  0
22.625  0.188496  0.251974  1.93938
22.625  0.219911  76.1759  38.1493
22.625  0.251327  43.3907  23.9815
22.625  0.282743  61.3294  56.2641
22.625  0.314159  46.6553  27.7955
22.625  0.345575  63.4193  42.0458
22.625  0.376991  59.7163  59.2691
22.625  0.408407  68.8317  60.4231
22.625  0.439823  37.4798  20.6257
22.625  0.471239  56.1443  47.099
22.625  0.502655  37.4335  37.3323
22.625  0.534071  28.4775  18.9649
22.625  0.565487  450.401  230.061
22.625  0.596903  21.4372  16.1058
22.625  0.628319  38.3105  21.6477
22.625  0.659734  219.751  112.742
22.625  0.69115  54.1188  52.4709
22.625  0.722566  5.38519  2.05537
22.625  0.753982  38.0418  19.9099
22.625  0.785398  29.278  20.769
22.625  0.816814  50.1433  48.4619
22.625  0.84823  13.5308  9.32759
22.625  0.879646  54.087  66.1507
22.625  0.911062  6.16362  3.8157
22.625  0.942478  18.7525  4.30135
22.625  0.973894  86.5944  332.479
22.625  1.00531  96.9097  53.9303
22.625  1.03673  33.6357  54.1512
22.625  1.06814  72.3993  32.9721
22.625  1.09956  17.4725  4.52982
22.625  1.13097  81.0336  42.5316
22.625  1.16239  72.0265  44.936
22.625  1.19381  112.016  71.601
22.625  1.22522  18.8999  8.74529
22.625  1.25664  83.435  37.9863
22.625  1.28805  94.9849  97.6077
22.625  1.31947  8.69376  49.6709
22.625  1.35088  33.3577  16.2236
22.625  1.3823  41.4958  37.5684
22.625  1.41372  130.543  104.363
22.625  1.44513  61.9916  31.0512
22.625  1.47655  131.787  142.09
22.625  1.50796  279.548  234.928
22.625  1.53938  58.5997  27.39
22.625  1.5708  60.8431  45.7943
22.625  1.60221  61.1887  25.6643
22.625  1.63363  86.1088  79.5206
22.625  1.66504  225.822  162.327
22.625  1.69646  23.6939  5.93097
22.625  1.72788  112.706  83.6837
22.625  1.75929  74.7644  29.4361
22.625  1.79071  21.019  9.76797
22.625  1.82212  60.5722  51.1245
22.625  1.85354  2.58417  0.427159
22.625  1.88496  10.3732  3.33946
22.625  1.91637  107.895  63.0423
22.625  1.94779  124.886  102.79
22.625  1.9792  37.2038  19.394
22.625  2.01062  122.941  196.131
22.625  2.04204  4.36277  40.5177
22.625  2.07345  36.3551  37.6944
22.625  2.10487  78.7613  38.7825
22.625  2.13628  163.908  94.572
22.625  2.1677  34.1894  22.9807
22.625  2.19911  66.1158  42.3714
22.625  2.23053  78.9144  32.4349
22.625  2.26195  66.4107  88.9415
22.625  2.29336  20.2247  8.53913
22.625  2.32478  2.39538  0.389733
22.625  2.35619  75.6842  105.376
22.625  2.38761  111.198  66.8868
22.625  2.41903  22.1757  23.2399
22.625  2.45044  44.1202  31.4618
22.625  2.48186  35.1213  18.2371
22.625  2.51327  31.1089  19.1388
22.625  2.54469  8.29567  12.5294
22.625  2.57611  13.8502  24.5735
22.625  2.60752  37.6209  32.0763
22.625  2.63894  89.7685  181.14
22.625  2.67035  42.6451  33.3238
22.625  2.70177  49.5637  25.8663
22.625  2.73319  52.0276  27.5332
22.625  2.7646  67.4776  53.1615
22.625  2.79602  34.9616  21.912
22.625  2.82743  53.8549  33.1666
22.625  2.85885  47.0696  34.3729
22.625  2.89027  14.3815  105.53
22.625  2.92168  0.247387  2.30286
22.625  2.9531  0  0
22.625  2.98451  0  0
22.625  3.01593  0  0
22.625  3.04734  0  0
22.625  3.07876  0  0
22.625  3.11018  0  0
22.75  0  0  0
22.75  0.0314159  0  0
22.75  0.0628319  0  0
22.75  0.0942478  0  0
22.75  0.125664  0  0
22.75  0.15708  0  0
22.75  0.188496  0  0
22.75  0.219911  68.3966  68.2867
22.75  0.251327  82.1458  43.3783
22.75  0.282743  30.2442  19.6316
22.75  0.314159  70.0911  41.3812
22.75  0.345575  35.086  30.6754
22.75  0.376991  25.2463  40.4455
22.75  0.408407  50.2562  26.47
22.75  0.439823  184.281  96.906
22.75  0.471239  16.3007  24.5414
22.75  0.502655  35.5998  42.686
22.75  0.534071  32.5179  21.6663
22.75  0.565487  51.6018  43.6009
22.75  0.596903  119.851  67.1519
22.75  0.628319  36.6337  24.515
22.75  0.659734  4.97903  2.38398
22.75  0.69115  18.4179  21.8766
22.75  0.722566  16.0967  8.49743
22.75  0.753982  30.8153  24.5438
22.75  0.785398  68.0131  34.0152
22.75  0.816814  45.8142  31.7234
22.75  0.84823  61.5067  36.6113
22.75  0.879646  68.5206  39.4716
22.75  0.911062  69.5293  27.6324
22.75  0.942478  73.0517  33.7976
22.75  0.973894  376.388  347.086
22.75  1.00531  70.256  42.3695
22.75  1.03673  76.9075  40.5739
22.75  1.06814  67.5163  35.9927
22.75  1.09956  64.7133  42.9911
22.75  1.13097  108.667  54.9978
22.75  1.16239  55.6825  36.5115
22.75  1.19381  18.7663  5.60041
22.75  1.22522  148.5  103.286
22.75  1.25664  112.2  82.176
22.75  1.28805  3.44511  24.9027
22.75  1.31947  62.9438  27.4186
22.75  1.35088  61.7972  41.2702
22.75  1.3823  39.9203  36.4289
22.75  1.41372  244.751  353.885
22.75  1.44513  6.60211  2.07908
22.75  1.47655  109.479  52.2306
22.75  1.50796  117.736  69.0285
22.75  1.53938  94.7117  66.8957
22.75  1.5708  110.195  68.1182
22.75  1.60221  73.9456  41.149
22.75  1.63363  95.9087  47.77
22.75  1.66504  3.05938  0.54877
22.75  1.69646  97.4867  56.611
22.75  1.72788  128.122  84.4774
22.75  1.75929  108.899  86.9002
22.75  1.79071  233.462  332.4
22.75  1.82212  162.073  88.1097
22.75  1.85354  107.748  70.3721
22.75  1.88496  15.6448  4.2832
22.75  1.91637  33.4509  23.4388
22.75  1.94779  2.564  0.639944
22.75  1.9792  91.335  39.6245
22.75  2.01062  3.5359  0.866487
22.75  2.04204  61.996  29.0571
22.75  2.07345  49.0088  27.1579
22.75  2.10487  65.4255  28.5023
22.75  2.13628  54.0547  20.0357
22.75  2.1677  3.60887  1.50276
22.75  2.19911  89.0798  41.4356
22.75  2.23053  35.5392  11.9741
22.75  2.26195  50.3072  62.4976
22.75  2.29336  62.292  41.0855
22.75  2.32478  115.992  79.0955
22.75  2.35619  29.877  20.2863
22.75  2.38761  45.0116  54.454
22.75  2.41903  40.7143  61.0216
22.75  2.45044  30.5918  26.3424
22.75  2.48186  20.9516  32.1159
22.75  2.51327  40.6654  30.8836
22.75  2.54469  62.3481  31.3565
22.75  2.57611  34.73  33.9642
22.75  2.60752  83.2073  80.7402
22.75  2.63894  258.978  155.386
22.75  2.67035  35.25  35.2506
22.75  2.70177  20.5824  26.3229
22.75  2.73319  21.986  31.5171
22.75  2.7646  40.1648  21.9141
22.75  2.79602  33.8185  17.7261
22.75  2.82743  57.2829  41.0559
22.75  2.85885  1.63829  12.0215
22.75  2.89027  0  0
22.75  2.92168  9.91349  72.7438
22.75  2.9531  0  0
22.75  2.98451  0  0
22.75  3.01593  0  0
22.75  3.04734  0  0
22.75  3.07876  0  0
22.75  3.11018  0  0
22.875  0  0  0
22.875  0.0314159  0  0
22.875  0.0628319  0  0
22.875  0.0942478  0  0
22.875  0.125664  0  0
22.875  0.15708  0  0
22.875  0.188496  0.247307  2.30335
22.875  0.219911  55.3513  37.0081
22.875  0.251327  58.2539  57.8241
22.875  0.282743  53.9231  27.7813
22.875  0.314159  30.6265  22.7121
22.875  0.345575  41.6521  37.5648
22.875  0.376991  42.8853  29.4337
22.875  0.408407  38.1972  35.7243
22.875  0.439823  59.5823  30.6608
22.875  0.471239  29.6209  14.8839
22.875  0.502655  93.5708  92.3933
22.875  0.534071  16.3842  24.1007
22.875  0.565487  39.2166  37.2494
22.875  0.596903  229.495  114.802
22.875  0.628319  27.4555  30.8335
22.875  0.659734  96.2293  106.079
22.875  0.69115  185.11  183.242
22.875  0.722566  20.7534  10.7413
22.875  0.753982  2.69999  0.578995
22.875  0.785398  4.84523  1.93995
22.875  0.816814  2.54498  0.708307
22.875  0.84823  398.376  361.842
22.875  0.879646  17.2997  3.30663
22.875  0.911062  2.93513  0.408036
22.875  0.942478  27.5741  9.88928
22.875  0.973894  303.863  291.449
22.875  1.00531  59.1239  26.9748
22.875  1.03673  64.3134  16.5049
22.875  1.06814  1.71773  0.271891
22.875  1.09956  0.0298491  274.324
22.875  1.13097  58.8118  28.846
22.875  1.16239  36.737  23.3208
22.875  1.19381  109.836  63.5559
22.875  1.22522  56.0761  45.7922
22.875  1.25664  85.3148  57.3937
22.875  1.28805  140.704  101.314
22.875  1.31947  76.3608  58.2226
22.875  1.35088  15.0714  10.4739
22.875  1.3823  9.12693  4.49082
22.875  1.41372  175.671  166.454
22.875  1.44513  145.66  116.693
22.875  1.47655  2.89207  208.229
22.875  1.50796  28.8527  22.7381
22.875  1.53938  42.2044  13.0994
22.875  1.5708  245.898  232.495
22.875  1.60221  58.4992  25.8607
22.875  1.63363  38.5845  51.4306
22.875  1.66504  153.25  115.738
22.875  1.69646  3.67492  1.01425
22.875  1.72788  41.4072  61.6374
22.875  1.75929  73.4151  45.1506
22.875  1.79071  74.5011  27.9879
22.875  1.82212  310.773  291.209
22.875  1.85354  101.824  61.5689
22.875  1.88496  86.1952  58.2286
22.875  1.91637  58.8454  27.0535
22.875  1.94779  39.9009  28.4281
22.875  1.9792  112.723  58.4226
22.875  2.01062  83.1252  51.9637
22.875  2.04204  85.7391  48.4187
22.875  2.07345  72.3753  44.2912
22.875  2.10487  14.3221  5.71973
22.875  2.13628  73.6477  42.3401
22.875  2.1677  85.3168  48.3838
22.875  2.19911  17.2176  9.07729
22.875  2.23053  2.26491  0.294292
22.875  2.26195  65.6411  50.9351
22.875  2.29336  283.751  174.522
22.875  2.32478  99.5169  52.9731
22.875  2.35619  21.4467  13.2472
22.875  2.38761  20.8632  31.3744
22.875  2.41903  36.048  44.4838
22.875  2.45044  41.8231  36.401
22.875  2.48186  26.9909  28.4738
22.875  2.51327  46.9976  93.0707
22.875  2.54469  42.1275  22.5884
22.875  2.57611  37.9658  21.6971
22.875  2.60752  18.2008  32.0114
22.875  2.63894  279.06  252.319
22.875  2.67035  45.0612  37.5169
22.875  2.70177  34.3654  23.0732
22.875  2.73319  43.869  43.171
22.875  2.7646  31.7778  31.0666
22.875  2.79602  79.0222  51.3868
22.875  2.82743  24.6919  16.6805
22.875  2.85885  81.2313  41.1283
22.875  2.89027  0.258761  1.70212
22.875  2.92168  0.245993  2.26239
22.875  2.9531  0  0
22.875  2.98451  0  0
22.875  3.01593  0  0
22.875  3.04734  0  0
22.875  3.07876  0  0
22.875  3.11018  0  0
23  0  0  0
23  0.0314159  0  0
23  0.0628319  0  0
23  0.0942478  0  0
23  0.125664  0  0
23  0.15708  0  0
23  0.188496  17.2156  126.326
23  0.219911  11.6092  6.1944
23  0.251327  42.8565  41.6903
23  0.282743  45.8986  27.0373
23  0.314159  47.3918  38.3357
23  0.345575  45.8878  28.4763
23  0.376991  71.4377  71.3288
23  0.408407  20.7022  12.6723
23  0.439823  17.149  27.7841
23  0.471239  30.4812  16.9403
23  0.502655  38.6164  19.6691
23  0.534071  27.9058  25.0771
23  0.565487  29.3718  15.2136
23  0.596903  37.0168  19.4132
23  0.628319  27.7396  31.6352
23  0.659734  33.9635  24.8944
23  0.69115  71.6867  60.1554
23  0.722566  3.27338  0.90212
23  0.753982  76.2431  60.2042
23  0.785398  214.909  143.417
23  0.816814  55.5565  34.5627
23  0.84823  2.57262  0.451203
23  0.879646  17.0291  8.19928
23  0.911062  35.0078  18.8875
23  0.942478  203.066  220.973
23  0.973894  39.7804  23.5625
23  1.00531  100.697  36.9272
23  1.03673  39.2936  16.1194
23  1.06814  155.227  111.184
23  1.09956  127.545  66.3708
23  1.13097  141.032  242.066
23  1.16239  16.8521  3.51873
23  1.19381  18.3933  5.16701
23  1.22522  79.49  40.2169
23  1.25664  175.707  99.6429
23  1.28805  2.31879  0.884361
23  1.31947  28.64  14.1084
23  1.35088  157.231  113.469
23  1.3823  76.3576  68.5832
23  1.41372  91.1888  53.0677
23  1.44513  4.78344  240.008
23  1.47655  87.119  80.3006
23  1.50796  250.802  226.534
23  1.53938  112.027  67.6319
23  1.5708  77.5136  37.8482
23  1.60221  88.6326  62.6048
23  1.63363  1.90198  0.414475
23  1.66504  90.2025  77.0675
23  1.69646  38.86  20.2397
23  1.72788  93.2812  37.5316
23  1.75929  33.3784  20.6182
23  1.79071  125.982  74.3501
23  1.82212  135.775  162.335
23  1.85354  18.3976  4.93321
23  1.88496  1.7692  5.89557
23  1.91637  100.091  54.1966
23  1.94779  42.1367  15.0573
23  1.9792  50.9342  32.7316
23  2.01062  53.146  37.4312
23  2.04204  115.078  64.6793
23  2.07345  21.9799  11.4957
23  2.10487  18.1708  3.19761
23  2.13628  14.4241  14.8913
23  2.1677  66.7537  27.2695
23  2.19911  70.7394  40.9561
23  2.23053  2.79231  0.42561
23  2.26195  3.7337  0.690534
23  2.29336  364.928  328.162
23  2.32478  190.892  102.148
23  2.35619  146.344  77.7628
23  2.38761  44.464  37.8406
23  2.41903  58.1317  78.5058
23  2.45044  31.498  15.854
23  2.48186  27.7838  27.2486
23  2.51327  27.8514  25.0801
23  2.54469  36.1303  21.3372
23  2.57611  73.9849  38.4166
23  2.60752  10.1198  21.3128
23  2.63894  151.064  150.651
23  2.67035  11.2833  20.7887
23  2.70177  45.339  32.987
23  2.73319  54.0425  29.6502
23  2.7646  73.0236  36.5263
23  2.79602  52.5259  51.4555
23  2.82743  53.475  52.8082
23  2.85885  47.8709  27.4757
23  2.89027  1.25753  9.22757
23  2.92168  89.6017  50.8164
23  2.9531  0  0
23  2.98451  0  0
23  3.01593  0  0
23  3.04734  0  0
23  3.07876  0  0
23  3.11018  0  0
23.125  0  0  0
23.125  0.0314159  0  0
23.125  0.0628319  0  0
23.125  0.0942478  0  0
23.125  0.125664  0  0
23.125  0.15708  0  0
23.125  0.188496  0  0
23.125  0.219911  125.617  109.471
23.125  0.251327  18.4577  9.91729
23.125  0.282743  4.95455  17.2165
23.125  0.314159  57.3304  28.6966
23.125  0.345575  73.4008  73.2328
23.125  0.376991  44.0768  28.9263
23.125  0.408407  30.1126  19.3531
23.125  0.439823  48.8204  38.4106
23.125  0.471239  68.4066  36.7461
23.125  0.502655  17.2993  68.8893
23.125  0.534071  27.6092  25.4947
23.125  0.565487  32.9544  27.2496
23.125  0.596903  28.7241  16.3669
23.125  0.628319  34.122  34.5909
23.125  0.659734  54.7443  79.3875
23.125  0.69115  92.7731  89.781
23.125  0.722566  86.5547  50.294
23.125  0.753982  53.7655  42.1399
23.125  0.785398  289.435  314.232
23.125  0.816814  197.966  190.666
23.125  0.84823  96.0519  89.6129
23.125  0.879646  51.5461  29.3581
23.125  0.911062  220.468  215.142
23.125  0.942478  3.02554  0.650686
23.125  0.973894  61.4478  63.7189
23.125  1.00531  87.5947  47.3306
23.125  1.03673  52.7754  72.6577
23.125  1.06814  34.132  14.3882
23.125  1.09956  60.7298  20.7102
23.125  1.13097  20.5743  6.99805
23.125  1.16239  214.094  152.733
23.125  1.19381  43.0779  31.5153
23.125  1.22522  26.9611  12.0703
23.125  1.25664  1.34656  389.249
23.125  1.28805  62.4214  22.1818
23.125  1.31947  63.5558  50.4692
23.125  1.35088  68.9117  48.7797
23.125  1.3823  262.143  233.539
23.125  1.41372  7.62542  269.596
23.125  1.44513  87.3145  43.6342
23.125  1.47655  23.5972  5.91284
23.125  1.50796  52.4933  34.0191
23.125  1.53938  103.356  41.9278
23.125  1.5708  103.169  63.0407
23.125  1.60221  17.8936  5.76516
23.125  1.63363  24.6139  5.02845
23.125  1.66504  67.2708  26.8433
23.125  1.69646  164.248  126.904
23.125  1.72788  95.7088  52.8018
23.125  1.75929  106.894  85.1406
23.125  1.79071  74.7292  38.8769
23.125  1.82212  118.916  59.8842
23.125  1.85354  86.7712  40.2594
23.125  1.88496  45.5489  24.1123
23.125  1.91637  84.2119  51.162
23.125  1.94779  60.6393  39.5574
23.125  1.9792  283.528  216.706
23.125  2.01062  239.809  208.029
23.125  2.04204  22.3819  7.57404
23.125  2.07345  79.9097  49.8098
23.125  2.10487  343.485  248.334
23.125  2.13628  163.282  62.2697
23.125  2.1677  51.1636  24.2809
23.125  2.19911  3.22879  0.620415
23.125  2.23053  78.1102  52.5435
23.125  2.26195  2.64535  0.411666
23.125  2.29336  73.2641  64.2465
23.125  2.32478  26.9713  17.518
23.125  2.35619  47.918  20.9543
23.125  2.38761  87.9531  115.943
23.125  2.41903  67.1375  48.7832
23.125  2.45044  32.0466  22.7745
23.125  2.48186  34.6874  31.034
23.125  2.51327  16.9046  22.1796
23.125  2.54469  24.409  14.0529
23.125  2.57611  19.7172  28.757
23.125  2.60752  31.9108  15.9695
23.125  2.63894  34.3465  20.3053
23.125  2.67035  44.5066  22.2613
23.125  2.70177  40.8179  20.4351
23.125  2.73319  55.3396  43.4454
23.125  2.7646  21.8444  15.4752
23.125  2.79602  81.0548  75.553
23.125  2.82743  37.7528  37.7294
23.125  2.85885  44.1677  43.3628
23.125  2.89027  100.118  50.27
23.125  2.92168  0.236798  2.0027
23.125  2.9531  0  0
23.125  2.98451  0  0
23.125  3.01593  0  0
23.125  3.04734  0  0
23.125  3.07876  0  0
23.125  3.11018  0  0
23.25  0  0  0
23.25  0.0314159  0  0
23.25  0.0628319  0  0
23.25  0.0942478  0  0
23.25  0.125664  0  0
23.25  0.15708  0  0
23.25  0.188496  0.247308  2.30335
23.25  0.219911  75.5364  63.2611
23.25  0.251327  4.38345  9.2051
23.25  0.282743  43.3674  23.8343
23.25  0.314159  50.9421  37.8028
23.25  0.345575  29.1147  26.6955
23.25  0.376991  56.3566  29.1846
23.25  0.408407  70.6108  41.8136
23.25  0.439823  45.573  35.2173
23.25  0.471239  71.2399  125.408
23.25  0.502655  32.6161  17.8817
23.25  0.534071  31.9125  38.8319
23.25  0.565487  67.6067  115.048
23.25  0.596903  29.8946  33.1855
23.25  0.628319  129.923  122.096
23.25  0.659734  216.244  212.426
23.25  0.69115  7.55193  4.4246
23.25  0.722566  35.2353  31.8457
23.25  0.753982  3.73319  0.609571
23.25  0.785398  114.097  127.554
23.25  0.816814  103.675  85.3276
23.25  0.84823  52.6899  39.4199
23.25  0.879646  91.2235  136.16
23.25  0.911062  56.5136  32.0119
23.25  0.942478  13.6435  3.53163
23.25  0.973894  93.2138  44.6828
23.25  1.00531  33.2391  12.611
23.25  1.03673  58.3563  31.2392
23.25  1.06814  75.9504  45.2487
23.25  1.09956  21.0157  15.6075
23.25  1.13097  48.1236  69.06
23.25  1.16239  47.2136  42.6041
23.25  1.19381  84.8471  59.2782
23.25  1.22522  47.6574  13.2926
23.25  1.25664  75.4698  36.5318
23.25  1.28805  5.18279  1.33745
23.25  1.31947  26.6516  15.516
23.25  1.35088  152.619  79.4382
23.25  1.3823  378.376  343.764
23.25  1.41372  17.9803  5.51339
23.25  1.44513  66.8623  33.3308
23.25  1.47655  75.1728  56.047
23.25  1.50796  104.473  66.8898
23.25  1.53938  40.6262  102.323
23.25  1.5708  16.1968  6.77058
23.25  1.60221  15.1524  3.29544
23.25  1.63363  10.8978  3.86922
23.25  1.66504  109.252  70.6638
23.25  1.69646  79.6235  42.4275
23.25  1.72788  62.1939  44.0204
23.25  1.75929  134.335  86.2169
23.25  1.79071  101.085  54.8753
23.25  1.82212  24.2852  20.0007
23.25  1.85354  297.217  483.402
23.25  1.88496  70.6118  41.9666
23.25  1.91637  67.1554  37.9452
23.25  1.94779  109.504  88.3714
23.25  1.9792  91.6674  51.2223
23.25  2.01062  1.33431  4.02262
23.25  2.04204  169.867  116.063
23.25  2.07345  3.15718  0.655056
23.25  2.10487  63.0813  44.3675
23.25  2.13628  23.6882  5.82965
23.25  2.1677  75.2324  36.2194
23.25  2.19911  2.39169  0.322777
23.25  2.23053  27.2724  19.9511
23.25  2.26195  71.9174  22.308
23.25  2.29336  3.81551  0.875702
23.25  2.32478  8.61304  8.2896
23.25  2.35619  88.5523  44.9664
23.25  2.38761  36.7584  36.2801
23.25  2.41903  3.84938  1.71399
23.25  2.45044  36.2461  21.5113
23.25  2.48186  31.0873  27.9717
23.25  2.51327  18.3082  24.5109
23.25  2.54469  59.7747  66.2156
23.25  2.57611  32.8031  27.4291
23.25  2.60752  15.874  26.2977
23.25  2.63894  47.8174  30.0499
23.25  2.67035  52.5593  43.4433
23.25  2.70177  49.3273  27.4608
23.25  2.73319  57.1052  39.1618
23.25  2.7646  44.3421  40.0415
23.25  2.79602  46.3576  33.4049
23.25  2.82743  60.8179  41.0182
23.25  2.85885  54.0649  29.7107
23.25  2.89027  0  0
23.25  2.92168  0.249507  2.17034
23.25  2.9531  0  0
23.25  2.98451  0  0
23.25  3.01593  0  0
23.25  3.04734  0  0
23.25  3.07876  0  0
23.25  3.11018  0  0
23.375  0  0  0
23.375  0.0314159  0  0
23.375  0.0628319  0  0
23.375  0.0942478  0  0
23.375  0.125664  0  0
23.375  0.15708  0  0
23.375  0.188496  0  0
23.375  0.219911  0  0
23.375  0.251327  74.8484  42.2409
23.375  0.282743  57.965  48.6238
23.375  0.314159  90.711  53.0797
23.375  0.345575  40.2903  22.6943
23.375  0.376991  44.598  27.8823
23.375  0.408407  37.5399  28.0131
23.375  0.439823  31.9601  25.7561
23.375  0.471239  27.1189  42.3732
23.375  0.502655  41.2149  36.8514
23.375  0.534071  275.885  275.065
23.375  0.565487  176.006  174.177
23.375  0.596903  7.82635  5.49062
23.375  0.628319  135.269  102.369
23.375  0.659734  162.663  120.982
23.375  0.69115  7.49653  4.82604
23.375  0.722566  10.5542  9.20222
23.375  0.753982  36.4548  29.7753
23.375  0.785398  52.6241  53.7238
23.375  0.816814  105.854  65.3877
23.375  0.84823  2.68838  0.325079
23.375  0.879646  2.53369  0.365168
23.375  0.911062  2.562  0.422496
23.375  0.942478  21.5662  5.54566
23.375  0.973894  77.777  52.1788
23.375  1.00531  22.848  12.6619
23.375  1.03673  90.7673  33.1936
23.375  1.06814  284.321  415.569
23.375  1.09956  96.3699  62.8799
23.375  1.13097  79.5882  38.6958
23.375  1.16239  39.5535  25.0427
23.375  1.19381  191.532  116.514
23.375  1.22522  12.5875  8.42152
23.375  1.25664  2.06995  0.270551
23.375  1.28805  44.4136  21.399
23.375  1.31947  67.3845  64.4066
23.375  1.35088  103.284  58.7937
23.375  1.3823  139.602  128.971
23.375  1.41372  89.2643  53.3887
23.375  1.44513  82.648  60.4903
23.375  1.47655  95.5311  43.5505
23.375  1.50796  77.2313  50.1591
23.375  1.53938  291.965  195.725
23.375  1.5708  90.6258  55.6978
23.375  1.60221  56.248  35.2298
23.375  1.63363  30.8332  13.9506
23.375  1.66504  131.648  68.9566
23.375  1.69646  44.154  12.6164
23.375  1.72788  9.37518  6.81073
23.375  1.75929  77.5546  50.6631
23.375  1.79071  220.243  327.934
23.375  1.82212  63.3693  35.3036
23.375  1.85354  133.199  76.9597
23.375  1.88496  60.3594  28.5982
23.375  1.91637  93.8498  42.6973
23.375  1.94779  2.78578  0.683326
23.375  1.9792  95.8777  81.982
23.375  2.01062  138.864  71.729
23.375  2.04204  19.9435  9.08881
23.375  2.07345  52.6822  23.4396
23.375  2.10487  5.1216  2.13244
23.375  2.13628  106.614  144.903
23.375  2.1677  170.371  79.0338
23.375  2.19911  53.9247  31.6797
23.375  2.23053  5.75115  2.76964
23.375  2.26195  3.23095  0.834686
23.375  2.29336  35.6914  13.5559
23.375  2.32478  138.508  75.6251
23.375  2.35619  55.6544  39.1481
23.375  2.38761  9.43985  6.9676
23.375  2.41903  134.833  97.6407
23.375  2.45044  73.4406  100.752
23.375  2.48186  8.69881  18.8739
23.375  2.51327  154.115  187.367
23.375  2.54469  8.99845  13.6847
23.375  2.57611  47.9583  45.1067
23.375  2.60752  44.0442  36.7914
23.375  2.63894  19.2879  30.282
23.375  2.67035  37.9999  22.2609
23.375  2.70177  51.701  26.5605
23.375  2.73319  48.0261  37.0495
23.375  2.7646  36.7798  25.8584
23.375  2.79602  49.308  28.2734
23.375  2.82743  57.7735  30.7144
23.375  2.85885  57.7029  35.4374
23.375  2.89027  0.244755  2.27547
23.375  2.92168  0  0
23.375  2.9531  0  0
23.375  2.98451  0  0
23.375  3.01593  0  0
23.375  3.04734  0  0
23.375  3.07876  0  0
23.375  3.11018  0  0
23.5  0  0  0
23.5  0.0314159  0  0
23.5  0.0628319  0  0
23.5  0.0942478  0  0
23.5  0.125664  0  0
23.5  0.15708  0  0
23.5  0.188496  0  0
23.5  0.219911  0.247593  1.9014
23.5  0.251327  7.83993  57.5283
23.5  0.282743  96.4205  63.9986
23.5  0.314159  52.9362  41.6241
23.5  0.345575  38.2519  20.3029
23.5  0.376991  51.6062  25.8389
23.5  0.408407  35.9565  18.1398
23.5  0.439823  49.2147  31.6204
23.5  0.471239  290.624  202.61
23.5  0.502655  181.411  92.8405
23.5  0.534071  136.331  226.824
23.5  0.565487  28.0028  16.7455
23.5  0.596903  7.08688  5.8056
23.5  0.628319  289.064  178.96
23.5  0.659734  93.9141  52.5822
23.5  0.69115  366.131  183.083
23.5  0.722566  19.3045  22.3947
23.5  0.753982  175.3  181.194
23.5  0.785398  62.6693  36.4209
23.5  0.816814  34.6615  26.7058
23.5  0.84823  186.453  148.307
23.5  0.879646  99.2751  44.4702
23.5  0.911062  46.2799  21.567
23.5  0.942478  2.69053  0.545732
23.5  0.973894  65.3793  27.4916
23.5  1.00531  184.607  111.785
23.5  1.03673  92.3927  50.6056
23.5  1.06814  68.1978  38.6676
23.5  1.09956  37.1353  18.5406
23.5  1.13097  34.2657  14.6335
23.5  1.16239  69.5488  47.6647
23.5  1.19381  159.511  236.62
23.5  1.22522  29.3219  5.34183
23.5  1.25664  137.877  93.1076
23.5  1.28805  135.198  72.7599
23.5  1.31947  313.617  63.8295
23.5  1.35088  301.165  182.375
23.5  1.3823  44.0056  31.3093
23.5  1.41372  32.1892  12.0222
23.5  1.44513  116.119  68.534
23.5  1.47655  87.1176  40.8283
23.5  1.50796  215.173  166.887
23.5  1.53938  155.862  147.618
23.5  1.5708  1.96405  0.673889
23.5  1.60221  110.518  60.3804
23.5  1.63363  152.054  212.197
23.5  1.66504  101.645  64.1941
23.5  1.69646  76.2377  34.674
23.5  1.72788  128.305  96.417
23.5  1.75929  58.5798  33.1083
23.5  1.79071  110.885  63.2072
23.5  1.82212  139.841  70.5879
23.5  1.85354  77.4585  45.195
23.5  1.88496  72.8677  76.1279
23.5  1.91637  32.1172  21.9885
23.5  1.94779  152.004  102.515
23.5  1.9792  47.0932  31.152
23.5  2.01062  41.478  14.8686
23.5  2.04204  25.1845  33.1075
23.5  2.07345  90.1167  23.3188
23.5  2.10487  91.012  63.0687
23.5  2.13628  69.3881  46.1896
23.5  2.1677  40.2986  21.6003
23.5  2.19911  28.5447  11.1566
23.5  2.23053  2.74888  0.483871
23.5  2.26195  17.5594  10.5364
23.5  2.29336  99.6798  88.7711
23.5  2.32478  17.2219  9.35274
23.5  2.35619  19.0165  3.78224
23.5  2.38761  14.1383  22.9665
23.5  2.41903  97.7261  64.0718
23.5  2.45044  85.813  138.468
23.5  2.48186  138.678  199.854
23.5  2.51327  71.0377  59.8405
23.5  2.54469  18.3742  19.6489
23.5  2.57611  16.6634  25.5817
23.5  2.60752  213.945  205.39
23.5  2.63894  26.5267  16.9572
23.5  2.67035  36.7403  34.3667
23.5  2.70177  32.3165  18.9195
23.5  2.73319  50.4003  45.5719
23.5  2.7646  47.4638  45.1561
23.5  2.79602  72.9009  59.5699
23.5  2.82743  64.5723  35.4181
23.5  2.85885  14.9932  12.3745
23.5  2.89027  0.245774  2.26702
23.5  2.92168  0.25876  1.70224
23.5  2.9531  0  0
23.5  2.98451  0  0
23.5  3.01593  0  0
23.5  3.04734  0  0
23.5  3.07876  0  0
23.5  3.11018  0  0
23.625  0  0  0
23.625  0.0314159  0  0
23.625  0.0628319  0  0
23.625  0.0942478  0  0
23.625  0.125664  0  0
23.625  0.15708  0  0
23.625  0.188496  0  0
23.625  0.219911  0.535236  3.92748
23.625  0.251327  19.4144  10.5244
23.625  0.282743  30.5681  30.3443
23.625  0.314159  59.0365  52.0328
23.625  0.345575  47.4258  32.8494
23.625  0.376991  54.0356  44.7443
23.625  0.408407  51.1748  30.2282
23.625  0.439823  26.4253  27.778
23.625  0.471239  61.265  97.6722
23.625  0.502655  328.35  278.024
23.625  0.534071  36.0985  31.1176
23.625  0.565487  139.854  130.749
23.625  0.596903  23.5831  17.1773
23.625  0.628319  22.1278  12.1342
23.625  0.659734  98.2389  58.9111
23.625  0.69115  163.788  131.149
23.625  0.722566  232.261  131.457
23.625  0.753982  23.256  36.5541
23.625  0.785398  69.9619  33.6008
23.625  0.816814  143.669  141.398
23.625  0.84823  26.6344  14.2812
23.625  0.879646  44.233  17.5951
23.625  0.911062  121.03  69.7427
23.625  0.942478  152.809  100.895
23.625  0.973894  27.2132  18.7872
23.625  1.00531  91.9174  50.2878
23.625  1.03673  50.211  39.5143
23.625  1.06814  103.096  57.7144
23.625  1.09956  2.9558  1.02863
23.625  1.13097  60.0773  23.1865
23.625  1.16239  16.3783  5.05768
23.625  1.19381  95.8174  51.2248
23.625  1.22522  193.286  189.644
23.625  1.25664  63.5889  46.2797
23.625  1.28805  231.818  157.689
23.625  1.31947  118.797  72.6794
23.625  1.35088  84.63  36.3268
23.625  1.3823  147.144  96.1361
23.625  1.41372  58.9703  18.9992
23.625  1.44513  161.625  93.7069
23.625  1.47655  197.199  144.066
23.625  1.50796  57.4796  29.8526
23.625  1.53938  190.474  116.742
23.625  1.5708  121.953  67.828
23.625  1.60221  71.4013  29.9034
23.625  1.63363  36.6139  14.6257
23.625  1.66504  124.353  104.072
23.625  1.69646  73.5482  128.325
23.625  1.72788  369.023  507.943
23.625  1.75929  154.89  96.8598
23.625  1.79071  129.768  82.2547
23.625  1.82212  44.7239  26.0432
23.625  1.85354  78.2883  38.9105
23.625  1.88496  103.301  87.4409
23.625  1.91637  53.2001  29.4324
23.625  1.94779  272.894  136.638
23.625  1.9792  105.755  180.207
23.625  2.01062  19.5453  14.2947
23.625  2.04204  56.7626  26.4506
23.625  2.07345  2.60068  0.493334
23.625  2.10487  86.0368  34.3123
23.625  2.13628  57.5386  49.8352
23.625  2.1677  41.176  15.7941
23.625  2.19911  45.5989  25.8839
23.625  2.23053  47.3257  20.5292
23.625  2.26195  24.7676  8.24491
23.625  2.29336  3.58331  0.731027
23.625  2.32478  58.7183  60.4812
23.625  2.35619  70.0068  42.8668
23.625  2.38761  39.3155  30.6027
23.625  2.41903  87.7324  49.3825
23.625  2.45044  80.2064  124.642
23.625  2.48186  146.313  145.217
23.625  2.51327  26.592  18.3837
23.625  2.54469  43.6995  22.2615
23.625  2.57611  31.553  23.0219
23.625  2.60752  34.5273  17.2776
23.625  2.63894  40.681  25.7306
23.625  2.67035  39.3472  22.3565
23.625  2.70177  34.8811  25.596
23.625  2.73319  47.7484  45.0628
23.625  2.7646  33.1441  22.7145
23.625  2.79602  27.2947  16.2265
23.625  2.82743  53.7859  46.7357
23.625  2.85885  87.3954  69.405
23.625  2.89027  0.411899  3.02245
23.625  2.92168  0  0
23.625  2.9531  0  0
23.625  2.98451  0  0
23.625  3.01593  0  0
23.625  3.04734  0  0
23.625  3.07876  0  0
23.625  3.11018  0  0
23.75  0  0  0
23.75  0.0314159  0  0
23.75  0.0628319  0  0
23.75  0.0942478  0  0
23.75  0.125664  0  0
23.75  0.15708  0  0
23.75  0.188496  11.508  84.4442
23.75  0.219911  19.86  17.7612
23.75  0.251327  2.96939  21.789
23.75  0.282743  56.0118  37.7141
23.75  0.314159  36.0252  27.6638
23.75  0.345575  41.6857  22.3262
23.75  0.376991  42.3269  31.5231
23.75  0.408407  39.6924  22.5701
23.75  0.439823  37.6171  35.9349
23.75  0.471239  22.4678  30.1632
23.75  0.502655  19.3214  31.4873
23.75  0.534071  35.9248  18.044
23.75  0.565487  66.3396  100.3
23.75  0.596903  166.561  86.1437
23.75  0.628319  97.2095  120.392
23.75  0.659734  7.11015  5.43675
23.75  0.69115  91.6278  160.035
23.75  0.722566  4.00803  1.32893
23.75  0.753982  46.2403  36.1842
23.75  0.785398  164.508  115.484
23.75  0.816814  220.004  138.728
23.75  0.84823  41.9219  53.7153
23.75  0.879646  75.4811  36.5149
23.75  0.911062  3.64656  0.670905
23.75  0.942478  65.334  24.4213
23.75  0.973894  6.57255  2.52684
23.75  1.00531  80.2036  58.6869
23.75  1.03673  34.5886  16.5484
23.75  1.06814  60.3184  21.8397
23.75  1.09956  15.4433  7.63888
23.75  1.13097  115.836  59.4532
23.75  1.16239  197.358  143.498
23.75  1.19381  156.97  109.833
23.75  1.22522  94.241  67.5679
23.75  1.25664  62.4282  59.7402
23.75  1.28805  86.8845  45.0598
23.75  1.31947  80.6447  45.0463
23.75  1.35088  189.151  133.375
23.75  1.3823  83.39  39.6518
23.75  1.41372  16.2185  10.2769
23.75  1.44513  236.694  211.022
23.75  1.47655  99.288  51.6479
23.75  1.50796  55.1843  51.2546
23.75  1.53938  80.1827  78.7924
23.75  1.5708  44.7296  19.7308
23.75  1.60221  98.8222  66.7642
23.75  1.63363  16.3169  6.21382
23.75  1.66504  98.5244  33.9857
23.75  1.69646  32.3809  9.00534
23.75  1.72788  476.524  400.735
23.75  1.75929  77.3889  50.2375
23.75  1.79071  81.2697  73.2784
23.75  1.82212  261.567  196.263
23.75  1.85354  9.35526  473.571
23.75  1.88496  99.3818  91.7556
23.75  1.91637  43.6428  32.7769
23.75  1.94779  131.831  102.893
23.75  1.9792  29.2733  23.4459
23.75  2.01062  70.3457  40.055
23.75  2.04204  3.19417  0.444041
23.75  2.07345  64.0279  38.7156
23.75  2.10487  16.8461  3.71774
23.75  2.13628  72.3936  106.635
23.75  2.1677  2.86315  0.562394
23.75  2.19911  36.0891  10.0334
23.75  2.23053  72.3468  30.9494
23.75  2.26195  58.2252  54.2785
23.75  2.29336  18.9937  10.8556
23.75  2.32478  187.519  94.1601
23.75  2.35619  22.7415  13.5873
23.75  2.38761  59.5396  35.0327
23.75  2.41903  303.934  282.936
23.75  2.45044  10.809  12.4907
23.75  2.48186  26.5168  18.8386
23.75  2.51327  37.237  43.8535
23.75  2.54469  18.5393  28.4959
23.75  2.57611  38.186  24.211
23.75  2.60752  32.1432  21.3004
23.75  2.63894  300.957  299.2
23.75  2.67035  37.3523  32.6352
23.75  2.70177  60.731  48.7542
23.75  2.73319  51.859  26.0901
23.75  2.7646  55.6485  39.6227
23.75  2.79602  43.4484  43.0286
23.75  2.82743  41.8632  52.0079
23.75  2.85885  65.8853  33.6608
23.75  2.89027  3.23003  23.7015
23.75  2.92168  0  0
23.75  2.9531  0  0
23.75  2.98451  0  0
23.75  3.01593  0  0
23.75  3.04734  0  0
23.75  3.07876  0  0
23.75  3.11018  0  0
23.875  0  0  0
23.875  0.0314159  0  0
23.875  0.0628319  0  0
23.875  0.0942478  0  0
23.875  0.125664  0  0
23.875  0.15708  0  0
23.875  0.188496  0  0
23.875  0.219911  0.245551  1.26789
23.875  0.251327  71.5554  47.5996
23.875  0.282743  63.4716  61.4241
23.875  0.314159  48.4396  33.8681
23.875  0.345575  57.7409  48.5674
23.875  0.376991  34.7783  32.3129
23.875  0.408407  36.9279  19.6453
23.875  0.439823  63.6448  42.1552
23.875  0.471239  40.2594  24.8082
23.875  0.502655  37.9864  28.0508
23.875  0.534071  45.7937  45.4701
23.875  0.565487  25.4475  29.0493
23.875  0.596903  51.6214  88.6196
23.875  0.628319  43.0734  43.011
23.875  0.659734  11.1979  17.3009
23.875  0.69115  74.0673  86.3063
23.875  0.722566  27.563  21.894
23.875  0.753982  25.4042  12.8707
23.875  0.785398  18.8913  19.0212
23.875  0.816814  88.4  142.418
23.875  0.84823  204.81  131.639
23.875  0.879646  109.295  55.2403
23.875  0.911062  22.2793  19.566
23.875  0.942478  104.098  63.4849
23.875  0.973894  33.2437  17.4448
23.875  1.00531  47.7682  24.0949
23.875  1.03673  86.6303  146.055
23.875  1.06814  70.3175  47.8792
23.875  1.09956  224.008  142.181
23.875  1.13097  223.981  375.263
23.875  1.16239  181.354  179.7
23.875  1.19381  78.2896  46.0187
23.875  1.22522  94.2752  40.6752
23.875  1.25664  129.615  81.9588
23.875  1.28805  81.3653  39.6623
23.875  1.31947  74.5541  51.8581
23.875  1.35088  91.8634  43.6698
23.875  1.3823  123.894  84.4512
23.875  1.41372  70.6518  41.2876
23.875  1.44513  119.628  77.9518
23.875  1.47655  758.869  465.616
23.875  1.50796  61.3644  32.5193
23.875  1.53938  88.855  47.6468
23.875  1.5708  2.77009  0.583669
23.875  1.60221  2.64815  11.3132
23.875  1.63363  2.70991  0.499665
23.875  1.66504  80.3675  52.0353
23.875  1.69646  111.68  128.856
23.875  1.72788  133.455  105.548
23.875  1.75929  73.4601  51.9111
23.875  1.79071  70.1957  31.8748
23.875  1.82212  150.32  118.721
23.875  1.85354  65.2463  27.3914
23.875  1.88496  15.9091  5.88897
23.875  1.91637  17.1381  2.21727
23.875  1.94779  44.4851  16.1634
23.875  1.9792  12.1584  75.1724
23.875  2.01062  282.74  390.479
23.875  2.04204  327.107  279.494
23.875  2.07345  123.91  84.8712
23.875  2.10487  208.114  188.051
23.875  2.13628  19.6812  9.52331
23.875  2.1677  13.2092  7.00548
23.875  2.19911  87.68  37.7297
23.875  2.23053  220.337  146.63
23.875  2.26195  90.4251  65.6254
23.875  2.29336  63.6726  37.4601
23.875  2.32478  3.87628  0.569196
23.875  2.35619  106.467  73.0009
23.875  2.38761  28.2401  29.776
23.875  2.41903  4.29187  1.5089
23.875  2.45044  70.1363  94.9698
23.875  2.48186  244.198  145.346
23.875  2.51327  31.3483  22.7425
23.875  2.54469  225.675  150.585
23.875  2.57611  172.918  150.784
23.875  2.60752  49.1357  48.9055
23.875  2.63894  15.8139  27.0097
23.875  2.67035  28.2189  27.5592
23.875  2.70177  49.9832  42.4162
23.875  2.73319  66.9969  66.7189
23.875  2.7646  67.7586  43.8887
23.875  2.79602  33.0798  23.0748
23.875  2.82743  79.9159  75.6406
23.875  2.85885  55.8248  36.0063
23.875  2.89027  0.247445  2.30247
23.875  2.92168  0  0
23.875  2.9531  0  0
23.875  2.98451  0  0
23.875  3.01593  0  0
23.875  3.04734  0  0
23.875  3.07876  0  0
23.875  3.11018  0  0
24  0  0  0
24  0.0314159  0  0
24  0.0628319  0  0
24  0.0942478  0  0
24  0.125664  0  0
24  0.15708  0  0
24  0.188496  0.247308  2.30335
24  0.219911  12.4451  91.3205
24  0.251327  76.1455  55.2158
24  0.282743  97.6936  48.8482
24  0.314159  65.7132  40.7777
24  0.345575  30.0659  15.2579
24  0.376991  52.6366  42.0944
24  0.408407  51.1328  37.385
24  0.439823  28.3821  17.3597
24  0.471239  42.341  26.8679
24  0.502655  98.0148  56.3646
24  0.534071  32.5177  16.3675
24  0.565487  29.8203  18.6147
24  0.596903  33.184  33.5593
24  0.628319  93.0866  134.046
24  0.659734  9.26045  6.46194
24  0.69115  49.9863  45.3515
24  0.722566  41.5455  28.2635
24  0.753982  50.797  38.363
24  0.785398  289.925  145.04
24  0.816814  26.5764  6.0973
24  0.84823  267.116  266.9
24  0.879646  13.2463  7.30102
24  0.911062  83.9345  126.829
24  0.942478  40.1045  16.9034
24  0.973894  23.074  9.44724
24  1.00531  77.1559  23.6547
24  1.03673  71.3145  30.8392
24  1.06814  54.1383  38.5277
24  1.09956  31.5003  10.6572
24  1.13097  89.8171  50.0286
24  1.16239  67.2818  35.4827
24  1.19381  67.7683  43.6095
24  1.22522  63.735  35.2882
24  1.25664  35.1997  18.333
24  1.28805  66.7684  104.722
24  1.31947  146.547  130.595
24  1.35088  136.228  223.267
24  1.3823  105.672  85.8336
24  1.41372  103.475  50.25
24  1.44513  108.688  47.3893
24  1.47655  19.3537  3.34307
24  1.50796  28.1279  17.5053
24  1.53938  123.918  112.741
24  1.5708  66.1784  65.134
24  1.60221  218  336.042
24  1.63363  55.7723  32.9177
24  1.66504  97.3825  40.6514
24  1.69646  115.441  68.1152
24  1.72788  141.104  83.8543
24  1.75929  107.13  71.5894
24  1.79071  65.954  33.7695
24  1.82212  91.3616  41.0977
24  1.85354  60.2167  32.773
24  1.88496  122.826  74.9229
24  1.91637  106.616  175.187
24  1.94779  100.335  50.411
24  1.9792  54.9849  35.7741
24  2.01062  93.3556  49.0867
24  2.04204  28.7324  26.5116
24  2.07345  66.2462  37.4963
24  2.10487  96.4208  49.7272
24  2.13628  2.19038  0.270929
24  2.1677  108.445  107.944
24  2.19911  2.77324  0.518729
24  2.23053  2.61542  0.48856
24  2.26195  7.58319  6.08679
24  2.29336  35.6769  27.6814
24  2.32478  5.8941  2.34654
24  2.35619  3.8128  1.24096
24  2.38761  201.721  100.99
24  2.41903  23.3589  22.729
24  2.45044  6.60845  8.88996
24  2.48186  94.7894  82.0891
24  2.51327  223.12  122.414
24  2.54469  14.9097  19.1039
24  2.57611  30.8049  26.6544
24  2.60752  176.012  159.437
24  2.63894  45.4883  24.2092
24  2.67035  42.3223  35.5005
24  2.70177  55.1074  49.8332
24  2.73319  48.7847  33.0585
24  2.7646  78.6292  72.5237
24  2.79602  55.0031  27.5807
24  2.82743  74.5279  66.8321
24  2.85885  88.4084  87.7507
24  2.89027  0.249107  2.14963
24  2.92168  9.11825  66.9084
24  2.9531  0  0
24  2.98451  0  0
24  3.01593  0  0
24  3.04734  0  0
24  3.07876  0  0
24  3.11018  0  0
24.125  0  0  0
24.125  0.0314159  0  0
24.125  0.0628319  0  0
24.125  0.0942478  0  0
24.125  0.125664  0  0
24.125  0.15708  0  0
24.125  0.188496  0.249151  2.15281
24.125  0.219911  59.8706  30.8337
24.125  0.251327  44.2182  41.0134
24.125  0.282743  58.96  40.8538
24.125  0.314159  52.5456  48.9551
24.125  0.345575  45.3778  37.4965
24.125  0.376991  62.8188  48.3305
24.125  0.408407  556.54  460.971
24.125  0.439823  59.1557  58.4598
24.125  0.471239  39.0748  25.0632
24.125  0.502655  36.1151  27.8052
24.125  0.534071  43.5767  36.0028
24.125  0.565487  134.775  204.053
24.125  0.596903  51.0711  50.7158
24.125  0.628319  22.9055  19.4814
24.125  0.659734  60.8925  60.8705
24.125  0.69115  61.2412  51.1876
24.125  0.722566  49.6604  42.7696
24.125  0.753982  21.7335  13.3621
24.125  0.785398  3.74895  1.33018
24.125  0.816814  5.53513  2.07252
24.125  0.84823  120.536  70.1588
24.125  0.879646  20.7231  8.23362
24.125  0.911062  86.5913  49.5509
24.125  0.942478  67.0077  64.5604
24.125  0.973894  100.66  66.7212
24.125  1.00531  79.3088  29.6273
24.125  1.03673  142.682  97.1922
24.125  1.06814  43.8962  16.6305
24.125  1.09956  72.4142  42.4095
24.125  1.13097  55.5446  26.4794
24.125  1.16239  114.1  83.5206
24.125  1.19381  77.0737  40.5436
24.125  1.22522  94.9797  45.4338
24.125  1.25664  28.9188  12.3999
24.125  1.28805  105.507  77.7691
24.125  1.31947  124.114  180.083
24.125  1.35088  88.951  71.149
24.125  1.3823  69.1198  35.458
24.125  1.41372  5.67376  62.8244
24.125  1.44513  85.3669  48.7155
24.125  1.47655  98.1032  75.3955
24.125  1.50796  43.2814  32.719
24.125  1.53938  353.536  179.981
24.125  1.5708  94.5815  66.6487
24.125  1.60221  16.8017  4.87985
24.125  1.63363  104.351  115.305
24.125  1.66504  77.3223  40.4348
24.125  1.69646  96.1939  67.4235
24.125  1.72788  119.696  97.3599
24.125  1.75929  175.359  124.537
24.125  1.79071  50.2829  31.4776
24.125  1.82212  66.8772  27.2262
24.125  1.85354  124.613  81.2095
24.125  1.88496  8.2198  3.86485
24.125  1.91637  2.80778  0.778818
24.125  1.94779  113.966  58.8721
24.125  1.9792  54.4078  32.942
24.125  2.01062  132.653  216.909
24.125  2.04204  104.873  54.9641
24.125  2.07345  49.4403  27.0997
24.125  2.10487  24.2543  6.59483
24.125  2.13628  3.14457  0.711436
24.125  2.1677  9.45853  179.703
24.125  2.19911  117.714  77.2966
24.125  2.23053  2.80343  0.491205
24.125  2.26195  62.6131  96.2601
24.125  2.29336  51.2784  19.4342
24.125  2.32478  286.5  199.865
24.125  2.35619  87.6539  65.6339
24.125  2.38761  31.2292  25.6845
24.125  2.41903  29.2167  43.932
24.125  2.45044  117.238  201.558
24.125  2.48186  72.109  103.732
24.125  2.51327  31.5283  27.5312
24.125  2.54469  174.205  136.481
24.125  2.57611  29.5243  22.1616
24.125  2.60752  51.2917  27.6003
24.125  2.63894  19.2498  19.8108
24.125  2.67035  43.6465  32.6277
24.125  2.70177  61.0857  34.1302
24.125  2.73319  48.5043  79.6729
24.125  2.7646  27.3733  16.6928
24.125  2.79602  63.3103  62.4001
24.125  2.82743  61.0591  30.9675
24.125  2.85885  78.8505  41.2673
24.125  2.89027  33.2402  16.8833
24.125  2.92168  0  0
24.125  2.9531  0  0
24.125  2.98451  0  0
24.125  3.01593  0  0
24.125  3.04734  0  0
24.125  3.07876  0  0
24.125  3.11018  0  0
24.25  0  0  0
24.25  0.0314159  0  0
24.25  0.0628319  0  0
24.25  0.0942478  0  0
24.25  0.125664  0  0
24.25  0.15708  0  0
24.25  0.188496  9.63424  70.6947
24.25  0.219911  0.253088  2.19187
24.25  0.251327  52.1998  50.2159
24.25  0.282743  37.721  34.2141
24.25  0.314159  48.209  33.5024
24.25  0.345575  46.9304  27.5205
24.25  0.376991  18.4318  46.9674
24.25  0.408407  49.7443  47.2012
24.25  0.439823  37.0355  42.9024
24.25  0.471239  44.3696  44.3732
24.25  0.502655  45.908  45.4798
24.25  0.534071  40.2187  38.1512
24.25  0.565487  30.3454  23.0472
24.25  0.596903  314.106  313.961
24.25  0.628319  6.87371  6.60222
24.25  0.659734  30.2387  45.8299
24.25  0.69115  66.6818  61.9453
24.25  0.722566  9.59337  12.455
24.25  0.753982  11.0346  7.57762
24.25  0.785398  69.4856  61.1332
24.25  0.816814  62.214  36.6235
24.25  0.84823  66.1922  81.6106
24.25  0.879646  109.501  55.0557
24.25  0.911062  97.9394  54.481
24.25  0.942478  30.1879  17.2986
24.25  0.973894  41.106  32.4039
24.25  1.00531  65.0362  28.3676
24.25  1.03673  88.2637  95.6162
24.25  1.06814  66.1732  29.8507
24.25  1.09956  36.257  13.6216
24.25  1.13097  12.4187  6.97213
24.25  1.16239  2.44346  0.733393
24.25  1.19381  70.5861  55.2966
24.25  1.22522  39.7724  19.725
24.25  1.25664  109.712  77.6282
24.25  1.28805  122.336  45.1808
24.25  1.31947  133.814  99.1057
24.25  1.35088  73.8985  49.3045
24.25  1.3823  77.2775  40.6661
24.25  1.41372  71.757  30.0744
24.25  1.44513  72.6067  38.0971
24.25  1.47655  23.0838  3.46706
24.25  1.50796  116.118  58.3333
24.25  1.53938  177.336  314.817
24.25  1.5708  162.768  125.422
24.25  1.60221  404.407  292.982
24.25  1.63363  210.689  182.043
24.25  1.66504  62.6024  44.7211
24.25  1.69646  76.7613  58.8283
24.25  1.72788  8.54929  2.11009
24.25  1.75929  175.322  185.698
24.25  1.79071  73.9818  58.8
24.25  1.82212  109.445  43.1941
24.25  1.85354  121.658  64.6977
24.25  1.88496  97.5945  36.1475
24.25  1.91637  83.3545  60.8
24.25  1.94779  354.872  334.997
24.25  1.9792  86.7857  60.2972
24.25  2.01062  94.322  52.9473
24.25  2.04204  124.383  85.3801
24.25  2.07345  92.0377  61.4773
24.25  2.10487  104.066  99.3683
24.25  2.13628  82.5148  48.0716
24.25  2.1677  27.4628  16.2517
24.25  2.19911  28.5822  15.1302
24.25  2.23053  2.88113  0.456155
24.25  2.26195  16.4761  4.08663
24.25  2.29336  2.98842  0.769338
24.25  2.32478  96.2709  54.814
24.25  2.35619  14.3701  3.93575
24.25  2.38761  101.625  93.4785
24.25  2.41903  57.5619  70.9956
24.25  2.45044  108.476  89.3393
24.25  2.48186  381.73  197.684
24.25  2.51327  34.4437  33.1386
24.25  2.54469  13.1352  27.2111
24.25  2.57611  267.704  153.782
24.25  2.60752  41.4298  21.3285
24.25  2.63894  18.9288  18.358
24.25  2.67035  43.1187  31.023
24.25  2.70177  53.9184  28.8638
24.25  2.73319  44.114  30.6356
24.25  2.7646  57.0721  31.5104
24.25  2.79602  79.2978  76.8805
24.25  2.82743  15.9856  14.4878
24.25  2.85885  74.9364  70.7231
24.25  2.89027  60.4422  57.441
24.25  2.92168  118.681  66.1719
24.25  2.9531  0  0
24.25  2.98451  0  0
24.25  3.01593  0  0
24.25  3.04734  0  0
24.25  3.07876  0  0
24.25  3.11018  0  0
24.375  0  0  0
24.375  0.0314159  0  0
24.375  0.0628319  0  0
24.375  0.0942478  0  0
24.375  0.125664  0  0
24.375  0.15708  0  0
24.375  0.188496  0.241455  2.28111
24.375  0.219911  25.0172  16.6656
24.375  0.251327  3.51165  25.7679
24.375  0.282743  28.6428  16.1137
24.375  0.314159  45.2314  34.3719
24.375  0.345575  53.0597  51.5661
24.375  0.376991  30.3573  19.1536
24.375  0.408407  46.3616  34.5448
24.375  0.439823  59.6246  35.6388
24.375  0.471239  99.6269  83.0218
24.375  0.502655  25.9107  46.8007
24.375  0.534071  40.2909  20.1889
24.375  0.565487  98.3898  83.1557
24.375  0.596903  8.0584  9.5638
24.375  0.628319  40.5526  28.6324
24.375  0.659734  29.3743  29.094
24.375  0.69115  85.8419  109.469
24.375  0.722566  146.959  130.766
24.375  0.753982  19.0015  15.2669
24.375  0.785398  43.6148  66.1241
24.375  0.816814  71.0419  100.157
24.375  0.84823  61.9132  39.5014
24.375  0.879646  126.11  96.1131
24.375  0.911062  45.3117  25.3531
24.375  0.942478  9.87856  7.58884
24.375  0.973894  54.21  22.9046
24.375  1.00531  68.3344  47.4523
24.375  1.03673  13.8325  8.62832
24.375  1.06814  18.2115  4.0681
24.375  1.09956  16.8547  9.11712
24.375  1.13097  111.793  62.341
24.375  1.16239  74.1115  31.5869
24.375  1.19381  79.7487  39.2702
24.375  1.22522  120.99  64.8497
24.375  1.25664  91.9801  92.9364
24.375  1.28805  85.5958  54.4945
24.375  1.31947  128.177  151.044
24.375  1.35088  74.2903  52.8613
24.375  1.3823  138.474  91.0341
24.375  1.41372  119.157  57.2763
24.375  1.44513  93.0499  61.1644
24.375  1.47655  116.828  111.946
24.375  1.50796  105.486  51.6052
24.375  1.53938  96.3486  43.4356
24.375  1.5708  87.389  54.8932
24.375  1.60221  121.306  75.5545
24.375  1.63363  62.4365  33.7055
24.375  1.66504  49.1576  217.62
24.375  1.69646  88.3297  45.0048
24.375  1.72788  46.5351  25.5283
24.375  1.75929  120.011  62.8828
24.375  1.79071  87.1797  55.9319
24.375  1.82212  179.988  158.77
24.375  1.85354  164.285  133.469
24.375  1.88496  190.541  162.041
24.375  1.91637  89.8546  79.6763
24.375  1.94779  111.702  46.9332
24.375  1.9792  77.99  51.2867
24.375  2.01062  120.74  90.1234
24.375  2.04204  275.421  234.295
24.375  2.07345  118.019  82.2233
24.375  2.10487  48.658  20.5056
24.375  2.13628  13.5608  3.74609
24.375  2.1677  189.343  178.246
24.375  2.19911  82.0714  36.9897
24.375  2.23053  82.0826  56.5458
24.375  2.26195  52.0058  13.1965
24.375  2.29336  69.2402  31.0699
24.375  2.32478  92.4727  71.7668
24.375  2.35619  35.3733  19.4779
24.375  2.38761  7.98807  4.82298
24.375  2.41903  164.234  145.228
24.375  2.45044  28.6424  19.3963
24.375  2.48186  24.5286  31.5898
24.375  2.51327  432.453  413.172
24.375  2.54469  17.4193  15.9831
24.375  2.57611  205.835  295.945
24.375  2.60752  38.04  35.4786
24.375  2.63894  48.4259  123.133
24.375  2.67035  50.3941  39.1965
24.375  2.70177  41.1191  21.9208
24.375  2.73319  55.4129  54.5545
24.375  2.7646  60.1304  33.4994
24.375  2.79602  61.7013  61.697
24.375  2.82743  54.3088  48.7586
24.375  2.85885  3.59162  26.3548
24.375  2.89027  1.74068  12.7729
24.375  2.92168  0  0
24.375  2.9531  0  0
24.375  2.98451  0  0
24.375  3.01593  0  0
24.375  3.04734  0  0
24.375  3.07876  0  0
24.375  3.11018  0  0
24.5  0  0  0
24.5  0.0314159  0  0
24.5  0.0628319  0  0
24.5  0.0942478  0  0
24.5  0.125664  0  0
24.5  0.15708  0  0
24.5  0.188496  0.251596  2.01316
24.5  0.219911  39.2081  36.9138
24.5  0.251327  103.457  52.1084
24.5  0.282743  50.2513  47.0041
24.5  0.314159  58.8474  35.8206
24.5  0.345575  84.6127  59.8401
24.5  0.376991  47.3496  26.5653
24.5  0.408407  27.7623  15.6102
24.5  0.439823  40.9513  35.3511
24.5  0.471239  27.6788  15.1549
24.5  0.502655  39.4505  39.449
24.5  0.534071  26.1238  25.4906
24.5  0.565487  91.5933  84.3138
24.5  0.596903  37.7565  37.6047
24.5  0.628319  350.311  192.232
24.5  0.659734  15.6712  24.1538
24.5  0.69115  28.754  16.2127
24.5  0.722566  129.395  109.22
24.5  0.753982  74.6722  58.4103
24.5  0.785398  47.4918  56.2524
24.5  0.816814  31.2563  19.9911
24.5  0.84823  58.0743  35.089
24.5  0.879646  13.2422  9.72445
24.5  0.911062  80.193  31.5868
24.5  0.942478  32.7672  18.3029
24.5  0.973894  8.96022  4.42888
24.5  1.00531  208.968  162.231
24.5  1.03673  143.891  74.9766
24.5  1.06814  56.3158  13.457
24.5  1.09956  63.3124  30.9805
24.5  1.13097  18.0763  6.1506
24.5  1.16239  12.4947  3.39999
24.5  1.19381  114.7  102.534
24.5  1.22522  173.619  117.763
24.5  1.25664  21.4191  7.46556
24.5  1.28805  128.742  75.5596
24.5  1.31947  283.107  376.035
24.5  1.35088  0.192972  531.12
24.5  1.3823  2.43364  415.591
24.5  1.41372  196.67  150.231
24.5  1.44513  177.192  123.221
24.5  1.47655  158.005  155.935
24.5  1.50796  178.835  157.591
24.5  1.53938  89.7516  63.5767
24.5  1.5708  128.85  97.8783
24.5  1.60221  98.6066  43.8482
24.5  1.63363  41.8125  28.4319
24.5  1.66504  92.2487  48.3128
24.5  1.69646  106.132  88.9758
24.5  1.72788  72.6574  36.1413
24.5  1.75929  85.5554  29.991
24.5  1.79071  23.1127  13.9912
24.5  1.82212  373.497  193.861
24.5  1.85354  17.3496  11.0233
24.5  1.88496  54.5147  19.448
24.5  1.91637  463.04  337.197
24.5  1.94779  104.841  64.2815
24.5  1.9792  60.7829  29.0056
24.5  2.01062  28.0845  10.7228
24.5  2.04204  216.414  140.603
24.5  2.07345  37.0361  27.5846
24.5  2.10487  53.378  36.6239
24.5  2.13628  3.07912  0.638482
24.5  2.1677  4.6735  1.84074
24.5  2.19911  44.7294  15.9106
24.5  2.23053  69.0388  24.9937
24.5  2.26195  175.121  109.686
24.5  2.29336  39.1111  10.9144
24.5  2.32478  22.9781  10.2675
24.5  2.35619  91.9604  64.9104
24.5  2.38761  59.0385  65.7255
24.5  2.41903  3.723  1.24884
24.5  2.45044  454.229  314.717
24.5  2.48186  30.8937  15.4471
24.5  2.51327  37.5084  20.3153
24.5  2.54469  25.7642  18.975
24.5  2.57611  45.1917  23.8525
24.5  2.60752  16.4803  26.0865
24.5  2.63894  38.8713  33.909
24.5  2.67035  31.0912  23.5053
24.5  2.70177  61.7015  31.6838
24.5  2.73319  47.4532  45.9793
24.5  2.7646  27.1832  14.495
24.5  2.79602  41.0321  22.8847
24.5  2.82743  29.3023  22.7143
24.5  2.85885  4.20617  30.8642
24.5  2.89027  41.3185  40.6635
24.5  2.92168  0  0
24.5  2.9531  0  0
24.5  2.98451  0  0
24.5  3.01593  0  0
24.5  3.04734  0  0
24.5  3.07876  0  0
24.5  3.11018  0  0
24.625  0  0  0
24.625  0.0314159  0  0
24.625  0.0628319  0  0
24.625  0.0942478  0  0
24.625  0.125664  0  0
24.625  0.15708  0  0
24.625  0.188496  7.16931  52.6074
24.625  0.219911  82.7941  82.5803
24.625  0.251327  86.8618  77.392
24.625  0.282743  48.4819  28.9059
24.625  0.314159  24.2895  16.4861
24.625  0.345575  14.9577  26.8645
24.625  0.376991  48.8063  28.0603
24.625  0.408407  41.695  39.3741
24.625  0.439823  59.9744  56.7521
24.625  0.471239  51.5059  40.8719
24.625  0.502655  38.0741  22.4716
24.625  0.534071  56.0482  55.4839
24.625  0.565487  62.0489  52.977
24.625  0.596903  25.7602  16.0531
24.625  0.628319  8.49241  7.49844
24.625  0.659734  176.902  157.06
24.625  0.69115  128.672  93.941
24.625  0.722566  37.7723  23.5235
24.625  0.753982  86.6657  42.8658
24.625  0.785398  52.3882  33.8885
24.625  0.816814  15.0889  3.70407
24.625  0.84823  23.8857  16.7198
24.625  0.879646  42.2888  55.6453
24.625  0.911062  5.84609  3.23837
24.625  0.942478  37.2558  20.9262
24.625  0.973894  77.6338  32.8633
24.625  1.00531  2.74561  0.518724
24.625  1.03673  19.0454  4.51863
24.625  1.06814  54.4169  23.0401
24.625  1.09956  82.1249  39.6753
24.625  1.13097  32.9752  18.3364
24.625  1.16239  29.5518  24.1707
24.625  1.19381  285.632  441.6
24.625  1.22522  161.645  108.393
24.625  1.25664  122.275  76.3463
24.625  1.28805  95.3219  112.621
24.625  1.31947  257.928  209.535
24.625  1.35088  60.1025  25.5511
24.625  1.3823  1130.27  607.108
24.625  1.41372  69.2366  48.3295
24.625  1.44513  16.0381  9.8787
24.625  1.47655  71.3209  29.6911
24.625  1.50796  22.3919  7.73459
24.625  1.53938  7.62791  6.24467
24.625  1.5708  81.2221  126.062
24.625  1.60221  114.59  81.2426
24.625  1.63363  18.4768  8.89071
24.625  1.66504  41.0859  12.0372
24.625  1.69646  112.175  61.5883
24.625  1.72788  67.5765  46.2954
24.625  1.75929  206.944  323.708
24.625  1.79071  207.325  114.951
24.625  1.82212  229.484  193.89
24.625  1.85354  14.0309  3.65253
24.625  1.88496  103.087  47.046
24.625  1.91637  88.5094  48.6628
24.625  1.94779  325.887  269.509
24.625  1.9792  1.57944  32.4507
24.625  2.01062  53.8997  25.745
24.625  2.04204  79.9615  57.256
24.625  2.07345  35.7306  9.85915
24.625  2.10487  70.2955  100.406
24.625  2.13628  51.3944  17.7544
24.625  2.1677  106.294  57.157
24.625  2.19911  288.082  282.602
24.625  2.23053  81.53  69.6954
24.625  2.26195  135.316  277.849
24.625  2.29336  56.4616  40.2307
24.625  2.32478  66.4387  44.2589
24.625  2.35619  62.1398  42.3351
24.625  2.38761  8.2558  8.55753
24.625  2.41903  9.28332  12.2213
24.625  2.45044  50.3134  55.536
24.625  2.48186  58.648  58.3752
24.625  2.51327  31.2259  30.1983
24.625  2.54469  20.3287  21.335
24.625  2.57611  66.5343  79.7894
24.625  2.60752  40.4318  21.7928
24.625  2.63894  44.7334  24.7765
24.625  2.67035  31.8279  18.2403
24.625  2.70177  47.9107  47.2037
24.625  2.73319  55.4287  31.7965
24.625  2.7646  50.7806  47.8961
24.625  2.79602  60.2417  37.2372
24.625  2.82743  19.0252  18.4999
24.625  2.85885  29.7295  20.7707
24.625  2.89027  38.3536  19.3927
24.625  2.92168  0  0
24.625  2.9531  0  0
24.625  2.98451  0  0
24.625  3.01593  0  0
24.625  3.04734  0  0
24.625  3.07876  0  0
24.625  3.11018  0  0
24.75  0  0  0
24.75  0.0314159  0  0
24.75  0.0628319  0  0
24.75  0.0942478  0  0
24.75  0.125664  0  0
24.75  0.15708  0  0
24.75  0.188496  77.5413  62.6001
24.75  0.219911  42.5274  21.3486
24.75  0.251327  102.808  55.8222
24.75  0.282743  37.3337  30.2602
24.75  0.314159  69.8708  44.7538
24.75  0.345575  40.3488  38.1536
24.75  0.376991  63.2016  49.8224
24.75  0.408407  12.1789  25.793
24.75  0.439823  47.0629  28.1477
24.75  0.471239  41.3973  45.6924
24.75  0.502655  45.6772  29.4916
24.75  0.534071  505.537  350.752
24.75  0.565487  263.084  259.467
24.75  0.596903  25.1577  32.112
24.75  0.628319  78.4789  86.6085
24.75  0.659734  58.394  58.114
24.75  0.69115  12.0118  47.9329
24.75  0.722566  93.3208  61.1039
24.75  0.753982  24.4749  23.9226
24.75  0.785398  3.73785  1.04937
24.75  0.816814  142.973  126.718
24.75  0.84823  24.2071  16.5725
24.75  0.879646  34.5173  20.061
24.75  0.911062  2.12135  0.506268
24.75  0.942478  85.5537  60.1552
24.75  0.973894  137.559  127.123
24.75  1.00531  17.9135  9.22645
24.75  1.03673  72.5133  43.2484
24.75  1.06814  13.9459  11.3055
24.75  1.09956  76.032  48.5588
24.75  1.13097  72.3281  30.508
24.75  1.16239  176.457  145.966
24.75  1.19381  144.316  85.7129
24.75  1.22522  27.5491  10.7516
24.75  1.25664  88.9317  31.2432
24.75  1.28805  117.721  74.4958
24.75  1.31947  0.623266  459.731
24.75  1.35088  118.425  70.0118
24.75  1.3823  65.1033  65.621
24.75  1.41372  104.861  59.15
24.75  1.44513  273.34  391.242
24.75  1.47655  32.4251  22.8409
24.75  1.50796  155.838  128.903
24.75  1.53938  163.304  87.52
24.75  1.5708  356.844  424.79
24.75  1.60221  52.1298  23.2473
24.75  1.63363  83.0245  32.3042
24.75  1.66504  7.57652  507.633
24.75  1.69646  60.9319  34.2801
24.75  1.72788  132.139  58.9798
24.75  1.75929  63.804  31.4241
24.75  1.79071  260.631  200.785
24.75  1.82212  119.916  65.8639
24.75  1.85354  89.8762  55.0713
24.75  1.88496  355.201  306.381
24.75  1.91637  107.312  74.255
24.75  1.94779  124.615  69.2926
24.75  1.9792  128.501  85.5464
24.75  2.01062  99.2117  32.8334
24.75  2.04204  12.3689  5.55816
24.75  2.07345  52.8921  21.8031
24.75  2.10487  51.1821  26.6907
24.75  2.13628  54.065  24.481
24.75  2.1677  77.2825  121.701
24.75  2.19911  75.9835  24.9878
24.75  2.23053  3.34709  0.747513
24.75  2.26195  33.9455  28.945
24.75  2.29336  85.1101  40.1059
24.75  2.32478  64.2415  29.0715
24.75  2.35619  55.0612  22.324
24.75  2.38761  84.4418  35.2912
24.75  2.41903  18.7855  28.1148
24.75  2.45044  36.9339  37.771
24.75  2.48186  27.5504  15.324
24.75  2.51327  143.167  81.782
24.75  2.54469  49.6466  48.0423
24.75  2.57611  50.14  32.0977
24.75  2.60752  21.7907  21.0587
24.75  2.63894  46.6213  46.6515
24.75  2.67035  42.3304  25.1034
24.75  2.70177  55.6072  28.0271
24.75  2.73319  65.6785  60.2355
24.75  2.7646  38.0391  30.9389
24.75  2.79602  58.6648  37.6674
24.75  2.82743  67.383  61.0179
24.75  2.85885  0.247467  2.30232
24.75  2.89027  100.098  86.4924
24.75  2.92168  2.31876  1.7633
24.75  2.9531  0  0
24.75  2.98451  0  0
24.75  3.01593  0  0
24.75  3.04734  0  0
24.75  3.07876  0  0
24.75  3.11018  0  0
24.875  0  0  0
24.875  0.0314159  0  0
24.875  0.0628319  0  0
24.875  0.0942478  0  0
24.875  0.125664  0  0
24.875  0.15708  0  0
24.875  0.188496  4.74731  34.8351
24.875  0.219911  8.8363  5.3673
24.875  0.251327  31.1858  30.5663
24.875  0.282743  45.8981  25.566
24.875  0.314159  53.059  46.9528
24.875  0.345575  46.4848  41.8465
24.875  0.376991  32.0712  29.9612
24.875  0.408407  37.7156  32.6865
24.875  0.439823  31.7267  20.7465
24.875  0.471239  28.1916  35.2288
24.875  0.502655  51.2973  48.6438
24.875  0.534071  41.9056  36.2359
24.875  0.565487  35.0555  23.5565
24.875  0.596903  20.3887  23.3856
24.875  0.628319  68.5844  46.3848
24.875  0.659734  48.8383  41.1922
24.875  0.69115  7.47405  8.57323
24.875  0.722566  18.1064  11.1139
24.875  0.753982  173.595  99.6802
24.875  0.785398  32.071  15.1484
24.875  0.816814  25.834  8.33908
24.875  0.84823  2.99551  1.18355
24.875  0.879646  16.088  8.23334
24.875  0.911062  52.8034  28.013
24.875  0.942478  54.5691  30.5118
24.875  0.973894  68.7167  30.8822
24.875  1.00531  16.8597  7.08138
24.875  1.03673  66.9071  28.2821
24.875  1.06814  98.9402  88.0338
24.875  1.09956  55.9908  26.3553
24.875  1.13097  169.05  103.474
24.875  1.16239  0.463917  211.956
24.875  1.19381  43.7985  47.7588
24.875  1.22522  118.805  78.787
24.875  1.25664  149.035  84.8258
24.875  1.28805  97.7512  63.5982
24.875  1.31947  263.268  400.682
24.875  1.35088  44.9285  19.0673
24.875  1.3823  130.67  100.639
24.875  1.41372  114.271  78.1611
24.875  1.44513  3.02654  0.827266
24.875  1.47655  130.684  84.2475
24.875  1.50796  128.857  70.5643
24.875  1.53938  132.301  84.2836
24.875  1.5708  258.837  171.418
24.875  1.60221  167.681  294.967
24.875  1.63363  24.0662  11.1387
24.875  1.66504  110.275  56.6363
24.875  1.69646  249.5  141.758
24.875  1.72788  407.145  255.389
24.875  1.75929  110.06  55.9227
24.875  1.79071  142.472  106.892
24.875  1.82212  22.4507  6.67176
24.875  1.85354  26.3333  11.5222
24.875  1.88496  107.226  52.1245
24.875  1.91637  38.5123  12.3719
24.875  1.94779  147.578  92.2869
24.875  1.9792  446.351  318.29
24.875  2.01062  123.002  101.457
24.875  2.04204  66.8876  34.8758
24.875  2.07345  13.729  9.95698
24.875  2.10487  49.7944  30.8945
24.875  2.13628  61.2803  26.6904
24.875  2.1677  17.6006  4.50916
24.875  2.19911  18.8618  10.8219
24.875  2.23053  52.1595  33.7038
24.875  2.26195  219.643  320.583
24.875  2.29336  139.348  92.4156
24.875  2.32478  202.547  121.524
24.875  2.35619  194.419  127.375
24.875  2.38761  86.0227  96.7817
24.875  2.41903  74.7513  115.53
24.875  2.45044  27.6093  23.2171
24.875  2.48186  36.5352  32.6686
24.875  2.51327  38.3002  26.6526
24.875  2.54469  10.5329  12.6777
24.875  2.57611  37.0237  36.6089
24.875  2.60752  16.7653  25.5599
24.875  2.63894  62.0301  37.5078
24.875  2.67035  45.3421  39.9041
24.875  2.70177  58.6764  58.61
24.875  2.73319  43.3892  25.714
24.875  2.7646  38.4522  35.5081
24.875  2.79602  44.8406  36.399
24.875  2.82743  75.3082  49.8598
24.875  2.85885  84.4008  61.7845
24.875  2.89027  0.258761  1.70217
24.875  2.92168  16.6328  8.63155
24.875  2.9531  0  0
24.875  2.98451  0  0
24.875  3.01593  0  0
24.875  3.04734  0  0
24.875  3.07876  0  0
24.875  3.11018  0  0
