2  0  0  0
2  0.0314159  0  0
2  0.0628319  0  0
2  0.0942478  0  0
2  0.125664  0  0
2  0.15708  0  0
2  0.188496  0  0
2  0.219911  0  0
2  0.251327  0  0
2  0.282743  0  0
2  0.314159  0  0
2  0.345575  0  0
2  0.376991  0  0
2  0.408407  0  0
2  0.439823  0  0
2  0.471239  0  0
2  0.502655  0  0
2  0.534071  0  0
2  0.565487  0  0
2  0.596903  0  0
2  0.628319  0  0
2  0.659734  0  0
2  0.69115  0  0
2  0.722566  0  0
2  0.753982  0  0
2  0.785398  0  0
2  0.816814  0  0
2  0.84823  0  0
2  0.879646  0  0
2  0.911062  0  0
2  0.942478  0  0
2  0.973894  0  0
2  1.00531  0  0
2  1.03673  0  0
2  1.06814  0  0
2  1.09956  0  0
2  1.13097  0  0
2  1.16239  0  0
2  1.19381  0  0
2  1.22522  0  0
2  1.25664  0  0
2  1.28805  0  0
2  1.31947  0  0
2  1.35088  0  0
2  1.3823  0  0
2  1.41372  0  0
2  1.44513  0  0
2  1.47655  0  0
2  1.50796  0  0
2  1.53938  0  0
2  1.5708  0  0
2  1.60221  0  0
2  1.63363  0  0
2  1.66504  0  0
2  1.69646  0  0
2  1.72788  0  0
2  1.75929  0  0
2  1.79071  0  0
2  1.82212  0  0
2  1.85354  0  0
2  1.88496  0  0
2  1.91637  0  0
2  1.94779  0  0
2  1.9792  0  0
2  2.01062  0  0
2  2.04204  0  0
2  2.07345  0  0
2  2.10487  0  0
2  2.13628  0  0
2  2.1677  0  0
2  2.19911  0  0
2  2.23053  0  0
2  2.26195  0  0
2  2.29336  0  0
2  2.32478  0  0
2  2.35619  0  0
2  2.38761  0  0
2  2.41903  0  0
2  2.45044  0  0
2  2.48186  0  0
2  2.51327  0  0
2  2.54469  0  0
2  2.57611  0  0
2  2.60752  0  0
2  2.63894  0  0
2  2.67035  0  0
2  2.70177  0  0
2  2.73319  0  0
2  2.7646  0  0
2  2.79602  0  0
2  2.82743  0  0
2  2.85885  0  0
2  2.89027  0  0
2  2.92168  0  0
2  2.9531  0  0
2  2.98451  0  0
2  3.01593  0  0
2  3.04734  0  0
2  3.07876  0  0
2  3.11018  0  0
2.125  0  0  0
2.125  0.0314159  0  0
2.125  0.0628319  0  0
2.125  0.0942478  0  0
2.125  0.125664  0  0
2.125  0.15708  0  0
2.125  0.188496  0  0
2.125  0.219911  0  0
2.125  0.251327  0  0
2.125  0.282743  0  0
2.125  0.314159  0  0
2.125  0.345575  0  0
2.125  0.376991  0  0
2.125  0.408407  0  0
2.125  0.439823  0  0
2.125  0.471239  0  0
2.125  0.502655  0  0
2.125  0.534071  0  0
2.125  0.565487  0  0
2.125  0.596903  0  0
2.125  0.628319  0  0
2.125  0.659734  0  0
2.125  0.69115  0  0
2.125  0.722566  0  0
2.125  0.753982  0  0
2.125  0.785398  0  0
2.125  0.816814  0  0
2.125  0.84823  0  0
2.125  0.879646  0  0
2.125  0.911062  0  0
2.125  0.942478  0  0
2.125  0.973894  0  0
2.125  1.00531  0  0
2.125  1.03673  0  0
2.125  1.06814  0  0
2.125  1.09956  0  0
2.125  1.13097  0  0
2.125  1.16239  0  0
2.125  1.19381  0  0
2.125  1.22522  0  0
2.125  1.25664  0  0
2.125  1.28805  0  0
2.125  1.31947  0  0
2.125  1.35088  0  0
2.125  1.3823  0  0
2.125  1.41372  0  0
2.125  1.44513  0  0
2.125  1.47655  0  0
2.125  1.50796  0  0
2.125  1.53938  0  0
2.125  1.5708  0  0
2.125  1.60221  0  0
2.125  1.63363  0  0
2.125  1.66504  0  0
2.125  1.69646  0  0
2.125  1.72788  0  0
2.125  1.75929  0  0
2.125  1.79071  0  0
2.125  1.82212  0  0
2.125  1.85354  0  0
2.125  1.88496  0  0
2.125  1.91637  0  0
2.125  1.94779  0  0
2.125  1.9792  0  0
2.125  2.01062  0  0
2.125  2.04204  0  0
2.125  2.07345  0  0
2.125  2.10487  0  0
2.125  2.13628  0  0
2.125  2.1677  0  0
2.125  2.19911  0  0
2.125  2.23053  0  0
2.125  2.26195  0  0
2.125  2.29336  0  0
2.125  2.32478  0  0
2.125  2.35619  0  0
2.125  2.38761  0  0
2.125  2.41903  0  0
2.125  2.45044  0  0
2.125  2.48186  0  0
2.125  2.51327  0  0
2.125  2.54469  0  0
2.125  2.57611  0  0
2.125  2.60752  0  0
2.125  2.63894  0  0
2.125  2.67035  0  0
2.125  2.70177  0  0
2.125  2.73319  0  0
2.125  2.7646  0  0
2.125  2.79602  0  0
2.125  2.82743  0  0
2.125  2.85885  0  0
2.125  2.89027  0  0
2.125  2.92168  0  0
2.125  2.9531  0  0
2.125  2.98451  0  0
2.125  3.01593  0  0
2.125  3.04734  0  0
2.125  3.07876  0  0
2.125  3.11018  0  0
2.25  0  0  0
2.25  0.0314159  0  0
2.25  0.0628319  0  0
2.25  0.0942478  0  0
2.25  0.125664  0  0
2.25  0.15708  0  0
2.25  0.188496  0  0
2.25  0.219911  0  0
2.25  0.251327  0  0
2.25  0.282743  0  0
2.25  0.314159  0  0
2.25  0.345575  0  0
2.25  0.376991  0  0
2.25  0.408407  0  0
2.25  0.439823  0  0
2.25  0.471239  0  0
2.25  0.502655  0  0
2.25  0.534071  0  0
2.25  0.565487  0  0
2.25  0.596903  0  0
2.25  0.628319  0  0
2.25  0.659734  0  0
2.25  0.69115  0  0
2.25  0.722566  0  0
2.25  0.753982  0  0
2.25  0.785398  0  0
2.25  0.816814  0  0
2.25  0.84823  0  0
2.25  0.879646  0  0
2.25  0.911062  0  0
2.25  0.942478  0  0
2.25  0.973894  0  0
2.25  1.00531  0  0
2.25  1.03673  0  0
2.25  1.06814  0  0
2.25  1.09956  0  0
2.25  1.13097  0  0
2.25  1.16239  0  0
2.25  1.19381  0  0
2.25  1.22522  0  0
2.25  1.25664  0  0
2.25  1.28805  0  0
2.25  1.31947  0  0
2.25  1.35088  0  0
2.25  1.3823  0  0
2.25  1.41372  0  0
2.25  1.44513  0  0
2.25  1.47655  0  0
2.25  1.50796  0  0
2.25  1.53938  0  0
2.25  1.5708  0  0
2.25  1.60221  0  0
2.25  1.63363  0  0
2.25  1.66504  0  0
2.25  1.69646  0  0
2.25  1.72788  0  0
2.25  1.75929  0  0
2.25  1.79071  0  0
2.25  1.82212  0  0
2.25  1.85354  0  0
2.25  1.88496  0  0
2.25  1.91637  0  0
2.25  1.94779  0  0
2.25  1.9792  0  0
2.25  2.01062  0  0
2.25  2.04204  0  0
2.25  2.07345  0  0
2.25  2.10487  0  0
2.25  2.13628  0  0
2.25  2.1677  0  0
2.25  2.19911  0  0
2.25  2.23053  0  0
2.25  2.26195  0  0
2.25  2.29336  0  0
2.25  2.32478  0  0
2.25  2.35619  0  0
2.25  2.38761  0  0
2.25  2.41903  0  0
2.25  2.45044  0  0
2.25  2.48186  0  0
2.25  2.51327  0  0
2.25  2.54469  0  0
2.25  2.57611  0  0
2.25  2.60752  0  0
2.25  2.63894  0  0
2.25  2.67035  0  0
2.25  2.70177  0  0
2.25  2.73319  0  0
2.25  2.7646  0  0
2.25  2.79602  0  0
2.25  2.82743  0  0
2.25  2.85885  0  0
2.25  2.89027  0  0
2.25  2.92168  0  0
2.25  2.9531  0  0
2.25  2.98451  0  0
2.25  3.01593  0  0
2.25  3.04734  0  0
2.25  3.07876  0  0
2.25  3.11018  0  0
2.375  0  0  0
2.375  0.0314159  0  0
2.375  0.0628319  0  0
2.375  0.0942478  0  0
2.375  0.125664  0  0
2.375  0.15708  0  0
2.375  0.188496  0  0
2.375  0.219911  0  0
2.375  0.251327  0  0
2.375  0.282743  0  0
2.375  0.314159  0  0
2.375  0.345575  0  0
2.375  0.376991  0  0
2.375  0.408407  0  0
2.375  0.439823  0  0
2.375  0.471239  0  0
2.375  0.502655  0  0
2.375  0.534071  0  0
2.375  0.565487  0  0
2.375  0.596903  0  0
2.375  0.628319  0  0
2.375  0.659734  0  0
2.375  0.69115  0  0
2.375  0.722566  0  0
2.375  0.753982  0  0
2.375  0.785398  0  0
2.375  0.816814  0  0
2.375  0.84823  0  0
2.375  0.879646  0  0
2.375  0.911062  0  0
2.375  0.942478  0  0
2.375  0.973894  0  0
2.375  1.00531  0  0
2.375  1.03673  0  0
2.375  1.06814  0  0
2.375  1.09956  0  0
2.375  1.13097  0  0
2.375  1.16239  0  0
2.375  1.19381  0  0
2.375  1.22522  0  0
2.375  1.25664  0  0
2.375  1.28805  0  0
2.375  1.31947  0  0
2.375  1.35088  0  0
2.375  1.3823  0  0
2.375  1.41372  0  0
2.375  1.44513  0  0
2.375  1.47655  0  0
2.375  1.50796  0  0
2.375  1.53938  0  0
2.375  1.5708  0  0
2.375  1.60221  0  0
2.375  1.63363  0  0
2.375  1.66504  0  0
2.375  1.69646  0  0
2.375  1.72788  0  0
2.375  1.75929  0  0
2.375  1.79071  0  0
2.375  1.82212  0  0
2.375  1.85354  0  0
2.375  1.88496  0  0
2.375  1.91637  0  0
2.375  1.94779  0  0
2.375  1.9792  0  0
2.375  2.01062  0  0
2.375  2.04204  0  0
2.375  2.07345  0  0
2.375  2.10487  0  0
2.375  2.13628  0  0
2.375  2.1677  0  0
2.375  2.19911  0  0
2.375  2.23053  0  0
2.375  2.26195  0  0
2.375  2.29336  0  0
2.375  2.32478  0  0
2.375  2.35619  0  0
2.375  2.38761  0  0
2.375  2.41903  0  0
2.375  2.45044  0  0
2.375  2.48186  0  0
2.375  2.51327  0  0
2.375  2.54469  0  0
2.375  2.57611  0  0
2.375  2.60752  0  0
2.375  2.63894  0  0
2.375  2.67035  0  0
2.375  2.70177  0  0
2.375  2.73319  0  0
2.375  2.7646  0  0
2.375  2.79602  0  0
2.375  2.82743  0  0
2.375  2.85885  0  0
2.375  2.89027  0  0
2.375  2.92168  0  0
2.375  2.9531  0  0
2.375  2.98451  0  0
2.375  3.01593  0  0
2.375  3.04734  0  0
2.375  3.07876  0  0
2.375  3.11018  0  0
2.5  0  0  0
2.5  0.0314159  0  0
2.5  0.0628319  0  0
2.5  0.0942478  0  0
2.5  0.125664  0  0
2.5  0.15708  0  0
2.5  0.188496  0  0
2.5  0.219911  0  0
2.5  0.251327  0  0
2.5  0.282743  0  0
2.5  0.314159  0  0
2.5  0.345575  0  0
2.5  0.376991  0  0
2.5  0.408407  0  0
2.5  0.439823  0  0
2.5  0.471239  0  0
2.5  0.502655  0  0
2.5  0.534071  0  0
2.5  0.565487  0  0
2.5  0.596903  0  0
2.5  0.628319  0  0
2.5  0.659734  0  0
2.5  0.69115  0  0
2.5  0.722566  0  0
2.5  0.753982  0  0
2.5  0.785398  0  0
2.5  0.816814  0  0
2.5  0.84823  0  0
2.5  0.879646  0  0
2.5  0.911062  0  0
2.5  0.942478  0  0
2.5  0.973894  0  0
2.5  1.00531  0  0
2.5  1.03673  0  0
2.5  1.06814  0  0
2.5  1.09956  0  0
2.5  1.13097  0  0
2.5  1.16239  0  0
2.5  1.19381  0  0
2.5  1.22522  0  0
2.5  1.25664  0  0
2.5  1.28805  0  0
2.5  1.31947  0  0
2.5  1.35088  0  0
2.5  1.3823  0  0
2.5  1.41372  0  0
2.5  1.44513  0  0
2.5  1.47655  0  0
2.5  1.50796  0  0
2.5  1.53938  0  0
2.5  1.5708  0  0
2.5  1.60221  0  0
2.5  1.63363  0  0
2.5  1.66504  0  0
2.5  1.69646  0  0
2.5  1.72788  0  0
2.5  1.75929  0  0
2.5  1.79071  0  0
2.5  1.82212  0  0
2.5  1.85354  0  0
2.5  1.88496  0  0
2.5  1.91637  0  0
2.5  1.94779  0  0
2.5  1.9792  0  0
2.5  2.01062  0  0
2.5  2.04204  0  0
2.5  2.07345  0  0
2.5  2.10487  0  0
2.5  2.13628  0  0
2.5  2.1677  0  0
2.5  2.19911  0  0
2.5  2.23053  0  0
2.5  2.26195  0  0
2.5  2.29336  0  0
2.5  2.32478  0  0
2.5  2.35619  0  0
2.5  2.38761  0  0
2.5  2.41903  0  0
2.5  2.45044  0  0
2.5  2.48186  0  0
2.5  2.51327  0  0
2.5  2.54469  0  0
2.5  2.57611  0  0
2.5  2.60752  0  0
2.5  2.63894  0  0
2.5  2.67035  0  0
2.5  2.70177  0  0
2.5  2.73319  0  0
2.5  2.7646  0  0
2.5  2.79602  0  0
2.5  2.82743  0  0
2.5  2.85885  0  0
2.5  2.89027  0  0
2.5  2.92168  0  0
2.5  2.9531  0  0
2.5  2.98451  0  0
2.5  3.01593  0  0
2.5  3.04734  0  0
2.5  3.07876  0  0
2.5  3.11018  0  0
2.625  0  0  0
2.625  0.0314159  0  0
2.625  0.0628319  0  0
2.625  0.0942478  0  0
2.625  0.125664  0  0
2.625  0.15708  0  0
2.625  0.188496  0  0
2.625  0.219911  0  0
2.625  0.251327  0  0
2.625  0.282743  0  0
2.625  0.314159  0  0
2.625  0.345575  0  0
2.625  0.376991  0  0
2.625  0.408407  0  0
2.625  0.439823  0  0
2.625  0.471239  0  0
2.625  0.502655  0  0
2.625  0.534071  0  0
2.625  0.565487  0  0
2.625  0.596903  0  0
2.625  0.628319  0  0
2.625  0.659734  0  0
2.625  0.69115  0  0
2.625  0.722566  0  0
2.625  0.753982  0  0
2.625  0.785398  0  0
2.625  0.816814  0  0
2.625  0.84823  0  0
2.625  0.879646  0  0
2.625  0.911062  0  0
2.625  0.942478  0  0
2.625  0.973894  0  0
2.625  1.00531  0  0
2.625  1.03673  0  0
2.625  1.06814  0  0
2.625  1.09956  0  0
2.625  1.13097  0  0
2.625  1.16239  0  0
2.625  1.19381  0  0
2.625  1.22522  0  0
2.625  1.25664  0  0
2.625  1.28805  0  0
2.625  1.31947  0  0
2.625  1.35088  0  0
2.625  1.3823  0  0
2.625  1.41372  0  0
2.625  1.44513  0  0
2.625  1.47655  0  0
2.625  1.50796  0  0
2.625  1.53938  0  0
2.625  1.5708  0  0
2.625  1.60221  0  0
2.625  1.63363  0  0
2.625  1.66504  0  0
2.625  1.69646  0  0
2.625  1.72788  0  0
2.625  1.75929  0  0
2.625  1.79071  0  0
2.625  1.82212  0  0
2.625  1.85354  0  0
2.625  1.88496  0  0
2.625  1.91637  0  0
2.625  1.94779  0  0
2.625  1.9792  0  0
2.625  2.01062  0  0
2.625  2.04204  0  0
2.625  2.07345  0  0
2.625  2.10487  0  0
2.625  2.13628  0  0
2.625  2.1677  0  0
2.625  2.19911  0  0
2.625  2.23053  0  0
2.625  2.26195  0  0
2.625  2.29336  0  0
2.625  2.32478  0  0
2.625  2.35619  0  0
2.625  2.38761  0  0
2.625  2.41903  0  0
2.625  2.45044  0  0
2.625  2.48186  0  0
2.625  2.51327  0  0
2.625  2.54469  0  0
2.625  2.57611  0  0
2.625  2.60752  0  0
2.625  2.63894  0  0
2.625  2.67035  0  0
2.625  2.70177  0  0
2.625  2.73319  0  0
2.625  2.7646  0  0
2.625  2.79602  0  0
2.625  2.82743  0  0
2.625  2.85885  0  0
2.625  2.89027  0  0
2.625  2.92168  0  0
2.625  2.9531  0  0
2.625  2.98451  0  0
2.625  3.01593  0  0
2.625  3.04734  0  0
2.625  3.07876  0  0
2.625  3.11018  0  0
2.75  0  0  0
2.75  0.0314159  0  0
2.75  0.0628319  0  0
2.75  0.0942478  0  0
2.75  0.125664  0  0
2.75  0.15708  0  0
2.75  0.188496  0  0
2.75  0.219911  0  0
2.75  0.251327  0  0
2.75  0.282743  0  0
2.75  0.314159  0  0
2.75  0.345575  0  0
2.75  0.376991  0  0
2.75  0.408407  0  0
2.75  0.439823  0  0
2.75  0.471239  0  0
2.75  0.502655  0  0
2.75  0.534071  0  0
2.75  0.565487  0  0
2.75  0.596903  0  0
2.75  0.628319  0  0
2.75  0.659734  0  0
2.75  0.69115  0  0
2.75  0.722566  0  0
2.75  0.753982  0  0
2.75  0.785398  0  0
2.75  0.816814  0  0
2.75  0.84823  0  0
2.75  0.879646  0  0
2.75  0.911062  0  0
2.75  0.942478  0  0
2.75  0.973894  0  0
2.75  1.00531  0  0
2.75  1.03673  0  0
2.75  1.06814  0  0
2.75  1.09956  0  0
2.75  1.13097  0  0
2.75  1.16239  0  0
2.75  1.19381  0  0
2.75  1.22522  0  0
2.75  1.25664  0  0
2.75  1.28805  0  0
2.75  1.31947  0  0
2.75  1.35088  0  0
2.75  1.3823  0  0
2.75  1.41372  0  0
2.75  1.44513  0  0
2.75  1.47655  0  0
2.75  1.50796  0  0
2.75  1.53938  0  0
2.75  1.5708  0  0
2.75  1.60221  0  0
2.75  1.63363  0  0
2.75  1.66504  0  0
2.75  1.69646  0  0
2.75  1.72788  0  0
2.75  1.75929  0  0
2.75  1.79071  0  0
2.75  1.82212  0  0
2.75  1.85354  0  0
2.75  1.88496  0  0
2.75  1.91637  0  0
2.75  1.94779  0  0
2.75  1.9792  0  0
2.75  2.01062  0  0
2.75  2.04204  0  0
2.75  2.07345  0  0
2.75  2.10487  0  0
2.75  2.13628  0  0
2.75  2.1677  0  0
2.75  2.19911  0  0
2.75  2.23053  0  0
2.75  2.26195  0  0
2.75  2.29336  0  0
2.75  2.32478  0  0
2.75  2.35619  0  0
2.75  2.38761  0  0
2.75  2.41903  0  0
2.75  2.45044  0  0
2.75  2.48186  0  0
2.75  2.51327  0  0
2.75  2.54469  0  0
2.75  2.57611  0  0
2.75  2.60752  0  0
2.75  2.63894  0  0
2.75  2.67035  0  0
2.75  2.70177  0  0
2.75  2.73319  0  0
2.75  2.7646  0  0
2.75  2.79602  0  0
2.75  2.82743  0  0
2.75  2.85885  0  0
2.75  2.89027  0  0
2.75  2.92168  0  0
2.75  2.9531  0  0
2.75  2.98451  0  0
2.75  3.01593  0  0
2.75  3.04734  0  0
2.75  3.07876  0  0
2.75  3.11018  0  0
2.875  0  0  0
2.875  0.0314159  0  0
2.875  0.0628319  0  0
2.875  0.0942478  0  0
2.875  0.125664  0  0
2.875  0.15708  0  0
2.875  0.188496  0  0
2.875  0.219911  0  0
2.875  0.251327  0  0
2.875  0.282743  0  0
2.875  0.314159  0  0
2.875  0.345575  0  0
2.875  0.376991  0  0
2.875  0.408407  0  0
2.875  0.439823  0  0
2.875  0.471239  0  0
2.875  0.502655  0  0
2.875  0.534071  0  0
2.875  0.565487  0  0
2.875  0.596903  0  0
2.875  0.628319  0  0
2.875  0.659734  0  0
2.875  0.69115  0  0
2.875  0.722566  0  0
2.875  0.753982  0  0
2.875  0.785398  0  0
2.875  0.816814  0  0
2.875  0.84823  0  0
2.875  0.879646  0  0
2.875  0.911062  0  0
2.875  0.942478  0  0
2.875  0.973894  0  0
2.875  1.00531  0  0
2.875  1.03673  0  0
2.875  1.06814  0  0
2.875  1.09956  0  0
2.875  1.13097  0  0
2.875  1.16239  0  0
2.875  1.19381  0  0
2.875  1.22522  0  0
2.875  1.25664  0  0
2.875  1.28805  0  0
2.875  1.31947  0  0
2.875  1.35088  0  0
2.875  1.3823  0  0
2.875  1.41372  0  0
2.875  1.44513  0  0
2.875  1.47655  0  0
2.875  1.50796  0  0
2.875  1.53938  0  0
2.875  1.5708  0  0
2.875  1.60221  0  0
2.875  1.63363  0  0
2.875  1.66504  0  0
2.875  1.69646  0  0
2.875  1.72788  0  0
2.875  1.75929  0  0
2.875  1.79071  0  0
2.875  1.82212  0  0
2.875  1.85354  0  0
2.875  1.88496  0  0
2.875  1.91637  0  0
2.875  1.94779  0  0
2.875  1.9792  0  0
2.875  2.01062  0  0
2.875  2.04204  0  0
2.875  2.07345  0  0
2.875  2.10487  0  0
2.875  2.13628  0  0
2.875  2.1677  0  0
2.875  2.19911  0  0
2.875  2.23053  0  0
2.875  2.26195  0  0
2.875  2.29336  0  0
2.875  2.32478  0  0
2.875  2.35619  0  0
2.875  2.38761  0  0
2.875  2.41903  0  0
2.875  2.45044  0  0
2.875  2.48186  0  0
2.875  2.51327  0  0
2.875  2.54469  0  0
2.875  2.57611  0  0
2.875  2.60752  0  0
2.875  2.63894  0  0
2.875  2.67035  0  0
2.875  2.70177  0  0
2.875  2.73319  0  0
2.875  2.7646  0  0
2.875  2.79602  0  0
2.875  2.82743  0  0
2.875  2.85885  0  0
2.875  2.89027  0  0
2.875  2.92168  0  0
2.875  2.9531  0  0
2.875  2.98451  0  0
2.875  3.01593  0  0
2.875  3.04734  0  0
2.875  3.07876  0  0
2.875  3.11018  0  0
3  0  0  0
3  0.0314159  0  0
3  0.0628319  0  0
3  0.0942478  0  0
3  0.125664  0  0
3  0.15708  0  0
3  0.188496  0  0
3  0.219911  0  0
3  0.251327  0  0
3  0.282743  0  0
3  0.314159  0  0
3  0.345575  0  0
3  0.376991  0  0
3  0.408407  0  0
3  0.439823  0  0
3  0.471239  0  0
3  0.502655  0  0
3  0.534071  0  0
3  0.565487  0  0
3  0.596903  0  0
3  0.628319  0  0
3  0.659734  0  0
3  0.69115  0  0
3  0.722566  0  0
3  0.753982  0  0
3  0.785398  0  0
3  0.816814  0  0
3  0.84823  0  0
3  0.879646  0  0
3  0.911062  0  0
3  0.942478  0  0
3  0.973894  0  0
3  1.00531  0  0
3  1.03673  0  0
3  1.06814  0  0
3  1.09956  0  0
3  1.13097  0  0
3  1.16239  0  0
3  1.19381  0  0
3  1.22522  0  0
3  1.25664  0  0
3  1.28805  0  0
3  1.31947  0  0
3  1.35088  0  0
3  1.3823  0  0
3  1.41372  0  0
3  1.44513  0  0
3  1.47655  0  0
3  1.50796  0  0
3  1.53938  0  0
3  1.5708  0  0
3  1.60221  0  0
3  1.63363  0  0
3  1.66504  0  0
3  1.69646  0  0
3  1.72788  0  0
3  1.75929  0  0
3  1.79071  0  0
3  1.82212  0  0
3  1.85354  0  0
3  1.88496  0  0
3  1.91637  0  0
3  1.94779  0  0
3  1.9792  0  0
3  2.01062  0  0
3  2.04204  0  0
3  2.07345  0  0
3  2.10487  0  0
3  2.13628  0  0
3  2.1677  0  0
3  2.19911  0  0
3  2.23053  0  0
3  2.26195  0  0
3  2.29336  0  0
3  2.32478  0  0
3  2.35619  0  0
3  2.38761  0  0
3  2.41903  0  0
3  2.45044  0  0
3  2.48186  0  0
3  2.51327  0  0
3  2.54469  0  0
3  2.57611  0  0
3  2.60752  0  0
3  2.63894  0  0
3  2.67035  0  0
3  2.70177  0  0
3  2.73319  0  0
3  2.7646  0  0
3  2.79602  0  0
3  2.82743  0  0
3  2.85885  0  0
3  2.89027  0  0
3  2.92168  0  0
3  2.9531  0  0
3  2.98451  0  0
3  3.01593  0  0
3  3.04734  0  0
3  3.07876  0  0
3  3.11018  0  0
3.125  0  0  0
3.125  0.0314159  0  0
3.125  0.0628319  0  0
3.125  0.0942478  0  0
3.125  0.125664  0  0
3.125  0.15708  0  0
3.125  0.188496  0  0
3.125  0.219911  0  0
3.125  0.251327  0  0
3.125  0.282743  0  0
3.125  0.314159  0  0
3.125  0.345575  0  0
3.125  0.376991  0  0
3.125  0.408407  0  0
3.125  0.439823  0  0
3.125  0.471239  0  0
3.125  0.502655  0  0
3.125  0.534071  0  0
3.125  0.565487  0  0
3.125  0.596903  0  0
3.125  0.628319  0  0
3.125  0.659734  0  0
3.125  0.69115  0  0
3.125  0.722566  0  0
3.125  0.753982  0  0
3.125  0.785398  0  0
3.125  0.816814  0  0
3.125  0.84823  0  0
3.125  0.879646  0  0
3.125  0.911062  0  0
3.125  0.942478  0  0
3.125  0.973894  0  0
3.125  1.00531  0  0
3.125  1.03673  0  0
3.125  1.06814  0  0
3.125  1.09956  0  0
3.125  1.13097  0  0
3.125  1.16239  0  0
3.125  1.19381  0  0
3.125  1.22522  0  0
3.125  1.25664  0  0
3.125  1.28805  0  0
3.125  1.31947  0  0
3.125  1.35088  0  0
3.125  1.3823  0  0
3.125  1.41372  0  0
3.125  1.44513  0  0
3.125  1.47655  0  0
3.125  1.50796  0  0
3.125  1.53938  0  0
3.125  1.5708  0  0
3.125  1.60221  0  0
3.125  1.63363  0  0
3.125  1.66504  0  0
3.125  1.69646  0  0
3.125  1.72788  0  0
3.125  1.75929  0  0
3.125  1.79071  0  0
3.125  1.82212  0  0
3.125  1.85354  0  0
3.125  1.88496  0  0
3.125  1.91637  0  0
3.125  1.94779  0  0
3.125  1.9792  0  0
3.125  2.01062  0  0
3.125  2.04204  0  0
3.125  2.07345  0  0
3.125  2.10487  0  0
3.125  2.13628  0  0
3.125  2.1677  0  0
3.125  2.19911  0  0
3.125  2.23053  0  0
3.125  2.26195  0  0
3.125  2.29336  0  0
3.125  2.32478  0  0
3.125  2.35619  0  0
3.125  2.38761  0  0
3.125  2.41903  0  0
3.125  2.45044  0  0
3.125  2.48186  0  0
3.125  2.51327  0  0
3.125  2.54469  0  0
3.125  2.57611  0  0
3.125  2.60752  0  0
3.125  2.63894  0  0
3.125  2.67035  0  0
3.125  2.70177  0  0
3.125  2.73319  0  0
3.125  2.7646  0  0
3.125  2.79602  0  0
3.125  2.82743  0  0
3.125  2.85885  0  0
3.125  2.89027  0  0
3.125  2.92168  0  0
3.125  2.9531  0  0
3.125  2.98451  0  0
3.125  3.01593  0  0
3.125  3.04734  0  0
3.125  3.07876  0  0
3.125  3.11018  0  0
3.25  0  0  0
3.25  0.0314159  0  0
3.25  0.0628319  0  0
3.25  0.0942478  0  0
3.25  0.125664  0  0
3.25  0.15708  0  0
3.25  0.188496  0  0
3.25  0.219911  0  0
3.25  0.251327  0  0
3.25  0.282743  0  0
3.25  0.314159  0  0
3.25  0.345575  0  0
3.25  0.376991  0  0
3.25  0.408407  0  0
3.25  0.439823  0  0
3.25  0.471239  0  0
3.25  0.502655  0  0
3.25  0.534071  0  0
3.25  0.565487  0  0
3.25  0.596903  0  0
3.25  0.628319  0  0
3.25  0.659734  0  0
3.25  0.69115  0  0
3.25  0.722566  0  0
3.25  0.753982  0  0
3.25  0.785398  0  0
3.25  0.816814  0  0
3.25  0.84823  0  0
3.25  0.879646  0  0
3.25  0.911062  0  0
3.25  0.942478  0  0
3.25  0.973894  0  0
3.25  1.00531  0  0
3.25  1.03673  0  0
3.25  1.06814  0  0
3.25  1.09956  0  0
3.25  1.13097  0  0
3.25  1.16239  0  0
3.25  1.19381  0  0
3.25  1.22522  0  0
3.25  1.25664  0  0
3.25  1.28805  0  0
3.25  1.31947  0  0
3.25  1.35088  0  0
3.25  1.3823  0  0
3.25  1.41372  0  0
3.25  1.44513  0  0
3.25  1.47655  0  0
3.25  1.50796  0  0
3.25  1.53938  0  0
3.25  1.5708  0  0
3.25  1.60221  0  0
3.25  1.63363  0  0
3.25  1.66504  0  0
3.25  1.69646  0  0
3.25  1.72788  0  0
3.25  1.75929  0  0
3.25  1.79071  0  0
3.25  1.82212  0  0
3.25  1.85354  0  0
3.25  1.88496  0  0
3.25  1.91637  0  0
3.25  1.94779  0  0
3.25  1.9792  0  0
3.25  2.01062  0  0
3.25  2.04204  0  0
3.25  2.07345  0  0
3.25  2.10487  0  0
3.25  2.13628  0  0
3.25  2.1677  0  0
3.25  2.19911  0  0
3.25  2.23053  0  0
3.25  2.26195  0  0
3.25  2.29336  0  0
3.25  2.32478  0  0
3.25  2.35619  0  0
3.25  2.38761  0  0
3.25  2.41903  0  0
3.25  2.45044  0  0
3.25  2.48186  0  0
3.25  2.51327  0  0
3.25  2.54469  0  0
3.25  2.57611  0  0
3.25  2.60752  0  0
3.25  2.63894  0  0
3.25  2.67035  0  0
3.25  2.70177  0  0
3.25  2.73319  0  0
3.25  2.7646  0  0
3.25  2.79602  0  0
3.25  2.82743  0  0
3.25  2.85885  0  0
3.25  2.89027  0  0
3.25  2.92168  0  0
3.25  2.9531  0  0
3.25  2.98451  0  0
3.25  3.01593  0  0
3.25  3.04734  0  0
3.25  3.07876  0  0
3.25  3.11018  0  0
3.375  0  0  0
3.375  0.0314159  0  0
3.375  0.0628319  0  0
3.375  0.0942478  0  0
3.375  0.125664  0  0
3.375  0.15708  0  0
3.375  0.188496  0  0
3.375  0.219911  0  0
3.375  0.251327  0  0
3.375  0.282743  0  0
3.375  0.314159  0  0
3.375  0.345575  0  0
3.375  0.376991  0  0
3.375  0.408407  0  0
3.375  0.439823  0  0
3.375  0.471239  0  0
3.375  0.502655  0  0
3.375  0.534071  0  0
3.375  0.565487  0  0
3.375  0.596903  0  0
3.375  0.628319  0  0
3.375  0.659734  0  0
3.375  0.69115  0  0
3.375  0.722566  0  0
3.375  0.753982  0  0
3.375  0.785398  0  0
3.375  0.816814  0  0
3.375  0.84823  0  0
3.375  0.879646  0  0
3.375  0.911062  0  0
3.375  0.942478  0  0
3.375  0.973894  0  0
3.375  1.00531  0  0
3.375  1.03673  0  0
3.375  1.06814  0  0
3.375  1.09956  0  0
3.375  1.13097  0  0
3.375  1.16239  0  0
3.375  1.19381  0  0
3.375  1.22522  0  0
3.375  1.25664  0  0
3.375  1.28805  0  0
3.375  1.31947  0  0
3.375  1.35088  0  0
3.375  1.3823  0  0
3.375  1.41372  0  0
3.375  1.44513  0  0
3.375  1.47655  0  0
3.375  1.50796  0  0
3.375  1.53938  0  0
3.375  1.5708  0  0
3.375  1.60221  0  0
3.375  1.63363  0  0
3.375  1.66504  0  0
3.375  1.69646  0  0
3.375  1.72788  0  0
3.375  1.75929  0  0
3.375  1.79071  0  0
3.375  1.82212  0  0
3.375  1.85354  0  0
3.375  1.88496  0  0
3.375  1.91637  0  0
3.375  1.94779  0  0
3.375  1.9792  0  0
3.375  2.01062  0  0
3.375  2.04204  0  0
3.375  2.07345  0  0
3.375  2.10487  0  0
3.375  2.13628  0  0
3.375  2.1677  0  0
3.375  2.19911  0  0
3.375  2.23053  0  0
3.375  2.26195  0  0
3.375  2.29336  0  0
3.375  2.32478  0  0
3.375  2.35619  0  0
3.375  2.38761  0  0
3.375  2.41903  0  0
3.375  2.45044  0  0
3.375  2.48186  0  0
3.375  2.51327  0  0
3.375  2.54469  0  0
3.375  2.57611  0  0
3.375  2.60752  0  0
3.375  2.63894  0  0
3.375  2.67035  0  0
3.375  2.70177  0  0
3.375  2.73319  0  0
3.375  2.7646  0  0
3.375  2.79602  0  0
3.375  2.82743  0  0
3.375  2.85885  0  0
3.375  2.89027  0  0
3.375  2.92168  0  0
3.375  2.9531  0  0
3.375  2.98451  0  0
3.375  3.01593  0  0
3.375  3.04734  0  0
3.375  3.07876  0  0
3.375  3.11018  0  0
3.5  0  0  0
3.5  0.0314159  0  0
3.5  0.0628319  0  0
3.5  0.0942478  0  0
3.5  0.125664  0  0
3.5  0.15708  0  0
3.5  0.188496  0  0
3.5  0.219911  0  0
3.5  0.251327  0  0
3.5  0.282743  0  0
3.5  0.314159  0  0
3.5  0.345575  0  0
3.5  0.376991  0  0
3.5  0.408407  0  0
3.5  0.439823  0  0
3.5  0.471239  0  0
3.5  0.502655  0  0
3.5  0.534071  0  0
3.5  0.565487  0  0
3.5  0.596903  0  0
3.5  0.628319  0  0
3.5  0.659734  0  0
3.5  0.69115  0  0
3.5  0.722566  0  0
3.5  0.753982  0  0
3.5  0.785398  0  0
3.5  0.816814  0  0
3.5  0.84823  0  0
3.5  0.879646  0  0
3.5  0.911062  0  0
3.5  0.942478  0  0
3.5  0.973894  0  0
3.5  1.00531  0  0
3.5  1.03673  0  0
3.5  1.06814  0  0
3.5  1.09956  0  0
3.5  1.13097  0  0
3.5  1.16239  0  0
3.5  1.19381  0  0
3.5  1.22522  0  0
3.5  1.25664  0  0
3.5  1.28805  0  0
3.5  1.31947  0  0
3.5  1.35088  0  0
3.5  1.3823  0  0
3.5  1.41372  0  0
3.5  1.44513  0  0
3.5  1.47655  0  0
3.5  1.50796  0  0
3.5  1.53938  0  0
3.5  1.5708  0  0
3.5  1.60221  0  0
3.5  1.63363  0  0
3.5  1.66504  0  0
3.5  1.69646  0  0
3.5  1.72788  0  0
3.5  1.75929  0  0
3.5  1.79071  0  0
3.5  1.82212  0  0
3.5  1.85354  0  0
3.5  1.88496  0  0
3.5  1.91637  0  0
3.5  1.94779  0  0
3.5  1.9792  0  0
3.5  2.01062  0  0
3.5  2.04204  0  0
3.5  2.07345  0  0
3.5  2.10487  0  0
3.5  2.13628  0  0
3.5  2.1677  0  0
3.5  2.19911  0  0
3.5  2.23053  0  0
3.5  2.26195  0  0
3.5  2.29336  0  0
3.5  2.32478  0  0
3.5  2.35619  0  0
3.5  2.38761  0  0
3.5  2.41903  0  0
3.5  2.45044  0  0
3.5  2.48186  0  0
3.5  2.51327  0  0
3.5  2.54469  0  0
3.5  2.57611  0  0
3.5  2.60752  0  0
3.5  2.63894  0  0
3.5  2.67035  0  0
3.5  2.70177  0  0
3.5  2.73319  0  0
3.5  2.7646  0  0
3.5  2.79602  0  0
3.5  2.82743  0  0
3.5  2.85885  0  0
3.5  2.89027  0  0
3.5  2.92168  0  0
3.5  2.9531  0  0
3.5  2.98451  0  0
3.5  3.01593  0  0
3.5  3.04734  0  0
3.5  3.07876  0  0
3.5  3.11018  0  0
3.625  0  0  0
3.625  0.0314159  0  0
3.625  0.0628319  0  0
3.625  0.0942478  0  0
3.625  0.125664  0  0
3.625  0.15708  0  0
3.625  0.188496  0  0
3.625  0.219911  0  0
3.625  0.251327  0  0
3.625  0.282743  0  0
3.625  0.314159  0  0
3.625  0.345575  0  0
3.625  0.376991  0  0
3.625  0.408407  0  0
3.625  0.439823  0  0
3.625  0.471239  0  0
3.625  0.502655  0  0
3.625  0.534071  0  0
3.625  0.565487  0  0
3.625  0.596903  0  0
3.625  0.628319  0  0
3.625  0.659734  0  0
3.625  0.69115  0  0
3.625  0.722566  0  0
3.625  0.753982  0  0
3.625  0.785398  0  0
3.625  0.816814  0  0
3.625  0.84823  0  0
3.625  0.879646  0  0
3.625  0.911062  0  0
3.625  0.942478  0  0
3.625  0.973894  0  0
3.625  1.00531  0  0
3.625  1.03673  0  0
3.625  1.06814  0  0
3.625  1.09956  0  0
3.625  1.13097  0  0
3.625  1.16239  0  0
3.625  1.19381  0  0
3.625  1.22522  0  0
3.625  1.25664  0  0
3.625  1.28805  0  0
3.625  1.31947  0  0
3.625  1.35088  0  0
3.625  1.3823  0  0
3.625  1.41372  0  0
3.625  1.44513  0  0
3.625  1.47655  0  0
3.625  1.50796  0  0
3.625  1.53938  0  0
3.625  1.5708  0  0
3.625  1.60221  0  0
3.625  1.63363  0  0
3.625  1.66504  0  0
3.625  1.69646  0  0
3.625  1.72788  0  0
3.625  1.75929  0  0
3.625  1.79071  0  0
3.625  1.82212  0  0
3.625  1.85354  0  0
3.625  1.88496  0  0
3.625  1.91637  0  0
3.625  1.94779  0  0
3.625  1.9792  0  0
3.625  2.01062  0  0
3.625  2.04204  0  0
3.625  2.07345  0  0
3.625  2.10487  0  0
3.625  2.13628  0  0
3.625  2.1677  0  0
3.625  2.19911  0  0
3.625  2.23053  0  0
3.625  2.26195  0  0
3.625  2.29336  0  0
3.625  2.32478  0  0
3.625  2.35619  0  0
3.625  2.38761  0  0
3.625  2.41903  0  0
3.625  2.45044  0  0
3.625  2.48186  0  0
3.625  2.51327  0  0
3.625  2.54469  0  0
3.625  2.57611  0  0
3.625  2.60752  0  0
3.625  2.63894  0  0
3.625  2.67035  0  0
3.625  2.70177  0  0
3.625  2.73319  0  0
3.625  2.7646  0  0
3.625  2.79602  0  0
3.625  2.82743  0  0
3.625  2.85885  0  0
3.625  2.89027  0  0
3.625  2.92168  0  0
3.625  2.9531  0  0
3.625  2.98451  0  0
3.625  3.01593  0  0
3.625  3.04734  0  0
3.625  3.07876  0  0
3.625  3.11018  0  0
3.75  0  0  0
3.75  0.0314159  0  0
3.75  0.0628319  0  0
3.75  0.0942478  0  0
3.75  0.125664  0  0
3.75  0.15708  0  0
3.75  0.188496  0  0
3.75  0.219911  0  0
3.75  0.251327  0  0
3.75  0.282743  0  0
3.75  0.314159  0  0
3.75  0.345575  0  0
3.75  0.376991  0  0
3.75  0.408407  0  0
3.75  0.439823  0  0
3.75  0.471239  0  0
3.75  0.502655  0  0
3.75  0.534071  0  0
3.75  0.565487  0  0
3.75  0.596903  0  0
3.75  0.628319  0  0
3.75  0.659734  0  0
3.75  0.69115  0  0
3.75  0.722566  0  0
3.75  0.753982  0  0
3.75  0.785398  0  0
3.75  0.816814  0  0
3.75  0.84823  0  0
3.75  0.879646  0  0
3.75  0.911062  0  0
3.75  0.942478  0  0
3.75  0.973894  0  0
3.75  1.00531  0  0
3.75  1.03673  0  0
3.75  1.06814  0  0
3.75  1.09956  0  0
3.75  1.13097  0  0
3.75  1.16239  0  0
3.75  1.19381  0  0
3.75  1.22522  0  0
3.75  1.25664  0  0
3.75  1.28805  0  0
3.75  1.31947  0  0
3.75  1.35088  0  0
3.75  1.3823  0  0
3.75  1.41372  0  0
3.75  1.44513  0  0
3.75  1.47655  0  0
3.75  1.50796  0  0
3.75  1.53938  0  0
3.75  1.5708  0  0
3.75  1.60221  0  0
3.75  1.63363  0  0
3.75  1.66504  0  0
3.75  1.69646  0  0
3.75  1.72788  0  0
3.75  1.75929  0  0
3.75  1.79071  0  0
3.75  1.82212  0  0
3.75  1.85354  0  0
3.75  1.88496  0  0
3.75  1.91637  0  0
3.75  1.94779  0  0
3.75  1.9792  0  0
3.75  2.01062  0  0
3.75  2.04204  0  0
3.75  2.07345  0  0
3.75  2.10487  0  0
3.75  2.13628  0  0
3.75  2.1677  0  0
3.75  2.19911  0  0
3.75  2.23053  0  0
3.75  2.26195  0  0
3.75  2.29336  0  0
3.75  2.32478  0  0
3.75  2.35619  0  0
3.75  2.38761  0  0
3.75  2.41903  0  0
3.75  2.45044  0  0
3.75  2.48186  0  0
3.75  2.51327  0  0
3.75  2.54469  0  0
3.75  2.57611  0  0
3.75  2.60752  0  0
3.75  2.63894  0  0
3.75  2.67035  0  0
3.75  2.70177  0  0
3.75  2.73319  0  0
3.75  2.7646  0  0
3.75  2.79602  0  0
3.75  2.82743  0  0
3.75  2.85885  0  0
3.75  2.89027  0  0
3.75  2.92168  0  0
3.75  2.9531  0  0
3.75  2.98451  0  0
3.75  3.01593  0  0
3.75  3.04734  0  0
3.75  3.07876  0  0
3.75  3.11018  0  0
3.875  0  0  0
3.875  0.0314159  0  0
3.875  0.0628319  0  0
3.875  0.0942478  0  0
3.875  0.125664  0  0
3.875  0.15708  0  0
3.875  0.188496  0  0
3.875  0.219911  0  0
3.875  0.251327  0  0
3.875  0.282743  0  0
3.875  0.314159  0  0
3.875  0.345575  0  0
3.875  0.376991  0  0
3.875  0.408407  0  0
3.875  0.439823  0  0
3.875  0.471239  0  0
3.875  0.502655  0  0
3.875  0.534071  0  0
3.875  0.565487  0  0
3.875  0.596903  0  0
3.875  0.628319  0  0
3.875  0.659734  0  0
3.875  0.69115  0  0
3.875  0.722566  0  0
3.875  0.753982  0  0
3.875  0.785398  0  0
3.875  0.816814  0  0
3.875  0.84823  0  0
3.875  0.879646  0  0
3.875  0.911062  0  0
3.875  0.942478  0  0
3.875  0.973894  0  0
3.875  1.00531  0  0
3.875  1.03673  0  0
3.875  1.06814  0  0
3.875  1.09956  0  0
3.875  1.13097  0  0
3.875  1.16239  0  0
3.875  1.19381  0  0
3.875  1.22522  0  0
3.875  1.25664  0  0
3.875  1.28805  0  0
3.875  1.31947  0  0
3.875  1.35088  0  0
3.875  1.3823  0  0
3.875  1.41372  0  0
3.875  1.44513  0  0
3.875  1.47655  0  0
3.875  1.50796  0  0
3.875  1.53938  0  0
3.875  1.5708  0  0
3.875  1.60221  0  0
3.875  1.63363  0  0
3.875  1.66504  0  0
3.875  1.69646  0  0
3.875  1.72788  0  0
3.875  1.75929  0  0
3.875  1.79071  0  0
3.875  1.82212  0  0
3.875  1.85354  0  0
3.875  1.88496  0  0
3.875  1.91637  0  0
3.875  1.94779  0  0
3.875  1.9792  0  0
3.875  2.01062  0  0
3.875  2.04204  0  0
3.875  2.07345  0  0
3.875  2.10487  0  0
3.875  2.13628  0  0
3.875  2.1677  0  0
3.875  2.19911  0  0
3.875  2.23053  0  0
3.875  2.26195  0  0
3.875  2.29336  0  0
3.875  2.32478  0  0
3.875  2.35619  0  0
3.875  2.38761  0  0
3.875  2.41903  0  0
3.875  2.45044  0  0
3.875  2.48186  0  0
3.875  2.51327  0  0
3.875  2.54469  0  0
3.875  2.57611  0  0
3.875  2.60752  0  0
3.875  2.63894  0  0
3.875  2.67035  0  0
3.875  2.70177  0  0
3.875  2.73319  0  0
3.875  2.7646  0  0
3.875  2.79602  0  0
3.875  2.82743  0  0
3.875  2.85885  0  0
3.875  2.89027  0  0
3.875  2.92168  0  0
3.875  2.9531  0  0
3.875  2.98451  0  0
3.875  3.01593  0  0
3.875  3.04734  0  0
3.875  3.07876  0  0
3.875  3.11018  0  0
4  0  0  0
4  0.0314159  0  0
4  0.0628319  0  0
4  0.0942478  0  0
4  0.125664  0  0
4  0.15708  0  0
4  0.188496  0  0
4  0.219911  0  0
4  0.251327  0  0
4  0.282743  0  0
4  0.314159  0  0
4  0.345575  0  0
4  0.376991  0  0
4  0.408407  0  0
4  0.439823  0  0
4  0.471239  0  0
4  0.502655  0  0
4  0.534071  0  0
4  0.565487  0  0
4  0.596903  0  0
4  0.628319  0  0
4  0.659734  0  0
4  0.69115  0  0
4  0.722566  0  0
4  0.753982  0  0
4  0.785398  0  0
4  0.816814  0  0
4  0.84823  0  0
4  0.879646  0  0
4  0.911062  0  0
4  0.942478  0  0
4  0.973894  0  0
4  1.00531  0  0
4  1.03673  0  0
4  1.06814  0  0
4  1.09956  0  0
4  1.13097  0  0
4  1.16239  0  0
4  1.19381  0  0
4  1.22522  0  0
4  1.25664  0  0
4  1.28805  0  0
4  1.31947  0  0
4  1.35088  0  0
4  1.3823  0  0
4  1.41372  0  0
4  1.44513  0  0
4  1.47655  0  0
4  1.50796  0  0
4  1.53938  0  0
4  1.5708  0  0
4  1.60221  0  0
4  1.63363  0  0
4  1.66504  0  0
4  1.69646  0  0
4  1.72788  0  0
4  1.75929  0  0
4  1.79071  0  0
4  1.82212  0  0
4  1.85354  0  0
4  1.88496  0  0
4  1.91637  0  0
4  1.94779  0  0
4  1.9792  0  0
4  2.01062  0  0
4  2.04204  0  0
4  2.07345  0  0
4  2.10487  0  0
4  2.13628  0  0
4  2.1677  0  0
4  2.19911  0  0
4  2.23053  0  0
4  2.26195  0  0
4  2.29336  0  0
4  2.32478  0  0
4  2.35619  0  0
4  2.38761  0  0
4  2.41903  0  0
4  2.45044  0  0
4  2.48186  0  0
4  2.51327  0  0
4  2.54469  0  0
4  2.57611  0  0
4  2.60752  0  0
4  2.63894  0  0
4  2.67035  0  0
4  2.70177  0  0
4  2.73319  0  0
4  2.7646  0  0
4  2.79602  0  0
4  2.82743  0  0
4  2.85885  0  0
4  2.89027  0  0
4  2.92168  0  0
4  2.9531  0  0
4  2.98451  0  0
4  3.01593  0  0
4  3.04734  0  0
4  3.07876  0  0
4  3.11018  0  0
4.125  0  0  0
4.125  0.0314159  0  0
4.125  0.0628319  0  0
4.125  0.0942478  0  0
4.125  0.125664  0  0
4.125  0.15708  0  0
4.125  0.188496  0  0
4.125  0.219911  0  0
4.125  0.251327  0  0
4.125  0.282743  0  0
4.125  0.314159  0  0
4.125  0.345575  0  0
4.125  0.376991  0  0
4.125  0.408407  0  0
4.125  0.439823  0  0
4.125  0.471239  0  0
4.125  0.502655  0  0
4.125  0.534071  0  0
4.125  0.565487  0  0
4.125  0.596903  0  0
4.125  0.628319  0  0
4.125  0.659734  0  0
4.125  0.69115  0  0
4.125  0.722566  0  0
4.125  0.753982  0  0
4.125  0.785398  0  0
4.125  0.816814  0  0
4.125  0.84823  0  0
4.125  0.879646  0  0
4.125  0.911062  0  0
4.125  0.942478  0  0
4.125  0.973894  0  0
4.125  1.00531  0  0
4.125  1.03673  0  0
4.125  1.06814  0  0
4.125  1.09956  0  0
4.125  1.13097  0  0
4.125  1.16239  0  0
4.125  1.19381  0  0
4.125  1.22522  0  0
4.125  1.25664  0  0
4.125  1.28805  0  0
4.125  1.31947  0  0
4.125  1.35088  0  0
4.125  1.3823  0  0
4.125  1.41372  0  0
4.125  1.44513  0  0
4.125  1.47655  0  0
4.125  1.50796  0  0
4.125  1.53938  0  0
4.125  1.5708  0  0
4.125  1.60221  0  0
4.125  1.63363  0  0
4.125  1.66504  0  0
4.125  1.69646  0  0
4.125  1.72788  0  0
4.125  1.75929  0  0
4.125  1.79071  0  0
4.125  1.82212  0  0
4.125  1.85354  0  0
4.125  1.88496  0  0
4.125  1.91637  0  0
4.125  1.94779  0  0
4.125  1.9792  0  0
4.125  2.01062  0  0
4.125  2.04204  0  0
4.125  2.07345  0  0
4.125  2.10487  0  0
4.125  2.13628  0  0
4.125  2.1677  0  0
4.125  2.19911  0  0
4.125  2.23053  0  0
4.125  2.26195  0  0
4.125  2.29336  0  0
4.125  2.32478  0  0
4.125  2.35619  0  0
4.125  2.38761  0  0
4.125  2.41903  0  0
4.125  2.45044  0  0
4.125  2.48186  0  0
4.125  2.51327  0  0
4.125  2.54469  0  0
4.125  2.57611  0  0
4.125  2.60752  0  0
4.125  2.63894  0  0
4.125  2.67035  0  0
4.125  2.70177  0  0
4.125  2.73319  0  0
4.125  2.7646  0  0
4.125  2.79602  0  0
4.125  2.82743  0  0
4.125  2.85885  0  0
4.125  2.89027  0  0
4.125  2.92168  0  0
4.125  2.9531  0  0
4.125  2.98451  0  0
4.125  3.01593  0  0
4.125  3.04734  0  0
4.125  3.07876  0  0
4.125  3.11018  0  0
4.25  0  0  0
4.25  0.0314159  0  0
4.25  0.0628319  0  0
4.25  0.0942478  0  0
4.25  0.125664  0  0
4.25  0.15708  0  0
4.25  0.188496  0  0
4.25  0.219911  0  0
4.25  0.251327  0  0
4.25  0.282743  0  0
4.25  0.314159  0  0
4.25  0.345575  0  0
4.25  0.376991  0  0
4.25  0.408407  0  0
4.25  0.439823  0  0
4.25  0.471239  0  0
4.25  0.502655  0  0
4.25  0.534071  0  0
4.25  0.565487  0  0
4.25  0.596903  0  0
4.25  0.628319  0  0
4.25  0.659734  0  0
4.25  0.69115  0  0
4.25  0.722566  0  0
4.25  0.753982  0  0
4.25  0.785398  0  0
4.25  0.816814  0  0
4.25  0.84823  0  0
4.25  0.879646  0  0
4.25  0.911062  0  0
4.25  0.942478  0  0
4.25  0.973894  0  0
4.25  1.00531  0  0
4.25  1.03673  0  0
4.25  1.06814  0  0
4.25  1.09956  0  0
4.25  1.13097  0  0
4.25  1.16239  0  0
4.25  1.19381  0  0
4.25  1.22522  0  0
4.25  1.25664  0  0
4.25  1.28805  0  0
4.25  1.31947  0  0
4.25  1.35088  0  0
4.25  1.3823  0  0
4.25  1.41372  0  0
4.25  1.44513  0  0
4.25  1.47655  0  0
4.25  1.50796  0  0
4.25  1.53938  0  0
4.25  1.5708  0  0
4.25  1.60221  0  0
4.25  1.63363  0  0
4.25  1.66504  0  0
4.25  1.69646  0  0
4.25  1.72788  0  0
4.25  1.75929  0  0
4.25  1.79071  0  0
4.25  1.82212  0  0
4.25  1.85354  0  0
4.25  1.88496  0  0
4.25  1.91637  0  0
4.25  1.94779  0  0
4.25  1.9792  0  0
4.25  2.01062  0  0
4.25  2.04204  0  0
4.25  2.07345  0  0
4.25  2.10487  0  0
4.25  2.13628  0  0
4.25  2.1677  0  0
4.25  2.19911  0  0
4.25  2.23053  0  0
4.25  2.26195  0  0
4.25  2.29336  0  0
4.25  2.32478  0  0
4.25  2.35619  0  0
4.25  2.38761  0  0
4.25  2.41903  0  0
4.25  2.45044  0  0
4.25  2.48186  0  0
4.25  2.51327  0  0
4.25  2.54469  0  0
4.25  2.57611  0  0
4.25  2.60752  0  0
4.25  2.63894  0  0
4.25  2.67035  0  0
4.25  2.70177  0  0
4.25  2.73319  0  0
4.25  2.7646  0  0
4.25  2.79602  0  0
4.25  2.82743  0  0
4.25  2.85885  0  0
4.25  2.89027  0  0
4.25  2.92168  0  0
4.25  2.9531  0  0
4.25  2.98451  0  0
4.25  3.01593  0  0
4.25  3.04734  0  0
4.25  3.07876  0  0
4.25  3.11018  0  0
4.375  0  0  0
4.375  0.0314159  0  0
4.375  0.0628319  0  0
4.375  0.0942478  0  0
4.375  0.125664  0  0
4.375  0.15708  0  0
4.375  0.188496  0  0
4.375  0.219911  0  0
4.375  0.251327  0  0
4.375  0.282743  0  0
4.375  0.314159  0  0
4.375  0.345575  0  0
4.375  0.376991  0  0
4.375  0.408407  0  0
4.375  0.439823  0  0
4.375  0.471239  0  0
4.375  0.502655  0  0
4.375  0.534071  0  0
4.375  0.565487  0  0
4.375  0.596903  0  0
4.375  0.628319  0  0
4.375  0.659734  0  0
4.375  0.69115  0  0
4.375  0.722566  0  0
4.375  0.753982  0  0
4.375  0.785398  0  0
4.375  0.816814  0  0
4.375  0.84823  0  0
4.375  0.879646  0  0
4.375  0.911062  0  0
4.375  0.942478  0  0
4.375  0.973894  0  0
4.375  1.00531  0  0
4.375  1.03673  0  0
4.375  1.06814  0  0
4.375  1.09956  0  0
4.375  1.13097  0  0
4.375  1.16239  0  0
4.375  1.19381  0  0
4.375  1.22522  0  0
4.375  1.25664  0  0
4.375  1.28805  0  0
4.375  1.31947  0  0
4.375  1.35088  0  0
4.375  1.3823  0  0
4.375  1.41372  0  0
4.375  1.44513  0  0
4.375  1.47655  0  0
4.375  1.50796  0  0
4.375  1.53938  0  0
4.375  1.5708  0  0
4.375  1.60221  0  0
4.375  1.63363  0  0
4.375  1.66504  0  0
4.375  1.69646  0  0
4.375  1.72788  0  0
4.375  1.75929  0  0
4.375  1.79071  0  0
4.375  1.82212  0  0
4.375  1.85354  0  0
4.375  1.88496  0  0
4.375  1.91637  0  0
4.375  1.94779  0  0
4.375  1.9792  0  0
4.375  2.01062  0  0
4.375  2.04204  0  0
4.375  2.07345  0  0
4.375  2.10487  0  0
4.375  2.13628  0  0
4.375  2.1677  0  0
4.375  2.19911  0  0
4.375  2.23053  0  0
4.375  2.26195  0  0
4.375  2.29336  0  0
4.375  2.32478  0  0
4.375  2.35619  0  0
4.375  2.38761  0  0
4.375  2.41903  0  0
4.375  2.45044  0  0
4.375  2.48186  0  0
4.375  2.51327  0  0
4.375  2.54469  0  0
4.375  2.57611  0  0
4.375  2.60752  0  0
4.375  2.63894  0  0
4.375  2.67035  0  0
4.375  2.70177  0  0
4.375  2.73319  0  0
4.375  2.7646  0  0
4.375  2.79602  0  0
4.375  2.82743  0  0
4.375  2.85885  0  0
4.375  2.89027  0  0
4.375  2.92168  0  0
4.375  2.9531  0  0
4.375  2.98451  0  0
4.375  3.01593  0  0
4.375  3.04734  0  0
4.375  3.07876  0  0
4.375  3.11018  0  0
4.5  0  0  0
4.5  0.0314159  0  0
4.5  0.0628319  0  0
4.5  0.0942478  0  0
4.5  0.125664  0  0
4.5  0.15708  0  0
4.5  0.188496  0  0
4.5  0.219911  0  0
4.5  0.251327  0  0
4.5  0.282743  0  0
4.5  0.314159  0  0
4.5  0.345575  0  0
4.5  0.376991  0  0
4.5  0.408407  0  0
4.5  0.439823  0  0
4.5  0.471239  0  0
4.5  0.502655  0  0
4.5  0.534071  0  0
4.5  0.565487  0  0
4.5  0.596903  0  0
4.5  0.628319  0  0
4.5  0.659734  0  0
4.5  0.69115  0  0
4.5  0.722566  0  0
4.5  0.753982  0  0
4.5  0.785398  0  0
4.5  0.816814  0  0
4.5  0.84823  0  0
4.5  0.879646  0  0
4.5  0.911062  0  0
4.5  0.942478  0  0
4.5  0.973894  0  0
4.5  1.00531  0  0
4.5  1.03673  0  0
4.5  1.06814  0  0
4.5  1.09956  0  0
4.5  1.13097  0  0
4.5  1.16239  0  0
4.5  1.19381  0  0
4.5  1.22522  0  0
4.5  1.25664  0  0
4.5  1.28805  0  0
4.5  1.31947  0  0
4.5  1.35088  0  0
4.5  1.3823  0  0
4.5  1.41372  0  0
4.5  1.44513  0  0
4.5  1.47655  0  0
4.5  1.50796  0  0
4.5  1.53938  0  0
4.5  1.5708  0  0
4.5  1.60221  0  0
4.5  1.63363  0  0
4.5  1.66504  0  0
4.5  1.69646  0  0
4.5  1.72788  0  0
4.5  1.75929  0  0
4.5  1.79071  0  0
4.5  1.82212  0  0
4.5  1.85354  0  0
4.5  1.88496  0  0
4.5  1.91637  0  0
4.5  1.94779  0  0
4.5  1.9792  0  0
4.5  2.01062  0  0
4.5  2.04204  0  0
4.5  2.07345  0  0
4.5  2.10487  0  0
4.5  2.13628  0  0
4.5  2.1677  0  0
4.5  2.19911  0  0
4.5  2.23053  0  0
4.5  2.26195  0  0
4.5  2.29336  0  0
4.5  2.32478  0  0
4.5  2.35619  0  0
4.5  2.38761  0  0
4.5  2.41903  0  0
4.5  2.45044  0  0
4.5  2.48186  0  0
4.5  2.51327  0  0
4.5  2.54469  0  0
4.5  2.57611  0  0
4.5  2.60752  0  0
4.5  2.63894  0  0
4.5  2.67035  0  0
4.5  2.70177  0  0
4.5  2.73319  0  0
4.5  2.7646  0  0
4.5  2.79602  0  0
4.5  2.82743  0  0
4.5  2.85885  0  0
4.5  2.89027  0  0
4.5  2.92168  0  0
4.5  2.9531  0  0
4.5  2.98451  0  0
4.5  3.01593  0  0
4.5  3.04734  0  0
4.5  3.07876  0  0
4.5  3.11018  0  0
4.625  0  0  0
4.625  0.0314159  0  0
4.625  0.0628319  0  0
4.625  0.0942478  0  0
4.625  0.125664  0  0
4.625  0.15708  0  0
4.625  0.188496  0  0
4.625  0.219911  0  0
4.625  0.251327  0  0
4.625  0.282743  0  0
4.625  0.314159  0  0
4.625  0.345575  0  0
4.625  0.376991  0  0
4.625  0.408407  0  0
4.625  0.439823  0  0
4.625  0.471239  0  0
4.625  0.502655  0  0
4.625  0.534071  0  0
4.625  0.565487  0  0
4.625  0.596903  0  0
4.625  0.628319  0  0
4.625  0.659734  0  0
4.625  0.69115  0  0
4.625  0.722566  0  0
4.625  0.753982  0  0
4.625  0.785398  0  0
4.625  0.816814  0  0
4.625  0.84823  0  0
4.625  0.879646  0  0
4.625  0.911062  0  0
4.625  0.942478  0  0
4.625  0.973894  0  0
4.625  1.00531  0  0
4.625  1.03673  0  0
4.625  1.06814  0  0
4.625  1.09956  0  0
4.625  1.13097  0  0
4.625  1.16239  0  0
4.625  1.19381  0  0
4.625  1.22522  0  0
4.625  1.25664  0  0
4.625  1.28805  0  0
4.625  1.31947  0  0
4.625  1.35088  0  0
4.625  1.3823  0  0
4.625  1.41372  0  0
4.625  1.44513  0  0
4.625  1.47655  0  0
4.625  1.50796  0  0
4.625  1.53938  0  0
4.625  1.5708  0  0
4.625  1.60221  0  0
4.625  1.63363  0  0
4.625  1.66504  0  0
4.625  1.69646  0  0
4.625  1.72788  0  0
4.625  1.75929  0  0
4.625  1.79071  0  0
4.625  1.82212  0  0
4.625  1.85354  0  0
4.625  1.88496  0  0
4.625  1.91637  0  0
4.625  1.94779  0  0
4.625  1.9792  0  0
4.625  2.01062  0  0
4.625  2.04204  0  0
4.625  2.07345  0  0
4.625  2.10487  0  0
4.625  2.13628  0  0
4.625  2.1677  0  0
4.625  2.19911  0  0
4.625  2.23053  0  0
4.625  2.26195  0  0
4.625  2.29336  0  0
4.625  2.32478  0  0
4.625  2.35619  0  0
4.625  2.38761  0  0
4.625  2.41903  0  0
4.625  2.45044  0  0
4.625  2.48186  0  0
4.625  2.51327  0  0
4.625  2.54469  0  0
4.625  2.57611  0  0
4.625  2.60752  0  0
4.625  2.63894  0  0
4.625  2.67035  0  0
4.625  2.70177  0  0
4.625  2.73319  0  0
4.625  2.7646  0  0
4.625  2.79602  0  0
4.625  2.82743  0  0
4.625  2.85885  0  0
4.625  2.89027  0  0
4.625  2.92168  0  0
4.625  2.9531  0  0
4.625  2.98451  0  0
4.625  3.01593  0  0
4.625  3.04734  0  0
4.625  3.07876  0  0
4.625  3.11018  0  0
4.75  0  0  0
4.75  0.0314159  0  0
4.75  0.0628319  0  0
4.75  0.0942478  0  0
4.75  0.125664  0  0
4.75  0.15708  0  0
4.75  0.188496  0  0
4.75  0.219911  0  0
4.75  0.251327  0  0
4.75  0.282743  0  0
4.75  0.314159  0  0
4.75  0.345575  0  0
4.75  0.376991  0  0
4.75  0.408407  0  0
4.75  0.439823  0  0
4.75  0.471239  0  0
4.75  0.502655  0  0
4.75  0.534071  0  0
4.75  0.565487  0  0
4.75  0.596903  0  0
4.75  0.628319  0  0
4.75  0.659734  0  0
4.75  0.69115  0  0
4.75  0.722566  0  0
4.75  0.753982  0  0
4.75  0.785398  0  0
4.75  0.816814  0  0
4.75  0.84823  0  0
4.75  0.879646  0  0
4.75  0.911062  0  0
4.75  0.942478  0  0
4.75  0.973894  0  0
4.75  1.00531  0  0
4.75  1.03673  0  0
4.75  1.06814  0  0
4.75  1.09956  0  0
4.75  1.13097  0  0
4.75  1.16239  0  0
4.75  1.19381  0  0
4.75  1.22522  0  0
4.75  1.25664  0  0
4.75  1.28805  0  0
4.75  1.31947  0  0
4.75  1.35088  0  0
4.75  1.3823  0  0
4.75  1.41372  0  0
4.75  1.44513  0  0
4.75  1.47655  0  0
4.75  1.50796  0  0
4.75  1.53938  0  0
4.75  1.5708  0  0
4.75  1.60221  0  0
4.75  1.63363  0  0
4.75  1.66504  0  0
4.75  1.69646  0  0
4.75  1.72788  0  0
4.75  1.75929  0  0
4.75  1.79071  0  0
4.75  1.82212  0  0
4.75  1.85354  0  0
4.75  1.88496  0  0
4.75  1.91637  0  0
4.75  1.94779  0  0
4.75  1.9792  0  0
4.75  2.01062  0  0
4.75  2.04204  0  0
4.75  2.07345  0  0
4.75  2.10487  0  0
4.75  2.13628  0  0
4.75  2.1677  0  0
4.75  2.19911  0  0
4.75  2.23053  0  0
4.75  2.26195  0  0
4.75  2.29336  0  0
4.75  2.32478  0  0
4.75  2.35619  0  0
4.75  2.38761  0  0
4.75  2.41903  0  0
4.75  2.45044  0  0
4.75  2.48186  0  0
4.75  2.51327  0  0
4.75  2.54469  0  0
4.75  2.57611  0  0
4.75  2.60752  0  0
4.75  2.63894  0  0
4.75  2.67035  0  0
4.75  2.70177  0  0
4.75  2.73319  0  0
4.75  2.7646  0  0
4.75  2.79602  0  0
4.75  2.82743  0  0
4.75  2.85885  0  0
4.75  2.89027  0  0
4.75  2.92168  0  0
4.75  2.9531  0  0
4.75  2.98451  0  0
4.75  3.01593  0  0
4.75  3.04734  0  0
4.75  3.07876  0  0
4.75  3.11018  0  0
4.875  0  0  0
4.875  0.0314159  0  0
4.875  0.0628319  0  0
4.875  0.0942478  0  0
4.875  0.125664  0  0
4.875  0.15708  0  0
4.875  0.188496  0  0
4.875  0.219911  0  0
4.875  0.251327  0  0
4.875  0.282743  0  0
4.875  0.314159  0  0
4.875  0.345575  0  0
4.875  0.376991  0  0
4.875  0.408407  0  0
4.875  0.439823  0  0
4.875  0.471239  0  0
4.875  0.502655  0  0
4.875  0.534071  0  0
4.875  0.565487  0  0
4.875  0.596903  0  0
4.875  0.628319  0  0
4.875  0.659734  0  0
4.875  0.69115  0  0
4.875  0.722566  0  0
4.875  0.753982  0  0
4.875  0.785398  0  0
4.875  0.816814  0  0
4.875  0.84823  0  0
4.875  0.879646  0  0
4.875  0.911062  0  0
4.875  0.942478  0  0
4.875  0.973894  0  0
4.875  1.00531  0  0
4.875  1.03673  0  0
4.875  1.06814  0  0
4.875  1.09956  0  0
4.875  1.13097  0  0
4.875  1.16239  0  0
4.875  1.19381  0  0
4.875  1.22522  0  0
4.875  1.25664  0  0
4.875  1.28805  0  0
4.875  1.31947  0  0
4.875  1.35088  0  0
4.875  1.3823  0  0
4.875  1.41372  0  0
4.875  1.44513  0  0
4.875  1.47655  0  0
4.875  1.50796  0  0
4.875  1.53938  0  0
4.875  1.5708  0  0
4.875  1.60221  0  0
4.875  1.63363  0  0
4.875  1.66504  0  0
4.875  1.69646  0  0
4.875  1.72788  0  0
4.875  1.75929  0  0
4.875  1.79071  0  0
4.875  1.82212  0  0
4.875  1.85354  0  0
4.875  1.88496  0  0
4.875  1.91637  0  0
4.875  1.94779  0  0
4.875  1.9792  0  0
4.875  2.01062  0  0
4.875  2.04204  0  0
4.875  2.07345  0  0
4.875  2.10487  0  0
4.875  2.13628  0  0
4.875  2.1677  0  0
4.875  2.19911  0  0
4.875  2.23053  0  0
4.875  2.26195  0  0
4.875  2.29336  0  0
4.875  2.32478  0  0
4.875  2.35619  0  0
4.875  2.38761  0  0
4.875  2.41903  0  0
4.875  2.45044  0  0
4.875  2.48186  0  0
4.875  2.51327  0  0
4.875  2.54469  0  0
4.875  2.57611  0  0
4.875  2.60752  0  0
4.875  2.63894  0  0
4.875  2.67035  0  0
4.875  2.70177  0  0
4.875  2.73319  0  0
4.875  2.7646  0  0
4.875  2.79602  0  0
4.875  2.82743  0  0
4.875  2.85885  0  0
4.875  2.89027  0  0
4.875  2.92168  0  0
4.875  2.9531  0  0
4.875  2.98451  0  0
4.875  3.01593  0  0
4.875  3.04734  0  0
4.875  3.07876  0  0
4.875  3.11018  0  0
5  0  0  0
5  0.0314159  0  0
5  0.0628319  0  0
5  0.0942478  0  0
5  0.125664  0  0
5  0.15708  0  0
5  0.188496  0  0
5  0.219911  0  0
5  0.251327  0  0
5  0.282743  0  0
5  0.314159  0  0
5  0.345575  0  0
5  0.376991  0  0
5  0.408407  0  0
5  0.439823  0  0
5  0.471239  0  0
5  0.502655  0  0
5  0.534071  0  0
5  0.565487  0  0
5  0.596903  0  0
5  0.628319  0  0
5  0.659734  0  0
5  0.69115  0  0
5  0.722566  0  0
5  0.753982  0  0
5  0.785398  0  0
5  0.816814  0  0
5  0.84823  0  0
5  0.879646  0  0
5  0.911062  0  0
5  0.942478  0  0
5  0.973894  0  0
5  1.00531  0  0
5  1.03673  0  0
5  1.06814  0  0
5  1.09956  0  0
5  1.13097  0  0
5  1.16239  0  0
5  1.19381  0  0
5  1.22522  0  0
5  1.25664  0  0
5  1.28805  0  0
5  1.31947  0  0
5  1.35088  0  0
5  1.3823  0  0
5  1.41372  0  0
5  1.44513  0  0
5  1.47655  0  0
5  1.50796  0  0
5  1.53938  0  0
5  1.5708  0  0
5  1.60221  0  0
5  1.63363  0  0
5  1.66504  0  0
5  1.69646  0  0
5  1.72788  0  0
5  1.75929  0  0
5  1.79071  0  0
5  1.82212  0  0
5  1.85354  0  0
5  1.88496  0  0
5  1.91637  0  0
5  1.94779  0  0
5  1.9792  0  0
5  2.01062  0  0
5  2.04204  0  0
5  2.07345  0  0
5  2.10487  0  0
5  2.13628  0  0
5  2.1677  0  0
5  2.19911  0  0
5  2.23053  0  0
5  2.26195  0  0
5  2.29336  0  0
5  2.32478  0  0
5  2.35619  0  0
5  2.38761  0  0
5  2.41903  0  0
5  2.45044  0  0
5  2.48186  0  0
5  2.51327  0  0
5  2.54469  0  0
5  2.57611  0  0
5  2.60752  0  0
5  2.63894  0  0
5  2.67035  0  0
5  2.70177  0  0
5  2.73319  0  0
5  2.7646  0  0
5  2.79602  0  0
5  2.82743  0  0
5  2.85885  0  0
5  2.89027  0  0
5  2.92168  0  0
5  2.9531  0  0
5  2.98451  0  0
5  3.01593  0  0
5  3.04734  0  0
5  3.07876  0  0
5  3.11018  0  0
5.125  0  0  0
5.125  0.0314159  0  0
5.125  0.0628319  0  0
5.125  0.0942478  0  0
5.125  0.125664  0  0
5.125  0.15708  0  0
5.125  0.188496  0  0
5.125  0.219911  0  0
5.125  0.251327  0  0
5.125  0.282743  0  0
5.125  0.314159  0  0
5.125  0.345575  0  0
5.125  0.376991  0  0
5.125  0.408407  0  0
5.125  0.439823  0  0
5.125  0.471239  0  0
5.125  0.502655  0  0
5.125  0.534071  0  0
5.125  0.565487  0  0
5.125  0.596903  0  0
5.125  0.628319  0  0
5.125  0.659734  0  0
5.125  0.69115  0  0
5.125  0.722566  0  0
5.125  0.753982  0  0
5.125  0.785398  0  0
5.125  0.816814  0  0
5.125  0.84823  0  0
5.125  0.879646  0  0
5.125  0.911062  0  0
5.125  0.942478  0  0
5.125  0.973894  0  0
5.125  1.00531  0  0
5.125  1.03673  0  0
5.125  1.06814  0  0
5.125  1.09956  0  0
5.125  1.13097  0  0
5.125  1.16239  0  0
5.125  1.19381  0  0
5.125  1.22522  0  0
5.125  1.25664  0  0
5.125  1.28805  0  0
5.125  1.31947  0  0
5.125  1.35088  0  0
5.125  1.3823  0  0
5.125  1.41372  0  0
5.125  1.44513  0  0
5.125  1.47655  0  0
5.125  1.50796  0  0
5.125  1.53938  0  0
5.125  1.5708  0  0
5.125  1.60221  0  0
5.125  1.63363  0  0
5.125  1.66504  0  0
5.125  1.69646  0  0
5.125  1.72788  0  0
5.125  1.75929  0  0
5.125  1.79071  0  0
5.125  1.82212  0  0
5.125  1.85354  0  0
5.125  1.88496  0  0
5.125  1.91637  0  0
5.125  1.94779  0  0
5.125  1.9792  0  0
5.125  2.01062  0  0
5.125  2.04204  0  0
5.125  2.07345  0  0
5.125  2.10487  0  0
5.125  2.13628  0  0
5.125  2.1677  0  0
5.125  2.19911  0  0
5.125  2.23053  0  0
5.125  2.26195  0  0
5.125  2.29336  0  0
5.125  2.32478  0  0
5.125  2.35619  0  0
5.125  2.38761  0  0
5.125  2.41903  0  0
5.125  2.45044  0  0
5.125  2.48186  0  0
5.125  2.51327  0  0
5.125  2.54469  0  0
5.125  2.57611  0  0
5.125  2.60752  0  0
5.125  2.63894  0  0
5.125  2.67035  0  0
5.125  2.70177  0  0
5.125  2.73319  0  0
5.125  2.7646  0  0
5.125  2.79602  0  0
5.125  2.82743  0  0
5.125  2.85885  0  0
5.125  2.89027  0  0
5.125  2.92168  0  0
5.125  2.9531  0  0
5.125  2.98451  0  0
5.125  3.01593  0  0
5.125  3.04734  0  0
5.125  3.07876  0  0
5.125  3.11018  0  0
5.25  0  0  0
5.25  0.0314159  0  0
5.25  0.0628319  0  0
5.25  0.0942478  0  0
5.25  0.125664  0  0
5.25  0.15708  0  0
5.25  0.188496  0  0
5.25  0.219911  0  0
5.25  0.251327  0  0
5.25  0.282743  0  0
5.25  0.314159  0  0
5.25  0.345575  0  0
5.25  0.376991  0  0
5.25  0.408407  0  0
5.25  0.439823  0  0
5.25  0.471239  0  0
5.25  0.502655  0  0
5.25  0.534071  0  0
5.25  0.565487  0  0
5.25  0.596903  0  0
5.25  0.628319  0  0
5.25  0.659734  0  0
5.25  0.69115  0  0
5.25  0.722566  0  0
5.25  0.753982  0  0
5.25  0.785398  0  0
5.25  0.816814  0  0
5.25  0.84823  0  0
5.25  0.879646  0  0
5.25  0.911062  0  0
5.25  0.942478  0  0
5.25  0.973894  0  0
5.25  1.00531  0  0
5.25  1.03673  0  0
5.25  1.06814  0  0
5.25  1.09956  0  0
5.25  1.13097  0  0
5.25  1.16239  0  0
5.25  1.19381  0  0
5.25  1.22522  0  0
5.25  1.25664  0  0
5.25  1.28805  0  0
5.25  1.31947  0  0
5.25  1.35088  0  0
5.25  1.3823  0  0
5.25  1.41372  0  0
5.25  1.44513  0  0
5.25  1.47655  0  0
5.25  1.50796  0  0
5.25  1.53938  0  0
5.25  1.5708  0  0
5.25  1.60221  0  0
5.25  1.63363  0  0
5.25  1.66504  0  0
5.25  1.69646  0  0
5.25  1.72788  0  0
5.25  1.75929  0  0
5.25  1.79071  0  0
5.25  1.82212  0  0
5.25  1.85354  0  0
5.25  1.88496  0  0
5.25  1.91637  0  0
5.25  1.94779  0  0
5.25  1.9792  0  0
5.25  2.01062  0  0
5.25  2.04204  0  0
5.25  2.07345  0  0
5.25  2.10487  0  0
5.25  2.13628  0  0
5.25  2.1677  0  0
5.25  2.19911  0  0
5.25  2.23053  0  0
5.25  2.26195  0  0
5.25  2.29336  0  0
5.25  2.32478  0  0
5.25  2.35619  0  0
5.25  2.38761  0  0
5.25  2.41903  0  0
5.25  2.45044  0  0
5.25  2.48186  0  0
5.25  2.51327  0  0
5.25  2.54469  0  0
5.25  2.57611  0  0
5.25  2.60752  0  0
5.25  2.63894  0  0
5.25  2.67035  0  0
5.25  2.70177  0  0
5.25  2.73319  0  0
5.25  2.7646  0  0
5.25  2.79602  0  0
5.25  2.82743  0  0
5.25  2.85885  0  0
5.25  2.89027  0  0
5.25  2.92168  0  0
5.25  2.9531  0  0
5.25  2.98451  0  0
5.25  3.01593  0  0
5.25  3.04734  0  0
5.25  3.07876  0  0
5.25  3.11018  0  0
5.375  0  0  0
5.375  0.0314159  0  0
5.375  0.0628319  0  0
5.375  0.0942478  0  0
5.375  0.125664  0  0
5.375  0.15708  0  0
5.375  0.188496  0  0
5.375  0.219911  0  0
5.375  0.251327  0  0
5.375  0.282743  0  0
5.375  0.314159  0  0
5.375  0.345575  0  0
5.375  0.376991  0  0
5.375  0.408407  0  0
5.375  0.439823  0  0
5.375  0.471239  0  0
5.375  0.502655  0  0
5.375  0.534071  0  0
5.375  0.565487  0  0
5.375  0.596903  0  0
5.375  0.628319  0  0
5.375  0.659734  0  0
5.375  0.69115  0  0
5.375  0.722566  0  0
5.375  0.753982  0  0
5.375  0.785398  0  0
5.375  0.816814  0  0
5.375  0.84823  0  0
5.375  0.879646  0  0
5.375  0.911062  0  0
5.375  0.942478  0  0
5.375  0.973894  0  0
5.375  1.00531  0  0
5.375  1.03673  0  0
5.375  1.06814  0  0
5.375  1.09956  0  0
5.375  1.13097  0  0
5.375  1.16239  0  0
5.375  1.19381  0  0
5.375  1.22522  0  0
5.375  1.25664  0  0
5.375  1.28805  0  0
5.375  1.31947  0  0
5.375  1.35088  0  0
5.375  1.3823  0  0
5.375  1.41372  0  0
5.375  1.44513  0  0
5.375  1.47655  0  0
5.375  1.50796  0  0
5.375  1.53938  0  0
5.375  1.5708  0  0
5.375  1.60221  0  0
5.375  1.63363  0  0
5.375  1.66504  0  0
5.375  1.69646  0  0
5.375  1.72788  0  0
5.375  1.75929  0  0
5.375  1.79071  0  0
5.375  1.82212  0  0
5.375  1.85354  0  0
5.375  1.88496  0  0
5.375  1.91637  0  0
5.375  1.94779  0  0
5.375  1.9792  0  0
5.375  2.01062  0  0
5.375  2.04204  0  0
5.375  2.07345  0  0
5.375  2.10487  0  0
5.375  2.13628  0  0
5.375  2.1677  0  0
5.375  2.19911  0  0
5.375  2.23053  0  0
5.375  2.26195  0  0
5.375  2.29336  0  0
5.375  2.32478  0  0
5.375  2.35619  0  0
5.375  2.38761  0  0
5.375  2.41903  0  0
5.375  2.45044  0  0
5.375  2.48186  0  0
5.375  2.51327  0  0
5.375  2.54469  0  0
5.375  2.57611  0  0
5.375  2.60752  0  0
5.375  2.63894  0  0
5.375  2.67035  0  0
5.375  2.70177  0  0
5.375  2.73319  0  0
5.375  2.7646  0  0
5.375  2.79602  0  0
5.375  2.82743  0  0
5.375  2.85885  0  0
5.375  2.89027  0  0
5.375  2.92168  0  0
5.375  2.9531  0  0
5.375  2.98451  0  0
5.375  3.01593  0  0
5.375  3.04734  0  0
5.375  3.07876  0  0
5.375  3.11018  0  0
5.5  0  0  0
5.5  0.0314159  0  0
5.5  0.0628319  0  0
5.5  0.0942478  0  0
5.5  0.125664  0  0
5.5  0.15708  0  0
5.5  0.188496  0  0
5.5  0.219911  0  0
5.5  0.251327  0  0
5.5  0.282743  0  0
5.5  0.314159  0  0
5.5  0.345575  0  0
5.5  0.376991  0  0
5.5  0.408407  0  0
5.5  0.439823  0  0
5.5  0.471239  0  0
5.5  0.502655  0  0
5.5  0.534071  0  0
5.5  0.565487  0  0
5.5  0.596903  0  0
5.5  0.628319  0  0
5.5  0.659734  0  0
5.5  0.69115  0  0
5.5  0.722566  0  0
5.5  0.753982  0  0
5.5  0.785398  0  0
5.5  0.816814  0  0
5.5  0.84823  0  0
5.5  0.879646  0  0
5.5  0.911062  0  0
5.5  0.942478  0  0
5.5  0.973894  0  0
5.5  1.00531  0  0
5.5  1.03673  0  0
5.5  1.06814  0  0
5.5  1.09956  0  0
5.5  1.13097  0  0
5.5  1.16239  0  0
5.5  1.19381  0  0
5.5  1.22522  0  0
5.5  1.25664  0  0
5.5  1.28805  0  0
5.5  1.31947  0  0
5.5  1.35088  0  0
5.5  1.3823  0  0
5.5  1.41372  0  0
5.5  1.44513  0  0
5.5  1.47655  0  0
5.5  1.50796  0  0
5.5  1.53938  0  0
5.5  1.5708  0  0
5.5  1.60221  0  0
5.5  1.63363  0  0
5.5  1.66504  0  0
5.5  1.69646  0  0
5.5  1.72788  0  0
5.5  1.75929  0  0
5.5  1.79071  0  0
5.5  1.82212  0  0
5.5  1.85354  0  0
5.5  1.88496  0  0
5.5  1.91637  0  0
5.5  1.94779  0  0
5.5  1.9792  0  0
5.5  2.01062  0  0
5.5  2.04204  0  0
5.5  2.07345  0  0
5.5  2.10487  0  0
5.5  2.13628  0  0
5.5  2.1677  0  0
5.5  2.19911  0  0
5.5  2.23053  0  0
5.5  2.26195  0  0
5.5  2.29336  0  0
5.5  2.32478  0  0
5.5  2.35619  0  0
5.5  2.38761  0  0
5.5  2.41903  0  0
5.5  2.45044  0  0
5.5  2.48186  0  0
5.5  2.51327  0  0
5.5  2.54469  0  0
5.5  2.57611  0  0
5.5  2.60752  0  0
5.5  2.63894  0  0
5.5  2.67035  0  0
5.5  2.70177  0  0
5.5  2.73319  0  0
5.5  2.7646  0  0
5.5  2.79602  0  0
5.5  2.82743  0  0
5.5  2.85885  0  0
5.5  2.89027  0  0
5.5  2.92168  0  0
5.5  2.9531  0  0
5.5  2.98451  0  0
5.5  3.01593  0  0
5.5  3.04734  0  0
5.5  3.07876  0  0
5.5  3.11018  0  0
5.625  0  0  0
5.625  0.0314159  0  0
5.625  0.0628319  0  0
5.625  0.0942478  0  0
5.625  0.125664  0  0
5.625  0.15708  0  0
5.625  0.188496  0  0
5.625  0.219911  0  0
5.625  0.251327  0  0
5.625  0.282743  0  0
5.625  0.314159  0  0
5.625  0.345575  0  0
5.625  0.376991  0  0
5.625  0.408407  0  0
5.625  0.439823  0  0
5.625  0.471239  0  0
5.625  0.502655  0  0
5.625  0.534071  0  0
5.625  0.565487  0  0
5.625  0.596903  0  0
5.625  0.628319  0  0
5.625  0.659734  0  0
5.625  0.69115  0  0
5.625  0.722566  0  0
5.625  0.753982  0  0
5.625  0.785398  0  0
5.625  0.816814  0  0
5.625  0.84823  0  0
5.625  0.879646  0  0
5.625  0.911062  0  0
5.625  0.942478  0  0
5.625  0.973894  0  0
5.625  1.00531  0  0
5.625  1.03673  0  0
5.625  1.06814  0  0
5.625  1.09956  0  0
5.625  1.13097  0  0
5.625  1.16239  0  0
5.625  1.19381  0  0
5.625  1.22522  0  0
5.625  1.25664  0  0
5.625  1.28805  0  0
5.625  1.31947  0  0
5.625  1.35088  0  0
5.625  1.3823  0  0
5.625  1.41372  0  0
5.625  1.44513  0  0
5.625  1.47655  0  0
5.625  1.50796  0  0
5.625  1.53938  0  0
5.625  1.5708  0  0
5.625  1.60221  0  0
5.625  1.63363  0  0
5.625  1.66504  0  0
5.625  1.69646  0  0
5.625  1.72788  0  0
5.625  1.75929  0  0
5.625  1.79071  0  0
5.625  1.82212  0  0
5.625  1.85354  0  0
5.625  1.88496  0  0
5.625  1.91637  0  0
5.625  1.94779  0  0
5.625  1.9792  0  0
5.625  2.01062  0  0
5.625  2.04204  0  0
5.625  2.07345  0  0
5.625  2.10487  0  0
5.625  2.13628  0  0
5.625  2.1677  0  0
5.625  2.19911  0  0
5.625  2.23053  0  0
5.625  2.26195  0  0
5.625  2.29336  0  0
5.625  2.32478  0  0
5.625  2.35619  0  0
5.625  2.38761  0  0
5.625  2.41903  0  0
5.625  2.45044  0  0
5.625  2.48186  0  0
5.625  2.51327  0  0
5.625  2.54469  0  0
5.625  2.57611  0  0
5.625  2.60752  0  0
5.625  2.63894  0  0
5.625  2.67035  0  0
5.625  2.70177  0  0
5.625  2.73319  0  0
5.625  2.7646  0  0
5.625  2.79602  0  0
5.625  2.82743  0  0
5.625  2.85885  0  0
5.625  2.89027  0  0
5.625  2.92168  0  0
5.625  2.9531  0  0
5.625  2.98451  0  0
5.625  3.01593  0  0
5.625  3.04734  0  0
5.625  3.07876  0  0
5.625  3.11018  0  0
5.75  0  0  0
5.75  0.0314159  0  0
5.75  0.0628319  0  0
5.75  0.0942478  0  0
5.75  0.125664  0  0
5.75  0.15708  0  0
5.75  0.188496  0  0
5.75  0.219911  0  0
5.75  0.251327  0  0
5.75  0.282743  0  0
5.75  0.314159  0  0
5.75  0.345575  0  0
5.75  0.376991  0  0
5.75  0.408407  0  0
5.75  0.439823  0  0
5.75  0.471239  0  0
5.75  0.502655  0  0
5.75  0.534071  0  0
5.75  0.565487  0  0
5.75  0.596903  0  0
5.75  0.628319  0  0
5.75  0.659734  0  0
5.75  0.69115  0  0
5.75  0.722566  0  0
5.75  0.753982  0  0
5.75  0.785398  0  0
5.75  0.816814  0  0
5.75  0.84823  0  0
5.75  0.879646  0  0
5.75  0.911062  0  0
5.75  0.942478  0  0
5.75  0.973894  0  0
5.75  1.00531  0  0
5.75  1.03673  0  0
5.75  1.06814  0  0
5.75  1.09956  0  0
5.75  1.13097  0  0
5.75  1.16239  0  0
5.75  1.19381  0  0
5.75  1.22522  0  0
5.75  1.25664  0  0
5.75  1.28805  0  0
5.75  1.31947  0  0
5.75  1.35088  0  0
5.75  1.3823  0  0
5.75  1.41372  0  0
5.75  1.44513  0  0
5.75  1.47655  0  0
5.75  1.50796  0  0
5.75  1.53938  0  0
5.75  1.5708  0  0
5.75  1.60221  0  0
5.75  1.63363  0  0
5.75  1.66504  0  0
5.75  1.69646  0  0
5.75  1.72788  0  0
5.75  1.75929  0  0
5.75  1.79071  0  0
5.75  1.82212  0  0
5.75  1.85354  0  0
5.75  1.88496  0  0
5.75  1.91637  0  0
5.75  1.94779  0  0
5.75  1.9792  0  0
5.75  2.01062  0  0
5.75  2.04204  0  0
5.75  2.07345  0  0
5.75  2.10487  0  0
5.75  2.13628  0  0
5.75  2.1677  0  0
5.75  2.19911  0  0
5.75  2.23053  0  0
5.75  2.26195  0  0
5.75  2.29336  0  0
5.75  2.32478  0  0
5.75  2.35619  0  0
5.75  2.38761  0  0
5.75  2.41903  0  0
5.75  2.45044  0  0
5.75  2.48186  0  0
5.75  2.51327  0  0
5.75  2.54469  0  0
5.75  2.57611  0  0
5.75  2.60752  0  0
5.75  2.63894  0  0
5.75  2.67035  0  0
5.75  2.70177  0  0
5.75  2.73319  0  0
5.75  2.7646  0  0
5.75  2.79602  0  0
5.75  2.82743  0  0
5.75  2.85885  0  0
5.75  2.89027  0  0
5.75  2.92168  0  0
5.75  2.9531  0  0
5.75  2.98451  0  0
5.75  3.01593  0  0
5.75  3.04734  0  0
5.75  3.07876  0  0
5.75  3.11018  0  0
5.875  0  0  0
5.875  0.0314159  0  0
5.875  0.0628319  0  0
5.875  0.0942478  0  0
5.875  0.125664  0  0
5.875  0.15708  0  0
5.875  0.188496  0  0
5.875  0.219911  0  0
5.875  0.251327  0  0
5.875  0.282743  0  0
5.875  0.314159  0  0
5.875  0.345575  0  0
5.875  0.376991  0  0
5.875  0.408407  0  0
5.875  0.439823  0  0
5.875  0.471239  0  0
5.875  0.502655  0  0
5.875  0.534071  0  0
5.875  0.565487  0  0
5.875  0.596903  0  0
5.875  0.628319  0  0
5.875  0.659734  0  0
5.875  0.69115  0  0
5.875  0.722566  0  0
5.875  0.753982  0  0
5.875  0.785398  0  0
5.875  0.816814  0  0
5.875  0.84823  0  0
5.875  0.879646  0  0
5.875  0.911062  0  0
5.875  0.942478  0  0
5.875  0.973894  0  0
5.875  1.00531  0  0
5.875  1.03673  0  0
5.875  1.06814  0  0
5.875  1.09956  0  0
5.875  1.13097  0  0
5.875  1.16239  0  0
5.875  1.19381  0  0
5.875  1.22522  0  0
5.875  1.25664  0  0
5.875  1.28805  0  0
5.875  1.31947  0  0
5.875  1.35088  0  0
5.875  1.3823  0  0
5.875  1.41372  0  0
5.875  1.44513  0  0
5.875  1.47655  0  0
5.875  1.50796  0  0
5.875  1.53938  0  0
5.875  1.5708  0  0
5.875  1.60221  0  0
5.875  1.63363  0  0
5.875  1.66504  0  0
5.875  1.69646  0  0
5.875  1.72788  0  0
5.875  1.75929  0  0
5.875  1.79071  0  0
5.875  1.82212  0  0
5.875  1.85354  0  0
5.875  1.88496  0  0
5.875  1.91637  0  0
5.875  1.94779  0  0
5.875  1.9792  0  0
5.875  2.01062  0  0
5.875  2.04204  0  0
5.875  2.07345  0  0
5.875  2.10487  0  0
5.875  2.13628  0  0
5.875  2.1677  0  0
5.875  2.19911  0  0
5.875  2.23053  0  0
5.875  2.26195  0  0
5.875  2.29336  0  0
5.875  2.32478  0  0
5.875  2.35619  0  0
5.875  2.38761  0  0
5.875  2.41903  0  0
5.875  2.45044  0  0
5.875  2.48186  0  0
5.875  2.51327  0  0
5.875  2.54469  0  0
5.875  2.57611  0  0
5.875  2.60752  0  0
5.875  2.63894  0  0
5.875  2.67035  0  0
5.875  2.70177  0  0
5.875  2.73319  0  0
5.875  2.7646  0  0
5.875  2.79602  0  0
5.875  2.82743  0  0
5.875  2.85885  0  0
5.875  2.89027  0  0
5.875  2.92168  0  0
5.875  2.9531  0  0
5.875  2.98451  0  0
5.875  3.01593  0  0
5.875  3.04734  0  0
5.875  3.07876  0  0
5.875  3.11018  0  0
6  0  0  0
6  0.0314159  0  0
6  0.0628319  0  0
6  0.0942478  0  0
6  0.125664  0  0
6  0.15708  0  0
6  0.188496  0  0
6  0.219911  0  0
6  0.251327  0  0
6  0.282743  0  0
6  0.314159  0  0
6  0.345575  0  0
6  0.376991  0  0
6  0.408407  0  0
6  0.439823  0  0
6  0.471239  0  0
6  0.502655  0  0
6  0.534071  0  0
6  0.565487  0  0
6  0.596903  0  0
6  0.628319  0  0
6  0.659734  0  0
6  0.69115  0  0
6  0.722566  0  0
6  0.753982  0  0
6  0.785398  0  0
6  0.816814  0  0
6  0.84823  0  0
6  0.879646  0  0
6  0.911062  0  0
6  0.942478  0  0
6  0.973894  0  0
6  1.00531  0  0
6  1.03673  0  0
6  1.06814  0  0
6  1.09956  0  0
6  1.13097  0  0
6  1.16239  0  0
6  1.19381  0  0
6  1.22522  0  0
6  1.25664  0  0
6  1.28805  0  0
6  1.31947  0  0
6  1.35088  0  0
6  1.3823  0  0
6  1.41372  0  0
6  1.44513  0  0
6  1.47655  0  0
6  1.50796  0  0
6  1.53938  0  0
6  1.5708  0  0
6  1.60221  0  0
6  1.63363  0  0
6  1.66504  0  0
6  1.69646  0  0
6  1.72788  0  0
6  1.75929  0  0
6  1.79071  0  0
6  1.82212  0  0
6  1.85354  0  0
6  1.88496  0  0
6  1.91637  0  0
6  1.94779  0  0
6  1.9792  0  0
6  2.01062  0  0
6  2.04204  0  0
6  2.07345  0  0
6  2.10487  0  0
6  2.13628  0  0
6  2.1677  0  0
6  2.19911  0  0
6  2.23053  0  0
6  2.26195  0  0
6  2.29336  0  0
6  2.32478  0  0
6  2.35619  0  0
6  2.38761  0  0
6  2.41903  0  0
6  2.45044  0  0
6  2.48186  0  0
6  2.51327  0  0
6  2.54469  0  0
6  2.57611  0  0
6  2.60752  0  0
6  2.63894  0  0
6  2.67035  0  0
6  2.70177  0  0
6  2.73319  0  0
6  2.7646  0  0
6  2.79602  0  0
6  2.82743  0  0
6  2.85885  0  0
6  2.89027  0  0
6  2.92168  0  0
6  2.9531  0  0
6  2.98451  0  0
6  3.01593  0  0
6  3.04734  0  0
6  3.07876  0  0
6  3.11018  0  0
6.125  0  0  0
6.125  0.0314159  0  0
6.125  0.0628319  0  0
6.125  0.0942478  0  0
6.125  0.125664  0  0
6.125  0.15708  0  0
6.125  0.188496  0  0
6.125  0.219911  0  0
6.125  0.251327  0  0
6.125  0.282743  0  0
6.125  0.314159  0  0
6.125  0.345575  0  0
6.125  0.376991  0  0
6.125  0.408407  0  0
6.125  0.439823  0  0
6.125  0.471239  0  0
6.125  0.502655  0  0
6.125  0.534071  0  0
6.125  0.565487  0  0
6.125  0.596903  0  0
6.125  0.628319  0  0
6.125  0.659734  0  0
6.125  0.69115  0  0
6.125  0.722566  0  0
6.125  0.753982  0  0
6.125  0.785398  0  0
6.125  0.816814  0  0
6.125  0.84823  0  0
6.125  0.879646  0  0
6.125  0.911062  0  0
6.125  0.942478  0  0
6.125  0.973894  0  0
6.125  1.00531  0  0
6.125  1.03673  0  0
6.125  1.06814  0  0
6.125  1.09956  0  0
6.125  1.13097  0  0
6.125  1.16239  0  0
6.125  1.19381  0  0
6.125  1.22522  0  0
6.125  1.25664  0  0
6.125  1.28805  0  0
6.125  1.31947  0  0
6.125  1.35088  0  0
6.125  1.3823  0  0
6.125  1.41372  0  0
6.125  1.44513  0  0
6.125  1.47655  0  0
6.125  1.50796  0  0
6.125  1.53938  0  0
6.125  1.5708  0  0
6.125  1.60221  0  0
6.125  1.63363  0  0
6.125  1.66504  0  0
6.125  1.69646  0  0
6.125  1.72788  0  0
6.125  1.75929  0  0
6.125  1.79071  0  0
6.125  1.82212  0  0
6.125  1.85354  0  0
6.125  1.88496  0  0
6.125  1.91637  0  0
6.125  1.94779  0  0
6.125  1.9792  0  0
6.125  2.01062  0  0
6.125  2.04204  0  0
6.125  2.07345  0  0
6.125  2.10487  0  0
6.125  2.13628  0  0
6.125  2.1677  0  0
6.125  2.19911  0  0
6.125  2.23053  0  0
6.125  2.26195  0  0
6.125  2.29336  0  0
6.125  2.32478  0  0
6.125  2.35619  0  0
6.125  2.38761  0  0
6.125  2.41903  0  0
6.125  2.45044  0  0
6.125  2.48186  0  0
6.125  2.51327  0  0
6.125  2.54469  0  0
6.125  2.57611  0  0
6.125  2.60752  0  0
6.125  2.63894  0  0
6.125  2.67035  0  0
6.125  2.70177  0  0
6.125  2.73319  0  0
6.125  2.7646  0  0
6.125  2.79602  0  0
6.125  2.82743  0  0
6.125  2.85885  0  0
6.125  2.89027  0  0
6.125  2.92168  0  0
6.125  2.9531  0  0
6.125  2.98451  0  0
6.125  3.01593  0  0
6.125  3.04734  0  0
6.125  3.07876  0  0
6.125  3.11018  0  0
6.25  0  0  0
6.25  0.0314159  0  0
6.25  0.0628319  0  0
6.25  0.0942478  0  0
6.25  0.125664  0  0
6.25  0.15708  0  0
6.25  0.188496  0  0
6.25  0.219911  0  0
6.25  0.251327  0  0
6.25  0.282743  0  0
6.25  0.314159  0  0
6.25  0.345575  0  0
6.25  0.376991  0  0
6.25  0.408407  0  0
6.25  0.439823  0  0
6.25  0.471239  0  0
6.25  0.502655  0  0
6.25  0.534071  0  0
6.25  0.565487  0  0
6.25  0.596903  0  0
6.25  0.628319  0  0
6.25  0.659734  0  0
6.25  0.69115  0  0
6.25  0.722566  0  0
6.25  0.753982  0  0
6.25  0.785398  0  0
6.25  0.816814  0  0
6.25  0.84823  0  0
6.25  0.879646  0  0
6.25  0.911062  0  0
6.25  0.942478  0  0
6.25  0.973894  0  0
6.25  1.00531  0  0
6.25  1.03673  0  0
6.25  1.06814  0  0
6.25  1.09956  0  0
6.25  1.13097  0  0
6.25  1.16239  0  0
6.25  1.19381  0  0
6.25  1.22522  0  0
6.25  1.25664  0  0
6.25  1.28805  0  0
6.25  1.31947  0  0
6.25  1.35088  0  0
6.25  1.3823  0  0
6.25  1.41372  0  0
6.25  1.44513  0  0
6.25  1.47655  0  0
6.25  1.50796  0  0
6.25  1.53938  0  0
6.25  1.5708  0  0
6.25  1.60221  0  0
6.25  1.63363  0  0
6.25  1.66504  0  0
6.25  1.69646  0  0
6.25  1.72788  0  0
6.25  1.75929  0  0
6.25  1.79071  0  0
6.25  1.82212  0  0
6.25  1.85354  0  0
6.25  1.88496  0  0
6.25  1.91637  0  0
6.25  1.94779  0  0
6.25  1.9792  0  0
6.25  2.01062  0  0
6.25  2.04204  0  0
6.25  2.07345  0  0
6.25  2.10487  0  0
6.25  2.13628  0  0
6.25  2.1677  0  0
6.25  2.19911  0  0
6.25  2.23053  0  0
6.25  2.26195  0  0
6.25  2.29336  0  0
6.25  2.32478  0  0
6.25  2.35619  0  0
6.25  2.38761  0  0
6.25  2.41903  0  0
6.25  2.45044  0  0
6.25  2.48186  0  0
6.25  2.51327  0  0
6.25  2.54469  0  0
6.25  2.57611  0  0
6.25  2.60752  0  0
6.25  2.63894  0  0
6.25  2.67035  0  0
6.25  2.70177  0  0
6.25  2.73319  0  0
6.25  2.7646  0  0
6.25  2.79602  0  0
6.25  2.82743  0  0
6.25  2.85885  0  0
6.25  2.89027  0  0
6.25  2.92168  0  0
6.25  2.9531  0  0
6.25  2.98451  0  0
6.25  3.01593  0  0
6.25  3.04734  0  0
6.25  3.07876  0  0
6.25  3.11018  0  0
6.375  0  0  0
6.375  0.0314159  0  0
6.375  0.0628319  0  0
6.375  0.0942478  0  0
6.375  0.125664  0  0
6.375  0.15708  0  0
6.375  0.188496  0  0
6.375  0.219911  0  0
6.375  0.251327  0  0
6.375  0.282743  0  0
6.375  0.314159  0  0
6.375  0.345575  0  0
6.375  0.376991  0  0
6.375  0.408407  0  0
6.375  0.439823  0  0
6.375  0.471239  0  0
6.375  0.502655  0  0
6.375  0.534071  0  0
6.375  0.565487  0  0
6.375  0.596903  0  0
6.375  0.628319  0  0
6.375  0.659734  0  0
6.375  0.69115  0  0
6.375  0.722566  0  0
6.375  0.753982  0  0
6.375  0.785398  0  0
6.375  0.816814  0  0
6.375  0.84823  0  0
6.375  0.879646  0  0
6.375  0.911062  0  0
6.375  0.942478  0  0
6.375  0.973894  0  0
6.375  1.00531  0  0
6.375  1.03673  0  0
6.375  1.06814  0  0
6.375  1.09956  0  0
6.375  1.13097  0  0
6.375  1.16239  0  0
6.375  1.19381  0  0
6.375  1.22522  0  0
6.375  1.25664  0  0
6.375  1.28805  0  0
6.375  1.31947  0  0
6.375  1.35088  0  0
6.375  1.3823  0  0
6.375  1.41372  0  0
6.375  1.44513  0  0
6.375  1.47655  0  0
6.375  1.50796  0  0
6.375  1.53938  0  0
6.375  1.5708  0  0
6.375  1.60221  0  0
6.375  1.63363  0  0
6.375  1.66504  0  0
6.375  1.69646  0  0
6.375  1.72788  0  0
6.375  1.75929  0  0
6.375  1.79071  0  0
6.375  1.82212  0  0
6.375  1.85354  0  0
6.375  1.88496  0  0
6.375  1.91637  0  0
6.375  1.94779  0  0
6.375  1.9792  0  0
6.375  2.01062  0  0
6.375  2.04204  0  0
6.375  2.07345  0  0
6.375  2.10487  0  0
6.375  2.13628  0  0
6.375  2.1677  0  0
6.375  2.19911  0  0
6.375  2.23053  0  0
6.375  2.26195  0  0
6.375  2.29336  0  0
6.375  2.32478  0  0
6.375  2.35619  0  0
6.375  2.38761  0  0
6.375  2.41903  0  0
6.375  2.45044  0  0
6.375  2.48186  0  0
6.375  2.51327  0  0
6.375  2.54469  0  0
6.375  2.57611  0  0
6.375  2.60752  0  0
6.375  2.63894  0  0
6.375  2.67035  0  0
6.375  2.70177  0  0
6.375  2.73319  0  0
6.375  2.7646  0  0
6.375  2.79602  0  0
6.375  2.82743  0  0
6.375  2.85885  0  0
6.375  2.89027  0  0
6.375  2.92168  0  0
6.375  2.9531  0  0
6.375  2.98451  0  0
6.375  3.01593  0  0
6.375  3.04734  0  0
6.375  3.07876  0  0
6.375  3.11018  0  0
6.5  0  0  0
6.5  0.0314159  0  0
6.5  0.0628319  0  0
6.5  0.0942478  0  0
6.5  0.125664  0  0
6.5  0.15708  0  0
6.5  0.188496  0  0
6.5  0.219911  0  0
6.5  0.251327  0  0
6.5  0.282743  0  0
6.5  0.314159  0  0
6.5  0.345575  0  0
6.5  0.376991  0  0
6.5  0.408407  0  0
6.5  0.439823  0  0
6.5  0.471239  0  0
6.5  0.502655  0  0
6.5  0.534071  0  0
6.5  0.565487  0  0
6.5  0.596903  0  0
6.5  0.628319  0  0
6.5  0.659734  0  0
6.5  0.69115  0  0
6.5  0.722566  0  0
6.5  0.753982  0  0
6.5  0.785398  0  0
6.5  0.816814  0  0
6.5  0.84823  0  0
6.5  0.879646  0  0
6.5  0.911062  0  0
6.5  0.942478  0  0
6.5  0.973894  0  0
6.5  1.00531  0  0
6.5  1.03673  0  0
6.5  1.06814  0  0
6.5  1.09956  0  0
6.5  1.13097  0  0
6.5  1.16239  0  0
6.5  1.19381  0  0
6.5  1.22522  0  0
6.5  1.25664  0  0
6.5  1.28805  0  0
6.5  1.31947  0  0
6.5  1.35088  0  0
6.5  1.3823  0  0
6.5  1.41372  0  0
6.5  1.44513  0  0
6.5  1.47655  0  0
6.5  1.50796  0  0
6.5  1.53938  0  0
6.5  1.5708  0  0
6.5  1.60221  0  0
6.5  1.63363  0  0
6.5  1.66504  0  0
6.5  1.69646  0  0
6.5  1.72788  0  0
6.5  1.75929  0  0
6.5  1.79071  0  0
6.5  1.82212  0  0
6.5  1.85354  0  0
6.5  1.88496  0  0
6.5  1.91637  0  0
6.5  1.94779  0  0
6.5  1.9792  0  0
6.5  2.01062  0  0
6.5  2.04204  0  0
6.5  2.07345  0  0
6.5  2.10487  0  0
6.5  2.13628  0  0
6.5  2.1677  0  0
6.5  2.19911  0  0
6.5  2.23053  0  0
6.5  2.26195  0  0
6.5  2.29336  0  0
6.5  2.32478  0  0
6.5  2.35619  0  0
6.5  2.38761  0  0
6.5  2.41903  0  0
6.5  2.45044  0  0
6.5  2.48186  0  0
6.5  2.51327  0  0
6.5  2.54469  0  0
6.5  2.57611  0  0
6.5  2.60752  0  0
6.5  2.63894  0  0
6.5  2.67035  0  0
6.5  2.70177  0  0
6.5  2.73319  0  0
6.5  2.7646  0  0
6.5  2.79602  0  0
6.5  2.82743  0  0
6.5  2.85885  0  0
6.5  2.89027  0  0
6.5  2.92168  0  0
6.5  2.9531  0  0
6.5  2.98451  0  0
6.5  3.01593  0  0
6.5  3.04734  0  0
6.5  3.07876  0  0
6.5  3.11018  0  0
6.625  0  0  0
6.625  0.0314159  0  0
6.625  0.0628319  0  0
6.625  0.0942478  0  0
6.625  0.125664  0  0
6.625  0.15708  0  0
6.625  0.188496  0  0
6.625  0.219911  0  0
6.625  0.251327  0  0
6.625  0.282743  0  0
6.625  0.314159  0  0
6.625  0.345575  0  0
6.625  0.376991  0  0
6.625  0.408407  0  0
6.625  0.439823  0  0
6.625  0.471239  0  0
6.625  0.502655  0  0
6.625  0.534071  0  0
6.625  0.565487  0  0
6.625  0.596903  0  0
6.625  0.628319  0  0
6.625  0.659734  0  0
6.625  0.69115  0  0
6.625  0.722566  0  0
6.625  0.753982  0  0
6.625  0.785398  0  0
6.625  0.816814  0  0
6.625  0.84823  0  0
6.625  0.879646  0  0
6.625  0.911062  0  0
6.625  0.942478  0  0
6.625  0.973894  0  0
6.625  1.00531  0  0
6.625  1.03673  0  0
6.625  1.06814  0  0
6.625  1.09956  0  0
6.625  1.13097  0  0
6.625  1.16239  0  0
6.625  1.19381  0  0
6.625  1.22522  0  0
6.625  1.25664  0  0
6.625  1.28805  0  0
6.625  1.31947  0  0
6.625  1.35088  0  0
6.625  1.3823  0  0
6.625  1.41372  0  0
6.625  1.44513  0  0
6.625  1.47655  0  0
6.625  1.50796  0  0
6.625  1.53938  0  0
6.625  1.5708  0  0
6.625  1.60221  0  0
6.625  1.63363  0  0
6.625  1.66504  0  0
6.625  1.69646  0  0
6.625  1.72788  0  0
6.625  1.75929  0  0
6.625  1.79071  0  0
6.625  1.82212  0  0
6.625  1.85354  0  0
6.625  1.88496  0  0
6.625  1.91637  0  0
6.625  1.94779  0  0
6.625  1.9792  0  0
6.625  2.01062  0  0
6.625  2.04204  0  0
6.625  2.07345  0  0
6.625  2.10487  0  0
6.625  2.13628  0  0
6.625  2.1677  0  0
6.625  2.19911  0  0
6.625  2.23053  0  0
6.625  2.26195  0  0
6.625  2.29336  0  0
6.625  2.32478  0  0
6.625  2.35619  0  0
6.625  2.38761  0  0
6.625  2.41903  0  0
6.625  2.45044  0  0
6.625  2.48186  0  0
6.625  2.51327  0  0
6.625  2.54469  0  0
6.625  2.57611  0  0
6.625  2.60752  0  0
6.625  2.63894  0  0
6.625  2.67035  0  0
6.625  2.70177  0  0
6.625  2.73319  0  0
6.625  2.7646  0  0
6.625  2.79602  0  0
6.625  2.82743  0  0
6.625  2.85885  0  0
6.625  2.89027  0  0
6.625  2.92168  0  0
6.625  2.9531  0  0
6.625  2.98451  0  0
6.625  3.01593  0  0
6.625  3.04734  0  0
6.625  3.07876  0  0
6.625  3.11018  0  0
6.75  0  0  0
6.75  0.0314159  0  0
6.75  0.0628319  0  0
6.75  0.0942478  0  0
6.75  0.125664  0  0
6.75  0.15708  0  0
6.75  0.188496  0  0
6.75  0.219911  0  0
6.75  0.251327  0  0
6.75  0.282743  0  0
6.75  0.314159  0  0
6.75  0.345575  0  0
6.75  0.376991  0  0
6.75  0.408407  0  0
6.75  0.439823  0  0
6.75  0.471239  0  0
6.75  0.502655  0  0
6.75  0.534071  0  0
6.75  0.565487  0  0
6.75  0.596903  0  0
6.75  0.628319  0  0
6.75  0.659734  0  0
6.75  0.69115  0  0
6.75  0.722566  0  0
6.75  0.753982  0  0
6.75  0.785398  0  0
6.75  0.816814  0  0
6.75  0.84823  0  0
6.75  0.879646  0  0
6.75  0.911062  0  0
6.75  0.942478  0  0
6.75  0.973894  0  0
6.75  1.00531  0  0
6.75  1.03673  0  0
6.75  1.06814  0  0
6.75  1.09956  0  0
6.75  1.13097  0  0
6.75  1.16239  0  0
6.75  1.19381  0  0
6.75  1.22522  0  0
6.75  1.25664  0  0
6.75  1.28805  0  0
6.75  1.31947  0  0
6.75  1.35088  0  0
6.75  1.3823  0  0
6.75  1.41372  0  0
6.75  1.44513  0  0
6.75  1.47655  0  0
6.75  1.50796  0  0
6.75  1.53938  0  0
6.75  1.5708  0  0
6.75  1.60221  0  0
6.75  1.63363  0  0
6.75  1.66504  0  0
6.75  1.69646  0  0
6.75  1.72788  0  0
6.75  1.75929  0  0
6.75  1.79071  0  0
6.75  1.82212  0  0
6.75  1.85354  0  0
6.75  1.88496  0  0
6.75  1.91637  0  0
6.75  1.94779  0  0
6.75  1.9792  0  0
6.75  2.01062  0  0
6.75  2.04204  0  0
6.75  2.07345  0  0
6.75  2.10487  0  0
6.75  2.13628  0  0
6.75  2.1677  0  0
6.75  2.19911  0  0
6.75  2.23053  0  0
6.75  2.26195  0  0
6.75  2.29336  0  0
6.75  2.32478  0  0
6.75  2.35619  0  0
6.75  2.38761  0  0
6.75  2.41903  0  0
6.75  2.45044  0  0
6.75  2.48186  0  0
6.75  2.51327  0  0
6.75  2.54469  0  0
6.75  2.57611  0  0
6.75  2.60752  0  0
6.75  2.63894  0  0
6.75  2.67035  0  0
6.75  2.70177  0  0
6.75  2.73319  0  0
6.75  2.7646  0  0
6.75  2.79602  0  0
6.75  2.82743  0  0
6.75  2.85885  0  0
6.75  2.89027  0  0
6.75  2.92168  0  0
6.75  2.9531  0  0
6.75  2.98451  0  0
6.75  3.01593  0  0
6.75  3.04734  0  0
6.75  3.07876  0  0
6.75  3.11018  0  0
6.875  0  0  0
6.875  0.0314159  0  0
6.875  0.0628319  0  0
6.875  0.0942478  0  0
6.875  0.125664  0  0
6.875  0.15708  0  0
6.875  0.188496  0  0
6.875  0.219911  0  0
6.875  0.251327  0  0
6.875  0.282743  0  0
6.875  0.314159  0  0
6.875  0.345575  0  0
6.875  0.376991  0  0
6.875  0.408407  0  0
6.875  0.439823  0  0
6.875  0.471239  0  0
6.875  0.502655  0  0
6.875  0.534071  0  0
6.875  0.565487  0  0
6.875  0.596903  0  0
6.875  0.628319  0  0
6.875  0.659734  0  0
6.875  0.69115  0  0
6.875  0.722566  0  0
6.875  0.753982  0  0
6.875  0.785398  0  0
6.875  0.816814  0  0
6.875  0.84823  0  0
6.875  0.879646  0  0
6.875  0.911062  0  0
6.875  0.942478  0  0
6.875  0.973894  0  0
6.875  1.00531  0  0
6.875  1.03673  0  0
6.875  1.06814  0  0
6.875  1.09956  0  0
6.875  1.13097  0  0
6.875  1.16239  0  0
6.875  1.19381  0  0
6.875  1.22522  0  0
6.875  1.25664  0  0
6.875  1.28805  0  0
6.875  1.31947  0  0
6.875  1.35088  0  0
6.875  1.3823  0  0
6.875  1.41372  0  0
6.875  1.44513  0  0
6.875  1.47655  0  0
6.875  1.50796  0  0
6.875  1.53938  0  0
6.875  1.5708  0  0
6.875  1.60221  0  0
6.875  1.63363  0  0
6.875  1.66504  0  0
6.875  1.69646  0  0
6.875  1.72788  0  0
6.875  1.75929  0  0
6.875  1.79071  0  0
6.875  1.82212  0  0
6.875  1.85354  0  0
6.875  1.88496  0  0
6.875  1.91637  0  0
6.875  1.94779  0  0
6.875  1.9792  0  0
6.875  2.01062  0  0
6.875  2.04204  0  0
6.875  2.07345  0  0
6.875  2.10487  0  0
6.875  2.13628  0  0
6.875  2.1677  0  0
6.875  2.19911  0  0
6.875  2.23053  0  0
6.875  2.26195  0  0
6.875  2.29336  0  0
6.875  2.32478  0  0
6.875  2.35619  0  0
6.875  2.38761  0  0
6.875  2.41903  0  0
6.875  2.45044  0  0
6.875  2.48186  0  0
6.875  2.51327  0  0
6.875  2.54469  0  0
6.875  2.57611  0  0
6.875  2.60752  0  0
6.875  2.63894  0  0
6.875  2.67035  0  0
6.875  2.70177  0  0
6.875  2.73319  0  0
6.875  2.7646  0  0
6.875  2.79602  0  0
6.875  2.82743  0  0
6.875  2.85885  0  0
6.875  2.89027  0  0
6.875  2.92168  0  0
6.875  2.9531  0  0
6.875  2.98451  0  0
6.875  3.01593  0  0
6.875  3.04734  0  0
6.875  3.07876  0  0
6.875  3.11018  0  0
7  0  0  0
7  0.0314159  0  0
7  0.0628319  0  0
7  0.0942478  0  0
7  0.125664  0  0
7  0.15708  0  0
7  0.188496  0  0
7  0.219911  0  0
7  0.251327  0  0
7  0.282743  0  0
7  0.314159  0  0
7  0.345575  0  0
7  0.376991  0  0
7  0.408407  0  0
7  0.439823  0  0
7  0.471239  0  0
7  0.502655  0  0
7  0.534071  0  0
7  0.565487  0  0
7  0.596903  0  0
7  0.628319  0  0
7  0.659734  0  0
7  0.69115  0  0
7  0.722566  0  0
7  0.753982  0  0
7  0.785398  0  0
7  0.816814  0  0
7  0.84823  0  0
7  0.879646  0  0
7  0.911062  0  0
7  0.942478  0  0
7  0.973894  0  0
7  1.00531  0  0
7  1.03673  0  0
7  1.06814  0  0
7  1.09956  0  0
7  1.13097  0  0
7  1.16239  0  0
7  1.19381  0  0
7  1.22522  0  0
7  1.25664  0  0
7  1.28805  0  0
7  1.31947  0  0
7  1.35088  0  0
7  1.3823  0  0
7  1.41372  0  0
7  1.44513  0  0
7  1.47655  0  0
7  1.50796  0  0
7  1.53938  0  0
7  1.5708  0  0
7  1.60221  0  0
7  1.63363  0  0
7  1.66504  0  0
7  1.69646  0  0
7  1.72788  0  0
7  1.75929  0  0
7  1.79071  0  0
7  1.82212  0  0
7  1.85354  0  0
7  1.88496  0  0
7  1.91637  0  0
7  1.94779  0  0
7  1.9792  0  0
7  2.01062  0  0
7  2.04204  0  0
7  2.07345  0  0
7  2.10487  0  0
7  2.13628  0  0
7  2.1677  0  0
7  2.19911  0  0
7  2.23053  0  0
7  2.26195  0  0
7  2.29336  0  0
7  2.32478  0  0
7  2.35619  0  0
7  2.38761  0  0
7  2.41903  0  0
7  2.45044  0  0
7  2.48186  0  0
7  2.51327  0  0
7  2.54469  0  0
7  2.57611  0  0
7  2.60752  0  0
7  2.63894  0  0
7  2.67035  0  0
7  2.70177  0  0
7  2.73319  0  0
7  2.7646  0  0
7  2.79602  0  0
7  2.82743  0  0
7  2.85885  0  0
7  2.89027  0  0
7  2.92168  0  0
7  2.9531  0  0
7  2.98451  0  0
7  3.01593  0  0
7  3.04734  0  0
7  3.07876  0  0
7  3.11018  0  0
7.125  0  0  0
7.125  0.0314159  0  0
7.125  0.0628319  0  0
7.125  0.0942478  0  0
7.125  0.125664  0  0
7.125  0.15708  0  0
7.125  0.188496  0  0
7.125  0.219911  0  0
7.125  0.251327  0  0
7.125  0.282743  0  0
7.125  0.314159  0  0
7.125  0.345575  0  0
7.125  0.376991  0  0
7.125  0.408407  0  0
7.125  0.439823  0  0
7.125  0.471239  0  0
7.125  0.502655  0  0
7.125  0.534071  0  0
7.125  0.565487  0  0
7.125  0.596903  0  0
7.125  0.628319  0  0
7.125  0.659734  0  0
7.125  0.69115  0  0
7.125  0.722566  0  0
7.125  0.753982  0  0
7.125  0.785398  0  0
7.125  0.816814  0  0
7.125  0.84823  0  0
7.125  0.879646  0  0
7.125  0.911062  0  0
7.125  0.942478  0  0
7.125  0.973894  0  0
7.125  1.00531  0  0
7.125  1.03673  0  0
7.125  1.06814  0  0
7.125  1.09956  0  0
7.125  1.13097  0  0
7.125  1.16239  0  0
7.125  1.19381  0  0
7.125  1.22522  0  0
7.125  1.25664  0  0
7.125  1.28805  0  0
7.125  1.31947  0  0
7.125  1.35088  0  0
7.125  1.3823  0  0
7.125  1.41372  0  0
7.125  1.44513  0  0
7.125  1.47655  0  0
7.125  1.50796  0  0
7.125  1.53938  0  0
7.125  1.5708  0  0
7.125  1.60221  0  0
7.125  1.63363  0  0
7.125  1.66504  0  0
7.125  1.69646  0  0
7.125  1.72788  0  0
7.125  1.75929  0  0
7.125  1.79071  0  0
7.125  1.82212  0  0
7.125  1.85354  0  0
7.125  1.88496  0  0
7.125  1.91637  0  0
7.125  1.94779  0  0
7.125  1.9792  0  0
7.125  2.01062  0  0
7.125  2.04204  0  0
7.125  2.07345  0  0
7.125  2.10487  0  0
7.125  2.13628  0  0
7.125  2.1677  0  0
7.125  2.19911  0  0
7.125  2.23053  0  0
7.125  2.26195  0  0
7.125  2.29336  0  0
7.125  2.32478  0  0
7.125  2.35619  0  0
7.125  2.38761  0  0
7.125  2.41903  0  0
7.125  2.45044  0  0
7.125  2.48186  0  0
7.125  2.51327  0  0
7.125  2.54469  0  0
7.125  2.57611  0  0
7.125  2.60752  0  0
7.125  2.63894  0  0
7.125  2.67035  0  0
7.125  2.70177  0  0
7.125  2.73319  0  0
7.125  2.7646  0  0
7.125  2.79602  0  0
7.125  2.82743  0  0
7.125  2.85885  0  0
7.125  2.89027  0  0
7.125  2.92168  0  0
7.125  2.9531  0  0
7.125  2.98451  0  0
7.125  3.01593  0  0
7.125  3.04734  0  0
7.125  3.07876  0  0
7.125  3.11018  0  0
7.25  0  0  0
7.25  0.0314159  0  0
7.25  0.0628319  0  0
7.25  0.0942478  0  0
7.25  0.125664  0  0
7.25  0.15708  0  0
7.25  0.188496  0  0
7.25  0.219911  0  0
7.25  0.251327  0  0
7.25  0.282743  0  0
7.25  0.314159  0  0
7.25  0.345575  0  0
7.25  0.376991  0  0
7.25  0.408407  0  0
7.25  0.439823  0  0
7.25  0.471239  0  0
7.25  0.502655  0  0
7.25  0.534071  0  0
7.25  0.565487  0  0
7.25  0.596903  0  0
7.25  0.628319  0  0
7.25  0.659734  0  0
7.25  0.69115  0  0
7.25  0.722566  0  0
7.25  0.753982  0  0
7.25  0.785398  0  0
7.25  0.816814  0  0
7.25  0.84823  0  0
7.25  0.879646  0  0
7.25  0.911062  0  0
7.25  0.942478  0  0
7.25  0.973894  0  0
7.25  1.00531  0  0
7.25  1.03673  0  0
7.25  1.06814  0  0
7.25  1.09956  0  0
7.25  1.13097  0  0
7.25  1.16239  0  0
7.25  1.19381  0  0
7.25  1.22522  0  0
7.25  1.25664  0  0
7.25  1.28805  0  0
7.25  1.31947  0  0
7.25  1.35088  0  0
7.25  1.3823  0  0
7.25  1.41372  0  0
7.25  1.44513  0  0
7.25  1.47655  0  0
7.25  1.50796  0  0
7.25  1.53938  0  0
7.25  1.5708  0  0
7.25  1.60221  0  0
7.25  1.63363  0  0
7.25  1.66504  0  0
7.25  1.69646  0  0
7.25  1.72788  0  0
7.25  1.75929  0  0
7.25  1.79071  0  0
7.25  1.82212  0  0
7.25  1.85354  0  0
7.25  1.88496  0  0
7.25  1.91637  0  0
7.25  1.94779  0  0
7.25  1.9792  0  0
7.25  2.01062  0  0
7.25  2.04204  0  0
7.25  2.07345  0  0
7.25  2.10487  0  0
7.25  2.13628  0  0
7.25  2.1677  0  0
7.25  2.19911  0  0
7.25  2.23053  0  0
7.25  2.26195  0  0
7.25  2.29336  0  0
7.25  2.32478  0  0
7.25  2.35619  0  0
7.25  2.38761  0  0
7.25  2.41903  0  0
7.25  2.45044  0  0
7.25  2.48186  0  0
7.25  2.51327  0  0
7.25  2.54469  0  0
7.25  2.57611  0  0
7.25  2.60752  0  0
7.25  2.63894  0  0
7.25  2.67035  0  0
7.25  2.70177  0  0
7.25  2.73319  0  0
7.25  2.7646  0  0
7.25  2.79602  0  0
7.25  2.82743  0  0
7.25  2.85885  0  0
7.25  2.89027  0  0
7.25  2.92168  0  0
7.25  2.9531  0  0
7.25  2.98451  0  0
7.25  3.01593  0  0
7.25  3.04734  0  0
7.25  3.07876  0  0
7.25  3.11018  0  0
7.375  0  0  0
7.375  0.0314159  0  0
7.375  0.0628319  0  0
7.375  0.0942478  0  0
7.375  0.125664  0  0
7.375  0.15708  0  0
7.375  0.188496  0  0
7.375  0.219911  0  0
7.375  0.251327  0  0
7.375  0.282743  0  0
7.375  0.314159  0  0
7.375  0.345575  0  0
7.375  0.376991  0  0
7.375  0.408407  0  0
7.375  0.439823  0  0
7.375  0.471239  0  0
7.375  0.502655  0  0
7.375  0.534071  0  0
7.375  0.565487  0  0
7.375  0.596903  0  0
7.375  0.628319  0  0
7.375  0.659734  0  0
7.375  0.69115  0  0
7.375  0.722566  0  0
7.375  0.753982  0  0
7.375  0.785398  0  0
7.375  0.816814  0  0
7.375  0.84823  0  0
7.375  0.879646  0  0
7.375  0.911062  0  0
7.375  0.942478  0  0
7.375  0.973894  0  0
7.375  1.00531  0  0
7.375  1.03673  0  0
7.375  1.06814  0  0
7.375  1.09956  0  0
7.375  1.13097  0  0
7.375  1.16239  0  0
7.375  1.19381  0  0
7.375  1.22522  0  0
7.375  1.25664  0  0
7.375  1.28805  0  0
7.375  1.31947  0  0
7.375  1.35088  0  0
7.375  1.3823  0  0
7.375  1.41372  0  0
7.375  1.44513  0  0
7.375  1.47655  0  0
7.375  1.50796  0  0
7.375  1.53938  0  0
7.375  1.5708  0  0
7.375  1.60221  0  0
7.375  1.63363  0  0
7.375  1.66504  0  0
7.375  1.69646  0  0
7.375  1.72788  0  0
7.375  1.75929  0  0
7.375  1.79071  0  0
7.375  1.82212  0  0
7.375  1.85354  0  0
7.375  1.88496  0  0
7.375  1.91637  0  0
7.375  1.94779  0  0
7.375  1.9792  0  0
7.375  2.01062  0  0
7.375  2.04204  0  0
7.375  2.07345  0  0
7.375  2.10487  0  0
7.375  2.13628  0  0
7.375  2.1677  0  0
7.375  2.19911  0  0
7.375  2.23053  0  0
7.375  2.26195  0  0
7.375  2.29336  0  0
7.375  2.32478  0  0
7.375  2.35619  0  0
7.375  2.38761  0  0
7.375  2.41903  0  0
7.375  2.45044  0  0
7.375  2.48186  0  0
7.375  2.51327  0  0
7.375  2.54469  0  0
7.375  2.57611  0  0
7.375  2.60752  0  0
7.375  2.63894  0  0
7.375  2.67035  0  0
7.375  2.70177  0  0
7.375  2.73319  0  0
7.375  2.7646  0  0
7.375  2.79602  0  0
7.375  2.82743  0  0
7.375  2.85885  0  0
7.375  2.89027  0  0
7.375  2.92168  0  0
7.375  2.9531  0  0
7.375  2.98451  0  0
7.375  3.01593  0  0
7.375  3.04734  0  0
7.375  3.07876  0  0
7.375  3.11018  0  0
7.5  0  0  0
7.5  0.0314159  0  0
7.5  0.0628319  0  0
7.5  0.0942478  0  0
7.5  0.125664  0  0
7.5  0.15708  0  0
7.5  0.188496  0  0
7.5  0.219911  0  0
7.5  0.251327  0  0
7.5  0.282743  0  0
7.5  0.314159  0  0
7.5  0.345575  0  0
7.5  0.376991  0  0
7.5  0.408407  0  0
7.5  0.439823  0  0
7.5  0.471239  0  0
7.5  0.502655  0  0
7.5  0.534071  0  0
7.5  0.565487  0  0
7.5  0.596903  0  0
7.5  0.628319  0  0
7.5  0.659734  0  0
7.5  0.69115  0  0
7.5  0.722566  0  0
7.5  0.753982  0  0
7.5  0.785398  0  0
7.5  0.816814  0  0
7.5  0.84823  0  0
7.5  0.879646  0  0
7.5  0.911062  0  0
7.5  0.942478  0  0
7.5  0.973894  0  0
7.5  1.00531  0  0
7.5  1.03673  0  0
7.5  1.06814  0  0
7.5  1.09956  0  0
7.5  1.13097  0  0
7.5  1.16239  0  0
7.5  1.19381  0  0
7.5  1.22522  0  0
7.5  1.25664  0  0
7.5  1.28805  0  0
7.5  1.31947  0  0
7.5  1.35088  0  0
7.5  1.3823  0  0
7.5  1.41372  0  0
7.5  1.44513  0  0
7.5  1.47655  0  0
7.5  1.50796  0  0
7.5  1.53938  0  0
7.5  1.5708  0  0
7.5  1.60221  0  0
7.5  1.63363  0  0
7.5  1.66504  0  0
7.5  1.69646  0  0
7.5  1.72788  0  0
7.5  1.75929  0  0
7.5  1.79071  0  0
7.5  1.82212  0  0
7.5  1.85354  0  0
7.5  1.88496  0  0
7.5  1.91637  0  0
7.5  1.94779  0  0
7.5  1.9792  0  0
7.5  2.01062  0  0
7.5  2.04204  0  0
7.5  2.07345  0  0
7.5  2.10487  0  0
7.5  2.13628  0  0
7.5  2.1677  0  0
7.5  2.19911  0  0
7.5  2.23053  0  0
7.5  2.26195  0  0
7.5  2.29336  0  0
7.5  2.32478  0  0
7.5  2.35619  0  0
7.5  2.38761  0  0
7.5  2.41903  0  0
7.5  2.45044  0  0
7.5  2.48186  0  0
7.5  2.51327  0  0
7.5  2.54469  0  0
7.5  2.57611  0  0
7.5  2.60752  0  0
7.5  2.63894  0  0
7.5  2.67035  0  0
7.5  2.70177  0  0
7.5  2.73319  0  0
7.5  2.7646  0  0
7.5  2.79602  0  0
7.5  2.82743  0  0
7.5  2.85885  0  0
7.5  2.89027  0  0
7.5  2.92168  0  0
7.5  2.9531  0  0
7.5  2.98451  0  0
7.5  3.01593  0  0
7.5  3.04734  0  0
7.5  3.07876  0  0
7.5  3.11018  0  0
7.625  0  0  0
7.625  0.0314159  0  0
7.625  0.0628319  0  0
7.625  0.0942478  0  0
7.625  0.125664  0  0
7.625  0.15708  0  0
7.625  0.188496  0  0
7.625  0.219911  0  0
7.625  0.251327  0  0
7.625  0.282743  0  0
7.625  0.314159  0  0
7.625  0.345575  0  0
7.625  0.376991  0  0
7.625  0.408407  0  0
7.625  0.439823  0  0
7.625  0.471239  0  0
7.625  0.502655  0  0
7.625  0.534071  0  0
7.625  0.565487  0  0
7.625  0.596903  0  0
7.625  0.628319  0  0
7.625  0.659734  0  0
7.625  0.69115  0  0
7.625  0.722566  0  0
7.625  0.753982  0  0
7.625  0.785398  0  0
7.625  0.816814  0  0
7.625  0.84823  0  0
7.625  0.879646  0  0
7.625  0.911062  0  0
7.625  0.942478  0  0
7.625  0.973894  0  0
7.625  1.00531  0  0
7.625  1.03673  0  0
7.625  1.06814  0  0
7.625  1.09956  0  0
7.625  1.13097  0  0
7.625  1.16239  0  0
7.625  1.19381  0  0
7.625  1.22522  0  0
7.625  1.25664  0  0
7.625  1.28805  0  0
7.625  1.31947  0  0
7.625  1.35088  0  0
7.625  1.3823  0  0
7.625  1.41372  0  0
7.625  1.44513  0  0
7.625  1.47655  0  0
7.625  1.50796  0  0
7.625  1.53938  0  0
7.625  1.5708  0  0
7.625  1.60221  0  0
7.625  1.63363  0  0
7.625  1.66504  0  0
7.625  1.69646  0  0
7.625  1.72788  0  0
7.625  1.75929  0  0
7.625  1.79071  0  0
7.625  1.82212  0  0
7.625  1.85354  0  0
7.625  1.88496  0  0
7.625  1.91637  0  0
7.625  1.94779  0  0
7.625  1.9792  0  0
7.625  2.01062  0  0
7.625  2.04204  0  0
7.625  2.07345  0  0
7.625  2.10487  0  0
7.625  2.13628  0  0
7.625  2.1677  0  0
7.625  2.19911  0  0
7.625  2.23053  0  0
7.625  2.26195  0  0
7.625  2.29336  0  0
7.625  2.32478  0  0
7.625  2.35619  0  0
7.625  2.38761  0  0
7.625  2.41903  0  0
7.625  2.45044  0  0
7.625  2.48186  0  0
7.625  2.51327  0  0
7.625  2.54469  0  0
7.625  2.57611  0  0
7.625  2.60752  0  0
7.625  2.63894  0  0
7.625  2.67035  0  0
7.625  2.70177  0  0
7.625  2.73319  0  0
7.625  2.7646  0  0
7.625  2.79602  0  0
7.625  2.82743  0  0
7.625  2.85885  0  0
7.625  2.89027  0  0
7.625  2.92168  0  0
7.625  2.9531  0  0
7.625  2.98451  0  0
7.625  3.01593  0  0
7.625  3.04734  0  0
7.625  3.07876  0  0
7.625  3.11018  0  0
7.75  0  0  0
7.75  0.0314159  0  0
7.75  0.0628319  0  0
7.75  0.0942478  0  0
7.75  0.125664  0  0
7.75  0.15708  0  0
7.75  0.188496  0  0
7.75  0.219911  0  0
7.75  0.251327  0  0
7.75  0.282743  0  0
7.75  0.314159  0  0
7.75  0.345575  0  0
7.75  0.376991  0  0
7.75  0.408407  0  0
7.75  0.439823  0  0
7.75  0.471239  0  0
7.75  0.502655  0  0
7.75  0.534071  0  0
7.75  0.565487  0  0
7.75  0.596903  0  0
7.75  0.628319  0  0
7.75  0.659734  0  0
7.75  0.69115  0  0
7.75  0.722566  0  0
7.75  0.753982  0  0
7.75  0.785398  0  0
7.75  0.816814  0  0
7.75  0.84823  0  0
7.75  0.879646  0  0
7.75  0.911062  0  0
7.75  0.942478  0  0
7.75  0.973894  0  0
7.75  1.00531  0  0
7.75  1.03673  0  0
7.75  1.06814  0  0
7.75  1.09956  0  0
7.75  1.13097  0  0
7.75  1.16239  0  0
7.75  1.19381  0  0
7.75  1.22522  0  0
7.75  1.25664  0  0
7.75  1.28805  0  0
7.75  1.31947  0  0
7.75  1.35088  0  0
7.75  1.3823  0  0
7.75  1.41372  0  0
7.75  1.44513  0  0
7.75  1.47655  0  0
7.75  1.50796  0  0
7.75  1.53938  0  0
7.75  1.5708  0  0
7.75  1.60221  0  0
7.75  1.63363  0  0
7.75  1.66504  0  0
7.75  1.69646  0  0
7.75  1.72788  0  0
7.75  1.75929  0  0
7.75  1.79071  0  0
7.75  1.82212  0  0
7.75  1.85354  0  0
7.75  1.88496  0  0
7.75  1.91637  0  0
7.75  1.94779  0  0
7.75  1.9792  0  0
7.75  2.01062  0  0
7.75  2.04204  0  0
7.75  2.07345  0  0
7.75  2.10487  0  0
7.75  2.13628  0  0
7.75  2.1677  0  0
7.75  2.19911  0  0
7.75  2.23053  0  0
7.75  2.26195  0  0
7.75  2.29336  0  0
7.75  2.32478  0  0
7.75  2.35619  0  0
7.75  2.38761  0  0
7.75  2.41903  0  0
7.75  2.45044  0  0
7.75  2.48186  0  0
7.75  2.51327  0  0
7.75  2.54469  0  0
7.75  2.57611  0  0
7.75  2.60752  0  0
7.75  2.63894  0  0
7.75  2.67035  0  0
7.75  2.70177  0  0
7.75  2.73319  0  0
7.75  2.7646  0  0
7.75  2.79602  0  0
7.75  2.82743  0  0
7.75  2.85885  0  0
7.75  2.89027  0  0
7.75  2.92168  0  0
7.75  2.9531  0  0
7.75  2.98451  0  0
7.75  3.01593  0  0
7.75  3.04734  0  0
7.75  3.07876  0  0
7.75  3.11018  0  0
7.875  0  0  0
7.875  0.0314159  0  0
7.875  0.0628319  0  0
7.875  0.0942478  0  0
7.875  0.125664  0  0
7.875  0.15708  0  0
7.875  0.188496  0  0
7.875  0.219911  0  0
7.875  0.251327  0  0
7.875  0.282743  0  0
7.875  0.314159  0  0
7.875  0.345575  0  0
7.875  0.376991  0  0
7.875  0.408407  0  0
7.875  0.439823  0  0
7.875  0.471239  0  0
7.875  0.502655  0  0
7.875  0.534071  0  0
7.875  0.565487  0  0
7.875  0.596903  0  0
7.875  0.628319  0  0
7.875  0.659734  0  0
7.875  0.69115  0  0
7.875  0.722566  0  0
7.875  0.753982  0  0
7.875  0.785398  0  0
7.875  0.816814  0  0
7.875  0.84823  0  0
7.875  0.879646  0  0
7.875  0.911062  0  0
7.875  0.942478  0  0
7.875  0.973894  0  0
7.875  1.00531  0  0
7.875  1.03673  0  0
7.875  1.06814  0  0
7.875  1.09956  0  0
7.875  1.13097  0  0
7.875  1.16239  0  0
7.875  1.19381  0  0
7.875  1.22522  0  0
7.875  1.25664  0  0
7.875  1.28805  0  0
7.875  1.31947  0  0
7.875  1.35088  0  0
7.875  1.3823  0  0
7.875  1.41372  0  0
7.875  1.44513  0  0
7.875  1.47655  0  0
7.875  1.50796  0  0
7.875  1.53938  0  0
7.875  1.5708  0  0
7.875  1.60221  0  0
7.875  1.63363  0  0
7.875  1.66504  0  0
7.875  1.69646  0  0
7.875  1.72788  0  0
7.875  1.75929  0  0
7.875  1.79071  0  0
7.875  1.82212  0  0
7.875  1.85354  0  0
7.875  1.88496  0  0
7.875  1.91637  0  0
7.875  1.94779  0  0
7.875  1.9792  0  0
7.875  2.01062  0  0
7.875  2.04204  0  0
7.875  2.07345  0  0
7.875  2.10487  0  0
7.875  2.13628  0  0
7.875  2.1677  0  0
7.875  2.19911  0  0
7.875  2.23053  0  0
7.875  2.26195  0  0
7.875  2.29336  0  0
7.875  2.32478  0  0
7.875  2.35619  0  0
7.875  2.38761  0  0
7.875  2.41903  0  0
7.875  2.45044  0  0
7.875  2.48186  0  0
7.875  2.51327  0  0
7.875  2.54469  0  0
7.875  2.57611  0  0
7.875  2.60752  0  0
7.875  2.63894  0  0
7.875  2.67035  0  0
7.875  2.70177  0  0
7.875  2.73319  0  0
7.875  2.7646  0  0
7.875  2.79602  0  0
7.875  2.82743  0  0
7.875  2.85885  0  0
7.875  2.89027  0  0
7.875  2.92168  0  0
7.875  2.9531  0  0
7.875  2.98451  0  0
7.875  3.01593  0  0
7.875  3.04734  0  0
7.875  3.07876  0  0
7.875  3.11018  0  0
8  0  0  0
8  0.0314159  0  0
8  0.0628319  0  0
8  0.0942478  0  0
8  0.125664  0  0
8  0.15708  0  0
8  0.188496  0  0
8  0.219911  0  0
8  0.251327  0  0
8  0.282743  0  0
8  0.314159  0  0
8  0.345575  0  0
8  0.376991  0  0
8  0.408407  0  0
8  0.439823  0  0
8  0.471239  0  0
8  0.502655  0  0
8  0.534071  0  0
8  0.565487  0  0
8  0.596903  0  0
8  0.628319  0  0
8  0.659734  0  0
8  0.69115  0  0
8  0.722566  0  0
8  0.753982  0  0
8  0.785398  0  0
8  0.816814  0  0
8  0.84823  0  0
8  0.879646  0  0
8  0.911062  0  0
8  0.942478  0  0
8  0.973894  0  0
8  1.00531  0  0
8  1.03673  0  0
8  1.06814  0  0
8  1.09956  0  0
8  1.13097  0  0
8  1.16239  0  0
8  1.19381  0  0
8  1.22522  0  0
8  1.25664  0  0
8  1.28805  0  0
8  1.31947  0  0
8  1.35088  0  0
8  1.3823  0  0
8  1.41372  0  0
8  1.44513  0  0
8  1.47655  0  0
8  1.50796  0  0
8  1.53938  0  0
8  1.5708  0  0
8  1.60221  0  0
8  1.63363  0  0
8  1.66504  0  0
8  1.69646  0  0
8  1.72788  0  0
8  1.75929  0  0
8  1.79071  0  0
8  1.82212  0  0
8  1.85354  0  0
8  1.88496  0  0
8  1.91637  0  0
8  1.94779  0  0
8  1.9792  0  0
8  2.01062  0  0
8  2.04204  0  0
8  2.07345  0  0
8  2.10487  0  0
8  2.13628  0  0
8  2.1677  0  0
8  2.19911  0  0
8  2.23053  0  0
8  2.26195  0  0
8  2.29336  0  0
8  2.32478  0  0
8  2.35619  0  0
8  2.38761  0  0
8  2.41903  0  0
8  2.45044  0  0
8  2.48186  0  0
8  2.51327  0  0
8  2.54469  0  0
8  2.57611  0  0
8  2.60752  0  0
8  2.63894  0  0
8  2.67035  0  0
8  2.70177  0  0
8  2.73319  0  0
8  2.7646  0  0
8  2.79602  0  0
8  2.82743  0  0
8  2.85885  0  0
8  2.89027  0  0
8  2.92168  0  0
8  2.9531  0  0
8  2.98451  0  0
8  3.01593  0  0
8  3.04734  0  0
8  3.07876  0  0
8  3.11018  0  0
8.125  0  0  0
8.125  0.0314159  0  0
8.125  0.0628319  0  0
8.125  0.0942478  0  0
8.125  0.125664  0  0
8.125  0.15708  0  0
8.125  0.188496  0  0
8.125  0.219911  0  0
8.125  0.251327  0  0
8.125  0.282743  0  0
8.125  0.314159  0  0
8.125  0.345575  0  0
8.125  0.376991  0  0
8.125  0.408407  0  0
8.125  0.439823  0  0
8.125  0.471239  0  0
8.125  0.502655  0  0
8.125  0.534071  0  0
8.125  0.565487  0  0
8.125  0.596903  0  0
8.125  0.628319  0  0
8.125  0.659734  0  0
8.125  0.69115  0  0
8.125  0.722566  0  0
8.125  0.753982  0  0
8.125  0.785398  0  0
8.125  0.816814  0  0
8.125  0.84823  0  0
8.125  0.879646  0  0
8.125  0.911062  0  0
8.125  0.942478  0  0
8.125  0.973894  0  0
8.125  1.00531  0  0
8.125  1.03673  0  0
8.125  1.06814  0  0
8.125  1.09956  0  0
8.125  1.13097  0  0
8.125  1.16239  0  0
8.125  1.19381  0  0
8.125  1.22522  0  0
8.125  1.25664  0  0
8.125  1.28805  0  0
8.125  1.31947  0  0
8.125  1.35088  0  0
8.125  1.3823  0  0
8.125  1.41372  0  0
8.125  1.44513  0  0
8.125  1.47655  0  0
8.125  1.50796  0  0
8.125  1.53938  0  0
8.125  1.5708  0  0
8.125  1.60221  0  0
8.125  1.63363  0  0
8.125  1.66504  0  0
8.125  1.69646  0  0
8.125  1.72788  0  0
8.125  1.75929  0  0
8.125  1.79071  0  0
8.125  1.82212  0  0
8.125  1.85354  0  0
8.125  1.88496  0  0
8.125  1.91637  0  0
8.125  1.94779  0  0
8.125  1.9792  0  0
8.125  2.01062  0  0
8.125  2.04204  0  0
8.125  2.07345  0  0
8.125  2.10487  0  0
8.125  2.13628  0  0
8.125  2.1677  0  0
8.125  2.19911  0  0
8.125  2.23053  0  0
8.125  2.26195  0  0
8.125  2.29336  0  0
8.125  2.32478  0  0
8.125  2.35619  0  0
8.125  2.38761  0  0
8.125  2.41903  0  0
8.125  2.45044  0  0
8.125  2.48186  0  0
8.125  2.51327  0  0
8.125  2.54469  0  0
8.125  2.57611  0  0
8.125  2.60752  0  0
8.125  2.63894  0  0
8.125  2.67035  0  0
8.125  2.70177  0  0
8.125  2.73319  0  0
8.125  2.7646  0  0
8.125  2.79602  0  0
8.125  2.82743  0  0
8.125  2.85885  0  0
8.125  2.89027  0  0
8.125  2.92168  0  0
8.125  2.9531  0  0
8.125  2.98451  0  0
8.125  3.01593  0  0
8.125  3.04734  0  0
8.125  3.07876  0  0
8.125  3.11018  0  0
8.25  0  0  0
8.25  0.0314159  0  0
8.25  0.0628319  0  0
8.25  0.0942478  0  0
8.25  0.125664  0  0
8.25  0.15708  0  0
8.25  0.188496  0  0
8.25  0.219911  0  0
8.25  0.251327  0  0
8.25  0.282743  0  0
8.25  0.314159  0  0
8.25  0.345575  0  0
8.25  0.376991  0  0
8.25  0.408407  0  0
8.25  0.439823  0  0
8.25  0.471239  0  0
8.25  0.502655  0  0
8.25  0.534071  0  0
8.25  0.565487  0  0
8.25  0.596903  0  0
8.25  0.628319  0  0
8.25  0.659734  0  0
8.25  0.69115  0  0
8.25  0.722566  0  0
8.25  0.753982  0  0
8.25  0.785398  0  0
8.25  0.816814  0  0
8.25  0.84823  0  0
8.25  0.879646  0  0
8.25  0.911062  0  0
8.25  0.942478  0  0
8.25  0.973894  0  0
8.25  1.00531  0  0
8.25  1.03673  0  0
8.25  1.06814  0  0
8.25  1.09956  0  0
8.25  1.13097  0  0
8.25  1.16239  0  0
8.25  1.19381  0  0
8.25  1.22522  0  0
8.25  1.25664  0  0
8.25  1.28805  0  0
8.25  1.31947  0  0
8.25  1.35088  0  0
8.25  1.3823  0  0
8.25  1.41372  0  0
8.25  1.44513  0  0
8.25  1.47655  0  0
8.25  1.50796  0  0
8.25  1.53938  0  0
8.25  1.5708  0  0
8.25  1.60221  0  0
8.25  1.63363  0  0
8.25  1.66504  0  0
8.25  1.69646  0  0
8.25  1.72788  0  0
8.25  1.75929  0  0
8.25  1.79071  0  0
8.25  1.82212  0  0
8.25  1.85354  0  0
8.25  1.88496  0  0
8.25  1.91637  0  0
8.25  1.94779  0  0
8.25  1.9792  0  0
8.25  2.01062  0  0
8.25  2.04204  0  0
8.25  2.07345  0  0
8.25  2.10487  0  0
8.25  2.13628  0  0
8.25  2.1677  0  0
8.25  2.19911  0  0
8.25  2.23053  0  0
8.25  2.26195  0  0
8.25  2.29336  0  0
8.25  2.32478  0  0
8.25  2.35619  0  0
8.25  2.38761  0  0
8.25  2.41903  0  0
8.25  2.45044  0  0
8.25  2.48186  0  0
8.25  2.51327  0  0
8.25  2.54469  0  0
8.25  2.57611  0  0
8.25  2.60752  0  0
8.25  2.63894  0  0
8.25  2.67035  0  0
8.25  2.70177  0  0
8.25  2.73319  0  0
8.25  2.7646  0  0
8.25  2.79602  0  0
8.25  2.82743  0  0
8.25  2.85885  0  0
8.25  2.89027  0  0
8.25  2.92168  0  0
8.25  2.9531  0  0
8.25  2.98451  0  0
8.25  3.01593  0  0
8.25  3.04734  0  0
8.25  3.07876  0  0
8.25  3.11018  0  0
8.375  0  0  0
8.375  0.0314159  0  0
8.375  0.0628319  0  0
8.375  0.0942478  0  0
8.375  0.125664  0  0
8.375  0.15708  0  0
8.375  0.188496  0  0
8.375  0.219911  0  0
8.375  0.251327  0  0
8.375  0.282743  0  0
8.375  0.314159  0  0
8.375  0.345575  0  0
8.375  0.376991  0  0
8.375  0.408407  0  0
8.375  0.439823  0  0
8.375  0.471239  0  0
8.375  0.502655  0  0
8.375  0.534071  0  0
8.375  0.565487  0  0
8.375  0.596903  0  0
8.375  0.628319  0  0
8.375  0.659734  0  0
8.375  0.69115  0  0
8.375  0.722566  0  0
8.375  0.753982  0  0
8.375  0.785398  0  0
8.375  0.816814  0  0
8.375  0.84823  0  0
8.375  0.879646  0  0
8.375  0.911062  0  0
8.375  0.942478  0  0
8.375  0.973894  0  0
8.375  1.00531  0  0
8.375  1.03673  0  0
8.375  1.06814  0  0
8.375  1.09956  0  0
8.375  1.13097  0  0
8.375  1.16239  0  0
8.375  1.19381  0  0
8.375  1.22522  0  0
8.375  1.25664  0  0
8.375  1.28805  0  0
8.375  1.31947  0  0
8.375  1.35088  0  0
8.375  1.3823  0  0
8.375  1.41372  0  0
8.375  1.44513  0  0
8.375  1.47655  0  0
8.375  1.50796  0  0
8.375  1.53938  0  0
8.375  1.5708  0  0
8.375  1.60221  0  0
8.375  1.63363  0  0
8.375  1.66504  0  0
8.375  1.69646  0  0
8.375  1.72788  0  0
8.375  1.75929  0  0
8.375  1.79071  0  0
8.375  1.82212  0  0
8.375  1.85354  0  0
8.375  1.88496  0  0
8.375  1.91637  0  0
8.375  1.94779  0  0
8.375  1.9792  0  0
8.375  2.01062  0  0
8.375  2.04204  0  0
8.375  2.07345  0  0
8.375  2.10487  0  0
8.375  2.13628  0  0
8.375  2.1677  0  0
8.375  2.19911  0  0
8.375  2.23053  0  0
8.375  2.26195  0  0
8.375  2.29336  0  0
8.375  2.32478  0  0
8.375  2.35619  0  0
8.375  2.38761  0  0
8.375  2.41903  0  0
8.375  2.45044  0  0
8.375  2.48186  0  0
8.375  2.51327  0  0
8.375  2.54469  0  0
8.375  2.57611  0  0
8.375  2.60752  0  0
8.375  2.63894  0  0
8.375  2.67035  0  0
8.375  2.70177  0  0
8.375  2.73319  0  0
8.375  2.7646  0  0
8.375  2.79602  0  0
8.375  2.82743  0  0
8.375  2.85885  0  0
8.375  2.89027  0  0
8.375  2.92168  0  0
8.375  2.9531  0  0
8.375  2.98451  0  0
8.375  3.01593  0  0
8.375  3.04734  0  0
8.375  3.07876  0  0
8.375  3.11018  0  0
8.5  0  0  0
8.5  0.0314159  0  0
8.5  0.0628319  0  0
8.5  0.0942478  0  0
8.5  0.125664  0  0
8.5  0.15708  0  0
8.5  0.188496  0  0
8.5  0.219911  0  0
8.5  0.251327  0  0
8.5  0.282743  0  0
8.5  0.314159  0  0
8.5  0.345575  0  0
8.5  0.376991  0  0
8.5  0.408407  0  0
8.5  0.439823  0  0
8.5  0.471239  0  0
8.5  0.502655  0  0
8.5  0.534071  0  0
8.5  0.565487  0  0
8.5  0.596903  0  0
8.5  0.628319  0  0
8.5  0.659734  0  0
8.5  0.69115  0  0
8.5  0.722566  0  0
8.5  0.753982  0  0
8.5  0.785398  0  0
8.5  0.816814  0  0
8.5  0.84823  0  0
8.5  0.879646  0  0
8.5  0.911062  0  0
8.5  0.942478  0  0
8.5  0.973894  0  0
8.5  1.00531  0  0
8.5  1.03673  0  0
8.5  1.06814  0  0
8.5  1.09956  0  0
8.5  1.13097  0  0
8.5  1.16239  0  0
8.5  1.19381  0  0
8.5  1.22522  0  0
8.5  1.25664  0  0
8.5  1.28805  0  0
8.5  1.31947  0  0
8.5  1.35088  0  0
8.5  1.3823  0  0
8.5  1.41372  0  0
8.5  1.44513  0  0
8.5  1.47655  0  0
8.5  1.50796  0  0
8.5  1.53938  0  0
8.5  1.5708  0  0
8.5  1.60221  0  0
8.5  1.63363  0  0
8.5  1.66504  0  0
8.5  1.69646  0  0
8.5  1.72788  0  0
8.5  1.75929  0  0
8.5  1.79071  0  0
8.5  1.82212  0  0
8.5  1.85354  0  0
8.5  1.88496  0  0
8.5  1.91637  0  0
8.5  1.94779  0  0
8.5  1.9792  0  0
8.5  2.01062  0  0
8.5  2.04204  0  0
8.5  2.07345  0  0
8.5  2.10487  0  0
8.5  2.13628  0  0
8.5  2.1677  0  0
8.5  2.19911  0  0
8.5  2.23053  0  0
8.5  2.26195  0  0
8.5  2.29336  0  0
8.5  2.32478  0  0
8.5  2.35619  0  0
8.5  2.38761  0  0
8.5  2.41903  0  0
8.5  2.45044  0  0
8.5  2.48186  0  0
8.5  2.51327  0  0
8.5  2.54469  0  0
8.5  2.57611  0  0
8.5  2.60752  0  0
8.5  2.63894  0  0
8.5  2.67035  0  0
8.5  2.70177  0  0
8.5  2.73319  0  0
8.5  2.7646  0  0
8.5  2.79602  0  0
8.5  2.82743  0  0
8.5  2.85885  0  0
8.5  2.89027  0  0
8.5  2.92168  0  0
8.5  2.9531  0  0
8.5  2.98451  0  0
8.5  3.01593  0  0
8.5  3.04734  0  0
8.5  3.07876  0  0
8.5  3.11018  0  0
8.625  0  0  0
8.625  0.0314159  0  0
8.625  0.0628319  0  0
8.625  0.0942478  0  0
8.625  0.125664  0  0
8.625  0.15708  0  0
8.625  0.188496  0  0
8.625  0.219911  0  0
8.625  0.251327  0  0
8.625  0.282743  0  0
8.625  0.314159  0  0
8.625  0.345575  0  0
8.625  0.376991  0  0
8.625  0.408407  0  0
8.625  0.439823  0  0
8.625  0.471239  0  0
8.625  0.502655  0  0
8.625  0.534071  0  0
8.625  0.565487  0  0
8.625  0.596903  0  0
8.625  0.628319  0  0
8.625  0.659734  0  0
8.625  0.69115  0  0
8.625  0.722566  0  0
8.625  0.753982  0  0
8.625  0.785398  0  0
8.625  0.816814  0  0
8.625  0.84823  0  0
8.625  0.879646  0  0
8.625  0.911062  0  0
8.625  0.942478  0  0
8.625  0.973894  0  0
8.625  1.00531  0  0
8.625  1.03673  0  0
8.625  1.06814  0  0
8.625  1.09956  0  0
8.625  1.13097  0  0
8.625  1.16239  0  0
8.625  1.19381  0  0
8.625  1.22522  0  0
8.625  1.25664  0  0
8.625  1.28805  0  0
8.625  1.31947  0  0
8.625  1.35088  0  0
8.625  1.3823  0  0
8.625  1.41372  0  0
8.625  1.44513  0  0
8.625  1.47655  0  0
8.625  1.50796  0  0
8.625  1.53938  0  0
8.625  1.5708  0  0
8.625  1.60221  0  0
8.625  1.63363  0  0
8.625  1.66504  0  0
8.625  1.69646  0  0
8.625  1.72788  0  0
8.625  1.75929  0  0
8.625  1.79071  0  0
8.625  1.82212  0  0
8.625  1.85354  0  0
8.625  1.88496  0  0
8.625  1.91637  0  0
8.625  1.94779  0  0
8.625  1.9792  0  0
8.625  2.01062  0  0
8.625  2.04204  0  0
8.625  2.07345  0  0
8.625  2.10487  0  0
8.625  2.13628  0  0
8.625  2.1677  0  0
8.625  2.19911  0  0
8.625  2.23053  0  0
8.625  2.26195  0  0
8.625  2.29336  0  0
8.625  2.32478  0  0
8.625  2.35619  0  0
8.625  2.38761  0  0
8.625  2.41903  0  0
8.625  2.45044  0  0
8.625  2.48186  0  0
8.625  2.51327  0  0
8.625  2.54469  0  0
8.625  2.57611  0  0
8.625  2.60752  0  0
8.625  2.63894  0  0
8.625  2.67035  0  0
8.625  2.70177  0  0
8.625  2.73319  0  0
8.625  2.7646  0  0
8.625  2.79602  0  0
8.625  2.82743  0  0
8.625  2.85885  0  0
8.625  2.89027  0  0
8.625  2.92168  0  0
8.625  2.9531  0  0
8.625  2.98451  0  0
8.625  3.01593  0  0
8.625  3.04734  0  0
8.625  3.07876  0  0
8.625  3.11018  0  0
8.75  0  0  0
8.75  0.0314159  0  0
8.75  0.0628319  0  0
8.75  0.0942478  0  0
8.75  0.125664  0  0
8.75  0.15708  0  0
8.75  0.188496  0  0
8.75  0.219911  0  0
8.75  0.251327  0  0
8.75  0.282743  0  0
8.75  0.314159  0  0
8.75  0.345575  0  0
8.75  0.376991  0  0
8.75  0.408407  0  0
8.75  0.439823  0  0
8.75  0.471239  0  0
8.75  0.502655  0  0
8.75  0.534071  0  0
8.75  0.565487  0  0
8.75  0.596903  0  0
8.75  0.628319  0  0
8.75  0.659734  0  0
8.75  0.69115  0  0
8.75  0.722566  0  0
8.75  0.753982  0  0
8.75  0.785398  0  0
8.75  0.816814  0  0
8.75  0.84823  0  0
8.75  0.879646  0  0
8.75  0.911062  0  0
8.75  0.942478  0  0
8.75  0.973894  0  0
8.75  1.00531  0  0
8.75  1.03673  0  0
8.75  1.06814  0  0
8.75  1.09956  0  0
8.75  1.13097  0  0
8.75  1.16239  0  0
8.75  1.19381  0  0
8.75  1.22522  0  0
8.75  1.25664  0  0
8.75  1.28805  0  0
8.75  1.31947  0  0
8.75  1.35088  0  0
8.75  1.3823  0  0
8.75  1.41372  0  0
8.75  1.44513  0  0
8.75  1.47655  0  0
8.75  1.50796  0  0
8.75  1.53938  0  0
8.75  1.5708  0  0
8.75  1.60221  0  0
8.75  1.63363  0  0
8.75  1.66504  0  0
8.75  1.69646  0  0
8.75  1.72788  0  0
8.75  1.75929  0  0
8.75  1.79071  0  0
8.75  1.82212  0  0
8.75  1.85354  0  0
8.75  1.88496  0  0
8.75  1.91637  0  0
8.75  1.94779  0  0
8.75  1.9792  0  0
8.75  2.01062  0  0
8.75  2.04204  0  0
8.75  2.07345  0  0
8.75  2.10487  0  0
8.75  2.13628  0  0
8.75  2.1677  0  0
8.75  2.19911  0  0
8.75  2.23053  0  0
8.75  2.26195  0  0
8.75  2.29336  0  0
8.75  2.32478  0  0
8.75  2.35619  0  0
8.75  2.38761  0  0
8.75  2.41903  0  0
8.75  2.45044  0  0
8.75  2.48186  0  0
8.75  2.51327  0  0
8.75  2.54469  0  0
8.75  2.57611  0  0
8.75  2.60752  0  0
8.75  2.63894  0  0
8.75  2.67035  0  0
8.75  2.70177  0  0
8.75  2.73319  0  0
8.75  2.7646  0  0
8.75  2.79602  0  0
8.75  2.82743  0  0
8.75  2.85885  0  0
8.75  2.89027  0  0
8.75  2.92168  0  0
8.75  2.9531  0  0
8.75  2.98451  0  0
8.75  3.01593  0  0
8.75  3.04734  0  0
8.75  3.07876  0  0
8.75  3.11018  0  0
8.875  0  0  0
8.875  0.0314159  0  0
8.875  0.0628319  0  0
8.875  0.0942478  0  0
8.875  0.125664  0  0
8.875  0.15708  0  0
8.875  0.188496  0  0
8.875  0.219911  0  0
8.875  0.251327  0  0
8.875  0.282743  0  0
8.875  0.314159  0  0
8.875  0.345575  0  0
8.875  0.376991  0  0
8.875  0.408407  0  0
8.875  0.439823  0  0
8.875  0.471239  0  0
8.875  0.502655  0  0
8.875  0.534071  0  0
8.875  0.565487  0  0
8.875  0.596903  0  0
8.875  0.628319  0  0
8.875  0.659734  0  0
8.875  0.69115  0  0
8.875  0.722566  0  0
8.875  0.753982  0  0
8.875  0.785398  0  0
8.875  0.816814  0  0
8.875  0.84823  0  0
8.875  0.879646  0  0
8.875  0.911062  0  0
8.875  0.942478  0  0
8.875  0.973894  0  0
8.875  1.00531  0  0
8.875  1.03673  0  0
8.875  1.06814  0  0
8.875  1.09956  0  0
8.875  1.13097  0  0
8.875  1.16239  0  0
8.875  1.19381  0  0
8.875  1.22522  0  0
8.875  1.25664  0  0
8.875  1.28805  0  0
8.875  1.31947  0  0
8.875  1.35088  0  0
8.875  1.3823  0  0
8.875  1.41372  0  0
8.875  1.44513  0  0
8.875  1.47655  0  0
8.875  1.50796  0  0
8.875  1.53938  0  0
8.875  1.5708  0  0
8.875  1.60221  0  0
8.875  1.63363  0  0
8.875  1.66504  0  0
8.875  1.69646  0  0
8.875  1.72788  0  0
8.875  1.75929  0  0
8.875  1.79071  0  0
8.875  1.82212  0  0
8.875  1.85354  0  0
8.875  1.88496  0  0
8.875  1.91637  0  0
8.875  1.94779  0  0
8.875  1.9792  0  0
8.875  2.01062  0  0
8.875  2.04204  0  0
8.875  2.07345  0  0
8.875  2.10487  0  0
8.875  2.13628  0  0
8.875  2.1677  0  0
8.875  2.19911  0  0
8.875  2.23053  0  0
8.875  2.26195  0  0
8.875  2.29336  0  0
8.875  2.32478  0  0
8.875  2.35619  0  0
8.875  2.38761  0  0
8.875  2.41903  0  0
8.875  2.45044  0  0
8.875  2.48186  0  0
8.875  2.51327  0  0
8.875  2.54469  0  0
8.875  2.57611  0  0
8.875  2.60752  0  0
8.875  2.63894  0  0
8.875  2.67035  0  0
8.875  2.70177  0  0
8.875  2.73319  0  0
8.875  2.7646  0  0
8.875  2.79602  0  0
8.875  2.82743  0  0
8.875  2.85885  0  0
8.875  2.89027  0  0
8.875  2.92168  0  0
8.875  2.9531  0  0
8.875  2.98451  0  0
8.875  3.01593  0  0
8.875  3.04734  0  0
8.875  3.07876  0  0
8.875  3.11018  0  0
9  0  0  0
9  0.0314159  0  0
9  0.0628319  0  0
9  0.0942478  0  0
9  0.125664  0  0
9  0.15708  0  0
9  0.188496  0  0
9  0.219911  0  0
9  0.251327  0  0
9  0.282743  0  0
9  0.314159  0  0
9  0.345575  0  0
9  0.376991  0  0
9  0.408407  0  0
9  0.439823  0  0
9  0.471239  0  0
9  0.502655  0  0
9  0.534071  0  0
9  0.565487  0  0
9  0.596903  0  0
9  0.628319  0  0
9  0.659734  0  0
9  0.69115  0  0
9  0.722566  0  0
9  0.753982  0  0
9  0.785398  0  0
9  0.816814  0  0
9  0.84823  0  0
9  0.879646  0  0
9  0.911062  0  0
9  0.942478  0  0
9  0.973894  0  0
9  1.00531  0  0
9  1.03673  0  0
9  1.06814  0  0
9  1.09956  0  0
9  1.13097  0  0
9  1.16239  0  0
9  1.19381  0  0
9  1.22522  0  0
9  1.25664  0  0
9  1.28805  0  0
9  1.31947  0  0
9  1.35088  0  0
9  1.3823  0  0
9  1.41372  0  0
9  1.44513  0  0
9  1.47655  0  0
9  1.50796  0  0
9  1.53938  0  0
9  1.5708  0  0
9  1.60221  0  0
9  1.63363  0  0
9  1.66504  0  0
9  1.69646  0  0
9  1.72788  0  0
9  1.75929  0  0
9  1.79071  0  0
9  1.82212  0  0
9  1.85354  0  0
9  1.88496  0  0
9  1.91637  0  0
9  1.94779  0  0
9  1.9792  0  0
9  2.01062  0  0
9  2.04204  0  0
9  2.07345  0  0
9  2.10487  0  0
9  2.13628  0  0
9  2.1677  0  0
9  2.19911  0  0
9  2.23053  0  0
9  2.26195  0  0
9  2.29336  0  0
9  2.32478  0  0
9  2.35619  0  0
9  2.38761  0  0
9  2.41903  0  0
9  2.45044  0  0
9  2.48186  0  0
9  2.51327  0  0
9  2.54469  0  0
9  2.57611  0  0
9  2.60752  0  0
9  2.63894  0  0
9  2.67035  0  0
9  2.70177  0  0
9  2.73319  0  0
9  2.7646  0  0
9  2.79602  0  0
9  2.82743  0  0
9  2.85885  0  0
9  2.89027  0  0
9  2.92168  0  0
9  2.9531  0  0
9  2.98451  0  0
9  3.01593  0  0
9  3.04734  0  0
9  3.07876  0  0
9  3.11018  0  0
9.125  0  0  0
9.125  0.0314159  0  0
9.125  0.0628319  0  0
9.125  0.0942478  0  0
9.125  0.125664  0  0
9.125  0.15708  0  0
9.125  0.188496  0  0
9.125  0.219911  0  0
9.125  0.251327  0  0
9.125  0.282743  0  0
9.125  0.314159  0  0
9.125  0.345575  0  0
9.125  0.376991  0  0
9.125  0.408407  0  0
9.125  0.439823  0  0
9.125  0.471239  0  0
9.125  0.502655  0  0
9.125  0.534071  0  0
9.125  0.565487  0  0
9.125  0.596903  0  0
9.125  0.628319  0  0
9.125  0.659734  0  0
9.125  0.69115  0  0
9.125  0.722566  0  0
9.125  0.753982  0  0
9.125  0.785398  0  0
9.125  0.816814  0  0
9.125  0.84823  0  0
9.125  0.879646  0  0
9.125  0.911062  0  0
9.125  0.942478  0  0
9.125  0.973894  0  0
9.125  1.00531  0  0
9.125  1.03673  0  0
9.125  1.06814  0  0
9.125  1.09956  0  0
9.125  1.13097  0  0
9.125  1.16239  0  0
9.125  1.19381  0  0
9.125  1.22522  0  0
9.125  1.25664  0  0
9.125  1.28805  0  0
9.125  1.31947  0  0
9.125  1.35088  0  0
9.125  1.3823  0  0
9.125  1.41372  0  0
9.125  1.44513  0  0
9.125  1.47655  0  0
9.125  1.50796  0  0
9.125  1.53938  0  0
9.125  1.5708  0  0
9.125  1.60221  0  0
9.125  1.63363  0  0
9.125  1.66504  0  0
9.125  1.69646  0  0
9.125  1.72788  0  0
9.125  1.75929  0  0
9.125  1.79071  0  0
9.125  1.82212  0  0
9.125  1.85354  0  0
9.125  1.88496  0  0
9.125  1.91637  0  0
9.125  1.94779  0  0
9.125  1.9792  0  0
9.125  2.01062  0  0
9.125  2.04204  0  0
9.125  2.07345  0  0
9.125  2.10487  0  0
9.125  2.13628  0  0
9.125  2.1677  0  0
9.125  2.19911  0  0
9.125  2.23053  0  0
9.125  2.26195  0  0
9.125  2.29336  0  0
9.125  2.32478  0  0
9.125  2.35619  0  0
9.125  2.38761  0  0
9.125  2.41903  0  0
9.125  2.45044  0  0
9.125  2.48186  0  0
9.125  2.51327  0  0
9.125  2.54469  0  0
9.125  2.57611  0  0
9.125  2.60752  0  0
9.125  2.63894  0  0
9.125  2.67035  0  0
9.125  2.70177  0  0
9.125  2.73319  0  0
9.125  2.7646  0  0
9.125  2.79602  0  0
9.125  2.82743  0  0
9.125  2.85885  0  0
9.125  2.89027  0  0
9.125  2.92168  0  0
9.125  2.9531  0  0
9.125  2.98451  0  0
9.125  3.01593  0  0
9.125  3.04734  0  0
9.125  3.07876  0  0
9.125  3.11018  0  0
9.25  0  0  0
9.25  0.0314159  0  0
9.25  0.0628319  0  0
9.25  0.0942478  0  0
9.25  0.125664  0  0
9.25  0.15708  0  0
9.25  0.188496  0  0
9.25  0.219911  0  0
9.25  0.251327  0  0
9.25  0.282743  0  0
9.25  0.314159  0  0
9.25  0.345575  0  0
9.25  0.376991  0  0
9.25  0.408407  0  0
9.25  0.439823  0  0
9.25  0.471239  0  0
9.25  0.502655  0  0
9.25  0.534071  0  0
9.25  0.565487  0  0
9.25  0.596903  0  0
9.25  0.628319  0  0
9.25  0.659734  0  0
9.25  0.69115  0  0
9.25  0.722566  0  0
9.25  0.753982  0  0
9.25  0.785398  0  0
9.25  0.816814  0  0
9.25  0.84823  0  0
9.25  0.879646  0  0
9.25  0.911062  0  0
9.25  0.942478  0  0
9.25  0.973894  0  0
9.25  1.00531  0  0
9.25  1.03673  0  0
9.25  1.06814  0  0
9.25  1.09956  0  0
9.25  1.13097  0  0
9.25  1.16239  0  0
9.25  1.19381  0  0
9.25  1.22522  0  0
9.25  1.25664  0  0
9.25  1.28805  0  0
9.25  1.31947  0  0
9.25  1.35088  0  0
9.25  1.3823  0  0
9.25  1.41372  0  0
9.25  1.44513  0  0
9.25  1.47655  0  0
9.25  1.50796  0  0
9.25  1.53938  0  0
9.25  1.5708  0  0
9.25  1.60221  0  0
9.25  1.63363  0  0
9.25  1.66504  0  0
9.25  1.69646  0  0
9.25  1.72788  0  0
9.25  1.75929  0  0
9.25  1.79071  0  0
9.25  1.82212  0  0
9.25  1.85354  0  0
9.25  1.88496  0  0
9.25  1.91637  0  0
9.25  1.94779  0  0
9.25  1.9792  0  0
9.25  2.01062  0  0
9.25  2.04204  0  0
9.25  2.07345  0  0
9.25  2.10487  0  0
9.25  2.13628  0  0
9.25  2.1677  0  0
9.25  2.19911  0  0
9.25  2.23053  0  0
9.25  2.26195  0  0
9.25  2.29336  0  0
9.25  2.32478  0  0
9.25  2.35619  0  0
9.25  2.38761  0  0
9.25  2.41903  0  0
9.25  2.45044  0  0
9.25  2.48186  0  0
9.25  2.51327  0  0
9.25  2.54469  0  0
9.25  2.57611  0  0
9.25  2.60752  0  0
9.25  2.63894  0  0
9.25  2.67035  0  0
9.25  2.70177  0  0
9.25  2.73319  0  0
9.25  2.7646  0  0
9.25  2.79602  0  0
9.25  2.82743  0  0
9.25  2.85885  0  0
9.25  2.89027  0  0
9.25  2.92168  0  0
9.25  2.9531  0  0
9.25  2.98451  0  0
9.25  3.01593  0  0
9.25  3.04734  0  0
9.25  3.07876  0  0
9.25  3.11018  0  0
9.375  0  0  0
9.375  0.0314159  0  0
9.375  0.0628319  0  0
9.375  0.0942478  0  0
9.375  0.125664  0  0
9.375  0.15708  0  0
9.375  0.188496  0  0
9.375  0.219911  0  0
9.375  0.251327  0  0
9.375  0.282743  0  0
9.375  0.314159  0  0
9.375  0.345575  0  0
9.375  0.376991  0  0
9.375  0.408407  0  0
9.375  0.439823  0  0
9.375  0.471239  0  0
9.375  0.502655  0  0
9.375  0.534071  0  0
9.375  0.565487  0  0
9.375  0.596903  0  0
9.375  0.628319  0  0
9.375  0.659734  0  0
9.375  0.69115  0  0
9.375  0.722566  0  0
9.375  0.753982  0  0
9.375  0.785398  0  0
9.375  0.816814  0  0
9.375  0.84823  0  0
9.375  0.879646  0  0
9.375  0.911062  0  0
9.375  0.942478  0  0
9.375  0.973894  0  0
9.375  1.00531  0  0
9.375  1.03673  0  0
9.375  1.06814  0  0
9.375  1.09956  0  0
9.375  1.13097  0  0
9.375  1.16239  0  0
9.375  1.19381  0  0
9.375  1.22522  0  0
9.375  1.25664  0  0
9.375  1.28805  0  0
9.375  1.31947  0  0
9.375  1.35088  0  0
9.375  1.3823  0  0
9.375  1.41372  0  0
9.375  1.44513  0  0
9.375  1.47655  0  0
9.375  1.50796  0  0
9.375  1.53938  0  0
9.375  1.5708  0  0
9.375  1.60221  0  0
9.375  1.63363  0  0
9.375  1.66504  0  0
9.375  1.69646  0  0
9.375  1.72788  0  0
9.375  1.75929  0  0
9.375  1.79071  0  0
9.375  1.82212  0  0
9.375  1.85354  0  0
9.375  1.88496  0  0
9.375  1.91637  0  0
9.375  1.94779  0  0
9.375  1.9792  0  0
9.375  2.01062  0  0
9.375  2.04204  0  0
9.375  2.07345  0  0
9.375  2.10487  0  0
9.375  2.13628  0  0
9.375  2.1677  0  0
9.375  2.19911  0  0
9.375  2.23053  0  0
9.375  2.26195  0  0
9.375  2.29336  0  0
9.375  2.32478  0  0
9.375  2.35619  0  0
9.375  2.38761  0  0
9.375  2.41903  0  0
9.375  2.45044  0  0
9.375  2.48186  0  0
9.375  2.51327  0  0
9.375  2.54469  0  0
9.375  2.57611  0  0
9.375  2.60752  0  0
9.375  2.63894  0  0
9.375  2.67035  0  0
9.375  2.70177  0  0
9.375  2.73319  0  0
9.375  2.7646  0  0
9.375  2.79602  0  0
9.375  2.82743  0  0
9.375  2.85885  0  0
9.375  2.89027  0  0
9.375  2.92168  0  0
9.375  2.9531  0  0
9.375  2.98451  0  0
9.375  3.01593  0  0
9.375  3.04734  0  0
9.375  3.07876  0  0
9.375  3.11018  0  0
9.5  0  0  0
9.5  0.0314159  0  0
9.5  0.0628319  0  0
9.5  0.0942478  0  0
9.5  0.125664  0  0
9.5  0.15708  0  0
9.5  0.188496  0  0
9.5  0.219911  0  0
9.5  0.251327  0  0
9.5  0.282743  0  0
9.5  0.314159  0  0
9.5  0.345575  0  0
9.5  0.376991  0  0
9.5  0.408407  0  0
9.5  0.439823  0  0
9.5  0.471239  0  0
9.5  0.502655  0  0
9.5  0.534071  0  0
9.5  0.565487  0  0
9.5  0.596903  0  0
9.5  0.628319  0  0
9.5  0.659734  0  0
9.5  0.69115  0  0
9.5  0.722566  0  0
9.5  0.753982  0  0
9.5  0.785398  0  0
9.5  0.816814  0  0
9.5  0.84823  0  0
9.5  0.879646  0  0
9.5  0.911062  0  0
9.5  0.942478  0  0
9.5  0.973894  0  0
9.5  1.00531  0  0
9.5  1.03673  0  0
9.5  1.06814  0  0
9.5  1.09956  0  0
9.5  1.13097  0  0
9.5  1.16239  0  0
9.5  1.19381  0  0
9.5  1.22522  0  0
9.5  1.25664  0  0
9.5  1.28805  0  0
9.5  1.31947  0  0
9.5  1.35088  0  0
9.5  1.3823  0  0
9.5  1.41372  0  0
9.5  1.44513  0  0
9.5  1.47655  0  0
9.5  1.50796  0  0
9.5  1.53938  0  0
9.5  1.5708  0  0
9.5  1.60221  0  0
9.5  1.63363  0  0
9.5  1.66504  0  0
9.5  1.69646  0  0
9.5  1.72788  0  0
9.5  1.75929  0  0
9.5  1.79071  0  0
9.5  1.82212  0  0
9.5  1.85354  0  0
9.5  1.88496  0  0
9.5  1.91637  0  0
9.5  1.94779  0  0
9.5  1.9792  0  0
9.5  2.01062  0  0
9.5  2.04204  0  0
9.5  2.07345  0  0
9.5  2.10487  0  0
9.5  2.13628  0  0
9.5  2.1677  0  0
9.5  2.19911  0  0
9.5  2.23053  0  0
9.5  2.26195  0  0
9.5  2.29336  0  0
9.5  2.32478  0  0
9.5  2.35619  0  0
9.5  2.38761  0  0
9.5  2.41903  0  0
9.5  2.45044  0  0
9.5  2.48186  0  0
9.5  2.51327  0  0
9.5  2.54469  0  0
9.5  2.57611  0  0
9.5  2.60752  0  0
9.5  2.63894  0  0
9.5  2.67035  0  0
9.5  2.70177  0  0
9.5  2.73319  0  0
9.5  2.7646  0  0
9.5  2.79602  0  0
9.5  2.82743  0  0
9.5  2.85885  0  0
9.5  2.89027  0  0
9.5  2.92168  0  0
9.5  2.9531  0  0
9.5  2.98451  0  0
9.5  3.01593  0  0
9.5  3.04734  0  0
9.5  3.07876  0  0
9.5  3.11018  0  0
9.625  0  0  0
9.625  0.0314159  0  0
9.625  0.0628319  0  0
9.625  0.0942478  0  0
9.625  0.125664  0  0
9.625  0.15708  0  0
9.625  0.188496  0  0
9.625  0.219911  0  0
9.625  0.251327  0  0
9.625  0.282743  0  0
9.625  0.314159  0  0
9.625  0.345575  0  0
9.625  0.376991  0  0
9.625  0.408407  0  0
9.625  0.439823  0  0
9.625  0.471239  0  0
9.625  0.502655  0  0
9.625  0.534071  0  0
9.625  0.565487  0  0
9.625  0.596903  0  0
9.625  0.628319  0  0
9.625  0.659734  0  0
9.625  0.69115  0  0
9.625  0.722566  0  0
9.625  0.753982  0  0
9.625  0.785398  0  0
9.625  0.816814  0  0
9.625  0.84823  0  0
9.625  0.879646  0  0
9.625  0.911062  0  0
9.625  0.942478  0  0
9.625  0.973894  0  0
9.625  1.00531  0  0
9.625  1.03673  0  0
9.625  1.06814  0  0
9.625  1.09956  0  0
9.625  1.13097  0  0
9.625  1.16239  0  0
9.625  1.19381  0  0
9.625  1.22522  0  0
9.625  1.25664  0  0
9.625  1.28805  0  0
9.625  1.31947  0  0
9.625  1.35088  0  0
9.625  1.3823  0  0
9.625  1.41372  0  0
9.625  1.44513  0  0
9.625  1.47655  0  0
9.625  1.50796  0  0
9.625  1.53938  0  0
9.625  1.5708  0  0
9.625  1.60221  0  0
9.625  1.63363  0  0
9.625  1.66504  0  0
9.625  1.69646  0  0
9.625  1.72788  0  0
9.625  1.75929  0  0
9.625  1.79071  0  0
9.625  1.82212  0  0
9.625  1.85354  0  0
9.625  1.88496  0  0
9.625  1.91637  0  0
9.625  1.94779  0  0
9.625  1.9792  0  0
9.625  2.01062  0  0
9.625  2.04204  0  0
9.625  2.07345  0  0
9.625  2.10487  0  0
9.625  2.13628  0  0
9.625  2.1677  0  0
9.625  2.19911  0  0
9.625  2.23053  0  0
9.625  2.26195  0  0
9.625  2.29336  0  0
9.625  2.32478  0  0
9.625  2.35619  0  0
9.625  2.38761  0  0
9.625  2.41903  0  0
9.625  2.45044  0  0
9.625  2.48186  0  0
9.625  2.51327  0  0
9.625  2.54469  0  0
9.625  2.57611  0  0
9.625  2.60752  0  0
9.625  2.63894  0  0
9.625  2.67035  0  0
9.625  2.70177  0  0
9.625  2.73319  0  0
9.625  2.7646  0  0
9.625  2.79602  0  0
9.625  2.82743  0  0
9.625  2.85885  0  0
9.625  2.89027  0  0
9.625  2.92168  0  0
9.625  2.9531  0  0
9.625  2.98451  0  0
9.625  3.01593  0  0
9.625  3.04734  0  0
9.625  3.07876  0  0
9.625  3.11018  0  0
9.75  0  0  0
9.75  0.0314159  0  0
9.75  0.0628319  0  0
9.75  0.0942478  0  0
9.75  0.125664  0  0
9.75  0.15708  0  0
9.75  0.188496  0  0
9.75  0.219911  0  0
9.75  0.251327  0  0
9.75  0.282743  0  0
9.75  0.314159  0  0
9.75  0.345575  0  0
9.75  0.376991  0  0
9.75  0.408407  0  0
9.75  0.439823  0  0
9.75  0.471239  0  0
9.75  0.502655  0  0
9.75  0.534071  0  0
9.75  0.565487  0  0
9.75  0.596903  0  0
9.75  0.628319  0  0
9.75  0.659734  0  0
9.75  0.69115  0  0
9.75  0.722566  0  0
9.75  0.753982  0  0
9.75  0.785398  0  0
9.75  0.816814  0  0
9.75  0.84823  0  0
9.75  0.879646  0  0
9.75  0.911062  0  0
9.75  0.942478  0  0
9.75  0.973894  0  0
9.75  1.00531  0  0
9.75  1.03673  0  0
9.75  1.06814  0  0
9.75  1.09956  0  0
9.75  1.13097  0  0
9.75  1.16239  0  0
9.75  1.19381  0  0
9.75  1.22522  0  0
9.75  1.25664  0  0
9.75  1.28805  0  0
9.75  1.31947  0  0
9.75  1.35088  0  0
9.75  1.3823  0  0
9.75  1.41372  0  0
9.75  1.44513  0  0
9.75  1.47655  0  0
9.75  1.50796  0  0
9.75  1.53938  0  0
9.75  1.5708  0  0
9.75  1.60221  0  0
9.75  1.63363  0  0
9.75  1.66504  0  0
9.75  1.69646  0  0
9.75  1.72788  0  0
9.75  1.75929  0  0
9.75  1.79071  0  0
9.75  1.82212  0  0
9.75  1.85354  0  0
9.75  1.88496  0  0
9.75  1.91637  0  0
9.75  1.94779  0  0
9.75  1.9792  0  0
9.75  2.01062  0  0
9.75  2.04204  0  0
9.75  2.07345  0  0
9.75  2.10487  0  0
9.75  2.13628  0  0
9.75  2.1677  0  0
9.75  2.19911  0  0
9.75  2.23053  0  0
9.75  2.26195  0  0
9.75  2.29336  0  0
9.75  2.32478  0  0
9.75  2.35619  0  0
9.75  2.38761  0  0
9.75  2.41903  0  0
9.75  2.45044  0  0
9.75  2.48186  0  0
9.75  2.51327  0  0
9.75  2.54469  0  0
9.75  2.57611  0  0
9.75  2.60752  0  0
9.75  2.63894  0  0
9.75  2.67035  0  0
9.75  2.70177  0  0
9.75  2.73319  0  0
9.75  2.7646  0  0
9.75  2.79602  0  0
9.75  2.82743  0  0
9.75  2.85885  0  0
9.75  2.89027  0  0
9.75  2.92168  0  0
9.75  2.9531  0  0
9.75  2.98451  0  0
9.75  3.01593  0  0
9.75  3.04734  0  0
9.75  3.07876  0  0
9.75  3.11018  0  0
9.875  0  0  0
9.875  0.0314159  0  0
9.875  0.0628319  0  0
9.875  0.0942478  0  0
9.875  0.125664  0  0
9.875  0.15708  0  0
9.875  0.188496  0  0
9.875  0.219911  0  0
9.875  0.251327  0  0
9.875  0.282743  0  0
9.875  0.314159  0  0
9.875  0.345575  0  0
9.875  0.376991  0  0
9.875  0.408407  0  0
9.875  0.439823  0  0
9.875  0.471239  0  0
9.875  0.502655  0  0
9.875  0.534071  0  0
9.875  0.565487  0  0
9.875  0.596903  0  0
9.875  0.628319  0  0
9.875  0.659734  0  0
9.875  0.69115  0  0
9.875  0.722566  0  0
9.875  0.753982  0  0
9.875  0.785398  0  0
9.875  0.816814  0  0
9.875  0.84823  0  0
9.875  0.879646  0  0
9.875  0.911062  0  0
9.875  0.942478  0  0
9.875  0.973894  0  0
9.875  1.00531  0  0
9.875  1.03673  0  0
9.875  1.06814  0  0
9.875  1.09956  0  0
9.875  1.13097  0  0
9.875  1.16239  0  0
9.875  1.19381  0  0
9.875  1.22522  0  0
9.875  1.25664  0  0
9.875  1.28805  0  0
9.875  1.31947  0  0
9.875  1.35088  0  0
9.875  1.3823  0  0
9.875  1.41372  0  0
9.875  1.44513  0  0
9.875  1.47655  0  0
9.875  1.50796  0  0
9.875  1.53938  0  0
9.875  1.5708  0  0
9.875  1.60221  0  0
9.875  1.63363  0  0
9.875  1.66504  0  0
9.875  1.69646  0  0
9.875  1.72788  0  0
9.875  1.75929  0  0
9.875  1.79071  0  0
9.875  1.82212  0  0
9.875  1.85354  0  0
9.875  1.88496  0  0
9.875  1.91637  0  0
9.875  1.94779  0  0
9.875  1.9792  0  0
9.875  2.01062  0  0
9.875  2.04204  0  0
9.875  2.07345  0  0
9.875  2.10487  0  0
9.875  2.13628  0  0
9.875  2.1677  0  0
9.875  2.19911  0  0
9.875  2.23053  0  0
9.875  2.26195  0  0
9.875  2.29336  0  0
9.875  2.32478  0  0
9.875  2.35619  0  0
9.875  2.38761  0  0
9.875  2.41903  0  0
9.875  2.45044  0  0
9.875  2.48186  0  0
9.875  2.51327  0  0
9.875  2.54469  0  0
9.875  2.57611  0  0
9.875  2.60752  0  0
9.875  2.63894  0  0
9.875  2.67035  0  0
9.875  2.70177  0  0
9.875  2.73319  0  0
9.875  2.7646  0  0
9.875  2.79602  0  0
9.875  2.82743  0  0
9.875  2.85885  0  0
9.875  2.89027  0  0
9.875  2.92168  0  0
9.875  2.9531  0  0
9.875  2.98451  0  0
9.875  3.01593  0  0
9.875  3.04734  0  0
9.875  3.07876  0  0
9.875  3.11018  0  0
10  0  0  0
10  0.0314159  0  0
10  0.0628319  0  0
10  0.0942478  0  0
10  0.125664  0  0
10  0.15708  0  0
10  0.188496  0  0
10  0.219911  0  0
10  0.251327  0  0
10  0.282743  0  0
10  0.314159  0  0
10  0.345575  0  0
10  0.376991  0  0
10  0.408407  0  0
10  0.439823  0  0
10  0.471239  0  0
10  0.502655  0  0
10  0.534071  0  0
10  0.565487  0  0
10  0.596903  0  0
10  0.628319  0  0
10  0.659734  0  0
10  0.69115  0  0
10  0.722566  0  0
10  0.753982  0  0
10  0.785398  0  0
10  0.816814  0  0
10  0.84823  0  0
10  0.879646  0  0
10  0.911062  0  0
10  0.942478  0  0
10  0.973894  0  0
10  1.00531  0  0
10  1.03673  0  0
10  1.06814  0  0
10  1.09956  0  0
10  1.13097  0  0
10  1.16239  0  0
10  1.19381  0  0
10  1.22522  0  0
10  1.25664  0  0
10  1.28805  0  0
10  1.31947  0  0
10  1.35088  0  0
10  1.3823  0  0
10  1.41372  0  0
10  1.44513  0  0
10  1.47655  0  0
10  1.50796  0  0
10  1.53938  0  0
10  1.5708  0  0
10  1.60221  0  0
10  1.63363  0  0
10  1.66504  0  0
10  1.69646  0  0
10  1.72788  0  0
10  1.75929  0  0
10  1.79071  0  0
10  1.82212  0  0
10  1.85354  0  0
10  1.88496  0  0
10  1.91637  0  0
10  1.94779  0  0
10  1.9792  0  0
10  2.01062  0  0
10  2.04204  0  0
10  2.07345  0  0
10  2.10487  0  0
10  2.13628  0  0
10  2.1677  0  0
10  2.19911  0  0
10  2.23053  0  0
10  2.26195  0  0
10  2.29336  0  0
10  2.32478  0  0
10  2.35619  0  0
10  2.38761  0  0
10  2.41903  0  0
10  2.45044  0  0
10  2.48186  0  0
10  2.51327  0  0
10  2.54469  0  0
10  2.57611  0  0
10  2.60752  0  0
10  2.63894  0  0
10  2.67035  0  0
10  2.70177  0  0
10  2.73319  0  0
10  2.7646  0  0
10  2.79602  0  0
10  2.82743  0  0
10  2.85885  0  0
10  2.89027  0  0
10  2.92168  0  0
10  2.9531  0  0
10  2.98451  0  0
10  3.01593  0  0
10  3.04734  0  0
10  3.07876  0  0
10  3.11018  0  0
10.125  0  0  0
10.125  0.0314159  0  0
10.125  0.0628319  0  0
10.125  0.0942478  0  0
10.125  0.125664  0  0
10.125  0.15708  0  0
10.125  0.188496  0  0
10.125  0.219911  0  0
10.125  0.251327  0  0
10.125  0.282743  0  0
10.125  0.314159  0  0
10.125  0.345575  0  0
10.125  0.376991  0  0
10.125  0.408407  0  0
10.125  0.439823  0  0
10.125  0.471239  0  0
10.125  0.502655  0  0
10.125  0.534071  0  0
10.125  0.565487  0  0
10.125  0.596903  0  0
10.125  0.628319  0  0
10.125  0.659734  0  0
10.125  0.69115  0  0
10.125  0.722566  0  0
10.125  0.753982  0  0
10.125  0.785398  0  0
10.125  0.816814  0  0
10.125  0.84823  0  0
10.125  0.879646  0  0
10.125  0.911062  0  0
10.125  0.942478  0  0
10.125  0.973894  0  0
10.125  1.00531  0  0
10.125  1.03673  0  0
10.125  1.06814  0  0
10.125  1.09956  0  0
10.125  1.13097  0  0
10.125  1.16239  0  0
10.125  1.19381  0  0
10.125  1.22522  0  0
10.125  1.25664  0  0
10.125  1.28805  0  0
10.125  1.31947  0  0
10.125  1.35088  0  0
10.125  1.3823  0  0
10.125  1.41372  0  0
10.125  1.44513  0  0
10.125  1.47655  0  0
10.125  1.50796  0  0
10.125  1.53938  0  0
10.125  1.5708  0  0
10.125  1.60221  0  0
10.125  1.63363  0  0
10.125  1.66504  0  0
10.125  1.69646  0  0
10.125  1.72788  0  0
10.125  1.75929  0  0
10.125  1.79071  0  0
10.125  1.82212  0  0
10.125  1.85354  0  0
10.125  1.88496  0  0
10.125  1.91637  0  0
10.125  1.94779  0  0
10.125  1.9792  0  0
10.125  2.01062  0  0
10.125  2.04204  0  0
10.125  2.07345  0  0
10.125  2.10487  0  0
10.125  2.13628  0  0
10.125  2.1677  0  0
10.125  2.19911  0  0
10.125  2.23053  0  0
10.125  2.26195  0  0
10.125  2.29336  0  0
10.125  2.32478  0  0
10.125  2.35619  0  0
10.125  2.38761  0  0
10.125  2.41903  0  0
10.125  2.45044  0  0
10.125  2.48186  0  0
10.125  2.51327  0  0
10.125  2.54469  0  0
10.125  2.57611  0  0
10.125  2.60752  0  0
10.125  2.63894  0  0
10.125  2.67035  0  0
10.125  2.70177  0  0
10.125  2.73319  0  0
10.125  2.7646  0  0
10.125  2.79602  0  0
10.125  2.82743  0  0
10.125  2.85885  0  0
10.125  2.89027  0  0
10.125  2.92168  0  0
10.125  2.9531  0  0
10.125  2.98451  0  0
10.125  3.01593  0  0
10.125  3.04734  0  0
10.125  3.07876  0  0
10.125  3.11018  0  0
10.25  0  0  0
10.25  0.0314159  0  0
10.25  0.0628319  0  0
10.25  0.0942478  0  0
10.25  0.125664  0  0
10.25  0.15708  0  0
10.25  0.188496  0  0
10.25  0.219911  0  0
10.25  0.251327  0  0
10.25  0.282743  0  0
10.25  0.314159  0  0
10.25  0.345575  0  0
10.25  0.376991  0  0
10.25  0.408407  0  0
10.25  0.439823  0  0
10.25  0.471239  0  0
10.25  0.502655  0  0
10.25  0.534071  0  0
10.25  0.565487  0  0
10.25  0.596903  0  0
10.25  0.628319  0  0
10.25  0.659734  0  0
10.25  0.69115  0  0
10.25  0.722566  0  0
10.25  0.753982  0  0
10.25  0.785398  0  0
10.25  0.816814  0  0
10.25  0.84823  0  0
10.25  0.879646  0  0
10.25  0.911062  0  0
10.25  0.942478  0  0
10.25  0.973894  0  0
10.25  1.00531  0  0
10.25  1.03673  0  0
10.25  1.06814  0  0
10.25  1.09956  0  0
10.25  1.13097  0  0
10.25  1.16239  0  0
10.25  1.19381  0  0
10.25  1.22522  0  0
10.25  1.25664  0  0
10.25  1.28805  0  0
10.25  1.31947  0  0
10.25  1.35088  0  0
10.25  1.3823  0  0
10.25  1.41372  0  0
10.25  1.44513  0  0
10.25  1.47655  0  0
10.25  1.50796  0  0
10.25  1.53938  0  0
10.25  1.5708  0  0
10.25  1.60221  0  0
10.25  1.63363  0  0
10.25  1.66504  0  0
10.25  1.69646  0  0
10.25  1.72788  0  0
10.25  1.75929  0  0
10.25  1.79071  0  0
10.25  1.82212  0  0
10.25  1.85354  0  0
10.25  1.88496  0  0
10.25  1.91637  0  0
10.25  1.94779  0  0
10.25  1.9792  0  0
10.25  2.01062  0  0
10.25  2.04204  0  0
10.25  2.07345  0  0
10.25  2.10487  0  0
10.25  2.13628  0  0
10.25  2.1677  0  0
10.25  2.19911  0  0
10.25  2.23053  0  0
10.25  2.26195  0  0
10.25  2.29336  0  0
10.25  2.32478  0  0
10.25  2.35619  0  0
10.25  2.38761  0  0
10.25  2.41903  0  0
10.25  2.45044  0  0
10.25  2.48186  0  0
10.25  2.51327  0  0
10.25  2.54469  0  0
10.25  2.57611  0  0
10.25  2.60752  0  0
10.25  2.63894  0  0
10.25  2.67035  0  0
10.25  2.70177  0  0
10.25  2.73319  0  0
10.25  2.7646  0  0
10.25  2.79602  0  0
10.25  2.82743  0  0
10.25  2.85885  0  0
10.25  2.89027  0  0
10.25  2.92168  0  0
10.25  2.9531  0  0
10.25  2.98451  0  0
10.25  3.01593  0  0
10.25  3.04734  0  0
10.25  3.07876  0  0
10.25  3.11018  0  0
10.375  0  0  0
10.375  0.0314159  0  0
10.375  0.0628319  0  0
10.375  0.0942478  0  0
10.375  0.125664  0  0
10.375  0.15708  0  0
10.375  0.188496  0  0
10.375  0.219911  0  0
10.375  0.251327  0  0
10.375  0.282743  0  0
10.375  0.314159  0  0
10.375  0.345575  0  0
10.375  0.376991  0  0
10.375  0.408407  0  0
10.375  0.439823  0  0
10.375  0.471239  0  0
10.375  0.502655  0  0
10.375  0.534071  0  0
10.375  0.565487  0  0
10.375  0.596903  0  0
10.375  0.628319  0  0
10.375  0.659734  0  0
10.375  0.69115  0  0
10.375  0.722566  0  0
10.375  0.753982  0  0
10.375  0.785398  0  0
10.375  0.816814  0  0
10.375  0.84823  0  0
10.375  0.879646  0  0
10.375  0.911062  0  0
10.375  0.942478  0  0
10.375  0.973894  0  0
10.375  1.00531  0  0
10.375  1.03673  0  0
10.375  1.06814  0  0
10.375  1.09956  0  0
10.375  1.13097  0  0
10.375  1.16239  0  0
10.375  1.19381  0  0
10.375  1.22522  0  0
10.375  1.25664  0  0
10.375  1.28805  0  0
10.375  1.31947  0  0
10.375  1.35088  0  0
10.375  1.3823  0  0
10.375  1.41372  0  0
10.375  1.44513  0  0
10.375  1.47655  0  0
10.375  1.50796  0  0
10.375  1.53938  0  0
10.375  1.5708  0  0
10.375  1.60221  0  0
10.375  1.63363  0  0
10.375  1.66504  0  0
10.375  1.69646  0  0
10.375  1.72788  0  0
10.375  1.75929  0  0
10.375  1.79071  0  0
10.375  1.82212  0  0
10.375  1.85354  0  0
10.375  1.88496  0  0
10.375  1.91637  0  0
10.375  1.94779  0  0
10.375  1.9792  0  0
10.375  2.01062  0  0
10.375  2.04204  0  0
10.375  2.07345  0  0
10.375  2.10487  0  0
10.375  2.13628  0  0
10.375  2.1677  0  0
10.375  2.19911  0  0
10.375  2.23053  0  0
10.375  2.26195  0  0
10.375  2.29336  0  0
10.375  2.32478  0  0
10.375  2.35619  0  0
10.375  2.38761  0  0
10.375  2.41903  0  0
10.375  2.45044  0  0
10.375  2.48186  0  0
10.375  2.51327  0  0
10.375  2.54469  0  0
10.375  2.57611  0  0
10.375  2.60752  0  0
10.375  2.63894  0  0
10.375  2.67035  0  0
10.375  2.70177  0  0
10.375  2.73319  0  0
10.375  2.7646  0  0
10.375  2.79602  0  0
10.375  2.82743  0  0
10.375  2.85885  0  0
10.375  2.89027  0  0
10.375  2.92168  0  0
10.375  2.9531  0  0
10.375  2.98451  0  0
10.375  3.01593  0  0
10.375  3.04734  0  0
10.375  3.07876  0  0
10.375  3.11018  0  0
10.5  0  0  0
10.5  0.0314159  0  0
10.5  0.0628319  0  0
10.5  0.0942478  0  0
10.5  0.125664  0  0
10.5  0.15708  0  0
10.5  0.188496  0  0
10.5  0.219911  0  0
10.5  0.251327  0  0
10.5  0.282743  0  0
10.5  0.314159  0  0
10.5  0.345575  0  0
10.5  0.376991  0  0
10.5  0.408407  0  0
10.5  0.439823  0  0
10.5  0.471239  0  0
10.5  0.502655  0  0
10.5  0.534071  0  0
10.5  0.565487  0  0
10.5  0.596903  0  0
10.5  0.628319  0  0
10.5  0.659734  0  0
10.5  0.69115  0  0
10.5  0.722566  0  0
10.5  0.753982  0  0
10.5  0.785398  0  0
10.5  0.816814  0  0
10.5  0.84823  0  0
10.5  0.879646  0  0
10.5  0.911062  0  0
10.5  0.942478  0  0
10.5  0.973894  0  0
10.5  1.00531  0  0
10.5  1.03673  0  0
10.5  1.06814  0  0
10.5  1.09956  0  0
10.5  1.13097  0  0
10.5  1.16239  0  0
10.5  1.19381  0  0
10.5  1.22522  0  0
10.5  1.25664  0  0
10.5  1.28805  0  0
10.5  1.31947  0  0
10.5  1.35088  0  0
10.5  1.3823  0  0
10.5  1.41372  0  0
10.5  1.44513  0  0
10.5  1.47655  0  0
10.5  1.50796  0  0
10.5  1.53938  0  0
10.5  1.5708  0  0
10.5  1.60221  0  0
10.5  1.63363  0  0
10.5  1.66504  0  0
10.5  1.69646  0  0
10.5  1.72788  0  0
10.5  1.75929  0  0
10.5  1.79071  0  0
10.5  1.82212  0  0
10.5  1.85354  0  0
10.5  1.88496  0  0
10.5  1.91637  0  0
10.5  1.94779  0  0
10.5  1.9792  0  0
10.5  2.01062  0  0
10.5  2.04204  0  0
10.5  2.07345  0  0
10.5  2.10487  0  0
10.5  2.13628  0  0
10.5  2.1677  0  0
10.5  2.19911  0  0
10.5  2.23053  0  0
10.5  2.26195  0  0
10.5  2.29336  0  0
10.5  2.32478  0  0
10.5  2.35619  0  0
10.5  2.38761  0  0
10.5  2.41903  0  0
10.5  2.45044  0  0
10.5  2.48186  0  0
10.5  2.51327  0  0
10.5  2.54469  0  0
10.5  2.57611  0  0
10.5  2.60752  0  0
10.5  2.63894  0  0
10.5  2.67035  0  0
10.5  2.70177  0  0
10.5  2.73319  0  0
10.5  2.7646  0  0
10.5  2.79602  0  0
10.5  2.82743  0  0
10.5  2.85885  0  0
10.5  2.89027  0  0
10.5  2.92168  0  0
10.5  2.9531  0  0
10.5  2.98451  0  0
10.5  3.01593  0  0
10.5  3.04734  0  0
10.5  3.07876  0  0
10.5  3.11018  0  0
10.625  0  0  0
10.625  0.0314159  0  0
10.625  0.0628319  0  0
10.625  0.0942478  0  0
10.625  0.125664  0  0
10.625  0.15708  0  0
10.625  0.188496  0  0
10.625  0.219911  0  0
10.625  0.251327  0  0
10.625  0.282743  0  0
10.625  0.314159  0  0
10.625  0.345575  0  0
10.625  0.376991  0  0
10.625  0.408407  0  0
10.625  0.439823  0  0
10.625  0.471239  0  0
10.625  0.502655  0  0
10.625  0.534071  0  0
10.625  0.565487  0  0
10.625  0.596903  0  0
10.625  0.628319  0  0
10.625  0.659734  0  0
10.625  0.69115  0  0
10.625  0.722566  0  0
10.625  0.753982  0  0
10.625  0.785398  0  0
10.625  0.816814  0  0
10.625  0.84823  0  0
10.625  0.879646  0  0
10.625  0.911062  0  0
10.625  0.942478  0  0
10.625  0.973894  0  0
10.625  1.00531  0  0
10.625  1.03673  0  0
10.625  1.06814  0  0
10.625  1.09956  0  0
10.625  1.13097  0  0
10.625  1.16239  0  0
10.625  1.19381  0  0
10.625  1.22522  0  0
10.625  1.25664  0  0
10.625  1.28805  0  0
10.625  1.31947  0  0
10.625  1.35088  0  0
10.625  1.3823  0  0
10.625  1.41372  0  0
10.625  1.44513  0  0
10.625  1.47655  0  0
10.625  1.50796  0  0
10.625  1.53938  0  0
10.625  1.5708  0  0
10.625  1.60221  0  0
10.625  1.63363  0  0
10.625  1.66504  0  0
10.625  1.69646  0  0
10.625  1.72788  0  0
10.625  1.75929  0  0
10.625  1.79071  0  0
10.625  1.82212  0  0
10.625  1.85354  0  0
10.625  1.88496  0  0
10.625  1.91637  0  0
10.625  1.94779  0  0
10.625  1.9792  0  0
10.625  2.01062  0  0
10.625  2.04204  0  0
10.625  2.07345  0  0
10.625  2.10487  0  0
10.625  2.13628  0  0
10.625  2.1677  0  0
10.625  2.19911  0  0
10.625  2.23053  0  0
10.625  2.26195  0  0
10.625  2.29336  0  0
10.625  2.32478  0  0
10.625  2.35619  0  0
10.625  2.38761  0  0
10.625  2.41903  0  0
10.625  2.45044  0  0
10.625  2.48186  0  0
10.625  2.51327  0  0
10.625  2.54469  0  0
10.625  2.57611  0  0
10.625  2.60752  0  0
10.625  2.63894  0  0
10.625  2.67035  0  0
10.625  2.70177  0  0
10.625  2.73319  0  0
10.625  2.7646  0  0
10.625  2.79602  0  0
10.625  2.82743  0  0
10.625  2.85885  0  0
10.625  2.89027  0  0
10.625  2.92168  0  0
10.625  2.9531  0  0
10.625  2.98451  0  0
10.625  3.01593  0  0
10.625  3.04734  0  0
10.625  3.07876  0  0
10.625  3.11018  0  0
10.75  0  0  0
10.75  0.0314159  0  0
10.75  0.0628319  0  0
10.75  0.0942478  0  0
10.75  0.125664  0  0
10.75  0.15708  0  0
10.75  0.188496  0  0
10.75  0.219911  0  0
10.75  0.251327  0  0
10.75  0.282743  0  0
10.75  0.314159  0  0
10.75  0.345575  0  0
10.75  0.376991  0  0
10.75  0.408407  0  0
10.75  0.439823  0  0
10.75  0.471239  0  0
10.75  0.502655  0  0
10.75  0.534071  0  0
10.75  0.565487  0  0
10.75  0.596903  0  0
10.75  0.628319  0  0
10.75  0.659734  0  0
10.75  0.69115  0  0
10.75  0.722566  0  0
10.75  0.753982  0  0
10.75  0.785398  0  0
10.75  0.816814  0  0
10.75  0.84823  0  0
10.75  0.879646  0  0
10.75  0.911062  0  0
10.75  0.942478  0  0
10.75  0.973894  0  0
10.75  1.00531  0  0
10.75  1.03673  0  0
10.75  1.06814  0  0
10.75  1.09956  0  0
10.75  1.13097  0  0
10.75  1.16239  0  0
10.75  1.19381  0  0
10.75  1.22522  0  0
10.75  1.25664  0  0
10.75  1.28805  0  0
10.75  1.31947  0  0
10.75  1.35088  0  0
10.75  1.3823  0  0
10.75  1.41372  0  0
10.75  1.44513  0  0
10.75  1.47655  0  0
10.75  1.50796  0  0
10.75  1.53938  0  0
10.75  1.5708  0  0
10.75  1.60221  0  0
10.75  1.63363  0  0
10.75  1.66504  0  0
10.75  1.69646  0  0
10.75  1.72788  0  0
10.75  1.75929  0  0
10.75  1.79071  0  0
10.75  1.82212  0  0
10.75  1.85354  0  0
10.75  1.88496  0  0
10.75  1.91637  0  0
10.75  1.94779  0  0
10.75  1.9792  0  0
10.75  2.01062  0  0
10.75  2.04204  0  0
10.75  2.07345  0  0
10.75  2.10487  0  0
10.75  2.13628  0  0
10.75  2.1677  0  0
10.75  2.19911  0  0
10.75  2.23053  0  0
10.75  2.26195  0  0
10.75  2.29336  0  0
10.75  2.32478  0  0
10.75  2.35619  0  0
10.75  2.38761  0  0
10.75  2.41903  0  0
10.75  2.45044  0  0
10.75  2.48186  0  0
10.75  2.51327  0  0
10.75  2.54469  0  0
10.75  2.57611  0  0
10.75  2.60752  0  0
10.75  2.63894  0  0
10.75  2.67035  0  0
10.75  2.70177  0  0
10.75  2.73319  0  0
10.75  2.7646  0  0
10.75  2.79602  0  0
10.75  2.82743  0  0
10.75  2.85885  0  0
10.75  2.89027  0  0
10.75  2.92168  0  0
10.75  2.9531  0  0
10.75  2.98451  0  0
10.75  3.01593  0  0
10.75  3.04734  0  0
10.75  3.07876  0  0
10.75  3.11018  0  0
10.875  0  0  0
10.875  0.0314159  0  0
10.875  0.0628319  0  0
10.875  0.0942478  0  0
10.875  0.125664  0  0
10.875  0.15708  0  0
10.875  0.188496  0  0
10.875  0.219911  0  0
10.875  0.251327  0  0
10.875  0.282743  0  0
10.875  0.314159  0  0
10.875  0.345575  0  0
10.875  0.376991  0  0
10.875  0.408407  0  0
10.875  0.439823  0  0
10.875  0.471239  0  0
10.875  0.502655  0  0
10.875  0.534071  0  0
10.875  0.565487  0  0
10.875  0.596903  0  0
10.875  0.628319  0  0
10.875  0.659734  0  0
10.875  0.69115  0  0
10.875  0.722566  0  0
10.875  0.753982  0  0
10.875  0.785398  0  0
10.875  0.816814  0  0
10.875  0.84823  0  0
10.875  0.879646  0  0
10.875  0.911062  0  0
10.875  0.942478  0  0
10.875  0.973894  0  0
10.875  1.00531  0  0
10.875  1.03673  0  0
10.875  1.06814  0  0
10.875  1.09956  0  0
10.875  1.13097  0  0
10.875  1.16239  0  0
10.875  1.19381  0  0
10.875  1.22522  0  0
10.875  1.25664  0  0
10.875  1.28805  0  0
10.875  1.31947  0  0
10.875  1.35088  0  0
10.875  1.3823  0  0
10.875  1.41372  0  0
10.875  1.44513  0  0
10.875  1.47655  0  0
10.875  1.50796  0  0
10.875  1.53938  0  0
10.875  1.5708  0  0
10.875  1.60221  0  0
10.875  1.63363  0  0
10.875  1.66504  0  0
10.875  1.69646  0  0
10.875  1.72788  0  0
10.875  1.75929  0  0
10.875  1.79071  0  0
10.875  1.82212  0  0
10.875  1.85354  0  0
10.875  1.88496  0  0
10.875  1.91637  0  0
10.875  1.94779  0  0
10.875  1.9792  0  0
10.875  2.01062  0  0
10.875  2.04204  0  0
10.875  2.07345  0  0
10.875  2.10487  0  0
10.875  2.13628  0  0
10.875  2.1677  0  0
10.875  2.19911  0  0
10.875  2.23053  0  0
10.875  2.26195  0  0
10.875  2.29336  0  0
10.875  2.32478  0  0
10.875  2.35619  0  0
10.875  2.38761  0  0
10.875  2.41903  0  0
10.875  2.45044  0  0
10.875  2.48186  0  0
10.875  2.51327  0  0
10.875  2.54469  0  0
10.875  2.57611  0  0
10.875  2.60752  0  0
10.875  2.63894  0  0
10.875  2.67035  0  0
10.875  2.70177  0  0
10.875  2.73319  0  0
10.875  2.7646  0  0
10.875  2.79602  0  0
10.875  2.82743  0  0
10.875  2.85885  0  0
10.875  2.89027  0  0
10.875  2.92168  0  0
10.875  2.9531  0  0
10.875  2.98451  0  0
10.875  3.01593  0  0
10.875  3.04734  0  0
10.875  3.07876  0  0
10.875  3.11018  0  0
11  0  0  0
11  0.0314159  0  0
11  0.0628319  0  0
11  0.0942478  0  0
11  0.125664  0  0
11  0.15708  0  0
11  0.188496  0  0
11  0.219911  0  0
11  0.251327  0  0
11  0.282743  0  0
11  0.314159  0  0
11  0.345575  0  0
11  0.376991  0  0
11  0.408407  0  0
11  0.439823  0  0
11  0.471239  0  0
11  0.502655  0  0
11  0.534071  0  0
11  0.565487  0  0
11  0.596903  0  0
11  0.628319  0  0
11  0.659734  0  0
11  0.69115  0  0
11  0.722566  0  0
11  0.753982  0  0
11  0.785398  0  0
11  0.816814  0  0
11  0.84823  0  0
11  0.879646  0  0
11  0.911062  0  0
11  0.942478  0  0
11  0.973894  0  0
11  1.00531  0  0
11  1.03673  0  0
11  1.06814  0  0
11  1.09956  0  0
11  1.13097  0  0
11  1.16239  0  0
11  1.19381  0  0
11  1.22522  0  0
11  1.25664  0  0
11  1.28805  0  0
11  1.31947  0  0
11  1.35088  0  0
11  1.3823  0  0
11  1.41372  0  0
11  1.44513  0  0
11  1.47655  0  0
11  1.50796  0  0
11  1.53938  0  0
11  1.5708  0  0
11  1.60221  0  0
11  1.63363  0  0
11  1.66504  0  0
11  1.69646  0  0
11  1.72788  0  0
11  1.75929  0  0
11  1.79071  0  0
11  1.82212  0  0
11  1.85354  0  0
11  1.88496  0  0
11  1.91637  0  0
11  1.94779  0  0
11  1.9792  0  0
11  2.01062  0  0
11  2.04204  0  0
11  2.07345  0  0
11  2.10487  0  0
11  2.13628  0  0
11  2.1677  0  0
11  2.19911  0  0
11  2.23053  0  0
11  2.26195  0  0
11  2.29336  0  0
11  2.32478  0  0
11  2.35619  0  0
11  2.38761  0  0
11  2.41903  0  0
11  2.45044  0  0
11  2.48186  0  0
11  2.51327  0  0
11  2.54469  0  0
11  2.57611  0  0
11  2.60752  0  0
11  2.63894  0  0
11  2.67035  0  0
11  2.70177  0  0
11  2.73319  0  0
11  2.7646  0  0
11  2.79602  0  0
11  2.82743  0  0
11  2.85885  0  0
11  2.89027  0  0
11  2.92168  0  0
11  2.9531  0  0
11  2.98451  0  0
11  3.01593  0  0
11  3.04734  0  0
11  3.07876  0  0
11  3.11018  0  0
11.125  0  0  0
11.125  0.0314159  0  0
11.125  0.0628319  0  0
11.125  0.0942478  0  0
11.125  0.125664  0  0
11.125  0.15708  0  0
11.125  0.188496  0  0
11.125  0.219911  0  0
11.125  0.251327  0  0
11.125  0.282743  0  0
11.125  0.314159  0  0
11.125  0.345575  0  0
11.125  0.376991  0  0
11.125  0.408407  0  0
11.125  0.439823  0  0
11.125  0.471239  0  0
11.125  0.502655  0  0
11.125  0.534071  0  0
11.125  0.565487  0  0
11.125  0.596903  0  0
11.125  0.628319  0  0
11.125  0.659734  0  0
11.125  0.69115  0  0
11.125  0.722566  0  0
11.125  0.753982  0  0
11.125  0.785398  0  0
11.125  0.816814  0  0
11.125  0.84823  0  0
11.125  0.879646  0  0
11.125  0.911062  0  0
11.125  0.942478  0  0
11.125  0.973894  0  0
11.125  1.00531  0  0
11.125  1.03673  0  0
11.125  1.06814  0  0
11.125  1.09956  0  0
11.125  1.13097  0  0
11.125  1.16239  0  0
11.125  1.19381  0  0
11.125  1.22522  0  0
11.125  1.25664  0  0
11.125  1.28805  0  0
11.125  1.31947  0  0
11.125  1.35088  0  0
11.125  1.3823  0  0
11.125  1.41372  0  0
11.125  1.44513  0  0
11.125  1.47655  0  0
11.125  1.50796  0  0
11.125  1.53938  0  0
11.125  1.5708  0  0
11.125  1.60221  0  0
11.125  1.63363  0  0
11.125  1.66504  0  0
11.125  1.69646  0  0
11.125  1.72788  0  0
11.125  1.75929  0  0
11.125  1.79071  0  0
11.125  1.82212  0  0
11.125  1.85354  0  0
11.125  1.88496  0  0
11.125  1.91637  0  0
11.125  1.94779  0  0
11.125  1.9792  0  0
11.125  2.01062  0  0
11.125  2.04204  0  0
11.125  2.07345  0  0
11.125  2.10487  0  0
11.125  2.13628  0  0
11.125  2.1677  0  0
11.125  2.19911  0  0
11.125  2.23053  0  0
11.125  2.26195  0  0
11.125  2.29336  0  0
11.125  2.32478  0  0
11.125  2.35619  0  0
11.125  2.38761  0  0
11.125  2.41903  0  0
11.125  2.45044  0  0
11.125  2.48186  0  0
11.125  2.51327  0  0
11.125  2.54469  0  0
11.125  2.57611  0  0
11.125  2.60752  0  0
11.125  2.63894  0  0
11.125  2.67035  0  0
11.125  2.70177  0  0
11.125  2.73319  0  0
11.125  2.7646  0  0
11.125  2.79602  0  0
11.125  2.82743  0  0
11.125  2.85885  0  0
11.125  2.89027  0  0
11.125  2.92168  0  0
11.125  2.9531  0  0
11.125  2.98451  0  0
11.125  3.01593  0  0
11.125  3.04734  0  0
11.125  3.07876  0  0
11.125  3.11018  0  0
11.25  0  0  0
11.25  0.0314159  0  0
11.25  0.0628319  0  0
11.25  0.0942478  0  0
11.25  0.125664  0  0
11.25  0.15708  0  0
11.25  0.188496  0  0
11.25  0.219911  0  0
11.25  0.251327  0  0
11.25  0.282743  0  0
11.25  0.314159  0  0
11.25  0.345575  0  0
11.25  0.376991  0  0
11.25  0.408407  0  0
11.25  0.439823  0  0
11.25  0.471239  0  0
11.25  0.502655  0  0
11.25  0.534071  0  0
11.25  0.565487  0  0
11.25  0.596903  0  0
11.25  0.628319  0  0
11.25  0.659734  0  0
11.25  0.69115  0  0
11.25  0.722566  0  0
11.25  0.753982  0  0
11.25  0.785398  0  0
11.25  0.816814  0  0
11.25  0.84823  0  0
11.25  0.879646  0  0
11.25  0.911062  0  0
11.25  0.942478  0  0
11.25  0.973894  0  0
11.25  1.00531  0  0
11.25  1.03673  0  0
11.25  1.06814  0  0
11.25  1.09956  0  0
11.25  1.13097  0  0
11.25  1.16239  0  0
11.25  1.19381  0  0
11.25  1.22522  0  0
11.25  1.25664  0  0
11.25  1.28805  0  0
11.25  1.31947  0  0
11.25  1.35088  0  0
11.25  1.3823  0  0
11.25  1.41372  0  0
11.25  1.44513  0  0
11.25  1.47655  0  0
11.25  1.50796  0  0
11.25  1.53938  0  0
11.25  1.5708  0  0
11.25  1.60221  0  0
11.25  1.63363  0  0
11.25  1.66504  0  0
11.25  1.69646  0  0
11.25  1.72788  0  0
11.25  1.75929  0  0
11.25  1.79071  0  0
11.25  1.82212  0  0
11.25  1.85354  0  0
11.25  1.88496  0  0
11.25  1.91637  0  0
11.25  1.94779  0  0
11.25  1.9792  0  0
11.25  2.01062  0  0
11.25  2.04204  0  0
11.25  2.07345  0  0
11.25  2.10487  0  0
11.25  2.13628  0  0
11.25  2.1677  0  0
11.25  2.19911  0  0
11.25  2.23053  0  0
11.25  2.26195  0  0
11.25  2.29336  0  0
11.25  2.32478  0  0
11.25  2.35619  0  0
11.25  2.38761  0  0
11.25  2.41903  0  0
11.25  2.45044  0  0
11.25  2.48186  0  0
11.25  2.51327  0  0
11.25  2.54469  0  0
11.25  2.57611  0  0
11.25  2.60752  0  0
11.25  2.63894  0  0
11.25  2.67035  0  0
11.25  2.70177  0  0
11.25  2.73319  0  0
11.25  2.7646  0  0
11.25  2.79602  0  0
11.25  2.82743  0  0
11.25  2.85885  0  0
11.25  2.89027  0  0
11.25  2.92168  0  0
11.25  2.9531  0  0
11.25  2.98451  0  0
11.25  3.01593  0  0
11.25  3.04734  0  0
11.25  3.07876  0  0
11.25  3.11018  0  0
11.375  0  0  0
11.375  0.0314159  0  0
11.375  0.0628319  0  0
11.375  0.0942478  0  0
11.375  0.125664  0  0
11.375  0.15708  0  0
11.375  0.188496  0  0
11.375  0.219911  0  0
11.375  0.251327  0  0
11.375  0.282743  0  0
11.375  0.314159  0  0
11.375  0.345575  0  0
11.375  0.376991  0  0
11.375  0.408407  0  0
11.375  0.439823  0  0
11.375  0.471239  0  0
11.375  0.502655  0  0
11.375  0.534071  0  0
11.375  0.565487  0  0
11.375  0.596903  0  0
11.375  0.628319  0  0
11.375  0.659734  0  0
11.375  0.69115  0  0
11.375  0.722566  0  0
11.375  0.753982  0  0
11.375  0.785398  0  0
11.375  0.816814  0  0
11.375  0.84823  0  0
11.375  0.879646  0  0
11.375  0.911062  0  0
11.375  0.942478  0  0
11.375  0.973894  0  0
11.375  1.00531  0  0
11.375  1.03673  0  0
11.375  1.06814  0  0
11.375  1.09956  0  0
11.375  1.13097  0  0
11.375  1.16239  0  0
11.375  1.19381  0  0
11.375  1.22522  0  0
11.375  1.25664  0  0
11.375  1.28805  0  0
11.375  1.31947  0  0
11.375  1.35088  0  0
11.375  1.3823  0  0
11.375  1.41372  0  0
11.375  1.44513  0  0
11.375  1.47655  0  0
11.375  1.50796  0  0
11.375  1.53938  0  0
11.375  1.5708  0  0
11.375  1.60221  0  0
11.375  1.63363  0  0
11.375  1.66504  0  0
11.375  1.69646  0  0
11.375  1.72788  0  0
11.375  1.75929  0  0
11.375  1.79071  0  0
11.375  1.82212  0  0
11.375  1.85354  0  0
11.375  1.88496  0  0
11.375  1.91637  0  0
11.375  1.94779  0  0
11.375  1.9792  0  0
11.375  2.01062  0  0
11.375  2.04204  0  0
11.375  2.07345  0  0
11.375  2.10487  0  0
11.375  2.13628  0  0
11.375  2.1677  0  0
11.375  2.19911  0  0
11.375  2.23053  0  0
11.375  2.26195  0  0
11.375  2.29336  0  0
11.375  2.32478  0  0
11.375  2.35619  0  0
11.375  2.38761  0  0
11.375  2.41903  0  0
11.375  2.45044  0  0
11.375  2.48186  0  0
11.375  2.51327  0  0
11.375  2.54469  0  0
11.375  2.57611  0  0
11.375  2.60752  0  0
11.375  2.63894  0  0
11.375  2.67035  0  0
11.375  2.70177  0  0
11.375  2.73319  0  0
11.375  2.7646  0  0
11.375  2.79602  0  0
11.375  2.82743  0  0
11.375  2.85885  0  0
11.375  2.89027  0  0
11.375  2.92168  0  0
11.375  2.9531  0  0
11.375  2.98451  0  0
11.375  3.01593  0  0
11.375  3.04734  0  0
11.375  3.07876  0  0
11.375  3.11018  0  0
11.5  0  0  0
11.5  0.0314159  0  0
11.5  0.0628319  0  0
11.5  0.0942478  0  0
11.5  0.125664  0  0
11.5  0.15708  0  0
11.5  0.188496  0  0
11.5  0.219911  0  0
11.5  0.251327  0  0
11.5  0.282743  0  0
11.5  0.314159  0  0
11.5  0.345575  0  0
11.5  0.376991  0  0
11.5  0.408407  0  0
11.5  0.439823  0  0
11.5  0.471239  0  0
11.5  0.502655  0  0
11.5  0.534071  0  0
11.5  0.565487  0  0
11.5  0.596903  0  0
11.5  0.628319  0  0
11.5  0.659734  0  0
11.5  0.69115  0  0
11.5  0.722566  0  0
11.5  0.753982  0  0
11.5  0.785398  0  0
11.5  0.816814  0  0
11.5  0.84823  0  0
11.5  0.879646  0  0
11.5  0.911062  0  0
11.5  0.942478  0  0
11.5  0.973894  0  0
11.5  1.00531  0  0
11.5  1.03673  0  0
11.5  1.06814  0  0
11.5  1.09956  0  0
11.5  1.13097  0  0
11.5  1.16239  0  0
11.5  1.19381  0  0
11.5  1.22522  0  0
11.5  1.25664  0  0
11.5  1.28805  0  0
11.5  1.31947  0  0
11.5  1.35088  0  0
11.5  1.3823  0  0
11.5  1.41372  0  0
11.5  1.44513  0  0
11.5  1.47655  0  0
11.5  1.50796  0  0
11.5  1.53938  0  0
11.5  1.5708  0  0
11.5  1.60221  0  0
11.5  1.63363  0  0
11.5  1.66504  0  0
11.5  1.69646  0  0
11.5  1.72788  0  0
11.5  1.75929  0  0
11.5  1.79071  0  0
11.5  1.82212  0  0
11.5  1.85354  0  0
11.5  1.88496  0  0
11.5  1.91637  0  0
11.5  1.94779  0  0
11.5  1.9792  0  0
11.5  2.01062  0  0
11.5  2.04204  0  0
11.5  2.07345  0  0
11.5  2.10487  0  0
11.5  2.13628  0  0
11.5  2.1677  0  0
11.5  2.19911  0  0
11.5  2.23053  0  0
11.5  2.26195  0  0
11.5  2.29336  0  0
11.5  2.32478  0  0
11.5  2.35619  0  0
11.5  2.38761  0  0
11.5  2.41903  0  0
11.5  2.45044  0  0
11.5  2.48186  0  0
11.5  2.51327  0  0
11.5  2.54469  0  0
11.5  2.57611  0  0
11.5  2.60752  0  0
11.5  2.63894  0  0
11.5  2.67035  0  0
11.5  2.70177  0  0
11.5  2.73319  0  0
11.5  2.7646  0  0
11.5  2.79602  0  0
11.5  2.82743  0  0
11.5  2.85885  0  0
11.5  2.89027  0  0
11.5  2.92168  0  0
11.5  2.9531  0  0
11.5  2.98451  0  0
11.5  3.01593  0  0
11.5  3.04734  0  0
11.5  3.07876  0  0
11.5  3.11018  0  0
11.625  0  0  0
11.625  0.0314159  0  0
11.625  0.0628319  0  0
11.625  0.0942478  0  0
11.625  0.125664  0  0
11.625  0.15708  0  0
11.625  0.188496  0  0
11.625  0.219911  0  0
11.625  0.251327  0  0
11.625  0.282743  0  0
11.625  0.314159  0  0
11.625  0.345575  0  0
11.625  0.376991  0  0
11.625  0.408407  0  0
11.625  0.439823  0  0
11.625  0.471239  0  0
11.625  0.502655  0  0
11.625  0.534071  0  0
11.625  0.565487  0  0
11.625  0.596903  0  0
11.625  0.628319  0  0
11.625  0.659734  0  0
11.625  0.69115  0  0
11.625  0.722566  0  0
11.625  0.753982  0  0
11.625  0.785398  0  0
11.625  0.816814  0  0
11.625  0.84823  0  0
11.625  0.879646  0  0
11.625  0.911062  0  0
11.625  0.942478  0  0
11.625  0.973894  0  0
11.625  1.00531  0  0
11.625  1.03673  0  0
11.625  1.06814  0  0
11.625  1.09956  0  0
11.625  1.13097  0  0
11.625  1.16239  0  0
11.625  1.19381  0  0
11.625  1.22522  0  0
11.625  1.25664  0  0
11.625  1.28805  0  0
11.625  1.31947  0  0
11.625  1.35088  0  0
11.625  1.3823  0  0
11.625  1.41372  0  0
11.625  1.44513  0  0
11.625  1.47655  0  0
11.625  1.50796  0  0
11.625  1.53938  0  0
11.625  1.5708  0  0
11.625  1.60221  0  0
11.625  1.63363  0  0
11.625  1.66504  0  0
11.625  1.69646  0  0
11.625  1.72788  0  0
11.625  1.75929  0  0
11.625  1.79071  0  0
11.625  1.82212  0  0
11.625  1.85354  0  0
11.625  1.88496  0  0
11.625  1.91637  0  0
11.625  1.94779  0  0
11.625  1.9792  0  0
11.625  2.01062  0  0
11.625  2.04204  0  0
11.625  2.07345  0  0
11.625  2.10487  0  0
11.625  2.13628  0  0
11.625  2.1677  0  0
11.625  2.19911  0  0
11.625  2.23053  0  0
11.625  2.26195  0  0
11.625  2.29336  0  0
11.625  2.32478  0  0
11.625  2.35619  0  0
11.625  2.38761  0  0
11.625  2.41903  0  0
11.625  2.45044  0  0
11.625  2.48186  0  0
11.625  2.51327  0  0
11.625  2.54469  0  0
11.625  2.57611  0  0
11.625  2.60752  0  0
11.625  2.63894  0  0
11.625  2.67035  0  0
11.625  2.70177  0  0
11.625  2.73319  0  0
11.625  2.7646  0  0
11.625  2.79602  0  0
11.625  2.82743  0  0
11.625  2.85885  0  0
11.625  2.89027  0  0
11.625  2.92168  0  0
11.625  2.9531  0  0
11.625  2.98451  0  0
11.625  3.01593  0  0
11.625  3.04734  0  0
11.625  3.07876  0  0
11.625  3.11018  0  0
11.75  0  0  0
11.75  0.0314159  0  0
11.75  0.0628319  0  0
11.75  0.0942478  0  0
11.75  0.125664  0  0
11.75  0.15708  0  0
11.75  0.188496  0  0
11.75  0.219911  0  0
11.75  0.251327  0  0
11.75  0.282743  0  0
11.75  0.314159  0  0
11.75  0.345575  0  0
11.75  0.376991  0  0
11.75  0.408407  0  0
11.75  0.439823  0  0
11.75  0.471239  0  0
11.75  0.502655  0  0
11.75  0.534071  0  0
11.75  0.565487  0  0
11.75  0.596903  0  0
11.75  0.628319  0  0
11.75  0.659734  0  0
11.75  0.69115  0  0
11.75  0.722566  0  0
11.75  0.753982  0  0
11.75  0.785398  0  0
11.75  0.816814  0  0
11.75  0.84823  0  0
11.75  0.879646  0  0
11.75  0.911062  0  0
11.75  0.942478  0  0
11.75  0.973894  0  0
11.75  1.00531  0  0
11.75  1.03673  0  0
11.75  1.06814  0  0
11.75  1.09956  0  0
11.75  1.13097  0  0
11.75  1.16239  0  0
11.75  1.19381  0  0
11.75  1.22522  0  0
11.75  1.25664  0  0
11.75  1.28805  0  0
11.75  1.31947  0  0
11.75  1.35088  0  0
11.75  1.3823  0  0
11.75  1.41372  0  0
11.75  1.44513  0  0
11.75  1.47655  0  0
11.75  1.50796  0  0
11.75  1.53938  0  0
11.75  1.5708  0  0
11.75  1.60221  0  0
11.75  1.63363  0  0
11.75  1.66504  0  0
11.75  1.69646  0  0
11.75  1.72788  0  0
11.75  1.75929  0  0
11.75  1.79071  0  0
11.75  1.82212  0  0
11.75  1.85354  0  0
11.75  1.88496  0  0
11.75  1.91637  0  0
11.75  1.94779  0  0
11.75  1.9792  0  0
11.75  2.01062  0  0
11.75  2.04204  0  0
11.75  2.07345  0  0
11.75  2.10487  0  0
11.75  2.13628  0  0
11.75  2.1677  0  0
11.75  2.19911  0  0
11.75  2.23053  0  0
11.75  2.26195  0  0
11.75  2.29336  0  0
11.75  2.32478  0  0
11.75  2.35619  0  0
11.75  2.38761  0  0
11.75  2.41903  0  0
11.75  2.45044  0  0
11.75  2.48186  0  0
11.75  2.51327  0  0
11.75  2.54469  0  0
11.75  2.57611  0  0
11.75  2.60752  0  0
11.75  2.63894  0  0
11.75  2.67035  0  0
11.75  2.70177  0  0
11.75  2.73319  0  0
11.75  2.7646  0  0
11.75  2.79602  0  0
11.75  2.82743  0  0
11.75  2.85885  0  0
11.75  2.89027  0  0
11.75  2.92168  0  0
11.75  2.9531  0  0
11.75  2.98451  0  0
11.75  3.01593  0  0
11.75  3.04734  0  0
11.75  3.07876  0  0
11.75  3.11018  0  0
11.875  0  0  0
11.875  0.0314159  0  0
11.875  0.0628319  0  0
11.875  0.0942478  0  0
11.875  0.125664  0  0
11.875  0.15708  0  0
11.875  0.188496  0  0
11.875  0.219911  0  0
11.875  0.251327  0  0
11.875  0.282743  0  0
11.875  0.314159  0  0
11.875  0.345575  0  0
11.875  0.376991  0  0
11.875  0.408407  0  0
11.875  0.439823  0  0
11.875  0.471239  0  0
11.875  0.502655  0  0
11.875  0.534071  0  0
11.875  0.565487  0  0
11.875  0.596903  0  0
11.875  0.628319  0  0
11.875  0.659734  0  0
11.875  0.69115  0  0
11.875  0.722566  0  0
11.875  0.753982  0  0
11.875  0.785398  0  0
11.875  0.816814  0  0
11.875  0.84823  0  0
11.875  0.879646  0  0
11.875  0.911062  0  0
11.875  0.942478  0  0
11.875  0.973894  0  0
11.875  1.00531  0  0
11.875  1.03673  0  0
11.875  1.06814  0  0
11.875  1.09956  0  0
11.875  1.13097  0  0
11.875  1.16239  0  0
11.875  1.19381  0  0
11.875  1.22522  0  0
11.875  1.25664  0  0
11.875  1.28805  0  0
11.875  1.31947  0  0
11.875  1.35088  0  0
11.875  1.3823  0  0
11.875  1.41372  0  0
11.875  1.44513  0  0
11.875  1.47655  0  0
11.875  1.50796  0  0
11.875  1.53938  0  0
11.875  1.5708  0  0
11.875  1.60221  0  0
11.875  1.63363  0  0
11.875  1.66504  0  0
11.875  1.69646  0  0
11.875  1.72788  0  0
11.875  1.75929  0  0
11.875  1.79071  0  0
11.875  1.82212  0  0
11.875  1.85354  0  0
11.875  1.88496  0  0
11.875  1.91637  0  0
11.875  1.94779  0  0
11.875  1.9792  0  0
11.875  2.01062  0  0
11.875  2.04204  0  0
11.875  2.07345  0  0
11.875  2.10487  0  0
11.875  2.13628  0  0
11.875  2.1677  0  0
11.875  2.19911  0  0
11.875  2.23053  0  0
11.875  2.26195  0  0
11.875  2.29336  0  0
11.875  2.32478  0  0
11.875  2.35619  0  0
11.875  2.38761  0  0
11.875  2.41903  0  0
11.875  2.45044  0  0
11.875  2.48186  0  0
11.875  2.51327  0  0
11.875  2.54469  0  0
11.875  2.57611  0  0
11.875  2.60752  0  0
11.875  2.63894  0  0
11.875  2.67035  0  0
11.875  2.70177  0  0
11.875  2.73319  0  0
11.875  2.7646  0  0
11.875  2.79602  0  0
11.875  2.82743  0  0
11.875  2.85885  0  0
11.875  2.89027  0  0
11.875  2.92168  0  0
11.875  2.9531  0  0
11.875  2.98451  0  0
11.875  3.01593  0  0
11.875  3.04734  0  0
11.875  3.07876  0  0
11.875  3.11018  0  0
12  0  0  0
12  0.0314159  0  0
12  0.0628319  0  0
12  0.0942478  0  0
12  0.125664  0  0
12  0.15708  0  0
12  0.188496  0  0
12  0.219911  0  0
12  0.251327  0  0
12  0.282743  0  0
12  0.314159  0  0
12  0.345575  0  0
12  0.376991  0  0
12  0.408407  0  0
12  0.439823  0  0
12  0.471239  0  0
12  0.502655  0  0
12  0.534071  0  0
12  0.565487  0  0
12  0.596903  0  0
12  0.628319  0  0
12  0.659734  0  0
12  0.69115  0  0
12  0.722566  0  0
12  0.753982  0  0
12  0.785398  0  0
12  0.816814  0  0
12  0.84823  0  0
12  0.879646  0  0
12  0.911062  0  0
12  0.942478  0  0
12  0.973894  0  0
12  1.00531  0  0
12  1.03673  0  0
12  1.06814  0  0
12  1.09956  0  0
12  1.13097  0  0
12  1.16239  0  0
12  1.19381  0  0
12  1.22522  0  0
12  1.25664  0  0
12  1.28805  0  0
12  1.31947  0  0
12  1.35088  0  0
12  1.3823  0  0
12  1.41372  0  0
12  1.44513  0  0
12  1.47655  0  0
12  1.50796  0  0
12  1.53938  0  0
12  1.5708  0  0
12  1.60221  0  0
12  1.63363  0  0
12  1.66504  0  0
12  1.69646  0  0
12  1.72788  0  0
12  1.75929  0  0
12  1.79071  0  0
12  1.82212  0  0
12  1.85354  0  0
12  1.88496  0  0
12  1.91637  0  0
12  1.94779  0  0
12  1.9792  0  0
12  2.01062  0  0
12  2.04204  0  0
12  2.07345  0  0
12  2.10487  0  0
12  2.13628  0  0
12  2.1677  0  0
12  2.19911  0  0
12  2.23053  0  0
12  2.26195  0  0
12  2.29336  0  0
12  2.32478  0  0
12  2.35619  0  0
12  2.38761  0  0
12  2.41903  0  0
12  2.45044  0  0
12  2.48186  0  0
12  2.51327  0  0
12  2.54469  0  0
12  2.57611  0  0
12  2.60752  0  0
12  2.63894  0  0
12  2.67035  0  0
12  2.70177  0  0
12  2.73319  0  0
12  2.7646  0  0
12  2.79602  0  0
12  2.82743  0  0
12  2.85885  0  0
12  2.89027  0  0
12  2.92168  0  0
12  2.9531  0  0
12  2.98451  0  0
12  3.01593  0  0
12  3.04734  0  0
12  3.07876  0  0
12  3.11018  0  0
12.125  0  0  0
12.125  0.0314159  0  0
12.125  0.0628319  0  0
12.125  0.0942478  0  0
12.125  0.125664  0  0
12.125  0.15708  0  0
12.125  0.188496  0  0
12.125  0.219911  0  0
12.125  0.251327  0  0
12.125  0.282743  0  0
12.125  0.314159  0  0
12.125  0.345575  0  0
12.125  0.376991  0  0
12.125  0.408407  0  0
12.125  0.439823  0  0
12.125  0.471239  0  0
12.125  0.502655  0  0
12.125  0.534071  0  0
12.125  0.565487  0  0
12.125  0.596903  0  0
12.125  0.628319  0  0
12.125  0.659734  0  0
12.125  0.69115  0  0
12.125  0.722566  0  0
12.125  0.753982  0  0
12.125  0.785398  0  0
12.125  0.816814  0  0
12.125  0.84823  0  0
12.125  0.879646  0  0
12.125  0.911062  0  0
12.125  0.942478  0  0
12.125  0.973894  0  0
12.125  1.00531  0  0
12.125  1.03673  0  0
12.125  1.06814  0  0
12.125  1.09956  0  0
12.125  1.13097  0  0
12.125  1.16239  0  0
12.125  1.19381  0  0
12.125  1.22522  0  0
12.125  1.25664  0  0
12.125  1.28805  0  0
12.125  1.31947  0  0
12.125  1.35088  0  0
12.125  1.3823  0  0
12.125  1.41372  0  0
12.125  1.44513  0  0
12.125  1.47655  0  0
12.125  1.50796  0  0
12.125  1.53938  0  0
12.125  1.5708  0  0
12.125  1.60221  0  0
12.125  1.63363  0  0
12.125  1.66504  0  0
12.125  1.69646  0  0
12.125  1.72788  0  0
12.125  1.75929  0  0
12.125  1.79071  0  0
12.125  1.82212  0  0
12.125  1.85354  0  0
12.125  1.88496  0  0
12.125  1.91637  0  0
12.125  1.94779  0  0
12.125  1.9792  0  0
12.125  2.01062  0  0
12.125  2.04204  0  0
12.125  2.07345  0  0
12.125  2.10487  0  0
12.125  2.13628  0  0
12.125  2.1677  0  0
12.125  2.19911  0  0
12.125  2.23053  0  0
12.125  2.26195  0  0
12.125  2.29336  0  0
12.125  2.32478  0  0
12.125  2.35619  0  0
12.125  2.38761  0  0
12.125  2.41903  0  0
12.125  2.45044  0  0
12.125  2.48186  0  0
12.125  2.51327  0  0
12.125  2.54469  0  0
12.125  2.57611  0  0
12.125  2.60752  0  0
12.125  2.63894  0  0
12.125  2.67035  0  0
12.125  2.70177  0  0
12.125  2.73319  0  0
12.125  2.7646  0  0
12.125  2.79602  0  0
12.125  2.82743  0  0
12.125  2.85885  0  0
12.125  2.89027  0  0
12.125  2.92168  0  0
12.125  2.9531  0  0
12.125  2.98451  0  0
12.125  3.01593  0  0
12.125  3.04734  0  0
12.125  3.07876  0  0
12.125  3.11018  0  0
12.25  0  0  0
12.25  0.0314159  0  0
12.25  0.0628319  0  0
12.25  0.0942478  0  0
12.25  0.125664  0  0
12.25  0.15708  0  0
12.25  0.188496  0  0
12.25  0.219911  0  0
12.25  0.251327  0  0
12.25  0.282743  0  0
12.25  0.314159  0  0
12.25  0.345575  0  0
12.25  0.376991  0  0
12.25  0.408407  0  0
12.25  0.439823  0  0
12.25  0.471239  0  0
12.25  0.502655  0  0
12.25  0.534071  0  0
12.25  0.565487  0  0
12.25  0.596903  0  0
12.25  0.628319  0  0
12.25  0.659734  0  0
12.25  0.69115  0  0
12.25  0.722566  0  0
12.25  0.753982  0  0
12.25  0.785398  0  0
12.25  0.816814  0  0
12.25  0.84823  0  0
12.25  0.879646  0  0
12.25  0.911062  0  0
12.25  0.942478  0  0
12.25  0.973894  0  0
12.25  1.00531  0  0
12.25  1.03673  0  0
12.25  1.06814  0  0
12.25  1.09956  0  0
12.25  1.13097  0  0
12.25  1.16239  0  0
12.25  1.19381  0  0
12.25  1.22522  0  0
12.25  1.25664  0  0
12.25  1.28805  0  0
12.25  1.31947  0  0
12.25  1.35088  0  0
12.25  1.3823  0  0
12.25  1.41372  0  0
12.25  1.44513  0  0
12.25  1.47655  0  0
12.25  1.50796  0  0
12.25  1.53938  0  0
12.25  1.5708  2.38095  1.54303
12.25  1.60221  0  0
12.25  1.63363  0  0
12.25  1.66504  0  0
12.25  1.69646  0  0
12.25  1.72788  0  0
12.25  1.75929  0  0
12.25  1.79071  0  0
12.25  1.82212  0  0
12.25  1.85354  0  0
12.25  1.88496  0  0
12.25  1.91637  0  0
12.25  1.94779  0  0
12.25  1.9792  0  0
12.25  2.01062  0  0
12.25  2.04204  0  0
12.25  2.07345  0  0
12.25  2.10487  0  0
12.25  2.13628  0  0
12.25  2.1677  0  0
12.25  2.19911  0  0
12.25  2.23053  0  0
12.25  2.26195  0  0
12.25  2.29336  0  0
12.25  2.32478  0  0
12.25  2.35619  0  0
12.25  2.38761  0  0
12.25  2.41903  0  0
12.25  2.45044  0  0
12.25  2.48186  0  0
12.25  2.51327  0  0
12.25  2.54469  0  0
12.25  2.57611  0  0
12.25  2.60752  0  0
12.25  2.63894  0  0
12.25  2.67035  0  0
12.25  2.70177  0  0
12.25  2.73319  0  0
12.25  2.7646  0  0
12.25  2.79602  0  0
12.25  2.82743  0  0
12.25  2.85885  0  0
12.25  2.89027  0  0
12.25  2.92168  0  0
12.25  2.9531  0  0
12.25  2.98451  0  0
12.25  3.01593  0  0
12.25  3.04734  0  0
12.25  3.07876  0  0
12.25  3.11018  0  0
12.375  0  0  0
12.375  0.0314159  0  0
12.375  0.0628319  0  0
12.375  0.0942478  0  0
12.375  0.125664  0  0
12.375  0.15708  0  0
12.375  0.188496  0  0
12.375  0.219911  0  0
12.375  0.251327  0  0
12.375  0.282743  0  0
12.375  0.314159  0  0
12.375  0.345575  0  0
12.375  0.376991  0  0
12.375  0.408407  0  0
12.375  0.439823  0  0
12.375  0.471239  0  0
12.375  0.502655  0  0
12.375  0.534071  0  0
12.375  0.565487  0  0
12.375  0.596903  0  0
12.375  0.628319  0  0
12.375  0.659734  0  0
12.375  0.69115  0  0
12.375  0.722566  0  0
12.375  0.753982  0  0
12.375  0.785398  0  0
12.375  0.816814  0  0
12.375  0.84823  0  0
12.375  0.879646  0  0
12.375  0.911062  0  0
12.375  0.942478  0  0
12.375  0.973894  0  0
12.375  1.00531  0  0
12.375  1.03673  0  0
12.375  1.06814  0  0
12.375  1.09956  0  0
12.375  1.13097  0  0
12.375  1.16239  0  0
12.375  1.19381  0  0
12.375  1.22522  0  0
12.375  1.25664  0  0
12.375  1.28805  0  0
12.375  1.31947  0  0
12.375  1.35088  0  0
12.375  1.3823  0  0
12.375  1.41372  0  0
12.375  1.44513  0  0
12.375  1.47655  0  0
12.375  1.50796  0  0
12.375  1.53938  0  0
12.375  1.5708  0  0
12.375  1.60221  0  0
12.375  1.63363  0  0
12.375  1.66504  0  0
12.375  1.69646  0  0
12.375  1.72788  0  0
12.375  1.75929  0  0
12.375  1.79071  0  0
12.375  1.82212  0  0
12.375  1.85354  0  0
12.375  1.88496  0  0
12.375  1.91637  0  0
12.375  1.94779  0  0
12.375  1.9792  0  0
12.375  2.01062  0  0
12.375  2.04204  0  0
12.375  2.07345  0  0
12.375  2.10487  0  0
12.375  2.13628  0  0
12.375  2.1677  0  0
12.375  2.19911  0  0
12.375  2.23053  0  0
12.375  2.26195  0  0
12.375  2.29336  0  0
12.375  2.32478  0  0
12.375  2.35619  0  0
12.375  2.38761  0  0
12.375  2.41903  0  0
12.375  2.45044  0  0
12.375  2.48186  0  0
12.375  2.51327  0  0
12.375  2.54469  0  0
12.375  2.57611  0  0
12.375  2.60752  0  0
12.375  2.63894  0  0
12.375  2.67035  0  0
12.375  2.70177  0  0
12.375  2.73319  0  0
12.375  2.7646  0  0
12.375  2.79602  0  0
12.375  2.82743  0  0
12.375  2.85885  0  0
12.375  2.89027  0  0
12.375  2.92168  0  0
12.375  2.9531  0  0
12.375  2.98451  0  0
12.375  3.01593  0  0
12.375  3.04734  0  0
12.375  3.07876  0  0
12.375  3.11018  0  0
12.5  0  0  0
12.5  0.0314159  0  0
12.5  0.0628319  0  0
12.5  0.0942478  0  0
12.5  0.125664  0  0
12.5  0.15708  0  0
12.5  0.188496  0  0
12.5  0.219911  0  0
12.5  0.251327  0  0
12.5  0.282743  0  0
12.5  0.314159  0  0
12.5  0.345575  0  0
12.5  0.376991  0  0
12.5  0.408407  0  0
12.5  0.439823  0  0
12.5  0.471239  0  0
12.5  0.502655  0  0
12.5  0.534071  0  0
12.5  0.565487  0  0
12.5  0.596903  0  0
12.5  0.628319  0  0
12.5  0.659734  0  0
12.5  0.69115  0  0
12.5  0.722566  0  0
12.5  0.753982  0  0
12.5  0.785398  0  0
12.5  0.816814  0  0
12.5  0.84823  0  0
12.5  0.879646  0  0
12.5  0.911062  0  0
12.5  0.942478  0  0
12.5  0.973894  0  0
12.5  1.00531  0  0
12.5  1.03673  0  0
12.5  1.06814  0  0
12.5  1.09956  0  0
12.5  1.13097  0  0
12.5  1.16239  0  0
12.5  1.19381  0  0
12.5  1.22522  0  0
12.5  1.25664  0  0
12.5  1.28805  0  0
12.5  1.31947  0  0
12.5  1.35088  0  0
12.5  1.3823  0  0
12.5  1.41372  0  0
12.5  1.44513  0  0
12.5  1.47655  0  0
12.5  1.50796  0  0
12.5  1.53938  0  0
12.5  1.5708  0  0
12.5  1.60221  0  0
12.5  1.63363  0  0
12.5  1.66504  0  0
12.5  1.69646  0  0
12.5  1.72788  0  0
12.5  1.75929  0  0
12.5  1.79071  0  0
12.5  1.82212  0  0
12.5  1.85354  0  0
12.5  1.88496  0  0
12.5  1.91637  0  0
12.5  1.94779  0  0
12.5  1.9792  0  0
12.5  2.01062  0  0
12.5  2.04204  0  0
12.5  2.07345  0  0
12.5  2.10487  0  0
12.5  2.13628  0  0
12.5  2.1677  0  0
12.5  2.19911  0  0
12.5  2.23053  0  0
12.5  2.26195  0  0
12.5  2.29336  0  0
12.5  2.32478  0  0
12.5  2.35619  0  0
12.5  2.38761  0  0
12.5  2.41903  0  0
12.5  2.45044  0  0
12.5  2.48186  0  0
12.5  2.51327  0  0
12.5  2.54469  0  0
12.5  2.57611  0  0
12.5  2.60752  0  0
12.5  2.63894  0  0
12.5  2.67035  0  0
12.5  2.70177  0  0
12.5  2.73319  0  0
12.5  2.7646  0  0
12.5  2.79602  0  0
12.5  2.82743  0  0
12.5  2.85885  0  0
12.5  2.89027  0  0
12.5  2.92168  0  0
12.5  2.9531  0  0
12.5  2.98451  0  0
12.5  3.01593  0  0
12.5  3.04734  0  0
12.5  3.07876  0  0
12.5  3.11018  0  0
12.625  0  0  0
12.625  0.0314159  0  0
12.625  0.0628319  0  0
12.625  0.0942478  0  0
12.625  0.125664  0  0
12.625  0.15708  0  0
12.625  0.188496  0  0
12.625  0.219911  0  0
12.625  0.251327  0  0
12.625  0.282743  0  0
12.625  0.314159  0  0
12.625  0.345575  0  0
12.625  0.376991  0  0
12.625  0.408407  0  0
12.625  0.439823  0  0
12.625  0.471239  0  0
12.625  0.502655  0  0
12.625  0.534071  0  0
12.625  0.565487  0  0
12.625  0.596903  0  0
12.625  0.628319  0  0
12.625  0.659734  0  0
12.625  0.69115  0  0
12.625  0.722566  0  0
12.625  0.753982  0  0
12.625  0.785398  0  0
12.625  0.816814  0  0
12.625  0.84823  0  0
12.625  0.879646  0  0
12.625  0.911062  0  0
12.625  0.942478  0  0
12.625  0.973894  0  0
12.625  1.00531  0  0
12.625  1.03673  0  0
12.625  1.06814  0  0
12.625  1.09956  0  0
12.625  1.13097  0  0
12.625  1.16239  0  0
12.625  1.19381  0  0
12.625  1.22522  0  0
12.625  1.25664  0  0
12.625  1.28805  0  0
12.625  1.31947  0  0
12.625  1.35088  0  0
12.625  1.3823  0  0
12.625  1.41372  0  0
12.625  1.44513  0  0
12.625  1.47655  0  0
12.625  1.50796  1.49254  1.22169
12.625  1.53938  0  0
12.625  1.5708  0  0
12.625  1.60221  0  0
12.625  1.63363  0  0
12.625  1.66504  0  0
12.625  1.69646  0  0
12.625  1.72788  0  0
12.625  1.75929  0  0
12.625  1.79071  0  0
12.625  1.82212  0  0
12.625  1.85354  0  0
12.625  1.88496  0  0
12.625  1.91637  0  0
12.625  1.94779  0  0
12.625  1.9792  0  0
12.625  2.01062  0  0
12.625  2.04204  0  0
12.625  2.07345  0  0
12.625  2.10487  0  0
12.625  2.13628  0  0
12.625  2.1677  0  0
12.625  2.19911  0  0
12.625  2.23053  0  0
12.625  2.26195  0  0
12.625  2.29336  0  0
12.625  2.32478  0  0
12.625  2.35619  0  0
12.625  2.38761  0  0
12.625  2.41903  0  0
12.625  2.45044  0  0
12.625  2.48186  0  0
12.625  2.51327  0  0
12.625  2.54469  0  0
12.625  2.57611  0  0
12.625  2.60752  0  0
12.625  2.63894  0  0
12.625  2.67035  0  0
12.625  2.70177  0  0
12.625  2.73319  0  0
12.625  2.7646  0  0
12.625  2.79602  0  0
12.625  2.82743  0  0
12.625  2.85885  0  0
12.625  2.89027  0  0
12.625  2.92168  0  0
12.625  2.9531  0  0
12.625  2.98451  0  0
12.625  3.01593  0  0
12.625  3.04734  0  0
12.625  3.07876  0  0
12.625  3.11018  0  0
12.75  0  0  0
12.75  0.0314159  0  0
12.75  0.0628319  0  0
12.75  0.0942478  0  0
12.75  0.125664  0  0
12.75  0.15708  0  0
12.75  0.188496  0  0
12.75  0.219911  0  0
12.75  0.251327  0  0
12.75  0.282743  0  0
12.75  0.314159  0  0
12.75  0.345575  0  0
12.75  0.376991  0  0
12.75  0.408407  0  0
12.75  0.439823  0  0
12.75  0.471239  0  0
12.75  0.502655  0  0
12.75  0.534071  0  0
12.75  0.565487  0  0
12.75  0.596903  0  0
12.75  0.628319  0  0
12.75  0.659734  0  0
12.75  0.69115  0  0
12.75  0.722566  0  0
12.75  0.753982  0  0
12.75  0.785398  0  0
12.75  0.816814  0  0
12.75  0.84823  0  0
12.75  0.879646  0  0
12.75  0.911062  0  0
12.75  0.942478  0  0
12.75  0.973894  0  0
12.75  1.00531  0  0
12.75  1.03673  0  0
12.75  1.06814  0  0
12.75  1.09956  0  0
12.75  1.13097  0  0
12.75  1.16239  0  0
12.75  1.19381  0  0
12.75  1.22522  0  0
12.75  1.25664  0  0
12.75  1.28805  0  0
12.75  1.31947  0  0
12.75  1.35088  0  0
12.75  1.3823  0  0
12.75  1.41372  0  0
12.75  1.44513  0  0
12.75  1.47655  0  0
12.75  1.50796  0  0
12.75  1.53938  0  0
12.75  1.5708  0  0
12.75  1.60221  0  0
12.75  1.63363  0  0
12.75  1.66504  0  0
12.75  1.69646  0  0
12.75  1.72788  0  0
12.75  1.75929  0  0
12.75  1.79071  0  0
12.75  1.82212  0  0
12.75  1.85354  0  0
12.75  1.88496  0  0
12.75  1.91637  0  0
12.75  1.94779  0  0
12.75  1.9792  0  0
12.75  2.01062  0  0
12.75  2.04204  0  0
12.75  2.07345  0  0
12.75  2.10487  0  0
12.75  2.13628  0  0
12.75  2.1677  0  0
12.75  2.19911  0  0
12.75  2.23053  0  0
12.75  2.26195  0  0
12.75  2.29336  0  0
12.75  2.32478  0  0
12.75  2.35619  0  0
12.75  2.38761  0  0
12.75  2.41903  0  0
12.75  2.45044  0  0
12.75  2.48186  0  0
12.75  2.51327  0  0
12.75  2.54469  0  0
12.75  2.57611  0  0
12.75  2.60752  0  0
12.75  2.63894  0  0
12.75  2.67035  0  0
12.75  2.70177  0  0
12.75  2.73319  0  0
12.75  2.7646  0  0
12.75  2.79602  0  0
12.75  2.82743  0  0
12.75  2.85885  0  0
12.75  2.89027  0  0
12.75  2.92168  0  0
12.75  2.9531  0  0
12.75  2.98451  0  0
12.75  3.01593  0  0
12.75  3.04734  0  0
12.75  3.07876  0  0
12.75  3.11018  0  0
12.875  0  0  0
12.875  0.0314159  0  0
12.875  0.0628319  0  0
12.875  0.0942478  0  0
12.875  0.125664  0  0
12.875  0.15708  0  0
12.875  0.188496  0  0
12.875  0.219911  0  0
12.875  0.251327  0  0
12.875  0.282743  0  0
12.875  0.314159  0  0
12.875  0.345575  0  0
12.875  0.376991  0  0
12.875  0.408407  0  0
12.875  0.439823  0  0
12.875  0.471239  0  0
12.875  0.502655  0  0
12.875  0.534071  0  0
12.875  0.565487  0  0
12.875  0.596903  0  0
12.875  0.628319  0  0
12.875  0.659734  0  0
12.875  0.69115  0  0
12.875  0.722566  0  0
12.875  0.753982  0  0
12.875  0.785398  0  0
12.875  0.816814  0  0
12.875  0.84823  0  0
12.875  0.879646  0  0
12.875  0.911062  0  0
12.875  0.942478  0  0
12.875  0.973894  0  0
12.875  1.00531  0  0
12.875  1.03673  0  0
12.875  1.06814  0  0
12.875  1.09956  0  0
12.875  1.13097  0  0
12.875  1.16239  0  0
12.875  1.19381  0  0
12.875  1.22522  0  0
12.875  1.25664  0  0
12.875  1.28805  0  0
12.875  1.31947  0  0
12.875  1.35088  0  0
12.875  1.3823  0  0
12.875  1.41372  0  0
12.875  1.44513  0  0
12.875  1.47655  0  0
12.875  1.50796  0  0
12.875  1.53938  0  0
12.875  1.5708  0  0
12.875  1.60221  0  0
12.875  1.63363  0  0
12.875  1.66504  0  0
12.875  1.69646  0  0
12.875  1.72788  0  0
12.875  1.75929  0  0
12.875  1.79071  0  0
12.875  1.82212  0  0
12.875  1.85354  0  0
12.875  1.88496  0  0
12.875  1.91637  0  0
12.875  1.94779  0  0
12.875  1.9792  0  0
12.875  2.01062  0  0
12.875  2.04204  0  0
12.875  2.07345  0  0
12.875  2.10487  0  0
12.875  2.13628  0  0
12.875  2.1677  0  0
12.875  2.19911  0  0
12.875  2.23053  0  0
12.875  2.26195  0  0
12.875  2.29336  0  0
12.875  2.32478  0  0
12.875  2.35619  0  0
12.875  2.38761  0  0
12.875  2.41903  0  0
12.875  2.45044  0  0
12.875  2.48186  0  0
12.875  2.51327  0  0
12.875  2.54469  0  0
12.875  2.57611  0  0
12.875  2.60752  0  0
12.875  2.63894  0  0
12.875  2.67035  0  0
12.875  2.70177  0  0
12.875  2.73319  0  0
12.875  2.7646  0  0
12.875  2.79602  0  0
12.875  2.82743  0  0
12.875  2.85885  0  0
12.875  2.89027  0  0
12.875  2.92168  0  0
12.875  2.9531  0  0
12.875  2.98451  0  0
12.875  3.01593  0  0
12.875  3.04734  0  0
12.875  3.07876  0  0
12.875  3.11018  0  0
13  0  0  0
13  0.0314159  0  0
13  0.0628319  0  0
13  0.0942478  0  0
13  0.125664  0  0
13  0.15708  0  0
13  0.188496  0  0
13  0.219911  0  0
13  0.251327  0  0
13  0.282743  0  0
13  0.314159  0  0
13  0.345575  0  0
13  0.376991  0  0
13  0.408407  0  0
13  0.439823  0  0
13  0.471239  0  0
13  0.502655  0  0
13  0.534071  0  0
13  0.565487  0  0
13  0.596903  0  0
13  0.628319  0  0
13  0.659734  0  0
13  0.69115  0  0
13  0.722566  0  0
13  0.753982  0  0
13  0.785398  0  0
13  0.816814  0  0
13  0.84823  0  0
13  0.879646  0  0
13  0.911062  0  0
13  0.942478  0  0
13  0.973894  0  0
13  1.00531  0  0
13  1.03673  0  0
13  1.06814  0  0
13  1.09956  0  0
13  1.13097  0  0
13  1.16239  0  0
13  1.19381  0  0
13  1.22522  0  0
13  1.25664  0  0
13  1.28805  0  0
13  1.31947  0  0
13  1.35088  0  0
13  1.3823  0  0
13  1.41372  0  0
13  1.44513  0  0
13  1.47655  0  0
13  1.50796  0  0
13  1.53938  0  0
13  1.5708  0  0
13  1.60221  0  0
13  1.63363  0  0
13  1.66504  0  0
13  1.69646  0  0
13  1.72788  0  0
13  1.75929  0  0
13  1.79071  0  0
13  1.82212  0  0
13  1.85354  0  0
13  1.88496  0  0
13  1.91637  0  0
13  1.94779  0  0
13  1.9792  0  0
13  2.01062  0  0
13  2.04204  0  0
13  2.07345  0  0
13  2.10487  0  0
13  2.13628  0  0
13  2.1677  0  0
13  2.19911  0  0
13  2.23053  0  0
13  2.26195  0  0
13  2.29336  0  0
13  2.32478  0  0
13  2.35619  0  0
13  2.38761  0  0
13  2.41903  0  0
13  2.45044  0  0
13  2.48186  0  0
13  2.51327  0  0
13  2.54469  0  0
13  2.57611  0  0
13  2.60752  0  0
13  2.63894  0  0
13  2.67035  0  0
13  2.70177  0  0
13  2.73319  0  0
13  2.7646  0  0
13  2.79602  0  0
13  2.82743  0  0
13  2.85885  0  0
13  2.89027  0  0
13  2.92168  0  0
13  2.9531  0  0
13  2.98451  0  0
13  3.01593  0  0
13  3.04734  0  0
13  3.07876  0  0
13  3.11018  0  0
13.125  0  0  0
13.125  0.0314159  0  0
13.125  0.0628319  0  0
13.125  0.0942478  0  0
13.125  0.125664  0  0
13.125  0.15708  0  0
13.125  0.188496  0  0
13.125  0.219911  0  0
13.125  0.251327  0  0
13.125  0.282743  0  0
13.125  0.314159  0  0
13.125  0.345575  0  0
13.125  0.376991  0  0
13.125  0.408407  0  0
13.125  0.439823  0  0
13.125  0.471239  0  0
13.125  0.502655  0  0
13.125  0.534071  0  0
13.125  0.565487  0  0
13.125  0.596903  0  0
13.125  0.628319  0  0
13.125  0.659734  0  0
13.125  0.69115  0  0
13.125  0.722566  0  0
13.125  0.753982  0  0
13.125  0.785398  0  0
13.125  0.816814  0  0
13.125  0.84823  0  0
13.125  0.879646  0  0
13.125  0.911062  0  0
13.125  0.942478  0  0
13.125  0.973894  0  0
13.125  1.00531  0  0
13.125  1.03673  0  0
13.125  1.06814  0  0
13.125  1.09956  0  0
13.125  1.13097  0  0
13.125  1.16239  0  0
13.125  1.19381  0  0
13.125  1.22522  0  0
13.125  1.25664  0  0
13.125  1.28805  0  0
13.125  1.31947  0  0
13.125  1.35088  0  0
13.125  1.3823  0  0
13.125  1.41372  0  0
13.125  1.44513  0  0
13.125  1.47655  0  0
13.125  1.50796  0  0
13.125  1.53938  0  0
13.125  1.5708  0  0
13.125  1.60221  0  0
13.125  1.63363  0  0
13.125  1.66504  0  0
13.125  1.69646  0  0
13.125  1.72788  0  0
13.125  1.75929  0  0
13.125  1.79071  0  0
13.125  1.82212  0  0
13.125  1.85354  0  0
13.125  1.88496  0  0
13.125  1.91637  0  0
13.125  1.94779  0  0
13.125  1.9792  0  0
13.125  2.01062  0  0
13.125  2.04204  0  0
13.125  2.07345  0  0
13.125  2.10487  0  0
13.125  2.13628  0  0
13.125  2.1677  0  0
13.125  2.19911  0  0
13.125  2.23053  0  0
13.125  2.26195  0  0
13.125  2.29336  0  0
13.125  2.32478  0  0
13.125  2.35619  0  0
13.125  2.38761  0  0
13.125  2.41903  0  0
13.125  2.45044  0  0
13.125  2.48186  0  0
13.125  2.51327  0  0
13.125  2.54469  0  0
13.125  2.57611  0  0
13.125  2.60752  0  0
13.125  2.63894  0  0
13.125  2.67035  0  0
13.125  2.70177  0  0
13.125  2.73319  0  0
13.125  2.7646  0  0
13.125  2.79602  0  0
13.125  2.82743  0  0
13.125  2.85885  0  0
13.125  2.89027  0  0
13.125  2.92168  0  0
13.125  2.9531  0  0
13.125  2.98451  0  0
13.125  3.01593  0  0
13.125  3.04734  0  0
13.125  3.07876  0  0
13.125  3.11018  0  0
13.25  0  0  0
13.25  0.0314159  0  0
13.25  0.0628319  0  0
13.25  0.0942478  0  0
13.25  0.125664  0  0
13.25  0.15708  0  0
13.25  0.188496  0  0
13.25  0.219911  0  0
13.25  0.251327  0  0
13.25  0.282743  0  0
13.25  0.314159  0  0
13.25  0.345575  0  0
13.25  0.376991  0  0
13.25  0.408407  0  0
13.25  0.439823  0  0
13.25  0.471239  0  0
13.25  0.502655  0  0
13.25  0.534071  0  0
13.25  0.565487  0  0
13.25  0.596903  0  0
13.25  0.628319  0  0
13.25  0.659734  0  0
13.25  0.69115  0  0
13.25  0.722566  0  0
13.25  0.753982  0  0
13.25  0.785398  0  0
13.25  0.816814  0  0
13.25  0.84823  0  0
13.25  0.879646  0  0
13.25  0.911062  0  0
13.25  0.942478  0  0
13.25  0.973894  0  0
13.25  1.00531  0  0
13.25  1.03673  0  0
13.25  1.06814  0  0
13.25  1.09956  0  0
13.25  1.13097  0  0
13.25  1.16239  0  0
13.25  1.19381  0  0
13.25  1.22522  0  0
13.25  1.25664  0  0
13.25  1.28805  0  0
13.25  1.31947  0  0
13.25  1.35088  0  0
13.25  1.3823  0  0
13.25  1.41372  0  0
13.25  1.44513  0  0
13.25  1.47655  0  0
13.25  1.50796  0  0
13.25  1.53938  0  0
13.25  1.5708  0  0
13.25  1.60221  0  0
13.25  1.63363  0  0
13.25  1.66504  0  0
13.25  1.69646  0  0
13.25  1.72788  0  0
13.25  1.75929  0  0
13.25  1.79071  0  0
13.25  1.82212  0  0
13.25  1.85354  0  0
13.25  1.88496  0  0
13.25  1.91637  0  0
13.25  1.94779  0  0
13.25  1.9792  0  0
13.25  2.01062  0  0
13.25  2.04204  0  0
13.25  2.07345  0  0
13.25  2.10487  0  0
13.25  2.13628  0  0
13.25  2.1677  0  0
13.25  2.19911  0  0
13.25  2.23053  0  0
13.25  2.26195  0  0
13.25  2.29336  0  0
13.25  2.32478  0  0
13.25  2.35619  0  0
13.25  2.38761  0  0
13.25  2.41903  0  0
13.25  2.45044  0  0
13.25  2.48186  0  0
13.25  2.51327  0  0
13.25  2.54469  0  0
13.25  2.57611  0  0
13.25  2.60752  0  0
13.25  2.63894  0  0
13.25  2.67035  0  0
13.25  2.70177  0  0
13.25  2.73319  0  0
13.25  2.7646  0  0
13.25  2.79602  0  0
13.25  2.82743  0  0
13.25  2.85885  0  0
13.25  2.89027  0  0
13.25  2.92168  0  0
13.25  2.9531  0  0
13.25  2.98451  0  0
13.25  3.01593  0  0
13.25  3.04734  0  0
13.25  3.07876  0  0
13.25  3.11018  0  0
13.375  0  0  0
13.375  0.0314159  0  0
13.375  0.0628319  0  0
13.375  0.0942478  0  0
13.375  0.125664  0  0
13.375  0.15708  0  0
13.375  0.188496  0  0
13.375  0.219911  0  0
13.375  0.251327  0  0
13.375  0.282743  0  0
13.375  0.314159  0  0
13.375  0.345575  0  0
13.375  0.376991  0  0
13.375  0.408407  0  0
13.375  0.439823  0  0
13.375  0.471239  0  0
13.375  0.502655  0  0
13.375  0.534071  0  0
13.375  0.565487  0  0
13.375  0.596903  0  0
13.375  0.628319  0  0
13.375  0.659734  0  0
13.375  0.69115  0  0
13.375  0.722566  0  0
13.375  0.753982  0  0
13.375  0.785398  0  0
13.375  0.816814  0  0
13.375  0.84823  0  0
13.375  0.879646  0  0
13.375  0.911062  0  0
13.375  0.942478  0  0
13.375  0.973894  0  0
13.375  1.00531  0  0
13.375  1.03673  0  0
13.375  1.06814  0  0
13.375  1.09956  0  0
13.375  1.13097  0  0
13.375  1.16239  0  0
13.375  1.19381  0  0
13.375  1.22522  0  0
13.375  1.25664  0  0
13.375  1.28805  0  0
13.375  1.31947  0  0
13.375  1.35088  0  0
13.375  1.3823  0  0
13.375  1.41372  0  0
13.375  1.44513  0  0
13.375  1.47655  0  0
13.375  1.50796  0  0
13.375  1.53938  0  0
13.375  1.5708  0  0
13.375  1.60221  0  0
13.375  1.63363  0  0
13.375  1.66504  0  0
13.375  1.69646  0  0
13.375  1.72788  0  0
13.375  1.75929  0  0
13.375  1.79071  0  0
13.375  1.82212  0  0
13.375  1.85354  0  0
13.375  1.88496  0  0
13.375  1.91637  0  0
13.375  1.94779  0  0
13.375  1.9792  0  0
13.375  2.01062  0  0
13.375  2.04204  0  0
13.375  2.07345  0  0
13.375  2.10487  0  0
13.375  2.13628  0  0
13.375  2.1677  0  0
13.375  2.19911  0  0
13.375  2.23053  0  0
13.375  2.26195  0  0
13.375  2.29336  0  0
13.375  2.32478  0  0
13.375  2.35619  0  0
13.375  2.38761  0  0
13.375  2.41903  0  0
13.375  2.45044  0  0
13.375  2.48186  0  0
13.375  2.51327  0  0
13.375  2.54469  0  0
13.375  2.57611  0  0
13.375  2.60752  0  0
13.375  2.63894  0  0
13.375  2.67035  0  0
13.375  2.70177  0  0
13.375  2.73319  0  0
13.375  2.7646  0  0
13.375  2.79602  0  0
13.375  2.82743  0  0
13.375  2.85885  0  0
13.375  2.89027  0  0
13.375  2.92168  0  0
13.375  2.9531  0  0
13.375  2.98451  0  0
13.375  3.01593  0  0
13.375  3.04734  0  0
13.375  3.07876  0  0
13.375  3.11018  0  0
13.5  0  0  0
13.5  0.0314159  0  0
13.5  0.0628319  0  0
13.5  0.0942478  0  0
13.5  0.125664  0  0
13.5  0.15708  0  0
13.5  0.188496  0  0
13.5  0.219911  0  0
13.5  0.251327  0  0
13.5  0.282743  0  0
13.5  0.314159  0  0
13.5  0.345575  0  0
13.5  0.376991  0  0
13.5  0.408407  0  0
13.5  0.439823  0  0
13.5  0.471239  0  0
13.5  0.502655  0  0
13.5  0.534071  0  0
13.5  0.565487  0  0
13.5  0.596903  0  0
13.5  0.628319  0  0
13.5  0.659734  0  0
13.5  0.69115  0  0
13.5  0.722566  0  0
13.5  0.753982  0  0
13.5  0.785398  0  0
13.5  0.816814  0  0
13.5  0.84823  0  0
13.5  0.879646  0  0
13.5  0.911062  0  0
13.5  0.942478  0  0
13.5  0.973894  0  0
13.5  1.00531  0  0
13.5  1.03673  0  0
13.5  1.06814  0  0
13.5  1.09956  0  0
13.5  1.13097  0  0
13.5  1.16239  0  0
13.5  1.19381  0  0
13.5  1.22522  0  0
13.5  1.25664  0  0
13.5  1.28805  0  0
13.5  1.31947  0  0
13.5  1.35088  0  0
13.5  1.3823  0  0
13.5  1.41372  0  0
13.5  1.44513  0  0
13.5  1.47655  0  0
13.5  1.50796  0  0
13.5  1.53938  0  0
13.5  1.5708  0  0
13.5  1.60221  0  0
13.5  1.63363  0  0
13.5  1.66504  0  0
13.5  1.69646  0  0
13.5  1.72788  0  0
13.5  1.75929  0  0
13.5  1.79071  0  0
13.5  1.82212  0  0
13.5  1.85354  0  0
13.5  1.88496  0  0
13.5  1.91637  0  0
13.5  1.94779  0  0
13.5  1.9792  0  0
13.5  2.01062  0  0
13.5  2.04204  0  0
13.5  2.07345  0  0
13.5  2.10487  0  0
13.5  2.13628  0  0
13.5  2.1677  0  0
13.5  2.19911  0  0
13.5  2.23053  0  0
13.5  2.26195  0  0
13.5  2.29336  0  0
13.5  2.32478  0  0
13.5  2.35619  0  0
13.5  2.38761  0  0
13.5  2.41903  0  0
13.5  2.45044  0  0
13.5  2.48186  0  0
13.5  2.51327  0  0
13.5  2.54469  0  0
13.5  2.57611  0  0
13.5  2.60752  0  0
13.5  2.63894  0  0
13.5  2.67035  0  0
13.5  2.70177  0  0
13.5  2.73319  0  0
13.5  2.7646  0  0
13.5  2.79602  0  0
13.5  2.82743  0  0
13.5  2.85885  0  0
13.5  2.89027  0  0
13.5  2.92168  0  0
13.5  2.9531  0  0
13.5  2.98451  0  0
13.5  3.01593  0  0
13.5  3.04734  0  0
13.5  3.07876  0  0
13.5  3.11018  0  0
13.625  0  0  0
13.625  0.0314159  0  0
13.625  0.0628319  0  0
13.625  0.0942478  0  0
13.625  0.125664  0  0
13.625  0.15708  0  0
13.625  0.188496  0  0
13.625  0.219911  0  0
13.625  0.251327  0  0
13.625  0.282743  0  0
13.625  0.314159  0  0
13.625  0.345575  0  0
13.625  0.376991  0  0
13.625  0.408407  0  0
13.625  0.439823  0  0
13.625  0.471239  0  0
13.625  0.502655  0  0
13.625  0.534071  0  0
13.625  0.565487  0  0
13.625  0.596903  0  0
13.625  0.628319  0  0
13.625  0.659734  0  0
13.625  0.69115  0  0
13.625  0.722566  0  0
13.625  0.753982  0  0
13.625  0.785398  0  0
13.625  0.816814  0  0
13.625  0.84823  0  0
13.625  0.879646  0  0
13.625  0.911062  0  0
13.625  0.942478  0  0
13.625  0.973894  0  0
13.625  1.00531  0  0
13.625  1.03673  0  0
13.625  1.06814  0  0
13.625  1.09956  0  0
13.625  1.13097  0  0
13.625  1.16239  0  0
13.625  1.19381  0  0
13.625  1.22522  0  0
13.625  1.25664  0  0
13.625  1.28805  0  0
13.625  1.31947  0  0
13.625  1.35088  0  0
13.625  1.3823  0  0
13.625  1.41372  0  0
13.625  1.44513  0  0
13.625  1.47655  0  0
13.625  1.50796  0  0
13.625  1.53938  0  0
13.625  1.5708  0  0
13.625  1.60221  0  0
13.625  1.63363  0  0
13.625  1.66504  0  0
13.625  1.69646  0  0
13.625  1.72788  0  0
13.625  1.75929  0  0
13.625  1.79071  0  0
13.625  1.82212  0  0
13.625  1.85354  0  0
13.625  1.88496  0  0
13.625  1.91637  0  0
13.625  1.94779  0  0
13.625  1.9792  0  0
13.625  2.01062  0  0
13.625  2.04204  0  0
13.625  2.07345  0  0
13.625  2.10487  0  0
13.625  2.13628  0  0
13.625  2.1677  0  0
13.625  2.19911  0  0
13.625  2.23053  0  0
13.625  2.26195  0  0
13.625  2.29336  0  0
13.625  2.32478  0  0
13.625  2.35619  0  0
13.625  2.38761  0  0
13.625  2.41903  0  0
13.625  2.45044  0  0
13.625  2.48186  0  0
13.625  2.51327  0  0
13.625  2.54469  0  0
13.625  2.57611  0  0
13.625  2.60752  0  0
13.625  2.63894  0  0
13.625  2.67035  0  0
13.625  2.70177  0  0
13.625  2.73319  0  0
13.625  2.7646  0  0
13.625  2.79602  0  0
13.625  2.82743  0  0
13.625  2.85885  0  0
13.625  2.89027  0  0
13.625  2.92168  0  0
13.625  2.9531  0  0
13.625  2.98451  0  0
13.625  3.01593  0  0
13.625  3.04734  0  0
13.625  3.07876  0  0
13.625  3.11018  0  0
13.75  0  0  0
13.75  0.0314159  0  0
13.75  0.0628319  0  0
13.75  0.0942478  0  0
13.75  0.125664  0  0
13.75  0.15708  0  0
13.75  0.188496  0  0
13.75  0.219911  0  0
13.75  0.251327  0  0
13.75  0.282743  0  0
13.75  0.314159  0  0
13.75  0.345575  0  0
13.75  0.376991  0  0
13.75  0.408407  0  0
13.75  0.439823  0  0
13.75  0.471239  0  0
13.75  0.502655  0  0
13.75  0.534071  0  0
13.75  0.565487  0  0
13.75  0.596903  0  0
13.75  0.628319  0  0
13.75  0.659734  0  0
13.75  0.69115  0  0
13.75  0.722566  0  0
13.75  0.753982  0  0
13.75  0.785398  0  0
13.75  0.816814  0  0
13.75  0.84823  0  0
13.75  0.879646  0  0
13.75  0.911062  0  0
13.75  0.942478  0  0
13.75  0.973894  0  0
13.75  1.00531  0  0
13.75  1.03673  0  0
13.75  1.06814  0  0
13.75  1.09956  0  0
13.75  1.13097  0  0
13.75  1.16239  0  0
13.75  1.19381  0  0
13.75  1.22522  0  0
13.75  1.25664  0  0
13.75  1.28805  0  0
13.75  1.31947  0  0
13.75  1.35088  0  0
13.75  1.3823  0  0
13.75  1.41372  0  0
13.75  1.44513  0  0
13.75  1.47655  0  0
13.75  1.50796  0  0
13.75  1.53938  0  0
13.75  1.5708  0  0
13.75  1.60221  0  0
13.75  1.63363  0  0
13.75  1.66504  0  0
13.75  1.69646  0  0
13.75  1.72788  0  0
13.75  1.75929  0  0
13.75  1.79071  0  0
13.75  1.82212  0  0
13.75  1.85354  0  0
13.75  1.88496  0  0
13.75  1.91637  0  0
13.75  1.94779  0  0
13.75  1.9792  0  0
13.75  2.01062  0  0
13.75  2.04204  0  0
13.75  2.07345  0  0
13.75  2.10487  0  0
13.75  2.13628  0  0
13.75  2.1677  0  0
13.75  2.19911  0  0
13.75  2.23053  0  0
13.75  2.26195  0  0
13.75  2.29336  0  0
13.75  2.32478  0  0
13.75  2.35619  0  0
13.75  2.38761  0  0
13.75  2.41903  0  0
13.75  2.45044  0  0
13.75  2.48186  0  0
13.75  2.51327  0  0
13.75  2.54469  0  0
13.75  2.57611  0  0
13.75  2.60752  0  0
13.75  2.63894  0  0
13.75  2.67035  0  0
13.75  2.70177  0  0
13.75  2.73319  0  0
13.75  2.7646  0  0
13.75  2.79602  0  0
13.75  2.82743  0  0
13.75  2.85885  0  0
13.75  2.89027  0  0
13.75  2.92168  0  0
13.75  2.9531  0  0
13.75  2.98451  0  0
13.75  3.01593  0  0
13.75  3.04734  0  0
13.75  3.07876  0  0
13.75  3.11018  0  0
13.875  0  0  0
13.875  0.0314159  0  0
13.875  0.0628319  0  0
13.875  0.0942478  0  0
13.875  0.125664  0  0
13.875  0.15708  0  0
13.875  0.188496  0  0
13.875  0.219911  0  0
13.875  0.251327  0  0
13.875  0.282743  0  0
13.875  0.314159  0  0
13.875  0.345575  0  0
13.875  0.376991  0  0
13.875  0.408407  0  0
13.875  0.439823  0  0
13.875  0.471239  0  0
13.875  0.502655  0  0
13.875  0.534071  0  0
13.875  0.565487  0  0
13.875  0.596903  0  0
13.875  0.628319  0  0
13.875  0.659734  0  0
13.875  0.69115  0  0
13.875  0.722566  0  0
13.875  0.753982  0  0
13.875  0.785398  0  0
13.875  0.816814  0  0
13.875  0.84823  0  0
13.875  0.879646  0  0
13.875  0.911062  0  0
13.875  0.942478  0  0
13.875  0.973894  0  0
13.875  1.00531  0  0
13.875  1.03673  0  0
13.875  1.06814  0  0
13.875  1.09956  0  0
13.875  1.13097  0  0
13.875  1.16239  0  0
13.875  1.19381  0  0
13.875  1.22522  0  0
13.875  1.25664  0  0
13.875  1.28805  0  0
13.875  1.31947  0  0
13.875  1.35088  0  0
13.875  1.3823  0  0
13.875  1.41372  0  0
13.875  1.44513  0  0
13.875  1.47655  0  0
13.875  1.50796  0  0
13.875  1.53938  0  0
13.875  1.5708  0  0
13.875  1.60221  0  0
13.875  1.63363  0  0
13.875  1.66504  0  0
13.875  1.69646  0  0
13.875  1.72788  0  0
13.875  1.75929  0  0
13.875  1.79071  0  0
13.875  1.82212  0  0
13.875  1.85354  0  0
13.875  1.88496  0  0
13.875  1.91637  0  0
13.875  1.94779  0  0
13.875  1.9792  0  0
13.875  2.01062  0  0
13.875  2.04204  0  0
13.875  2.07345  0  0
13.875  2.10487  0  0
13.875  2.13628  0  0
13.875  2.1677  0  0
13.875  2.19911  0  0
13.875  2.23053  0  0
13.875  2.26195  0  0
13.875  2.29336  0  0
13.875  2.32478  0  0
13.875  2.35619  0  0
13.875  2.38761  0  0
13.875  2.41903  0  0
13.875  2.45044  0  0
13.875  2.48186  0  0
13.875  2.51327  0  0
13.875  2.54469  0  0
13.875  2.57611  0  0
13.875  2.60752  0  0
13.875  2.63894  0  0
13.875  2.67035  0  0
13.875  2.70177  0  0
13.875  2.73319  0  0
13.875  2.7646  0  0
13.875  2.79602  0  0
13.875  2.82743  0  0
13.875  2.85885  0  0
13.875  2.89027  0  0
13.875  2.92168  0  0
13.875  2.9531  0  0
13.875  2.98451  0  0
13.875  3.01593  0  0
13.875  3.04734  0  0
13.875  3.07876  0  0
13.875  3.11018  0  0
14  0  0  0
14  0.0314159  0  0
14  0.0628319  0  0
14  0.0942478  0  0
14  0.125664  0  0
14  0.15708  0  0
14  0.188496  0  0
14  0.219911  0  0
14  0.251327  0  0
14  0.282743  0  0
14  0.314159  0  0
14  0.345575  0  0
14  0.376991  0  0
14  0.408407  0  0
14  0.439823  0  0
14  0.471239  0  0
14  0.502655  0  0
14  0.534071  0  0
14  0.565487  0  0
14  0.596903  0  0
14  0.628319  0  0
14  0.659734  0  0
14  0.69115  0  0
14  0.722566  0  0
14  0.753982  0  0
14  0.785398  0  0
14  0.816814  0  0
14  0.84823  0  0
14  0.879646  0  0
14  0.911062  0  0
14  0.942478  0  0
14  0.973894  0  0
14  1.00531  0  0
14  1.03673  0  0
14  1.06814  0  0
14  1.09956  0  0
14  1.13097  0  0
14  1.16239  0  0
14  1.19381  0  0
14  1.22522  0  0
14  1.25664  0  0
14  1.28805  0  0
14  1.31947  0  0
14  1.35088  0  0
14  1.3823  0  0
14  1.41372  0  0
14  1.44513  0  0
14  1.47655  0  0
14  1.50796  0  0
14  1.53938  0  0
14  1.5708  2.5  1.58114
14  1.60221  0  0
14  1.63363  0  0
14  1.66504  0  0
14  1.69646  0  0
14  1.72788  0  0
14  1.75929  0  0
14  1.79071  0  0
14  1.82212  0  0
14  1.85354  0  0
14  1.88496  0  0
14  1.91637  0  0
14  1.94779  0  0
14  1.9792  0  0
14  2.01062  0  0
14  2.04204  0  0
14  2.07345  0  0
14  2.10487  0  0
14  2.13628  0  0
14  2.1677  0  0
14  2.19911  0  0
14  2.23053  0  0
14  2.26195  0  0
14  2.29336  0  0
14  2.32478  0  0
14  2.35619  0  0
14  2.38761  0  0
14  2.41903  0  0
14  2.45044  0  0
14  2.48186  0  0
14  2.51327  0  0
14  2.54469  0  0
14  2.57611  0  0
14  2.60752  0  0
14  2.63894  0  0
14  2.67035  0  0
14  2.70177  0  0
14  2.73319  0  0
14  2.7646  0  0
14  2.79602  0  0
14  2.82743  0  0
14  2.85885  0  0
14  2.89027  0  0
14  2.92168  0  0
14  2.9531  0  0
14  2.98451  0  0
14  3.01593  0  0
14  3.04734  0  0
14  3.07876  0  0
14  3.11018  0  0
14.125  0  0  0
14.125  0.0314159  0  0
14.125  0.0628319  0  0
14.125  0.0942478  0  0
14.125  0.125664  0  0
14.125  0.15708  0  0
14.125  0.188496  0  0
14.125  0.219911  0  0
14.125  0.251327  0  0
14.125  0.282743  0  0
14.125  0.314159  0  0
14.125  0.345575  0  0
14.125  0.376991  0  0
14.125  0.408407  0  0
14.125  0.439823  0  0
14.125  0.471239  0  0
14.125  0.502655  0  0
14.125  0.534071  0  0
14.125  0.565487  0  0
14.125  0.596903  0  0
14.125  0.628319  0  0
14.125  0.659734  0  0
14.125  0.69115  0  0
14.125  0.722566  0  0
14.125  0.753982  0  0
14.125  0.785398  0  0
14.125  0.816814  0  0
14.125  0.84823  0  0
14.125  0.879646  0  0
14.125  0.911062  0  0
14.125  0.942478  0  0
14.125  0.973894  0  0
14.125  1.00531  0  0
14.125  1.03673  0  0
14.125  1.06814  0  0
14.125  1.09956  0  0
14.125  1.13097  0  0
14.125  1.16239  0  0
14.125  1.19381  0  0
14.125  1.22522  0  0
14.125  1.25664  0  0
14.125  1.28805  0  0
14.125  1.31947  0  0
14.125  1.35088  0  0
14.125  1.3823  0  0
14.125  1.41372  0  0
14.125  1.44513  0  0
14.125  1.47655  0  0
14.125  1.50796  0  0
14.125  1.53938  0  0
14.125  1.5708  0  0
14.125  1.60221  0  0
14.125  1.63363  0  0
14.125  1.66504  0  0
14.125  1.69646  0  0
14.125  1.72788  0  0
14.125  1.75929  0  0
14.125  1.79071  0  0
14.125  1.82212  0  0
14.125  1.85354  0  0
14.125  1.88496  0  0
14.125  1.91637  0  0
14.125  1.94779  0  0
14.125  1.9792  0  0
14.125  2.01062  0  0
14.125  2.04204  0  0
14.125  2.07345  0  0
14.125  2.10487  0  0
14.125  2.13628  0  0
14.125  2.1677  0  0
14.125  2.19911  0  0
14.125  2.23053  0  0
14.125  2.26195  0  0
14.125  2.29336  0  0
14.125  2.32478  0  0
14.125  2.35619  0  0
14.125  2.38761  0  0
14.125  2.41903  0  0
14.125  2.45044  0  0
14.125  2.48186  0  0
14.125  2.51327  0  0
14.125  2.54469  0  0
14.125  2.57611  0  0
14.125  2.60752  0  0
14.125  2.63894  0  0
14.125  2.67035  0  0
14.125  2.70177  0  0
14.125  2.73319  0  0
14.125  2.7646  0  0
14.125  2.79602  0  0
14.125  2.82743  0  0
14.125  2.85885  0  0
14.125  2.89027  0  0
14.125  2.92168  0  0
14.125  2.9531  0  0
14.125  2.98451  0  0
14.125  3.01593  0  0
14.125  3.04734  0  0
14.125  3.07876  0  0
14.125  3.11018  0  0
14.25  0  0  0
14.25  0.0314159  0  0
14.25  0.0628319  0  0
14.25  0.0942478  0  0
14.25  0.125664  0  0
14.25  0.15708  0  0
14.25  0.188496  0  0
14.25  0.219911  0  0
14.25  0.251327  0  0
14.25  0.282743  0  0
14.25  0.314159  0  0
14.25  0.345575  0  0
14.25  0.376991  0  0
14.25  0.408407  0  0
14.25  0.439823  0  0
14.25  0.471239  0  0
14.25  0.502655  0  0
14.25  0.534071  0  0
14.25  0.565487  0  0
14.25  0.596903  0  0
14.25  0.628319  0  0
14.25  0.659734  0  0
14.25  0.69115  0  0
14.25  0.722566  0  0
14.25  0.753982  0  0
14.25  0.785398  0  0
14.25  0.816814  0  0
14.25  0.84823  0  0
14.25  0.879646  0  0
14.25  0.911062  0  0
14.25  0.942478  0  0
14.25  0.973894  0  0
14.25  1.00531  0  0
14.25  1.03673  0  0
14.25  1.06814  0  0
14.25  1.09956  0  0
14.25  1.13097  0  0
14.25  1.16239  0  0
14.25  1.19381  0  0
14.25  1.22522  0  0
14.25  1.25664  0  0
14.25  1.28805  0  0
14.25  1.31947  0  0
14.25  1.35088  0  0
14.25  1.3823  0  0
14.25  1.41372  0  0
14.25  1.44513  0  0
14.25  1.47655  0  0
14.25  1.50796  0  0
14.25  1.53938  0  0
14.25  1.5708  0  0
14.25  1.60221  0  0
14.25  1.63363  0  0
14.25  1.66504  0  0
14.25  1.69646  0  0
14.25  1.72788  0  0
14.25  1.75929  0  0
14.25  1.79071  0  0
14.25  1.82212  0  0
14.25  1.85354  0  0
14.25  1.88496  0  0
14.25  1.91637  0  0
14.25  1.94779  0  0
14.25  1.9792  0  0
14.25  2.01062  0  0
14.25  2.04204  0  0
14.25  2.07345  0  0
14.25  2.10487  0  0
14.25  2.13628  0  0
14.25  2.1677  0  0
14.25  2.19911  0  0
14.25  2.23053  0  0
14.25  2.26195  0  0
14.25  2.29336  0  0
14.25  2.32478  0  0
14.25  2.35619  0  0
14.25  2.38761  0  0
14.25  2.41903  0  0
14.25  2.45044  0  0
14.25  2.48186  0  0
14.25  2.51327  0  0
14.25  2.54469  0  0
14.25  2.57611  0  0
14.25  2.60752  0  0
14.25  2.63894  0  0
14.25  2.67035  0  0
14.25  2.70177  0  0
14.25  2.73319  0  0
14.25  2.7646  0  0
14.25  2.79602  0  0
14.25  2.82743  0  0
14.25  2.85885  0  0
14.25  2.89027  0  0
14.25  2.92168  0  0
14.25  2.9531  0  0
14.25  2.98451  0  0
14.25  3.01593  0  0
14.25  3.04734  0  0
14.25  3.07876  0  0
14.25  3.11018  0  0
14.375  0  0  0
14.375  0.0314159  0  0
14.375  0.0628319  0  0
14.375  0.0942478  0  0
14.375  0.125664  0  0
14.375  0.15708  0  0
14.375  0.188496  0  0
14.375  0.219911  0  0
14.375  0.251327  0  0
14.375  0.282743  0  0
14.375  0.314159  0  0
14.375  0.345575  0  0
14.375  0.376991  0  0
14.375  0.408407  0  0
14.375  0.439823  0  0
14.375  0.471239  0  0
14.375  0.502655  0  0
14.375  0.534071  0  0
14.375  0.565487  0  0
14.375  0.596903  0  0
14.375  0.628319  0  0
14.375  0.659734  0  0
14.375  0.69115  0  0
14.375  0.722566  0  0
14.375  0.753982  0  0
14.375  0.785398  0  0
14.375  0.816814  0  0
14.375  0.84823  0  0
14.375  0.879646  0  0
14.375  0.911062  0  0
14.375  0.942478  0  0
14.375  0.973894  0  0
14.375  1.00531  0  0
14.375  1.03673  0  0
14.375  1.06814  0  0
14.375  1.09956  0  0
14.375  1.13097  0  0
14.375  1.16239  0  0
14.375  1.19381  0  0
14.375  1.22522  0  0
14.375  1.25664  0  0
14.375  1.28805  0  0
14.375  1.31947  0  0
14.375  1.35088  0  0
14.375  1.3823  0  0
14.375  1.41372  0  0
14.375  1.44513  0  0
14.375  1.47655  0  0
14.375  1.50796  0  0
14.375  1.53938  0  0
14.375  1.5708  0  0
14.375  1.60221  0  0
14.375  1.63363  0  0
14.375  1.66504  0  0
14.375  1.69646  0  0
14.375  1.72788  0  0
14.375  1.75929  0  0
14.375  1.79071  0  0
14.375  1.82212  0  0
14.375  1.85354  0  0
14.375  1.88496  0  0
14.375  1.91637  0  0
14.375  1.94779  0  0
14.375  1.9792  0  0
14.375  2.01062  0  0
14.375  2.04204  0  0
14.375  2.07345  0  0
14.375  2.10487  0  0
14.375  2.13628  0  0
14.375  2.1677  0  0
14.375  2.19911  0  0
14.375  2.23053  0  0
14.375  2.26195  0  0
14.375  2.29336  0  0
14.375  2.32478  0  0
14.375  2.35619  0  0
14.375  2.38761  0  0
14.375  2.41903  0  0
14.375  2.45044  0  0
14.375  2.48186  0  0
14.375  2.51327  0  0
14.375  2.54469  0  0
14.375  2.57611  0  0
14.375  2.60752  0  0
14.375  2.63894  0  0
14.375  2.67035  0  0
14.375  2.70177  0  0
14.375  2.73319  0  0
14.375  2.7646  0  0
14.375  2.79602  0  0
14.375  2.82743  0  0
14.375  2.85885  0  0
14.375  2.89027  0  0
14.375  2.92168  0  0
14.375  2.9531  0  0
14.375  2.98451  0  0
14.375  3.01593  0  0
14.375  3.04734  0  0
14.375  3.07876  0  0
14.375  3.11018  0  0
14.5  0  0  0
14.5  0.0314159  0  0
14.5  0.0628319  0  0
14.5  0.0942478  0  0
14.5  0.125664  0  0
14.5  0.15708  0  0
14.5  0.188496  0  0
14.5  0.219911  0  0
14.5  0.251327  0  0
14.5  0.282743  0  0
14.5  0.314159  0  0
14.5  0.345575  0  0
14.5  0.376991  0  0
14.5  0.408407  0  0
14.5  0.439823  0  0
14.5  0.471239  0  0
14.5  0.502655  0  0
14.5  0.534071  0  0
14.5  0.565487  0  0
14.5  0.596903  0  0
14.5  0.628319  0  0
14.5  0.659734  0  0
14.5  0.69115  0  0
14.5  0.722566  0  0
14.5  0.753982  0  0
14.5  0.785398  0  0
14.5  0.816814  0  0
14.5  0.84823  0  0
14.5  0.879646  0  0
14.5  0.911062  0  0
14.5  0.942478  0  0
14.5  0.973894  0  0
14.5  1.00531  0  0
14.5  1.03673  0  0
14.5  1.06814  0  0
14.5  1.09956  0  0
14.5  1.13097  0  0
14.5  1.16239  0  0
14.5  1.19381  0  0
14.5  1.22522  0  0
14.5  1.25664  0  0
14.5  1.28805  0  0
14.5  1.31947  0  0
14.5  1.35088  0  0
14.5  1.3823  0  0
14.5  1.41372  0  0
14.5  1.44513  0  0
14.5  1.47655  0  0
14.5  1.50796  0  0
14.5  1.53938  0  0
14.5  1.5708  0  0
14.5  1.60221  0  0
14.5  1.63363  0  0
14.5  1.66504  0  0
14.5  1.69646  0  0
14.5  1.72788  0  0
14.5  1.75929  0  0
14.5  1.79071  0  0
14.5  1.82212  0  0
14.5  1.85354  0  0
14.5  1.88496  0  0
14.5  1.91637  0  0
14.5  1.94779  0  0
14.5  1.9792  0  0
14.5  2.01062  0  0
14.5  2.04204  0  0
14.5  2.07345  0  0
14.5  2.10487  0  0
14.5  2.13628  0  0
14.5  2.1677  0  0
14.5  2.19911  0  0
14.5  2.23053  0  0
14.5  2.26195  0  0
14.5  2.29336  0  0
14.5  2.32478  0  0
14.5  2.35619  0  0
14.5  2.38761  0  0
14.5  2.41903  0  0
14.5  2.45044  0  0
14.5  2.48186  0  0
14.5  2.51327  0  0
14.5  2.54469  0  0
14.5  2.57611  0  0
14.5  2.60752  0  0
14.5  2.63894  0  0
14.5  2.67035  0  0
14.5  2.70177  0  0
14.5  2.73319  0  0
14.5  2.7646  0  0
14.5  2.79602  0  0
14.5  2.82743  0  0
14.5  2.85885  0  0
14.5  2.89027  0  0
14.5  2.92168  0  0
14.5  2.9531  0  0
14.5  2.98451  0  0
14.5  3.01593  0  0
14.5  3.04734  0  0
14.5  3.07876  0  0
14.5  3.11018  0  0
14.625  0  0  0
14.625  0.0314159  0  0
14.625  0.0628319  0  0
14.625  0.0942478  0  0
14.625  0.125664  0  0
14.625  0.15708  0  0
14.625  0.188496  0  0
14.625  0.219911  0  0
14.625  0.251327  0  0
14.625  0.282743  0  0
14.625  0.314159  0  0
14.625  0.345575  0  0
14.625  0.376991  0  0
14.625  0.408407  0  0
14.625  0.439823  0  0
14.625  0.471239  0  0
14.625  0.502655  0  0
14.625  0.534071  0  0
14.625  0.565487  0  0
14.625  0.596903  0  0
14.625  0.628319  0  0
14.625  0.659734  0  0
14.625  0.69115  0  0
14.625  0.722566  0  0
14.625  0.753982  0  0
14.625  0.785398  0  0
14.625  0.816814  0  0
14.625  0.84823  0  0
14.625  0.879646  0  0
14.625  0.911062  0  0
14.625  0.942478  0  0
14.625  0.973894  0  0
14.625  1.00531  0  0
14.625  1.03673  0  0
14.625  1.06814  0  0
14.625  1.09956  0  0
14.625  1.13097  0  0
14.625  1.16239  0  0
14.625  1.19381  0  0
14.625  1.22522  0  0
14.625  1.25664  0  0
14.625  1.28805  0  0
14.625  1.31947  0  0
14.625  1.35088  0  0
14.625  1.3823  0  0
14.625  1.41372  0  0
14.625  1.44513  0  0
14.625  1.47655  0  0
14.625  1.50796  1.69492  1.30189
14.625  1.53938  0  0
14.625  1.5708  0  0
14.625  1.60221  0  0
14.625  1.63363  0  0
14.625  1.66504  0  0
14.625  1.69646  0  0
14.625  1.72788  0  0
14.625  1.75929  0  0
14.625  1.79071  0  0
14.625  1.82212  0  0
14.625  1.85354  0  0
14.625  1.88496  0  0
14.625  1.91637  0  0
14.625  1.94779  0  0
14.625  1.9792  0  0
14.625  2.01062  0  0
14.625  2.04204  0  0
14.625  2.07345  0  0
14.625  2.10487  0  0
14.625  2.13628  0  0
14.625  2.1677  0  0
14.625  2.19911  0  0
14.625  2.23053  0  0
14.625  2.26195  0  0
14.625  2.29336  0  0
14.625  2.32478  0  0
14.625  2.35619  0  0
14.625  2.38761  0  0
14.625  2.41903  0  0
14.625  2.45044  0  0
14.625  2.48186  0  0
14.625  2.51327  0  0
14.625  2.54469  0  0
14.625  2.57611  0  0
14.625  2.60752  0  0
14.625  2.63894  0  0
14.625  2.67035  0  0
14.625  2.70177  0  0
14.625  2.73319  0  0
14.625  2.7646  0  0
14.625  2.79602  0  0
14.625  2.82743  0  0
14.625  2.85885  0  0
14.625  2.89027  0  0
14.625  2.92168  0  0
14.625  2.9531  0  0
14.625  2.98451  0  0
14.625  3.01593  0  0
14.625  3.04734  0  0
14.625  3.07876  0  0
14.625  3.11018  0  0
14.75  0  0  0
14.75  0.0314159  0  0
14.75  0.0628319  0  0
14.75  0.0942478  0  0
14.75  0.125664  0  0
14.75  0.15708  0  0
14.75  0.188496  0  0
14.75  0.219911  0  0
14.75  0.251327  0  0
14.75  0.282743  0  0
14.75  0.314159  0  0
14.75  0.345575  0  0
14.75  0.376991  0  0
14.75  0.408407  0  0
14.75  0.439823  0  0
14.75  0.471239  0  0
14.75  0.502655  0  0
14.75  0.534071  0  0
14.75  0.565487  0  0
14.75  0.596903  0  0
14.75  0.628319  0  0
14.75  0.659734  0  0
14.75  0.69115  0  0
14.75  0.722566  0  0
14.75  0.753982  0  0
14.75  0.785398  0  0
14.75  0.816814  0  0
14.75  0.84823  0  0
14.75  0.879646  0  0
14.75  0.911062  0  0
14.75  0.942478  0  0
14.75  0.973894  0  0
14.75  1.00531  0  0
14.75  1.03673  0  0
14.75  1.06814  0  0
14.75  1.09956  0  0
14.75  1.13097  0  0
14.75  1.16239  0  0
14.75  1.19381  0  0
14.75  1.22522  0  0
14.75  1.25664  0  0
14.75  1.28805  0  0
14.75  1.31947  0  0
14.75  1.35088  0  0
14.75  1.3823  0  0
14.75  1.41372  0  0
14.75  1.44513  0  0
14.75  1.47655  0  0
14.75  1.50796  2  1.41421
14.75  1.53938  0  0
14.75  1.5708  0  0
14.75  1.60221  3.7037  1.9245
14.75  1.63363  1.66667  1.29099
14.75  1.66504  0  0
14.75  1.69646  0  0
14.75  1.72788  0  0
14.75  1.75929  0  0
14.75  1.79071  0  0
14.75  1.82212  0  0
14.75  1.85354  0  0
14.75  1.88496  0  0
14.75  1.91637  0  0
14.75  1.94779  0  0
14.75  1.9792  0  0
14.75  2.01062  0  0
14.75  2.04204  0  0
14.75  2.07345  0  0
14.75  2.10487  0  0
14.75  2.13628  0  0
14.75  2.1677  0  0
14.75  2.19911  0  0
14.75  2.23053  0  0
14.75  2.26195  0  0
14.75  2.29336  0  0
14.75  2.32478  0  0
14.75  2.35619  0  0
14.75  2.38761  0  0
14.75  2.41903  0  0
14.75  2.45044  0  0
14.75  2.48186  0  0
14.75  2.51327  0  0
14.75  2.54469  0  0
14.75  2.57611  0  0
14.75  2.60752  0  0
14.75  2.63894  0  0
14.75  2.67035  0  0
14.75  2.70177  0  0
14.75  2.73319  0  0
14.75  2.7646  0  0
14.75  2.79602  0  0
14.75  2.82743  0  0
14.75  2.85885  0  0
14.75  2.89027  0  0
14.75  2.92168  0  0
14.75  2.9531  0  0
14.75  2.98451  0  0
14.75  3.01593  0  0
14.75  3.04734  0  0
14.75  3.07876  0  0
14.75  3.11018  0  0
14.875  0  0  0
14.875  0.0314159  0  0
14.875  0.0628319  0  0
14.875  0.0942478  0  0
14.875  0.125664  0  0
14.875  0.15708  0  0
14.875  0.188496  0  0
14.875  0.219911  0  0
14.875  0.251327  0  0
14.875  0.282743  0  0
14.875  0.314159  0  0
14.875  0.345575  0  0
14.875  0.376991  0  0
14.875  0.408407  0  0
14.875  0.439823  0  0
14.875  0.471239  0  0
14.875  0.502655  0  0
14.875  0.534071  0  0
14.875  0.565487  0  0
14.875  0.596903  0  0
14.875  0.628319  0  0
14.875  0.659734  0  0
14.875  0.69115  0  0
14.875  0.722566  0  0
14.875  0.753982  0  0
14.875  0.785398  0  0
14.875  0.816814  0  0
14.875  0.84823  0  0
14.875  0.879646  0  0
14.875  0.911062  0  0
14.875  0.942478  0  0
14.875  0.973894  0  0
14.875  1.00531  0  0
14.875  1.03673  0  0
14.875  1.06814  0  0
14.875  1.09956  0  0
14.875  1.13097  0  0
14.875  1.16239  0  0
14.875  1.19381  0  0
14.875  1.22522  0  0
14.875  1.25664  0  0
14.875  1.28805  0  0
14.875  1.31947  0  0
14.875  1.35088  0  0
14.875  1.3823  4.25532  2.06284
14.875  1.41372  7.14286  2.67261
14.875  1.44513  10.9375  3.30719
14.875  1.47655  16.3636  4.0452
14.875  1.50796  26.087  5.10754
14.875  1.53938  29.1667  5.40062
14.875  1.5708  19.1489  4.37595
14.875  1.60221  19.3548  4.39941
14.875  1.63363  10.2041  3.19438
14.875  1.66504  8.77193  2.96174
14.875  1.69646  0  0
14.875  1.72788  2.38095  1.54303
14.875  1.75929  0  0
14.875  1.79071  0  0
14.875  1.82212  0  0
14.875  1.85354  0  0
14.875  1.88496  0  0
14.875  1.91637  0  0
14.875  1.94779  0  0
14.875  1.9792  0  0
14.875  2.01062  0  0
14.875  2.04204  0  0
14.875  2.07345  0  0
14.875  2.10487  0  0
14.875  2.13628  0  0
14.875  2.1677  0  0
14.875  2.19911  0  0
14.875  2.23053  0  0
14.875  2.26195  0  0
14.875  2.29336  0  0
14.875  2.32478  0  0
14.875  2.35619  0  0
14.875  2.38761  0  0
14.875  2.41903  0  0
14.875  2.45044  0  0
14.875  2.48186  0  0
14.875  2.51327  0  0
14.875  2.54469  0  0
14.875  2.57611  0  0
14.875  2.60752  0  0
14.875  2.63894  0  0
14.875  2.67035  0  0
14.875  2.70177  0  0
14.875  2.73319  0  0
14.875  2.7646  0  0
14.875  2.79602  0  0
14.875  2.82743  0  0
14.875  2.85885  0  0
14.875  2.89027  0  0
14.875  2.92168  0  0
14.875  2.9531  0  0
14.875  2.98451  0  0
14.875  3.01593  0  0
14.875  3.04734  0  0
14.875  3.07876  0  0
14.875  3.11018  0  0
15  0  0  0
15  0.0314159  0  0
15  0.0628319  0  0
15  0.0942478  0  0
15  0.125664  0  0
15  0.15708  0  0
15  0.188496  0  0
15  0.219911  0  0
15  0.251327  0  0
15  0.282743  0  0
15  0.314159  0  0
15  0.345575  0  0
15  0.376991  0  0
15  0.408407  0  0
15  0.439823  0  0
15  0.471239  0  0
15  0.502655  0  0
15  0.534071  0  0
15  0.565487  0  0
15  0.596903  0  0
15  0.628319  0  0
15  0.659734  0  0
15  0.69115  0  0
15  0.722566  0  0
15  0.753982  0  0
15  0.785398  0  0
15  0.816814  0  0
15  0.84823  0  0
15  0.879646  0  0
15  0.911062  0  0
15  0.942478  0  0
15  0.973894  0  0
15  1.00531  0  0
15  1.03673  0  0
15  1.06814  0  0
15  1.09956  0  0
15  1.13097  0  0
15  1.16239  0  0
15  1.19381  0  0
15  1.22522  0  0
15  1.25664  0  0
15  1.28805  0  0
15  1.31947  3.44828  1.85695
15  1.35088  7.40741  2.72166
15  1.3823  17.7778  4.21637
15  1.41372  24.5283  4.95261
15  1.44513  44.8276  6.69534
15  1.47655  58.3333  7.63763
15  1.50796  54  7.34847
15  1.53938  54.3478  7.3721
15  1.5708  61.3636  7.83349
15  1.60221  59.2593  7.698
15  1.63363  52.5424  7.24861
15  1.66504  52  7.2111
15  1.69646  34  5.83095
15  1.72788  27.7778  5.27046
15  1.75929  2.43902  1.56174
15  1.79071  1.96078  1.40028
15  1.82212  0  0
15  1.85354  0  0
15  1.88496  0  0
15  1.91637  0  0
15  1.94779  0  0
15  1.9792  0  0
15  2.01062  0  0
15  2.04204  0  0
15  2.07345  0  0
15  2.10487  0  0
15  2.13628  0  0
15  2.1677  0  0
15  2.19911  0  0
15  2.23053  0  0
15  2.26195  0  0
15  2.29336  0  0
15  2.32478  0  0
15  2.35619  0  0
15  2.38761  0  0
15  2.41903  0  0
15  2.45044  0  0
15  2.48186  0  0
15  2.51327  0  0
15  2.54469  0  0
15  2.57611  0  0
15  2.60752  0  0
15  2.63894  0  0
15  2.67035  0  0
15  2.70177  0  0
15  2.73319  0  0
15  2.7646  0  0
15  2.79602  0  0
15  2.82743  0  0
15  2.85885  0  0
15  2.89027  0  0
15  2.92168  0  0
15  2.9531  0  0
15  2.98451  0  0
15  3.01593  0  0
15  3.04734  0  0
15  3.07876  0  0
15  3.11018  0  0
15.125  0  0  0
15.125  0.0314159  0  0
15.125  0.0628319  0  0
15.125  0.0942478  0  0
15.125  0.125664  0  0
15.125  0.15708  0  0
15.125  0.188496  0  0
15.125  0.219911  0  0
15.125  0.251327  0  0
15.125  0.282743  0  0
15.125  0.314159  0  0
15.125  0.345575  0  0
15.125  0.376991  0  0
15.125  0.408407  0  0
15.125  0.439823  0  0
15.125  0.471239  0  0
15.125  0.502655  0  0
15.125  0.534071  0  0
15.125  0.565487  0  0
15.125  0.596903  0  0
15.125  0.628319  0  0
15.125  0.659734  0  0
15.125  0.69115  0  0
15.125  0.722566  0  0
15.125  0.753982  0  0
15.125  0.785398  0  0
15.125  0.816814  0  0
15.125  0.84823  0  0
15.125  0.879646  0  0
15.125  0.911062  0  0
15.125  0.942478  0  0
15.125  0.973894  0  0
15.125  1.00531  0  0
15.125  1.03673  0  0
15.125  1.06814  0  0
15.125  1.09956  0  0
15.125  1.13097  0  0
15.125  1.16239  0  0
15.125  1.19381  0  0
15.125  1.22522  0  0
15.125  1.25664  0  0
15.125  1.28805  6.89655  2.62613
15.125  1.31947  27.0833  5.20416
15.125  1.35088  42.2222  6.49786
15.125  1.3823  59.2593  7.698
15.125  1.41372  72.8814  8.53706
15.125  1.44513  79.0323  8.89001
15.125  1.47655  90  9.48683
15.125  1.50796  90.7407  9.52579
15.125  1.53938  93.8462  9.68742
15.125  1.5708  93.8776  9.68904
15.125  1.60221  92.3077  9.60769
15.125  1.63363  85.7143  9.2582
15.125  1.66504  81.4815  9.02671
15.125  1.69646  81.0811  9.0045
15.125  1.72788  47.8261  6.91564
15.125  1.75929  42  6.48074
15.125  1.79071  11.1111  3.33333
15.125  1.82212  7.69231  2.7735
15.125  1.85354  0  0
15.125  1.88496  0  0
15.125  1.91637  0  0
15.125  1.94779  0  0
15.125  1.9792  0  0
15.125  2.01062  0  0
15.125  2.04204  0  0
15.125  2.07345  0  0
15.125  2.10487  0  0
15.125  2.13628  0  0
15.125  2.1677  0  0
15.125  2.19911  0  0
15.125  2.23053  0  0
15.125  2.26195  0  0
15.125  2.29336  0  0
15.125  2.32478  0  0
15.125  2.35619  0  0
15.125  2.38761  0  0
15.125  2.41903  0  0
15.125  2.45044  0  0
15.125  2.48186  0  0
15.125  2.51327  0  0
15.125  2.54469  0  0
15.125  2.57611  0  0
15.125  2.60752  0  0
15.125  2.63894  0  0
15.125  2.67035  0  0
15.125  2.70177  0  0
15.125  2.73319  0  0
15.125  2.7646  0  0
15.125  2.79602  0  0
15.125  2.82743  0  0
15.125  2.85885  0  0
15.125  2.89027  0  0
15.125  2.92168  0  0
15.125  2.9531  0  0
15.125  2.98451  0  0
15.125  3.01593  0  0
15.125  3.04734  0  0
15.125  3.07876  0  0
15.125  3.11018  0  0
15.25  0  0  0
15.25  0.0314159  0  0
15.25  0.0628319  0  0
15.25  0.0942478  0  0
15.25  0.125664  0  0
15.25  0.15708  0  0
15.25  0.188496  0  0
15.25  0.219911  0  0
15.25  0.251327  0  0
15.25  0.282743  0  0
15.25  0.314159  0  0
15.25  0.345575  0  0
15.25  0.376991  0  0
15.25  0.408407  0  0
15.25  0.439823  0  0
15.25  0.471239  0  0
15.25  0.502655  0  0
15.25  0.534071  0  0
15.25  0.565487  0  0
15.25  0.596903  0  0
15.25  0.628319  0  0
15.25  0.659734  0  0
15.25  0.69115  0  0
15.25  0.722566  0  0
15.25  0.753982  0  0
15.25  0.785398  0  0
15.25  0.816814  0  0
15.25  0.84823  0  0
15.25  0.879646  0  0
15.25  0.911062  0  0
15.25  0.942478  0  0
15.25  0.973894  0  0
15.25  1.00531  0  0
15.25  1.03673  0  0
15.25  1.06814  0  0
15.25  1.09956  0  0
15.25  1.13097  0  0
15.25  1.16239  0  0
15.25  1.19381  0  0
15.25  1.22522  3.7037  1.9245
15.25  1.25664  16.9231  4.11377
15.25  1.28805  46.6667  6.8313
15.25  1.31947  51.8519  7.20082
15.25  1.35088  78.6885  8.87066
15.25  1.3823  91.25  9.55249
15.25  1.41372  93.5484  9.67204
15.25  1.44513  95.3125  9.76281
15.25  1.47655  100  10
15.25  1.50796  100  10
15.25  1.53938  100  10
15.25  1.5708  100  10
15.25  1.60221  100  10
15.25  1.63363  95.5556  9.77525
15.25  1.66504  97.8261  9.89071
15.25  1.69646  91.9355  9.5883
15.25  1.72788  87.7551  9.36777
15.25  1.75929  74.1379  8.61034
15.25  1.79071  51.9231  7.20577
15.25  1.82212  31.4815  5.61084
15.25  1.85354  4.16667  2.04124
15.25  1.88496  0  0
15.25  1.91637  0  0
15.25  1.94779  0  0
15.25  1.9792  0  0
15.25  2.01062  0  0
15.25  2.04204  0  0
15.25  2.07345  0  0
15.25  2.10487  0  0
15.25  2.13628  0  0
15.25  2.1677  0  0
15.25  2.19911  0  0
15.25  2.23053  0  0
15.25  2.26195  0  0
15.25  2.29336  0  0
15.25  2.32478  0  0
15.25  2.35619  0  0
15.25  2.38761  0  0
15.25  2.41903  0  0
15.25  2.45044  0  0
15.25  2.48186  0  0
15.25  2.51327  0  0
15.25  2.54469  0  0
15.25  2.57611  0  0
15.25  2.60752  0  0
15.25  2.63894  0  0
15.25  2.67035  0  0
15.25  2.70177  0  0
15.25  2.73319  0  0
15.25  2.7646  0  0
15.25  2.79602  0  0
15.25  2.82743  0  0
15.25  2.85885  0  0
15.25  2.89027  0  0
15.25  2.92168  0  0
15.25  2.9531  0  0
15.25  2.98451  0  0
15.25  3.01593  0  0
15.25  3.04734  0  0
15.25  3.07876  0  0
15.25  3.11018  0  0
15.375  0  0  0
15.375  0.0314159  0  0
15.375  0.0628319  0  0
15.375  0.0942478  0  0
15.375  0.125664  0  0
15.375  0.15708  0  0
15.375  0.188496  0  0
15.375  0.219911  0  0
15.375  0.251327  0  0
15.375  0.282743  0  0
15.375  0.314159  0  0
15.375  0.345575  0  0
15.375  0.376991  0  0
15.375  0.408407  0  0
15.375  0.439823  0  0
15.375  0.471239  0  0
15.375  0.502655  0  0
15.375  0.534071  0  0
15.375  0.565487  0  0
15.375  0.596903  0  0
15.375  0.628319  0  0
15.375  0.659734  0  0
15.375  0.69115  0  0
15.375  0.722566  0  0
15.375  0.753982  0  0
15.375  0.785398  0  0
15.375  0.816814  0  0
15.375  0.84823  0  0
15.375  0.879646  0  0
15.375  0.911062  0  0
15.375  0.942478  0  0
15.375  0.973894  1.42857  1.19523
15.375  1.00531  0  0
15.375  1.03673  0  0
15.375  1.06814  0  0
15.375  1.09956  0  0
15.375  1.13097  0  0
15.375  1.16239  0  0
15.375  1.19381  5.66038  2.37915
15.375  1.22522  19.2308  4.38529
15.375  1.25664  48.2143  6.94365
15.375  1.28805  69.4444  8.33333
15.375  1.31947  82  9.05539
15.375  1.35088  90.566  9.51662
15.375  1.3823  97.8723  9.89305
15.375  1.41372  92.8571  9.63624
15.375  1.44513  95.7447  9.78492
15.375  1.47655  100  10
15.375  1.50796  100  10
15.375  1.53938  100  10
15.375  1.5708  100  10
15.375  1.60221  100  10
15.375  1.63363  100  10
15.375  1.66504  100  10
15.375  1.69646  100  10
15.375  1.72788  100  10
15.375  1.75929  98.2143  9.91031
15.375  1.79071  91.4894  9.56501
15.375  1.82212  67.3469  8.20652
15.375  1.85354  38.3562  6.19324
15.375  1.88496  17.1429  4.14039
15.375  1.91637  4.7619  2.18218
15.375  1.94779  0  0
15.375  1.9792  0  0
15.375  2.01062  0  0
15.375  2.04204  0  0
15.375  2.07345  0  0
15.375  2.10487  0  0
15.375  2.13628  0  0
15.375  2.1677  0  0
15.375  2.19911  0  0
15.375  2.23053  0  0
15.375  2.26195  0  0
15.375  2.29336  0  0
15.375  2.32478  0  0
15.375  2.35619  0  0
15.375  2.38761  0  0
15.375  2.41903  0  0
15.375  2.45044  0  0
15.375  2.48186  0  0
15.375  2.51327  0  0
15.375  2.54469  0  0
15.375  2.57611  0  0
15.375  2.60752  0  0
15.375  2.63894  0  0
15.375  2.67035  0  0
15.375  2.70177  0  0
15.375  2.73319  0  0
15.375  2.7646  0  0
15.375  2.79602  0  0
15.375  2.82743  0  0
15.375  2.85885  0  0
15.375  2.89027  0  0
15.375  2.92168  0  0
15.375  2.9531  0  0
15.375  2.98451  0  0
15.375  3.01593  0  0
15.375  3.04734  0  0
15.375  3.07876  0  0
15.375  3.11018  0  0
15.5  0  0  0
15.5  0.0314159  0  0
15.5  0.0628319  0  0
15.5  0.0942478  0  0
15.5  0.125664  0  0
15.5  0.15708  0  0
15.5  0.188496  0  0
15.5  0.219911  0  0
15.5  0.251327  0  0
15.5  0.282743  0  0
15.5  0.314159  0  0
15.5  0.345575  0  0
15.5  0.376991  0  0
15.5  0.408407  0  0
15.5  0.439823  0  0
15.5  0.471239  0  0
15.5  0.502655  0  0
15.5  0.534071  0  0
15.5  0.565487  0  0
15.5  0.596903  0  0
15.5  0.628319  0  0
15.5  0.659734  0  0
15.5  0.69115  0  0
15.5  0.722566  0  0
15.5  0.753982  0  0
15.5  0.785398  0  0
15.5  0.816814  0  0
15.5  0.84823  0  0
15.5  0.879646  0  0
15.5  0.911062  0  0
15.5  0.942478  0  0
15.5  0.973894  0  0
15.5  1.00531  0  0
15.5  1.03673  0  0
15.5  1.06814  0  0
15.5  1.09956  0  0
15.5  1.13097  0  0
15.5  1.16239  2.12766  1.45865
15.5  1.19381  21.3115  4.61644
15.5  1.22522  52.9412  7.27607
15.5  1.25664  82.2581  9.06962
15.5  1.28805  98.5507  9.92727
15.5  1.31947  91.6667  9.57427
15.5  1.35088  98.0769  9.90338
15.5  1.3823  95.4545  9.77008
15.5  1.41372  100  10
15.5  1.44513  100  10
15.5  1.47655  100  10
15.5  1.50796  100  10
15.5  1.53938  100  10
15.5  1.5708  100  10
15.5  1.60221  100  10
15.5  1.63363  93.75  9.68246
15.5  1.66504  97.9167  9.89529
15.5  1.69646  100  10
15.5  1.72788  98  9.89949
15.5  1.75929  100  10
15.5  1.79071  96.1538  9.80581
15.5  1.82212  93.75  9.68246
15.5  1.85354  86.8852  9.32123
15.5  1.88496  57.4468  7.57937
15.5  1.91637  20  4.47214
15.5  1.94779  0  0
15.5  1.9792  1.5873  1.25988
15.5  2.01062  0  0
15.5  2.04204  0  0
15.5  2.07345  0  0
15.5  2.10487  0  0
15.5  2.13628  0  0
15.5  2.1677  0  0
15.5  2.19911  0  0
15.5  2.23053  0  0
15.5  2.26195  0  0
15.5  2.29336  0  0
15.5  2.32478  0  0
15.5  2.35619  0  0
15.5  2.38761  0  0
15.5  2.41903  0  0
15.5  2.45044  0  0
15.5  2.48186  0  0
15.5  2.51327  0  0
15.5  2.54469  0  0
15.5  2.57611  0  0
15.5  2.60752  0  0
15.5  2.63894  0  0
15.5  2.67035  0  0
15.5  2.70177  0  0
15.5  2.73319  0  0
15.5  2.7646  0  0
15.5  2.79602  0  0
15.5  2.82743  0  0
15.5  2.85885  0  0
15.5  2.89027  0  0
15.5  2.92168  0  0
15.5  2.9531  0  0
15.5  2.98451  0  0
15.5  3.01593  0  0
15.5  3.04734  0  0
15.5  3.07876  0  0
15.5  3.11018  0  0
15.625  0  0  0
15.625  0.0314159  0  0
15.625  0.0628319  0  0
15.625  0.0942478  0  0
15.625  0.125664  0  0
15.625  0.15708  0  0
15.625  0.188496  0  0
15.625  0.219911  0  0
15.625  0.251327  0  0
15.625  0.282743  0  0
15.625  0.314159  0  0
15.625  0.345575  0  0
15.625  0.376991  0  0
15.625  0.408407  0  0
15.625  0.439823  0  0
15.625  0.471239  0  0
15.625  0.502655  0  0
15.625  0.534071  0  0
15.625  0.565487  0  0
15.625  0.596903  0  0
15.625  0.628319  0  0
15.625  0.659734  0  0
15.625  0.69115  0  0
15.625  0.722566  0  0
15.625  0.753982  0  0
15.625  0.785398  0  0
15.625  0.816814  0  0
15.625  0.84823  0  0
15.625  0.879646  0  0
15.625  0.911062  0  0
15.625  0.942478  0  0
15.625  0.973894  0  0
15.625  1.00531  0  0
15.625  1.03673  0  0
15.625  1.06814  0  0
15.625  1.09956  0  0
15.625  1.13097  1.51515  1.23091
15.625  1.16239  23.7288  4.87122
15.625  1.19381  56.3636  7.50757
15.625  1.22522  91.0448  9.54174
15.625  1.25664  92.3077  9.60769
15.625  1.28805  95.7447  9.78492
15.625  1.31947  96.5517  9.82607
15.625  1.35088  96.875  9.84251
15.625  1.3823  100  10
15.625  1.41372  100  10
15.625  1.44513  100  10
15.625  1.47655  97.9592  9.89743
15.625  1.50796  96.4286  9.81981
15.625  1.53938  100  10
15.625  1.5708  100  10
15.625  1.60221  100  10
15.625  1.63363  98.1481  9.90697
15.625  1.66504  100  10
15.625  1.69646  100  10
15.625  1.72788  100  10
15.625  1.75929  96.6102  9.82905
15.625  1.79071  97.4359  9.87096
15.625  1.82212  91.0714  9.54314
15.625  1.85354  94.7368  9.73329
15.625  1.88496  80.303  8.9612
15.625  1.91637  46.9697  6.85344
15.625  1.94779  20  4.47214
15.625  1.9792  1.5625  1.25
15.625  2.01062  0  0
15.625  2.04204  0  0
15.625  2.07345  0  0
15.625  2.10487  0  0
15.625  2.13628  0  0
15.625  2.1677  0  0
15.625  2.19911  0  0
15.625  2.23053  0  0
15.625  2.26195  0  0
15.625  2.29336  0  0
15.625  2.32478  0  0
15.625  2.35619  0  0
15.625  2.38761  0  0
15.625  2.41903  0  0
15.625  2.45044  0  0
15.625  2.48186  0  0
15.625  2.51327  0  0
15.625  2.54469  0  0
15.625  2.57611  0  0
15.625  2.60752  0  0
15.625  2.63894  0  0
15.625  2.67035  0  0
15.625  2.70177  0  0
15.625  2.73319  0  0
15.625  2.7646  0  0
15.625  2.79602  0  0
15.625  2.82743  0  0
15.625  2.85885  0  0
15.625  2.89027  0  0
15.625  2.92168  0  0
15.625  2.9531  0  0
15.625  2.98451  0  0
15.625  3.01593  0  0
15.625  3.04734  0  0
15.625  3.07876  0  0
15.625  3.11018  0  0
15.75  0  0  0
15.75  0.0314159  0  0
15.75  0.0628319  0  0
15.75  0.0942478  0  0
15.75  0.125664  0  0
15.75  0.15708  0  0
15.75  0.188496  0  0
15.75  0.219911  0  0
15.75  0.251327  0  0
15.75  0.282743  0  0
15.75  0.314159  0  0
15.75  0.345575  0  0
15.75  0.376991  0  0
15.75  0.408407  0  0
15.75  0.439823  0  0
15.75  0.471239  0  0
15.75  0.502655  0  0
15.75  0.534071  0  0
15.75  0.565487  0  0
15.75  0.596903  0  0
15.75  0.628319  0  0
15.75  0.659734  0  0
15.75  0.69115  0  0
15.75  0.722566  0  0
15.75  0.753982  0  0
15.75  0.785398  0  0
15.75  0.816814  0  0
15.75  0.84823  0  0
15.75  0.879646  0  0
15.75  0.911062  0  0
15.75  0.942478  0  0
15.75  0.973894  0  0
15.75  1.00531  0  0
15.75  1.03673  0  0
15.75  1.06814  0  0
15.75  1.09956  1.53846  1.24035
15.75  1.13097  13.8462  3.72104
15.75  1.16239  60  7.74597
15.75  1.19381  90.1961  9.49716
15.75  1.22522  97.0149  9.84962
15.75  1.25664  95.4545  9.77008
15.75  1.28805  96.2963  9.81307
15.75  1.31947  100  10
15.75  1.35088  100  10
15.75  1.3823  98.1818  9.90867
15.75  1.41372  98  9.89949
15.75  1.44513  100  10
15.75  1.47655  97.7273  9.88571
15.75  1.50796  100  10
15.75  1.53938  100  10
15.75  1.5708  100  10
15.75  1.60221  100  10
15.75  1.63363  100  10
15.75  1.66504  100  10
15.75  1.69646  96.7213  9.8347
15.75  1.72788  100  10
15.75  1.75929  100  10
15.75  1.79071  100  10
15.75  1.82212  98.2456  9.91189
15.75  1.85354  100  10
15.75  1.88496  100  10
15.75  1.91637  87.5  9.35414
15.75  1.94779  63.4615  7.96628
15.75  1.9792  18.5185  4.30331
15.75  2.01062  1.69492  1.30189
15.75  2.04204  0  0
15.75  2.07345  0  0
15.75  2.10487  0  0
15.75  2.13628  0  0
15.75  2.1677  0  0
15.75  2.19911  0  0
15.75  2.23053  0  0
15.75  2.26195  0  0
15.75  2.29336  0  0
15.75  2.32478  0  0
15.75  2.35619  0  0
15.75  2.38761  0  0
15.75  2.41903  0  0
15.75  2.45044  0  0
15.75  2.48186  0  0
15.75  2.51327  0  0
15.75  2.54469  0  0
15.75  2.57611  0  0
15.75  2.60752  0  0
15.75  2.63894  0  0
15.75  2.67035  0  0
15.75  2.70177  0  0
15.75  2.73319  0  0
15.75  2.7646  0  0
15.75  2.79602  0  0
15.75  2.82743  0  0
15.75  2.85885  0  0
15.75  2.89027  0  0
15.75  2.92168  0  0
15.75  2.9531  0  0
15.75  2.98451  0  0
15.75  3.01593  0  0
15.75  3.04734  0  0
15.75  3.07876  0  0
15.75  3.11018  0  0
15.875  0  0  0
15.875  0.0314159  0  0
15.875  0.0628319  0  0
15.875  0.0942478  0  0
15.875  0.125664  0  0
15.875  0.15708  0  0
15.875  0.188496  0  0
15.875  0.219911  0  0
15.875  0.251327  0  0
15.875  0.282743  0  0
15.875  0.314159  0  0
15.875  0.345575  0  0
15.875  0.376991  0  0
15.875  0.408407  0  0
15.875  0.439823  0  0
15.875  0.471239  0  0
15.875  0.502655  0  0
15.875  0.534071  0  0
15.875  0.565487  0  0
15.875  0.596903  0  0
15.875  0.628319  0  0
15.875  0.659734  0  0
15.875  0.69115  0  0
15.875  0.722566  0  0
15.875  0.753982  0  0
15.875  0.785398  0  0
15.875  0.816814  0  0
15.875  0.84823  0  0
15.875  0.879646  0  0
15.875  0.911062  0  0
15.875  0.942478  0  0
15.875  0.973894  0  0
15.875  1.00531  0  0
15.875  1.03673  0  0
15.875  1.06814  0  0
15.875  1.09956  11.9403  3.45547
15.875  1.13097  48  6.9282
15.875  1.16239  81.9672  9.05357
15.875  1.19381  100  10
15.875  1.22522  96.2264  9.80951
15.875  1.25664  93.3333  9.66092
15.875  1.28805  98.0392  9.90148
15.875  1.31947  98.2759  9.91342
15.875  1.35088  100  10
15.875  1.3823  96.4912  9.82299
15.875  1.41372  97.7273  9.88571
15.875  1.44513  100  10
15.875  1.47655  98.2456  9.91189
15.875  1.50796  100  10
15.875  1.53938  100  10
15.875  1.5708  100  10
15.875  1.60221  100  10
15.875  1.63363  100  10
15.875  1.66504  97.9167  9.89529
15.875  1.69646  98.4615  9.92278
15.875  1.72788  96.6102  9.82905
15.875  1.75929  100  10
15.875  1.79071  96.6102  9.82905
15.875  1.82212  98.4375  9.92157
15.875  1.85354  96.5517  9.82607
15.875  1.88496  100  10
15.875  1.91637  91.9355  9.5883
15.875  1.94779  86.9565  9.32505
15.875  1.9792  50.8197  7.12879
15.875  2.01062  16.6667  4.08248
15.875  2.04204  3.57143  1.88982
15.875  2.07345  0  0
15.875  2.10487  0  0
15.875  2.13628  0  0
15.875  2.1677  0  0
15.875  2.19911  0  0
15.875  2.23053  0  0
15.875  2.26195  0  0
15.875  2.29336  0  0
15.875  2.32478  0  0
15.875  2.35619  0  0
15.875  2.38761  0  0
15.875  2.41903  0  0
15.875  2.45044  0  0
15.875  2.48186  0  0
15.875  2.51327  0  0
15.875  2.54469  0  0
15.875  2.57611  0  0
15.875  2.60752  0  0
15.875  2.63894  0  0
15.875  2.67035  0  0
15.875  2.70177  0  0
15.875  2.73319  0  0
15.875  2.7646  0  0
15.875  2.79602  0  0
15.875  2.82743  0  0
15.875  2.85885  0  0
15.875  2.89027  0  0
15.875  2.92168  0  0
15.875  2.9531  0  0
15.875  2.98451  0  0
15.875  3.01593  0  0
15.875  3.04734  0  0
15.875  3.07876  0  0
15.875  3.11018  0  0
16  0  0  0
16  0.0314159  0  0
16  0.0628319  0  0
16  0.0942478  0  0
16  0.125664  0  0
16  0.15708  0  0
16  0.188496  0  0
16  0.219911  0  0
16  0.251327  0  0
16  0.282743  0  0
16  0.314159  0  0
16  0.345575  0  0
16  0.376991  0  0
16  0.408407  0  0
16  0.439823  0  0
16  0.471239  0  0
16  0.502655  0  0
16  0.534071  0  0
16  0.565487  0  0
16  0.596903  0  0
16  0.628319  0  0
16  0.659734  0  0
16  0.69115  0  0
16  0.722566  0  0
16  0.753982  0  0
16  0.785398  0  0
16  0.816814  0  0
16  0.84823  0  0
16  0.879646  0  0
16  0.911062  0  0
16  0.942478  0  0
16  0.973894  0  0
16  1.00531  0  0
16  1.03673  0  0
16  1.06814  12.0482  3.47105
16  1.09956  41.0714  6.4087
16  1.13097  81.1594  9.00885
16  1.16239  95.5882  9.77692
16  1.19381  96.8254  9.83999
16  1.22522  98.3607  9.91769
16  1.25664  94.5455  9.72345
16  1.28805  95.8333  9.78945
16  1.31947  95.3846  9.7665
16  1.35088  94.3396  9.71286
16  1.3823  100  10
16  1.41372  100  10
16  1.44513  98.2456  9.91189
16  1.47655  100  10
16  1.50796  96.4912  9.82299
16  1.53938  100  10
16  1.5708  100  10
16  1.60221  100  10
16  1.63363  100  10
16  1.66504  98.2143  9.91031
16  1.69646  98.1481  9.90697
16  1.72788  97.1014  9.85401
16  1.75929  100  10
16  1.79071  96.9697  9.84732
16  1.82212  98.0769  9.90338
16  1.85354  98.3871  9.91903
16  1.88496  96.4286  9.81981
16  1.91637  98.3607  9.91769
16  1.94779  95.082  9.751
16  1.9792  89.3939  9.45484
16  2.01062  40  6.32456
16  2.04204  17.3077  4.16025
16  2.07345  0  0
16  2.10487  0  0
16  2.13628  0  0
16  2.1677  1.26582  1.12509
16  2.19911  0  0
16  2.23053  0  0
16  2.26195  0  0
16  2.29336  0  0
16  2.32478  0  0
16  2.35619  0  0
16  2.38761  0  0
16  2.41903  0  0
16  2.45044  0  0
16  2.48186  0  0
16  2.51327  0  0
16  2.54469  0  0
16  2.57611  0  0
16  2.60752  0  0
16  2.63894  0  0
16  2.67035  0  0
16  2.70177  0  0
16  2.73319  0  0
16  2.7646  0  0
16  2.79602  0  0
16  2.82743  0  0
16  2.85885  0  0
16  2.89027  0  0
16  2.92168  0  0
16  2.9531  0  0
16  2.98451  0  0
16  3.01593  0  0
16  3.04734  0  0
16  3.07876  0  0
16  3.11018  0  0
16.125  0  0  0
16.125  0.0314159  0  0
16.125  0.0628319  0  0
16.125  0.0942478  0  0
16.125  0.125664  0  0
16.125  0.15708  0  0
16.125  0.188496  0  0
16.125  0.219911  0  0
16.125  0.251327  0  0
16.125  0.282743  0  0
16.125  0.314159  0  0
16.125  0.345575  0  0
16.125  0.376991  0  0
16.125  0.408407  0  0
16.125  0.439823  0  0
16.125  0.471239  0  0
16.125  0.502655  0  0
16.125  0.534071  0  0
16.125  0.565487  0  0
16.125  0.596903  0  0
16.125  0.628319  0  0
16.125  0.659734  0  0
16.125  0.69115  0  0
16.125  0.722566  0  0
16.125  0.753982  0  0
16.125  0.785398  0  0
16.125  0.816814  0  0
16.125  0.84823  0  0
16.125  0.879646  0  0
16.125  0.911062  0  0
16.125  0.942478  0  0
16.125  0.973894  0  0
16.125  1.00531  0  0
16.125  1.03673  9.58904  3.09662
16.125  1.06814  45  6.7082
16.125  1.09956  82.8571  9.10259
16.125  1.13097  87.5  9.35414
16.125  1.16239  98.4375  9.92157
16.125  1.19381  94.7368  9.73329
16.125  1.22522  94  9.69536
16.125  1.25664  98.5075  9.92509
16.125  1.28805  100  10
16.125  1.31947  100  10
16.125  1.35088  98.3333  9.91632
16.125  1.3823  96.9697  9.84732
16.125  1.41372  98.0769  9.90338
16.125  1.44513  98.0769  9.90338
16.125  1.47655  100  10
16.125  1.50796  97.9592  9.89743
16.125  1.53938  100  10
16.125  1.5708  100  10
16.125  1.60221  100  10
16.125  1.63363  98.3607  9.91769
16.125  1.66504  98.1481  9.90697
16.125  1.69646  98.3607  9.91769
16.125  1.72788  97.7273  9.88571
16.125  1.75929  100  10
16.125  1.79071  98.0392  9.90148
16.125  1.82212  96.2264  9.80951
16.125  1.85354  100  10
16.125  1.88496  97.8723  9.89305
16.125  1.91637  98.2759  9.91342
16.125  1.94779  90.9091  9.53463
16.125  1.9792  94.2029  9.70582
16.125  2.01062  82.6923  9.09353
16.125  2.04204  36.3636  6.03023
16.125  2.07345  7.04225  2.65372
16.125  2.10487  0  0
16.125  2.13628  0  0
16.125  2.1677  0  0
16.125  2.19911  0  0
16.125  2.23053  0  0
16.125  2.26195  0  0
16.125  2.29336  0  0
16.125  2.32478  0  0
16.125  2.35619  0  0
16.125  2.38761  0  0
16.125  2.41903  0  0
16.125  2.45044  0  0
16.125  2.48186  0  0
16.125  2.51327  0  0
16.125  2.54469  0  0
16.125  2.57611  0  0
16.125  2.60752  0  0
16.125  2.63894  0  0
16.125  2.67035  0  0
16.125  2.70177  0  0
16.125  2.73319  0  0
16.125  2.7646  0  0
16.125  2.79602  0  0
16.125  2.82743  0  0
16.125  2.85885  0  0
16.125  2.89027  0  0
16.125  2.92168  0  0
16.125  2.9531  0  0
16.125  2.98451  0  0
16.125  3.01593  0  0
16.125  3.04734  0  0
16.125  3.07876  0  0
16.125  3.11018  0  0
16.25  0  0  0
16.25  0.0314159  0  0
16.25  0.0628319  0  0
16.25  0.0942478  0  0
16.25  0.125664  0  0
16.25  0.15708  0  0
16.25  0.188496  0  0
16.25  0.219911  0  0
16.25  0.251327  0  0
16.25  0.282743  0  0
16.25  0.314159  0  0
16.25  0.345575  0  0
16.25  0.376991  0  0
16.25  0.408407  0  0
16.25  0.439823  0  0
16.25  0.471239  0  0
16.25  0.502655  0  0
16.25  0.534071  0  0
16.25  0.565487  0  0
16.25  0.596903  0  0
16.25  0.628319  0  0
16.25  0.659734  0  0
16.25  0.69115  0  0
16.25  0.722566  0  0
16.25  0.753982  0  0
16.25  0.785398  0  0
16.25  0.816814  0  0
16.25  0.84823  0  0
16.25  0.879646  0  0
16.25  0.911062  0  0
16.25  0.942478  0  0
16.25  0.973894  0  0
16.25  1.00531  2.46914  1.57135
16.25  1.03673  25  5
16.25  1.06814  60.6061  7.78499
16.25  1.09956  94.7368  9.73329
16.25  1.13097  98.1132  9.90521
16.25  1.16239  98.1481  9.90697
16.25  1.19381  95.8904  9.79236
16.25  1.22522  95.2381  9.759
16.25  1.25664  93.75  9.68246
16.25  1.28805  97.7273  9.88571
16.25  1.31947  95.8333  9.78945
16.25  1.35088  93.1034  9.64901
16.25  1.3823  100  10
16.25  1.41372  100  10
16.25  1.44513  98.4848  9.92395
16.25  1.47655  100  10
16.25  1.50796  100  10
16.25  1.53938  100  10
16.25  1.5708  100  10
16.25  1.60221  100  10
16.25  1.63363  97.7778  9.88826
16.25  1.66504  100  10
16.25  1.69646  98.5507  9.92727
16.25  1.72788  94.4444  9.71825
16.25  1.75929  100  10
16.25  1.79071  100  10
16.25  1.82212  100  10
16.25  1.85354  100  10
16.25  1.88496  96.7213  9.8347
16.25  1.91637  98.3871  9.91903
16.25  1.94779  98.5075  9.92509
16.25  1.9792  98.2759  9.91342
16.25  2.01062  100  10
16.25  2.04204  74.5455  8.63397
16.25  2.07345  28.75  5.3619
16.25  2.10487  1.40845  1.18678
16.25  2.13628  0  0
16.25  2.1677  0  0
16.25  2.19911  0  0
16.25  2.23053  0  0
16.25  2.26195  0  0
16.25  2.29336  0  0
16.25  2.32478  0  0
16.25  2.35619  0  0
16.25  2.38761  0  0
16.25  2.41903  0  0
16.25  2.45044  0  0
16.25  2.48186  0  0
16.25  2.51327  0  0
16.25  2.54469  0  0
16.25  2.57611  0  0
16.25  2.60752  0  0
16.25  2.63894  0  0
16.25  2.67035  0  0
16.25  2.70177  0  0
16.25  2.73319  0  0
16.25  2.7646  0  0
16.25  2.79602  0  0
16.25  2.82743  0  0
16.25  2.85885  0  0
16.25  2.89027  0  0
16.25  2.92168  0  0
16.25  2.9531  0  0
16.25  2.98451  0  0
16.25  3.01593  0  0
16.25  3.04734  0  0
16.25  3.07876  0  0
16.25  3.11018  0  0
16.375  0  0  0
16.375  0.0314159  0  0
16.375  0.0628319  0  0
16.375  0.0942478  0  0
16.375  0.125664  0  0
16.375  0.15708  0  0
16.375  0.188496  0  0
16.375  0.219911  0  0
16.375  0.251327  0  0
16.375  0.282743  0  0
16.375  0.314159  0  0
16.375  0.345575  0  0
16.375  0.376991  0  0
16.375  0.408407  0  0
16.375  0.439823  0  0
16.375  0.471239  0  0
16.375  0.502655  0  0
16.375  0.534071  0  0
16.375  0.565487  0  0
16.375  0.596903  0  0
16.375  0.628319  0  0
16.375  0.659734  0  0
16.375  0.69115  0  0
16.375  0.722566  0  0
16.375  0.753982  0  0
16.375  0.785398  0  0
16.375  0.816814  0  0
16.375  0.84823  0  0
16.375  0.879646  0  0
16.375  0.911062  0  0
16.375  0.942478  0  0
16.375  0.973894  0  0
16.375  1.00531  7.44681  2.72888
16.375  1.03673  49.3333  7.02377
16.375  1.06814  82.0513  9.05822
16.375  1.09956  100  10
16.375  1.13097  98.5915  9.92933
16.375  1.16239  95.5224  9.77356
16.375  1.19381  98.1132  9.90521
16.375  1.22522  96.6667  9.83192
16.375  1.25664  96.8254  9.83999
16.375  1.28805  96.4286  9.81981
16.375  1.31947  95.5224  9.77356
16.375  1.35088  100  10
16.375  1.3823  100  10
16.375  1.41372  97.9592  9.89743
16.375  1.44513  95.9184  9.79379
16.375  1.47655  98.1481  9.90697
16.375  1.50796  100  10
16.375  1.53938  100  10
16.375  1.5708  100  10
16.375  1.60221  100  10
16.375  1.63363  100  10
16.375  1.66504  98  9.89949
16.375  1.69646  100  10
16.375  1.72788  100  10
16.375  1.75929  98.1481  9.90697
16.375  1.79071  100  10
16.375  1.82212  97.1831  9.85815
16.375  1.85354  96.4286  9.81981
16.375  1.88496  98.0392  9.90148
16.375  1.91637  96.1538  9.80581
16.375  1.94779  96.4286  9.81981
16.375  1.9792  94.1176  9.70143
16.375  2.01062  93.9394  9.69223
16.375  2.04204  86.3636  9.2932
16.375  2.07345  60  7.74597
16.375  2.10487  9.09091  3.01511
16.375  2.13628  0  0
16.375  2.1677  0  0
16.375  2.19911  0  0
16.375  2.23053  0  0
16.375  2.26195  0  0
16.375  2.29336  0  0
16.375  2.32478  0  0
16.375  2.35619  0  0
16.375  2.38761  0  0
16.375  2.41903  0  0
16.375  2.45044  0  0
16.375  2.48186  0  0
16.375  2.51327  0  0
16.375  2.54469  0  0
16.375  2.57611  0  0
16.375  2.60752  0  0
16.375  2.63894  0  0
16.375  2.67035  0  0
16.375  2.70177  0  0
16.375  2.73319  0  0
16.375  2.7646  0  0
16.375  2.79602  0  0
16.375  2.82743  0  0
16.375  2.85885  0  0
16.375  2.89027  0  0
16.375  2.92168  0  0
16.375  2.9531  0  0
16.375  2.98451  0  0
16.375  3.01593  0  0
16.375  3.04734  0  0
16.375  3.07876  0  0
16.375  3.11018  0  0
16.5  0  0  0
16.5  0.0314159  0  0
16.5  0.0628319  0  0
16.5  0.0942478  0  0
16.5  0.125664  0  0
16.5  0.15708  0  0
16.5  0.188496  0  0
16.5  0.219911  0  0
16.5  0.251327  0  0
16.5  0.282743  0  0
16.5  0.314159  0  0
16.5  0.345575  0  0
16.5  0.376991  0  0
16.5  0.408407  0  0
16.5  0.439823  0  0
16.5  0.471239  0  0
16.5  0.502655  0  0
16.5  0.534071  0  0
16.5  0.565487  0  0
16.5  0.596903  0  0
16.5  0.628319  0  0
16.5  0.659734  0  0
16.5  0.69115  0  0
16.5  0.722566  0  0
16.5  0.753982  0  0
16.5  0.785398  0  0
16.5  0.816814  0  0
16.5  0.84823  0  0
16.5  0.879646  0  0
16.5  0.911062  0  0
16.5  0.942478  0  0
16.5  0.973894  5.7971  2.40772
16.5  1.00531  35  5.91608
16.5  1.03673  86.4198  9.29622
16.5  1.06814  92.1053  9.59715
16.5  1.09956  98.1481  9.90697
16.5  1.13097  94.7368  9.73329
16.5  1.16239  96.9231  9.84495
16.5  1.19381  98.5294  9.9262
16.5  1.22522  97.9592  9.89743
16.5  1.25664  96.2264  9.80951
16.5  1.28805  100  10
16.5  1.31947  100  10
16.5  1.35088  98.2143  9.91031
16.5  1.3823  98.1818  9.90867
16.5  1.41372  97.4359  9.87096
16.5  1.44513  98.0392  9.90148
16.5  1.47655  100  10
16.5  1.50796  100  10
16.5  1.53938  100  10
16.5  1.5708  100  10
16.5  1.60221  97.7778  9.88826
16.5  1.63363  100  10
16.5  1.66504  100  10
16.5  1.69646  97.9592  9.89743
16.5  1.72788  98.2759  9.91342
16.5  1.75929  100  10
16.5  1.79071  100  10
16.5  1.82212  90.3846  9.50708
16.5  1.85354  98.0769  9.90338
16.5  1.88496  100  10
16.5  1.91637  96.7742  9.83739
16.5  1.94779  94.7368  9.73329
16.5  1.9792  98.6111  9.93031
16.5  2.01062  93.9394  9.69223
16.5  2.04204  100  10
16.5  2.07345  77.027  8.7765
16.5  2.10487  50.7042  7.12069
16.5  2.13628  6.74157  2.59645
16.5  2.1677  0  0
16.5  2.19911  0  0
16.5  2.23053  0  0
16.5  2.26195  0  0
16.5  2.29336  0  0
16.5  2.32478  0  0
16.5  2.35619  0  0
16.5  2.38761  0  0
16.5  2.41903  0  0
16.5  2.45044  0  0
16.5  2.48186  0  0
16.5  2.51327  0  0
16.5  2.54469  0  0
16.5  2.57611  0  0
16.5  2.60752  0  0
16.5  2.63894  0  0
16.5  2.67035  0  0
16.5  2.70177  0  0
16.5  2.73319  0  0
16.5  2.7646  0  0
16.5  2.79602  0  0
16.5  2.82743  0  0
16.5  2.85885  0  0
16.5  2.89027  0  0
16.5  2.92168  0  0
16.5  2.9531  0  0
16.5  2.98451  0  0
16.5  3.01593  0  0
16.5  3.04734  0  0
16.5  3.07876  0  0
16.5  3.11018  0  0
16.625  0  0  0
16.625  0.0314159  0  0
16.625  0.0628319  0  0
16.625  0.0942478  0  0
16.625  0.125664  0  0
16.625  0.15708  0  0
16.625  0.188496  0  0
16.625  0.219911  0  0
16.625  0.251327  0  0
16.625  0.282743  0  0
16.625  0.314159  0  0
16.625  0.345575  0  0
16.625  0.376991  0  0
16.625  0.408407  0  0
16.625  0.439823  0  0
16.625  0.471239  0  0
16.625  0.502655  0  0
16.625  0.534071  0  0
16.625  0.565487  0  0
16.625  0.596903  0  0
16.625  0.628319  0  0
16.625  0.659734  0  0
16.625  0.69115  0  0
16.625  0.722566  0  0
16.625  0.753982  0  0
16.625  0.785398  0  0
16.625  0.816814  0  0
16.625  0.84823  0  0
16.625  0.879646  0  0
16.625  0.911062  0  0
16.625  0.942478  2.5  1.58114
16.625  0.973894  17.8082  4.21998
16.625  1.00531  75.4386  8.68554
16.625  1.03673  96.5517  9.82607
16.625  1.06814  93.6508  9.67733
16.625  1.09956  96.4912  9.82299
16.625  1.13097  98.3607  9.91769
16.625  1.16239  98.2143  9.91031
16.625  1.19381  96.2264  9.80951
16.625  1.22522  95.2381  9.759
16.625  1.25664  97.7273  9.88571
16.625  1.28805  98.2143  9.91031
16.625  1.31947  98.2143  9.91031
16.625  1.35088  100  10
16.625  1.3823  98.3333  9.91632
16.625  1.41372  98.0769  9.90338
16.625  1.44513  97.8261  9.89071
16.625  1.47655  100  10
16.625  1.50796  100  10
16.625  1.53938  100  10
16.625  1.5708  98.4848  9.92395
16.625  1.60221  100  10
16.625  1.63363  100  10
16.625  1.66504  100  10
16.625  1.69646  100  10
16.625  1.72788  100  10
16.625  1.75929  92.7273  9.6295
16.625  1.79071  97.4359  9.87096
16.625  1.82212  100  10
16.625  1.85354  100  10
16.625  1.88496  98.1818  9.90867
16.625  1.91637  96.4912  9.82299
16.625  1.94779  91.7808  9.58023
16.625  1.9792  94.8052  9.7368
16.625  2.01062  96.4912  9.82299
16.625  2.04204  94.7368  9.73329
16.625  2.07345  88.3333  9.39858
16.625  2.10487  81.1594  9.00885
16.625  2.13628  22.8916  4.78451
16.625  2.1677  2.73973  1.65521
16.625  2.19911  0  0
16.625  2.23053  0  0
16.625  2.26195  0  0
16.625  2.29336  0  0
16.625  2.32478  0  0
16.625  2.35619  0  0
16.625  2.38761  0  0
16.625  2.41903  0  0
16.625  2.45044  0  0
16.625  2.48186  0  0
16.625  2.51327  0  0
16.625  2.54469  0  0
16.625  2.57611  0  0
16.625  2.60752  0  0
16.625  2.63894  0  0
16.625  2.67035  0  0
16.625  2.70177  0  0
16.625  2.73319  0  0
16.625  2.7646  0  0
16.625  2.79602  0  0
16.625  2.82743  0  0
16.625  2.85885  0  0
16.625  2.89027  0  0
16.625  2.92168  0  0
16.625  2.9531  0  0
16.625  2.98451  0  0
16.625  3.01593  0  0
16.625  3.04734  0  0
16.625  3.07876  0  0
16.625  3.11018  0  0
16.75  0  0  0
16.75  0.0314159  0  0
16.75  0.0628319  0  0
16.75  0.0942478  0  0
16.75  0.125664  0  0
16.75  0.15708  0  0
16.75  0.188496  0  0
16.75  0.219911  0  0
16.75  0.251327  0  0
16.75  0.282743  0  0
16.75  0.314159  0  0
16.75  0.345575  0  0
16.75  0.376991  0  0
16.75  0.408407  0  0
16.75  0.439823  0  0
16.75  0.471239  0  0
16.75  0.502655  0  0
16.75  0.534071  0  0
16.75  0.565487  0  0
16.75  0.596903  0  0
16.75  0.628319  0  0
16.75  0.659734  0  0
16.75  0.69115  0  0
16.75  0.722566  0  0
16.75  0.753982  0  0
16.75  0.785398  0  0
16.75  0.816814  0  0
16.75  0.84823  0  0
16.75  0.879646  0  0
16.75  0.911062  1.5873  1.25988
16.75  0.942478  13.2353  3.63803
16.75  0.973894  54.4554  7.37939
16.75  1.00531  84.9315  9.21583
16.75  1.03673  95.3125  9.76281
16.75  1.06814  96.2963  9.81307
16.75  1.09956  98.2143  9.91031
16.75  1.13097  98.2143  9.91031
16.75  1.16239  100  10
16.75  1.19381  100  10
16.75  1.22522  91.9355  9.5883
16.75  1.25664  98.3333  9.91632
16.75  1.28805  98.4615  9.92278
16.75  1.31947  100  10
16.75  1.35088  100  10
16.75  1.3823  97.9167  9.89529
16.75  1.41372  100  10
16.75  1.44513  97.7273  9.88571
16.75  1.47655  100  10
16.75  1.50796  98.1132  9.90521
16.75  1.53938  100  10
16.75  1.5708  100  10
16.75  1.60221  100  10
16.75  1.63363  100  10
16.75  1.66504  100  10
16.75  1.69646  100  10
16.75  1.72788  100  10
16.75  1.75929  96.0784  9.80196
16.75  1.79071  96.1538  9.80581
16.75  1.82212  98.1132  9.90521
16.75  1.85354  91.3793  9.55925
16.75  1.88496  96.6102  9.82905
16.75  1.91637  89.8305  9.4779
16.75  1.94779  96  9.79796
16.75  1.9792  95.8333  9.78945
16.75  2.01062  89.4737  9.45905
16.75  2.04204  92.2078  9.60249
16.75  2.07345  93.6709  9.67837
16.75  2.10487  87.8378  9.37218
16.75  2.13628  54.1667  7.3598
16.75  2.1677  9.72222  3.11805
16.75  2.19911  0  0
16.75  2.23053  0  0
16.75  2.26195  0  0
16.75  2.29336  0  0
16.75  2.32478  0  0
16.75  2.35619  0  0
16.75  2.38761  0  0
16.75  2.41903  0  0
16.75  2.45044  0  0
16.75  2.48186  0  0
16.75  2.51327  0  0
16.75  2.54469  0  0
16.75  2.57611  0  0
16.75  2.60752  0  0
16.75  2.63894  0  0
16.75  2.67035  0  0
16.75  2.70177  0  0
16.75  2.73319  0  0
16.75  2.7646  0  0
16.75  2.79602  0  0
16.75  2.82743  0  0
16.75  2.85885  0  0
16.75  2.89027  0  0
16.75  2.92168  0  0
16.75  2.9531  0  0
16.75  2.98451  0  0
16.75  3.01593  0  0
16.75  3.04734  0  0
16.75  3.07876  0  0
16.75  3.11018  0  0
16.875  0  0  0
16.875  0.0314159  0  0
16.875  0.0628319  0  0
16.875  0.0942478  0  0
16.875  0.125664  0  0
16.875  0.15708  0  0
16.875  0.188496  0  0
16.875  0.219911  0  0
16.875  0.251327  0  0
16.875  0.282743  0  0
16.875  0.314159  0  0
16.875  0.345575  0  0
16.875  0.376991  0  0
16.875  0.408407  0  0
16.875  0.439823  0  0
16.875  0.471239  0  0
16.875  0.502655  0  0
16.875  0.534071  0  0
16.875  0.565487  0  0
16.875  0.596903  0  0
16.875  0.628319  0  0
16.875  0.659734  0  0
16.875  0.69115  0  0
16.875  0.722566  0  0
16.875  0.753982  0  0
16.875  0.785398  0  0
16.875  0.816814  0  0
16.875  0.84823  0  0
16.875  0.879646  0  0
16.875  0.911062  3.1746  1.78174
16.875  0.942478  32.3529  5.68796
16.875  0.973894  79.7468  8.93011
16.875  1.00531  98.5507  9.92727
16.875  1.03673  88.8889  9.42809
16.875  1.06814  95.7746  9.78645
16.875  1.09956  94.2308  9.70725
16.875  1.13097  100  10
16.875  1.16239  100  10
16.875  1.19381  96.2963  9.81307
16.875  1.22522  93.8462  9.68742
16.875  1.25664  100  10
16.875  1.28805  97.7273  9.88571
16.875  1.31947  98.4848  9.92395
16.875  1.35088  98.0769  9.90338
16.875  1.3823  100  10
16.875  1.41372  98.0392  9.90148
16.875  1.44513  98.0392  9.90148
16.875  1.47655  100  10
16.875  1.50796  98.1481  9.90697
16.875  1.53938  100  10
16.875  1.5708  100  10
16.875  1.60221  100  10
16.875  1.63363  100  10
16.875  1.66504  100  10
16.875  1.69646  100  10
16.875  1.72788  98  9.89949
16.875  1.75929  95.122  9.75305
16.875  1.79071  98.3607  9.91769
16.875  1.82212  98.3871  9.91903
16.875  1.85354  100  10
16.875  1.88496  93.9394  9.69223
16.875  1.91637  96.7213  9.8347
16.875  1.94779  98.6486  9.9322
16.875  1.9792  88.1356  9.38806
16.875  2.01062  92.1569  9.59984
16.875  2.04204  98.2456  9.91189
16.875  2.07345  88.8889  9.42809
16.875  2.10487  95.7143  9.78337
16.875  2.13628  78.0822  8.83641
16.875  2.1677  26.2295  5.12148
16.875  2.19911  5.49451  2.34404
16.875  2.23053  0  0
16.875  2.26195  0  0
16.875  2.29336  0  0
16.875  2.32478  0  0
16.875  2.35619  0  0
16.875  2.38761  0  0
16.875  2.41903  0  0
16.875  2.45044  0  0
16.875  2.48186  0  0
16.875  2.51327  0  0
16.875  2.54469  0  0
16.875  2.57611  0  0
16.875  2.60752  0  0
16.875  2.63894  0  0
16.875  2.67035  0  0
16.875  2.70177  0  0
16.875  2.73319  0  0
16.875  2.7646  0  0
16.875  2.79602  0  0
16.875  2.82743  0  0
16.875  2.85885  0  0
16.875  2.89027  0  0
16.875  2.92168  0  0
16.875  2.9531  0  0
16.875  2.98451  0  0
16.875  3.01593  0  0
16.875  3.04734  0  0
16.875  3.07876  0  0
16.875  3.11018  0  0
17  0  0  0
17  0.0314159  0  0
17  0.0628319  0  0
17  0.0942478  0  0
17  0.125664  0  0
17  0.15708  0  0
17  0.188496  0  0
17  0.219911  0  0
17  0.251327  0  0
17  0.282743  0  0
17  0.314159  0  0
17  0.345575  0  0
17  0.376991  0  0
17  0.408407  0  0
17  0.439823  0  0
17  0.471239  0  0
17  0.502655  0  0
17  0.534071  0  0
17  0.565487  0  0
17  0.596903  0  0
17  0.628319  0  0
17  0.659734  0  0
17  0.69115  0  0
17  0.722566  0  0
17  0.753982  0  0
17  0.785398  0  0
17  0.816814  0  0
17  0.84823  0  0
17  0.879646  0  0
17  0.911062  9.87654  3.1427
17  0.942478  55.0725  7.42108
17  0.973894  92.6471  9.62533
17  1.00531  93.4211  9.66546
17  1.03673  97.1429  9.85611
17  1.06814  93.5065  9.66988
17  1.09956  96.3636  9.8165
17  1.13097  96.3636  9.8165
17  1.16239  100  10
17  1.19381  96.0784  9.80196
17  1.22522  95.6522  9.78019
17  1.25664  94.8276  9.73795
17  1.28805  100  10
17  1.31947  100  10
17  1.35088  100  10
17  1.3823  100  10
17  1.41372  100  10
17  1.44513  100  10
17  1.47655  97.8261  9.89071
17  1.50796  100  10
17  1.53938  100  10
17  1.5708  100  10
17  1.60221  98.0769  9.90338
17  1.63363  100  10
17  1.66504  100  10
17  1.69646  100  10
17  1.72788  98.5075  9.92509
17  1.75929  100  10
17  1.79071  98.2143  9.91031
17  1.82212  96.4286  9.81981
17  1.85354  100  10
17  1.88496  93.3333  9.66092
17  1.91637  96.6667  9.83192
17  1.94779  93.5897  9.67418
17  1.9792  94.0299  9.6969
17  2.01062  100  10
17  2.04204  95.5882  9.77692
17  2.07345  92.0635  9.59497
17  2.10487  90.411  9.50847
17  2.13628  91.0448  9.54174
17  2.1677  54.7619  7.40013
17  2.19911  14.8649  3.8555
17  2.23053  0  0
17  2.26195  0  0
17  2.29336  0  0
17  2.32478  0  0
17  2.35619  0  0
17  2.38761  0  0
17  2.41903  0  0
17  2.45044  0  0
17  2.48186  0  0
17  2.51327  0  0
17  2.54469  0  0
17  2.57611  0  0
17  2.60752  0  0
17  2.63894  0  0
17  2.67035  0  0
17  2.70177  0  0
17  2.73319  0  0
17  2.7646  0  0
17  2.79602  0  0
17  2.82743  0  0
17  2.85885  0  0
17  2.89027  0  0
17  2.92168  0  0
17  2.9531  0  0
17  2.98451  0  0
17  3.01593  0  0
17  3.04734  0  0
17  3.07876  0  0
17  3.11018  0  0
17.125  0  0  0
17.125  0.0314159  0  0
17.125  0.0628319  0  0
17.125  0.0942478  0  0
17.125  0.125664  0  0
17.125  0.15708  0  0
17.125  0.188496  0  0
17.125  0.219911  0  0
17.125  0.251327  0  0
17.125  0.282743  0  0
17.125  0.314159  0  0
17.125  0.345575  0  0
17.125  0.376991  0  0
17.125  0.408407  0  0
17.125  0.439823  0  0
17.125  0.471239  0  0
17.125  0.502655  0  0
17.125  0.534071  0  0
17.125  0.565487  0  0
17.125  0.596903  0  0
17.125  0.628319  0  0
17.125  0.659734  0  0
17.125  0.69115  0  0
17.125  0.722566  0  0
17.125  0.753982  0  0
17.125  0.785398  0  0
17.125  0.816814  0  0
17.125  0.84823  0  0
17.125  0.879646  0  0
17.125  0.911062  28.7356  5.36056
17.125  0.942478  93.0556  9.64653
17.125  0.973894  90.7895  9.52835
17.125  1.00531  97.0588  9.85184
17.125  1.03673  95.5224  9.77356
17.125  1.06814  94.4444  9.71825
17.125  1.09956  96.4286  9.81981
17.125  1.13097  95.082  9.751
17.125  1.16239  96.5517  9.82607
17.125  1.19381  96.5517  9.82607
17.125  1.22522  96.7742  9.83739
17.125  1.25664  100  10
17.125  1.28805  98.0392  9.90148
17.125  1.31947  96.0784  9.80196
17.125  1.35088  96.5517  9.82607
17.125  1.3823  98.3333  9.91632
17.125  1.41372  100  10
17.125  1.44513  100  10
17.125  1.47655  97.2222  9.86013
17.125  1.50796  95.9184  9.79379
17.125  1.53938  100  10
17.125  1.5708  100  10
17.125  1.60221  98.1132  9.90521
17.125  1.63363  97.561  9.8773
17.125  1.66504  96.4286  9.81981
17.125  1.69646  97.9592  9.89743
17.125  1.72788  97.7273  9.88571
17.125  1.75929  100  10
17.125  1.79071  100  10
17.125  1.82212  100  10
17.125  1.85354  94.9153  9.74245
17.125  1.88496  100  10
17.125  1.91637  97.7273  9.88571
17.125  1.94779  98.5294  9.9262
17.125  1.9792  98.5714  9.92831
17.125  2.01062  94.6429  9.72846
17.125  2.04204  96.4912  9.82299
17.125  2.07345  96.9231  9.84495
17.125  2.10487  88.5246  9.40875
17.125  2.13628  92.5373  9.61963
17.125  2.1677  72.0588  8.48875
17.125  2.19911  36.2319  6.01929
17.125  2.23053  0  0
17.125  2.26195  1.49254  1.22169
17.125  2.29336  0  0
17.125  2.32478  0  0
17.125  2.35619  0  0
17.125  2.38761  0  0
17.125  2.41903  0  0
17.125  2.45044  0  0
17.125  2.48186  0  0
17.125  2.51327  0  0
17.125  2.54469  0  0
17.125  2.57611  0  0
17.125  2.60752  0  0
17.125  2.63894  0  0
17.125  2.67035  0  0
17.125  2.70177  0  0
17.125  2.73319  0  0
17.125  2.7646  0  0
17.125  2.79602  0  0
17.125  2.82743  0  0
17.125  2.85885  0  0
17.125  2.89027  0  0
17.125  2.92168  0  0
17.125  2.9531  0  0
17.125  2.98451  0  0
17.125  3.01593  0  0
17.125  3.04734  0  0
17.125  3.07876  0  0
17.125  3.11018  0  0
17.25  0  0  0
17.25  0.0314159  0  0
17.25  0.0628319  0  0
17.25  0.0942478  0  0
17.25  0.125664  0  0
17.25  0.15708  0  0
17.25  0.188496  0  0
17.25  0.219911  0  0
17.25  0.251327  0  0
17.25  0.282743  0  0
17.25  0.314159  0  0
17.25  0.345575  0  0
17.25  0.376991  0  0
17.25  0.408407  0  0
17.25  0.439823  0  0
17.25  0.471239  0  0
17.25  0.502655  0  0
17.25  0.534071  0  0
17.25  0.565487  0  0
17.25  0.596903  0  0
17.25  0.628319  0  0
17.25  0.659734  0  0
17.25  0.69115  0  0
17.25  0.722566  0  0
17.25  0.753982  0  0
17.25  0.785398  0  0
17.25  0.816814  0  0
17.25  0.84823  1.31579  1.14708
17.25  0.879646  10.9756  3.31295
17.25  0.911062  63.6364  7.97724
17.25  0.942478  87.1429  9.33503
17.25  0.973894  91.7647  9.57939
17.25  1.00531  93.5484  9.67204
17.25  1.03673  94  9.69536
17.25  1.06814  94.3662  9.71423
17.25  1.09956  95.3846  9.7665
17.25  1.13097  98.3051  9.91489
17.25  1.16239  98.3871  9.91903
17.25  1.19381  96.4912  9.82299
17.25  1.22522  96.9697  9.84732
17.25  1.25664  94.2308  9.70725
17.25  1.28805  97.7273  9.88571
17.25  1.31947  97.9592  9.89743
17.25  1.35088  95.4545  9.77008
17.25  1.3823  100  10
17.25  1.41372  98.0392  9.90148
17.25  1.44513  100  10
17.25  1.47655  100  10
17.25  1.50796  100  10
17.25  1.53938  100  10
17.25  1.5708  97.561  9.8773
17.25  1.60221  100  10
17.25  1.63363  100  10
17.25  1.66504  100  10
17.25  1.69646  96.3636  9.8165
17.25  1.72788  100  10
17.25  1.75929  100  10
17.25  1.79071  91.3043  9.55533
17.25  1.82212  98.2456  9.91189
17.25  1.85354  94.6429  9.72846
17.25  1.88496  98.3607  9.91769
17.25  1.91637  95.2381  9.759
17.25  1.94779  96.6102  9.82905
17.25  1.9792  98.4615  9.92278
17.25  2.01062  93.3333  9.66092
17.25  2.04204  98.0769  9.90338
17.25  2.07345  96.875  9.84251
17.25  2.10487  96.9231  9.84495
17.25  2.13628  93.8272  9.68644
17.25  2.1677  85.5263  9.24804
17.25  2.19911  58.6957  7.66131
17.25  2.23053  12.0482  3.47105
17.25  2.26195  0  0
17.25  2.29336  0  0
17.25  2.32478  0  0
17.25  2.35619  0  0
17.25  2.38761  0  0
17.25  2.41903  0  0
17.25  2.45044  0  0
17.25  2.48186  0  0
17.25  2.51327  0  0
17.25  2.54469  0  0
17.25  2.57611  0  0
17.25  2.60752  0  0
17.25  2.63894  0  0
17.25  2.67035  0  0
17.25  2.70177  0  0
17.25  2.73319  0  0
17.25  2.7646  0  0
17.25  2.79602  0  0
17.25  2.82743  0  0
17.25  2.85885  0  0
17.25  2.89027  0  0
17.25  2.92168  0  0
17.25  2.9531  0  0
17.25  2.98451  0  0
17.25  3.01593  0  0
17.25  3.04734  0  0
17.25  3.07876  0  0
17.25  3.11018  0  0
17.375  0  0  0
17.375  0.0314159  0  0
17.375  0.0628319  0  0
17.375  0.0942478  0  0
17.375  0.125664  0  0
17.375  0.15708  0  0
17.375  0.188496  0  0
17.375  0.219911  0  0
17.375  0.251327  0  0
17.375  0.282743  0  0
17.375  0.314159  0  0
17.375  0.345575  0  0
17.375  0.376991  0  0
17.375  0.408407  0  0
17.375  0.439823  0  0
17.375  0.471239  0  0
17.375  0.502655  0  0
17.375  0.534071  0  0
17.375  0.565487  0  0
17.375  0.596903  0  0
17.375  0.628319  0  0
17.375  0.659734  0  0
17.375  0.69115  0  0
17.375  0.722566  0  0
17.375  0.753982  0  0
17.375  0.785398  0  0
17.375  0.816814  1.40845  1.18678
17.375  0.84823  1.1236  1.06
17.375  0.879646  35.0649  5.92157
17.375  0.911062  76.3158  8.73589
17.375  0.942478  92.6829  9.6272
17.375  0.973894  97.1014  9.85401
17.375  1.00531  95.3846  9.7665
17.375  1.03673  92.1569  9.59984
17.375  1.06814  93.6508  9.67733
17.375  1.09956  100  10
17.375  1.13097  94.2857  9.71008
17.375  1.16239  100  10
17.375  1.19381  97.4026  9.86928
17.375  1.22522  98.1132  9.90521
17.375  1.25664  98.1818  9.90867
17.375  1.28805  98.2143  9.91031
17.375  1.31947  97.8261  9.89071
17.375  1.35088  100  10
17.375  1.3823  96.3636  9.8165
17.375  1.41372  98  9.89949
17.375  1.44513  100  10
17.375  1.47655  100  10
17.375  1.50796  100  10
17.375  1.53938  100  10
17.375  1.5708  100  10
17.375  1.60221  98.1481  9.90697
17.375  1.63363  97.9592  9.89743
17.375  1.66504  98.2456  9.91189
17.375  1.69646  97.7273  9.88571
17.375  1.72788  96.2963  9.81307
17.375  1.75929  97.7273  9.88571
17.375  1.79071  94.5455  9.72345
17.375  1.82212  100  10
17.375  1.85354  100  10
17.375  1.88496  94.4444  9.71825
17.375  1.91637  87.7551  9.36777
17.375  1.94779  96.6667  9.83192
17.375  1.9792  93.8776  9.68904
17.375  2.01062  98.2456  9.91189
17.375  2.04204  94.6667  9.72968
17.375  2.07345  95.6522  9.78019
17.375  2.10487  96.9231  9.84495
17.375  2.13628  97.0149  9.84962
17.375  2.1677  89.8305  9.4779
17.375  2.19911  83.8235  9.15552
17.375  2.23053  40.2778  6.34648
17.375  2.26195  2.7027  1.64399
17.375  2.29336  0  0
17.375  2.32478  0  0
17.375  2.35619  0  0
17.375  2.38761  0  0
17.375  2.41903  0  0
17.375  2.45044  0  0
17.375  2.48186  0  0
17.375  2.51327  0  0
17.375  2.54469  0  0
17.375  2.57611  0  0
17.375  2.60752  0  0
17.375  2.63894  0  0
17.375  2.67035  0  0
17.375  2.70177  0  0
17.375  2.73319  0  0
17.375  2.7646  0  0
17.375  2.79602  0  0
17.375  2.82743  0  0
17.375  2.85885  0  0
17.375  2.89027  0  0
17.375  2.92168  0  0
17.375  2.9531  0  0
17.375  2.98451  0  0
17.375  3.01593  0  0
17.375  3.04734  0  0
17.375  3.07876  0  0
17.375  3.11018  0  0
17.5  0  0  0
17.5  0.0314159  0  0
17.5  0.0628319  0  0
17.5  0.0942478  0  0
17.5  0.125664  0  0
17.5  0.15708  0  0
17.5  0.188496  0  0
17.5  0.219911  0  0
17.5  0.251327  0  0
17.5  0.282743  0  0
17.5  0.314159  0  0
17.5  0.345575  0  0
17.5  0.376991  0  0
17.5  0.408407  0  0
17.5  0.439823  0  0
17.5  0.471239  0  0
17.5  0.502655  0  0
17.5  0.534071  0  0
17.5  0.565487  0  0
17.5  0.596903  0  0
17.5  0.628319  0  0
17.5  0.659734  0  0
17.5  0.69115  0  0
17.5  0.722566  0  0
17.5  0.753982  0  0
17.5  0.785398  0  0
17.5  0.816814  0  0
17.5  0.84823  8.53659  2.92174
17.5  0.879646  54.4118  7.37643
17.5  0.911062  92.5  9.61769
17.5  0.942478  90.411  9.50847
17.5  0.973894  95.6522  9.78019
17.5  1.00531  93.5897  9.67418
17.5  1.03673  93.3333  9.66092
17.5  1.06814  100  10
17.5  1.09956  97.2603  9.86206
17.5  1.13097  98.1818  9.90867
17.5  1.16239  96.4286  9.81981
17.5  1.19381  98.3333  9.91632
17.5  1.22522  100  10
17.5  1.25664  96  9.79796
17.5  1.28805  100  10
17.5  1.31947  100  10
17.5  1.35088  96.1538  9.80581
17.5  1.3823  98.2456  9.91189
17.5  1.41372  100  10
17.5  1.44513  100  10
17.5  1.47655  97.3684  9.86754
17.5  1.50796  100  10
17.5  1.53938  100  10
17.5  1.5708  100  10
17.5  1.60221  100  10
17.5  1.63363  98.1132  9.90521
17.5  1.66504  98.1818  9.90867
17.5  1.69646  100  10
17.5  1.72788  100  10
17.5  1.75929  96.6667  9.83192
17.5  1.79071  98  9.89949
17.5  1.82212  98.3871  9.91903
17.5  1.85354  98.2456  9.91189
17.5  1.88496  98.4848  9.92395
17.5  1.91637  96.4912  9.82299
17.5  1.94779  94.8276  9.73795
17.5  1.9792  97.4026  9.86928
17.5  2.01062  96.7213  9.8347
17.5  2.04204  95.5882  9.77692
17.5  2.07345  93.4783  9.66842
17.5  2.10487  94.0299  9.6969
17.5  2.13628  98.6842  9.93399
17.5  2.1677  90.1639  9.49547
17.5  2.19911  88.7324  9.41979
17.5  2.23053  55.5556  7.45356
17.5  2.26195  10.1449  3.18511
17.5  2.29336  0  0
17.5  2.32478  0  0
17.5  2.35619  0  0
17.5  2.38761  0  0
17.5  2.41903  0  0
17.5  2.45044  0  0
17.5  2.48186  0  0
17.5  2.51327  0  0
17.5  2.54469  0  0
17.5  2.57611  0  0
17.5  2.60752  0  0
17.5  2.63894  0  0
17.5  2.67035  0  0
17.5  2.70177  0  0
17.5  2.73319  0  0
17.5  2.7646  0  0
17.5  2.79602  0  0
17.5  2.82743  0  0
17.5  2.85885  0  0
17.5  2.89027  0  0
17.5  2.92168  0  0
17.5  2.9531  0  0
17.5  2.98451  0  0
17.5  3.01593  0  0
17.5  3.04734  0  0
17.5  3.07876  0  0
17.5  3.11018  0  0
17.625  0  0  0
17.625  0.0314159  0  0
17.625  0.0628319  0  0
17.625  0.0942478  0  0
17.625  0.125664  0  0
17.625  0.15708  0  0
17.625  0.188496  0  0
17.625  0.219911  0  0
17.625  0.251327  0  0
17.625  0.282743  0  0
17.625  0.314159  0  0
17.625  0.345575  0  0
17.625  0.376991  0  0
17.625  0.408407  0  0
17.625  0.439823  0  0
17.625  0.471239  0  0
17.625  0.502655  0  0
17.625  0.534071  0  0
17.625  0.565487  0  0
17.625  0.596903  0  0
17.625  0.628319  0  0
17.625  0.659734  0  0
17.625  0.69115  0  0
17.625  0.722566  0  0
17.625  0.753982  0  0
17.625  0.785398  1.28205  1.13228
17.625  0.816814  1.19048  1.09109
17.625  0.84823  23.6559  4.86373
17.625  0.879646  78.5714  8.86405
17.625  0.911062  89.4118  9.45578
17.625  0.942478  94.2029  9.70582
17.625  0.973894  97.1429  9.85611
17.625  1.00531  95.2381  9.759
17.625  1.03673  96.3636  9.8165
17.625  1.06814  94.2029  9.70582
17.625  1.09956  95.082  9.751
17.625  1.13097  94.2029  9.70582
17.625  1.16239  96.1538  9.80581
17.625  1.19381  97.0588  9.85184
17.625  1.22522  100  10
17.625  1.25664  98.2456  9.91189
17.625  1.28805  94.6429  9.72846
17.625  1.31947  100  10
17.625  1.35088  98.2143  9.91031
17.625  1.3823  95.8333  9.78945
17.625  1.41372  98.0392  9.90148
17.625  1.44513  97.7273  9.88571
17.625  1.47655  100  10
17.625  1.50796  100  10
17.625  1.53938  100  10
17.625  1.5708  100  10
17.625  1.60221  100  10
17.625  1.63363  98.1132  9.90521
17.625  1.66504  100  10
17.625  1.69646  100  10
17.625  1.72788  98.0392  9.90148
17.625  1.75929  98.3051  9.91489
17.625  1.79071  96.7213  9.8347
17.625  1.82212  100  10
17.625  1.85354  100  10
17.625  1.88496  100  10
17.625  1.91637  94  9.69536
17.625  1.94779  98.1481  9.90697
17.625  1.9792  96.5517  9.82607
17.625  2.01062  100  10
17.625  2.04204  95.0617  9.74996
17.625  2.07345  97.0149  9.84962
17.625  2.10487  91.5493  9.56814
17.625  2.13628  98.0392  9.90148
17.625  2.1677  94.3662  9.71423
17.625  2.19911  91.7808  9.58023
17.625  2.23053  79.4118  8.91133
17.625  2.26195  23.6842  4.86664
17.625  2.29336  0  0
17.625  2.32478  0  0
17.625  2.35619  0  0
17.625  2.38761  0  0
17.625  2.41903  0  0
17.625  2.45044  0  0
17.625  2.48186  0  0
17.625  2.51327  0  0
17.625  2.54469  0  0
17.625  2.57611  0  0
17.625  2.60752  0  0
17.625  2.63894  0  0
17.625  2.67035  0  0
17.625  2.70177  0  0
17.625  2.73319  0  0
17.625  2.7646  0  0
17.625  2.79602  0  0
17.625  2.82743  0  0
17.625  2.85885  0  0
17.625  2.89027  0  0
17.625  2.92168  0  0
17.625  2.9531  0  0
17.625  2.98451  0  0
17.625  3.01593  0  0
17.625  3.04734  0  0
17.625  3.07876  0  0
17.625  3.11018  0  0
17.75  0  0  0
17.75  0.0314159  0  0
17.75  0.0628319  0  0
17.75  0.0942478  0  0
17.75  0.125664  0  0
17.75  0.15708  0  0
17.75  0.188496  0  0
17.75  0.219911  0  0
17.75  0.251327  0  0
17.75  0.282743  0  0
17.75  0.314159  0  0
17.75  0.345575  0  0
17.75  0.376991  0  0
17.75  0.408407  0  0
17.75  0.439823  0  0
17.75  0.471239  0  0
17.75  0.502655  0  0
17.75  0.534071  0  0
17.75  0.565487  0  0
17.75  0.596903  0  0
17.75  0.628319  0  0
17.75  0.659734  0  0
17.75  0.69115  0  0
17.75  0.722566  0  0
17.75  0.753982  0  0
17.75  0.785398  0  0
17.75  0.816814  5.88235  2.42536
17.75  0.84823  51.3889  7.1686
17.75  0.879646  89.6552  9.46864
17.75  0.911062  94.8718  9.74022
17.75  0.942478  96.4286  9.81981
17.75  0.973894  93.2432  9.65625
17.75  1.00531  90.9091  9.53463
17.75  1.03673  93.2203  9.65507
17.75  1.06814  94.0299  9.6969
17.75  1.09956  96.8254  9.83999
17.75  1.13097  90.3226  9.50382
17.75  1.16239  96.2963  9.81307
17.75  1.19381  94.2029  9.70582
17.75  1.22522  98.0392  9.90148
17.75  1.25664  96.2264  9.80951
17.75  1.28805  98.4375  9.92157
17.75  1.31947  89.6552  9.46864
17.75  1.35088  100  10
17.75  1.3823  97.9592  9.89743
17.75  1.41372  98.1481  9.90697
17.75  1.44513  94.5455  9.72345
17.75  1.47655  97.8723  9.89305
17.75  1.50796  98.0392  9.90148
17.75  1.53938  100  10
17.75  1.5708  100  10
17.75  1.60221  98.2456  9.91189
17.75  1.63363  100  10
17.75  1.66504  100  10
17.75  1.69646  100  10
17.75  1.72788  100  10
17.75  1.75929  92.4528  9.61524
17.75  1.79071  100  10
17.75  1.82212  98.1481  9.90697
17.75  1.85354  98.1481  9.90697
17.75  1.88496  98.2143  9.91031
17.75  1.91637  95.6522  9.78019
17.75  1.94779  97.4684  9.87261
17.75  1.9792  94.5455  9.72345
17.75  2.01062  93.3333  9.66092
17.75  2.04204  97.3333  9.86577
17.75  2.07345  93.8462  9.68742
17.75  2.10487  94.4444  9.71825
17.75  2.13628  94.3662  9.71423
17.75  2.1677  92.6829  9.6272
17.75  2.19911  93.3333  9.66092
17.75  2.23053  93.6508  9.67733
17.75  2.26195  51.1905  7.15475
17.75  2.29336  1.47059  1.21268
17.75  2.32478  0  0
17.75  2.35619  0  0
17.75  2.38761  0  0
17.75  2.41903  0  0
17.75  2.45044  0  0
17.75  2.48186  0  0
17.75  2.51327  0  0
17.75  2.54469  0  0
17.75  2.57611  0  0
17.75  2.60752  0  0
17.75  2.63894  0  0
17.75  2.67035  0  0
17.75  2.70177  0  0
17.75  2.73319  0  0
17.75  2.7646  0  0
17.75  2.79602  0  0
17.75  2.82743  0  0
17.75  2.85885  0  0
17.75  2.89027  0  0
17.75  2.92168  0  0
17.75  2.9531  0  0
17.75  2.98451  0  0
17.75  3.01593  0  0
17.75  3.04734  0  0
17.75  3.07876  0  0
17.75  3.11018  0  0
17.875  0  0  0
17.875  0.0314159  0  0
17.875  0.0628319  0  0
17.875  0.0942478  0  0
17.875  0.125664  0  0
17.875  0.15708  0  0
17.875  0.188496  0  0
17.875  0.219911  0  0
17.875  0.251327  0  0
17.875  0.282743  0  0
17.875  0.314159  0  0
17.875  0.345575  0  0
17.875  0.376991  0  0
17.875  0.408407  0  0
17.875  0.439823  0  0
17.875  0.471239  0  0
17.875  0.502655  0  0
17.875  0.534071  0  0
17.875  0.565487  0  0
17.875  0.596903  0  0
17.875  0.628319  0  0
17.875  0.659734  0  0
17.875  0.69115  0  0
17.875  0.722566  0  0
17.875  0.753982  0  0
17.875  0.785398  0  0
17.875  0.816814  17.3913  4.17029
17.875  0.84823  69.4444  8.33333
17.875  0.879646  93.5065  9.66988
17.875  0.911062  92.6471  9.62533
17.875  0.942478  91.0112  9.53998
17.875  0.973894  92.1053  9.59715
17.875  1.00531  98.4615  9.92278
17.875  1.03673  93.75  9.68246
17.875  1.06814  98.0769  9.90338
17.875  1.09956  95.5882  9.77692
17.875  1.13097  96.3636  9.8165
17.875  1.16239  95.5882  9.77692
17.875  1.19381  95.2381  9.759
17.875  1.22522  93.4783  9.66842
17.875  1.25664  92.3077  9.60769
17.875  1.28805  95.8333  9.78945
17.875  1.31947  97.8723  9.89305
17.875  1.35088  98.3051  9.91489
17.875  1.3823  100  10
17.875  1.41372  98.2143  9.91031
17.875  1.44513  98.1818  9.90867
17.875  1.47655  100  10
17.875  1.50796  100  10
17.875  1.53938  100  10
17.875  1.5708  100  10
17.875  1.60221  100  10
17.875  1.63363  100  10
17.875  1.66504  96  9.79796
17.875  1.69646  100  10
17.875  1.72788  100  10
17.875  1.75929  100  10
17.875  1.79071  100  10
17.875  1.82212  92.3077  9.60769
17.875  1.85354  92  9.59166
17.875  1.88496  94.8276  9.73795
17.875  1.91637  98.2759  9.91342
17.875  1.94779  97.7273  9.88571
17.875  1.9792  98.4375  9.92157
17.875  2.01062  98.6667  9.93311
17.875  2.04204  98.2143  9.91031
17.875  2.07345  95.2381  9.759
17.875  2.10487  97.1831  9.85815
17.875  2.13628  89.2308  9.4462
17.875  2.1677  94.3662  9.71423
17.875  2.19911  89.4737  9.45905
17.875  2.23053  92.1348  9.59869
17.875  2.26195  69.697  8.34847
17.875  2.29336  13.1148  3.62143
17.875  2.32478  0  0
17.875  2.35619  0  0
17.875  2.38761  0  0
17.875  2.41903  0  0
17.875  2.45044  0  0
17.875  2.48186  0  0
17.875  2.51327  0  0
17.875  2.54469  0  0
17.875  2.57611  0  0
17.875  2.60752  0  0
17.875  2.63894  0  0
17.875  2.67035  0  0
17.875  2.70177  0  0
17.875  2.73319  0  0
17.875  2.7646  0  0
17.875  2.79602  0  0
17.875  2.82743  0  0
17.875  2.85885  0  0
17.875  2.89027  0  0
17.875  2.92168  0  0
17.875  2.9531  0  0
17.875  2.98451  0  0
17.875  3.01593  0  0
17.875  3.04734  0  0
17.875  3.07876  0  0
17.875  3.11018  0  0
18  0  0  0
18  0.0314159  0  0
18  0.0628319  0  0
18  0.0942478  0  0
18  0.125664  0  0
18  0.15708  0  0
18  0.188496  0  0
18  0.219911  0  0
18  0.251327  0  0
18  0.282743  0  0
18  0.314159  0  0
18  0.345575  0  0
18  0.376991  0  0
18  0.408407  0  0
18  0.439823  0  0
18  0.471239  0  0
18  0.502655  0  0
18  0.534071  0  0
18  0.565487  0  0
18  0.596903  0  0
18  0.628319  0  0
18  0.659734  0  0
18  0.69115  0  0
18  0.722566  0  0
18  0.753982  0  0
18  0.785398  1.23457  1.11111
18  0.816814  36.5854  6.04858
18  0.84823  80.4878  8.9715
18  0.879646  89.8734  9.48016
18  0.911062  93.8272  9.68644
18  0.942478  97.2973  9.86394
18  0.973894  93.9024  9.69033
18  1.00531  94.3662  9.71423
18  1.03673  97.1831  9.85815
18  1.06814  95.8904  9.79236
18  1.09956  95.5882  9.77692
18  1.13097  95.7143  9.78337
18  1.16239  98.4375  9.92157
18  1.19381  100  10
18  1.22522  96  9.79796
18  1.25664  100  10
18  1.28805  98.1818  9.90867
18  1.31947  96.7742  9.83739
18  1.35088  98.1481  9.90697
18  1.3823  100  10
18  1.41372  97.7273  9.88571
18  1.44513  100  10
18  1.47655  100  10
18  1.50796  100  10
18  1.53938  100  10
18  1.5708  100  10
18  1.60221  100  10
18  1.63363  100  10
18  1.66504  100  10
18  1.69646  97.9592  9.89743
18  1.72788  97.7273  9.88571
18  1.75929  100  10
18  1.79071  100  10
18  1.82212  96  9.79796
18  1.85354  93.8462  9.68742
18  1.88496  92.7273  9.6295
18  1.91637  95.5224  9.77356
18  1.94779  98.4848  9.92395
18  1.9792  97.1429  9.85611
18  2.01062  94.7368  9.73329
18  2.04204  92.8571  9.63624
18  2.07345  97.4359  9.87096
18  2.10487  91.4634  9.56365
18  2.13628  92.9825  9.64274
18  2.1677  92.8571  9.63624
18  2.19911  92.4051  9.61276
18  2.23053  96.25  9.81071
18  2.26195  77.4648  8.80141
18  2.29336  35.8974  5.99145
18  2.32478  2.53165  1.59111
18  2.35619  0  0
18  2.38761  0  0
18  2.41903  0  0
18  2.45044  0  0
18  2.48186  0  0
18  2.51327  0  0
18  2.54469  0  0
18  2.57611  0  0
18  2.60752  0  0
18  2.63894  0  0
18  2.67035  0  0
18  2.70177  0  0
18  2.73319  0  0
18  2.7646  0  0
18  2.79602  0  0
18  2.82743  0  0
18  2.85885  0  0
18  2.89027  0  0
18  2.92168  0  0
18  2.9531  0  0
18  2.98451  0  0
18  3.01593  0  0
18  3.04734  0  0
18  3.07876  0  0
18  3.11018  0  0
18.125  0  0  0
18.125  0.0314159  0  0
18.125  0.0628319  0  0
18.125  0.0942478  0  0
18.125  0.125664  0  0
18.125  0.15708  0  0
18.125  0.188496  0  0
18.125  0.219911  0  0
18.125  0.251327  0  0
18.125  0.282743  0  0
18.125  0.314159  0  0
18.125  0.345575  0  0
18.125  0.376991  0  0
18.125  0.408407  0  0
18.125  0.439823  0  0
18.125  0.471239  0  0
18.125  0.502655  0  0
18.125  0.534071  0  0
18.125  0.565487  0  0
18.125  0.596903  0  0
18.125  0.628319  0  0
18.125  0.659734  0  0
18.125  0.69115  0  0
18.125  0.722566  0  0
18.125  0.753982  0  0
18.125  0.785398  8.33333  2.88675
18.125  0.816814  60  7.74597
18.125  0.84823  89.8305  9.4779
18.125  0.879646  95.6522  9.78019
18.125  0.911062  95.5224  9.77356
18.125  0.942478  94.8052  9.7368
18.125  0.973894  96.9231  9.84495
18.125  1.00531  92.3077  9.60769
18.125  1.03673  91.6667  9.57427
18.125  1.06814  95.1613  9.75506
18.125  1.09956  95.2381  9.759
18.125  1.13097  95.2381  9.759
18.125  1.16239  93.617  9.67559
18.125  1.19381  95.4545  9.77008
18.125  1.22522  97.9167  9.89529
18.125  1.25664  92.8571  9.63624
18.125  1.28805  100  10
18.125  1.31947  97.619  9.88024
18.125  1.35088  100  10
18.125  1.3823  95  9.74679
18.125  1.41372  98  9.89949
18.125  1.44513  100  10
18.125  1.47655  100  10
18.125  1.50796  98.2143  9.91031
18.125  1.53938  100  10
18.125  1.5708  100  10
18.125  1.60221  100  10
18.125  1.63363  100  10
18.125  1.66504  98.1818  9.90867
18.125  1.69646  96.8254  9.83999
18.125  1.72788  100  10
18.125  1.75929  96.4912  9.82299
18.125  1.79071  98.2759  9.91342
18.125  1.82212  96.6102  9.82905
18.125  1.85354  98.3607  9.91769
18.125  1.88496  92.7273  9.6295
18.125  1.91637  96.6102  9.82905
18.125  1.94779  96.875  9.84251
18.125  1.9792  97.6744  9.88304
18.125  2.01062  96.5517  9.82607
18.125  2.04204  95  9.74679
18.125  2.07345  98.4375  9.92157
18.125  2.10487  98  9.89949
18.125  2.13628  92.9577  9.64146
18.125  2.1677  94.8052  9.7368
18.125  2.19911  94.2857  9.71008
18.125  2.23053  94.2029  9.70582
18.125  2.26195  92.4051  9.61276
18.125  2.29336  58.9474  7.67772
18.125  2.32478  8.13953  2.85299
18.125  2.35619  1.92308  1.38675
18.125  2.38761  0  0
18.125  2.41903  0  0
18.125  2.45044  0  0
18.125  2.48186  0  0
18.125  2.51327  0  0
18.125  2.54469  0  0
18.125  2.57611  0  0
18.125  2.60752  0  0
18.125  2.63894  0  0
18.125  2.67035  0  0
18.125  2.70177  0  0
18.125  2.73319  0  0
18.125  2.7646  0  0
18.125  2.79602  0  0
18.125  2.82743  0  0
18.125  2.85885  0  0
18.125  2.89027  0  0
18.125  2.92168  0  0
18.125  2.9531  0  0
18.125  2.98451  0  0
18.125  3.01593  0  0
18.125  3.04734  0  0
18.125  3.07876  0  0
18.125  3.11018  0  0
18.25  0  0  0
18.25  0.0314159  0  0
18.25  0.0628319  0  0
18.25  0.0942478  0  0
18.25  0.125664  0  0
18.25  0.15708  0  0
18.25  0.188496  0  0
18.25  0.219911  0  0
18.25  0.251327  0  0
18.25  0.282743  0  0
18.25  0.314159  0  0
18.25  0.345575  0  0
18.25  0.376991  0  0
18.25  0.408407  0  0
18.25  0.439823  0  0
18.25  0.471239  0  0
18.25  0.502655  0  0
18.25  0.534071  0  0
18.25  0.565487  0  0
18.25  0.596903  0  0
18.25  0.628319  0  0
18.25  0.659734  0  0
18.25  0.69115  0  0
18.25  0.722566  0  0
18.25  0.753982  0  0
18.25  0.785398  24.1379  4.91304
18.25  0.816814  78.0488  8.83452
18.25  0.84823  82.8947  9.10465
18.25  0.879646  93.5897  9.67418
18.25  0.911062  86.5672  9.30415
18.25  0.942478  96.9231  9.84495
18.25  0.973894  94.7368  9.73329
18.25  1.00531  91.8919  9.58603
18.25  1.03673  90.3614  9.50586
18.25  1.06814  92.7273  9.6295
18.25  1.09956  94.5455  9.72345
18.25  1.13097  95.2381  9.759
18.25  1.16239  93.75  9.68246
18.25  1.19381  93.6508  9.67733
18.25  1.22522  98.1481  9.90697
18.25  1.25664  98.1481  9.90697
18.25  1.28805  98.3051  9.91489
18.25  1.31947  97.9167  9.89529
18.25  1.35088  97.6744  9.88304
18.25  1.3823  96.3636  9.8165
18.25  1.41372  100  10
18.25  1.44513  98.4615  9.92278
18.25  1.47655  98  9.89949
18.25  1.50796  100  10
18.25  1.53938  100  10
18.25  1.5708  100  10
18.25  1.60221  98.1132  9.90521
18.25  1.63363  100  10
18.25  1.66504  98  9.89949
18.25  1.69646  96.3636  9.8165
18.25  1.72788  100  10
18.25  1.75929  96.9697  9.84732
18.25  1.79071  98.1481  9.90697
18.25  1.82212  98  9.89949
18.25  1.85354  95.9184  9.79379
18.25  1.88496  91.5254  9.56689
18.25  1.91637  94.2857  9.71008
18.25  1.94779  100  10
18.25  1.9792  100  10
18.25  2.01062  96.9231  9.84495
18.25  2.04204  96.7213  9.8347
18.25  2.07345  95.082  9.751
18.25  2.10487  94.1176  9.70143
18.25  2.13628  95.2381  9.759
18.25  2.1677  91.4634  9.56365
18.25  2.19911  92.7536  9.63087
18.25  2.23053  93.75  9.68246
18.25  2.26195  92.8571  9.63624
18.25  2.29336  76.6667  8.75595
18.25  2.32478  10.9589  3.31042
18.25  2.35619  0  0
18.25  2.38761  0  0
18.25  2.41903  0  0
18.25  2.45044  0  0
18.25  2.48186  0  0
18.25  2.51327  0  0
18.25  2.54469  0  0
18.25  2.57611  0  0
18.25  2.60752  0  0
18.25  2.63894  0  0
18.25  2.67035  0  0
18.25  2.70177  0  0
18.25  2.73319  0  0
18.25  2.7646  0  0
18.25  2.79602  0  0
18.25  2.82743  0  0
18.25  2.85885  0  0
18.25  2.89027  0  0
18.25  2.92168  0  0
18.25  2.9531  0  0
18.25  2.98451  0  0
18.25  3.01593  0  0
18.25  3.04734  0  0
18.25  3.07876  0  0
18.25  3.11018  0  0
18.375  0  0  0
18.375  0.0314159  0  0
18.375  0.0628319  0  0
18.375  0.0942478  0  0
18.375  0.125664  0  0
18.375  0.15708  0  0
18.375  0.188496  0  0
18.375  0.219911  0  0
18.375  0.251327  0  0
18.375  0.282743  0  0
18.375  0.314159  0  0
18.375  0.345575  0  0
18.375  0.376991  0  0
18.375  0.408407  0  0
18.375  0.439823  0  0
18.375  0.471239  0  0
18.375  0.502655  0  0
18.375  0.534071  0  0
18.375  0.565487  0  0
18.375  0.596903  0  0
18.375  0.628319  0  0
18.375  0.659734  0  0
18.375  0.69115  0  0
18.375  0.722566  0  0
18.375  0.753982  4.6875  2.16506
18.375  0.785398  42.623  6.52863
18.375  0.816814  86.3014  9.28985
18.375  0.84823  93.1507  9.65146
18.375  0.879646  95.7746  9.78645
18.375  0.911062  94.8052  9.7368
18.375  0.942478  98.4127  9.92032
18.375  0.973894  92.9577  9.64146
18.375  1.00531  94.5205  9.72217
18.375  1.03673  97.1429  9.85611
18.375  1.06814  91.0448  9.54174
18.375  1.09956  94.0299  9.6969
18.375  1.13097  93.8462  9.68742
18.375  1.16239  100  10
18.375  1.19381  97.6744  9.88304
18.375  1.22522  98  9.89949
18.375  1.25664  96.5517  9.82607
18.375  1.28805  95.9184  9.79379
18.375  1.31947  98.4127  9.92032
18.375  1.35088  100  10
18.375  1.3823  98.3333  9.91632
18.375  1.41372  100  10
18.375  1.44513  98.1132  9.90521
18.375  1.47655  100  10
18.375  1.50796  100  10
18.375  1.53938  100  10
18.375  1.5708  100  10
18.375  1.60221  97.3684  9.86754
18.375  1.63363  96.6667  9.83192
18.375  1.66504  96.6102  9.82905
18.375  1.69646  100  10
18.375  1.72788  100  10
18.375  1.75929  100  10
18.375  1.79071  96.5517  9.82607
18.375  1.82212  100  10
18.375  1.85354  93.3333  9.66092
18.375  1.88496  96.5517  9.82607
18.375  1.91637  96.6102  9.82905
18.375  1.94779  88.7097  9.41858
18.375  1.9792  98.4127  9.92032
18.375  2.01062  93.5484  9.67204
18.375  2.04204  93.1034  9.64901
18.375  2.07345  98.6842  9.93399
18.375  2.10487  91.3043  9.55533
18.375  2.13628  100  10
18.375  2.1677  98.7342  9.93651
18.375  2.19911  94  9.69536
18.375  2.23053  93.1507  9.65146
18.375  2.26195  94.8718  9.74022
18.375  2.29336  84.375  9.18559
18.375  2.32478  41.0256  6.40513
18.375  2.35619  1.81818  1.3484
18.375  2.38761  0  0
18.375  2.41903  0  0
18.375  2.45044  0  0
18.375  2.48186  0  0
18.375  2.51327  0  0
18.375  2.54469  0  0
18.375  2.57611  0  0
18.375  2.60752  0  0
18.375  2.63894  0  0
18.375  2.67035  0  0
18.375  2.70177  0  0
18.375  2.73319  0  0
18.375  2.7646  0  0
18.375  2.79602  0  0
18.375  2.82743  0  0
18.375  2.85885  0  0
18.375  2.89027  0  0
18.375  2.92168  0  0
18.375  2.9531  0  0
18.375  2.98451  0  0
18.375  3.01593  0  0
18.375  3.04734  0  0
18.375  3.07876  0  0
18.375  3.11018  0  0
18.5  0  0  0
18.5  0.0314159  0  0
18.5  0.0628319  0  0
18.5  0.0942478  0  0
18.5  0.125664  0  0
18.5  0.15708  0  0
18.5  0.188496  0  0
18.5  0.219911  0  0
18.5  0.251327  0  0
18.5  0.282743  0  0
18.5  0.314159  0  0
18.5  0.345575  0  0
18.5  0.376991  0  0
18.5  0.408407  0  0
18.5  0.439823  0  0
18.5  0.471239  0  0
18.5  0.502655  0  0
18.5  0.534071  0  0
18.5  0.565487  0  0
18.5  0.596903  0  0
18.5  0.628319  0  0
18.5  0.659734  0  0
18.5  0.69115  0  0
18.5  0.722566  0  0
18.5  0.753982  11.7647  3.42997
18.5  0.785398  69.8413  8.35711
18.5  0.816814  93.4211  9.66546
18.5  0.84823  93.1507  9.65146
18.5  0.879646  91.6667  9.57427
18.5  0.911062  87.6712  9.36329
18.5  0.942478  93.4426  9.66657
18.5  0.973894  92.5373  9.61963
18.5  1.00531  95.3125  9.76281
18.5  1.03673  94.5455  9.72345
18.5  1.06814  98.6111  9.93031
18.5  1.09956  95.2381  9.759
18.5  1.13097  95.5224  9.77356
18.5  1.16239  98.0392  9.90148
18.5  1.19381  100  10
18.5  1.22522  98.1481  9.90697
18.5  1.25664  93.3333  9.66092
18.5  1.28805  96.0784  9.80196
18.5  1.31947  97.7778  9.88826
18.5  1.35088  100  10
18.5  1.3823  100  10
18.5  1.41372  98.2456  9.91189
18.5  1.44513  100  10
18.5  1.47655  100  10
18.5  1.50796  100  10
18.5  1.53938  97.9167  9.89529
18.5  1.5708  100  10
18.5  1.60221  98.1481  9.90697
18.5  1.63363  100  10
18.5  1.66504  100  10
18.5  1.69646  98.2456  9.91189
18.5  1.72788  96.6102  9.82905
18.5  1.75929  94.9153  9.74245
18.5  1.79071  97.4359  9.87096
18.5  1.82212  96  9.79796
18.5  1.85354  98.1818  9.90867
18.5  1.88496  100  10
18.5  1.91637  95.6522  9.78019
18.5  1.94779  95.5224  9.77356
18.5  1.9792  95.8333  9.78945
18.5  2.01062  98.5507  9.92727
18.5  2.04204  97.2603  9.86206
18.5  2.07345  97.3684  9.86754
18.5  2.10487  97.1014  9.85401
18.5  2.13628  92.5373  9.61963
18.5  2.1677  89.4118  9.45578
18.5  2.19911  91.3043  9.55533
18.5  2.23053  93.1034  9.64901
18.5  2.26195  93.9024  9.69033
18.5  2.29336  96.2963  9.81307
18.5  2.32478  55.5556  7.45356
18.5  2.35619  14.2857  3.77964
18.5  2.38761  0  0
18.5  2.41903  0  0
18.5  2.45044  0  0
18.5  2.48186  0  0
18.5  2.51327  0  0
18.5  2.54469  0  0
18.5  2.57611  0  0
18.5  2.60752  0  0
18.5  2.63894  0  0
18.5  2.67035  0  0
18.5  2.70177  0  0
18.5  2.73319  0  0
18.5  2.7646  0  0
18.5  2.79602  0  0
18.5  2.82743  0  0
18.5  2.85885  0  0
18.5  2.89027  0  0
18.5  2.92168  0  0
18.5  2.9531  0  0
18.5  2.98451  0  0
18.5  3.01593  0  0
18.5  3.04734  0  0
18.5  3.07876  0  0
18.5  3.11018  0  0
18.625  0  0  0
18.625  0.0314159  0  0
18.625  0.0628319  0  0
18.625  0.0942478  0  0
18.625  0.125664  0  0
18.625  0.15708  0  0
18.625  0.188496  0  0
18.625  0.219911  0  0
18.625  0.251327  0  0
18.625  0.282743  0  0
18.625  0.314159  0  0
18.625  0.345575  0  0
18.625  0.376991  0  0
18.625  0.408407  0  0
18.625  0.439823  0  0
18.625  0.471239  0  0
18.625  0.502655  0  0
18.625  0.534071  0  0
18.625  0.565487  0  0
18.625  0.596903  0  0
18.625  0.628319  0  0
18.625  0.659734  0  0
18.625  0.69115  0  0
18.625  0.722566  0  0
18.625  0.753982  12.9032  3.59211
18.625  0.785398  78.5714  8.86405
18.625  0.816814  88.5714  9.41124
18.625  0.84823  91.7808  9.58023
18.625  0.879646  93.1818  9.65307
18.625  0.911062  84.7059  9.20358
18.625  0.942478  92.5926  9.6225
18.625  0.973894  92.1875  9.60143
18.625  1.00531  92.0635  9.59497
18.625  1.03673  95  9.74679
18.625  1.06814  93.2432  9.65625
18.625  1.09956  94.2308  9.70725
18.625  1.13097  96.2264  9.80951
18.625  1.16239  92.1569  9.59984
18.625  1.19381  96.7742  9.83739
18.625  1.22522  97.9592  9.89743
18.625  1.25664  96.5517  9.82607
18.625  1.28805  98.4615  9.92278
18.625  1.31947  98.1481  9.90697
18.625  1.35088  94.2308  9.70725
18.625  1.3823  98.2759  9.91342
18.625  1.41372  96.2264  9.80951
18.625  1.44513  100  10
18.625  1.47655  97.9167  9.89529
18.625  1.50796  100  10
18.625  1.53938  100  10
18.625  1.5708  100  10
18.625  1.60221  100  10
18.625  1.63363  100  10
18.625  1.66504  100  10
18.625  1.69646  96.2264  9.80951
18.625  1.72788  100  10
18.625  1.75929  98.1818  9.90867
18.625  1.79071  98  9.89949
18.625  1.82212  98.1481  9.90697
18.625  1.85354  100  10
18.625  1.88496  96.8254  9.83999
18.625  1.91637  98.4615  9.92278
18.625  1.94779  96.3636  9.8165
18.625  1.9792  95.3125  9.76281
18.625  2.01062  91.8367  9.58315
18.625  2.04204  98.2759  9.91342
18.625  2.07345  94.4444  9.71825
18.625  2.10487  87.6712  9.36329
18.625  2.13628  92.9577  9.64146
18.625  2.1677  93.3333  9.66092
18.625  2.19911  87.7193  9.36586
18.625  2.23053  94.7368  9.73329
18.625  2.26195  91.0448  9.54174
18.625  2.29336  96.9697  9.84732
18.625  2.32478  78.3784  8.85316
18.625  2.35619  15.5172  3.93919
18.625  2.38761  0  0
18.625  2.41903  0  0
18.625  2.45044  0  0
18.625  2.48186  0  0
18.625  2.51327  0  0
18.625  2.54469  0  0
18.625  2.57611  0  0
18.625  2.60752  0  0
18.625  2.63894  0  0
18.625  2.67035  0  0
18.625  2.70177  0  0
18.625  2.73319  0  0
18.625  2.7646  0  0
18.625  2.79602  0  0
18.625  2.82743  0  0
18.625  2.85885  0  0
18.625  2.89027  0  0
18.625  2.92168  0  0
18.625  2.9531  0  0
18.625  2.98451  0  0
18.625  3.01593  0  0
18.625  3.04734  0  0
18.625  3.07876  0  0
18.625  3.11018  0  0
18.75  0  0  0
18.75  0.0314159  0  0
18.75  0.0628319  0  0
18.75  0.0942478  0  0
18.75  0.125664  0  0
18.75  0.15708  0  0
18.75  0.188496  0  0
18.75  0.219911  0  0
18.75  0.251327  0  0
18.75  0.282743  0  0
18.75  0.314159  0  0
18.75  0.345575  0  0
18.75  0.376991  0  0
18.75  0.408407  0  0
18.75  0.439823  0  0
18.75  0.471239  0  0
18.75  0.502655  0  0
18.75  0.534071  0  0
18.75  0.565487  0  0
18.75  0.596903  0  0
18.75  0.628319  0  0
18.75  0.659734  0  0
18.75  0.69115  0  0
18.75  0.722566  1.92308  1.38675
18.75  0.753982  36.9231  6.07644
18.75  0.785398  83.3333  9.12871
18.75  0.816814  86.747  9.31381
18.75  0.84823  95.6044  9.77775
18.75  0.879646  93.3333  9.66092
18.75  0.911062  91.0256  9.54074
18.75  0.942478  90  9.48683
18.75  0.973894  90.2778  9.50146
18.75  1.00531  96.9697  9.84732
18.75  1.03673  98.3871  9.91903
18.75  1.06814  91.3793  9.55925
18.75  1.09956  96.8254  9.83999
18.75  1.13097  90.625  9.51972
18.75  1.16239  96.2963  9.81307
18.75  1.19381  92  9.59166
18.75  1.22522  96.9231  9.84495
18.75  1.25664  98.1132  9.90521
18.75  1.28805  92.3077  9.60769
18.75  1.31947  96.3636  9.8165
18.75  1.35088  100  10
18.75  1.3823  100  10
18.75  1.41372  100  10
18.75  1.44513  97.9167  9.89529
18.75  1.47655  98.5507  9.92727
18.75  1.50796  100  10
18.75  1.53938  100  10
18.75  1.5708  100  10
18.75  1.60221  100  10
18.75  1.63363  100  10
18.75  1.66504  97.7778  9.88826
18.75  1.69646  98  9.89949
18.75  1.72788  100  10
18.75  1.75929  98.2456  9.91189
18.75  1.79071  94.2308  9.70725
18.75  1.82212  94.8718  9.74022
18.75  1.85354  98.2759  9.91342
18.75  1.88496  100  10
18.75  1.91637  92.7273  9.6295
18.75  1.94779  97.1429  9.85611
18.75  1.9792  93.5484  9.67204
18.75  2.01062  95.7143  9.78337
18.75  2.04204  97.0149  9.84962
18.75  2.07345  95.7143  9.78337
18.75  2.10487  95.122  9.75305
18.75  2.13628  92.9577  9.64146
18.75  2.1677  98.4615  9.92278
18.75  2.19911  91.0256  9.54074
18.75  2.23053  90.7895  9.52835
18.75  2.26195  95.8904  9.79236
18.75  2.29336  95.8333  9.78945
18.75  2.32478  87.1795  9.337
18.75  2.35619  36  6
18.75  2.38761  1.88679  1.37361
18.75  2.41903  0  0
18.75  2.45044  0  0
18.75  2.48186  0  0
18.75  2.51327  0  0
18.75  2.54469  0  0
18.75  2.57611  0  0
18.75  2.60752  0  0
18.75  2.63894  0  0
18.75  2.67035  0  0
18.75  2.70177  0  0
18.75  2.73319  0  0
18.75  2.7646  0  0
18.75  2.79602  0  0
18.75  2.82743  0  0
18.75  2.85885  0  0
18.75  2.89027  0  0
18.75  2.92168  0  0
18.75  2.9531  0  0
18.75  2.98451  0  0
18.75  3.01593  0  0
18.75  3.04734  0  0
18.75  3.07876  0  0
18.75  3.11018  0  0
18.875  0  0  0
18.875  0.0314159  0  0
18.875  0.0628319  0  0
18.875  0.0942478  0  0
18.875  0.125664  0  0
18.875  0.15708  0  0
18.875  0.188496  0  0
18.875  0.219911  0  0
18.875  0.251327  0  0
18.875  0.282743  0  0
18.875  0.314159  0  0
18.875  0.345575  0  0
18.875  0.376991  0  0
18.875  0.408407  0  0
18.875  0.439823  0  0
18.875  0.471239  0  0
18.875  0.502655  0  0
18.875  0.534071  0  0
18.875  0.565487  0  0
18.875  0.596903  0  0
18.875  0.628319  0  0
18.875  0.659734  0  0
18.875  0.69115  0  0
18.875  0.722566  7.54717  2.74721
18.875  0.753982  60.7595  7.79484
18.875  0.785398  81.6667  9.03696
18.875  0.816814  91.8033  9.5814
18.875  0.84823  100  10
18.875  0.879646  89.0411  9.43616
18.875  0.911062  91.7808  9.58023
18.875  0.942478  97.5  9.87421
18.875  0.973894  93.9394  9.69223
18.875  1.00531  100  10
18.875  1.03673  96.8254  9.83999
18.875  1.06814  95.3846  9.7665
18.875  1.09956  90.2439  9.49968
18.875  1.13097  95.082  9.751
18.875  1.16239  96.7742  9.83739
18.875  1.19381  96.4286  9.81981
18.875  1.22522  100  10
18.875  1.25664  93.4426  9.66657
18.875  1.28805  96.1538  9.80581
18.875  1.31947  100  10
18.875  1.35088  98.0769  9.90338
18.875  1.3823  97.9592  9.89743
18.875  1.41372  91.3793  9.55925
18.875  1.44513  100  10
18.875  1.47655  100  10
18.875  1.50796  100  10
18.875  1.53938  100  10
18.875  1.5708  100  10
18.875  1.60221  98.2456  9.91189
18.875  1.63363  98.0769  9.90338
18.875  1.66504  100  10
18.875  1.69646  98.0769  9.90338
18.875  1.72788  95.4545  9.77008
18.875  1.75929  98.1818  9.90867
18.875  1.79071  93.8776  9.68904
18.875  1.82212  94.3396  9.71286
18.875  1.85354  95.9184  9.79379
18.875  1.88496  100  10
18.875  1.91637  92.5926  9.6225
18.875  1.94779  96.4912  9.82299
18.875  1.9792  98.0392  9.90148
18.875  2.01062  96.0784  9.80196
18.875  2.04204  96.7213  9.8347
18.875  2.07345  95.3125  9.76281
18.875  2.10487  97.3684  9.86754
18.875  2.13628  92.9825  9.64274
18.875  2.1677  93.2432  9.65625
18.875  2.19911  93.2432  9.65625
18.875  2.23053  89.7436  9.47331
18.875  2.26195  96.2025  9.80829
18.875  2.29336  87.9518  9.37826
18.875  2.32478  89.8551  9.47919
18.875  2.35619  61.0169  7.81133
18.875  2.38761  6.34921  2.51976
18.875  2.41903  1.92308  1.38675
18.875  2.45044  0  0
18.875  2.48186  0  0
18.875  2.51327  0  0
18.875  2.54469  0  0
18.875  2.57611  0  0
18.875  2.60752  0  0
18.875  2.63894  0  0
18.875  2.67035  0  0
18.875  2.70177  0  0
18.875  2.73319  0  0
18.875  2.7646  0  0
18.875  2.79602  0  0
18.875  2.82743  0  0
18.875  2.85885  0  0
18.875  2.89027  0  0
18.875  2.92168  0  0
18.875  2.9531  0  0
18.875  2.98451  0  0
18.875  3.01593  0  0
18.875  3.04734  0  0
18.875  3.07876  0  0
18.875  3.11018  0  0
19  0  0  0
19  0.0314159  0  0
19  0.0628319  0  0
19  0.0942478  0  0
19  0.125664  0  0
19  0.15708  0  0
19  0.188496  0  0
19  0.219911  0  0
19  0.251327  0  0
19  0.282743  0  0
19  0.314159  0  0
19  0.345575  0  0
19  0.376991  0  0
19  0.408407  0  0
19  0.439823  0  0
19  0.471239  0  0
19  0.502655  0  0
19  0.534071  0  0
19  0.565487  0  0
19  0.596903  0  0
19  0.628319  0  0
19  0.659734  0  0
19  0.69115  0  0
19  0.722566  17.7778  4.21637
19  0.753982  75  8.66025
19  0.785398  93.2203  9.65507
19  0.816814  89.7059  9.47132
19  0.84823  92.7711  9.63177
19  0.879646  94.2029  9.70582
19  0.911062  94.5652  9.72446
19  0.942478  93.9394  9.69223
19  0.973894  95.122  9.75305
19  1.00531  92.9577  9.64146
19  1.03673  90.1639  9.49547
19  1.06814  94.5205  9.72217
19  1.09956  96.6667  9.83192
19  1.13097  98.2456  9.91189
19  1.16239  96.9231  9.84495
19  1.19381  97.2222  9.86013
19  1.22522  94  9.69536
19  1.25664  100  10
19  1.28805  96.4286  9.81981
19  1.31947  95.2381  9.759
19  1.35088  100  10
19  1.3823  95.3488  9.76467
19  1.41372  100  10
19  1.44513  100  10
19  1.47655  100  10
19  1.50796  100  10
19  1.53938  100  10
19  1.5708  100  10
19  1.60221  100  10
19  1.63363  96.8254  9.83999
19  1.66504  100  10
19  1.69646  98.4127  9.92032
19  1.72788  100  10
19  1.75929  96  9.79796
19  1.79071  96.2264  9.80951
19  1.82212  98.1481  9.90697
19  1.85354  95.5224  9.77356
19  1.88496  98.6111  9.93031
19  1.91637  93.75  9.68246
19  1.94779  96.5517  9.82607
19  1.9792  96.4286  9.81981
19  2.01062  97.0588  9.85184
19  2.04204  92.5373  9.61963
19  2.07345  91.0256  9.54074
19  2.10487  96.2963  9.81307
19  2.13628  94.5946  9.72598
19  2.1677  94.5205  9.72217
19  2.19911  92.4051  9.61276
19  2.23053  93.9394  9.69223
19  2.26195  89.1566  9.44228
19  2.29336  84.058  9.16831
19  2.32478  91.7526  9.57876
19  2.35619  76.9231  8.77058
19  2.38761  25.5319  5.05291
19  2.41903  0  0
19  2.45044  0  0
19  2.48186  0  0
19  2.51327  0  0
19  2.54469  0  0
19  2.57611  0  0
19  2.60752  0  0
19  2.63894  0  0
19  2.67035  0  0
19  2.70177  0  0
19  2.73319  0  0
19  2.7646  0  0
19  2.79602  0  0
19  2.82743  0  0
19  2.85885  0  0
19  2.89027  0  0
19  2.92168  0  0
19  2.9531  0  0
19  2.98451  0  0
19  3.01593  0  0
19  3.04734  0  0
19  3.07876  0  0
19  3.11018  0  0
19.125  0  0  0
19.125  0.0314159  0  0
19.125  0.0628319  0  0
19.125  0.0942478  0  0
19.125  0.125664  0  0
19.125  0.15708  0  0
19.125  0.188496  0  0
19.125  0.219911  0  0
19.125  0.251327  0  0
19.125  0.282743  0  0
19.125  0.314159  0  0
19.125  0.345575  0  0
19.125  0.376991  0  0
19.125  0.408407  0  0
19.125  0.439823  0  0
19.125  0.471239  0  0
19.125  0.502655  0  0
19.125  0.534071  0  0
19.125  0.565487  0  0
19.125  0.596903  0  0
19.125  0.628319  0  0
19.125  0.659734  0  0
19.125  0.69115  0  0
19.125  0.722566  42.5926  6.5263
19.125  0.753982  85.4839  9.24575
19.125  0.785398  87.5  9.35414
19.125  0.816814  93.2584  9.65704
19.125  0.84823  95.9459  9.7952
19.125  0.879646  92.8571  9.63624
19.125  0.911062  93.2432  9.65625
19.125  0.942478  94.2857  9.71008
19.125  0.973894  95.8904  9.79236
19.125  1.00531  93.3333  9.66092
19.125  1.03673  96.6667  9.83192
19.125  1.06814  96.7742  9.83739
19.125  1.09956  91.3793  9.55925
19.125  1.13097  100  10
19.125  1.16239  91.1765  9.54864
19.125  1.19381  93.8776  9.68904
19.125  1.22522  95.2381  9.759
19.125  1.25664  96.4286  9.81981
19.125  1.28805  92.8571  9.63624
19.125  1.31947  98.4127  9.92032
19.125  1.35088  94.8276  9.73795
19.125  1.3823  97.7273  9.88571
19.125  1.41372  100  10
19.125  1.44513  100  10
19.125  1.47655  96.3636  9.8165
19.125  1.50796  100  10
19.125  1.53938  100  10
19.125  1.5708  100  10
19.125  1.60221  100  10
19.125  1.63363  100  10
19.125  1.66504  100  10
19.125  1.69646  96.6102  9.82905
19.125  1.72788  97.8261  9.89071
19.125  1.75929  93.5484  9.67204
19.125  1.79071  96.875  9.84251
19.125  1.82212  100  10
19.125  1.85354  95.6522  9.78019
19.125  1.88496  96.5517  9.82607
19.125  1.91637  96.8254  9.83999
19.125  1.94779  92.6471  9.62533
19.125  1.9792  96.9231  9.84495
19.125  2.01062  94.2029  9.70582
19.125  2.04204  98.4615  9.92278
19.125  2.07345  89.1892  9.444
19.125  2.10487  93.4211  9.66546
19.125  2.13628  92.5373  9.61963
19.125  2.1677  94.1176  9.70143
19.125  2.19911  87.3016  9.34353
19.125  2.23053  95.9459  9.7952
19.125  2.26195  90  9.48683
19.125  2.29336  93.1507  9.65146
19.125  2.32478  90.2778  9.50146
19.125  2.35619  88  9.38083
19.125  2.38761  26.3158  5.12989
19.125  2.41903  3.57143  1.88982
19.125  2.45044  0  0
19.125  2.48186  0  0
19.125  2.51327  0  0
19.125  2.54469  0  0
19.125  2.57611  0  0
19.125  2.60752  0  0
19.125  2.63894  0  0
19.125  2.67035  0  0
19.125  2.70177  0  0
19.125  2.73319  0  0
19.125  2.7646  0  0
19.125  2.79602  0  0
19.125  2.82743  0  0
19.125  2.85885  0  0
19.125  2.89027  0  0
19.125  2.92168  0  0
19.125  2.9531  0  0
19.125  2.98451  0  0
19.125  3.01593  0  0
19.125  3.04734  0  0
19.125  3.07876  0  0
19.125  3.11018  0  0
19.25  0  0  0
19.25  0.0314159  0  0
19.25  0.0628319  0  0
19.25  0.0942478  0  0
19.25  0.125664  0  0
19.25  0.15708  0  0
19.25  0.188496  0  0
19.25  0.219911  0  0
19.25  0.251327  0  0
19.25  0.282743  0  0
19.25  0.314159  0  0
19.25  0.345575  0  0
19.25  0.376991  0  0
19.25  0.408407  0  0
19.25  0.439823  0  0
19.25  0.471239  0  0
19.25  0.502655  0  0
19.25  0.534071  0  0
19.25  0.565487  0  0
19.25  0.596903  0  0
19.25  0.628319  0  0
19.25  0.659734  0  0
19.25  0.69115  9.43396  3.07148
19.25  0.722566  57.6923  7.59555
19.25  0.753982  94.9153  9.74245
19.25  0.785398  86.8852  9.32123
19.25  0.816814  92  9.59166
19.25  0.84823  92.6829  9.6272
19.25  0.879646  91.3043  9.55533
19.25  0.911062  94.1176  9.70143
19.25  0.942478  95.6522  9.78019
19.25  0.973894  98.5915  9.92933
19.25  1.00531  96.8254  9.83999
19.25  1.03673  91.6667  9.57427
19.25  1.06814  94.5946  9.72598
19.25  1.09956  94  9.69536
19.25  1.13097  90.9091  9.53463
19.25  1.16239  92.8571  9.63624
19.25  1.19381  95.1613  9.75506
19.25  1.22522  92.5373  9.61963
19.25  1.25664  100  10
19.25  1.28805  97.8261  9.89071
19.25  1.31947  95.3488  9.76467
19.25  1.35088  100  10
19.25  1.3823  100  10
19.25  1.41372  98.3051  9.91489
19.25  1.44513  100  10
19.25  1.47655  95.9184  9.79379
19.25  1.50796  100  10
19.25  1.53938  100  10
19.25  1.5708  100  10
19.25  1.60221  100  10
19.25  1.63363  98  9.89949
19.25  1.66504  100  10
19.25  1.69646  100  10
19.25  1.72788  98.0769  9.90338
19.25  1.75929  94.1176  9.70143
19.25  1.79071  100  10
19.25  1.82212  93.5484  9.67204
19.25  1.85354  98.4127  9.92032
19.25  1.88496  97.7273  9.88571
19.25  1.91637  96.875  9.84251
19.25  1.94779  96.1538  9.80581
19.25  1.9792  96.4912  9.82299
19.25  2.01062  96.6667  9.83192
19.25  2.04204  95.7143  9.78337
19.25  2.07345  95.5224  9.77356
19.25  2.10487  95.4545  9.77008
19.25  2.13628  98.6111  9.93031
19.25  2.1677  92.8571  9.63624
19.25  2.19911  97.561  9.8773
19.25  2.23053  94.7368  9.73329
19.25  2.26195  86.4865  9.29981
19.25  2.29336  89.5522  9.4632
19.25  2.32478  92.6829  9.6272
19.25  2.35619  94.7368  9.73329
19.25  2.38761  50.9434  7.13746
19.25  2.41903  7.54717  2.74721
19.25  2.45044  0  0
19.25  2.48186  0  0
19.25  2.51327  0  0
19.25  2.54469  0  0
19.25  2.57611  0  0
19.25  2.60752  0  0
19.25  2.63894  0  0
19.25  2.67035  0  0
19.25  2.70177  0  0
19.25  2.73319  0  0
19.25  2.7646  0  0
19.25  2.79602  0  0
19.25  2.82743  0  0
19.25  2.85885  0  0
19.25  2.89027  0  0
19.25  2.92168  0  0
19.25  2.9531  0  0
19.25  2.98451  0  0
19.25  3.01593  0  0
19.25  3.04734  0  0
19.25  3.07876  0  0
19.25  3.11018  0  0
19.375  0  0  0
19.375  0.0314159  0  0
19.375  0.0628319  0  0
19.375  0.0942478  0  0
19.375  0.125664  0  0
19.375  0.15708  0  0
19.375  0.188496  0  0
19.375  0.219911  0  0
19.375  0.251327  0  0
19.375  0.282743  0  0
19.375  0.314159  0  0
19.375  0.345575  0  0
19.375  0.376991  0  0
19.375  0.408407  0  0
19.375  0.439823  0  0
19.375  0.471239  0  0
19.375  0.502655  0  0
19.375  0.534071  0  0
19.375  0.565487  0  0
19.375  0.596903  0  0
19.375  0.628319  0  0
19.375  0.659734  2.63158  1.62221
19.375  0.69115  21.7391  4.66252
19.375  0.722566  71.4286  8.45154
19.375  0.753982  89.8551  9.47919
19.375  0.785398  88.4058  9.40244
19.375  0.816814  94.3182  9.71175
19.375  0.84823  89.1566  9.44228
19.375  0.879646  94.4444  9.71825
19.375  0.911062  93.75  9.68246
19.375  0.942478  90.4762  9.5119
19.375  0.973894  91.0112  9.53998
19.375  1.00531  95.7746  9.78645
19.375  1.03673  94.1176  9.70143
19.375  1.06814  96.7742  9.83739
19.375  1.09956  95.8904  9.79236
19.375  1.13097  97.0149  9.84962
19.375  1.16239  94.3396  9.71286
19.375  1.19381  91.0714  9.54314
19.375  1.22522  92.7273  9.6295
19.375  1.25664  93.4426  9.66657
19.375  1.28805  100  10
19.375  1.31947  94  9.69536
19.375  1.35088  96.8254  9.83999
19.375  1.3823  100  10
19.375  1.41372  100  10
19.375  1.44513  98.5075  9.92509
19.375  1.47655  100  10
19.375  1.50796  100  10
19.375  1.53938  100  10
19.375  1.5708  100  10
19.375  1.60221  98.3871  9.91903
19.375  1.63363  96.8254  9.83999
19.375  1.66504  98.2143  9.91031
19.375  1.69646  100  10
19.375  1.72788  97.2222  9.86013
19.375  1.75929  96.7213  9.8347
19.375  1.79071  96.4912  9.82299
19.375  1.82212  98.0392  9.90148
19.375  1.85354  93.8776  9.68904
19.375  1.88496  98.5294  9.9262
19.375  1.91637  94.8276  9.73795
19.375  1.94779  90.9091  9.53463
19.375  1.9792  96.9697  9.84732
19.375  2.01062  93.8462  9.68742
19.375  2.04204  93.5484  9.67204
19.375  2.07345  96.4912  9.82299
19.375  2.10487  91.9355  9.5883
19.375  2.13628  89.7059  9.47132
19.375  2.1677  98.5714  9.92831
19.375  2.19911  97.4026  9.86928
19.375  2.23053  88.4058  9.40244
19.375  2.26195  91.8919  9.58603
19.375  2.29336  91.7808  9.58023
19.375  2.32478  91.6667  9.57427
19.375  2.35619  91.5254  9.56689
19.375  2.38761  72  8.48528
19.375  2.41903  12.5  3.53553
19.375  2.45044  4.65116  2.15666
19.375  2.48186  0  0
19.375  2.51327  0  0
19.375  2.54469  0  0
19.375  2.57611  0  0
19.375  2.60752  0  0
19.375  2.63894  0  0
19.375  2.67035  0  0
19.375  2.70177  0  0
19.375  2.73319  0  0
19.375  2.7646  0  0
19.375  2.79602  0  0
19.375  2.82743  0  0
19.375  2.85885  0  0
19.375  2.89027  0  0
19.375  2.92168  0  0
19.375  2.9531  0  0
19.375  2.98451  0  0
19.375  3.01593  0  0
19.375  3.04734  0  0
19.375  3.07876  0  0
19.375  3.11018  0  0
19.5  0  0  0
19.5  0.0314159  0  0
19.5  0.0628319  0  0
19.5  0.0942478  0  0
19.5  0.125664  0  0
19.5  0.15708  0  0
19.5  0.188496  0  0
19.5  0.219911  0  0
19.5  0.251327  0  0
19.5  0.282743  0  0
19.5  0.314159  0  0
19.5  0.345575  0  0
19.5  0.376991  0  0
19.5  0.408407  0  0
19.5  0.439823  0  0
19.5  0.471239  0  0
19.5  0.502655  0  0
19.5  0.534071  0  0
19.5  0.565487  0  0
19.5  0.596903  0  0
19.5  0.628319  0  0
19.5  0.659734  0  0
19.5  0.69115  18.5185  4.30331
19.5  0.722566  85.4545  9.24416
19.5  0.753982  91.9355  9.5883
19.5  0.785398  93.5484  9.67204
19.5  0.816814  93.4426  9.66657
19.5  0.84823  90  9.48683
19.5  0.879646  89.8734  9.48016
19.5  0.911062  97.4026  9.86928
19.5  0.942478  89.3333  9.45163
19.5  0.973894  97.6471  9.88165
19.5  1.00531  97.1014  9.85401
19.5  1.03673  96.4286  9.81981
19.5  1.06814  95.3846  9.7665
19.5  1.09956  95.7143  9.78337
19.5  1.13097  91.0256  9.54074
19.5  1.16239  92.5926  9.6225
19.5  1.19381  95.3846  9.7665
19.5  1.22522  94.4444  9.71825
19.5  1.25664  95.8333  9.78945
19.5  1.28805  100  10
19.5  1.31947  96.2963  9.81307
19.5  1.35088  96.5517  9.82607
19.5  1.3823  100  10
19.5  1.41372  94.3396  9.71286
19.5  1.44513  100  10
19.5  1.47655  100  10
19.5  1.50796  100  10
19.5  1.53938  98.2143  9.91031
19.5  1.5708  100  10
19.5  1.60221  100  10
19.5  1.63363  100  10
19.5  1.66504  100  10
19.5  1.69646  100  10
19.5  1.72788  98.5075  9.92509
19.5  1.75929  100  10
19.5  1.79071  98.2143  9.91031
19.5  1.82212  97.6744  9.88304
19.5  1.85354  100  10
19.5  1.88496  98.4375  9.92157
19.5  1.91637  100  10
19.5  1.94779  98.4127  9.92032
19.5  1.9792  98  9.89949
19.5  2.01062  95.7143  9.78337
19.5  2.04204  93.0556  9.64653
19.5  2.07345  95.3846  9.7665
19.5  2.10487  95.3846  9.7665
19.5  2.13628  95.7143  9.78337
19.5  2.1677  92.7273  9.6295
19.5  2.19911  96.5116  9.82403
19.5  2.23053  92.7536  9.63087
19.5  2.26195  90.1408  9.49425
19.5  2.29336  95.2381  9.759
19.5  2.32478  92.9577  9.64146
19.5  2.35619  83.0769  9.11465
19.5  2.38761  86.5672  9.30415
19.5  2.41903  32.7586  5.72351
19.5  2.45044  0  0
19.5  2.48186  0  0
19.5  2.51327  0  0
19.5  2.54469  0  0
19.5  2.57611  0  0
19.5  2.60752  0  0
19.5  2.63894  0  0
19.5  2.67035  0  0
19.5  2.70177  0  0
19.5  2.73319  0  0
19.5  2.7646  0  0
19.5  2.79602  0  0
19.5  2.82743  0  0
19.5  2.85885  0  0
19.5  2.89027  0  0
19.5  2.92168  0  0
19.5  2.9531  0  0
19.5  2.98451  0  0
19.5  3.01593  0  0
19.5  3.04734  0  0
19.5  3.07876  0  0
19.5  3.11018  0  0
19.625  0  0  0
19.625  0.0314159  0  0
19.625  0.0628319  0  0
19.625  0.0942478  0  0
19.625  0.125664  0  0
19.625  0.15708  0  0
19.625  0.188496  0  0
19.625  0.219911  0  0
19.625  0.251327  0  0
19.625  0.282743  0  0
19.625  0.314159  0  0
19.625  0.345575  0  0
19.625  0.376991  0  0
19.625  0.408407  0  0
19.625  0.439823  0  0
19.625  0.471239  0  0
19.625  0.502655  0  0
19.625  0.534071  0  0
19.625  0.565487  0  0
19.625  0.596903  0  0
19.625  0.628319  0  0
19.625  0.659734  5.26316  2.29416
19.625  0.69115  53.3333  7.30297
19.625  0.722566  82.6087  9.08893
19.625  0.753982  92.6471  9.62533
19.625  0.785398  87.3239  9.34473
19.625  0.816814  97.5  9.87421
19.625  0.84823  85.8974  9.26809
19.625  0.879646  92.6471  9.62533
19.625  0.911062  89.4737  9.45905
19.625  0.942478  94.2857  9.71008
19.625  0.973894  90.7692  9.52729
19.625  1.00531  91.6667  9.57427
19.625  1.03673  95.8904  9.79236
19.625  1.06814  90.4762  9.5119
19.625  1.09956  94.4444  9.71825
19.625  1.13097  97.7273  9.88571
19.625  1.16239  98.1818  9.90867
19.625  1.19381  98.5294  9.9262
19.625  1.22522  92.0635  9.59497
19.625  1.25664  91.1765  9.54864
19.625  1.28805  96.8254  9.83999
19.625  1.31947  100  10
19.625  1.35088  96.0784  9.80196
19.625  1.3823  100  10
19.625  1.41372  100  10
19.625  1.44513  100  10
19.625  1.47655  100  10
19.625  1.50796  97.8723  9.89305
19.625  1.53938  100  10
19.625  1.5708  100  10
19.625  1.60221  100  10
19.625  1.63363  100  10
19.625  1.66504  100  10
19.625  1.69646  97.9592  9.89743
19.625  1.72788  98.4615  9.92278
19.625  1.75929  97.8723  9.89305
19.625  1.79071  96.5517  9.82607
19.625  1.82212  91.4894  9.56501
19.625  1.85354  95.2381  9.759
19.625  1.88496  92.8571  9.63624
19.625  1.91637  95.8333  9.78945
19.625  1.94779  96.875  9.84251
19.625  1.9792  83.6735  9.14732
19.625  2.01062  100  10
19.625  2.04204  93.2432  9.65625
19.625  2.07345  100  10
19.625  2.10487  91.6667  9.57427
19.625  2.13628  90  9.48683
19.625  2.1677  94.7368  9.73329
19.625  2.19911  97.7273  9.88571
19.625  2.23053  92.4731  9.61629
19.625  2.26195  91.7808  9.58023
19.625  2.29336  85.3659  9.23936
19.625  2.32478  91.6667  9.57427
19.625  2.35619  88.7097  9.41858
19.625  2.38761  81.5385  9.02986
19.625  2.41903  32.4324  5.69495
19.625  2.45044  3.44828  1.85695
19.625  2.48186  0  0
19.625  2.51327  0  0
19.625  2.54469  0  0
19.625  2.57611  0  0
19.625  2.60752  0  0
19.625  2.63894  0  0
19.625  2.67035  0  0
19.625  2.70177  0  0
19.625  2.73319  0  0
19.625  2.7646  0  0
19.625  2.79602  0  0
19.625  2.82743  0  0
19.625  2.85885  0  0
19.625  2.89027  0  0
19.625  2.92168  0  0
19.625  2.9531  0  0
19.625  2.98451  0  0
19.625  3.01593  0  0
19.625  3.04734  0  0
19.625  3.07876  0  0
19.625  3.11018  0  0
19.75  0  0  0
19.75  0.0314159  0  0
19.75  0.0628319  0  0
19.75  0.0942478  0  0
19.75  0.125664  0  0
19.75  0.15708  0  0
19.75  0.188496  0  0
19.75  0.219911  0  0
19.75  0.251327  0  0
19.75  0.282743  0  0
19.75  0.314159  0  0
19.75  0.345575  0  0
19.75  0.376991  0  0
19.75  0.408407  0  0
19.75  0.439823  0  0
19.75  0.471239  0  0
19.75  0.502655  0  0
19.75  0.534071  0  0
19.75  0.565487  0  0
19.75  0.596903  0  0
19.75  0.628319  0  0
19.75  0.659734  4.54545  2.13201
19.75  0.69115  60  7.74597
19.75  0.722566  94.3396  9.71286
19.75  0.753982  92.5926  9.6225
19.75  0.785398  94.0299  9.6969
19.75  0.816814  93.3333  9.66092
19.75  0.84823  97.0588  9.85184
19.75  0.879646  93.5065  9.66988
19.75  0.911062  93.5065  9.66988
19.75  0.942478  95.0617  9.74996
19.75  0.973894  93.5897  9.67418
19.75  1.00531  94.1176  9.70143
19.75  1.03673  95.7143  9.78337
19.75  1.06814  97.6471  9.88165
19.75  1.09956  95.4545  9.77008
19.75  1.13097  98.0769  9.90338
19.75  1.16239  93.4211  9.66546
19.75  1.19381  90.6977  9.52353
19.75  1.22522  100  10
19.75  1.25664  94.5455  9.72345
19.75  1.28805  97.0149  9.84962
19.75  1.31947  100  10
19.75  1.35088  98  9.89949
19.75  1.3823  100  10
19.75  1.41372  100  10
19.75  1.44513  92.3077  9.60769
19.75  1.47655  100  10
19.75  1.50796  97.2973  9.86394
19.75  1.53938  100  10
19.75  1.5708  100  10
19.75  1.60221  96.6667  9.83192
19.75  1.63363  98.4127  9.92032
19.75  1.66504  100  10
19.75  1.69646  96.4286  9.81981
19.75  1.72788  96.7213  9.8347
19.75  1.75929  96.7213  9.8347
19.75  1.79071  100  10
19.75  1.82212  91.0714  9.54314
19.75  1.85354  95.8333  9.78945
19.75  1.88496  97.8723  9.89305
19.75  1.91637  98.3333  9.91632
19.75  1.94779  98.2143  9.91031
19.75  1.9792  100  10
19.75  2.01062  100  10
19.75  2.04204  97.2973  9.86394
19.75  2.07345  100  10
19.75  2.10487  89.7436  9.47331
19.75  2.13628  89.1892  9.444
19.75  2.1677  92.5  9.61769
19.75  2.19911  91.358  9.55814
19.75  2.23053  91.3043  9.55533
19.75  2.26195  97.5  9.87421
19.75  2.29336  91.5493  9.56814
19.75  2.32478  91.6667  9.57427
19.75  2.35619  84.127  9.17208
19.75  2.38761  85.2459  9.23287
19.75  2.41903  64.2857  8.01784
19.75  2.45044  8  2.82843
19.75  2.48186  0  0
19.75  2.51327  0  0
19.75  2.54469  0  0
19.75  2.57611  0  0
19.75  2.60752  0  0
19.75  2.63894  0  0
19.75  2.67035  0  0
19.75  2.70177  0  0
19.75  2.73319  0  0
19.75  2.7646  0  0
19.75  2.79602  0  0
19.75  2.82743  0  0
19.75  2.85885  0  0
19.75  2.89027  0  0
19.75  2.92168  0  0
19.75  2.9531  0  0
19.75  2.98451  0  0
19.75  3.01593  0  0
19.75  3.04734  0  0
19.75  3.07876  0  0
19.75  3.11018  0  0
19.875  0  0  0
19.875  0.0314159  0  0
19.875  0.0628319  0  0
19.875  0.0942478  0  0
19.875  0.125664  0  0
19.875  0.15708  0  0
19.875  0.188496  0  0
19.875  0.219911  0  0
19.875  0.251327  0  0
19.875  0.282743  0  0
19.875  0.314159  0  0
19.875  0.345575  0  0
19.875  0.376991  0  0
19.875  0.408407  0  0
19.875  0.439823  0  0
19.875  0.471239  0  0
19.875  0.502655  0  0
19.875  0.534071  0  0
19.875  0.565487  0  0
19.875  0.596903  0  0
19.875  0.628319  0  0
19.875  0.659734  20.4082  4.51754
19.875  0.69115  81.25  9.01388
19.875  0.722566  84.9057  9.21443
19.875  0.753982  92.6471  9.62533
19.875  0.785398  90.9091  9.53463
19.875  0.816814  93.4211  9.66546
19.875  0.84823  88.5246  9.40875
19.875  0.879646  96.9231  9.84495
19.875  0.911062  93.6709  9.67837
19.875  0.942478  92.1875  9.60143
19.875  0.973894  98.5075  9.92509
19.875  1.00531  91.4286  9.56183
19.875  1.03673  94.8276  9.73795
19.875  1.06814  94.7368  9.73329
19.875  1.09956  93.75  9.68246
19.875  1.13097  94.7368  9.73329
19.875  1.16239  94.7368  9.73329
19.875  1.19381  96.5517  9.82607
19.875  1.22522  100  10
19.875  1.25664  94.4444  9.71825
19.875  1.28805  100  10
19.875  1.31947  98.1818  9.90867
19.875  1.35088  96.2264  9.80951
19.875  1.3823  100  10
19.875  1.41372  97.7273  9.88571
19.875  1.44513  100  10
19.875  1.47655  100  10
19.875  1.50796  100  10
19.875  1.53938  100  10
19.875  1.5708  100  10
19.875  1.60221  98.0392  9.90148
19.875  1.63363  100  10
19.875  1.66504  100  10
19.875  1.69646  100  10
19.875  1.72788  95.5556  9.77525
19.875  1.75929  98  9.89949
19.875  1.79071  100  10
19.875  1.82212  88.8889  9.42809
19.875  1.85354  100  10
19.875  1.88496  98.1132  9.90521
19.875  1.91637  96.875  9.84251
19.875  1.94779  97.7273  9.88571
19.875  1.9792  98.1818  9.90867
19.875  2.01062  96.7213  9.8347
19.875  2.04204  100  10
19.875  2.07345  98.3871  9.91903
19.875  2.10487  93.0556  9.64653
19.875  2.13628  96.0526  9.80064
19.875  2.1677  93.9394  9.69223
19.875  2.19911  94.2857  9.71008
19.875  2.23053  91.3978  9.56022
19.875  2.26195  90.4762  9.5119
19.875  2.29336  91.3978  9.56022
19.875  2.32478  92.6471  9.62533
19.875  2.35619  98.5915  9.92933
19.875  2.38761  92.6471  9.62533
19.875  2.41903  80  8.94427
19.875  2.45044  13.5135  3.67607
19.875  2.48186  0  0
19.875  2.51327  0  0
19.875  2.54469  0  0
19.875  2.57611  0  0
19.875  2.60752  0  0
19.875  2.63894  0  0
19.875  2.67035  0  0
19.875  2.70177  0  0
19.875  2.73319  0  0
19.875  2.7646  0  0
19.875  2.79602  0  0
19.875  2.82743  0  0
19.875  2.85885  0  0
19.875  2.89027  0  0
19.875  2.92168  0  0
19.875  2.9531  0  0
19.875  2.98451  0  0
19.875  3.01593  0  0
19.875  3.04734  0  0
19.875  3.07876  0  0
19.875  3.11018  0  0
20  0  0  0
20  0.0314159  0  0
20  0.0628319  0  0
20  0.0942478  0  0
20  0.125664  0  0
20  0.15708  0  0
20  0.188496  0  0
20  0.219911  0  0
20  0.251327  0  0
20  0.282743  0  0
20  0.314159  0  0
20  0.345575  0  0
20  0.376991  0  0
20  0.408407  0  0
20  0.439823  0  0
20  0.471239  0  0
20  0.502655  0  0
20  0.534071  0  0
20  0.565487  0  0
20  0.596903  0  0
20  0.628319  0  0
20  0.659734  17.6471  4.20084
20  0.69115  85.0746  9.22359
20  0.722566  80.7018  8.98342
20  0.753982  90  9.48683
20  0.785398  91.0256  9.54074
20  0.816814  90.1408  9.49425
20  0.84823  96.5517  9.82607
20  0.879646  93.5897  9.67418
20  0.911062  92.3077  9.60769
20  0.942478  97.561  9.8773
20  0.973894  95.2381  9.759
20  1.00531  94.9153  9.74245
20  1.03673  96.2264  9.80951
20  1.06814  94.1176  9.70143
20  1.09956  96.4912  9.82299
20  1.13097  98.4127  9.92032
20  1.16239  98.1818  9.90867
20  1.19381  100  10
20  1.22522  92.0635  9.59497
20  1.25664  97.8261  9.89071
20  1.28805  94.9153  9.74245
20  1.31947  98.2759  9.91342
20  1.35088  96.6667  9.83192
20  1.3823  100  10
20  1.41372  97.7273  9.88571
20  1.44513  100  10
20  1.47655  100  10
20  1.50796  100  10
20  1.53938  100  10
20  1.5708  100  10
20  1.60221  100  10
20  1.63363  100  10
20  1.66504  100  10
20  1.69646  94.2308  9.70725
20  1.72788  97.7778  9.88826
20  1.75929  97.7273  9.88571
20  1.79071  95.8333  9.78945
20  1.82212  96.8254  9.83999
20  1.85354  98.5075  9.92509
20  1.88496  93.75  9.68246
20  1.91637  93.617  9.67559
20  1.94779  95.3125  9.76281
20  1.9792  95.7143  9.78337
20  2.01062  98.3607  9.91769
20  2.04204  98.5294  9.9262
20  2.07345  95.3125  9.76281
20  2.10487  98.6667  9.93311
20  2.13628  92.4242  9.61375
20  2.1677  92.1053  9.59715
20  2.19911  97.1014  9.85401
20  2.23053  90.8163  9.52976
20  2.26195  92.3077  9.60769
20  2.29336  95.7143  9.78337
20  2.32478  82.8571  9.10259
20  2.35619  95.5556  9.77525
20  2.38761  90.9091  9.53463
20  2.41903  87.234  9.33992
20  2.45044  35.1852  5.93171
20  2.48186  0  0
20  2.51327  0  0
20  2.54469  0  0
20  2.57611  0  0
20  2.60752  0  0
20  2.63894  0  0
20  2.67035  0  0
20  2.70177  0  0
20  2.73319  0  0
20  2.7646  0  0
20  2.79602  0  0
20  2.82743  0  0
20  2.85885  0  0
20  2.89027  0  0
20  2.92168  0  0
20  2.9531  0  0
20  2.98451  0  0
20  3.01593  0  0
20  3.04734  0  0
20  3.07876  0  0
20  3.11018  0  0
20.125  0  0  0
20.125  0.0314159  0  0
20.125  0.0628319  0  0
20.125  0.0942478  0  0
20.125  0.125664  0  0
20.125  0.15708  0  0
20.125  0.188496  0  0
20.125  0.219911  0  0
20.125  0.251327  0  0
20.125  0.282743  0  0
20.125  0.314159  0  0
20.125  0.345575  0  0
20.125  0.376991  0  0
20.125  0.408407  0  0
20.125  0.439823  0  0
20.125  0.471239  0  0
20.125  0.502655  0  0
20.125  0.534071  0  0
20.125  0.565487  0  0
20.125  0.596903  0  0
20.125  0.628319  2.5  1.58114
20.125  0.659734  53.8462  7.33799
20.125  0.69115  93.0233  9.64486
20.125  0.722566  84  9.16515
20.125  0.753982  92.8571  9.63624
20.125  0.785398  91.6667  9.57427
20.125  0.816814  94.9367  9.74355
20.125  0.84823  96.3415  9.81537
20.125  0.879646  93.75  9.68246
20.125  0.911062  92.9577  9.64146
20.125  0.942478  97.1831  9.85815
20.125  0.973894  97.3684  9.86754
20.125  1.00531  91.1392  9.54669
20.125  1.03673  97.1831  9.85815
20.125  1.06814  100  10
20.125  1.09956  96.4912  9.82299
20.125  1.13097  98.5507  9.92727
20.125  1.16239  94.7368  9.73329
20.125  1.19381  100  10
20.125  1.22522  95.3125  9.76281
20.125  1.25664  93.1034  9.64901
20.125  1.28805  97.2222  9.86013
20.125  1.31947  95.082  9.751
20.125  1.35088  95.3488  9.76467
20.125  1.3823  100  10
20.125  1.41372  100  10
20.125  1.44513  100  10
20.125  1.47655  100  10
20.125  1.50796  100  10
20.125  1.53938  100  10
20.125  1.5708  100  10
20.125  1.60221  100  10
20.125  1.63363  100  10
20.125  1.66504  100  10
20.125  1.69646  100  10
20.125  1.72788  98.2456  9.91189
20.125  1.75929  98.3051  9.91489
20.125  1.79071  94.2308  9.70725
20.125  1.82212  98.1818  9.90867
20.125  1.85354  90.3846  9.50708
20.125  1.88496  96.4912  9.82299
20.125  1.91637  96.1538  9.80581
20.125  1.94779  96.8254  9.83999
20.125  1.9792  96.875  9.84251
20.125  2.01062  98.1132  9.90521
20.125  2.04204  95.3125  9.76281
20.125  2.07345  95.7143  9.78337
20.125  2.10487  98.0392  9.90148
20.125  2.13628  91.5493  9.56814
20.125  2.1677  91.5663  9.56903
20.125  2.19911  93.9759  9.69412
20.125  2.23053  95.1807  9.75606
20.125  2.26195  90.1408  9.49425
20.125  2.29336  91.1392  9.54669
20.125  2.32478  90.1639  9.49547
20.125  2.35619  92.4528  9.61524
20.125  2.38761  86.6667  9.30949
20.125  2.41903  70  8.3666
20.125  2.45044  45.8333  6.77003
20.125  2.48186  3.125  1.76777
20.125  2.51327  0  0
20.125  2.54469  0  0
20.125  2.57611  0  0
20.125  2.60752  0  0
20.125  2.63894  0  0
20.125  2.67035  0  0
20.125  2.70177  0  0
20.125  2.73319  0  0
20.125  2.7646  0  0
20.125  2.79602  0  0
20.125  2.82743  0  0
20.125  2.85885  0  0
20.125  2.89027  0  0
20.125  2.92168  0  0
20.125  2.9531  0  0
20.125  2.98451  0  0
20.125  3.01593  0  0
20.125  3.04734  0  0
20.125  3.07876  0  0
20.125  3.11018  0  0
20.25  0  0  0
20.25  0.0314159  0  0
20.25  0.0628319  0  0
20.25  0.0942478  0  0
20.25  0.125664  0  0
20.25  0.15708  0  0
20.25  0.188496  0  0
20.25  0.219911  0  0
20.25  0.251327  0  0
20.25  0.282743  0  0
20.25  0.314159  0  0
20.25  0.345575  0  0
20.25  0.376991  0  0
20.25  0.408407  0  0
20.25  0.439823  0  0
20.25  0.471239  0  0
20.25  0.502655  0  0
20.25  0.534071  0  0
20.25  0.565487  0  0
20.25  0.596903  0  0
20.25  0.628319  0  0
20.25  0.659734  55.5556  7.45356
20.25  0.69115  84.7826  9.20775
20.25  0.722566  89.8305  9.4779
20.25  0.753982  93.0556  9.64653
20.25  0.785398  89.7436  9.47331
20.25  0.816814  89.2857  9.44911
20.25  0.84823  92.4051  9.61276
20.25  0.879646  90.9091  9.53463
20.25  0.911062  95.3846  9.7665
20.25  0.942478  93.5065  9.66988
20.25  0.973894  95  9.74679
20.25  1.00531  93.8462  9.68742
20.25  1.03673  89.1892  9.444
20.25  1.06814  90.4762  9.5119
20.25  1.09956  94.4444  9.71825
20.25  1.13097  95.7447  9.78492
20.25  1.16239  96.6102  9.82905
20.25  1.19381  98.2143  9.91031
20.25  1.22522  94.2857  9.71008
20.25  1.25664  98.5075  9.92509
20.25  1.28805  97.6744  9.88304
20.25  1.31947  96.4912  9.82299
20.25  1.35088  97.619  9.88024
20.25  1.3823  98.2143  9.91031
20.25  1.41372  95.8333  9.78945
20.25  1.44513  100  10
20.25  1.47655  100  10
20.25  1.50796  100  10
20.25  1.53938  100  10
20.25  1.5708  100  10
20.25  1.60221  100  10
20.25  1.63363  98.3051  9.91489
20.25  1.66504  97.9167  9.89529
20.25  1.69646  100  10
20.25  1.72788  100  10
20.25  1.75929  97.5  9.87421
20.25  1.79071  95.8333  9.78945
20.25  1.82212  100  10
20.25  1.85354  98.3871  9.91903
20.25  1.88496  98.1132  9.90521
20.25  1.91637  98.2143  9.91031
20.25  1.94779  98.3607  9.91769
20.25  1.9792  97.9592  9.89743
20.25  2.01062  98.2759  9.91342
20.25  2.04204  93.4783  9.66842
20.25  2.07345  88.3117  9.39743
20.25  2.10487  100  10
20.25  2.13628  92  9.59166
20.25  2.1677  95.7746  9.78645
20.25  2.19911  94.0476  9.69782
20.25  2.23053  92.5373  9.61963
20.25  2.26195  95.0617  9.74996
20.25  2.29336  94.8718  9.74022
20.25  2.32478  89.7059  9.47132
20.25  2.35619  77.193  8.78595
20.25  2.38761  90.566  9.51662
20.25  2.41903  87.5  9.35414
20.25  2.45044  88.2353  9.39336
20.25  2.48186  2.85714  1.69031
20.25  2.51327  0  0
20.25  2.54469  0  0
20.25  2.57611  0  0
20.25  2.60752  0  0
20.25  2.63894  0  0
20.25  2.67035  0  0
20.25  2.70177  0  0
20.25  2.73319  0  0
20.25  2.7646  0  0
20.25  2.79602  0  0
20.25  2.82743  0  0
20.25  2.85885  0  0
20.25  2.89027  0  0
20.25  2.92168  0  0
20.25  2.9531  0  0
20.25  2.98451  0  0
20.25  3.01593  0  0
20.25  3.04734  0  0
20.25  3.07876  0  0
20.25  3.11018  0  0
20.375  0  0  0
20.375  0.0314159  0  0
20.375  0.0628319  0  0
20.375  0.0942478  0  0
20.375  0.125664  0  0
20.375  0.15708  0  0
20.375  0.188496  0  0
20.375  0.219911  0  0
20.375  0.251327  0  0
20.375  0.282743  0  0
20.375  0.314159  0  0
20.375  0.345575  0  0
20.375  0.376991  0  0
20.375  0.408407  0  0
20.375  0.439823  0  0
20.375  0.471239  0  0
20.375  0.502655  0  0
20.375  0.534071  0  0
20.375  0.565487  0  0
20.375  0.596903  0  0
20.375  0.628319  9.09091  3.01511
20.375  0.659734  78.7234  8.87262
20.375  0.69115  100  10
20.375  0.722566  92.3077  9.60769
20.375  0.753982  97.9167  9.89529
20.375  0.785398  84.8485  9.21132
20.375  0.816814  92.0455  9.59403
20.375  0.84823  96.4706  9.82194
20.375  0.879646  94.8052  9.7368
20.375  0.911062  93.6842  9.67906
20.375  0.942478  92.7711  9.63177
20.375  0.973894  95.4023  9.76741
20.375  1.00531  91.8919  9.58603
20.375  1.03673  93.2432  9.65625
20.375  1.06814  97.0588  9.85184
20.375  1.09956  98.1818  9.90867
20.375  1.13097  96.2264  9.80951
20.375  1.16239  95.3125  9.76281
20.375  1.19381  98.6111  9.93031
20.375  1.22522  100  10
20.375  1.25664  97.8723  9.89305
20.375  1.28805  100  10
20.375  1.31947  100  10
20.375  1.35088  98  9.89949
20.375  1.3823  100  10
20.375  1.41372  100  10
20.375  1.44513  100  10
20.375  1.47655  97.8261  9.89071
20.375  1.50796  100  10
20.375  1.53938  100  10
20.375  1.5708  100  10
20.375  1.60221  100  10
20.375  1.63363  100  10
20.375  1.66504  95.7143  9.78337
20.375  1.69646  100  10
20.375  1.72788  100  10
20.375  1.75929  98.2143  9.91031
20.375  1.79071  98.2143  9.91031
20.375  1.82212  100  10
20.375  1.85354  98.3607  9.91769
20.375  1.88496  97.0149  9.84962
20.375  1.91637  98.2759  9.91342
20.375  1.94779  96.6102  9.82905
20.375  1.9792  93.2203  9.65507
20.375  2.01062  94.7368  9.73329
20.375  2.04204  94.5455  9.72345
20.375  2.07345  90.1639  9.49547
20.375  2.10487  94.2308  9.70725
20.375  2.13628  92.1875  9.60143
20.375  2.1677  93.0556  9.64653
20.375  2.19911  90.6667  9.5219
20.375  2.23053  89.0244  9.43527
20.375  2.26195  98.7952  9.93958
20.375  2.29336  93.1507  9.65146
20.375  2.32478  89.2308  9.4462
20.375  2.35619  89.0625  9.43729
20.375  2.38761  95.7143  9.78337
20.375  2.41903  85.7143  9.2582
20.375  2.45044  78.0488  8.83452
20.375  2.48186  12.8205  3.58057
20.375  2.51327  3.0303  1.74078
20.375  2.54469  0  0
20.375  2.57611  0  0
20.375  2.60752  0  0
20.375  2.63894  0  0
20.375  2.67035  0  0
20.375  2.70177  0  0
20.375  2.73319  0  0
20.375  2.7646  0  0
20.375  2.79602  0  0
20.375  2.82743  0  0
20.375  2.85885  0  0
20.375  2.89027  0  0
20.375  2.92168  0  0
20.375  2.9531  0  0
20.375  2.98451  0  0
20.375  3.01593  0  0
20.375  3.04734  0  0
20.375  3.07876  0  0
20.375  3.11018  0  0
20.5  0  0  0
20.5  0.0314159  0  0
20.5  0.0628319  0  0
20.5  0.0942478  0  0
20.5  0.125664  0  0
20.5  0.15708  0  0
20.5  0.188496  0  0
20.5  0.219911  0  0
20.5  0.251327  0  0
20.5  0.282743  0  0
20.5  0.314159  0  0
20.5  0.345575  0  0
20.5  0.376991  0  0
20.5  0.408407  0  0
20.5  0.439823  0  0
20.5  0.471239  0  0
20.5  0.502655  0  0
20.5  0.534071  0  0
20.5  0.565487  0  0
20.5  0.596903  0  0
20.5  0.628319  21.0526  4.58831
20.5  0.659734  79.0698  8.89212
20.5  0.69115  81.6667  9.03696
20.5  0.722566  89.1304  9.44089
20.5  0.753982  83.9286  9.16125
20.5  0.785398  91.8033  9.5814
20.5  0.816814  95.7746  9.78645
20.5  0.84823  87.0968  9.33257
20.5  0.879646  91.25  9.55249
20.5  0.911062  94.5205  9.72217
20.5  0.942478  86.3636  9.2932
20.5  0.973894  96.1039  9.80326
20.5  1.00531  87.1429  9.33503
20.5  1.03673  100  10
20.5  1.06814  95.5882  9.77692
20.5  1.09956  95.2381  9.759
20.5  1.13097  95.1613  9.75506
20.5  1.16239  96.9231  9.84495
20.5  1.19381  96.875  9.84251
20.5  1.22522  97.7778  9.88826
20.5  1.25664  96.6102  9.82905
20.5  1.28805  100  10
20.5  1.31947  98.2456  9.91189
20.5  1.35088  96.8254  9.83999
20.5  1.3823  98.1481  9.90697
20.5  1.41372  100  10
20.5  1.44513  98.0392  9.90148
20.5  1.47655  100  10
20.5  1.50796  100  10
20.5  1.53938  98.0769  9.90338
20.5  1.5708  100  10
20.5  1.60221  100  10
20.5  1.63363  100  10
20.5  1.66504  100  10
20.5  1.69646  100  10
20.5  1.72788  100  10
20.5  1.75929  100  10
20.5  1.79071  95.8333  9.78945
20.5  1.82212  100  10
20.5  1.85354  98.5714  9.92831
20.5  1.88496  91.0714  9.54314
20.5  1.91637  96.5517  9.82607
20.5  1.94779  95.082  9.751
20.5  1.9792  96.6102  9.82905
20.5  2.01062  98.1481  9.90697
20.5  2.04204  98.3051  9.91489
20.5  2.07345  95.6522  9.78019
20.5  2.10487  94.2029  9.70582
20.5  2.13628  88.7324  9.41979
20.5  2.1677  95.8333  9.78945
20.5  2.19911  91.5493  9.56814
20.5  2.23053  91.6667  9.57427
20.5  2.26195  92.5  9.61769
20.5  2.29336  92  9.59166
20.5  2.32478  86.4198  9.29622
20.5  2.35619  88.4058  9.40244
20.5  2.38761  85.3659  9.23936
20.5  2.41903  84.6154  9.19866
20.5  2.45044  72.093  8.49076
20.5  2.48186  29.5455  5.43557
20.5  2.51327  3.125  1.76777
20.5  2.54469  0  0
20.5  2.57611  0  0
20.5  2.60752  0  0
20.5  2.63894  0  0
20.5  2.67035  0  0
20.5  2.70177  0  0
20.5  2.73319  0  0
20.5  2.7646  0  0
20.5  2.79602  0  0
20.5  2.82743  0  0
20.5  2.85885  0  0
20.5  2.89027  0  0
20.5  2.92168  0  0
20.5  2.9531  0  0
20.5  2.98451  0  0
20.5  3.01593  0  0
20.5  3.04734  0  0
20.5  3.07876  0  0
20.5  3.11018  0  0
20.625  0  0  0
20.625  0.0314159  0  0
20.625  0.0628319  0  0
20.625  0.0942478  0  0
20.625  0.125664  0  0
20.625  0.15708  0  0
20.625  0.188496  0  0
20.625  0.219911  0  0
20.625  0.251327  0  0
20.625  0.282743  0  0
20.625  0.314159  0  0
20.625  0.345575  0  0
20.625  0.376991  0  0
20.625  0.408407  0  0
20.625  0.439823  0  0
20.625  0.471239  0  0
20.625  0.502655  0  0
20.625  0.534071  0  0
20.625  0.565487  0  0
20.625  0.596903  0  0
20.625  0.628319  38.0952  6.17213
20.625  0.659734  91.4894  9.56501
20.625  0.69115  91.3793  9.55925
20.625  0.722566  94.2308  9.70725
20.625  0.753982  87.931  9.37715
20.625  0.785398  92.1053  9.59715
20.625  0.816814  92.8571  9.63624
20.625  0.84823  94.3662  9.71423
20.625  0.879646  85.9649  9.27173
20.625  0.911062  89.1892  9.444
20.625  0.942478  93.6508  9.67733
20.625  0.973894  91.6667  9.57427
20.625  1.00531  91.1111  9.54521
20.625  1.03673  96.2025  9.80829
20.625  1.06814  96.6102  9.82905
20.625  1.09956  96.9231  9.84495
20.625  1.13097  98.3871  9.91903
20.625  1.16239  98.0392  9.90148
20.625  1.19381  96.2963  9.81307
20.625  1.22522  95.1613  9.75506
20.625  1.25664  100  10
20.625  1.28805  100  10
20.625  1.31947  98.3607  9.91769
20.625  1.35088  96.8254  9.83999
20.625  1.3823  98.4848  9.92395
20.625  1.41372  100  10
20.625  1.44513  96.6102  9.82905
20.625  1.47655  100  10
20.625  1.50796  97.561  9.8773
20.625  1.53938  100  10
20.625  1.5708  97.2222  9.86013
20.625  1.60221  100  10
20.625  1.63363  100  10
20.625  1.66504  97.0588  9.85184
20.625  1.69646  98.3607  9.91769
20.625  1.72788  93.8776  9.68904
20.625  1.75929  98  9.89949
20.625  1.79071  98.2143  9.91031
20.625  1.82212  100  10
20.625  1.85354  98.3051  9.91489
20.625  1.88496  97.9167  9.89529
20.625  1.91637  95.9459  9.7952
20.625  1.94779  96.4286  9.81981
20.625  1.9792  96.0784  9.80196
20.625  2.01062  97.1429  9.85611
20.625  2.04204  98.1818  9.90867
20.625  2.07345  89.7059  9.47132
20.625  2.10487  98.4127  9.92032
20.625  2.13628  92.5  9.61769
20.625  2.1677  97.0149  9.84962
20.625  2.19911  97.2603  9.86206
20.625  2.23053  95.7447  9.78492
20.625  2.26195  90.9091  9.53463
20.625  2.29336  92  9.59166
20.625  2.32478  94.0299  9.6969
20.625  2.35619  85.7143  9.2582
20.625  2.38761  86.7925  9.31625
20.625  2.41903  92.5  9.61769
20.625  2.45044  83.3333  9.12871
20.625  2.48186  36.3636  6.03023
20.625  2.51327  0  0
20.625  2.54469  0  0
20.625  2.57611  0  0
20.625  2.60752  0  0
20.625  2.63894  0  0
20.625  2.67035  0  0
20.625  2.70177  0  0
20.625  2.73319  0  0
20.625  2.7646  0  0
20.625  2.79602  0  0
20.625  2.82743  0  0
20.625  2.85885  0  0
20.625  2.89027  0  0
20.625  2.92168  0  0
20.625  2.9531  0  0
20.625  2.98451  0  0
20.625  3.01593  0  0
20.625  3.04734  0  0
20.625  3.07876  0  0
20.625  3.11018  0  0
20.75  0  0  0
20.75  0.0314159  0  0
20.75  0.0628319  0  0
20.75  0.0942478  0  0
20.75  0.125664  0  0
20.75  0.15708  0  0
20.75  0.188496  0  0
20.75  0.219911  0  0
20.75  0.251327  0  0
20.75  0.282743  0  0
20.75  0.314159  0  0
20.75  0.345575  0  0
20.75  0.376991  0  0
20.75  0.408407  0  0
20.75  0.439823  0  0
20.75  0.471239  0  0
20.75  0.502655  0  0
20.75  0.534071  0  0
20.75  0.565487  0  0
20.75  0.596903  0  0
20.75  0.628319  42.3077  6.50444
20.75  0.659734  94.1176  9.70143
20.75  0.69115  82.9787  9.10927
20.75  0.722566  87.5  9.35414
20.75  0.753982  88.1356  9.38806
20.75  0.785398  90.411  9.50847
20.75  0.816814  90.5882  9.51779
20.75  0.84823  92.8571  9.63624
20.75  0.879646  89.6907  9.47052
20.75  0.911062  96.1538  9.80581
20.75  0.942478  97.5  9.87421
20.75  0.973894  94.2029  9.70582
20.75  1.00531  94.4444  9.71825
20.75  1.03673  96.9697  9.84732
20.75  1.06814  86.2069  9.28477
20.75  1.09956  93.0556  9.64653
20.75  1.13097  98.2759  9.91342
20.75  1.16239  98.3607  9.91769
20.75  1.19381  94.8276  9.73795
20.75  1.22522  94.7368  9.73329
20.75  1.25664  98.0769  9.90338
20.75  1.28805  100  10
20.75  1.31947  98.0392  9.90148
20.75  1.35088  96.6102  9.82905
20.75  1.3823  97.6744  9.88304
20.75  1.41372  98.1818  9.90867
20.75  1.44513  94.5455  9.72345
20.75  1.47655  100  10
20.75  1.50796  100  10
20.75  1.53938  100  10
20.75  1.5708  100  10
20.75  1.60221  100  10
20.75  1.63363  96.0784  9.80196
20.75  1.66504  100  10
20.75  1.69646  98.5075  9.92509
20.75  1.72788  97.6744  9.88304
20.75  1.75929  98.3051  9.91489
20.75  1.79071  100  10
20.75  1.82212  97.561  9.8773
20.75  1.85354  96.5517  9.82607
20.75  1.88496  94.4444  9.71825
20.75  1.91637  96.5517  9.82607
20.75  1.94779  93.8776  9.68904
20.75  1.9792  93.5484  9.67204
20.75  2.01062  96.6102  9.82905
20.75  2.04204  95.1613  9.75506
20.75  2.07345  95.8333  9.78945
20.75  2.10487  92.8571  9.63624
20.75  2.13628  93.8462  9.68742
20.75  2.1677  96.1538  9.80581
20.75  2.19911  90.3226  9.50382
20.75  2.23053  94.8052  9.7368
20.75  2.26195  92.8571  9.63624
20.75  2.29336  93.2203  9.65507
20.75  2.32478  91.5254  9.56689
20.75  2.35619  81.25  9.01388
20.75  2.38761  88.2353  9.39336
20.75  2.41903  88  9.38083
20.75  2.45044  88.5714  9.41124
20.75  2.48186  55.1724  7.42781
20.75  2.51327  3.7037  1.9245
20.75  2.54469  0  0
20.75  2.57611  0  0
20.75  2.60752  0  0
20.75  2.63894  0  0
20.75  2.67035  0  0
20.75  2.70177  0  0
20.75  2.73319  0  0
20.75  2.7646  0  0
20.75  2.79602  0  0
20.75  2.82743  0  0
20.75  2.85885  0  0
20.75  2.89027  0  0
20.75  2.92168  0  0
20.75  2.9531  0  0
20.75  2.98451  0  0
20.75  3.01593  0  0
20.75  3.04734  0  0
20.75  3.07876  0  0
20.75  3.11018  0  0
20.875  0  0  0
20.875  0.0314159  0  0
20.875  0.0628319  0  0
20.875  0.0942478  0  0
20.875  0.125664  0  0
20.875  0.15708  0  0
20.875  0.188496  0  0
20.875  0.219911  0  0
20.875  0.251327  0  0
20.875  0.282743  0  0
20.875  0.314159  0  0
20.875  0.345575  0  0
20.875  0.376991  0  0
20.875  0.408407  0  0
20.875  0.439823  0  0
20.875  0.471239  0  0
20.875  0.502655  0  0
20.875  0.534071  0  0
20.875  0.565487  0  0
20.875  0.596903  0  0
20.875  0.628319  65.7143  8.10643
20.875  0.659734  90.1961  9.49716
20.875  0.69115  82.4561  9.08054
20.875  0.722566  88.3333  9.39858
20.875  0.753982  90.9091  9.53463
20.875  0.785398  100  10
20.875  0.816814  93.0556  9.64653
20.875  0.84823  91.358  9.55814
20.875  0.879646  88.0952  9.38591
20.875  0.911062  93.1507  9.65146
20.875  0.942478  93.4211  9.66546
20.875  0.973894  91.5663  9.56903
20.875  1.00531  93.5065  9.66988
20.875  1.03673  94.4444  9.71825
20.875  1.06814  94.6429  9.72846
20.875  1.09956  95.5882  9.77692
20.875  1.13097  95.5882  9.77692
20.875  1.16239  94.1176  9.70143
20.875  1.19381  97.0149  9.84962
20.875  1.22522  96.8254  9.83999
20.875  1.25664  96.5517  9.82607
20.875  1.28805  95.2381  9.759
20.875  1.31947  100  10
20.875  1.35088  98.2759  9.91342
20.875  1.3823  100  10
20.875  1.41372  98.3607  9.91769
20.875  1.44513  100  10
20.875  1.47655  100  10
20.875  1.50796  100  10
20.875  1.53938  100  10
20.875  1.5708  100  10
20.875  1.60221  100  10
20.875  1.63363  100  10
20.875  1.66504  100  10
20.875  1.69646  100  10
20.875  1.72788  97.9592  9.89743
20.875  1.75929  98.0392  9.90148
20.875  1.79071  100  10
20.875  1.82212  100  10
20.875  1.85354  93.617  9.67559
20.875  1.88496  96.4912  9.82299
20.875  1.91637  97.9167  9.89529
20.875  1.94779  100  10
20.875  1.9792  96  9.79796
20.875  2.01062  96.8254  9.83999
20.875  2.04204  98.2456  9.91189
20.875  2.07345  95.5882  9.77692
20.875  2.10487  98.6301  9.93127
20.875  2.13628  100  10
20.875  2.1677  96.7742  9.83739
20.875  2.19911  98.6842  9.93399
20.875  2.23053  91.7647  9.57939
20.875  2.26195  88.1579  9.38924
20.875  2.29336  91.25  9.55249
20.875  2.32478  83.6066  9.14366
20.875  2.35619  88.2353  9.39336
20.875  2.38761  87.2727  9.34199
20.875  2.41903  89.1304  9.44089
20.875  2.45044  91.4894  9.56501
20.875  2.48186  54.3478  7.3721
20.875  2.51327  2.77778  1.66667
20.875  2.54469  0  0
20.875  2.57611  0  0
20.875  2.60752  0  0
20.875  2.63894  0  0
20.875  2.67035  0  0
20.875  2.70177  0  0
20.875  2.73319  0  0
20.875  2.7646  0  0
20.875  2.79602  0  0
20.875  2.82743  0  0
20.875  2.85885  0  0
20.875  2.89027  0  0
20.875  2.92168  0  0
20.875  2.9531  0  0
20.875  2.98451  0  0
20.875  3.01593  0  0
20.875  3.04734  0  0
20.875  3.07876  0  0
20.875  3.11018  0  0
21  0  0  0
21  0.0314159  0  0
21  0.0628319  0  0
21  0.0942478  0  0
21  0.125664  0  0
21  0.15708  0  0
21  0.188496  0  0
21  0.219911  0  0
21  0.251327  0  0
21  0.282743  0  0
21  0.314159  0  0
21  0.345575  0  0
21  0.376991  0  0
21  0.408407  0  0
21  0.439823  0  0
21  0.471239  0  0
21  0.502655  0  0
21  0.534071  0  0
21  0.565487  0  0
21  0.596903  15.625  3.95285
21  0.628319  76.7442  8.76038
21  0.659734  91.4894  9.56501
21  0.69115  88.8889  9.42809
21  0.722566  88.4615  9.4054
21  0.753982  92.7273  9.6295
21  0.785398  94.0299  9.6969
21  0.816814  86.8421  9.31891
21  0.84823  93.3333  9.66092
21  0.879646  91.6667  9.57427
21  0.911062  87.6543  9.36239
21  0.942478  93.75  9.68246
21  0.973894  98.7342  9.93651
21  1.00531  98.3607  9.91769
21  1.03673  91.4286  9.56183
21  1.06814  89.4737  9.45905
21  1.09956  97.4359  9.87096
21  1.13097  96.4286  9.81981
21  1.16239  91.6667  9.57427
21  1.19381  98  9.89949
21  1.22522  98.1132  9.90521
21  1.25664  100  10
21  1.28805  97.9592  9.89743
21  1.31947  100  10
21  1.35088  98.4375  9.92157
21  1.3823  98.1132  9.90521
21  1.41372  97.8261  9.89071
21  1.44513  100  10
21  1.47655  100  10
21  1.50796  100  10
21  1.53938  100  10
21  1.5708  100  10
21  1.60221  100  10
21  1.63363  100  10
21  1.66504  98.3871  9.91903
21  1.69646  100  10
21  1.72788  97.9592  9.89743
21  1.75929  100  10
21  1.79071  95.9184  9.79379
21  1.82212  98.3333  9.91632
21  1.85354  97.2973  9.86394
21  1.88496  98.3607  9.91769
21  1.91637  98.4375  9.92157
21  1.94779  96  9.79796
21  1.9792  95.6522  9.78019
21  2.01062  97.0588  9.85184
21  2.04204  95  9.74679
21  2.07345  90.7692  9.52729
21  2.10487  96.6102  9.82905
21  2.13628  92.8571  9.63624
21  2.1677  98.4848  9.92395
21  2.19911  95.8904  9.79236
21  2.23053  95.9459  9.7952
21  2.26195  94.4444  9.71825
21  2.29336  94.5946  9.72598
21  2.32478  84.3137  9.18225
21  2.35619  91.0714  9.54314
21  2.38761  87.037  9.32936
21  2.41903  91.1765  9.54864
21  2.45044  92  9.59166
21  2.48186  80.5556  8.97527
21  2.51327  21.875  4.67707
21  2.54469  0  0
21  2.57611  4  2
21  2.60752  0  0
21  2.63894  0  0
21  2.67035  0  0
21  2.70177  0  0
21  2.73319  0  0
21  2.7646  0  0
21  2.79602  0  0
21  2.82743  0  0
21  2.85885  0  0
21  2.89027  0  0
21  2.92168  0  0
21  2.9531  0  0
21  2.98451  0  0
21  3.01593  0  0
21  3.04734  0  0
21  3.07876  0  0
21  3.11018  0  0
21.125  0  0  0
21.125  0.0314159  0  0
21.125  0.0628319  0  0
21.125  0.0942478  0  0
21.125  0.125664  0  0
21.125  0.15708  0  0
21.125  0.188496  0  0
21.125  0.219911  0  0
21.125  0.251327  0  0
21.125  0.282743  0  0
21.125  0.314159  0  0
21.125  0.345575  0  0
21.125  0.376991  0  0
21.125  0.408407  0  0
21.125  0.439823  0  0
21.125  0.471239  0  0
21.125  0.502655  0  0
21.125  0.534071  0  0
21.125  0.565487  0  0
21.125  0.596903  21.2121  4.60566
21.125  0.628319  82.8571  9.10259
21.125  0.659734  89.5833  9.46485
21.125  0.69115  92.5926  9.6225
21.125  0.722566  94.1176  9.70143
21.125  0.753982  87.0968  9.33257
21.125  0.785398  82.8571  9.10259
21.125  0.816814  92.8571  9.63624
21.125  0.84823  93.9394  9.69223
21.125  0.879646  91.5493  9.56814
21.125  0.911062  95.082  9.751
21.125  0.942478  95.7143  9.78337
21.125  0.973894  95.122  9.75305
21.125  1.00531  89.0625  9.43729
21.125  1.03673  98.1818  9.90867
21.125  1.06814  96.2264  9.80951
21.125  1.09956  97.561  9.8773
21.125  1.13097  98.1818  9.90867
21.125  1.16239  100  10
21.125  1.19381  98.5075  9.92509
21.125  1.22522  95.5882  9.77692
21.125  1.25664  95.1613  9.75506
21.125  1.28805  100  10
21.125  1.31947  98.2456  9.91189
21.125  1.35088  100  10
21.125  1.3823  100  10
21.125  1.41372  98.4848  9.92395
21.125  1.44513  97.8261  9.89071
21.125  1.47655  98  9.89949
21.125  1.50796  100  10
21.125  1.53938  100  10
21.125  1.5708  100  10
21.125  1.60221  100  10
21.125  1.63363  100  10
21.125  1.66504  98.3333  9.91632
21.125  1.69646  100  10
21.125  1.72788  93.3333  9.66092
21.125  1.75929  100  10
21.125  1.79071  96  9.79796
21.125  1.82212  96.1538  9.80581
21.125  1.85354  95.082  9.751
21.125  1.88496  97.8261  9.89071
21.125  1.91637  94.5946  9.72598
21.125  1.94779  97.1831  9.85815
21.125  1.9792  96.3636  9.8165
21.125  2.01062  98.0769  9.90338
21.125  2.04204  93.9394  9.69223
21.125  2.07345  96.9231  9.84495
21.125  2.10487  94.6667  9.72968
21.125  2.13628  95.8333  9.78945
21.125  2.1677  90.9091  9.53463
21.125  2.19911  94.3662  9.71423
21.125  2.23053  94.1176  9.70143
21.125  2.26195  92  9.59166
21.125  2.29336  87.0968  9.33257
21.125  2.32478  93.1034  9.64901
21.125  2.35619  93.2203  9.65507
21.125  2.38761  89.7959  9.47607
21.125  2.41903  92.8571  9.63624
21.125  2.45044  86.3636  9.2932
21.125  2.48186  75.6098  8.69539
21.125  2.51327  14.2857  3.77964
21.125  2.54469  3.57143  1.88982
21.125  2.57611  0  0
21.125  2.60752  0  0
21.125  2.63894  0  0
21.125  2.67035  0  0
21.125  2.70177  0  0
21.125  2.73319  0  0
21.125  2.7646  0  0
21.125  2.79602  0  0
21.125  2.82743  0  0
21.125  2.85885  0  0
21.125  2.89027  0  0
21.125  2.92168  0  0
21.125  2.9531  0  0
21.125  2.98451  0  0
21.125  3.01593  0  0
21.125  3.04734  0  0
21.125  3.07876  0  0
21.125  3.11018  0  0
21.25  0  0  0
21.25  0.0314159  0  0
21.25  0.0628319  0  0
21.25  0.0942478  0  0
21.25  0.125664  0  0
21.25  0.15708  0  0
21.25  0.188496  0  0
21.25  0.219911  0  0
21.25  0.251327  0  0
21.25  0.282743  0  0
21.25  0.314159  0  0
21.25  0.345575  0  0
21.25  0.376991  0  0
21.25  0.408407  0  0
21.25  0.439823  0  0
21.25  0.471239  0  0
21.25  0.502655  0  0
21.25  0.534071  0  0
21.25  0.565487  3.125  1.76777
21.25  0.596903  43.2432  6.57596
21.25  0.628319  93.0233  9.64486
21.25  0.659734  85  9.21954
21.25  0.69115  80.8511  8.99172
21.25  0.722566  92.1569  9.59984
21.25  0.753982  89.0411  9.43616
21.25  0.785398  95.3846  9.7665
21.25  0.816814  90.3614  9.50586
21.25  0.84823  91.8919  9.58603
21.25  0.879646  94.8718  9.74022
21.25  0.911062  96.0526  9.80064
21.25  0.942478  95.4545  9.77008
21.25  0.973894  90.9091  9.53463
21.25  1.00531  95.4023  9.76741
21.25  1.03673  96.0526  9.80064
21.25  1.06814  94.3396  9.71286
21.25  1.09956  83.0508  9.11322
21.25  1.13097  96.7742  9.83739
21.25  1.16239  98.4615  9.92278
21.25  1.19381  93.1818  9.65307
21.25  1.22522  90.1961  9.49716
21.25  1.25664  96.9697  9.84732
21.25  1.28805  98.3871  9.91903
21.25  1.31947  97.4359  9.87096
21.25  1.35088  94.2308  9.70725
21.25  1.3823  98.4848  9.92395
21.25  1.41372  91.8919  9.58603
21.25  1.44513  98.0769  9.90338
21.25  1.47655  100  10
21.25  1.50796  100  10
21.25  1.53938  100  10
21.25  1.5708  98.0392  9.90148
21.25  1.60221  100  10
21.25  1.63363  98.1481  9.90697
21.25  1.66504  97.9167  9.89529
21.25  1.69646  100  10
21.25  1.72788  100  10
21.25  1.75929  100  10
21.25  1.79071  95.9184  9.79379
21.25  1.82212  95.3125  9.76281
21.25  1.85354  98.1818  9.90867
21.25  1.88496  100  10
21.25  1.91637  95.7143  9.78337
21.25  1.94779  96.6667  9.83192
21.25  1.9792  91.0714  9.54314
21.25  2.01062  93.75  9.68246
21.25  2.04204  95.7143  9.78337
21.25  2.07345  92.2078  9.60249
21.25  2.10487  96.7213  9.8347
21.25  2.13628  90.6667  9.5219
21.25  2.1677  93.1034  9.64901
21.25  2.19911  96.5116  9.82403
21.25  2.23053  93.4211  9.66546
21.25  2.26195  94.2029  9.70582
21.25  2.29336  92.8571  9.63624
21.25  2.32478  91.3043  9.55533
21.25  2.35619  94.7368  9.73329
21.25  2.38761  87.037  9.32936
21.25  2.41903  82.2222  9.06765
21.25  2.45044  88.3721  9.40064
21.25  2.48186  89.4737  9.45905
21.25  2.51327  41.8605  6.46997
21.25  2.54469  3.0303  1.74078
21.25  2.57611  0  0
21.25  2.60752  0  0
21.25  2.63894  0  0
21.25  2.67035  0  0
21.25  2.70177  0  0
21.25  2.73319  0  0
21.25  2.7646  0  0
21.25  2.79602  0  0
21.25  2.82743  0  0
21.25  2.85885  0  0
21.25  2.89027  0  0
21.25  2.92168  0  0
21.25  2.9531  0  0
21.25  2.98451  0  0
21.25  3.01593  0  0
21.25  3.04734  0  0
21.25  3.07876  0  0
21.25  3.11018  0  0
21.375  0  0  0
21.375  0.0314159  0  0
21.375  0.0628319  0  0
21.375  0.0942478  0  0
21.375  0.125664  0  0
21.375  0.15708  0  0
21.375  0.188496  0  0
21.375  0.219911  0  0
21.375  0.251327  0  0
21.375  0.282743  0  0
21.375  0.314159  0  0
21.375  0.345575  0  0
21.375  0.376991  0  0
21.375  0.408407  0  0
21.375  0.439823  0  0
21.375  0.471239  0  0
21.375  0.502655  0  0
21.375  0.534071  0  0
21.375  0.565487  5.40541  2.32495
21.375  0.596903  66.6667  8.16497
21.375  0.628319  97.4359  9.87096
21.375  0.659734  90.3226  9.50382
21.375  0.69115  85.7143  9.2582
21.375  0.722566  89.4737  9.45905
21.375  0.753982  86.0465  9.27613
21.375  0.785398  95.2381  9.759
21.375  0.816814  88.2353  9.39336
21.375  0.84823  95.122  9.75305
21.375  0.879646  87.6923  9.36442
21.375  0.911062  90.7692  9.52729
21.375  0.942478  95.8333  9.78945
21.375  0.973894  91.5493  9.56814
21.375  1.00531  95.1613  9.75506
21.375  1.03673  96.6102  9.82905
21.375  1.06814  95.1613  9.75506
21.375  1.09956  95  9.74679
21.375  1.13097  93.6508  9.67733
21.375  1.16239  95.4545  9.77008
21.375  1.19381  100  10
21.375  1.22522  96.3636  9.8165
21.375  1.25664  98.0392  9.90148
21.375  1.28805  98.6667  9.93311
21.375  1.31947  100  10
21.375  1.35088  100  10
21.375  1.3823  100  10
21.375  1.41372  97.7273  9.88571
21.375  1.44513  100  10
21.375  1.47655  100  10
21.375  1.50796  100  10
21.375  1.53938  100  10
21.375  1.5708  100  10
21.375  1.60221  96.2963  9.81307
21.375  1.63363  100  10
21.375  1.66504  100  10
21.375  1.69646  100  10
21.375  1.72788  98.3607  9.91769
21.375  1.75929  100  10
21.375  1.79071  98.1818  9.90867
21.375  1.82212  96  9.79796
21.375  1.85354  100  10
21.375  1.88496  100  10
21.375  1.91637  98.3607  9.91769
21.375  1.94779  98.1132  9.90521
21.375  1.9792  94.6429  9.72846
21.375  2.01062  90.7692  9.52729
21.375  2.04204  92.0635  9.59497
21.375  2.07345  92.3077  9.60769
21.375  2.10487  93.4211  9.66546
21.375  2.13628  92.8571  9.63624
21.375  2.1677  89.0411  9.43616
21.375  2.19911  92.6829  9.6272
21.375  2.23053  93.3333  9.66092
21.375  2.26195  95.9459  9.7952
21.375  2.29336  93.0556  9.64653
21.375  2.32478  94.4444  9.71825
21.375  2.35619  88.6792  9.41697
21.375  2.38761  83.6735  9.14732
21.375  2.41903  82  9.05539
21.375  2.45044  92.8571  9.63624
21.375  2.48186  88.5714  9.41124
21.375  2.51327  64  8
21.375  2.54469  9.67742  3.11086
21.375  2.57611  0  0
21.375  2.60752  0  0
21.375  2.63894  0  0
21.375  2.67035  0  0
21.375  2.70177  0  0
21.375  2.73319  0  0
21.375  2.7646  0  0
21.375  2.79602  0  0
21.375  2.82743  0  0
21.375  2.85885  0  0
21.375  2.89027  0  0
21.375  2.92168  0  0
21.375  2.9531  0  0
21.375  2.98451  0  0
21.375  3.01593  0  0
21.375  3.04734  0  0
21.375  3.07876  0  0
21.375  3.11018  0  0
21.5  0  0  0
21.5  0.0314159  0  0
21.5  0.0628319  0  0
21.5  0.0942478  0  0
21.5  0.125664  0  0
21.5  0.15708  0  0
21.5  0.188496  0  0
21.5  0.219911  0  0
21.5  0.251327  0  0
21.5  0.282743  0  0
21.5  0.314159  0  0
21.5  0.345575  0  0
21.5  0.376991  0  0
21.5  0.408407  0  0
21.5  0.439823  0  0
21.5  0.471239  0  0
21.5  0.502655  0  0
21.5  0.534071  0  0
21.5  0.565487  13.7931  3.71391
21.5  0.596903  76.1905  8.72872
21.5  0.628319  93.75  9.68246
21.5  0.659734  88.8889  9.42809
21.5  0.69115  86.7925  9.31625
21.5  0.722566  88.1356  9.38806
21.5  0.753982  95.6522  9.78019
21.5  0.785398  88.3333  9.39858
21.5  0.816814  83.8235  9.15552
21.5  0.84823  94.2857  9.71008
21.5  0.879646  91.8367  9.58315
21.5  0.911062  93.3333  9.66092
21.5  0.942478  96  9.79796
21.5  0.973894  96.7213  9.8347
21.5  1.00531  91.2281  9.55134
21.5  1.03673  98.7013  9.93485
21.5  1.06814  98.3871  9.91903
21.5  1.09956  93.75  9.68246
21.5  1.13097  92.5373  9.61963
21.5  1.16239  97.9592  9.89743
21.5  1.19381  98.1818  9.90867
21.5  1.22522  94  9.69536
21.5  1.25664  98.5075  9.92509
21.5  1.28805  98.3607  9.91769
21.5  1.31947  100  10
21.5  1.35088  100  10
21.5  1.3823  100  10
21.5  1.41372  100  10
21.5  1.44513  96.5517  9.82607
21.5  1.47655  100  10
21.5  1.50796  100  10
21.5  1.53938  100  10
21.5  1.5708  98.0392  9.90148
21.5  1.60221  98.1481  9.90697
21.5  1.63363  100  10
21.5  1.66504  100  10
21.5  1.69646  100  10
21.5  1.72788  97.7778  9.88826
21.5  1.75929  100  10
21.5  1.79071  98.3871  9.91903
21.5  1.82212  95.4545  9.77008
21.5  1.85354  96.9231  9.84495
21.5  1.88496  100  10
21.5  1.91637  100  10
21.5  1.94779  93.6508  9.67733
21.5  1.9792  94.1176  9.70143
21.5  2.01062  100  10
21.5  2.04204  97.2603  9.86206
21.5  2.07345  93.4426  9.66657
21.5  2.10487  95.3846  9.7665
21.5  2.13628  93.9024  9.69033
21.5  2.1677  95.122  9.75305
21.5  2.19911  92.0455  9.59403
21.5  2.23053  91.3043  9.55533
21.5  2.26195  89.7059  9.47132
21.5  2.29336  93.0233  9.64486
21.5  2.32478  96.8254  9.83999
21.5  2.35619  92.7536  9.63087
21.5  2.38761  80.3922  8.96617
21.5  2.41903  77.7778  8.81917
21.5  2.45044  90.6977  9.52353
21.5  2.48186  92.1053  9.59715
21.5  2.51327  62.069  7.87839
21.5  2.54469  12.5  3.53553
21.5  2.57611  0  0
21.5  2.60752  0  0
21.5  2.63894  0  0
21.5  2.67035  0  0
21.5  2.70177  0  0
21.5  2.73319  0  0
21.5  2.7646  0  0
21.5  2.79602  0  0
21.5  2.82743  0  0
21.5  2.85885  0  0
21.5  2.89027  0  0
21.5  2.92168  0  0
21.5  2.9531  0  0
21.5  2.98451  0  0
21.5  3.01593  0  0
21.5  3.04734  0  0
21.5  3.07876  0  0
21.5  3.11018  0  0
21.625  0  0  0
21.625  0.0314159  0  0
21.625  0.0628319  0  0
21.625  0.0942478  0  0
21.625  0.125664  0  0
21.625  0.15708  0  0
21.625  0.188496  0  0
21.625  0.219911  0  0
21.625  0.251327  0  0
21.625  0.282743  0  0
21.625  0.314159  0  0
21.625  0.345575  0  0
21.625  0.376991  0  0
21.625  0.408407  0  0
21.625  0.439823  0  0
21.625  0.471239  0  0
21.625  0.502655  0  0
21.625  0.534071  0  0
21.625  0.565487  23.3333  4.83046
21.625  0.596903  76.6667  8.75595
21.625  0.628319  76.087  8.72278
21.625  0.659734  86.4865  9.29981
21.625  0.69115  92.6829  9.6272
21.625  0.722566  87.2727  9.34199
21.625  0.753982  94.9153  9.74245
21.625  0.785398  92.8571  9.63624
21.625  0.816814  85.1351  9.22687
21.625  0.84823  90.9091  9.53463
21.625  0.879646  95.8333  9.78945
21.625  0.911062  91.5663  9.56903
21.625  0.942478  95.4023  9.76741
21.625  0.973894  93.0556  9.64653
21.625  1.00531  98.5915  9.92933
21.625  1.03673  94.5205  9.72217
21.625  1.06814  91.2281  9.55134
21.625  1.09956  98.5714  9.92831
21.625  1.13097  96.6667  9.83192
21.625  1.16239  93.3333  9.66092
21.625  1.19381  100  10
21.625  1.22522  90.6977  9.52353
21.625  1.25664  98.2759  9.91342
21.625  1.28805  92.9825  9.64274
21.625  1.31947  98.1481  9.90697
21.625  1.35088  100  10
21.625  1.3823  100  10
21.625  1.41372  98.1481  9.90697
21.625  1.44513  98.0392  9.90148
21.625  1.47655  100  10
21.625  1.50796  100  10
21.625  1.53938  100  10
21.625  1.5708  100  10
21.625  1.60221  100  10
21.625  1.63363  100  10
21.625  1.66504  100  10
21.625  1.69646  100  10
21.625  1.72788  98.3051  9.91489
21.625  1.75929  95.3125  9.76281
21.625  1.79071  93.1034  9.64901
21.625  1.82212  96.9231  9.84495
21.625  1.85354  100  10
21.625  1.88496  98.0392  9.90148
21.625  1.91637  100  10
21.625  1.94779  97.0588  9.85184
21.625  1.9792  100  10
21.625  2.01062  100  10
21.625  2.04204  95.8333  9.78945
21.625  2.07345  96.6667  9.83192
21.625  2.10487  97.1014  9.85401
21.625  2.13628  96.0526  9.80064
21.625  2.1677  94.9367  9.74355
21.625  2.19911  88.764  9.42147
21.625  2.23053  90  9.48683
21.625  2.26195  94.4444  9.71825
21.625  2.29336  89.8305  9.4779
21.625  2.32478  94.7368  9.73329
21.625  2.35619  95.122  9.75305
21.625  2.38761  94.1176  9.70143
21.625  2.41903  90.9091  9.53463
21.625  2.45044  94  9.69536
21.625  2.48186  85.7143  9.2582
21.625  2.51327  79.1667  8.89757
21.625  2.54469  20  4.47214
21.625  2.57611  0  0
21.625  2.60752  0  0
21.625  2.63894  0  0
21.625  2.67035  0  0
21.625  2.70177  0  0
21.625  2.73319  0  0
21.625  2.7646  0  0
21.625  2.79602  0  0
21.625  2.82743  0  0
21.625  2.85885  0  0
21.625  2.89027  0  0
21.625  2.92168  0  0
21.625  2.9531  0  0
21.625  2.98451  0  0
21.625  3.01593  0  0
21.625  3.04734  0  0
21.625  3.07876  0  0
21.625  3.11018  0  0
21.75  0  0  0
21.75  0.0314159  0  0
21.75  0.0628319  0  0
21.75  0.0942478  0  0
21.75  0.125664  0  0
21.75  0.15708  0  0
21.75  0.188496  0  0
21.75  0.219911  0  0
21.75  0.251327  0  0
21.75  0.282743  0  0
21.75  0.314159  0  0
21.75  0.345575  0  0
21.75  0.376991  0  0
21.75  0.408407  0  0
21.75  0.439823  0  0
21.75  0.471239  0  0
21.75  0.502655  0  0
21.75  0.534071  0  0
21.75  0.565487  30.303  5.50482
21.75  0.596903  76.6667  8.75595
21.75  0.628319  88.0952  9.38591
21.75  0.659734  88.8889  9.42809
21.75  0.69115  93.4783  9.66842
21.75  0.722566  93.4426  9.66657
21.75  0.753982  85.9649  9.27173
21.75  0.785398  93.9394  9.69223
21.75  0.816814  94.3662  9.71423
21.75  0.84823  90.7692  9.52729
21.75  0.879646  89.4118  9.45578
21.75  0.911062  93.2432  9.65625
21.75  0.942478  88.0952  9.38591
21.75  0.973894  95.9459  9.7952
21.75  1.00531  94.4444  9.71825
21.75  1.03673  100  10
21.75  1.06814  93.9759  9.69412
21.75  1.09956  96.3636  9.8165
21.75  1.13097  90.9091  9.53463
21.75  1.16239  95.3488  9.76467
21.75  1.19381  100  10
21.75  1.22522  92  9.59166
21.75  1.25664  96.4912  9.82299
21.75  1.28805  92.4528  9.61524
21.75  1.31947  100  10
21.75  1.35088  98.4375  9.92157
21.75  1.3823  97.8261  9.89071
21.75  1.41372  100  10
21.75  1.44513  98.5075  9.92509
21.75  1.47655  97.9592  9.89743
21.75  1.50796  100  10
21.75  1.53938  100  10
21.75  1.5708  100  10
21.75  1.60221  100  10
21.75  1.63363  97.7778  9.88826
21.75  1.66504  94.9153  9.74245
21.75  1.69646  96.2264  9.80951
21.75  1.72788  100  10
21.75  1.75929  98.0769  9.90338
21.75  1.79071  100  10
21.75  1.82212  100  10
21.75  1.85354  96.5517  9.82607
21.75  1.88496  100  10
21.75  1.91637  95.3125  9.76281
21.75  1.94779  92.3077  9.60769
21.75  1.9792  94.1176  9.70143
21.75  2.01062  95.7447  9.78492
21.75  2.04204  96.2264  9.80951
21.75  2.07345  94.3662  9.71423
21.75  2.10487  94.5946  9.72598
21.75  2.13628  88.3117  9.39743
21.75  2.1677  92.9577  9.64146
21.75  2.19911  92.1053  9.59715
21.75  2.23053  92  9.59166
21.75  2.26195  89.5349  9.46229
21.75  2.29336  94.7368  9.73329
21.75  2.32478  94.9367  9.74355
21.75  2.35619  90  9.48683
21.75  2.38761  86.6667  9.30949
21.75  2.41903  81.8182  9.04534
21.75  2.45044  92.4528  9.61524
21.75  2.48186  82.8571  9.10259
21.75  2.51327  75  8.66025
21.75  2.54469  28.5714  5.34522
21.75  2.57611  2.85714  1.69031
21.75  2.60752  0  0
21.75  2.63894  0  0
21.75  2.67035  0  0
21.75  2.70177  0  0
21.75  2.73319  0  0
21.75  2.7646  0  0
21.75  2.79602  0  0
21.75  2.82743  0  0
21.75  2.85885  0  0
21.75  2.89027  0  0
21.75  2.92168  0  0
21.75  2.9531  0  0
21.75  2.98451  0  0
21.75  3.01593  0  0
21.75  3.04734  0  0
21.75  3.07876  0  0
21.75  3.11018  0  0
21.875  0  0  0
21.875  0.0314159  0  0
21.875  0.0628319  0  0
21.875  0.0942478  0  0
21.875  0.125664  0  0
21.875  0.15708  0  0
21.875  0.188496  0  0
21.875  0.219911  0  0
21.875  0.251327  0  0
21.875  0.282743  0  0
21.875  0.314159  0  0
21.875  0.345575  0  0
21.875  0.376991  0  0
21.875  0.408407  0  0
21.875  0.439823  0  0
21.875  0.471239  0  0
21.875  0.502655  0  0
21.875  0.534071  0  0
21.875  0.565487  50  7.07107
21.875  0.596903  82.9268  9.10642
21.875  0.628319  84.6154  9.19866
21.875  0.659734  84.2105  9.17663
21.875  0.69115  92  9.59166
21.875  0.722566  88.2353  9.39336
21.875  0.753982  92.1569  9.59984
21.875  0.785398  94.9153  9.74245
21.875  0.816814  91.6667  9.57427
21.875  0.84823  96.8254  9.83999
21.875  0.879646  93.1507  9.65146
21.875  0.911062  95.9459  9.7952
21.875  0.942478  90.1639  9.49547
21.875  0.973894  96  9.79796
21.875  1.00531  98.3871  9.91903
21.875  1.03673  96.8254  9.83999
21.875  1.06814  98.3333  9.91632
21.875  1.09956  90.411  9.50847
21.875  1.13097  98  9.89949
21.875  1.16239  100  10
21.875  1.19381  100  10
21.875  1.22522  100  10
21.875  1.25664  90.9091  9.53463
21.875  1.28805  98.3051  9.91489
21.875  1.31947  98.2456  9.91189
21.875  1.35088  100  10
21.875  1.3823  97.9167  9.89529
21.875  1.41372  100  10
21.875  1.44513  100  10
21.875  1.47655  100  10
21.875  1.50796  100  10
21.875  1.53938  100  10
21.875  1.5708  100  10
21.875  1.60221  100  10
21.875  1.63363  98.2143  9.91031
21.875  1.66504  100  10
21.875  1.69646  100  10
21.875  1.72788  97.1014  9.85401
21.875  1.75929  100  10
21.875  1.79071  96.2963  9.81307
21.875  1.82212  93.1034  9.64901
21.875  1.85354  96.7742  9.83739
21.875  1.88496  98.1481  9.90697
21.875  1.91637  98.0392  9.90148
21.875  1.94779  94.4444  9.71825
21.875  1.9792  93.6508  9.67733
21.875  2.01062  93.0556  9.64653
21.875  2.04204  94.6667  9.72968
21.875  2.07345  96.5517  9.82607
21.875  2.10487  95.7746  9.78645
21.875  2.13628  92.2078  9.60249
21.875  2.1677  93.75  9.68246
21.875  2.19911  89.4737  9.45905
21.875  2.23053  88.8889  9.42809
21.875  2.26195  89.0411  9.43616
21.875  2.29336  94.4444  9.71825
21.875  2.32478  84.8485  9.21132
21.875  2.35619  90.9091  9.53463
21.875  2.38761  93.2203  9.65507
21.875  2.41903  88.6364  9.41469
21.875  2.45044  90  9.48683
21.875  2.48186  91.6667  9.57427
21.875  2.51327  70.9677  8.42424
21.875  2.54469  58.0645  7.62001
21.875  2.57611  6.89655  2.62613
21.875  2.60752  0  0
21.875  2.63894  0  0
21.875  2.67035  0  0
21.875  2.70177  0  0
21.875  2.73319  0  0
21.875  2.7646  0  0
21.875  2.79602  0  0
21.875  2.82743  0  0
21.875  2.85885  0  0
21.875  2.89027  0  0
21.875  2.92168  0  0
21.875  2.9531  0  0
21.875  2.98451  0  0
21.875  3.01593  0  0
21.875  3.04734  0  0
21.875  3.07876  0  0
21.875  3.11018  0  0
22  0  0  0
22  0.0314159  0  0
22  0.0628319  0  0
22  0.0942478  0  0
22  0.125664  0  0
22  0.15708  0  0
22  0.188496  0  0
22  0.219911  0  0
22  0.251327  0  0
22  0.282743  0  0
22  0.314159  0  0
22  0.345575  0  0
22  0.376991  0  0
22  0.408407  0  0
22  0.439823  0  0
22  0.471239  0  0
22  0.502655  0  0
22  0.534071  11.7647  3.42997
22  0.565487  54.0541  7.35215
22  0.596903  86.6667  9.30949
22  0.628319  89.1892  9.444
22  0.659734  81.8182  9.04534
22  0.69115  90  9.48683
22  0.722566  96.2264  9.80951
22  0.753982  95  9.74679
22  0.785398  93.9024  9.69033
22  0.816814  94.4444  9.71825
22  0.84823  93.3333  9.66092
22  0.879646  94.8052  9.7368
22  0.911062  94.9367  9.74355
22  0.942478  90.1408  9.49425
22  0.973894  97.2603  9.86206
22  1.00531  92.4242  9.61375
22  1.03673  91.6667  9.57427
22  1.06814  93.5484  9.67204
22  1.09956  92.6471  9.62533
22  1.13097  97.0588  9.85184
22  1.16239  100  10
22  1.19381  93.1507  9.65146
22  1.22522  98.5294  9.9262
22  1.25664  98.4127  9.92032
22  1.28805  100  10
22  1.31947  98.4615  9.92278
22  1.35088  98.1481  9.90697
22  1.3823  98.1481  9.90697
22  1.41372  100  10
22  1.44513  100  10
22  1.47655  100  10
22  1.50796  97.7273  9.88571
22  1.53938  98.1132  9.90521
22  1.5708  100  10
22  1.60221  100  10
22  1.63363  100  10
22  1.66504  97.9167  9.89529
22  1.69646  100  10
22  1.72788  97.0149  9.84962
22  1.75929  100  10
22  1.79071  98.2759  9.91342
22  1.82212  97.7778  9.88826
22  1.85354  100  10
22  1.88496  95.5224  9.77356
22  1.91637  98.3607  9.91769
22  1.94779  97.6744  9.88304
22  1.9792  98.4375  9.92157
22  2.01062  95.7143  9.78337
22  2.04204  95.082  9.751
22  2.07345  98.5294  9.9262
22  2.10487  88.5714  9.41124
22  2.13628  94.9153  9.74245
22  2.1677  96.9697  9.84732
22  2.19911  90.7895  9.52835
22  2.23053  94.1176  9.70143
22  2.26195  89.1566  9.44228
22  2.29336  98.8372  9.94169
22  2.32478  94.0299  9.6969
22  2.35619  88.1356  9.38806
22  2.38761  95.1613  9.75506
22  2.41903  81.25  9.01388
22  2.45044  82.9268  9.10642
22  2.48186  78.125  8.83883
22  2.51327  87.0968  9.33257
22  2.54469  55.5556  7.45356
22  2.57611  3.7037  1.9245
22  2.60752  0  0
22  2.63894  0  0
22  2.67035  0  0
22  2.70177  0  0
22  2.73319  0  0
22  2.7646  0  0
22  2.79602  0  0
22  2.82743  0  0
22  2.85885  0  0
22  2.89027  0  0
22  2.92168  0  0
22  2.9531  0  0
22  2.98451  0  0
22  3.01593  0  0
22  3.04734  0  0
22  3.07876  0  0
22  3.11018  0  0
22.125  0  0  0
22.125  0.0314159  0  0
22.125  0.0628319  0  0
22.125  0.0942478  0  0
22.125  0.125664  0  0
22.125  0.15708  0  0
22.125  0.188496  0  0
22.125  0.219911  0  0
22.125  0.251327  0  0
22.125  0.282743  0  0
22.125  0.314159  0  0
22.125  0.345575  0  0
22.125  0.376991  0  0
22.125  0.408407  9.09091  3.01511
22.125  0.439823  0  0
22.125  0.471239  0  0
22.125  0.502655  0  0
22.125  0.534071  3.0303  1.74078
22.125  0.565487  82.7586  9.09718
22.125  0.596903  79.3103  8.90564
22.125  0.628319  83.3333  9.12871
22.125  0.659734  88.8889  9.42809
22.125  0.69115  91.8033  9.5814
22.125  0.722566  81.0345  9.00192
22.125  0.753982  88.5246  9.40875
22.125  0.785398  84.9057  9.21443
22.125  0.816814  92.4051  9.61276
22.125  0.84823  91.6667  9.57427
22.125  0.879646  89.7059  9.47132
22.125  0.911062  95.2941  9.76187
22.125  0.942478  93.8272  9.68644
22.125  0.973894  95.2381  9.759
22.125  1.00531  86.8421  9.31891
22.125  1.03673  88.8889  9.42809
22.125  1.06814  93.9394  9.69223
22.125  1.09956  90.1639  9.49547
22.125  1.13097  100  10
22.125  1.16239  98.2143  9.91031
22.125  1.19381  91.9355  9.5883
22.125  1.22522  94.3662  9.71423
22.125  1.25664  96.0784  9.80196
22.125  1.28805  96.7742  9.83739
22.125  1.31947  95.3846  9.7665
22.125  1.35088  93.1034  9.64901
22.125  1.3823  100  10
22.125  1.41372  100  10
22.125  1.44513  100  10
22.125  1.47655  100  10
22.125  1.50796  98  9.89949
22.125  1.53938  100  10
22.125  1.5708  97.9167  9.89529
22.125  1.60221  100  10
22.125  1.63363  96.9231  9.84495
22.125  1.66504  100  10
22.125  1.69646  100  10
22.125  1.72788  98.5294  9.9262
22.125  1.75929  100  10
22.125  1.79071  100  10
22.125  1.82212  100  10
22.125  1.85354  93.617  9.67559
22.125  1.88496  95.7447  9.78492
22.125  1.91637  100  10
22.125  1.94779  94.7368  9.73329
22.125  1.9792  93.5484  9.67204
22.125  2.01062  97.2603  9.86206
22.125  2.04204  95.2381  9.759
22.125  2.07345  94.4444  9.71825
22.125  2.10487  97.3684  9.86754
22.125  2.13628  95.8904  9.79236
22.125  2.1677  96.9697  9.84732
22.125  2.19911  92.3913  9.61204
22.125  2.23053  96.3415  9.81537
22.125  2.26195  87.6543  9.36239
22.125  2.29336  95.3846  9.7665
22.125  2.32478  92.1875  9.60143
22.125  2.35619  89.3939  9.45484
22.125  2.38761  84.058  9.16831
22.125  2.41903  91.6667  9.57427
22.125  2.45044  89.7436  9.47331
22.125  2.48186  93.1034  9.64901
22.125  2.51327  92.8571  9.63624
22.125  2.54469  51.6129  7.18421
22.125  2.57611  5.26316  2.29416
22.125  2.60752  0  0
22.125  2.63894  0  0
22.125  2.67035  0  0
22.125  2.70177  0  0
22.125  2.73319  0  0
22.125  2.7646  0  0
22.125  2.79602  0  0
22.125  2.82743  0  0
22.125  2.85885  0  0
22.125  2.89027  0  0
22.125  2.92168  0  0
22.125  2.9531  0  0
22.125  2.98451  0  0
22.125  3.01593  0  0
22.125  3.04734  0  0
22.125  3.07876  0  0
22.125  3.11018  0  0
22.25  0  0  0
22.25  0.0314159  0  0
22.25  0.0628319  0  0
22.25  0.0942478  0  0
22.25  0.125664  0  0
22.25  0.15708  0  0
22.25  0.188496  0  0
22.25  0.219911  0  0
22.25  0.251327  0  0
22.25  0.282743  0  0
22.25  0.314159  0  0
22.25  0.345575  0  0
22.25  0.376991  0  0
22.25  0.408407  0  0
22.25  0.439823  0  0
22.25  0.471239  0  0
22.25  0.502655  0  0
22.25  0.534071  21.875  4.67707
22.25  0.565487  87.8788  9.37437
22.25  0.596903  90.3226  9.50382
22.25  0.628319  92.8571  9.63624
22.25  0.659734  91.6667  9.57427
22.25  0.69115  91.3793  9.55925
22.25  0.722566  83.6364  9.14529
22.25  0.753982  87.8378  9.37218
22.25  0.785398  94.0476  9.69782
22.25  0.816814  87.8049  9.37043
22.25  0.84823  96.3855  9.81761
22.25  0.879646  85.3333  9.2376
22.25  0.911062  95.8333  9.78945
22.25  0.942478  92.1348  9.59869
22.25  0.973894  95.2941  9.76187
22.25  1.00531  92.7536  9.63087
22.25  1.03673  91.5254  9.56689
22.25  1.06814  98  9.89949
22.25  1.09956  94.2029  9.70582
22.25  1.13097  100  10
22.25  1.16239  95.6522  9.78019
22.25  1.19381  95.4545  9.77008
22.25  1.22522  95.3846  9.7665
22.25  1.25664  100  10
22.25  1.28805  98.1132  9.90521
22.25  1.31947  100  10
22.25  1.35088  97.7273  9.88571
22.25  1.3823  100  10
22.25  1.41372  97.4359  9.87096
22.25  1.44513  100  10
22.25  1.47655  100  10
22.25  1.50796  97.7778  9.88826
22.25  1.53938  100  10
22.25  1.5708  98.5075  9.92509
22.25  1.60221  98.2759  9.91342
22.25  1.63363  98.3051  9.91489
22.25  1.66504  100  10
22.25  1.69646  98.0392  9.90148
22.25  1.72788  100  10
22.25  1.75929  96.1538  9.80581
22.25  1.79071  98.2143  9.91031
22.25  1.82212  98.1132  9.90521
22.25  1.85354  98.4615  9.92278
22.25  1.88496  96.6102  9.82905
22.25  1.91637  93.5484  9.67204
22.25  1.94779  95.1613  9.75506
22.25  1.9792  95.9184  9.79379
22.25  2.01062  98.5075  9.92509
22.25  2.04204  94.2029  9.70582
22.25  2.07345  100  10
22.25  2.10487  96.7213  9.8347
22.25  2.13628  90  9.48683
22.25  2.1677  93.8462  9.68742
22.25  2.19911  94.6667  9.72968
22.25  2.23053  95.5224  9.77356
22.25  2.26195  89.7436  9.47331
22.25  2.29336  96.1039  9.80326
22.25  2.32478  90.625  9.51972
22.25  2.35619  95.082  9.751
22.25  2.38761  92.5373  9.61963
22.25  2.41903  92.5  9.61769
22.25  2.45044  93.9394  9.69223
22.25  2.48186  89.7436  9.47331
22.25  2.51327  86.9565  9.32505
22.25  2.54469  72.7273  8.52803
22.25  2.57611  3.57143  1.88982
22.25  2.60752  0  0
22.25  2.63894  0  0
22.25  2.67035  0  0
22.25  2.70177  0  0
22.25  2.73319  0  0
22.25  2.7646  0  0
22.25  2.79602  0  0
22.25  2.82743  0  0
22.25  2.85885  0  0
22.25  2.89027  0  0
22.25  2.92168  0  0
22.25  2.9531  0  0
22.25  2.98451  0  0
22.25  3.01593  0  0
22.25  3.04734  0  0
22.25  3.07876  0  0
22.25  3.11018  0  0
22.375  0  0  0
22.375  0.0314159  0  0
22.375  0.0628319  0  0
22.375  0.0942478  0  0
22.375  0.125664  0  0
22.375  0.15708  0  0
22.375  0.188496  0  0
22.375  0.219911  0  0
22.375  0.251327  0  0
22.375  0.282743  0  0
22.375  0.314159  0  0
22.375  0.345575  0  0
22.375  0.376991  0  0
22.375  0.408407  0  0
22.375  0.439823  0  0
22.375  0.471239  0  0
22.375  0.502655  0  0
22.375  0.534071  14.8148  3.849
22.375  0.565487  84.6154  9.19866
22.375  0.596903  88.8889  9.42809
22.375  0.628319  78.2609  8.84652
22.375  0.659734  90.2439  9.49968
22.375  0.69115  87.5  9.35414
22.375  0.722566  89.5833  9.46485
22.375  0.753982  95.2381  9.759
22.375  0.785398  93.4426  9.66657
22.375  0.816814  90  9.48683
22.375  0.84823  89.5349  9.46229
22.375  0.879646  90.3614  9.50586
22.375  0.911062  97.4026  9.86928
22.375  0.942478  89.1892  9.444
22.375  0.973894  92.2078  9.60249
22.375  1.00531  94.2029  9.70582
22.375  1.03673  90.3614  9.50586
22.375  1.06814  91.4286  9.56183
22.375  1.09956  96.9231  9.84495
22.375  1.13097  98.1481  9.90697
22.375  1.16239  93.3333  9.66092
22.375  1.19381  96.6667  9.83192
22.375  1.22522  92  9.59166
22.375  1.25664  98.2143  9.91031
22.375  1.28805  100  10
22.375  1.31947  100  10
22.375  1.35088  100  10
22.375  1.3823  100  10
22.375  1.41372  100  10
22.375  1.44513  98.1132  9.90521
22.375  1.47655  96.3636  9.8165
22.375  1.50796  100  10
22.375  1.53938  100  10
22.375  1.5708  100  10
22.375  1.60221  96.9231  9.84495
22.375  1.63363  100  10
22.375  1.66504  100  10
22.375  1.69646  98.1481  9.90697
22.375  1.72788  100  10
22.375  1.75929  100  10
22.375  1.79071  97.0149  9.84962
22.375  1.82212  98.2143  9.91031
22.375  1.85354  98.2143  9.91031
22.375  1.88496  96.8254  9.83999
22.375  1.91637  94.2308  9.70725
22.375  1.94779  97.0149  9.84962
22.375  1.9792  95.9459  9.7952
22.375  2.01062  93.6508  9.67733
22.375  2.04204  92.4242  9.61375
22.375  2.07345  93.4426  9.66657
22.375  2.10487  94.2857  9.71008
22.375  2.13628  92.1053  9.59715
22.375  2.1677  92.8571  9.63624
22.375  2.19911  94.7368  9.73329
22.375  2.23053  89.1892  9.444
22.375  2.26195  89.8876  9.48091
22.375  2.29336  92  9.59166
22.375  2.32478  86.1538  9.28191
22.375  2.35619  86.1111  9.27961
22.375  2.38761  98.0769  9.90338
22.375  2.41903  88.4615  9.4054
22.375  2.45044  94.8718  9.74022
22.375  2.48186  84.375  9.18559
22.375  2.51327  91.1765  9.54864
22.375  2.54469  84.8485  9.21132
22.375  2.57611  19.3548  4.39941
22.375  2.60752  0  0
22.375  2.63894  0  0
22.375  2.67035  0  0
22.375  2.70177  0  0
22.375  2.73319  0  0
22.375  2.7646  0  0
22.375  2.79602  0  0
22.375  2.82743  0  0
22.375  2.85885  0  0
22.375  2.89027  0  0
22.375  2.92168  0  0
22.375  2.9531  0  0
22.375  2.98451  0  0
22.375  3.01593  0  0
22.375  3.04734  0  0
22.375  3.07876  0  0
22.375  3.11018  0  0
22.5  0  0  0
22.5  0.0314159  0  0
22.5  0.0628319  0  0
22.5  0.0942478  0  0
22.5  0.125664  0  0
22.5  0.15708  0  0
22.5  0.188496  0  0
22.5  0.219911  0  0
22.5  0.251327  0  0
22.5  0.282743  0  0
22.5  0.314159  0  0
22.5  0.345575  0  0
22.5  0.376991  0  0
22.5  0.408407  0  0
22.5  0.439823  0  0
22.5  0.471239  0  0
22.5  0.502655  0  0
22.5  0.534071  30  5.47723
22.5  0.565487  83.3333  9.12871
22.5  0.596903  77.7778  8.81917
22.5  0.628319  83.871  9.15811
22.5  0.659734  92.5  9.61769
22.5  0.69115  93.4783  9.66842
22.5  0.722566  86.4407  9.29735
22.5  0.753982  96.5116  9.82403
22.5  0.785398  96.5517  9.82607
22.5  0.816814  87.9121  9.37614
22.5  0.84823  93.0556  9.64653
22.5  0.879646  93.4211  9.66546
22.5  0.911062  94.8052  9.7368
22.5  0.942478  93.9759  9.69412
22.5  0.973894  89.1892  9.444
22.5  1.00531  96.4286  9.81981
22.5  1.03673  95.8904  9.79236
22.5  1.06814  93.3333  9.66092
22.5  1.09956  95.3846  9.7665
22.5  1.13097  100  10
22.5  1.16239  96.0784  9.80196
22.5  1.19381  97.1429  9.85611
22.5  1.22522  94.2308  9.70725
22.5  1.25664  96.7742  9.83739
22.5  1.28805  93.9394  9.69223
22.5  1.31947  98.3051  9.91489
22.5  1.35088  100  10
22.5  1.3823  100  10
22.5  1.41372  95.6522  9.78019
22.5  1.44513  100  10
22.5  1.47655  100  10
22.5  1.50796  98.3333  9.91632
22.5  1.53938  100  10
22.5  1.5708  100  10
22.5  1.60221  100  10
22.5  1.63363  100  10
22.5  1.66504  98.0392  9.90148
22.5  1.69646  98.2143  9.91031
22.5  1.72788  98.1818  9.90867
22.5  1.75929  93.3333  9.66092
22.5  1.79071  98.1132  9.90521
22.5  1.82212  92.1569  9.59984
22.5  1.85354  97.7778  9.88826
22.5  1.88496  97.6744  9.88304
22.5  1.91637  97.8723  9.89305
22.5  1.94779  96.7213  9.8347
22.5  1.9792  98.3333  9.91632
22.5  2.01062  100  10
22.5  2.04204  98.5714  9.92831
22.5  2.07345  96.4286  9.81981
22.5  2.10487  91.6667  9.57427
22.5  2.13628  91.8033  9.5814
22.5  2.1677  93.4211  9.66546
22.5  2.19911  93  9.64365
22.5  2.23053  95.3125  9.76281
22.5  2.26195  94.2029  9.70582
22.5  2.29336  90.625  9.51972
22.5  2.32478  91.6667  9.57427
22.5  2.35619  96.0784  9.80196
22.5  2.38761  95.2381  9.759
22.5  2.41903  88.8889  9.42809
22.5  2.45044  85.7143  9.2582
22.5  2.48186  78.7234  8.87262
22.5  2.51327  80  8.94427
22.5  2.54469  84.375  9.18559
22.5  2.57611  46.1538  6.79366
22.5  2.60752  0  0
22.5  2.63894  0  0
22.5  2.67035  0  0
22.5  2.70177  0  0
22.5  2.73319  0  0
22.5  2.7646  0  0
22.5  2.79602  0  0
22.5  2.82743  0  0
22.5  2.85885  0  0
22.5  2.89027  0  0
22.5  2.92168  0  0
22.5  2.9531  0  0
22.5  2.98451  0  0
22.5  3.01593  0  0
22.5  3.04734  0  0
22.5  3.07876  0  0
22.5  3.11018  0  0
22.625  0  0  0
22.625  0.0314159  0  0
22.625  0.0628319  0  0
22.625  0.0942478  0  0
22.625  0.125664  0  0
22.625  0.15708  0  0
22.625  0.188496  0  0
22.625  0.219911  0  0
22.625  0.251327  0  0
22.625  0.282743  0  0
22.625  0.314159  0  0
22.625  0.345575  0  0
22.625  0.376991  0  0
22.625  0.408407  0  0
22.625  0.439823  0  0
22.625  0.471239  0  0
22.625  0.502655  0  0
22.625  0.534071  36.6667  6.0553
22.625  0.565487  75  8.66025
22.625  0.596903  83.3333  9.12871
22.625  0.628319  94.7368  9.73329
22.625  0.659734  90  9.48683
22.625  0.69115  84.6154  9.19866
22.625  0.722566  87.931  9.37715
22.625  0.753982  90.9091  9.53463
22.625  0.785398  95.7746  9.78645
22.625  0.816814  92.3077  9.60769
22.625  0.84823  91.5493  9.56814
22.625  0.879646  94.186  9.70495
22.625  0.911062  93.6709  9.67837
22.625  0.942478  98.4127  9.92032
22.625  0.973894  89.8734  9.48016
22.625  1.00531  90.9091  9.53463
22.625  1.03673  89.8305  9.4779
22.625  1.06814  95.2381  9.759
22.625  1.09956  94.3662  9.71423
22.625  1.13097  96.7213  9.8347
22.625  1.16239  93.9394  9.69223
22.625  1.19381  98.2759  9.91342
22.625  1.22522  98.0392  9.90148
22.625  1.25664  98  9.89949
22.625  1.28805  100  10
22.625  1.31947  96.2264  9.80951
22.625  1.35088  98.4615  9.92278
22.625  1.3823  98.2456  9.91189
22.625  1.41372  97.9592  9.89743
22.625  1.44513  96.6102  9.82905
22.625  1.47655  100  10
22.625  1.50796  100  10
22.625  1.53938  100  10
22.625  1.5708  100  10
22.625  1.60221  100  10
22.625  1.63363  100  10
22.625  1.66504  98.0392  9.90148
22.625  1.69646  100  10
22.625  1.72788  98.0392  9.90148
22.625  1.75929  100  10
22.625  1.79071  100  10
22.625  1.82212  98.1818  9.90867
22.625  1.85354  97.8261  9.89071
22.625  1.88496  98.1481  9.90697
22.625  1.91637  98.2143  9.91031
22.625  1.94779  92.0635  9.59497
22.625  1.9792  89.3939  9.45484
22.625  2.01062  86.2745  9.28841
22.625  2.04204  96.6667  9.83192
22.625  2.07345  86.8852  9.32123
22.625  2.10487  92.4242  9.61375
22.625  2.13628  94.7368  9.73329
22.625  2.1677  92  9.59166
22.625  2.19911  96.2963  9.81307
22.625  2.23053  92.8571  9.63624
22.625  2.26195  91.1765  9.54864
22.625  2.29336  94.5946  9.72598
22.625  2.32478  85.2941  9.23548
22.625  2.35619  90.3846  9.50708
22.625  2.38761  87.7193  9.36586
22.625  2.41903  90.9091  9.53463
22.625  2.45044  92.6829  9.6272
22.625  2.48186  88.4615  9.4054
22.625  2.51327  75  8.66025
22.625  2.54469  88.2353  9.39336
22.625  2.57611  39.1304  6.25543
22.625  2.60752  5  2.23607
22.625  2.63894  0  0
22.625  2.67035  0  0
22.625  2.70177  0  0
22.625  2.73319  0  0
22.625  2.7646  0  0
22.625  2.79602  0  0
22.625  2.82743  0  0
22.625  2.85885  0  0
22.625  2.89027  0  0
22.625  2.92168  0  0
22.625  2.9531  0  0
22.625  2.98451  0  0
22.625  3.01593  0  0
22.625  3.04734  0  0
22.625  3.07876  0  0
22.625  3.11018  0  0
22.75  0  0  0
22.75  0.0314159  0  0
22.75  0.0628319  0  0
22.75  0.0942478  0  0
22.75  0.125664  0  0
22.75  0.15708  0  0
22.75  0.188496  0  0
22.75  0.219911  0  0
22.75  0.251327  0  0
22.75  0.282743  0  0
22.75  0.314159  0  0
22.75  0.345575  0  0
22.75  0.376991  0  0
22.75  0.408407  0  0
22.75  0.439823  0  0
22.75  0.471239  0  0
22.75  0.502655  4  2
22.75  0.534071  50  7.07107
22.75  0.565487  82.9787  9.10927
22.75  0.596903  82.5  9.08295
22.75  0.628319  94.2857  9.71008
22.75  0.659734  84.7826  9.20775
22.75  0.69115  82.6923  9.09353
22.75  0.722566  83.9286  9.16125
22.75  0.753982  96.4912  9.82299
22.75  0.785398  92.8571  9.63624
22.75  0.816814  89.8551  9.47919
22.75  0.84823  91.7647  9.57939
22.75  0.879646  93.3333  9.66092
22.75  0.911062  95.6522  9.78019
22.75  0.942478  93.9394  9.69223
22.75  0.973894  93.6709  9.67837
22.75  1.00531  95.7143  9.78337
22.75  1.03673  100  10
22.75  1.06814  93.9024  9.69033
22.75  1.09956  96.4912  9.82299
22.75  1.13097  96.9697  9.84732
22.75  1.16239  98.3333  9.91632
22.75  1.19381  93.3333  9.66092
22.75  1.22522  96.6667  9.83192
22.75  1.25664  100  10
22.75  1.28805  100  10
22.75  1.31947  100  10
22.75  1.35088  97.9592  9.89743
22.75  1.3823  100  10
22.75  1.41372  100  10
22.75  1.44513  95.5556  9.77525
22.75  1.47655  98.2759  9.91342
22.75  1.50796  100  10
22.75  1.53938  100  10
22.75  1.5708  100  10
22.75  1.60221  100  10
22.75  1.63363  100  10
22.75  1.66504  100  10
22.75  1.69646  100  10
22.75  1.72788  100  10
22.75  1.75929  100  10
22.75  1.79071  98.4375  9.92157
22.75  1.82212  100  10
22.75  1.85354  93.9394  9.69223
22.75  1.88496  94.1176  9.70143
22.75  1.91637  98.2759  9.91342
22.75  1.94779  96.9231  9.84495
22.75  1.9792  96.3636  9.8165
22.75  2.01062  100  10
22.75  2.04204  95.5224  9.77356
22.75  2.07345  95.1613  9.75506
22.75  2.10487  94.4444  9.71825
22.75  2.13628  96.1039  9.80326
22.75  2.1677  94.6667  9.72968
22.75  2.19911  92.3077  9.60769
22.75  2.23053  89.2857  9.44911
22.75  2.26195  96.6102  9.82905
22.75  2.29336  94.2029  9.70582
22.75  2.32478  94.0299  9.6969
22.75  2.35619  88.5246  9.40875
22.75  2.38761  91.8033  9.5814
22.75  2.41903  72.3404  8.50532
22.75  2.45044  89.0909  9.4388
22.75  2.48186  91.1765  9.54864
22.75  2.51327  77.7778  8.81917
22.75  2.54469  94.1176  9.70143
22.75  2.57611  47.8261  6.91564
22.75  2.60752  0  0
22.75  2.63894  0  0
22.75  2.67035  0  0
22.75  2.70177  0  0
22.75  2.73319  0  0
22.75  2.7646  0  0
22.75  2.79602  0  0
22.75  2.82743  0  0
22.75  2.85885  0  0
22.75  2.89027  0  0
22.75  2.92168  0  0
22.75  2.9531  0  0
22.75  2.98451  0  0
22.75  3.01593  0  0
22.75  3.04734  0  0
22.75  3.07876  0  0
22.75  3.11018  0  0
22.875  0  0  0
22.875  0.0314159  0  0
22.875  0.0628319  0  0
22.875  0.0942478  0  0
22.875  0.125664  0  0
22.875  0.15708  0  0
22.875  0.188496  0  0
22.875  0.219911  0  0
22.875  0.251327  0  0
22.875  0.282743  0  0
22.875  0.314159  0  0
22.875  0.345575  0  0
22.875  0.376991  0  0
22.875  0.408407  0  0
22.875  0.439823  0  0
22.875  0.471239  0  0
22.875  0.502655  0  0
22.875  0.534071  37.5  6.12372
22.875  0.565487  85.7143  9.2582
22.875  0.596903  90.3226  9.50382
22.875  0.628319  96.4286  9.81981
22.875  0.659734  86  9.27362
22.875  0.69115  90.1961  9.49716
22.875  0.722566  86.2745  9.28841
22.875  0.753982  85.9649  9.27173
22.875  0.785398  85.2459  9.23287
22.875  0.816814  95.1613  9.75506
22.875  0.84823  93.2432  9.65625
22.875  0.879646  89.1892  9.444
22.875  0.911062  87.0588  9.33053
22.875  0.942478  94.2857  9.71008
22.875  0.973894  96  9.79796
22.875  1.00531  92.6471  9.62533
22.875  1.03673  98.3051  9.91489
22.875  1.06814  95  9.74679
22.875  1.09956  98.7805  9.93884
22.875  1.13097  100  10
22.875  1.16239  88.2353  9.39336
22.875  1.19381  92.5926  9.6225
22.875  1.22522  92.9825  9.64274
22.875  1.25664  100  10
22.875  1.28805  96.875  9.84251
22.875  1.31947  91.4894  9.56501
22.875  1.35088  100  10
22.875  1.3823  98.3333  9.91632
22.875  1.41372  96.8254  9.83999
22.875  1.44513  100  10
22.875  1.47655  100  10
22.875  1.50796  97.4359  9.87096
22.875  1.53938  100  10
22.875  1.5708  100  10
22.875  1.60221  100  10
22.875  1.63363  100  10
22.875  1.66504  97.7778  9.88826
22.875  1.69646  98.4127  9.92032
22.875  1.72788  96.875  9.84251
22.875  1.75929  100  10
22.875  1.79071  95.9184  9.79379
22.875  1.82212  97.8261  9.89071
22.875  1.85354  100  10
22.875  1.88496  96  9.79796
22.875  1.91637  90.9091  9.53463
22.875  1.94779  98.5075  9.92509
22.875  1.9792  94.0299  9.6969
22.875  2.01062  94.8276  9.73795
22.875  2.04204  96.4286  9.81981
22.875  2.07345  95.5556  9.77525
22.875  2.10487  97.561  9.8773
22.875  2.13628  94.9367  9.74355
22.875  2.1677  96.7213  9.8347
22.875  2.19911  88.75  9.42072
22.875  2.23053  97.5904  9.87878
22.875  2.26195  96  9.79796
22.875  2.29336  87.1429  9.33503
22.875  2.32478  85.8974  9.26809
22.875  2.35619  88.8889  9.42809
22.875  2.38761  94.3396  9.71286
22.875  2.41903  79.4872  8.91556
22.875  2.45044  88.0952  9.38591
22.875  2.48186  86.9565  9.32505
22.875  2.51327  95.5556  9.77525
22.875  2.54469  88.2353  9.39336
22.875  2.57611  55.5556  7.45356
22.875  2.60752  8.33333  2.88675
22.875  2.63894  0  0
22.875  2.67035  0  0
22.875  2.70177  0  0
22.875  2.73319  0  0
22.875  2.7646  0  0
22.875  2.79602  0  0
22.875  2.82743  0  0
22.875  2.85885  0  0
22.875  2.89027  0  0
22.875  2.92168  0  0
22.875  2.9531  0  0
22.875  2.98451  0  0
22.875  3.01593  0  0
22.875  3.04734  0  0
22.875  3.07876  0  0
22.875  3.11018  0  0
23  0  0  0
23  0.0314159  0  0
23  0.0628319  0  0
23  0.0942478  0  0
23  0.125664  0  0
23  0.15708  0  0
23  0.188496  0  0
23  0.219911  0  0
23  0.251327  0  0
23  0.282743  0  0
23  0.314159  0  0
23  0.345575  0  0
23  0.376991  0  0
23  0.408407  0  0
23  0.439823  0  0
23  0.471239  0  0
23  0.502655  7.40741  2.72166
23  0.534071  70.3704  8.3887
23  0.565487  96  9.79796
23  0.596903  79.4118  8.91133
23  0.628319  83.871  9.15811
23  0.659734  84.9057  9.21443
23  0.69115  90.9091  9.53463
23  0.722566  88.0952  9.38591
23  0.753982  93.6508  9.67733
23  0.785398  92.1569  9.59984
23  0.816814  90.3226  9.50382
23  0.84823  91.8919  9.58603
23  0.879646  91.8919  9.58603
23  0.911062  93.6709  9.67837
23  0.942478  86.0465  9.27613
23  0.973894  94.0299  9.6969
23  1.00531  98.4615  9.92278
23  1.03673  100  10
23  1.06814  96.0784  9.80196
23  1.09956  96.9231  9.84495
23  1.13097  93.2203  9.65507
23  1.16239  93.75  9.68246
23  1.19381  94.5455  9.72345
23  1.22522  96  9.79796
23  1.25664  94.1176  9.70143
23  1.28805  100  10
23  1.31947  95.082  9.751
23  1.35088  98.0769  9.90338
23  1.3823  98.2759  9.91342
23  1.41372  96.6102  9.82905
23  1.44513  98.3607  9.91769
23  1.47655  97.8261  9.89071
23  1.50796  100  10
23  1.53938  100  10
23  1.5708  100  10
23  1.60221  100  10
23  1.63363  97.2222  9.86013
23  1.66504  100  10
23  1.69646  100  10
23  1.72788  97.3684  9.86754
23  1.75929  97.9167  9.89529
23  1.79071  98.2143  9.91031
23  1.82212  100  10
23  1.85354  97.9592  9.89743
23  1.88496  96.7742  9.83739
23  1.91637  93.9394  9.69223
23  1.94779  96.1538  9.80581
23  1.9792  95.8333  9.78945
23  2.01062  98.0769  9.90338
23  2.04204  91.0448  9.54174
23  2.07345  95.2381  9.759
23  2.10487  97.1429  9.85611
23  2.13628  96.8254  9.83999
23  2.1677  91.0256  9.54074
23  2.19911  93.75  9.68246
23  2.23053  95.8904  9.79236
23  2.26195  89.7436  9.47331
23  2.29336  95.7143  9.78337
23  2.32478  93.5484  9.67204
23  2.35619  87.3016  9.34353
23  2.38761  87.5  9.35414
23  2.41903  84.3137  9.18225
23  2.45044  94.7368  9.73329
23  2.48186  87.5  9.35414
23  2.51327  80.6452  8.98027
23  2.54469  71.4286  8.45154
23  2.57611  72.7273  8.52803
23  2.60752  4.7619  2.18218
23  2.63894  0  0
23  2.67035  0  0
23  2.70177  0  0
23  2.73319  0  0
23  2.7646  0  0
23  2.79602  0  0
23  2.82743  0  0
23  2.85885  0  0
23  2.89027  0  0
23  2.92168  0  0
23  2.9531  0  0
23  2.98451  0  0
23  3.01593  0  0
23  3.04734  0  0
23  3.07876  0  0
23  3.11018  0  0
23.125  0  0  0
23.125  0.0314159  0  0
23.125  0.0628319  0  0
23.125  0.0942478  0  0
23.125  0.125664  0  0
23.125  0.15708  0  0
23.125  0.188496  0  0
23.125  0.219911  0  0
23.125  0.251327  0  0
23.125  0.282743  0  0
23.125  0.314159  0  0
23.125  0.345575  0  0
23.125  0.376991  0  0
23.125  0.408407  0  0
23.125  0.439823  0  0
23.125  0.471239  0  0
23.125  0.502655  18.1818  4.26401
23.125  0.534071  67.8571  8.23754
23.125  0.565487  75  8.66025
23.125  0.596903  81.8182  9.04534
23.125  0.628319  88.5714  9.41124
23.125  0.659734  84.0909  9.17011
23.125  0.69115  93.75  9.68246
23.125  0.722566  91.5254  9.56689
23.125  0.753982  87.3239  9.34473
23.125  0.785398  93.4211  9.66546
23.125  0.816814  92.7536  9.63087
23.125  0.84823  93.2432  9.65625
23.125  0.879646  95.8904  9.79236
23.125  0.911062  92.3077  9.60769
23.125  0.942478  90.9091  9.53463
23.125  0.973894  95.8333  9.78945
23.125  1.00531  91.7647  9.57939
23.125  1.03673  98.3333  9.91632
23.125  1.06814  98.3051  9.91489
23.125  1.09956  95.2941  9.76187
23.125  1.13097  97.1429  9.85611
23.125  1.16239  96.6102  9.82905
23.125  1.19381  98.2456  9.91189
23.125  1.22522  96.875  9.84251
23.125  1.25664  98.3871  9.91903
23.125  1.28805  95.4545  9.77008
23.125  1.31947  93.1818  9.65307
23.125  1.35088  94.4444  9.71825
23.125  1.3823  100  10
23.125  1.41372  98.3333  9.91632
23.125  1.44513  100  10
23.125  1.47655  100  10
23.125  1.50796  100  10
23.125  1.53938  100  10
23.125  1.5708  100  10
23.125  1.60221  100  10
23.125  1.63363  100  10
23.125  1.66504  98.1132  9.90521
23.125  1.69646  100  10
23.125  1.72788  98.3607  9.91769
23.125  1.75929  95.6522  9.78019
23.125  1.79071  98.3051  9.91489
23.125  1.82212  100  10
23.125  1.85354  100  10
23.125  1.88496  98.5714  9.92831
23.125  1.91637  90  9.48683
23.125  1.94779  95.4545  9.77008
23.125  1.9792  96.6667  9.83192
23.125  2.01062  97.4026  9.86928
23.125  2.04204  95.082  9.751
23.125  2.07345  95.7143  9.78337
23.125  2.10487  98.2759  9.91342
23.125  2.13628  93.0556  9.64653
23.125  2.1677  93.9024  9.69033
23.125  2.19911  100  10
23.125  2.23053  93.1507  9.65146
23.125  2.26195  91.1392  9.54669
23.125  2.29336  89.3939  9.45484
23.125  2.32478  94.6667  9.72968
23.125  2.35619  95.082  9.751
23.125  2.38761  91.8367  9.58315
23.125  2.41903  90.9091  9.53463
23.125  2.45044  87.5  9.35414
23.125  2.48186  87.7551  9.36777
23.125  2.51327  96.1538  9.80581
23.125  2.54469  86.2069  9.28477
23.125  2.57611  76.4706  8.74475
23.125  2.60752  16.6667  4.08248
23.125  2.63894  0  0
23.125  2.67035  0  0
23.125  2.70177  0  0
23.125  2.73319  0  0
23.125  2.7646  0  0
23.125  2.79602  0  0
23.125  2.82743  0  0
23.125  2.85885  0  0
23.125  2.89027  0  0
23.125  2.92168  0  0
23.125  2.9531  0  0
23.125  2.98451  0  0
23.125  3.01593  0  0
23.125  3.04734  0  0
23.125  3.07876  0  0
23.125  3.11018  0  0
23.25  0  0  0
23.25  0.0314159  0  0
23.25  0.0628319  0  0
23.25  0.0942478  0  0
23.25  0.125664  0  0
23.25  0.15708  0  0
23.25  0.188496  0  0
23.25  0.219911  0  0
23.25  0.251327  0  0
23.25  0.282743  0  0
23.25  0.314159  0  0
23.25  0.345575  0  0
23.25  0.376991  0  0
23.25  0.408407  0  0
23.25  0.439823  0  0
23.25  0.471239  0  0
23.25  0.502655  47.0588  6.85994
23.25  0.534071  74.0741  8.60663
23.25  0.565487  83.871  9.15811
23.25  0.596903  96.7742  9.83739
23.25  0.628319  100  10
23.25  0.659734  82.9787  9.10927
23.25  0.69115  88.8889  9.42809
23.25  0.722566  94.8276  9.73795
23.25  0.753982  85.5072  9.24701
23.25  0.785398  87.6404  9.36165
23.25  0.816814  89.0411  9.43616
23.25  0.84823  88.75  9.42072
23.25  0.879646  89.6104  9.46628
23.25  0.911062  92.0455  9.59403
23.25  0.942478  87.931  9.37715
23.25  0.973894  91.8919  9.58603
23.25  1.00531  96  9.79796
23.25  1.03673  93.0556  9.64653
23.25  1.06814  93.6508  9.67733
23.25  1.09956  94.5205  9.72217
23.25  1.13097  95.7746  9.78645
23.25  1.16239  96.2963  9.81307
23.25  1.19381  96.9231  9.84495
23.25  1.22522  98.2456  9.91189
23.25  1.25664  97.0149  9.84962
23.25  1.28805  97.9167  9.89529
23.25  1.31947  98.3333  9.91632
23.25  1.35088  94.3396  9.71286
23.25  1.3823  100  10
23.25  1.41372  100  10
23.25  1.44513  100  10
23.25  1.47655  100  10
23.25  1.50796  97.8261  9.89071
23.25  1.53938  100  10
23.25  1.5708  100  10
23.25  1.60221  100  10
23.25  1.63363  98.1818  9.90867
23.25  1.66504  100  10
23.25  1.69646  98.1132  9.90521
23.25  1.72788  100  10
23.25  1.75929  96.4286  9.81981
23.25  1.79071  94.7368  9.73329
23.25  1.82212  94.3396  9.71286
23.25  1.85354  93.8776  9.68904
23.25  1.88496  87.5  9.35414
23.25  1.91637  100  10
23.25  1.94779  93.6508  9.67733
23.25  1.9792  95.6522  9.78019
23.25  2.01062  94.5205  9.72217
23.25  2.04204  98.3871  9.91903
23.25  2.07345  90.2778  9.50146
23.25  2.10487  94.1176  9.70143
23.25  2.13628  97.4026  9.86928
23.25  2.1677  95.8333  9.78945
23.25  2.19911  94.1176  9.70143
23.25  2.23053  93.1507  9.65146
23.25  2.26195  90.9091  9.53463
23.25  2.29336  96.8254  9.83999
23.25  2.32478  89.2308  9.4462
23.25  2.35619  91.6667  9.57427
23.25  2.38761  86.6667  9.30949
23.25  2.41903  91.8367  9.58315
23.25  2.45044  93.617  9.67559
23.25  2.48186  90.9091  9.53463
23.25  2.51327  90  9.48683
23.25  2.54469  76.6667  8.75595
23.25  2.57611  77.7778  8.81917
23.25  2.60752  34.6154  5.88348
23.25  2.63894  0  0
23.25  2.67035  0  0
23.25  2.70177  0  0
23.25  2.73319  0  0
23.25  2.7646  0  0
23.25  2.79602  0  0
23.25  2.82743  0  0
23.25  2.85885  0  0
23.25  2.89027  0  0
23.25  2.92168  0  0
23.25  2.9531  0  0
23.25  2.98451  0  0
23.25  3.01593  0  0
23.25  3.04734  0  0
23.25  3.07876  0  0
23.25  3.11018  0  0
23.375  0  0  0
23.375  0.0314159  0  0
23.375  0.0628319  0  0
23.375  0.0942478  0  0
23.375  0.125664  0  0
23.375  0.15708  0  0
23.375  0.188496  0  0
23.375  0.219911  0  0
23.375  0.251327  0  0
23.375  0.282743  0  0
23.375  0.314159  0  0
23.375  0.345575  0  0
23.375  0.376991  0  0
23.375  0.408407  0  0
23.375  0.439823  0  0
23.375  0.471239  0  0
23.375  0.502655  30  5.47723
23.375  0.534071  88  9.38083
23.375  0.565487  96.2963  9.81307
23.375  0.596903  89.4737  9.45905
23.375  0.628319  90  9.48683
23.375  0.659734  84.6154  9.19866
23.375  0.69115  84.7826  9.20775
23.375  0.722566  87.931  9.37715
23.375  0.753982  94.2857  9.71008
23.375  0.785398  86.4407  9.29735
23.375  0.816814  83.871  9.15811
23.375  0.84823  97.0149  9.84962
23.375  0.879646  92.3077  9.60769
23.375  0.911062  90.6667  9.5219
23.375  0.942478  93.617  9.67559
23.375  0.973894  92.1053  9.59715
23.375  1.00531  92.5926  9.6225
23.375  1.03673  96.6102  9.82905
23.375  1.06814  98.4848  9.92395
23.375  1.09956  94.9153  9.74245
23.375  1.13097  93.3333  9.66092
23.375  1.16239  95.1613  9.75506
23.375  1.19381  96.2963  9.81307
23.375  1.22522  98.2759  9.91342
23.375  1.25664  96.2264  9.80951
23.375  1.28805  100  10
23.375  1.31947  95.9184  9.79379
23.375  1.35088  97.561  9.8773
23.375  1.3823  95.7447  9.78492
23.375  1.41372  98.1132  9.90521
23.375  1.44513  100  10
23.375  1.47655  98.3871  9.91903
23.375  1.50796  98.2456  9.91189
23.375  1.53938  100  10
23.375  1.5708  100  10
23.375  1.60221  100  10
23.375  1.63363  100  10
23.375  1.66504  100  10
23.375  1.69646  97.8261  9.89071
23.375  1.72788  100  10
23.375  1.75929  97.619  9.88024
23.375  1.79071  100  10
23.375  1.82212  97.9592  9.89743
23.375  1.85354  100  10
23.375  1.88496  97.9592  9.89743
23.375  1.91637  97.8261  9.89071
23.375  1.94779  96.9231  9.84495
23.375  1.9792  92.7536  9.63087
23.375  2.01062  97.1429  9.85611
23.375  2.04204  98.5075  9.92509
23.375  2.07345  96.5909  9.82807
23.375  2.10487  98.3051  9.91489
23.375  2.13628  94.6429  9.72846
23.375  2.1677  87.5  9.35414
23.375  2.19911  96.9697  9.84732
23.375  2.23053  96.0526  9.80064
23.375  2.26195  91.8605  9.58439
23.375  2.29336  93.2432  9.65625
23.375  2.32478  89.2857  9.44911
23.375  2.35619  90.1408  9.49425
23.375  2.38761  88.7097  9.41858
23.375  2.41903  83.6364  9.14529
23.375  2.45044  94  9.69536
23.375  2.48186  86.4865  9.29981
23.375  2.51327  70.9677  8.42424
23.375  2.54469  89.1892  9.444
23.375  2.57611  93.3333  9.66092
23.375  2.60752  23.0769  4.80384
23.375  2.63894  0  0
23.375  2.67035  0  0
23.375  2.70177  0  0
23.375  2.73319  0  0
23.375  2.7646  0  0
23.375  2.79602  0  0
23.375  2.82743  0  0
23.375  2.85885  0  0
23.375  2.89027  0  0
23.375  2.92168  0  0
23.375  2.9531  0  0
23.375  2.98451  0  0
23.375  3.01593  0  0
23.375  3.04734  0  0
23.375  3.07876  0  0
23.375  3.11018  0  0
23.5  0  0  0
23.5  0.0314159  0  0
23.5  0.0628319  0  0
23.5  0.0942478  0  0
23.5  0.125664  0  0
23.5  0.15708  0  0
23.5  0.188496  0  0
23.5  0.219911  0  0
23.5  0.251327  0  0
23.5  0.282743  0  0
23.5  0.314159  0  0
23.5  0.345575  0  0
23.5  0.376991  0  0
23.5  0.408407  0  0
23.5  0.439823  0  0
23.5  0.471239  0  0
23.5  0.502655  50  7.07107
23.5  0.534071  88.4615  9.4054
23.5  0.565487  82.6087  9.08893
23.5  0.596903  75  8.66025
23.5  0.628319  86.6667  9.30949
23.5  0.659734  91.4894  9.56501
23.5  0.69115  91.0714  9.54314
23.5  0.722566  84.2857  9.18073
23.5  0.753982  86.3636  9.2932
23.5  0.785398  93.9394  9.69223
23.5  0.816814  89.2857  9.44911
23.5  0.84823  93.2432  9.65625
23.5  0.879646  95.7746  9.78645
23.5  0.911062  95.6522  9.78019
23.5  0.942478  98.5507  9.92727
23.5  0.973894  96.2025  9.80829
23.5  1.00531  90.2778  9.50146
23.5  1.03673  96.7742  9.83739
23.5  1.06814  98.4615  9.92278
23.5  1.09956  92.3077  9.60769
23.5  1.13097  100  10
23.5  1.16239  100  10
23.5  1.19381  91.8367  9.58315
23.5  1.22522  96.6102  9.82905
23.5  1.25664  98.3333  9.91632
23.5  1.28805  98.0769  9.90338
23.5  1.31947  89.8305  9.4779
23.5  1.35088  95.8333  9.78945
23.5  1.3823  100  10
23.5  1.41372  100  10
23.5  1.44513  98.1818  9.90867
23.5  1.47655  97.9592  9.89743
23.5  1.50796  100  10
23.5  1.53938  100  10
23.5  1.5708  100  10
23.5  1.60221  100  10
23.5  1.63363  100  10
23.5  1.66504  100  10
23.5  1.69646  98.1818  9.90867
23.5  1.72788  97.8723  9.89305
23.5  1.75929  97.3684  9.86754
23.5  1.79071  96.5517  9.82607
23.5  1.82212  98.5714  9.92831
23.5  1.85354  100  10
23.5  1.88496  96.8254  9.83999
23.5  1.91637  93.9394  9.69223
23.5  1.94779  94.3396  9.71286
23.5  1.9792  98.3051  9.91489
23.5  2.01062  97.1014  9.85401
23.5  2.04204  98.1481  9.90697
23.5  2.07345  97.3333  9.86577
23.5  2.10487  93.9759  9.69412
23.5  2.13628  96.7213  9.8347
23.5  2.1677  92.2078  9.60249
23.5  2.19911  89.5522  9.4632
23.5  2.23053  88.1579  9.38924
23.5  2.26195  94.4444  9.71825
23.5  2.29336  92.8571  9.63624
23.5  2.32478  89.4737  9.45905
23.5  2.35619  96.7742  9.83739
23.5  2.38761  89.4737  9.45905
23.5  2.41903  86.4407  9.29735
23.5  2.45044  88.8889  9.42809
23.5  2.48186  96.6667  9.83192
23.5  2.51327  77.4194  8.79883
23.5  2.54469  88.8889  9.42809
23.5  2.57611  83.3333  9.12871
23.5  2.60752  54.5455  7.38549
23.5  2.63894  0  0
23.5  2.67035  0  0
23.5  2.70177  0  0
23.5  2.73319  0  0
23.5  2.7646  0  0
23.5  2.79602  0  0
23.5  2.82743  0  0
23.5  2.85885  0  0
23.5  2.89027  0  0
23.5  2.92168  0  0
23.5  2.9531  0  0
23.5  2.98451  0  0
23.5  3.01593  0  0
23.5  3.04734  0  0
23.5  3.07876  0  0
23.5  3.11018  0  0
23.625  0  0  0
23.625  0.0314159  0  0
23.625  0.0628319  0  0
23.625  0.0942478  0  0
23.625  0.125664  0  0
23.625  0.15708  0  0
23.625  0.188496  0  0
23.625  0.219911  0  0
23.625  0.251327  0  0
23.625  0.282743  0  0
23.625  0.314159  0  0
23.625  0.345575  0  0
23.625  0.376991  0  0
23.625  0.408407  0  0
23.625  0.439823  0  0
23.625  0.471239  0  0
23.625  0.502655  45  6.7082
23.625  0.534071  80.6452  8.98027
23.625  0.565487  88.8889  9.42809
23.625  0.596903  95  9.74679
23.625  0.628319  80.6452  8.98027
23.625  0.659734  82.2222  9.06765
23.625  0.69115  90  9.48683
23.625  0.722566  98.1132  9.90521
23.625  0.753982  93.9394  9.69223
23.625  0.785398  87.6923  9.36442
23.625  0.816814  92.4242  9.61375
23.625  0.84823  95.3846  9.7665
23.625  0.879646  93.2432  9.65625
23.625  0.911062  93.6709  9.67837
23.625  0.942478  93.1034  9.64901
23.625  0.973894  97.7528  9.887
23.625  1.00531  100  10
23.625  1.03673  92.7273  9.6295
23.625  1.06814  95.3125  9.76281
23.625  1.09956  90.7407  9.52579
23.625  1.13097  96.6102  9.82905
23.625  1.16239  94.8276  9.73795
23.625  1.19381  96.2963  9.81307
23.625  1.22522  94  9.69536
23.625  1.25664  98  9.89949
23.625  1.28805  95.122  9.75305
23.625  1.31947  98.4375  9.92157
23.625  1.35088  97.1429  9.85611
23.625  1.3823  97.6744  9.88304
23.625  1.41372  100  10
23.625  1.44513  100  10
23.625  1.47655  100  10
23.625  1.50796  100  10
23.625  1.53938  100  10
23.625  1.5708  98.2759  9.91342
23.625  1.60221  100  10
23.625  1.63363  100  10
23.625  1.66504  92.6829  9.6272
23.625  1.69646  100  10
23.625  1.72788  100  10
23.625  1.75929  100  10
23.625  1.79071  100  10
23.625  1.82212  100  10
23.625  1.85354  97.7778  9.88826
23.625  1.88496  100  10
23.625  1.91637  95.8333  9.78945
23.625  1.94779  97.9592  9.89743
23.625  1.9792  98.5915  9.92933
23.625  2.01062  98.1481  9.90697
23.625  2.04204  96.1039  9.80326
23.625  2.07345  96.6667  9.83192
23.625  2.10487  91.3043  9.55533
23.625  2.13628  95.1613  9.75506
23.625  2.1677  97.6471  9.88165
23.625  2.19911  89.0411  9.43616
23.625  2.23053  92.1348  9.59869
23.625  2.26195  92  9.59166
23.625  2.29336  91.8919  9.58603
23.625  2.32478  89.0625  9.43729
23.625  2.35619  91.0714  9.54314
23.625  2.38761  93.8776  9.68904
23.625  2.41903  86.0465  9.27613
23.625  2.45044  86.0465  9.27613
23.625  2.48186  83.6735  9.14732
23.625  2.51327  69.5652  8.34058
23.625  2.54469  85.7143  9.2582
23.625  2.57611  84.6154  9.19866
23.625  2.60752  76.4706  8.74475
23.625  2.63894  0  0
23.625  2.67035  0  0
23.625  2.70177  0  0
23.625  2.73319  0  0
23.625  2.7646  0  0
23.625  2.79602  0  0
23.625  2.82743  0  0
23.625  2.85885  0  0
23.625  2.89027  0  0
23.625  2.92168  0  0
23.625  2.9531  0  0
23.625  2.98451  0  0
23.625  3.01593  0  0
23.625  3.04734  0  0
23.625  3.07876  0  0
23.625  3.11018  0  0
23.75  0  0  0
23.75  0.0314159  0  0
23.75  0.0628319  0  0
23.75  0.0942478  0  0
23.75  0.125664  0  0
23.75  0.15708  0  0
23.75  0.188496  0  0
23.75  0.219911  0  0
23.75  0.251327  0  0
23.75  0.282743  0  0
23.75  0.314159  0  0
23.75  0.345575  0  0
23.75  0.376991  0  0
23.75  0.408407  0  0
23.75  0.439823  0  0
23.75  0.471239  0  0
23.75  0.502655  56.25  7.5
23.75  0.534071  79.3103  8.90564
23.75  0.565487  94.5946  9.72598
23.75  0.596903  90  9.48683
23.75  0.628319  94.2857  9.71008
23.75  0.659734  86.1111  9.27961
23.75  0.69115  91.8919  9.58603
23.75  0.722566  87.3016  9.34353
23.75  0.753982  95.3846  9.7665
23.75  0.785398  96.2025  9.80829
23.75  0.816814  96.1538  9.80581
23.75  0.84823  94.3662  9.71423
23.75  0.879646  93.0556  9.64653
23.75  0.911062  92.3077  9.60769
23.75  0.942478  97.3684  9.86754
23.75  0.973894  91.3793  9.55925
23.75  1.00531  93.75  9.68246
23.75  1.03673  97.3684  9.86754
23.75  1.06814  95.8333  9.78945
23.75  1.09956  95.5882  9.77692
23.75  1.13097  94.8052  9.7368
23.75  1.16239  98.2143  9.91031
23.75  1.19381  95.082  9.751
23.75  1.22522  96.2264  9.80951
23.75  1.25664  96.4912  9.82299
23.75  1.28805  100  10
23.75  1.31947  97.9167  9.89529
23.75  1.35088  98.4127  9.92032
23.75  1.3823  97.0149  9.84962
23.75  1.41372  98.1481  9.90697
23.75  1.44513  97.9167  9.89529
23.75  1.47655  100  10
23.75  1.50796  100  10
23.75  1.53938  100  10
23.75  1.5708  100  10
23.75  1.60221  100  10
23.75  1.63363  100  10
23.75  1.66504  100  10
23.75  1.69646  95.2381  9.759
23.75  1.72788  98.1481  9.90697
23.75  1.75929  100  10
23.75  1.79071  96.8254  9.83999
23.75  1.82212  98.2759  9.91342
23.75  1.85354  97.8723  9.89305
23.75  1.88496  100  10
23.75  1.91637  97.6744  9.88304
23.75  1.94779  96.9697  9.84732
23.75  1.9792  100  10
23.75  2.01062  94.7368  9.73329
23.75  2.04204  97.2222  9.86013
23.75  2.07345  95.8904  9.79236
23.75  2.10487  94.3182  9.71175
23.75  2.13628  86.4407  9.29735
23.75  2.1677  95.7746  9.78645
23.75  2.19911  92.2078  9.60249
23.75  2.23053  92.4051  9.61276
23.75  2.26195  97.4359  9.87096
23.75  2.29336  94.6667  9.72968
23.75  2.32478  94.0476  9.69782
23.75  2.35619  90.4762  9.5119
23.75  2.38761  94.5455  9.72345
23.75  2.41903  92.8571  9.63624
23.75  2.45044  80  8.94427
23.75  2.48186  90.625  9.51972
23.75  2.51327  88.8889  9.42809
23.75  2.54469  74.0741  8.60663
23.75  2.57611  84.6154  9.19866
23.75  2.60752  61.9048  7.86796
23.75  2.63894  10  3.16228
23.75  2.67035  0  0
23.75  2.70177  0  0
23.75  2.73319  0  0
23.75  2.7646  0  0
23.75  2.79602  0  0
23.75  2.82743  0  0
23.75  2.85885  0  0
23.75  2.89027  0  0
23.75  2.92168  0  0
23.75  2.9531  0  0
23.75  2.98451  0  0
23.75  3.01593  0  0
23.75  3.04734  0  0
23.75  3.07876  0  0
23.75  3.11018  0  0
23.875  0  0  0
23.875  0.0314159  0  0
23.875  0.0628319  0  0
23.875  0.0942478  0  0
23.875  0.125664  0  0
23.875  0.15708  0  0
23.875  0.188496  0  0
23.875  0.219911  0  0
23.875  0.251327  0  0
23.875  0.282743  0  0
23.875  0.314159  0  0
23.875  0.345575  0  0
23.875  0.376991  0  0
23.875  0.408407  0  0
23.875  0.439823  0  0
23.875  0.471239  5.26316  2.29416
23.875  0.502655  76.9231  8.77058
23.875  0.534071  88.8889  9.42809
23.875  0.565487  85.7143  9.2582
23.875  0.596903  85.2941  9.23548
23.875  0.628319  80.8511  8.99172
23.875  0.659734  97.0588  9.85184
23.875  0.69115  93.2203  9.65507
23.875  0.722566  95.1613  9.75506
23.875  0.753982  85.9155  9.26906
23.875  0.785398  98.2759  9.91342
23.875  0.816814  87.8378  9.37218
23.875  0.84823  86.8421  9.31891
23.875  0.879646  90.7692  9.52729
23.875  0.911062  94.5652  9.72446
23.875  0.942478  93.2203  9.65507
23.875  0.973894  98.3871  9.91903
23.875  1.00531  96.7033  9.83378
23.875  1.03673  98.7013  9.93485
23.875  1.06814  96.8254  9.83999
23.875  1.09956  98.4127  9.92032
23.875  1.13097  98.1818  9.90867
23.875  1.16239  97.1831  9.85815
23.875  1.19381  95.1613  9.75506
23.875  1.22522  95.4545  9.77008
23.875  1.25664  95.9184  9.79379
23.875  1.28805  100  10
23.875  1.31947  93.3333  9.66092
23.875  1.35088  95.7143  9.78337
23.875  1.3823  95.9184  9.79379
23.875  1.41372  100  10
23.875  1.44513  100  10
23.875  1.47655  98.5507  9.92727
23.875  1.50796  98.3607  9.91769
23.875  1.53938  100  10
23.875  1.5708  100  10
23.875  1.60221  100  10
23.875  1.63363  100  10
23.875  1.66504  100  10
23.875  1.69646  97.7778  9.88826
23.875  1.72788  100  10
23.875  1.75929  97.1429  9.85611
23.875  1.79071  98  9.89949
23.875  1.82212  100  10
23.875  1.85354  95.122  9.75305
23.875  1.88496  100  10
23.875  1.91637  97.7273  9.88571
23.875  1.94779  94.9153  9.74245
23.875  1.9792  94.5946  9.72598
23.875  2.01062  97.1429  9.85611
23.875  2.04204  95.2381  9.759
23.875  2.07345  98.4615  9.92278
23.875  2.10487  90.3846  9.50708
23.875  2.13628  93.75  9.68246
23.875  2.1677  88.3721  9.40064
23.875  2.19911  96.1039  9.80326
23.875  2.23053  92.1875  9.60143
23.875  2.26195  96.6667  9.83192
23.875  2.29336  98.4848  9.92395
23.875  2.32478  90.1408  9.49425
23.875  2.35619  92.5926  9.6225
23.875  2.38761  88.8889  9.42809
23.875  2.41903  87.5  9.35414
23.875  2.45044  86.9565  9.32505
23.875  2.48186  88.3721  9.40064
23.875  2.51327  73.5294  8.57493
23.875  2.54469  86.4865  9.29981
23.875  2.57611  86.9565  9.32505
23.875  2.60752  68.1818  8.25723
23.875  2.63894  15.7895  3.9736
23.875  2.67035  0  0
23.875  2.70177  0  0
23.875  2.73319  0  0
23.875  2.7646  0  0
23.875  2.79602  0  0
23.875  2.82743  0  0
23.875  2.85885  0  0
23.875  2.89027  0  0
23.875  2.92168  0  0
23.875  2.9531  0  0
23.875  2.98451  0  0
23.875  3.01593  0  0
23.875  3.04734  0  0
23.875  3.07876  0  0
23.875  3.11018  0  0
24  0  0  0
24  0.0314159  0  0
24  0.0628319  0  0
24  0.0942478  0  0
24  0.125664  0  0
24  0.15708  0  0
24  0.188496  0  0
24  0.219911  0  0
24  0.251327  0  0
24  0.282743  0  0
24  0.314159  0  0
24  0.345575  0  0
24  0.376991  0  0
24  0.408407  0  0
24  0.439823  0  0
24  0.471239  40.9091  6.39602
24  0.502655  80  8.94427
24  0.534071  81.8182  9.04534
24  0.565487  86.1111  9.27961
24  0.596903  90  9.48683
24  0.628319  89.1892  9.444
24  0.659734  96.6667  9.83192
24  0.69115  96.7742  9.83739
24  0.722566  86.0465  9.27613
24  0.753982  81.6667  9.03696
24  0.785398  90  9.48683
24  0.816814  85.7143  9.2582
24  0.84823  96.9231  9.84495
24  0.879646  92.5  9.61769
24  0.911062  92.4051  9.61276
24  0.942478  94.1176  9.70143
24  0.973894  96.2963  9.81307
24  1.00531  92.0455  9.59403
24  1.03673  93.5897  9.67418
24  1.06814  96.7213  9.8347
24  1.09956  96.6667  9.83192
24  1.13097  91.9355  9.5883
24  1.16239  97.1014  9.85401
24  1.19381  91.4894  9.56501
24  1.22522  96.0784  9.80196
24  1.25664  98.1481  9.90697
24  1.28805  98.2143  9.91031
24  1.31947  98.0769  9.90338
24  1.35088  100  10
24  1.3823  98.1481  9.90697
24  1.41372  100  10
24  1.44513  100  10
24  1.47655  100  10
24  1.50796  100  10
24  1.53938  100  10
24  1.5708  98.4615  9.92278
24  1.60221  95.122  9.75305
24  1.63363  100  10
24  1.66504  100  10
24  1.69646  98.0769  9.90338
24  1.72788  100  10
24  1.75929  96.875  9.84251
24  1.79071  100  10
24  1.82212  98.1132  9.90521
24  1.85354  97.7273  9.88571
24  1.88496  98.2759  9.91342
24  1.91637  98.4848  9.92395
24  1.94779  98.3333  9.91632
24  1.9792  98.5294  9.9262
24  2.01062  98.6301  9.93127
24  2.04204  92.4242  9.61375
24  2.07345  98.1818  9.90867
24  2.10487  92.3077  9.60769
24  2.13628  95.5882  9.77692
24  2.1677  91.9355  9.5883
24  2.19911  95.7143  9.78337
24  2.23053  90.1235  9.49334
24  2.26195  92.6471  9.62533
24  2.29336  93.0556  9.64653
24  2.32478  92.2078  9.60249
24  2.35619  89.3939  9.45484
24  2.38761  89.8305  9.4779
24  2.41903  86.7925  9.31625
24  2.45044  91.4894  9.56501
24  2.48186  81.0811  9.0045
24  2.51327  91.1765  9.54864
24  2.54469  92.8571  9.63624
24  2.57611  92.3077  9.60769
24  2.60752  70.5882  8.40168
24  2.63894  0  0
24  2.67035  0  0
24  2.70177  0  0
24  2.73319  0  0
24  2.7646  0  0
24  2.79602  0  0
24  2.82743  0  0
24  2.85885  0  0
24  2.89027  0  0
24  2.92168  0  0
24  2.9531  0  0
24  2.98451  0  0
24  3.01593  0  0
24  3.04734  0  0
24  3.07876  0  0
24  3.11018  0  0
24.125  0  0  0
24.125  0.0314159  0  0
24.125  0.0628319  0  0
24.125  0.0942478  0  0
24.125  0.125664  0  0
24.125  0.15708  0  0
24.125  0.188496  0  0
24.125  0.219911  0  0
24.125  0.251327  0  0
24.125  0.282743  0  0
24.125  0.314159  0  0
24.125  0.345575  0  0
24.125  0.376991  0  0
24.125  0.408407  0  0
24.125  0.439823  0  0
24.125  0.471239  11.1111  3.33333
24.125  0.502655  84.8485  9.21132
24.125  0.534071  68  8.24621
24.125  0.565487  81.5789  9.03211
24.125  0.596903  87.0968  9.33257
24.125  0.628319  94.8718  9.74022
24.125  0.659734  94.7368  9.73329
24.125  0.69115  88.8889  9.42809
24.125  0.722566  90.566  9.51662
24.125  0.753982  93.5897  9.67418
24.125  0.785398  88.1579  9.38924
24.125  0.816814  89.1892  9.444
24.125  0.84823  86.4407  9.29735
24.125  0.879646  91.1392  9.54669
24.125  0.911062  90.5405  9.51528
24.125  0.942478  94.5946  9.72598
24.125  0.973894  92.1348  9.59869
24.125  1.00531  98.3051  9.91489
24.125  1.03673  98.6301  9.93127
24.125  1.06814  95.8904  9.79236
24.125  1.09956  100  10
24.125  1.13097  98.4375  9.92157
24.125  1.16239  96.7742  9.83739
24.125  1.19381  94.2308  9.70725
24.125  1.22522  98.4615  9.92278
24.125  1.25664  98.3871  9.91903
24.125  1.28805  97.9592  9.89743
24.125  1.31947  98.2456  9.91189
24.125  1.35088  96.6102  9.82905
24.125  1.3823  96.4912  9.82299
24.125  1.41372  96.8254  9.83999
24.125  1.44513  100  10
24.125  1.47655  100  10
24.125  1.50796  100  10
24.125  1.53938  100  10
24.125  1.5708  97.7273  9.88571
24.125  1.60221  100  10
24.125  1.63363  100  10
24.125  1.66504  100  10
24.125  1.69646  98.2759  9.91342
24.125  1.72788  100  10
24.125  1.75929  100  10
24.125  1.79071  100  10
24.125  1.82212  96.8254  9.83999
24.125  1.85354  98.2143  9.91031
24.125  1.88496  97.0149  9.84962
24.125  1.91637  98.2759  9.91342
24.125  1.94779  100  10
24.125  1.9792  95.5224  9.77356
24.125  2.01062  94.1176  9.70143
24.125  2.04204  93.4426  9.66657
24.125  2.07345  94.5946  9.72598
24.125  2.10487  95.7746  9.78645
24.125  2.13628  89.8305  9.4779
24.125  2.1677  94.1176  9.70143
24.125  2.19911  90.5882  9.51779
24.125  2.23053  94.5946  9.72598
24.125  2.26195  91.5663  9.56903
24.125  2.29336  91.5493  9.56814
24.125  2.32478  80.4598  8.96994
24.125  2.35619  88.5714  9.41124
24.125  2.38761  91.3793  9.55925
24.125  2.41903  86.0465  9.27613
24.125  2.45044  87.1795  9.337
24.125  2.48186  84.2105  9.17663
24.125  2.51327  85.1852  9.22958
24.125  2.54469  75  8.66025
24.125  2.57611  83.871  9.15811
24.125  2.60752  76  8.7178
24.125  2.63894  31.8182  5.64076
24.125  2.67035  0  0
24.125  2.70177  0  0
24.125  2.73319  0  0
24.125  2.7646  0  0
24.125  2.79602  0  0
24.125  2.82743  0  0
24.125  2.85885  0  0
24.125  2.89027  0  0
24.125  2.92168  0  0
24.125  2.9531  0  0
24.125  2.98451  0  0
24.125  3.01593  0  0
24.125  3.04734  0  0
24.125  3.07876  0  0
24.125  3.11018  0  0
24.25  0  0  0
24.25  0.0314159  0  0
24.25  0.0628319  0  0
24.25  0.0942478  0  0
24.25  0.125664  0  0
24.25  0.15708  0  0
24.25  0.188496  0  0
24.25  0.219911  0  0
24.25  0.251327  0  0
24.25  0.282743  0  0
24.25  0.314159  0  0
24.25  0.345575  0  0
24.25  0.376991  0  0
24.25  0.408407  0  0
24.25  0.439823  4.7619  2.18218
24.25  0.471239  36.8421  6.06977
24.25  0.502655  84.6154  9.19866
24.25  0.534071  84  9.16515
24.25  0.565487  87.5  9.35414
24.25  0.596903  86.9565  9.32505
24.25  0.628319  93.9394  9.69223
24.25  0.659734  83.3333  9.12871
24.25  0.69115  89.7436  9.47331
24.25  0.722566  86.0465  9.27613
24.25  0.753982  93.4426  9.66657
24.25  0.785398  95.4545  9.77008
24.25  0.816814  92.0635  9.59497
24.25  0.84823  95.8333  9.78945
24.25  0.879646  89.7436  9.47331
24.25  0.911062  95.2941  9.76187
24.25  0.942478  93.0556  9.64653
24.25  0.973894  100  10
24.25  1.00531  93.3333  9.66092
24.25  1.03673  95.7143  9.78337
24.25  1.06814  96.7742  9.83739
24.25  1.09956  98.4127  9.92032
24.25  1.13097  98.2759  9.91342
24.25  1.16239  98.1132  9.90521
24.25  1.19381  97.561  9.8773
24.25  1.22522  95.2381  9.759
24.25  1.25664  96.1538  9.80581
24.25  1.28805  98.3607  9.91769
24.25  1.31947  100  10
24.25  1.35088  98.3051  9.91489
24.25  1.3823  98.1481  9.90697
24.25  1.41372  100  10
24.25  1.44513  100  10
24.25  1.47655  100  10
24.25  1.50796  100  10
24.25  1.53938  100  10
24.25  1.5708  100  10
24.25  1.60221  98.0769  9.90338
24.25  1.63363  100  10
24.25  1.66504  96.5517  9.82607
24.25  1.69646  98.1818  9.90867
24.25  1.72788  95  9.74679
24.25  1.75929  100  10
24.25  1.79071  98.1132  9.90521
24.25  1.82212  100  10
24.25  1.85354  100  10
24.25  1.88496  100  10
24.25  1.91637  93.1818  9.65307
24.25  1.94779  96.8254  9.83999
24.25  1.9792  100  10
24.25  2.01062  96.7213  9.8347
24.25  2.04204  96.2963  9.81307
24.25  2.07345  93.75  9.68246
24.25  2.10487  94.5946  9.72598
24.25  2.13628  89.0411  9.43616
24.25  2.1677  94.7368  9.73329
24.25  2.19911  92.2078  9.60249
24.25  2.23053  92.7536  9.63087
24.25  2.26195  92.7711  9.63177
24.25  2.29336  96.7213  9.8347
24.25  2.32478  93.9759  9.69412
24.25  2.35619  85.9375  9.27025
24.25  2.38761  86  9.27362
24.25  2.41903  90.3846  9.50708
24.25  2.45044  90.3846  9.50708
24.25  2.48186  87.8788  9.37437
24.25  2.51327  82.8571  9.10259
24.25  2.54469  85.7143  9.2582
24.25  2.57611  88.4615  9.4054
24.25  2.60752  86.9565  9.32505
24.25  2.63894  54.1667  7.3598
24.25  2.67035  4.16667  2.04124
24.25  2.70177  0  0
24.25  2.73319  0  0
24.25  2.7646  0  0
24.25  2.79602  0  0
24.25  2.82743  0  0
24.25  2.85885  0  0
24.25  2.89027  0  0
24.25  2.92168  0  0
24.25  2.9531  0  0
24.25  2.98451  0  0
24.25  3.01593  0  0
24.25  3.04734  0  0
24.25  3.07876  0  0
24.25  3.11018  0  0
24.375  0  0  0
24.375  0.0314159  0  0
24.375  0.0628319  0  0
24.375  0.0942478  0  0
24.375  0.125664  0  0
24.375  0.15708  0  0
24.375  0.188496  0  0
24.375  0.219911  0  0
24.375  0.251327  0  0
24.375  0.282743  0  0
24.375  0.314159  0  0
24.375  0.345575  0  0
24.375  0.376991  0  0
24.375  0.408407  0  0
24.375  0.439823  0  0
24.375  0.471239  33.3333  5.7735
24.375  0.502655  85.7143  9.2582
24.375  0.534071  95  9.74679
24.375  0.565487  92.8571  9.63624
24.375  0.596903  70.5882  8.40168
24.375  0.628319  94.2308  9.70725
24.375  0.659734  88.6364  9.41469
24.375  0.69115  87.5  9.35414
24.375  0.722566  88.2353  9.39336
24.375  0.753982  92.7536  9.63087
24.375  0.785398  90  9.48683
24.375  0.816814  95.8333  9.78945
24.375  0.84823  96.2025  9.80829
24.375  0.879646  97.561  9.8773
24.375  0.911062  97.5904  9.87878
24.375  0.942478  91.5663  9.56903
24.375  0.973894  93.3333  9.66092
24.375  1.00531  92.6471  9.62533
24.375  1.03673  93.2203  9.65507
24.375  1.06814  100  10
24.375  1.09956  98.5294  9.9262
24.375  1.13097  94.6429  9.72846
24.375  1.16239  95.2381  9.759
24.375  1.19381  100  10
24.375  1.22522  95.5224  9.77356
24.375  1.25664  94.3396  9.71286
24.375  1.28805  97.561  9.8773
24.375  1.31947  96.1538  9.80581
24.375  1.35088  96.6667  9.83192
24.375  1.3823  98.2143  9.91031
24.375  1.41372  100  10
24.375  1.44513  100  10
24.375  1.47655  100  10
24.375  1.50796  100  10
24.375  1.53938  100  10
24.375  1.5708  100  10
24.375  1.60221  100  10
24.375  1.63363  98.2143  9.91031
24.375  1.66504  98.2456  9.91189
24.375  1.69646  100  10
24.375  1.72788  100  10
24.375  1.75929  100  10
24.375  1.79071  100  10
24.375  1.82212  100  10
24.375  1.85354  98.5075  9.92509
24.375  1.88496  93.2203  9.65507
24.375  1.91637  95  9.74679
24.375  1.94779  91.6667  9.57427
24.375  1.9792  95.9184  9.79379
24.375  2.01062  98.4615  9.92278
24.375  2.04204  96.6667  9.83192
24.375  2.07345  90.2778  9.50146
24.375  2.10487  91.4286  9.56183
24.375  2.13628  93.4211  9.66546
24.375  2.1677  92  9.59166
24.375  2.19911  96.0526  9.80064
24.375  2.23053  84.127  9.17208
24.375  2.26195  90.3614  9.50586
24.375  2.29336  95.7746  9.78645
24.375  2.32478  95.3125  9.76281
24.375  2.35619  90.4762  9.5119
24.375  2.38761  88.2353  9.39336
24.375  2.41903  90.4762  9.5119
24.375  2.45044  90.2439  9.49968
24.375  2.48186  87.5  9.35414
24.375  2.51327  89.1304  9.44089
24.375  2.54469  73.913  8.59727
24.375  2.57611  88.8889  9.42809
24.375  2.60752  77.7778  8.81917
24.375  2.63894  28.5714  5.34522
24.375  2.67035  0  0
24.375  2.70177  0  0
24.375  2.73319  0  0
24.375  2.7646  0  0
24.375  2.79602  0  0
24.375  2.82743  0  0
24.375  2.85885  0  0
24.375  2.89027  0  0
24.375  2.92168  0  0
24.375  2.9531  0  0
24.375  2.98451  0  0
24.375  3.01593  0  0
24.375  3.04734  0  0
24.375  3.07876  0  0
24.375  3.11018  0  0
24.5  0  0  0
24.5  0.0314159  0  0
24.5  0.0628319  0  0
24.5  0.0942478  0  0
24.5  0.125664  0  0
24.5  0.15708  0  0
24.5  0.188496  0  0
24.5  0.219911  0  0
24.5  0.251327  0  0
24.5  0.282743  0  0
24.5  0.314159  0  0
24.5  0.345575  0  0
24.5  0.376991  0  0
24.5  0.408407  0  0
24.5  0.439823  6.25  2.5
24.5  0.471239  45.8333  6.77003
24.5  0.502655  73.913  8.59727
24.5  0.534071  85.7143  9.2582
24.5  0.565487  87.8049  9.37043
24.5  0.596903  91.6667  9.57427
24.5  0.628319  97.2222  9.86013
24.5  0.659734  85.1064  9.22531
24.5  0.69115  90.625  9.51972
24.5  0.722566  88.5246  9.40875
24.5  0.753982  93.9394  9.69223
24.5  0.785398  94.0299  9.6969
24.5  0.816814  94.4444  9.71825
24.5  0.84823  97.561  9.8773
24.5  0.879646  97.6471  9.88165
24.5  0.911062  95.8904  9.79236
24.5  0.942478  92  9.59166
24.5  0.973894  95.3846  9.7665
24.5  1.00531  93.6709  9.67837
24.5  1.03673  89.5522  9.4632
24.5  1.06814  97.2222  9.86013
24.5  1.09956  94.9153  9.74245
24.5  1.13097  92.5926  9.6225
24.5  1.16239  95.3846  9.7665
24.5  1.19381  100  10
24.5  1.22522  96.0784  9.80196
24.5  1.25664  98.0392  9.90148
24.5  1.28805  97.7778  9.88826
24.5  1.31947  100  10
24.5  1.35088  97.561  9.8773
24.5  1.3823  98.1818  9.90867
24.5  1.41372  100  10
24.5  1.44513  98.2456  9.91189
24.5  1.47655  98.0769  9.90338
24.5  1.50796  100  10
24.5  1.53938  100  10
24.5  1.5708  100  10
24.5  1.60221  100  10
24.5  1.63363  97.9167  9.89529
24.5  1.66504  100  10
24.5  1.69646  100  10
24.5  1.72788  100  10
24.5  1.75929  98.1818  9.90867
24.5  1.79071  97.1014  9.85401
24.5  1.82212  98.1132  9.90521
24.5  1.85354  96.6667  9.83192
24.5  1.88496  96.6667  9.83192
24.5  1.91637  94.6429  9.72846
24.5  1.94779  95.8333  9.78945
24.5  1.9792  100  10
24.5  2.01062  95.8333  9.78945
24.5  2.04204  93.0556  9.64653
24.5  2.07345  87.037  9.32936
24.5  2.10487  96.25  9.81071
24.5  2.13628  94.5946  9.72598
24.5  2.1677  90.4762  9.5119
24.5  2.19911  96.7213  9.8347
24.5  2.23053  91.954  9.58927
24.5  2.26195  95.7746  9.78645
24.5  2.29336  95.7143  9.78337
24.5  2.32478  95.6522  9.78019
24.5  2.35619  88.0597  9.38401
24.5  2.38761  92.5926  9.6225
24.5  2.41903  92.4528  9.61524
24.5  2.45044  92.5  9.61769
24.5  2.48186  79.3103  8.90564
24.5  2.51327  82.3529  9.07485
24.5  2.54469  90  9.48683
24.5  2.57611  69.697  8.34847
24.5  2.60752  88.2353  9.39336
24.5  2.63894  62.5  7.90569
24.5  2.67035  0  0
24.5  2.70177  0  0
24.5  2.73319  0  0
24.5  2.7646  0  0
24.5  2.79602  0  0
24.5  2.82743  0  0
24.5  2.85885  0  0
24.5  2.89027  0  0
24.5  2.92168  0  0
24.5  2.9531  0  0
24.5  2.98451  0  0
24.5  3.01593  0  0
24.5  3.04734  0  0
24.5  3.07876  0  0
24.5  3.11018  0  0
24.625  0  0  0
24.625  0.0314159  0  0
24.625  0.0628319  0  0
24.625  0.0942478  0  0
24.625  0.125664  0  0
24.625  0.15708  0  0
24.625  0.188496  0  0
24.625  0.219911  0  0
24.625  0.251327  0  0
24.625  0.282743  0  0
24.625  0.314159  0  0
24.625  0.345575  0  0
24.625  0.376991  0  0
24.625  0.408407  0  0
24.625  0.439823  0  0
24.625  0.471239  57.8947  7.60886
24.625  0.502655  86.3636  9.2932
24.625  0.534071  75.8621  8.70988
24.625  0.565487  78.125  8.83883
24.625  0.596903  88.5714  9.41124
24.625  0.628319  86.8421  9.31891
24.625  0.659734  92  9.59166
24.625  0.69115  91.8367  9.58315
24.625  0.722566  92.1569  9.59984
24.625  0.753982  92.1875  9.60143
24.625  0.785398  91.8919  9.58603
24.625  0.816814  97.4026  9.86928
24.625  0.84823  93.5484  9.67204
24.625  0.879646  91.6667  9.57427
24.625  0.911062  93.8272  9.68644
24.625  0.942478  97.1831  9.85815
24.625  0.973894  89.8551  9.47919
24.625  1.00531  93.9024  9.69033
24.625  1.03673  96.9697  9.84732
24.625  1.06814  94.9153  9.74245
24.625  1.09956  97.0149  9.84962
24.625  1.13097  93.6508  9.67733
24.625  1.16239  96.1538  9.80581
24.625  1.19381  97.9592  9.89743
24.625  1.22522  98.4375  9.92157
24.625  1.25664  98.3051  9.91489
24.625  1.28805  100  10
24.625  1.31947  98.1481  9.90697
24.625  1.35088  98.3051  9.91489
24.625  1.3823  98.1481  9.90697
24.625  1.41372  98.0392  9.90148
24.625  1.44513  100  10
24.625  1.47655  100  10
24.625  1.50796  100  10
24.625  1.53938  100  10
24.625  1.5708  98.4127  9.92032
24.625  1.60221  100  10
24.625  1.63363  95.9184  9.79379
24.625  1.66504  100  10
24.625  1.69646  100  10
24.625  1.72788  95.4545  9.77008
24.625  1.75929  100  10
24.625  1.79071  96.0784  9.80196
24.625  1.82212  97.7778  9.88826
24.625  1.85354  92.5926  9.6225
24.625  1.88496  100  10
24.625  1.91637  98.4127  9.92032
24.625  1.94779  96.0784  9.80196
24.625  1.9792  96.2963  9.81307
24.625  2.01062  94.0299  9.6969
24.625  2.04204  98.2143  9.91031
24.625  2.07345  96.2025  9.80829
24.625  2.10487  95.7746  9.78645
24.625  2.13628  91.0448  9.54174
24.625  2.1677  90.7895  9.52835
24.625  2.19911  95.1807  9.75606
24.625  2.23053  89.7436  9.47331
24.625  2.26195  94.5205  9.72217
24.625  2.29336  88.7097  9.41858
24.625  2.32478  86.1538  9.28191
24.625  2.35619  90.2778  9.50146
24.625  2.38761  85.4167  9.24211
24.625  2.41903  84.4828  9.19145
24.625  2.45044  90.4762  9.5119
24.625  2.48186  82.9268  9.10642
24.625  2.51327  89.4737  9.45905
24.625  2.54469  87.5  9.35414
24.625  2.57611  78.9474  8.88523
24.625  2.60752  62.5  7.90569
24.625  2.63894  47.3684  6.88247
24.625  2.67035  0  0
24.625  2.70177  0  0
24.625  2.73319  0  0
24.625  2.7646  0  0
24.625  2.79602  0  0
24.625  2.82743  0  0
24.625  2.85885  0  0
24.625  2.89027  0  0
24.625  2.92168  0  0
24.625  2.9531  0  0
24.625  2.98451  0  0
24.625  3.01593  0  0
24.625  3.04734  0  0
24.625  3.07876  0  0
24.625  3.11018  0  0
24.75  0  0  0
24.75  0.0314159  0  0
24.75  0.0628319  0  0
24.75  0.0942478  0  0
24.75  0.125664  0  0
24.75  0.15708  0  0
24.75  0.188496  0  0
24.75  0.219911  0  0
24.75  0.251327  0  0
24.75  0.282743  0  0
24.75  0.314159  0  0
24.75  0.345575  0  0
24.75  0.376991  0  0
24.75  0.408407  0  0
24.75  0.439823  0  0
24.75  0.471239  70  8.3666
24.75  0.502655  82.3529  9.07485
24.75  0.534071  91.3043  9.55533
24.75  0.565487  88  9.38083
24.75  0.596903  83.3333  9.12871
24.75  0.628319  77.4194  8.79883
24.75  0.659734  88.6364  9.41469
24.75  0.69115  77.0492  8.77777
24.75  0.722566  90.4762  9.5119
24.75  0.753982  85.7143  9.2582
24.75  0.785398  85  9.21954
24.75  0.816814  87.013  9.32808
24.75  0.84823  94.7368  9.73329
24.75  0.879646  92.4731  9.61629
24.75  0.911062  91.8605  9.58439
24.75  0.942478  94.2857  9.71008
24.75  0.973894  92.1875  9.60143
24.75  1.00531  95.5224  9.77356
24.75  1.03673  94.9153  9.74245
24.75  1.06814  96.2264  9.80951
24.75  1.09956  97.5  9.87421
24.75  1.13097  94.2029  9.70582
24.75  1.16239  93.0556  9.64653
24.75  1.19381  98.1132  9.90521
24.75  1.22522  89.5522  9.4632
24.75  1.25664  100  10
24.75  1.28805  96.4912  9.82299
24.75  1.31947  95.082  9.751
24.75  1.35088  98.0769  9.90338
24.75  1.3823  100  10
24.75  1.41372  96.2963  9.81307
24.75  1.44513  95.6522  9.78019
24.75  1.47655  100  10
24.75  1.50796  100  10
24.75  1.53938  100  10
24.75  1.5708  100  10
24.75  1.60221  100  10
24.75  1.63363  100  10
24.75  1.66504  100  10
24.75  1.69646  98.3871  9.91903
24.75  1.72788  98.0769  9.90338
24.75  1.75929  98.1132  9.90521
24.75  1.79071  100  10
24.75  1.82212  100  10
24.75  1.85354  97.9592  9.89743
24.75  1.88496  96  9.79796
24.75  1.91637  96.0526  9.80064
24.75  1.94779  92.8571  9.63624
24.75  1.9792  96.2963  9.81307
24.75  2.01062  96.4286  9.81981
24.75  2.04204  95.7746  9.78645
24.75  2.07345  100  10
24.75  2.10487  93.5897  9.67418
24.75  2.13628  88.5714  9.41124
24.75  2.1677  94.5946  9.72598
24.75  2.19911  93.1507  9.65146
24.75  2.23053  91.1111  9.54521
24.75  2.26195  93.5897  9.67418
24.75  2.29336  88.7097  9.41858
24.75  2.32478  88.5246  9.40875
24.75  2.35619  93.2203  9.65507
24.75  2.38761  94.4444  9.71825
24.75  2.41903  91.4894  9.56501
24.75  2.45044  78.2609  8.84652
24.75  2.48186  86.3636  9.2932
24.75  2.51327  89.4737  9.45905
24.75  2.54469  82.8571  9.10259
24.75  2.57611  71.4286  8.45154
24.75  2.60752  91.6667  9.57427
24.75  2.63894  60  7.74597
24.75  2.67035  5  2.23607
24.75  2.70177  0  0
24.75  2.73319  0  0
24.75  2.7646  0  0
24.75  2.79602  0  0
24.75  2.82743  0  0
24.75  2.85885  0  0
24.75  2.89027  0  0
24.75  2.92168  0  0
24.75  2.9531  0  0
24.75  2.98451  0  0
24.75  3.01593  0  0
24.75  3.04734  0  0
24.75  3.07876  0  0
24.75  3.11018  0  0
24.875  0  0  0
24.875  0.0314159  0  0
24.875  0.0628319  0  0
24.875  0.0942478  0  0
24.875  0.125664  0  0
24.875  0.15708  0  0
24.875  0.188496  0  0
24.875  0.219911  0  0
24.875  0.251327  0  0
24.875  0.282743  0  0
24.875  0.314159  8.33333  2.88675
24.875  0.345575  0  0
24.875  0.376991  0  0
24.875  0.408407  0  0
24.875  0.439823  18.75  4.33013
24.875  0.471239  82.6087  9.08893
24.875  0.502655  72.7273  8.52803
24.875  0.534071  83.3333  9.12871
24.875  0.565487  75  8.66025
24.875  0.596903  90  9.48683
24.875  0.628319  81.25  9.01388
24.875  0.659734  92.9825  9.64274
24.875  0.69115  87.8049  9.37043
24.875  0.722566  90.625  9.51972
24.875  0.753982  90  9.48683
24.875  0.785398  85.0746  9.22359
24.875  0.816814  91.8919  9.58603
24.875  0.84823  96.7213  9.8347
24.875  0.879646  92.8571  9.63624
24.875  0.911062  93.8272  9.68644
24.875  0.942478  90.9091  9.53463
24.875  0.973894  88.6076  9.41316
24.875  1.00531  95.3846  9.7665
24.875  1.03673  93.9394  9.69223
24.875  1.06814  90.4762  9.5119
24.875  1.09956  94.6429  9.72846
24.875  1.13097  94.6429  9.72846
24.875  1.16239  97.3684  9.86754
24.875  1.19381  96.4912  9.82299
24.875  1.22522  93.4426  9.66657
24.875  1.25664  97.8261  9.89071
24.875  1.28805  100  10
24.875  1.31947  100  10
24.875  1.35088  98  9.89949
24.875  1.3823  100  10
24.875  1.41372  96.6667  9.83192
24.875  1.44513  100  10
24.875  1.47655  100  10
24.875  1.50796  100  10
24.875  1.53938  100  10
24.875  1.5708  100  10
24.875  1.60221  100  10
24.875  1.63363  98.5294  9.9262
24.875  1.66504  100  10
24.875  1.69646  94.2308  9.70725
24.875  1.72788  95.2381  9.759
24.875  1.75929  94.1176  9.70143
24.875  1.79071  100  10
24.875  1.82212  98.2456  9.91189
24.875  1.85354  100  10
24.875  1.88496  92.8571  9.63624
24.875  1.91637  96.4912  9.82299
24.875  1.94779  93.8462  9.68742
24.875  1.9792  100  10
24.875  2.01062  100  10
24.875  2.04204  97.1429  9.85611
24.875  2.07345  97.2222  9.86013
24.875  2.10487  98.4615  9.92278
24.875  2.13628  96.9231  9.84495
24.875  2.1677  93.8272  9.68644
24.875  2.19911  91.8033  9.5814
24.875  2.23053  84.6154  9.19866
24.875  2.26195  92.5926  9.6225
24.875  2.29336  92.7536  9.63087
24.875  2.32478  89.6552  9.46864
24.875  2.35619  79.661  8.9253
24.875  2.38761  86.4407  9.29735
24.875  2.41903  93.4783  9.66842
24.875  2.45044  84.6154  9.19866
24.875  2.48186  82.6087  9.08893
24.875  2.51327  80.5556  8.97527
24.875  2.54469  82.6087  9.08893
24.875  2.57611  82.7586  9.09718
24.875  2.60752  68  8.24621
24.875  2.63894  57.8947  7.60886
24.875  2.67035  13.3333  3.65148
24.875  2.70177  0  0
24.875  2.73319  0  0
24.875  2.7646  0  0
24.875  2.79602  0  0
24.875  2.82743  0  0
24.875  2.85885  0  0
24.875  2.89027  0  0
24.875  2.92168  0  0
24.875  2.9531  0  0
24.875  2.98451  0  0
24.875  3.01593  0  0
24.875  3.04734  0  0
24.875  3.07876  0  0
24.875  3.11018  0  0
