2  0  0  0
2  0.0314159  0  0
2  0.0628319  0  0
2  0.0942478  0  0
2  0.125664  0  0
2  0.15708  0  0
2  0.188496  0  0
2  0.219911  0  0
2  0.251327  0  0
2  0.282743  0  0
2  0.314159  0  0
2  0.345575  0  0
2  0.376991  0  0
2  0.408407  0  0
2  0.439823  0  0
2  0.471239  0  0
2  0.502655  0  0
2  0.534071  0  0
2  0.565487  0  0
2  0.596903  0  0
2  0.628319  0  0
2  0.659734  0  0
2  0.69115  0  0
2  0.722566  0  0
2  0.753982  0  0
2  0.785398  0  0
2  0.816814  0  0
2  0.84823  0  0
2  0.879646  0  0
2  0.911062  0  0
2  0.942478  0  0
2  0.973894  0  0
2  1.00531  0  0
2  1.03673  0  0
2  1.06814  0  0
2  1.09956  0  0
2  1.13097  0  0
2  1.16239  0  0
2  1.19381  0  0
2  1.22522  0  0
2  1.25664  0  0
2  1.28805  0  0
2  1.31947  0  0
2  1.35088  0  0
2  1.3823  0  0
2  1.41372  0  0
2  1.44513  0  0
2  1.47655  0  0
2  1.50796  0  0
2  1.53938  0  0
2  1.5708  0  0
2  1.60221  0  0
2  1.63363  0  0
2  1.66504  0  0
2  1.69646  0  0
2  1.72788  0  0
2  1.75929  0  0
2  1.79071  0  0
2  1.82212  0  0
2  1.85354  0  0
2  1.88496  0  0
2  1.91637  0  0
2  1.94779  0  0
2  1.9792  0  0
2  2.01062  0  0
2  2.04204  0  0
2  2.07345  0  0
2  2.10487  0  0
2  2.13628  0  0
2  2.1677  0  0
2  2.19911  0  0
2  2.23053  0  0
2  2.26195  0  0
2  2.29336  0  0
2  2.32478  0  0
2  2.35619  0  0
2  2.38761  0  0
2  2.41903  0  0
2  2.45044  0  0
2  2.48186  0  0
2  2.51327  0  0
2  2.54469  0  0
2  2.57611  0  0
2  2.60752  0  0
2  2.63894  0  0
2  2.67035  0  0
2  2.70177  0  0
2  2.73319  0  0
2  2.7646  0  0
2  2.79602  0  0
2  2.82743  0  0
2  2.85885  0  0
2  2.89027  0  0
2  2.92168  0  0
2  2.9531  0  0
2  2.98451  0  0
2  3.01593  0  0
2  3.04734  0  0
2  3.07876  0  0
2  3.11018  0  0
2.125  0  0  0
2.125  0.0314159  0  0
2.125  0.0628319  0  0
2.125  0.0942478  0  0
2.125  0.125664  0  0
2.125  0.15708  0  0
2.125  0.188496  0  0
2.125  0.219911  0  0
2.125  0.251327  0  0
2.125  0.282743  0  0
2.125  0.314159  0  0
2.125  0.345575  0  0
2.125  0.376991  0  0
2.125  0.408407  0  0
2.125  0.439823  0  0
2.125  0.471239  0  0
2.125  0.502655  0  0
2.125  0.534071  0  0
2.125  0.565487  0  0
2.125  0.596903  0  0
2.125  0.628319  0  0
2.125  0.659734  0  0
2.125  0.69115  0  0
2.125  0.722566  0  0
2.125  0.753982  0  0
2.125  0.785398  0  0
2.125  0.816814  0  0
2.125  0.84823  0  0
2.125  0.879646  0  0
2.125  0.911062  0  0
2.125  0.942478  0  0
2.125  0.973894  0  0
2.125  1.00531  0  0
2.125  1.03673  0  0
2.125  1.06814  0  0
2.125  1.09956  0  0
2.125  1.13097  0  0
2.125  1.16239  0  0
2.125  1.19381  0  0
2.125  1.22522  0  0
2.125  1.25664  0  0
2.125  1.28805  0  0
2.125  1.31947  0  0
2.125  1.35088  0  0
2.125  1.3823  0  0
2.125  1.41372  0  0
2.125  1.44513  0  0
2.125  1.47655  0  0
2.125  1.50796  0  0
2.125  1.53938  0  0
2.125  1.5708  0  0
2.125  1.60221  0  0
2.125  1.63363  0  0
2.125  1.66504  0  0
2.125  1.69646  0  0
2.125  1.72788  0  0
2.125  1.75929  0  0
2.125  1.79071  0  0
2.125  1.82212  0  0
2.125  1.85354  0  0
2.125  1.88496  0  0
2.125  1.91637  0  0
2.125  1.94779  0  0
2.125  1.9792  0  0
2.125  2.01062  0  0
2.125  2.04204  0  0
2.125  2.07345  0  0
2.125  2.10487  0  0
2.125  2.13628  0  0
2.125  2.1677  0  0
2.125  2.19911  0  0
2.125  2.23053  0  0
2.125  2.26195  0  0
2.125  2.29336  0  0
2.125  2.32478  0  0
2.125  2.35619  0  0
2.125  2.38761  0  0
2.125  2.41903  0  0
2.125  2.45044  0  0
2.125  2.48186  0  0
2.125  2.51327  0  0
2.125  2.54469  0  0
2.125  2.57611  0  0
2.125  2.60752  0  0
2.125  2.63894  0  0
2.125  2.67035  0  0
2.125  2.70177  0  0
2.125  2.73319  0  0
2.125  2.7646  0  0
2.125  2.79602  0  0
2.125  2.82743  0  0
2.125  2.85885  0  0
2.125  2.89027  0  0
2.125  2.92168  0  0
2.125  2.9531  0  0
2.125  2.98451  0  0
2.125  3.01593  0  0
2.125  3.04734  0  0
2.125  3.07876  0  0
2.125  3.11018  0  0
2.25  0  0  0
2.25  0.0314159  0  0
2.25  0.0628319  0  0
2.25  0.0942478  0  0
2.25  0.125664  0  0
2.25  0.15708  0  0
2.25  0.188496  0  0
2.25  0.219911  0  0
2.25  0.251327  0  0
2.25  0.282743  0  0
2.25  0.314159  0  0
2.25  0.345575  0  0
2.25  0.376991  0  0
2.25  0.408407  0  0
2.25  0.439823  0  0
2.25  0.471239  0  0
2.25  0.502655  0  0
2.25  0.534071  0  0
2.25  0.565487  0  0
2.25  0.596903  0  0
2.25  0.628319  0  0
2.25  0.659734  0  0
2.25  0.69115  0  0
2.25  0.722566  0  0
2.25  0.753982  0  0
2.25  0.785398  0  0
2.25  0.816814  0  0
2.25  0.84823  0  0
2.25  0.879646  0  0
2.25  0.911062  0  0
2.25  0.942478  0  0
2.25  0.973894  0  0
2.25  1.00531  0  0
2.25  1.03673  0  0
2.25  1.06814  0  0
2.25  1.09956  0  0
2.25  1.13097  0  0
2.25  1.16239  0  0
2.25  1.19381  0  0
2.25  1.22522  0  0
2.25  1.25664  0  0
2.25  1.28805  0  0
2.25  1.31947  0  0
2.25  1.35088  0  0
2.25  1.3823  0  0
2.25  1.41372  0  0
2.25  1.44513  0  0
2.25  1.47655  0  0
2.25  1.50796  0  0
2.25  1.53938  0  0
2.25  1.5708  0  0
2.25  1.60221  0  0
2.25  1.63363  0  0
2.25  1.66504  0  0
2.25  1.69646  0  0
2.25  1.72788  0  0
2.25  1.75929  0  0
2.25  1.79071  0  0
2.25  1.82212  0  0
2.25  1.85354  0  0
2.25  1.88496  0  0
2.25  1.91637  0  0
2.25  1.94779  0  0
2.25  1.9792  0  0
2.25  2.01062  0  0
2.25  2.04204  0  0
2.25  2.07345  0  0
2.25  2.10487  0  0
2.25  2.13628  0  0
2.25  2.1677  0  0
2.25  2.19911  0  0
2.25  2.23053  0  0
2.25  2.26195  0  0
2.25  2.29336  0  0
2.25  2.32478  0  0
2.25  2.35619  0  0
2.25  2.38761  0  0
2.25  2.41903  0  0
2.25  2.45044  0  0
2.25  2.48186  0  0
2.25  2.51327  0  0
2.25  2.54469  0  0
2.25  2.57611  0  0
2.25  2.60752  0  0
2.25  2.63894  0  0
2.25  2.67035  0  0
2.25  2.70177  0  0
2.25  2.73319  0  0
2.25  2.7646  0  0
2.25  2.79602  0  0
2.25  2.82743  0  0
2.25  2.85885  0  0
2.25  2.89027  0  0
2.25  2.92168  0  0
2.25  2.9531  0  0
2.25  2.98451  0  0
2.25  3.01593  0  0
2.25  3.04734  0  0
2.25  3.07876  0  0
2.25  3.11018  0  0
2.375  0  0  0
2.375  0.0314159  0  0
2.375  0.0628319  0  0
2.375  0.0942478  0  0
2.375  0.125664  0  0
2.375  0.15708  0  0
2.375  0.188496  0  0
2.375  0.219911  0  0
2.375  0.251327  0  0
2.375  0.282743  0  0
2.375  0.314159  0  0
2.375  0.345575  0  0
2.375  0.376991  0  0
2.375  0.408407  0  0
2.375  0.439823  0  0
2.375  0.471239  0  0
2.375  0.502655  0  0
2.375  0.534071  0  0
2.375  0.565487  0  0
2.375  0.596903  0  0
2.375  0.628319  0  0
2.375  0.659734  0  0
2.375  0.69115  0  0
2.375  0.722566  0  0
2.375  0.753982  0  0
2.375  0.785398  0  0
2.375  0.816814  0  0
2.375  0.84823  0  0
2.375  0.879646  0  0
2.375  0.911062  0  0
2.375  0.942478  0  0
2.375  0.973894  0  0
2.375  1.00531  0  0
2.375  1.03673  0  0
2.375  1.06814  0  0
2.375  1.09956  0  0
2.375  1.13097  0  0
2.375  1.16239  0  0
2.375  1.19381  0  0
2.375  1.22522  0  0
2.375  1.25664  0  0
2.375  1.28805  0  0
2.375  1.31947  0  0
2.375  1.35088  0  0
2.375  1.3823  0  0
2.375  1.41372  0  0
2.375  1.44513  0  0
2.375  1.47655  0  0
2.375  1.50796  0  0
2.375  1.53938  0  0
2.375  1.5708  0  0
2.375  1.60221  0  0
2.375  1.63363  0  0
2.375  1.66504  0  0
2.375  1.69646  0  0
2.375  1.72788  0  0
2.375  1.75929  0  0
2.375  1.79071  0  0
2.375  1.82212  0  0
2.375  1.85354  0  0
2.375  1.88496  0  0
2.375  1.91637  0  0
2.375  1.94779  0  0
2.375  1.9792  0  0
2.375  2.01062  0  0
2.375  2.04204  0  0
2.375  2.07345  0  0
2.375  2.10487  0  0
2.375  2.13628  0  0
2.375  2.1677  0  0
2.375  2.19911  0  0
2.375  2.23053  0  0
2.375  2.26195  0  0
2.375  2.29336  0  0
2.375  2.32478  0  0
2.375  2.35619  0  0
2.375  2.38761  0  0
2.375  2.41903  0  0
2.375  2.45044  0  0
2.375  2.48186  0  0
2.375  2.51327  0  0
2.375  2.54469  0  0
2.375  2.57611  0  0
2.375  2.60752  0  0
2.375  2.63894  0  0
2.375  2.67035  0  0
2.375  2.70177  0  0
2.375  2.73319  0  0
2.375  2.7646  0  0
2.375  2.79602  0  0
2.375  2.82743  0  0
2.375  2.85885  0  0
2.375  2.89027  0  0
2.375  2.92168  0  0
2.375  2.9531  0  0
2.375  2.98451  0  0
2.375  3.01593  0  0
2.375  3.04734  0  0
2.375  3.07876  0  0
2.375  3.11018  0  0
2.5  0  0  0
2.5  0.0314159  0  0
2.5  0.0628319  0  0
2.5  0.0942478  0  0
2.5  0.125664  0  0
2.5  0.15708  0  0
2.5  0.188496  0  0
2.5  0.219911  0  0
2.5  0.251327  0  0
2.5  0.282743  0  0
2.5  0.314159  0  0
2.5  0.345575  0  0
2.5  0.376991  0  0
2.5  0.408407  0  0
2.5  0.439823  0  0
2.5  0.471239  0  0
2.5  0.502655  0  0
2.5  0.534071  0  0
2.5  0.565487  0  0
2.5  0.596903  0  0
2.5  0.628319  0  0
2.5  0.659734  0  0
2.5  0.69115  0  0
2.5  0.722566  0  0
2.5  0.753982  0  0
2.5  0.785398  0  0
2.5  0.816814  0  0
2.5  0.84823  0  0
2.5  0.879646  0  0
2.5  0.911062  0  0
2.5  0.942478  0  0
2.5  0.973894  0  0
2.5  1.00531  0  0
2.5  1.03673  0  0
2.5  1.06814  0  0
2.5  1.09956  0  0
2.5  1.13097  0  0
2.5  1.16239  0  0
2.5  1.19381  0  0
2.5  1.22522  0  0
2.5  1.25664  0  0
2.5  1.28805  0  0
2.5  1.31947  0  0
2.5  1.35088  0  0
2.5  1.3823  0  0
2.5  1.41372  0  0
2.5  1.44513  0  0
2.5  1.47655  0  0
2.5  1.50796  0  0
2.5  1.53938  0  0
2.5  1.5708  0  0
2.5  1.60221  0  0
2.5  1.63363  0  0
2.5  1.66504  0  0
2.5  1.69646  0  0
2.5  1.72788  0  0
2.5  1.75929  0  0
2.5  1.79071  0  0
2.5  1.82212  0  0
2.5  1.85354  0  0
2.5  1.88496  0  0
2.5  1.91637  0  0
2.5  1.94779  0  0
2.5  1.9792  0  0
2.5  2.01062  0  0
2.5  2.04204  0  0
2.5  2.07345  0  0
2.5  2.10487  0  0
2.5  2.13628  0  0
2.5  2.1677  0  0
2.5  2.19911  0  0
2.5  2.23053  0  0
2.5  2.26195  0  0
2.5  2.29336  0  0
2.5  2.32478  0  0
2.5  2.35619  0  0
2.5  2.38761  0  0
2.5  2.41903  0  0
2.5  2.45044  0  0
2.5  2.48186  0  0
2.5  2.51327  0  0
2.5  2.54469  0  0
2.5  2.57611  0  0
2.5  2.60752  0  0
2.5  2.63894  0  0
2.5  2.67035  0  0
2.5  2.70177  0  0
2.5  2.73319  0  0
2.5  2.7646  0  0
2.5  2.79602  0  0
2.5  2.82743  0  0
2.5  2.85885  0  0
2.5  2.89027  0  0
2.5  2.92168  0  0
2.5  2.9531  0  0
2.5  2.98451  0  0
2.5  3.01593  0  0
2.5  3.04734  0  0
2.5  3.07876  0  0
2.5  3.11018  0  0
2.625  0  0  0
2.625  0.0314159  0  0
2.625  0.0628319  0  0
2.625  0.0942478  0  0
2.625  0.125664  0  0
2.625  0.15708  0  0
2.625  0.188496  0  0
2.625  0.219911  0  0
2.625  0.251327  0  0
2.625  0.282743  0  0
2.625  0.314159  0  0
2.625  0.345575  0  0
2.625  0.376991  0  0
2.625  0.408407  0  0
2.625  0.439823  0  0
2.625  0.471239  0  0
2.625  0.502655  0  0
2.625  0.534071  0  0
2.625  0.565487  0  0
2.625  0.596903  0  0
2.625  0.628319  0  0
2.625  0.659734  0  0
2.625  0.69115  0  0
2.625  0.722566  0  0
2.625  0.753982  0  0
2.625  0.785398  0  0
2.625  0.816814  0  0
2.625  0.84823  0  0
2.625  0.879646  0  0
2.625  0.911062  0  0
2.625  0.942478  0  0
2.625  0.973894  0  0
2.625  1.00531  0  0
2.625  1.03673  0  0
2.625  1.06814  0  0
2.625  1.09956  0  0
2.625  1.13097  0  0
2.625  1.16239  0  0
2.625  1.19381  0  0
2.625  1.22522  0  0
2.625  1.25664  0  0
2.625  1.28805  0  0
2.625  1.31947  0  0
2.625  1.35088  0  0
2.625  1.3823  0  0
2.625  1.41372  0  0
2.625  1.44513  0  0
2.625  1.47655  0  0
2.625  1.50796  0  0
2.625  1.53938  0  0
2.625  1.5708  0  0
2.625  1.60221  0  0
2.625  1.63363  0  0
2.625  1.66504  0  0
2.625  1.69646  0  0
2.625  1.72788  0  0
2.625  1.75929  0  0
2.625  1.79071  0  0
2.625  1.82212  0  0
2.625  1.85354  0  0
2.625  1.88496  0  0
2.625  1.91637  0  0
2.625  1.94779  0  0
2.625  1.9792  0  0
2.625  2.01062  0  0
2.625  2.04204  0  0
2.625  2.07345  0  0
2.625  2.10487  0  0
2.625  2.13628  0  0
2.625  2.1677  0  0
2.625  2.19911  0  0
2.625  2.23053  0  0
2.625  2.26195  0  0
2.625  2.29336  0  0
2.625  2.32478  0  0
2.625  2.35619  0  0
2.625  2.38761  0  0
2.625  2.41903  0  0
2.625  2.45044  0  0
2.625  2.48186  0  0
2.625  2.51327  0  0
2.625  2.54469  0  0
2.625  2.57611  0  0
2.625  2.60752  0  0
2.625  2.63894  0  0
2.625  2.67035  0  0
2.625  2.70177  0  0
2.625  2.73319  0  0
2.625  2.7646  0  0
2.625  2.79602  0  0
2.625  2.82743  0  0
2.625  2.85885  0  0
2.625  2.89027  0  0
2.625  2.92168  0  0
2.625  2.9531  0  0
2.625  2.98451  0  0
2.625  3.01593  0  0
2.625  3.04734  0  0
2.625  3.07876  0  0
2.625  3.11018  0  0
2.75  0  0  0
2.75  0.0314159  0  0
2.75  0.0628319  0  0
2.75  0.0942478  0  0
2.75  0.125664  0  0
2.75  0.15708  0  0
2.75  0.188496  0  0
2.75  0.219911  0  0
2.75  0.251327  0  0
2.75  0.282743  0  0
2.75  0.314159  0  0
2.75  0.345575  0  0
2.75  0.376991  0  0
2.75  0.408407  0  0
2.75  0.439823  0  0
2.75  0.471239  0  0
2.75  0.502655  0  0
2.75  0.534071  0  0
2.75  0.565487  0  0
2.75  0.596903  0  0
2.75  0.628319  0  0
2.75  0.659734  0  0
2.75  0.69115  0  0
2.75  0.722566  0  0
2.75  0.753982  0  0
2.75  0.785398  0  0
2.75  0.816814  0  0
2.75  0.84823  0  0
2.75  0.879646  0  0
2.75  0.911062  0  0
2.75  0.942478  0  0
2.75  0.973894  0  0
2.75  1.00531  0  0
2.75  1.03673  0  0
2.75  1.06814  0  0
2.75  1.09956  0  0
2.75  1.13097  0  0
2.75  1.16239  0  0
2.75  1.19381  0  0
2.75  1.22522  0  0
2.75  1.25664  0  0
2.75  1.28805  0  0
2.75  1.31947  0  0
2.75  1.35088  0  0
2.75  1.3823  0  0
2.75  1.41372  0  0
2.75  1.44513  0  0
2.75  1.47655  0  0
2.75  1.50796  0  0
2.75  1.53938  0  0
2.75  1.5708  0  0
2.75  1.60221  0  0
2.75  1.63363  0  0
2.75  1.66504  0  0
2.75  1.69646  0  0
2.75  1.72788  0  0
2.75  1.75929  0  0
2.75  1.79071  0  0
2.75  1.82212  0  0
2.75  1.85354  0  0
2.75  1.88496  0  0
2.75  1.91637  0  0
2.75  1.94779  0  0
2.75  1.9792  0  0
2.75  2.01062  0  0
2.75  2.04204  0  0
2.75  2.07345  0  0
2.75  2.10487  0  0
2.75  2.13628  0  0
2.75  2.1677  0  0
2.75  2.19911  0  0
2.75  2.23053  0  0
2.75  2.26195  0  0
2.75  2.29336  0  0
2.75  2.32478  0  0
2.75  2.35619  0  0
2.75  2.38761  0  0
2.75  2.41903  0  0
2.75  2.45044  0  0
2.75  2.48186  0  0
2.75  2.51327  0  0
2.75  2.54469  0  0
2.75  2.57611  0  0
2.75  2.60752  0  0
2.75  2.63894  0  0
2.75  2.67035  0  0
2.75  2.70177  0  0
2.75  2.73319  0  0
2.75  2.7646  0  0
2.75  2.79602  0  0
2.75  2.82743  0  0
2.75  2.85885  0  0
2.75  2.89027  0  0
2.75  2.92168  0  0
2.75  2.9531  0  0
2.75  2.98451  0  0
2.75  3.01593  0  0
2.75  3.04734  0  0
2.75  3.07876  0  0
2.75  3.11018  0  0
2.875  0  0  0
2.875  0.0314159  0  0
2.875  0.0628319  0  0
2.875  0.0942478  0  0
2.875  0.125664  0  0
2.875  0.15708  0  0
2.875  0.188496  0  0
2.875  0.219911  0  0
2.875  0.251327  0  0
2.875  0.282743  0  0
2.875  0.314159  0  0
2.875  0.345575  0  0
2.875  0.376991  0  0
2.875  0.408407  0  0
2.875  0.439823  0  0
2.875  0.471239  0  0
2.875  0.502655  0  0
2.875  0.534071  0  0
2.875  0.565487  0  0
2.875  0.596903  0  0
2.875  0.628319  0  0
2.875  0.659734  0  0
2.875  0.69115  0  0
2.875  0.722566  0  0
2.875  0.753982  0  0
2.875  0.785398  0  0
2.875  0.816814  0  0
2.875  0.84823  0  0
2.875  0.879646  0  0
2.875  0.911062  0  0
2.875  0.942478  0  0
2.875  0.973894  0  0
2.875  1.00531  0  0
2.875  1.03673  0  0
2.875  1.06814  0  0
2.875  1.09956  0  0
2.875  1.13097  0  0
2.875  1.16239  0  0
2.875  1.19381  0  0
2.875  1.22522  0  0
2.875  1.25664  0  0
2.875  1.28805  0  0
2.875  1.31947  0  0
2.875  1.35088  0  0
2.875  1.3823  0  0
2.875  1.41372  0  0
2.875  1.44513  0  0
2.875  1.47655  0  0
2.875  1.50796  0  0
2.875  1.53938  0  0
2.875  1.5708  0  0
2.875  1.60221  0  0
2.875  1.63363  0  0
2.875  1.66504  0  0
2.875  1.69646  0  0
2.875  1.72788  0  0
2.875  1.75929  0  0
2.875  1.79071  0  0
2.875  1.82212  0  0
2.875  1.85354  0  0
2.875  1.88496  0  0
2.875  1.91637  0  0
2.875  1.94779  0  0
2.875  1.9792  0  0
2.875  2.01062  0  0
2.875  2.04204  0  0
2.875  2.07345  0  0
2.875  2.10487  0  0
2.875  2.13628  0  0
2.875  2.1677  0  0
2.875  2.19911  0  0
2.875  2.23053  0  0
2.875  2.26195  0  0
2.875  2.29336  0  0
2.875  2.32478  0  0
2.875  2.35619  0  0
2.875  2.38761  0  0
2.875  2.41903  0  0
2.875  2.45044  0  0
2.875  2.48186  0  0
2.875  2.51327  0  0
2.875  2.54469  0  0
2.875  2.57611  0  0
2.875  2.60752  0  0
2.875  2.63894  0  0
2.875  2.67035  0  0
2.875  2.70177  0  0
2.875  2.73319  0  0
2.875  2.7646  0  0
2.875  2.79602  0  0
2.875  2.82743  0  0
2.875  2.85885  0  0
2.875  2.89027  0  0
2.875  2.92168  0  0
2.875  2.9531  0  0
2.875  2.98451  0  0
2.875  3.01593  0  0
2.875  3.04734  0  0
2.875  3.07876  0  0
2.875  3.11018  0  0
3  0  0  0
3  0.0314159  0  0
3  0.0628319  0  0
3  0.0942478  0  0
3  0.125664  0  0
3  0.15708  0  0
3  0.188496  0  0
3  0.219911  0  0
3  0.251327  0  0
3  0.282743  0  0
3  0.314159  0  0
3  0.345575  0  0
3  0.376991  0  0
3  0.408407  0  0
3  0.439823  0  0
3  0.471239  0  0
3  0.502655  0  0
3  0.534071  0  0
3  0.565487  0  0
3  0.596903  0  0
3  0.628319  0  0
3  0.659734  0  0
3  0.69115  0  0
3  0.722566  0  0
3  0.753982  0  0
3  0.785398  0  0
3  0.816814  0  0
3  0.84823  0  0
3  0.879646  0  0
3  0.911062  0  0
3  0.942478  0  0
3  0.973894  0  0
3  1.00531  0  0
3  1.03673  0  0
3  1.06814  0  0
3  1.09956  0  0
3  1.13097  0  0
3  1.16239  0  0
3  1.19381  0  0
3  1.22522  0  0
3  1.25664  0  0
3  1.28805  0  0
3  1.31947  0  0
3  1.35088  0  0
3  1.3823  0  0
3  1.41372  0  0
3  1.44513  0  0
3  1.47655  0  0
3  1.50796  0  0
3  1.53938  0  0
3  1.5708  0  0
3  1.60221  0  0
3  1.63363  0  0
3  1.66504  0  0
3  1.69646  0  0
3  1.72788  0  0
3  1.75929  0  0
3  1.79071  0  0
3  1.82212  0  0
3  1.85354  0  0
3  1.88496  0  0
3  1.91637  0  0
3  1.94779  0  0
3  1.9792  0  0
3  2.01062  0  0
3  2.04204  0  0
3  2.07345  0  0
3  2.10487  0  0
3  2.13628  0  0
3  2.1677  0  0
3  2.19911  0  0
3  2.23053  0  0
3  2.26195  0  0
3  2.29336  0  0
3  2.32478  0  0
3  2.35619  0  0
3  2.38761  0  0
3  2.41903  0  0
3  2.45044  0  0
3  2.48186  0  0
3  2.51327  0  0
3  2.54469  0  0
3  2.57611  0  0
3  2.60752  0  0
3  2.63894  0  0
3  2.67035  0  0
3  2.70177  0  0
3  2.73319  0  0
3  2.7646  0  0
3  2.79602  0  0
3  2.82743  0  0
3  2.85885  0  0
3  2.89027  0  0
3  2.92168  0  0
3  2.9531  0  0
3  2.98451  0  0
3  3.01593  0  0
3  3.04734  0  0
3  3.07876  0  0
3  3.11018  0  0
3.125  0  0  0
3.125  0.0314159  0  0
3.125  0.0628319  0  0
3.125  0.0942478  0  0
3.125  0.125664  0  0
3.125  0.15708  0  0
3.125  0.188496  0  0
3.125  0.219911  0  0
3.125  0.251327  0  0
3.125  0.282743  0  0
3.125  0.314159  0  0
3.125  0.345575  0  0
3.125  0.376991  0  0
3.125  0.408407  0  0
3.125  0.439823  0  0
3.125  0.471239  0  0
3.125  0.502655  0  0
3.125  0.534071  0  0
3.125  0.565487  0  0
3.125  0.596903  0  0
3.125  0.628319  0  0
3.125  0.659734  0  0
3.125  0.69115  0  0
3.125  0.722566  0  0
3.125  0.753982  0  0
3.125  0.785398  0  0
3.125  0.816814  0  0
3.125  0.84823  0  0
3.125  0.879646  0  0
3.125  0.911062  0  0
3.125  0.942478  0  0
3.125  0.973894  0  0
3.125  1.00531  0  0
3.125  1.03673  0  0
3.125  1.06814  0  0
3.125  1.09956  0  0
3.125  1.13097  0  0
3.125  1.16239  0  0
3.125  1.19381  0  0
3.125  1.22522  0  0
3.125  1.25664  0  0
3.125  1.28805  0  0
3.125  1.31947  0  0
3.125  1.35088  0  0
3.125  1.3823  0  0
3.125  1.41372  0  0
3.125  1.44513  0  0
3.125  1.47655  0  0
3.125  1.50796  0  0
3.125  1.53938  0  0
3.125  1.5708  0  0
3.125  1.60221  0  0
3.125  1.63363  0  0
3.125  1.66504  0  0
3.125  1.69646  0  0
3.125  1.72788  0  0
3.125  1.75929  0  0
3.125  1.79071  0  0
3.125  1.82212  0  0
3.125  1.85354  0  0
3.125  1.88496  0  0
3.125  1.91637  0  0
3.125  1.94779  0  0
3.125  1.9792  0  0
3.125  2.01062  0  0
3.125  2.04204  0  0
3.125  2.07345  0  0
3.125  2.10487  0  0
3.125  2.13628  0  0
3.125  2.1677  0  0
3.125  2.19911  0  0
3.125  2.23053  0  0
3.125  2.26195  0  0
3.125  2.29336  0  0
3.125  2.32478  0  0
3.125  2.35619  0  0
3.125  2.38761  0  0
3.125  2.41903  0  0
3.125  2.45044  0  0
3.125  2.48186  0  0
3.125  2.51327  0  0
3.125  2.54469  0  0
3.125  2.57611  0  0
3.125  2.60752  0  0
3.125  2.63894  0  0
3.125  2.67035  0  0
3.125  2.70177  0  0
3.125  2.73319  0  0
3.125  2.7646  0  0
3.125  2.79602  0  0
3.125  2.82743  0  0
3.125  2.85885  0  0
3.125  2.89027  0  0
3.125  2.92168  0  0
3.125  2.9531  0  0
3.125  2.98451  0  0
3.125  3.01593  0  0
3.125  3.04734  0  0
3.125  3.07876  0  0
3.125  3.11018  0  0
3.25  0  0  0
3.25  0.0314159  0  0
3.25  0.0628319  0  0
3.25  0.0942478  0  0
3.25  0.125664  0  0
3.25  0.15708  0  0
3.25  0.188496  0  0
3.25  0.219911  0  0
3.25  0.251327  0  0
3.25  0.282743  0  0
3.25  0.314159  0  0
3.25  0.345575  0  0
3.25  0.376991  0  0
3.25  0.408407  0  0
3.25  0.439823  0  0
3.25  0.471239  0  0
3.25  0.502655  0  0
3.25  0.534071  0  0
3.25  0.565487  0  0
3.25  0.596903  0  0
3.25  0.628319  0  0
3.25  0.659734  0  0
3.25  0.69115  0  0
3.25  0.722566  0  0
3.25  0.753982  0  0
3.25  0.785398  0  0
3.25  0.816814  0  0
3.25  0.84823  0  0
3.25  0.879646  0  0
3.25  0.911062  0  0
3.25  0.942478  0  0
3.25  0.973894  0  0
3.25  1.00531  0  0
3.25  1.03673  0  0
3.25  1.06814  0  0
3.25  1.09956  0  0
3.25  1.13097  0  0
3.25  1.16239  0  0
3.25  1.19381  0  0
3.25  1.22522  0  0
3.25  1.25664  0  0
3.25  1.28805  0  0
3.25  1.31947  0  0
3.25  1.35088  0  0
3.25  1.3823  0  0
3.25  1.41372  0  0
3.25  1.44513  0  0
3.25  1.47655  0  0
3.25  1.50796  0  0
3.25  1.53938  0  0
3.25  1.5708  0  0
3.25  1.60221  0  0
3.25  1.63363  0  0
3.25  1.66504  0  0
3.25  1.69646  0  0
3.25  1.72788  0  0
3.25  1.75929  0  0
3.25  1.79071  0  0
3.25  1.82212  0  0
3.25  1.85354  0  0
3.25  1.88496  0  0
3.25  1.91637  0  0
3.25  1.94779  0  0
3.25  1.9792  0  0
3.25  2.01062  0  0
3.25  2.04204  0  0
3.25  2.07345  0  0
3.25  2.10487  0  0
3.25  2.13628  0  0
3.25  2.1677  0  0
3.25  2.19911  0  0
3.25  2.23053  0  0
3.25  2.26195  0  0
3.25  2.29336  0  0
3.25  2.32478  0  0
3.25  2.35619  0  0
3.25  2.38761  0  0
3.25  2.41903  0  0
3.25  2.45044  0  0
3.25  2.48186  0  0
3.25  2.51327  0  0
3.25  2.54469  0  0
3.25  2.57611  0  0
3.25  2.60752  0  0
3.25  2.63894  0  0
3.25  2.67035  0  0
3.25  2.70177  0  0
3.25  2.73319  0  0
3.25  2.7646  0  0
3.25  2.79602  0  0
3.25  2.82743  0  0
3.25  2.85885  0  0
3.25  2.89027  0  0
3.25  2.92168  0  0
3.25  2.9531  0  0
3.25  2.98451  0  0
3.25  3.01593  0  0
3.25  3.04734  0  0
3.25  3.07876  0  0
3.25  3.11018  0  0
3.375  0  0  0
3.375  0.0314159  0  0
3.375  0.0628319  0  0
3.375  0.0942478  0  0
3.375  0.125664  0  0
3.375  0.15708  0  0
3.375  0.188496  0  0
3.375  0.219911  0  0
3.375  0.251327  0  0
3.375  0.282743  0  0
3.375  0.314159  0  0
3.375  0.345575  0  0
3.375  0.376991  0  0
3.375  0.408407  0  0
3.375  0.439823  0  0
3.375  0.471239  0  0
3.375  0.502655  0  0
3.375  0.534071  0  0
3.375  0.565487  0  0
3.375  0.596903  0  0
3.375  0.628319  0  0
3.375  0.659734  0  0
3.375  0.69115  0  0
3.375  0.722566  0  0
3.375  0.753982  0  0
3.375  0.785398  0  0
3.375  0.816814  0  0
3.375  0.84823  0  0
3.375  0.879646  0  0
3.375  0.911062  0  0
3.375  0.942478  0  0
3.375  0.973894  0  0
3.375  1.00531  0  0
3.375  1.03673  0  0
3.375  1.06814  0  0
3.375  1.09956  0  0
3.375  1.13097  0  0
3.375  1.16239  0  0
3.375  1.19381  0  0
3.375  1.22522  0  0
3.375  1.25664  0  0
3.375  1.28805  0  0
3.375  1.31947  0  0
3.375  1.35088  0  0
3.375  1.3823  0  0
3.375  1.41372  0  0
3.375  1.44513  0  0
3.375  1.47655  0  0
3.375  1.50796  0  0
3.375  1.53938  0  0
3.375  1.5708  0  0
3.375  1.60221  0  0
3.375  1.63363  0  0
3.375  1.66504  0  0
3.375  1.69646  0  0
3.375  1.72788  0  0
3.375  1.75929  0  0
3.375  1.79071  0  0
3.375  1.82212  0  0
3.375  1.85354  0  0
3.375  1.88496  0  0
3.375  1.91637  0  0
3.375  1.94779  0  0
3.375  1.9792  0  0
3.375  2.01062  0  0
3.375  2.04204  0  0
3.375  2.07345  0  0
3.375  2.10487  0  0
3.375  2.13628  0  0
3.375  2.1677  0  0
3.375  2.19911  0  0
3.375  2.23053  0  0
3.375  2.26195  0  0
3.375  2.29336  0  0
3.375  2.32478  0  0
3.375  2.35619  0  0
3.375  2.38761  0  0
3.375  2.41903  0  0
3.375  2.45044  0  0
3.375  2.48186  0  0
3.375  2.51327  0  0
3.375  2.54469  0  0
3.375  2.57611  0  0
3.375  2.60752  0  0
3.375  2.63894  0  0
3.375  2.67035  0  0
3.375  2.70177  0  0
3.375  2.73319  0  0
3.375  2.7646  0  0
3.375  2.79602  0  0
3.375  2.82743  0  0
3.375  2.85885  0  0
3.375  2.89027  0  0
3.375  2.92168  0  0
3.375  2.9531  0  0
3.375  2.98451  0  0
3.375  3.01593  0  0
3.375  3.04734  0  0
3.375  3.07876  0  0
3.375  3.11018  0  0
3.5  0  0  0
3.5  0.0314159  0  0
3.5  0.0628319  0  0
3.5  0.0942478  0  0
3.5  0.125664  0  0
3.5  0.15708  0  0
3.5  0.188496  0  0
3.5  0.219911  0  0
3.5  0.251327  0  0
3.5  0.282743  0  0
3.5  0.314159  0  0
3.5  0.345575  0  0
3.5  0.376991  0  0
3.5  0.408407  0  0
3.5  0.439823  0  0
3.5  0.471239  0  0
3.5  0.502655  0  0
3.5  0.534071  0  0
3.5  0.565487  0  0
3.5  0.596903  0  0
3.5  0.628319  0  0
3.5  0.659734  0  0
3.5  0.69115  0  0
3.5  0.722566  0  0
3.5  0.753982  0  0
3.5  0.785398  0  0
3.5  0.816814  0  0
3.5  0.84823  0  0
3.5  0.879646  0  0
3.5  0.911062  0  0
3.5  0.942478  0  0
3.5  0.973894  0  0
3.5  1.00531  0  0
3.5  1.03673  0  0
3.5  1.06814  0  0
3.5  1.09956  0  0
3.5  1.13097  0  0
3.5  1.16239  0  0
3.5  1.19381  0  0
3.5  1.22522  0  0
3.5  1.25664  0  0
3.5  1.28805  0  0
3.5  1.31947  0  0
3.5  1.35088  0  0
3.5  1.3823  0  0
3.5  1.41372  0  0
3.5  1.44513  0  0
3.5  1.47655  0  0
3.5  1.50796  0  0
3.5  1.53938  0  0
3.5  1.5708  0  0
3.5  1.60221  0  0
3.5  1.63363  0  0
3.5  1.66504  0  0
3.5  1.69646  0  0
3.5  1.72788  0  0
3.5  1.75929  0  0
3.5  1.79071  0  0
3.5  1.82212  0  0
3.5  1.85354  0  0
3.5  1.88496  0  0
3.5  1.91637  0  0
3.5  1.94779  0  0
3.5  1.9792  0  0
3.5  2.01062  0  0
3.5  2.04204  0  0
3.5  2.07345  0  0
3.5  2.10487  0  0
3.5  2.13628  0  0
3.5  2.1677  0  0
3.5  2.19911  0  0
3.5  2.23053  0  0
3.5  2.26195  0  0
3.5  2.29336  0  0
3.5  2.32478  0  0
3.5  2.35619  0  0
3.5  2.38761  0  0
3.5  2.41903  0  0
3.5  2.45044  0  0
3.5  2.48186  0  0
3.5  2.51327  0  0
3.5  2.54469  0  0
3.5  2.57611  0  0
3.5  2.60752  0  0
3.5  2.63894  0  0
3.5  2.67035  0  0
3.5  2.70177  0  0
3.5  2.73319  0  0
3.5  2.7646  0  0
3.5  2.79602  0  0
3.5  2.82743  0  0
3.5  2.85885  0  0
3.5  2.89027  0  0
3.5  2.92168  0  0
3.5  2.9531  0  0
3.5  2.98451  0  0
3.5  3.01593  0  0
3.5  3.04734  0  0
3.5  3.07876  0  0
3.5  3.11018  0  0
3.625  0  0  0
3.625  0.0314159  0  0
3.625  0.0628319  0  0
3.625  0.0942478  0  0
3.625  0.125664  0  0
3.625  0.15708  0  0
3.625  0.188496  0  0
3.625  0.219911  0  0
3.625  0.251327  0  0
3.625  0.282743  0  0
3.625  0.314159  0  0
3.625  0.345575  0  0
3.625  0.376991  0  0
3.625  0.408407  0  0
3.625  0.439823  0  0
3.625  0.471239  0  0
3.625  0.502655  0  0
3.625  0.534071  0  0
3.625  0.565487  0  0
3.625  0.596903  0  0
3.625  0.628319  0  0
3.625  0.659734  0  0
3.625  0.69115  0  0
3.625  0.722566  0  0
3.625  0.753982  0  0
3.625  0.785398  0  0
3.625  0.816814  0  0
3.625  0.84823  0  0
3.625  0.879646  0  0
3.625  0.911062  0  0
3.625  0.942478  0  0
3.625  0.973894  0  0
3.625  1.00531  0  0
3.625  1.03673  0  0
3.625  1.06814  0  0
3.625  1.09956  0  0
3.625  1.13097  0  0
3.625  1.16239  0  0
3.625  1.19381  0  0
3.625  1.22522  0  0
3.625  1.25664  0  0
3.625  1.28805  0  0
3.625  1.31947  0  0
3.625  1.35088  0  0
3.625  1.3823  0  0
3.625  1.41372  0  0
3.625  1.44513  0  0
3.625  1.47655  0  0
3.625  1.50796  0  0
3.625  1.53938  0  0
3.625  1.5708  0  0
3.625  1.60221  0  0
3.625  1.63363  0  0
3.625  1.66504  0  0
3.625  1.69646  0  0
3.625  1.72788  0  0
3.625  1.75929  0  0
3.625  1.79071  0  0
3.625  1.82212  0  0
3.625  1.85354  0  0
3.625  1.88496  0  0
3.625  1.91637  0  0
3.625  1.94779  0  0
3.625  1.9792  0  0
3.625  2.01062  0  0
3.625  2.04204  0  0
3.625  2.07345  0  0
3.625  2.10487  0  0
3.625  2.13628  0  0
3.625  2.1677  0  0
3.625  2.19911  0  0
3.625  2.23053  0  0
3.625  2.26195  0  0
3.625  2.29336  0  0
3.625  2.32478  0  0
3.625  2.35619  0  0
3.625  2.38761  0  0
3.625  2.41903  0  0
3.625  2.45044  0  0
3.625  2.48186  0  0
3.625  2.51327  0  0
3.625  2.54469  0  0
3.625  2.57611  0  0
3.625  2.60752  0  0
3.625  2.63894  0  0
3.625  2.67035  0  0
3.625  2.70177  0  0
3.625  2.73319  0  0
3.625  2.7646  0  0
3.625  2.79602  0  0
3.625  2.82743  0  0
3.625  2.85885  0  0
3.625  2.89027  0  0
3.625  2.92168  0  0
3.625  2.9531  0  0
3.625  2.98451  0  0
3.625  3.01593  0  0
3.625  3.04734  0  0
3.625  3.07876  0  0
3.625  3.11018  0  0
3.75  0  0  0
3.75  0.0314159  0  0
3.75  0.0628319  0  0
3.75  0.0942478  0  0
3.75  0.125664  0  0
3.75  0.15708  0  0
3.75  0.188496  0  0
3.75  0.219911  0  0
3.75  0.251327  0  0
3.75  0.282743  0  0
3.75  0.314159  0  0
3.75  0.345575  0  0
3.75  0.376991  0  0
3.75  0.408407  0  0
3.75  0.439823  0  0
3.75  0.471239  0  0
3.75  0.502655  0  0
3.75  0.534071  0  0
3.75  0.565487  0  0
3.75  0.596903  0  0
3.75  0.628319  0  0
3.75  0.659734  0  0
3.75  0.69115  0  0
3.75  0.722566  0  0
3.75  0.753982  0  0
3.75  0.785398  0  0
3.75  0.816814  0  0
3.75  0.84823  0  0
3.75  0.879646  0  0
3.75  0.911062  0  0
3.75  0.942478  0  0
3.75  0.973894  0  0
3.75  1.00531  0  0
3.75  1.03673  0  0
3.75  1.06814  0  0
3.75  1.09956  0  0
3.75  1.13097  0  0
3.75  1.16239  0  0
3.75  1.19381  0  0
3.75  1.22522  0  0
3.75  1.25664  0  0
3.75  1.28805  0  0
3.75  1.31947  0  0
3.75  1.35088  0  0
3.75  1.3823  0  0
3.75  1.41372  0  0
3.75  1.44513  0  0
3.75  1.47655  0  0
3.75  1.50796  0  0
3.75  1.53938  0  0
3.75  1.5708  0  0
3.75  1.60221  0  0
3.75  1.63363  0  0
3.75  1.66504  0  0
3.75  1.69646  0  0
3.75  1.72788  0  0
3.75  1.75929  0  0
3.75  1.79071  0  0
3.75  1.82212  0  0
3.75  1.85354  0  0
3.75  1.88496  0  0
3.75  1.91637  0  0
3.75  1.94779  0  0
3.75  1.9792  0  0
3.75  2.01062  0  0
3.75  2.04204  0  0
3.75  2.07345  0  0
3.75  2.10487  0  0
3.75  2.13628  0  0
3.75  2.1677  0  0
3.75  2.19911  0  0
3.75  2.23053  0  0
3.75  2.26195  0  0
3.75  2.29336  0  0
3.75  2.32478  0  0
3.75  2.35619  0  0
3.75  2.38761  0  0
3.75  2.41903  0  0
3.75  2.45044  0  0
3.75  2.48186  0  0
3.75  2.51327  0  0
3.75  2.54469  0  0
3.75  2.57611  0  0
3.75  2.60752  0  0
3.75  2.63894  0  0
3.75  2.67035  0  0
3.75  2.70177  0  0
3.75  2.73319  0  0
3.75  2.7646  0  0
3.75  2.79602  0  0
3.75  2.82743  0  0
3.75  2.85885  0  0
3.75  2.89027  0  0
3.75  2.92168  0  0
3.75  2.9531  0  0
3.75  2.98451  0  0
3.75  3.01593  0  0
3.75  3.04734  0  0
3.75  3.07876  0  0
3.75  3.11018  0  0
3.875  0  0  0
3.875  0.0314159  0  0
3.875  0.0628319  0  0
3.875  0.0942478  0  0
3.875  0.125664  0  0
3.875  0.15708  0  0
3.875  0.188496  0  0
3.875  0.219911  0  0
3.875  0.251327  0  0
3.875  0.282743  0  0
3.875  0.314159  0  0
3.875  0.345575  0  0
3.875  0.376991  0  0
3.875  0.408407  0  0
3.875  0.439823  0  0
3.875  0.471239  0  0
3.875  0.502655  0  0
3.875  0.534071  0  0
3.875  0.565487  0  0
3.875  0.596903  0  0
3.875  0.628319  0  0
3.875  0.659734  0  0
3.875  0.69115  0  0
3.875  0.722566  0  0
3.875  0.753982  0  0
3.875  0.785398  0  0
3.875  0.816814  0  0
3.875  0.84823  0  0
3.875  0.879646  0  0
3.875  0.911062  0  0
3.875  0.942478  0  0
3.875  0.973894  0  0
3.875  1.00531  0  0
3.875  1.03673  0  0
3.875  1.06814  0  0
3.875  1.09956  0  0
3.875  1.13097  0  0
3.875  1.16239  0  0
3.875  1.19381  0  0
3.875  1.22522  0  0
3.875  1.25664  0  0
3.875  1.28805  0  0
3.875  1.31947  0  0
3.875  1.35088  0  0
3.875  1.3823  0  0
3.875  1.41372  0  0
3.875  1.44513  0  0
3.875  1.47655  0  0
3.875  1.50796  0  0
3.875  1.53938  0  0
3.875  1.5708  0  0
3.875  1.60221  0  0
3.875  1.63363  0  0
3.875  1.66504  0  0
3.875  1.69646  0  0
3.875  1.72788  0  0
3.875  1.75929  0  0
3.875  1.79071  0  0
3.875  1.82212  0  0
3.875  1.85354  0  0
3.875  1.88496  0  0
3.875  1.91637  0  0
3.875  1.94779  0  0
3.875  1.9792  0  0
3.875  2.01062  0  0
3.875  2.04204  0  0
3.875  2.07345  0  0
3.875  2.10487  0  0
3.875  2.13628  0  0
3.875  2.1677  0  0
3.875  2.19911  0  0
3.875  2.23053  0  0
3.875  2.26195  0  0
3.875  2.29336  0  0
3.875  2.32478  0  0
3.875  2.35619  0  0
3.875  2.38761  0  0
3.875  2.41903  0  0
3.875  2.45044  0  0
3.875  2.48186  0  0
3.875  2.51327  0  0
3.875  2.54469  0  0
3.875  2.57611  0  0
3.875  2.60752  0  0
3.875  2.63894  0  0
3.875  2.67035  0  0
3.875  2.70177  0  0
3.875  2.73319  0  0
3.875  2.7646  0  0
3.875  2.79602  0  0
3.875  2.82743  0  0
3.875  2.85885  0  0
3.875  2.89027  0  0
3.875  2.92168  0  0
3.875  2.9531  0  0
3.875  2.98451  0  0
3.875  3.01593  0  0
3.875  3.04734  0  0
3.875  3.07876  0  0
3.875  3.11018  0  0
4  0  0  0
4  0.0314159  0  0
4  0.0628319  0  0
4  0.0942478  0  0
4  0.125664  0  0
4  0.15708  0  0
4  0.188496  0  0
4  0.219911  0  0
4  0.251327  0  0
4  0.282743  0  0
4  0.314159  0  0
4  0.345575  0  0
4  0.376991  0  0
4  0.408407  0  0
4  0.439823  0  0
4  0.471239  0  0
4  0.502655  0  0
4  0.534071  0  0
4  0.565487  0  0
4  0.596903  0  0
4  0.628319  0  0
4  0.659734  0  0
4  0.69115  0  0
4  0.722566  0  0
4  0.753982  0  0
4  0.785398  0  0
4  0.816814  0  0
4  0.84823  0  0
4  0.879646  0  0
4  0.911062  0  0
4  0.942478  0  0
4  0.973894  0  0
4  1.00531  0  0
4  1.03673  0  0
4  1.06814  0  0
4  1.09956  0  0
4  1.13097  0  0
4  1.16239  0  0
4  1.19381  0  0
4  1.22522  0  0
4  1.25664  0  0
4  1.28805  0  0
4  1.31947  0  0
4  1.35088  0  0
4  1.3823  0  0
4  1.41372  0  0
4  1.44513  0  0
4  1.47655  0  0
4  1.50796  0  0
4  1.53938  0  0
4  1.5708  0  0
4  1.60221  0  0
4  1.63363  0  0
4  1.66504  0  0
4  1.69646  0  0
4  1.72788  0  0
4  1.75929  0  0
4  1.79071  0  0
4  1.82212  0  0
4  1.85354  0  0
4  1.88496  0  0
4  1.91637  0  0
4  1.94779  0  0
4  1.9792  0  0
4  2.01062  0  0
4  2.04204  0  0
4  2.07345  0  0
4  2.10487  0  0
4  2.13628  0  0
4  2.1677  0  0
4  2.19911  0  0
4  2.23053  0  0
4  2.26195  0  0
4  2.29336  0  0
4  2.32478  0  0
4  2.35619  0  0
4  2.38761  0  0
4  2.41903  0  0
4  2.45044  0  0
4  2.48186  0  0
4  2.51327  0  0
4  2.54469  0  0
4  2.57611  0  0
4  2.60752  0  0
4  2.63894  0  0
4  2.67035  0  0
4  2.70177  0  0
4  2.73319  0  0
4  2.7646  0  0
4  2.79602  0  0
4  2.82743  0  0
4  2.85885  0  0
4  2.89027  0  0
4  2.92168  0  0
4  2.9531  0  0
4  2.98451  0  0
4  3.01593  0  0
4  3.04734  0  0
4  3.07876  0  0
4  3.11018  0  0
4.125  0  0  0
4.125  0.0314159  0  0
4.125  0.0628319  0  0
4.125  0.0942478  0  0
4.125  0.125664  0  0
4.125  0.15708  0  0
4.125  0.188496  0  0
4.125  0.219911  0  0
4.125  0.251327  0  0
4.125  0.282743  0  0
4.125  0.314159  0  0
4.125  0.345575  0  0
4.125  0.376991  0  0
4.125  0.408407  0  0
4.125  0.439823  0  0
4.125  0.471239  0  0
4.125  0.502655  0  0
4.125  0.534071  0  0
4.125  0.565487  0  0
4.125  0.596903  0  0
4.125  0.628319  0  0
4.125  0.659734  0  0
4.125  0.69115  0  0
4.125  0.722566  0  0
4.125  0.753982  0  0
4.125  0.785398  0  0
4.125  0.816814  0  0
4.125  0.84823  0  0
4.125  0.879646  0  0
4.125  0.911062  0  0
4.125  0.942478  0  0
4.125  0.973894  0  0
4.125  1.00531  0  0
4.125  1.03673  0  0
4.125  1.06814  0  0
4.125  1.09956  0  0
4.125  1.13097  0  0
4.125  1.16239  0  0
4.125  1.19381  0  0
4.125  1.22522  0  0
4.125  1.25664  0  0
4.125  1.28805  0  0
4.125  1.31947  0  0
4.125  1.35088  0  0
4.125  1.3823  0  0
4.125  1.41372  0  0
4.125  1.44513  0  0
4.125  1.47655  0  0
4.125  1.50796  0  0
4.125  1.53938  0  0
4.125  1.5708  0  0
4.125  1.60221  0  0
4.125  1.63363  0  0
4.125  1.66504  0  0
4.125  1.69646  0  0
4.125  1.72788  0  0
4.125  1.75929  0  0
4.125  1.79071  0  0
4.125  1.82212  0  0
4.125  1.85354  0  0
4.125  1.88496  0  0
4.125  1.91637  0  0
4.125  1.94779  0  0
4.125  1.9792  0  0
4.125  2.01062  0  0
4.125  2.04204  0  0
4.125  2.07345  0  0
4.125  2.10487  0  0
4.125  2.13628  0  0
4.125  2.1677  0  0
4.125  2.19911  0  0
4.125  2.23053  0  0
4.125  2.26195  0  0
4.125  2.29336  0  0
4.125  2.32478  0  0
4.125  2.35619  0  0
4.125  2.38761  0  0
4.125  2.41903  0  0
4.125  2.45044  0  0
4.125  2.48186  0  0
4.125  2.51327  0  0
4.125  2.54469  0  0
4.125  2.57611  0  0
4.125  2.60752  0  0
4.125  2.63894  0  0
4.125  2.67035  0  0
4.125  2.70177  0  0
4.125  2.73319  0  0
4.125  2.7646  0  0
4.125  2.79602  0  0
4.125  2.82743  0  0
4.125  2.85885  0  0
4.125  2.89027  0  0
4.125  2.92168  0  0
4.125  2.9531  0  0
4.125  2.98451  0  0
4.125  3.01593  0  0
4.125  3.04734  0  0
4.125  3.07876  0  0
4.125  3.11018  0  0
4.25  0  0  0
4.25  0.0314159  0  0
4.25  0.0628319  0  0
4.25  0.0942478  0  0
4.25  0.125664  0  0
4.25  0.15708  0  0
4.25  0.188496  0  0
4.25  0.219911  0  0
4.25  0.251327  0  0
4.25  0.282743  0  0
4.25  0.314159  0  0
4.25  0.345575  0  0
4.25  0.376991  0  0
4.25  0.408407  0  0
4.25  0.439823  0  0
4.25  0.471239  0  0
4.25  0.502655  0  0
4.25  0.534071  0  0
4.25  0.565487  0  0
4.25  0.596903  0  0
4.25  0.628319  0  0
4.25  0.659734  0  0
4.25  0.69115  0  0
4.25  0.722566  0  0
4.25  0.753982  0  0
4.25  0.785398  0  0
4.25  0.816814  0  0
4.25  0.84823  0  0
4.25  0.879646  0  0
4.25  0.911062  0  0
4.25  0.942478  0  0
4.25  0.973894  0  0
4.25  1.00531  0  0
4.25  1.03673  0  0
4.25  1.06814  0  0
4.25  1.09956  0  0
4.25  1.13097  0  0
4.25  1.16239  0  0
4.25  1.19381  0  0
4.25  1.22522  0  0
4.25  1.25664  0  0
4.25  1.28805  0  0
4.25  1.31947  0  0
4.25  1.35088  0  0
4.25  1.3823  0  0
4.25  1.41372  0  0
4.25  1.44513  0  0
4.25  1.47655  0  0
4.25  1.50796  0  0
4.25  1.53938  0  0
4.25  1.5708  0  0
4.25  1.60221  0  0
4.25  1.63363  0  0
4.25  1.66504  0  0
4.25  1.69646  0  0
4.25  1.72788  0  0
4.25  1.75929  0  0
4.25  1.79071  0  0
4.25  1.82212  0  0
4.25  1.85354  0  0
4.25  1.88496  0  0
4.25  1.91637  0  0
4.25  1.94779  0  0
4.25  1.9792  0  0
4.25  2.01062  0  0
4.25  2.04204  0  0
4.25  2.07345  0  0
4.25  2.10487  0  0
4.25  2.13628  0  0
4.25  2.1677  0  0
4.25  2.19911  0  0
4.25  2.23053  0  0
4.25  2.26195  0  0
4.25  2.29336  0  0
4.25  2.32478  0  0
4.25  2.35619  0  0
4.25  2.38761  0  0
4.25  2.41903  0  0
4.25  2.45044  0  0
4.25  2.48186  0  0
4.25  2.51327  0  0
4.25  2.54469  0  0
4.25  2.57611  0  0
4.25  2.60752  0  0
4.25  2.63894  0  0
4.25  2.67035  0  0
4.25  2.70177  0  0
4.25  2.73319  0  0
4.25  2.7646  0  0
4.25  2.79602  0  0
4.25  2.82743  0  0
4.25  2.85885  0  0
4.25  2.89027  0  0
4.25  2.92168  0  0
4.25  2.9531  0  0
4.25  2.98451  0  0
4.25  3.01593  0  0
4.25  3.04734  0  0
4.25  3.07876  0  0
4.25  3.11018  0  0
4.375  0  0  0
4.375  0.0314159  0  0
4.375  0.0628319  0  0
4.375  0.0942478  0  0
4.375  0.125664  0  0
4.375  0.15708  0  0
4.375  0.188496  0  0
4.375  0.219911  0  0
4.375  0.251327  0  0
4.375  0.282743  0  0
4.375  0.314159  0  0
4.375  0.345575  0  0
4.375  0.376991  0  0
4.375  0.408407  0  0
4.375  0.439823  0  0
4.375  0.471239  0  0
4.375  0.502655  0  0
4.375  0.534071  0  0
4.375  0.565487  0  0
4.375  0.596903  0  0
4.375  0.628319  0  0
4.375  0.659734  0  0
4.375  0.69115  0  0
4.375  0.722566  0  0
4.375  0.753982  0  0
4.375  0.785398  0  0
4.375  0.816814  0  0
4.375  0.84823  0  0
4.375  0.879646  0  0
4.375  0.911062  0  0
4.375  0.942478  0  0
4.375  0.973894  0  0
4.375  1.00531  0  0
4.375  1.03673  0  0
4.375  1.06814  0  0
4.375  1.09956  0  0
4.375  1.13097  0  0
4.375  1.16239  0  0
4.375  1.19381  0  0
4.375  1.22522  0  0
4.375  1.25664  0  0
4.375  1.28805  0  0
4.375  1.31947  0  0
4.375  1.35088  0  0
4.375  1.3823  0  0
4.375  1.41372  0  0
4.375  1.44513  0  0
4.375  1.47655  0  0
4.375  1.50796  0  0
4.375  1.53938  0  0
4.375  1.5708  0  0
4.375  1.60221  0  0
4.375  1.63363  0  0
4.375  1.66504  0  0
4.375  1.69646  0  0
4.375  1.72788  0  0
4.375  1.75929  0  0
4.375  1.79071  0  0
4.375  1.82212  0  0
4.375  1.85354  0  0
4.375  1.88496  0  0
4.375  1.91637  0  0
4.375  1.94779  0  0
4.375  1.9792  0  0
4.375  2.01062  0  0
4.375  2.04204  0  0
4.375  2.07345  0  0
4.375  2.10487  0  0
4.375  2.13628  0  0
4.375  2.1677  0  0
4.375  2.19911  0  0
4.375  2.23053  0  0
4.375  2.26195  0  0
4.375  2.29336  0  0
4.375  2.32478  0  0
4.375  2.35619  0  0
4.375  2.38761  0  0
4.375  2.41903  0  0
4.375  2.45044  0  0
4.375  2.48186  0  0
4.375  2.51327  0  0
4.375  2.54469  0  0
4.375  2.57611  0  0
4.375  2.60752  0  0
4.375  2.63894  0  0
4.375  2.67035  0  0
4.375  2.70177  0  0
4.375  2.73319  0  0
4.375  2.7646  0  0
4.375  2.79602  0  0
4.375  2.82743  0  0
4.375  2.85885  0  0
4.375  2.89027  0  0
4.375  2.92168  0  0
4.375  2.9531  0  0
4.375  2.98451  0  0
4.375  3.01593  0  0
4.375  3.04734  0  0
4.375  3.07876  0  0
4.375  3.11018  0  0
4.5  0  0  0
4.5  0.0314159  0  0
4.5  0.0628319  0  0
4.5  0.0942478  0  0
4.5  0.125664  0  0
4.5  0.15708  0  0
4.5  0.188496  0  0
4.5  0.219911  0  0
4.5  0.251327  0  0
4.5  0.282743  0  0
4.5  0.314159  0  0
4.5  0.345575  0  0
4.5  0.376991  0  0
4.5  0.408407  0  0
4.5  0.439823  0  0
4.5  0.471239  0  0
4.5  0.502655  0  0
4.5  0.534071  0  0
4.5  0.565487  0  0
4.5  0.596903  0  0
4.5  0.628319  0  0
4.5  0.659734  0  0
4.5  0.69115  0  0
4.5  0.722566  0  0
4.5  0.753982  0  0
4.5  0.785398  0  0
4.5  0.816814  0  0
4.5  0.84823  0  0
4.5  0.879646  0  0
4.5  0.911062  0  0
4.5  0.942478  0  0
4.5  0.973894  0  0
4.5  1.00531  0  0
4.5  1.03673  0  0
4.5  1.06814  0  0
4.5  1.09956  0  0
4.5  1.13097  0  0
4.5  1.16239  0  0
4.5  1.19381  0  0
4.5  1.22522  0  0
4.5  1.25664  0  0
4.5  1.28805  0  0
4.5  1.31947  0  0
4.5  1.35088  0  0
4.5  1.3823  0  0
4.5  1.41372  0  0
4.5  1.44513  0  0
4.5  1.47655  0  0
4.5  1.50796  0  0
4.5  1.53938  0  0
4.5  1.5708  0  0
4.5  1.60221  0  0
4.5  1.63363  0  0
4.5  1.66504  0  0
4.5  1.69646  0  0
4.5  1.72788  0  0
4.5  1.75929  0  0
4.5  1.79071  0  0
4.5  1.82212  0  0
4.5  1.85354  0  0
4.5  1.88496  0  0
4.5  1.91637  0  0
4.5  1.94779  0  0
4.5  1.9792  0  0
4.5  2.01062  0  0
4.5  2.04204  0  0
4.5  2.07345  0  0
4.5  2.10487  0  0
4.5  2.13628  0  0
4.5  2.1677  0  0
4.5  2.19911  0  0
4.5  2.23053  0  0
4.5  2.26195  0  0
4.5  2.29336  0  0
4.5  2.32478  0  0
4.5  2.35619  0  0
4.5  2.38761  0  0
4.5  2.41903  0  0
4.5  2.45044  0  0
4.5  2.48186  0  0
4.5  2.51327  0  0
4.5  2.54469  0  0
4.5  2.57611  0  0
4.5  2.60752  0  0
4.5  2.63894  0  0
4.5  2.67035  0  0
4.5  2.70177  0  0
4.5  2.73319  0  0
4.5  2.7646  0  0
4.5  2.79602  0  0
4.5  2.82743  0  0
4.5  2.85885  0  0
4.5  2.89027  0  0
4.5  2.92168  0  0
4.5  2.9531  0  0
4.5  2.98451  0  0
4.5  3.01593  0  0
4.5  3.04734  0  0
4.5  3.07876  0  0
4.5  3.11018  0  0
4.625  0  0  0
4.625  0.0314159  0  0
4.625  0.0628319  0  0
4.625  0.0942478  0  0
4.625  0.125664  0  0
4.625  0.15708  0  0
4.625  0.188496  0  0
4.625  0.219911  0  0
4.625  0.251327  0  0
4.625  0.282743  0  0
4.625  0.314159  0  0
4.625  0.345575  0  0
4.625  0.376991  0  0
4.625  0.408407  0  0
4.625  0.439823  0  0
4.625  0.471239  0  0
4.625  0.502655  0  0
4.625  0.534071  0  0
4.625  0.565487  0  0
4.625  0.596903  0  0
4.625  0.628319  0  0
4.625  0.659734  0  0
4.625  0.69115  0  0
4.625  0.722566  0  0
4.625  0.753982  0  0
4.625  0.785398  0  0
4.625  0.816814  0  0
4.625  0.84823  0  0
4.625  0.879646  0  0
4.625  0.911062  0  0
4.625  0.942478  0  0
4.625  0.973894  0  0
4.625  1.00531  0  0
4.625  1.03673  0  0
4.625  1.06814  0  0
4.625  1.09956  0  0
4.625  1.13097  0  0
4.625  1.16239  0  0
4.625  1.19381  0  0
4.625  1.22522  0  0
4.625  1.25664  0  0
4.625  1.28805  0  0
4.625  1.31947  0  0
4.625  1.35088  0  0
4.625  1.3823  0  0
4.625  1.41372  0  0
4.625  1.44513  0  0
4.625  1.47655  0  0
4.625  1.50796  0  0
4.625  1.53938  0  0
4.625  1.5708  0  0
4.625  1.60221  0  0
4.625  1.63363  0  0
4.625  1.66504  0  0
4.625  1.69646  0  0
4.625  1.72788  0  0
4.625  1.75929  0  0
4.625  1.79071  0  0
4.625  1.82212  0  0
4.625  1.85354  0  0
4.625  1.88496  0  0
4.625  1.91637  0  0
4.625  1.94779  0  0
4.625  1.9792  0  0
4.625  2.01062  0  0
4.625  2.04204  0  0
4.625  2.07345  0  0
4.625  2.10487  0  0
4.625  2.13628  0  0
4.625  2.1677  0  0
4.625  2.19911  0  0
4.625  2.23053  0  0
4.625  2.26195  0  0
4.625  2.29336  0  0
4.625  2.32478  0  0
4.625  2.35619  0  0
4.625  2.38761  0  0
4.625  2.41903  0  0
4.625  2.45044  0  0
4.625  2.48186  0  0
4.625  2.51327  0  0
4.625  2.54469  0  0
4.625  2.57611  0  0
4.625  2.60752  0  0
4.625  2.63894  0  0
4.625  2.67035  0  0
4.625  2.70177  0  0
4.625  2.73319  0  0
4.625  2.7646  0  0
4.625  2.79602  0  0
4.625  2.82743  0  0
4.625  2.85885  0  0
4.625  2.89027  0  0
4.625  2.92168  0  0
4.625  2.9531  0  0
4.625  2.98451  0  0
4.625  3.01593  0  0
4.625  3.04734  0  0
4.625  3.07876  0  0
4.625  3.11018  0  0
4.75  0  0  0
4.75  0.0314159  0  0
4.75  0.0628319  0  0
4.75  0.0942478  0  0
4.75  0.125664  0  0
4.75  0.15708  0  0
4.75  0.188496  0  0
4.75  0.219911  0  0
4.75  0.251327  0  0
4.75  0.282743  0  0
4.75  0.314159  0  0
4.75  0.345575  0  0
4.75  0.376991  0  0
4.75  0.408407  0  0
4.75  0.439823  0  0
4.75  0.471239  0  0
4.75  0.502655  0  0
4.75  0.534071  0  0
4.75  0.565487  0  0
4.75  0.596903  0  0
4.75  0.628319  0  0
4.75  0.659734  0  0
4.75  0.69115  0  0
4.75  0.722566  0  0
4.75  0.753982  0  0
4.75  0.785398  0  0
4.75  0.816814  0  0
4.75  0.84823  0  0
4.75  0.879646  0  0
4.75  0.911062  0  0
4.75  0.942478  0  0
4.75  0.973894  0  0
4.75  1.00531  0  0
4.75  1.03673  0  0
4.75  1.06814  0  0
4.75  1.09956  0  0
4.75  1.13097  0  0
4.75  1.16239  0  0
4.75  1.19381  0  0
4.75  1.22522  0  0
4.75  1.25664  0  0
4.75  1.28805  0  0
4.75  1.31947  0  0
4.75  1.35088  0  0
4.75  1.3823  0  0
4.75  1.41372  0  0
4.75  1.44513  0  0
4.75  1.47655  0  0
4.75  1.50796  0  0
4.75  1.53938  0  0
4.75  1.5708  0  0
4.75  1.60221  0  0
4.75  1.63363  0  0
4.75  1.66504  0  0
4.75  1.69646  0  0
4.75  1.72788  0  0
4.75  1.75929  0  0
4.75  1.79071  0  0
4.75  1.82212  0  0
4.75  1.85354  0  0
4.75  1.88496  0  0
4.75  1.91637  0  0
4.75  1.94779  0  0
4.75  1.9792  0  0
4.75  2.01062  0  0
4.75  2.04204  0  0
4.75  2.07345  0  0
4.75  2.10487  0  0
4.75  2.13628  0  0
4.75  2.1677  0  0
4.75  2.19911  0  0
4.75  2.23053  0  0
4.75  2.26195  0  0
4.75  2.29336  0  0
4.75  2.32478  0  0
4.75  2.35619  0  0
4.75  2.38761  0  0
4.75  2.41903  0  0
4.75  2.45044  0  0
4.75  2.48186  0  0
4.75  2.51327  0  0
4.75  2.54469  0  0
4.75  2.57611  0  0
4.75  2.60752  0  0
4.75  2.63894  0  0
4.75  2.67035  0  0
4.75  2.70177  0  0
4.75  2.73319  0  0
4.75  2.7646  0  0
4.75  2.79602  0  0
4.75  2.82743  0  0
4.75  2.85885  0  0
4.75  2.89027  0  0
4.75  2.92168  0  0
4.75  2.9531  0  0
4.75  2.98451  0  0
4.75  3.01593  0  0
4.75  3.04734  0  0
4.75  3.07876  0  0
4.75  3.11018  0  0
4.875  0  0  0
4.875  0.0314159  0  0
4.875  0.0628319  0  0
4.875  0.0942478  0  0
4.875  0.125664  0  0
4.875  0.15708  0  0
4.875  0.188496  0  0
4.875  0.219911  0  0
4.875  0.251327  0  0
4.875  0.282743  0  0
4.875  0.314159  0  0
4.875  0.345575  0  0
4.875  0.376991  0  0
4.875  0.408407  0  0
4.875  0.439823  0  0
4.875  0.471239  0  0
4.875  0.502655  0  0
4.875  0.534071  0  0
4.875  0.565487  0  0
4.875  0.596903  0  0
4.875  0.628319  0  0
4.875  0.659734  0  0
4.875  0.69115  0  0
4.875  0.722566  0  0
4.875  0.753982  0  0
4.875  0.785398  0  0
4.875  0.816814  0  0
4.875  0.84823  0  0
4.875  0.879646  0  0
4.875  0.911062  0  0
4.875  0.942478  0  0
4.875  0.973894  0  0
4.875  1.00531  0  0
4.875  1.03673  0  0
4.875  1.06814  0  0
4.875  1.09956  0  0
4.875  1.13097  0  0
4.875  1.16239  0  0
4.875  1.19381  0  0
4.875  1.22522  0  0
4.875  1.25664  0  0
4.875  1.28805  0  0
4.875  1.31947  0  0
4.875  1.35088  0  0
4.875  1.3823  0  0
4.875  1.41372  0  0
4.875  1.44513  0  0
4.875  1.47655  0  0
4.875  1.50796  0  0
4.875  1.53938  0  0
4.875  1.5708  0  0
4.875  1.60221  0  0
4.875  1.63363  0  0
4.875  1.66504  0  0
4.875  1.69646  0  0
4.875  1.72788  0  0
4.875  1.75929  0  0
4.875  1.79071  0  0
4.875  1.82212  0  0
4.875  1.85354  0  0
4.875  1.88496  0  0
4.875  1.91637  0  0
4.875  1.94779  0  0
4.875  1.9792  0  0
4.875  2.01062  0  0
4.875  2.04204  0  0
4.875  2.07345  0  0
4.875  2.10487  0  0
4.875  2.13628  0  0
4.875  2.1677  0  0
4.875  2.19911  0  0
4.875  2.23053  0  0
4.875  2.26195  0  0
4.875  2.29336  0  0
4.875  2.32478  0  0
4.875  2.35619  0  0
4.875  2.38761  0  0
4.875  2.41903  0  0
4.875  2.45044  0  0
4.875  2.48186  0  0
4.875  2.51327  0  0
4.875  2.54469  0  0
4.875  2.57611  0  0
4.875  2.60752  0  0
4.875  2.63894  0  0
4.875  2.67035  0  0
4.875  2.70177  0  0
4.875  2.73319  0  0
4.875  2.7646  0  0
4.875  2.79602  0  0
4.875  2.82743  0  0
4.875  2.85885  0  0
4.875  2.89027  0  0
4.875  2.92168  0  0
4.875  2.9531  0  0
4.875  2.98451  0  0
4.875  3.01593  0  0
4.875  3.04734  0  0
4.875  3.07876  0  0
4.875  3.11018  0  0
5  0  0  0
5  0.0314159  0  0
5  0.0628319  0  0
5  0.0942478  0  0
5  0.125664  0  0
5  0.15708  0  0
5  0.188496  0  0
5  0.219911  0  0
5  0.251327  0  0
5  0.282743  0  0
5  0.314159  0  0
5  0.345575  0  0
5  0.376991  0  0
5  0.408407  0  0
5  0.439823  0  0
5  0.471239  0  0
5  0.502655  0  0
5  0.534071  0  0
5  0.565487  0  0
5  0.596903  0  0
5  0.628319  0  0
5  0.659734  0  0
5  0.69115  0  0
5  0.722566  0  0
5  0.753982  0  0
5  0.785398  0  0
5  0.816814  0  0
5  0.84823  0  0
5  0.879646  0  0
5  0.911062  0  0
5  0.942478  0  0
5  0.973894  0  0
5  1.00531  0  0
5  1.03673  0  0
5  1.06814  0  0
5  1.09956  0  0
5  1.13097  0  0
5  1.16239  0  0
5  1.19381  0  0
5  1.22522  0  0
5  1.25664  0  0
5  1.28805  0  0
5  1.31947  0  0
5  1.35088  0  0
5  1.3823  0  0
5  1.41372  0  0
5  1.44513  0  0
5  1.47655  0  0
5  1.50796  0  0
5  1.53938  0  0
5  1.5708  0  0
5  1.60221  0  0
5  1.63363  0  0
5  1.66504  0  0
5  1.69646  0  0
5  1.72788  0  0
5  1.75929  0  0
5  1.79071  0  0
5  1.82212  0  0
5  1.85354  0  0
5  1.88496  0  0
5  1.91637  0  0
5  1.94779  0  0
5  1.9792  0  0
5  2.01062  0  0
5  2.04204  0  0
5  2.07345  0  0
5  2.10487  0  0
5  2.13628  0  0
5  2.1677  0  0
5  2.19911  0  0
5  2.23053  0  0
5  2.26195  0  0
5  2.29336  0  0
5  2.32478  0  0
5  2.35619  0  0
5  2.38761  0  0
5  2.41903  0  0
5  2.45044  0  0
5  2.48186  0  0
5  2.51327  0  0
5  2.54469  0  0
5  2.57611  0  0
5  2.60752  0  0
5  2.63894  0  0
5  2.67035  0  0
5  2.70177  0  0
5  2.73319  0  0
5  2.7646  0  0
5  2.79602  0  0
5  2.82743  0  0
5  2.85885  0  0
5  2.89027  0  0
5  2.92168  0  0
5  2.9531  0  0
5  2.98451  0  0
5  3.01593  0  0
5  3.04734  0  0
5  3.07876  0  0
5  3.11018  0  0
5.125  0  0  0
5.125  0.0314159  0  0
5.125  0.0628319  0  0
5.125  0.0942478  0  0
5.125  0.125664  0  0
5.125  0.15708  0  0
5.125  0.188496  0  0
5.125  0.219911  0  0
5.125  0.251327  0  0
5.125  0.282743  0  0
5.125  0.314159  0  0
5.125  0.345575  0  0
5.125  0.376991  0  0
5.125  0.408407  0  0
5.125  0.439823  0  0
5.125  0.471239  0  0
5.125  0.502655  0  0
5.125  0.534071  0  0
5.125  0.565487  0  0
5.125  0.596903  0  0
5.125  0.628319  0  0
5.125  0.659734  0  0
5.125  0.69115  0  0
5.125  0.722566  0  0
5.125  0.753982  0  0
5.125  0.785398  0  0
5.125  0.816814  0  0
5.125  0.84823  0  0
5.125  0.879646  0  0
5.125  0.911062  0  0
5.125  0.942478  0  0
5.125  0.973894  0  0
5.125  1.00531  0  0
5.125  1.03673  0  0
5.125  1.06814  0  0
5.125  1.09956  0  0
5.125  1.13097  0  0
5.125  1.16239  0  0
5.125  1.19381  0  0
5.125  1.22522  0  0
5.125  1.25664  0  0
5.125  1.28805  0  0
5.125  1.31947  0  0
5.125  1.35088  0  0
5.125  1.3823  0  0
5.125  1.41372  0  0
5.125  1.44513  0  0
5.125  1.47655  0  0
5.125  1.50796  0  0
5.125  1.53938  0  0
5.125  1.5708  0  0
5.125  1.60221  0  0
5.125  1.63363  0  0
5.125  1.66504  0  0
5.125  1.69646  0  0
5.125  1.72788  0  0
5.125  1.75929  0  0
5.125  1.79071  0  0
5.125  1.82212  0  0
5.125  1.85354  0  0
5.125  1.88496  0  0
5.125  1.91637  0  0
5.125  1.94779  0  0
5.125  1.9792  0  0
5.125  2.01062  0  0
5.125  2.04204  0  0
5.125  2.07345  0  0
5.125  2.10487  0  0
5.125  2.13628  0  0
5.125  2.1677  0  0
5.125  2.19911  0  0
5.125  2.23053  0  0
5.125  2.26195  0  0
5.125  2.29336  0  0
5.125  2.32478  0  0
5.125  2.35619  0  0
5.125  2.38761  0  0
5.125  2.41903  0  0
5.125  2.45044  0  0
5.125  2.48186  0  0
5.125  2.51327  0  0
5.125  2.54469  0  0
5.125  2.57611  0  0
5.125  2.60752  0  0
5.125  2.63894  0  0
5.125  2.67035  0  0
5.125  2.70177  0  0
5.125  2.73319  0  0
5.125  2.7646  0  0
5.125  2.79602  0  0
5.125  2.82743  0  0
5.125  2.85885  0  0
5.125  2.89027  0  0
5.125  2.92168  0  0
5.125  2.9531  0  0
5.125  2.98451  0  0
5.125  3.01593  0  0
5.125  3.04734  0  0
5.125  3.07876  0  0
5.125  3.11018  0  0
5.25  0  0  0
5.25  0.0314159  0  0
5.25  0.0628319  0  0
5.25  0.0942478  0  0
5.25  0.125664  0  0
5.25  0.15708  0  0
5.25  0.188496  0  0
5.25  0.219911  0  0
5.25  0.251327  0  0
5.25  0.282743  0  0
5.25  0.314159  0  0
5.25  0.345575  0  0
5.25  0.376991  0  0
5.25  0.408407  0  0
5.25  0.439823  0  0
5.25  0.471239  0  0
5.25  0.502655  0  0
5.25  0.534071  0  0
5.25  0.565487  0  0
5.25  0.596903  0  0
5.25  0.628319  0  0
5.25  0.659734  0  0
5.25  0.69115  0  0
5.25  0.722566  0  0
5.25  0.753982  0  0
5.25  0.785398  0  0
5.25  0.816814  0  0
5.25  0.84823  0  0
5.25  0.879646  0  0
5.25  0.911062  0  0
5.25  0.942478  0  0
5.25  0.973894  0  0
5.25  1.00531  0  0
5.25  1.03673  0  0
5.25  1.06814  0  0
5.25  1.09956  0  0
5.25  1.13097  0  0
5.25  1.16239  0  0
5.25  1.19381  0  0
5.25  1.22522  0  0
5.25  1.25664  0  0
5.25  1.28805  0  0
5.25  1.31947  0  0
5.25  1.35088  0  0
5.25  1.3823  0  0
5.25  1.41372  0  0
5.25  1.44513  0  0
5.25  1.47655  0  0
5.25  1.50796  0  0
5.25  1.53938  0  0
5.25  1.5708  0  0
5.25  1.60221  0  0
5.25  1.63363  0  0
5.25  1.66504  0  0
5.25  1.69646  0  0
5.25  1.72788  0  0
5.25  1.75929  0  0
5.25  1.79071  0  0
5.25  1.82212  0  0
5.25  1.85354  0  0
5.25  1.88496  0  0
5.25  1.91637  0  0
5.25  1.94779  0  0
5.25  1.9792  0  0
5.25  2.01062  0  0
5.25  2.04204  0  0
5.25  2.07345  0  0
5.25  2.10487  0  0
5.25  2.13628  0  0
5.25  2.1677  0  0
5.25  2.19911  0  0
5.25  2.23053  0  0
5.25  2.26195  0  0
5.25  2.29336  0  0
5.25  2.32478  0  0
5.25  2.35619  0  0
5.25  2.38761  0  0
5.25  2.41903  0  0
5.25  2.45044  0  0
5.25  2.48186  0  0
5.25  2.51327  0  0
5.25  2.54469  0  0
5.25  2.57611  0  0
5.25  2.60752  0  0
5.25  2.63894  0  0
5.25  2.67035  0  0
5.25  2.70177  0  0
5.25  2.73319  0  0
5.25  2.7646  0  0
5.25  2.79602  0  0
5.25  2.82743  0  0
5.25  2.85885  0  0
5.25  2.89027  0  0
5.25  2.92168  0  0
5.25  2.9531  0  0
5.25  2.98451  0  0
5.25  3.01593  0  0
5.25  3.04734  0  0
5.25  3.07876  0  0
5.25  3.11018  0  0
5.375  0  0  0
5.375  0.0314159  0  0
5.375  0.0628319  0  0
5.375  0.0942478  0  0
5.375  0.125664  0  0
5.375  0.15708  0  0
5.375  0.188496  0  0
5.375  0.219911  0  0
5.375  0.251327  0  0
5.375  0.282743  0  0
5.375  0.314159  0  0
5.375  0.345575  0  0
5.375  0.376991  0  0
5.375  0.408407  0  0
5.375  0.439823  0  0
5.375  0.471239  0  0
5.375  0.502655  0  0
5.375  0.534071  0  0
5.375  0.565487  0  0
5.375  0.596903  0  0
5.375  0.628319  0  0
5.375  0.659734  0  0
5.375  0.69115  0  0
5.375  0.722566  0  0
5.375  0.753982  0  0
5.375  0.785398  0  0
5.375  0.816814  0  0
5.375  0.84823  0  0
5.375  0.879646  0  0
5.375  0.911062  0  0
5.375  0.942478  0  0
5.375  0.973894  0  0
5.375  1.00531  0  0
5.375  1.03673  0  0
5.375  1.06814  0  0
5.375  1.09956  0  0
5.375  1.13097  0  0
5.375  1.16239  0  0
5.375  1.19381  0  0
5.375  1.22522  0  0
5.375  1.25664  0  0
5.375  1.28805  0  0
5.375  1.31947  0  0
5.375  1.35088  0  0
5.375  1.3823  0  0
5.375  1.41372  0  0
5.375  1.44513  0  0
5.375  1.47655  0  0
5.375  1.50796  0  0
5.375  1.53938  0  0
5.375  1.5708  0  0
5.375  1.60221  0  0
5.375  1.63363  0  0
5.375  1.66504  0  0
5.375  1.69646  0  0
5.375  1.72788  0  0
5.375  1.75929  0  0
5.375  1.79071  0  0
5.375  1.82212  0  0
5.375  1.85354  0  0
5.375  1.88496  0  0
5.375  1.91637  0  0
5.375  1.94779  0  0
5.375  1.9792  0  0
5.375  2.01062  0  0
5.375  2.04204  0  0
5.375  2.07345  0  0
5.375  2.10487  0  0
5.375  2.13628  0  0
5.375  2.1677  0  0
5.375  2.19911  0  0
5.375  2.23053  0  0
5.375  2.26195  0  0
5.375  2.29336  0  0
5.375  2.32478  0  0
5.375  2.35619  0  0
5.375  2.38761  0  0
5.375  2.41903  0  0
5.375  2.45044  0  0
5.375  2.48186  0  0
5.375  2.51327  0  0
5.375  2.54469  0  0
5.375  2.57611  0  0
5.375  2.60752  0  0
5.375  2.63894  0  0
5.375  2.67035  0  0
5.375  2.70177  0  0
5.375  2.73319  0  0
5.375  2.7646  0  0
5.375  2.79602  0  0
5.375  2.82743  0  0
5.375  2.85885  0  0
5.375  2.89027  0  0
5.375  2.92168  0  0
5.375  2.9531  0  0
5.375  2.98451  0  0
5.375  3.01593  0  0
5.375  3.04734  0  0
5.375  3.07876  0  0
5.375  3.11018  0  0
5.5  0  0  0
5.5  0.0314159  0  0
5.5  0.0628319  0  0
5.5  0.0942478  0  0
5.5  0.125664  0  0
5.5  0.15708  0  0
5.5  0.188496  0  0
5.5  0.219911  0  0
5.5  0.251327  0  0
5.5  0.282743  0  0
5.5  0.314159  0  0
5.5  0.345575  0  0
5.5  0.376991  0  0
5.5  0.408407  0  0
5.5  0.439823  0  0
5.5  0.471239  0  0
5.5  0.502655  0  0
5.5  0.534071  0  0
5.5  0.565487  0  0
5.5  0.596903  0  0
5.5  0.628319  0  0
5.5  0.659734  0  0
5.5  0.69115  0  0
5.5  0.722566  0  0
5.5  0.753982  0  0
5.5  0.785398  0  0
5.5  0.816814  0  0
5.5  0.84823  0  0
5.5  0.879646  0  0
5.5  0.911062  0  0
5.5  0.942478  0  0
5.5  0.973894  0  0
5.5  1.00531  0  0
5.5  1.03673  0  0
5.5  1.06814  0  0
5.5  1.09956  0  0
5.5  1.13097  0  0
5.5  1.16239  0  0
5.5  1.19381  0  0
5.5  1.22522  0  0
5.5  1.25664  0  0
5.5  1.28805  0  0
5.5  1.31947  0  0
5.5  1.35088  0  0
5.5  1.3823  0  0
5.5  1.41372  0  0
5.5  1.44513  0  0
5.5  1.47655  0  0
5.5  1.50796  0  0
5.5  1.53938  0  0
5.5  1.5708  0  0
5.5  1.60221  0  0
5.5  1.63363  0  0
5.5  1.66504  0  0
5.5  1.69646  0  0
5.5  1.72788  0  0
5.5  1.75929  0  0
5.5  1.79071  0  0
5.5  1.82212  0  0
5.5  1.85354  0  0
5.5  1.88496  0  0
5.5  1.91637  0  0
5.5  1.94779  0  0
5.5  1.9792  0  0
5.5  2.01062  0  0
5.5  2.04204  0  0
5.5  2.07345  0  0
5.5  2.10487  0  0
5.5  2.13628  0  0
5.5  2.1677  0  0
5.5  2.19911  0  0
5.5  2.23053  0  0
5.5  2.26195  0  0
5.5  2.29336  0  0
5.5  2.32478  0  0
5.5  2.35619  0  0
5.5  2.38761  0  0
5.5  2.41903  0  0
5.5  2.45044  0  0
5.5  2.48186  0  0
5.5  2.51327  0  0
5.5  2.54469  0  0
5.5  2.57611  0  0
5.5  2.60752  0  0
5.5  2.63894  0  0
5.5  2.67035  0  0
5.5  2.70177  0  0
5.5  2.73319  0  0
5.5  2.7646  0  0
5.5  2.79602  0  0
5.5  2.82743  0  0
5.5  2.85885  0  0
5.5  2.89027  0  0
5.5  2.92168  0  0
5.5  2.9531  0  0
5.5  2.98451  0  0
5.5  3.01593  0  0
5.5  3.04734  0  0
5.5  3.07876  0  0
5.5  3.11018  0  0
5.625  0  0  0
5.625  0.0314159  0  0
5.625  0.0628319  0  0
5.625  0.0942478  0  0
5.625  0.125664  0  0
5.625  0.15708  0  0
5.625  0.188496  0  0
5.625  0.219911  0  0
5.625  0.251327  0  0
5.625  0.282743  0  0
5.625  0.314159  0  0
5.625  0.345575  0  0
5.625  0.376991  0  0
5.625  0.408407  0  0
5.625  0.439823  0  0
5.625  0.471239  0  0
5.625  0.502655  0  0
5.625  0.534071  0  0
5.625  0.565487  0  0
5.625  0.596903  0  0
5.625  0.628319  0  0
5.625  0.659734  0  0
5.625  0.69115  0  0
5.625  0.722566  0  0
5.625  0.753982  0  0
5.625  0.785398  0  0
5.625  0.816814  0  0
5.625  0.84823  0  0
5.625  0.879646  0  0
5.625  0.911062  0  0
5.625  0.942478  0  0
5.625  0.973894  0  0
5.625  1.00531  0  0
5.625  1.03673  0  0
5.625  1.06814  0  0
5.625  1.09956  0  0
5.625  1.13097  0  0
5.625  1.16239  0  0
5.625  1.19381  0  0
5.625  1.22522  0  0
5.625  1.25664  0  0
5.625  1.28805  0  0
5.625  1.31947  0  0
5.625  1.35088  0  0
5.625  1.3823  0  0
5.625  1.41372  0  0
5.625  1.44513  0  0
5.625  1.47655  0  0
5.625  1.50796  0  0
5.625  1.53938  0  0
5.625  1.5708  0  0
5.625  1.60221  0  0
5.625  1.63363  0  0
5.625  1.66504  0  0
5.625  1.69646  0  0
5.625  1.72788  0  0
5.625  1.75929  0  0
5.625  1.79071  0  0
5.625  1.82212  0  0
5.625  1.85354  0  0
5.625  1.88496  0  0
5.625  1.91637  0  0
5.625  1.94779  0  0
5.625  1.9792  0  0
5.625  2.01062  0  0
5.625  2.04204  0  0
5.625  2.07345  0  0
5.625  2.10487  0  0
5.625  2.13628  0  0
5.625  2.1677  0  0
5.625  2.19911  0  0
5.625  2.23053  0  0
5.625  2.26195  0  0
5.625  2.29336  0  0
5.625  2.32478  0  0
5.625  2.35619  0  0
5.625  2.38761  0  0
5.625  2.41903  0  0
5.625  2.45044  0  0
5.625  2.48186  0  0
5.625  2.51327  0  0
5.625  2.54469  0  0
5.625  2.57611  0  0
5.625  2.60752  0  0
5.625  2.63894  0  0
5.625  2.67035  0  0
5.625  2.70177  0  0
5.625  2.73319  0  0
5.625  2.7646  0  0
5.625  2.79602  0  0
5.625  2.82743  0  0
5.625  2.85885  0  0
5.625  2.89027  0  0
5.625  2.92168  0  0
5.625  2.9531  0  0
5.625  2.98451  0  0
5.625  3.01593  0  0
5.625  3.04734  0  0
5.625  3.07876  0  0
5.625  3.11018  0  0
5.75  0  0  0
5.75  0.0314159  0  0
5.75  0.0628319  0  0
5.75  0.0942478  0  0
5.75  0.125664  0  0
5.75  0.15708  0  0
5.75  0.188496  0  0
5.75  0.219911  0  0
5.75  0.251327  0  0
5.75  0.282743  0  0
5.75  0.314159  0  0
5.75  0.345575  0  0
5.75  0.376991  0  0
5.75  0.408407  0  0
5.75  0.439823  0  0
5.75  0.471239  0  0
5.75  0.502655  0  0
5.75  0.534071  0  0
5.75  0.565487  0  0
5.75  0.596903  0  0
5.75  0.628319  0  0
5.75  0.659734  0  0
5.75  0.69115  0  0
5.75  0.722566  0  0
5.75  0.753982  0  0
5.75  0.785398  0  0
5.75  0.816814  0  0
5.75  0.84823  0  0
5.75  0.879646  0  0
5.75  0.911062  0  0
5.75  0.942478  0  0
5.75  0.973894  0  0
5.75  1.00531  0  0
5.75  1.03673  0  0
5.75  1.06814  0  0
5.75  1.09956  0  0
5.75  1.13097  0  0
5.75  1.16239  0  0
5.75  1.19381  0  0
5.75  1.22522  0  0
5.75  1.25664  0  0
5.75  1.28805  0  0
5.75  1.31947  0  0
5.75  1.35088  0  0
5.75  1.3823  0  0
5.75  1.41372  0  0
5.75  1.44513  0  0
5.75  1.47655  0  0
5.75  1.50796  0  0
5.75  1.53938  0  0
5.75  1.5708  0  0
5.75  1.60221  0  0
5.75  1.63363  0  0
5.75  1.66504  0  0
5.75  1.69646  0  0
5.75  1.72788  0  0
5.75  1.75929  0  0
5.75  1.79071  0  0
5.75  1.82212  0  0
5.75  1.85354  0  0
5.75  1.88496  0  0
5.75  1.91637  0  0
5.75  1.94779  0  0
5.75  1.9792  0  0
5.75  2.01062  0  0
5.75  2.04204  0  0
5.75  2.07345  0  0
5.75  2.10487  0  0
5.75  2.13628  0  0
5.75  2.1677  0  0
5.75  2.19911  0  0
5.75  2.23053  0  0
5.75  2.26195  0  0
5.75  2.29336  0  0
5.75  2.32478  0  0
5.75  2.35619  0  0
5.75  2.38761  0  0
5.75  2.41903  0  0
5.75  2.45044  0  0
5.75  2.48186  0  0
5.75  2.51327  0  0
5.75  2.54469  0  0
5.75  2.57611  0  0
5.75  2.60752  0  0
5.75  2.63894  0  0
5.75  2.67035  0  0
5.75  2.70177  0  0
5.75  2.73319  0  0
5.75  2.7646  0  0
5.75  2.79602  0  0
5.75  2.82743  0  0
5.75  2.85885  0  0
5.75  2.89027  0  0
5.75  2.92168  0  0
5.75  2.9531  0  0
5.75  2.98451  0  0
5.75  3.01593  0  0
5.75  3.04734  0  0
5.75  3.07876  0  0
5.75  3.11018  0  0
5.875  0  0  0
5.875  0.0314159  0  0
5.875  0.0628319  0  0
5.875  0.0942478  0  0
5.875  0.125664  0  0
5.875  0.15708  0  0
5.875  0.188496  0  0
5.875  0.219911  0  0
5.875  0.251327  0  0
5.875  0.282743  0  0
5.875  0.314159  0  0
5.875  0.345575  0  0
5.875  0.376991  0  0
5.875  0.408407  0  0
5.875  0.439823  0  0
5.875  0.471239  0  0
5.875  0.502655  0  0
5.875  0.534071  0  0
5.875  0.565487  0  0
5.875  0.596903  0  0
5.875  0.628319  0  0
5.875  0.659734  0  0
5.875  0.69115  0  0
5.875  0.722566  0  0
5.875  0.753982  0  0
5.875  0.785398  0  0
5.875  0.816814  0  0
5.875  0.84823  0  0
5.875  0.879646  0  0
5.875  0.911062  0  0
5.875  0.942478  0  0
5.875  0.973894  0  0
5.875  1.00531  0  0
5.875  1.03673  0  0
5.875  1.06814  0  0
5.875  1.09956  0  0
5.875  1.13097  0  0
5.875  1.16239  0  0
5.875  1.19381  0  0
5.875  1.22522  0  0
5.875  1.25664  0  0
5.875  1.28805  0  0
5.875  1.31947  0  0
5.875  1.35088  0  0
5.875  1.3823  0  0
5.875  1.41372  0  0
5.875  1.44513  0  0
5.875  1.47655  0  0
5.875  1.50796  0  0
5.875  1.53938  0  0
5.875  1.5708  0  0
5.875  1.60221  0  0
5.875  1.63363  0  0
5.875  1.66504  0  0
5.875  1.69646  0  0
5.875  1.72788  0  0
5.875  1.75929  0  0
5.875  1.79071  0  0
5.875  1.82212  0  0
5.875  1.85354  0  0
5.875  1.88496  0  0
5.875  1.91637  0  0
5.875  1.94779  0  0
5.875  1.9792  0  0
5.875  2.01062  0  0
5.875  2.04204  0  0
5.875  2.07345  0  0
5.875  2.10487  0  0
5.875  2.13628  0  0
5.875  2.1677  0  0
5.875  2.19911  0  0
5.875  2.23053  0  0
5.875  2.26195  0  0
5.875  2.29336  0  0
5.875  2.32478  0  0
5.875  2.35619  0  0
5.875  2.38761  0  0
5.875  2.41903  0  0
5.875  2.45044  0  0
5.875  2.48186  0  0
5.875  2.51327  0  0
5.875  2.54469  0  0
5.875  2.57611  0  0
5.875  2.60752  0  0
5.875  2.63894  0  0
5.875  2.67035  0  0
5.875  2.70177  0  0
5.875  2.73319  0  0
5.875  2.7646  0  0
5.875  2.79602  0  0
5.875  2.82743  0  0
5.875  2.85885  0  0
5.875  2.89027  0  0
5.875  2.92168  0  0
5.875  2.9531  0  0
5.875  2.98451  0  0
5.875  3.01593  0  0
5.875  3.04734  0  0
5.875  3.07876  0  0
5.875  3.11018  0  0
6  0  0  0
6  0.0314159  0  0
6  0.0628319  0  0
6  0.0942478  0  0
6  0.125664  0  0
6  0.15708  0  0
6  0.188496  0  0
6  0.219911  0  0
6  0.251327  0  0
6  0.282743  0  0
6  0.314159  0  0
6  0.345575  0  0
6  0.376991  0  0
6  0.408407  0  0
6  0.439823  0  0
6  0.471239  0  0
6  0.502655  0  0
6  0.534071  0  0
6  0.565487  0  0
6  0.596903  0  0
6  0.628319  0  0
6  0.659734  0  0
6  0.69115  0  0
6  0.722566  0  0
6  0.753982  0  0
6  0.785398  0  0
6  0.816814  0  0
6  0.84823  0  0
6  0.879646  0  0
6  0.911062  0  0
6  0.942478  0  0
6  0.973894  0  0
6  1.00531  0  0
6  1.03673  0  0
6  1.06814  0  0
6  1.09956  0  0
6  1.13097  0  0
6  1.16239  0  0
6  1.19381  0  0
6  1.22522  0  0
6  1.25664  0  0
6  1.28805  0  0
6  1.31947  0  0
6  1.35088  0  0
6  1.3823  0  0
6  1.41372  0  0
6  1.44513  0  0
6  1.47655  0  0
6  1.50796  0  0
6  1.53938  0  0
6  1.5708  0  0
6  1.60221  0  0
6  1.63363  0  0
6  1.66504  0  0
6  1.69646  0  0
6  1.72788  0  0
6  1.75929  0  0
6  1.79071  0  0
6  1.82212  0  0
6  1.85354  0  0
6  1.88496  0  0
6  1.91637  0  0
6  1.94779  0  0
6  1.9792  0  0
6  2.01062  0  0
6  2.04204  0  0
6  2.07345  0  0
6  2.10487  0  0
6  2.13628  0  0
6  2.1677  0  0
6  2.19911  0  0
6  2.23053  0  0
6  2.26195  0  0
6  2.29336  0  0
6  2.32478  0  0
6  2.35619  0  0
6  2.38761  0  0
6  2.41903  0  0
6  2.45044  0  0
6  2.48186  0  0
6  2.51327  0  0
6  2.54469  0  0
6  2.57611  0  0
6  2.60752  0  0
6  2.63894  0  0
6  2.67035  0  0
6  2.70177  0  0
6  2.73319  0  0
6  2.7646  0  0
6  2.79602  0  0
6  2.82743  0  0
6  2.85885  0  0
6  2.89027  0  0
6  2.92168  0  0
6  2.9531  0  0
6  2.98451  0  0
6  3.01593  0  0
6  3.04734  0  0
6  3.07876  0  0
6  3.11018  0  0
6.125  0  0  0
6.125  0.0314159  0  0
6.125  0.0628319  0  0
6.125  0.0942478  0  0
6.125  0.125664  0  0
6.125  0.15708  0  0
6.125  0.188496  0  0
6.125  0.219911  0  0
6.125  0.251327  0  0
6.125  0.282743  0  0
6.125  0.314159  0  0
6.125  0.345575  0  0
6.125  0.376991  0  0
6.125  0.408407  0  0
6.125  0.439823  0  0
6.125  0.471239  0  0
6.125  0.502655  0  0
6.125  0.534071  0  0
6.125  0.565487  0  0
6.125  0.596903  0  0
6.125  0.628319  0  0
6.125  0.659734  0  0
6.125  0.69115  0  0
6.125  0.722566  0  0
6.125  0.753982  0  0
6.125  0.785398  0  0
6.125  0.816814  0  0
6.125  0.84823  0  0
6.125  0.879646  0  0
6.125  0.911062  0  0
6.125  0.942478  0  0
6.125  0.973894  0  0
6.125  1.00531  0  0
6.125  1.03673  0  0
6.125  1.06814  0  0
6.125  1.09956  0  0
6.125  1.13097  0  0
6.125  1.16239  0  0
6.125  1.19381  0  0
6.125  1.22522  0  0
6.125  1.25664  0  0
6.125  1.28805  0  0
6.125  1.31947  0  0
6.125  1.35088  0  0
6.125  1.3823  0  0
6.125  1.41372  0  0
6.125  1.44513  0  0
6.125  1.47655  0  0
6.125  1.50796  0  0
6.125  1.53938  0  0
6.125  1.5708  0  0
6.125  1.60221  0  0
6.125  1.63363  0  0
6.125  1.66504  0  0
6.125  1.69646  0  0
6.125  1.72788  0  0
6.125  1.75929  0  0
6.125  1.79071  0  0
6.125  1.82212  0  0
6.125  1.85354  0  0
6.125  1.88496  0  0
6.125  1.91637  0  0
6.125  1.94779  0  0
6.125  1.9792  0  0
6.125  2.01062  0  0
6.125  2.04204  0  0
6.125  2.07345  0  0
6.125  2.10487  0  0
6.125  2.13628  0  0
6.125  2.1677  0  0
6.125  2.19911  0  0
6.125  2.23053  0  0
6.125  2.26195  0  0
6.125  2.29336  0  0
6.125  2.32478  0  0
6.125  2.35619  0  0
6.125  2.38761  0  0
6.125  2.41903  0  0
6.125  2.45044  0  0
6.125  2.48186  0  0
6.125  2.51327  0  0
6.125  2.54469  0  0
6.125  2.57611  0  0
6.125  2.60752  0  0
6.125  2.63894  0  0
6.125  2.67035  0  0
6.125  2.70177  0  0
6.125  2.73319  0  0
6.125  2.7646  0  0
6.125  2.79602  0  0
6.125  2.82743  0  0
6.125  2.85885  0  0
6.125  2.89027  0  0
6.125  2.92168  0  0
6.125  2.9531  0  0
6.125  2.98451  0  0
6.125  3.01593  0  0
6.125  3.04734  0  0
6.125  3.07876  0  0
6.125  3.11018  0  0
6.25  0  0  0
6.25  0.0314159  0  0
6.25  0.0628319  0  0
6.25  0.0942478  0  0
6.25  0.125664  0  0
6.25  0.15708  0  0
6.25  0.188496  0  0
6.25  0.219911  0  0
6.25  0.251327  0  0
6.25  0.282743  0  0
6.25  0.314159  0  0
6.25  0.345575  0  0
6.25  0.376991  0  0
6.25  0.408407  0  0
6.25  0.439823  0  0
6.25  0.471239  0  0
6.25  0.502655  0  0
6.25  0.534071  0  0
6.25  0.565487  0  0
6.25  0.596903  0  0
6.25  0.628319  0  0
6.25  0.659734  0  0
6.25  0.69115  0  0
6.25  0.722566  0  0
6.25  0.753982  0  0
6.25  0.785398  0  0
6.25  0.816814  0  0
6.25  0.84823  0  0
6.25  0.879646  0  0
6.25  0.911062  0  0
6.25  0.942478  0  0
6.25  0.973894  0  0
6.25  1.00531  0  0
6.25  1.03673  0  0
6.25  1.06814  0  0
6.25  1.09956  0  0
6.25  1.13097  0  0
6.25  1.16239  0  0
6.25  1.19381  0  0
6.25  1.22522  0  0
6.25  1.25664  0  0
6.25  1.28805  0  0
6.25  1.31947  0  0
6.25  1.35088  0  0
6.25  1.3823  0  0
6.25  1.41372  0  0
6.25  1.44513  0  0
6.25  1.47655  0  0
6.25  1.50796  0  0
6.25  1.53938  0  0
6.25  1.5708  0  0
6.25  1.60221  0  0
6.25  1.63363  0  0
6.25  1.66504  0  0
6.25  1.69646  0  0
6.25  1.72788  0  0
6.25  1.75929  0  0
6.25  1.79071  0  0
6.25  1.82212  0  0
6.25  1.85354  0  0
6.25  1.88496  0  0
6.25  1.91637  0  0
6.25  1.94779  0  0
6.25  1.9792  0  0
6.25  2.01062  0  0
6.25  2.04204  0  0
6.25  2.07345  0  0
6.25  2.10487  0  0
6.25  2.13628  0  0
6.25  2.1677  0  0
6.25  2.19911  0  0
6.25  2.23053  0  0
6.25  2.26195  0  0
6.25  2.29336  0  0
6.25  2.32478  0  0
6.25  2.35619  0  0
6.25  2.38761  0  0
6.25  2.41903  0  0
6.25  2.45044  0  0
6.25  2.48186  0  0
6.25  2.51327  0  0
6.25  2.54469  0  0
6.25  2.57611  0  0
6.25  2.60752  0  0
6.25  2.63894  0  0
6.25  2.67035  0  0
6.25  2.70177  0  0
6.25  2.73319  0  0
6.25  2.7646  0  0
6.25  2.79602  0  0
6.25  2.82743  0  0
6.25  2.85885  0  0
6.25  2.89027  0  0
6.25  2.92168  0  0
6.25  2.9531  0  0
6.25  2.98451  0  0
6.25  3.01593  0  0
6.25  3.04734  0  0
6.25  3.07876  0  0
6.25  3.11018  0  0
6.375  0  0  0
6.375  0.0314159  0  0
6.375  0.0628319  0  0
6.375  0.0942478  0  0
6.375  0.125664  0  0
6.375  0.15708  0  0
6.375  0.188496  0  0
6.375  0.219911  0  0
6.375  0.251327  0  0
6.375  0.282743  0  0
6.375  0.314159  0  0
6.375  0.345575  0  0
6.375  0.376991  0  0
6.375  0.408407  0  0
6.375  0.439823  0  0
6.375  0.471239  0  0
6.375  0.502655  0  0
6.375  0.534071  0  0
6.375  0.565487  0  0
6.375  0.596903  0  0
6.375  0.628319  0  0
6.375  0.659734  0  0
6.375  0.69115  0  0
6.375  0.722566  0  0
6.375  0.753982  0  0
6.375  0.785398  0  0
6.375  0.816814  0  0
6.375  0.84823  0  0
6.375  0.879646  0  0
6.375  0.911062  0  0
6.375  0.942478  0  0
6.375  0.973894  0  0
6.375  1.00531  0  0
6.375  1.03673  0  0
6.375  1.06814  0  0
6.375  1.09956  0  0
6.375  1.13097  0  0
6.375  1.16239  0  0
6.375  1.19381  0  0
6.375  1.22522  0  0
6.375  1.25664  0  0
6.375  1.28805  0  0
6.375  1.31947  0  0
6.375  1.35088  0  0
6.375  1.3823  0  0
6.375  1.41372  0  0
6.375  1.44513  0  0
6.375  1.47655  0  0
6.375  1.50796  0  0
6.375  1.53938  0  0
6.375  1.5708  0  0
6.375  1.60221  0  0
6.375  1.63363  0  0
6.375  1.66504  0  0
6.375  1.69646  0  0
6.375  1.72788  0  0
6.375  1.75929  0  0
6.375  1.79071  0  0
6.375  1.82212  0  0
6.375  1.85354  0  0
6.375  1.88496  0  0
6.375  1.91637  0  0
6.375  1.94779  0  0
6.375  1.9792  0  0
6.375  2.01062  0  0
6.375  2.04204  0  0
6.375  2.07345  0  0
6.375  2.10487  0  0
6.375  2.13628  0  0
6.375  2.1677  0  0
6.375  2.19911  0  0
6.375  2.23053  0  0
6.375  2.26195  0  0
6.375  2.29336  0  0
6.375  2.32478  0  0
6.375  2.35619  0  0
6.375  2.38761  0  0
6.375  2.41903  0  0
6.375  2.45044  0  0
6.375  2.48186  0  0
6.375  2.51327  0  0
6.375  2.54469  0  0
6.375  2.57611  0  0
6.375  2.60752  0  0
6.375  2.63894  0  0
6.375  2.67035  0  0
6.375  2.70177  0  0
6.375  2.73319  0  0
6.375  2.7646  0  0
6.375  2.79602  0  0
6.375  2.82743  0  0
6.375  2.85885  0  0
6.375  2.89027  0  0
6.375  2.92168  0  0
6.375  2.9531  0  0
6.375  2.98451  0  0
6.375  3.01593  0  0
6.375  3.04734  0  0
6.375  3.07876  0  0
6.375  3.11018  0  0
6.5  0  0  0
6.5  0.0314159  0  0
6.5  0.0628319  0  0
6.5  0.0942478  0  0
6.5  0.125664  0  0
6.5  0.15708  0  0
6.5  0.188496  0  0
6.5  0.219911  0  0
6.5  0.251327  0  0
6.5  0.282743  0  0
6.5  0.314159  0  0
6.5  0.345575  0  0
6.5  0.376991  0  0
6.5  0.408407  0  0
6.5  0.439823  0  0
6.5  0.471239  0  0
6.5  0.502655  0  0
6.5  0.534071  0  0
6.5  0.565487  0  0
6.5  0.596903  0  0
6.5  0.628319  0  0
6.5  0.659734  0  0
6.5  0.69115  0  0
6.5  0.722566  0  0
6.5  0.753982  0  0
6.5  0.785398  0  0
6.5  0.816814  0  0
6.5  0.84823  0  0
6.5  0.879646  0  0
6.5  0.911062  0  0
6.5  0.942478  0  0
6.5  0.973894  0  0
6.5  1.00531  0  0
6.5  1.03673  0  0
6.5  1.06814  0  0
6.5  1.09956  0  0
6.5  1.13097  0  0
6.5  1.16239  0  0
6.5  1.19381  0  0
6.5  1.22522  0  0
6.5  1.25664  0  0
6.5  1.28805  0  0
6.5  1.31947  0  0
6.5  1.35088  0  0
6.5  1.3823  0  0
6.5  1.41372  0  0
6.5  1.44513  0  0
6.5  1.47655  0  0
6.5  1.50796  0  0
6.5  1.53938  0  0
6.5  1.5708  0  0
6.5  1.60221  0  0
6.5  1.63363  0  0
6.5  1.66504  0  0
6.5  1.69646  0  0
6.5  1.72788  0  0
6.5  1.75929  0  0
6.5  1.79071  0  0
6.5  1.82212  0  0
6.5  1.85354  0  0
6.5  1.88496  0  0
6.5  1.91637  0  0
6.5  1.94779  0  0
6.5  1.9792  0  0
6.5  2.01062  0  0
6.5  2.04204  0  0
6.5  2.07345  0  0
6.5  2.10487  0  0
6.5  2.13628  0  0
6.5  2.1677  0  0
6.5  2.19911  0  0
6.5  2.23053  0  0
6.5  2.26195  0  0
6.5  2.29336  0  0
6.5  2.32478  0  0
6.5  2.35619  0  0
6.5  2.38761  0  0
6.5  2.41903  0  0
6.5  2.45044  0  0
6.5  2.48186  0  0
6.5  2.51327  0  0
6.5  2.54469  0  0
6.5  2.57611  0  0
6.5  2.60752  0  0
6.5  2.63894  0  0
6.5  2.67035  0  0
6.5  2.70177  0  0
6.5  2.73319  0  0
6.5  2.7646  0  0
6.5  2.79602  0  0
6.5  2.82743  0  0
6.5  2.85885  0  0
6.5  2.89027  0  0
6.5  2.92168  0  0
6.5  2.9531  0  0
6.5  2.98451  0  0
6.5  3.01593  0  0
6.5  3.04734  0  0
6.5  3.07876  0  0
6.5  3.11018  0  0
6.625  0  0  0
6.625  0.0314159  0  0
6.625  0.0628319  0  0
6.625  0.0942478  0  0
6.625  0.125664  0  0
6.625  0.15708  0  0
6.625  0.188496  0  0
6.625  0.219911  0  0
6.625  0.251327  0  0
6.625  0.282743  0  0
6.625  0.314159  0  0
6.625  0.345575  0  0
6.625  0.376991  0  0
6.625  0.408407  0  0
6.625  0.439823  0  0
6.625  0.471239  0  0
6.625  0.502655  0  0
6.625  0.534071  0  0
6.625  0.565487  0  0
6.625  0.596903  0  0
6.625  0.628319  0  0
6.625  0.659734  0  0
6.625  0.69115  0  0
6.625  0.722566  0  0
6.625  0.753982  0  0
6.625  0.785398  0  0
6.625  0.816814  0  0
6.625  0.84823  0  0
6.625  0.879646  0  0
6.625  0.911062  0  0
6.625  0.942478  0  0
6.625  0.973894  0  0
6.625  1.00531  0  0
6.625  1.03673  0  0
6.625  1.06814  0  0
6.625  1.09956  0  0
6.625  1.13097  0  0
6.625  1.16239  0  0
6.625  1.19381  0  0
6.625  1.22522  0  0
6.625  1.25664  0  0
6.625  1.28805  0  0
6.625  1.31947  0  0
6.625  1.35088  0  0
6.625  1.3823  0  0
6.625  1.41372  0  0
6.625  1.44513  0  0
6.625  1.47655  0  0
6.625  1.50796  0  0
6.625  1.53938  0  0
6.625  1.5708  0  0
6.625  1.60221  0  0
6.625  1.63363  0  0
6.625  1.66504  0  0
6.625  1.69646  0  0
6.625  1.72788  0  0
6.625  1.75929  0  0
6.625  1.79071  0  0
6.625  1.82212  0  0
6.625  1.85354  0  0
6.625  1.88496  0  0
6.625  1.91637  0  0
6.625  1.94779  0  0
6.625  1.9792  0  0
6.625  2.01062  0  0
6.625  2.04204  0  0
6.625  2.07345  0  0
6.625  2.10487  0  0
6.625  2.13628  0  0
6.625  2.1677  0  0
6.625  2.19911  0  0
6.625  2.23053  0  0
6.625  2.26195  0  0
6.625  2.29336  0  0
6.625  2.32478  0  0
6.625  2.35619  0  0
6.625  2.38761  0  0
6.625  2.41903  0  0
6.625  2.45044  0  0
6.625  2.48186  0  0
6.625  2.51327  0  0
6.625  2.54469  0  0
6.625  2.57611  0  0
6.625  2.60752  0  0
6.625  2.63894  0  0
6.625  2.67035  0  0
6.625  2.70177  0  0
6.625  2.73319  0  0
6.625  2.7646  0  0
6.625  2.79602  0  0
6.625  2.82743  0  0
6.625  2.85885  0  0
6.625  2.89027  0  0
6.625  2.92168  0  0
6.625  2.9531  0  0
6.625  2.98451  0  0
6.625  3.01593  0  0
6.625  3.04734  0  0
6.625  3.07876  0  0
6.625  3.11018  0  0
6.75  0  0  0
6.75  0.0314159  0  0
6.75  0.0628319  0  0
6.75  0.0942478  0  0
6.75  0.125664  0  0
6.75  0.15708  0  0
6.75  0.188496  0  0
6.75  0.219911  0  0
6.75  0.251327  0  0
6.75  0.282743  0  0
6.75  0.314159  0  0
6.75  0.345575  0  0
6.75  0.376991  0  0
6.75  0.408407  0  0
6.75  0.439823  0  0
6.75  0.471239  0  0
6.75  0.502655  0  0
6.75  0.534071  0  0
6.75  0.565487  0  0
6.75  0.596903  0  0
6.75  0.628319  0  0
6.75  0.659734  0  0
6.75  0.69115  0  0
6.75  0.722566  0  0
6.75  0.753982  0  0
6.75  0.785398  0  0
6.75  0.816814  0  0
6.75  0.84823  0  0
6.75  0.879646  0  0
6.75  0.911062  0  0
6.75  0.942478  0  0
6.75  0.973894  0  0
6.75  1.00531  0  0
6.75  1.03673  0  0
6.75  1.06814  0  0
6.75  1.09956  0  0
6.75  1.13097  0  0
6.75  1.16239  0  0
6.75  1.19381  0  0
6.75  1.22522  0  0
6.75  1.25664  0  0
6.75  1.28805  0  0
6.75  1.31947  0  0
6.75  1.35088  0  0
6.75  1.3823  0  0
6.75  1.41372  0  0
6.75  1.44513  0  0
6.75  1.47655  0  0
6.75  1.50796  0  0
6.75  1.53938  0  0
6.75  1.5708  0  0
6.75  1.60221  0  0
6.75  1.63363  0  0
6.75  1.66504  0  0
6.75  1.69646  0  0
6.75  1.72788  0  0
6.75  1.75929  0  0
6.75  1.79071  0  0
6.75  1.82212  0  0
6.75  1.85354  0  0
6.75  1.88496  0  0
6.75  1.91637  0  0
6.75  1.94779  0  0
6.75  1.9792  0  0
6.75  2.01062  0  0
6.75  2.04204  0  0
6.75  2.07345  0  0
6.75  2.10487  0  0
6.75  2.13628  0  0
6.75  2.1677  0  0
6.75  2.19911  0  0
6.75  2.23053  0  0
6.75  2.26195  0  0
6.75  2.29336  0  0
6.75  2.32478  0  0
6.75  2.35619  0  0
6.75  2.38761  0  0
6.75  2.41903  0  0
6.75  2.45044  0  0
6.75  2.48186  0  0
6.75  2.51327  0  0
6.75  2.54469  0  0
6.75  2.57611  0  0
6.75  2.60752  0  0
6.75  2.63894  0  0
6.75  2.67035  0  0
6.75  2.70177  0  0
6.75  2.73319  0  0
6.75  2.7646  0  0
6.75  2.79602  0  0
6.75  2.82743  0  0
6.75  2.85885  0  0
6.75  2.89027  0  0
6.75  2.92168  0  0
6.75  2.9531  0  0
6.75  2.98451  0  0
6.75  3.01593  0  0
6.75  3.04734  0  0
6.75  3.07876  0  0
6.75  3.11018  0  0
6.875  0  0  0
6.875  0.0314159  0  0
6.875  0.0628319  0  0
6.875  0.0942478  0  0
6.875  0.125664  0  0
6.875  0.15708  0  0
6.875  0.188496  0  0
6.875  0.219911  0  0
6.875  0.251327  0  0
6.875  0.282743  0  0
6.875  0.314159  0  0
6.875  0.345575  0  0
6.875  0.376991  0  0
6.875  0.408407  0  0
6.875  0.439823  0  0
6.875  0.471239  0  0
6.875  0.502655  0  0
6.875  0.534071  0  0
6.875  0.565487  0  0
6.875  0.596903  0  0
6.875  0.628319  0  0
6.875  0.659734  0  0
6.875  0.69115  0  0
6.875  0.722566  0  0
6.875  0.753982  0  0
6.875  0.785398  0  0
6.875  0.816814  0  0
6.875  0.84823  0  0
6.875  0.879646  0  0
6.875  0.911062  0  0
6.875  0.942478  0  0
6.875  0.973894  0  0
6.875  1.00531  0  0
6.875  1.03673  0  0
6.875  1.06814  0  0
6.875  1.09956  0  0
6.875  1.13097  0  0
6.875  1.16239  0  0
6.875  1.19381  0  0
6.875  1.22522  0  0
6.875  1.25664  0  0
6.875  1.28805  0  0
6.875  1.31947  0  0
6.875  1.35088  0  0
6.875  1.3823  0  0
6.875  1.41372  0  0
6.875  1.44513  0  0
6.875  1.47655  0  0
6.875  1.50796  0  0
6.875  1.53938  0  0
6.875  1.5708  0  0
6.875  1.60221  0  0
6.875  1.63363  0  0
6.875  1.66504  0  0
6.875  1.69646  0  0
6.875  1.72788  0  0
6.875  1.75929  0  0
6.875  1.79071  0  0
6.875  1.82212  0  0
6.875  1.85354  0  0
6.875  1.88496  0  0
6.875  1.91637  0  0
6.875  1.94779  0  0
6.875  1.9792  0  0
6.875  2.01062  0  0
6.875  2.04204  0  0
6.875  2.07345  0  0
6.875  2.10487  0  0
6.875  2.13628  0  0
6.875  2.1677  0  0
6.875  2.19911  0  0
6.875  2.23053  0  0
6.875  2.26195  0  0
6.875  2.29336  0  0
6.875  2.32478  0  0
6.875  2.35619  0  0
6.875  2.38761  0  0
6.875  2.41903  0  0
6.875  2.45044  0  0
6.875  2.48186  0  0
6.875  2.51327  0  0
6.875  2.54469  0  0
6.875  2.57611  0  0
6.875  2.60752  0  0
6.875  2.63894  0  0
6.875  2.67035  0  0
6.875  2.70177  0  0
6.875  2.73319  0  0
6.875  2.7646  0  0
6.875  2.79602  0  0
6.875  2.82743  0  0
6.875  2.85885  0  0
6.875  2.89027  0  0
6.875  2.92168  0  0
6.875  2.9531  0  0
6.875  2.98451  0  0
6.875  3.01593  0  0
6.875  3.04734  0  0
6.875  3.07876  0  0
6.875  3.11018  0  0
7  0  0  0
7  0.0314159  0  0
7  0.0628319  0  0
7  0.0942478  0  0
7  0.125664  0  0
7  0.15708  0  0
7  0.188496  0  0
7  0.219911  0  0
7  0.251327  0  0
7  0.282743  0  0
7  0.314159  0  0
7  0.345575  0  0
7  0.376991  0  0
7  0.408407  0  0
7  0.439823  0  0
7  0.471239  0  0
7  0.502655  0  0
7  0.534071  0  0
7  0.565487  0  0
7  0.596903  0  0
7  0.628319  0  0
7  0.659734  0  0
7  0.69115  0  0
7  0.722566  0  0
7  0.753982  0  0
7  0.785398  0  0
7  0.816814  0  0
7  0.84823  0  0
7  0.879646  0  0
7  0.911062  0  0
7  0.942478  0  0
7  0.973894  0  0
7  1.00531  0  0
7  1.03673  0  0
7  1.06814  0  0
7  1.09956  0  0
7  1.13097  0  0
7  1.16239  0  0
7  1.19381  0  0
7  1.22522  0  0
7  1.25664  0  0
7  1.28805  0  0
7  1.31947  0  0
7  1.35088  0  0
7  1.3823  0  0
7  1.41372  0  0
7  1.44513  0  0
7  1.47655  0  0
7  1.50796  0  0
7  1.53938  0  0
7  1.5708  0  0
7  1.60221  0  0
7  1.63363  0  0
7  1.66504  0  0
7  1.69646  0  0
7  1.72788  0  0
7  1.75929  0  0
7  1.79071  0  0
7  1.82212  0  0
7  1.85354  0  0
7  1.88496  0  0
7  1.91637  0  0
7  1.94779  0  0
7  1.9792  0  0
7  2.01062  0  0
7  2.04204  0  0
7  2.07345  0  0
7  2.10487  0  0
7  2.13628  0  0
7  2.1677  0  0
7  2.19911  0  0
7  2.23053  0  0
7  2.26195  0  0
7  2.29336  0  0
7  2.32478  0  0
7  2.35619  0  0
7  2.38761  0  0
7  2.41903  0  0
7  2.45044  0  0
7  2.48186  0  0
7  2.51327  0  0
7  2.54469  0  0
7  2.57611  0  0
7  2.60752  0  0
7  2.63894  0  0
7  2.67035  0  0
7  2.70177  0  0
7  2.73319  0  0
7  2.7646  0  0
7  2.79602  0  0
7  2.82743  0  0
7  2.85885  0  0
7  2.89027  0  0
7  2.92168  0  0
7  2.9531  0  0
7  2.98451  0  0
7  3.01593  0  0
7  3.04734  0  0
7  3.07876  0  0
7  3.11018  0  0
7.125  0  0  0
7.125  0.0314159  0  0
7.125  0.0628319  0  0
7.125  0.0942478  0  0
7.125  0.125664  0  0
7.125  0.15708  0  0
7.125  0.188496  0  0
7.125  0.219911  0  0
7.125  0.251327  0  0
7.125  0.282743  0  0
7.125  0.314159  0  0
7.125  0.345575  0  0
7.125  0.376991  0  0
7.125  0.408407  0  0
7.125  0.439823  0  0
7.125  0.471239  0  0
7.125  0.502655  0  0
7.125  0.534071  0  0
7.125  0.565487  0  0
7.125  0.596903  0  0
7.125  0.628319  0  0
7.125  0.659734  0  0
7.125  0.69115  0  0
7.125  0.722566  0  0
7.125  0.753982  0  0
7.125  0.785398  0  0
7.125  0.816814  0  0
7.125  0.84823  0  0
7.125  0.879646  0  0
7.125  0.911062  0  0
7.125  0.942478  0  0
7.125  0.973894  0  0
7.125  1.00531  0  0
7.125  1.03673  0  0
7.125  1.06814  0  0
7.125  1.09956  0  0
7.125  1.13097  0  0
7.125  1.16239  0  0
7.125  1.19381  0  0
7.125  1.22522  0  0
7.125  1.25664  0  0
7.125  1.28805  0  0
7.125  1.31947  0  0
7.125  1.35088  0  0
7.125  1.3823  0  0
7.125  1.41372  0  0
7.125  1.44513  0  0
7.125  1.47655  0  0
7.125  1.50796  0  0
7.125  1.53938  0  0
7.125  1.5708  0  0
7.125  1.60221  0  0
7.125  1.63363  0  0
7.125  1.66504  0  0
7.125  1.69646  0  0
7.125  1.72788  0  0
7.125  1.75929  0  0
7.125  1.79071  0  0
7.125  1.82212  0  0
7.125  1.85354  0  0
7.125  1.88496  0  0
7.125  1.91637  0  0
7.125  1.94779  0  0
7.125  1.9792  0  0
7.125  2.01062  0  0
7.125  2.04204  0  0
7.125  2.07345  0  0
7.125  2.10487  0  0
7.125  2.13628  0  0
7.125  2.1677  0  0
7.125  2.19911  0  0
7.125  2.23053  0  0
7.125  2.26195  0  0
7.125  2.29336  0  0
7.125  2.32478  0  0
7.125  2.35619  0  0
7.125  2.38761  0  0
7.125  2.41903  0  0
7.125  2.45044  0  0
7.125  2.48186  0  0
7.125  2.51327  0  0
7.125  2.54469  0  0
7.125  2.57611  0  0
7.125  2.60752  0  0
7.125  2.63894  0  0
7.125  2.67035  0  0
7.125  2.70177  0  0
7.125  2.73319  0  0
7.125  2.7646  0  0
7.125  2.79602  0  0
7.125  2.82743  0  0
7.125  2.85885  0  0
7.125  2.89027  0  0
7.125  2.92168  0  0
7.125  2.9531  0  0
7.125  2.98451  0  0
7.125  3.01593  0  0
7.125  3.04734  0  0
7.125  3.07876  0  0
7.125  3.11018  0  0
7.25  0  0  0
7.25  0.0314159  0  0
7.25  0.0628319  0  0
7.25  0.0942478  0  0
7.25  0.125664  0  0
7.25  0.15708  0  0
7.25  0.188496  0  0
7.25  0.219911  0  0
7.25  0.251327  0  0
7.25  0.282743  0  0
7.25  0.314159  0  0
7.25  0.345575  0  0
7.25  0.376991  0  0
7.25  0.408407  0  0
7.25  0.439823  0  0
7.25  0.471239  0  0
7.25  0.502655  0  0
7.25  0.534071  0  0
7.25  0.565487  0  0
7.25  0.596903  0  0
7.25  0.628319  0  0
7.25  0.659734  0  0
7.25  0.69115  0  0
7.25  0.722566  0  0
7.25  0.753982  0  0
7.25  0.785398  0  0
7.25  0.816814  0  0
7.25  0.84823  0  0
7.25  0.879646  0  0
7.25  0.911062  0  0
7.25  0.942478  0  0
7.25  0.973894  0  0
7.25  1.00531  0  0
7.25  1.03673  0  0
7.25  1.06814  0  0
7.25  1.09956  0  0
7.25  1.13097  0  0
7.25  1.16239  0  0
7.25  1.19381  0  0
7.25  1.22522  0  0
7.25  1.25664  0  0
7.25  1.28805  0  0
7.25  1.31947  0  0
7.25  1.35088  0  0
7.25  1.3823  0  0
7.25  1.41372  0  0
7.25  1.44513  0  0
7.25  1.47655  0  0
7.25  1.50796  0  0
7.25  1.53938  0  0
7.25  1.5708  0  0
7.25  1.60221  0  0
7.25  1.63363  0  0
7.25  1.66504  0  0
7.25  1.69646  0  0
7.25  1.72788  0  0
7.25  1.75929  0  0
7.25  1.79071  0  0
7.25  1.82212  0  0
7.25  1.85354  0  0
7.25  1.88496  0  0
7.25  1.91637  0  0
7.25  1.94779  0  0
7.25  1.9792  0  0
7.25  2.01062  0  0
7.25  2.04204  0  0
7.25  2.07345  0  0
7.25  2.10487  0  0
7.25  2.13628  0  0
7.25  2.1677  0  0
7.25  2.19911  0  0
7.25  2.23053  0  0
7.25  2.26195  0  0
7.25  2.29336  0  0
7.25  2.32478  0  0
7.25  2.35619  0  0
7.25  2.38761  0  0
7.25  2.41903  0  0
7.25  2.45044  0  0
7.25  2.48186  0  0
7.25  2.51327  0  0
7.25  2.54469  0  0
7.25  2.57611  0  0
7.25  2.60752  0  0
7.25  2.63894  0  0
7.25  2.67035  0  0
7.25  2.70177  0  0
7.25  2.73319  0  0
7.25  2.7646  0  0
7.25  2.79602  0  0
7.25  2.82743  0  0
7.25  2.85885  0  0
7.25  2.89027  0  0
7.25  2.92168  0  0
7.25  2.9531  0  0
7.25  2.98451  0  0
7.25  3.01593  0  0
7.25  3.04734  0  0
7.25  3.07876  0  0
7.25  3.11018  0  0
7.375  0  0  0
7.375  0.0314159  0  0
7.375  0.0628319  0  0
7.375  0.0942478  0  0
7.375  0.125664  0  0
7.375  0.15708  0  0
7.375  0.188496  0  0
7.375  0.219911  0  0
7.375  0.251327  0  0
7.375  0.282743  0  0
7.375  0.314159  0  0
7.375  0.345575  0  0
7.375  0.376991  0  0
7.375  0.408407  0  0
7.375  0.439823  0  0
7.375  0.471239  0  0
7.375  0.502655  0  0
7.375  0.534071  0  0
7.375  0.565487  0  0
7.375  0.596903  0  0
7.375  0.628319  0  0
7.375  0.659734  0  0
7.375  0.69115  0  0
7.375  0.722566  0  0
7.375  0.753982  0  0
7.375  0.785398  0  0
7.375  0.816814  0  0
7.375  0.84823  0  0
7.375  0.879646  0  0
7.375  0.911062  0  0
7.375  0.942478  0  0
7.375  0.973894  0  0
7.375  1.00531  0  0
7.375  1.03673  0  0
7.375  1.06814  0  0
7.375  1.09956  0  0
7.375  1.13097  0  0
7.375  1.16239  0  0
7.375  1.19381  0  0
7.375  1.22522  0  0
7.375  1.25664  0  0
7.375  1.28805  0  0
7.375  1.31947  0  0
7.375  1.35088  0  0
7.375  1.3823  0  0
7.375  1.41372  0  0
7.375  1.44513  0  0
7.375  1.47655  0  0
7.375  1.50796  0  0
7.375  1.53938  0  0
7.375  1.5708  0  0
7.375  1.60221  0  0
7.375  1.63363  0  0
7.375  1.66504  0  0
7.375  1.69646  0  0
7.375  1.72788  0  0
7.375  1.75929  0  0
7.375  1.79071  0  0
7.375  1.82212  0  0
7.375  1.85354  0  0
7.375  1.88496  0  0
7.375  1.91637  0  0
7.375  1.94779  0  0
7.375  1.9792  0  0
7.375  2.01062  0  0
7.375  2.04204  0  0
7.375  2.07345  0  0
7.375  2.10487  0  0
7.375  2.13628  0  0
7.375  2.1677  0  0
7.375  2.19911  0  0
7.375  2.23053  0  0
7.375  2.26195  0  0
7.375  2.29336  0  0
7.375  2.32478  0  0
7.375  2.35619  0  0
7.375  2.38761  0  0
7.375  2.41903  0  0
7.375  2.45044  0  0
7.375  2.48186  0  0
7.375  2.51327  0  0
7.375  2.54469  0  0
7.375  2.57611  0  0
7.375  2.60752  0  0
7.375  2.63894  0  0
7.375  2.67035  0  0
7.375  2.70177  0  0
7.375  2.73319  0  0
7.375  2.7646  0  0
7.375  2.79602  0  0
7.375  2.82743  0  0
7.375  2.85885  0  0
7.375  2.89027  0  0
7.375  2.92168  0  0
7.375  2.9531  0  0
7.375  2.98451  0  0
7.375  3.01593  0  0
7.375  3.04734  0  0
7.375  3.07876  0  0
7.375  3.11018  0  0
7.5  0  0  0
7.5  0.0314159  0  0
7.5  0.0628319  0  0
7.5  0.0942478  0  0
7.5  0.125664  0  0
7.5  0.15708  0  0
7.5  0.188496  0  0
7.5  0.219911  0  0
7.5  0.251327  0  0
7.5  0.282743  0  0
7.5  0.314159  0  0
7.5  0.345575  0  0
7.5  0.376991  0  0
7.5  0.408407  0  0
7.5  0.439823  0  0
7.5  0.471239  0  0
7.5  0.502655  0  0
7.5  0.534071  0  0
7.5  0.565487  0  0
7.5  0.596903  0  0
7.5  0.628319  0  0
7.5  0.659734  0  0
7.5  0.69115  0  0
7.5  0.722566  0  0
7.5  0.753982  0  0
7.5  0.785398  0  0
7.5  0.816814  0  0
7.5  0.84823  0  0
7.5  0.879646  0  0
7.5  0.911062  0  0
7.5  0.942478  0  0
7.5  0.973894  0  0
7.5  1.00531  0  0
7.5  1.03673  0  0
7.5  1.06814  0  0
7.5  1.09956  0  0
7.5  1.13097  0  0
7.5  1.16239  0  0
7.5  1.19381  0  0
7.5  1.22522  0  0
7.5  1.25664  0  0
7.5  1.28805  0  0
7.5  1.31947  0  0
7.5  1.35088  0  0
7.5  1.3823  0  0
7.5  1.41372  0  0
7.5  1.44513  0  0
7.5  1.47655  0  0
7.5  1.50796  0  0
7.5  1.53938  0  0
7.5  1.5708  0  0
7.5  1.60221  0  0
7.5  1.63363  0  0
7.5  1.66504  0  0
7.5  1.69646  0  0
7.5  1.72788  0  0
7.5  1.75929  0  0
7.5  1.79071  0  0
7.5  1.82212  0  0
7.5  1.85354  0  0
7.5  1.88496  0  0
7.5  1.91637  0  0
7.5  1.94779  0  0
7.5  1.9792  0  0
7.5  2.01062  0  0
7.5  2.04204  0  0
7.5  2.07345  0  0
7.5  2.10487  0  0
7.5  2.13628  0  0
7.5  2.1677  0  0
7.5  2.19911  0  0
7.5  2.23053  0  0
7.5  2.26195  0  0
7.5  2.29336  0  0
7.5  2.32478  0  0
7.5  2.35619  0  0
7.5  2.38761  0  0
7.5  2.41903  0  0
7.5  2.45044  0  0
7.5  2.48186  0  0
7.5  2.51327  0  0
7.5  2.54469  0  0
7.5  2.57611  0  0
7.5  2.60752  0  0
7.5  2.63894  0  0
7.5  2.67035  0  0
7.5  2.70177  0  0
7.5  2.73319  0  0
7.5  2.7646  0  0
7.5  2.79602  0  0
7.5  2.82743  0  0
7.5  2.85885  0  0
7.5  2.89027  0  0
7.5  2.92168  0  0
7.5  2.9531  0  0
7.5  2.98451  0  0
7.5  3.01593  0  0
7.5  3.04734  0  0
7.5  3.07876  0  0
7.5  3.11018  0  0
7.625  0  0  0
7.625  0.0314159  0  0
7.625  0.0628319  0  0
7.625  0.0942478  0  0
7.625  0.125664  0  0
7.625  0.15708  0  0
7.625  0.188496  0  0
7.625  0.219911  0  0
7.625  0.251327  0  0
7.625  0.282743  0  0
7.625  0.314159  0  0
7.625  0.345575  0  0
7.625  0.376991  0  0
7.625  0.408407  0  0
7.625  0.439823  0  0
7.625  0.471239  0  0
7.625  0.502655  0  0
7.625  0.534071  0  0
7.625  0.565487  0  0
7.625  0.596903  0  0
7.625  0.628319  0  0
7.625  0.659734  0  0
7.625  0.69115  0  0
7.625  0.722566  0  0
7.625  0.753982  0  0
7.625  0.785398  0  0
7.625  0.816814  0  0
7.625  0.84823  0  0
7.625  0.879646  0  0
7.625  0.911062  0  0
7.625  0.942478  0  0
7.625  0.973894  0  0
7.625  1.00531  0  0
7.625  1.03673  0  0
7.625  1.06814  0  0
7.625  1.09956  0  0
7.625  1.13097  0  0
7.625  1.16239  0  0
7.625  1.19381  0  0
7.625  1.22522  0  0
7.625  1.25664  0  0
7.625  1.28805  0  0
7.625  1.31947  0  0
7.625  1.35088  0  0
7.625  1.3823  0  0
7.625  1.41372  0  0
7.625  1.44513  0  0
7.625  1.47655  0  0
7.625  1.50796  0  0
7.625  1.53938  0  0
7.625  1.5708  0  0
7.625  1.60221  0  0
7.625  1.63363  0  0
7.625  1.66504  0  0
7.625  1.69646  0  0
7.625  1.72788  0  0
7.625  1.75929  0  0
7.625  1.79071  0  0
7.625  1.82212  0  0
7.625  1.85354  0  0
7.625  1.88496  0  0
7.625  1.91637  0  0
7.625  1.94779  0  0
7.625  1.9792  0  0
7.625  2.01062  0  0
7.625  2.04204  0  0
7.625  2.07345  0  0
7.625  2.10487  0  0
7.625  2.13628  0  0
7.625  2.1677  0  0
7.625  2.19911  0  0
7.625  2.23053  0  0
7.625  2.26195  0  0
7.625  2.29336  0  0
7.625  2.32478  0  0
7.625  2.35619  0  0
7.625  2.38761  0  0
7.625  2.41903  0  0
7.625  2.45044  0  0
7.625  2.48186  0  0
7.625  2.51327  0  0
7.625  2.54469  0  0
7.625  2.57611  0  0
7.625  2.60752  0  0
7.625  2.63894  0  0
7.625  2.67035  0  0
7.625  2.70177  0  0
7.625  2.73319  0  0
7.625  2.7646  0  0
7.625  2.79602  0  0
7.625  2.82743  0  0
7.625  2.85885  0  0
7.625  2.89027  0  0
7.625  2.92168  0  0
7.625  2.9531  0  0
7.625  2.98451  0  0
7.625  3.01593  0  0
7.625  3.04734  0  0
7.625  3.07876  0  0
7.625  3.11018  0  0
7.75  0  0  0
7.75  0.0314159  0  0
7.75  0.0628319  0  0
7.75  0.0942478  0  0
7.75  0.125664  0  0
7.75  0.15708  0  0
7.75  0.188496  0  0
7.75  0.219911  0  0
7.75  0.251327  0  0
7.75  0.282743  0  0
7.75  0.314159  0  0
7.75  0.345575  0  0
7.75  0.376991  0  0
7.75  0.408407  0  0
7.75  0.439823  0  0
7.75  0.471239  0  0
7.75  0.502655  0  0
7.75  0.534071  0  0
7.75  0.565487  0  0
7.75  0.596903  0  0
7.75  0.628319  0  0
7.75  0.659734  0  0
7.75  0.69115  0  0
7.75  0.722566  0  0
7.75  0.753982  0  0
7.75  0.785398  0  0
7.75  0.816814  0  0
7.75  0.84823  0  0
7.75  0.879646  0  0
7.75  0.911062  0  0
7.75  0.942478  0  0
7.75  0.973894  0  0
7.75  1.00531  0  0
7.75  1.03673  0  0
7.75  1.06814  0  0
7.75  1.09956  0  0
7.75  1.13097  0  0
7.75  1.16239  0  0
7.75  1.19381  0  0
7.75  1.22522  0  0
7.75  1.25664  0  0
7.75  1.28805  0  0
7.75  1.31947  0  0
7.75  1.35088  0  0
7.75  1.3823  0  0
7.75  1.41372  0  0
7.75  1.44513  0  0
7.75  1.47655  0  0
7.75  1.50796  0  0
7.75  1.53938  0  0
7.75  1.5708  0  0
7.75  1.60221  0  0
7.75  1.63363  0  0
7.75  1.66504  0  0
7.75  1.69646  0  0
7.75  1.72788  0  0
7.75  1.75929  0  0
7.75  1.79071  0  0
7.75  1.82212  0  0
7.75  1.85354  0  0
7.75  1.88496  0  0
7.75  1.91637  0  0
7.75  1.94779  0  0
7.75  1.9792  0  0
7.75  2.01062  0  0
7.75  2.04204  0  0
7.75  2.07345  0  0
7.75  2.10487  0  0
7.75  2.13628  0  0
7.75  2.1677  0  0
7.75  2.19911  0  0
7.75  2.23053  0  0
7.75  2.26195  0  0
7.75  2.29336  0  0
7.75  2.32478  0  0
7.75  2.35619  0  0
7.75  2.38761  0  0
7.75  2.41903  0  0
7.75  2.45044  0  0
7.75  2.48186  0  0
7.75  2.51327  0  0
7.75  2.54469  0  0
7.75  2.57611  0  0
7.75  2.60752  0  0
7.75  2.63894  0  0
7.75  2.67035  0  0
7.75  2.70177  0  0
7.75  2.73319  0  0
7.75  2.7646  0  0
7.75  2.79602  0  0
7.75  2.82743  0  0
7.75  2.85885  0  0
7.75  2.89027  0  0
7.75  2.92168  0  0
7.75  2.9531  0  0
7.75  2.98451  0  0
7.75  3.01593  0  0
7.75  3.04734  0  0
7.75  3.07876  0  0
7.75  3.11018  0  0
7.875  0  0  0
7.875  0.0314159  0  0
7.875  0.0628319  0  0
7.875  0.0942478  0  0
7.875  0.125664  0  0
7.875  0.15708  0  0
7.875  0.188496  0  0
7.875  0.219911  0  0
7.875  0.251327  0  0
7.875  0.282743  0  0
7.875  0.314159  0  0
7.875  0.345575  0  0
7.875  0.376991  0  0
7.875  0.408407  0  0
7.875  0.439823  0  0
7.875  0.471239  0  0
7.875  0.502655  0  0
7.875  0.534071  0  0
7.875  0.565487  0  0
7.875  0.596903  0  0
7.875  0.628319  0  0
7.875  0.659734  0  0
7.875  0.69115  0  0
7.875  0.722566  0  0
7.875  0.753982  0  0
7.875  0.785398  0  0
7.875  0.816814  0  0
7.875  0.84823  0  0
7.875  0.879646  0  0
7.875  0.911062  0  0
7.875  0.942478  0  0
7.875  0.973894  0  0
7.875  1.00531  0  0
7.875  1.03673  0  0
7.875  1.06814  0  0
7.875  1.09956  0  0
7.875  1.13097  0  0
7.875  1.16239  0  0
7.875  1.19381  0  0
7.875  1.22522  0  0
7.875  1.25664  0  0
7.875  1.28805  0  0
7.875  1.31947  0  0
7.875  1.35088  0  0
7.875  1.3823  0  0
7.875  1.41372  0  0
7.875  1.44513  0  0
7.875  1.47655  0  0
7.875  1.50796  0  0
7.875  1.53938  0  0
7.875  1.5708  0  0
7.875  1.60221  0  0
7.875  1.63363  0  0
7.875  1.66504  0  0
7.875  1.69646  0  0
7.875  1.72788  0  0
7.875  1.75929  0  0
7.875  1.79071  0  0
7.875  1.82212  0  0
7.875  1.85354  0  0
7.875  1.88496  0  0
7.875  1.91637  0  0
7.875  1.94779  0  0
7.875  1.9792  0  0
7.875  2.01062  0  0
7.875  2.04204  0  0
7.875  2.07345  0  0
7.875  2.10487  0  0
7.875  2.13628  0  0
7.875  2.1677  0  0
7.875  2.19911  0  0
7.875  2.23053  0  0
7.875  2.26195  0  0
7.875  2.29336  0  0
7.875  2.32478  0  0
7.875  2.35619  0  0
7.875  2.38761  0  0
7.875  2.41903  0  0
7.875  2.45044  0  0
7.875  2.48186  0  0
7.875  2.51327  0  0
7.875  2.54469  0  0
7.875  2.57611  0  0
7.875  2.60752  0  0
7.875  2.63894  0  0
7.875  2.67035  0  0
7.875  2.70177  0  0
7.875  2.73319  0  0
7.875  2.7646  0  0
7.875  2.79602  0  0
7.875  2.82743  0  0
7.875  2.85885  0  0
7.875  2.89027  0  0
7.875  2.92168  0  0
7.875  2.9531  0  0
7.875  2.98451  0  0
7.875  3.01593  0  0
7.875  3.04734  0  0
7.875  3.07876  0  0
7.875  3.11018  0  0
8  0  0  0
8  0.0314159  0  0
8  0.0628319  0  0
8  0.0942478  0  0
8  0.125664  0  0
8  0.15708  0  0
8  0.188496  0  0
8  0.219911  0  0
8  0.251327  0  0
8  0.282743  0  0
8  0.314159  0  0
8  0.345575  0  0
8  0.376991  0  0
8  0.408407  0  0
8  0.439823  0  0
8  0.471239  0  0
8  0.502655  0  0
8  0.534071  0  0
8  0.565487  0  0
8  0.596903  0  0
8  0.628319  0  0
8  0.659734  0  0
8  0.69115  0  0
8  0.722566  0  0
8  0.753982  0  0
8  0.785398  0  0
8  0.816814  0  0
8  0.84823  0  0
8  0.879646  0  0
8  0.911062  0  0
8  0.942478  0  0
8  0.973894  0  0
8  1.00531  0  0
8  1.03673  0  0
8  1.06814  0  0
8  1.09956  0  0
8  1.13097  0  0
8  1.16239  0  0
8  1.19381  0  0
8  1.22522  0  0
8  1.25664  0  0
8  1.28805  0  0
8  1.31947  0  0
8  1.35088  0  0
8  1.3823  0  0
8  1.41372  0  0
8  1.44513  0  0
8  1.47655  0  0
8  1.50796  0  0
8  1.53938  0  0
8  1.5708  0  0
8  1.60221  0  0
8  1.63363  0  0
8  1.66504  0  0
8  1.69646  0  0
8  1.72788  0  0
8  1.75929  0  0
8  1.79071  0  0
8  1.82212  0  0
8  1.85354  0  0
8  1.88496  0  0
8  1.91637  0  0
8  1.94779  0  0
8  1.9792  0  0
8  2.01062  0  0
8  2.04204  0  0
8  2.07345  0  0
8  2.10487  0  0
8  2.13628  0  0
8  2.1677  0  0
8  2.19911  0  0
8  2.23053  0  0
8  2.26195  0  0
8  2.29336  0  0
8  2.32478  0  0
8  2.35619  0  0
8  2.38761  0  0
8  2.41903  0  0
8  2.45044  0  0
8  2.48186  0  0
8  2.51327  0  0
8  2.54469  0  0
8  2.57611  0  0
8  2.60752  0  0
8  2.63894  0  0
8  2.67035  0  0
8  2.70177  0  0
8  2.73319  0  0
8  2.7646  0  0
8  2.79602  0  0
8  2.82743  0  0
8  2.85885  0  0
8  2.89027  0  0
8  2.92168  0  0
8  2.9531  0  0
8  2.98451  0  0
8  3.01593  0  0
8  3.04734  0  0
8  3.07876  0  0
8  3.11018  0  0
8.125  0  0  0
8.125  0.0314159  0  0
8.125  0.0628319  0  0
8.125  0.0942478  0  0
8.125  0.125664  0  0
8.125  0.15708  0  0
8.125  0.188496  0  0
8.125  0.219911  0  0
8.125  0.251327  0  0
8.125  0.282743  0  0
8.125  0.314159  0  0
8.125  0.345575  0  0
8.125  0.376991  0  0
8.125  0.408407  0  0
8.125  0.439823  0  0
8.125  0.471239  0  0
8.125  0.502655  0  0
8.125  0.534071  0  0
8.125  0.565487  0  0
8.125  0.596903  0  0
8.125  0.628319  0  0
8.125  0.659734  0  0
8.125  0.69115  0  0
8.125  0.722566  0  0
8.125  0.753982  0  0
8.125  0.785398  0  0
8.125  0.816814  0  0
8.125  0.84823  0  0
8.125  0.879646  0  0
8.125  0.911062  0  0
8.125  0.942478  0  0
8.125  0.973894  0  0
8.125  1.00531  0  0
8.125  1.03673  0  0
8.125  1.06814  0  0
8.125  1.09956  0  0
8.125  1.13097  0  0
8.125  1.16239  0  0
8.125  1.19381  0  0
8.125  1.22522  0  0
8.125  1.25664  0  0
8.125  1.28805  0  0
8.125  1.31947  0  0
8.125  1.35088  0  0
8.125  1.3823  0  0
8.125  1.41372  0  0
8.125  1.44513  0  0
8.125  1.47655  0  0
8.125  1.50796  0  0
8.125  1.53938  0  0
8.125  1.5708  0  0
8.125  1.60221  0  0
8.125  1.63363  0  0
8.125  1.66504  0  0
8.125  1.69646  0  0
8.125  1.72788  0  0
8.125  1.75929  0  0
8.125  1.79071  0  0
8.125  1.82212  0  0
8.125  1.85354  0  0
8.125  1.88496  0  0
8.125  1.91637  0  0
8.125  1.94779  0  0
8.125  1.9792  0  0
8.125  2.01062  0  0
8.125  2.04204  0  0
8.125  2.07345  0  0
8.125  2.10487  0  0
8.125  2.13628  0  0
8.125  2.1677  0  0
8.125  2.19911  0  0
8.125  2.23053  0  0
8.125  2.26195  0  0
8.125  2.29336  0  0
8.125  2.32478  0  0
8.125  2.35619  0  0
8.125  2.38761  0  0
8.125  2.41903  0  0
8.125  2.45044  0  0
8.125  2.48186  0  0
8.125  2.51327  0  0
8.125  2.54469  0  0
8.125  2.57611  0  0
8.125  2.60752  0  0
8.125  2.63894  0  0
8.125  2.67035  0  0
8.125  2.70177  0  0
8.125  2.73319  0  0
8.125  2.7646  0  0
8.125  2.79602  0  0
8.125  2.82743  0  0
8.125  2.85885  0  0
8.125  2.89027  0  0
8.125  2.92168  0  0
8.125  2.9531  0  0
8.125  2.98451  0  0
8.125  3.01593  0  0
8.125  3.04734  0  0
8.125  3.07876  0  0
8.125  3.11018  0  0
8.25  0  0  0
8.25  0.0314159  0  0
8.25  0.0628319  0  0
8.25  0.0942478  0  0
8.25  0.125664  0  0
8.25  0.15708  0  0
8.25  0.188496  0  0
8.25  0.219911  0  0
8.25  0.251327  0  0
8.25  0.282743  0  0
8.25  0.314159  0  0
8.25  0.345575  0  0
8.25  0.376991  0  0
8.25  0.408407  0  0
8.25  0.439823  0  0
8.25  0.471239  0  0
8.25  0.502655  0  0
8.25  0.534071  0  0
8.25  0.565487  0  0
8.25  0.596903  0  0
8.25  0.628319  0  0
8.25  0.659734  0  0
8.25  0.69115  0  0
8.25  0.722566  0  0
8.25  0.753982  0  0
8.25  0.785398  0  0
8.25  0.816814  0  0
8.25  0.84823  0  0
8.25  0.879646  0  0
8.25  0.911062  0  0
8.25  0.942478  0  0
8.25  0.973894  0  0
8.25  1.00531  0  0
8.25  1.03673  0  0
8.25  1.06814  0  0
8.25  1.09956  0  0
8.25  1.13097  0  0
8.25  1.16239  0  0
8.25  1.19381  0  0
8.25  1.22522  0  0
8.25  1.25664  0  0
8.25  1.28805  0  0
8.25  1.31947  0  0
8.25  1.35088  0  0
8.25  1.3823  0  0
8.25  1.41372  0  0
8.25  1.44513  0  0
8.25  1.47655  0  0
8.25  1.50796  0  0
8.25  1.53938  0  0
8.25  1.5708  0  0
8.25  1.60221  0  0
8.25  1.63363  0  0
8.25  1.66504  0  0
8.25  1.69646  0  0
8.25  1.72788  0  0
8.25  1.75929  0  0
8.25  1.79071  0  0
8.25  1.82212  0  0
8.25  1.85354  0  0
8.25  1.88496  0  0
8.25  1.91637  0  0
8.25  1.94779  0  0
8.25  1.9792  0  0
8.25  2.01062  0  0
8.25  2.04204  0  0
8.25  2.07345  0  0
8.25  2.10487  0  0
8.25  2.13628  0  0
8.25  2.1677  0  0
8.25  2.19911  0  0
8.25  2.23053  0  0
8.25  2.26195  0  0
8.25  2.29336  0  0
8.25  2.32478  0  0
8.25  2.35619  0  0
8.25  2.38761  0  0
8.25  2.41903  0  0
8.25  2.45044  0  0
8.25  2.48186  0  0
8.25  2.51327  0  0
8.25  2.54469  0  0
8.25  2.57611  0  0
8.25  2.60752  0  0
8.25  2.63894  0  0
8.25  2.67035  0  0
8.25  2.70177  0  0
8.25  2.73319  0  0
8.25  2.7646  0  0
8.25  2.79602  0  0
8.25  2.82743  0  0
8.25  2.85885  0  0
8.25  2.89027  0  0
8.25  2.92168  0  0
8.25  2.9531  0  0
8.25  2.98451  0  0
8.25  3.01593  0  0
8.25  3.04734  0  0
8.25  3.07876  0  0
8.25  3.11018  0  0
8.375  0  0  0
8.375  0.0314159  0  0
8.375  0.0628319  0  0
8.375  0.0942478  0  0
8.375  0.125664  0  0
8.375  0.15708  0  0
8.375  0.188496  0  0
8.375  0.219911  0  0
8.375  0.251327  0  0
8.375  0.282743  0  0
8.375  0.314159  0  0
8.375  0.345575  0  0
8.375  0.376991  0  0
8.375  0.408407  0  0
8.375  0.439823  0  0
8.375  0.471239  0  0
8.375  0.502655  0  0
8.375  0.534071  0  0
8.375  0.565487  0  0
8.375  0.596903  0  0
8.375  0.628319  0  0
8.375  0.659734  0  0
8.375  0.69115  0  0
8.375  0.722566  0  0
8.375  0.753982  0  0
8.375  0.785398  0  0
8.375  0.816814  0  0
8.375  0.84823  0  0
8.375  0.879646  0  0
8.375  0.911062  0  0
8.375  0.942478  0  0
8.375  0.973894  0  0
8.375  1.00531  0  0
8.375  1.03673  0  0
8.375  1.06814  0  0
8.375  1.09956  0  0
8.375  1.13097  0  0
8.375  1.16239  0  0
8.375  1.19381  0  0
8.375  1.22522  0  0
8.375  1.25664  0  0
8.375  1.28805  0  0
8.375  1.31947  0  0
8.375  1.35088  0  0
8.375  1.3823  0  0
8.375  1.41372  0  0
8.375  1.44513  0  0
8.375  1.47655  0  0
8.375  1.50796  0  0
8.375  1.53938  0  0
8.375  1.5708  0  0
8.375  1.60221  0  0
8.375  1.63363  0  0
8.375  1.66504  0  0
8.375  1.69646  0  0
8.375  1.72788  0  0
8.375  1.75929  0  0
8.375  1.79071  0  0
8.375  1.82212  0  0
8.375  1.85354  0  0
8.375  1.88496  0  0
8.375  1.91637  0  0
8.375  1.94779  0  0
8.375  1.9792  0  0
8.375  2.01062  0  0
8.375  2.04204  0  0
8.375  2.07345  0  0
8.375  2.10487  0  0
8.375  2.13628  0  0
8.375  2.1677  0  0
8.375  2.19911  0  0
8.375  2.23053  0  0
8.375  2.26195  0  0
8.375  2.29336  0  0
8.375  2.32478  0  0
8.375  2.35619  0  0
8.375  2.38761  0  0
8.375  2.41903  0  0
8.375  2.45044  0  0
8.375  2.48186  0  0
8.375  2.51327  0  0
8.375  2.54469  0  0
8.375  2.57611  0  0
8.375  2.60752  0  0
8.375  2.63894  0  0
8.375  2.67035  0  0
8.375  2.70177  0  0
8.375  2.73319  0  0
8.375  2.7646  0  0
8.375  2.79602  0  0
8.375  2.82743  0  0
8.375  2.85885  0  0
8.375  2.89027  0  0
8.375  2.92168  0  0
8.375  2.9531  0  0
8.375  2.98451  0  0
8.375  3.01593  0  0
8.375  3.04734  0  0
8.375  3.07876  0  0
8.375  3.11018  0  0
8.5  0  0  0
8.5  0.0314159  0  0
8.5  0.0628319  0  0
8.5  0.0942478  0  0
8.5  0.125664  0  0
8.5  0.15708  0  0
8.5  0.188496  0  0
8.5  0.219911  0  0
8.5  0.251327  0  0
8.5  0.282743  0  0
8.5  0.314159  0  0
8.5  0.345575  0  0
8.5  0.376991  0  0
8.5  0.408407  0  0
8.5  0.439823  0  0
8.5  0.471239  0  0
8.5  0.502655  0  0
8.5  0.534071  0  0
8.5  0.565487  0  0
8.5  0.596903  0  0
8.5  0.628319  0  0
8.5  0.659734  0  0
8.5  0.69115  0  0
8.5  0.722566  0  0
8.5  0.753982  0  0
8.5  0.785398  0  0
8.5  0.816814  0  0
8.5  0.84823  0  0
8.5  0.879646  0  0
8.5  0.911062  0  0
8.5  0.942478  0  0
8.5  0.973894  0  0
8.5  1.00531  0  0
8.5  1.03673  0  0
8.5  1.06814  0  0
8.5  1.09956  0  0
8.5  1.13097  0  0
8.5  1.16239  0  0
8.5  1.19381  0  0
8.5  1.22522  0  0
8.5  1.25664  0  0
8.5  1.28805  0  0
8.5  1.31947  0  0
8.5  1.35088  0  0
8.5  1.3823  0  0
8.5  1.41372  0  0
8.5  1.44513  0  0
8.5  1.47655  0  0
8.5  1.50796  0  0
8.5  1.53938  0  0
8.5  1.5708  0  0
8.5  1.60221  0  0
8.5  1.63363  0  0
8.5  1.66504  0  0
8.5  1.69646  0  0
8.5  1.72788  0  0
8.5  1.75929  0  0
8.5  1.79071  0  0
8.5  1.82212  0  0
8.5  1.85354  0  0
8.5  1.88496  0  0
8.5  1.91637  0  0
8.5  1.94779  0  0
8.5  1.9792  0  0
8.5  2.01062  0  0
8.5  2.04204  0  0
8.5  2.07345  0  0
8.5  2.10487  0  0
8.5  2.13628  0  0
8.5  2.1677  0  0
8.5  2.19911  0  0
8.5  2.23053  0  0
8.5  2.26195  0  0
8.5  2.29336  0  0
8.5  2.32478  0  0
8.5  2.35619  0  0
8.5  2.38761  0  0
8.5  2.41903  0  0
8.5  2.45044  0  0
8.5  2.48186  0  0
8.5  2.51327  0  0
8.5  2.54469  0  0
8.5  2.57611  0  0
8.5  2.60752  0  0
8.5  2.63894  0  0
8.5  2.67035  0  0
8.5  2.70177  0  0
8.5  2.73319  0  0
8.5  2.7646  0  0
8.5  2.79602  0  0
8.5  2.82743  0  0
8.5  2.85885  0  0
8.5  2.89027  0  0
8.5  2.92168  0  0
8.5  2.9531  0  0
8.5  2.98451  0  0
8.5  3.01593  0  0
8.5  3.04734  0  0
8.5  3.07876  0  0
8.5  3.11018  0  0
8.625  0  0  0
8.625  0.0314159  0  0
8.625  0.0628319  0  0
8.625  0.0942478  0  0
8.625  0.125664  0  0
8.625  0.15708  0  0
8.625  0.188496  0  0
8.625  0.219911  0  0
8.625  0.251327  0  0
8.625  0.282743  0  0
8.625  0.314159  0  0
8.625  0.345575  0  0
8.625  0.376991  0  0
8.625  0.408407  0  0
8.625  0.439823  0  0
8.625  0.471239  0  0
8.625  0.502655  0  0
8.625  0.534071  0  0
8.625  0.565487  0  0
8.625  0.596903  0  0
8.625  0.628319  0  0
8.625  0.659734  0  0
8.625  0.69115  0  0
8.625  0.722566  0  0
8.625  0.753982  0  0
8.625  0.785398  0  0
8.625  0.816814  0  0
8.625  0.84823  0  0
8.625  0.879646  0  0
8.625  0.911062  0  0
8.625  0.942478  0  0
8.625  0.973894  0  0
8.625  1.00531  0  0
8.625  1.03673  0  0
8.625  1.06814  0  0
8.625  1.09956  0  0
8.625  1.13097  0  0
8.625  1.16239  0  0
8.625  1.19381  0  0
8.625  1.22522  0  0
8.625  1.25664  0  0
8.625  1.28805  0  0
8.625  1.31947  0  0
8.625  1.35088  0  0
8.625  1.3823  0  0
8.625  1.41372  0  0
8.625  1.44513  0  0
8.625  1.47655  0  0
8.625  1.50796  0  0
8.625  1.53938  0  0
8.625  1.5708  0  0
8.625  1.60221  0  0
8.625  1.63363  0  0
8.625  1.66504  0  0
8.625  1.69646  0  0
8.625  1.72788  0  0
8.625  1.75929  0  0
8.625  1.79071  0  0
8.625  1.82212  0  0
8.625  1.85354  0  0
8.625  1.88496  0  0
8.625  1.91637  0  0
8.625  1.94779  0  0
8.625  1.9792  0  0
8.625  2.01062  0  0
8.625  2.04204  0  0
8.625  2.07345  0  0
8.625  2.10487  0  0
8.625  2.13628  0  0
8.625  2.1677  0  0
8.625  2.19911  0  0
8.625  2.23053  0  0
8.625  2.26195  0  0
8.625  2.29336  0  0
8.625  2.32478  0  0
8.625  2.35619  0  0
8.625  2.38761  0  0
8.625  2.41903  0  0
8.625  2.45044  0  0
8.625  2.48186  0  0
8.625  2.51327  0  0
8.625  2.54469  0  0
8.625  2.57611  0  0
8.625  2.60752  0  0
8.625  2.63894  0  0
8.625  2.67035  0  0
8.625  2.70177  0  0
8.625  2.73319  0  0
8.625  2.7646  0  0
8.625  2.79602  0  0
8.625  2.82743  0  0
8.625  2.85885  0  0
8.625  2.89027  0  0
8.625  2.92168  0  0
8.625  2.9531  0  0
8.625  2.98451  0  0
8.625  3.01593  0  0
8.625  3.04734  0  0
8.625  3.07876  0  0
8.625  3.11018  0  0
8.75  0  0  0
8.75  0.0314159  0  0
8.75  0.0628319  0  0
8.75  0.0942478  0  0
8.75  0.125664  0  0
8.75  0.15708  0  0
8.75  0.188496  0  0
8.75  0.219911  0  0
8.75  0.251327  0  0
8.75  0.282743  0  0
8.75  0.314159  0  0
8.75  0.345575  0  0
8.75  0.376991  0  0
8.75  0.408407  0  0
8.75  0.439823  0  0
8.75  0.471239  0  0
8.75  0.502655  0  0
8.75  0.534071  0  0
8.75  0.565487  0  0
8.75  0.596903  0  0
8.75  0.628319  0  0
8.75  0.659734  0  0
8.75  0.69115  0  0
8.75  0.722566  0  0
8.75  0.753982  0  0
8.75  0.785398  0  0
8.75  0.816814  0  0
8.75  0.84823  0  0
8.75  0.879646  0  0
8.75  0.911062  0  0
8.75  0.942478  0  0
8.75  0.973894  0  0
8.75  1.00531  0  0
8.75  1.03673  0  0
8.75  1.06814  0  0
8.75  1.09956  0  0
8.75  1.13097  0  0
8.75  1.16239  0  0
8.75  1.19381  0  0
8.75  1.22522  0  0
8.75  1.25664  0  0
8.75  1.28805  0  0
8.75  1.31947  0  0
8.75  1.35088  0  0
8.75  1.3823  0  0
8.75  1.41372  0  0
8.75  1.44513  0  0
8.75  1.47655  0  0
8.75  1.50796  0  0
8.75  1.53938  0  0
8.75  1.5708  0  0
8.75  1.60221  0  0
8.75  1.63363  0  0
8.75  1.66504  0  0
8.75  1.69646  0  0
8.75  1.72788  0  0
8.75  1.75929  0  0
8.75  1.79071  0  0
8.75  1.82212  0  0
8.75  1.85354  0  0
8.75  1.88496  0  0
8.75  1.91637  0  0
8.75  1.94779  0  0
8.75  1.9792  0  0
8.75  2.01062  0  0
8.75  2.04204  0  0
8.75  2.07345  0  0
8.75  2.10487  0  0
8.75  2.13628  0  0
8.75  2.1677  0  0
8.75  2.19911  0  0
8.75  2.23053  0  0
8.75  2.26195  0  0
8.75  2.29336  0  0
8.75  2.32478  0  0
8.75  2.35619  0  0
8.75  2.38761  0  0
8.75  2.41903  0  0
8.75  2.45044  0  0
8.75  2.48186  0  0
8.75  2.51327  0  0
8.75  2.54469  0  0
8.75  2.57611  0  0
8.75  2.60752  0  0
8.75  2.63894  0  0
8.75  2.67035  0  0
8.75  2.70177  0  0
8.75  2.73319  0  0
8.75  2.7646  0  0
8.75  2.79602  0  0
8.75  2.82743  0  0
8.75  2.85885  0  0
8.75  2.89027  0  0
8.75  2.92168  0  0
8.75  2.9531  0  0
8.75  2.98451  0  0
8.75  3.01593  0  0
8.75  3.04734  0  0
8.75  3.07876  0  0
8.75  3.11018  0  0
8.875  0  0  0
8.875  0.0314159  0  0
8.875  0.0628319  0  0
8.875  0.0942478  0  0
8.875  0.125664  0  0
8.875  0.15708  0  0
8.875  0.188496  0  0
8.875  0.219911  0  0
8.875  0.251327  0  0
8.875  0.282743  0  0
8.875  0.314159  0  0
8.875  0.345575  0  0
8.875  0.376991  0  0
8.875  0.408407  0  0
8.875  0.439823  0  0
8.875  0.471239  0  0
8.875  0.502655  0  0
8.875  0.534071  0  0
8.875  0.565487  0  0
8.875  0.596903  0  0
8.875  0.628319  0  0
8.875  0.659734  0  0
8.875  0.69115  0  0
8.875  0.722566  0  0
8.875  0.753982  0  0
8.875  0.785398  0  0
8.875  0.816814  0  0
8.875  0.84823  0  0
8.875  0.879646  0  0
8.875  0.911062  0  0
8.875  0.942478  0  0
8.875  0.973894  0  0
8.875  1.00531  0  0
8.875  1.03673  0  0
8.875  1.06814  0  0
8.875  1.09956  0  0
8.875  1.13097  0  0
8.875  1.16239  0  0
8.875  1.19381  0  0
8.875  1.22522  0  0
8.875  1.25664  0  0
8.875  1.28805  0  0
8.875  1.31947  0  0
8.875  1.35088  0  0
8.875  1.3823  0  0
8.875  1.41372  0  0
8.875  1.44513  0  0
8.875  1.47655  0  0
8.875  1.50796  0  0
8.875  1.53938  0  0
8.875  1.5708  0  0
8.875  1.60221  0  0
8.875  1.63363  0  0
8.875  1.66504  0  0
8.875  1.69646  0  0
8.875  1.72788  0  0
8.875  1.75929  0  0
8.875  1.79071  0  0
8.875  1.82212  0  0
8.875  1.85354  0  0
8.875  1.88496  0  0
8.875  1.91637  0  0
8.875  1.94779  0  0
8.875  1.9792  0  0
8.875  2.01062  0  0
8.875  2.04204  0  0
8.875  2.07345  0  0
8.875  2.10487  0  0
8.875  2.13628  0  0
8.875  2.1677  0  0
8.875  2.19911  0  0
8.875  2.23053  0  0
8.875  2.26195  0  0
8.875  2.29336  0  0
8.875  2.32478  0  0
8.875  2.35619  0  0
8.875  2.38761  0  0
8.875  2.41903  0  0
8.875  2.45044  0  0
8.875  2.48186  0  0
8.875  2.51327  0  0
8.875  2.54469  0  0
8.875  2.57611  0  0
8.875  2.60752  0  0
8.875  2.63894  0  0
8.875  2.67035  0  0
8.875  2.70177  0  0
8.875  2.73319  0  0
8.875  2.7646  0  0
8.875  2.79602  0  0
8.875  2.82743  0  0
8.875  2.85885  0  0
8.875  2.89027  0  0
8.875  2.92168  0  0
8.875  2.9531  0  0
8.875  2.98451  0  0
8.875  3.01593  0  0
8.875  3.04734  0  0
8.875  3.07876  0  0
8.875  3.11018  0  0
9  0  0  0
9  0.0314159  0  0
9  0.0628319  0  0
9  0.0942478  0  0
9  0.125664  0  0
9  0.15708  0  0
9  0.188496  0  0
9  0.219911  0  0
9  0.251327  0  0
9  0.282743  0  0
9  0.314159  0  0
9  0.345575  0  0
9  0.376991  0  0
9  0.408407  0  0
9  0.439823  0  0
9  0.471239  0  0
9  0.502655  0  0
9  0.534071  0  0
9  0.565487  0  0
9  0.596903  0  0
9  0.628319  0  0
9  0.659734  0  0
9  0.69115  0  0
9  0.722566  0  0
9  0.753982  0  0
9  0.785398  0  0
9  0.816814  0  0
9  0.84823  0  0
9  0.879646  0  0
9  0.911062  0  0
9  0.942478  0  0
9  0.973894  0  0
9  1.00531  0  0
9  1.03673  0  0
9  1.06814  0  0
9  1.09956  0  0
9  1.13097  0  0
9  1.16239  0  0
9  1.19381  0  0
9  1.22522  0  0
9  1.25664  0  0
9  1.28805  0  0
9  1.31947  0  0
9  1.35088  0  0
9  1.3823  0  0
9  1.41372  0  0
9  1.44513  0  0
9  1.47655  0  0
9  1.50796  0  0
9  1.53938  0  0
9  1.5708  0  0
9  1.60221  0  0
9  1.63363  0  0
9  1.66504  0  0
9  1.69646  0  0
9  1.72788  0  0
9  1.75929  0  0
9  1.79071  0  0
9  1.82212  0  0
9  1.85354  0  0
9  1.88496  0  0
9  1.91637  0  0
9  1.94779  0  0
9  1.9792  0  0
9  2.01062  0  0
9  2.04204  0  0
9  2.07345  0  0
9  2.10487  0  0
9  2.13628  0  0
9  2.1677  0  0
9  2.19911  0  0
9  2.23053  0  0
9  2.26195  0  0
9  2.29336  0  0
9  2.32478  0  0
9  2.35619  0  0
9  2.38761  0  0
9  2.41903  0  0
9  2.45044  0  0
9  2.48186  0  0
9  2.51327  0  0
9  2.54469  0  0
9  2.57611  0  0
9  2.60752  0  0
9  2.63894  0  0
9  2.67035  0  0
9  2.70177  0  0
9  2.73319  0  0
9  2.7646  0  0
9  2.79602  0  0
9  2.82743  0  0
9  2.85885  0  0
9  2.89027  0  0
9  2.92168  0  0
9  2.9531  0  0
9  2.98451  0  0
9  3.01593  0  0
9  3.04734  0  0
9  3.07876  0  0
9  3.11018  0  0
9.125  0  0  0
9.125  0.0314159  0  0
9.125  0.0628319  0  0
9.125  0.0942478  0  0
9.125  0.125664  0  0
9.125  0.15708  0  0
9.125  0.188496  0  0
9.125  0.219911  0  0
9.125  0.251327  0  0
9.125  0.282743  0  0
9.125  0.314159  0  0
9.125  0.345575  0  0
9.125  0.376991  0  0
9.125  0.408407  0  0
9.125  0.439823  0  0
9.125  0.471239  0  0
9.125  0.502655  0  0
9.125  0.534071  0  0
9.125  0.565487  0  0
9.125  0.596903  0  0
9.125  0.628319  0  0
9.125  0.659734  0  0
9.125  0.69115  0  0
9.125  0.722566  0  0
9.125  0.753982  0  0
9.125  0.785398  0  0
9.125  0.816814  0  0
9.125  0.84823  0  0
9.125  0.879646  0  0
9.125  0.911062  0  0
9.125  0.942478  0  0
9.125  0.973894  0  0
9.125  1.00531  0  0
9.125  1.03673  0  0
9.125  1.06814  0  0
9.125  1.09956  0  0
9.125  1.13097  0  0
9.125  1.16239  0  0
9.125  1.19381  0  0
9.125  1.22522  0  0
9.125  1.25664  0  0
9.125  1.28805  0  0
9.125  1.31947  0  0
9.125  1.35088  0  0
9.125  1.3823  0  0
9.125  1.41372  0  0
9.125  1.44513  0  0
9.125  1.47655  0  0
9.125  1.50796  0  0
9.125  1.53938  0  0
9.125  1.5708  0  0
9.125  1.60221  0  0
9.125  1.63363  0  0
9.125  1.66504  0  0
9.125  1.69646  0  0
9.125  1.72788  0  0
9.125  1.75929  0  0
9.125  1.79071  0  0
9.125  1.82212  0  0
9.125  1.85354  0  0
9.125  1.88496  0  0
9.125  1.91637  0  0
9.125  1.94779  0  0
9.125  1.9792  0  0
9.125  2.01062  0  0
9.125  2.04204  0  0
9.125  2.07345  0  0
9.125  2.10487  0  0
9.125  2.13628  0  0
9.125  2.1677  0  0
9.125  2.19911  0  0
9.125  2.23053  0  0
9.125  2.26195  0  0
9.125  2.29336  0  0
9.125  2.32478  0  0
9.125  2.35619  0  0
9.125  2.38761  0  0
9.125  2.41903  0  0
9.125  2.45044  0  0
9.125  2.48186  0  0
9.125  2.51327  0  0
9.125  2.54469  0  0
9.125  2.57611  0  0
9.125  2.60752  0  0
9.125  2.63894  0  0
9.125  2.67035  0  0
9.125  2.70177  0  0
9.125  2.73319  0  0
9.125  2.7646  0  0
9.125  2.79602  0  0
9.125  2.82743  0  0
9.125  2.85885  0  0
9.125  2.89027  0  0
9.125  2.92168  0  0
9.125  2.9531  0  0
9.125  2.98451  0  0
9.125  3.01593  0  0
9.125  3.04734  0  0
9.125  3.07876  0  0
9.125  3.11018  0  0
9.25  0  0  0
9.25  0.0314159  0  0
9.25  0.0628319  0  0
9.25  0.0942478  0  0
9.25  0.125664  0  0
9.25  0.15708  0  0
9.25  0.188496  0  0
9.25  0.219911  0  0
9.25  0.251327  0  0
9.25  0.282743  0  0
9.25  0.314159  0  0
9.25  0.345575  0  0
9.25  0.376991  0  0
9.25  0.408407  0  0
9.25  0.439823  0  0
9.25  0.471239  0  0
9.25  0.502655  0  0
9.25  0.534071  0  0
9.25  0.565487  0  0
9.25  0.596903  0  0
9.25  0.628319  0  0
9.25  0.659734  0  0
9.25  0.69115  0  0
9.25  0.722566  0  0
9.25  0.753982  0  0
9.25  0.785398  0  0
9.25  0.816814  0  0
9.25  0.84823  0  0
9.25  0.879646  0  0
9.25  0.911062  0  0
9.25  0.942478  0  0
9.25  0.973894  0  0
9.25  1.00531  0  0
9.25  1.03673  0  0
9.25  1.06814  0  0
9.25  1.09956  0  0
9.25  1.13097  0  0
9.25  1.16239  0  0
9.25  1.19381  0  0
9.25  1.22522  0  0
9.25  1.25664  0  0
9.25  1.28805  0  0
9.25  1.31947  0  0
9.25  1.35088  0  0
9.25  1.3823  0  0
9.25  1.41372  0  0
9.25  1.44513  0  0
9.25  1.47655  0  0
9.25  1.50796  0  0
9.25  1.53938  0  0
9.25  1.5708  0  0
9.25  1.60221  0  0
9.25  1.63363  0  0
9.25  1.66504  0  0
9.25  1.69646  0  0
9.25  1.72788  0  0
9.25  1.75929  0  0
9.25  1.79071  0  0
9.25  1.82212  0  0
9.25  1.85354  0  0
9.25  1.88496  0  0
9.25  1.91637  0  0
9.25  1.94779  0  0
9.25  1.9792  0  0
9.25  2.01062  0  0
9.25  2.04204  0  0
9.25  2.07345  0  0
9.25  2.10487  0  0
9.25  2.13628  0  0
9.25  2.1677  0  0
9.25  2.19911  0  0
9.25  2.23053  0  0
9.25  2.26195  0  0
9.25  2.29336  0  0
9.25  2.32478  0  0
9.25  2.35619  0  0
9.25  2.38761  0  0
9.25  2.41903  0  0
9.25  2.45044  0  0
9.25  2.48186  0  0
9.25  2.51327  0  0
9.25  2.54469  0  0
9.25  2.57611  0  0
9.25  2.60752  0  0
9.25  2.63894  0  0
9.25  2.67035  0  0
9.25  2.70177  0  0
9.25  2.73319  0  0
9.25  2.7646  0  0
9.25  2.79602  0  0
9.25  2.82743  0  0
9.25  2.85885  0  0
9.25  2.89027  0  0
9.25  2.92168  0  0
9.25  2.9531  0  0
9.25  2.98451  0  0
9.25  3.01593  0  0
9.25  3.04734  0  0
9.25  3.07876  0  0
9.25  3.11018  0  0
9.375  0  0  0
9.375  0.0314159  0  0
9.375  0.0628319  0  0
9.375  0.0942478  0  0
9.375  0.125664  0  0
9.375  0.15708  0  0
9.375  0.188496  0  0
9.375  0.219911  0  0
9.375  0.251327  0  0
9.375  0.282743  0  0
9.375  0.314159  0  0
9.375  0.345575  0  0
9.375  0.376991  0  0
9.375  0.408407  0  0
9.375  0.439823  0  0
9.375  0.471239  0  0
9.375  0.502655  0  0
9.375  0.534071  0  0
9.375  0.565487  0  0
9.375  0.596903  0  0
9.375  0.628319  0  0
9.375  0.659734  0  0
9.375  0.69115  0  0
9.375  0.722566  0  0
9.375  0.753982  0  0
9.375  0.785398  0  0
9.375  0.816814  0  0
9.375  0.84823  0  0
9.375  0.879646  0  0
9.375  0.911062  0  0
9.375  0.942478  0  0
9.375  0.973894  0  0
9.375  1.00531  0  0
9.375  1.03673  0  0
9.375  1.06814  0  0
9.375  1.09956  0  0
9.375  1.13097  0  0
9.375  1.16239  0  0
9.375  1.19381  0  0
9.375  1.22522  0  0
9.375  1.25664  0  0
9.375  1.28805  0  0
9.375  1.31947  0  0
9.375  1.35088  0  0
9.375  1.3823  0  0
9.375  1.41372  0  0
9.375  1.44513  0  0
9.375  1.47655  0  0
9.375  1.50796  0  0
9.375  1.53938  0  0
9.375  1.5708  0  0
9.375  1.60221  0  0
9.375  1.63363  0  0
9.375  1.66504  0  0
9.375  1.69646  0  0
9.375  1.72788  0  0
9.375  1.75929  0  0
9.375  1.79071  0  0
9.375  1.82212  0  0
9.375  1.85354  0  0
9.375  1.88496  0  0
9.375  1.91637  0  0
9.375  1.94779  0  0
9.375  1.9792  0  0
9.375  2.01062  0  0
9.375  2.04204  0  0
9.375  2.07345  0  0
9.375  2.10487  0  0
9.375  2.13628  0  0
9.375  2.1677  0  0
9.375  2.19911  0  0
9.375  2.23053  0  0
9.375  2.26195  0  0
9.375  2.29336  0  0
9.375  2.32478  0  0
9.375  2.35619  0  0
9.375  2.38761  0  0
9.375  2.41903  0  0
9.375  2.45044  0  0
9.375  2.48186  0  0
9.375  2.51327  0  0
9.375  2.54469  0  0
9.375  2.57611  0  0
9.375  2.60752  0  0
9.375  2.63894  0  0
9.375  2.67035  0  0
9.375  2.70177  0  0
9.375  2.73319  0  0
9.375  2.7646  0  0
9.375  2.79602  0  0
9.375  2.82743  0  0
9.375  2.85885  0  0
9.375  2.89027  0  0
9.375  2.92168  0  0
9.375  2.9531  0  0
9.375  2.98451  0  0
9.375  3.01593  0  0
9.375  3.04734  0  0
9.375  3.07876  0  0
9.375  3.11018  0  0
9.5  0  0  0
9.5  0.0314159  0  0
9.5  0.0628319  0  0
9.5  0.0942478  0  0
9.5  0.125664  0  0
9.5  0.15708  0  0
9.5  0.188496  0  0
9.5  0.219911  0  0
9.5  0.251327  0  0
9.5  0.282743  0  0
9.5  0.314159  0  0
9.5  0.345575  0  0
9.5  0.376991  0  0
9.5  0.408407  0  0
9.5  0.439823  0  0
9.5  0.471239  0  0
9.5  0.502655  0  0
9.5  0.534071  0  0
9.5  0.565487  0  0
9.5  0.596903  0  0
9.5  0.628319  0  0
9.5  0.659734  0  0
9.5  0.69115  0  0
9.5  0.722566  0  0
9.5  0.753982  0  0
9.5  0.785398  0  0
9.5  0.816814  0  0
9.5  0.84823  0  0
9.5  0.879646  0  0
9.5  0.911062  0  0
9.5  0.942478  0  0
9.5  0.973894  0  0
9.5  1.00531  0  0
9.5  1.03673  0  0
9.5  1.06814  0  0
9.5  1.09956  0  0
9.5  1.13097  0  0
9.5  1.16239  0  0
9.5  1.19381  0  0
9.5  1.22522  0  0
9.5  1.25664  0  0
9.5  1.28805  0  0
9.5  1.31947  0  0
9.5  1.35088  0  0
9.5  1.3823  0  0
9.5  1.41372  0  0
9.5  1.44513  0  0
9.5  1.47655  0  0
9.5  1.50796  0  0
9.5  1.53938  0  0
9.5  1.5708  0  0
9.5  1.60221  0  0
9.5  1.63363  0  0
9.5  1.66504  0  0
9.5  1.69646  0  0
9.5  1.72788  0  0
9.5  1.75929  0  0
9.5  1.79071  0  0
9.5  1.82212  0  0
9.5  1.85354  0  0
9.5  1.88496  0  0
9.5  1.91637  0  0
9.5  1.94779  0  0
9.5  1.9792  0  0
9.5  2.01062  0  0
9.5  2.04204  0  0
9.5  2.07345  0  0
9.5  2.10487  0  0
9.5  2.13628  0  0
9.5  2.1677  0  0
9.5  2.19911  0  0
9.5  2.23053  0  0
9.5  2.26195  0  0
9.5  2.29336  0  0
9.5  2.32478  0  0
9.5  2.35619  0  0
9.5  2.38761  0  0
9.5  2.41903  0  0
9.5  2.45044  0  0
9.5  2.48186  0  0
9.5  2.51327  0  0
9.5  2.54469  0  0
9.5  2.57611  0  0
9.5  2.60752  0  0
9.5  2.63894  0  0
9.5  2.67035  0  0
9.5  2.70177  0  0
9.5  2.73319  0  0
9.5  2.7646  0  0
9.5  2.79602  0  0
9.5  2.82743  0  0
9.5  2.85885  0  0
9.5  2.89027  0  0
9.5  2.92168  0  0
9.5  2.9531  0  0
9.5  2.98451  0  0
9.5  3.01593  0  0
9.5  3.04734  0  0
9.5  3.07876  0  0
9.5  3.11018  0  0
9.625  0  0  0
9.625  0.0314159  0  0
9.625  0.0628319  0  0
9.625  0.0942478  0  0
9.625  0.125664  0  0
9.625  0.15708  0  0
9.625  0.188496  0  0
9.625  0.219911  0  0
9.625  0.251327  0  0
9.625  0.282743  0  0
9.625  0.314159  0  0
9.625  0.345575  0  0
9.625  0.376991  0  0
9.625  0.408407  0  0
9.625  0.439823  0  0
9.625  0.471239  0  0
9.625  0.502655  0  0
9.625  0.534071  0  0
9.625  0.565487  0  0
9.625  0.596903  0  0
9.625  0.628319  0  0
9.625  0.659734  0  0
9.625  0.69115  0  0
9.625  0.722566  0  0
9.625  0.753982  0  0
9.625  0.785398  0  0
9.625  0.816814  0  0
9.625  0.84823  0  0
9.625  0.879646  0  0
9.625  0.911062  0  0
9.625  0.942478  0  0
9.625  0.973894  0  0
9.625  1.00531  0  0
9.625  1.03673  0  0
9.625  1.06814  0  0
9.625  1.09956  0  0
9.625  1.13097  0  0
9.625  1.16239  0  0
9.625  1.19381  0  0
9.625  1.22522  0  0
9.625  1.25664  0  0
9.625  1.28805  0  0
9.625  1.31947  0  0
9.625  1.35088  0  0
9.625  1.3823  0  0
9.625  1.41372  0  0
9.625  1.44513  0  0
9.625  1.47655  0  0
9.625  1.50796  0  0
9.625  1.53938  0  0
9.625  1.5708  0  0
9.625  1.60221  0  0
9.625  1.63363  0  0
9.625  1.66504  0  0
9.625  1.69646  0  0
9.625  1.72788  0  0
9.625  1.75929  0  0
9.625  1.79071  0  0
9.625  1.82212  0  0
9.625  1.85354  0  0
9.625  1.88496  0  0
9.625  1.91637  0  0
9.625  1.94779  0  0
9.625  1.9792  0  0
9.625  2.01062  0  0
9.625  2.04204  0  0
9.625  2.07345  0  0
9.625  2.10487  0  0
9.625  2.13628  0  0
9.625  2.1677  0  0
9.625  2.19911  0  0
9.625  2.23053  0  0
9.625  2.26195  0  0
9.625  2.29336  0  0
9.625  2.32478  0  0
9.625  2.35619  0  0
9.625  2.38761  0  0
9.625  2.41903  0  0
9.625  2.45044  0  0
9.625  2.48186  0  0
9.625  2.51327  0  0
9.625  2.54469  0  0
9.625  2.57611  0  0
9.625  2.60752  0  0
9.625  2.63894  0  0
9.625  2.67035  0  0
9.625  2.70177  0  0
9.625  2.73319  0  0
9.625  2.7646  0  0
9.625  2.79602  0  0
9.625  2.82743  0  0
9.625  2.85885  0  0
9.625  2.89027  0  0
9.625  2.92168  0  0
9.625  2.9531  0  0
9.625  2.98451  0  0
9.625  3.01593  0  0
9.625  3.04734  0  0
9.625  3.07876  0  0
9.625  3.11018  0  0
9.75  0  0  0
9.75  0.0314159  0  0
9.75  0.0628319  0  0
9.75  0.0942478  0  0
9.75  0.125664  0  0
9.75  0.15708  0  0
9.75  0.188496  0  0
9.75  0.219911  0  0
9.75  0.251327  0  0
9.75  0.282743  0  0
9.75  0.314159  0  0
9.75  0.345575  0  0
9.75  0.376991  0  0
9.75  0.408407  0  0
9.75  0.439823  0  0
9.75  0.471239  0  0
9.75  0.502655  0  0
9.75  0.534071  0  0
9.75  0.565487  0  0
9.75  0.596903  0  0
9.75  0.628319  0  0
9.75  0.659734  0  0
9.75  0.69115  0  0
9.75  0.722566  0  0
9.75  0.753982  0  0
9.75  0.785398  0  0
9.75  0.816814  0  0
9.75  0.84823  0  0
9.75  0.879646  0  0
9.75  0.911062  0  0
9.75  0.942478  0  0
9.75  0.973894  0  0
9.75  1.00531  0  0
9.75  1.03673  0  0
9.75  1.06814  0  0
9.75  1.09956  0  0
9.75  1.13097  0  0
9.75  1.16239  0  0
9.75  1.19381  0  0
9.75  1.22522  0  0
9.75  1.25664  0  0
9.75  1.28805  0  0
9.75  1.31947  0  0
9.75  1.35088  0  0
9.75  1.3823  0  0
9.75  1.41372  0  0
9.75  1.44513  0  0
9.75  1.47655  0  0
9.75  1.50796  0  0
9.75  1.53938  0  0
9.75  1.5708  0  0
9.75  1.60221  0  0
9.75  1.63363  0  0
9.75  1.66504  0  0
9.75  1.69646  0  0
9.75  1.72788  0  0
9.75  1.75929  0  0
9.75  1.79071  0  0
9.75  1.82212  0  0
9.75  1.85354  0  0
9.75  1.88496  0  0
9.75  1.91637  0  0
9.75  1.94779  0  0
9.75  1.9792  0  0
9.75  2.01062  0  0
9.75  2.04204  0  0
9.75  2.07345  0  0
9.75  2.10487  0  0
9.75  2.13628  0  0
9.75  2.1677  0  0
9.75  2.19911  0  0
9.75  2.23053  0  0
9.75  2.26195  0  0
9.75  2.29336  0  0
9.75  2.32478  0  0
9.75  2.35619  0  0
9.75  2.38761  0  0
9.75  2.41903  0  0
9.75  2.45044  0  0
9.75  2.48186  0  0
9.75  2.51327  0  0
9.75  2.54469  0  0
9.75  2.57611  0  0
9.75  2.60752  0  0
9.75  2.63894  0  0
9.75  2.67035  0  0
9.75  2.70177  0  0
9.75  2.73319  0  0
9.75  2.7646  0  0
9.75  2.79602  0  0
9.75  2.82743  0  0
9.75  2.85885  0  0
9.75  2.89027  0  0
9.75  2.92168  0  0
9.75  2.9531  0  0
9.75  2.98451  0  0
9.75  3.01593  0  0
9.75  3.04734  0  0
9.75  3.07876  0  0
9.75  3.11018  0  0
9.875  0  0  0
9.875  0.0314159  0  0
9.875  0.0628319  0  0
9.875  0.0942478  0  0
9.875  0.125664  0  0
9.875  0.15708  0  0
9.875  0.188496  0  0
9.875  0.219911  0  0
9.875  0.251327  0  0
9.875  0.282743  0  0
9.875  0.314159  0  0
9.875  0.345575  0  0
9.875  0.376991  0  0
9.875  0.408407  0  0
9.875  0.439823  0  0
9.875  0.471239  0  0
9.875  0.502655  0  0
9.875  0.534071  0  0
9.875  0.565487  0  0
9.875  0.596903  0  0
9.875  0.628319  0  0
9.875  0.659734  0  0
9.875  0.69115  0  0
9.875  0.722566  0  0
9.875  0.753982  0  0
9.875  0.785398  0  0
9.875  0.816814  0  0
9.875  0.84823  0  0
9.875  0.879646  0  0
9.875  0.911062  0  0
9.875  0.942478  0  0
9.875  0.973894  0  0
9.875  1.00531  0  0
9.875  1.03673  0  0
9.875  1.06814  0  0
9.875  1.09956  0  0
9.875  1.13097  0  0
9.875  1.16239  0  0
9.875  1.19381  0  0
9.875  1.22522  0  0
9.875  1.25664  0  0
9.875  1.28805  0  0
9.875  1.31947  0  0
9.875  1.35088  0  0
9.875  1.3823  0  0
9.875  1.41372  0  0
9.875  1.44513  0  0
9.875  1.47655  0  0
9.875  1.50796  0  0
9.875  1.53938  0  0
9.875  1.5708  0  0
9.875  1.60221  0  0
9.875  1.63363  0  0
9.875  1.66504  0  0
9.875  1.69646  0  0
9.875  1.72788  0  0
9.875  1.75929  0  0
9.875  1.79071  0  0
9.875  1.82212  0  0
9.875  1.85354  0  0
9.875  1.88496  0  0
9.875  1.91637  0  0
9.875  1.94779  0  0
9.875  1.9792  0  0
9.875  2.01062  0  0
9.875  2.04204  0  0
9.875  2.07345  0  0
9.875  2.10487  0  0
9.875  2.13628  0  0
9.875  2.1677  0  0
9.875  2.19911  0  0
9.875  2.23053  0  0
9.875  2.26195  0  0
9.875  2.29336  0  0
9.875  2.32478  0  0
9.875  2.35619  0  0
9.875  2.38761  0  0
9.875  2.41903  0  0
9.875  2.45044  0  0
9.875  2.48186  0  0
9.875  2.51327  0  0
9.875  2.54469  0  0
9.875  2.57611  0  0
9.875  2.60752  0  0
9.875  2.63894  0  0
9.875  2.67035  0  0
9.875  2.70177  0  0
9.875  2.73319  0  0
9.875  2.7646  0  0
9.875  2.79602  0  0
9.875  2.82743  0  0
9.875  2.85885  0  0
9.875  2.89027  0  0
9.875  2.92168  0  0
9.875  2.9531  0  0
9.875  2.98451  0  0
9.875  3.01593  0  0
9.875  3.04734  0  0
9.875  3.07876  0  0
9.875  3.11018  0  0
10  0  0  0
10  0.0314159  0  0
10  0.0628319  0  0
10  0.0942478  0  0
10  0.125664  0  0
10  0.15708  0  0
10  0.188496  0  0
10  0.219911  0  0
10  0.251327  0  0
10  0.282743  0  0
10  0.314159  0  0
10  0.345575  0  0
10  0.376991  0  0
10  0.408407  0  0
10  0.439823  0  0
10  0.471239  0  0
10  0.502655  0  0
10  0.534071  0  0
10  0.565487  0  0
10  0.596903  0  0
10  0.628319  0  0
10  0.659734  0  0
10  0.69115  0  0
10  0.722566  0  0
10  0.753982  0  0
10  0.785398  0  0
10  0.816814  0  0
10  0.84823  0  0
10  0.879646  0  0
10  0.911062  0  0
10  0.942478  0  0
10  0.973894  0  0
10  1.00531  0  0
10  1.03673  0  0
10  1.06814  0  0
10  1.09956  0  0
10  1.13097  0  0
10  1.16239  0  0
10  1.19381  0  0
10  1.22522  0  0
10  1.25664  0  0
10  1.28805  0  0
10  1.31947  0  0
10  1.35088  0  0
10  1.3823  0  0
10  1.41372  0  0
10  1.44513  0  0
10  1.47655  0  0
10  1.50796  0  0
10  1.53938  0  0
10  1.5708  0  0
10  1.60221  0  0
10  1.63363  0  0
10  1.66504  0  0
10  1.69646  0  0
10  1.72788  0  0
10  1.75929  0  0
10  1.79071  0  0
10  1.82212  0  0
10  1.85354  0  0
10  1.88496  0  0
10  1.91637  0  0
10  1.94779  0  0
10  1.9792  0  0
10  2.01062  0  0
10  2.04204  0  0
10  2.07345  0  0
10  2.10487  0  0
10  2.13628  0  0
10  2.1677  0  0
10  2.19911  0  0
10  2.23053  0  0
10  2.26195  0  0
10  2.29336  0  0
10  2.32478  0  0
10  2.35619  0  0
10  2.38761  0  0
10  2.41903  0  0
10  2.45044  0  0
10  2.48186  0  0
10  2.51327  0  0
10  2.54469  0  0
10  2.57611  0  0
10  2.60752  0  0
10  2.63894  0  0
10  2.67035  0  0
10  2.70177  0  0
10  2.73319  0  0
10  2.7646  0  0
10  2.79602  0  0
10  2.82743  0  0
10  2.85885  0  0
10  2.89027  0  0
10  2.92168  0  0
10  2.9531  0  0
10  2.98451  0  0
10  3.01593  0  0
10  3.04734  0  0
10  3.07876  0  0
10  3.11018  0  0
10.125  0  0  0
10.125  0.0314159  0  0
10.125  0.0628319  0  0
10.125  0.0942478  0  0
10.125  0.125664  0  0
10.125  0.15708  0  0
10.125  0.188496  0  0
10.125  0.219911  0  0
10.125  0.251327  0  0
10.125  0.282743  0  0
10.125  0.314159  0  0
10.125  0.345575  0  0
10.125  0.376991  0  0
10.125  0.408407  0  0
10.125  0.439823  0  0
10.125  0.471239  0  0
10.125  0.502655  0  0
10.125  0.534071  0  0
10.125  0.565487  0  0
10.125  0.596903  0  0
10.125  0.628319  0  0
10.125  0.659734  0  0
10.125  0.69115  0  0
10.125  0.722566  0  0
10.125  0.753982  0  0
10.125  0.785398  0  0
10.125  0.816814  0  0
10.125  0.84823  0  0
10.125  0.879646  0  0
10.125  0.911062  0  0
10.125  0.942478  0  0
10.125  0.973894  0  0
10.125  1.00531  0  0
10.125  1.03673  0  0
10.125  1.06814  0  0
10.125  1.09956  0  0
10.125  1.13097  0  0
10.125  1.16239  0  0
10.125  1.19381  0  0
10.125  1.22522  0  0
10.125  1.25664  0  0
10.125  1.28805  0  0
10.125  1.31947  0  0
10.125  1.35088  0  0
10.125  1.3823  0  0
10.125  1.41372  0  0
10.125  1.44513  0  0
10.125  1.47655  0  0
10.125  1.50796  0  0
10.125  1.53938  0  0
10.125  1.5708  0  0
10.125  1.60221  0  0
10.125  1.63363  0  0
10.125  1.66504  0  0
10.125  1.69646  0  0
10.125  1.72788  0  0
10.125  1.75929  0  0
10.125  1.79071  0  0
10.125  1.82212  0  0
10.125  1.85354  0  0
10.125  1.88496  0  0
10.125  1.91637  0  0
10.125  1.94779  0  0
10.125  1.9792  0  0
10.125  2.01062  0  0
10.125  2.04204  0  0
10.125  2.07345  0  0
10.125  2.10487  0  0
10.125  2.13628  0  0
10.125  2.1677  0  0
10.125  2.19911  0  0
10.125  2.23053  0  0
10.125  2.26195  0  0
10.125  2.29336  0  0
10.125  2.32478  0  0
10.125  2.35619  0  0
10.125  2.38761  0  0
10.125  2.41903  0  0
10.125  2.45044  0  0
10.125  2.48186  0  0
10.125  2.51327  0  0
10.125  2.54469  0  0
10.125  2.57611  0  0
10.125  2.60752  0  0
10.125  2.63894  0  0
10.125  2.67035  0  0
10.125  2.70177  0  0
10.125  2.73319  0  0
10.125  2.7646  0  0
10.125  2.79602  0  0
10.125  2.82743  0  0
10.125  2.85885  0  0
10.125  2.89027  0  0
10.125  2.92168  0  0
10.125  2.9531  0  0
10.125  2.98451  0  0
10.125  3.01593  0  0
10.125  3.04734  0  0
10.125  3.07876  0  0
10.125  3.11018  0  0
10.25  0  0  0
10.25  0.0314159  0  0
10.25  0.0628319  0  0
10.25  0.0942478  0  0
10.25  0.125664  0  0
10.25  0.15708  0  0
10.25  0.188496  0  0
10.25  0.219911  0  0
10.25  0.251327  0  0
10.25  0.282743  0  0
10.25  0.314159  0  0
10.25  0.345575  0  0
10.25  0.376991  0  0
10.25  0.408407  0  0
10.25  0.439823  0  0
10.25  0.471239  0  0
10.25  0.502655  0  0
10.25  0.534071  0  0
10.25  0.565487  0  0
10.25  0.596903  0  0
10.25  0.628319  0  0
10.25  0.659734  0  0
10.25  0.69115  0  0
10.25  0.722566  0  0
10.25  0.753982  0  0
10.25  0.785398  0  0
10.25  0.816814  0  0
10.25  0.84823  0  0
10.25  0.879646  0  0
10.25  0.911062  0  0
10.25  0.942478  0  0
10.25  0.973894  0  0
10.25  1.00531  0  0
10.25  1.03673  0  0
10.25  1.06814  0  0
10.25  1.09956  0  0
10.25  1.13097  0  0
10.25  1.16239  0  0
10.25  1.19381  0  0
10.25  1.22522  0  0
10.25  1.25664  0  0
10.25  1.28805  0  0
10.25  1.31947  0  0
10.25  1.35088  0  0
10.25  1.3823  0  0
10.25  1.41372  0  0
10.25  1.44513  0  0
10.25  1.47655  0  0
10.25  1.50796  0  0
10.25  1.53938  0  0
10.25  1.5708  0  0
10.25  1.60221  0  0
10.25  1.63363  0  0
10.25  1.66504  0  0
10.25  1.69646  0  0
10.25  1.72788  0  0
10.25  1.75929  0  0
10.25  1.79071  0  0
10.25  1.82212  0  0
10.25  1.85354  0  0
10.25  1.88496  0  0
10.25  1.91637  0  0
10.25  1.94779  0  0
10.25  1.9792  0  0
10.25  2.01062  0  0
10.25  2.04204  0  0
10.25  2.07345  0  0
10.25  2.10487  0  0
10.25  2.13628  0  0
10.25  2.1677  0  0
10.25  2.19911  0  0
10.25  2.23053  0  0
10.25  2.26195  0  0
10.25  2.29336  0  0
10.25  2.32478  0  0
10.25  2.35619  0  0
10.25  2.38761  0  0
10.25  2.41903  0  0
10.25  2.45044  0  0
10.25  2.48186  0  0
10.25  2.51327  0  0
10.25  2.54469  0  0
10.25  2.57611  0  0
10.25  2.60752  0  0
10.25  2.63894  0  0
10.25  2.67035  0  0
10.25  2.70177  0  0
10.25  2.73319  0  0
10.25  2.7646  0  0
10.25  2.79602  0  0
10.25  2.82743  0  0
10.25  2.85885  0  0
10.25  2.89027  0  0
10.25  2.92168  0  0
10.25  2.9531  0  0
10.25  2.98451  0  0
10.25  3.01593  0  0
10.25  3.04734  0  0
10.25  3.07876  0  0
10.25  3.11018  0  0
10.375  0  0  0
10.375  0.0314159  0  0
10.375  0.0628319  0  0
10.375  0.0942478  0  0
10.375  0.125664  0  0
10.375  0.15708  0  0
10.375  0.188496  0  0
10.375  0.219911  0  0
10.375  0.251327  0  0
10.375  0.282743  0  0
10.375  0.314159  0  0
10.375  0.345575  0  0
10.375  0.376991  0  0
10.375  0.408407  0  0
10.375  0.439823  0  0
10.375  0.471239  0  0
10.375  0.502655  0  0
10.375  0.534071  0  0
10.375  0.565487  0  0
10.375  0.596903  0  0
10.375  0.628319  0  0
10.375  0.659734  0  0
10.375  0.69115  0  0
10.375  0.722566  0  0
10.375  0.753982  0  0
10.375  0.785398  0  0
10.375  0.816814  0  0
10.375  0.84823  0  0
10.375  0.879646  0  0
10.375  0.911062  0  0
10.375  0.942478  0  0
10.375  0.973894  0  0
10.375  1.00531  0  0
10.375  1.03673  0  0
10.375  1.06814  0  0
10.375  1.09956  0  0
10.375  1.13097  0  0
10.375  1.16239  0  0
10.375  1.19381  0  0
10.375  1.22522  0  0
10.375  1.25664  0  0
10.375  1.28805  0  0
10.375  1.31947  0  0
10.375  1.35088  0  0
10.375  1.3823  0  0
10.375  1.41372  0  0
10.375  1.44513  0  0
10.375  1.47655  0  0
10.375  1.50796  0  0
10.375  1.53938  0  0
10.375  1.5708  0  0
10.375  1.60221  0  0
10.375  1.63363  0  0
10.375  1.66504  0  0
10.375  1.69646  0  0
10.375  1.72788  0  0
10.375  1.75929  0  0
10.375  1.79071  0  0
10.375  1.82212  0  0
10.375  1.85354  0  0
10.375  1.88496  0  0
10.375  1.91637  0  0
10.375  1.94779  0  0
10.375  1.9792  0  0
10.375  2.01062  0  0
10.375  2.04204  0  0
10.375  2.07345  0  0
10.375  2.10487  0  0
10.375  2.13628  0  0
10.375  2.1677  0  0
10.375  2.19911  0  0
10.375  2.23053  0  0
10.375  2.26195  0  0
10.375  2.29336  0  0
10.375  2.32478  0  0
10.375  2.35619  0  0
10.375  2.38761  0  0
10.375  2.41903  0  0
10.375  2.45044  0  0
10.375  2.48186  0  0
10.375  2.51327  0  0
10.375  2.54469  0  0
10.375  2.57611  0  0
10.375  2.60752  0  0
10.375  2.63894  0  0
10.375  2.67035  0  0
10.375  2.70177  0  0
10.375  2.73319  0  0
10.375  2.7646  0  0
10.375  2.79602  0  0
10.375  2.82743  0  0
10.375  2.85885  0  0
10.375  2.89027  0  0
10.375  2.92168  0  0
10.375  2.9531  0  0
10.375  2.98451  0  0
10.375  3.01593  0  0
10.375  3.04734  0  0
10.375  3.07876  0  0
10.375  3.11018  0  0
10.5  0  0  0
10.5  0.0314159  0  0
10.5  0.0628319  0  0
10.5  0.0942478  0  0
10.5  0.125664  0  0
10.5  0.15708  0  0
10.5  0.188496  0  0
10.5  0.219911  0  0
10.5  0.251327  0  0
10.5  0.282743  0  0
10.5  0.314159  0  0
10.5  0.345575  0  0
10.5  0.376991  0  0
10.5  0.408407  0  0
10.5  0.439823  0  0
10.5  0.471239  0  0
10.5  0.502655  0  0
10.5  0.534071  0  0
10.5  0.565487  0  0
10.5  0.596903  0  0
10.5  0.628319  0  0
10.5  0.659734  0  0
10.5  0.69115  0  0
10.5  0.722566  0  0
10.5  0.753982  0  0
10.5  0.785398  0  0
10.5  0.816814  0  0
10.5  0.84823  0  0
10.5  0.879646  0  0
10.5  0.911062  0  0
10.5  0.942478  0  0
10.5  0.973894  0  0
10.5  1.00531  0  0
10.5  1.03673  0  0
10.5  1.06814  0  0
10.5  1.09956  0  0
10.5  1.13097  0  0
10.5  1.16239  0  0
10.5  1.19381  0  0
10.5  1.22522  0  0
10.5  1.25664  0  0
10.5  1.28805  0  0
10.5  1.31947  0  0
10.5  1.35088  0  0
10.5  1.3823  0  0
10.5  1.41372  0  0
10.5  1.44513  0  0
10.5  1.47655  0  0
10.5  1.50796  0  0
10.5  1.53938  0  0
10.5  1.5708  0  0
10.5  1.60221  0  0
10.5  1.63363  0  0
10.5  1.66504  0  0
10.5  1.69646  0  0
10.5  1.72788  0  0
10.5  1.75929  0  0
10.5  1.79071  0  0
10.5  1.82212  0  0
10.5  1.85354  0  0
10.5  1.88496  0  0
10.5  1.91637  0  0
10.5  1.94779  0  0
10.5  1.9792  0  0
10.5  2.01062  0  0
10.5  2.04204  0  0
10.5  2.07345  0  0
10.5  2.10487  0  0
10.5  2.13628  0  0
10.5  2.1677  0  0
10.5  2.19911  0  0
10.5  2.23053  0  0
10.5  2.26195  0  0
10.5  2.29336  0  0
10.5  2.32478  0  0
10.5  2.35619  0  0
10.5  2.38761  0  0
10.5  2.41903  0  0
10.5  2.45044  0  0
10.5  2.48186  0  0
10.5  2.51327  0  0
10.5  2.54469  0  0
10.5  2.57611  0  0
10.5  2.60752  0  0
10.5  2.63894  0  0
10.5  2.67035  0  0
10.5  2.70177  0  0
10.5  2.73319  0  0
10.5  2.7646  0  0
10.5  2.79602  0  0
10.5  2.82743  0  0
10.5  2.85885  0  0
10.5  2.89027  0  0
10.5  2.92168  0  0
10.5  2.9531  0  0
10.5  2.98451  0  0
10.5  3.01593  0  0
10.5  3.04734  0  0
10.5  3.07876  0  0
10.5  3.11018  0  0
10.625  0  0  0
10.625  0.0314159  0  0
10.625  0.0628319  0  0
10.625  0.0942478  0  0
10.625  0.125664  0  0
10.625  0.15708  0  0
10.625  0.188496  0  0
10.625  0.219911  0  0
10.625  0.251327  0  0
10.625  0.282743  0  0
10.625  0.314159  0  0
10.625  0.345575  0  0
10.625  0.376991  0  0
10.625  0.408407  0  0
10.625  0.439823  0  0
10.625  0.471239  0  0
10.625  0.502655  0  0
10.625  0.534071  0  0
10.625  0.565487  0  0
10.625  0.596903  0  0
10.625  0.628319  0  0
10.625  0.659734  0  0
10.625  0.69115  0  0
10.625  0.722566  0  0
10.625  0.753982  0  0
10.625  0.785398  0  0
10.625  0.816814  0  0
10.625  0.84823  0  0
10.625  0.879646  0  0
10.625  0.911062  0  0
10.625  0.942478  0  0
10.625  0.973894  0  0
10.625  1.00531  0  0
10.625  1.03673  0  0
10.625  1.06814  0  0
10.625  1.09956  0  0
10.625  1.13097  0  0
10.625  1.16239  0  0
10.625  1.19381  0  0
10.625  1.22522  0  0
10.625  1.25664  0  0
10.625  1.28805  0  0
10.625  1.31947  0  0
10.625  1.35088  0  0
10.625  1.3823  0  0
10.625  1.41372  0  0
10.625  1.44513  0  0
10.625  1.47655  0  0
10.625  1.50796  0  0
10.625  1.53938  0  0
10.625  1.5708  0  0
10.625  1.60221  0  0
10.625  1.63363  0  0
10.625  1.66504  0  0
10.625  1.69646  0  0
10.625  1.72788  0  0
10.625  1.75929  0  0
10.625  1.79071  0  0
10.625  1.82212  0  0
10.625  1.85354  0  0
10.625  1.88496  0  0
10.625  1.91637  0  0
10.625  1.94779  0  0
10.625  1.9792  0  0
10.625  2.01062  0  0
10.625  2.04204  0  0
10.625  2.07345  0  0
10.625  2.10487  0  0
10.625  2.13628  0  0
10.625  2.1677  0  0
10.625  2.19911  0  0
10.625  2.23053  0  0
10.625  2.26195  0  0
10.625  2.29336  0  0
10.625  2.32478  0  0
10.625  2.35619  0  0
10.625  2.38761  0  0
10.625  2.41903  0  0
10.625  2.45044  0  0
10.625  2.48186  0  0
10.625  2.51327  0  0
10.625  2.54469  0  0
10.625  2.57611  0  0
10.625  2.60752  0  0
10.625  2.63894  0  0
10.625  2.67035  0  0
10.625  2.70177  0  0
10.625  2.73319  0  0
10.625  2.7646  0  0
10.625  2.79602  0  0
10.625  2.82743  0  0
10.625  2.85885  0  0
10.625  2.89027  0  0
10.625  2.92168  0  0
10.625  2.9531  0  0
10.625  2.98451  0  0
10.625  3.01593  0  0
10.625  3.04734  0  0
10.625  3.07876  0  0
10.625  3.11018  0  0
10.75  0  0  0
10.75  0.0314159  0  0
10.75  0.0628319  0  0
10.75  0.0942478  0  0
10.75  0.125664  0  0
10.75  0.15708  0  0
10.75  0.188496  0  0
10.75  0.219911  0  0
10.75  0.251327  0  0
10.75  0.282743  0  0
10.75  0.314159  0  0
10.75  0.345575  0  0
10.75  0.376991  0  0
10.75  0.408407  0  0
10.75  0.439823  0  0
10.75  0.471239  0  0
10.75  0.502655  0  0
10.75  0.534071  0  0
10.75  0.565487  0  0
10.75  0.596903  0  0
10.75  0.628319  0  0
10.75  0.659734  0  0
10.75  0.69115  0  0
10.75  0.722566  0  0
10.75  0.753982  0  0
10.75  0.785398  0  0
10.75  0.816814  0  0
10.75  0.84823  0  0
10.75  0.879646  0  0
10.75  0.911062  0  0
10.75  0.942478  0  0
10.75  0.973894  0  0
10.75  1.00531  0  0
10.75  1.03673  0  0
10.75  1.06814  0  0
10.75  1.09956  0  0
10.75  1.13097  0  0
10.75  1.16239  0  0
10.75  1.19381  0  0
10.75  1.22522  0  0
10.75  1.25664  0  0
10.75  1.28805  0  0
10.75  1.31947  0  0
10.75  1.35088  0  0
10.75  1.3823  0  0
10.75  1.41372  0  0
10.75  1.44513  0  0
10.75  1.47655  0  0
10.75  1.50796  0  0
10.75  1.53938  0  0
10.75  1.5708  0  0
10.75  1.60221  0  0
10.75  1.63363  0  0
10.75  1.66504  0  0
10.75  1.69646  0  0
10.75  1.72788  0  0
10.75  1.75929  0  0
10.75  1.79071  0  0
10.75  1.82212  0  0
10.75  1.85354  0  0
10.75  1.88496  0  0
10.75  1.91637  0  0
10.75  1.94779  0  0
10.75  1.9792  0  0
10.75  2.01062  0  0
10.75  2.04204  0  0
10.75  2.07345  0  0
10.75  2.10487  0  0
10.75  2.13628  0  0
10.75  2.1677  0  0
10.75  2.19911  0  0
10.75  2.23053  0  0
10.75  2.26195  0  0
10.75  2.29336  0  0
10.75  2.32478  0  0
10.75  2.35619  0  0
10.75  2.38761  0  0
10.75  2.41903  0  0
10.75  2.45044  0  0
10.75  2.48186  0  0
10.75  2.51327  0  0
10.75  2.54469  0  0
10.75  2.57611  0  0
10.75  2.60752  0  0
10.75  2.63894  0  0
10.75  2.67035  0  0
10.75  2.70177  0  0
10.75  2.73319  0  0
10.75  2.7646  0  0
10.75  2.79602  0  0
10.75  2.82743  0  0
10.75  2.85885  0  0
10.75  2.89027  0  0
10.75  2.92168  0  0
10.75  2.9531  0  0
10.75  2.98451  0  0
10.75  3.01593  0  0
10.75  3.04734  0  0
10.75  3.07876  0  0
10.75  3.11018  0  0
10.875  0  0  0
10.875  0.0314159  0  0
10.875  0.0628319  0  0
10.875  0.0942478  0  0
10.875  0.125664  0  0
10.875  0.15708  0  0
10.875  0.188496  0  0
10.875  0.219911  0  0
10.875  0.251327  0  0
10.875  0.282743  0  0
10.875  0.314159  0  0
10.875  0.345575  0  0
10.875  0.376991  0  0
10.875  0.408407  0  0
10.875  0.439823  0  0
10.875  0.471239  0  0
10.875  0.502655  0  0
10.875  0.534071  0  0
10.875  0.565487  0  0
10.875  0.596903  0  0
10.875  0.628319  0  0
10.875  0.659734  0  0
10.875  0.69115  0  0
10.875  0.722566  0  0
10.875  0.753982  0  0
10.875  0.785398  0  0
10.875  0.816814  0  0
10.875  0.84823  0  0
10.875  0.879646  0  0
10.875  0.911062  0  0
10.875  0.942478  0  0
10.875  0.973894  0  0
10.875  1.00531  0  0
10.875  1.03673  0  0
10.875  1.06814  0  0
10.875  1.09956  0  0
10.875  1.13097  0  0
10.875  1.16239  0  0
10.875  1.19381  0  0
10.875  1.22522  0  0
10.875  1.25664  0  0
10.875  1.28805  0  0
10.875  1.31947  0  0
10.875  1.35088  0  0
10.875  1.3823  0  0
10.875  1.41372  0  0
10.875  1.44513  0  0
10.875  1.47655  0  0
10.875  1.50796  0  0
10.875  1.53938  0  0
10.875  1.5708  0  0
10.875  1.60221  0  0
10.875  1.63363  0  0
10.875  1.66504  0  0
10.875  1.69646  0  0
10.875  1.72788  0  0
10.875  1.75929  0  0
10.875  1.79071  0  0
10.875  1.82212  0  0
10.875  1.85354  0  0
10.875  1.88496  0  0
10.875  1.91637  0  0
10.875  1.94779  0  0
10.875  1.9792  0  0
10.875  2.01062  0  0
10.875  2.04204  0  0
10.875  2.07345  0  0
10.875  2.10487  0  0
10.875  2.13628  0  0
10.875  2.1677  0  0
10.875  2.19911  0  0
10.875  2.23053  0  0
10.875  2.26195  0  0
10.875  2.29336  0  0
10.875  2.32478  0  0
10.875  2.35619  0  0
10.875  2.38761  0  0
10.875  2.41903  0  0
10.875  2.45044  0  0
10.875  2.48186  0  0
10.875  2.51327  0  0
10.875  2.54469  0  0
10.875  2.57611  0  0
10.875  2.60752  0  0
10.875  2.63894  0  0
10.875  2.67035  0  0
10.875  2.70177  0  0
10.875  2.73319  0  0
10.875  2.7646  0  0
10.875  2.79602  0  0
10.875  2.82743  0  0
10.875  2.85885  0  0
10.875  2.89027  0  0
10.875  2.92168  0  0
10.875  2.9531  0  0
10.875  2.98451  0  0
10.875  3.01593  0  0
10.875  3.04734  0  0
10.875  3.07876  0  0
10.875  3.11018  0  0
11  0  0  0
11  0.0314159  0  0
11  0.0628319  0  0
11  0.0942478  0  0
11  0.125664  0  0
11  0.15708  0  0
11  0.188496  0  0
11  0.219911  0  0
11  0.251327  0  0
11  0.282743  0  0
11  0.314159  0  0
11  0.345575  0  0
11  0.376991  0  0
11  0.408407  0  0
11  0.439823  0  0
11  0.471239  0  0
11  0.502655  0  0
11  0.534071  0  0
11  0.565487  0  0
11  0.596903  0  0
11  0.628319  0  0
11  0.659734  0  0
11  0.69115  0  0
11  0.722566  0  0
11  0.753982  0  0
11  0.785398  0  0
11  0.816814  0  0
11  0.84823  0  0
11  0.879646  0  0
11  0.911062  0  0
11  0.942478  0  0
11  0.973894  0  0
11  1.00531  0  0
11  1.03673  0  0
11  1.06814  0  0
11  1.09956  0  0
11  1.13097  0  0
11  1.16239  0  0
11  1.19381  0  0
11  1.22522  0  0
11  1.25664  0  0
11  1.28805  0  0
11  1.31947  0  0
11  1.35088  0  0
11  1.3823  0  0
11  1.41372  0  0
11  1.44513  0  0
11  1.47655  0  0
11  1.50796  0  0
11  1.53938  0  0
11  1.5708  0  0
11  1.60221  0  0
11  1.63363  0  0
11  1.66504  0  0
11  1.69646  0  0
11  1.72788  0  0
11  1.75929  0  0
11  1.79071  0  0
11  1.82212  0  0
11  1.85354  0  0
11  1.88496  0  0
11  1.91637  0  0
11  1.94779  0  0
11  1.9792  0  0
11  2.01062  0  0
11  2.04204  0  0
11  2.07345  0  0
11  2.10487  0  0
11  2.13628  0  0
11  2.1677  0  0
11  2.19911  0  0
11  2.23053  0  0
11  2.26195  0  0
11  2.29336  0  0
11  2.32478  0  0
11  2.35619  0  0
11  2.38761  0  0
11  2.41903  0  0
11  2.45044  0  0
11  2.48186  0  0
11  2.51327  0  0
11  2.54469  0  0
11  2.57611  0  0
11  2.60752  0  0
11  2.63894  0  0
11  2.67035  0  0
11  2.70177  0  0
11  2.73319  0  0
11  2.7646  0  0
11  2.79602  0  0
11  2.82743  0  0
11  2.85885  0  0
11  2.89027  0  0
11  2.92168  0  0
11  2.9531  0  0
11  2.98451  0  0
11  3.01593  0  0
11  3.04734  0  0
11  3.07876  0  0
11  3.11018  0  0
11.125  0  0  0
11.125  0.0314159  0  0
11.125  0.0628319  0  0
11.125  0.0942478  0  0
11.125  0.125664  0  0
11.125  0.15708  0  0
11.125  0.188496  0  0
11.125  0.219911  0  0
11.125  0.251327  0  0
11.125  0.282743  0  0
11.125  0.314159  0  0
11.125  0.345575  0  0
11.125  0.376991  0  0
11.125  0.408407  0  0
11.125  0.439823  0  0
11.125  0.471239  0  0
11.125  0.502655  0  0
11.125  0.534071  0  0
11.125  0.565487  0  0
11.125  0.596903  0  0
11.125  0.628319  0  0
11.125  0.659734  0  0
11.125  0.69115  0  0
11.125  0.722566  0  0
11.125  0.753982  0  0
11.125  0.785398  0  0
11.125  0.816814  0  0
11.125  0.84823  0  0
11.125  0.879646  0  0
11.125  0.911062  0  0
11.125  0.942478  0  0
11.125  0.973894  0  0
11.125  1.00531  0  0
11.125  1.03673  0  0
11.125  1.06814  0  0
11.125  1.09956  0  0
11.125  1.13097  0  0
11.125  1.16239  0  0
11.125  1.19381  0  0
11.125  1.22522  0  0
11.125  1.25664  0  0
11.125  1.28805  0  0
11.125  1.31947  0  0
11.125  1.35088  0  0
11.125  1.3823  0  0
11.125  1.41372  0  0
11.125  1.44513  0  0
11.125  1.47655  0  0
11.125  1.50796  0  0
11.125  1.53938  0  0
11.125  1.5708  0  0
11.125  1.60221  0  0
11.125  1.63363  0  0
11.125  1.66504  0  0
11.125  1.69646  0  0
11.125  1.72788  0  0
11.125  1.75929  0  0
11.125  1.79071  0  0
11.125  1.82212  0  0
11.125  1.85354  0  0
11.125  1.88496  0  0
11.125  1.91637  0  0
11.125  1.94779  0  0
11.125  1.9792  0  0
11.125  2.01062  0  0
11.125  2.04204  0  0
11.125  2.07345  0  0
11.125  2.10487  0  0
11.125  2.13628  0  0
11.125  2.1677  0  0
11.125  2.19911  0  0
11.125  2.23053  0  0
11.125  2.26195  0  0
11.125  2.29336  0  0
11.125  2.32478  0  0
11.125  2.35619  0  0
11.125  2.38761  0  0
11.125  2.41903  0  0
11.125  2.45044  0  0
11.125  2.48186  0  0
11.125  2.51327  0  0
11.125  2.54469  0  0
11.125  2.57611  0  0
11.125  2.60752  0  0
11.125  2.63894  0  0
11.125  2.67035  0  0
11.125  2.70177  0  0
11.125  2.73319  0  0
11.125  2.7646  0  0
11.125  2.79602  0  0
11.125  2.82743  0  0
11.125  2.85885  0  0
11.125  2.89027  0  0
11.125  2.92168  0  0
11.125  2.9531  0  0
11.125  2.98451  0  0
11.125  3.01593  0  0
11.125  3.04734  0  0
11.125  3.07876  0  0
11.125  3.11018  0  0
11.25  0  0  0
11.25  0.0314159  0  0
11.25  0.0628319  0  0
11.25  0.0942478  0  0
11.25  0.125664  0  0
11.25  0.15708  0  0
11.25  0.188496  0  0
11.25  0.219911  0  0
11.25  0.251327  0  0
11.25  0.282743  0  0
11.25  0.314159  0  0
11.25  0.345575  0  0
11.25  0.376991  0  0
11.25  0.408407  0  0
11.25  0.439823  0  0
11.25  0.471239  0  0
11.25  0.502655  0  0
11.25  0.534071  0  0
11.25  0.565487  0  0
11.25  0.596903  0  0
11.25  0.628319  0  0
11.25  0.659734  0  0
11.25  0.69115  0  0
11.25  0.722566  0  0
11.25  0.753982  0  0
11.25  0.785398  0  0
11.25  0.816814  0  0
11.25  0.84823  0  0
11.25  0.879646  0  0
11.25  0.911062  0  0
11.25  0.942478  0  0
11.25  0.973894  0  0
11.25  1.00531  0  0
11.25  1.03673  0  0
11.25  1.06814  0  0
11.25  1.09956  0  0
11.25  1.13097  0  0
11.25  1.16239  0  0
11.25  1.19381  0  0
11.25  1.22522  0  0
11.25  1.25664  0  0
11.25  1.28805  0  0
11.25  1.31947  0  0
11.25  1.35088  0  0
11.25  1.3823  0  0
11.25  1.41372  0  0
11.25  1.44513  0  0
11.25  1.47655  0  0
11.25  1.50796  0  0
11.25  1.53938  0  0
11.25  1.5708  0  0
11.25  1.60221  0  0
11.25  1.63363  0  0
11.25  1.66504  0  0
11.25  1.69646  0  0
11.25  1.72788  0  0
11.25  1.75929  0  0
11.25  1.79071  0  0
11.25  1.82212  0  0
11.25  1.85354  0  0
11.25  1.88496  0  0
11.25  1.91637  0  0
11.25  1.94779  0  0
11.25  1.9792  0  0
11.25  2.01062  0  0
11.25  2.04204  0  0
11.25  2.07345  0  0
11.25  2.10487  0  0
11.25  2.13628  0  0
11.25  2.1677  0  0
11.25  2.19911  0  0
11.25  2.23053  0  0
11.25  2.26195  0  0
11.25  2.29336  0  0
11.25  2.32478  0  0
11.25  2.35619  0  0
11.25  2.38761  0  0
11.25  2.41903  0  0
11.25  2.45044  0  0
11.25  2.48186  0  0
11.25  2.51327  0  0
11.25  2.54469  0  0
11.25  2.57611  0  0
11.25  2.60752  0  0
11.25  2.63894  0  0
11.25  2.67035  0  0
11.25  2.70177  0  0
11.25  2.73319  0  0
11.25  2.7646  0  0
11.25  2.79602  0  0
11.25  2.82743  0  0
11.25  2.85885  0  0
11.25  2.89027  0  0
11.25  2.92168  0  0
11.25  2.9531  0  0
11.25  2.98451  0  0
11.25  3.01593  0  0
11.25  3.04734  0  0
11.25  3.07876  0  0
11.25  3.11018  0  0
11.375  0  0  0
11.375  0.0314159  0  0
11.375  0.0628319  0  0
11.375  0.0942478  0  0
11.375  0.125664  0  0
11.375  0.15708  0  0
11.375  0.188496  0  0
11.375  0.219911  0  0
11.375  0.251327  0  0
11.375  0.282743  0  0
11.375  0.314159  0  0
11.375  0.345575  0  0
11.375  0.376991  0  0
11.375  0.408407  0  0
11.375  0.439823  0  0
11.375  0.471239  0  0
11.375  0.502655  0  0
11.375  0.534071  0  0
11.375  0.565487  0  0
11.375  0.596903  0  0
11.375  0.628319  0  0
11.375  0.659734  0  0
11.375  0.69115  0  0
11.375  0.722566  0  0
11.375  0.753982  0  0
11.375  0.785398  0  0
11.375  0.816814  0  0
11.375  0.84823  0  0
11.375  0.879646  0  0
11.375  0.911062  0  0
11.375  0.942478  0  0
11.375  0.973894  0  0
11.375  1.00531  0  0
11.375  1.03673  0  0
11.375  1.06814  0  0
11.375  1.09956  0  0
11.375  1.13097  0  0
11.375  1.16239  0  0
11.375  1.19381  0  0
11.375  1.22522  0  0
11.375  1.25664  0  0
11.375  1.28805  0  0
11.375  1.31947  0  0
11.375  1.35088  0  0
11.375  1.3823  0  0
11.375  1.41372  0  0
11.375  1.44513  0  0
11.375  1.47655  0  0
11.375  1.50796  0  0
11.375  1.53938  0  0
11.375  1.5708  0  0
11.375  1.60221  0  0
11.375  1.63363  0  0
11.375  1.66504  0  0
11.375  1.69646  0  0
11.375  1.72788  0  0
11.375  1.75929  0  0
11.375  1.79071  0  0
11.375  1.82212  0  0
11.375  1.85354  0  0
11.375  1.88496  0  0
11.375  1.91637  0  0
11.375  1.94779  0  0
11.375  1.9792  0  0
11.375  2.01062  0  0
11.375  2.04204  0  0
11.375  2.07345  0  0
11.375  2.10487  0  0
11.375  2.13628  0  0
11.375  2.1677  0  0
11.375  2.19911  0  0
11.375  2.23053  0  0
11.375  2.26195  0  0
11.375  2.29336  0  0
11.375  2.32478  0  0
11.375  2.35619  0  0
11.375  2.38761  0  0
11.375  2.41903  0  0
11.375  2.45044  0  0
11.375  2.48186  0  0
11.375  2.51327  0  0
11.375  2.54469  0  0
11.375  2.57611  0  0
11.375  2.60752  0  0
11.375  2.63894  0  0
11.375  2.67035  0  0
11.375  2.70177  0  0
11.375  2.73319  0  0
11.375  2.7646  0  0
11.375  2.79602  0  0
11.375  2.82743  0  0
11.375  2.85885  0  0
11.375  2.89027  0  0
11.375  2.92168  0  0
11.375  2.9531  0  0
11.375  2.98451  0  0
11.375  3.01593  0  0
11.375  3.04734  0  0
11.375  3.07876  0  0
11.375  3.11018  0  0
11.5  0  0  0
11.5  0.0314159  0  0
11.5  0.0628319  0  0
11.5  0.0942478  0  0
11.5  0.125664  0  0
11.5  0.15708  0  0
11.5  0.188496  0  0
11.5  0.219911  0  0
11.5  0.251327  0  0
11.5  0.282743  0  0
11.5  0.314159  0  0
11.5  0.345575  0  0
11.5  0.376991  0  0
11.5  0.408407  0  0
11.5  0.439823  0  0
11.5  0.471239  0  0
11.5  0.502655  0  0
11.5  0.534071  0  0
11.5  0.565487  0  0
11.5  0.596903  0  0
11.5  0.628319  0  0
11.5  0.659734  0  0
11.5  0.69115  0  0
11.5  0.722566  0  0
11.5  0.753982  0  0
11.5  0.785398  0  0
11.5  0.816814  0  0
11.5  0.84823  0  0
11.5  0.879646  0  0
11.5  0.911062  0  0
11.5  0.942478  0  0
11.5  0.973894  0  0
11.5  1.00531  0  0
11.5  1.03673  0  0
11.5  1.06814  0  0
11.5  1.09956  0  0
11.5  1.13097  0  0
11.5  1.16239  0  0
11.5  1.19381  0  0
11.5  1.22522  0  0
11.5  1.25664  0  0
11.5  1.28805  0  0
11.5  1.31947  0  0
11.5  1.35088  0  0
11.5  1.3823  0  0
11.5  1.41372  0  0
11.5  1.44513  0  0
11.5  1.47655  0  0
11.5  1.50796  0  0
11.5  1.53938  0  0
11.5  1.5708  0  0
11.5  1.60221  0  0
11.5  1.63363  0  0
11.5  1.66504  0  0
11.5  1.69646  0  0
11.5  1.72788  0  0
11.5  1.75929  0  0
11.5  1.79071  0  0
11.5  1.82212  0  0
11.5  1.85354  0  0
11.5  1.88496  0  0
11.5  1.91637  0  0
11.5  1.94779  0  0
11.5  1.9792  0  0
11.5  2.01062  0  0
11.5  2.04204  0  0
11.5  2.07345  0  0
11.5  2.10487  0  0
11.5  2.13628  0  0
11.5  2.1677  0  0
11.5  2.19911  0  0
11.5  2.23053  0  0
11.5  2.26195  0  0
11.5  2.29336  0  0
11.5  2.32478  0  0
11.5  2.35619  0  0
11.5  2.38761  0  0
11.5  2.41903  0  0
11.5  2.45044  0  0
11.5  2.48186  0  0
11.5  2.51327  0  0
11.5  2.54469  0  0
11.5  2.57611  0  0
11.5  2.60752  0  0
11.5  2.63894  0  0
11.5  2.67035  0  0
11.5  2.70177  0  0
11.5  2.73319  0  0
11.5  2.7646  0  0
11.5  2.79602  0  0
11.5  2.82743  0  0
11.5  2.85885  0  0
11.5  2.89027  0  0
11.5  2.92168  0  0
11.5  2.9531  0  0
11.5  2.98451  0  0
11.5  3.01593  0  0
11.5  3.04734  0  0
11.5  3.07876  0  0
11.5  3.11018  0  0
11.625  0  0  0
11.625  0.0314159  0  0
11.625  0.0628319  0  0
11.625  0.0942478  0  0
11.625  0.125664  0  0
11.625  0.15708  0  0
11.625  0.188496  0  0
11.625  0.219911  0  0
11.625  0.251327  0  0
11.625  0.282743  0  0
11.625  0.314159  0  0
11.625  0.345575  0  0
11.625  0.376991  0  0
11.625  0.408407  0  0
11.625  0.439823  0  0
11.625  0.471239  0  0
11.625  0.502655  0  0
11.625  0.534071  0  0
11.625  0.565487  0  0
11.625  0.596903  0  0
11.625  0.628319  0  0
11.625  0.659734  0  0
11.625  0.69115  0  0
11.625  0.722566  0  0
11.625  0.753982  0  0
11.625  0.785398  0  0
11.625  0.816814  0  0
11.625  0.84823  0  0
11.625  0.879646  0  0
11.625  0.911062  0  0
11.625  0.942478  0  0
11.625  0.973894  0  0
11.625  1.00531  0  0
11.625  1.03673  0  0
11.625  1.06814  0  0
11.625  1.09956  0  0
11.625  1.13097  0  0
11.625  1.16239  0  0
11.625  1.19381  0  0
11.625  1.22522  0  0
11.625  1.25664  0  0
11.625  1.28805  0  0
11.625  1.31947  0  0
11.625  1.35088  0  0
11.625  1.3823  0  0
11.625  1.41372  0  0
11.625  1.44513  0  0
11.625  1.47655  0  0
11.625  1.50796  0  0
11.625  1.53938  0  0
11.625  1.5708  0  0
11.625  1.60221  0  0
11.625  1.63363  0  0
11.625  1.66504  0  0
11.625  1.69646  0  0
11.625  1.72788  0  0
11.625  1.75929  0  0
11.625  1.79071  0  0
11.625  1.82212  0  0
11.625  1.85354  0  0
11.625  1.88496  0  0
11.625  1.91637  0  0
11.625  1.94779  0  0
11.625  1.9792  0  0
11.625  2.01062  0  0
11.625  2.04204  0  0
11.625  2.07345  0  0
11.625  2.10487  0  0
11.625  2.13628  0  0
11.625  2.1677  0  0
11.625  2.19911  0  0
11.625  2.23053  0  0
11.625  2.26195  0  0
11.625  2.29336  0  0
11.625  2.32478  0  0
11.625  2.35619  0  0
11.625  2.38761  0  0
11.625  2.41903  0  0
11.625  2.45044  0  0
11.625  2.48186  0  0
11.625  2.51327  0  0
11.625  2.54469  0  0
11.625  2.57611  0  0
11.625  2.60752  0  0
11.625  2.63894  0  0
11.625  2.67035  0  0
11.625  2.70177  0  0
11.625  2.73319  0  0
11.625  2.7646  0  0
11.625  2.79602  0  0
11.625  2.82743  0  0
11.625  2.85885  0  0
11.625  2.89027  0  0
11.625  2.92168  0  0
11.625  2.9531  0  0
11.625  2.98451  0  0
11.625  3.01593  0  0
11.625  3.04734  0  0
11.625  3.07876  0  0
11.625  3.11018  0  0
11.75  0  0  0
11.75  0.0314159  0  0
11.75  0.0628319  0  0
11.75  0.0942478  0  0
11.75  0.125664  0  0
11.75  0.15708  0  0
11.75  0.188496  0  0
11.75  0.219911  0  0
11.75  0.251327  0  0
11.75  0.282743  0  0
11.75  0.314159  0  0
11.75  0.345575  0  0
11.75  0.376991  0  0
11.75  0.408407  0  0
11.75  0.439823  0  0
11.75  0.471239  0  0
11.75  0.502655  0  0
11.75  0.534071  0  0
11.75  0.565487  0  0
11.75  0.596903  0  0
11.75  0.628319  0  0
11.75  0.659734  0  0
11.75  0.69115  0  0
11.75  0.722566  0  0
11.75  0.753982  0  0
11.75  0.785398  0  0
11.75  0.816814  0  0
11.75  0.84823  0  0
11.75  0.879646  0  0
11.75  0.911062  0  0
11.75  0.942478  0  0
11.75  0.973894  0  0
11.75  1.00531  0  0
11.75  1.03673  0  0
11.75  1.06814  0  0
11.75  1.09956  0  0
11.75  1.13097  0  0
11.75  1.16239  0  0
11.75  1.19381  0  0
11.75  1.22522  0  0
11.75  1.25664  0  0
11.75  1.28805  0  0
11.75  1.31947  0  0
11.75  1.35088  0  0
11.75  1.3823  0  0
11.75  1.41372  0  0
11.75  1.44513  0  0
11.75  1.47655  0  0
11.75  1.50796  0  0
11.75  1.53938  0  0
11.75  1.5708  0  0
11.75  1.60221  0  0
11.75  1.63363  0  0
11.75  1.66504  0  0
11.75  1.69646  0  0
11.75  1.72788  0  0
11.75  1.75929  0  0
11.75  1.79071  0  0
11.75  1.82212  0  0
11.75  1.85354  0  0
11.75  1.88496  0  0
11.75  1.91637  0  0
11.75  1.94779  0  0
11.75  1.9792  0  0
11.75  2.01062  0  0
11.75  2.04204  0  0
11.75  2.07345  0  0
11.75  2.10487  0  0
11.75  2.13628  0  0
11.75  2.1677  0  0
11.75  2.19911  0  0
11.75  2.23053  0  0
11.75  2.26195  0  0
11.75  2.29336  0  0
11.75  2.32478  0  0
11.75  2.35619  0  0
11.75  2.38761  0  0
11.75  2.41903  0  0
11.75  2.45044  0  0
11.75  2.48186  0  0
11.75  2.51327  0  0
11.75  2.54469  0  0
11.75  2.57611  0  0
11.75  2.60752  0  0
11.75  2.63894  0  0
11.75  2.67035  0  0
11.75  2.70177  0  0
11.75  2.73319  0  0
11.75  2.7646  0  0
11.75  2.79602  0  0
11.75  2.82743  0  0
11.75  2.85885  0  0
11.75  2.89027  0  0
11.75  2.92168  0  0
11.75  2.9531  0  0
11.75  2.98451  0  0
11.75  3.01593  0  0
11.75  3.04734  0  0
11.75  3.07876  0  0
11.75  3.11018  0  0
11.875  0  0  0
11.875  0.0314159  0  0
11.875  0.0628319  0  0
11.875  0.0942478  0  0
11.875  0.125664  0  0
11.875  0.15708  0  0
11.875  0.188496  0  0
11.875  0.219911  0  0
11.875  0.251327  0  0
11.875  0.282743  0  0
11.875  0.314159  0  0
11.875  0.345575  0  0
11.875  0.376991  0  0
11.875  0.408407  0  0
11.875  0.439823  0  0
11.875  0.471239  0  0
11.875  0.502655  0  0
11.875  0.534071  0  0
11.875  0.565487  0  0
11.875  0.596903  0  0
11.875  0.628319  0  0
11.875  0.659734  0  0
11.875  0.69115  0  0
11.875  0.722566  0  0
11.875  0.753982  0  0
11.875  0.785398  0  0
11.875  0.816814  0  0
11.875  0.84823  0  0
11.875  0.879646  0  0
11.875  0.911062  0  0
11.875  0.942478  0  0
11.875  0.973894  0  0
11.875  1.00531  0  0
11.875  1.03673  0  0
11.875  1.06814  0  0
11.875  1.09956  0  0
11.875  1.13097  0  0
11.875  1.16239  0  0
11.875  1.19381  0  0
11.875  1.22522  0  0
11.875  1.25664  0  0
11.875  1.28805  0  0
11.875  1.31947  0  0
11.875  1.35088  0  0
11.875  1.3823  0  0
11.875  1.41372  0  0
11.875  1.44513  0  0
11.875  1.47655  0  0
11.875  1.50796  0  0
11.875  1.53938  0  0
11.875  1.5708  0  0
11.875  1.60221  0  0
11.875  1.63363  0  0
11.875  1.66504  0  0
11.875  1.69646  0  0
11.875  1.72788  0  0
11.875  1.75929  0  0
11.875  1.79071  0  0
11.875  1.82212  0  0
11.875  1.85354  0  0
11.875  1.88496  0  0
11.875  1.91637  0  0
11.875  1.94779  0  0
11.875  1.9792  0  0
11.875  2.01062  0  0
11.875  2.04204  0  0
11.875  2.07345  0  0
11.875  2.10487  0  0
11.875  2.13628  0  0
11.875  2.1677  0  0
11.875  2.19911  0  0
11.875  2.23053  0  0
11.875  2.26195  0  0
11.875  2.29336  0  0
11.875  2.32478  0  0
11.875  2.35619  0  0
11.875  2.38761  0  0
11.875  2.41903  0  0
11.875  2.45044  0  0
11.875  2.48186  0  0
11.875  2.51327  0  0
11.875  2.54469  0  0
11.875  2.57611  0  0
11.875  2.60752  0  0
11.875  2.63894  0  0
11.875  2.67035  0  0
11.875  2.70177  0  0
11.875  2.73319  0  0
11.875  2.7646  0  0
11.875  2.79602  0  0
11.875  2.82743  0  0
11.875  2.85885  0  0
11.875  2.89027  0  0
11.875  2.92168  0  0
11.875  2.9531  0  0
11.875  2.98451  0  0
11.875  3.01593  0  0
11.875  3.04734  0  0
11.875  3.07876  0  0
11.875  3.11018  0  0
12  0  0  0
12  0.0314159  0  0
12  0.0628319  0  0
12  0.0942478  0  0
12  0.125664  0  0
12  0.15708  0  0
12  0.188496  0  0
12  0.219911  0  0
12  0.251327  0  0
12  0.282743  0  0
12  0.314159  0  0
12  0.345575  0  0
12  0.376991  0  0
12  0.408407  0  0
12  0.439823  0  0
12  0.471239  0  0
12  0.502655  0  0
12  0.534071  0  0
12  0.565487  0  0
12  0.596903  0  0
12  0.628319  0  0
12  0.659734  0  0
12  0.69115  0  0
12  0.722566  0  0
12  0.753982  0  0
12  0.785398  0  0
12  0.816814  0  0
12  0.84823  0  0
12  0.879646  0  0
12  0.911062  0  0
12  0.942478  0  0
12  0.973894  0  0
12  1.00531  0  0
12  1.03673  0  0
12  1.06814  0  0
12  1.09956  0  0
12  1.13097  0  0
12  1.16239  0  0
12  1.19381  0  0
12  1.22522  0  0
12  1.25664  0  0
12  1.28805  0  0
12  1.31947  0  0
12  1.35088  0  0
12  1.3823  0  0
12  1.41372  0  0
12  1.44513  0  0
12  1.47655  0  0
12  1.50796  0  0
12  1.53938  0  0
12  1.5708  0  0
12  1.60221  0  0
12  1.63363  0  0
12  1.66504  0  0
12  1.69646  0  0
12  1.72788  0  0
12  1.75929  0  0
12  1.79071  0  0
12  1.82212  0  0
12  1.85354  0  0
12  1.88496  0  0
12  1.91637  0  0
12  1.94779  0  0
12  1.9792  0  0
12  2.01062  0  0
12  2.04204  0  0
12  2.07345  0  0
12  2.10487  0  0
12  2.13628  0  0
12  2.1677  0  0
12  2.19911  0  0
12  2.23053  0  0
12  2.26195  0  0
12  2.29336  0  0
12  2.32478  0  0
12  2.35619  0  0
12  2.38761  0  0
12  2.41903  0  0
12  2.45044  0  0
12  2.48186  0  0
12  2.51327  0  0
12  2.54469  0  0
12  2.57611  0  0
12  2.60752  0  0
12  2.63894  0  0
12  2.67035  0  0
12  2.70177  0  0
12  2.73319  0  0
12  2.7646  0  0
12  2.79602  0  0
12  2.82743  0  0
12  2.85885  0  0
12  2.89027  0  0
12  2.92168  0  0
12  2.9531  0  0
12  2.98451  0  0
12  3.01593  0  0
12  3.04734  0  0
12  3.07876  0  0
12  3.11018  0  0
12.125  0  0  0
12.125  0.0314159  0  0
12.125  0.0628319  0  0
12.125  0.0942478  0  0
12.125  0.125664  0  0
12.125  0.15708  0  0
12.125  0.188496  0  0
12.125  0.219911  0  0
12.125  0.251327  0  0
12.125  0.282743  0  0
12.125  0.314159  0  0
12.125  0.345575  0  0
12.125  0.376991  0  0
12.125  0.408407  0  0
12.125  0.439823  0  0
12.125  0.471239  0  0
12.125  0.502655  0  0
12.125  0.534071  0  0
12.125  0.565487  0  0
12.125  0.596903  0  0
12.125  0.628319  0  0
12.125  0.659734  0  0
12.125  0.69115  0  0
12.125  0.722566  0  0
12.125  0.753982  0  0
12.125  0.785398  0  0
12.125  0.816814  0  0
12.125  0.84823  0  0
12.125  0.879646  0  0
12.125  0.911062  0  0
12.125  0.942478  0  0
12.125  0.973894  0  0
12.125  1.00531  0  0
12.125  1.03673  0  0
12.125  1.06814  0  0
12.125  1.09956  0  0
12.125  1.13097  0  0
12.125  1.16239  0  0
12.125  1.19381  0  0
12.125  1.22522  0  0
12.125  1.25664  0  0
12.125  1.28805  0  0
12.125  1.31947  0  0
12.125  1.35088  0  0
12.125  1.3823  0  0
12.125  1.41372  0  0
12.125  1.44513  0  0
12.125  1.47655  0  0
12.125  1.50796  0  0
12.125  1.53938  0  0
12.125  1.5708  0  0
12.125  1.60221  0  0
12.125  1.63363  0  0
12.125  1.66504  0  0
12.125  1.69646  0  0
12.125  1.72788  0  0
12.125  1.75929  0  0
12.125  1.79071  0  0
12.125  1.82212  0  0
12.125  1.85354  0  0
12.125  1.88496  0  0
12.125  1.91637  0  0
12.125  1.94779  0  0
12.125  1.9792  0  0
12.125  2.01062  0  0
12.125  2.04204  0  0
12.125  2.07345  0  0
12.125  2.10487  0  0
12.125  2.13628  0  0
12.125  2.1677  0  0
12.125  2.19911  0  0
12.125  2.23053  0  0
12.125  2.26195  0  0
12.125  2.29336  0  0
12.125  2.32478  0  0
12.125  2.35619  0  0
12.125  2.38761  0  0
12.125  2.41903  0  0
12.125  2.45044  0  0
12.125  2.48186  0  0
12.125  2.51327  0  0
12.125  2.54469  0  0
12.125  2.57611  0  0
12.125  2.60752  0  0
12.125  2.63894  0  0
12.125  2.67035  0  0
12.125  2.70177  0  0
12.125  2.73319  0  0
12.125  2.7646  0  0
12.125  2.79602  0  0
12.125  2.82743  0  0
12.125  2.85885  0  0
12.125  2.89027  0  0
12.125  2.92168  0  0
12.125  2.9531  0  0
12.125  2.98451  0  0
12.125  3.01593  0  0
12.125  3.04734  0  0
12.125  3.07876  0  0
12.125  3.11018  0  0
12.25  0  0  0
12.25  0.0314159  0  0
12.25  0.0628319  0  0
12.25  0.0942478  0  0
12.25  0.125664  0  0
12.25  0.15708  0  0
12.25  0.188496  0  0
12.25  0.219911  0  0
12.25  0.251327  0  0
12.25  0.282743  0  0
12.25  0.314159  0  0
12.25  0.345575  0  0
12.25  0.376991  0  0
12.25  0.408407  0  0
12.25  0.439823  0  0
12.25  0.471239  0  0
12.25  0.502655  0  0
12.25  0.534071  0  0
12.25  0.565487  0  0
12.25  0.596903  0  0
12.25  0.628319  0  0
12.25  0.659734  0  0
12.25  0.69115  0  0
12.25  0.722566  0  0
12.25  0.753982  0  0
12.25  0.785398  0  0
12.25  0.816814  0  0
12.25  0.84823  0  0
12.25  0.879646  0  0
12.25  0.911062  0  0
12.25  0.942478  0  0
12.25  0.973894  0  0
12.25  1.00531  0  0
12.25  1.03673  0  0
12.25  1.06814  0  0
12.25  1.09956  0  0
12.25  1.13097  0  0
12.25  1.16239  0  0
12.25  1.19381  0  0
12.25  1.22522  0  0
12.25  1.25664  0  0
12.25  1.28805  0  0
12.25  1.31947  0  0
12.25  1.35088  0  0
12.25  1.3823  0  0
12.25  1.41372  0  0
12.25  1.44513  0  0
12.25  1.47655  0  0
12.25  1.50796  0  0
12.25  1.53938  0  0
12.25  1.5708  0.250138  2.26611
12.25  1.60221  0  0
12.25  1.63363  0  0
12.25  1.66504  0  0
12.25  1.69646  0  0
12.25  1.72788  0  0
12.25  1.75929  0  0
12.25  1.79071  0  0
12.25  1.82212  0  0
12.25  1.85354  0  0
12.25  1.88496  0  0
12.25  1.91637  0  0
12.25  1.94779  0  0
12.25  1.9792  0  0
12.25  2.01062  0  0
12.25  2.04204  0  0
12.25  2.07345  0  0
12.25  2.10487  0  0
12.25  2.13628  0  0
12.25  2.1677  0  0
12.25  2.19911  0  0
12.25  2.23053  0  0
12.25  2.26195  0  0
12.25  2.29336  0  0
12.25  2.32478  0  0
12.25  2.35619  0  0
12.25  2.38761  0  0
12.25  2.41903  0  0
12.25  2.45044  0  0
12.25  2.48186  0  0
12.25  2.51327  0  0
12.25  2.54469  0  0
12.25  2.57611  0  0
12.25  2.60752  0  0
12.25  2.63894  0  0
12.25  2.67035  0  0
12.25  2.70177  0  0
12.25  2.73319  0  0
12.25  2.7646  0  0
12.25  2.79602  0  0
12.25  2.82743  0  0
12.25  2.85885  0  0
12.25  2.89027  0  0
12.25  2.92168  0  0
12.25  2.9531  0  0
12.25  2.98451  0  0
12.25  3.01593  0  0
12.25  3.04734  0  0
12.25  3.07876  0  0
12.25  3.11018  0  0
12.375  0  0  0
12.375  0.0314159  0  0
12.375  0.0628319  0  0
12.375  0.0942478  0  0
12.375  0.125664  0  0
12.375  0.15708  0  0
12.375  0.188496  0  0
12.375  0.219911  0  0
12.375  0.251327  0  0
12.375  0.282743  0  0
12.375  0.314159  0  0
12.375  0.345575  0  0
12.375  0.376991  0  0
12.375  0.408407  0  0
12.375  0.439823  0  0
12.375  0.471239  0  0
12.375  0.502655  0  0
12.375  0.534071  0  0
12.375  0.565487  0  0
12.375  0.596903  0  0
12.375  0.628319  0  0
12.375  0.659734  0  0
12.375  0.69115  0  0
12.375  0.722566  0  0
12.375  0.753982  0  0
12.375  0.785398  0  0
12.375  0.816814  0  0
12.375  0.84823  0  0
12.375  0.879646  0  0
12.375  0.911062  0  0
12.375  0.942478  0  0
12.375  0.973894  0  0
12.375  1.00531  0  0
12.375  1.03673  0  0
12.375  1.06814  0  0
12.375  1.09956  0  0
12.375  1.13097  0  0
12.375  1.16239  0  0
12.375  1.19381  0  0
12.375  1.22522  0  0
12.375  1.25664  0  0
12.375  1.28805  0  0
12.375  1.31947  0  0
12.375  1.35088  0  0
12.375  1.3823  0  0
12.375  1.41372  0  0
12.375  1.44513  0  0
12.375  1.47655  0  0
12.375  1.50796  0  0
12.375  1.53938  0  0
12.375  1.5708  0  0
12.375  1.60221  0  0
12.375  1.63363  0  0
12.375  1.66504  0  0
12.375  1.69646  0  0
12.375  1.72788  0  0
12.375  1.75929  0  0
12.375  1.79071  0  0
12.375  1.82212  0  0
12.375  1.85354  0  0
12.375  1.88496  0  0
12.375  1.91637  0  0
12.375  1.94779  0  0
12.375  1.9792  0  0
12.375  2.01062  0  0
12.375  2.04204  0  0
12.375  2.07345  0  0
12.375  2.10487  0  0
12.375  2.13628  0  0
12.375  2.1677  0  0
12.375  2.19911  0  0
12.375  2.23053  0  0
12.375  2.26195  0  0
12.375  2.29336  0  0
12.375  2.32478  0  0
12.375  2.35619  0  0
12.375  2.38761  0  0
12.375  2.41903  0  0
12.375  2.45044  0  0
12.375  2.48186  0  0
12.375  2.51327  0  0
12.375  2.54469  0  0
12.375  2.57611  0  0
12.375  2.60752  0  0
12.375  2.63894  0  0
12.375  2.67035  0  0
12.375  2.70177  0  0
12.375  2.73319  0  0
12.375  2.7646  0  0
12.375  2.79602  0  0
12.375  2.82743  0  0
12.375  2.85885  0  0
12.375  2.89027  0  0
12.375  2.92168  0  0
12.375  2.9531  0  0
12.375  2.98451  0  0
12.375  3.01593  0  0
12.375  3.04734  0  0
12.375  3.07876  0  0
12.375  3.11018  0  0
12.5  0  0  0
12.5  0.0314159  0  0
12.5  0.0628319  0  0
12.5  0.0942478  0  0
12.5  0.125664  0  0
12.5  0.15708  0  0
12.5  0.188496  0  0
12.5  0.219911  0  0
12.5  0.251327  0  0
12.5  0.282743  0  0
12.5  0.314159  0  0
12.5  0.345575  0  0
12.5  0.376991  0  0
12.5  0.408407  0  0
12.5  0.439823  0  0
12.5  0.471239  0  0
12.5  0.502655  0  0
12.5  0.534071  0  0
12.5  0.565487  0  0
12.5  0.596903  0  0
12.5  0.628319  0  0
12.5  0.659734  0  0
12.5  0.69115  0  0
12.5  0.722566  0  0
12.5  0.753982  0  0
12.5  0.785398  0  0
12.5  0.816814  0  0
12.5  0.84823  0  0
12.5  0.879646  0  0
12.5  0.911062  0  0
12.5  0.942478  0  0
12.5  0.973894  0  0
12.5  1.00531  0  0
12.5  1.03673  0  0
12.5  1.06814  0  0
12.5  1.09956  0  0
12.5  1.13097  0  0
12.5  1.16239  0  0
12.5  1.19381  0  0
12.5  1.22522  0  0
12.5  1.25664  0  0
12.5  1.28805  0  0
12.5  1.31947  0  0
12.5  1.35088  0  0
12.5  1.3823  0  0
12.5  1.41372  0  0
12.5  1.44513  0  0
12.5  1.47655  0  0
12.5  1.50796  0  0
12.5  1.53938  0  0
12.5  1.5708  0  0
12.5  1.60221  0  0
12.5  1.63363  0  0
12.5  1.66504  0  0
12.5  1.69646  0  0
12.5  1.72788  0  0
12.5  1.75929  0  0
12.5  1.79071  0  0
12.5  1.82212  0  0
12.5  1.85354  0  0
12.5  1.88496  0  0
12.5  1.91637  0  0
12.5  1.94779  0  0
12.5  1.9792  0  0
12.5  2.01062  0  0
12.5  2.04204  0  0
12.5  2.07345  0  0
12.5  2.10487  0  0
12.5  2.13628  0  0
12.5  2.1677  0  0
12.5  2.19911  0  0
12.5  2.23053  0  0
12.5  2.26195  0  0
12.5  2.29336  0  0
12.5  2.32478  0  0
12.5  2.35619  0  0
12.5  2.38761  0  0
12.5  2.41903  0  0
12.5  2.45044  0  0
12.5  2.48186  0  0
12.5  2.51327  0  0
12.5  2.54469  0  0
12.5  2.57611  0  0
12.5  2.60752  0  0
12.5  2.63894  0  0
12.5  2.67035  0  0
12.5  2.70177  0  0
12.5  2.73319  0  0
12.5  2.7646  0  0
12.5  2.79602  0  0
12.5  2.82743  0  0
12.5  2.85885  0  0
12.5  2.89027  0  0
12.5  2.92168  0  0
12.5  2.9531  0  0
12.5  2.98451  0  0
12.5  3.01593  0  0
12.5  3.04734  0  0
12.5  3.07876  0  0
12.5  3.11018  0  0
12.625  0  0  0
12.625  0.0314159  0  0
12.625  0.0628319  0  0
12.625  0.0942478  0  0
12.625  0.125664  0  0
12.625  0.15708  0  0
12.625  0.188496  0  0
12.625  0.219911  0  0
12.625  0.251327  0  0
12.625  0.282743  0  0
12.625  0.314159  0  0
12.625  0.345575  0  0
12.625  0.376991  0  0
12.625  0.408407  0  0
12.625  0.439823  0  0
12.625  0.471239  0  0
12.625  0.502655  0  0
12.625  0.534071  0  0
12.625  0.565487  0  0
12.625  0.596903  0  0
12.625  0.628319  0  0
12.625  0.659734  0  0
12.625  0.69115  0  0
12.625  0.722566  0  0
12.625  0.753982  0  0
12.625  0.785398  0  0
12.625  0.816814  0  0
12.625  0.84823  0  0
12.625  0.879646  0  0
12.625  0.911062  0  0
12.625  0.942478  0  0
12.625  0.973894  0  0
12.625  1.00531  0  0
12.625  1.03673  0  0
12.625  1.06814  0  0
12.625  1.09956  0  0
12.625  1.13097  0  0
12.625  1.16239  0  0
12.625  1.19381  0  0
12.625  1.22522  0  0
12.625  1.25664  0  0
12.625  1.28805  0  0
12.625  1.31947  0  0
12.625  1.35088  0  0
12.625  1.3823  0  0
12.625  1.41372  0  0
12.625  1.44513  0  0
12.625  1.47655  0  0
12.625  1.50796  0.246515  2.25049
12.625  1.53938  0  0
12.625  1.5708  0  0
12.625  1.60221  0  0
12.625  1.63363  0  0
12.625  1.66504  0  0
12.625  1.69646  0  0
12.625  1.72788  0  0
12.625  1.75929  0  0
12.625  1.79071  0  0
12.625  1.82212  0  0
12.625  1.85354  0  0
12.625  1.88496  0  0
12.625  1.91637  0  0
12.625  1.94779  0  0
12.625  1.9792  0  0
12.625  2.01062  0  0
12.625  2.04204  0  0
12.625  2.07345  0  0
12.625  2.10487  0  0
12.625  2.13628  0  0
12.625  2.1677  0  0
12.625  2.19911  0  0
12.625  2.23053  0  0
12.625  2.26195  0  0
12.625  2.29336  0  0
12.625  2.32478  0  0
12.625  2.35619  0  0
12.625  2.38761  0  0
12.625  2.41903  0  0
12.625  2.45044  0  0
12.625  2.48186  0  0
12.625  2.51327  0  0
12.625  2.54469  0  0
12.625  2.57611  0  0
12.625  2.60752  0  0
12.625  2.63894  0  0
12.625  2.67035  0  0
12.625  2.70177  0  0
12.625  2.73319  0  0
12.625  2.7646  0  0
12.625  2.79602  0  0
12.625  2.82743  0  0
12.625  2.85885  0  0
12.625  2.89027  0  0
12.625  2.92168  0  0
12.625  2.9531  0  0
12.625  2.98451  0  0
12.625  3.01593  0  0
12.625  3.04734  0  0
12.625  3.07876  0  0
12.625  3.11018  0  0
12.75  0  0  0
12.75  0.0314159  0  0
12.75  0.0628319  0  0
12.75  0.0942478  0  0
12.75  0.125664  0  0
12.75  0.15708  0  0
12.75  0.188496  0  0
12.75  0.219911  0  0
12.75  0.251327  0  0
12.75  0.282743  0  0
12.75  0.314159  0  0
12.75  0.345575  0  0
12.75  0.376991  0  0
12.75  0.408407  0  0
12.75  0.439823  0  0
12.75  0.471239  0  0
12.75  0.502655  0  0
12.75  0.534071  0  0
12.75  0.565487  0  0
12.75  0.596903  0  0
12.75  0.628319  0  0
12.75  0.659734  0  0
12.75  0.69115  0  0
12.75  0.722566  0  0
12.75  0.753982  0  0
12.75  0.785398  0  0
12.75  0.816814  0  0
12.75  0.84823  0  0
12.75  0.879646  0  0
12.75  0.911062  0  0
12.75  0.942478  0  0
12.75  0.973894  0  0
12.75  1.00531  0  0
12.75  1.03673  0  0
12.75  1.06814  0  0
12.75  1.09956  0  0
12.75  1.13097  0  0
12.75  1.16239  0  0
12.75  1.19381  0  0
12.75  1.22522  0  0
12.75  1.25664  0  0
12.75  1.28805  0  0
12.75  1.31947  0  0
12.75  1.35088  0  0
12.75  1.3823  0  0
12.75  1.41372  0  0
12.75  1.44513  0  0
12.75  1.47655  0  0
12.75  1.50796  0  0
12.75  1.53938  0  0
12.75  1.5708  0  0
12.75  1.60221  0  0
12.75  1.63363  0  0
12.75  1.66504  0  0
12.75  1.69646  0  0
12.75  1.72788  0  0
12.75  1.75929  0  0
12.75  1.79071  0  0
12.75  1.82212  0  0
12.75  1.85354  0  0
12.75  1.88496  0  0
12.75  1.91637  0  0
12.75  1.94779  0  0
12.75  1.9792  0  0
12.75  2.01062  0  0
12.75  2.04204  0  0
12.75  2.07345  0  0
12.75  2.10487  0  0
12.75  2.13628  0  0
12.75  2.1677  0  0
12.75  2.19911  0  0
12.75  2.23053  0  0
12.75  2.26195  0  0
12.75  2.29336  0  0
12.75  2.32478  0  0
12.75  2.35619  0  0
12.75  2.38761  0  0
12.75  2.41903  0  0
12.75  2.45044  0  0
12.75  2.48186  0  0
12.75  2.51327  0  0
12.75  2.54469  0  0
12.75  2.57611  0  0
12.75  2.60752  0  0
12.75  2.63894  0  0
12.75  2.67035  0  0
12.75  2.70177  0  0
12.75  2.73319  0  0
12.75  2.7646  0  0
12.75  2.79602  0  0
12.75  2.82743  0  0
12.75  2.85885  0  0
12.75  2.89027  0  0
12.75  2.92168  0  0
12.75  2.9531  0  0
12.75  2.98451  0  0
12.75  3.01593  0  0
12.75  3.04734  0  0
12.75  3.07876  0  0
12.75  3.11018  0  0
12.875  0  0  0
12.875  0.0314159  0  0
12.875  0.0628319  0  0
12.875  0.0942478  0  0
12.875  0.125664  0  0
12.875  0.15708  0  0
12.875  0.188496  0  0
12.875  0.219911  0  0
12.875  0.251327  0  0
12.875  0.282743  0  0
12.875  0.314159  0  0
12.875  0.345575  0  0
12.875  0.376991  0  0
12.875  0.408407  0  0
12.875  0.439823  0  0
12.875  0.471239  0  0
12.875  0.502655  0  0
12.875  0.534071  0  0
12.875  0.565487  0  0
12.875  0.596903  0  0
12.875  0.628319  0  0
12.875  0.659734  0  0
12.875  0.69115  0  0
12.875  0.722566  0  0
12.875  0.753982  0  0
12.875  0.785398  0  0
12.875  0.816814  0  0
12.875  0.84823  0  0
12.875  0.879646  0  0
12.875  0.911062  0  0
12.875  0.942478  0  0
12.875  0.973894  0  0
12.875  1.00531  0  0
12.875  1.03673  0  0
12.875  1.06814  0  0
12.875  1.09956  0  0
12.875  1.13097  0  0
12.875  1.16239  0  0
12.875  1.19381  0  0
12.875  1.22522  0  0
12.875  1.25664  0  0
12.875  1.28805  0  0
12.875  1.31947  0  0
12.875  1.35088  0  0
12.875  1.3823  0  0
12.875  1.41372  0  0
12.875  1.44513  0  0
12.875  1.47655  0  0
12.875  1.50796  0  0
12.875  1.53938  0  0
12.875  1.5708  0  0
12.875  1.60221  0  0
12.875  1.63363  0  0
12.875  1.66504  0  0
12.875  1.69646  0  0
12.875  1.72788  0  0
12.875  1.75929  0  0
12.875  1.79071  0  0
12.875  1.82212  0  0
12.875  1.85354  0  0
12.875  1.88496  0  0
12.875  1.91637  0  0
12.875  1.94779  0  0
12.875  1.9792  0  0
12.875  2.01062  0  0
12.875  2.04204  0  0
12.875  2.07345  0  0
12.875  2.10487  0  0
12.875  2.13628  0  0
12.875  2.1677  0  0
12.875  2.19911  0  0
12.875  2.23053  0  0
12.875  2.26195  0  0
12.875  2.29336  0  0
12.875  2.32478  0  0
12.875  2.35619  0  0
12.875  2.38761  0  0
12.875  2.41903  0  0
12.875  2.45044  0  0
12.875  2.48186  0  0
12.875  2.51327  0  0
12.875  2.54469  0  0
12.875  2.57611  0  0
12.875  2.60752  0  0
12.875  2.63894  0  0
12.875  2.67035  0  0
12.875  2.70177  0  0
12.875  2.73319  0  0
12.875  2.7646  0  0
12.875  2.79602  0  0
12.875  2.82743  0  0
12.875  2.85885  0  0
12.875  2.89027  0  0
12.875  2.92168  0  0
12.875  2.9531  0  0
12.875  2.98451  0  0
12.875  3.01593  0  0
12.875  3.04734  0  0
12.875  3.07876  0  0
12.875  3.11018  0  0
13  0  0  0
13  0.0314159  0  0
13  0.0628319  0  0
13  0.0942478  0  0
13  0.125664  0  0
13  0.15708  0  0
13  0.188496  0  0
13  0.219911  0  0
13  0.251327  0  0
13  0.282743  0  0
13  0.314159  0  0
13  0.345575  0  0
13  0.376991  0  0
13  0.408407  0  0
13  0.439823  0  0
13  0.471239  0  0
13  0.502655  0  0
13  0.534071  0  0
13  0.565487  0  0
13  0.596903  0  0
13  0.628319  0  0
13  0.659734  0  0
13  0.69115  0  0
13  0.722566  0  0
13  0.753982  0  0
13  0.785398  0  0
13  0.816814  0  0
13  0.84823  0  0
13  0.879646  0  0
13  0.911062  0  0
13  0.942478  0  0
13  0.973894  0  0
13  1.00531  0  0
13  1.03673  0  0
13  1.06814  0  0
13  1.09956  0  0
13  1.13097  0  0
13  1.16239  0  0
13  1.19381  0  0
13  1.22522  0  0
13  1.25664  0  0
13  1.28805  0  0
13  1.31947  0  0
13  1.35088  0  0
13  1.3823  0  0
13  1.41372  0  0
13  1.44513  0  0
13  1.47655  0  0
13  1.50796  0  0
13  1.53938  0  0
13  1.5708  0  0
13  1.60221  0  0
13  1.63363  0  0
13  1.66504  0  0
13  1.69646  0  0
13  1.72788  0  0
13  1.75929  0  0
13  1.79071  0  0
13  1.82212  0  0
13  1.85354  0  0
13  1.88496  0  0
13  1.91637  0  0
13  1.94779  0  0
13  1.9792  0  0
13  2.01062  0  0
13  2.04204  0  0
13  2.07345  0  0
13  2.10487  0  0
13  2.13628  0  0
13  2.1677  0  0
13  2.19911  0  0
13  2.23053  0  0
13  2.26195  0  0
13  2.29336  0  0
13  2.32478  0  0
13  2.35619  0  0
13  2.38761  0  0
13  2.41903  0  0
13  2.45044  0  0
13  2.48186  0  0
13  2.51327  0  0
13  2.54469  0  0
13  2.57611  0  0
13  2.60752  0  0
13  2.63894  0  0
13  2.67035  0  0
13  2.70177  0  0
13  2.73319  0  0
13  2.7646  0  0
13  2.79602  0  0
13  2.82743  0  0
13  2.85885  0  0
13  2.89027  0  0
13  2.92168  0  0
13  2.9531  0  0
13  2.98451  0  0
13  3.01593  0  0
13  3.04734  0  0
13  3.07876  0  0
13  3.11018  0  0
13.125  0  0  0
13.125  0.0314159  0  0
13.125  0.0628319  0  0
13.125  0.0942478  0  0
13.125  0.125664  0  0
13.125  0.15708  0  0
13.125  0.188496  0  0
13.125  0.219911  0  0
13.125  0.251327  0  0
13.125  0.282743  0  0
13.125  0.314159  0  0
13.125  0.345575  0  0
13.125  0.376991  0  0
13.125  0.408407  0  0
13.125  0.439823  0  0
13.125  0.471239  0  0
13.125  0.502655  0  0
13.125  0.534071  0  0
13.125  0.565487  0  0
13.125  0.596903  0  0
13.125  0.628319  0  0
13.125  0.659734  0  0
13.125  0.69115  0  0
13.125  0.722566  0  0
13.125  0.753982  0  0
13.125  0.785398  0  0
13.125  0.816814  0  0
13.125  0.84823  0  0
13.125  0.879646  0  0
13.125  0.911062  0  0
13.125  0.942478  0  0
13.125  0.973894  0  0
13.125  1.00531  0  0
13.125  1.03673  0  0
13.125  1.06814  0  0
13.125  1.09956  0  0
13.125  1.13097  0  0
13.125  1.16239  0  0
13.125  1.19381  0  0
13.125  1.22522  0  0
13.125  1.25664  0  0
13.125  1.28805  0  0
13.125  1.31947  0  0
13.125  1.35088  0  0
13.125  1.3823  0  0
13.125  1.41372  0  0
13.125  1.44513  0  0
13.125  1.47655  0  0
13.125  1.50796  0  0
13.125  1.53938  0  0
13.125  1.5708  0  0
13.125  1.60221  0  0
13.125  1.63363  0  0
13.125  1.66504  0  0
13.125  1.69646  0  0
13.125  1.72788  0  0
13.125  1.75929  0  0
13.125  1.79071  0  0
13.125  1.82212  0  0
13.125  1.85354  0  0
13.125  1.88496  0  0
13.125  1.91637  0  0
13.125  1.94779  0  0
13.125  1.9792  0  0
13.125  2.01062  0  0
13.125  2.04204  0  0
13.125  2.07345  0  0
13.125  2.10487  0  0
13.125  2.13628  0  0
13.125  2.1677  0  0
13.125  2.19911  0  0
13.125  2.23053  0  0
13.125  2.26195  0  0
13.125  2.29336  0  0
13.125  2.32478  0  0
13.125  2.35619  0  0
13.125  2.38761  0  0
13.125  2.41903  0  0
13.125  2.45044  0  0
13.125  2.48186  0  0
13.125  2.51327  0  0
13.125  2.54469  0  0
13.125  2.57611  0  0
13.125  2.60752  0  0
13.125  2.63894  0  0
13.125  2.67035  0  0
13.125  2.70177  0  0
13.125  2.73319  0  0
13.125  2.7646  0  0
13.125  2.79602  0  0
13.125  2.82743  0  0
13.125  2.85885  0  0
13.125  2.89027  0  0
13.125  2.92168  0  0
13.125  2.9531  0  0
13.125  2.98451  0  0
13.125  3.01593  0  0
13.125  3.04734  0  0
13.125  3.07876  0  0
13.125  3.11018  0  0
13.25  0  0  0
13.25  0.0314159  0  0
13.25  0.0628319  0  0
13.25  0.0942478  0  0
13.25  0.125664  0  0
13.25  0.15708  0  0
13.25  0.188496  0  0
13.25  0.219911  0  0
13.25  0.251327  0  0
13.25  0.282743  0  0
13.25  0.314159  0  0
13.25  0.345575  0  0
13.25  0.376991  0  0
13.25  0.408407  0  0
13.25  0.439823  0  0
13.25  0.471239  0  0
13.25  0.502655  0  0
13.25  0.534071  0  0
13.25  0.565487  0  0
13.25  0.596903  0  0
13.25  0.628319  0  0
13.25  0.659734  0  0
13.25  0.69115  0  0
13.25  0.722566  0  0
13.25  0.753982  0  0
13.25  0.785398  0  0
13.25  0.816814  0  0
13.25  0.84823  0  0
13.25  0.879646  0  0
13.25  0.911062  0  0
13.25  0.942478  0  0
13.25  0.973894  0  0
13.25  1.00531  0  0
13.25  1.03673  0  0
13.25  1.06814  0  0
13.25  1.09956  0  0
13.25  1.13097  0  0
13.25  1.16239  0  0
13.25  1.19381  0  0
13.25  1.22522  0  0
13.25  1.25664  0  0
13.25  1.28805  0  0
13.25  1.31947  0  0
13.25  1.35088  0  0
13.25  1.3823  0  0
13.25  1.41372  0  0
13.25  1.44513  0  0
13.25  1.47655  0  0
13.25  1.50796  0  0
13.25  1.53938  0  0
13.25  1.5708  0  0
13.25  1.60221  0  0
13.25  1.63363  0  0
13.25  1.66504  0  0
13.25  1.69646  0  0
13.25  1.72788  0  0
13.25  1.75929  0  0
13.25  1.79071  0  0
13.25  1.82212  0  0
13.25  1.85354  0  0
13.25  1.88496  0  0
13.25  1.91637  0  0
13.25  1.94779  0  0
13.25  1.9792  0  0
13.25  2.01062  0  0
13.25  2.04204  0  0
13.25  2.07345  0  0
13.25  2.10487  0  0
13.25  2.13628  0  0
13.25  2.1677  0  0
13.25  2.19911  0  0
13.25  2.23053  0  0
13.25  2.26195  0  0
13.25  2.29336  0  0
13.25  2.32478  0  0
13.25  2.35619  0  0
13.25  2.38761  0  0
13.25  2.41903  0  0
13.25  2.45044  0  0
13.25  2.48186  0  0
13.25  2.51327  0  0
13.25  2.54469  0  0
13.25  2.57611  0  0
13.25  2.60752  0  0
13.25  2.63894  0  0
13.25  2.67035  0  0
13.25  2.70177  0  0
13.25  2.73319  0  0
13.25  2.7646  0  0
13.25  2.79602  0  0
13.25  2.82743  0  0
13.25  2.85885  0  0
13.25  2.89027  0  0
13.25  2.92168  0  0
13.25  2.9531  0  0
13.25  2.98451  0  0
13.25  3.01593  0  0
13.25  3.04734  0  0
13.25  3.07876  0  0
13.25  3.11018  0  0
13.375  0  0  0
13.375  0.0314159  0  0
13.375  0.0628319  0  0
13.375  0.0942478  0  0
13.375  0.125664  0  0
13.375  0.15708  0  0
13.375  0.188496  0  0
13.375  0.219911  0  0
13.375  0.251327  0  0
13.375  0.282743  0  0
13.375  0.314159  0  0
13.375  0.345575  0  0
13.375  0.376991  0  0
13.375  0.408407  0  0
13.375  0.439823  0  0
13.375  0.471239  0  0
13.375  0.502655  0  0
13.375  0.534071  0  0
13.375  0.565487  0  0
13.375  0.596903  0  0
13.375  0.628319  0  0
13.375  0.659734  0  0
13.375  0.69115  0  0
13.375  0.722566  0  0
13.375  0.753982  0  0
13.375  0.785398  0  0
13.375  0.816814  0  0
13.375  0.84823  0  0
13.375  0.879646  0  0
13.375  0.911062  0  0
13.375  0.942478  0  0
13.375  0.973894  0  0
13.375  1.00531  0  0
13.375  1.03673  0  0
13.375  1.06814  0  0
13.375  1.09956  0  0
13.375  1.13097  0  0
13.375  1.16239  0  0
13.375  1.19381  0  0
13.375  1.22522  0  0
13.375  1.25664  0  0
13.375  1.28805  0  0
13.375  1.31947  0  0
13.375  1.35088  0  0
13.375  1.3823  0  0
13.375  1.41372  0  0
13.375  1.44513  0  0
13.375  1.47655  0  0
13.375  1.50796  0  0
13.375  1.53938  0  0
13.375  1.5708  0  0
13.375  1.60221  0  0
13.375  1.63363  0  0
13.375  1.66504  0  0
13.375  1.69646  0  0
13.375  1.72788  0  0
13.375  1.75929  0  0
13.375  1.79071  0  0
13.375  1.82212  0  0
13.375  1.85354  0  0
13.375  1.88496  0  0
13.375  1.91637  0  0
13.375  1.94779  0  0
13.375  1.9792  0  0
13.375  2.01062  0  0
13.375  2.04204  0  0
13.375  2.07345  0  0
13.375  2.10487  0  0
13.375  2.13628  0  0
13.375  2.1677  0  0
13.375  2.19911  0  0
13.375  2.23053  0  0
13.375  2.26195  0  0
13.375  2.29336  0  0
13.375  2.32478  0  0
13.375  2.35619  0  0
13.375  2.38761  0  0
13.375  2.41903  0  0
13.375  2.45044  0  0
13.375  2.48186  0  0
13.375  2.51327  0  0
13.375  2.54469  0  0
13.375  2.57611  0  0
13.375  2.60752  0  0
13.375  2.63894  0  0
13.375  2.67035  0  0
13.375  2.70177  0  0
13.375  2.73319  0  0
13.375  2.7646  0  0
13.375  2.79602  0  0
13.375  2.82743  0  0
13.375  2.85885  0  0
13.375  2.89027  0  0
13.375  2.92168  0  0
13.375  2.9531  0  0
13.375  2.98451  0  0
13.375  3.01593  0  0
13.375  3.04734  0  0
13.375  3.07876  0  0
13.375  3.11018  0  0
13.5  0  0  0
13.5  0.0314159  0  0
13.5  0.0628319  0  0
13.5  0.0942478  0  0
13.5  0.125664  0  0
13.5  0.15708  0  0
13.5  0.188496  0  0
13.5  0.219911  0  0
13.5  0.251327  0  0
13.5  0.282743  0  0
13.5  0.314159  0  0
13.5  0.345575  0  0
13.5  0.376991  0  0
13.5  0.408407  0  0
13.5  0.439823  0  0
13.5  0.471239  0  0
13.5  0.502655  0  0
13.5  0.534071  0  0
13.5  0.565487  0  0
13.5  0.596903  0  0
13.5  0.628319  0  0
13.5  0.659734  0  0
13.5  0.69115  0  0
13.5  0.722566  0  0
13.5  0.753982  0  0
13.5  0.785398  0  0
13.5  0.816814  0  0
13.5  0.84823  0  0
13.5  0.879646  0  0
13.5  0.911062  0  0
13.5  0.942478  0  0
13.5  0.973894  0  0
13.5  1.00531  0  0
13.5  1.03673  0  0
13.5  1.06814  0  0
13.5  1.09956  0  0
13.5  1.13097  0  0
13.5  1.16239  0  0
13.5  1.19381  0  0
13.5  1.22522  0  0
13.5  1.25664  0  0
13.5  1.28805  0  0
13.5  1.31947  0  0
13.5  1.35088  0  0
13.5  1.3823  0  0
13.5  1.41372  0  0
13.5  1.44513  0  0
13.5  1.47655  0  0
13.5  1.50796  0  0
13.5  1.53938  0  0
13.5  1.5708  0  0
13.5  1.60221  0  0
13.5  1.63363  0  0
13.5  1.66504  0  0
13.5  1.69646  0  0
13.5  1.72788  0  0
13.5  1.75929  0  0
13.5  1.79071  0  0
13.5  1.82212  0  0
13.5  1.85354  0  0
13.5  1.88496  0  0
13.5  1.91637  0  0
13.5  1.94779  0  0
13.5  1.9792  0  0
13.5  2.01062  0  0
13.5  2.04204  0  0
13.5  2.07345  0  0
13.5  2.10487  0  0
13.5  2.13628  0  0
13.5  2.1677  0  0
13.5  2.19911  0  0
13.5  2.23053  0  0
13.5  2.26195  0  0
13.5  2.29336  0  0
13.5  2.32478  0  0
13.5  2.35619  0  0
13.5  2.38761  0  0
13.5  2.41903  0  0
13.5  2.45044  0  0
13.5  2.48186  0  0
13.5  2.51327  0  0
13.5  2.54469  0  0
13.5  2.57611  0  0
13.5  2.60752  0  0
13.5  2.63894  0  0
13.5  2.67035  0  0
13.5  2.70177  0  0
13.5  2.73319  0  0
13.5  2.7646  0  0
13.5  2.79602  0  0
13.5  2.82743  0  0
13.5  2.85885  0  0
13.5  2.89027  0  0
13.5  2.92168  0  0
13.5  2.9531  0  0
13.5  2.98451  0  0
13.5  3.01593  0  0
13.5  3.04734  0  0
13.5  3.07876  0  0
13.5  3.11018  0  0
13.625  0  0  0
13.625  0.0314159  0  0
13.625  0.0628319  0  0
13.625  0.0942478  0  0
13.625  0.125664  0  0
13.625  0.15708  0  0
13.625  0.188496  0  0
13.625  0.219911  0  0
13.625  0.251327  0  0
13.625  0.282743  0  0
13.625  0.314159  0  0
13.625  0.345575  0  0
13.625  0.376991  0  0
13.625  0.408407  0  0
13.625  0.439823  0  0
13.625  0.471239  0  0
13.625  0.502655  0  0
13.625  0.534071  0  0
13.625  0.565487  0  0
13.625  0.596903  0  0
13.625  0.628319  0  0
13.625  0.659734  0  0
13.625  0.69115  0  0
13.625  0.722566  0  0
13.625  0.753982  0  0
13.625  0.785398  0  0
13.625  0.816814  0  0
13.625  0.84823  0  0
13.625  0.879646  0  0
13.625  0.911062  0  0
13.625  0.942478  0  0
13.625  0.973894  0  0
13.625  1.00531  0  0
13.625  1.03673  0  0
13.625  1.06814  0  0
13.625  1.09956  0  0
13.625  1.13097  0  0
13.625  1.16239  0  0
13.625  1.19381  0  0
13.625  1.22522  0  0
13.625  1.25664  0  0
13.625  1.28805  0  0
13.625  1.31947  0  0
13.625  1.35088  0  0
13.625  1.3823  0  0
13.625  1.41372  0  0
13.625  1.44513  0  0
13.625  1.47655  0  0
13.625  1.50796  0  0
13.625  1.53938  0  0
13.625  1.5708  0  0
13.625  1.60221  0  0
13.625  1.63363  0  0
13.625  1.66504  0  0
13.625  1.69646  0  0
13.625  1.72788  0  0
13.625  1.75929  0  0
13.625  1.79071  0  0
13.625  1.82212  0  0
13.625  1.85354  0  0
13.625  1.88496  0  0
13.625  1.91637  0  0
13.625  1.94779  0  0
13.625  1.9792  0  0
13.625  2.01062  0  0
13.625  2.04204  0  0
13.625  2.07345  0  0
13.625  2.10487  0  0
13.625  2.13628  0  0
13.625  2.1677  0  0
13.625  2.19911  0  0
13.625  2.23053  0  0
13.625  2.26195  0  0
13.625  2.29336  0  0
13.625  2.32478  0  0
13.625  2.35619  0  0
13.625  2.38761  0  0
13.625  2.41903  0  0
13.625  2.45044  0  0
13.625  2.48186  0  0
13.625  2.51327  0  0
13.625  2.54469  0  0
13.625  2.57611  0  0
13.625  2.60752  0  0
13.625  2.63894  0  0
13.625  2.67035  0  0
13.625  2.70177  0  0
13.625  2.73319  0  0
13.625  2.7646  0  0
13.625  2.79602  0  0
13.625  2.82743  0  0
13.625  2.85885  0  0
13.625  2.89027  0  0
13.625  2.92168  0  0
13.625  2.9531  0  0
13.625  2.98451  0  0
13.625  3.01593  0  0
13.625  3.04734  0  0
13.625  3.07876  0  0
13.625  3.11018  0  0
13.75  0  0  0
13.75  0.0314159  0  0
13.75  0.0628319  0  0
13.75  0.0942478  0  0
13.75  0.125664  0  0
13.75  0.15708  0  0
13.75  0.188496  0  0
13.75  0.219911  0  0
13.75  0.251327  0  0
13.75  0.282743  0  0
13.75  0.314159  0  0
13.75  0.345575  0  0
13.75  0.376991  0  0
13.75  0.408407  0  0
13.75  0.439823  0  0
13.75  0.471239  0  0
13.75  0.502655  0  0
13.75  0.534071  0  0
13.75  0.565487  0  0
13.75  0.596903  0  0
13.75  0.628319  0  0
13.75  0.659734  0  0
13.75  0.69115  0  0
13.75  0.722566  0  0
13.75  0.753982  0  0
13.75  0.785398  0  0
13.75  0.816814  0  0
13.75  0.84823  0  0
13.75  0.879646  0  0
13.75  0.911062  0  0
13.75  0.942478  0  0
13.75  0.973894  0  0
13.75  1.00531  0  0
13.75  1.03673  0  0
13.75  1.06814  0  0
13.75  1.09956  0  0
13.75  1.13097  0  0
13.75  1.16239  0  0
13.75  1.19381  0  0
13.75  1.22522  0  0
13.75  1.25664  0  0
13.75  1.28805  0  0
13.75  1.31947  0  0
13.75  1.35088  0  0
13.75  1.3823  0  0
13.75  1.41372  0  0
13.75  1.44513  0  0
13.75  1.47655  0  0
13.75  1.50796  0  0
13.75  1.53938  0  0
13.75  1.5708  0  0
13.75  1.60221  0  0
13.75  1.63363  0  0
13.75  1.66504  0  0
13.75  1.69646  0  0
13.75  1.72788  0  0
13.75  1.75929  0  0
13.75  1.79071  0  0
13.75  1.82212  0  0
13.75  1.85354  0  0
13.75  1.88496  0  0
13.75  1.91637  0  0
13.75  1.94779  0  0
13.75  1.9792  0  0
13.75  2.01062  0  0
13.75  2.04204  0  0
13.75  2.07345  0  0
13.75  2.10487  0  0
13.75  2.13628  0  0
13.75  2.1677  0  0
13.75  2.19911  0  0
13.75  2.23053  0  0
13.75  2.26195  0  0
13.75  2.29336  0  0
13.75  2.32478  0  0
13.75  2.35619  0  0
13.75  2.38761  0  0
13.75  2.41903  0  0
13.75  2.45044  0  0
13.75  2.48186  0  0
13.75  2.51327  0  0
13.75  2.54469  0  0
13.75  2.57611  0  0
13.75  2.60752  0  0
13.75  2.63894  0  0
13.75  2.67035  0  0
13.75  2.70177  0  0
13.75  2.73319  0  0
13.75  2.7646  0  0
13.75  2.79602  0  0
13.75  2.82743  0  0
13.75  2.85885  0  0
13.75  2.89027  0  0
13.75  2.92168  0  0
13.75  2.9531  0  0
13.75  2.98451  0  0
13.75  3.01593  0  0
13.75  3.04734  0  0
13.75  3.07876  0  0
13.75  3.11018  0  0
13.875  0  0  0
13.875  0.0314159  0  0
13.875  0.0628319  0  0
13.875  0.0942478  0  0
13.875  0.125664  0  0
13.875  0.15708  0  0
13.875  0.188496  0  0
13.875  0.219911  0  0
13.875  0.251327  0  0
13.875  0.282743  0  0
13.875  0.314159  0  0
13.875  0.345575  0  0
13.875  0.376991  0  0
13.875  0.408407  0  0
13.875  0.439823  0  0
13.875  0.471239  0  0
13.875  0.502655  0  0
13.875  0.534071  0  0
13.875  0.565487  0  0
13.875  0.596903  0  0
13.875  0.628319  0  0
13.875  0.659734  0  0
13.875  0.69115  0  0
13.875  0.722566  0  0
13.875  0.753982  0  0
13.875  0.785398  0  0
13.875  0.816814  0  0
13.875  0.84823  0  0
13.875  0.879646  0  0
13.875  0.911062  0  0
13.875  0.942478  0  0
13.875  0.973894  0  0
13.875  1.00531  0  0
13.875  1.03673  0  0
13.875  1.06814  0  0
13.875  1.09956  0  0
13.875  1.13097  0  0
13.875  1.16239  0  0
13.875  1.19381  0  0
13.875  1.22522  0  0
13.875  1.25664  0  0
13.875  1.28805  0  0
13.875  1.31947  0  0
13.875  1.35088  0  0
13.875  1.3823  0  0
13.875  1.41372  0  0
13.875  1.44513  0  0
13.875  1.47655  0  0
13.875  1.50796  0  0
13.875  1.53938  0  0
13.875  1.5708  0  0
13.875  1.60221  0  0
13.875  1.63363  0  0
13.875  1.66504  0  0
13.875  1.69646  0  0
13.875  1.72788  0  0
13.875  1.75929  0  0
13.875  1.79071  0  0
13.875  1.82212  0  0
13.875  1.85354  0  0
13.875  1.88496  0  0
13.875  1.91637  0  0
13.875  1.94779  0  0
13.875  1.9792  0  0
13.875  2.01062  0  0
13.875  2.04204  0  0
13.875  2.07345  0  0
13.875  2.10487  0  0
13.875  2.13628  0  0
13.875  2.1677  0  0
13.875  2.19911  0  0
13.875  2.23053  0  0
13.875  2.26195  0  0
13.875  2.29336  0  0
13.875  2.32478  0  0
13.875  2.35619  0  0
13.875  2.38761  0  0
13.875  2.41903  0  0
13.875  2.45044  0  0
13.875  2.48186  0  0
13.875  2.51327  0  0
13.875  2.54469  0  0
13.875  2.57611  0  0
13.875  2.60752  0  0
13.875  2.63894  0  0
13.875  2.67035  0  0
13.875  2.70177  0  0
13.875  2.73319  0  0
13.875  2.7646  0  0
13.875  2.79602  0  0
13.875  2.82743  0  0
13.875  2.85885  0  0
13.875  2.89027  0  0
13.875  2.92168  0  0
13.875  2.9531  0  0
13.875  2.98451  0  0
13.875  3.01593  0  0
13.875  3.04734  0  0
13.875  3.07876  0  0
13.875  3.11018  0  0
14  0  0  0
14  0.0314159  0  0
14  0.0628319  0  0
14  0.0942478  0  0
14  0.125664  0  0
14  0.15708  0  0
14  0.188496  0  0
14  0.219911  0  0
14  0.251327  0  0
14  0.282743  0  0
14  0.314159  0  0
14  0.345575  0  0
14  0.376991  0  0
14  0.408407  0  0
14  0.439823  0  0
14  0.471239  0  0
14  0.502655  0  0
14  0.534071  0  0
14  0.565487  0  0
14  0.596903  0  0
14  0.628319  0  0
14  0.659734  0  0
14  0.69115  0  0
14  0.722566  0  0
14  0.753982  0  0
14  0.785398  0  0
14  0.816814  0  0
14  0.84823  0  0
14  0.879646  0  0
14  0.911062  0  0
14  0.942478  0  0
14  0.973894  0  0
14  1.00531  0  0
14  1.03673  0  0
14  1.06814  0  0
14  1.09956  0  0
14  1.13097  0  0
14  1.16239  0  0
14  1.19381  0  0
14  1.22522  0  0
14  1.25664  0  0
14  1.28805  0  0
14  1.31947  0  0
14  1.35088  0  0
14  1.3823  0  0
14  1.41372  0  0
14  1.44513  0  0
14  1.47655  0  0
14  1.50796  0  0
14  1.53938  0  0
14  1.5708  0.249952  2.22149
14  1.60221  0  0
14  1.63363  0  0
14  1.66504  0  0
14  1.69646  0  0
14  1.72788  0  0
14  1.75929  0  0
14  1.79071  0  0
14  1.82212  0  0
14  1.85354  0  0
14  1.88496  0  0
14  1.91637  0  0
14  1.94779  0  0
14  1.9792  0  0
14  2.01062  0  0
14  2.04204  0  0
14  2.07345  0  0
14  2.10487  0  0
14  2.13628  0  0
14  2.1677  0  0
14  2.19911  0  0
14  2.23053  0  0
14  2.26195  0  0
14  2.29336  0  0
14  2.32478  0  0
14  2.35619  0  0
14  2.38761  0  0
14  2.41903  0  0
14  2.45044  0  0
14  2.48186  0  0
14  2.51327  0  0
14  2.54469  0  0
14  2.57611  0  0
14  2.60752  0  0
14  2.63894  0  0
14  2.67035  0  0
14  2.70177  0  0
14  2.73319  0  0
14  2.7646  0  0
14  2.79602  0  0
14  2.82743  0  0
14  2.85885  0  0
14  2.89027  0  0
14  2.92168  0  0
14  2.9531  0  0
14  2.98451  0  0
14  3.01593  0  0
14  3.04734  0  0
14  3.07876  0  0
14  3.11018  0  0
14.125  0  0  0
14.125  0.0314159  0  0
14.125  0.0628319  0  0
14.125  0.0942478  0  0
14.125  0.125664  0  0
14.125  0.15708  0  0
14.125  0.188496  0  0
14.125  0.219911  0  0
14.125  0.251327  0  0
14.125  0.282743  0  0
14.125  0.314159  0  0
14.125  0.345575  0  0
14.125  0.376991  0  0
14.125  0.408407  0  0
14.125  0.439823  0  0
14.125  0.471239  0  0
14.125  0.502655  0  0
14.125  0.534071  0  0
14.125  0.565487  0  0
14.125  0.596903  0  0
14.125  0.628319  0  0
14.125  0.659734  0  0
14.125  0.69115  0  0
14.125  0.722566  0  0
14.125  0.753982  0  0
14.125  0.785398  0  0
14.125  0.816814  0  0
14.125  0.84823  0  0
14.125  0.879646  0  0
14.125  0.911062  0  0
14.125  0.942478  0  0
14.125  0.973894  0  0
14.125  1.00531  0  0
14.125  1.03673  0  0
14.125  1.06814  0  0
14.125  1.09956  0  0
14.125  1.13097  0  0
14.125  1.16239  0  0
14.125  1.19381  0  0
14.125  1.22522  0  0
14.125  1.25664  0  0
14.125  1.28805  0  0
14.125  1.31947  0  0
14.125  1.35088  0  0
14.125  1.3823  0  0
14.125  1.41372  0  0
14.125  1.44513  0  0
14.125  1.47655  0  0
14.125  1.50796  0  0
14.125  1.53938  0  0
14.125  1.5708  0  0
14.125  1.60221  0  0
14.125  1.63363  0  0
14.125  1.66504  0  0
14.125  1.69646  0  0
14.125  1.72788  0  0
14.125  1.75929  0  0
14.125  1.79071  0  0
14.125  1.82212  0  0
14.125  1.85354  0  0
14.125  1.88496  0  0
14.125  1.91637  0  0
14.125  1.94779  0  0
14.125  1.9792  0  0
14.125  2.01062  0  0
14.125  2.04204  0  0
14.125  2.07345  0  0
14.125  2.10487  0  0
14.125  2.13628  0  0
14.125  2.1677  0  0
14.125  2.19911  0  0
14.125  2.23053  0  0
14.125  2.26195  0  0
14.125  2.29336  0  0
14.125  2.32478  0  0
14.125  2.35619  0  0
14.125  2.38761  0  0
14.125  2.41903  0  0
14.125  2.45044  0  0
14.125  2.48186  0  0
14.125  2.51327  0  0
14.125  2.54469  0  0
14.125  2.57611  0  0
14.125  2.60752  0  0
14.125  2.63894  0  0
14.125  2.67035  0  0
14.125  2.70177  0  0
14.125  2.73319  0  0
14.125  2.7646  0  0
14.125  2.79602  0  0
14.125  2.82743  0  0
14.125  2.85885  0  0
14.125  2.89027  0  0
14.125  2.92168  0  0
14.125  2.9531  0  0
14.125  2.98451  0  0
14.125  3.01593  0  0
14.125  3.04734  0  0
14.125  3.07876  0  0
14.125  3.11018  0  0
14.25  0  0  0
14.25  0.0314159  0  0
14.25  0.0628319  0  0
14.25  0.0942478  0  0
14.25  0.125664  0  0
14.25  0.15708  0  0
14.25  0.188496  0  0
14.25  0.219911  0  0
14.25  0.251327  0  0
14.25  0.282743  0  0
14.25  0.314159  0  0
14.25  0.345575  0  0
14.25  0.376991  0  0
14.25  0.408407  0  0
14.25  0.439823  0  0
14.25  0.471239  0  0
14.25  0.502655  0  0
14.25  0.534071  0  0
14.25  0.565487  0  0
14.25  0.596903  0  0
14.25  0.628319  0  0
14.25  0.659734  0  0
14.25  0.69115  0  0
14.25  0.722566  0  0
14.25  0.753982  0  0
14.25  0.785398  0  0
14.25  0.816814  0  0
14.25  0.84823  0  0
14.25  0.879646  0  0
14.25  0.911062  0  0
14.25  0.942478  0  0
14.25  0.973894  0  0
14.25  1.00531  0  0
14.25  1.03673  0  0
14.25  1.06814  0  0
14.25  1.09956  0  0
14.25  1.13097  0  0
14.25  1.16239  0  0
14.25  1.19381  0  0
14.25  1.22522  0  0
14.25  1.25664  0  0
14.25  1.28805  0  0
14.25  1.31947  0  0
14.25  1.35088  0  0
14.25  1.3823  0  0
14.25  1.41372  0  0
14.25  1.44513  0  0
14.25  1.47655  0  0
14.25  1.50796  0  0
14.25  1.53938  0  0
14.25  1.5708  0  0
14.25  1.60221  0  0
14.25  1.63363  0  0
14.25  1.66504  0  0
14.25  1.69646  0  0
14.25  1.72788  0  0
14.25  1.75929  0  0
14.25  1.79071  0  0
14.25  1.82212  0  0
14.25  1.85354  0  0
14.25  1.88496  0  0
14.25  1.91637  0  0
14.25  1.94779  0  0
14.25  1.9792  0  0
14.25  2.01062  0  0
14.25  2.04204  0  0
14.25  2.07345  0  0
14.25  2.10487  0  0
14.25  2.13628  0  0
14.25  2.1677  0  0
14.25  2.19911  0  0
14.25  2.23053  0  0
14.25  2.26195  0  0
14.25  2.29336  0  0
14.25  2.32478  0  0
14.25  2.35619  0  0
14.25  2.38761  0  0
14.25  2.41903  0  0
14.25  2.45044  0  0
14.25  2.48186  0  0
14.25  2.51327  0  0
14.25  2.54469  0  0
14.25  2.57611  0  0
14.25  2.60752  0  0
14.25  2.63894  0  0
14.25  2.67035  0  0
14.25  2.70177  0  0
14.25  2.73319  0  0
14.25  2.7646  0  0
14.25  2.79602  0  0
14.25  2.82743  0  0
14.25  2.85885  0  0
14.25  2.89027  0  0
14.25  2.92168  0  0
14.25  2.9531  0  0
14.25  2.98451  0  0
14.25  3.01593  0  0
14.25  3.04734  0  0
14.25  3.07876  0  0
14.25  3.11018  0  0
14.375  0  0  0
14.375  0.0314159  0  0
14.375  0.0628319  0  0
14.375  0.0942478  0  0
14.375  0.125664  0  0
14.375  0.15708  0  0
14.375  0.188496  0  0
14.375  0.219911  0  0
14.375  0.251327  0  0
14.375  0.282743  0  0
14.375  0.314159  0  0
14.375  0.345575  0  0
14.375  0.376991  0  0
14.375  0.408407  0  0
14.375  0.439823  0  0
14.375  0.471239  0  0
14.375  0.502655  0  0
14.375  0.534071  0  0
14.375  0.565487  0  0
14.375  0.596903  0  0
14.375  0.628319  0  0
14.375  0.659734  0  0
14.375  0.69115  0  0
14.375  0.722566  0  0
14.375  0.753982  0  0
14.375  0.785398  0  0
14.375  0.816814  0  0
14.375  0.84823  0  0
14.375  0.879646  0  0
14.375  0.911062  0  0
14.375  0.942478  0  0
14.375  0.973894  0  0
14.375  1.00531  0  0
14.375  1.03673  0  0
14.375  1.06814  0  0
14.375  1.09956  0  0
14.375  1.13097  0  0
14.375  1.16239  0  0
14.375  1.19381  0  0
14.375  1.22522  0  0
14.375  1.25664  0  0
14.375  1.28805  0  0
14.375  1.31947  0  0
14.375  1.35088  0  0
14.375  1.3823  0  0
14.375  1.41372  0  0
14.375  1.44513  0  0
14.375  1.47655  0  0
14.375  1.50796  0  0
14.375  1.53938  0  0
14.375  1.5708  0  0
14.375  1.60221  0  0
14.375  1.63363  0  0
14.375  1.66504  0  0
14.375  1.69646  0  0
14.375  1.72788  0  0
14.375  1.75929  0  0
14.375  1.79071  0  0
14.375  1.82212  0  0
14.375  1.85354  0  0
14.375  1.88496  0  0
14.375  1.91637  0  0
14.375  1.94779  0  0
14.375  1.9792  0  0
14.375  2.01062  0  0
14.375  2.04204  0  0
14.375  2.07345  0  0
14.375  2.10487  0  0
14.375  2.13628  0  0
14.375  2.1677  0  0
14.375  2.19911  0  0
14.375  2.23053  0  0
14.375  2.26195  0  0
14.375  2.29336  0  0
14.375  2.32478  0  0
14.375  2.35619  0  0
14.375  2.38761  0  0
14.375  2.41903  0  0
14.375  2.45044  0  0
14.375  2.48186  0  0
14.375  2.51327  0  0
14.375  2.54469  0  0
14.375  2.57611  0  0
14.375  2.60752  0  0
14.375  2.63894  0  0
14.375  2.67035  0  0
14.375  2.70177  0  0
14.375  2.73319  0  0
14.375  2.7646  0  0
14.375  2.79602  0  0
14.375  2.82743  0  0
14.375  2.85885  0  0
14.375  2.89027  0  0
14.375  2.92168  0  0
14.375  2.9531  0  0
14.375  2.98451  0  0
14.375  3.01593  0  0
14.375  3.04734  0  0
14.375  3.07876  0  0
14.375  3.11018  0  0
14.5  0  0  0
14.5  0.0314159  0  0
14.5  0.0628319  0  0
14.5  0.0942478  0  0
14.5  0.125664  0  0
14.5  0.15708  0  0
14.5  0.188496  0  0
14.5  0.219911  0  0
14.5  0.251327  0  0
14.5  0.282743  0  0
14.5  0.314159  0  0
14.5  0.345575  0  0
14.5  0.376991  0  0
14.5  0.408407  0  0
14.5  0.439823  0  0
14.5  0.471239  0  0
14.5  0.502655  0  0
14.5  0.534071  0  0
14.5  0.565487  0  0
14.5  0.596903  0  0
14.5  0.628319  0  0
14.5  0.659734  0  0
14.5  0.69115  0  0
14.5  0.722566  0  0
14.5  0.753982  0  0
14.5  0.785398  0  0
14.5  0.816814  0  0
14.5  0.84823  0  0
14.5  0.879646  0  0
14.5  0.911062  0  0
14.5  0.942478  0  0
14.5  0.973894  0  0
14.5  1.00531  0  0
14.5  1.03673  0  0
14.5  1.06814  0  0
14.5  1.09956  0  0
14.5  1.13097  0  0
14.5  1.16239  0  0
14.5  1.19381  0  0
14.5  1.22522  0  0
14.5  1.25664  0  0
14.5  1.28805  0  0
14.5  1.31947  0  0
14.5  1.35088  0  0
14.5  1.3823  0  0
14.5  1.41372  0  0
14.5  1.44513  0  0
14.5  1.47655  0  0
14.5  1.50796  0  0
14.5  1.53938  0  0
14.5  1.5708  0  0
14.5  1.60221  0  0
14.5  1.63363  0  0
14.5  1.66504  0  0
14.5  1.69646  0  0
14.5  1.72788  0  0
14.5  1.75929  0  0
14.5  1.79071  0  0
14.5  1.82212  0  0
14.5  1.85354  0  0
14.5  1.88496  0  0
14.5  1.91637  0  0
14.5  1.94779  0  0
14.5  1.9792  0  0
14.5  2.01062  0  0
14.5  2.04204  0  0
14.5  2.07345  0  0
14.5  2.10487  0  0
14.5  2.13628  0  0
14.5  2.1677  0  0
14.5  2.19911  0  0
14.5  2.23053  0  0
14.5  2.26195  0  0
14.5  2.29336  0  0
14.5  2.32478  0  0
14.5  2.35619  0  0
14.5  2.38761  0  0
14.5  2.41903  0  0
14.5  2.45044  0  0
14.5  2.48186  0  0
14.5  2.51327  0  0
14.5  2.54469  0  0
14.5  2.57611  0  0
14.5  2.60752  0  0
14.5  2.63894  0  0
14.5  2.67035  0  0
14.5  2.70177  0  0
14.5  2.73319  0  0
14.5  2.7646  0  0
14.5  2.79602  0  0
14.5  2.82743  0  0
14.5  2.85885  0  0
14.5  2.89027  0  0
14.5  2.92168  0  0
14.5  2.9531  0  0
14.5  2.98451  0  0
14.5  3.01593  0  0
14.5  3.04734  0  0
14.5  3.07876  0  0
14.5  3.11018  0  0
14.625  0  0  0
14.625  0.0314159  0  0
14.625  0.0628319  0  0
14.625  0.0942478  0  0
14.625  0.125664  0  0
14.625  0.15708  0  0
14.625  0.188496  0  0
14.625  0.219911  0  0
14.625  0.251327  0  0
14.625  0.282743  0  0
14.625  0.314159  0  0
14.625  0.345575  0  0
14.625  0.376991  0  0
14.625  0.408407  0  0
14.625  0.439823  0  0
14.625  0.471239  0  0
14.625  0.502655  0  0
14.625  0.534071  0  0
14.625  0.565487  0  0
14.625  0.596903  0  0
14.625  0.628319  0  0
14.625  0.659734  0  0
14.625  0.69115  0  0
14.625  0.722566  0  0
14.625  0.753982  0  0
14.625  0.785398  0  0
14.625  0.816814  0  0
14.625  0.84823  0  0
14.625  0.879646  0  0
14.625  0.911062  0  0
14.625  0.942478  0  0
14.625  0.973894  0  0
14.625  1.00531  0  0
14.625  1.03673  0  0
14.625  1.06814  0  0
14.625  1.09956  0  0
14.625  1.13097  0  0
14.625  1.16239  0  0
14.625  1.19381  0  0
14.625  1.22522  0  0
14.625  1.25664  0  0
14.625  1.28805  0  0
14.625  1.31947  0  0
14.625  1.35088  0  0
14.625  1.3823  0  0
14.625  1.41372  0  0
14.625  1.44513  0  0
14.625  1.47655  0  0
14.625  1.50796  0.252745  1.76779
14.625  1.53938  0  0
14.625  1.5708  0  0
14.625  1.60221  0  0
14.625  1.63363  0  0
14.625  1.66504  0  0
14.625  1.69646  0  0
14.625  1.72788  0  0
14.625  1.75929  0  0
14.625  1.79071  0  0
14.625  1.82212  0  0
14.625  1.85354  0  0
14.625  1.88496  0  0
14.625  1.91637  0  0
14.625  1.94779  0  0
14.625  1.9792  0  0
14.625  2.01062  0  0
14.625  2.04204  0  0
14.625  2.07345  0  0
14.625  2.10487  0  0
14.625  2.13628  0  0
14.625  2.1677  0  0
14.625  2.19911  0  0
14.625  2.23053  0  0
14.625  2.26195  0  0
14.625  2.29336  0  0
14.625  2.32478  0  0
14.625  2.35619  0  0
14.625  2.38761  0  0
14.625  2.41903  0  0
14.625  2.45044  0  0
14.625  2.48186  0  0
14.625  2.51327  0  0
14.625  2.54469  0  0
14.625  2.57611  0  0
14.625  2.60752  0  0
14.625  2.63894  0  0
14.625  2.67035  0  0
14.625  2.70177  0  0
14.625  2.73319  0  0
14.625  2.7646  0  0
14.625  2.79602  0  0
14.625  2.82743  0  0
14.625  2.85885  0  0
14.625  2.89027  0  0
14.625  2.92168  0  0
14.625  2.9531  0  0
14.625  2.98451  0  0
14.625  3.01593  0  0
14.625  3.04734  0  0
14.625  3.07876  0  0
14.625  3.11018  0  0
14.75  0  0  0
14.75  0.0314159  0  0
14.75  0.0628319  0  0
14.75  0.0942478  0  0
14.75  0.125664  0  0
14.75  0.15708  0  0
14.75  0.188496  0  0
14.75  0.219911  0  0
14.75  0.251327  0  0
14.75  0.282743  0  0
14.75  0.314159  0  0
14.75  0.345575  0  0
14.75  0.376991  0  0
14.75  0.408407  0  0
14.75  0.439823  0  0
14.75  0.471239  0  0
14.75  0.502655  0  0
14.75  0.534071  0  0
14.75  0.565487  0  0
14.75  0.596903  0  0
14.75  0.628319  0  0
14.75  0.659734  0  0
14.75  0.69115  0  0
14.75  0.722566  0  0
14.75  0.753982  0  0
14.75  0.785398  0  0
14.75  0.816814  0  0
14.75  0.84823  0  0
14.75  0.879646  0  0
14.75  0.911062  0  0
14.75  0.942478  0  0
14.75  0.973894  0  0
14.75  1.00531  0  0
14.75  1.03673  0  0
14.75  1.06814  0  0
14.75  1.09956  0  0
14.75  1.13097  0  0
14.75  1.16239  0  0
14.75  1.19381  0  0
14.75  1.22522  0  0
14.75  1.25664  0  0
14.75  1.28805  0  0
14.75  1.31947  0  0
14.75  1.35088  0  0
14.75  1.3823  0  0
14.75  1.41372  0  0
14.75  1.44513  0  0
14.75  1.47655  0  0
14.75  1.50796  0.246515  2.25049
14.75  1.53938  0  0
14.75  1.5708  0  0
14.75  1.60221  2.22291  16.3114
14.75  1.63363  0.247646  1.9136
14.75  1.66504  0  0
14.75  1.69646  0  0
14.75  1.72788  0  0
14.75  1.75929  0  0
14.75  1.79071  0  0
14.75  1.82212  0  0
14.75  1.85354  0  0
14.75  1.88496  0  0
14.75  1.91637  0  0
14.75  1.94779  0  0
14.75  1.9792  0  0
14.75  2.01062  0  0
14.75  2.04204  0  0
14.75  2.07345  0  0
14.75  2.10487  0  0
14.75  2.13628  0  0
14.75  2.1677  0  0
14.75  2.19911  0  0
14.75  2.23053  0  0
14.75  2.26195  0  0
14.75  2.29336  0  0
14.75  2.32478  0  0
14.75  2.35619  0  0
14.75  2.38761  0  0
14.75  2.41903  0  0
14.75  2.45044  0  0
14.75  2.48186  0  0
14.75  2.51327  0  0
14.75  2.54469  0  0
14.75  2.57611  0  0
14.75  2.60752  0  0
14.75  2.63894  0  0
14.75  2.67035  0  0
14.75  2.70177  0  0
14.75  2.73319  0  0
14.75  2.7646  0  0
14.75  2.79602  0  0
14.75  2.82743  0  0
14.75  2.85885  0  0
14.75  2.89027  0  0
14.75  2.92168  0  0
14.75  2.9531  0  0
14.75  2.98451  0  0
14.75  3.01593  0  0
14.75  3.04734  0  0
14.75  3.07876  0  0
14.75  3.11018  0  0
14.875  0  0  0
14.875  0.0314159  0  0
14.875  0.0628319  0  0
14.875  0.0942478  0  0
14.875  0.125664  0  0
14.875  0.15708  0  0
14.875  0.188496  0  0
14.875  0.219911  0  0
14.875  0.251327  0  0
14.875  0.282743  0  0
14.875  0.314159  0  0
14.875  0.345575  0  0
14.875  0.376991  0  0
14.875  0.408407  0  0
14.875  0.439823  0  0
14.875  0.471239  0  0
14.875  0.502655  0  0
14.875  0.534071  0  0
14.875  0.565487  0  0
14.875  0.596903  0  0
14.875  0.628319  0  0
14.875  0.659734  0  0
14.875  0.69115  0  0
14.875  0.722566  0  0
14.875  0.753982  0  0
14.875  0.785398  0  0
14.875  0.816814  0  0
14.875  0.84823  0  0
14.875  0.879646  0  0
14.875  0.911062  0  0
14.875  0.942478  0  0
14.875  0.973894  0  0
14.875  1.00531  0  0
14.875  1.03673  0  0
14.875  1.06814  0  0
14.875  1.09956  0  0
14.875  1.13097  0  0
14.875  1.16239  0  0
14.875  1.19381  0  0
14.875  1.22522  0  0
14.875  1.25664  0  0
14.875  1.28805  0  0
14.875  1.31947  0  0
14.875  1.35088  0  0
14.875  1.3823  2.22291  16.3114
14.875  1.41372  61.6194  46.6313
14.875  1.44513  57.4257  53.2496
14.875  1.47655  63.9089  57.3903
14.875  1.50796  4.6086  3.26949
14.875  1.53938  10.9455  11.2438
14.875  1.5708  29.1545  56.3639
14.875  1.60221  6.5143  3.69093
14.875  1.63363  8.79984  10.3879
14.875  1.66504  1.05211  7.62075
14.875  1.69646  0  0
14.875  1.72788  0.252745  1.76779
14.875  1.75929  0  0
14.875  1.79071  0  0
14.875  1.82212  0  0
14.875  1.85354  0  0
14.875  1.88496  0  0
14.875  1.91637  0  0
14.875  1.94779  0  0
14.875  1.9792  0  0
14.875  2.01062  0  0
14.875  2.04204  0  0
14.875  2.07345  0  0
14.875  2.10487  0  0
14.875  2.13628  0  0
14.875  2.1677  0  0
14.875  2.19911  0  0
14.875  2.23053  0  0
14.875  2.26195  0  0
14.875  2.29336  0  0
14.875  2.32478  0  0
14.875  2.35619  0  0
14.875  2.38761  0  0
14.875  2.41903  0  0
14.875  2.45044  0  0
14.875  2.48186  0  0
14.875  2.51327  0  0
14.875  2.54469  0  0
14.875  2.57611  0  0
14.875  2.60752  0  0
14.875  2.63894  0  0
14.875  2.67035  0  0
14.875  2.70177  0  0
14.875  2.73319  0  0
14.875  2.7646  0  0
14.875  2.79602  0  0
14.875  2.82743  0  0
14.875  2.85885  0  0
14.875  2.89027  0  0
14.875  2.92168  0  0
14.875  2.9531  0  0
14.875  2.98451  0  0
14.875  3.01593  0  0
14.875  3.04734  0  0
14.875  3.07876  0  0
14.875  3.11018  0  0
15  0  0  0
15  0.0314159  0  0
15  0.0628319  0  0
15  0.0942478  0  0
15  0.125664  0  0
15  0.15708  0  0
15  0.188496  0  0
15  0.219911  0  0
15  0.251327  0  0
15  0.282743  0  0
15  0.314159  0  0
15  0.345575  0  0
15  0.376991  0  0
15  0.408407  0  0
15  0.439823  0  0
15  0.471239  0  0
15  0.502655  0  0
15  0.534071  0  0
15  0.565487  0  0
15  0.596903  0  0
15  0.628319  0  0
15  0.659734  0  0
15  0.69115  0  0
15  0.722566  0  0
15  0.753982  0  0
15  0.785398  0  0
15  0.816814  0  0
15  0.84823  0  0
15  0.879646  0  0
15  0.911062  0  0
15  0.942478  0  0
15  0.973894  0  0
15  1.00531  0  0
15  1.03673  0  0
15  1.06814  0  0
15  1.09956  0  0
15  1.13097  0  0
15  1.16239  0  0
15  1.19381  0  0
15  1.22522  0  0
15  1.25664  0  0
15  1.28805  0  0
15  1.31947  4.44582  32.6228
15  1.35088  43.2978  36.4757
15  1.3823  11.6088  20.828
15  1.41372  4.22785  1.93442
15  1.44513  18.7765  22.2567
15  1.47655  7.72588  2.21418
15  1.50796  9.28378  4.00949
15  1.53938  10.1087  7.167
15  1.5708  18.2924  35.4855
15  1.60221  23.331  35.2378
15  1.63363  11.639  9.65223
15  1.66504  6.7262  2.52403
15  1.69646  6.90221  4.29299
15  1.72788  15.8431  18.9279
15  1.75929  0.247646  1.9136
15  1.79071  0.252745  1.76779
15  1.82212  0  0
15  1.85354  0  0
15  1.88496  0  0
15  1.91637  0  0
15  1.94779  0  0
15  1.9792  0  0
15  2.01062  0  0
15  2.04204  0  0
15  2.07345  0  0
15  2.10487  0  0
15  2.13628  0  0
15  2.1677  0  0
15  2.19911  0  0
15  2.23053  0  0
15  2.26195  0  0
15  2.29336  0  0
15  2.32478  0  0
15  2.35619  0  0
15  2.38761  0  0
15  2.41903  0  0
15  2.45044  0  0
15  2.48186  0  0
15  2.51327  0  0
15  2.54469  0  0
15  2.57611  0  0
15  2.60752  0  0
15  2.63894  0  0
15  2.67035  0  0
15  2.70177  0  0
15  2.73319  0  0
15  2.7646  0  0
15  2.79602  0  0
15  2.82743  0  0
15  2.85885  0  0
15  2.89027  0  0
15  2.92168  0  0
15  2.9531  0  0
15  2.98451  0  0
15  3.01593  0  0
15  3.04734  0  0
15  3.07876  0  0
15  3.11018  0  0
15.125  0  0  0
15.125  0.0314159  0  0
15.125  0.0628319  0  0
15.125  0.0942478  0  0
15.125  0.125664  0  0
15.125  0.15708  0  0
15.125  0.188496  0  0
15.125  0.219911  0  0
15.125  0.251327  0  0
15.125  0.282743  0  0
15.125  0.314159  0  0
15.125  0.345575  0  0
15.125  0.376991  0  0
15.125  0.408407  0  0
15.125  0.439823  0  0
15.125  0.471239  0  0
15.125  0.502655  0  0
15.125  0.534071  0  0
15.125  0.565487  0  0
15.125  0.596903  0  0
15.125  0.628319  0  0
15.125  0.659734  0  0
15.125  0.69115  0  0
15.125  0.722566  0  0
15.125  0.753982  0  0
15.125  0.785398  0  0
15.125  0.816814  0  0
15.125  0.84823  0  0
15.125  0.879646  0  0
15.125  0.911062  0  0
15.125  0.942478  0  0
15.125  0.973894  0  0
15.125  1.00531  0  0
15.125  1.03673  0  0
15.125  1.06814  0  0
15.125  1.09956  0  0
15.125  1.13097  0  0
15.125  1.16239  0  0
15.125  1.19381  0  0
15.125  1.22522  0  0
15.125  1.25664  0  0
15.125  1.28805  87.6042  49.2394
15.125  1.31947  42.2394  40.2588
15.125  1.35088  5.39072  2.19837
15.125  1.3823  5.81556  1.70137
15.125  1.41372  5.25964  1.3606
15.125  1.44513  5.75127  1.1254
15.125  1.47655  5.46653  0.844464
15.125  1.50796  7.03791  1.36602
15.125  1.53938  5.63468  0.980775
15.125  1.5708  4.24858  0.948047
15.125  1.60221  25.1391  6.64904
15.125  1.63363  6.09735  1.53112
15.125  1.66504  8.41064  2.36573
15.125  1.69646  13.6899  12.7411
15.125  1.72788  11.0082  6.66645
15.125  1.75929  17.9505  17.3906
15.125  1.79071  10.8346  15.185
15.125  1.82212  47.6177  44.2195
15.125  1.85354  0  0
15.125  1.88496  0  0
15.125  1.91637  0  0
15.125  1.94779  0  0
15.125  1.9792  0  0
15.125  2.01062  0  0
15.125  2.04204  0  0
15.125  2.07345  0  0
15.125  2.10487  0  0
15.125  2.13628  0  0
15.125  2.1677  0  0
15.125  2.19911  0  0
15.125  2.23053  0  0
15.125  2.26195  0  0
15.125  2.29336  0  0
15.125  2.32478  0  0
15.125  2.35619  0  0
15.125  2.38761  0  0
15.125  2.41903  0  0
15.125  2.45044  0  0
15.125  2.48186  0  0
15.125  2.51327  0  0
15.125  2.54469  0  0
15.125  2.57611  0  0
15.125  2.60752  0  0
15.125  2.63894  0  0
15.125  2.67035  0  0
15.125  2.70177  0  0
15.125  2.73319  0  0
15.125  2.7646  0  0
15.125  2.79602  0  0
15.125  2.82743  0  0
15.125  2.85885  0  0
15.125  2.89027  0  0
15.125  2.92168  0  0
15.125  2.9531  0  0
15.125  2.98451  0  0
15.125  3.01593  0  0
15.125  3.04734  0  0
15.125  3.07876  0  0
15.125  3.11018  0  0
15.25  0  0  0
15.25  0.0314159  0  0
15.25  0.0628319  0  0
15.25  0.0942478  0  0
15.25  0.125664  0  0
15.25  0.15708  0  0
15.25  0.188496  0  0
15.25  0.219911  0  0
15.25  0.251327  0  0
15.25  0.282743  0  0
15.25  0.314159  0  0
15.25  0.345575  0  0
15.25  0.376991  0  0
15.25  0.408407  0  0
15.25  0.439823  0  0
15.25  0.471239  0  0
15.25  0.502655  0  0
15.25  0.534071  0  0
15.25  0.565487  0  0
15.25  0.596903  0  0
15.25  0.628319  0  0
15.25  0.659734  0  0
15.25  0.69115  0  0
15.25  0.722566  0  0
15.25  0.753982  0  0
15.25  0.785398  0  0
15.25  0.816814  0  0
15.25  0.84823  0  0
15.25  0.879646  0  0
15.25  0.911062  0  0
15.25  0.942478  0  0
15.25  0.973894  0  0
15.25  1.00531  0  0
15.25  1.03673  0  0
15.25  1.06814  0  0
15.25  1.09956  0  0
15.25  1.13097  0  0
15.25  1.16239  0  0
15.25  1.19381  0  0
15.25  1.22522  4.44582  32.6228
15.25  1.25664  25.5194  54.8005
15.25  1.28805  7.47022  2.58069
15.25  1.31947  6.56457  2.01822
15.25  1.35088  6.83479  1.64941
15.25  1.3823  6.36045  0.802973
15.25  1.41372  6.36577  1.06313
15.25  1.44513  6.69559  0.899984
15.25  1.47655  5.75724  0.741393
15.25  1.50796  5.19814  0.990071
15.25  1.53938  6.12419  1.03634
15.25  1.5708  8.54008  2.18291
15.25  1.60221  5.49353  1.25224
15.25  1.63363  5.9226  1.09701
15.25  1.66504  5.2584  1.60341
15.25  1.69646  7.45784  1.22823
15.25  1.72788  5.96132  1.35724
15.25  1.75929  6.40269  1.28818
15.25  1.79071  7.56431  2.86249
15.25  1.82212  10.0462  6.1807
15.25  1.85354  2.22291  16.3114
15.25  1.88496  0  0
15.25  1.91637  0  0
15.25  1.94779  0  0
15.25  1.9792  0  0
15.25  2.01062  0  0
15.25  2.04204  0  0
15.25  2.07345  0  0
15.25  2.10487  0  0
15.25  2.13628  0  0
15.25  2.1677  0  0
15.25  2.19911  0  0
15.25  2.23053  0  0
15.25  2.26195  0  0
15.25  2.29336  0  0
15.25  2.32478  0  0
15.25  2.35619  0  0
15.25  2.38761  0  0
15.25  2.41903  0  0
15.25  2.45044  0  0
15.25  2.48186  0  0
15.25  2.51327  0  0
15.25  2.54469  0  0
15.25  2.57611  0  0
15.25  2.60752  0  0
15.25  2.63894  0  0
15.25  2.67035  0  0
15.25  2.70177  0  0
15.25  2.73319  0  0
15.25  2.7646  0  0
15.25  2.79602  0  0
15.25  2.82743  0  0
15.25  2.85885  0  0
15.25  2.89027  0  0
15.25  2.92168  0  0
15.25  2.9531  0  0
15.25  2.98451  0  0
15.25  3.01593  0  0
15.25  3.04734  0  0
15.25  3.07876  0  0
15.25  3.11018  0  0
15.375  0  0  0
15.375  0.0314159  0  0
15.375  0.0628319  0  0
15.375  0.0942478  0  0
15.375  0.125664  0  0
15.375  0.15708  0  0
15.375  0.188496  0  0
15.375  0.219911  0  0
15.375  0.251327  0  0
15.375  0.282743  0  0
15.375  0.314159  0  0
15.375  0.345575  0  0
15.375  0.376991  0  0
15.375  0.408407  0  0
15.375  0.439823  0  0
15.375  0.471239  0  0
15.375  0.502655  0  0
15.375  0.534071  0  0
15.375  0.565487  0  0
15.375  0.596903  0  0
15.375  0.628319  0  0
15.375  0.659734  0  0
15.375  0.69115  0  0
15.375  0.722566  0  0
15.375  0.753982  0  0
15.375  0.785398  0  0
15.375  0.816814  0  0
15.375  0.84823  0  0
15.375  0.879646  0  0
15.375  0.911062  0  0
15.375  0.942478  0  0
15.375  0.973894  0.246515  2.25049
15.375  1.00531  0  0
15.375  1.03673  0  0
15.375  1.06814  0  0
15.375  1.09956  0  0
15.375  1.13097  0  0
15.375  1.16239  0  0
15.375  1.19381  24.9254  20.5599
15.375  1.22522  11.3602  10.891
15.375  1.25664  9.98147  4.0051
15.375  1.28805  5.41131  1.5335
15.375  1.31947  4.99327  1.03429
15.375  1.35088  5.74545  1.43682
15.375  1.3823  4.24234  0.820704
15.375  1.41372  5.28103  1.49263
15.375  1.44513  7.87453  2.87536
15.375  1.47655  16.1908  30.8609
15.375  1.50796  5.74575  1.06429
15.375  1.53938  6.46337  1.39678
15.375  1.5708  5.38593  1.25149
15.375  1.60221  6.99601  1.28305
15.375  1.63363  5.27906  1.34423
15.375  1.66504  6.4714  1.14982
15.375  1.69646  6.68393  1.30406
15.375  1.72788  5.70003  1.07527
15.375  1.75929  5.21479  1.00702
15.375  1.79071  5.10903  3.34802
15.375  1.82212  11.7757  8.61839
15.375  1.85354  7.56377  3.25646
15.375  1.88496  10.9938  13.9257
15.375  1.91637  1.99227  15.7993
15.375  1.94779  0  0
15.375  1.9792  0  0
15.375  2.01062  0  0
15.375  2.04204  0  0
15.375  2.07345  0  0
15.375  2.10487  0  0
15.375  2.13628  0  0
15.375  2.1677  0  0
15.375  2.19911  0  0
15.375  2.23053  0  0
15.375  2.26195  0  0
15.375  2.29336  0  0
15.375  2.32478  0  0
15.375  2.35619  0  0
15.375  2.38761  0  0
15.375  2.41903  0  0
15.375  2.45044  0  0
15.375  2.48186  0  0
15.375  2.51327  0  0
15.375  2.54469  0  0
15.375  2.57611  0  0
15.375  2.60752  0  0
15.375  2.63894  0  0
15.375  2.67035  0  0
15.375  2.70177  0  0
15.375  2.73319  0  0
15.375  2.7646  0  0
15.375  2.79602  0  0
15.375  2.82743  0  0
15.375  2.85885  0  0
15.375  2.89027  0  0
15.375  2.92168  0  0
15.375  2.9531  0  0
15.375  2.98451  0  0
15.375  3.01593  0  0
15.375  3.04734  0  0
15.375  3.07876  0  0
15.375  3.11018  0  0
15.5  0  0  0
15.5  0.0314159  0  0
15.5  0.0628319  0  0
15.5  0.0942478  0  0
15.5  0.125664  0  0
15.5  0.15708  0  0
15.5  0.188496  0  0
15.5  0.219911  0  0
15.5  0.251327  0  0
15.5  0.282743  0  0
15.5  0.314159  0  0
15.5  0.345575  0  0
15.5  0.376991  0  0
15.5  0.408407  0  0
15.5  0.439823  0  0
15.5  0.471239  0  0
15.5  0.502655  0  0
15.5  0.534071  0  0
15.5  0.565487  0  0
15.5  0.596903  0  0
15.5  0.628319  0  0
15.5  0.659734  0  0
15.5  0.69115  0  0
15.5  0.722566  0  0
15.5  0.753982  0  0
15.5  0.785398  0  0
15.5  0.816814  0  0
15.5  0.84823  0  0
15.5  0.879646  0  0
15.5  0.911062  0  0
15.5  0.942478  0  0
15.5  0.973894  0  0
15.5  1.00531  0  0
15.5  1.03673  0  0
15.5  1.06814  0  0
15.5  1.09956  0  0
15.5  1.13097  0  0
15.5  1.16239  0.247646  1.9136
15.5  1.19381  6.88296  4.87647
15.5  1.22522  8.41756  3.72091
15.5  1.25664  4.98225  1.00852
15.5  1.28805  5.91985  0.880237
15.5  1.31947  7.0151  2.07726
15.5  1.35088  2.94441  0.483218
15.5  1.3823  4.73192  1.32698
15.5  1.41372  5.07309  0.851208
15.5  1.44513  6.30382  1.29536
15.5  1.47655  5.35935  1.05469
15.5  1.50796  5.16269  1.17832
15.5  1.53938  6.32051  0.920636
15.5  1.5708  5.45882  1.46931
15.5  1.60221  7.27224  1.48457
15.5  1.63363  4.97875  1.25198
15.5  1.66504  3.98077  1.54195
15.5  1.69646  5.60909  1.20635
15.5  1.72788  6.32429  1.60256
15.5  1.75929  5.35946  0.783009
15.5  1.79071  6.09301  1.28322
15.5  1.82212  3.04453  0.914027
15.5  1.85354  5.44964  0.928814
15.5  1.88496  5.55001  1.48412
15.5  1.91637  4.29947  1.48925
15.5  1.94779  0  0
15.5  1.9792  0.252745  1.76779
15.5  2.01062  0  0
15.5  2.04204  0  0
15.5  2.07345  0  0
15.5  2.10487  0  0
15.5  2.13628  0  0
15.5  2.1677  0  0
15.5  2.19911  0  0
15.5  2.23053  0  0
15.5  2.26195  0  0
15.5  2.29336  0  0
15.5  2.32478  0  0
15.5  2.35619  0  0
15.5  2.38761  0  0
15.5  2.41903  0  0
15.5  2.45044  0  0
15.5  2.48186  0  0
15.5  2.51327  0  0
15.5  2.54469  0  0
15.5  2.57611  0  0
15.5  2.60752  0  0
15.5  2.63894  0  0
15.5  2.67035  0  0
15.5  2.70177  0  0
15.5  2.73319  0  0
15.5  2.7646  0  0
15.5  2.79602  0  0
15.5  2.82743  0  0
15.5  2.85885  0  0
15.5  2.89027  0  0
15.5  2.92168  0  0
15.5  2.9531  0  0
15.5  2.98451  0  0
15.5  3.01593  0  0
15.5  3.04734  0  0
15.5  3.07876  0  0
15.5  3.11018  0  0
15.625  0  0  0
15.625  0.0314159  0  0
15.625  0.0628319  0  0
15.625  0.0942478  0  0
15.625  0.125664  0  0
15.625  0.15708  0  0
15.625  0.188496  0  0
15.625  0.219911  0  0
15.625  0.251327  0  0
15.625  0.282743  0  0
15.625  0.314159  0  0
15.625  0.345575  0  0
15.625  0.376991  0  0
15.625  0.408407  0  0
15.625  0.439823  0  0
15.625  0.471239  0  0
15.625  0.502655  0  0
15.625  0.534071  0  0
15.625  0.565487  0  0
15.625  0.596903  0  0
15.625  0.628319  0  0
15.625  0.659734  0  0
15.625  0.69115  0  0
15.625  0.722566  0  0
15.625  0.753982  0  0
15.625  0.785398  0  0
15.625  0.816814  0  0
15.625  0.84823  0  0
15.625  0.879646  0  0
15.625  0.911062  0  0
15.625  0.942478  0  0
15.625  0.973894  0  0
15.625  1.00531  0  0
15.625  1.03673  0  0
15.625  1.06814  0  0
15.625  1.09956  0  0
15.625  1.13097  0.246515  2.25049
15.625  1.16239  7.60489  4.5894
15.625  1.19381  13.8999  8.43989
15.625  1.22522  5.23327  0.720714
15.625  1.25664  5.90729  0.853323
15.625  1.28805  3.9762  0.819061
15.625  1.31947  5.22111  0.712247
15.625  1.35088  5.57803  0.769943
15.625  1.3823  6.52257  1.19482
15.625  1.41372  5.2774  1.04415
15.625  1.44513  3.29517  0.49722
15.625  1.47655  5.98508  0.91987
15.625  1.50796  7.03911  1.38309
15.625  1.53938  6.29175  0.966485
15.625  1.5708  7.5082  1.64043
15.625  1.60221  6.08983  1.10338
15.625  1.63363  6.13065  0.968746
15.625  1.66504  4.43655  0.596495
15.625  1.69646  5.30602  0.760688
15.625  1.72788  6.05355  1.40268
15.625  1.75929  5.34011  0.779892
15.625  1.79071  5.77957  1.63423
15.625  1.82212  5.85402  0.804312
15.625  1.85354  5.76173  1.4683
15.625  1.88496  8.34847  2.90599
15.625  1.91637  4.43123  1.12075
15.625  1.94779  11.7991  14.8775
15.625  1.9792  0.246515  2.25049
15.625  2.01062  0  0
15.625  2.04204  0  0
15.625  2.07345  0  0
15.625  2.10487  0  0
15.625  2.13628  0  0
15.625  2.1677  0  0
15.625  2.19911  0  0
15.625  2.23053  0  0
15.625  2.26195  0  0
15.625  2.29336  0  0
15.625  2.32478  0  0
15.625  2.35619  0  0
15.625  2.38761  0  0
15.625  2.41903  0  0
15.625  2.45044  0  0
15.625  2.48186  0  0
15.625  2.51327  0  0
15.625  2.54469  0  0
15.625  2.57611  0  0
15.625  2.60752  0  0
15.625  2.63894  0  0
15.625  2.67035  0  0
15.625  2.70177  0  0
15.625  2.73319  0  0
15.625  2.7646  0  0
15.625  2.79602  0  0
15.625  2.82743  0  0
15.625  2.85885  0  0
15.625  2.89027  0  0
15.625  2.92168  0  0
15.625  2.9531  0  0
15.625  2.98451  0  0
15.625  3.01593  0  0
15.625  3.04734  0  0
15.625  3.07876  0  0
15.625  3.11018  0  0
15.75  0  0  0
15.75  0.0314159  0  0
15.75  0.0628319  0  0
15.75  0.0942478  0  0
15.75  0.125664  0  0
15.75  0.15708  0  0
15.75  0.188496  0  0
15.75  0.219911  0  0
15.75  0.251327  0  0
15.75  0.282743  0  0
15.75  0.314159  0  0
15.75  0.345575  0  0
15.75  0.376991  0  0
15.75  0.408407  0  0
15.75  0.439823  0  0
15.75  0.471239  0  0
15.75  0.502655  0  0
15.75  0.534071  0  0
15.75  0.565487  0  0
15.75  0.596903  0  0
15.75  0.628319  0  0
15.75  0.659734  0  0
15.75  0.69115  0  0
15.75  0.722566  0  0
15.75  0.753982  0  0
15.75  0.785398  0  0
15.75  0.816814  0  0
15.75  0.84823  0  0
15.75  0.879646  0  0
15.75  0.911062  0  0
15.75  0.942478  0  0
15.75  0.973894  0  0
15.75  1.00531  0  0
15.75  1.03673  0  0
15.75  1.06814  0  0
15.75  1.09956  0.252745  1.76779
15.75  1.13097  7.90423  8.85887
15.75  1.16239  8.58045  4.27914
15.75  1.19381  6.88742  1.2506
15.75  1.22522  7.05173  1.07713
15.75  1.25664  5.5641  0.83533
15.75  1.28805  6.22219  1.12613
15.75  1.31947  4.3045  0.965428
15.75  1.35088  5.22548  0.834206
15.75  1.3823  4.32456  0.655604
15.75  1.41372  6.88132  4.09267
15.75  1.44513  3.89066  0.926328
15.75  1.47655  4.7524  1.00206
15.75  1.50796  5.7118  0.798763
15.75  1.53938  4.89367  0.767633
15.75  1.5708  5.63684  0.91875
15.75  1.60221  6.66722  1.42609
15.75  1.63363  6.12375  0.972629
15.75  1.66504  6.95648  1.29825
15.75  1.69646  4.63171  0.683456
15.75  1.72788  5.18611  0.998462
15.75  1.75929  6.65427  1.76879
15.75  1.79071  3.85918  1.07292
15.75  1.82212  6.05025  0.809347
15.75  1.85354  8.96129  1.89526
15.75  1.88496  8.09391  1.62377
15.75  1.91637  4.23793  0.731074
15.75  1.94779  7.25465  1.95238
15.75  1.9792  9.11814  22.9673
15.75  2.01062  0.247646  1.9136
15.75  2.04204  0  0
15.75  2.07345  0  0
15.75  2.10487  0  0
15.75  2.13628  0  0
15.75  2.1677  0  0
15.75  2.19911  0  0
15.75  2.23053  0  0
15.75  2.26195  0  0
15.75  2.29336  0  0
15.75  2.32478  0  0
15.75  2.35619  0  0
15.75  2.38761  0  0
15.75  2.41903  0  0
15.75  2.45044  0  0
15.75  2.48186  0  0
15.75  2.51327  0  0
15.75  2.54469  0  0
15.75  2.57611  0  0
15.75  2.60752  0  0
15.75  2.63894  0  0
15.75  2.67035  0  0
15.75  2.70177  0  0
15.75  2.73319  0  0
15.75  2.7646  0  0
15.75  2.79602  0  0
15.75  2.82743  0  0
15.75  2.85885  0  0
15.75  2.89027  0  0
15.75  2.92168  0  0
15.75  2.9531  0  0
15.75  2.98451  0  0
15.75  3.01593  0  0
15.75  3.04734  0  0
15.75  3.07876  0  0
15.75  3.11018  0  0
15.875  0  0  0
15.875  0.0314159  0  0
15.875  0.0628319  0  0
15.875  0.0942478  0  0
15.875  0.125664  0  0
15.875  0.15708  0  0
15.875  0.188496  0  0
15.875  0.219911  0  0
15.875  0.251327  0  0
15.875  0.282743  0  0
15.875  0.314159  0  0
15.875  0.345575  0  0
15.875  0.376991  0  0
15.875  0.408407  0  0
15.875  0.439823  0  0
15.875  0.471239  0  0
15.875  0.502655  0  0
15.875  0.534071  0  0
15.875  0.565487  0  0
15.875  0.596903  0  0
15.875  0.628319  0  0
15.875  0.659734  0  0
15.875  0.69115  0  0
15.875  0.722566  0  0
15.875  0.753982  0  0
15.875  0.785398  0  0
15.875  0.816814  0  0
15.875  0.84823  0  0
15.875  0.879646  0  0
15.875  0.911062  0  0
15.875  0.942478  0  0
15.875  0.973894  0  0
15.875  1.00531  0  0
15.875  1.03673  0  0
15.875  1.06814  0  0
15.875  1.09956  3.36769  2.16579
15.875  1.13097  13.4643  7.02421
15.875  1.16239  6.46642  1.26409
15.875  1.19381  5.0418  0.773526
15.875  1.22522  7.70342  1.30964
15.875  1.25664  3.29426  0.695596
15.875  1.28805  5.71715  0.977505
15.875  1.31947  5.48042  1.18758
15.875  1.35088  6.73289  1.07314
15.875  1.3823  9.31929  2.72461
15.875  1.41372  6.02794  1.52355
15.875  1.44513  5.07765  0.807524
15.875  1.47655  7.18821  1.54867
15.875  1.50796  5.58762  1.03923
15.875  1.53938  6.23762  1.07874
15.875  1.5708  3.9622  0.744183
15.875  1.60221  5.76688  0.847679
15.875  1.63363  5.20679  0.845039
15.875  1.66504  7.20147  2.0809
15.875  1.69646  5.96537  0.725658
15.875  1.72788  7.21245  1.87519
15.875  1.75929  8.41953  2.80267
15.875  1.79071  6.74592  1.22075
15.875  1.82212  6.63795  1.19085
15.875  1.85354  7.24476  1.48781
15.875  1.88496  7.08872  1.11734
15.875  1.91637  6.99015  1.00364
15.875  1.94779  6.78888  1.99883
15.875  1.9792  8.5608  3.78455
15.875  2.01062  30.3372  38.5729
15.875  2.04204  11.1146  81.5571
15.875  2.07345  0  0
15.875  2.10487  0  0
15.875  2.13628  0  0
15.875  2.1677  0  0
15.875  2.19911  0  0
15.875  2.23053  0  0
15.875  2.26195  0  0
15.875  2.29336  0  0
15.875  2.32478  0  0
15.875  2.35619  0  0
15.875  2.38761  0  0
15.875  2.41903  0  0
15.875  2.45044  0  0
15.875  2.48186  0  0
15.875  2.51327  0  0
15.875  2.54469  0  0
15.875  2.57611  0  0
15.875  2.60752  0  0
15.875  2.63894  0  0
15.875  2.67035  0  0
15.875  2.70177  0  0
15.875  2.73319  0  0
15.875  2.7646  0  0
15.875  2.79602  0  0
15.875  2.82743  0  0
15.875  2.85885  0  0
15.875  2.89027  0  0
15.875  2.92168  0  0
15.875  2.9531  0  0
15.875  2.98451  0  0
15.875  3.01593  0  0
15.875  3.04734  0  0
15.875  3.07876  0  0
15.875  3.11018  0  0
16  0  0  0
16  0.0314159  0  0
16  0.0628319  0  0
16  0.0942478  0  0
16  0.125664  0  0
16  0.15708  0  0
16  0.188496  0  0
16  0.219911  0  0
16  0.251327  0  0
16  0.282743  0  0
16  0.314159  0  0
16  0.345575  0  0
16  0.376991  0  0
16  0.408407  0  0
16  0.439823  0  0
16  0.471239  0  0
16  0.502655  0  0
16  0.534071  0  0
16  0.565487  0  0
16  0.596903  0  0
16  0.628319  0  0
16  0.659734  0  0
16  0.69115  0  0
16  0.722566  0  0
16  0.753982  0  0
16  0.785398  0  0
16  0.816814  0  0
16  0.84823  0  0
16  0.879646  0  0
16  0.911062  0  0
16  0.942478  0  0
16  0.973894  0  0
16  1.00531  0  0
16  1.03673  0  0
16  1.06814  62.1188  57.5439
16  1.09956  4.96025  1.17504
16  1.13097  6.44826  1.07808
16  1.16239  6.2291  0.894636
16  1.19381  4.78742  0.687655
16  1.22522  6.48511  1.21395
16  1.25664  6.38691  1.02682
16  1.28805  5.40215  1.10519
16  1.31947  6.32337  1.31299
16  1.35088  5.82733  1.1491
16  1.3823  4.97634  0.648965
16  1.41372  7.59829  1.63376
16  1.44513  6.56401  1.12975
16  1.47655  6.43204  1.24875
16  1.50796  7.00273  1.31092
16  1.53938  5.18517  1.02857
16  1.5708  6.49816  1.28611
16  1.60221  4.83187  0.93989
16  1.63363  3.61533  1.24558
16  1.66504  5.6525  1.18112
16  1.69646  4.29436  0.863084
16  1.72788  6.13381  0.814548
16  1.75929  5.40586  0.78665
16  1.79071  6.50056  1.12288
16  1.82212  4.48488  0.747232
16  1.85354  5.59016  0.965031
16  1.88496  3.36512  0.750942
16  1.91637  6.10865  0.944331
16  1.94779  7.2857  1.24482
16  1.9792  4.67291  0.547668
16  2.01062  7.93479  2.74039
16  2.04204  1.63451  0.511074
16  2.07345  0  0
16  2.10487  0  0
16  2.13628  0  0
16  2.1677  0.251454  2.03789
16  2.19911  0  0
16  2.23053  0  0
16  2.26195  0  0
16  2.29336  0  0
16  2.32478  0  0
16  2.35619  0  0
16  2.38761  0  0
16  2.41903  0  0
16  2.45044  0  0
16  2.48186  0  0
16  2.51327  0  0
16  2.54469  0  0
16  2.57611  0  0
16  2.60752  0  0
16  2.63894  0  0
16  2.67035  0  0
16  2.70177  0  0
16  2.73319  0  0
16  2.7646  0  0
16  2.79602  0  0
16  2.82743  0  0
16  2.85885  0  0
16  2.89027  0  0
16  2.92168  0  0
16  2.9531  0  0
16  2.98451  0  0
16  3.01593  0  0
16  3.04734  0  0
16  3.07876  0  0
16  3.11018  0  0
16.125  0  0  0
16.125  0.0314159  0  0
16.125  0.0628319  0  0
16.125  0.0942478  0  0
16.125  0.125664  0  0
16.125  0.15708  0  0
16.125  0.188496  0  0
16.125  0.219911  0  0
16.125  0.251327  0  0
16.125  0.282743  0  0
16.125  0.314159  0  0
16.125  0.345575  0  0
16.125  0.376991  0  0
16.125  0.408407  0  0
16.125  0.439823  0  0
16.125  0.471239  0  0
16.125  0.502655  0  0
16.125  0.534071  0  0
16.125  0.565487  0  0
16.125  0.596903  0  0
16.125  0.628319  0  0
16.125  0.659734  0  0
16.125  0.69115  0  0
16.125  0.722566  0  0
16.125  0.753982  0  0
16.125  0.785398  0  0
16.125  0.816814  0  0
16.125  0.84823  0  0
16.125  0.879646  0  0
16.125  0.911062  0  0
16.125  0.942478  0  0
16.125  0.973894  0  0
16.125  1.00531  0  0
16.125  1.03673  99.7122  61.096
16.125  1.06814  9.43023  4.48985
16.125  1.09956  8.46406  3.14972
16.125  1.13097  4.91887  1.05588
16.125  1.16239  5.62536  0.893592
16.125  1.19381  5.45844  0.862092
16.125  1.22522  6.96296  1.44618
16.125  1.25664  5.0394  0.579936
16.125  1.28805  5.74245  1.10022
16.125  1.31947  3.95577  0.670163
16.125  1.35088  6.68159  1.04945
16.125  1.3823  5.12538  0.72473
16.125  1.41372  5.80488  1.22263
16.125  1.44513  8.55802  3.43746
16.125  1.47655  5.71619  0.960611
16.125  1.50796  6.99822  2.30405
16.125  1.53938  4.58593  0.670236
16.125  1.5708  7.21943  1.90934
16.125  1.60221  5.71914  1.17258
16.125  1.63363  6.44085  1.02324
16.125  1.66504  4.58585  0.705378
16.125  1.69646  5.49471  0.959489
16.125  1.72788  5.9097  1.34049
16.125  1.75929  5.55372  1.11098
16.125  1.79071  5.6151  1.22217
16.125  1.82212  6.02304  0.90307
16.125  1.85354  5.65442  0.924257
16.125  1.88496  6.64905  1.17145
16.125  1.91637  6.08245  1.05851
16.125  1.94779  54.5848  53.772
16.125  1.9792  5.69337  0.956816
16.125  2.01062  8.84039  3.74585
16.125  2.04204  16.803  34.0308
16.125  2.07345  7.2031  9.16214
16.125  2.10487  0  0
16.125  2.13628  0  0
16.125  2.1677  0  0
16.125  2.19911  0  0
16.125  2.23053  0  0
16.125  2.26195  0  0
16.125  2.29336  0  0
16.125  2.32478  0  0
16.125  2.35619  0  0
16.125  2.38761  0  0
16.125  2.41903  0  0
16.125  2.45044  0  0
16.125  2.48186  0  0
16.125  2.51327  0  0
16.125  2.54469  0  0
16.125  2.57611  0  0
16.125  2.60752  0  0
16.125  2.63894  0  0
16.125  2.67035  0  0
16.125  2.70177  0  0
16.125  2.73319  0  0
16.125  2.7646  0  0
16.125  2.79602  0  0
16.125  2.82743  0  0
16.125  2.85885  0  0
16.125  2.89027  0  0
16.125  2.92168  0  0
16.125  2.9531  0  0
16.125  2.98451  0  0
16.125  3.01593  0  0
16.125  3.04734  0  0
16.125  3.07876  0  0
16.125  3.11018  0  0
16.25  0  0  0
16.25  0.0314159  0  0
16.25  0.0628319  0  0
16.25  0.0942478  0  0
16.25  0.125664  0  0
16.25  0.15708  0  0
16.25  0.188496  0  0
16.25  0.219911  0  0
16.25  0.251327  0  0
16.25  0.282743  0  0
16.25  0.314159  0  0
16.25  0.345575  0  0
16.25  0.376991  0  0
16.25  0.408407  0  0
16.25  0.439823  0  0
16.25  0.471239  0  0
16.25  0.502655  0  0
16.25  0.534071  0  0
16.25  0.565487  0  0
16.25  0.596903  0  0
16.25  0.628319  0  0
16.25  0.659734  0  0
16.25  0.69115  0  0
16.25  0.722566  0  0
16.25  0.753982  0  0
16.25  0.785398  0  0
16.25  0.816814  0  0
16.25  0.84823  0  0
16.25  0.879646  0  0
16.25  0.911062  0  0
16.25  0.942478  0  0
16.25  0.973894  0  0
16.25  1.00531  11.1146  81.5571
16.25  1.03673  6.90245  3.12928
16.25  1.06814  5.27649  1.23334
16.25  1.09956  7.67584  1.67757
16.25  1.13097  5.10667  0.926239
16.25  1.16239  5.3933  1.37074
16.25  1.19381  5.68149  1.0389
16.25  1.22522  6.39499  1.38668
16.25  1.25664  5.04733  0.821014
16.25  1.28805  5.88506  1.16299
16.25  1.31947  7.4405  2.3873
16.25  1.35088  5.35061  0.976607
16.25  1.3823  4.78844  0.572302
16.25  1.41372  5.41493  1.03657
16.25  1.44513  7.11991  1.0881
16.25  1.47655  7.82664  2.13993
16.25  1.50796  6.25884  1.11034
16.25  1.53938  6.33297  1.29322
16.25  1.5708  7.72275  1.6064
16.25  1.60221  7.49449  2.13612
16.25  1.63363  6.9755  1.16783
16.25  1.66504  6.23189  1.24182
16.25  1.69646  6.21056  1.02893
16.25  1.72788  7.70989  2.21444
16.25  1.75929  5.27652  1.11909
16.25  1.79071  5.30349  1.01359
16.25  1.82212  6.03584  1.20506
16.25  1.85354  3.67543  0.808135
16.25  1.88496  5.80221  0.793015
16.25  1.91637  4.75418  0.656925
16.25  1.94779  4.69807  0.693752
16.25  1.9792  7.07093  1.41816
16.25  2.01062  4.42281  0.595312
16.25  2.04204  5.87331  1.68313
16.25  2.07345  8.17814  3.91177
16.25  2.10487  0.247646  1.9136
16.25  2.13628  0  0
16.25  2.1677  0  0
16.25  2.19911  0  0
16.25  2.23053  0  0
16.25  2.26195  0  0
16.25  2.29336  0  0
16.25  2.32478  0  0
16.25  2.35619  0  0
16.25  2.38761  0  0
16.25  2.41903  0  0
16.25  2.45044  0  0
16.25  2.48186  0  0
16.25  2.51327  0  0
16.25  2.54469  0  0
16.25  2.57611  0  0
16.25  2.60752  0  0
16.25  2.63894  0  0
16.25  2.67035  0  0
16.25  2.70177  0  0
16.25  2.73319  0  0
16.25  2.7646  0  0
16.25  2.79602  0  0
16.25  2.82743  0  0
16.25  2.85885  0  0
16.25  2.89027  0  0
16.25  2.92168  0  0
16.25  2.9531  0  0
16.25  2.98451  0  0
16.25  3.01593  0  0
16.25  3.04734  0  0
16.25  3.07876  0  0
16.25  3.11018  0  0
16.375  0  0  0
16.375  0.0314159  0  0
16.375  0.0628319  0  0
16.375  0.0942478  0  0
16.375  0.125664  0  0
16.375  0.15708  0  0
16.375  0.188496  0  0
16.375  0.219911  0  0
16.375  0.251327  0  0
16.375  0.282743  0  0
16.375  0.314159  0  0
16.375  0.345575  0  0
16.375  0.376991  0  0
16.375  0.408407  0  0
16.375  0.439823  0  0
16.375  0.471239  0  0
16.375  0.502655  0  0
16.375  0.534071  0  0
16.375  0.565487  0  0
16.375  0.596903  0  0
16.375  0.628319  0  0
16.375  0.659734  0  0
16.375  0.69115  0  0
16.375  0.722566  0  0
16.375  0.753982  0  0
16.375  0.785398  0  0
16.375  0.816814  0  0
16.375  0.84823  0  0
16.375  0.879646  0  0
16.375  0.911062  0  0
16.375  0.942478  0  0
16.375  0.973894  0  0
16.375  1.00531  35.171  19.2304
16.375  1.03673  7.10481  1.81994
16.375  1.06814  5.92346  1.09296
16.375  1.09956  4.07512  0.592253
16.375  1.13097  5.08567  0.936323
16.375  1.16239  4.28017  0.51047
16.375  1.19381  6.4321  0.968831
16.375  1.22522  6.03627  1.21298
16.375  1.25664  5.63519  0.903642
16.375  1.28805  5.51691  1.21891
16.375  1.31947  3.39933  0.736953
16.375  1.35088  7.36949  1.51471
16.375  1.3823  6.9757  1.09605
16.375  1.41372  6.04663  1.5039
16.375  1.44513  5.75037  1.30807
16.375  1.47655  5.73691  0.944431
16.375  1.50796  5.37282  0.750378
16.375  1.53938  7.41111  1.61136
16.375  1.5708  3.30074  0.545711
16.375  1.60221  4.92399  0.652085
16.375  1.63363  4.96021  0.805323
16.375  1.66504  6.56395  1.93173
16.375  1.69646  8.44929  3.72217
16.375  1.72788  6.97065  1.93524
16.375  1.75929  4.92607  0.830784
16.375  1.79071  6.98051  1.38906
16.375  1.82212  6.91844  1.10361
16.375  1.85354  5.82528  1.73118
16.375  1.88496  4.60104  0.778394
16.375  1.91637  6.641  1.58537
16.375  1.94779  5.6096  0.750662
16.375  1.9792  6.77548  1.32257
16.375  2.01062  5.41032  0.976279
16.375  2.04204  5.97161  1.30793
16.375  2.07345  5.55691  1.37674
16.375  2.10487  9.60562  13.3554
16.375  2.13628  0  0
16.375  2.1677  0  0
16.375  2.19911  0  0
16.375  2.23053  0  0
16.375  2.26195  0  0
16.375  2.29336  0  0
16.375  2.32478  0  0
16.375  2.35619  0  0
16.375  2.38761  0  0
16.375  2.41903  0  0
16.375  2.45044  0  0
16.375  2.48186  0  0
16.375  2.51327  0  0
16.375  2.54469  0  0
16.375  2.57611  0  0
16.375  2.60752  0  0
16.375  2.63894  0  0
16.375  2.67035  0  0
16.375  2.70177  0  0
16.375  2.73319  0  0
16.375  2.7646  0  0
16.375  2.79602  0  0
16.375  2.82743  0  0
16.375  2.85885  0  0
16.375  2.89027  0  0
16.375  2.92168  0  0
16.375  2.9531  0  0
16.375  2.98451  0  0
16.375  3.01593  0  0
16.375  3.04734  0  0
16.375  3.07876  0  0
16.375  3.11018  0  0
16.5  0  0  0
16.5  0.0314159  0  0
16.5  0.0628319  0  0
16.5  0.0942478  0  0
16.5  0.125664  0  0
16.5  0.15708  0  0
16.5  0.188496  0  0
16.5  0.219911  0  0
16.5  0.251327  0  0
16.5  0.282743  0  0
16.5  0.314159  0  0
16.5  0.345575  0  0
16.5  0.376991  0  0
16.5  0.408407  0  0
16.5  0.439823  0  0
16.5  0.471239  0  0
16.5  0.502655  0  0
16.5  0.534071  0  0
16.5  0.565487  0  0
16.5  0.596903  0  0
16.5  0.628319  0  0
16.5  0.659734  0  0
16.5  0.69115  0  0
16.5  0.722566  0  0
16.5  0.753982  0  0
16.5  0.785398  0  0
16.5  0.816814  0  0
16.5  0.84823  0  0
16.5  0.879646  0  0
16.5  0.911062  0  0
16.5  0.942478  0  0
16.5  0.973894  3.39725  2.63697
16.5  1.00531  11.7972  9.50546
16.5  1.03673  6.48457  0.882177
16.5  1.06814  5.1794  0.569455
16.5  1.09956  7.52816  1.66103
16.5  1.13097  6.79817  1.10431
16.5  1.16239  4.63321  0.543868
16.5  1.19381  8.56079  2.42532
16.5  1.22522  7.37821  2.42208
16.5  1.25664  5.7153  0.899355
16.5  1.28805  8.13629  2.03595
16.5  1.31947  5.40755  0.934843
16.5  1.35088  5.96013  1.01162
16.5  1.3823  5.79685  1.06095
16.5  1.41372  12.9627  4.04864
16.5  1.44513  6.9714  1.54689
16.5  1.47655  5.50421  0.731933
16.5  1.50796  8.79692  2.11797
16.5  1.53938  4.11583  0.731042
16.5  1.5708  8.00268  2.86355
16.5  1.60221  5.20171  2.10624
16.5  1.63363  5.83875  0.718835
16.5  1.66504  6.32573  1.05187
16.5  1.69646  4.40828  1.19572
16.5  1.72788  6.53058  1.3572
16.5  1.75929  7.05311  1.56261
16.5  1.79071  5.57879  0.928823
16.5  1.82212  6.39632  1.39258
16.5  1.85354  6.91787  1.68498
16.5  1.88496  6.74679  1.63936
16.5  1.91637  7.02096  1.2509
16.5  1.94779  5.52045  1.4089
16.5  1.9792  5.26683  0.608506
16.5  2.01062  7.91832  1.40174
16.5  2.04204  5.51511  0.795547
16.5  2.07345  5.13491  1.23738
16.5  2.10487  7.4821  3.99633
16.5  2.13628  15.6111  38.7136
16.5  2.1677  0  0
16.5  2.19911  0  0
16.5  2.23053  0  0
16.5  2.26195  0  0
16.5  2.29336  0  0
16.5  2.32478  0  0
16.5  2.35619  0  0
16.5  2.38761  0  0
16.5  2.41903  0  0
16.5  2.45044  0  0
16.5  2.48186  0  0
16.5  2.51327  0  0
16.5  2.54469  0  0
16.5  2.57611  0  0
16.5  2.60752  0  0
16.5  2.63894  0  0
16.5  2.67035  0  0
16.5  2.70177  0  0
16.5  2.73319  0  0
16.5  2.7646  0  0
16.5  2.79602  0  0
16.5  2.82743  0  0
16.5  2.85885  0  0
16.5  2.89027  0  0
16.5  2.92168  0  0
16.5  2.9531  0  0
16.5  2.98451  0  0
16.5  3.01593  0  0
16.5  3.04734  0  0
16.5  3.07876  0  0
16.5  3.11018  0  0
16.625  0  0  0
16.625  0.0314159  0  0
16.625  0.0628319  0  0
16.625  0.0942478  0  0
16.625  0.125664  0  0
16.625  0.15708  0  0
16.625  0.188496  0  0
16.625  0.219911  0  0
16.625  0.251327  0  0
16.625  0.282743  0  0
16.625  0.314159  0  0
16.625  0.345575  0  0
16.625  0.376991  0  0
16.625  0.408407  0  0
16.625  0.439823  0  0
16.625  0.471239  0  0
16.625  0.502655  0  0
16.625  0.534071  0  0
16.625  0.565487  0  0
16.625  0.596903  0  0
16.625  0.628319  0  0
16.625  0.659734  0  0
16.625  0.69115  0  0
16.625  0.722566  0  0
16.625  0.753982  0  0
16.625  0.785398  0  0
16.625  0.816814  0  0
16.625  0.84823  0  0
16.625  0.879646  0  0
16.625  0.911062  0  0
16.625  0.942478  3.33437  24.4671
16.625  0.973894  6.60084  4.62954
16.625  1.00531  6.9297  1.56007
16.625  1.03673  4.91664  0.953412
16.625  1.06814  5.9151  1.24596
16.625  1.09956  6.00979  1.02209
16.625  1.13097  5.46814  0.693218
16.625  1.16239  5.66215  0.862051
16.625  1.19381  4.12995  0.634276
16.625  1.22522  6.56467  1.33344
16.625  1.25664  5.7955  1.36206
16.625  1.28805  4.82532  0.752776
16.625  1.31947  7.58587  2.03013
16.625  1.35088  7.60997  1.5962
16.625  1.3823  5.78483  1.16992
16.625  1.41372  5.42055  0.849448
16.625  1.44513  5.98298  1.33785
16.625  1.47655  5.72686  0.746804
16.625  1.50796  5.3881  1.75019
16.625  1.53938  5.92054  1.07581
16.625  1.5708  4.70563  0.585878
16.625  1.60221  8.00032  1.75136
16.625  1.63363  6.77663  1.02717
16.625  1.66504  12.0177  5.96863
16.625  1.69646  6.04701  1.10173
16.625  1.72788  7.5518  1.68083
16.625  1.75929  5.85744  1.0389
16.625  1.79071  6.82056  5.16876
16.625  1.82212  5.98338  1.11751
16.625  1.85354  16.6203  15.021
16.625  1.88496  4.82185  0.736897
16.625  1.91637  5.86152  1.30156
16.625  1.94779  5.61473  0.639149
16.625  1.9792  4.28544  1.13943
16.625  2.01062  5.28777  0.987402
16.625  2.04204  3.74874  0.780112
16.625  2.07345  6.83077  1.12537
16.625  2.10487  6.62571  1.7584
16.625  2.13628  11.3441  12.2561
16.625  2.1677  6.66874  48.9342
16.625  2.19911  0  0
16.625  2.23053  0  0
16.625  2.26195  0  0
16.625  2.29336  0  0
16.625  2.32478  0  0
16.625  2.35619  0  0
16.625  2.38761  0  0
16.625  2.41903  0  0
16.625  2.45044  0  0
16.625  2.48186  0  0
16.625  2.51327  0  0
16.625  2.54469  0  0
16.625  2.57611  0  0
16.625  2.60752  0  0
16.625  2.63894  0  0
16.625  2.67035  0  0
16.625  2.70177  0  0
16.625  2.73319  0  0
16.625  2.7646  0  0
16.625  2.79602  0  0
16.625  2.82743  0  0
16.625  2.85885  0  0
16.625  2.89027  0  0
16.625  2.92168  0  0
16.625  2.9531  0  0
16.625  2.98451  0  0
16.625  3.01593  0  0
16.625  3.04734  0  0
16.625  3.07876  0  0
16.625  3.11018  0  0
16.75  0  0  0
16.75  0.0314159  0  0
16.75  0.0628319  0  0
16.75  0.0942478  0  0
16.75  0.125664  0  0
16.75  0.15708  0  0
16.75  0.188496  0  0
16.75  0.219911  0  0
16.75  0.251327  0  0
16.75  0.282743  0  0
16.75  0.314159  0  0
16.75  0.345575  0  0
16.75  0.376991  0  0
16.75  0.408407  0  0
16.75  0.439823  0  0
16.75  0.471239  0  0
16.75  0.502655  0  0
16.75  0.534071  0  0
16.75  0.565487  0  0
16.75  0.596903  0  0
16.75  0.628319  0  0
16.75  0.659734  0  0
16.75  0.69115  0  0
16.75  0.722566  0  0
16.75  0.753982  0  0
16.75  0.785398  0  0
16.75  0.816814  0  0
16.75  0.84823  0  0
16.75  0.879646  0  0
16.75  0.911062  0.247646  1.9136
16.75  0.942478  68.1172  68.1982
16.75  0.973894  5.09282  0.80691
16.75  1.00531  6.16412  1.00314
16.75  1.03673  5.25982  1.16938
16.75  1.06814  5.65039  0.846587
16.75  1.09956  4.84779  0.829939
16.75  1.13097  7.22427  1.63485
16.75  1.16239  6.26587  1.18394
16.75  1.19381  6.04533  0.947578
16.75  1.22522  6.60433  0.979469
16.75  1.25664  5.24361  0.840582
16.75  1.28805  6.76299  1.34851
16.75  1.31947  5.7773  1.01916
16.75  1.35088  6.7739  1.38215
16.75  1.3823  8.42079  1.80796
16.75  1.41372  5.96645  1.06825
16.75  1.44513  8.24087  4.91444
16.75  1.47655  8.01597  2.15393
16.75  1.50796  6.92886  1.16261
16.75  1.53938  6.24257  1.66763
16.75  1.5708  4.57932  1.21087
16.75  1.60221  5.05521  0.908471
16.75  1.63363  11.5131  5.97513
16.75  1.66504  5.7508  1.17539
16.75  1.69646  7.67491  2.32428
16.75  1.72788  6.24777  1.02904
16.75  1.75929  9.34737  3.09326
16.75  1.79071  5.81072  0.858609
16.75  1.82212  4.29744  0.832481
16.75  1.85354  8.35485  2.25999
16.75  1.88496  7.44976  1.35652
16.75  1.91637  9.20657  1.8335
16.75  1.94779  7.72687  1.41745
16.75  1.9792  5.72288  1.2486
16.75  2.01062  4.5614  0.802518
16.75  2.04204  5.53696  1.03821
16.75  2.07345  7.08454  1.16585
16.75  2.10487  6.10257  0.860754
16.75  2.13628  6.56476  1.28909
16.75  2.1677  11.2342  31.0619
16.75  2.19911  0  0
16.75  2.23053  0  0
16.75  2.26195  0  0
16.75  2.29336  0  0
16.75  2.32478  0  0
16.75  2.35619  0  0
16.75  2.38761  0  0
16.75  2.41903  0  0
16.75  2.45044  0  0
16.75  2.48186  0  0
16.75  2.51327  0  0
16.75  2.54469  0  0
16.75  2.57611  0  0
16.75  2.60752  0  0
16.75  2.63894  0  0
16.75  2.67035  0  0
16.75  2.70177  0  0
16.75  2.73319  0  0
16.75  2.7646  0  0
16.75  2.79602  0  0
16.75  2.82743  0  0
16.75  2.85885  0  0
16.75  2.89027  0  0
16.75  2.92168  0  0
16.75  2.9531  0  0
16.75  2.98451  0  0
16.75  3.01593  0  0
16.75  3.04734  0  0
16.75  3.07876  0  0
16.75  3.11018  0  0
16.875  0  0  0
16.875  0.0314159  0  0
16.875  0.0628319  0  0
16.875  0.0942478  0  0
16.875  0.125664  0  0
16.875  0.15708  0  0
16.875  0.188496  0  0
16.875  0.219911  0  0
16.875  0.251327  0  0
16.875  0.282743  0  0
16.875  0.314159  0  0
16.875  0.345575  0  0
16.875  0.376991  0  0
16.875  0.408407  0  0
16.875  0.439823  0  0
16.875  0.471239  0  0
16.875  0.502655  0  0
16.875  0.534071  0  0
16.875  0.565487  0  0
16.875  0.596903  0  0
16.875  0.628319  0  0
16.875  0.659734  0  0
16.875  0.69115  0  0
16.875  0.722566  0  0
16.875  0.753982  0  0
16.875  0.785398  0  0
16.875  0.816814  0  0
16.875  0.84823  0  0
16.875  0.879646  0  0
16.875  0.911062  5.55728  40.7785
16.875  0.942478  2.82042  0.669363
16.875  0.973894  7.21956  1.48958
16.875  1.00531  5.77101  0.864911
16.875  1.03673  5.11606  0.753377
16.875  1.06814  4.55298  0.591258
16.875  1.09956  3.73994  1.11442
16.875  1.13097  5.71914  1.15347
16.875  1.16239  9.56443  2.99166
16.875  1.19381  6.14012  1.12701
16.875  1.22522  6.63422  1.03415
16.875  1.25664  6.44837  1.13413
16.875  1.28805  9.50752  2.08881
16.875  1.31947  7.94605  1.54872
16.875  1.35088  7.72093  1.69927
16.875  1.3823  6.80446  1.28604
16.875  1.41372  9.03849  2.63821
16.875  1.44513  5.66845  1.57818
16.875  1.47655  8.11585  1.82177
16.875  1.50796  6.37214  1.15304
16.875  1.53938  6.59177  1.30741
16.875  1.5708  6.07659  1.25891
16.875  1.60221  5.80605  0.943371
16.875  1.63363  9.05974  2.38902
16.875  1.66504  9.63342  2.39664
16.875  1.69646  5.94436  0.984624
16.875  1.72788  7.88367  1.77314
16.875  1.75929  6.68262  2.73764
16.875  1.79071  6.43642  1.0054
16.875  1.82212  6.29162  0.869746
16.875  1.85354  8.75678  2.9485
16.875  1.88496  6.18122  1.06633
16.875  1.91637  7.05581  1.37437
16.875  1.94779  5.1439  1.16418
16.875  1.9792  3.76298  1.08954
16.875  2.01062  8.48551  2.94624
16.875  2.04204  6.05676  1.25598
16.875  2.07345  7.31641  2.39145
16.875  2.10487  4.95428  1.08373
16.875  2.13628  5.85483  1.02127
16.875  2.1677  14.0722  23.4912
16.875  2.19911  6.35162  4.91066
16.875  2.23053  0  0
16.875  2.26195  0  0
16.875  2.29336  0  0
16.875  2.32478  0  0
16.875  2.35619  0  0
16.875  2.38761  0  0
16.875  2.41903  0  0
16.875  2.45044  0  0
16.875  2.48186  0  0
16.875  2.51327  0  0
16.875  2.54469  0  0
16.875  2.57611  0  0
16.875  2.60752  0  0
16.875  2.63894  0  0
16.875  2.67035  0  0
16.875  2.70177  0  0
16.875  2.73319  0  0
16.875  2.7646  0  0
16.875  2.79602  0  0
16.875  2.82743  0  0
16.875  2.85885  0  0
16.875  2.89027  0  0
16.875  2.92168  0  0
16.875  2.9531  0  0
16.875  2.98451  0  0
16.875  3.01593  0  0
16.875  3.04734  0  0
16.875  3.07876  0  0
16.875  3.11018  0  0
17  0  0  0
17  0.0314159  0  0
17  0.0628319  0  0
17  0.0942478  0  0
17  0.125664  0  0
17  0.15708  0  0
17  0.188496  0  0
17  0.219911  0  0
17  0.251327  0  0
17  0.282743  0  0
17  0.314159  0  0
17  0.345575  0  0
17  0.376991  0  0
17  0.408407  0  0
17  0.439823  0  0
17  0.471239  0  0
17  0.502655  0  0
17  0.534071  0  0
17  0.565487  0  0
17  0.596903  0  0
17  0.628319  0  0
17  0.659734  0  0
17  0.69115  0  0
17  0.722566  0  0
17  0.753982  0  0
17  0.785398  0  0
17  0.816814  0  0
17  0.84823  0  0
17  0.879646  0  0
17  0.911062  13.1605  24.3534
17  0.942478  6.54876  1.96215
17  0.973894  6.07135  0.975294
17  1.00531  3.95767  0.505065
17  1.03673  5.54521  0.749949
17  1.06814  5.24533  0.959916
17  1.09956  6.93254  1.19654
17  1.13097  4.72379  0.792126
17  1.16239  5.87234  0.997007
17  1.19381  3.72881  0.700604
17  1.22522  3.74217  0.821674
17  1.25664  3.99287  0.779056
17  1.28805  5.74632  1.41171
17  1.31947  5.28166  1.37692
17  1.35088  6.15624  1.11356
17  1.3823  10.1027  5.03416
17  1.41372  5.88628  1.16265
17  1.44513  5.1193  1.66061
17  1.47655  10.6963  4.22051
17  1.50796  6.23458  1.13846
17  1.53938  6.69757  2.397
17  1.5708  5.54321  0.929741
17  1.60221  7.12188  1.75585
17  1.63363  13.7524  11.2518
17  1.66504  5.87418  1.57229
17  1.69646  4.25826  1.28572
17  1.72788  6.44174  1.05269
17  1.75929  5.17156  0.612351
17  1.79071  4.81272  0.769681
17  1.82212  2.96862  0.361359
17  1.85354  6.60845  1.02762
17  1.88496  6.57292  1.04988
17  1.91637  6.34874  1.29293
17  1.94779  5.03176  0.572695
17  1.9792  4.02131  0.554427
17  2.01062  5.11217  0.830745
17  2.04204  4.77014  0.708328
17  2.07345  5.62783  1.34725
17  2.10487  6.05579  0.745321
17  2.13628  4.37557  0.777189
17  2.1677  4.35739  0.789566
17  2.19911  2.19502  0.771683
17  2.23053  0  0
17  2.26195  0  0
17  2.29336  0  0
17  2.32478  0  0
17  2.35619  0  0
17  2.38761  0  0
17  2.41903  0  0
17  2.45044  0  0
17  2.48186  0  0
17  2.51327  0  0
17  2.54469  0  0
17  2.57611  0  0
17  2.60752  0  0
17  2.63894  0  0
17  2.67035  0  0
17  2.70177  0  0
17  2.73319  0  0
17  2.7646  0  0
17  2.79602  0  0
17  2.82743  0  0
17  2.85885  0  0
17  2.89027  0  0
17  2.92168  0  0
17  2.9531  0  0
17  2.98451  0  0
17  3.01593  0  0
17  3.04734  0  0
17  3.07876  0  0
17  3.11018  0  0
17.125  0  0  0
17.125  0.0314159  0  0
17.125  0.0628319  0  0
17.125  0.0942478  0  0
17.125  0.125664  0  0
17.125  0.15708  0  0
17.125  0.188496  0  0
17.125  0.219911  0  0
17.125  0.251327  0  0
17.125  0.282743  0  0
17.125  0.314159  0  0
17.125  0.345575  0  0
17.125  0.376991  0  0
17.125  0.408407  0  0
17.125  0.439823  0  0
17.125  0.471239  0  0
17.125  0.502655  0  0
17.125  0.534071  0  0
17.125  0.565487  0  0
17.125  0.596903  0  0
17.125  0.628319  0  0
17.125  0.659734  0  0
17.125  0.69115  0  0
17.125  0.722566  0  0
17.125  0.753982  0  0
17.125  0.785398  0  0
17.125  0.816814  0  0
17.125  0.84823  0  0
17.125  0.879646  0  0
17.125  0.911062  8.45889  3.42962
17.125  0.942478  6.71983  1.41325
17.125  0.973894  5.40441  0.868012
17.125  1.00531  3.95326  0.978333
17.125  1.03673  5.69582  0.723846
17.125  1.06814  5.26143  0.655011
17.125  1.09956  4.27565  0.748998
17.125  1.13097  6.19113  1.10019
17.125  1.16239  5.42018  1.1494
17.125  1.19381  4.08009  0.936989
17.125  1.22522  6.13082  1.18804
17.125  1.25664  6.43171  1.35454
17.125  1.28805  7.65895  1.86552
17.125  1.31947  2.31999  0.455877
17.125  1.35088  6.49672  1.03747
17.125  1.3823  7.08092  1.10114
17.125  1.41372  5.95299  1.40035
17.125  1.44513  10.3664  3.31237
17.125  1.47655  5.13519  1.63369
17.125  1.50796  4.74901  1.20669
17.125  1.53938  3.78826  0.740408
17.125  1.5708  7.04169  1.29353
17.125  1.60221  5.24714  0.76975
17.125  1.63363  5.58438  1.43725
17.125  1.66504  5.8919  0.870915
17.125  1.69646  6.62301  1.45377
17.125  1.72788  6.5625  1.52581
17.125  1.75929  6.19617  1.26886
17.125  1.79071  8.97391  3.92939
17.125  1.82212  6.37993  1.31536
17.125  1.85354  3.52508  0.50282
17.125  1.88496  4.44011  0.43943
17.125  1.91637  10.8045  3.7497
17.125  1.94779  3.5623  1.05707
17.125  1.9792  5.35275  0.861378
17.125  2.01062  6.14353  0.934289
17.125  2.04204  7.94363  2.14229
17.125  2.07345  4.89325  0.733358
17.125  2.10487  5.70253  0.789386
17.125  2.13628  6.31006  1.11449
17.125  2.1677  6.0158  1.98445
17.125  2.19911  11.8526  14.6887
17.125  2.23053  0  0
17.125  2.26195  0.247646  1.9136
17.125  2.29336  0  0
17.125  2.32478  0  0
17.125  2.35619  0  0
17.125  2.38761  0  0
17.125  2.41903  0  0
17.125  2.45044  0  0
17.125  2.48186  0  0
17.125  2.51327  0  0
17.125  2.54469  0  0
17.125  2.57611  0  0
17.125  2.60752  0  0
17.125  2.63894  0  0
17.125  2.67035  0  0
17.125  2.70177  0  0
17.125  2.73319  0  0
17.125  2.7646  0  0
17.125  2.79602  0  0
17.125  2.82743  0  0
17.125  2.85885  0  0
17.125  2.89027  0  0
17.125  2.92168  0  0
17.125  2.9531  0  0
17.125  2.98451  0  0
17.125  3.01593  0  0
17.125  3.04734  0  0
17.125  3.07876  0  0
17.125  3.11018  0  0
17.25  0  0  0
17.25  0.0314159  0  0
17.25  0.0628319  0  0
17.25  0.0942478  0  0
17.25  0.125664  0  0
17.25  0.15708  0  0
17.25  0.188496  0  0
17.25  0.219911  0  0
17.25  0.251327  0  0
17.25  0.282743  0  0
17.25  0.314159  0  0
17.25  0.345575  0  0
17.25  0.376991  0  0
17.25  0.408407  0  0
17.25  0.439823  0  0
17.25  0.471239  0  0
17.25  0.502655  0  0
17.25  0.534071  0  0
17.25  0.565487  0  0
17.25  0.596903  0  0
17.25  0.628319  0  0
17.25  0.659734  0  0
17.25  0.69115  0  0
17.25  0.722566  0  0
17.25  0.753982  0  0
17.25  0.785398  0  0
17.25  0.816814  0  0
17.25  0.84823  0.246515  2.25049
17.25  0.879646  25.8456  65.7738
17.25  0.911062  5.67195  1.38803
17.25  0.942478  5.86139  0.86279
17.25  0.973894  4.12495  0.567359
17.25  1.00531  4.65988  0.732543
17.25  1.03673  7.19955  1.56586
17.25  1.06814  5.6419  0.763725
17.25  1.09956  6.40756  1.06654
17.25  1.13097  5.09565  0.743028
17.25  1.16239  7.01088  1.21325
17.25  1.19381  6.64245  1.28956
17.25  1.22522  6.66294  0.995555
17.25  1.25664  11.9327  14.2918
17.25  1.28805  5.53365  2.0425
17.25  1.31947  7.74921  1.58688
17.25  1.35088  5.30113  1.77096
17.25  1.3823  6.36076  1.66764
17.25  1.41372  6.7832  1.51851
17.25  1.44513  8.16343  7.78751
17.25  1.47655  7.79799  1.78302
17.25  1.50796  7.77736  1.44523
17.25  1.53938  6.17563  1.40519
17.25  1.5708  6.20627  1.60148
17.25  1.60221  6.8127  1.8091
17.25  1.63363  5.69665  1.29337
17.25  1.66504  6.73402  1.30921
17.25  1.69646  5.2579  0.927296
17.25  1.72788  4.85069  0.827643
17.25  1.75929  5.63095  2.0173
17.25  1.79071  9.40009  2.65077
17.25  1.82212  6.98751  1.31883
17.25  1.85354  6.07345  1.0674
17.25  1.88496  5.32386  0.750057
17.25  1.91637  5.39515  0.993958
17.25  1.94779  6.51903  1.1742
17.25  1.9792  6.22396  1.73755
17.25  2.01062  4.41076  0.734653
17.25  2.04204  6.26457  1.27826
17.25  2.07345  6.2236  1.00781
17.25  2.10487  5.5632  1.20689
17.25  2.13628  5.25639  0.569994
17.25  2.1677  5.72337  0.900376
17.25  2.19911  6.09626  1.07973
17.25  2.23053  4.15855  2.00422
17.25  2.26195  0  0
17.25  2.29336  0  0
17.25  2.32478  0  0
17.25  2.35619  0  0
17.25  2.38761  0  0
17.25  2.41903  0  0
17.25  2.45044  0  0
17.25  2.48186  0  0
17.25  2.51327  0  0
17.25  2.54469  0  0
17.25  2.57611  0  0
17.25  2.60752  0  0
17.25  2.63894  0  0
17.25  2.67035  0  0
17.25  2.70177  0  0
17.25  2.73319  0  0
17.25  2.7646  0  0
17.25  2.79602  0  0
17.25  2.82743  0  0
17.25  2.85885  0  0
17.25  2.89027  0  0
17.25  2.92168  0  0
17.25  2.9531  0  0
17.25  2.98451  0  0
17.25  3.01593  0  0
17.25  3.04734  0  0
17.25  3.07876  0  0
17.25  3.11018  0  0
17.375  0  0  0
17.375  0.0314159  0  0
17.375  0.0628319  0  0
17.375  0.0942478  0  0
17.375  0.125664  0  0
17.375  0.15708  0  0
17.375  0.188496  0  0
17.375  0.219911  0  0
17.375  0.251327  0  0
17.375  0.282743  0  0
17.375  0.314159  0  0
17.375  0.345575  0  0
17.375  0.376991  0  0
17.375  0.408407  0  0
17.375  0.439823  0  0
17.375  0.471239  0  0
17.375  0.502655  0  0
17.375  0.534071  0  0
17.375  0.565487  0  0
17.375  0.596903  0  0
17.375  0.628319  0  0
17.375  0.659734  0  0
17.375  0.69115  0  0
17.375  0.722566  0  0
17.375  0.753982  0  0
17.375  0.785398  0  0
17.375  0.816814  0.247646  1.9136
17.375  0.84823  0.252745  1.76779
17.375  0.879646  9.40733  4.14418
17.375  0.911062  5.00099  1.21544
17.375  0.942478  4.92122  0.603819
17.375  0.973894  6.22635  0.9595
17.375  1.00531  5.63432  1.69076
17.375  1.03673  5.89298  1.24928
17.375  1.06814  4.22681  0.514643
17.375  1.09956  6.86011  1.51677
17.375  1.13097  6.02603  1.37729
17.375  1.16239  6.74164  1.2592
17.375  1.19381  5.87444  0.689533
17.375  1.22522  7.1995  1.25237
17.375  1.25664  4.53496  0.655778
17.375  1.28805  7.31808  2.07011
17.375  1.31947  6.35086  1.10847
17.375  1.35088  9.34994  3.49514
17.375  1.3823  5.44346  1.28268
17.375  1.41372  4.68344  0.739113
17.375  1.44513  6.75825  0.991167
17.375  1.47655  6.11712  0.851167
17.375  1.50796  4.5732  0.671581
17.375  1.53938  4.56928  0.631638
17.375  1.5708  5.38891  1.03447
17.375  1.60221  5.83082  1.21424
17.375  1.63363  6.06968  1.32444
17.375  1.66504  7.21475  1.23633
17.375  1.69646  5.53769  1.05439
17.375  1.72788  5.89645  1.29599
17.375  1.75929  6.10811  1.23842
17.375  1.79071  6.75782  1.30721
17.375  1.82212  5.87211  2.21371
17.375  1.85354  5.68061  0.858
17.375  1.88496  5.0902  0.906801
17.375  1.91637  6.88596  1.87006
17.375  1.94779  5.12183  0.686851
17.375  1.9792  5.9032  2.47725
17.375  2.01062  4.84984  0.766252
17.375  2.04204  7.42782  1.42961
17.375  2.07345  5.11495  0.742349
17.375  2.10487  5.24776  0.867518
17.375  2.13628  4.23569  0.599643
17.375  2.1677  5.11616  0.730998
17.375  2.19911  6.18852  0.955152
17.375  2.23053  2.57194  0.697513
17.375  2.26195  2.22291  16.3114
17.375  2.29336  0  0
17.375  2.32478  0  0
17.375  2.35619  0  0
17.375  2.38761  0  0
17.375  2.41903  0  0
17.375  2.45044  0  0
17.375  2.48186  0  0
17.375  2.51327  0  0
17.375  2.54469  0  0
17.375  2.57611  0  0
17.375  2.60752  0  0
17.375  2.63894  0  0
17.375  2.67035  0  0
17.375  2.70177  0  0
17.375  2.73319  0  0
17.375  2.7646  0  0
17.375  2.79602  0  0
17.375  2.82743  0  0
17.375  2.85885  0  0
17.375  2.89027  0  0
17.375  2.92168  0  0
17.375  2.9531  0  0
17.375  2.98451  0  0
17.375  3.01593  0  0
17.375  3.04734  0  0
17.375  3.07876  0  0
17.375  3.11018  0  0
17.5  0  0  0
17.5  0.0314159  0  0
17.5  0.0628319  0  0
17.5  0.0942478  0  0
17.5  0.125664  0  0
17.5  0.15708  0  0
17.5  0.188496  0  0
17.5  0.219911  0  0
17.5  0.251327  0  0
17.5  0.282743  0  0
17.5  0.314159  0  0
17.5  0.345575  0  0
17.5  0.376991  0  0
17.5  0.408407  0  0
17.5  0.439823  0  0
17.5  0.471239  0  0
17.5  0.502655  0  0
17.5  0.534071  0  0
17.5  0.565487  0  0
17.5  0.596903  0  0
17.5  0.628319  0  0
17.5  0.659734  0  0
17.5  0.69115  0  0
17.5  0.722566  0  0
17.5  0.753982  0  0
17.5  0.785398  0  0
17.5  0.816814  0  0
17.5  0.84823  8.75954  13.5178
17.5  0.879646  5.33087  1.59633
17.5  0.911062  3.57415  0.544209
17.5  0.942478  5.40429  0.68243
17.5  0.973894  5.10521  1.42567
17.5  1.00531  5.46154  0.836544
17.5  1.03673  5.35379  0.802644
17.5  1.06814  4.64858  0.819018
17.5  1.09956  5.40583  0.69646
17.5  1.13097  5.47191  1.47432
17.5  1.16239  9.73452  2.48583
17.5  1.19381  9.05405  2.53387
17.5  1.22522  5.00402  1.39752
17.5  1.25664  6.02102  1.15323
17.5  1.28805  5.81941  0.987616
17.5  1.31947  6.30268  1.11602
17.5  1.35088  7.7552  2.26398
17.5  1.3823  5.92042  1.63987
17.5  1.41372  6.25859  0.957763
17.5  1.44513  5.39463  0.839693
17.5  1.47655  12.5455  4.02157
17.5  1.50796  6.69326  1.62368
17.5  1.53938  5.20742  1.02937
17.5  1.5708  6.74193  1.68743
17.5  1.60221  5.10531  1.0028
17.5  1.63363  6.05619  1.62402
17.5  1.66504  3.89207  0.652798
17.5  1.69646  6.2385  0.873051
17.5  1.72788  5.83391  1.1809
17.5  1.75929  5.19763  0.714583
17.5  1.79071  6.36921  1.29887
17.5  1.82212  6.89421  0.952779
17.5  1.85354  7.51527  1.65818
17.5  1.88496  4.96943  0.550451
17.5  1.91637  7.44807  1.62435
17.5  1.94779  7.12115  2.0595
17.5  1.9792  6.2959  1.03306
17.5  2.01062  5.80133  1.56319
17.5  2.04204  5.31924  0.648415
17.5  2.07345  6.81676  2.95887
17.5  2.10487  6.1588  0.796722
17.5  2.13628  5.58416  0.559955
17.5  2.1677  5.05065  0.994398
17.5  2.19911  5.59274  0.854414
17.5  2.23053  4.97834  0.96947
17.5  2.26195  5.75309  3.0694
17.5  2.29336  0  0
17.5  2.32478  0  0
17.5  2.35619  0  0
17.5  2.38761  0  0
17.5  2.41903  0  0
17.5  2.45044  0  0
17.5  2.48186  0  0
17.5  2.51327  0  0
17.5  2.54469  0  0
17.5  2.57611  0  0
17.5  2.60752  0  0
17.5  2.63894  0  0
17.5  2.67035  0  0
17.5  2.70177  0  0
17.5  2.73319  0  0
17.5  2.7646  0  0
17.5  2.79602  0  0
17.5  2.82743  0  0
17.5  2.85885  0  0
17.5  2.89027  0  0
17.5  2.92168  0  0
17.5  2.9531  0  0
17.5  2.98451  0  0
17.5  3.01593  0  0
17.5  3.04734  0  0
17.5  3.07876  0  0
17.5  3.11018  0  0
17.625  0  0  0
17.625  0.0314159  0  0
17.625  0.0628319  0  0
17.625  0.0942478  0  0
17.625  0.125664  0  0
17.625  0.15708  0  0
17.625  0.188496  0  0
17.625  0.219911  0  0
17.625  0.251327  0  0
17.625  0.282743  0  0
17.625  0.314159  0  0
17.625  0.345575  0  0
17.625  0.376991  0  0
17.625  0.408407  0  0
17.625  0.439823  0  0
17.625  0.471239  0  0
17.625  0.502655  0  0
17.625  0.534071  0  0
17.625  0.565487  0  0
17.625  0.596903  0  0
17.625  0.628319  0  0
17.625  0.659734  0  0
17.625  0.69115  0  0
17.625  0.722566  0  0
17.625  0.753982  0  0
17.625  0.785398  0.247646  1.9136
17.625  0.816814  0.247646  1.9136
17.625  0.84823  8.2298  4.98268
17.625  0.879646  5.30825  0.954112
17.625  0.911062  6.69812  1.13916
17.625  0.942478  6.21291  1.00759
17.625  0.973894  3.90084  0.673266
17.625  1.00531  5.28681  0.683499
17.625  1.03673  6.01786  1.14999
17.625  1.06814  7.64098  1.76628
17.625  1.09956  3.52199  0.439506
17.625  1.13097  6.78889  1.04054
17.625  1.16239  7.42603  2.01119
17.625  1.19381  6.36423  0.901523
17.625  1.22522  6.34643  1.92772
17.625  1.25664  6.85111  1.09489
17.625  1.28805  7.23512  1.97914
17.625  1.31947  7.35758  2.2251
17.625  1.35088  6.51243  1.295
17.625  1.3823  7.12486  2.06564
17.625  1.41372  6.3334  1.19194
17.625  1.44513  4.50086  1.52999
17.625  1.47655  57.6094  48.9774
17.625  1.50796  7.1104  2.27127
17.625  1.53938  6.4366  1.1515
17.625  1.5708  4.95037  1.79956
17.625  1.60221  4.90343  1.20178
17.625  1.63363  6.17411  1.26186
17.625  1.66504  6.60063  2.96019
17.625  1.69646  5.76131  1.06417
17.625  1.72788  6.4139  1.28321
17.625  1.75929  9.06255  4.09915
17.625  1.79071  4.93273  1.069
17.625  1.82212  6.63413  1.51837
17.625  1.85354  6.0138  1.3022
17.625  1.88496  7.54924  1.40008
17.625  1.91637  6.14098  1.22545
17.625  1.94779  4.02283  0.680444
17.625  1.9792  6.69957  1.1829
17.625  2.01062  5.91072  1.00237
17.625  2.04204  5.74491  0.664794
17.625  2.07345  4.16835  0.456629
17.625  2.10487  5.62369  0.619449
17.625  2.13628  11.785  7.27085
17.625  2.1677  6.28974  0.968086
17.625  2.19911  4.0771  0.570044
17.625  2.23053  5.72078  0.758959
17.625  2.26195  5.1781  1.73969
17.625  2.29336  0  0
17.625  2.32478  0  0
17.625  2.35619  0  0
17.625  2.38761  0  0
17.625  2.41903  0  0
17.625  2.45044  0  0
17.625  2.48186  0  0
17.625  2.51327  0  0
17.625  2.54469  0  0
17.625  2.57611  0  0
17.625  2.60752  0  0
17.625  2.63894  0  0
17.625  2.67035  0  0
17.625  2.70177  0  0
17.625  2.73319  0  0
17.625  2.7646  0  0
17.625  2.79602  0  0
17.625  2.82743  0  0
17.625  2.85885  0  0
17.625  2.89027  0  0
17.625  2.92168  0  0
17.625  2.9531  0  0
17.625  2.98451  0  0
17.625  3.01593  0  0
17.625  3.04734  0  0
17.625  3.07876  0  0
17.625  3.11018  0  0
17.75  0  0  0
17.75  0.0314159  0  0
17.75  0.0628319  0  0
17.75  0.0942478  0  0
17.75  0.125664  0  0
17.75  0.15708  0  0
17.75  0.188496  0  0
17.75  0.219911  0  0
17.75  0.251327  0  0
17.75  0.282743  0  0
17.75  0.314159  0  0
17.75  0.345575  0  0
17.75  0.376991  0  0
17.75  0.408407  0  0
17.75  0.439823  0  0
17.75  0.471239  0  0
17.75  0.502655  0  0
17.75  0.534071  0  0
17.75  0.565487  0  0
17.75  0.596903  0  0
17.75  0.628319  0  0
17.75  0.659734  0  0
17.75  0.69115  0  0
17.75  0.722566  0  0
17.75  0.753982  0  0
17.75  0.785398  0  0
17.75  0.816814  49.7256  49.2916
17.75  0.84823  4.64036  1.13382
17.75  0.879646  5.84489  1.04111
17.75  0.911062  5.04338  0.674673
17.75  0.942478  4.66322  0.522646
17.75  0.973894  4.52062  0.845859
17.75  1.00531  6.0945  1.06104
17.75  1.03673  6.0524  1.04463
17.75  1.06814  6.34386  1.77808
17.75  1.09956  6.40176  0.963056
17.75  1.13097  5.94476  0.964102
17.75  1.16239  5.73735  0.939227
17.75  1.19381  6.38362  0.993665
17.75  1.22522  8.43629  1.52869
17.75  1.25664  7.03199  1.15212
17.75  1.28805  7.21598  1.41984
17.75  1.31947  7.21989  2.08997
17.75  1.35088  8.0967  1.61932
17.75  1.3823  8.3494  1.78047
17.75  1.41372  6.77848  1.12898
17.75  1.44513  7.73358  2.60343
17.75  1.47655  9.24003  1.90106
17.75  1.50796  4.66926  0.677317
17.75  1.53938  4.74196  0.842279
17.75  1.5708  4.86066  0.70876
17.75  1.60221  17.9175  14.6284
17.75  1.63363  8.76909  2.1833
17.75  1.66504  9.5681  3.35899
17.75  1.69646  5.69606  0.980539
17.75  1.72788  7.28001  1.37773
17.75  1.75929  6.10392  1.11913
17.75  1.79071  4.74844  0.722851
17.75  1.82212  6.96924  1.59145
17.75  1.85354  6.92265  1.32098
17.75  1.88496  7.53899  1.86504
17.75  1.91637  4.68242  0.629541
17.75  1.94779  5.34937  0.845366
17.75  1.9792  5.29126  1.01536
17.75  2.01062  6.42142  0.986059
17.75  2.04204  6.05833  0.76361
17.75  2.07345  4.04717  0.561301
17.75  2.10487  4.79021  0.785656
17.75  2.13628  4.61953  0.711806
17.75  2.1677  5.74073  0.869767
17.75  2.19911  5.04092  0.846025
17.75  2.23053  7.61846  2.31933
17.75  2.26195  6.66264  1.91803
17.75  2.29336  0.247646  1.9136
17.75  2.32478  0  0
17.75  2.35619  0  0
17.75  2.38761  0  0
17.75  2.41903  0  0
17.75  2.45044  0  0
17.75  2.48186  0  0
17.75  2.51327  0  0
17.75  2.54469  0  0
17.75  2.57611  0  0
17.75  2.60752  0  0
17.75  2.63894  0  0
17.75  2.67035  0  0
17.75  2.70177  0  0
17.75  2.73319  0  0
17.75  2.7646  0  0
17.75  2.79602  0  0
17.75  2.82743  0  0
17.75  2.85885  0  0
17.75  2.89027  0  0
17.75  2.92168  0  0
17.75  2.9531  0  0
17.75  2.98451  0  0
17.75  3.01593  0  0
17.75  3.04734  0  0
17.75  3.07876  0  0
17.75  3.11018  0  0
17.875  0  0  0
17.875  0.0314159  0  0
17.875  0.0628319  0  0
17.875  0.0942478  0  0
17.875  0.125664  0  0
17.875  0.15708  0  0
17.875  0.188496  0  0
17.875  0.219911  0  0
17.875  0.251327  0  0
17.875  0.282743  0  0
17.875  0.314159  0  0
17.875  0.345575  0  0
17.875  0.376991  0  0
17.875  0.408407  0  0
17.875  0.439823  0  0
17.875  0.471239  0  0
17.875  0.502655  0  0
17.875  0.534071  0  0
17.875  0.565487  0  0
17.875  0.596903  0  0
17.875  0.628319  0  0
17.875  0.659734  0  0
17.875  0.69115  0  0
17.875  0.722566  0  0
17.875  0.753982  0  0
17.875  0.785398  0  0
17.875  0.816814  3.4708  1.53242
17.875  0.84823  5.43131  0.944619
17.875  0.879646  5.67452  0.738991
17.875  0.911062  7.48775  2.53845
17.875  0.942478  7.24083  1.2649
17.875  0.973894  6.45562  0.867511
17.875  1.00531  5.46076  0.954875
17.875  1.03673  4.53058  0.527555
17.875  1.06814  6.82846  2.13779
17.875  1.09956  5.3567  0.836153
17.875  1.13097  5.57614  1.09323
17.875  1.16239  6.83033  1.40059
17.875  1.19381  4.86514  1.04588
17.875  1.22522  2.38048  0.540025
17.875  1.25664  4.70107  0.954985
17.875  1.28805  4.78797  1.1623
17.875  1.31947  5.36056  1.2457
17.875  1.35088  5.96529  1.44402
17.875  1.3823  8.72476  1.52837
17.875  1.41372  8.5941  1.61073
17.875  1.44513  5.86167  1.12231
17.875  1.47655  6.87509  1.67101
17.875  1.50796  5.77885  1.08288
17.875  1.53938  6.70228  1.45035
17.875  1.5708  7.51345  1.34032
17.875  1.60221  5.84709  1.13939
17.875  1.63363  6.02669  1.01506
17.875  1.66504  6.76717  1.16477
17.875  1.69646  4.72191  0.931179
17.875  1.72788  6.16391  0.907065
17.875  1.75929  5.18779  1.00305
17.875  1.79071  6.25891  1.05318
17.875  1.82212  6.93723  1.78376
17.875  1.85354  6.95492  1.4022
17.875  1.88496  6.0314  1.37541
17.875  1.91637  5.66152  1.33762
17.875  1.94779  5.62893  2.57239
17.875  1.9792  6.16603  0.820351
17.875  2.01062  7.26912  1.24792
17.875  2.04204  6.43969  1.40173
17.875  2.07345  4.9075  0.635896
17.875  2.10487  5.55106  0.610902
17.875  2.13628  5.20296  0.784134
17.875  2.1677  6.09021  0.844756
17.875  2.19911  3.28145  0.645042
17.875  2.23053  6.77221  0.893853
17.875  2.26195  5.32849  0.899867
17.875  2.29336  12.5103  30.7536
17.875  2.32478  0  0
17.875  2.35619  0  0
17.875  2.38761  0  0
17.875  2.41903  0  0
17.875  2.45044  0  0
17.875  2.48186  0  0
17.875  2.51327  0  0
17.875  2.54469  0  0
17.875  2.57611  0  0
17.875  2.60752  0  0
17.875  2.63894  0  0
17.875  2.67035  0  0
17.875  2.70177  0  0
17.875  2.73319  0  0
17.875  2.7646  0  0
17.875  2.79602  0  0
17.875  2.82743  0  0
17.875  2.85885  0  0
17.875  2.89027  0  0
17.875  2.92168  0  0
17.875  2.9531  0  0
17.875  2.98451  0  0
17.875  3.01593  0  0
17.875  3.04734  0  0
17.875  3.07876  0  0
17.875  3.11018  0  0
18  0  0  0
18  0.0314159  0  0
18  0.0628319  0  0
18  0.0942478  0  0
18  0.125664  0  0
18  0.15708  0  0
18  0.188496  0  0
18  0.219911  0  0
18  0.251327  0  0
18  0.282743  0  0
18  0.314159  0  0
18  0.345575  0  0
18  0.376991  0  0
18  0.408407  0  0
18  0.439823  0  0
18  0.471239  0  0
18  0.502655  0  0
18  0.534071  0  0
18  0.565487  0  0
18  0.596903  0  0
18  0.628319  0  0
18  0.659734  0  0
18  0.69115  0  0
18  0.722566  0  0
18  0.753982  0  0
18  0.785398  0.246515  2.25049
18  0.816814  7.19387  2.50088
18  0.84823  5.64547  0.66499
18  0.879646  5.08186  0.554402
18  0.911062  4.36315  0.541699
18  0.942478  6.28  1.65314
18  0.973894  5.1874  0.560155
18  1.00531  7.12822  1.18884
18  1.03673  4.89945  0.952939
18  1.06814  4.44708  0.689719
18  1.09956  5.34494  0.858204
18  1.13097  4.92925  0.811739
18  1.16239  5.1477  0.818691
18  1.19381  4.73001  0.734002
18  1.22522  6.75536  1.32865
18  1.25664  6.038  0.9035
18  1.28805  5.52689  0.921965
18  1.31947  5.76623  1.06316
18  1.35088  5.24609  0.776559
18  1.3823  8.89263  3.46151
18  1.41372  5.00894  1.84068
18  1.44513  7.48788  1.32919
18  1.47655  4.93709  0.942132
18  1.50796  6.42073  0.857399
18  1.53938  5.90116  0.770674
18  1.5708  6.78078  1.23922
18  1.60221  5.79576  0.964584
18  1.63363  4.25693  0.696439
18  1.66504  3.82602  0.737037
18  1.69646  5.88476  1.0178
18  1.72788  6.68586  1.38025
18  1.75929  7.19783  2.34055
18  1.79071  8.41566  1.72713
18  1.82212  6.98582  1.66994
18  1.85354  6.79645  1.10611
18  1.88496  3.79661  1.4599
18  1.91637  5.55803  0.753336
18  1.94779  4.48644  0.569615
18  1.9792  5.50166  0.607757
18  2.01062  4.3202  0.616523
18  2.04204  4.90564  0.614929
18  2.07345  5.34623  0.592386
18  2.10487  5.25235  0.799857
18  2.13628  5.22572  0.744236
18  2.1677  6.34503  1.17968
18  2.19911  6.12732  0.745404
18  2.23053  5.35164  0.660472
18  2.26195  6.98127  1.24023
18  2.29336  5.994  2.63923
18  2.32478  3.33437  24.4671
18  2.35619  0  0
18  2.38761  0  0
18  2.41903  0  0
18  2.45044  0  0
18  2.48186  0  0
18  2.51327  0  0
18  2.54469  0  0
18  2.57611  0  0
18  2.60752  0  0
18  2.63894  0  0
18  2.67035  0  0
18  2.70177  0  0
18  2.73319  0  0
18  2.7646  0  0
18  2.79602  0  0
18  2.82743  0  0
18  2.85885  0  0
18  2.89027  0  0
18  2.92168  0  0
18  2.9531  0  0
18  2.98451  0  0
18  3.01593  0  0
18  3.04734  0  0
18  3.07876  0  0
18  3.11018  0  0
18.125  0  0  0
18.125  0.0314159  0  0
18.125  0.0628319  0  0
18.125  0.0942478  0  0
18.125  0.125664  0  0
18.125  0.15708  0  0
18.125  0.188496  0  0
18.125  0.219911  0  0
18.125  0.251327  0  0
18.125  0.282743  0  0
18.125  0.314159  0  0
18.125  0.345575  0  0
18.125  0.376991  0  0
18.125  0.408407  0  0
18.125  0.439823  0  0
18.125  0.471239  0  0
18.125  0.502655  0  0
18.125  0.534071  0  0
18.125  0.565487  0  0
18.125  0.596903  0  0
18.125  0.628319  0  0
18.125  0.659734  0  0
18.125  0.69115  0  0
18.125  0.722566  0  0
18.125  0.753982  0  0
18.125  0.785398  38.5498  38.8639
18.125  0.816814  6.40404  0.998078
18.125  0.84823  4.69231  0.673722
18.125  0.879646  4.40267  0.582814
18.125  0.911062  7.63044  1.14999
18.125  0.942478  7.27132  1.23243
18.125  0.973894  5.22754  0.787889
18.125  1.00531  6.86435  1.06568
18.125  1.03673  4.357  0.642239
18.125  1.06814  4.12419  1.60147
18.125  1.09956  6.12139  1.12306
18.125  1.13097  4.94851  0.73477
18.125  1.16239  5.7659  1.17964
18.125  1.19381  5.41933  1.09343
18.125  1.22522  30.6172  41.4306
18.125  1.25664  5.22593  0.847224
18.125  1.28805  6.85496  1.10964
18.125  1.31947  5.48167  2.8113
18.125  1.35088  5.90922  1.50855
18.125  1.3823  6.26742  0.940392
18.125  1.41372  5.70443  1.23666
18.125  1.44513  5.39584  0.857509
18.125  1.47655  3.96649  0.517958
18.125  1.50796  8.09689  2.10108
18.125  1.53938  4.51921  1.5224
18.125  1.5708  5.13956  0.815087
18.125  1.60221  7.43047  1.81123
18.125  1.63363  7.70916  2.34058
18.125  1.66504  6.47994  1.07265
18.125  1.69646  7.44067  1.38595
18.125  1.72788  8.63903  4.87981
18.125  1.75929  9.64487  1.9237
18.125  1.79071  6.30475  1.26166
18.125  1.82212  5.81699  0.776726
18.125  1.85354  5.95836  1.12854
18.125  1.88496  6.34202  1.57621
18.125  1.91637  6.18099  1.13003
18.125  1.94779  5.45768  0.803567
18.125  1.9792  3.62738  0.556404
18.125  2.01062  6.32701  1.0467
18.125  2.04204  4.73551  0.888937
18.125  2.07345  5.31892  1.26619
18.125  2.10487  5.19031  0.784295
18.125  2.13628  5.32524  0.944419
18.125  2.1677  6.60833  0.918787
18.125  2.19911  5.74388  0.937666
18.125  2.23053  4.8813  1.0356
18.125  2.26195  3.41163  0.544685
18.125  2.29336  6.10576  1.03337
18.125  2.32478  62.2011  36.7076
18.125  2.35619  0.246515  2.25049
18.125  2.38761  0  0
18.125  2.41903  0  0
18.125  2.45044  0  0
18.125  2.48186  0  0
18.125  2.51327  0  0
18.125  2.54469  0  0
18.125  2.57611  0  0
18.125  2.60752  0  0
18.125  2.63894  0  0
18.125  2.67035  0  0
18.125  2.70177  0  0
18.125  2.73319  0  0
18.125  2.7646  0  0
18.125  2.79602  0  0
18.125  2.82743  0  0
18.125  2.85885  0  0
18.125  2.89027  0  0
18.125  2.92168  0  0
18.125  2.9531  0  0
18.125  2.98451  0  0
18.125  3.01593  0  0
18.125  3.04734  0  0
18.125  3.07876  0  0
18.125  3.11018  0  0
18.25  0  0  0
18.25  0.0314159  0  0
18.25  0.0628319  0  0
18.25  0.0942478  0  0
18.25  0.125664  0  0
18.25  0.15708  0  0
18.25  0.188496  0  0
18.25  0.219911  0  0
18.25  0.251327  0  0
18.25  0.282743  0  0
18.25  0.314159  0  0
18.25  0.345575  0  0
18.25  0.376991  0  0
18.25  0.408407  0  0
18.25  0.439823  0  0
18.25  0.471239  0  0
18.25  0.502655  0  0
18.25  0.534071  0  0
18.25  0.565487  0  0
18.25  0.596903  0  0
18.25  0.628319  0  0
18.25  0.659734  0  0
18.25  0.69115  0  0
18.25  0.722566  0  0
18.25  0.753982  0  0
18.25  0.785398  53.6711  30.4849
18.25  0.816814  4.95985  0.740409
18.25  0.84823  7.39087  1.26034
18.25  0.879646  5.51576  0.750168
18.25  0.911062  4.56695  0.668341
18.25  0.942478  5.65437  0.923885
18.25  0.973894  5.42901  0.600407
18.25  1.00531  5.53469  0.963122
18.25  1.03673  7.15579  0.963378
18.25  1.06814  9.07877  2.64771
18.25  1.09956  5.41518  0.936585
18.25  1.13097  7.38645  1.24008
18.25  1.16239  6.61124  1.09393
18.25  1.19381  7.06446  1.14961
18.25  1.22522  5.77574  1.65394
18.25  1.25664  6.24385  1.13051
18.25  1.28805  5.50616  0.957073
18.25  1.31947  7.13548  2.44144
18.25  1.35088  9.2707  4.95226
18.25  1.3823  8.06726  2.78679
18.25  1.41372  6.5701  1.1414
18.25  1.44513  7.3325  1.0755
18.25  1.47655  7.48784  1.53069
18.25  1.50796  4.709  2.40933
18.25  1.53938  9.49069  2.95759
18.25  1.5708  7.8038  4.06271
18.25  1.60221  6.0301  1.12491
18.25  1.63363  7.35349  1.19674
18.25  1.66504  6.60107  1.05333
18.25  1.69646  5.95147  1.15645
18.25  1.72788  4.44571  0.777777
18.25  1.75929  6.22376  0.968712
18.25  1.79071  6.00512  0.833685
18.25  1.82212  8.76597  2.09709
18.25  1.85354  4.08953  0.755973
18.25  1.88496  6.27675  1.70703
18.25  1.91637  5.17106  0.729014
18.25  1.94779  5.92639  1.23893
18.25  1.9792  5.1189  0.877833
18.25  2.01062  6.05696  1.44045
18.25  2.04204  6.49902  0.986598
18.25  2.07345  6.45351  1.02453
18.25  2.10487  7.59643  1.44121
18.25  2.13628  6.2296  0.822281
18.25  2.1677  4.55271  0.651175
18.25  2.19911  6.1892  1.18289
18.25  2.23053  4.97613  0.685733
18.25  2.26195  4.25957  1.23114
18.25  2.29336  3.66634  0.691762
18.25  2.32478  11.8954  14.9582
18.25  2.35619  0  0
18.25  2.38761  0  0
18.25  2.41903  0  0
18.25  2.45044  0  0
18.25  2.48186  0  0
18.25  2.51327  0  0
18.25  2.54469  0  0
18.25  2.57611  0  0
18.25  2.60752  0  0
18.25  2.63894  0  0
18.25  2.67035  0  0
18.25  2.70177  0  0
18.25  2.73319  0  0
18.25  2.7646  0  0
18.25  2.79602  0  0
18.25  2.82743  0  0
18.25  2.85885  0  0
18.25  2.89027  0  0
18.25  2.92168  0  0
18.25  2.9531  0  0
18.25  2.98451  0  0
18.25  3.01593  0  0
18.25  3.04734  0  0
18.25  3.07876  0  0
18.25  3.11018  0  0
18.375  0  0  0
18.375  0.0314159  0  0
18.375  0.0628319  0  0
18.375  0.0942478  0  0
18.375  0.125664  0  0
18.375  0.15708  0  0
18.375  0.188496  0  0
18.375  0.219911  0  0
18.375  0.251327  0  0
18.375  0.282743  0  0
18.375  0.314159  0  0
18.375  0.345575  0  0
18.375  0.376991  0  0
18.375  0.408407  0  0
18.375  0.439823  0  0
18.375  0.471239  0  0
18.375  0.502655  0  0
18.375  0.534071  0  0
18.375  0.565487  0  0
18.375  0.596903  0  0
18.375  0.628319  0  0
18.375  0.659734  0  0
18.375  0.69115  0  0
18.375  0.722566  0  0
18.375  0.753982  33.9761  27.2443
18.375  0.785398  5.58997  1.96551
18.375  0.816814  4.29869  0.69073
18.375  0.84823  5.63431  0.879698
18.375  0.879646  6.32495  0.819652
18.375  0.911062  6.36959  1.04892
18.375  0.942478  7.41085  1.36078
18.375  0.973894  5.34819  0.676992
18.375  1.00531  5.03409  0.58991
18.375  1.03673  7.41252  1.36675
18.375  1.06814  6.31769  1.05031
18.375  1.09956  5.95683  0.860332
18.375  1.13097  7.23407  1.10052
18.375  1.16239  5.08602  0.615126
18.375  1.19381  6.59534  1.42979
18.375  1.22522  3.44646  0.591935
18.375  1.25664  5.3004  0.72289
18.375  1.28805  5.13741  1.11114
18.375  1.31947  6.55893  1.03063
18.375  1.35088  3.77959  0.788387
18.375  1.3823  8.82117  1.72198
18.375  1.41372  5.41445  1.12818
18.375  1.44513  6.58883  1.58213
18.375  1.47655  5.15265  1.47695
18.375  1.50796  9.01976  2.00464
18.375  1.53938  7.72957  2.24842
18.375  1.5708  5.78677  0.96142
18.375  1.60221  5.68327  1.28217
18.375  1.63363  5.01024  0.894765
18.375  1.66504  3.95174  0.597324
18.375  1.69646  7.76963  1.58129
18.375  1.72788  6.83247  1.14247
18.375  1.75929  6.71772  1.13532
18.375  1.79071  7.59826  1.39763
18.375  1.82212  5.43423  0.919354
18.375  1.85354  6.29696  1.16849
18.375  1.88496  6.73418  1.3407
18.375  1.91637  5.92856  0.989614
18.375  1.94779  7.24797  1.22448
18.375  1.9792  6.67687  1.23058
18.375  2.01062  6.27015  1.0226
18.375  2.04204  3.76119  0.729474
18.375  2.07345  6.28133  0.901213
18.375  2.10487  7.23943  1.09782
18.375  2.13628  5.71977  1.02182
18.375  2.1677  3.98643  0.671378
18.375  2.19911  4.26506  0.426803
18.375  2.23053  5.3699  0.658618
18.375  2.26195  5.14604  0.831023
18.375  2.29336  9.2784  3.89743
18.375  2.32478  8.65781  3.41198
18.375  2.35619  0.247646  1.9136
18.375  2.38761  0  0
18.375  2.41903  0  0
18.375  2.45044  0  0
18.375  2.48186  0  0
18.375  2.51327  0  0
18.375  2.54469  0  0
18.375  2.57611  0  0
18.375  2.60752  0  0
18.375  2.63894  0  0
18.375  2.67035  0  0
18.375  2.70177  0  0
18.375  2.73319  0  0
18.375  2.7646  0  0
18.375  2.79602  0  0
18.375  2.82743  0  0
18.375  2.85885  0  0
18.375  2.89027  0  0
18.375  2.92168  0  0
18.375  2.9531  0  0
18.375  2.98451  0  0
18.375  3.01593  0  0
18.375  3.04734  0  0
18.375  3.07876  0  0
18.375  3.11018  0  0
18.5  0  0  0
18.5  0.0314159  0  0
18.5  0.0628319  0  0
18.5  0.0942478  0  0
18.5  0.125664  0  0
18.5  0.15708  0  0
18.5  0.188496  0  0
18.5  0.219911  0  0
18.5  0.251327  0  0
18.5  0.282743  0  0
18.5  0.314159  0  0
18.5  0.345575  0  0
18.5  0.376991  0  0
18.5  0.408407  0  0
18.5  0.439823  0  0
18.5  0.471239  0  0
18.5  0.502655  0  0
18.5  0.534071  0  0
18.5  0.565487  0  0
18.5  0.596903  0  0
18.5  0.628319  0  0
18.5  0.659734  0  0
18.5  0.69115  0  0
18.5  0.722566  0  0
18.5  0.753982  25.1435  24.624
18.5  0.785398  12.8996  16.5965
18.5  0.816814  4.90019  0.734075
18.5  0.84823  4.01636  0.582436
18.5  0.879646  6.37547  1.7825
18.5  0.911062  5.35493  0.773308
18.5  0.942478  5.48458  0.766144
18.5  0.973894  5.55987  0.872821
18.5  1.00531  6.68613  1.73281
18.5  1.03673  6.98022  1.47232
18.5  1.06814  7.53866  1.19169
18.5  1.09956  6.05198  1.21894
18.5  1.13097  5.26044  0.696505
18.5  1.16239  4.34499  0.967785
18.5  1.19381  4.97686  0.49084
18.5  1.22522  6.07551  0.972774
18.5  1.25664  6.00974  1.11808
18.5  1.28805  6.17928  1.71509
18.5  1.31947  5.88451  1.43481
18.5  1.35088  7.86672  1.69287
18.5  1.3823  5.80562  0.829923
18.5  1.41372  4.46002  0.76818
18.5  1.44513  6.41345  1.51606
18.5  1.47655  6.53437  0.866077
18.5  1.50796  9.64348  4.97063
18.5  1.53938  8.696  1.94951
18.5  1.5708  6.75877  1.21022
18.5  1.60221  5.55917  1.40341
18.5  1.63363  5.5871  0.980038
18.5  1.66504  10.1848  3.43525
18.5  1.69646  6.40251  1.14091
18.5  1.72788  6.41093  1.22915
18.5  1.75929  6.51339  1.13898
18.5  1.79071  8.05718  1.54501
18.5  1.82212  5.99279  1.46985
18.5  1.85354  5.6275  1.12277
18.5  1.88496  8.14948  1.51283
18.5  1.91637  6.57719  1.20352
18.5  1.94779  3.78848  0.550137
18.5  1.9792  5.47516  0.939659
18.5  2.01062  6.10633  0.983023
18.5  2.04204  5.40503  0.720141
18.5  2.07345  5.64341  0.885921
18.5  2.10487  5.85302  0.960926
18.5  2.13628  5.29108  0.718762
18.5  2.1677  5.59891  0.578861
18.5  2.19911  4.73435  0.813197
18.5  2.23053  5.62909  0.628157
18.5  2.26195  4.24023  0.533211
18.5  2.29336  6.80805  1.20955
18.5  2.32478  4.82868  0.81984
18.5  2.35619  6.54287  4.8396
18.5  2.38761  0  0
18.5  2.41903  0  0
18.5  2.45044  0  0
18.5  2.48186  0  0
18.5  2.51327  0  0
18.5  2.54469  0  0
18.5  2.57611  0  0
18.5  2.60752  0  0
18.5  2.63894  0  0
18.5  2.67035  0  0
18.5  2.70177  0  0
18.5  2.73319  0  0
18.5  2.7646  0  0
18.5  2.79602  0  0
18.5  2.82743  0  0
18.5  2.85885  0  0
18.5  2.89027  0  0
18.5  2.92168  0  0
18.5  2.9531  0  0
18.5  2.98451  0  0
18.5  3.01593  0  0
18.5  3.04734  0  0
18.5  3.07876  0  0
18.5  3.11018  0  0
18.625  0  0  0
18.625  0.0314159  0  0
18.625  0.0628319  0  0
18.625  0.0942478  0  0
18.625  0.125664  0  0
18.625  0.15708  0  0
18.625  0.188496  0  0
18.625  0.219911  0  0
18.625  0.251327  0  0
18.625  0.282743  0  0
18.625  0.314159  0  0
18.625  0.345575  0  0
18.625  0.376991  0  0
18.625  0.408407  0  0
18.625  0.439823  0  0
18.625  0.471239  0  0
18.625  0.502655  0  0
18.625  0.534071  0  0
18.625  0.565487  0  0
18.625  0.596903  0  0
18.625  0.628319  0  0
18.625  0.659734  0  0
18.625  0.69115  0  0
18.625  0.722566  0  0
18.625  0.753982  16.9134  41.5707
18.625  0.785398  4.91437  1.19236
18.625  0.816814  6.33669  1.73153
18.625  0.84823  7.69279  1.70419
18.625  0.879646  5.79039  0.711555
18.625  0.911062  6.08592  0.950669
18.625  0.942478  4.60453  0.832774
18.625  0.973894  4.96502  0.995926
18.625  1.00531  4.92823  1.38916
18.625  1.03673  6.78797  1.25664
18.625  1.06814  6.58744  1.09742
18.625  1.09956  5.52396  1.04573
18.625  1.13097  6.72198  1.83553
18.625  1.16239  8.78502  2.10917
18.625  1.19381  7.09878  1.268
18.625  1.22522  5.97684  1.17319
18.625  1.25664  4.81806  0.81029
18.625  1.28805  6.12915  0.86252
18.625  1.31947  7.43618  1.11452
18.625  1.35088  4.09557  1.03655
18.625  1.3823  6.3166  1.43895
18.625  1.41372  8.14343  2.05619
18.625  1.44513  8.41956  1.71239
18.625  1.47655  5.55182  1.05108
18.625  1.50796  6.632  1.66019
18.625  1.53938  5.56307  1.08794
18.625  1.5708  10.2356  2.59148
18.625  1.60221  9.42495  2.24938
18.625  1.63363  3.25444  1.3304
18.625  1.66504  7.95233  1.65907
18.625  1.69646  6.82738  1.23286
18.625  1.72788  6.98039  1.15011
18.625  1.75929  8.47437  2.35312
18.625  1.79071  18.1574  20.892
18.625  1.82212  6.39828  0.973514
18.625  1.85354  5.09139  0.673107
18.625  1.88496  5.46885  1.00129
18.625  1.91637  3.42088  0.536329
18.625  1.94779  6.49852  0.972359
18.625  1.9792  7.50248  1.37245
18.625  2.01062  4.50351  0.767777
18.625  2.04204  3.00392  0.503621
18.625  2.07345  4.02544  0.537296
18.625  2.10487  5.30388  0.719347
18.625  2.13628  6.77991  1.26366
18.625  2.1677  5.88097  0.677889
18.625  2.19911  7.24674  1.6635
18.625  2.23053  4.93619  0.753155
18.625  2.26195  5.13649  0.998379
18.625  2.29336  4.55456  0.647988
18.625  2.32478  4.64275  0.586105
18.625  2.35619  12.0852  14.1808
18.625  2.38761  0  0
18.625  2.41903  0  0
18.625  2.45044  0  0
18.625  2.48186  0  0
18.625  2.51327  0  0
18.625  2.54469  0  0
18.625  2.57611  0  0
18.625  2.60752  0  0
18.625  2.63894  0  0
18.625  2.67035  0  0
18.625  2.70177  0  0
18.625  2.73319  0  0
18.625  2.7646  0  0
18.625  2.79602  0  0
18.625  2.82743  0  0
18.625  2.85885  0  0
18.625  2.89027  0  0
18.625  2.92168  0  0
18.625  2.9531  0  0
18.625  2.98451  0  0
18.625  3.01593  0  0
18.625  3.04734  0  0
18.625  3.07876  0  0
18.625  3.11018  0  0
18.75  0  0  0
18.75  0.0314159  0  0
18.75  0.0628319  0  0
18.75  0.0942478  0  0
18.75  0.125664  0  0
18.75  0.15708  0  0
18.75  0.188496  0  0
18.75  0.219911  0  0
18.75  0.251327  0  0
18.75  0.282743  0  0
18.75  0.314159  0  0
18.75  0.345575  0  0
18.75  0.376991  0  0
18.75  0.408407  0  0
18.75  0.439823  0  0
18.75  0.471239  0  0
18.75  0.502655  0  0
18.75  0.534071  0  0
18.75  0.565487  0  0
18.75  0.596903  0  0
18.75  0.628319  0  0
18.75  0.659734  0  0
18.75  0.69115  0  0
18.75  0.722566  0.246515  2.25049
18.75  0.753982  10.3817  8.42073
18.75  0.785398  5.15609  0.768424
18.75  0.816814  6.05375  1.0851
18.75  0.84823  4.6726  0.446559
18.75  0.879646  6.63642  0.824271
18.75  0.911062  3.95692  0.717578
18.75  0.942478  4.38805  0.65232
18.75  0.973894  7.49529  1.41226
18.75  1.00531  5.86077  0.848106
18.75  1.03673  6.71439  1.22788
18.75  1.06814  7.11627  1.50024
18.75  1.09956  4.87782  0.542021
18.75  1.13097  6.86083  1.89053
18.75  1.16239  7.23167  1.73461
18.75  1.19381  6.5165  1.1265
18.75  1.22522  8.47384  2.61114
18.75  1.25664  6.55124  1.21874
18.75  1.28805  5.23973  1.30841
18.75  1.31947  7.84669  1.47633
18.75  1.35088  6.13498  1.08423
18.75  1.3823  4.02405  1.10568
18.75  1.41372  7.53249  1.47519
18.75  1.44513  7.53745  1.8795
18.75  1.47655  6.59004  1.12287
18.75  1.50796  7.52891  1.86527
18.75  1.53938  4.96689  0.744212
18.75  1.5708  5.94452  2.00302
18.75  1.60221  6.83246  1.25712
18.75  1.63363  7.74104  1.31504
18.75  1.66504  4.702  0.957517
18.75  1.69646  5.92699  1.26863
18.75  1.72788  4.87591  0.853292
18.75  1.75929  8.92172  1.98391
18.75  1.79071  6.28253  1.32077
18.75  1.82212  5.24506  1.31612
18.75  1.85354  5.44341  0.683454
18.75  1.88496  9.9686  4.41737
18.75  1.91637  6.07193  1.23779
18.75  1.94779  6.21119  0.787707
18.75  1.9792  6.03044  1.00663
18.75  2.01062  5.41833  1.06216
18.75  2.04204  5.83679  0.863231
18.75  2.07345  5.4309  0.80141
18.75  2.10487  5.84219  0.65574
18.75  2.13628  5.19014  0.681718
18.75  2.1677  6.80625  1.28599
18.75  2.19911  5.09909  0.815888
18.75  2.23053  6.60027  1.23171
18.75  2.26195  4.43562  0.553291
18.75  2.29336  6.72877  1.32364
18.75  2.32478  4.35894  1.3569
18.75  2.35619  6.30113  1.82887
18.75  2.38761  0.246515  2.25049
18.75  2.41903  0  0
18.75  2.45044  0  0
18.75  2.48186  0  0
18.75  2.51327  0  0
18.75  2.54469  0  0
18.75  2.57611  0  0
18.75  2.60752  0  0
18.75  2.63894  0  0
18.75  2.67035  0  0
18.75  2.70177  0  0
18.75  2.73319  0  0
18.75  2.7646  0  0
18.75  2.79602  0  0
18.75  2.82743  0  0
18.75  2.85885  0  0
18.75  2.89027  0  0
18.75  2.92168  0  0
18.75  2.9531  0  0
18.75  2.98451  0  0
18.75  3.01593  0  0
18.75  3.04734  0  0
18.75  3.07876  0  0
18.75  3.11018  0  0
18.875  0  0  0
18.875  0.0314159  0  0
18.875  0.0628319  0  0
18.875  0.0942478  0  0
18.875  0.125664  0  0
18.875  0.15708  0  0
18.875  0.188496  0  0
18.875  0.219911  0  0
18.875  0.251327  0  0
18.875  0.282743  0  0
18.875  0.314159  0  0
18.875  0.345575  0  0
18.875  0.376991  0  0
18.875  0.408407  0  0
18.875  0.439823  0  0
18.875  0.471239  0  0
18.875  0.502655  0  0
18.875  0.534071  0  0
18.875  0.565487  0  0
18.875  0.596903  0  0
18.875  0.628319  0  0
18.875  0.659734  0  0
18.875  0.69115  0  0
18.875  0.722566  33.1521  30.8503
18.875  0.753982  3.84356  0.624532
18.875  0.785398  4.44506  0.738366
18.875  0.816814  6.2379  1.10731
18.875  0.84823  5.82527  0.806482
18.875  0.879646  6.39227  1.03716
18.875  0.911062  5.05154  0.692769
18.875  0.942478  5.18467  0.772166
18.875  0.973894  5.6769  1.04367
18.875  1.00531  4.58506  0.784211
18.875  1.03673  6.16732  1.02863
18.875  1.06814  6.16431  0.871813
18.875  1.09956  3.18225  0.722123
18.875  1.13097  4.89681  0.929115
18.875  1.16239  5.38564  0.750229
18.875  1.19381  6.21173  1.15856
18.875  1.22522  5.65228  0.756647
18.875  1.25664  4.87087  0.712098
18.875  1.28805  4.63969  0.921553
18.875  1.31947  9.21492  2.34542
18.875  1.35088  7.90954  1.76197
18.875  1.3823  6.45387  1.70862
18.875  1.41372  4.48408  0.873045
18.875  1.44513  7.50481  1.63863
18.875  1.47655  9.05574  2.5202
18.875  1.50796  6.07957  1.2529
18.875  1.53938  5.86106  1.07713
18.875  1.5708  6.98855  1.57247
18.875  1.60221  6.22634  1.1121
18.875  1.63363  6.27205  1.05741
18.875  1.66504  5.56373  1.08468
18.875  1.69646  4.69722  0.67269
18.875  1.72788  7.36638  1.74085
18.875  1.75929  7.05968  1.24788
18.875  1.79071  8.58681  2.14325
18.875  1.82212  6.8547  1.47656
18.875  1.85354  5.03678  0.99085
18.875  1.88496  7.75602  2.11595
18.875  1.91637  8.40221  1.6333
18.875  1.94779  6.38646  1.11214
18.875  1.9792  4.349  1.05269
18.875  2.01062  5.34416  1.22834
18.875  2.04204  4.74295  1.32594
18.875  2.07345  6.17242  0.841314
18.875  2.10487  5.51441  0.655179
18.875  2.13628  5.54561  0.980606
18.875  2.1677  4.70402  0.59497
18.875  2.19911  5.62131  0.938305
18.875  2.23053  5.93812  0.8689
18.875  2.26195  6.44751  1.03125
18.875  2.29336  5.20023  0.766934
18.875  2.32478  4.97965  0.680952
18.875  2.35619  6.15536  1.63158
18.875  2.38761  45.8248  29.949
18.875  2.41903  0.252745  1.76779
18.875  2.45044  0  0
18.875  2.48186  0  0
18.875  2.51327  0  0
18.875  2.54469  0  0
18.875  2.57611  0  0
18.875  2.60752  0  0
18.875  2.63894  0  0
18.875  2.67035  0  0
18.875  2.70177  0  0
18.875  2.73319  0  0
18.875  2.7646  0  0
18.875  2.79602  0  0
18.875  2.82743  0  0
18.875  2.85885  0  0
18.875  2.89027  0  0
18.875  2.92168  0  0
18.875  2.9531  0  0
18.875  2.98451  0  0
18.875  3.01593  0  0
18.875  3.04734  0  0
18.875  3.07876  0  0
18.875  3.11018  0  0
19  0  0  0
19  0.0314159  0  0
19  0.0628319  0  0
19  0.0942478  0  0
19  0.125664  0  0
19  0.15708  0  0
19  0.188496  0  0
19  0.219911  0  0
19  0.251327  0  0
19  0.282743  0  0
19  0.314159  0  0
19  0.345575  0  0
19  0.376991  0  0
19  0.408407  0  0
19  0.439823  0  0
19  0.471239  0  0
19  0.502655  0  0
19  0.534071  0  0
19  0.565487  0  0
19  0.596903  0  0
19  0.628319  0  0
19  0.659734  0  0
19  0.69115  0  0
19  0.722566  57.1166  56.662
19  0.753982  3.95708  1.35452
19  0.785398  5.57293  0.798935
19  0.816814  4.32129  0.536942
19  0.84823  5.14764  0.662401
19  0.879646  5.37349  0.673131
19  0.911062  4.91758  0.555002
19  0.942478  5.08458  0.850761
19  0.973894  4.81937  0.521671
19  1.00531  3.26136  0.529197
19  1.03673  6.57227  1.06964
19  1.06814  3.76078  0.566439
19  1.09956  6.31347  1.25678
19  1.13097  5.59557  1.15409
19  1.16239  7.99707  1.60755
19  1.19381  6.46975  0.887003
19  1.22522  5.08768  1.05319
19  1.25664  6.47143  1.42999
19  1.28805  15.4748  9.69309
19  1.31947  6.86612  1.00361
19  1.35088  5.49181  0.761439
19  1.3823  7.99912  2.27012
19  1.41372  9.16429  2.16064
19  1.44513  6.13723  1.2225
19  1.47655  7.36476  1.51931
19  1.50796  5.65073  0.904999
19  1.53938  6.13738  2.25091
19  1.5708  5.76238  1.50752
19  1.60221  8.78198  1.79897
19  1.63363  5.89699  1.1
19  1.66504  5.13799  1.21658
19  1.69646  6.69306  0.953678
19  1.72788  8.08128  4.18858
19  1.75929  7.18896  1.48468
19  1.79071  5.96978  1.15958
19  1.82212  6.10113  1.09248
19  1.85354  8.79847  2.0083
19  1.88496  5.89606  0.953557
19  1.91637  5.14818  1.14174
19  1.94779  5.2127  0.856845
19  1.9792  7.07198  0.80211
19  2.01062  4.58516  0.928655
19  2.04204  5.93429  1.09673
19  2.07345  6.40851  0.841601
19  2.10487  5.39786  0.839577
19  2.13628  5.51048  0.74461
19  2.1677  5.8346  0.680418
19  2.19911  4.75559  0.94237
19  2.23053  4.56617  0.664642
19  2.26195  5.78877  0.673
19  2.29336  7.08914  1.5669
19  2.32478  5.95378  0.974355
19  2.35619  4.61534  0.693751
19  2.38761  7.07961  5.53271
19  2.41903  0  0
19  2.45044  0  0
19  2.48186  0  0
19  2.51327  0  0
19  2.54469  0  0
19  2.57611  0  0
19  2.60752  0  0
19  2.63894  0  0
19  2.67035  0  0
19  2.70177  0  0
19  2.73319  0  0
19  2.7646  0  0
19  2.79602  0  0
19  2.82743  0  0
19  2.85885  0  0
19  2.89027  0  0
19  2.92168  0  0
19  2.9531  0  0
19  2.98451  0  0
19  3.01593  0  0
19  3.04734  0  0
19  3.07876  0  0
19  3.11018  0  0
19.125  0  0  0
19.125  0.0314159  0  0
19.125  0.0628319  0  0
19.125  0.0942478  0  0
19.125  0.125664  0  0
19.125  0.15708  0  0
19.125  0.188496  0  0
19.125  0.219911  0  0
19.125  0.251327  0  0
19.125  0.282743  0  0
19.125  0.314159  0  0
19.125  0.345575  0  0
19.125  0.376991  0  0
19.125  0.408407  0  0
19.125  0.439823  0  0
19.125  0.471239  0  0
19.125  0.502655  0  0
19.125  0.534071  0  0
19.125  0.565487  0  0
19.125  0.596903  0  0
19.125  0.628319  0  0
19.125  0.659734  0  0
19.125  0.69115  0  0
19.125  0.722566  8.15396  4.0062
19.125  0.753982  4.85714  0.897224
19.125  0.785398  4.408  0.78213
19.125  0.816814  5.94084  1.10498
19.125  0.84823  4.8936  0.577978
19.125  0.879646  5.20327  0.591903
19.125  0.911062  5.34263  0.640314
19.125  0.942478  5.04531  0.770844
19.125  0.973894  6.53827  1.06042
19.125  1.00531  5.50585  0.703017
19.125  1.03673  8.05379  2.3381
19.125  1.06814  6.07384  1.06683
19.125  1.09956  5.72647  1.02735
19.125  1.13097  5.50107  1.06449
19.125  1.16239  6.52436  0.895873
19.125  1.19381  7.79516  1.91567
19.125  1.22522  6.23336  1.12905
19.125  1.25664  4.80204  1.04391
19.125  1.28805  7.49756  1.85077
19.125  1.31947  6.38156  0.909348
19.125  1.35088  7.94363  1.86941
19.125  1.3823  7.79943  1.80532
19.125  1.41372  6.83828  1.3078
19.125  1.44513  5.79586  1.0016
19.125  1.47655  5.48008  0.987229
19.125  1.50796  8.25693  1.9929
19.125  1.53938  7.02143  1.21159
19.125  1.5708  6.22852  0.909123
19.125  1.60221  5.69636  1.77299
19.125  1.63363  6.83813  2.13384
19.125  1.66504  7.07587  1.15291
19.125  1.69646  5.12059  0.644157
19.125  1.72788  5.11261  0.869907
19.125  1.75929  9.57612  4.69157
19.125  1.79071  5.70725  0.820848
19.125  1.82212  7.24614  2.45844
19.125  1.85354  5.95871  1.36739
19.125  1.88496  5.59552  0.929096
19.125  1.91637  6.26262  1.5108
19.125  1.94779  5.81524  1.18126
19.125  1.9792  4.91134  0.856495
19.125  2.01062  6.65932  1.10948
19.125  2.04204  6.64916  1.10385
19.125  2.07345  5.22513  0.645313
19.125  2.10487  5.50116  1.07593
19.125  2.13628  3.97595  0.467297
19.125  2.1677  5.28065  0.785849
19.125  2.19911  4.89148  0.587287
19.125  2.23053  5.8299  0.757303
19.125  2.26195  5.47117  0.713529
19.125  2.29336  5.10116  0.671992
19.125  2.32478  4.00569  0.458602
19.125  2.35619  4.82315  1.04804
19.125  2.38761  7.54688  6.58936
19.125  2.41903  4.44582  32.6228
19.125  2.45044  0  0
19.125  2.48186  0  0
19.125  2.51327  0  0
19.125  2.54469  0  0
19.125  2.57611  0  0
19.125  2.60752  0  0
19.125  2.63894  0  0
19.125  2.67035  0  0
19.125  2.70177  0  0
19.125  2.73319  0  0
19.125  2.7646  0  0
19.125  2.79602  0  0
19.125  2.82743  0  0
19.125  2.85885  0  0
19.125  2.89027  0  0
19.125  2.92168  0  0
19.125  2.9531  0  0
19.125  2.98451  0  0
19.125  3.01593  0  0
19.125  3.04734  0  0
19.125  3.07876  0  0
19.125  3.11018  0  0
19.25  0  0  0
19.25  0.0314159  0  0
19.25  0.0628319  0  0
19.25  0.0942478  0  0
19.25  0.125664  0  0
19.25  0.15708  0  0
19.25  0.188496  0  0
19.25  0.219911  0  0
19.25  0.251327  0  0
19.25  0.282743  0  0
19.25  0.314159  0  0
19.25  0.345575  0  0
19.25  0.376991  0  0
19.25  0.408407  0  0
19.25  0.439823  0  0
19.25  0.471239  0  0
19.25  0.502655  0  0
19.25  0.534071  0  0
19.25  0.565487  0  0
19.25  0.596903  0  0
19.25  0.628319  0  0
19.25  0.659734  0  0
19.25  0.69115  9.66109  9.2182
19.25  0.722566  3.35454  1.12777
19.25  0.753982  5.08749  0.809653
19.25  0.785398  5.38619  0.976703
19.25  0.816814  6.83545  1.14564
19.25  0.84823  4.62141  0.530897
19.25  0.879646  4.489  0.482517
19.25  0.911062  4.32611  0.728358
19.25  0.942478  5.34551  0.772979
19.25  0.973894  6.09987  0.750569
19.25  1.00531  4.49126  0.649904
19.25  1.03673  4.63488  0.635093
19.25  1.06814  4.43927  0.602544
19.25  1.09956  5.12659  0.908759
19.25  1.13097  6.81113  1.42359
19.25  1.16239  7.44158  1.5133
19.25  1.19381  4.97276  1.32523
19.25  1.22522  7.07213  1.99448
19.25  1.25664  7.80596  2.03584
19.25  1.28805  8.3028  2.16656
19.25  1.31947  5.94853  1.09475
19.25  1.35088  7.04571  1.33009
19.25  1.3823  4.35558  0.62173
19.25  1.41372  4.0923  0.723349
19.25  1.44513  13.0336  8.52145
19.25  1.47655  6.80119  1.27236
19.25  1.50796  7.12708  1.20431
19.25  1.53938  7.87835  1.55831
19.25  1.5708  5.82706  0.999473
19.25  1.60221  5.44321  1.13171
19.25  1.63363  6.18185  1.12387
19.25  1.66504  6.11917  2.91958
19.25  1.69646  6.027  1.18255
19.25  1.72788  5.43967  0.84059
19.25  1.75929  11.8694  6.47658
19.25  1.79071  6.04543  1.10064
19.25  1.82212  2.58244  1.01376
19.25  1.85354  6.09465  1.29065
19.25  1.88496  8.26417  3.82956
19.25  1.91637  6.85063  1.4685
19.25  1.94779  5.49921  0.885288
19.25  1.9792  4.77661  0.666863
19.25  2.01062  6.00346  0.92889
19.25  2.04204  6.31018  0.973374
19.25  2.07345  5.14075  0.739938
19.25  2.10487  5.25067  0.77631
19.25  2.13628  5.3112  0.902803
19.25  2.1677  4.61745  0.448217
19.25  2.19911  5.75502  1.08703
19.25  2.23053  5.85297  1.24439
19.25  2.26195  5.16852  0.760998
19.25  2.29336  5.46323  0.932056
19.25  2.32478  5.44791  0.676825
19.25  2.35619  4.69467  0.805765
19.25  2.38761  9.9528  3.45307
19.25  2.41903  48.9807  43.0921
19.25  2.45044  0  0
19.25  2.48186  0  0
19.25  2.51327  0  0
19.25  2.54469  0  0
19.25  2.57611  0  0
19.25  2.60752  0  0
19.25  2.63894  0  0
19.25  2.67035  0  0
19.25  2.70177  0  0
19.25  2.73319  0  0
19.25  2.7646  0  0
19.25  2.79602  0  0
19.25  2.82743  0  0
19.25  2.85885  0  0
19.25  2.89027  0  0
19.25  2.92168  0  0
19.25  2.9531  0  0
19.25  2.98451  0  0
19.25  3.01593  0  0
19.25  3.04734  0  0
19.25  3.07876  0  0
19.25  3.11018  0  0
19.375  0  0  0
19.375  0.0314159  0  0
19.375  0.0628319  0  0
19.375  0.0942478  0  0
19.375  0.125664  0  0
19.375  0.15708  0  0
19.375  0.188496  0  0
19.375  0.219911  0  0
19.375  0.251327  0  0
19.375  0.282743  0  0
19.375  0.314159  0  0
19.375  0.345575  0  0
19.375  0.376991  0  0
19.375  0.408407  0  0
19.375  0.439823  0  0
19.375  0.471239  0  0
19.375  0.502655  0  0
19.375  0.534071  0  0
19.375  0.565487  0  0
19.375  0.596903  0  0
19.375  0.628319  0  0
19.375  0.659734  0.246489  2.2511
19.375  0.69115  22.608  34.9514
19.375  0.722566  4.86313  2.02554
19.375  0.753982  7.12569  1.35267
19.375  0.785398  4.4491  0.956489
19.375  0.816814  3.87248  0.488271
19.375  0.84823  5.47906  0.725994
19.375  0.879646  5.37886  0.70853
19.375  0.911062  5.47628  0.709401
19.375  0.942478  8.49866  2.47742
19.375  0.973894  7.0966  1.13971
19.375  1.00531  5.19267  0.591069
19.375  1.03673  4.07746  0.572806
19.375  1.06814  5.45887  0.801034
19.375  1.09956  5.79023  0.903386
19.375  1.13097  7.20679  1.05349
19.375  1.16239  5.7551  1.05137
19.375  1.19381  7.16872  1.40369
19.375  1.22522  6.49152  1.23634
19.375  1.25664  8.87759  2.12997
19.375  1.28805  5.57682  1.38286
19.375  1.31947  8.50457  4.06215
19.375  1.35088  6.45597  1.5931
19.375  1.3823  6.59138  1.6237
19.375  1.41372  7.07741  1.75747
19.375  1.44513  7.39051  1.2975
19.375  1.47655  4.21768  1.16289
19.375  1.50796  6.82206  1.32675
19.375  1.53938  5.06809  0.683168
19.375  1.5708  6.67354  1.44502
19.375  1.60221  5.57456  0.974464
19.375  1.63363  7.86438  1.19564
19.375  1.66504  7.48271  1.74105
19.375  1.69646  6.06116  2.08698
19.375  1.72788  7.73186  3.97721
19.375  1.75929  3.5329  0.618253
19.375  1.79071  5.89935  1.52776
19.375  1.82212  4.86036  0.773437
19.375  1.85354  5.8675  1.29264
19.375  1.88496  6.24086  0.903257
19.375  1.91637  4.96801  0.93387
19.375  1.94779  6.7722  1.31713
19.375  1.9792  5.47031  0.834195
19.375  2.01062  5.43969  0.810745
19.375  2.04204  5.41066  0.753179
19.375  2.07345  6.03357  1.11541
19.375  2.10487  7.74901  1.72093
19.375  2.13628  5.44096  0.784054
19.375  2.1677  4.31032  0.640414
19.375  2.19911  5.68294  0.726778
19.375  2.23053  5.95206  1.25895
19.375  2.26195  4.8312  0.688576
19.375  2.29336  5.06256  0.856376
19.375  2.32478  4.88905  0.59105
19.375  2.35619  4.63166  0.663863
19.375  2.38761  4.62204  1.19316
19.375  2.41903  5.63266  17.3018
19.375  2.45044  3.33437  24.4671
19.375  2.48186  0  0
19.375  2.51327  0  0
19.375  2.54469  0  0
19.375  2.57611  0  0
19.375  2.60752  0  0
19.375  2.63894  0  0
19.375  2.67035  0  0
19.375  2.70177  0  0
19.375  2.73319  0  0
19.375  2.7646  0  0
19.375  2.79602  0  0
19.375  2.82743  0  0
19.375  2.85885  0  0
19.375  2.89027  0  0
19.375  2.92168  0  0
19.375  2.9531  0  0
19.375  2.98451  0  0
19.375  3.01593  0  0
19.375  3.04734  0  0
19.375  3.07876  0  0
19.375  3.11018  0  0
19.5  0  0  0
19.5  0.0314159  0  0
19.5  0.0628319  0  0
19.5  0.0942478  0  0
19.5  0.125664  0  0
19.5  0.15708  0  0
19.5  0.188496  0  0
19.5  0.219911  0  0
19.5  0.251327  0  0
19.5  0.282743  0  0
19.5  0.314159  0  0
19.5  0.345575  0  0
19.5  0.376991  0  0
19.5  0.408407  0  0
19.5  0.439823  0  0
19.5  0.471239  0  0
19.5  0.502655  0  0
19.5  0.534071  0  0
19.5  0.565487  0  0
19.5  0.596903  0  0
19.5  0.628319  0  0
19.5  0.659734  0  0
19.5  0.69115  43.0813  27.4787
19.5  0.722566  5.51803  1.25993
19.5  0.753982  8.12312  1.93348
19.5  0.785398  6.2269  0.88024
19.5  0.816814  5.91496  0.87653
19.5  0.84823  5.07565  0.632985
19.5  0.879646  5.64143  0.884642
19.5  0.911062  5.21165  0.972803
19.5  0.942478  6.0291  1.01066
19.5  0.973894  6.59003  0.75573
19.5  1.00531  6.13677  0.877767
19.5  1.03673  5.38519  0.57389
19.5  1.06814  4.07366  0.733895
19.5  1.09956  8.0741  2.20465
19.5  1.13097  4.33418  0.692401
19.5  1.16239  6.14147  1.37381
19.5  1.19381  6.3487  0.797907
19.5  1.22522  6.80701  1.59788
19.5  1.25664  6.72407  1.12577
19.5  1.28805  4.75484  0.618553
19.5  1.31947  5.25778  0.895393
19.5  1.35088  7.2859  1.60902
19.5  1.3823  7.06353  1.1303
19.5  1.41372  9.03985  3.02512
19.5  1.44513  5.39605  1.29979
19.5  1.47655  6.25953  1.07614
19.5  1.50796  8.97546  3.29465
19.5  1.53938  5.0997  1.17146
19.5  1.5708  8.52305  2.10421
19.5  1.60221  6.41103  2.41369
19.5  1.63363  5.46988  1.75606
19.5  1.66504  5.31247  1.1244
19.5  1.69646  8.58973  2.73932
19.5  1.72788  6.42581  0.876085
19.5  1.75929  4.07897  0.727145
19.5  1.79071  5.00786  0.707913
19.5  1.82212  2.32269  0.549501
19.5  1.85354  6.88241  1.20482
19.5  1.88496  7.06961  1.52148
19.5  1.91637  5.56854  0.817255
19.5  1.94779  5.20441  0.762611
19.5  1.9792  6.21994  1.51128
19.5  2.01062  4.25262  0.615627
19.5  2.04204  5.39354  0.670202
19.5  2.07345  6.04637  1.10318
19.5  2.10487  6.10756  1.02965
19.5  2.13628  3.7482  0.669918
19.5  2.1677  5.66365  1.16245
19.5  2.19911  5.36668  0.654639
19.5  2.23053  4.6372  0.647764
19.5  2.26195  6.40484  1.31373
19.5  2.29336  5.78365  0.654031
19.5  2.32478  3.98432  0.511122
19.5  2.35619  6.1425  1.00285
19.5  2.38761  5.41959  0.726687
19.5  2.41903  8.03492  6.56162
19.5  2.45044  0  0
19.5  2.48186  0  0
19.5  2.51327  0  0
19.5  2.54469  0  0
19.5  2.57611  0  0
19.5  2.60752  0  0
19.5  2.63894  0  0
19.5  2.67035  0  0
19.5  2.70177  0  0
19.5  2.73319  0  0
19.5  2.7646  0  0
19.5  2.79602  0  0
19.5  2.82743  0  0
19.5  2.85885  0  0
19.5  2.89027  0  0
19.5  2.92168  0  0
19.5  2.9531  0  0
19.5  2.98451  0  0
19.5  3.01593  0  0
19.5  3.04734  0  0
19.5  3.07876  0  0
19.5  3.11018  0  0
19.625  0  0  0
19.625  0.0314159  0  0
19.625  0.0628319  0  0
19.625  0.0942478  0  0
19.625  0.125664  0  0
19.625  0.15708  0  0
19.625  0.188496  0  0
19.625  0.219911  0  0
19.625  0.251327  0  0
19.625  0.282743  0  0
19.625  0.314159  0  0
19.625  0.345575  0  0
19.625  0.376991  0  0
19.625  0.408407  0  0
19.625  0.439823  0  0
19.625  0.471239  0  0
19.625  0.502655  0  0
19.625  0.534071  0  0
19.625  0.565487  0  0
19.625  0.596903  0  0
19.625  0.628319  0  0
19.625  0.659734  3.33437  24.4671
19.625  0.69115  4.59504  2.09155
19.625  0.722566  7.36041  2.46236
19.625  0.753982  4.48324  0.680052
19.625  0.785398  6.12786  0.978615
19.625  0.816814  5.06383  0.549183
19.625  0.84823  5.56167  0.865929
19.625  0.879646  6.28447  0.917644
19.625  0.911062  5.84755  0.976626
19.625  0.942478  6.93951  1.52708
19.625  0.973894  5.56789  0.762492
19.625  1.00531  6.35103  1.07842
19.625  1.03673  4.87255  0.612001
19.625  1.06814  7.18703  1.36347
19.625  1.09956  7.78343  2.07026
19.625  1.13097  7.55749  3.13339
19.625  1.16239  6.01323  0.980224
19.625  1.19381  6.96061  1.36097
19.625  1.22522  6.51887  1.2712
19.625  1.25664  6.42916  0.906833
19.625  1.28805  6.09082  2.86008
19.625  1.31947  6.02713  0.874153
19.625  1.35088  5.26379  1.7419
19.625  1.3823  7.25876  1.43003
19.625  1.41372  4.84963  1.40379
19.625  1.44513  9.29697  2.52815
19.625  1.47655  7.54105  1.80445
19.625  1.50796  7.49177  2.00003
19.625  1.53938  6.9878  1.99533
19.625  1.5708  8.39192  1.15286
19.625  1.60221  7.3863  1.30459
19.625  1.63363  6.79321  1.25348
19.625  1.66504  6.43796  0.868801
19.625  1.69646  9.24666  2.82172
19.625  1.72788  6.80195  1.14844
19.625  1.75929  5.47947  0.95358
19.625  1.79071  7.74475  1.89426
19.625  1.82212  8.05082  4.57113
19.625  1.85354  6.73056  1.39669
19.625  1.88496  6.49878  1.83715
19.625  1.91637  5.96581  0.893223
19.625  1.94779  5.49598  1.32067
19.625  1.9792  5.92971  1.20444
19.625  2.01062  3.73827  0.919488
19.625  2.04204  5.74576  1.07335
19.625  2.07345  6.5193  1.06608
19.625  2.10487  6.09459  0.909265
19.625  2.13628  6.05973  0.803638
19.625  2.1677  5.46225  0.735707
19.625  2.19911  4.13808  0.431206
19.625  2.23053  5.2163  0.583395
19.625  2.26195  5.26859  0.932317
19.625  2.29336  4.93237  0.554805
19.625  2.32478  4.80737  0.604618
19.625  2.35619  6.85558  1.28201
19.625  2.38761  5.38883  0.914484
19.625  2.41903  9.87873  10.6572
19.625  2.45044  6.66874  48.9342
19.625  2.48186  0  0
19.625  2.51327  0  0
19.625  2.54469  0  0
19.625  2.57611  0  0
19.625  2.60752  0  0
19.625  2.63894  0  0
19.625  2.67035  0  0
19.625  2.70177  0  0
19.625  2.73319  0  0
19.625  2.7646  0  0
19.625  2.79602  0  0
19.625  2.82743  0  0
19.625  2.85885  0  0
19.625  2.89027  0  0
19.625  2.92168  0  0
19.625  2.9531  0  0
19.625  2.98451  0  0
19.625  3.01593  0  0
19.625  3.04734  0  0
19.625  3.07876  0  0
19.625  3.11018  0  0
19.75  0  0  0
19.75  0.0314159  0  0
19.75  0.0628319  0  0
19.75  0.0942478  0  0
19.75  0.125664  0  0
19.75  0.15708  0  0
19.75  0.188496  0  0
19.75  0.219911  0  0
19.75  0.251327  0  0
19.75  0.282743  0  0
19.75  0.314159  0  0
19.75  0.345575  0  0
19.75  0.376991  0  0
19.75  0.408407  0  0
19.75  0.439823  0  0
19.75  0.471239  0  0
19.75  0.502655  0  0
19.75  0.534071  0  0
19.75  0.565487  0  0
19.75  0.596903  0  0
19.75  0.628319  0  0
19.75  0.659734  1.11146  8.15571
19.75  0.69115  3.68426  0.959303
19.75  0.722566  6.23258  1.22358
19.75  0.753982  3.93606  0.981665
19.75  0.785398  5.19262  0.72902
19.75  0.816814  10.0919  4.63554
19.75  0.84823  4.5139  0.673623
19.75  0.879646  4.67578  0.640072
19.75  0.911062  5.55282  1.13899
19.75  0.942478  5.68501  0.63701
19.75  0.973894  6.24702  1.22232
19.75  1.00531  6.25223  0.973002
19.75  1.03673  5.70374  0.685388
19.75  1.06814  5.7336  0.668074
19.75  1.09956  6.18539  1.03502
19.75  1.13097  8.74168  3.45331
19.75  1.16239  6.98584  0.914627
19.75  1.19381  6.49172  1.58841
19.75  1.22522  5.68834  1.9225
19.75  1.25664  5.93897  1.22478
19.75  1.28805  6.44277  1.02487
19.75  1.31947  7.49164  1.55634
19.75  1.35088  4.76532  0.841442
19.75  1.3823  6.49461  0.984677
19.75  1.41372  8.81068  3.28486
19.75  1.44513  6.46313  2.11324
19.75  1.47655  6.08021  1.29621
19.75  1.50796  10.281  4.38181
19.75  1.53938  6.33111  1.00424
19.75  1.5708  6.69113  1.52818
19.75  1.60221  5.6759  0.784442
19.75  1.63363  6.45981  1.54333
19.75  1.66504  6.60292  1.15422
19.75  1.69646  8.55441  1.5971
19.75  1.72788  5.40173  1.00297
19.75  1.75929  5.93231  1.07198
19.75  1.79071  6.06989  0.954003
19.75  1.82212  6.19474  1.33096
19.75  1.85354  6.26471  1.51789
19.75  1.88496  7.0435  1.40712
19.75  1.91637  5.28621  1.15445
19.75  1.94779  6.39539  1.07942
19.75  1.9792  9.63127  3.50476
19.75  2.01062  5.40667  0.991236
19.75  2.04204  5.95576  0.832861
19.75  2.07345  3.92705  0.579705
19.75  2.10487  6.67874  1.13605
19.75  2.13628  5.27163  1.40673
19.75  2.1677  6.47753  0.746157
19.75  2.19911  5.81682  0.65679
19.75  2.23053  4.94427  0.552337
19.75  2.26195  5.97791  0.934888
19.75  2.29336  5.18114  0.874091
19.75  2.32478  6.19038  0.793745
19.75  2.35619  5.72434  1.67814
19.75  2.38761  5.49519  0.874453
19.75  2.41903  9.71808  5.43116
19.75  2.45044  40.9038  26.8519
19.75  2.48186  0  0
19.75  2.51327  0  0
19.75  2.54469  0  0
19.75  2.57611  0  0
19.75  2.60752  0  0
19.75  2.63894  0  0
19.75  2.67035  0  0
19.75  2.70177  0  0
19.75  2.73319  0  0
19.75  2.7646  0  0
19.75  2.79602  0  0
19.75  2.82743  0  0
19.75  2.85885  0  0
19.75  2.89027  0  0
19.75  2.92168  0  0
19.75  2.9531  0  0
19.75  2.98451  0  0
19.75  3.01593  0  0
19.75  3.04734  0  0
19.75  3.07876  0  0
19.75  3.11018  0  0
19.875  0  0  0
19.875  0.0314159  0  0
19.875  0.0628319  0  0
19.875  0.0942478  0  0
19.875  0.125664  0  0
19.875  0.15708  0  0
19.875  0.188496  0  0
19.875  0.219911  0  0
19.875  0.251327  0  0
19.875  0.282743  0  0
19.875  0.314159  0  0
19.875  0.345575  0  0
19.875  0.376991  0  0
19.875  0.408407  0  0
19.875  0.439823  0  0
19.875  0.471239  0  0
19.875  0.502655  0  0
19.875  0.534071  0  0
19.875  0.565487  0  0
19.875  0.596903  0  0
19.875  0.628319  0  0
19.875  0.659734  5.76469  3.32979
19.875  0.69115  4.66468  0.955235
19.875  0.722566  7.1196  1.69044
19.875  0.753982  6.68401  1.25392
19.875  0.785398  8.04501  2.07707
19.875  0.816814  5.44986  0.762567
19.875  0.84823  4.53545  0.714368
19.875  0.879646  3.95585  0.666916
19.875  0.911062  7.98582  1.50685
19.875  0.942478  5.8303  0.936326
19.875  0.973894  5.3484  0.8265
19.875  1.00531  5.74908  0.85985
19.875  1.03673  8.25959  1.34958
19.875  1.06814  5.4316  0.637745
19.875  1.09956  5.78707  1.06262
19.875  1.13097  6.22325  1.33277
19.875  1.16239  7.56563  1.84727
19.875  1.19381  6.21533  0.973323
19.875  1.22522  5.99415  0.696823
19.875  1.25664  5.87435  1.01972
19.875  1.28805  2.5734  0.399837
19.875  1.31947  7.48787  1.81925
19.875  1.35088  5.46629  1.24627
19.875  1.3823  4.86669  0.653054
19.875  1.41372  5.83333  1.28868
19.875  1.44513  6.04388  0.877265
19.875  1.47655  5.37252  1.459
19.875  1.50796  4.23747  1.63914
19.875  1.53938  6.3564  1.66622
19.875  1.5708  6.84018  1.06873
19.875  1.60221  4.80815  0.799754
19.875  1.63363  6.92285  1.46658
19.875  1.66504  5.8359  0.705865
19.875  1.69646  8.36314  1.58348
19.875  1.72788  6.59734  1.92022
19.875  1.75929  6.66242  1.33906
19.875  1.79071  6.04027  1.43257
19.875  1.82212  6.35077  1.34656
19.875  1.85354  7.84172  1.40446
19.875  1.88496  6.62452  1.20487
19.875  1.91637  5.53614  0.939228
19.875  1.94779  5.10655  1.46872
19.875  1.9792  6.94497  1.76754
19.875  2.01062  6.11576  1.22325
19.875  2.04204  6.72695  1.14447
19.875  2.07345  6.73851  1.11237
19.875  2.10487  5.72581  0.750771
19.875  2.13628  5.67482  0.688927
19.875  2.1677  5.34466  1.05074
19.875  2.19911  4.38939  1.34213
19.875  2.23053  5.85299  0.620241
19.875  2.26195  7.15178  1.84651
19.875  2.29336  5.59818  0.676401
19.875  2.32478  6.67016  1.14588
19.875  2.35619  5.06317  0.670311
19.875  2.38761  5.76437  0.964664
19.875  2.41903  5.74566  1.38257
19.875  2.45044  1.05211  7.62066
19.875  2.48186  0  0
19.875  2.51327  0  0
19.875  2.54469  0  0
19.875  2.57611  0  0
19.875  2.60752  0  0
19.875  2.63894  0  0
19.875  2.67035  0  0
19.875  2.70177  0  0
19.875  2.73319  0  0
19.875  2.7646  0  0
19.875  2.79602  0  0
19.875  2.82743  0  0
19.875  2.85885  0  0
19.875  2.89027  0  0
19.875  2.92168  0  0
19.875  2.9531  0  0
19.875  2.98451  0  0
19.875  3.01593  0  0
19.875  3.04734  0  0
19.875  3.07876  0  0
19.875  3.11018  0  0
20  0  0  0
20  0.0314159  0  0
20  0.0628319  0  0
20  0.0942478  0  0
20  0.125664  0  0
20  0.15708  0  0
20  0.188496  0  0
20  0.219911  0  0
20  0.251327  0  0
20  0.282743  0  0
20  0.314159  0  0
20  0.345575  0  0
20  0.376991  0  0
20  0.408407  0  0
20  0.439823  0  0
20  0.471239  0  0
20  0.502655  0  0
20  0.534071  0  0
20  0.565487  0  0
20  0.596903  0  0
20  0.628319  0  0
20  0.659734  12.2878  24.2595
20  0.69115  5.72138  1.08564
20  0.722566  5.6746  1.12341
20  0.753982  4.82537  0.759911
20  0.785398  5.42165  1.03698
20  0.816814  5.04089  0.661131
20  0.84823  5.54689  0.724967
20  0.879646  5.93442  1.32288
20  0.911062  5.23678  0.48655
20  0.942478  5.65198  1.71742
20  0.973894  3.97282  1.05116
20  1.00531  7.8709  1.53661
20  1.03673  4.63511  0.94308
20  1.06814  7.27913  1.63856
20  1.09956  6.16012  0.93921
20  1.13097  6.06829  0.882861
20  1.16239  6.28882  1.38312
20  1.19381  7.26105  1.1883
20  1.22522  7.81054  1.67715
20  1.25664  6.27308  1.18715
20  1.28805  5.59045  0.875868
20  1.31947  5.86084  1.51884
20  1.35088  8.85055  1.64054
20  1.3823  6.35585  1.94315
20  1.41372  4.36129  0.895333
20  1.44513  6.22516  1.36382
20  1.47655  7.53898  1.60935
20  1.50796  5.34044  1.35587
20  1.53938  9.82816  2.65346
20  1.5708  8.25347  2.68117
20  1.60221  7.52873  1.95367
20  1.63363  4.3727  0.669779
20  1.66504  5.73648  1.05099
20  1.69646  7.38656  1.79604
20  1.72788  7.74193  1.95491
20  1.75929  5.69257  1.15311
20  1.79071  6.67185  1.31514
20  1.82212  5.84096  1.15747
20  1.85354  5.36721  0.955567
20  1.88496  7.75245  1.90037
20  1.91637  9.78336  4.16053
20  1.94779  5.95135  0.930942
20  1.9792  5.67358  0.700414
20  2.01062  5.06521  0.839636
20  2.04204  5.21781  1.16634
20  2.07345  4.36171  0.788199
20  2.10487  3.67448  0.771854
20  2.13628  4.05649  0.599538
20  2.1677  6.79534  1.11313
20  2.19911  6.30205  1.03311
20  2.23053  5.95404  0.865767
20  2.26195  5.63683  0.765657
20  2.29336  4.86982  0.859352
20  2.32478  5.85704  1.02354
20  2.35619  6.42232  1.77396
20  2.38761  4.84232  1.57433
20  2.41903  4.1881  0.975643
20  2.45044  111.479  78.3388
20  2.48186  0  0
20  2.51327  0  0
20  2.54469  0  0
20  2.57611  0  0
20  2.60752  0  0
20  2.63894  0  0
20  2.67035  0  0
20  2.70177  0  0
20  2.73319  0  0
20  2.7646  0  0
20  2.79602  0  0
20  2.82743  0  0
20  2.85885  0  0
20  2.89027  0  0
20  2.92168  0  0
20  2.9531  0  0
20  2.98451  0  0
20  3.01593  0  0
20  3.04734  0  0
20  3.07876  0  0
20  3.11018  0  0
20.125  0  0  0
20.125  0.0314159  0  0
20.125  0.0628319  0  0
20.125  0.0942478  0  0
20.125  0.125664  0  0
20.125  0.15708  0  0
20.125  0.188496  0  0
20.125  0.219911  0  0
20.125  0.251327  0  0
20.125  0.282743  0  0
20.125  0.314159  0  0
20.125  0.345575  0  0
20.125  0.376991  0  0
20.125  0.408407  0  0
20.125  0.439823  0  0
20.125  0.471239  0  0
20.125  0.502655  0  0
20.125  0.534071  0  0
20.125  0.565487  0  0
20.125  0.596903  0  0
20.125  0.628319  0.247646  1.9136
20.125  0.659734  4.46928  1.73993
20.125  0.69115  4.03082  1.78291
20.125  0.722566  6.2595  1.03958
20.125  0.753982  4.63957  0.549468
20.125  0.785398  6.05359  1.01571
20.125  0.816814  4.99771  0.769151
20.125  0.84823  5.55613  0.736786
20.125  0.879646  5.8056  0.604151
20.125  0.911062  6.37267  0.910345
20.125  0.942478  6.57473  1.15187
20.125  0.973894  5.65625  0.940774
20.125  1.00531  6.16326  0.902271
20.125  1.03673  5.27721  0.77827
20.125  1.06814  6.56468  0.852841
20.125  1.09956  5.75938  0.975839
20.125  1.13097  6.13734  2.08071
20.125  1.16239  5.46774  0.798336
20.125  1.19381  7.64397  1.66484
20.125  1.22522  4.67612  0.571236
20.125  1.25664  6.45536  1.28023
20.125  1.28805  8.08487  3.24895
20.125  1.31947  6.7203  1.85145
20.125  1.35088  9.96335  3.23062
20.125  1.3823  6.20249  1.01947
20.125  1.41372  6.4413  1.01266
20.125  1.44513  12.7942  6.61709
20.125  1.47655  9.73075  2.19742
20.125  1.50796  7.13087  1.25275
20.125  1.53938  8.68572  2.64663
20.125  1.5708  6.54614  1.38661
20.125  1.60221  8.31547  3.16784
20.125  1.63363  5.41699  1.23917
20.125  1.66504  7.36223  1.59975
20.125  1.69646  4.8973  0.914564
20.125  1.72788  8.8674  2.7282
20.125  1.75929  6.66189  1.05283
20.125  1.79071  5.91523  1.10303
20.125  1.82212  7.10064  1.20007
20.125  1.85354  6.73782  2.82693
20.125  1.88496  4.61147  1.21118
20.125  1.91637  7.65173  1.78325
20.125  1.94779  8.14734  2.10104
20.125  1.9792  6.28045  1.11527
20.125  2.01062  8.0062  1.91244
20.125  2.04204  7.42465  1.2533
20.125  2.07345  6.26132  1.15548
20.125  2.10487  6.15444  1.03447
20.125  2.13628  6.82876  1.16067
20.125  2.1677  8.276  1.3641
20.125  2.19911  4.96958  0.561852
20.125  2.23053  3.67209  0.676962
20.125  2.26195  7.57853  1.78815
20.125  2.29336  4.95907  0.585499
20.125  2.32478  5.54269  0.720531
20.125  2.35619  5.61814  1.17719
20.125  2.38761  5.1759  0.769639
20.125  2.41903  6.34166  2.27587
20.125  2.45044  10.0785  10.7211
20.125  2.48186  0.250138  2.26611
20.125  2.51327  0  0
20.125  2.54469  0  0
20.125  2.57611  0  0
20.125  2.60752  0  0
20.125  2.63894  0  0
20.125  2.67035  0  0
20.125  2.70177  0  0
20.125  2.73319  0  0
20.125  2.7646  0  0
20.125  2.79602  0  0
20.125  2.82743  0  0
20.125  2.85885  0  0
20.125  2.89027  0  0
20.125  2.92168  0  0
20.125  2.9531  0  0
20.125  2.98451  0  0
20.125  3.01593  0  0
20.125  3.04734  0  0
20.125  3.07876  0  0
20.125  3.11018  0  0
20.25  0  0  0
20.25  0.0314159  0  0
20.25  0.0628319  0  0
20.25  0.0942478  0  0
20.25  0.125664  0  0
20.25  0.15708  0  0
20.25  0.188496  0  0
20.25  0.219911  0  0
20.25  0.251327  0  0
20.25  0.282743  0  0
20.25  0.314159  0  0
20.25  0.345575  0  0
20.25  0.376991  0  0
20.25  0.408407  0  0
20.25  0.439823  0  0
20.25  0.471239  0  0
20.25  0.502655  0  0
20.25  0.534071  0  0
20.25  0.565487  0  0
20.25  0.596903  0  0
20.25  0.628319  0  0
20.25  0.659734  6.49124  2.17483
20.25  0.69115  3.8691  1.04822
20.25  0.722566  6.07146  1.13328
20.25  0.753982  5.33136  0.605025
20.25  0.785398  5.3153  0.89465
20.25  0.816814  5.11162  0.566454
20.25  0.84823  5.66044  0.711639
20.25  0.879646  5.2841  0.710566
20.25  0.911062  4.8683  0.793516
20.25  0.942478  5.41841  1.05494
20.25  0.973894  5.37976  0.896709
20.25  1.00531  5.57129  0.803579
20.25  1.03673  6.56653  1.08559
20.25  1.06814  6.05568  0.899677
20.25  1.09956  3.50361  0.519069
20.25  1.13097  6.94549  1.43563
20.25  1.16239  7.11224  1.51249
20.25  1.19381  6.00779  1.13711
20.25  1.22522  5.84999  1.83907
20.25  1.25664  7.27659  1.11443
20.25  1.28805  6.3921  1.67559
20.25  1.31947  6.21885  1.25199
20.25  1.35088  8.41519  2.26763
20.25  1.3823  6.45331  0.933847
20.25  1.41372  5.82901  1.07746
20.25  1.44513  9.55483  1.64614
20.25  1.47655  5.4406  0.701114
20.25  1.50796  8.11363  1.63362
20.25  1.53938  8.07911  1.8241
20.25  1.5708  5.16345  1.49057
20.25  1.60221  6.2478  1.12084
20.25  1.63363  8.03244  1.5415
20.25  1.66504  5.24999  0.989531
20.25  1.69646  9.13873  2.92136
20.25  1.72788  8.46692  2.38498
20.25  1.75929  10.1226  3.06123
20.25  1.79071  2.64387  0.69939
20.25  1.82212  5.27663  0.883664
20.25  1.85354  5.96725  0.982418
20.25  1.88496  5.15506  0.885859
20.25  1.91637  6.58419  2.22492
20.25  1.94779  6.8754  1.44997
20.25  1.9792  6.8907  1.65412
20.25  2.01062  5.80912  0.941525
20.25  2.04204  5.46914  1.25732
20.25  2.07345  4.38117  0.883516
20.25  2.10487  6.8621  0.861591
20.25  2.13628  6.61185  0.813706
20.25  2.1677  5.97301  0.85072
20.25  2.19911  5.9279  0.699904
20.25  2.23053  4.4308  0.901822
20.25  2.26195  5.32409  0.680831
20.25  2.29336  5.28958  0.771452
20.25  2.32478  7.72334  1.38532
20.25  2.35619  6.73102  1.54292
20.25  2.38761  6.84302  1.22988
20.25  2.41903  3.3315  1.06053
20.25  2.45044  3.27387  1.20027
20.25  2.48186  0.246515  2.25049
20.25  2.51327  0  0
20.25  2.54469  0  0
20.25  2.57611  0  0
20.25  2.60752  0  0
20.25  2.63894  0  0
20.25  2.67035  0  0
20.25  2.70177  0  0
20.25  2.73319  0  0
20.25  2.7646  0  0
20.25  2.79602  0  0
20.25  2.82743  0  0
20.25  2.85885  0  0
20.25  2.89027  0  0
20.25  2.92168  0  0
20.25  2.9531  0  0
20.25  2.98451  0  0
20.25  3.01593  0  0
20.25  3.04734  0  0
20.25  3.07876  0  0
20.25  3.11018  0  0
20.375  0  0  0
20.375  0.0314159  0  0
20.375  0.0628319  0  0
20.375  0.0942478  0  0
20.375  0.125664  0  0
20.375  0.15708  0  0
20.375  0.188496  0  0
20.375  0.219911  0  0
20.375  0.251327  0  0
20.375  0.282743  0  0
20.375  0.314159  0  0
20.375  0.345575  0  0
20.375  0.376991  0  0
20.375  0.408407  0  0
20.375  0.439823  0  0
20.375  0.471239  0  0
20.375  0.502655  0  0
20.375  0.534071  0  0
20.375  0.565487  0  0
20.375  0.596903  0  0
20.375  0.628319  25.691  15.2585
20.375  0.659734  14.3428  35.2613
20.375  0.69115  6.06368  1.71739
20.375  0.722566  5.70668  1.07503
20.375  0.753982  6.17162  1.94568
20.375  0.785398  5.71424  1.32724
20.375  0.816814  5.79548  0.989139
20.375  0.84823  5.42181  0.570756
20.375  0.879646  6.78818  2.70769
20.375  0.911062  4.90122  0.578975
20.375  0.942478  5.66143  0.634438
20.375  0.973894  6.07539  0.634172
20.375  1.00531  6.28294  0.850289
20.375  1.03673  6.02937  1.02065
20.375  1.06814  6.2614  0.838114
20.375  1.09956  5.13678  1.0185
20.375  1.13097  7.17564  1.31596
20.375  1.16239  7.3419  2.05668
20.375  1.19381  6.13402  0.858287
20.375  1.22522  6.39219  0.869739
20.375  1.25664  6.09509  1.13803
20.375  1.28805  5.09793  0.71039
20.375  1.31947  7.54996  1.59493
20.375  1.35088  6.1277  3.29972
20.375  1.3823  5.60584  0.892988
20.375  1.41372  6.36289  1.21943
20.375  1.44513  6.19391  1.44783
20.375  1.47655  11.208  5.00428
20.375  1.50796  12.8565  9.61531
20.375  1.53938  6.56985  1.19615
20.375  1.5708  6.00475  1.09495
20.375  1.60221  7.24138  2.09467
20.375  1.63363  12.3459  10.59
20.375  1.66504  8.64752  1.56323
20.375  1.69646  7.53947  1.37917
20.375  1.72788  9.83208  5.47517
20.375  1.75929  7.52887  2.297
20.375  1.79071  6.32293  1.09482
20.375  1.82212  7.97945  2.92202
20.375  1.85354  6.31683  1.4465
20.375  1.88496  5.67313  0.861371
20.375  1.91637  6.54417  0.969427
20.375  1.94779  8.92378  3.01666
20.375  1.9792  4.82186  0.889925
20.375  2.01062  9.12105  2.8578
20.375  2.04204  5.81785  2.08043
20.375  2.07345  7.35249  1.74167
20.375  2.10487  6.69744  1.42204
20.375  2.13628  6.98688  1.04033
20.375  2.1677  4.18161  0.513365
20.375  2.19911  5.21331  0.741652
20.375  2.23053  6.08586  0.80175
20.375  2.26195  6.07446  1.02516
20.375  2.29336  4.47629  0.583499
20.375  2.32478  5.16204  0.681566
20.375  2.35619  5.0846  0.729207
20.375  2.38761  4.91336  1.0145
20.375  2.41903  5.63494  1.0591
20.375  2.45044  4.28988  0.982636
20.375  2.48186  8.95239  12.8348
20.375  2.51327  0.252745  1.76779
20.375  2.54469  0  0
20.375  2.57611  0  0
20.375  2.60752  0  0
20.375  2.63894  0  0
20.375  2.67035  0  0
20.375  2.70177  0  0
20.375  2.73319  0  0
20.375  2.7646  0  0
20.375  2.79602  0  0
20.375  2.82743  0  0
20.375  2.85885  0  0
20.375  2.89027  0  0
20.375  2.92168  0  0
20.375  2.9531  0  0
20.375  2.98451  0  0
20.375  3.01593  0  0
20.375  3.04734  0  0
20.375  3.07876  0  0
20.375  3.11018  0  0
20.5  0  0  0
20.5  0.0314159  0  0
20.5  0.0628319  0  0
20.5  0.0942478  0  0
20.5  0.125664  0  0
20.5  0.15708  0  0
20.5  0.188496  0  0
20.5  0.219911  0  0
20.5  0.251327  0  0
20.5  0.282743  0  0
20.5  0.314159  0  0
20.5  0.345575  0  0
20.5  0.376991  0  0
20.5  0.408407  0  0
20.5  0.439823  0  0
20.5  0.471239  0  0
20.5  0.502655  0  0
20.5  0.534071  0  0
20.5  0.565487  0  0
20.5  0.596903  0  0
20.5  0.628319  11.2052  20.0052
20.5  0.659734  8.21468  2.55369
20.5  0.69115  5.64279  0.978512
20.5  0.722566  5.56614  1.11102
20.5  0.753982  3.29525  0.492072
20.5  0.785398  5.95962  1.21447
20.5  0.816814  5.59035  0.881513
20.5  0.84823  3.92759  0.458855
20.5  0.879646  4.89753  0.604721
20.5  0.911062  4.29395  0.580657
20.5  0.942478  5.09193  1.0821
20.5  0.973894  6.21252  1.05911
20.5  1.00531  6.22256  0.838703
20.5  1.03673  6.02481  1.59367
20.5  1.06814  6.89286  0.880841
20.5  1.09956  6.17635  1.02675
20.5  1.13097  5.36376  0.706503
20.5  1.16239  5.23048  0.749261
20.5  1.19381  5.03436  0.640108
20.5  1.22522  7.12744  1.40496
20.5  1.25664  4.89594  0.946229
20.5  1.28805  5.40667  1.07006
20.5  1.31947  7.45324  2.27941
20.5  1.35088  6.69806  1.23048
20.5  1.3823  6.35735  1.22584
20.5  1.41372  8.09992  2.27196
20.5  1.44513  5.97965  1.08754
20.5  1.47655  5.0761  0.983994
20.5  1.50796  5.35089  0.871718
20.5  1.53938  6.61972  1.26533
20.5  1.5708  7.53328  1.49159
20.5  1.60221  5.75084  1.33299
20.5  1.63363  6.56196  1.35236
20.5  1.66504  6.97471  1.7514
20.5  1.69646  6.09076  1.1515
20.5  1.72788  10.2679  4.76812
20.5  1.75929  6.0365  1.0639
20.5  1.79071  10.4478  3.13051
20.5  1.82212  6.29898  1.6171
20.5  1.85354  4.77093  0.559455
20.5  1.88496  4.78333  0.900727
20.5  1.91637  8.85236  1.79432
20.5  1.94779  6.81487  1.01362
20.5  1.9792  6.06336  1.35387
20.5  2.01062  7.42693  1.51709
20.5  2.04204  5.91199  1.34767
20.5  2.07345  5.18879  0.676103
20.5  2.10487  4.67238  0.612206
20.5  2.13628  5.85037  0.761287
20.5  2.1677  5.88279  0.769951
20.5  2.19911  6.03964  0.990395
20.5  2.23053  4.97517  0.708223
20.5  2.26195  5.96532  0.938605
20.5  2.29336  6.24096  1.12488
20.5  2.32478  5.16623  0.641503
20.5  2.35619  5.969  0.831327
20.5  2.38761  5.8057  1.79955
20.5  2.41903  6.27619  1.49866
20.5  2.45044  7.81588  3.05147
20.5  2.48186  9.47379  9.25606
20.5  2.51327  0.251454  2.03789
20.5  2.54469  0  0
20.5  2.57611  0  0
20.5  2.60752  0  0
20.5  2.63894  0  0
20.5  2.67035  0  0
20.5  2.70177  0  0
20.5  2.73319  0  0
20.5  2.7646  0  0
20.5  2.79602  0  0
20.5  2.82743  0  0
20.5  2.85885  0  0
20.5  2.89027  0  0
20.5  2.92168  0  0
20.5  2.9531  0  0
20.5  2.98451  0  0
20.5  3.01593  0  0
20.5  3.04734  0  0
20.5  3.07876  0  0
20.5  3.11018  0  0
20.625  0  0  0
20.625  0.0314159  0  0
20.625  0.0628319  0  0
20.625  0.0942478  0  0
20.625  0.125664  0  0
20.625  0.15708  0  0
20.625  0.188496  0  0
20.625  0.219911  0  0
20.625  0.251327  0  0
20.625  0.282743  0  0
20.625  0.314159  0  0
20.625  0.345575  0  0
20.625  0.376991  0  0
20.625  0.408407  0  0
20.625  0.439823  0  0
20.625  0.471239  0  0
20.625  0.502655  0  0
20.625  0.534071  0  0
20.625  0.565487  0  0
20.625  0.596903  0  0
20.625  0.628319  21.5852  25.2225
20.625  0.659734  4.20878  0.731749
20.625  0.69115  6.62203  1.13959
20.625  0.722566  6.04836  1.46565
20.625  0.753982  6.94868  1.55652
20.625  0.785398  6.00151  0.928785
20.625  0.816814  6.70249  1.62999
20.625  0.84823  6.02086  0.823745
20.625  0.879646  5.79034  1.34039
20.625  0.911062  5.89312  0.875641
20.625  0.942478  4.97506  0.946894
20.625  0.973894  6.65361  1.46177
20.625  1.00531  5.43834  0.585626
20.625  1.03673  5.36555  0.76111
20.625  1.06814  5.29117  0.847173
20.625  1.09956  5.64419  0.89332
20.625  1.13097  5.43163  0.795247
20.625  1.16239  5.49549  1.23675
20.625  1.19381  7.58028  2.90536
20.625  1.22522  6.62883  1.16519
20.625  1.25664  4.54122  0.842699
20.625  1.28805  7.3627  2.41055
20.625  1.31947  5.60957  0.786683
20.625  1.35088  6.25254  1.20763
20.625  1.3823  4.24672  0.715503
20.625  1.41372  6.59555  1.64325
20.625  1.44513  7.73546  1.99481
20.625  1.47655  13.1916  5.56899
20.625  1.50796  8.6824  2.7058
20.625  1.53938  4.47736  0.700308
20.625  1.5708  8.23724  3.12494
20.625  1.60221  5.10756  1.13362
20.625  1.63363  8.76664  2.42358
20.625  1.66504  6.84524  0.862161
20.625  1.69646  5.45774  0.770985
20.625  1.72788  7.58751  1.59445
20.625  1.75929  7.13902  1.5463
20.625  1.79071  7.03161  1.37481
20.625  1.82212  6.46611  1.23553
20.625  1.85354  9.28628  3.4942
20.625  1.88496  6.47989  1.1772
20.625  1.91637  5.89878  0.737269
20.625  1.94779  6.33997  1.50323
20.625  1.9792  5.15789  0.954909
20.625  2.01062  2.95287  0.614271
20.625  2.04204  5.81461  1.11242
20.625  2.07345  5.23827  0.889297
20.625  2.10487  6.34841  1.44161
20.625  2.13628  5.63663  0.946404
20.625  2.1677  4.81917  0.88021
20.625  2.19911  5.55021  1.00806
20.625  2.23053  6.00162  1.17072
20.625  2.26195  6.37001  0.913889
20.625  2.29336  5.38208  0.684709
20.625  2.32478  4.36565  0.592599
20.625  2.35619  4.52122  0.751047
20.625  2.38761  5.79245  0.981878
20.625  2.41903  4.85058  0.937321
20.625  2.45044  6.17643  1.40818
20.625  2.48186  61.9139  31.1925
20.625  2.51327  0  0
20.625  2.54469  0  0
20.625  2.57611  0  0
20.625  2.60752  0  0
20.625  2.63894  0  0
20.625  2.67035  0  0
20.625  2.70177  0  0
20.625  2.73319  0  0
20.625  2.7646  0  0
20.625  2.79602  0  0
20.625  2.82743  0  0
20.625  2.85885  0  0
20.625  2.89027  0  0
20.625  2.92168  0  0
20.625  2.9531  0  0
20.625  2.98451  0  0
20.625  3.01593  0  0
20.625  3.04734  0  0
20.625  3.07876  0  0
20.625  3.11018  0  0
20.75  0  0  0
20.75  0.0314159  0  0
20.75  0.0628319  0  0
20.75  0.0942478  0  0
20.75  0.125664  0  0
20.75  0.15708  0  0
20.75  0.188496  0  0
20.75  0.219911  0  0
20.75  0.251327  0  0
20.75  0.282743  0  0
20.75  0.314159  0  0
20.75  0.345575  0  0
20.75  0.376991  0  0
20.75  0.408407  0  0
20.75  0.439823  0  0
20.75  0.471239  0  0
20.75  0.502655  0  0
20.75  0.534071  0  0
20.75  0.565487  0  0
20.75  0.596903  0  0
20.75  0.628319  3.07866  1.01693
20.75  0.659734  6.60825  2.65055
20.75  0.69115  3.51259  0.895587
20.75  0.722566  4.78699  0.979459
20.75  0.753982  7.71405  1.71111
20.75  0.785398  5.49928  0.841448
20.75  0.816814  5.27155  0.656221
20.75  0.84823  7.78192  1.0842
20.75  0.879646  2.78741  0.34116
20.75  0.911062  4.72449  0.540482
20.75  0.942478  5.78429  0.68325
20.75  0.973894  5.76201  1.15492
20.75  1.00531  5.98093  0.769708
20.75  1.03673  4.04868  0.592154
20.75  1.06814  6.40072  1.03949
20.75  1.09956  7.1239  1.34968
20.75  1.13097  6.28068  0.958391
20.75  1.16239  5.91087  1.37827
20.75  1.19381  6.07414  1.73762
20.75  1.22522  7.23212  4.63258
20.75  1.25664  6.24748  1.10209
20.75  1.28805  6.63085  2.03325
20.75  1.31947  6.72614  1.17152
20.75  1.35088  7.81391  1.17504
20.75  1.3823  4.94874  0.787914
20.75  1.41372  6.72607  1.25613
20.75  1.44513  5.249  0.958074
20.75  1.47655  8.55903  2.90057
20.75  1.50796  7.51382  2.19654
20.75  1.53938  9.46542  3.01803
20.75  1.5708  6.82576  1.38348
20.75  1.60221  8.51115  2.69931
20.75  1.63363  8.84574  2.10298
20.75  1.66504  2.78861  0.436417
20.75  1.69646  4.96942  0.549423
20.75  1.72788  6.90222  1.95917
20.75  1.75929  6.66773  1.07672
20.75  1.79071  6.01624  1.01136
20.75  1.82212  5.95002  1.28554
20.75  1.85354  6.80637  2.3015
20.75  1.88496  8.7386  2.65641
20.75  1.91637  6.06554  1.15832
20.75  1.94779  6.22875  1.45602
20.75  1.9792  8.81773  2.68799
20.75  2.01062  5.14164  0.778469
20.75  2.04204  10.2608  1.8423
20.75  2.07345  6.54988  0.971651
20.75  2.10487  3.80372  0.645213
20.75  2.13628  5.01935  1.03872
20.75  2.1677  5.31856  0.641887
20.75  2.19911  3.6309  0.533753
20.75  2.23053  7.06519  1.18298
20.75  2.26195  3.17372  0.488699
20.75  2.29336  5.33833  0.735283
20.75  2.32478  3.1719  0.459167
20.75  2.35619  5.77052  1.27416
20.75  2.38761  4.32056  0.638508
20.75  2.41903  6.12916  1.38795
20.75  2.45044  3.78238  1.24042
20.75  2.48186  4.18576  2.22731
20.75  2.51327  0.251454  2.03789
20.75  2.54469  0  0
20.75  2.57611  0  0
20.75  2.60752  0  0
20.75  2.63894  0  0
20.75  2.67035  0  0
20.75  2.70177  0  0
20.75  2.73319  0  0
20.75  2.7646  0  0
20.75  2.79602  0  0
20.75  2.82743  0  0
20.75  2.85885  0  0
20.75  2.89027  0  0
20.75  2.92168  0  0
20.75  2.9531  0  0
20.75  2.98451  0  0
20.75  3.01593  0  0
20.75  3.04734  0  0
20.75  3.07876  0  0
20.75  3.11018  0  0
20.875  0  0  0
20.875  0.0314159  0  0
20.875  0.0628319  0  0
20.875  0.0942478  0  0
20.875  0.125664  0  0
20.875  0.15708  0  0
20.875  0.188496  0  0
20.875  0.219911  0  0
20.875  0.251327  0  0
20.875  0.282743  0  0
20.875  0.314159  0  0
20.875  0.345575  0  0
20.875  0.376991  0  0
20.875  0.408407  0  0
20.875  0.439823  0  0
20.875  0.471239  0  0
20.875  0.502655  0  0
20.875  0.534071  0  0
20.875  0.565487  0  0
20.875  0.596903  0  0
20.875  0.628319  10.4428  3.62723
20.875  0.659734  4.63145  1.77739
20.875  0.69115  4.41924  0.557603
20.875  0.722566  6.69918  1.10839
20.875  0.753982  6.27984  1.1546
20.875  0.785398  5.66319  0.818845
20.875  0.816814  5.96589  0.92638
20.875  0.84823  5.88145  0.803695
20.875  0.879646  4.03834  0.526696
20.875  0.911062  6.61144  1.08963
20.875  0.942478  6.82178  0.848559
20.875  0.973894  5.29727  0.728382
20.875  1.00531  4.42487  0.825458
20.875  1.03673  8.25693  1.62648
20.875  1.06814  7.89181  1.86097
20.875  1.09956  7.61536  1.10401
20.875  1.13097  4.54479  0.718055
20.875  1.16239  4.96936  0.68441
20.875  1.19381  5.23253  0.766521
20.875  1.22522  7.4919  2.73913
20.875  1.25664  5.75943  0.834291
20.875  1.28805  12.3428  6.03499
20.875  1.31947  8.30561  2.30422
20.875  1.35088  5.16959  1.15716
20.875  1.3823  6.16828  1.2489
20.875  1.41372  7.34037  1.31891
20.875  1.44513  8.38458  2.7047
20.875  1.47655  6.6874  0.850755
20.875  1.50796  6.91283  1.66131
20.875  1.53938  6.67615  1.12249
20.875  1.5708  9.81805  2.12653
20.875  1.60221  10.1404  3.67566
20.875  1.63363  5.31384  1.01297
20.875  1.66504  6.17875  0.926207
20.875  1.69646  8.26915  2.17801
20.875  1.72788  12.7204  6.97128
20.875  1.75929  7.00619  1.56428
20.875  1.79071  7.24511  2.08436
20.875  1.82212  8.06056  1.66736
20.875  1.85354  11.5999  6.91967
20.875  1.88496  7.48731  1.60089
20.875  1.91637  11.8381  4.31766
20.875  1.94779  7.26446  1.45865
20.875  1.9792  6.69929  2.92581
20.875  2.01062  7.74255  1.65997
20.875  2.04204  7.16153  7.32749
20.875  2.07345  6.36444  0.819511
20.875  2.10487  6.45663  1.11561
20.875  2.13628  6.39873  0.968491
20.875  2.1677  7.02868  1.3325
20.875  2.19911  3.99474  0.451692
20.875  2.23053  3.93833  0.612368
20.875  2.26195  4.779  0.853562
20.875  2.29336  5.75178  0.828688
20.875  2.32478  8.82552  2.60262
20.875  2.35619  5.48238  0.856661
20.875  2.38761  3.94096  1.24469
20.875  2.41903  6.02146  1.18551
20.875  2.45044  4.19734  0.886219
20.875  2.48186  10.2053  5.64728
20.875  2.51327  0.246515  2.25049
20.875  2.54469  0  0
20.875  2.57611  0  0
20.875  2.60752  0  0
20.875  2.63894  0  0
20.875  2.67035  0  0
20.875  2.70177  0  0
20.875  2.73319  0  0
20.875  2.7646  0  0
20.875  2.79602  0  0
20.875  2.82743  0  0
20.875  2.85885  0  0
20.875  2.89027  0  0
20.875  2.92168  0  0
20.875  2.9531  0  0
20.875  2.98451  0  0
20.875  3.01593  0  0
20.875  3.04734  0  0
20.875  3.07876  0  0
20.875  3.11018  0  0
21  0  0  0
21  0.0314159  0  0
21  0.0628319  0  0
21  0.0942478  0  0
21  0.125664  0  0
21  0.15708  0  0
21  0.188496  0  0
21  0.219911  0  0
21  0.251327  0  0
21  0.282743  0  0
21  0.314159  0  0
21  0.345575  0  0
21  0.376991  0  0
21  0.408407  0  0
21  0.439823  0  0
21  0.471239  0  0
21  0.502655  0  0
21  0.534071  0  0
21  0.565487  0  0
21  0.596903  8.40947  26.2203
21  0.628319  5.85312  1.99535
21  0.659734  6.04999  1.57569
21  0.69115  5.72638  1.39649
21  0.722566  4.9613  0.751356
21  0.753982  5.81108  1.01431
21  0.785398  5.53772  0.947681
21  0.816814  5.49044  0.736633
21  0.84823  5.95999  0.835519
21  0.879646  5.3679  0.575222
21  0.911062  4.98878  0.665115
21  0.942478  5.92207  0.938761
21  0.973894  4.6271  0.578115
21  1.00531  7.4528  2.02763
21  1.03673  5.12263  0.880657
21  1.06814  7.1483  1.16756
21  1.09956  4.42611  0.493513
21  1.13097  6.52512  1.04415
21  1.16239  9.29177  2.62033
21  1.19381  7.43692  2.95615
21  1.22522  5.66952  0.958486
21  1.25664  5.43096  0.818139
21  1.28805  8.1252  4.656
21  1.31947  6.6457  0.912956
21  1.35088  5.18693  0.89609
21  1.3823  4.04388  0.718538
21  1.41372  9.45299  2.38747
21  1.44513  5.99239  1.17527
21  1.47655  7.36065  1.27122
21  1.50796  7.15997  1.77884
21  1.53938  4.52563  0.778445
21  1.5708  11.5897  4.15644
21  1.60221  5.8038  1.06154
21  1.63363  6.58506  0.978737
21  1.66504  5.87289  0.945201
21  1.69646  6.4986  1.27238
21  1.72788  9.77662  3.19565
21  1.75929  7.46367  1.15809
21  1.79071  6.02014  2.30297
21  1.82212  7.34875  1.46552
21  1.85354  9.95316  4.53267
21  1.88496  5.71218  0.811603
21  1.91637  7.82783  1.44539
21  1.94779  7.00808  1.43821
21  1.9792  19.2449  16.924
21  2.01062  4.73034  0.545889
21  2.04204  6.2953  0.868308
21  2.07345  3.70821  0.520836
21  2.10487  4.11226  0.594562
21  2.13628  6.89709  1.09619
21  2.1677  5.25934  0.700108
21  2.19911  5.45565  0.624256
21  2.23053  6.77735  0.911456
21  2.26195  5.27693  0.732937
21  2.29336  4.61293  0.809901
21  2.32478  7.05713  2.02776
21  2.35619  4.91719  0.866477
21  2.38761  4.90632  0.751784
21  2.41903  11.4441  6.52232
21  2.45044  5.435  0.995881
21  2.48186  5.71915  2.36217
21  2.51327  47.3768  29.7669
21  2.54469  0  0
21  2.57611  0.251454  2.03789
21  2.60752  0  0
21  2.63894  0  0
21  2.67035  0  0
21  2.70177  0  0
21  2.73319  0  0
21  2.7646  0  0
21  2.79602  0  0
21  2.82743  0  0
21  2.85885  0  0
21  2.89027  0  0
21  2.92168  0  0
21  2.9531  0  0
21  2.98451  0  0
21  3.01593  0  0
21  3.04734  0  0
21  3.07876  0  0
21  3.11018  0  0
21.125  0  0  0
21.125  0.0314159  0  0
21.125  0.0628319  0  0
21.125  0.0942478  0  0
21.125  0.125664  0  0
21.125  0.15708  0  0
21.125  0.188496  0  0
21.125  0.219911  0  0
21.125  0.251327  0  0
21.125  0.282743  0  0
21.125  0.314159  0  0
21.125  0.345575  0  0
21.125  0.376991  0  0
21.125  0.408407  0  0
21.125  0.439823  0  0
21.125  0.471239  0  0
21.125  0.502655  0  0
21.125  0.534071  0  0
21.125  0.565487  0  0
21.125  0.596903  25.561  48.0397
21.125  0.628319  10.255  15.027
21.125  0.659734  4.82501  1.01224
21.125  0.69115  5.07826  0.772671
21.125  0.722566  4.82706  1.0791
21.125  0.753982  5.05168  0.950563
21.125  0.785398  5.06554  0.983922
21.125  0.816814  6.36191  0.959242
21.125  0.84823  5.9421  1.25433
21.125  0.879646  6.33985  1.77369
21.125  0.911062  5.1919  0.798476
21.125  0.942478  4.66209  0.704778
21.125  0.973894  6.13508  0.700211
21.125  1.00531  6.92871  1.10322
21.125  1.03673  6.21755  0.878717
21.125  1.06814  7.23808  2.32768
21.125  1.09956  5.34573  0.957641
21.125  1.13097  4.86161  0.948716
21.125  1.16239  6.63926  1.1563
21.125  1.19381  6.3974  0.975952
21.125  1.22522  6.30111  0.826364
21.125  1.25664  4.15802  0.533178
21.125  1.28805  6.12528  0.887918
21.125  1.31947  9.33094  2.21651
21.125  1.35088  4.01099  0.706083
21.125  1.3823  6.78238  2.04741
21.125  1.41372  7.3673  1.28847
21.125  1.44513  2.62122  0.528625
21.125  1.47655  6.54092  1.3061
21.125  1.50796  6.47168  1.76499
21.125  1.53938  4.92413  0.775499
21.125  1.5708  6.62621  1.53547
21.125  1.60221  20.6561  44.6207
21.125  1.63363  5.54967  0.664091
21.125  1.66504  6.51867  1.68169
21.125  1.69646  4.90459  1.39973
21.125  1.72788  5.49855  1.01858
21.125  1.75929  6.28512  1.20154
21.125  1.79071  6.19693  1.34824
21.125  1.82212  7.40572  2.06634
21.125  1.85354  6.75952  1.19083
21.125  1.88496  4.68653  3.004
21.125  1.91637  6.15759  1.39802
21.125  1.94779  6.33831  0.844482
21.125  1.9792  4.61327  0.997998
21.125  2.01062  6.84162  1.13625
21.125  2.04204  5.39269  0.743486
21.125  2.07345  25.4503  25.2327
21.125  2.10487  5.72817  0.861036
21.125  2.13628  7.78332  2.77138
21.125  2.1677  6.70663  1.00154
21.125  2.19911  6.57653  0.805841
21.125  2.23053  5.18845  0.62184
21.125  2.26195  5.8247  0.880438
21.125  2.29336  7.74249  1.47282
21.125  2.32478  4.66769  0.695606
21.125  2.35619  5.07134  0.946882
21.125  2.38761  4.16273  0.661739
21.125  2.41903  7.8446  2.62444
21.125  2.45044  5.2882  1.13742
21.125  2.48186  5.44598  1.25769
21.125  2.51327  42.7083  21.5129
21.125  2.54469  0.251454  2.03789
21.125  2.57611  0  0
21.125  2.60752  0  0
21.125  2.63894  0  0
21.125  2.67035  0  0
21.125  2.70177  0  0
21.125  2.73319  0  0
21.125  2.7646  0  0
21.125  2.79602  0  0
21.125  2.82743  0  0
21.125  2.85885  0  0
21.125  2.89027  0  0
21.125  2.92168  0  0
21.125  2.9531  0  0
21.125  2.98451  0  0
21.125  3.01593  0  0
21.125  3.04734  0  0
21.125  3.07876  0  0
21.125  3.11018  0  0
21.25  0  0  0
21.25  0.0314159  0  0
21.25  0.0628319  0  0
21.25  0.0942478  0  0
21.25  0.125664  0  0
21.25  0.15708  0  0
21.25  0.188496  0  0
21.25  0.219911  0  0
21.25  0.251327  0  0
21.25  0.282743  0  0
21.25  0.314159  0  0
21.25  0.345575  0  0
21.25  0.376991  0  0
21.25  0.408407  0  0
21.25  0.439823  0  0
21.25  0.471239  0  0
21.25  0.502655  0  0
21.25  0.534071  0  0
21.25  0.565487  0.247646  1.9136
21.25  0.596903  1.28066  0.423355
21.25  0.628319  4.57209  0.959776
21.25  0.659734  6.44376  2.26534
21.25  0.69115  4.51756  0.844275
21.25  0.722566  5.55206  0.766433
21.25  0.753982  4.83557  0.734555
21.25  0.785398  5.76204  0.80936
21.25  0.816814  5.12963  0.615673
21.25  0.84823  5.24164  0.96517
21.25  0.879646  5.14215  0.632993
21.25  0.911062  5.67551  0.695902
21.25  0.942478  4.19967  0.495362
21.25  0.973894  5.2993  0.851846
21.25  1.00531  5.77705  0.594836
21.25  1.03673  5.88836  1.19547
21.25  1.06814  7.05588  1.11919
21.25  1.09956  5.39011  1.07803
21.25  1.13097  5.79179  1.25856
21.25  1.16239  6.2253  0.923117
21.25  1.19381  6.29341  1.30443
21.25  1.22522  4.35385  0.667188
21.25  1.25664  6.61033  1.17467
21.25  1.28805  4.81171  0.814979
21.25  1.31947  5.94641  1.64752
21.25  1.35088  8.6031  2.53157
21.25  1.3823  6.43075  0.996568
21.25  1.41372  8.91262  6.31107
21.25  1.44513  6.60906  1.50619
21.25  1.47655  6.20222  0.803627
21.25  1.50796  3.46891  0.631812
21.25  1.53938  7.58764  1.41068
21.25  1.5708  8.95844  2.53604
21.25  1.60221  7.1895  2.94756
21.25  1.63363  6.44536  1.80838
21.25  1.66504  5.41201  1.06052
21.25  1.69646  5.02508  0.941166
21.25  1.72788  8.57922  2.30351
21.25  1.75929  6.45311  1.25032
21.25  1.79071  7.80428  2.24083
21.25  1.82212  6.50266  1.12745
21.25  1.85354  5.21596  0.761659
21.25  1.88496  6.35025  1.05054
21.25  1.91637  6.09793  0.731758
21.25  1.94779  6.2915  1.49489
21.25  1.9792  6.11215  1.4153
21.25  2.01062  5.93533  1.96781
21.25  2.04204  4.25212  0.534653
21.25  2.07345  6.08761  0.912362
21.25  2.10487  5.20263  0.856876
21.25  2.13628  9.90381  2.95524
21.25  2.1677  6.55259  1.01881
21.25  2.19911  5.40766  0.698444
21.25  2.23053  6.37659  1.03122
21.25  2.26195  5.95929  0.973429
21.25  2.29336  7.31603  1.42113
21.25  2.32478  5.00828  0.688633
21.25  2.35619  5.35419  1.00572
21.25  2.38761  5.35957  0.986993
21.25  2.41903  4.15415  1.9531
21.25  2.45044  3.9896  1.37634
21.25  2.48186  6.33426  1.60931
21.25  2.51327  5.08364  1.88036
21.25  2.54469  0.252745  1.76779
21.25  2.57611  0  0
21.25  2.60752  0  0
21.25  2.63894  0  0
21.25  2.67035  0  0
21.25  2.70177  0  0
21.25  2.73319  0  0
21.25  2.7646  0  0
21.25  2.79602  0  0
21.25  2.82743  0  0
21.25  2.85885  0  0
21.25  2.89027  0  0
21.25  2.92168  0  0
21.25  2.9531  0  0
21.25  2.98451  0  0
21.25  3.01593  0  0
21.25  3.04734  0  0
21.25  3.07876  0  0
21.25  3.11018  0  0
21.375  0  0  0
21.375  0.0314159  0  0
21.375  0.0628319  0  0
21.375  0.0942478  0  0
21.375  0.125664  0  0
21.375  0.15708  0  0
21.375  0.188496  0  0
21.375  0.219911  0  0
21.375  0.251327  0  0
21.375  0.282743  0  0
21.375  0.314159  0  0
21.375  0.345575  0  0
21.375  0.376991  0  0
21.375  0.408407  0  0
21.375  0.439823  0  0
21.375  0.471239  0  0
21.375  0.502655  0  0
21.375  0.534071  0  0
21.375  0.565487  4.44582  32.6228
21.375  0.596903  5.10979  1.75277
21.375  0.628319  6.07958  2.7113
21.375  0.659734  6.46687  2.07592
21.375  0.69115  3.19388  0.479905
21.375  0.722566  4.45037  0.566845
21.375  0.753982  7.79281  4.5726
21.375  0.785398  7.09735  1.17609
21.375  0.816814  6.3672  0.968898
21.375  0.84823  5.13296  0.538183
21.375  0.879646  9.39701  2.2085
21.375  0.911062  5.13547  0.786701
21.375  0.942478  7.04549  0.994245
21.375  0.973894  7.36002  1.00333
21.375  1.00531  9.54553  3.02049
21.375  1.03673  6.62643  1.70112
21.375  1.06814  4.59516  0.680387
21.375  1.09956  6.76348  1.50437
21.375  1.13097  7.79968  1.48519
21.375  1.16239  7.41868  1.74136
21.375  1.19381  9.96009  2.6308
21.375  1.22522  6.0845  1.25359
21.375  1.25664  6.18151  0.968122
21.375  1.28805  5.84287  0.88396
21.375  1.31947  5.51869  2.29842
21.375  1.35088  4.19758  0.577869
21.375  1.3823  7.84919  6.2097
21.375  1.41372  12.4749  3.15741
21.375  1.44513  7.41133  2.01327
21.375  1.47655  7.67753  1.87527
21.375  1.50796  5.48218  1.12963
21.375  1.53938  6.15842  0.966484
21.375  1.5708  6.36156  1.03486
21.375  1.60221  5.10642  1.15028
21.375  1.63363  4.70901  2.25752
21.375  1.66504  6.88942  1.53768
21.375  1.69646  7.66627  1.84294
21.375  1.72788  6.47304  1.21099
21.375  1.75929  6.29429  1.65135
21.375  1.79071  6.44177  1.06905
21.375  1.82212  7.51488  1.81017
21.375  1.85354  7.10876  1.62518
21.375  1.88496  6.99658  1.30307
21.375  1.91637  6.25059  0.849625
21.375  1.94779  7.72308  1.73887
21.375  1.9792  7.09891  1.86183
21.375  2.01062  5.75353  1.13327
21.375  2.04204  6.16276  0.998922
21.375  2.07345  5.6457  0.586439
21.375  2.10487  5.80201  0.987347
21.375  2.13628  5.59193  1.00596
21.375  2.1677  7.44645  1.24771
21.375  2.19911  6.25293  1.10314
21.375  2.23053  5.11569  0.6813
21.375  2.26195  3.30251  0.359096
21.375  2.29336  5.96838  1.36313
21.375  2.32478  5.56512  0.785376
21.375  2.35619  5.4995  1.15034
21.375  2.38761  14.3679  13.5077
21.375  2.41903  8.18721  2.76307
21.375  2.45044  5.28865  1.83981
21.375  2.48186  7.36271  2.45514
21.375  2.51327  13.1254  26.6546
21.375  2.54469  0.996134  7.89957
21.375  2.57611  0  0
21.375  2.60752  0  0
21.375  2.63894  0  0
21.375  2.67035  0  0
21.375  2.70177  0  0
21.375  2.73319  0  0
21.375  2.7646  0  0
21.375  2.79602  0  0
21.375  2.82743  0  0
21.375  2.85885  0  0
21.375  2.89027  0  0
21.375  2.92168  0  0
21.375  2.9531  0  0
21.375  2.98451  0  0
21.375  3.01593  0  0
21.375  3.04734  0  0
21.375  3.07876  0  0
21.375  3.11018  0  0
21.5  0  0  0
21.5  0.0314159  0  0
21.5  0.0628319  0  0
21.5  0.0942478  0  0
21.5  0.125664  0  0
21.5  0.15708  0  0
21.5  0.188496  0  0
21.5  0.219911  0  0
21.5  0.251327  0  0
21.5  0.282743  0  0
21.5  0.314159  0  0
21.5  0.345575  0  0
21.5  0.376991  0  0
21.5  0.408407  0  0
21.5  0.439823  0  0
21.5  0.471239  0  0
21.5  0.502655  0  0
21.5  0.534071  0  0
21.5  0.565487  41.2234  26.5545
21.5  0.596903  7.74946  4.96039
21.5  0.628319  6.64195  1.73323
21.5  0.659734  4.8809  0.888126
21.5  0.69115  4.83429  0.73773
21.5  0.722566  3.67825  0.494856
21.5  0.753982  6.03531  1.21159
21.5  0.785398  5.99416  0.857178
21.5  0.816814  5.90713  1.27253
21.5  0.84823  6.06782  0.980018
21.5  0.879646  6.0194  0.683586
21.5  0.911062  6.90865  1.50425
21.5  0.942478  5.90113  0.843057
21.5  0.973894  7.24179  1.15469
21.5  1.00531  5.77455  1.23312
21.5  1.03673  6.54645  0.860832
21.5  1.06814  5.06253  0.923438
21.5  1.09956  7.52959  2.65764
21.5  1.13097  6.08849  0.93893
21.5  1.16239  6.60449  1.31661
21.5  1.19381  7.79766  1.82935
21.5  1.22522  7.22147  1.57489
21.5  1.25664  6.88777  1.19605
21.5  1.28805  6.79172  1.08
21.5  1.31947  4.74231  0.648148
21.5  1.35088  8.39776  2.38585
21.5  1.3823  10.6061  3.71682
21.5  1.41372  6.96948  1.97676
21.5  1.44513  7.9322  1.77352
21.5  1.47655  7.57318  1.32732
21.5  1.50796  6.05761  0.982427
21.5  1.53938  6.82828  1.40673
21.5  1.5708  8.86455  2.4322
21.5  1.60221  4.5731  0.69451
21.5  1.63363  5.71929  1.00328
21.5  1.66504  5.85207  0.801596
21.5  1.69646  6.99036  1.91816
21.5  1.72788  8.94429  2.62478
21.5  1.75929  6.26281  1.42341
21.5  1.79071  6.91776  1.1937
21.5  1.82212  6.3305  0.969674
21.5  1.85354  6.64527  1.14857
21.5  1.88496  4.73261  2.09992
21.5  1.91637  6.13829  0.889116
21.5  1.94779  10.9515  3.0144
21.5  1.9792  6.52632  1.38807
21.5  2.01062  5.0721  0.963823
21.5  2.04204  4.48689  0.656416
21.5  2.07345  6.35546  1.05449
21.5  2.10487  6.6541  1.03262
21.5  2.13628  6.74991  1.01277
21.5  2.1677  6.45382  0.913634
21.5  2.19911  4.41965  0.524314
21.5  2.23053  5.96023  0.779747
21.5  2.26195  5.40198  1.01251
21.5  2.29336  5.54243  0.619829
21.5  2.32478  6.43572  0.830797
21.5  2.35619  5.48429  0.862772
21.5  2.38761  5.65792  1.193
21.5  2.41903  12.4821  8.06633
21.5  2.45044  4.05172  0.753093
21.5  2.48186  5.19202  0.87842
21.5  2.51327  15.1901  34.1653
21.5  2.54469  57.4447  54.4076
21.5  2.57611  0  0
21.5  2.60752  0  0
21.5  2.63894  0  0
21.5  2.67035  0  0
21.5  2.70177  0  0
21.5  2.73319  0  0
21.5  2.7646  0  0
21.5  2.79602  0  0
21.5  2.82743  0  0
21.5  2.85885  0  0
21.5  2.89027  0  0
21.5  2.92168  0  0
21.5  2.9531  0  0
21.5  2.98451  0  0
21.5  3.01593  0  0
21.5  3.04734  0  0
21.5  3.07876  0  0
21.5  3.11018  0  0
21.625  0  0  0
21.625  0.0314159  0  0
21.625  0.0628319  0  0
21.625  0.0942478  0  0
21.625  0.125664  0  0
21.625  0.15708  0  0
21.625  0.188496  0  0
21.625  0.219911  0  0
21.625  0.251327  0  0
21.625  0.282743  0  0
21.625  0.314159  0  0
21.625  0.345575  0  0
21.625  0.376991  0  0
21.625  0.408407  0  0
21.625  0.439823  0  0
21.625  0.471239  0  0
21.625  0.502655  0  0
21.625  0.534071  0  0
21.625  0.565487  11.9189  18.8317
21.625  0.596903  8.16963  3.96258
21.625  0.628319  8.24402  2.85221
21.625  0.659734  4.78433  1.09847
21.625  0.69115  6.03279  1.41332
21.625  0.722566  6.79441  1.77776
21.625  0.753982  5.11196  1.21546
21.625  0.785398  5.02581  0.691597
21.625  0.816814  6.52458  1.23754
21.625  0.84823  5.22403  0.941784
21.625  0.879646  5.84005  0.940603
21.625  0.911062  6.50261  0.980694
21.625  0.942478  6.5188  0.808237
21.625  0.973894  5.99284  0.873016
21.625  1.00531  7.5833  1.34833
21.625  1.03673  5.31406  0.93166
21.625  1.06814  6.01646  1.29586
21.625  1.09956  6.6054  1.16956
21.625  1.13097  8.12931  2.08257
21.625  1.16239  6.81503  1.07959
21.625  1.19381  7.12368  1.01003
21.625  1.22522  7.27656  1.6946
21.625  1.25664  7.35892  1.40673
21.625  1.28805  8.15486  1.859
21.625  1.31947  5.74954  1.02175
21.625  1.35088  8.47291  1.54831
21.625  1.3823  6.03249  1.51621
21.625  1.41372  7.30683  1.76517
21.625  1.44513  7.44534  2.21758
21.625  1.47655  11.0633  2.84284
21.625  1.50796  7.29176  1.98169
21.625  1.53938  7.60659  2.28802
21.625  1.5708  7.66841  1.59579
21.625  1.60221  8.3759  1.58923
21.625  1.63363  7.76732  1.94872
21.625  1.66504  6.04397  0.806282
21.625  1.69646  8.45177  3.14981
21.625  1.72788  5.89319  0.804975
21.625  1.75929  5.64929  0.85906
21.625  1.79071  7.70953  1.85087
21.625  1.82212  8.33047  1.49559
21.625  1.85354  6.29295  0.911215
21.625  1.88496  6.58989  1.1949
21.625  1.91637  8.16266  2.30101
21.625  1.94779  6.56894  1.12985
21.625  1.9792  7.68417  1.92325
21.625  2.01062  3.56658  0.506243
21.625  2.04204  6.77029  1.0128
21.625  2.07345  4.13307  0.830972
21.625  2.10487  6.31229  1.04076
21.625  2.13628  7.59542  1.00054
21.625  2.1677  6.68907  1.24324
21.625  2.19911  6.1156  0.645355
21.625  2.23053  5.32776  0.559486
21.625  2.26195  6.27955  0.990457
21.625  2.29336  5.95446  1.22385
21.625  2.32478  5.97918  0.972428
21.625  2.35619  7.53618  1.69256
21.625  2.38761  5.0053  0.697386
21.625  2.41903  5.93826  1.23692
21.625  2.45044  5.26942  0.754734
21.625  2.48186  7.61472  3.23878
21.625  2.51327  5.24516  1.87638
21.625  2.54469  29.5579  14.8845
21.625  2.57611  0  0
21.625  2.60752  0  0
21.625  2.63894  0  0
21.625  2.67035  0  0
21.625  2.70177  0  0
21.625  2.73319  0  0
21.625  2.7646  0  0
21.625  2.79602  0  0
21.625  2.82743  0  0
21.625  2.85885  0  0
21.625  2.89027  0  0
21.625  2.92168  0  0
21.625  2.9531  0  0
21.625  2.98451  0  0
21.625  3.01593  0  0
21.625  3.04734  0  0
21.625  3.07876  0  0
21.625  3.11018  0  0
21.75  0  0  0
21.75  0.0314159  0  0
21.75  0.0628319  0  0
21.75  0.0942478  0  0
21.75  0.125664  0  0
21.75  0.15708  0  0
21.75  0.188496  0  0
21.75  0.219911  0  0
21.75  0.251327  0  0
21.75  0.282743  0  0
21.75  0.314159  0  0
21.75  0.345575  0  0
21.75  0.376991  0  0
21.75  0.408407  0  0
21.75  0.439823  0  0
21.75  0.471239  0  0
21.75  0.502655  0  0
21.75  0.534071  0  0
21.75  0.565487  69.2588  49.5326
21.75  0.596903  9.54422  7.89132
21.75  0.628319  3.06334  0.775316
21.75  0.659734  7.83142  2.49136
21.75  0.69115  4.74391  0.916609
21.75  0.722566  12.4627  7.10413
21.75  0.753982  4.32316  0.814767
21.75  0.785398  5.94618  0.754839
21.75  0.816814  5.70221  0.854086
21.75  0.84823  5.46181  0.936208
21.75  0.879646  8.01117  1.31504
21.75  0.911062  5.06835  0.734081
21.75  0.942478  6.49707  0.812704
21.75  0.973894  7.83117  1.28419
21.75  1.00531  6.28154  0.854903
21.75  1.03673  8.05451  1.86213
21.75  1.06814  5.78452  0.92753
21.75  1.09956  7.50587  1.22901
21.75  1.13097  8.11738  1.83387
21.75  1.16239  11.8264  3.15308
21.75  1.19381  6.87771  1.60314
21.75  1.22522  7.12191  1.56497
21.75  1.25664  6.37418  1.68549
21.75  1.28805  4.74648  0.837495
21.75  1.31947  6.55614  1.79711
21.75  1.35088  6.51917  1.26966
21.75  1.3823  5.47489  0.962616
21.75  1.41372  7.5879  4.16145
21.75  1.44513  5.77989  0.945884
21.75  1.47655  8.60089  2.65059
21.75  1.50796  6.11766  1.02769
21.75  1.53938  6.50205  1.26686
21.75  1.5708  8.40637  1.35858
21.75  1.60221  6.03481  1.67803
21.75  1.63363  5.66056  1.04459
21.75  1.66504  5.73732  1.03913
21.75  1.69646  6.98924  1.3579
21.75  1.72788  5.24253  1.03806
21.75  1.75929  6.53166  1.12396
21.75  1.79071  6.29484  0.822958
21.75  1.82212  9.96331  2.70462
21.75  1.85354  8.04683  1.83236
21.75  1.88496  4.7933  0.746884
21.75  1.91637  8.73552  1.49242
21.75  1.94779  8.97675  1.98251
21.75  1.9792  6.49786  1.14849
21.75  2.01062  7.5934  1.59716
21.75  2.04204  6.13926  1.03601
21.75  2.07345  5.38277  0.657671
21.75  2.10487  6.4211  0.818695
21.75  2.13628  7.81106  2.02251
21.75  2.1677  5.70322  1.0061
21.75  2.19911  5.61293  0.606714
21.75  2.23053  6.52795  1.06296
21.75  2.26195  5.15414  0.630009
21.75  2.29336  6.02933  1.35886
21.75  2.32478  4.99499  0.704734
21.75  2.35619  6.68507  1.10919
21.75  2.38761  5.76484  1.26025
21.75  2.41903  8.73545  3.86971
21.75  2.45044  4.63328  0.810553
21.75  2.48186  5.61262  1.88085
21.75  2.51327  44.4169  25.2256
21.75  2.54469  12.7411  16.058
21.75  2.57611  0.251454  2.03789
21.75  2.60752  0  0
21.75  2.63894  0  0
21.75  2.67035  0  0
21.75  2.70177  0  0
21.75  2.73319  0  0
21.75  2.7646  0  0
21.75  2.79602  0  0
21.75  2.82743  0  0
21.75  2.85885  0  0
21.75  2.89027  0  0
21.75  2.92168  0  0
21.75  2.9531  0  0
21.75  2.98451  0  0
21.75  3.01593  0  0
21.75  3.04734  0  0
21.75  3.07876  0  0
21.75  3.11018  0  0
21.875  0  0  0
21.875  0.0314159  0  0
21.875  0.0628319  0  0
21.875  0.0942478  0  0
21.875  0.125664  0  0
21.875  0.15708  0  0
21.875  0.188496  0  0
21.875  0.219911  0  0
21.875  0.251327  0  0
21.875  0.282743  0  0
21.875  0.314159  0  0
21.875  0.345575  0  0
21.875  0.376991  0  0
21.875  0.408407  0  0
21.875  0.439823  0  0
21.875  0.471239  0  0
21.875  0.502655  0  0
21.875  0.534071  0  0
21.875  0.565487  12.5131  28.193
21.875  0.596903  5.55083  1.93696
21.875  0.628319  5.34344  1.1661
21.875  0.659734  7.548  1.84087
21.875  0.69115  5.98579  1.2937
21.875  0.722566  5.69274  0.804478
21.875  0.753982  5.97116  1.28838
21.875  0.785398  5.71658  0.988973
21.875  0.816814  6.1174  1.328
21.875  0.84823  5.31283  1.4837
21.875  0.879646  5.42889  0.735363
21.875  0.911062  4.93549  0.673329
21.875  0.942478  6.36289  1.14601
21.875  0.973894  5.59651  0.693486
21.875  1.00531  5.07946  0.932224
21.875  1.03673  6.91052  1.1886
21.875  1.06814  6.27761  1.49584
21.875  1.09956  5.97165  0.938201
21.875  1.13097  7.61914  1.43859
21.875  1.16239  5.89551  0.962817
21.875  1.19381  6.38471  1.44265
21.875  1.22522  5.52023  0.897751
21.875  1.25664  6.17661  1.23191
21.875  1.28805  11.0162  2.94908
21.875  1.31947  7.40276  1.19744
21.875  1.35088  7.44132  2.01858
21.875  1.3823  6.87796  2.33208
21.875  1.41372  6.64008  1.26155
21.875  1.44513  7.8538  4.66493
21.875  1.47655  13.522  6.23841
21.875  1.50796  7.76034  1.83155
21.875  1.53938  5.94409  1.06169
21.875  1.5708  6.46187  1.83392
21.875  1.60221  6.74163  2.315
21.875  1.63363  7.96054  1.51602
21.875  1.66504  7.68324  1.58256
21.875  1.69646  6.47947  0.86943
21.875  1.72788  7.76919  1.21553
21.875  1.75929  5.36784  0.81278
21.875  1.79071  7.08066  1.38679
21.875  1.82212  6.01487  1.11846
21.875  1.85354  7.02009  1.08556
21.875  1.88496  8.08109  1.75473
21.875  1.91637  5.84561  1.13625
21.875  1.94779  6.51309  1.09302
21.875  1.9792  12.1252  4.46801
21.875  2.01062  7.07478  0.946824
21.875  2.04204  5.72772  0.933618
21.875  2.07345  5.6346  1.12741
21.875  2.10487  5.85798  0.890881
21.875  2.13628  5.988  0.776242
21.875  2.1677  4.31017  0.609123
21.875  2.19911  5.67013  0.987694
21.875  2.23053  4.35486  0.481074
21.875  2.26195  4.58965  0.575124
21.875  2.29336  5.46934  0.701121
21.875  2.32478  7.28871  1.20881
21.875  2.35619  6.3679  1.29182
21.875  2.38761  6.42787  1.17116
21.875  2.41903  5.74233  1.37328
21.875  2.45044  6.03297  1.77208
21.875  2.48186  4.1245  1.09736
21.875  2.51327  35.1615  16.0266
21.875  2.54469  50.4413  44.3284
21.875  2.57611  2.22291  16.3114
21.875  2.60752  0  0
21.875  2.63894  0  0
21.875  2.67035  0  0
21.875  2.70177  0  0
21.875  2.73319  0  0
21.875  2.7646  0  0
21.875  2.79602  0  0
21.875  2.82743  0  0
21.875  2.85885  0  0
21.875  2.89027  0  0
21.875  2.92168  0  0
21.875  2.9531  0  0
21.875  2.98451  0  0
21.875  3.01593  0  0
21.875  3.04734  0  0
21.875  3.07876  0  0
21.875  3.11018  0  0
22  0  0  0
22  0.0314159  0  0
22  0.0628319  0  0
22  0.0942478  0  0
22  0.125664  0  0
22  0.15708  0  0
22  0.188496  0  0
22  0.219911  0  0
22  0.251327  0  0
22  0.282743  0  0
22  0.314159  0  0
22  0.345575  0  0
22  0.376991  0  0
22  0.408407  0  0
22  0.439823  0  0
22  0.471239  0  0
22  0.502655  0  0
22  0.534071  2.22291  16.3114
22  0.565487  6.33752  2.82771
22  0.596903  4.56569  1.5758
22  0.628319  5.24124  1.21743
22  0.659734  6.00737  1.66591
22  0.69115  1.78421  0.446807
22  0.722566  6.4102  1.66538
22  0.753982  5.86457  1.3409
22  0.785398  3.39962  0.517429
22  0.816814  5.45669  0.800638
22  0.84823  5.95193  0.847992
22  0.879646  6.7083  0.844218
22  0.911062  6.53512  0.879689
22  0.942478  6.02897  1.02112
22  0.973894  5.42769  0.775417
22  1.00531  4.98206  1.10872
22  1.03673  20.6521  44.8665
22  1.06814  8.79353  2.57037
22  1.09956  6.55627  1.4042
22  1.13097  8.86061  2.90753
22  1.16239  7.86316  3.38087
22  1.19381  5.27516  0.619939
22  1.22522  8.43253  1.51602
22  1.25664  6.03137  1.34479
22  1.28805  9.6593  2.90203
22  1.31947  7.11806  1.31144
22  1.35088  7.49882  2.10834
22  1.3823  7.27305  1.29377
22  1.41372  6.96475  1.34112
22  1.44513  12.4505  4.68548
22  1.47655  6.64578  1.5062
22  1.50796  7.55394  2.00761
22  1.53938  8.31227  1.652
22  1.5708  8.24867  1.86961
22  1.60221  6.15632  1.16018
22  1.63363  7.5766  1.60129
22  1.66504  6.87889  1.42617
22  1.69646  4.925  1.48354
22  1.72788  6.99839  1.75263
22  1.75929  7.24005  1.83091
22  1.79071  8.35838  1.80784
22  1.82212  8.56731  2.16105
22  1.85354  7.60106  1.88539
22  1.88496  7.02377  1.55705
22  1.91637  9.42953  2.71484
22  1.94779  9.42936  2.30642
22  1.9792  6.04373  1.01157
22  2.01062  8.32983  1.53928
22  2.04204  6.38271  1.1119
22  2.07345  5.39066  1.39982
22  2.10487  5.32944  1.13565
22  2.13628  7.44265  1.63429
22  2.1677  6.58188  1.16991
22  2.19911  3.80968  0.667517
22  2.23053  7.25548  1.61875
22  2.26195  6.44218  0.877156
22  2.29336  5.2392  0.726469
22  2.32478  5.10488  0.779348
22  2.35619  4.82314  1.16123
22  2.38761  5.95219  0.753404
22  2.41903  4.37543  0.800076
22  2.45044  7.52438  3.35087
22  2.48186  22.4263  35.498
22  2.51327  4.90906  1.33875
22  2.54469  3.13949  1.5286
22  2.57611  0.247646  1.9136
22  2.60752  0  0
22  2.63894  0  0
22  2.67035  0  0
22  2.70177  0  0
22  2.73319  0  0
22  2.7646  0  0
22  2.79602  0  0
22  2.82743  0  0
22  2.85885  0  0
22  2.89027  0  0
22  2.92168  0  0
22  2.9531  0  0
22  2.98451  0  0
22  3.01593  0  0
22  3.04734  0  0
22  3.07876  0  0
22  3.11018  0  0
22.125  0  0  0
22.125  0.0314159  0  0
22.125  0.0628319  0  0
22.125  0.0942478  0  0
22.125  0.125664  0  0
22.125  0.15708  0  0
22.125  0.188496  0  0
22.125  0.219911  0  0
22.125  0.251327  0  0
22.125  0.282743  0  0
22.125  0.314159  0  0
22.125  0.345575  0  0
22.125  0.376991  0  0
22.125  0.408407  0  0
22.125  0.439823  0  0
22.125  0.471239  0  0
22.125  0.502655  0  0
22.125  0.534071  0.247646  1.9136
22.125  0.565487  23.9187  32.7114
22.125  0.596903  4.09  0.934603
22.125  0.628319  5.69512  2.54116
22.125  0.659734  6.5196  1.72051
22.125  0.69115  4.6644  0.801293
22.125  0.722566  5.37305  1.21565
22.125  0.753982  5.10777  0.685323
22.125  0.785398  4.84354  0.76281
22.125  0.816814  4.10168  0.618484
22.125  0.84823  6.91385  1.33109
22.125  0.879646  5.71981  0.720939
22.125  0.911062  4.74227  0.532398
22.125  0.942478  5.22134  0.521008
22.125  0.973894  5.62103  0.882226
22.125  1.00531  6.5894  1.10794
22.125  1.03673  5.13117  1.13824
22.125  1.06814  6.8194  1.11191
22.125  1.09956  8.23914  2.61637
22.125  1.13097  6.16128  0.713382
22.125  1.16239  7.1671  2.1309
22.125  1.19381  6.65787  1.45222
22.125  1.22522  7.74416  1.21573
22.125  1.25664  5.84583  0.87609
22.125  1.28805  6.46213  1.10731
22.125  1.31947  5.47911  0.912905
22.125  1.35088  9.4217  3.1534
22.125  1.3823  5.15899  0.893129
22.125  1.41372  6.49811  1.14171
22.125  1.44513  8.86111  3.56419
22.125  1.47655  5.36804  0.872494
22.125  1.50796  8.8941  1.64256
22.125  1.53938  6.52229  2.515
22.125  1.5708  5.78498  1.14153
22.125  1.60221  6.60479  2.20502
22.125  1.63363  12.1315  3.78978
22.125  1.66504  7.67325  2.04948
22.125  1.69646  6.10582  1.32361
22.125  1.72788  7.12471  1.10236
22.125  1.75929  9.23297  2.40417
22.125  1.79071  8.02737  1.4932
22.125  1.82212  4.51608  0.568344
22.125  1.85354  6.10039  1.25547
22.125  1.88496  4.44361  1.75357
22.125  1.91637  7.74026  1.85953
22.125  1.94779  8.22098  2.30763
22.125  1.9792  5.52204  1.01252
22.125  2.01062  6.18343  1.05804
22.125  2.04204  6.77122  1.00764
22.125  2.07345  7.78597  1.68355
22.125  2.10487  6.55434  0.948897
22.125  2.13628  7.10394  1.25943
22.125  2.1677  5.04654  0.624343
22.125  2.19911  5.47435  0.53868
22.125  2.23053  4.94763  0.641894
22.125  2.26195  5.22296  0.63592
22.125  2.29336  5.69113  0.794575
22.125  2.32478  4.32228  0.591921
22.125  2.35619  6.11741  0.909448
22.125  2.38761  7.63531  1.44266
22.125  2.41903  5.742  1.90585
22.125  2.45044  6.57546  1.95552
22.125  2.48186  4.96534  3.0162
22.125  2.51327  3.65252  0.965931
22.125  2.54469  47.2857  44.2618
22.125  2.57611  0.251454  2.03789
22.125  2.60752  0  0
22.125  2.63894  0  0
22.125  2.67035  0  0
22.125  2.70177  0  0
22.125  2.73319  0  0
22.125  2.7646  0  0
22.125  2.79602  0  0
22.125  2.82743  0  0
22.125  2.85885  0  0
22.125  2.89027  0  0
22.125  2.92168  0  0
22.125  2.9531  0  0
22.125  2.98451  0  0
22.125  3.01593  0  0
22.125  3.04734  0  0
22.125  3.07876  0  0
22.125  3.11018  0  0
22.25  0  0  0
22.25  0.0314159  0  0
22.25  0.0628319  0  0
22.25  0.0942478  0  0
22.25  0.125664  0  0
22.25  0.15708  0  0
22.25  0.188496  0  0
22.25  0.219911  0  0
22.25  0.251327  0  0
22.25  0.282743  0  0
22.25  0.314159  0  0
22.25  0.345575  0  0
22.25  0.376991  0  0
22.25  0.408407  0  0
22.25  0.439823  0  0
22.25  0.471239  0  0
22.25  0.502655  0  0
22.25  0.534071  25.8548  25.7434
22.25  0.565487  4.91747  1.42803
22.25  0.596903  3.28382  0.620488
22.25  0.628319  50.7633  36.315
22.25  0.659734  5.26623  1.10447
22.25  0.69115  5.21956  0.804655
22.25  0.722566  5.82842  2.03862
22.25  0.753982  5.92864  0.917743
22.25  0.785398  4.31268  0.490832
22.25  0.816814  7.17814  1.09096
22.25  0.84823  5.46813  0.691673
22.25  0.879646  4.7703  0.836085
22.25  0.911062  5.6258  0.799218
22.25  0.942478  7.02747  0.886446
22.25  0.973894  4.08055  0.489266
22.25  1.00531  6.28062  0.901227
22.25  1.03673  5.11613  0.875465
22.25  1.06814  7.18733  1.3864
22.25  1.09956  7.10127  1.29045
22.25  1.13097  8.27174  1.94264
22.25  1.16239  6.59378  1.08359
22.25  1.19381  7.47674  2.06076
22.25  1.22522  6.71554  1.06261
22.25  1.25664  8.96253  2.60284
22.25  1.28805  7.0891  1.08969
22.25  1.31947  5.32628  1.28489
22.25  1.35088  8.52797  1.77991
22.25  1.3823  5.96895  2.10406
22.25  1.41372  3.01985  1.18204
22.25  1.44513  6.67644  1.32154
22.25  1.47655  7.30548  1.87898
22.25  1.50796  8.45448  2.41039
22.25  1.53938  7.46144  1.93102
22.25  1.5708  6.53015  1.12415
22.25  1.60221  8.14911  1.57473
22.25  1.63363  7.39457  1.37069
22.25  1.66504  7.0888  1.18591
22.25  1.69646  7.2889  1.50107
22.25  1.72788  5.15767  0.833003
22.25  1.75929  6.02422  0.956125
22.25  1.79071  5.67368  1.12862
22.25  1.82212  9.18242  2.54707
22.25  1.85354  5.93186  0.768088
22.25  1.88496  7.46356  1.68063
22.25  1.91637  10.2136  2.73705
22.25  1.94779  6.84306  3.18705
22.25  1.9792  5.26564  1.25522
22.25  2.01062  6.39751  0.925477
22.25  2.04204  6.49715  1.01932
22.25  2.07345  6.56342  1.1715
22.25  2.10487  4.56026  0.786207
22.25  2.13628  6.73419  1.22368
22.25  2.1677  7.3578  1.25433
22.25  2.19911  4.73603  0.574805
22.25  2.23053  6.43661  1.28408
22.25  2.26195  5.16426  0.808576
22.25  2.29336  5.79813  0.676243
22.25  2.32478  6.31828  0.934112
22.25  2.35619  3.52552  0.766403
22.25  2.38761  5.16304  0.704962
22.25  2.41903  7.96377  3.26568
22.25  2.45044  5.16283  1.84181
22.25  2.48186  14.2269  11.9302
22.25  2.51327  3.43603  1.0202
22.25  2.54469  9.59386  9.3177
22.25  2.57611  0.246515  2.25049
22.25  2.60752  0  0
22.25  2.63894  0  0
22.25  2.67035  0  0
22.25  2.70177  0  0
22.25  2.73319  0  0
22.25  2.7646  0  0
22.25  2.79602  0  0
22.25  2.82743  0  0
22.25  2.85885  0  0
22.25  2.89027  0  0
22.25  2.92168  0  0
22.25  2.9531  0  0
22.25  2.98451  0  0
22.25  3.01593  0  0
22.25  3.04734  0  0
22.25  3.07876  0  0
22.25  3.11018  0  0
22.375  0  0  0
22.375  0.0314159  0  0
22.375  0.0628319  0  0
22.375  0.0942478  0  0
22.375  0.125664  0  0
22.375  0.15708  0  0
22.375  0.188496  0  0
22.375  0.219911  0  0
22.375  0.251327  0  0
22.375  0.282743  0  0
22.375  0.314159  0  0
22.375  0.345575  0  0
22.375  0.376991  0  0
22.375  0.408407  0  0
22.375  0.439823  0  0
22.375  0.471239  0  0
22.375  0.502655  0  0
22.375  0.534071  37.4043  21.0399
22.375  0.565487  8.67637  6.46787
22.375  0.596903  5.75122  1.36142
22.375  0.628319  5.17492  1.94282
22.375  0.659734  4.84415  1.39529
22.375  0.69115  7.4086  1.72905
22.375  0.722566  8.89128  3.01665
22.375  0.753982  4.65098  0.546747
22.375  0.785398  3.87073  0.555653
22.375  0.816814  5.82171  0.668408
22.375  0.84823  3.06657  0.613135
22.375  0.879646  4.91247  0.79541
22.375  0.911062  8.57417  1.29376
22.375  0.942478  5.22655  0.705251
22.375  0.973894  4.98066  0.658411
22.375  1.00531  4.56353  0.601631
22.375  1.03673  6.76827  0.787045
22.375  1.06814  6.13094  0.903448
22.375  1.09956  4.79561  0.796594
22.375  1.13097  6.71641  1.31151
22.375  1.16239  6.04277  1.6934
22.375  1.19381  7.45103  1.33122
22.375  1.22522  7.78012  4.53094
22.375  1.25664  6.2961  1.12772
22.375  1.28805  7.35716  1.44664
22.375  1.31947  5.90501  0.97167
22.375  1.35088  5.70309  0.893273
22.375  1.3823  6.70019  1.37567
22.375  1.41372  6.51973  1.74405
22.375  1.44513  5.62516  1.61987
22.375  1.47655  5.95721  0.995358
22.375  1.50796  6.36341  1.00296
22.375  1.53938  9.1785  3.0895
22.375  1.5708  4.25812  1.62271
22.375  1.60221  5.15445  1.23731
22.375  1.63363  5.17689  1.01554
22.375  1.66504  5.36515  1.21993
22.375  1.69646  7.71752  2.72078
22.375  1.72788  7.75092  2.42387
22.375  1.75929  7.0994  1.28805
22.375  1.79071  7.62575  1.21674
22.375  1.82212  5.27924  1.06817
22.375  1.85354  4.52059  1.0344
22.375  1.88496  4.28834  0.601266
22.375  1.91637  7.05538  1.55369
22.375  1.94779  7.53288  1.31451
22.375  1.9792  6.8963  1.35072
22.375  2.01062  4.46369  0.754997
22.375  2.04204  6.43987  1.08357
22.375  2.07345  3.32466  0.509029
22.375  2.10487  5.67533  0.90883
22.375  2.13628  7.54618  1.2137
22.375  2.1677  6.11169  1.20014
22.375  2.19911  5.30629  0.98897
22.375  2.23053  6.29876  1.1404
22.375  2.26195  6.30246  0.725092
22.375  2.29336  5.81902  0.792107
22.375  2.32478  5.61609  0.914971
22.375  2.35619  4.40994  0.703778
22.375  2.38761  8.1962  2.00463
22.375  2.41903  6.21274  1.7596
22.375  2.45044  7.30673  2.4515
22.375  2.48186  6.05154  3.05644
22.375  2.51327  9.67322  5.1497
22.375  2.54469  54.828  27.5958
22.375  2.57611  51.6353  47.8188
22.375  2.60752  0  0
22.375  2.63894  0  0
22.375  2.67035  0  0
22.375  2.70177  0  0
22.375  2.73319  0  0
22.375  2.7646  0  0
22.375  2.79602  0  0
22.375  2.82743  0  0
22.375  2.85885  0  0
22.375  2.89027  0  0
22.375  2.92168  0  0
22.375  2.9531  0  0
22.375  2.98451  0  0
22.375  3.01593  0  0
22.375  3.04734  0  0
22.375  3.07876  0  0
22.375  3.11018  0  0
22.5  0  0  0
22.5  0.0314159  0  0
22.5  0.0628319  0  0
22.5  0.0942478  0  0
22.5  0.125664  0  0
22.5  0.15708  0  0
22.5  0.188496  0  0
22.5  0.219911  0  0
22.5  0.251327  0  0
22.5  0.282743  0  0
22.5  0.314159  0  0
22.5  0.345575  0  0
22.5  0.376991  0  0
22.5  0.408407  0  0
22.5  0.439823  0  0
22.5  0.471239  0  0
22.5  0.502655  0  0
22.5  0.534071  42.967  38.8377
22.5  0.565487  42.1778  35.298
22.5  0.596903  5.87063  1.35286
22.5  0.628319  6.4934  2.97742
22.5  0.659734  9.85618  4.38809
22.5  0.69115  5.87551  1.28286
22.5  0.722566  5.72304  0.93962
22.5  0.753982  5.32835  0.641142
22.5  0.785398  5.31273  0.639316
22.5  0.816814  5.57421  0.832393
22.5  0.84823  6.05318  0.72793
22.5  0.879646  4.72762  0.735227
22.5  0.911062  6.23892  0.80417
22.5  0.942478  6.53222  1.04963
22.5  0.973894  7.16752  1.27638
22.5  1.00531  5.08499  0.608149
22.5  1.03673  6.61931  0.925281
22.5  1.06814  6.73002  1.68186
22.5  1.09956  5.7074  0.828605
22.5  1.13097  5.52944  0.895574
22.5  1.16239  8.20889  2.62897
22.5  1.19381  5.64215  0.980621
22.5  1.22522  7.65178  1.45355
22.5  1.25664  6.72127  1.35326
22.5  1.28805  5.45639  2.07918
22.5  1.31947  6.44954  1.13681
22.5  1.35088  9.29385  2.8778
22.5  1.3823  7.3061  1.33215
22.5  1.41372  9.39362  2.8347
22.5  1.44513  8.96155  2.75124
22.5  1.47655  7.38951  2.46675
22.5  1.50796  7.31798  1.27765
22.5  1.53938  7.04139  1.58624
22.5  1.5708  8.58671  1.6701
22.5  1.60221  8.81284  2.19791
22.5  1.63363  5.49955  0.965952
22.5  1.66504  6.20213  1.26539
22.5  1.69646  7.00763  1.34479
22.5  1.72788  5.62047  0.778003
22.5  1.75929  8.31802  1.50974
22.5  1.79071  6.26084  1.04409
22.5  1.82212  6.95435  1.94015
22.5  1.85354  8.23159  2.72451
22.5  1.88496  6.34398  1.66014
22.5  1.91637  7.30139  2.40057
22.5  1.94779  5.5398  1.29789
22.5  1.9792  6.64272  0.996225
22.5  2.01062  7.05665  1.27344
22.5  2.04204  7.95082  1.12338
22.5  2.07345  6.35828  0.930656
22.5  2.10487  6.36887  0.825764
22.5  2.13628  9.37153  2.6935
22.5  2.1677  5.8064  0.958818
22.5  2.19911  6.00245  0.717751
22.5  2.23053  6.29443  0.827226
22.5  2.26195  6.02861  0.80641
22.5  2.29336  6.1996  0.881343
22.5  2.32478  4.97544  0.739405
22.5  2.35619  7.77213  2.25157
22.5  2.38761  6.3059  1.33075
22.5  2.41903  5.28875  1.23752
22.5  2.45044  3.73758  1.14507
22.5  2.48186  3.87227  1.0199
22.5  2.51327  6.10257  2.8414
22.5  2.54469  2.13608  0.900235
22.5  2.57611  6.25943  3.38085
22.5  2.60752  0  0
22.5  2.63894  0  0
22.5  2.67035  0  0
22.5  2.70177  0  0
22.5  2.73319  0  0
22.5  2.7646  0  0
22.5  2.79602  0  0
22.5  2.82743  0  0
22.5  2.85885  0  0
22.5  2.89027  0  0
22.5  2.92168  0  0
22.5  2.9531  0  0
22.5  2.98451  0  0
22.5  3.01593  0  0
22.5  3.04734  0  0
22.5  3.07876  0  0
22.5  3.11018  0  0
22.625  0  0  0
22.625  0.0314159  0  0
22.625  0.0628319  0  0
22.625  0.0942478  0  0
22.625  0.125664  0  0
22.625  0.15708  0  0
22.625  0.188496  0  0
22.625  0.219911  0  0
22.625  0.251327  0  0
22.625  0.282743  0  0
22.625  0.314159  0  0
22.625  0.345575  0  0
22.625  0.376991  0  0
22.625  0.408407  0  0
22.625  0.439823  0  0
22.625  0.471239  0  0
22.625  0.502655  0  0
22.625  0.534071  7.75038  6.21781
22.625  0.565487  10.948  8.468
22.625  0.596903  7.84128  5.7087
22.625  0.628319  4.74325  0.810927
22.625  0.659734  3.97172  0.852675
22.625  0.69115  6.16961  1.58422
22.625  0.722566  4.71757  0.737058
22.625  0.753982  5.99827  1.09335
22.625  0.785398  5.84037  0.801595
22.625  0.816814  5.72674  1.24266
22.625  0.84823  4.71804  0.761271
22.625  0.879646  5.82718  0.696817
22.625  0.911062  4.55971  0.643979
22.625  0.942478  4.22918  0.611269
22.625  0.973894  4.68459  0.603807
22.625  1.00531  6.01798  1.08809
22.625  1.03673  5.69844  0.963695
22.625  1.06814  5.75779  0.732835
22.625  1.09956  6.281  0.95279
22.625  1.13097  6.71437  1.24778
22.625  1.16239  7.31759  1.28825
22.625  1.19381  5.506  0.922653
22.625  1.22522  5.49508  1.21142
22.625  1.25664  6.7243  1.09011
22.625  1.28805  6.38161  0.788228
22.625  1.31947  6.81974  1.85837
22.625  1.35088  5.90634  0.860135
22.625  1.3823  6.12746  0.925829
22.625  1.41372  7.73543  2.85749
22.625  1.44513  6.8261  1.49557
22.625  1.47655  7.15747  1.07972
22.625  1.50796  7.03123  2.7802
22.625  1.53938  6.77373  2.0612
22.625  1.5708  6.5819  1.31725
22.625  1.60221  8.08876  2.16233
22.625  1.63363  7.25369  1.09743
22.625  1.66504  7.15135  1.70255
22.625  1.69646  8.75402  1.82712
22.625  1.72788  7.33749  1.6497
22.625  1.75929  5.59999  1.16344
22.625  1.79071  6.75321  1.13632
22.625  1.82212  9.44777  3.98057
22.625  1.85354  6.34444  1.30417
22.625  1.88496  6.95779  1.37143
22.625  1.91637  6.4752  1.06937
22.625  1.94779  6.362  1.15942
22.625  1.9792  4.79486  0.905444
22.625  2.01062  7.22235  1.7805
22.625  2.04204  6.16131  1.24406
22.625  2.07345  6.50632  1.18412
22.625  2.10487  4.55431  0.718884
22.625  2.13628  6.01749  0.759416
22.625  2.1677  8.52512  1.66976
22.625  2.19911  5.25076  0.919797
22.625  2.23053  3.31962  0.574487
22.625  2.26195  7.14918  1.47535
22.625  2.29336  5.57081  1.14904
22.625  2.32478  7.02014  1.53114
22.625  2.35619  5.24391  0.939618
22.625  2.38761  4.74768  0.723571
22.625  2.41903  6.53188  1.19964
22.625  2.45044  4.99135  0.856893
22.625  2.48186  5.11768  1.88081
22.625  2.51327  1.52146  0.399386
22.625  2.54469  5.42847  1.7033
22.625  2.57611  37.01  35.4367
22.625  2.60752  0.246515  2.25049
22.625  2.63894  0  0
22.625  2.67035  0  0
22.625  2.70177  0  0
22.625  2.73319  0  0
22.625  2.7646  0  0
22.625  2.79602  0  0
22.625  2.82743  0  0
22.625  2.85885  0  0
22.625  2.89027  0  0
22.625  2.92168  0  0
22.625  2.9531  0  0
22.625  2.98451  0  0
22.625  3.01593  0  0
22.625  3.04734  0  0
22.625  3.07876  0  0
22.625  3.11018  0  0
22.75  0  0  0
22.75  0.0314159  0  0
22.75  0.0628319  0  0
22.75  0.0942478  0  0
22.75  0.125664  0  0
22.75  0.15708  0  0
22.75  0.188496  0  0
22.75  0.219911  0  0
22.75  0.251327  0  0
22.75  0.282743  0  0
22.75  0.314159  0  0
22.75  0.345575  0  0
22.75  0.376991  0  0
22.75  0.408407  0  0
22.75  0.439823  0  0
22.75  0.471239  0  0
22.75  0.502655  0.252745  1.76779
22.75  0.534071  8.79961  7.50074
22.75  0.565487  3.78405  0.853418
22.75  0.596903  4.61643  1.30851
22.75  0.628319  4.41606  1.69231
22.75  0.659734  8.94279  2.27311
22.75  0.69115  4.64037  1.37776
22.75  0.722566  5.67022  1.14603
22.75  0.753982  4.60017  0.650131
22.75  0.785398  5.16149  0.906637
22.75  0.816814  5.38093  1.26613
22.75  0.84823  6.68154  1.00401
22.75  0.879646  5.74209  0.780897
22.75  0.911062  5.9452  0.702876
22.75  0.942478  6.02732  1.28606
22.75  0.973894  6.45067  0.725553
22.75  1.00531  6.93796  0.983508
22.75  1.03673  6.66217  0.801504
22.75  1.06814  6.15724  1.08312
22.75  1.09956  6.60402  1.36155
22.75  1.13097  6.32647  1.16552
22.75  1.16239  5.11059  1.5242
22.75  1.19381  7.4986  1.33698
22.75  1.22522  7.27171  1.58233
22.75  1.25664  9.71263  3.61972
22.75  1.28805  6.91531  1.10243
22.75  1.31947  9.2859  1.69921
22.75  1.35088  6.69908  1.62057
22.75  1.3823  4.86  1.02294
22.75  1.41372  6.42454  1.22397
22.75  1.44513  10.8045  2.98713
22.75  1.47655  5.71996  1.07016
22.75  1.50796  6.59039  1.27682
22.75  1.53938  5.48893  1.11294
22.75  1.5708  8.70482  1.71973
22.75  1.60221  8.84677  2.6703
22.75  1.63363  9.2565  2.8545
22.75  1.66504  8.23345  2.79874
22.75  1.69646  8.20461  2.03227
22.75  1.72788  6.38051  1.10412
22.75  1.75929  6.18081  0.930394
22.75  1.79071  5.87  0.891683
22.75  1.82212  7.07225  1.70355
22.75  1.85354  8.92373  1.85758
22.75  1.88496  6.01689  1.14356
22.75  1.91637  3.19418  0.507879
22.75  1.94779  7.04499  1.14915
22.75  1.9792  7.7524  2.40516
22.75  2.01062  6.29666  0.906061
22.75  2.04204  6.0549  0.836028
22.75  2.07345  5.41552  0.848364
22.75  2.10487  5.88774  0.809058
22.75  2.13628  4.81162  0.682144
22.75  2.1677  7.07212  1.09081
22.75  2.19911  4.53645  0.716831
22.75  2.23053  8.49149  1.98271
22.75  2.26195  5.26023  0.857326
22.75  2.29336  4.56906  0.583277
22.75  2.32478  5.10902  0.753191
22.75  2.35619  5.06019  0.941636
22.75  2.38761  6.28465  0.88187
22.75  2.41903  5.20413  1.21281
22.75  2.45044  3.56377  0.592145
22.75  2.48186  7.76119  2.84095
22.75  2.51327  10.4553  8.31623
22.75  2.54469  5.70097  1.2972
22.75  2.57611  6.93009  6.07116
22.75  2.60752  0  0
22.75  2.63894  0  0
22.75  2.67035  0  0
22.75  2.70177  0  0
22.75  2.73319  0  0
22.75  2.7646  0  0
22.75  2.79602  0  0
22.75  2.82743  0  0
22.75  2.85885  0  0
22.75  2.89027  0  0
22.75  2.92168  0  0
22.75  2.9531  0  0
22.75  2.98451  0  0
22.75  3.01593  0  0
22.75  3.04734  0  0
22.75  3.07876  0  0
22.75  3.11018  0  0
22.875  0  0  0
22.875  0.0314159  0  0
22.875  0.0628319  0  0
22.875  0.0942478  0  0
22.875  0.125664  0  0
22.875  0.15708  0  0
22.875  0.188496  0  0
22.875  0.219911  0  0
22.875  0.251327  0  0
22.875  0.282743  0  0
22.875  0.314159  0  0
22.875  0.345575  0  0
22.875  0.376991  0  0
22.875  0.408407  0  0
22.875  0.439823  0  0
22.875  0.471239  0  0
22.875  0.502655  0  0
22.875  0.534071  10.7525  31.4177
22.875  0.565487  9.11845  3.74617
22.875  0.596903  7.25475  3.19052
22.875  0.628319  3.67595  1.0691
22.875  0.659734  7.78465  2.45847
22.875  0.69115  5.90462  1.1476
22.875  0.722566  6.31882  1.14765
22.875  0.753982  8.11749  1.86644
22.875  0.785398  6.06896  1.33138
22.875  0.816814  5.96091  0.822549
22.875  0.84823  4.095  0.550654
22.875  0.879646  7.71896  1.40343
22.875  0.911062  5.92683  0.815329
22.875  0.942478  6.93377  1.52772
22.875  0.973894  6.46375  0.832247
22.875  1.00531  5.6414  0.821214
22.875  1.03673  8.02445  2.12723
22.875  1.06814  5.00155  1.37874
22.875  1.09956  5.48211  0.69705
22.875  1.13097  6.43432  1.31939
22.875  1.16239  6.28065  1.281
22.875  1.19381  11.4237  6.37517
22.875  1.22522  5.55719  0.824409
22.875  1.25664  11.1696  3.22891
22.875  1.28805  10.6184  4.56868
22.875  1.31947  7.29799  1.69328
22.875  1.35088  7.53858  1.34477
22.875  1.3823  6.96158  1.01177
22.875  1.41372  6.71007  1.08561
22.875  1.44513  10.0288  1.85032
22.875  1.47655  5.64327  1.32251
22.875  1.50796  7.05336  3.4128
22.875  1.53938  5.97911  0.863718
22.875  1.5708  9.12723  2.19649
22.875  1.60221  7.78088  1.47399
22.875  1.63363  6.67641  1.14971
22.875  1.66504  7.25172  1.79961
22.875  1.69646  6.34978  1.47598
22.875  1.72788  7.05553  1.01134
22.875  1.75929  8.89662  1.84016
22.875  1.79071  8.0468  3.88488
22.875  1.82212  3.87378  0.9856
22.875  1.85354  4.85684  1.15781
22.875  1.88496  7.15158  1.26249
22.875  1.91637  6.30773  1.09296
22.875  1.94779  6.09752  0.823211
22.875  1.9792  8.1269  1.52051
22.875  2.01062  4.69469  1.05438
22.875  2.04204  5.00269  0.563644
22.875  2.07345  4.31843  0.826123
22.875  2.10487  4.72953  0.641306
22.875  2.13628  5.18587  0.518518
22.875  2.1677  5.11008  0.784431
22.875  2.19911  7.28893  1.13528
22.875  2.23053  5.82102  0.884614
22.875  2.26195  4.15956  0.451122
22.875  2.29336  5.67139  0.86082
22.875  2.32478  5.98449  1.02005
22.875  2.35619  5.40585  0.883468
22.875  2.38761  7.13332  3.34672
22.875  2.41903  7.68065  2.35672
22.875  2.45044  5.64894  1.38145
22.875  2.48186  5.24313  1.06891
22.875  2.51327  7.10079  3.37664
22.875  2.54469  2.18571  0.385574
22.875  2.57611  12.2469  15.7723
22.875  2.60752  5.55728  40.7785
22.875  2.63894  0  0
22.875  2.67035  0  0
22.875  2.70177  0  0
22.875  2.73319  0  0
22.875  2.7646  0  0
22.875  2.79602  0  0
22.875  2.82743  0  0
22.875  2.85885  0  0
22.875  2.89027  0  0
22.875  2.92168  0  0
22.875  2.9531  0  0
22.875  2.98451  0  0
22.875  3.01593  0  0
22.875  3.04734  0  0
22.875  3.07876  0  0
22.875  3.11018  0  0
23  0  0  0
23  0.0314159  0  0
23  0.0628319  0  0
23  0.0942478  0  0
23  0.125664  0  0
23  0.15708  0  0
23  0.188496  0  0
23  0.219911  0  0
23  0.251327  0  0
23  0.282743  0  0
23  0.314159  0  0
23  0.345575  0  0
23  0.376991  0  0
23  0.408407  0  0
23  0.439823  0  0
23  0.471239  0  0
23  0.502655  5.55728  40.7785
23  0.534071  4.87889  1.9363
23  0.565487  8.90041  4.55992
23  0.596903  7.79208  4.14728
23  0.628319  9.1612  4.6958
23  0.659734  6.32624  1.1539
23  0.69115  4.4059  0.857994
23  0.722566  4.01128  0.616291
23  0.753982  5.37085  0.760646
23  0.785398  5.64027  1.23084
23  0.816814  5.75778  0.817726
23  0.84823  5.99299  0.969367
23  0.879646  5.35958  0.687248
23  0.911062  5.03967  0.782725
23  0.942478  7.43054  1.25085
23  0.973894  8.02889  2.31554
23  1.00531  6.09872  0.762154
23  1.03673  6.60495  1.68954
23  1.06814  5.47421  1.43068
23  1.09956  6.94598  2.40908
23  1.13097  2.03432  0.309225
23  1.16239  8.83918  2.95197
23  1.19381  6.2392  1.28237
23  1.22522  8.4059  2.39854
23  1.25664  7.50746  1.33695
23  1.28805  6.54085  1.19999
23  1.31947  6.21975  1.21264
23  1.35088  7.27954  1.65528
23  1.3823  5.23494  0.9026
23  1.41372  8.53545  2.35741
23  1.44513  5.69485  1.04983
23  1.47655  8.07082  2.23176
23  1.50796  6.67005  1.26086
23  1.53938  6.97133  1.37274
23  1.5708  7.16538  1.65722
23  1.60221  5.49113  1.24078
23  1.63363  10.3249  6.11545
23  1.66504  7.02181  1.14198
23  1.69646  5.26613  1.06686
23  1.72788  6.99367  2.1237
23  1.75929  7.04766  1.1844
23  1.79071  8.21676  1.72131
23  1.82212  6.41637  1.26845
23  1.85354  7.25658  1.89982
23  1.88496  5.89965  0.976889
23  1.91637  7.93738  1.55558
23  1.94779  6.30175  1.39084
23  1.9792  7.42375  1.39392
23  2.01062  7.16859  1.56809
23  2.04204  9.69434  7.78719
23  2.07345  7.49395  1.18935
23  2.10487  5.8092  0.703057
23  2.13628  6.61991  0.978792
23  2.1677  5.18351  0.649007
23  2.19911  5.13119  0.660064
23  2.23053  5.95118  0.865556
23  2.26195  4.6959  0.665906
23  2.29336  5.14424  0.82975
23  2.32478  4.74052  0.980875
23  2.35619  4.10395  0.620706
23  2.38761  4.01965  0.695946
23  2.41903  4.11898  0.943011
23  2.45044  8.05437  2.0944
23  2.48186  7.0465  3.32031
23  2.51327  3.91372  1.15907
23  2.54469  4.54633  2.13348
23  2.57611  46.2997  29.5133
23  2.60752  0.247646  1.9136
23  2.63894  0  0
23  2.67035  0  0
23  2.70177  0  0
23  2.73319  0  0
23  2.7646  0  0
23  2.79602  0  0
23  2.82743  0  0
23  2.85885  0  0
23  2.89027  0  0
23  2.92168  0  0
23  2.9531  0  0
23  2.98451  0  0
23  3.01593  0  0
23  3.04734  0  0
23  3.07876  0  0
23  3.11018  0  0
23.125  0  0  0
23.125  0.0314159  0  0
23.125  0.0628319  0  0
23.125  0.0942478  0  0
23.125  0.125664  0  0
23.125  0.15708  0  0
23.125  0.188496  0  0
23.125  0.219911  0  0
23.125  0.251327  0  0
23.125  0.282743  0  0
23.125  0.314159  0  0
23.125  0.345575  0  0
23.125  0.376991  0  0
23.125  0.408407  0  0
23.125  0.439823  0  0
23.125  0.471239  0  0
23.125  0.502655  1.69823  1.20953
23.125  0.534071  8.11941  5.62406
23.125  0.565487  4.62363  1.42009
23.125  0.596903  5.8374  1.96705
23.125  0.628319  4.99139  1.50602
23.125  0.659734  5.37268  1.16969
23.125  0.69115  4.30003  0.699671
23.125  0.722566  5.70013  0.866639
23.125  0.753982  3.27158  0.389028
23.125  0.785398  5.22885  0.647671
23.125  0.816814  4.60189  1.5556
23.125  0.84823  4.9201  0.807306
23.125  0.879646  5.63487  0.861203
23.125  0.911062  5.83869  0.624474
23.125  0.942478  6.49142  0.892468
23.125  0.973894  6.90899  1.06029
23.125  1.00531  5.55613  0.854704
23.125  1.03673  7.10597  1.06298
23.125  1.06814  6.229  1.02863
23.125  1.09956  7.10189  1.12311
23.125  1.13097  6.46654  0.882249
23.125  1.16239  6.01226  1.40973
23.125  1.19381  8.24475  1.32634
23.125  1.22522  5.10314  0.812188
23.125  1.25664  7.44289  1.16354
23.125  1.28805  12.6636  7.04431
23.125  1.31947  17.7746  17.8161
23.125  1.35088  5.06178  0.780012
23.125  1.3823  4.95754  1.26353
23.125  1.41372  7.93409  2.41696
23.125  1.44513  9.07549  3.58153
23.125  1.47655  7.12124  1.43343
23.125  1.50796  8.79233  2.52484
23.125  1.53938  8.36316  1.39973
23.125  1.5708  6.99691  1.05918
23.125  1.60221  8.30581  1.81121
23.125  1.63363  9.07731  2.5347
23.125  1.66504  8.26301  1.6925
23.125  1.69646  5.70581  1.40051
23.125  1.72788  6.47893  1.15186
23.125  1.75929  7.39889  1.88843
23.125  1.79071  5.99437  1.2941
23.125  1.82212  5.8459  1.50429
23.125  1.85354  2.57647  1.1464
23.125  1.88496  10.1045  2.08324
23.125  1.91637  6.08632  1.66653
23.125  1.94779  7.48625  1.43686
23.125  1.9792  8.50368  2.4317
23.125  2.01062  5.90848  0.680571
23.125  2.04204  6.27385  1.04726
23.125  2.07345  3.59736  0.541643
23.125  2.10487  6.4578  1.13881
23.125  2.13628  5.92914  0.803503
23.125  2.1677  5.28552  0.650719
23.125  2.19911  5.69818  0.634262
23.125  2.23053  5.03357  0.781723
23.125  2.26195  6.54801  0.808471
23.125  2.29336  5.21783  0.680858
23.125  2.32478  4.29726  0.592814
23.125  2.35619  5.01923  0.739882
23.125  2.38761  5.58972  1.24721
23.125  2.41903  3.61084  0.507448
23.125  2.45044  6.60201  2.81629
23.125  2.48186  6.13006  1.54281
23.125  2.51327  19.1141  28.019
23.125  2.54469  11.3776  7.3493
23.125  2.57611  4.82216  2.70631
23.125  2.60752  24.4847  15.6686
23.125  2.63894  0  0
23.125  2.67035  0  0
23.125  2.70177  0  0
23.125  2.73319  0  0
23.125  2.7646  0  0
23.125  2.79602  0  0
23.125  2.82743  0  0
23.125  2.85885  0  0
23.125  2.89027  0  0
23.125  2.92168  0  0
23.125  2.9531  0  0
23.125  2.98451  0  0
23.125  3.01593  0  0
23.125  3.04734  0  0
23.125  3.07876  0  0
23.125  3.11018  0  0
23.25  0  0  0
23.25  0.0314159  0  0
23.25  0.0628319  0  0
23.25  0.0942478  0  0
23.25  0.125664  0  0
23.25  0.15708  0  0
23.25  0.188496  0  0
23.25  0.219911  0  0
23.25  0.251327  0  0
23.25  0.282743  0  0
23.25  0.314159  0  0
23.25  0.345575  0  0
23.25  0.376991  0  0
23.25  0.408407  0  0
23.25  0.439823  0  0
23.25  0.471239  0  0
23.25  0.502655  22.9907  38.6248
23.25  0.534071  8.06384  3.49458
23.25  0.565487  5.65956  2.14703
23.25  0.596903  7.31213  2.61203
23.25  0.628319  8.00383  3.83742
23.25  0.659734  7.191  2.46456
23.25  0.69115  5.47886  1.45229
23.25  0.722566  5.29236  1.14848
23.25  0.753982  5.35178  0.680661
23.25  0.785398  5.52791  0.922792
23.25  0.816814  5.45701  0.836941
23.25  0.84823  5.33792  1.03538
23.25  0.879646  5.2435  0.689192
23.25  0.911062  5.0028  0.635529
23.25  0.942478  6.29488  1.24403
23.25  0.973894  6.67808  1.08124
23.25  1.00531  5.90571  1.0269
23.25  1.03673  5.78646  1.02843
23.25  1.06814  7.72483  1.40508
23.25  1.09956  7.82385  1.13481
23.25  1.13097  5.81133  0.768432
23.25  1.16239  4.89881  0.789292
23.25  1.19381  8.44514  1.44922
23.25  1.22522  6.6851  1.74189
23.25  1.25664  7.41951  1.95922
23.25  1.28805  8.78316  2.86603
23.25  1.31947  7.15865  1.41611
23.25  1.35088  5.10541  0.853566
23.25  1.3823  8.22649  2.64657
23.25  1.41372  7.64269  1.07683
23.25  1.44513  6.31167  1.42641
23.25  1.47655  4.04761  1.22775
23.25  1.50796  8.44619  2.73765
23.25  1.53938  7.00878  1.43745
23.25  1.5708  6.56372  1.26851
23.25  1.60221  6.64798  1.297
23.25  1.63363  7.22361  1.8331
23.25  1.66504  5.35834  0.973046
23.25  1.69646  6.46051  1.36186
23.25  1.72788  10.2714  2.4974
23.25  1.75929  5.54244  1.06936
23.25  1.79071  4.84499  1.04487
23.25  1.82212  7.21847  1.60211
23.25  1.85354  8.86056  3.28671
23.25  1.88496  4.95581  1.482
23.25  1.91637  6.33375  1.07799
23.25  1.94779  7.92883  1.7242
23.25  1.9792  9.8903  2.44663
23.25  2.01062  6.15678  1.01588
23.25  2.04204  5.72686  1.27211
23.25  2.07345  4.97421  0.887286
23.25  2.10487  5.66913  0.963684
23.25  2.13628  3.72595  0.598474
23.25  2.1677  6.40863  1.31108
23.25  2.19911  9.29475  3.14737
23.25  2.23053  6.09506  0.735138
23.25  2.26195  5.45057  0.580302
23.25  2.29336  5.82474  1.04962
23.25  2.32478  6.65966  1.12484
23.25  2.35619  5.10158  0.979393
23.25  2.38761  5.4188  1.0244
23.25  2.41903  7.29042  1.99424
23.25  2.45044  4.67228  0.738099
23.25  2.48186  7.56111  1.99272
23.25  2.51327  5.65394  1.82922
23.25  2.54469  13.3463  26.3385
23.25  2.57611  9.23935  7.81432
23.25  2.60752  35.4162  30.2555
23.25  2.63894  0  0
23.25  2.67035  0  0
23.25  2.70177  0  0
23.25  2.73319  0  0
23.25  2.7646  0  0
23.25  2.79602  0  0
23.25  2.82743  0  0
23.25  2.85885  0  0
23.25  2.89027  0  0
23.25  2.92168  0  0
23.25  2.9531  0  0
23.25  2.98451  0  0
23.25  3.01593  0  0
23.25  3.04734  0  0
23.25  3.07876  0  0
23.25  3.11018  0  0
23.375  0  0  0
23.375  0.0314159  0  0
23.375  0.0628319  0  0
23.375  0.0942478  0  0
23.375  0.125664  0  0
23.375  0.15708  0  0
23.375  0.188496  0  0
23.375  0.219911  0  0
23.375  0.251327  0  0
23.375  0.282743  0  0
23.375  0.314159  0  0
23.375  0.345575  0  0
23.375  0.376991  0  0
23.375  0.408407  0  0
23.375  0.439823  0  0
23.375  0.471239  0  0
23.375  0.502655  76.4524  54.5027
23.375  0.534071  10.595  10.6036
23.375  0.565487  6.51246  2.47575
23.375  0.596903  3.74534  0.869806
23.375  0.628319  1.49469  0.267522
23.375  0.659734  6.32563  1.29406
23.375  0.69115  3.3481  0.998555
23.375  0.722566  6.08362  1.06178
23.375  0.753982  7.08365  1.13887
23.375  0.785398  8.51098  2.39422
23.375  0.816814  6.45509  1.04641
23.375  0.84823  5.6089  0.702791
23.375  0.879646  5.79063  0.741741
23.375  0.911062  5.14268  0.666812
23.375  0.942478  5.90364  0.80478
23.375  0.973894  5.53808  1.18758
23.375  1.00531  8.69857  3.72665
23.375  1.03673  4.76627  0.762872
23.375  1.06814  5.91035  0.83732
23.375  1.09956  5.44392  0.942817
23.375  1.13097  6.27095  1.29861
23.375  1.16239  6.57065  0.996473
23.375  1.19381  5.78739  0.961314
23.375  1.22522  5.48487  1.27878
23.375  1.25664  5.20723  0.657151
23.375  1.28805  6.97354  1.47219
23.375  1.31947  7.92665  1.52794
23.375  1.35088  9.2864  6.47991
23.375  1.3823  6.41675  1.61456
23.375  1.41372  7.54285  1.28844
23.375  1.44513  6.22595  1.13186
23.375  1.47655  5.71034  0.788117
23.375  1.50796  6.3549  1.11533
23.375  1.53938  9.22302  1.76712
23.375  1.5708  7.21235  1.69717
23.375  1.60221  11.7707  5.40879
23.375  1.63363  8.21034  1.93902
23.375  1.66504  13.195  6.9656
23.375  1.69646  9.00818  2.54365
23.375  1.72788  4.93531  1.03425
23.375  1.75929  14.0783  6.98172
23.375  1.79071  5.60698  0.878283
23.375  1.82212  5.4404  1.11204
23.375  1.85354  5.26772  0.823354
23.375  1.88496  6.2792  1.37509
23.375  1.91637  6.18504  1.14081
23.375  1.94779  5.36925  1.03476
23.375  1.9792  7.66455  1.61103
23.375  2.01062  5.58071  0.750949
23.375  2.04204  8.9531  2.01585
23.375  2.07345  5.59715  0.705792
23.375  2.10487  8.73197  1.96621
23.375  2.13628  6.43968  1.31219
23.375  2.1677  5.16739  0.695588
23.375  2.19911  4.49647  0.592233
23.375  2.23053  6.06285  0.798162
23.375  2.26195  6.48604  0.782067
23.375  2.29336  5.66338  0.701956
23.375  2.32478  5.76808  1.00551
23.375  2.35619  5.85021  0.801038
23.375  2.38761  5.42501  0.699312
23.375  2.41903  4.2404  0.600163
23.375  2.45044  7.72171  2.8129
23.375  2.48186  5.85661  1.33311
23.375  2.51327  5.54248  2.0812
23.375  2.54469  6.2079  1.66216
23.375  2.57611  6.09099  2.33014
23.375  2.60752  27.668  25.6731
23.375  2.63894  0  0
23.375  2.67035  0  0
23.375  2.70177  0  0
23.375  2.73319  0  0
23.375  2.7646  0  0
23.375  2.79602  0  0
23.375  2.82743  0  0
23.375  2.85885  0  0
23.375  2.89027  0  0
23.375  2.92168  0  0
23.375  2.9531  0  0
23.375  2.98451  0  0
23.375  3.01593  0  0
23.375  3.04734  0  0
23.375  3.07876  0  0
23.375  3.11018  0  0
23.5  0  0  0
23.5  0.0314159  0  0
23.5  0.0628319  0  0
23.5  0.0942478  0  0
23.5  0.125664  0  0
23.5  0.15708  0  0
23.5  0.188496  0  0
23.5  0.219911  0  0
23.5  0.251327  0  0
23.5  0.282743  0  0
23.5  0.314159  0  0
23.5  0.345575  0  0
23.5  0.376991  0  0
23.5  0.408407  0  0
23.5  0.439823  0  0
23.5  0.471239  0  0
23.5  0.502655  23.9747  18.8707
23.5  0.534071  7.61774  2.98461
23.5  0.565487  16.7899  25.5422
23.5  0.596903  5.34778  2.15051
23.5  0.628319  6.17941  1.33387
23.5  0.659734  5.48254  1.20792
23.5  0.69115  5.27818  1.10429
23.5  0.722566  5.35733  0.789544
23.5  0.753982  7.26484  1.73424
23.5  0.785398  5.8809  0.904273
23.5  0.816814  5.13327  0.805249
23.5  0.84823  5.20764  0.676375
23.5  0.879646  7.66972  1.08412
23.5  0.911062  5.05222  0.669872
23.5  0.942478  7.20191  1.49932
23.5  0.973894  5.51467  0.584433
23.5  1.00531  6.47772  0.921258
23.5  1.03673  4.58727  0.846001
23.5  1.06814  7.06214  1.22512
23.5  1.09956  9.60718  2.51198
23.5  1.13097  5.78821  1.21065
23.5  1.16239  4.29477  0.700255
23.5  1.19381  6.96888  1.35882
23.5  1.22522  5.14354  0.85201
23.5  1.25664  7.30945  1.27141
23.5  1.28805  8.36946  1.97031
23.5  1.31947  5.71632  0.827449
23.5  1.35088  6.96267  1.27831
23.5  1.3823  7.388  1.0911
23.5  1.41372  7.02295  1.47624
23.5  1.44513  8.88249  2.69397
23.5  1.47655  7.47562  1.41218
23.5  1.50796  6.32347  1.09626
23.5  1.53938  5.78472  1.2267
23.5  1.5708  8.91063  2.53308
23.5  1.60221  5.69307  1.77466
23.5  1.63363  7.79033  1.20762
23.5  1.66504  5.5234  0.881314
23.5  1.69646  8.07175  1.29228
23.5  1.72788  3.37515  0.543271
23.5  1.75929  5.14744  1.28456
23.5  1.79071  6.8546  1.02
23.5  1.82212  5.21713  0.668854
23.5  1.85354  8.20601  1.69947
23.5  1.88496  7.17964  1.16402
23.5  1.91637  6.42914  1.32727
23.5  1.94779  10.4153  2.05326
23.5  1.9792  7.79937  1.32536
23.5  2.01062  5.96355  1.02148
23.5  2.04204  5.37667  1.4291
23.5  2.07345  5.94472  1.3167
23.5  2.10487  7.0398  1.08997
23.5  2.13628  5.4898  0.740469
23.5  2.1677  6.25604  1.13752
23.5  2.19911  5.75108  0.908458
23.5  2.23053  5.47507  0.782588
23.5  2.26195  6.82167  2.01968
23.5  2.29336  6.80511  1.30381
23.5  2.32478  5.6124  0.899039
23.5  2.35619  6.02626  1.12763
23.5  2.38761  3.47529  0.554954
23.5  2.41903  4.84565  0.720283
23.5  2.45044  8.18696  3.10931
23.5  2.48186  9.21698  3.30269
23.5  2.51327  6.2894  2.14662
23.5  2.54469  5.46067  1.35648
23.5  2.57611  9.75341  8.05646
23.5  2.60752  10.2538  26.2718
23.5  2.63894  0  0
23.5  2.67035  0  0
23.5  2.70177  0  0
23.5  2.73319  0  0
23.5  2.7646  0  0
23.5  2.79602  0  0
23.5  2.82743  0  0
23.5  2.85885  0  0
23.5  2.89027  0  0
23.5  2.92168  0  0
23.5  2.9531  0  0
23.5  2.98451  0  0
23.5  3.01593  0  0
23.5  3.04734  0  0
23.5  3.07876  0  0
23.5  3.11018  0  0
23.625  0  0  0
23.625  0.0314159  0  0
23.625  0.0628319  0  0
23.625  0.0942478  0  0
23.625  0.125664  0  0
23.625  0.15708  0  0
23.625  0.188496  0  0
23.625  0.219911  0  0
23.625  0.251327  0  0
23.625  0.282743  0  0
23.625  0.314159  0  0
23.625  0.345575  0  0
23.625  0.376991  0  0
23.625  0.408407  0  0
23.625  0.439823  0  0
23.625  0.471239  0  0
23.625  0.502655  37.838  37.7461
23.625  0.534071  5.32192  1.47289
23.625  0.565487  7.75385  4.96839
23.625  0.596903  6.92633  3.93499
23.625  0.628319  4.36656  2.29718
23.625  0.659734  8.03933  3.18131
23.625  0.69115  11.267  7.24321
23.625  0.722566  4.57883  1.02078
23.625  0.753982  6.55131  1.17877
23.625  0.785398  6.2885  1.0723
23.625  0.816814  4.74111  1.36639
23.625  0.84823  4.79797  0.697657
23.625  0.879646  7.57255  1.42801
23.625  0.911062  6.46751  0.841956
23.625  0.942478  6.92178  1.69846
23.625  0.973894  4.8479  0.574291
23.625  1.00531  3.92616  0.688088
23.625  1.03673  7.28368  1.24347
23.625  1.06814  6.38203  1.34917
23.625  1.09956  8.19838  1.73711
23.625  1.13097  6.26201  1.04902
23.625  1.16239  7.00473  2.08103
23.625  1.19381  6.0818  0.926179
23.625  1.22522  7.56215  1.45284
23.625  1.25664  10.2002  3.11234
23.625  1.28805  2.33098  0.597443
23.625  1.31947  6.46443  1.29125
23.625  1.35088  6.2305  1.65238
23.625  1.3823  55.755  52.0002
23.625  1.41372  5.68384  0.809649
23.625  1.44513  9.53038  6.11426
23.625  1.47655  6.24051  1.0258
23.625  1.50796  7.63186  2.40026
23.625  1.53938  8.7333  2.03391
23.625  1.5708  6.29332  1.30644
23.625  1.60221  12.2811  3.89861
23.625  1.63363  7.75932  1.62182
23.625  1.66504  7.95292  1.93892
23.625  1.69646  6.71306  1.14657
23.625  1.72788  8.02861  2.68028
23.625  1.75929  7.53782  1.45754
23.625  1.79071  4.73505  0.783619
23.625  1.82212  5.81779  0.986292
23.625  1.85354  6.69018  1.32758
23.625  1.88496  5.85065  1.37065
23.625  1.91637  18.8309  17.6642
23.625  1.94779  10.1308  4.22197
23.625  1.9792  5.97418  0.834865
23.625  2.01062  6.46483  1.11854
23.625  2.04204  6.3603  1.05396
23.625  2.07345  5.13894  0.63565
23.625  2.10487  7.03769  1.21182
23.625  2.13628  5.94091  1.17138
23.625  2.1677  6.10556  0.682058
23.625  2.19911  6.28549  0.953343
23.625  2.23053  5.09584  0.801766
23.625  2.26195  4.93222  1.32586
23.625  2.29336  5.73939  0.922323
23.625  2.32478  6.51745  1.23009
23.625  2.35619  5.18896  1.50871
23.625  2.38761  7.06668  1.79225
23.625  2.41903  7.98599  2.37416
23.625  2.45044  9.8875  3.54105
23.625  2.48186  5.31787  1.29492
23.625  2.51327  11.8603  24.9003
23.625  2.54469  6.39032  3.28103
23.625  2.57611  11.7185  7.79592
23.625  2.60752  3.77395  1.65313
23.625  2.63894  0  0
23.625  2.67035  0  0
23.625  2.70177  0  0
23.625  2.73319  0  0
23.625  2.7646  0  0
23.625  2.79602  0  0
23.625  2.82743  0  0
23.625  2.85885  0  0
23.625  2.89027  0  0
23.625  2.92168  0  0
23.625  2.9531  0  0
23.625  2.98451  0  0
23.625  3.01593  0  0
23.625  3.04734  0  0
23.625  3.07876  0  0
23.625  3.11018  0  0
23.75  0  0  0
23.75  0.0314159  0  0
23.75  0.0628319  0  0
23.75  0.0942478  0  0
23.75  0.125664  0  0
23.75  0.15708  0  0
23.75  0.188496  0  0
23.75  0.219911  0  0
23.75  0.251327  0  0
23.75  0.282743  0  0
23.75  0.314159  0  0
23.75  0.345575  0  0
23.75  0.376991  0  0
23.75  0.408407  0  0
23.75  0.439823  0  0
23.75  0.471239  0  0
23.75  0.502655  29.8142  14.9107
23.75  0.534071  4.60373  1.89506
23.75  0.565487  6.06925  1.3182
23.75  0.596903  6.40855  1.43487
23.75  0.628319  5.57553  1.95523
23.75  0.659734  10.9686  3.7269
23.75  0.69115  3.9116  0.694096
23.75  0.722566  4.41172  0.599868
23.75  0.753982  6.9902  1.24416
23.75  0.785398  5.62231  0.697917
23.75  0.816814  4.89404  0.678157
23.75  0.84823  5.85452  1.06386
23.75  0.879646  5.19299  0.674377
23.75  0.911062  6.27278  0.918209
23.75  0.942478  6.77984  0.776703
23.75  0.973894  7.7659  2.09358
23.75  1.00531  7.95846  1.22685
23.75  1.03673  4.40509  0.618454
23.75  1.06814  5.27392  0.678631
23.75  1.09956  8.10629  1.29521
23.75  1.13097  5.29511  0.776381
23.75  1.16239  8.31915  1.67433
23.75  1.19381  8.50494  1.67721
23.75  1.22522  7.04875  1.18306
23.75  1.25664  6.28794  1.07155
23.75  1.28805  17.6277  17.3567
23.75  1.31947  4.2334  0.996214
23.75  1.35088  6.81504  1.22721
23.75  1.3823  7.01088  1.41457
23.75  1.41372  6.99689  1.33554
23.75  1.44513  7.52938  1.77592
23.75  1.47655  6.66057  1.42893
23.75  1.50796  5.24757  1.07592
23.75  1.53938  6.19214  1.69313
23.75  1.5708  9.08224  2.45088
23.75  1.60221  7.95363  1.62758
23.75  1.63363  5.12831  0.858816
23.75  1.66504  7.28698  1.6052
23.75  1.69646  9.71131  4.30499
23.75  1.72788  6.21922  1.0558
23.75  1.75929  7.45963  1.94215
23.75  1.79071  10.8228  4.20502
23.75  1.82212  8.11735  2.26775
23.75  1.85354  6.49759  2.08695
23.75  1.88496  8.09824  2.5679
23.75  1.91637  11.917  7.55481
23.75  1.94779  7.38692  1.17168
23.75  1.9792  7.01649  1.05453
23.75  2.01062  9.89131  2.0007
23.75  2.04204  6.20321  0.899562
23.75  2.07345  6.3416  0.914109
23.75  2.10487  6.51312  0.961348
23.75  2.13628  5.01202  0.919644
23.75  2.1677  5.09427  0.999172
23.75  2.19911  6.99229  0.836705
23.75  2.23053  5.9226  0.999146
23.75  2.26195  5.5016  0.619527
23.75  2.29336  5.09018  0.633129
23.75  2.32478  5.01148  0.521579
23.75  2.35619  5.26044  0.981726
23.75  2.38761  6.66737  1.23015
23.75  2.41903  6.53647  1.48388
23.75  2.45044  7.30209  3.40227
23.75  2.48186  5.18602  2.4667
23.75  2.51327  5.52328  1.22797
23.75  2.54469  7.87055  4.07248
23.75  2.57611  4.02031  1.24387
23.75  2.60752  46.3074  33.8696
23.75  2.63894  10.0031  73.4013
23.75  2.67035  0  0
23.75  2.70177  0  0
23.75  2.73319  0  0
23.75  2.7646  0  0
23.75  2.79602  0  0
23.75  2.82743  0  0
23.75  2.85885  0  0
23.75  2.89027  0  0
23.75  2.92168  0  0
23.75  2.9531  0  0
23.75  2.98451  0  0
23.75  3.01593  0  0
23.75  3.04734  0  0
23.75  3.07876  0  0
23.75  3.11018  0  0
23.875  0  0  0
23.875  0.0314159  0  0
23.875  0.0628319  0  0
23.875  0.0942478  0  0
23.875  0.125664  0  0
23.875  0.15708  0  0
23.875  0.188496  0  0
23.875  0.219911  0  0
23.875  0.251327  0  0
23.875  0.282743  0  0
23.875  0.314159  0  0
23.875  0.345575  0  0
23.875  0.376991  0  0
23.875  0.408407  0  0
23.875  0.439823  0  0
23.875  0.471239  0.246515  2.25049
23.875  0.502655  5.69278  3.05192
23.875  0.534071  8.78612  5.15141
23.875  0.565487  6.38449  1.47382
23.875  0.596903  4.13088  1.22427
23.875  0.628319  40.5547  15.2651
23.875  0.659734  5.39923  0.965737
23.875  0.69115  7.64016  2.2102
23.875  0.722566  6.67998  1.5576
23.875  0.753982  6.76342  1.20822
23.875  0.785398  5.3549  0.940088
23.875  0.816814  6.10444  0.812521
23.875  0.84823  16.4131  15.3682
23.875  0.879646  6.20973  0.807489
23.875  0.911062  5.16161  0.944532
23.875  0.942478  4.76799  1.20785
23.875  0.973894  4.66489  0.771167
23.875  1.00531  6.96662  1.08672
23.875  1.03673  6.76456  1.13834
23.875  1.06814  7.03822  1.08186
23.875  1.09956  6.57424  0.957585
23.875  1.13097  6.29931  1.07732
23.875  1.16239  6.60594  1.05036
23.875  1.19381  5.54698  0.80756
23.875  1.22522  7.36852  1.69876
23.875  1.25664  12.7868  6.06073
23.875  1.28805  6.03336  0.94665
23.875  1.31947  6.26318  1.02332
23.875  1.35088  8.29292  2.38662
23.875  1.3823  7.59758  1.97929
23.875  1.41372  12.1276  4.38386
23.875  1.44513  6.34978  1.60882
23.875  1.47655  7.29772  1.04564
23.875  1.50796  6.00186  0.95821
23.875  1.53938  9.43552  2.50497
23.875  1.5708  3.53089  0.689721
23.875  1.60221  14.5058  7.61322
23.875  1.63363  6.99381  1.57881
23.875  1.66504  8.06337  1.64158
23.875  1.69646  6.29589  1.79055
23.875  1.72788  6.49313  1.60945
23.875  1.75929  11.4282  6.46444
23.875  1.79071  5.97009  1.06972
23.875  1.82212  6.36044  1.13637
23.875  1.85354  7.40144  2.93054
23.875  1.88496  4.37227  0.626526
23.875  1.91637  5.32409  1.26165
23.875  1.94779  6.79522  1.13954
23.875  1.9792  5.75304  0.820919
23.875  2.01062  4.92066  0.655821
23.875  2.04204  7.77612  1.56493
23.875  2.07345  6.51246  0.965495
23.875  2.10487  7.42694  1.49039
23.875  2.13628  6.74249  0.783705
23.875  2.1677  5.66138  0.824229
23.875  2.19911  7.06317  0.833813
23.875  2.23053  4.35385  0.647879
23.875  2.26195  8.92657  1.49624
23.875  2.29336  4.5946  0.793229
23.875  2.32478  6.39243  1.11602
23.875  2.35619  4.45231  0.804654
23.875  2.38761  5.33126  1.08515
23.875  2.41903  5.8444  1.60963
23.875  2.45044  5.21907  1.20578
23.875  2.48186  5.49098  1.06121
23.875  2.51327  6.04508  1.69497
23.875  2.54469  5.72226  1.27832
23.875  2.57611  7.90089  4.2366
23.875  2.60752  7.52652  5.7441
23.875  2.63894  52.4932  27.7462
23.875  2.67035  0  0
23.875  2.70177  0  0
23.875  2.73319  0  0
23.875  2.7646  0  0
23.875  2.79602  0  0
23.875  2.82743  0  0
23.875  2.85885  0  0
23.875  2.89027  0  0
23.875  2.92168  0  0
23.875  2.9531  0  0
23.875  2.98451  0  0
23.875  3.01593  0  0
23.875  3.04734  0  0
23.875  3.07876  0  0
23.875  3.11018  0  0
24  0  0  0
24  0.0314159  0  0
24  0.0628319  0  0
24  0.0942478  0  0
24  0.125664  0  0
24  0.15708  0  0
24  0.188496  0  0
24  0.219911  0  0
24  0.251327  0  0
24  0.282743  0  0
24  0.314159  0  0
24  0.345575  0  0
24  0.376991  0  0
24  0.408407  0  0
24  0.439823  0  0
24  0.471239  14.543  39.4348
24  0.502655  7.20183  6.30224
24  0.534071  7.28709  1.70906
24  0.565487  5.34631  1.48164
24  0.596903  6.32722  2.30195
24  0.628319  7.72592  1.9223
24  0.659734  4.34072  1.12663
24  0.69115  5.16372  2.46566
24  0.722566  5.475  1.20063
24  0.753982  4.59303  0.795397
24  0.785398  6.3084  1.07086
24  0.816814  5.9359  1.2004
24  0.84823  5.40019  0.735797
24  0.879646  6.65424  0.953429
24  0.911062  6.68009  1.03456
24  0.942478  5.21601  0.599449
24  0.973894  6.20591  0.862283
24  1.00531  5.32508  0.667841
24  1.03673  5.87102  0.740488
24  1.06814  5.95097  0.960663
24  1.09956  5.07749  1.20347
24  1.13097  7.43323  1.69689
24  1.16239  7.44263  1.03252
24  1.19381  9.33768  3.20303
24  1.22522  6.00299  1.51148
24  1.25664  4.56189  0.845207
24  1.28805  5.65065  0.834265
24  1.31947  10.2346  4.87797
24  1.35088  6.44776  2.14985
24  1.3823  7.26858  1.70638
24  1.41372  5.82074  1.21484
24  1.44513  12.5837  5.30794
24  1.47655  7.70767  1.83543
24  1.50796  4.87371  1.0098
24  1.53938  9.2878  3.36497
24  1.5708  7.34771  1.50662
24  1.60221  7.29333  1.87049
24  1.63363  5.91664  0.760564
24  1.66504  4.51236  1.14353
24  1.69646  5.01281  3.21848
24  1.72788  7.43958  1.17976
24  1.75929  5.66252  0.7455
24  1.79071  8.86395  2.03057
24  1.82212  9.8116  2.5612
24  1.85354  6.11877  1.78885
24  1.88496  5.54664  0.860377
24  1.91637  4.10048  0.669312
24  1.94779  7.74362  1.57121
24  1.9792  7.08792  0.948735
24  2.01062  7.49298  1.08657
24  2.04204  7.34483  1.31593
24  2.07345  6.26679  1.61194
24  2.10487  5.96758  0.89561
24  2.13628  6.68896  1.82369
24  2.1677  6.23141  0.917396
24  2.19911  5.89892  0.799077
24  2.23053  7.177  1.14489
24  2.26195  6.10455  0.843511
24  2.29336  6.06045  0.798143
24  2.32478  5.3357  0.870793
24  2.35619  6.31128  0.914804
24  2.38761  4.02869  0.642009
24  2.41903  5.75731  1.1077
24  2.45044  5.14635  0.851339
24  2.48186  2.96936  0.620935
24  2.51327  7.57249  3.69022
24  2.54469  11.7309  11.8141
24  2.57611  14.7475  28.8875
24  2.60752  14.034  16.4385
24  2.63894  0  0
24  2.67035  0  0
24  2.70177  0  0
24  2.73319  0  0
24  2.7646  0  0
24  2.79602  0  0
24  2.82743  0  0
24  2.85885  0  0
24  2.89027  0  0
24  2.92168  0  0
24  2.9531  0  0
24  2.98451  0  0
24  3.01593  0  0
24  3.04734  0  0
24  3.07876  0  0
24  3.11018  0  0
24.125  0  0  0
24.125  0.0314159  0  0
24.125  0.0628319  0  0
24.125  0.0942478  0  0
24.125  0.125664  0  0
24.125  0.15708  0  0
24.125  0.188496  0  0
24.125  0.219911  0  0
24.125  0.251327  0  0
24.125  0.282743  0  0
24.125  0.314159  0  0
24.125  0.345575  0  0
24.125  0.376991  0  0
24.125  0.408407  0  0
24.125  0.439823  0  0
24.125  0.471239  1.99227  15.7993
24.125  0.502655  7.50905  5.10999
24.125  0.534071  7.65415  4.38279
24.125  0.565487  5.50182  1.79516
24.125  0.596903  7.78951  3.12799
24.125  0.628319  6.34353  1.49402
24.125  0.659734  5.29201  1.39675
24.125  0.69115  5.52558  1.14785
24.125  0.722566  3.97446  0.96632
24.125  0.753982  4.5149  0.497596
24.125  0.785398  3.46699  0.571496
24.125  0.816814  5.84211  0.803993
24.125  0.84823  5.49062  0.87837
24.125  0.879646  5.08629  0.960578
24.125  0.911062  31.7627  12.5452
24.125  0.942478  6.62152  1.02677
24.125  0.973894  7.15439  1.13446
24.125  1.00531  6.5121  0.939738
24.125  1.03673  6.26105  0.742397
24.125  1.06814  4.77457  0.482691
24.125  1.09956  6.88006  1.16375
24.125  1.13097  3.39521  0.480356
24.125  1.16239  5.66231  1.03765
24.125  1.19381  7.87555  1.89734
24.125  1.22522  5.07491  0.783837
24.125  1.25664  6.3352  0.938249
24.125  1.28805  6.46681  2.03515
24.125  1.31947  7.12239  1.29898
24.125  1.35088  6.72711  1.07782
24.125  1.3823  11.6242  3.98889
24.125  1.41372  5.43021  1.0239
24.125  1.44513  6.84957  1.16852
24.125  1.47655  7.61297  1.61693
24.125  1.50796  10.9357  4.48436
24.125  1.53938  8.37116  1.57093
24.125  1.5708  6.17874  1.55564
24.125  1.60221  10.1874  3.29914
24.125  1.63363  8.83749  2.00579
24.125  1.66504  10.8855  2.84767
24.125  1.69646  5.47484  1.46417
24.125  1.72788  7.01032  1.56673
24.125  1.75929  4.58923  0.957114
24.125  1.79071  8.29358  2.25839
24.125  1.82212  6.56046  0.862973
24.125  1.85354  8.40315  1.58644
24.125  1.88496  7.14296  1.62025
24.125  1.91637  5.51307  0.949745
24.125  1.94779  6.57967  1.22279
24.125  1.9792  8.20364  1.94932
24.125  2.01062  5.85162  0.897477
24.125  2.04204  5.94463  1.64086
24.125  2.07345  7.2796  1.3052
24.125  2.10487  6.99755  1.2069
24.125  2.13628  5.52581  1.35704
24.125  2.1677  5.41702  1.05337
24.125  2.19911  6.55356  1.01861
24.125  2.23053  6.50145  1.11582
24.125  2.26195  6.11598  0.959741
24.125  2.29336  3.84155  0.648939
24.125  2.32478  3.19718  0.475592
24.125  2.35619  5.28377  1.09376
24.125  2.38761  4.58798  0.776046
24.125  2.41903  4.4316  0.993373
24.125  2.45044  5.55662  1.42191
24.125  2.48186  8.30967  7.0689
24.125  2.51327  58.5131  32.404
24.125  2.54469  3.33606  2.14728
24.125  2.57611  5.65708  1.31286
24.125  2.60752  6.87029  2.8125
24.125  2.63894  79.1634  77.358
24.125  2.67035  0  0
24.125  2.70177  0  0
24.125  2.73319  0  0
24.125  2.7646  0  0
24.125  2.79602  0  0
24.125  2.82743  0  0
24.125  2.85885  0  0
24.125  2.89027  0  0
24.125  2.92168  0  0
24.125  2.9531  0  0
24.125  2.98451  0  0
24.125  3.01593  0  0
24.125  3.04734  0  0
24.125  3.07876  0  0
24.125  3.11018  0  0
24.25  0  0  0
24.25  0.0314159  0  0
24.25  0.0628319  0  0
24.25  0.0942478  0  0
24.25  0.125664  0  0
24.25  0.15708  0  0
24.25  0.188496  0  0
24.25  0.219911  0  0
24.25  0.251327  0  0
24.25  0.282743  0  0
24.25  0.314159  0  0
24.25  0.345575  0  0
24.25  0.376991  0  0
24.25  0.408407  0  0
24.25  0.439823  0.246515  2.25049
24.25  0.471239  4.05059  2.82876
24.25  0.502655  6.76301  15.8259
24.25  0.534071  5.41689  1.56704
24.25  0.565487  7.42181  3.05989
24.25  0.596903  9.85085  6.78928
24.25  0.628319  5.85623  2.18319
24.25  0.659734  3.55382  0.656316
24.25  0.69115  8.27269  2.12326
24.25  0.722566  9.05352  3.67701
24.25  0.753982  4.98394  1.04613
24.25  0.785398  5.43295  1.12325
24.25  0.816814  5.80396  1.01095
24.25  0.84823  6.51162  1.11547
24.25  0.879646  6.3163  0.849974
24.25  0.911062  6.18028  0.730664
24.25  0.942478  6.69662  0.903129
24.25  0.973894  7.77493  1.08651
24.25  1.00531  8.01271  1.45945
24.25  1.03673  6.08933  1.21351
24.25  1.06814  6.19018  0.861734
24.25  1.09956  7.99835  1.16431
24.25  1.13097  10.1701  3.16102
24.25  1.16239  8.40727  2.03996
24.25  1.19381  7.99359  1.96916
24.25  1.22522  5.64264  0.839099
24.25  1.25664  7.68043  1.4592
24.25  1.28805  8.30402  1.56523
24.25  1.31947  30.0386  47.5255
24.25  1.35088  6.14118  0.981187
24.25  1.3823  6.16595  1.64733
24.25  1.41372  13.2538  9.14462
24.25  1.44513  6.979  1.74928
24.25  1.47655  8.31184  1.47184
24.25  1.50796  11.1814  3.14256
24.25  1.53938  7.38157  1.42611
24.25  1.5708  6.64568  1.22374
24.25  1.60221  5.54115  1.19337
24.25  1.63363  5.13958  1.27997
24.25  1.66504  6.64613  1.14755
24.25  1.69646  8.09015  2.20939
24.25  1.72788  7.69879  1.49115
24.25  1.75929  7.31214  1.97544
24.25  1.79071  6.75842  1.65137
24.25  1.82212  9.48441  2.66297
24.25  1.85354  8.4213  1.99335
24.25  1.88496  5.95233  1.24178
24.25  1.91637  7.99857  1.88362
24.25  1.94779  6.51141  0.891987
24.25  1.9792  5.74591  0.996049
24.25  2.01062  11.2556  4.37309
24.25  2.04204  5.96906  1.14893
24.25  2.07345  5.80629  0.692193
24.25  2.10487  6.08499  0.928853
24.25  2.13628  6.19086  0.868581
24.25  2.1677  6.50901  1.25435
24.25  2.19911  7.29842  1.3019
24.25  2.23053  7.13901  1.06672
24.25  2.26195  6.06668  0.65767
24.25  2.29336  5.86843  1.42034
24.25  2.32478  5.29669  0.834184
24.25  2.35619  5.89539  1.51205
24.25  2.38761  3.92013  1.10165
24.25  2.41903  6.57977  1.36339
24.25  2.45044  5.81387  1.22797
24.25  2.48186  7.22207  2.2538
24.25  2.51327  5.87059  1.92806
24.25  2.54469  8.36567  4.01061
24.25  2.57611  7.09053  2.26587
24.25  2.60752  4.6539  1.34282
24.25  2.63894  7.20003  4.61
24.25  2.67035  0.247646  1.9136
24.25  2.70177  0  0
24.25  2.73319  0  0
24.25  2.7646  0  0
24.25  2.79602  0  0
24.25  2.82743  0  0
24.25  2.85885  0  0
24.25  2.89027  0  0
24.25  2.92168  0  0
24.25  2.9531  0  0
24.25  2.98451  0  0
24.25  3.01593  0  0
24.25  3.04734  0  0
24.25  3.07876  0  0
24.25  3.11018  0  0
24.375  0  0  0
24.375  0.0314159  0  0
24.375  0.0628319  0  0
24.375  0.0942478  0  0
24.375  0.125664  0  0
24.375  0.15708  0  0
24.375  0.188496  0  0
24.375  0.219911  0  0
24.375  0.251327  0  0
24.375  0.282743  0  0
24.375  0.314159  0  0
24.375  0.345575  0  0
24.375  0.376991  0  0
24.375  0.408407  0  0
24.375  0.439823  0  0
24.375  0.471239  34.386  32.8285
24.375  0.502655  9.19241  11.6835
24.375  0.534071  4.25499  1.90072
24.375  0.565487  2.31811  2.01193
24.375  0.596903  7.35101  2.81142
24.375  0.628319  5.17015  1.07003
24.375  0.659734  5.4149  1.39455
24.375  0.69115  6.10736  1.65564
24.375  0.722566  10.173  8.1979
24.375  0.753982  5.78287  0.961696
24.375  0.785398  6.7617  1.6414
24.375  0.816814  5.66316  0.706821
24.375  0.84823  6.76943  1.10819
24.375  0.879646  5.61914  0.588257
24.375  0.911062  5.69947  0.700073
24.375  0.942478  6.55931  0.678941
24.375  0.973894  7.53896  1.32949
24.375  1.00531  6.14059  0.999608
24.375  1.03673  6.4993  1.42191
24.375  1.06814  5.29903  0.900933
24.375  1.09956  6.97658  0.925156
24.375  1.13097  5.91682  1.06131
24.375  1.16239  9.1007  2.25795
24.375  1.19381  8.53228  2.0954
24.375  1.22522  7.29529  1.31114
24.375  1.25664  6.73883  1.5029
24.375  1.28805  6.36735  1.20944
24.375  1.31947  6.16504  1.78976
24.375  1.35088  4.87265  0.760202
24.375  1.3823  6.96631  1.36652
24.375  1.41372  6.64027  1.35437
24.375  1.44513  7.1999  1.49539
24.375  1.47655  6.94701  1.83872
24.375  1.50796  7.7067  1.62606
24.375  1.53938  8.35813  2.00901
24.375  1.5708  5.00569  0.72116
24.375  1.60221  6.62474  1.04304
24.375  1.63363  6.86039  3.51
24.375  1.66504  7.95677  1.46855
24.375  1.69646  9.0486  2.96118
24.375  1.72788  7.57642  1.63235
24.375  1.75929  9.37796  2.74199
24.375  1.79071  6.22293  1.89006
24.375  1.82212  5.06567  1.0203
24.375  1.85354  6.2229  1.01997
24.375  1.88496  7.18325  1.22481
24.375  1.91637  4.68762  0.980478
24.375  1.94779  8.86252  1.66045
24.375  1.9792  9.0951  2.32514
24.375  2.01062  4.98877  1.0801
24.375  2.04204  6.50769  0.985617
24.375  2.07345  7.41484  1.78131
24.375  2.10487  3.94377  0.826307
24.375  2.13628  7.41278  1.06939
24.375  2.1677  5.72589  0.8419
24.375  2.19911  7.61809  1.26321
24.375  2.23053  6.91336  1.67698
24.375  2.26195  7.02898  1.26286
24.375  2.29336  7.00752  1.53007
24.375  2.32478  5.06593  0.840926
24.375  2.35619  6.09293  1.03502
24.375  2.38761  5.79832  1.35892
24.375  2.41903  8.49541  3.75446
24.375  2.45044  3.24436  0.811946
24.375  2.48186  4.80322  1.18914
24.375  2.51327  4.75004  1.11173
24.375  2.54469  9.14495  3.9485
24.375  2.57611  6.63508  2.22008
24.375  2.60752  6.93367  5.17847
24.375  2.63894  7.22359  9.82734
24.375  2.67035  0  0
24.375  2.70177  0  0
24.375  2.73319  0  0
24.375  2.7646  0  0
24.375  2.79602  0  0
24.375  2.82743  0  0
24.375  2.85885  0  0
24.375  2.89027  0  0
24.375  2.92168  0  0
24.375  2.9531  0  0
24.375  2.98451  0  0
24.375  3.01593  0  0
24.375  3.04734  0  0
24.375  3.07876  0  0
24.375  3.11018  0  0
24.5  0  0  0
24.5  0.0314159  0  0
24.5  0.0628319  0  0
24.5  0.0942478  0  0
24.5  0.125664  0  0
24.5  0.15708  0  0
24.5  0.188496  0  0
24.5  0.219911  0  0
24.5  0.251327  0  0
24.5  0.282743  0  0
24.5  0.314159  0  0
24.5  0.345575  0  0
24.5  0.376991  0  0
24.5  0.408407  0  0
24.5  0.439823  0.252745  1.76779
24.5  0.471239  1.94679  0.835442
24.5  0.502655  5.3679  4.2774
24.5  0.534071  11.2053  7.4073
24.5  0.565487  5.85925  1.62538
24.5  0.596903  42.1025  22.3711
24.5  0.628319  5.62152  1.73816
24.5  0.659734  5.81267  1.70071
24.5  0.69115  7.01484  1.13833
24.5  0.722566  5.06483  0.644614
24.5  0.753982  5.36667  1.34117
24.5  0.785398  7.45424  1.0917
24.5  0.816814  5.59121  0.645676
24.5  0.84823  6.21096  0.774959
24.5  0.879646  6.27615  0.723014
24.5  0.911062  6.77631  1.19221
24.5  0.942478  5.65416  0.916729
24.5  0.973894  6.86144  1.20541
24.5  1.00531  6.73049  1.07064
24.5  1.03673  5.14206  0.72007
24.5  1.06814  7.32403  1.56714
24.5  1.09956  4.38587  0.801308
24.5  1.13097  9.59508  3.00818
24.5  1.16239  5.55592  0.956396
24.5  1.19381  11.0461  6.13593
24.5  1.22522  5.60586  0.810274
24.5  1.25664  8.11903  1.75471
24.5  1.28805  9.46972  3.42719
24.5  1.31947  5.37288  0.869568
24.5  1.35088  8.35036  2.18078
24.5  1.3823  6.08002  1.0904
24.5  1.41372  7.6135  1.60891
24.5  1.44513  8.29015  1.6499
24.5  1.47655  6.61356  0.995409
24.5  1.50796  9.16269  2.77874
24.5  1.53938  7.3714  1.2283
24.5  1.5708  10.861  3.24235
24.5  1.60221  9.79114  3.41192
24.5  1.63363  6.64017  1.42299
24.5  1.66504  7.45917  1.45183
24.5  1.69646  6.59428  1.48113
24.5  1.72788  5.00892  0.587416
24.5  1.75929  8.48619  1.98443
24.5  1.79071  7.68283  1.83063
24.5  1.82212  10.4808  3.46631
24.5  1.85354  5.36056  0.993732
24.5  1.88496  10.1292  2.84331
24.5  1.91637  7.10078  1.26451
24.5  1.94779  8.84962  1.9058
24.5  1.9792  5.777  0.917973
24.5  2.01062  6.61993  1.09355
24.5  2.04204  8.22281  2.48621
24.5  2.07345  6.4725  1.60909
24.5  2.10487  7.9278  1.0708
24.5  2.13628  6.35549  1.30138
24.5  2.1677  6.36628  0.907166
24.5  2.19911  5.44071  0.755233
24.5  2.23053  5.17756  0.559676
24.5  2.26195  4.7597  0.927519
24.5  2.29336  4.62538  0.899013
24.5  2.32478  7.75361  1.11927
24.5  2.35619  5.43663  0.96379
24.5  2.38761  5.39394  0.800177
24.5  2.41903  5.28647  1.06605
24.5  2.45044  6.57746  1.73611
24.5  2.48186  6.76863  2.10664
24.5  2.51327  6.60023  1.89512
24.5  2.54469  12.0982  12.1015
24.5  2.57611  4.57785  2.70151
24.5  2.60752  4.19368  0.872365
24.5  2.63894  5.54114  5.3325
24.5  2.67035  0  0
24.5  2.70177  0  0
24.5  2.73319  0  0
24.5  2.7646  0  0
24.5  2.79602  0  0
24.5  2.82743  0  0
24.5  2.85885  0  0
24.5  2.89027  0  0
24.5  2.92168  0  0
24.5  2.9531  0  0
24.5  2.98451  0  0
24.5  3.01593  0  0
24.5  3.04734  0  0
24.5  3.07876  0  0
24.5  3.11018  0  0
24.625  0  0  0
24.625  0.0314159  0  0
24.625  0.0628319  0  0
24.625  0.0942478  0  0
24.625  0.125664  0  0
24.625  0.15708  0  0
24.625  0.188496  0  0
24.625  0.219911  0  0
24.625  0.251327  0  0
24.625  0.282743  0  0
24.625  0.314159  0  0
24.625  0.345575  0  0
24.625  0.376991  0  0
24.625  0.408407  0  0
24.625  0.439823  0  0
24.625  0.471239  7.04454  5.67813
24.625  0.502655  8.72196  5.63823
24.625  0.534071  4.60604  2.18499
24.625  0.565487  7.78476  2.66242
24.625  0.596903  6.17565  1.60068
24.625  0.628319  7.34819  2.52198
24.625  0.659734  5.76178  1.00822
24.625  0.69115  10.827  5.48251
24.625  0.722566  6.41047  1.30297
24.625  0.753982  10.3086  3.36344
24.625  0.785398  6.24715  0.83007
24.625  0.816814  6.34089  1.25812
24.625  0.84823  6.88739  1.02108
24.625  0.879646  5.00661  1.08344
24.625  0.911062  6.47483  0.803612
24.625  0.942478  4.23698  1.01368
24.625  0.973894  6.688  0.905664
24.625  1.00531  6.41078  0.964108
24.625  1.03673  4.25456  0.671184
24.625  1.06814  6.52171  1.03188
24.625  1.09956  7.63889  1.50171
24.625  1.13097  5.01638  1.96232
24.625  1.16239  7.59028  2.56692
24.625  1.19381  5.97432  1.21277
24.625  1.22522  8.85093  2.23477
24.625  1.25664  6.89927  1.51997
24.625  1.28805  6.75519  1.0102
24.625  1.31947  6.42759  1.44833
24.625  1.35088  8.15935  2.37594
24.625  1.3823  6.19838  1.40469
24.625  1.41372  8.8572  2.47165
24.625  1.44513  6.78769  0.997871
24.625  1.47655  5.99821  1.03644
24.625  1.50796  7.20146  1.49609
24.625  1.53938  6.66265  1.34783
24.625  1.5708  7.19256  1.00909
24.625  1.60221  6.16784  1.78471
24.625  1.63363  8.04426  1.87959
24.625  1.66504  5.04044  1.39119
24.625  1.69646  12.9043  5.52238
24.625  1.72788  7.59161  1.70288
24.625  1.75929  6.27791  1.01376
24.625  1.79071  5.46017  1.09246
24.625  1.82212  7.77323  3.20871
24.625  1.85354  5.99135  1.02299
24.625  1.88496  10.8935  3.93522
24.625  1.91637  5.24801  0.912141
24.625  1.94779  7.27468  1.64636
24.625  1.9792  8.80903  2.07673
24.625  2.01062  7.09074  1.47351
24.625  2.04204  6.91204  1.80659
24.625  2.07345  5.41448  0.710462
24.625  2.10487  5.42767  0.794815
24.625  2.13628  6.76628  1.44631
24.625  2.1677  6.85981  0.906452
24.625  2.19911  5.08302  0.530666
24.625  2.23053  5.3967  0.677534
24.625  2.26195  7.19684  0.947073
24.625  2.29336  5.69347  0.784858
24.625  2.32478  6.84531  1.30561
24.625  2.35619  3.8203  0.66032
24.625  2.38761  6.12719  1.27363
24.625  2.41903  4.74303  0.791953
24.625  2.45044  5.8856  1.47215
24.625  2.48186  3.56519  1.39126
24.625  2.51327  3.89311  0.652945
24.625  2.54469  35.9674  32.4355
24.625  2.57611  11.0687  25.7718
24.625  2.60752  23.8416  35.5859
24.625  2.63894  6.75777  7.03292
24.625  2.67035  0  0
24.625  2.70177  0  0
24.625  2.73319  0  0
24.625  2.7646  0  0
24.625  2.79602  0  0
24.625  2.82743  0  0
24.625  2.85885  0  0
24.625  2.89027  0  0
24.625  2.92168  0  0
24.625  2.9531  0  0
24.625  2.98451  0  0
24.625  3.01593  0  0
24.625  3.04734  0  0
24.625  3.07876  0  0
24.625  3.11018  0  0
24.75  0  0  0
24.75  0.0314159  0  0
24.75  0.0628319  0  0
24.75  0.0942478  0  0
24.75  0.125664  0  0
24.75  0.15708  0  0
24.75  0.188496  0  0
24.75  0.219911  0  0
24.75  0.251327  0  0
24.75  0.282743  0  0
24.75  0.314159  0  0
24.75  0.345575  0  0
24.75  0.376991  0  0
24.75  0.408407  0  0
24.75  0.439823  0  0
24.75  0.471239  52.7787  36.4426
24.75  0.502655  7.6145  6.11217
24.75  0.534071  40.0863  41.4437
24.75  0.565487  5.65969  1.88477
24.75  0.596903  7.10759  3.34549
24.75  0.628319  5.2421  2.60879
24.75  0.659734  7.67331  3.44145
24.75  0.69115  5.89093  1.39302
24.75  0.722566  5.48885  0.823746
24.75  0.753982  5.15398  0.65154
24.75  0.785398  7.03905  1.18989
24.75  0.816814  5.78943  0.830622
24.75  0.84823  5.15092  0.55752
24.75  0.879646  4.81013  0.52008
24.75  0.911062  6.38313  0.817071
24.75  0.942478  6.21382  0.825099
24.75  0.973894  7.79909  1.53844
24.75  1.00531  6.47276  1.05546
24.75  1.03673  6.63411  1.13874
24.75  1.06814  7.73314  3.22114
24.75  1.09956  5.45199  0.595516
24.75  1.13097  7.50613  1.53921
24.75  1.16239  5.57109  1.15727
24.75  1.19381  5.80862  0.892002
24.75  1.22522  6.462  1.31638
24.75  1.25664  6.76906  1.30765
24.75  1.28805  5.0489  0.984496
24.75  1.31947  6.9456  1.93869
24.75  1.35088  9.03478  2.90461
24.75  1.3823  6.49055  0.887083
24.75  1.41372  9.28181  2.61633
24.75  1.44513  5.92701  0.988288
24.75  1.47655  8.77463  2.77595
24.75  1.50796  7.80396  1.63526
24.75  1.53938  6.69583  1.35843
24.75  1.5708  9.24747  2.42176
24.75  1.60221  9.77818  2.65386
24.75  1.63363  8.79839  2.83877
24.75  1.66504  8.76547  1.75919
24.75  1.69646  7.12676  2.61555
24.75  1.72788  6.07071  1.35632
24.75  1.75929  7.14633  1.65567
24.75  1.79071  8.37034  3.16407
24.75  1.82212  11.7859  9.94303
24.75  1.85354  4.99229  1.19376
24.75  1.88496  4.93075  0.843412
24.75  1.91637  6.309  1.20755
24.75  1.94779  7.19523  1.1133
24.75  1.9792  6.58276  1.31823
24.75  2.01062  6.24098  0.969099
24.75  2.04204  5.78082  0.775754
24.75  2.07345  4.81386  0.547616
24.75  2.10487  6.96089  0.939078
24.75  2.13628  7.65326  1.52729
24.75  2.1677  5.98605  0.820009
24.75  2.19911  4.62317  0.647712
24.75  2.23053  9.02013  1.73319
24.75  2.26195  6.33065  0.922468
24.75  2.29336  5.11482  0.879831
24.75  2.32478  6.26056  1.22262
24.75  2.35619  7.55204  2.40349
24.75  2.38761  6.44128  1.1933
24.75  2.41903  5.81693  1.70343
24.75  2.45044  61.9711  46.0498
24.75  2.48186  3.80532  1.099
24.75  2.51327  6.07645  4.10543
24.75  2.54469  6.41952  1.95455
24.75  2.57611  6.76714  2.44585
24.75  2.60752  14.1733  12.9142
24.75  2.63894  7.84303  7.91123
24.75  2.67035  0.251454  2.03789
24.75  2.70177  0  0
24.75  2.73319  0  0
24.75  2.7646  0  0
24.75  2.79602  0  0
24.75  2.82743  0  0
24.75  2.85885  0  0
24.75  2.89027  0  0
24.75  2.92168  0  0
24.75  2.9531  0  0
24.75  2.98451  0  0
24.75  3.01593  0  0
24.75  3.04734  0  0
24.75  3.07876  0  0
24.75  3.11018  0  0
24.875  0  0  0
24.875  0.0314159  0  0
24.875  0.0628319  0  0
24.875  0.0942478  0  0
24.875  0.125664  0  0
24.875  0.15708  0  0
24.875  0.188496  0  0
24.875  0.219911  0  0
24.875  0.251327  0  0
24.875  0.282743  0  0
24.875  0.314159  0.249952  2.22149
24.875  0.345575  0  0
24.875  0.376991  0  0
24.875  0.408407  0  0
24.875  0.439823  42.4102  31.2051
24.875  0.471239  6.33457  3.37859
24.875  0.502655  20.9739  30.6531
24.875  0.534071  40.2147  43.0484
24.875  0.565487  9.15557  6.89171
24.875  0.596903  4.23516  0.728778
24.875  0.628319  5.63004  2.51706
24.875  0.659734  5.37786  0.823659
24.875  0.69115  4.44872  0.800325
24.875  0.722566  5.95718  1.18034
24.875  0.753982  6.01932  1.16296
24.875  0.785398  5.46369  0.913644
24.875  0.816814  6.61765  0.871403
24.875  0.84823  4.33324  0.581777
24.875  0.879646  4.66744  0.491947
24.875  0.911062  4.00453  0.506004
24.875  0.942478  6.21793  0.870161
24.875  0.973894  7.56079  1.53928
24.875  1.00531  8.88009  2.01672
24.875  1.03673  5.97868  0.910607
24.875  1.06814  7.23707  1.13615
24.875  1.09956  7.64337  1.61583
24.875  1.13097  6.42261  1.11523
24.875  1.16239  7.10144  1.09954
24.875  1.19381  6.15262  1.13405
24.875  1.22522  6.84803  1.19561
24.875  1.25664  5.69946  1.10122
24.875  1.28805  7.45739  1.8648
24.875  1.31947  9.18821  2.1948
24.875  1.35088  5.89301  1.32212
24.875  1.3823  8.25647  2.03422
24.875  1.41372  8.16782  1.86693
24.875  1.44513  7.18397  1.91259
24.875  1.47655  9.65745  2.19823
24.875  1.50796  7.62527  1.80709
24.875  1.53938  6.01583  1.1288
24.875  1.5708  7.64937  2.84279
24.875  1.60221  7.57478  1.72815
24.875  1.63363  5.11758  0.727504
24.875  1.66504  5.24195  0.724299
24.875  1.69646  7.52248  1.6707
24.875  1.72788  7.14891  1.41853
24.875  1.75929  9.6833  2.31014
24.875  1.79071  5.98126  0.883737
24.875  1.82212  6.99392  1.61946
24.875  1.85354  7.8699  2.53958
24.875  1.88496  5.69121  3.77518
24.875  1.91637  7.49171  1.56434
24.875  1.94779  3.74483  0.603671
24.875  1.9792  8.99481  3.5216
24.875  2.01062  6.69256  1.26861
24.875  2.04204  5.44118  0.987775
24.875  2.07345  5.6028  0.810056
24.875  2.10487  6.60214  1.32855
24.875  2.13628  5.46389  1.01227
24.875  2.1677  6.06967  0.785599
24.875  2.19911  7.93549  1.48489
24.875  2.23053  7.15989  1.60537
24.875  2.26195  5.08683  0.633475
24.875  2.29336  5.56546  0.649457
24.875  2.32478  4.67022  0.965151
24.875  2.35619  7.146  1.20863
24.875  2.38761  5.81852  1.15123
24.875  2.41903  4.52197  1.44423
24.875  2.45044  5.67372  1.44698
24.875  2.48186  4.56134  1.04839
24.875  2.51327  3.80616  0.850116
24.875  2.54469  12.5004  12.094
24.875  2.57611  8.84774  3.80337
24.875  2.60752  6.45148  2.16987
24.875  2.63894  7.312  9.5258
24.875  2.67035  4.44582  32.6228
24.875  2.70177  0  0
24.875  2.73319  0  0
24.875  2.7646  0  0
24.875  2.79602  0  0
24.875  2.82743  0  0
24.875  2.85885  0  0
24.875  2.89027  0  0
24.875  2.92168  0  0
24.875  2.9531  0  0
24.875  2.98451  0  0
24.875  3.01593  0  0
24.875  3.04734  0  0
24.875  3.07876  0  0
24.875  3.11018  0  0
