2  0  0  0
2  0.0314159  0  0
2  0.0628319  0  0
2  0.0942478  0  0
2  0.125664  0  0
2  0.15708  0  0
2  0.188496  0  0
2  0.219911  0  0
2  0.251327  0  0
2  0.282743  0  0
2  0.314159  0  0
2  0.345575  0  0
2  0.376991  0  0
2  0.408407  0  0
2  0.439823  0  0
2  0.471239  0  0
2  0.502655  0  0
2  0.534071  0  0
2  0.565487  0  0
2  0.596903  0  0
2  0.628319  0  0
2  0.659734  0  0
2  0.69115  0  0
2  0.722566  0  0
2  0.753982  0  0
2  0.785398  0  0
2  0.816814  0  0
2  0.84823  0  0
2  0.879646  0  0
2  0.911062  0  0
2  0.942478  0  0
2  0.973894  0  0
2  1.00531  0  0
2  1.03673  0  0
2  1.06814  0  0
2  1.09956  0  0
2  1.13097  0  0
2  1.16239  0  0
2  1.19381  0  0
2  1.22522  0  0
2  1.25664  0  0
2  1.28805  0  0
2  1.31947  0  0
2  1.35088  0  0
2  1.3823  0  0
2  1.41372  0  0
2  1.44513  0  0
2  1.47655  0  0
2  1.50796  0  0
2  1.53938  0  0
2  1.5708  0  0
2  1.60221  0  0
2  1.63363  0  0
2  1.66504  0  0
2  1.69646  0  0
2  1.72788  0  0
2  1.75929  0  0
2  1.79071  0  0
2  1.82212  0  0
2  1.85354  0  0
2  1.88496  0  0
2  1.91637  0  0
2  1.94779  0  0
2  1.9792  0  0
2  2.01062  0  0
2  2.04204  0  0
2  2.07345  0  0
2  2.10487  0  0
2  2.13628  0  0
2  2.1677  0  0
2  2.19911  0  0
2  2.23053  0  0
2  2.26195  0  0
2  2.29336  0  0
2  2.32478  0  0
2  2.35619  0  0
2  2.38761  0  0
2  2.41903  0  0
2  2.45044  0  0
2  2.48186  0  0
2  2.51327  0  0
2  2.54469  0  0
2  2.57611  0  0
2  2.60752  0  0
2  2.63894  0  0
2  2.67035  0  0
2  2.70177  0  0
2  2.73319  0  0
2  2.7646  0  0
2  2.79602  0  0
2  2.82743  0  0
2  2.85885  0  0
2  2.89027  0  0
2  2.92168  0  0
2  2.9531  0  0
2  2.98451  0  0
2  3.01593  0  0
2  3.04734  0  0
2  3.07876  0  0
2  3.11018  0  0
2.25  0  0  0
2.25  0.0314159  0  0
2.25  0.0628319  0  0
2.25  0.0942478  0  0
2.25  0.125664  0  0
2.25  0.15708  0  0
2.25  0.188496  0  0
2.25  0.219911  0  0
2.25  0.251327  0  0
2.25  0.282743  0  0
2.25  0.314159  0  0
2.25  0.345575  0  0
2.25  0.376991  0  0
2.25  0.408407  0  0
2.25  0.439823  0  0
2.25  0.471239  0  0
2.25  0.502655  0  0
2.25  0.534071  0  0
2.25  0.565487  0  0
2.25  0.596903  0  0
2.25  0.628319  0  0
2.25  0.659734  0  0
2.25  0.69115  0  0
2.25  0.722566  0  0
2.25  0.753982  0  0
2.25  0.785398  0  0
2.25  0.816814  0  0
2.25  0.84823  0  0
2.25  0.879646  0  0
2.25  0.911062  0  0
2.25  0.942478  0  0
2.25  0.973894  0  0
2.25  1.00531  0  0
2.25  1.03673  0  0
2.25  1.06814  0  0
2.25  1.09956  0  0
2.25  1.13097  0  0
2.25  1.16239  0  0
2.25  1.19381  0  0
2.25  1.22522  0  0
2.25  1.25664  0  0
2.25  1.28805  0  0
2.25  1.31947  0  0
2.25  1.35088  0  0
2.25  1.3823  0  0
2.25  1.41372  0  0
2.25  1.44513  0  0
2.25  1.47655  0  0
2.25  1.50796  0  0
2.25  1.53938  0  0
2.25  1.5708  0  0
2.25  1.60221  0  0
2.25  1.63363  0  0
2.25  1.66504  0  0
2.25  1.69646  0  0
2.25  1.72788  0  0
2.25  1.75929  0  0
2.25  1.79071  0  0
2.25  1.82212  0  0
2.25  1.85354  0  0
2.25  1.88496  0  0
2.25  1.91637  0  0
2.25  1.94779  0  0
2.25  1.9792  0  0
2.25  2.01062  0  0
2.25  2.04204  0  0
2.25  2.07345  0  0
2.25  2.10487  0  0
2.25  2.13628  0  0
2.25  2.1677  0  0
2.25  2.19911  0  0
2.25  2.23053  0  0
2.25  2.26195  0  0
2.25  2.29336  0  0
2.25  2.32478  0  0
2.25  2.35619  0  0
2.25  2.38761  0  0
2.25  2.41903  0  0
2.25  2.45044  0  0
2.25  2.48186  0  0
2.25  2.51327  0  0
2.25  2.54469  0  0
2.25  2.57611  0  0
2.25  2.60752  0  0
2.25  2.63894  0  0
2.25  2.67035  0  0
2.25  2.70177  0  0
2.25  2.73319  0  0
2.25  2.7646  0  0
2.25  2.79602  0  0
2.25  2.82743  0  0
2.25  2.85885  0  0
2.25  2.89027  0  0
2.25  2.92168  0  0
2.25  2.9531  0  0
2.25  2.98451  0  0
2.25  3.01593  0  0
2.25  3.04734  0  0
2.25  3.07876  0  0
2.25  3.11018  0  0
2.5  0  0  0
2.5  0.0314159  0  0
2.5  0.0628319  0  0
2.5  0.0942478  0  0
2.5  0.125664  0  0
2.5  0.15708  0  0
2.5  0.188496  0  0
2.5  0.219911  0  0
2.5  0.251327  0  0
2.5  0.282743  0  0
2.5  0.314159  0  0
2.5  0.345575  0  0
2.5  0.376991  0  0
2.5  0.408407  0  0
2.5  0.439823  0  0
2.5  0.471239  0  0
2.5  0.502655  0  0
2.5  0.534071  0  0
2.5  0.565487  0  0
2.5  0.596903  0  0
2.5  0.628319  0  0
2.5  0.659734  0  0
2.5  0.69115  0  0
2.5  0.722566  0  0
2.5  0.753982  0  0
2.5  0.785398  0  0
2.5  0.816814  0  0
2.5  0.84823  0  0
2.5  0.879646  0  0
2.5  0.911062  0  0
2.5  0.942478  0  0
2.5  0.973894  0  0
2.5  1.00531  0  0
2.5  1.03673  0  0
2.5  1.06814  0  0
2.5  1.09956  0  0
2.5  1.13097  0  0
2.5  1.16239  0  0
2.5  1.19381  0  0
2.5  1.22522  0  0
2.5  1.25664  0  0
2.5  1.28805  0  0
2.5  1.31947  0  0
2.5  1.35088  0  0
2.5  1.3823  0  0
2.5  1.41372  0  0
2.5  1.44513  0  0
2.5  1.47655  0  0
2.5  1.50796  0  0
2.5  1.53938  0  0
2.5  1.5708  0  0
2.5  1.60221  0  0
2.5  1.63363  0  0
2.5  1.66504  0  0
2.5  1.69646  0  0
2.5  1.72788  0  0
2.5  1.75929  0  0
2.5  1.79071  0  0
2.5  1.82212  0  0
2.5  1.85354  0  0
2.5  1.88496  0  0
2.5  1.91637  0  0
2.5  1.94779  0  0
2.5  1.9792  0  0
2.5  2.01062  0  0
2.5  2.04204  0  0
2.5  2.07345  0  0
2.5  2.10487  0  0
2.5  2.13628  0  0
2.5  2.1677  0  0
2.5  2.19911  0  0
2.5  2.23053  0  0
2.5  2.26195  0  0
2.5  2.29336  0  0
2.5  2.32478  0  0
2.5  2.35619  0  0
2.5  2.38761  0  0
2.5  2.41903  0  0
2.5  2.45044  0  0
2.5  2.48186  0  0
2.5  2.51327  0  0
2.5  2.54469  0  0
2.5  2.57611  0  0
2.5  2.60752  0  0
2.5  2.63894  0  0
2.5  2.67035  0  0
2.5  2.70177  0  0
2.5  2.73319  0  0
2.5  2.7646  0  0
2.5  2.79602  0  0
2.5  2.82743  0  0
2.5  2.85885  0  0
2.5  2.89027  0  0
2.5  2.92168  0  0
2.5  2.9531  0  0
2.5  2.98451  0  0
2.5  3.01593  0  0
2.5  3.04734  0  0
2.5  3.07876  0  0
2.5  3.11018  0  0
2.75  0  0  0
2.75  0.0314159  0  0
2.75  0.0628319  0  0
2.75  0.0942478  0  0
2.75  0.125664  0  0
2.75  0.15708  0  0
2.75  0.188496  0  0
2.75  0.219911  0  0
2.75  0.251327  0  0
2.75  0.282743  0  0
2.75  0.314159  0  0
2.75  0.345575  0  0
2.75  0.376991  0  0
2.75  0.408407  0  0
2.75  0.439823  0  0
2.75  0.471239  0  0
2.75  0.502655  0  0
2.75  0.534071  0  0
2.75  0.565487  0  0
2.75  0.596903  0  0
2.75  0.628319  0  0
2.75  0.659734  0  0
2.75  0.69115  0  0
2.75  0.722566  0  0
2.75  0.753982  0  0
2.75  0.785398  0  0
2.75  0.816814  0  0
2.75  0.84823  0  0
2.75  0.879646  0  0
2.75  0.911062  0  0
2.75  0.942478  0  0
2.75  0.973894  0  0
2.75  1.00531  0  0
2.75  1.03673  0  0
2.75  1.06814  0  0
2.75  1.09956  0  0
2.75  1.13097  0  0
2.75  1.16239  0  0
2.75  1.19381  0  0
2.75  1.22522  0  0
2.75  1.25664  0  0
2.75  1.28805  0  0
2.75  1.31947  0  0
2.75  1.35088  0  0
2.75  1.3823  0  0
2.75  1.41372  0  0
2.75  1.44513  0  0
2.75  1.47655  0  0
2.75  1.50796  0  0
2.75  1.53938  0  0
2.75  1.5708  0  0
2.75  1.60221  0  0
2.75  1.63363  0  0
2.75  1.66504  0  0
2.75  1.69646  0  0
2.75  1.72788  0  0
2.75  1.75929  0  0
2.75  1.79071  0  0
2.75  1.82212  0  0
2.75  1.85354  0  0
2.75  1.88496  0  0
2.75  1.91637  0  0
2.75  1.94779  0  0
2.75  1.9792  0  0
2.75  2.01062  0  0
2.75  2.04204  0  0
2.75  2.07345  0  0
2.75  2.10487  0  0
2.75  2.13628  0  0
2.75  2.1677  0  0
2.75  2.19911  0  0
2.75  2.23053  0  0
2.75  2.26195  0  0
2.75  2.29336  0  0
2.75  2.32478  0  0
2.75  2.35619  0  0
2.75  2.38761  0  0
2.75  2.41903  0  0
2.75  2.45044  0  0
2.75  2.48186  0  0
2.75  2.51327  0  0
2.75  2.54469  0  0
2.75  2.57611  0  0
2.75  2.60752  0  0
2.75  2.63894  0  0
2.75  2.67035  0  0
2.75  2.70177  0  0
2.75  2.73319  0  0
2.75  2.7646  0  0
2.75  2.79602  0  0
2.75  2.82743  0  0
2.75  2.85885  0  0
2.75  2.89027  0  0
2.75  2.92168  0  0
2.75  2.9531  0  0
2.75  2.98451  0  0
2.75  3.01593  0  0
2.75  3.04734  0  0
2.75  3.07876  0  0
2.75  3.11018  0  0
3  0  0  0
3  0.0314159  0  0
3  0.0628319  0  0
3  0.0942478  0  0
3  0.125664  0  0
3  0.15708  0  0
3  0.188496  0  0
3  0.219911  0  0
3  0.251327  0  0
3  0.282743  0  0
3  0.314159  0  0
3  0.345575  0  0
3  0.376991  0  0
3  0.408407  0  0
3  0.439823  0  0
3  0.471239  0  0
3  0.502655  0  0
3  0.534071  0  0
3  0.565487  0  0
3  0.596903  0  0
3  0.628319  0  0
3  0.659734  0  0
3  0.69115  0  0
3  0.722566  0  0
3  0.753982  0  0
3  0.785398  0  0
3  0.816814  0  0
3  0.84823  0  0
3  0.879646  0  0
3  0.911062  0  0
3  0.942478  0  0
3  0.973894  0  0
3  1.00531  0  0
3  1.03673  0  0
3  1.06814  0  0
3  1.09956  0  0
3  1.13097  0  0
3  1.16239  0  0
3  1.19381  0  0
3  1.22522  0  0
3  1.25664  0  0
3  1.28805  0  0
3  1.31947  0  0
3  1.35088  0  0
3  1.3823  0  0
3  1.41372  0  0
3  1.44513  0  0
3  1.47655  1.5625  1.25
3  1.50796  0  0
3  1.53938  0  0
3  1.5708  0  0
3  1.60221  0  0
3  1.63363  0  0
3  1.66504  0  0
3  1.69646  0  0
3  1.72788  0  0
3  1.75929  0  0
3  1.79071  0  0
3  1.82212  0  0
3  1.85354  0  0
3  1.88496  0  0
3  1.91637  0  0
3  1.94779  0  0
3  1.9792  0  0
3  2.01062  0  0
3  2.04204  0  0
3  2.07345  0  0
3  2.10487  0  0
3  2.13628  0  0
3  2.1677  0  0
3  2.19911  0  0
3  2.23053  0  0
3  2.26195  0  0
3  2.29336  0  0
3  2.32478  0  0
3  2.35619  0  0
3  2.38761  0  0
3  2.41903  0  0
3  2.45044  0  0
3  2.48186  0  0
3  2.51327  0  0
3  2.54469  0  0
3  2.57611  0  0
3  2.60752  0  0
3  2.63894  0  0
3  2.67035  0  0
3  2.70177  0  0
3  2.73319  0  0
3  2.7646  0  0
3  2.79602  0  0
3  2.82743  0  0
3  2.85885  0  0
3  2.89027  0  0
3  2.92168  0  0
3  2.9531  0  0
3  2.98451  0  0
3  3.01593  0  0
3  3.04734  0  0
3  3.07876  0  0
3  3.11018  0  0
3.25  0  0  0
3.25  0.0314159  0  0
3.25  0.0628319  0  0
3.25  0.0942478  0  0
3.25  0.125664  0  0
3.25  0.15708  0  0
3.25  0.188496  0  0
3.25  0.219911  0  0
3.25  0.251327  0  0
3.25  0.282743  0  0
3.25  0.314159  0  0
3.25  0.345575  0  0
3.25  0.376991  0  0
3.25  0.408407  0  0
3.25  0.439823  0  0
3.25  0.471239  0  0
3.25  0.502655  0  0
3.25  0.534071  0  0
3.25  0.565487  0  0
3.25  0.596903  0  0
3.25  0.628319  0  0
3.25  0.659734  0  0
3.25  0.69115  0  0
3.25  0.722566  0  0
3.25  0.753982  0  0
3.25  0.785398  0  0
3.25  0.816814  0  0
3.25  0.84823  0  0
3.25  0.879646  0  0
3.25  0.911062  0  0
3.25  0.942478  0  0
3.25  0.973894  0  0
3.25  1.00531  0  0
3.25  1.03673  0  0
3.25  1.06814  0  0
3.25  1.09956  0  0
3.25  1.13097  0  0
3.25  1.16239  0  0
3.25  1.19381  0  0
3.25  1.22522  0  0
3.25  1.25664  0  0
3.25  1.28805  0  0
3.25  1.31947  0  0
3.25  1.35088  0  0
3.25  1.3823  0  0
3.25  1.41372  0  0
3.25  1.44513  0  0
3.25  1.47655  0  0
3.25  1.50796  0  0
3.25  1.53938  0  0
3.25  1.5708  0  0
3.25  1.60221  0  0
3.25  1.63363  0  0
3.25  1.66504  0  0
3.25  1.69646  0  0
3.25  1.72788  0  0
3.25  1.75929  0  0
3.25  1.79071  0  0
3.25  1.82212  0  0
3.25  1.85354  0  0
3.25  1.88496  0  0
3.25  1.91637  0  0
3.25  1.94779  0  0
3.25  1.9792  0  0
3.25  2.01062  0  0
3.25  2.04204  0  0
3.25  2.07345  0  0
3.25  2.10487  0  0
3.25  2.13628  0  0
3.25  2.1677  0  0
3.25  2.19911  0  0
3.25  2.23053  0  0
3.25  2.26195  0  0
3.25  2.29336  0  0
3.25  2.32478  0  0
3.25  2.35619  0  0
3.25  2.38761  0  0
3.25  2.41903  0  0
3.25  2.45044  0  0
3.25  2.48186  0  0
3.25  2.51327  0  0
3.25  2.54469  0  0
3.25  2.57611  0  0
3.25  2.60752  0  0
3.25  2.63894  0  0
3.25  2.67035  0  0
3.25  2.70177  0  0
3.25  2.73319  0  0
3.25  2.7646  0  0
3.25  2.79602  0  0
3.25  2.82743  0  0
3.25  2.85885  0  0
3.25  2.89027  0  0
3.25  2.92168  0  0
3.25  2.9531  0  0
3.25  2.98451  0  0
3.25  3.01593  0  0
3.25  3.04734  0  0
3.25  3.07876  0  0
3.25  3.11018  0  0
3.5  0  0  0
3.5  0.0314159  0  0
3.5  0.0628319  0  0
3.5  0.0942478  0  0
3.5  0.125664  0  0
3.5  0.15708  0  0
3.5  0.188496  0  0
3.5  0.219911  0  0
3.5  0.251327  0  0
3.5  0.282743  0  0
3.5  0.314159  0  0
3.5  0.345575  0  0
3.5  0.376991  0  0
3.5  0.408407  0  0
3.5  0.439823  0  0
3.5  0.471239  0  0
3.5  0.502655  0  0
3.5  0.534071  0  0
3.5  0.565487  0  0
3.5  0.596903  0  0
3.5  0.628319  0  0
3.5  0.659734  0  0
3.5  0.69115  0  0
3.5  0.722566  0  0
3.5  0.753982  0  0
3.5  0.785398  0  0
3.5  0.816814  0  0
3.5  0.84823  0  0
3.5  0.879646  0  0
3.5  0.911062  0  0
3.5  0.942478  0  0
3.5  0.973894  0  0
3.5  1.00531  0  0
3.5  1.03673  0  0
3.5  1.06814  0  0
3.5  1.09956  0  0
3.5  1.13097  0  0
3.5  1.16239  0  0
3.5  1.19381  0  0
3.5  1.22522  0  0
3.5  1.25664  0  0
3.5  1.28805  0  0
3.5  1.31947  0  0
3.5  1.35088  0  0
3.5  1.3823  0  0
3.5  1.41372  0  0
3.5  1.44513  0  0
3.5  1.47655  0  0
3.5  1.50796  0  0
3.5  1.53938  0  0
3.5  1.5708  0  0
3.5  1.60221  0  0
3.5  1.63363  0  0
3.5  1.66504  0  0
3.5  1.69646  0  0
3.5  1.72788  0  0
3.5  1.75929  0  0
3.5  1.79071  0  0
3.5  1.82212  0  0
3.5  1.85354  0  0
3.5  1.88496  0  0
3.5  1.91637  0  0
3.5  1.94779  0  0
3.5  1.9792  0  0
3.5  2.01062  0  0
3.5  2.04204  0  0
3.5  2.07345  0  0
3.5  2.10487  0  0
3.5  2.13628  0  0
3.5  2.1677  0  0
3.5  2.19911  0  0
3.5  2.23053  0  0
3.5  2.26195  0  0
3.5  2.29336  0  0
3.5  2.32478  0  0
3.5  2.35619  0  0
3.5  2.38761  0  0
3.5  2.41903  0  0
3.5  2.45044  0  0
3.5  2.48186  0  0
3.5  2.51327  0  0
3.5  2.54469  0  0
3.5  2.57611  0  0
3.5  2.60752  0  0
3.5  2.63894  0  0
3.5  2.67035  0  0
3.5  2.70177  0  0
3.5  2.73319  0  0
3.5  2.7646  0  0
3.5  2.79602  0  0
3.5  2.82743  0  0
3.5  2.85885  0  0
3.5  2.89027  0  0
3.5  2.92168  0  0
3.5  2.9531  0  0
3.5  2.98451  0  0
3.5  3.01593  0  0
3.5  3.04734  0  0
3.5  3.07876  0  0
3.5  3.11018  0  0
3.75  0  0  0
3.75  0.0314159  0  0
3.75  0.0628319  0  0
3.75  0.0942478  0  0
3.75  0.125664  0  0
3.75  0.15708  0  0
3.75  0.188496  0  0
3.75  0.219911  0  0
3.75  0.251327  0  0
3.75  0.282743  0  0
3.75  0.314159  0  0
3.75  0.345575  0  0
3.75  0.376991  0  0
3.75  0.408407  0  0
3.75  0.439823  0  0
3.75  0.471239  0  0
3.75  0.502655  0  0
3.75  0.534071  0  0
3.75  0.565487  0  0
3.75  0.596903  0  0
3.75  0.628319  0  0
3.75  0.659734  0  0
3.75  0.69115  0  0
3.75  0.722566  0  0
3.75  0.753982  0  0
3.75  0.785398  0  0
3.75  0.816814  0  0
3.75  0.84823  0  0
3.75  0.879646  0  0
3.75  0.911062  0  0
3.75  0.942478  0  0
3.75  0.973894  0  0
3.75  1.00531  0  0
3.75  1.03673  0  0
3.75  1.06814  0  0
3.75  1.09956  0  0
3.75  1.13097  0  0
3.75  1.16239  0  0
3.75  1.19381  0  0
3.75  1.22522  0  0
3.75  1.25664  0  0
3.75  1.28805  0  0
3.75  1.31947  0  0
3.75  1.35088  0  0
3.75  1.3823  0  0
3.75  1.41372  0  0
3.75  1.44513  0  0
3.75  1.47655  0  0
3.75  1.50796  0  0
3.75  1.53938  0  0
3.75  1.5708  0  0
3.75  1.60221  0  0
3.75  1.63363  0  0
3.75  1.66504  0  0
3.75  1.69646  0  0
3.75  1.72788  0  0
3.75  1.75929  0  0
3.75  1.79071  0  0
3.75  1.82212  0  0
3.75  1.85354  0  0
3.75  1.88496  0  0
3.75  1.91637  0  0
3.75  1.94779  0  0
3.75  1.9792  0  0
3.75  2.01062  0  0
3.75  2.04204  0  0
3.75  2.07345  0  0
3.75  2.10487  0  0
3.75  2.13628  0  0
3.75  2.1677  0  0
3.75  2.19911  0  0
3.75  2.23053  0  0
3.75  2.26195  0  0
3.75  2.29336  0  0
3.75  2.32478  0  0
3.75  2.35619  0  0
3.75  2.38761  0  0
3.75  2.41903  0  0
3.75  2.45044  0  0
3.75  2.48186  0  0
3.75  2.51327  0  0
3.75  2.54469  0  0
3.75  2.57611  0  0
3.75  2.60752  0  0
3.75  2.63894  0  0
3.75  2.67035  0  0
3.75  2.70177  0  0
3.75  2.73319  0  0
3.75  2.7646  0  0
3.75  2.79602  0  0
3.75  2.82743  0  0
3.75  2.85885  0  0
3.75  2.89027  0  0
3.75  2.92168  0  0
3.75  2.9531  0  0
3.75  2.98451  0  0
3.75  3.01593  0  0
3.75  3.04734  0  0
3.75  3.07876  0  0
3.75  3.11018  0  0
4  0  0  0
4  0.0314159  0  0
4  0.0628319  0  0
4  0.0942478  0  0
4  0.125664  0  0
4  0.15708  0  0
4  0.188496  0  0
4  0.219911  0  0
4  0.251327  0  0
4  0.282743  0  0
4  0.314159  0  0
4  0.345575  0  0
4  0.376991  0  0
4  0.408407  0  0
4  0.439823  0  0
4  0.471239  0  0
4  0.502655  0  0
4  0.534071  0  0
4  0.565487  0  0
4  0.596903  0  0
4  0.628319  0  0
4  0.659734  0  0
4  0.69115  0  0
4  0.722566  0  0
4  0.753982  0  0
4  0.785398  0  0
4  0.816814  0  0
4  0.84823  0  0
4  0.879646  0  0
4  0.911062  0  0
4  0.942478  0  0
4  0.973894  0  0
4  1.00531  0  0
4  1.03673  0  0
4  1.06814  0  0
4  1.09956  0  0
4  1.13097  0  0
4  1.16239  0  0
4  1.19381  0  0
4  1.22522  0  0
4  1.25664  0  0
4  1.28805  0  0
4  1.31947  0  0
4  1.35088  0  0
4  1.3823  0  0
4  1.41372  0  0
4  1.44513  0  0
4  1.47655  0  0
4  1.50796  0  0
4  1.53938  0  0
4  1.5708  1.31579  1.14708
4  1.60221  0  0
4  1.63363  0  0
4  1.66504  0  0
4  1.69646  0  0
4  1.72788  0  0
4  1.75929  0  0
4  1.79071  0  0
4  1.82212  0  0
4  1.85354  0  0
4  1.88496  0  0
4  1.91637  0  0
4  1.94779  0  0
4  1.9792  0  0
4  2.01062  0  0
4  2.04204  0  0
4  2.07345  0  0
4  2.10487  0  0
4  2.13628  0  0
4  2.1677  0  0
4  2.19911  0  0
4  2.23053  0  0
4  2.26195  0  0
4  2.29336  0  0
4  2.32478  0  0
4  2.35619  0  0
4  2.38761  0  0
4  2.41903  0  0
4  2.45044  0  0
4  2.48186  0  0
4  2.51327  0  0
4  2.54469  0  0
4  2.57611  0  0
4  2.60752  0  0
4  2.63894  0  0
4  2.67035  0  0
4  2.70177  0  0
4  2.73319  0  0
4  2.7646  0  0
4  2.79602  0  0
4  2.82743  0  0
4  2.85885  0  0
4  2.89027  0  0
4  2.92168  0  0
4  2.9531  0  0
4  2.98451  0  0
4  3.01593  0  0
4  3.04734  0  0
4  3.07876  0  0
4  3.11018  0  0
4.25  0  0  0
4.25  0.0314159  0  0
4.25  0.0628319  0  0
4.25  0.0942478  0  0
4.25  0.125664  0  0
4.25  0.15708  0  0
4.25  0.188496  0  0
4.25  0.219911  0  0
4.25  0.251327  0  0
4.25  0.282743  0  0
4.25  0.314159  0  0
4.25  0.345575  0  0
4.25  0.376991  0  0
4.25  0.408407  0  0
4.25  0.439823  0  0
4.25  0.471239  0  0
4.25  0.502655  0  0
4.25  0.534071  0  0
4.25  0.565487  0  0
4.25  0.596903  0  0
4.25  0.628319  0  0
4.25  0.659734  0  0
4.25  0.69115  0  0
4.25  0.722566  0  0
4.25  0.753982  0  0
4.25  0.785398  0  0
4.25  0.816814  0  0
4.25  0.84823  0  0
4.25  0.879646  0  0
4.25  0.911062  0  0
4.25  0.942478  0  0
4.25  0.973894  0  0
4.25  1.00531  0  0
4.25  1.03673  0  0
4.25  1.06814  0  0
4.25  1.09956  0  0
4.25  1.13097  0  0
4.25  1.16239  0  0
4.25  1.19381  0  0
4.25  1.22522  0  0
4.25  1.25664  0  0
4.25  1.28805  0  0
4.25  1.31947  0  0
4.25  1.35088  0  0
4.25  1.3823  0  0
4.25  1.41372  0  0
4.25  1.44513  3.50877  1.87317
4.25  1.47655  3.0303  1.74078
4.25  1.50796  0  0
4.25  1.53938  1.63934  1.28037
4.25  1.5708  6.25  2.5
4.25  1.60221  11.2903  3.36011
4.25  1.63363  1.92308  1.38675
4.25  1.66504  3.92157  1.9803
4.25  1.69646  1.5873  1.25988
4.25  1.72788  0  0
4.25  1.75929  0  0
4.25  1.79071  0  0
4.25  1.82212  0  0
4.25  1.85354  0  0
4.25  1.88496  0  0
4.25  1.91637  0  0
4.25  1.94779  0  0
4.25  1.9792  0  0
4.25  2.01062  0  0
4.25  2.04204  0  0
4.25  2.07345  0  0
4.25  2.10487  0  0
4.25  2.13628  0  0
4.25  2.1677  0  0
4.25  2.19911  0  0
4.25  2.23053  0  0
4.25  2.26195  0  0
4.25  2.29336  0  0
4.25  2.32478  0  0
4.25  2.35619  0  0
4.25  2.38761  0  0
4.25  2.41903  0  0
4.25  2.45044  0  0
4.25  2.48186  0  0
4.25  2.51327  0  0
4.25  2.54469  0  0
4.25  2.57611  0  0
4.25  2.60752  0  0
4.25  2.63894  0  0
4.25  2.67035  0  0
4.25  2.70177  0  0
4.25  2.73319  0  0
4.25  2.7646  0  0
4.25  2.79602  0  0
4.25  2.82743  0  0
4.25  2.85885  0  0
4.25  2.89027  0  0
4.25  2.92168  0  0
4.25  2.9531  0  0
4.25  2.98451  0  0
4.25  3.01593  0  0
4.25  3.04734  0  0
4.25  3.07876  0  0
4.25  3.11018  0  0
4.5  0  0  0
4.5  0.0314159  0  0
4.5  0.0628319  0  0
4.5  0.0942478  0  0
4.5  0.125664  0  0
4.5  0.15708  0  0
4.5  0.188496  0  0
4.5  0.219911  0  0
4.5  0.251327  0  0
4.5  0.282743  0  0
4.5  0.314159  0  0
4.5  0.345575  0  0
4.5  0.376991  0  0
4.5  0.408407  0  0
4.5  0.439823  0  0
4.5  0.471239  0  0
4.5  0.502655  0  0
4.5  0.534071  0  0
4.5  0.565487  0  0
4.5  0.596903  0  0
4.5  0.628319  0  0
4.5  0.659734  0  0
4.5  0.69115  0  0
4.5  0.722566  0  0
4.5  0.753982  0  0
4.5  0.785398  0  0
4.5  0.816814  0  0
4.5  0.84823  0  0
4.5  0.879646  0  0
4.5  0.911062  0  0
4.5  0.942478  0  0
4.5  0.973894  0  0
4.5  1.00531  0  0
4.5  1.03673  0  0
4.5  1.06814  0  0
4.5  1.09956  0  0
4.5  1.13097  0  0
4.5  1.16239  4.22535  2.05557
4.5  1.19381  21.1538  4.59933
4.5  1.22522  24  4.89898
4.5  1.25664  43.75  6.61438
4.5  1.28805  42.5532  6.52328
4.5  1.31947  57.8125  7.60345
4.5  1.35088  70.3125  8.38525
4.5  1.3823  78.2609  8.84652
4.5  1.41372  80  8.94427
4.5  1.44513  91.2281  9.55134
4.5  1.47655  85.9155  9.26906
4.5  1.50796  93.3333  9.66092
4.5  1.53938  90  9.48683
4.5  1.5708  91.7808  9.58023
4.5  1.60221  88.7324  9.41979
4.5  1.63363  93.0556  9.64653
4.5  1.66504  84.7458  9.20575
4.5  1.69646  79.6875  8.92679
4.5  1.72788  79.2208  8.90061
4.5  1.75929  77.4648  8.80141
4.5  1.79071  68.254  8.2616
4.5  1.82212  51.6667  7.18795
4.5  1.85354  36.5079  6.04218
4.5  1.88496  30  5.47723
4.5  1.91637  12.9412  3.59738
4.5  1.94779  8.06452  2.83981
4.5  1.9792  2.5  1.58114
4.5  2.01062  1.25  1.11803
4.5  2.04204  0  0
4.5  2.07345  0  0
4.5  2.10487  0  0
4.5  2.13628  0  0
4.5  2.1677  0  0
4.5  2.19911  0  0
4.5  2.23053  0  0
4.5  2.26195  0  0
4.5  2.29336  0  0
4.5  2.32478  0  0
4.5  2.35619  0  0
4.5  2.38761  0  0
4.5  2.41903  0  0
4.5  2.45044  0  0
4.5  2.48186  0  0
4.5  2.51327  0  0
4.5  2.54469  0  0
4.5  2.57611  0  0
4.5  2.60752  0  0
4.5  2.63894  0  0
4.5  2.67035  0  0
4.5  2.70177  0  0
4.5  2.73319  0  0
4.5  2.7646  0  0
4.5  2.79602  0  0
4.5  2.82743  0  0
4.5  2.85885  0  0
4.5  2.89027  0  0
4.5  2.92168  0  0
4.5  2.9531  0  0
4.5  2.98451  0  0
4.5  3.01593  0  0
4.5  3.04734  0  0
4.5  3.07876  0  0
4.5  3.11018  0  0
4.75  0  0  0
4.75  0.0314159  0  0
4.75  0.0628319  0  0
4.75  0.0942478  0  0
4.75  0.125664  0  0
4.75  0.15708  0  0
4.75  0.188496  0  0
4.75  0.219911  0  0
4.75  0.251327  0  0
4.75  0.282743  0  0
4.75  0.314159  0  0
4.75  0.345575  0  0
4.75  0.376991  0  0
4.75  0.408407  0  0
4.75  0.439823  0  0
4.75  0.471239  0  0
4.75  0.502655  0  0
4.75  0.534071  0  0
4.75  0.565487  0  0
4.75  0.596903  0  0
4.75  0.628319  0  0
4.75  0.659734  0  0
4.75  0.69115  0  0
4.75  0.722566  0  0
4.75  0.753982  0  0
4.75  0.785398  0  0
4.75  0.816814  0  0
4.75  0.84823  0  0
4.75  0.879646  0  0
4.75  0.911062  0  0
4.75  0.942478  0  0
4.75  0.973894  1.23457  1.11111
4.75  1.00531  8.21918  2.86691
4.75  1.03673  12.8205  3.58057
4.75  1.06814  28.2051  5.31085
4.75  1.09956  54.4118  7.37643
4.75  1.13097  75.3623  8.68115
4.75  1.16239  90.1235  9.49334
4.75  1.19381  97.2603  9.86206
4.75  1.22522  97.4684  9.87261
4.75  1.25664  96.2025  9.80829
4.75  1.28805  96.8254  9.83999
4.75  1.31947  98.5915  9.92933
4.75  1.35088  98.1481  9.90697
4.75  1.3823  100  10
4.75  1.41372  98.0769  9.90338
4.75  1.44513  100  10
4.75  1.47655  100  10
4.75  1.50796  100  10
4.75  1.53938  100  10
4.75  1.5708  100  10
4.75  1.60221  98.6486  9.9322
4.75  1.63363  95.1613  9.75506
4.75  1.66504  96  9.79796
4.75  1.69646  100  10
4.75  1.72788  98.6301  9.93127
4.75  1.75929  96.0784  9.80196
4.75  1.79071  100  10
4.75  1.82212  96.4912  9.82299
4.75  1.85354  98.5294  9.9262
4.75  1.88496  98.2456  9.91189
4.75  1.91637  92.5373  9.61963
4.75  1.94779  84.9315  9.21583
4.75  1.9792  73.913  8.59727
4.75  2.01062  48.5714  6.96932
4.75  2.04204  34.5679  5.87945
4.75  2.07345  11.9048  3.45033
4.75  2.10487  4.61538  2.14834
4.75  2.13628  0  0
4.75  2.1677  0  0
4.75  2.19911  0  0
4.75  2.23053  0  0
4.75  2.26195  0  0
4.75  2.29336  0  0
4.75  2.32478  0  0
4.75  2.35619  0  0
4.75  2.38761  0  0
4.75  2.41903  0  0
4.75  2.45044  0  0
4.75  2.48186  0  0
4.75  2.51327  0  0
4.75  2.54469  0  0
4.75  2.57611  0  0
4.75  2.60752  0  0
4.75  2.63894  0  0
4.75  2.67035  0  0
4.75  2.70177  0  0
4.75  2.73319  0  0
4.75  2.7646  0  0
4.75  2.79602  0  0
4.75  2.82743  0  0
4.75  2.85885  0  0
4.75  2.89027  0  0
4.75  2.92168  0  0
4.75  2.9531  0  0
4.75  2.98451  0  0
4.75  3.01593  0  0
4.75  3.04734  0  0
4.75  3.07876  0  0
4.75  3.11018  0  0
5  0  0  0
5  0.0314159  0  0
5  0.0628319  0  0
5  0.0942478  0  0
5  0.125664  0  0
5  0.15708  0  0
5  0.188496  0  0
5  0.219911  0  0
5  0.251327  0  0
5  0.282743  0  0
5  0.314159  0  0
5  0.345575  0  0
5  0.376991  0  0
5  0.408407  0  0
5  0.439823  0  0
5  0.471239  0  0
5  0.502655  0  0
5  0.534071  0  0
5  0.565487  0  0
5  0.596903  2.22222  1.49071
5  0.628319  0  0
5  0.659734  0  0
5  0.69115  0  0
5  0.722566  1.38889  1.17851
5  0.753982  0  0
5  0.785398  0  0
5  0.816814  0  0
5  0.84823  0  0
5  0.879646  4.30108  2.0739
5  0.911062  4.08163  2.02031
5  0.942478  32.5  5.70088
5  0.973894  50  7.07107
5  1.00531  76.1364  8.72562
5  1.03673  89.7436  9.47331
5  1.06814  93.75  9.68246
5  1.09956  98.6301  9.93127
5  1.13097  95.7143  9.78337
5  1.16239  96.1538  9.80581
5  1.19381  94.9367  9.74355
5  1.22522  95.8333  9.78945
5  1.25664  98.75  9.9373
5  1.28805  95.8333  9.78945
5  1.31947  98.3333  9.91632
5  1.35088  98.2143  9.91031
5  1.3823  98.3607  9.91769
5  1.41372  100  10
5  1.44513  95.1613  9.75506
5  1.47655  100  10
5  1.50796  100  10
5  1.53938  98.3333  9.91632
5  1.5708  100  10
5  1.60221  100  10
5  1.63363  98.2456  9.91189
5  1.66504  100  10
5  1.69646  98.3051  9.91489
5  1.72788  97.1014  9.85401
5  1.75929  94.7368  9.73329
5  1.79071  100  10
5  1.82212  98.3871  9.91903
5  1.85354  100  10
5  1.88496  94.5205  9.72217
5  1.91637  95.0617  9.74996
5  1.94779  94.9153  9.74245
5  1.9792  96.5517  9.82607
5  2.01062  96.7391  9.83561
5  2.04204  90  9.48683
5  2.07345  89.2157  9.44541
5  2.10487  67.1053  8.19178
5  2.13628  56.1644  7.49429
5  2.1677  19.802  4.44994
5  2.19911  10  3.16228
5  2.23053  0  0
5  2.26195  0  0
5  2.29336  0  0
5  2.32478  0  0
5  2.35619  0  0
5  2.38761  0  0
5  2.41903  0  0
5  2.45044  0  0
5  2.48186  0  0
5  2.51327  0  0
5  2.54469  0  0
5  2.57611  0  0
5  2.60752  0  0
5  2.63894  0  0
5  2.67035  0  0
5  2.70177  0  0
5  2.73319  0  0
5  2.7646  0  0
5  2.79602  0  0
5  2.82743  0  0
5  2.85885  0  0
5  2.89027  0  0
5  2.92168  0  0
5  2.9531  0  0
5  2.98451  0  0
5  3.01593  0  0
5  3.04734  0  0
5  3.07876  0  0
5  3.11018  0  0
5.25  0  0  0
5.25  0.0314159  0  0
5.25  0.0628319  0  0
5.25  0.0942478  0  0
5.25  0.125664  0  0
5.25  0.15708  0  0
5.25  0.188496  0  0
5.25  0.219911  0  0
5.25  0.251327  0  0
5.25  0.282743  0  0
5.25  0.314159  0  0
5.25  0.345575  0  0
5.25  0.376991  0  0
5.25  0.408407  0  0
5.25  0.439823  0  0
5.25  0.471239  0  0
5.25  0.502655  0  0
5.25  0.534071  0  0
5.25  0.565487  0  0
5.25  0.596903  0  0
5.25  0.628319  0  0
5.25  0.659734  0  0
5.25  0.69115  0  0
5.25  0.722566  0  0
5.25  0.753982  0  0
5.25  0.785398  0  0
5.25  0.816814  0  0
5.25  0.84823  12.0482  3.47105
5.25  0.879646  43.6782  6.60895
5.25  0.911062  72.7273  8.52803
5.25  0.942478  93.8272  9.68644
5.25  0.973894  96.1905  9.80767
5.25  1.00531  96.2963  9.81307
5.25  1.03673  91.8605  9.58439
5.25  1.06814  97.561  9.8773
5.25  1.09956  94.0476  9.69782
5.25  1.13097  92.4242  9.61375
5.25  1.16239  97.1831  9.85815
5.25  1.19381  100  10
5.25  1.22522  98.5507  9.92727
5.25  1.25664  100  10
5.25  1.28805  96.7742  9.83739
5.25  1.31947  100  10
5.25  1.35088  98.6667  9.93311
5.25  1.3823  98.0392  9.90148
5.25  1.41372  100  10
5.25  1.44513  100  10
5.25  1.47655  100  10
5.25  1.50796  100  10
5.25  1.53938  100  10
5.25  1.5708  98.2456  9.91189
5.25  1.60221  98.5507  9.92727
5.25  1.63363  98.1481  9.90697
5.25  1.66504  98.1132  9.90521
5.25  1.69646  97.1831  9.85815
5.25  1.72788  100  10
5.25  1.75929  98.6486  9.9322
5.25  1.79071  100  10
5.25  1.82212  97.1014  9.85401
5.25  1.85354  97.3333  9.86577
5.25  1.88496  96  9.79796
5.25  1.91637  95.2381  9.759
5.25  1.94779  89.8305  9.4779
5.25  1.9792  98.3607  9.91769
5.25  2.01062  91.25  9.55249
5.25  2.04204  93.6709  9.67837
5.25  2.07345  90.8046  9.52914
5.25  2.10487  94.6667  9.72968
5.25  2.13628  92.7083  9.62852
5.25  2.1677  90  9.48683
5.25  2.19911  63.3028  7.9563
5.25  2.23053  48.8095  6.98638
5.25  2.26195  14.1304  3.75905
5.25  2.29336  1.2987  1.13961
5.25  2.32478  1.17647  1.08465
5.25  2.35619  0  0
5.25  2.38761  0  0
5.25  2.41903  0  0
5.25  2.45044  0  0
5.25  2.48186  0  0
5.25  2.51327  0  0
5.25  2.54469  0  0
5.25  2.57611  0  0
5.25  2.60752  0  0
5.25  2.63894  0  0
5.25  2.67035  0  0
5.25  2.70177  0  0
5.25  2.73319  0  0
5.25  2.7646  0  0
5.25  2.79602  0  0
5.25  2.82743  0  0
5.25  2.85885  0  0
5.25  2.89027  0  0
5.25  2.92168  0  0
5.25  2.9531  0  0
5.25  2.98451  0  0
5.25  3.01593  0  0
5.25  3.04734  0  0
5.25  3.07876  0  0
5.25  3.11018  0  0
5.5  0  0  0
5.5  0.0314159  0  0
5.5  0.0628319  0  0
5.5  0.0942478  0  0
5.5  0.125664  0  0
5.5  0.15708  0  0
5.5  0.188496  0  0
5.5  0.219911  0  0
5.5  0.251327  0  0
5.5  0.282743  0  0
5.5  0.314159  0  0
5.5  0.345575  0  0
5.5  0.376991  0  0
5.5  0.408407  0  0
5.5  0.439823  0  0
5.5  0.471239  0  0
5.5  0.502655  0  0
5.5  0.534071  0  0
5.5  0.565487  0  0
5.5  0.596903  0  0
5.5  0.628319  0  0
5.5  0.659734  0  0
5.5  0.69115  0  0
5.5  0.722566  1.5873  1.25988
5.5  0.753982  4.47761  2.11604
5.5  0.785398  22.9167  4.78714
5.5  0.816814  51.25  7.15891
5.5  0.84823  79.8077  8.93352
5.5  0.879646  94.3396  9.71286
5.5  0.911062  92.8571  9.63624
5.5  0.942478  91.0112  9.53998
5.5  0.973894  94.382  9.71504
5.5  1.00531  94.1176  9.70143
5.5  1.03673  94.7368  9.73329
5.5  1.06814  96.3855  9.81761
5.5  1.09956  88.1356  9.38806
5.5  1.13097  97.2222  9.86013
5.5  1.16239  96.5517  9.82607
5.5  1.19381  95.5224  9.77356
5.5  1.22522  94.2029  9.70582
5.5  1.25664  98.6486  9.9322
5.5  1.28805  95.5882  9.77692
5.5  1.31947  98.5294  9.9262
5.5  1.35088  100  10
5.5  1.3823  97.4026  9.86928
5.5  1.41372  100  10
5.5  1.44513  98.3333  9.91632
5.5  1.47655  100  10
5.5  1.50796  98.4848  9.92395
5.5  1.53938  98.2456  9.91189
5.5  1.5708  100  10
5.5  1.60221  100  10
5.5  1.63363  100  10
5.5  1.66504  100  10
5.5  1.69646  100  10
5.5  1.72788  96.7742  9.83739
5.5  1.75929  98.3871  9.91903
5.5  1.79071  98.3051  9.91489
5.5  1.82212  98.7013  9.93485
5.5  1.85354  97.1014  9.85401
5.5  1.88496  98.4127  9.92032
5.5  1.91637  95.2941  9.76187
5.5  1.94779  94.4444  9.71825
5.5  1.9792  98.7179  9.93569
5.5  2.01062  96.0526  9.80064
5.5  2.04204  98.6842  9.93399
5.5  2.07345  95.0617  9.74996
5.5  2.10487  92.4731  9.61629
5.5  2.13628  94.6667  9.72968
5.5  2.1677  92.1348  9.59869
5.5  2.19911  89.4737  9.45905
5.5  2.23053  87.9121  9.37614
5.5  2.26195  85.4167  9.24211
5.5  2.29336  50  7.07107
5.5  2.32478  24.359  4.93548
5.5  2.35619  2.40964  1.5523
5.5  2.38761  0  0
5.5  2.41903  0  0
5.5  2.45044  0  0
5.5  2.48186  0  0
5.5  2.51327  0  0
5.5  2.54469  0  0
5.5  2.57611  0  0
5.5  2.60752  4.34783  2.08514
5.5  2.63894  0  0
5.5  2.67035  0  0
5.5  2.70177  0  0
5.5  2.73319  0  0
5.5  2.7646  0  0
5.5  2.79602  0  0
5.5  2.82743  0  0
5.5  2.85885  0  0
5.5  2.89027  0  0
5.5  2.92168  0  0
5.5  2.9531  0  0
5.5  2.98451  0  0
5.5  3.01593  0  0
5.5  3.04734  0  0
5.5  3.07876  0  0
5.5  3.11018  0  0
5.75  0  0  0
5.75  0.0314159  0  0
5.75  0.0628319  0  0
5.75  0.0942478  0  0
5.75  0.125664  0  0
5.75  0.15708  0  0
5.75  0.188496  0  0
5.75  0.219911  0  0
5.75  0.251327  0  0
5.75  0.282743  0  0
5.75  0.314159  0  0
5.75  0.345575  0  0
5.75  0.376991  0  0
5.75  0.408407  0  0
5.75  0.439823  0  0
5.75  0.471239  0  0
5.75  0.502655  0  0
5.75  0.534071  0  0
5.75  0.565487  0  0
5.75  0.596903  0  0
5.75  0.628319  0  0
5.75  0.659734  0  0
5.75  0.69115  1.5625  1.25
5.75  0.722566  14.5161  3.81
5.75  0.753982  46.0674  6.7873
5.75  0.785398  75.2688  8.67576
5.75  0.816814  91.8605  9.58439
5.75  0.84823  96.6292  9.83002
5.75  0.879646  95.2941  9.76187
5.75  0.911062  94.5205  9.72217
5.75  0.942478  94.0476  9.69782
5.75  0.973894  95.4023  9.76741
5.75  1.00531  94.0594  9.69842
5.75  1.03673  94.2857  9.71008
5.75  1.06814  97.4359  9.87096
5.75  1.09956  88.5714  9.41124
5.75  1.13097  97.3333  9.86577
5.75  1.16239  98.3871  9.91903
5.75  1.19381  95.082  9.751
5.75  1.22522  97.1014  9.85401
5.75  1.25664  100  10
5.75  1.28805  100  10
5.75  1.31947  98.7805  9.93884
5.75  1.35088  93.75  9.68246
5.75  1.3823  96.6667  9.83192
5.75  1.41372  100  10
5.75  1.44513  100  10
5.75  1.47655  95.8333  9.78945
5.75  1.50796  100  10
5.75  1.53938  100  10
5.75  1.5708  100  10
5.75  1.60221  98.1132  9.90521
5.75  1.63363  100  10
5.75  1.66504  96.9231  9.84495
5.75  1.69646  98.6111  9.93031
5.75  1.72788  98.3051  9.91489
5.75  1.75929  98.5915  9.92933
5.75  1.79071  98.5294  9.9262
5.75  1.82212  96.8254  9.83999
5.75  1.85354  98.8506  9.94236
5.75  1.88496  97.0149  9.84962
5.75  1.91637  93.6508  9.67733
5.75  1.94779  96.2963  9.81307
5.75  1.9792  95  9.74679
5.75  2.01062  92.0635  9.59497
5.75  2.04204  95.2941  9.76187
5.75  2.07345  95  9.74679
5.75  2.10487  92.5  9.61769
5.75  2.13628  96.4706  9.82194
5.75  2.1677  94.4444  9.71825
5.75  2.19911  90.7895  9.52835
5.75  2.23053  90.2174  9.49828
5.75  2.26195  91.358  9.55814
5.75  2.29336  80.2083  8.95591
5.75  2.32478  85.2273  9.23186
5.75  2.35619  43.2836  6.57903
5.75  2.38761  13.9241  3.73149
5.75  2.41903  2.73973  1.65521
5.75  2.45044  0  0
5.75  2.48186  0  0
5.75  2.51327  0  0
5.75  2.54469  0  0
5.75  2.57611  0  0
5.75  2.60752  0  0
5.75  2.63894  0  0
5.75  2.67035  0  0
5.75  2.70177  0  0
5.75  2.73319  0  0
5.75  2.7646  0  0
5.75  2.79602  0  0
5.75  2.82743  0  0
5.75  2.85885  0  0
5.75  2.89027  0  0
5.75  2.92168  0  0
5.75  2.9531  0  0
5.75  2.98451  0  0
5.75  3.01593  0  0
5.75  3.04734  0  0
5.75  3.07876  0  0
5.75  3.11018  0  0
6  0  0  0
6  0.0314159  0  0
6  0.0628319  0  0
6  0.0942478  0  0
6  0.125664  0  0
6  0.15708  0  0
6  0.188496  0  0
6  0.219911  0  0
6  0.251327  0  0
6  0.282743  0  0
6  0.314159  0  0
6  0.345575  0  0
6  0.376991  0  0
6  0.408407  0  0
6  0.439823  0  0
6  0.471239  0  0
6  0.502655  0  0
6  0.534071  0  0
6  0.565487  0  0
6  0.596903  0  0
6  0.628319  0  0
6  0.659734  1.88679  1.37361
6  0.69115  32.7586  5.72351
6  0.722566  64.7059  8.044
6  0.753982  90.3226  9.50382
6  0.785398  91.954  9.58927
6  0.816814  87.8049  9.37043
6  0.84823  92.0635  9.59497
6  0.879646  91.2088  9.55033
6  0.911062  93.0233  9.64486
6  0.942478  94.6809  9.73041
6  0.973894  93.75  9.68246
6  1.00531  96.7391  9.83561
6  1.03673  93.9759  9.69412
6  1.06814  97.1429  9.85611
6  1.09956  92.3077  9.60769
6  1.13097  95.5224  9.77356
6  1.16239  100  10
6  1.19381  100  10
6  1.22522  100  10
6  1.25664  96.9231  9.84495
6  1.28805  100  10
6  1.31947  95.122  9.75305
6  1.35088  92.5373  9.61963
6  1.3823  96.7213  9.8347
6  1.41372  100  10
6  1.44513  98.4375  9.92157
6  1.47655  100  10
6  1.50796  100  10
6  1.53938  100  10
6  1.5708  100  10
6  1.60221  100  10
6  1.63363  98.7013  9.93485
6  1.66504  100  10
6  1.69646  100  10
6  1.72788  97.0588  9.85184
6  1.75929  98.2456  9.91189
6  1.79071  97.1831  9.85815
6  1.82212  95.1613  9.75506
6  1.85354  100  10
6  1.88496  100  10
6  1.91637  96.6292  9.83002
6  1.94779  100  10
6  1.9792  97.1014  9.85401
6  2.01062  94.8052  9.7368
6  2.04204  97.3333  9.86577
6  2.07345  98.2759  9.91342
6  2.10487  98.6111  9.93031
6  2.13628  93.0233  9.64486
6  2.1677  95.7895  9.78721
6  2.19911  95.8763  9.79164
6  2.23053  97.3684  9.86754
6  2.26195  92.8571  9.63624
6  2.29336  90  9.48683
6  2.32478  90.6977  9.52353
6  2.35619  90.7895  9.52835
6  2.38761  60.6061  7.78499
6  2.41903  27.4194  5.23635
6  2.45044  4.91803  2.21766
6  2.48186  0  0
6  2.51327  0  0
6  2.54469  0  0
6  2.57611  0  0
6  2.60752  0  0
6  2.63894  0  0
6  2.67035  0  0
6  2.70177  0  0
6  2.73319  0  0
6  2.7646  0  0
6  2.79602  0  0
6  2.82743  0  0
6  2.85885  0  0
6  2.89027  0  0
6  2.92168  0  0
6  2.9531  0  0
6  2.98451  0  0
6  3.01593  0  0
6  3.04734  0  0
6  3.07876  0  0
6  3.11018  0  0
6.25  0  0  0
6.25  0.0314159  0  0
6.25  0.0628319  0  0
6.25  0.0942478  0  0
6.25  0.125664  0  0
6.25  0.15708  0  0
6.25  0.188496  0  0
6.25  0.219911  0  0
6.25  0.251327  0  0
6.25  0.282743  0  0
6.25  0.314159  0  0
6.25  0.345575  0  0
6.25  0.376991  0  0
6.25  0.408407  0  0
6.25  0.439823  0  0
6.25  0.471239  0  0
6.25  0.502655  0  0
6.25  0.534071  0  0
6.25  0.565487  0  0
6.25  0.596903  0  0
6.25  0.628319  12.8205  3.58057
6.25  0.659734  38.1818  6.17914
6.25  0.69115  67.6923  8.22753
6.25  0.722566  95.5224  9.77356
6.25  0.753982  94.2029  9.70582
6.25  0.785398  89.7436  9.47331
6.25  0.816814  93.1818  9.65307
6.25  0.84823  89.8734  9.48016
6.25  0.879646  95.0617  9.74996
6.25  0.911062  91.7808  9.58023
6.25  0.942478  94  9.69536
6.25  0.973894  90.2174  9.49828
6.25  1.00531  94.8718  9.74022
6.25  1.03673  95.8904  9.79236
6.25  1.06814  93.75  9.68246
6.25  1.09956  94.7368  9.73329
6.25  1.13097  95.6522  9.78019
6.25  1.16239  97.561  9.8773
6.25  1.19381  97.0149  9.84962
6.25  1.22522  94.6667  9.72968
6.25  1.25664  96.25  9.81071
6.25  1.28805  94.6429  9.72846
6.25  1.31947  100  10
6.25  1.35088  95.6522  9.78019
6.25  1.3823  98  9.89949
6.25  1.41372  98.2456  9.91189
6.25  1.44513  100  10
6.25  1.47655  100  10
6.25  1.50796  98.75  9.9373
6.25  1.53938  100  10
6.25  1.5708  100  10
6.25  1.60221  100  10
6.25  1.63363  100  10
6.25  1.66504  96.1538  9.80581
6.25  1.69646  100  10
6.25  1.72788  98.4375  9.92157
6.25  1.75929  97.5309  9.87577
6.25  1.79071  100  10
6.25  1.82212  95  9.74679
6.25  1.85354  96.6667  9.83192
6.25  1.88496  95.8333  9.78945
6.25  1.91637  95.3846  9.7665
6.25  1.94779  97.4359  9.87096
6.25  1.9792  95.9459  9.7952
6.25  2.01062  95.7447  9.78492
6.25  2.04204  90.2778  9.50146
6.25  2.07345  97.2603  9.86206
6.25  2.10487  93.617  9.67559
6.25  2.13628  94.7368  9.73329
6.25  2.1677  89.4118  9.45578
6.25  2.19911  94.8454  9.73886
6.25  2.23053  96.3964  9.81817
6.25  2.26195  89.2473  9.44708
6.25  2.29336  91.2088  9.55033
6.25  2.32478  92.7536  9.63087
6.25  2.35619  86.5672  9.30415
6.25  2.38761  88.2353  9.39336
6.25  2.41903  78.5714  8.86405
6.25  2.45044  48  6.9282
6.25  2.48186  12.5  3.53553
6.25  2.51327  0  0
6.25  2.54469  0  0
6.25  2.57611  0  0
6.25  2.60752  0  0
6.25  2.63894  0  0
6.25  2.67035  0  0
6.25  2.70177  0  0
6.25  2.73319  0  0
6.25  2.7646  0  0
6.25  2.79602  0  0
6.25  2.82743  0  0
6.25  2.85885  0  0
6.25  2.89027  0  0
6.25  2.92168  0  0
6.25  2.9531  0  0
6.25  2.98451  0  0
6.25  3.01593  0  0
6.25  3.04734  0  0
6.25  3.07876  0  0
6.25  3.11018  0  0
6.5  0  0  0
6.5  0.0314159  0  0
6.5  0.0628319  0  0
6.5  0.0942478  0  0
6.5  0.125664  0  0
6.5  0.15708  0  0
6.5  0.188496  0  0
6.5  0.219911  0  0
6.5  0.251327  0  0
6.5  0.282743  0  0
6.5  0.314159  0  0
6.5  0.345575  0  0
6.5  0.376991  0  0
6.5  0.408407  0  0
6.5  0.439823  0  0
6.5  0.471239  0  0
6.5  0.502655  0  0
6.5  0.534071  0  0
6.5  0.565487  0  0
6.5  0.596903  17.3913  4.17029
6.5  0.628319  53.4884  7.31357
6.5  0.659734  80.9524  8.99735
6.5  0.69115  80.8511  8.99172
6.5  0.722566  87.5  9.35414
6.5  0.753982  91.6667  9.57427
6.5  0.785398  95.3125  9.76281
6.5  0.816814  94.6667  9.72968
6.5  0.84823  95.1923  9.75665
6.5  0.879646  94.4444  9.71825
6.5  0.911062  98.8372  9.94169
6.5  0.942478  93.9759  9.69412
6.5  0.973894  98.8095  9.9403
6.5  1.00531  92.4731  9.61629
6.5  1.03673  92.5373  9.61963
6.5  1.06814  93.4211  9.66546
6.5  1.09956  98.7013  9.93485
6.5  1.13097  98.7654  9.93808
6.5  1.16239  97.4359  9.87096
6.5  1.19381  98.7654  9.93808
6.5  1.22522  95.6522  9.78019
6.5  1.25664  100  10
6.5  1.28805  97.4359  9.87096
6.5  1.31947  98.4848  9.92395
6.5  1.35088  100  10
6.5  1.3823  97.0149  9.84962
6.5  1.41372  100  10
6.5  1.44513  98.5507  9.92727
6.5  1.47655  100  10
6.5  1.50796  100  10
6.5  1.53938  100  10
6.5  1.5708  100  10
6.5  1.60221  100  10
6.5  1.63363  100  10
6.5  1.66504  100  10
6.5  1.69646  100  10
6.5  1.72788  98.5915  9.92933
6.5  1.75929  98.2759  9.91342
6.5  1.79071  100  10
6.5  1.82212  96.6102  9.82905
6.5  1.85354  100  10
6.5  1.88496  100  10
6.5  1.91637  98.5714  9.92831
6.5  1.94779  91.358  9.55814
6.5  1.9792  96.1039  9.80326
6.5  2.01062  92.8571  9.63624
6.5  2.04204  91.1765  9.54864
6.5  2.07345  96.3415  9.81537
6.5  2.10487  95.0495  9.74933
6.5  2.13628  96.2025  9.80829
6.5  2.1677  96.2963  9.81307
6.5  2.19911  92.9293  9.63998
6.5  2.23053  95  9.74679
6.5  2.26195  90.2439  9.49968
6.5  2.29336  92.3077  9.60769
6.5  2.32478  89.0411  9.43616
6.5  2.35619  85.7143  9.2582
6.5  2.38761  95.5882  9.77692
6.5  2.41903  79.3103  8.90564
6.5  2.45044  76.9231  8.77058
6.5  2.48186  54.386  7.37468
6.5  2.51327  8.33333  2.88675
6.5  2.54469  0  0
6.5  2.57611  0  0
6.5  2.60752  0  0
6.5  2.63894  0  0
6.5  2.67035  0  0
6.5  2.70177  0  0
6.5  2.73319  0  0
6.5  2.7646  0  0
6.5  2.79602  0  0
6.5  2.82743  0  0
6.5  2.85885  0  0
6.5  2.89027  0  0
6.5  2.92168  0  0
6.5  2.9531  0  0
6.5  2.98451  0  0
6.5  3.01593  0  0
6.5  3.04734  0  0
6.5  3.07876  0  0
6.5  3.11018  0  0
6.75  0  0  0
6.75  0.0314159  0  0
6.75  0.0628319  0  0
6.75  0.0942478  0  0
6.75  0.125664  0  0
6.75  0.15708  0  0
6.75  0.188496  0  0
6.75  0.219911  0  0
6.75  0.251327  0  0
6.75  0.282743  0  0
6.75  0.314159  0  0
6.75  0.345575  0  0
6.75  0.376991  0  0
6.75  0.408407  0  0
6.75  0.439823  0  0
6.75  0.471239  0  0
6.75  0.502655  0  0
6.75  0.534071  6.25  2.5
6.75  0.565487  2.7027  1.64399
6.75  0.596903  41.4634  6.43921
6.75  0.628319  73.4694  8.57143
6.75  0.659734  92.8571  9.63624
6.75  0.69115  94.0299  9.6969
6.75  0.722566  92.3077  9.60769
6.75  0.753982  84.3373  9.18354
6.75  0.785398  95.5056  9.7727
6.75  0.816814  91.1111  9.54521
6.75  0.84823  88.5714  9.41124
6.75  0.879646  93.0693  9.64724
6.75  0.911062  93.5065  9.66988
6.75  0.942478  89.6907  9.47052
6.75  0.973894  94.5652  9.72446
6.75  1.00531  91.954  9.58927
6.75  1.03673  93.75  9.68246
6.75  1.06814  93.3333  9.66092
6.75  1.09956  97.2973  9.86394
6.75  1.13097  98.6486  9.9322
6.75  1.16239  96.5517  9.82607
6.75  1.19381  96.5517  9.82607
6.75  1.22522  96.8254  9.83999
6.75  1.25664  98.1481  9.90697
6.75  1.28805  100  10
6.75  1.31947  97.3333  9.86577
6.75  1.35088  98.5507  9.92727
6.75  1.3823  98.2759  9.91342
6.75  1.41372  100  10
6.75  1.44513  100  10
6.75  1.47655  100  10
6.75  1.50796  100  10
6.75  1.53938  100  10
6.75  1.5708  100  10
6.75  1.60221  100  10
6.75  1.63363  100  10
6.75  1.66504  95.5882  9.77692
6.75  1.69646  98.6486  9.9322
6.75  1.72788  98.4375  9.92157
6.75  1.75929  98.3871  9.91903
6.75  1.79071  97.1429  9.85611
6.75  1.82212  96.8254  9.83999
6.75  1.85354  100  10
6.75  1.88496  97.3333  9.86577
6.75  1.91637  96.6102  9.82905
6.75  1.94779  95.9459  9.7952
6.75  1.9792  93.75  9.68246
6.75  2.01062  97.1831  9.85815
6.75  2.04204  94.5946  9.72598
6.75  2.07345  88.8889  9.42809
6.75  2.10487  89.1892  9.444
6.75  2.13628  97.4026  9.86928
6.75  2.1677  97.619  9.88024
6.75  2.19911  96.4602  9.82141
6.75  2.23053  92.5532  9.62046
6.75  2.26195  92.1348  9.59869
6.75  2.29336  93.9024  9.69033
6.75  2.32478  91.0256  9.54074
6.75  2.35619  90.9091  9.53463
6.75  2.38761  91.8033  9.5814
6.75  2.41903  77.7778  8.81917
6.75  2.45044  86.5385  9.30261
6.75  2.48186  84.2105  9.17663
6.75  2.51327  43.1818  6.57129
6.75  2.54469  13.3333  3.65148
6.75  2.57611  0  0
6.75  2.60752  0  0
6.75  2.63894  0  0
6.75  2.67035  0  0
6.75  2.70177  0  0
6.75  2.73319  0  0
6.75  2.7646  0  0
6.75  2.79602  0  0
6.75  2.82743  0  0
6.75  2.85885  0  0
6.75  2.89027  0  0
6.75  2.92168  0  0
6.75  2.9531  0  0
6.75  2.98451  0  0
6.75  3.01593  0  0
6.75  3.04734  0  0
6.75  3.07876  0  0
6.75  3.11018  0  0
7  0  0  0
7  0.0314159  0  0
7  0.0628319  0  0
7  0.0942478  0  0
7  0.125664  0  0
7  0.15708  0  0
7  0.188496  0  0
7  0.219911  0  0
7  0.251327  0  0
7  0.282743  0  0
7  0.314159  0  0
7  0.345575  0  0
7  0.376991  0  0
7  0.408407  0  0
7  0.439823  0  0
7  0.471239  0  0
7  0.502655  4.16667  2.04124
7  0.534071  5.55556  2.35702
7  0.565487  42.8571  6.54654
7  0.596903  76.9231  8.77058
7  0.628319  83.6735  9.14732
7  0.659734  88.1356  9.38806
7  0.69115  90.4762  9.5119
7  0.722566  82.716  9.09484
7  0.753982  88.5714  9.41124
7  0.785398  87.7358  9.36674
7  0.816814  89.5833  9.46485
7  0.84823  84.466  9.19054
7  0.879646  91.5789  9.56969
7  0.911062  87.9121  9.37614
7  0.942478  95.7895  9.78721
7  0.973894  93.4211  9.66546
7  1.00531  93.5897  9.67418
7  1.03673  97.7273  9.88571
7  1.06814  93.4211  9.66546
7  1.09956  96.2963  9.81307
7  1.13097  97.4026  9.86928
7  1.16239  98.6486  9.9322
7  1.19381  93.9394  9.69223
7  1.22522  100  10
7  1.25664  97.3333  9.86577
7  1.28805  98.6486  9.9322
7  1.31947  98.7952  9.93958
7  1.35088  98.4375  9.92157
7  1.3823  98.5294  9.9262
7  1.41372  95.7143  9.78337
7  1.44513  98.6486  9.9322
7  1.47655  100  10
7  1.50796  100  10
7  1.53938  100  10
7  1.5708  100  10
7  1.60221  100  10
7  1.63363  100  10
7  1.66504  100  10
7  1.69646  98.3871  9.91903
7  1.72788  98.5714  9.92831
7  1.75929  100  10
7  1.79071  98.2759  9.91342
7  1.82212  96.8254  9.83999
7  1.85354  90.1639  9.49547
7  1.88496  92.9577  9.64146
7  1.91637  97.2477  9.86143
7  1.94779  95.4545  9.77008
7  1.9792  97.0149  9.84962
7  2.01062  94.5946  9.72598
7  2.04204  97.4359  9.87096
7  2.07345  93.2203  9.65507
7  2.10487  93.8776  9.68904
7  2.13628  97.9167  9.89529
7  2.1677  94.2529  9.70839
7  2.19911  96.1039  9.80326
7  2.23053  90.3614  9.50586
7  2.26195  94.1176  9.70143
7  2.29336  85.5072  9.24701
7  2.32478  91.4634  9.56365
7  2.35619  93.4211  9.66546
7  2.38761  88.7324  9.41979
7  2.41903  87.5  9.35414
7  2.45044  76.9231  8.77058
7  2.48186  89.3617  9.45313
7  2.51327  78.4314  8.85615
7  2.54469  35.2941  5.94089
7  2.57611  9.09091  3.01511
7  2.60752  0  0
7  2.63894  0  0
7  2.67035  0  0
7  2.70177  0  0
7  2.73319  0  0
7  2.7646  0  0
7  2.79602  0  0
7  2.82743  0  0
7  2.85885  0  0
7  2.89027  0  0
7  2.92168  0  0
7  2.9531  0  0
7  2.98451  0  0
7  3.01593  0  0
7  3.04734  0  0
7  3.07876  0  0
7  3.11018  0  0
7.25  0  0  0
7.25  0.0314159  0  0
7.25  0.0628319  0  0
7.25  0.0942478  0  0
7.25  0.125664  0  0
7.25  0.15708  0  0
7.25  0.188496  0  0
7.25  0.219911  0  0
7.25  0.251327  0  0
7.25  0.282743  0  0
7.25  0.314159  0  0
7.25  0.345575  0  0
7.25  0.376991  0  0
7.25  0.408407  0  0
7.25  0.439823  0  0
7.25  0.471239  0  0
7.25  0.502655  0  0
7.25  0.534071  25  5
7.25  0.565487  73.5294  8.57493
7.25  0.596903  78.5714  8.86405
7.25  0.628319  81.9672  9.05357
7.25  0.659734  87.5  9.35414
7.25  0.69115  89.3939  9.45484
7.25  0.722566  85.9649  9.27173
7.25  0.753982  86.5672  9.30415
7.25  0.785398  90  9.48683
7.25  0.816814  95  9.74679
7.25  0.84823  93.1034  9.64901
7.25  0.879646  93.1818  9.65307
7.25  0.911062  93.6842  9.67906
7.25  0.942478  96.1538  9.80581
7.25  0.973894  94.7368  9.73329
7.25  1.00531  95.4545  9.77008
7.25  1.03673  94.8052  9.7368
7.25  1.06814  92.6471  9.62533
7.25  1.09956  95.3125  9.76281
7.25  1.13097  97.1831  9.85815
7.25  1.16239  94.3396  9.71286
7.25  1.19381  96.9231  9.84495
7.25  1.22522  100  10
7.25  1.25664  94.2857  9.71008
7.25  1.28805  96.9697  9.84732
7.25  1.31947  100  10
7.25  1.35088  98.3333  9.91632
7.25  1.3823  98.4848  9.92395
7.25  1.41372  98.2759  9.91342
7.25  1.44513  100  10
7.25  1.47655  100  10
7.25  1.50796  100  10
7.25  1.53938  100  10
7.25  1.5708  100  10
7.25  1.60221  98.5075  9.92509
7.25  1.63363  100  10
7.25  1.66504  98.3607  9.91769
7.25  1.69646  98.3871  9.91903
7.25  1.72788  98.6111  9.93031
7.25  1.75929  98.3607  9.91769
7.25  1.79071  100  10
7.25  1.82212  95.2381  9.759
7.25  1.85354  98.5294  9.9262
7.25  1.88496  93.4211  9.66546
7.25  1.91637  95.7143  9.78337
7.25  1.94779  95.6522  9.78019
7.25  1.9792  100  10
7.25  2.01062  94.6667  9.72968
7.25  2.04204  94.7368  9.73329
7.25  2.07345  93.75  9.68246
7.25  2.10487  96.2025  9.80829
7.25  2.13628  96.5517  9.82607
7.25  2.1677  93.2039  9.65422
7.25  2.19911  90.5882  9.51779
7.25  2.23053  86.9565  9.32505
7.25  2.26195  88.3117  9.39743
7.25  2.29336  90  9.48683
7.25  2.32478  91.5663  9.56903
7.25  2.35619  84.8101  9.20924
7.25  2.38761  87.3418  9.34568
7.25  2.41903  88.7324  9.41979
7.25  2.45044  94.4444  9.71825
7.25  2.48186  78.5714  8.86405
7.25  2.51327  85.2941  9.23548
7.25  2.54469  67.5  8.21584
7.25  2.57611  26.4706  5.14496
7.25  2.60752  10.7143  3.27327
7.25  2.63894  0  0
7.25  2.67035  0  0
7.25  2.70177  0  0
7.25  2.73319  0  0
7.25  2.7646  0  0
7.25  2.79602  0  0
7.25  2.82743  0  0
7.25  2.85885  0  0
7.25  2.89027  0  0
7.25  2.92168  0  0
7.25  2.9531  0  0
7.25  2.98451  0  0
7.25  3.01593  0  0
7.25  3.04734  0  0
7.25  3.07876  0  0
7.25  3.11018  0  0
7.5  0  0  0
7.5  0.0314159  0  0
7.5  0.0628319  0  0
7.5  0.0942478  0  0
7.5  0.125664  0  0
7.5  0.15708  0  0
7.5  0.188496  0  0
7.5  0.219911  0  0
7.5  0.251327  0  0
7.5  0.282743  0  0
7.5  0.314159  0  0
7.5  0.345575  0  0
7.5  0.376991  4.34783  2.08514
7.5  0.408407  0  0
7.5  0.439823  5  2.23607
7.5  0.471239  0  0
7.5  0.502655  10.7143  3.27327
7.5  0.534071  72.5  8.51469
7.5  0.565487  81.8182  9.04534
7.5  0.596903  89.1892  9.444
7.5  0.628319  85.7143  9.2582
7.5  0.659734  86.9565  9.32505
7.5  0.69115  86.5672  9.30415
7.5  0.722566  89.8551  9.47919
7.5  0.753982  86.8421  9.31891
7.5  0.785398  96.25  9.81071
7.5  0.816814  95.122  9.75305
7.5  0.84823  89.899  9.48151
7.5  0.879646  94.0594  9.69842
7.5  0.911062  93.2432  9.65625
7.5  0.942478  92.1053  9.59715
7.5  0.973894  92.8571  9.63624
7.5  1.00531  92.9412  9.6406
7.5  1.03673  93.4783  9.66842
7.5  1.06814  98.8506  9.94236
7.5  1.09956  98.7654  9.93808
7.5  1.13097  95.0617  9.74996
7.5  1.16239  95.6522  9.78019
7.5  1.19381  98.4848  9.92395
7.5  1.22522  96.8254  9.83999
7.5  1.25664  95.3125  9.76281
7.5  1.28805  96.6102  9.82905
7.5  1.31947  96.4286  9.81981
7.5  1.35088  98.4375  9.92157
7.5  1.3823  98.6667  9.93311
7.5  1.41372  98.3333  9.91632
7.5  1.44513  100  10
7.5  1.47655  98.4127  9.92032
7.5  1.50796  100  10
7.5  1.53938  100  10
7.5  1.5708  100  10
7.5  1.60221  100  10
7.5  1.63363  98.4127  9.92032
7.5  1.66504  98.6486  9.9322
7.5  1.69646  98.4848  9.92395
7.5  1.72788  98.3333  9.91632
7.5  1.75929  96.875  9.84251
7.5  1.79071  95.8333  9.78945
7.5  1.82212  95.9459  9.7952
7.5  1.85354  100  10
7.5  1.88496  97.1014  9.85401
7.5  1.91637  98.7805  9.93884
7.5  1.94779  94.7368  9.73329
7.5  1.9792  96.0526  9.80064
7.5  2.01062  94.8718  9.74022
7.5  2.04204  96.1538  9.80581
7.5  2.07345  94.7368  9.73329
7.5  2.10487  95  9.74679
7.5  2.13628  96.2025  9.80829
7.5  2.1677  90.4255  9.50923
7.5  2.19911  88.6076  9.41316
7.5  2.23053  93.0693  9.64724
7.5  2.26195  91.1392  9.54669
7.5  2.29336  88.764  9.42147
7.5  2.32478  88.2353  9.39336
7.5  2.35619  88.7324  9.41979
7.5  2.38761  94.5455  9.72345
7.5  2.41903  84.127  9.17208
7.5  2.45044  90.3846  9.50708
7.5  2.48186  85.7143  9.2582
7.5  2.51327  80  8.94427
7.5  2.54469  84  9.16515
7.5  2.57611  64  8
7.5  2.60752  23.6842  4.86664
7.5  2.63894  0  0
7.5  2.67035  0  0
7.5  2.70177  0  0
7.5  2.73319  0  0
7.5  2.7646  0  0
7.5  2.79602  0  0
7.5  2.82743  0  0
7.5  2.85885  0  0
7.5  2.89027  0  0
7.5  2.92168  0  0
7.5  2.9531  0  0
7.5  2.98451  0  0
7.5  3.01593  0  0
7.5  3.04734  0  0
7.5  3.07876  0  0
7.5  3.11018  0  0
7.75  0  0  0
7.75  0.0314159  0  0
7.75  0.0628319  0  0
7.75  0.0942478  0  0
7.75  0.125664  0  0
7.75  0.15708  0  0
7.75  0.188496  0  0
7.75  0.219911  0  0
7.75  0.251327  0  0
7.75  0.282743  0  0
7.75  0.314159  0  0
7.75  0.345575  0  0
7.75  0.376991  0  0
7.75  0.408407  0  0
7.75  0.439823  0  0
7.75  0.471239  6.45161  2.54
7.75  0.502655  40  6.32456
7.75  0.534071  93.1034  9.64901
7.75  0.565487  86.0465  9.27613
7.75  0.596903  86.1111  9.27961
7.75  0.628319  84.7826  9.20775
7.75  0.659734  90.1961  9.49716
7.75  0.69115  86  9.27362
7.75  0.722566  92.1569  9.59984
7.75  0.753982  91.5663  9.56903
7.75  0.785398  88.8889  9.42809
7.75  0.816814  92.1348  9.59869
7.75  0.84823  87.3684  9.34711
7.75  0.879646  85.9649  9.27173
7.75  0.911062  94.9495  9.7442
7.75  0.942478  96.3415  9.81537
7.75  0.973894  92.4051  9.61276
7.75  1.00531  91.1392  9.54669
7.75  1.03673  97.7528  9.887
7.75  1.06814  95.4545  9.77008
7.75  1.09956  96.8254  9.83999
7.75  1.13097  97.7778  9.88826
7.75  1.16239  96.5517  9.82607
7.75  1.19381  94.4444  9.71825
7.75  1.22522  96.0526  9.80064
7.75  1.25664  97.2222  9.86013
7.75  1.28805  100  10
7.75  1.31947  100  10
7.75  1.35088  96.6667  9.83192
7.75  1.3823  97.2222  9.86013
7.75  1.41372  98.6842  9.93399
7.75  1.44513  100  10
7.75  1.47655  100  10
7.75  1.50796  100  10
7.75  1.53938  100  10
7.75  1.5708  100  10
7.75  1.60221  98.5294  9.9262
7.75  1.63363  98.7013  9.93485
7.75  1.66504  98.3333  9.91632
7.75  1.69646  98.4127  9.92032
7.75  1.72788  100  10
7.75  1.75929  97.0149  9.84962
7.75  1.79071  96.7742  9.83739
7.75  1.82212  100  10
7.75  1.85354  100  10
7.75  1.88496  100  10
7.75  1.91637  96.7742  9.83739
7.75  1.94779  94.3662  9.71423
7.75  1.9792  95.8333  9.78945
7.75  2.01062  97.4684  9.87261
7.75  2.04204  96.0526  9.80064
7.75  2.07345  95.122  9.75305
7.75  2.10487  95.7746  9.78645
7.75  2.13628  93.4783  9.66842
7.75  2.1677  88.75  9.42072
7.75  2.19911  91.8605  9.58439
7.75  2.23053  94.8454  9.73886
7.75  2.26195  95.122  9.75305
7.75  2.29336  94.3182  9.71175
7.75  2.32478  89.2857  9.44911
7.75  2.35619  92.5373  9.61963
7.75  2.38761  87.3418  9.34568
7.75  2.41903  82.6923  9.09353
7.75  2.45044  78.4314  8.85615
7.75  2.48186  93.0233  9.64486
7.75  2.51327  81.5789  9.03211
7.75  2.54469  83.871  9.15811
7.75  2.57611  71.875  8.47791
7.75  2.60752  55.1724  7.42781
7.75  2.63894  22.2222  4.71405
7.75  2.67035  0  0
7.75  2.70177  0  0
7.75  2.73319  0  0
7.75  2.7646  5.26316  2.29416
7.75  2.79602  0  0
7.75  2.82743  0  0
7.75  2.85885  0  0
7.75  2.89027  0  0
7.75  2.92168  0  0
7.75  2.9531  0  0
7.75  2.98451  0  0
7.75  3.01593  0  0
7.75  3.04734  0  0
7.75  3.07876  0  0
7.75  3.11018  0  0
8  0  0  0
8  0.0314159  0  0
8  0.0628319  0  0
8  0.0942478  0  0
8  0.125664  0  0
8  0.15708  0  0
8  0.188496  0  0
8  0.219911  0  0
8  0.251327  0  0
8  0.282743  0  0
8  0.314159  0  0
8  0.345575  0  0
8  0.376991  0  0
8  0.408407  0  0
8  0.439823  0  0
8  0.471239  24  4.89898
8  0.502655  76.1905  8.72872
8  0.534071  84.375  9.18559
8  0.565487  85.7143  9.2582
8  0.596903  71.4286  8.45154
8  0.628319  84.0909  9.17011
8  0.659734  85.4545  9.24416
8  0.69115  88.5714  9.41124
8  0.722566  93.8462  9.68742
8  0.753982  91.25  9.55249
8  0.785398  89.2857  9.44911
8  0.816814  83.1579  9.1191
8  0.84823  90.6667  9.5219
8  0.879646  95.1456  9.75426
8  0.911062  90.6667  9.5219
8  0.942478  93.6364  9.67659
8  0.973894  92.7711  9.63177
8  1.00531  93.5065  9.66988
8  1.03673  90.7895  9.52835
8  1.06814  97.1831  9.85815
8  1.09956  93.0233  9.64486
8  1.13097  98.4615  9.92278
8  1.16239  95.6044  9.77775
8  1.19381  95.8904  9.79236
8  1.22522  97.4684  9.87261
8  1.25664  97.5904  9.87878
8  1.28805  98.4615  9.92278
8  1.31947  97.561  9.8773
8  1.35088  100  10
8  1.3823  96.4912  9.82299
8  1.41372  100  10
8  1.44513  100  10
8  1.47655  100  10
8  1.50796  98.2143  9.91031
8  1.53938  100  10
8  1.5708  100  10
8  1.60221  98.2143  9.91031
8  1.63363  100  10
8  1.66504  100  10
8  1.69646  100  10
8  1.72788  100  10
8  1.75929  98.8235  9.941
8  1.79071  96.6667  9.83192
8  1.82212  98.7013  9.93485
8  1.85354  98.4848  9.92395
8  1.88496  98.5294  9.9262
8  1.91637  95.2381  9.759
8  1.94779  96.9697  9.84732
8  1.9792  97.5  9.87421
8  2.01062  94.8052  9.7368
8  2.04204  90.4762  9.5119
8  2.07345  94.5946  9.72598
8  2.10487  92.5  9.61769
8  2.13628  95.1456  9.75426
8  2.1677  93.8272  9.68644
8  2.19911  93.0435  9.6459
8  2.23053  95.2381  9.759
8  2.26195  88.2979  9.39669
8  2.29336  96  9.79796
8  2.32478  87.6543  9.36239
8  2.35619  89.3333  9.45163
8  2.38761  85.8824  9.26727
8  2.41903  91.2281  9.55134
8  2.45044  85.1852  9.22958
8  2.48186  87.2727  9.34199
8  2.51327  78.6885  8.87066
8  2.54469  80.9524  8.99735
8  2.57611  84  9.16515
8  2.60752  73.3333  8.56349
8  2.63894  8  2.82843
8  2.67035  0  0
8  2.70177  0  0
8  2.73319  0  0
8  2.7646  0  0
8  2.79602  0  0
8  2.82743  0  0
8  2.85885  0  0
8  2.89027  0  0
8  2.92168  0  0
8  2.9531  0  0
8  2.98451  0  0
8  3.01593  0  0
8  3.04734  0  0
8  3.07876  0  0
8  3.11018  0  0
8.25  0  0  0
8.25  0.0314159  0  0
8.25  0.0628319  0  0
8.25  0.0942478  0  0
8.25  0.125664  0  0
8.25  0.15708  0  0
8.25  0.188496  0  0
8.25  0.219911  0  0
8.25  0.251327  0  0
8.25  0.282743  0  0
8.25  0.314159  0  0
8.25  0.345575  0  0
8.25  0.376991  0  0
8.25  0.408407  0  0
8.25  0.439823  4.34783  2.08514
8.25  0.471239  47.619  6.90066
8.25  0.502655  67.8571  8.23754
8.25  0.534071  87.0968  9.33257
8.25  0.565487  84.375  9.18559
8.25  0.596903  85.7143  9.2582
8.25  0.628319  90.3846  9.50708
8.25  0.659734  85.7143  9.2582
8.25  0.69115  86.4407  9.29735
8.25  0.722566  91.25  9.55249
8.25  0.753982  88.1579  9.38924
8.25  0.785398  91.25  9.55249
8.25  0.816814  90.6977  9.52353
8.25  0.84823  96.2264  9.80951
8.25  0.879646  97.3333  9.86577
8.25  0.911062  90.625  9.51972
8.25  0.942478  88.2353  9.39336
8.25  0.973894  95.4023  9.76741
8.25  1.00531  95.4023  9.76741
8.25  1.03673  94.8718  9.74022
8.25  1.06814  94.5205  9.72217
8.25  1.09956  92.4731  9.61629
8.25  1.13097  92  9.59166
8.25  1.16239  90.7692  9.52729
8.25  1.19381  95.6522  9.78019
8.25  1.22522  97.2603  9.86206
8.25  1.25664  95.5882  9.77692
8.25  1.28805  98.5714  9.92831
8.25  1.31947  95.9459  9.7952
8.25  1.35088  98.1481  9.90697
8.25  1.3823  100  10
8.25  1.41372  98.1132  9.90521
8.25  1.44513  100  10
8.25  1.47655  100  10
8.25  1.50796  100  10
8.25  1.53938  100  10
8.25  1.5708  100  10
8.25  1.60221  100  10
8.25  1.63363  100  10
8.25  1.66504  100  10
8.25  1.69646  100  10
8.25  1.72788  94.8718  9.74022
8.25  1.75929  100  10
8.25  1.79071  100  10
8.25  1.82212  95  9.74679
8.25  1.85354  98.5915  9.92933
8.25  1.88496  96.7742  9.83739
8.25  1.91637  100  10
8.25  1.94779  94.5946  9.72598
8.25  1.9792  96.25  9.81071
8.25  2.01062  91.8919  9.58603
8.25  2.04204  97.5  9.87421
8.25  2.07345  96.7391  9.83561
8.25  2.10487  93.6842  9.67906
8.25  2.13628  97.4359  9.87096
8.25  2.1677  94.8454  9.73886
8.25  2.19911  94.8718  9.74022
8.25  2.23053  89.0909  9.4388
8.25  2.26195  90.4255  9.50923
8.25  2.29336  94.7368  9.73329
8.25  2.32478  88.8889  9.42809
8.25  2.35619  88.5057  9.40775
8.25  2.38761  81.6667  9.03696
8.25  2.41903  83.9286  9.16125
8.25  2.45044  82  9.05539
8.25  2.48186  86.6667  9.30949
8.25  2.51327  82.0513  9.05822
8.25  2.54469  80  8.94427
8.25  2.57611  77.4194  8.79883
8.25  2.60752  80  8.94427
8.25  2.63894  46.1538  6.79366
8.25  2.67035  5  2.23607
8.25  2.70177  0  0
8.25  2.73319  0  0
8.25  2.7646  0  0
8.25  2.79602  0  0
8.25  2.82743  0  0
8.25  2.85885  0  0
8.25  2.89027  0  0
8.25  2.92168  0  0
8.25  2.9531  0  0
8.25  2.98451  0  0
8.25  3.01593  0  0
8.25  3.04734  0  0
8.25  3.07876  0  0
8.25  3.11018  0  0
8.5  0  0  0
8.5  0.0314159  0  0
8.5  0.0628319  0  0
8.5  0.0942478  0  0
8.5  0.125664  0  0
8.5  0.15708  0  0
8.5  0.188496  0  0
8.5  0.219911  0  0
8.5  0.251327  0  0
8.5  0.282743  0  0
8.5  0.314159  0  0
8.5  0.345575  0  0
8.5  0.376991  0  0
8.5  0.408407  0  0
8.5  0.439823  18.5185  4.30331
8.5  0.471239  55.5556  7.45356
8.5  0.502655  68.4211  8.2717
8.5  0.534071  78.3784  8.85316
8.5  0.565487  80.4878  8.9715
8.5  0.596903  78.2609  8.84652
8.5  0.628319  84.6154  9.19866
8.5  0.659734  93.0233  9.64486
8.5  0.69115  88.1356  9.38806
8.5  0.722566  87.6923  9.36442
8.5  0.753982  93.3333  9.66092
8.5  0.785398  92.6471  9.62533
8.5  0.816814  92.6316  9.62453
8.5  0.84823  93.8272  9.68644
8.5  0.879646  89.5833  9.46485
8.5  0.911062  97.7011  9.88439
8.5  0.942478  94.898  9.74156
8.5  0.973894  93.9024  9.69033
8.5  1.00531  93.6709  9.67837
8.5  1.03673  93.4783  9.66842
8.5  1.06814  95  9.74679
8.5  1.09956  94.7368  9.73329
8.5  1.13097  93.4211  9.66546
8.5  1.16239  97.1014  9.85401
8.5  1.19381  98.6301  9.93127
8.5  1.22522  95.8333  9.78945
8.5  1.25664  95.6522  9.78019
8.5  1.28805  97.2222  9.86013
8.5  1.31947  95.1807  9.75606
8.5  1.35088  100  10
8.5  1.3823  97.3684  9.86754
8.5  1.41372  100  10
8.5  1.44513  98.3607  9.91769
8.5  1.47655  100  10
8.5  1.50796  100  10
8.5  1.53938  100  10
8.5  1.5708  100  10
8.5  1.60221  100  10
8.5  1.63363  98.3607  9.91769
8.5  1.66504  100  10
8.5  1.69646  100  10
8.5  1.72788  100  10
8.5  1.75929  96.875  9.84251
8.5  1.79071  96.6667  9.83192
8.5  1.82212  98.6667  9.93311
8.5  1.85354  93.6508  9.67733
8.5  1.88496  95.7746  9.78645
8.5  1.91637  98.6111  9.93031
8.5  1.94779  95.0617  9.74996
8.5  1.9792  92  9.59166
8.5  2.01062  89.8734  9.48016
8.5  2.04204  97.4026  9.86928
8.5  2.07345  96.1538  9.80581
8.5  2.10487  92  9.59166
8.5  2.13628  98.7013  9.93485
8.5  2.1677  91.0112  9.53998
8.5  2.19911  88.8889  9.42809
8.5  2.23053  88.3495  9.39944
8.5  2.26195  86.8132  9.31736
8.5  2.29336  94.186  9.70495
8.5  2.32478  89.2473  9.44708
8.5  2.35619  84.9315  9.21583
8.5  2.38761  94.6429  9.72846
8.5  2.41903  88.1356  9.38806
8.5  2.45044  90.6977  9.52353
8.5  2.48186  94.5455  9.72345
8.5  2.51327  80  8.94427
8.5  2.54469  75.7576  8.70388
8.5  2.57611  93.75  9.68246
8.5  2.60752  79.3103  8.90564
8.5  2.63894  69.5652  8.34058
8.5  2.67035  9.52381  3.08607
8.5  2.70177  0  0
8.5  2.73319  5.55556  2.35702
8.5  2.7646  0  0
8.5  2.79602  0  0
8.5  2.82743  0  0
8.5  2.85885  0  0
8.5  2.89027  0  0
8.5  2.92168  0  0
8.5  2.9531  100  10
8.5  2.98451  0  0
8.5  3.01593  0  0
8.5  3.04734  0  0
8.5  3.07876  0  0
8.5  3.11018  0  0
8.75  0  0  0
8.75  0.0314159  0  0
8.75  0.0628319  0  0
8.75  0.0942478  0  0
8.75  0.125664  0  0
8.75  0.15708  0  0
8.75  0.188496  0  0
8.75  0.219911  0  0
8.75  0.251327  0  0
8.75  0.282743  0  0
8.75  0.314159  0  0
8.75  0.345575  0  0
8.75  0.376991  0  0
8.75  0.408407  5.88235  2.42536
8.75  0.439823  62.5  7.90569
8.75  0.471239  63.6364  7.97724
8.75  0.502655  76.4706  8.74475
8.75  0.534071  90  9.48683
8.75  0.565487  83.7838  9.15335
8.75  0.596903  80.7692  8.98717
8.75  0.628319  83.3333  9.12871
8.75  0.659734  95.8333  9.78945
8.75  0.69115  88.7097  9.41858
8.75  0.722566  93.1507  9.65146
8.75  0.753982  91.8919  9.58603
8.75  0.785398  92.2078  9.60249
8.75  0.816814  88.8889  9.42809
8.75  0.84823  92.5926  9.6225
8.75  0.879646  97.4684  9.87261
8.75  0.911062  94.7368  9.73329
8.75  0.942478  94.5652  9.72446
8.75  0.973894  96.5909  9.82807
8.75  1.00531  94.2529  9.70839
8.75  1.03673  92.4051  9.61276
8.75  1.06814  94.3662  9.71423
8.75  1.09956  98.7805  9.93884
8.75  1.13097  94.2029  9.70582
8.75  1.16239  98.7013  9.93485
8.75  1.19381  92.4242  9.61375
8.75  1.22522  97.1429  9.85611
8.75  1.25664  98.6667  9.93311
8.75  1.28805  98.1481  9.90697
8.75  1.31947  98.3333  9.91632
8.75  1.35088  98.2759  9.91342
8.75  1.3823  100  10
8.75  1.41372  98.1481  9.90697
8.75  1.44513  100  10
8.75  1.47655  100  10
8.75  1.50796  100  10
8.75  1.53938  100  10
8.75  1.5708  100  10
8.75  1.60221  100  10
8.75  1.63363  100  10
8.75  1.66504  98.3607  9.91769
8.75  1.69646  100  10
8.75  1.72788  100  10
8.75  1.75929  100  10
8.75  1.79071  94.5946  9.72598
8.75  1.82212  98.4127  9.92032
8.75  1.85354  100  10
8.75  1.88496  98.4127  9.92032
8.75  1.91637  94.1176  9.70143
8.75  1.94779  96  9.79796
8.75  1.9792  93.2584  9.65704
8.75  2.01062  94.0299  9.6969
8.75  2.04204  95.122  9.75305
8.75  2.07345  97.6471  9.88165
8.75  2.10487  94.0299  9.6969
8.75  2.13628  90.9091  9.53463
8.75  2.1677  96.3855  9.81761
8.75  2.19911  90.4255  9.50923
8.75  2.23053  93.75  9.68246
8.75  2.26195  93.8272  9.68644
8.75  2.29336  90.099  9.49205
8.75  2.32478  95.122  9.75305
8.75  2.35619  86.25  9.28709
8.75  2.38761  98.7179  9.93569
8.75  2.41903  91.3793  9.55925
8.75  2.45044  91.1111  9.54521
8.75  2.48186  90.2439  9.49968
8.75  2.51327  77.551  8.80631
8.75  2.54469  88.2353  9.39336
8.75  2.57611  96.875  9.84251
8.75  2.60752  78.2609  8.84652
8.75  2.63894  79.1667  8.89757
8.75  2.67035  27.7778  5.27046
8.75  2.70177  0  0
8.75  2.73319  0  0
8.75  2.7646  0  0
8.75  2.79602  0  0
8.75  2.82743  0  0
8.75  2.85885  0  0
8.75  2.89027  0  0
8.75  2.92168  0  0
8.75  2.9531  0  0
8.75  2.98451  0  0
8.75  3.01593  0  0
8.75  3.04734  0  0
8.75  3.07876  0  0
8.75  3.11018  0  0
9  0  0  0
9  0.0314159  0  0
9  0.0628319  0  0
9  0.0942478  0  0
9  0.125664  0  0
9  0.15708  0  0
9  0.188496  0  0
9  0.219911  0  0
9  0.251327  0  0
9  0.282743  0  0
9  0.314159  0  0
9  0.345575  0  0
9  0.376991  0  0
9  0.408407  21.0526  4.58831
9  0.439823  63.6364  7.97724
9  0.471239  86.3636  9.2932
9  0.502655  90  9.48683
9  0.534071  69.2308  8.3205
9  0.565487  94.1176  9.70143
9  0.596903  80.8511  8.99172
9  0.628319  92.3077  9.60769
9  0.659734  80  8.94427
9  0.69115  86  9.27362
9  0.722566  91.6667  9.57427
9  0.753982  88.75  9.42072
9  0.785398  87.3684  9.34711
9  0.816814  89.7196  9.47204
9  0.84823  93.3962  9.66417
9  0.879646  91.2088  9.55033
9  0.911062  91.7647  9.57939
9  0.942478  95.1807  9.75606
9  0.973894  95.7895  9.78721
9  1.00531  93.5065  9.66988
9  1.03673  94.2857  9.71008
9  1.06814  94.2857  9.71008
9  1.09956  97.5904  9.87878
9  1.13097  96.2025  9.80829
9  1.16239  96.2025  9.80829
9  1.19381  97.1429  9.85611
9  1.22522  97.3333  9.86577
9  1.25664  96.5517  9.82607
9  1.28805  98.5507  9.92727
9  1.31947  96.6667  9.83192
9  1.35088  98.4375  9.92157
9  1.3823  98.4848  9.92395
9  1.41372  91.2281  9.55134
9  1.44513  98.4127  9.92032
9  1.47655  98.5075  9.92509
9  1.50796  100  10
9  1.53938  100  10
9  1.5708  100  10
9  1.60221  100  10
9  1.63363  100  10
9  1.66504  100  10
9  1.69646  97.0588  9.85184
9  1.72788  100  10
9  1.75929  93.3333  9.66092
9  1.79071  97.3684  9.86754
9  1.82212  98.5915  9.92933
9  1.85354  96.8254  9.83999
9  1.88496  97.1429  9.85611
9  1.91637  94.2857  9.71008
9  1.94779  95.5882  9.77692
9  1.9792  94.5946  9.72598
9  2.01062  98.7013  9.93485
9  2.04204  93.5897  9.67418
9  2.07345  93.0556  9.64653
9  2.10487  90.6667  9.5219
9  2.13628  93.5065  9.66988
9  2.1677  95.8763  9.79164
9  2.19911  94.898  9.74156
9  2.23053  92.4051  9.61276
9  2.26195  91.25  9.55249
9  2.29336  90.3614  9.50586
9  2.32478  91.7526  9.57876
9  2.35619  93.5065  9.66988
9  2.38761  88.1356  9.38806
9  2.41903  88.2353  9.39336
9  2.45044  86.2069  9.28477
9  2.48186  84.2105  9.17663
9  2.51327  86.3636  9.2932
9  2.54469  91.4286  9.56183
9  2.57611  88.8889  9.42809
9  2.60752  91.6667  9.57427
9  2.63894  68  8.24621
9  2.67035  43.75  6.61438
9  2.70177  0  0
9  2.73319  0  0
9  2.7646  0  0
9  2.79602  0  0
9  2.82743  0  0
9  2.85885  0  0
9  2.89027  0  0
9  2.92168  0  0
9  2.9531  0  0
9  2.98451  0  0
9  3.01593  0  0
9  3.04734  0  0
9  3.07876  0  0
9  3.11018  0  0
9.25  0  0  0
9.25  0.0314159  100  10
9.25  0.0628319  0  0
9.25  0.0942478  0  0
9.25  0.125664  0  0
9.25  0.15708  0  0
9.25  0.188496  0  0
9.25  0.219911  0  0
9.25  0.251327  0  0
9.25  0.282743  0  0
9.25  0.314159  0  0
9.25  0.345575  5.26316  2.29416
9.25  0.376991  0  0
9.25  0.408407  26.3158  5.12989
9.25  0.439823  62.069  7.87839
9.25  0.471239  70  8.3666
9.25  0.502655  81.25  9.01388
9.25  0.534071  79.3103  8.90564
9.25  0.565487  78.3784  8.85316
9.25  0.596903  88.5714  9.41124
9.25  0.628319  93.3333  9.66092
9.25  0.659734  90.7407  9.52579
9.25  0.69115  91.0714  9.54314
9.25  0.722566  84.7458  9.20575
9.25  0.753982  87.013  9.32808
9.25  0.785398  91.5663  9.56903
9.25  0.816814  93.1034  9.64901
9.25  0.84823  93  9.64365
9.25  0.879646  94.0594  9.69842
9.25  0.911062  91.453  9.56311
9.25  0.942478  96.3636  9.8165
9.25  0.973894  98.8372  9.94169
9.25  1.00531  93.9394  9.69223
9.25  1.03673  92  9.59166
9.25  1.06814  91.954  9.58927
9.25  1.09956  93.75  9.68246
9.25  1.13097  95  9.74679
9.25  1.16239  98.5294  9.9262
9.25  1.19381  100  10
9.25  1.22522  92.6471  9.62533
9.25  1.25664  95.3125  9.76281
9.25  1.28805  95  9.74679
9.25  1.31947  96.6667  9.83192
9.25  1.35088  98.6842  9.93399
9.25  1.3823  100  10
9.25  1.41372  97.2222  9.86013
9.25  1.44513  96  9.79796
9.25  1.47655  98.0392  9.90148
9.25  1.50796  100  10
9.25  1.53938  100  10
9.25  1.5708  100  10
9.25  1.60221  98.3051  9.91489
9.25  1.63363  100  10
9.25  1.66504  100  10
9.25  1.69646  98.0769  9.90338
9.25  1.72788  100  10
9.25  1.75929  98.5507  9.92727
9.25  1.79071  94.8276  9.73795
9.25  1.82212  98.5075  9.92509
9.25  1.85354  98.6111  9.93031
9.25  1.88496  97.3333  9.86577
9.25  1.91637  95.6522  9.78019
9.25  1.94779  98.8889  9.94429
9.25  1.9792  97.2603  9.86206
9.25  2.01062  95.8333  9.78945
9.25  2.04204  95.4023  9.76741
9.25  2.07345  93.9394  9.69223
9.25  2.10487  92.8571  9.63624
9.25  2.13628  95.6522  9.78019
9.25  2.1677  93.4211  9.66546
9.25  2.19911  91.7647  9.57939
9.25  2.23053  93.8053  9.68531
9.25  2.26195  97.4684  9.87261
9.25  2.29336  90.5882  9.51779
9.25  2.32478  92.8571  9.63624
9.25  2.35619  93.1034  9.64901
9.25  2.38761  89.5522  9.4632
9.25  2.41903  96.7213  9.8347
9.25  2.45044  92  9.59166
9.25  2.48186  87.3016  9.34353
9.25  2.51327  79.2453  8.90198
9.25  2.54469  88.5714  9.41124
9.25  2.57611  73.3333  8.56349
9.25  2.60752  62.963  7.93492
9.25  2.63894  80  8.94427
9.25  2.67035  58.3333  7.63763
9.25  2.70177  20  4.47214
9.25  2.73319  0  0
9.25  2.7646  6.66667  2.58199
9.25  2.79602  0  0
9.25  2.82743  0  0
9.25  2.85885  0  0
9.25  2.89027  0  0
9.25  2.92168  0  0
9.25  2.9531  0  0
9.25  2.98451  0  0
9.25  3.01593  0  0
9.25  3.04734  0  0
9.25  3.07876  0  0
9.25  3.11018  0  0
9.5  0  0  0
9.5  0.0314159  0  0
9.5  0.0628319  0  0
9.5  0.0942478  0  0
9.5  0.125664  0  0
9.5  0.15708  0  0
9.5  0.188496  0  0
9.5  0.219911  0  0
9.5  0.251327  0  0
9.5  0.282743  0  0
9.5  0.314159  0  0
9.5  0.345575  0  0
9.5  0.376991  0  0
9.5  0.408407  35  5.91608
9.5  0.439823  70  8.3666
9.5  0.471239  81.4815  9.02671
9.5  0.502655  76.3158  8.73589
9.5  0.534071  88.8889  9.42809
9.5  0.565487  78.8462  8.87954
9.5  0.596903  62.5  7.90569
9.5  0.628319  86.6667  9.30949
9.5  0.659734  86.6667  9.30949
9.5  0.69115  87.037  9.32936
9.5  0.722566  92.4528  9.61524
9.5  0.753982  93.6508  9.67733
9.5  0.785398  89.1566  9.44228
9.5  0.816814  84.4444  9.18937
9.5  0.84823  88.75  9.42072
9.5  0.879646  93.617  9.67559
9.5  0.911062  91.954  9.58927
9.5  0.942478  95.9184  9.79379
9.5  0.973894  94.7368  9.73329
9.5  1.00531  97.4026  9.86928
9.5  1.03673  97.1429  9.85611
9.5  1.06814  97.4359  9.87096
9.5  1.09956  95.5224  9.77356
9.5  1.13097  96.0526  9.80064
9.5  1.16239  96.3415  9.81537
9.5  1.19381  100  10
9.5  1.22522  98.8372  9.94169
9.5  1.25664  96.8254  9.83999
9.5  1.28805  95.082  9.751
9.5  1.31947  100  10
9.5  1.35088  97.7528  9.887
9.5  1.3823  98.7342  9.93651
9.5  1.41372  96.3636  9.8165
9.5  1.44513  100  10
9.5  1.47655  98.75  9.9373
9.5  1.50796  100  10
9.5  1.53938  100  10
9.5  1.5708  100  10
9.5  1.60221  100  10
9.5  1.63363  100  10
9.5  1.66504  98.5294  9.9262
9.5  1.69646  100  10
9.5  1.72788  100  10
9.5  1.75929  98.4127  9.92032
9.5  1.79071  96.1538  9.80581
9.5  1.82212  98.5915  9.92933
9.5  1.85354  97.2603  9.86206
9.5  1.88496  97.1429  9.85611
9.5  1.91637  100  10
9.5  1.94779  98.5294  9.9262
9.5  1.9792  93.9759  9.69412
9.5  2.01062  97.0588  9.85184
9.5  2.04204  88.6598  9.41593
9.5  2.07345  93.4066  9.66471
9.5  2.10487  91.4634  9.56365
9.5  2.13628  95.6044  9.77775
9.5  2.1677  96.0396  9.79998
9.5  2.19911  95.9596  9.7959
9.5  2.23053  92.1348  9.59869
9.5  2.26195  100  10
9.5  2.29336  94.1176  9.70143
9.5  2.32478  92.5  9.61769
9.5  2.35619  88.3117  9.39743
9.5  2.38761  85.2459  9.23287
9.5  2.41903  87.5  9.35414
9.5  2.45044  90.4762  9.5119
9.5  2.48186  89.5833  9.46485
9.5  2.51327  82.3529  9.07485
9.5  2.54469  86.1111  9.27961
9.5  2.57611  84.375  9.18559
9.5  2.60752  78.9474  8.88523
9.5  2.63894  89.4737  9.45905
9.5  2.67035  78.9474  8.88523
9.5  2.70177  42.1053  6.48886
9.5  2.73319  5.88235  2.42536
9.5  2.7646  0  0
9.5  2.79602  0  0
9.5  2.82743  0  0
9.5  2.85885  0  0
9.5  2.89027  0  0
9.5  2.92168  0  0
9.5  2.9531  0  0
9.5  2.98451  0  0
9.5  3.01593  0  0
9.5  3.04734  0  0
9.5  3.07876  0  0
9.5  3.11018  0  0
9.75  0  0  0
9.75  0.0314159  0  0
9.75  0.0628319  0  0
9.75  0.0942478  0  0
9.75  0.125664  0  0
9.75  0.15708  0  0
9.75  0.188496  0  0
9.75  0.219911  0  0
9.75  0.251327  0  0
9.75  0.282743  0  0
9.75  0.314159  0  0
9.75  0.345575  6.66667  2.58199
9.75  0.376991  11.7647  3.42997
9.75  0.408407  46.6667  6.8313
9.75  0.439823  85.7143  9.2582
9.75  0.471239  84  9.16515
9.75  0.502655  93.1034  9.64901
9.75  0.534071  68.9655  8.30455
9.75  0.565487  81.8182  9.04534
9.75  0.596903  89.4737  9.45905
9.75  0.628319  85.7143  9.2582
9.75  0.659734  95.3125  9.76281
9.75  0.69115  98.0769  9.90338
9.75  0.722566  88.1579  9.38924
9.75  0.753982  93.2432  9.65625
9.75  0.785398  90.1235  9.49334
9.75  0.816814  95.5556  9.77525
9.75  0.84823  96.6667  9.83192
9.75  0.879646  92.1348  9.59869
9.75  0.911062  91.6667  9.57427
9.75  0.942478  92.3077  9.60769
9.75  0.973894  93.2039  9.65422
9.75  1.00531  92.7711  9.63177
9.75  1.03673  95.0617  9.74996
9.75  1.06814  95.6989  9.78258
9.75  1.09956  100  10
9.75  1.13097  95.3846  9.7665
9.75  1.16239  98.6301  9.93127
9.75  1.19381  98.4375  9.92157
9.75  1.22522  96.9231  9.84495
9.75  1.25664  100  10
9.75  1.28805  98.3607  9.91769
9.75  1.31947  98.4615  9.92278
9.75  1.35088  97.5904  9.87878
9.75  1.3823  100  10
9.75  1.41372  100  10
9.75  1.44513  100  10
9.75  1.47655  100  10
9.75  1.50796  98.5915  9.92933
9.75  1.53938  100  10
9.75  1.5708  100  10
9.75  1.60221  98.5294  9.9262
9.75  1.63363  100  10
9.75  1.66504  98.3871  9.91903
9.75  1.69646  100  10
9.75  1.72788  98.3051  9.91489
9.75  1.75929  100  10
9.75  1.79071  100  10
9.75  1.82212  98.5075  9.92509
9.75  1.85354  93.1507  9.65146
9.75  1.88496  94.8718  9.74022
9.75  1.91637  100  10
9.75  1.94779  96.9231  9.84495
9.75  1.9792  90.7407  9.52579
9.75  2.01062  96.875  9.84251
9.75  2.04204  92.9577  9.64146
9.75  2.07345  96.5909  9.82807
9.75  2.10487  91.6667  9.57427
9.75  2.13628  92.4051  9.61276
9.75  2.1677  94.0476  9.69782
9.75  2.19911  92.7273  9.6295
9.75  2.23053  91.0891  9.54406
9.75  2.26195  92.3913  9.61204
9.75  2.29336  91.358  9.55814
9.75  2.32478  94.6667  9.72968
9.75  2.35619  82.716  9.09484
9.75  2.38761  83.9506  9.16246
9.75  2.41903  88  9.38083
9.75  2.45044  87.037  9.32936
9.75  2.48186  89.7436  9.47331
9.75  2.51327  75.5556  8.69227
9.75  2.54469  81.25  9.01388
9.75  2.57611  80.4878  8.9715
9.75  2.60752  84  9.16515
9.75  2.63894  65.3846  8.08608
9.75  2.67035  83.3333  9.12871
9.75  2.70177  45.4545  6.742
9.75  2.73319  0  0
9.75  2.7646  0  0
9.75  2.79602  0  0
9.75  2.82743  0  0
9.75  2.85885  0  0
9.75  2.89027  0  0
9.75  2.92168  0  0
9.75  2.9531  0  0
9.75  2.98451  0  0
9.75  3.01593  0  0
9.75  3.04734  0  0
9.75  3.07876  0  0
9.75  3.11018  0  0
10  0  0  0
10  0.0314159  0  0
10  0.0628319  0  0
10  0.0942478  0  0
10  0.125664  0  0
10  0.15708  0  0
10  0.188496  0  0
10  0.219911  0  0
10  0.251327  0  0
10  0.282743  0  0
10  0.314159  0  0
10  0.345575  0  0
10  0.376991  13.3333  3.65148
10  0.408407  45.4545  6.742
10  0.439823  66.6667  8.16497
10  0.471239  63.6364  7.97724
10  0.502655  88.4615  9.4054
10  0.534071  67.8571  8.23754
10  0.565487  79.0698  8.89212
10  0.596903  86.1111  9.27961
10  0.628319  84.2105  9.17663
10  0.659734  82.1429  9.06327
10  0.69115  85.7143  9.2582
10  0.722566  98.5714  9.92831
10  0.753982  84.2697  9.17985
10  0.785398  80.5195  8.97326
10  0.816814  95.1807  9.75606
10  0.84823  85.0575  9.22266
10  0.879646  92.7083  9.62852
10  0.911062  90.9091  9.53463
10  0.942478  94.4444  9.71825
10  0.973894  95.5556  9.77525
10  1.00531  93.8272  9.68644
10  1.03673  92.5532  9.62046
10  1.06814  96.8421  9.84084
10  1.09956  96.0526  9.80064
10  1.13097  98.3333  9.91632
10  1.16239  97.3333  9.86577
10  1.19381  94.2857  9.71008
10  1.22522  95.2381  9.759
10  1.25664  100  10
10  1.28805  93.4426  9.66657
10  1.31947  97.3333  9.86577
10  1.35088  98.4375  9.92157
10  1.3823  100  10
10  1.41372  100  10
10  1.44513  98.1132  9.90521
10  1.47655  100  10
10  1.50796  100  10
10  1.53938  100  10
10  1.5708  100  10
10  1.60221  100  10
10  1.63363  98.4615  9.92278
10  1.66504  100  10
10  1.69646  96.875  9.84251
10  1.72788  100  10
10  1.75929  98.5915  9.92933
10  1.79071  97.7011  9.88439
10  1.82212  96.7213  9.8347
10  1.85354  94.2029  9.70582
10  1.88496  96.6667  9.83192
10  1.91637  100  10
10  1.94779  93.8462  9.68742
10  1.9792  97.2603  9.86206
10  2.01062  98.5075  9.92509
10  2.04204  95.3846  9.7665
10  2.07345  95.2381  9.759
10  2.10487  90.3614  9.50586
10  2.13628  95.9459  9.7952
10  2.1677  97.4684  9.87261
10  2.19911  94.6809  9.73041
10  2.23053  94.8454  9.73886
10  2.26195  91.3043  9.55533
10  2.29336  93.1034  9.64901
10  2.32478  91.8605  9.58439
10  2.35619  84.8837  9.21324
10  2.38761  90.9091  9.53463
10  2.41903  88  9.38083
10  2.45044  90.3846  9.50708
10  2.48186  78.5714  8.86405
10  2.51327  87.8049  9.37043
10  2.54469  78.7879  8.87625
10  2.57611  70.3704  8.3887
10  2.60752  74.0741  8.60663
10  2.63894  90.9091  9.53463
10  2.67035  89.4737  9.45905
10  2.70177  72.7273  8.52803
10  2.73319  0  0
10  2.7646  0  0
10  2.79602  0  0
10  2.82743  0  0
10  2.85885  0  0
10  2.89027  0  0
10  2.92168  0  0
10  2.9531  0  0
10  2.98451  0  0
10  3.01593  0  0
10  3.04734  0  0
10  3.07876  0  0
10  3.11018  0  0
10.25  0  0  0
10.25  0.0314159  0  0
10.25  0.0628319  0  0
10.25  0.0942478  0  0
10.25  0.125664  0  0
10.25  0.15708  0  0
10.25  0.188496  0  0
10.25  0.219911  0  0
10.25  0.251327  0  0
10.25  0.282743  0  0
10.25  0.314159  7.69231  2.7735
10.25  0.345575  0  0
10.25  0.376991  27.2727  5.22233
10.25  0.408407  85.7143  9.2582
10.25  0.439823  70.3704  8.3887
10.25  0.471239  73.3333  8.56349
10.25  0.502655  90.9091  9.53463
10.25  0.534071  76.6667  8.75595
10.25  0.565487  69.4444  8.33333
10.25  0.596903  80.8511  8.99172
10.25  0.628319  89.3617  9.45313
10.25  0.659734  90.1639  9.49547
10.25  0.69115  87.931  9.37715
10.25  0.722566  92.6829  9.6272
10.25  0.753982  96.7391  9.83561
10.25  0.785398  92.7711  9.63177
10.25  0.816814  95.6989  9.78258
10.25  0.84823  93.6937  9.67955
10.25  0.879646  95.283  9.7613
10.25  0.911062  94.7917  9.7361
10.25  0.942478  93.6709  9.67837
10.25  0.973894  92.2222  9.60324
10.25  1.00531  89.1566  9.44228
10.25  1.03673  91.5493  9.56814
10.25  1.06814  97.2603  9.86206
10.25  1.09956  98.6842  9.93399
10.25  1.13097  96.6667  9.83192
10.25  1.16239  95.5224  9.77356
10.25  1.19381  95.7143  9.78337
10.25  1.22522  97.3684  9.86754
10.25  1.25664  98.0769  9.90338
10.25  1.28805  100  10
10.25  1.31947  97.1429  9.85611
10.25  1.35088  100  10
10.25  1.3823  100  10
10.25  1.41372  98.7013  9.93485
10.25  1.44513  95.3125  9.76281
10.25  1.47655  100  10
10.25  1.50796  100  10
10.25  1.53938  100  10
10.25  1.5708  98.4615  9.92278
10.25  1.60221  100  10
10.25  1.63363  100  10
10.25  1.66504  100  10
10.25  1.69646  100  10
10.25  1.72788  98.1818  9.90867
10.25  1.75929  100  10
10.25  1.79071  98.5714  9.92831
10.25  1.82212  97.619  9.88024
10.25  1.85354  94.1176  9.70143
10.25  1.88496  96.4912  9.82299
10.25  1.91637  96.1538  9.80581
10.25  1.94779  95.082  9.751
10.25  1.9792  90.625  9.51972
10.25  2.01062  97.619  9.88024
10.25  2.04204  98.7654  9.93808
10.25  2.07345  96.5517  9.82607
10.25  2.10487  90  9.48683
10.25  2.13628  92.3913  9.61204
10.25  2.1677  93.0233  9.64486
10.25  2.19911  94.4444  9.71825
10.25  2.23053  95.1456  9.75426
10.25  2.26195  87.7358  9.36674
10.25  2.29336  86.2745  9.28841
10.25  2.32478  88.3117  9.39743
10.25  2.35619  95.3125  9.76281
10.25  2.38761  84.2105  9.17663
10.25  2.41903  90.566  9.51662
10.25  2.45044  85.9649  9.27173
10.25  2.48186  96.4286  9.81981
10.25  2.51327  76.3158  8.73589
10.25  2.54469  89.7959  9.47607
10.25  2.57611  87.0968  9.33257
10.25  2.60752  80  8.94427
10.25  2.63894  65.2174  8.07573
10.25  2.67035  68.1818  8.25723
10.25  2.70177  64.2857  8.01784
10.25  2.73319  45.4545  6.742
10.25  2.7646  0  0
10.25  2.79602  0  0
10.25  2.82743  0  0
10.25  2.85885  0  0
10.25  2.89027  0  0
10.25  2.92168  0  0
10.25  2.9531  0  0
10.25  2.98451  0  0
10.25  3.01593  0  0
10.25  3.04734  0  0
10.25  3.07876  0  0
10.25  3.11018  0  0
10.5  0  0  0
10.5  0.0314159  0  0
10.5  0.0628319  0  0
10.5  0.0942478  0  0
10.5  0.125664  0  0
10.5  0.15708  0  0
10.5  0.188496  0  0
10.5  0.219911  0  0
10.5  0.251327  0  0
10.5  0.282743  0  0
10.5  0.314159  0  0
10.5  0.345575  13.3333  3.65148
10.5  0.376991  41.6667  6.45497
10.5  0.408407  77.7778  8.81917
10.5  0.439823  69.2308  8.3205
10.5  0.471239  85  9.21954
10.5  0.502655  72.4138  8.50963
10.5  0.534071  93.5484  9.67204
10.5  0.565487  88.2353  9.39336
10.5  0.596903  80  8.94427
10.5  0.628319  85  9.21954
10.5  0.659734  84.9057  9.21443
10.5  0.69115  95.3846  9.7665
10.5  0.722566  80  8.94427
10.5  0.753982  90.7216  9.52479
10.5  0.785398  93.5065  9.66988
10.5  0.816814  94.5455  9.72345
10.5  0.84823  90.5263  9.51453
10.5  0.879646  96.4706  9.82194
10.5  0.911062  91.1392  9.54669
10.5  0.942478  95.9596  9.7959
10.5  0.973894  97.6471  9.88165
10.5  1.00531  95.4545  9.77008
10.5  1.03673  97.8495  9.89189
10.5  1.06814  93.9759  9.69412
10.5  1.09956  94.186  9.70495
10.5  1.13097  96.8254  9.83999
10.5  1.16239  97.0588  9.85184
10.5  1.19381  97.2973  9.86394
10.5  1.22522  98.7805  9.93884
10.5  1.25664  96.9231  9.84495
10.5  1.28805  97.2222  9.86013
10.5  1.31947  92.4242  9.61375
10.5  1.35088  96.6102  9.82905
10.5  1.3823  98.3333  9.91632
10.5  1.41372  96.5517  9.82607
10.5  1.44513  100  10
10.5  1.47655  98.2143  9.91031
10.5  1.50796  100  10
10.5  1.53938  100  10
10.5  1.5708  98.3607  9.91769
10.5  1.60221  100  10
10.5  1.63363  98.1132  9.90521
10.5  1.66504  100  10
10.5  1.69646  96.6102  9.82905
10.5  1.72788  100  10
10.5  1.75929  100  10
10.5  1.79071  96.9231  9.84495
10.5  1.82212  97.1014  9.85401
10.5  1.85354  98.4375  9.92157
10.5  1.88496  100  10
10.5  1.91637  98.2456  9.91189
10.5  1.94779  97.0149  9.84962
10.5  1.9792  95.2381  9.759
10.5  2.01062  92.5373  9.61963
10.5  2.04204  98.6842  9.93399
10.5  2.07345  94.8052  9.7368
10.5  2.10487  96.6292  9.83002
10.5  2.13628  89.4118  9.45578
10.5  2.1677  92.7711  9.63177
10.5  2.19911  97.5  9.87421
10.5  2.23053  92.0354  9.59351
10.5  2.26195  95.122  9.75305
10.5  2.29336  93.2692  9.6576
10.5  2.32478  93.8272  9.68644
10.5  2.35619  92.9577  9.64146
10.5  2.38761  80  8.94427
10.5  2.41903  86.6667  9.30949
10.5  2.45044  83.7209  9.14991
10.5  2.48186  82  9.05539
10.5  2.51327  83.3333  9.12871
10.5  2.54469  80.4348  8.96854
10.5  2.57611  80  8.94427
10.5  2.60752  75  8.66025
10.5  2.63894  62.963  7.93492
10.5  2.67035  72.2222  8.49837
10.5  2.70177  71.4286  8.45154
10.5  2.73319  42.1053  6.48886
10.5  2.7646  5.88235  2.42536
10.5  2.79602  0  0
10.5  2.82743  0  0
10.5  2.85885  0  0
10.5  2.89027  0  0
10.5  2.92168  0  0
10.5  2.9531  0  0
10.5  2.98451  0  0
10.5  3.01593  0  0
10.5  3.04734  0  0
10.5  3.07876  0  0
10.5  3.11018  0  0
10.75  0  0  0
10.75  0.0314159  0  0
10.75  0.0628319  0  0
10.75  0.0942478  0  0
10.75  0.125664  0  0
10.75  0.15708  0  0
10.75  0.188496  0  0
10.75  0.219911  0  0
10.75  0.251327  0  0
10.75  0.282743  0  0
10.75  0.314159  0  0
10.75  0.345575  20  4.47214
10.75  0.376991  57.1429  7.55929
10.75  0.408407  75  8.66025
10.75  0.439823  53.3333  7.30297
10.75  0.471239  82.6087  9.08893
10.75  0.502655  79.4872  8.91556
10.75  0.534071  70.2703  8.38274
10.75  0.565487  77.7778  8.81917
10.75  0.596903  88.8889  9.42809
10.75  0.628319  92.5  9.61769
10.75  0.659734  92.3077  9.60769
10.75  0.69115  84.2105  9.17663
10.75  0.722566  89.2308  9.4462
10.75  0.753982  93.1507  9.65146
10.75  0.785398  94.2529  9.70839
10.75  0.816814  88.7755  9.42208
10.75  0.84823  87.3684  9.34711
10.75  0.879646  91.8367  9.58315
10.75  0.911062  90.6977  9.52353
10.75  0.942478  95.1807  9.75606
10.75  0.973894  92.5532  9.62046
10.75  1.00531  96.4286  9.81981
10.75  1.03673  92.8571  9.63624
10.75  1.06814  94.8718  9.74022
10.75  1.09956  94.8052  9.7368
10.75  1.13097  98.6842  9.93399
10.75  1.16239  97.0588  9.85184
10.75  1.19381  97.3684  9.86754
10.75  1.22522  98.4375  9.92157
10.75  1.25664  94  9.69536
10.75  1.28805  98.3333  9.91632
10.75  1.31947  98.5507  9.92727
10.75  1.35088  100  10
10.75  1.3823  98.5915  9.92933
10.75  1.41372  98.7013  9.93485
10.75  1.44513  96.9697  9.84732
10.75  1.47655  98.3607  9.91769
10.75  1.50796  100  10
10.75  1.53938  100  10
10.75  1.5708  96.1538  9.80581
10.75  1.60221  100  10
10.75  1.63363  100  10
10.75  1.66504  96.9697  9.84732
10.75  1.69646  98.3871  9.91903
10.75  1.72788  100  10
10.75  1.75929  98.0769  9.90338
10.75  1.79071  98.2456  9.91189
10.75  1.82212  96  9.79796
10.75  1.85354  94.5946  9.72598
10.75  1.88496  94.5946  9.72598
10.75  1.91637  98.5075  9.92509
10.75  1.94779  95.1807  9.75606
10.75  1.9792  96.2963  9.81307
10.75  2.01062  95.7746  9.78645
10.75  2.04204  96.1538  9.80581
10.75  2.07345  93.3333  9.66092
10.75  2.10487  89.8876  9.48091
10.75  2.13628  93.4211  9.66546
10.75  2.1677  91.5094  9.56606
10.75  2.19911  95  9.74679
10.75  2.23053  95.9184  9.79379
10.75  2.26195  93.8272  9.68644
10.75  2.29336  89.011  9.43456
10.75  2.32478  95.1807  9.75606
10.75  2.35619  91.0256  9.54074
10.75  2.38761  87.8378  9.37218
10.75  2.41903  87.8378  9.37218
10.75  2.45044  86.3636  9.2932
10.75  2.48186  81.8182  9.04534
10.75  2.51327  84.8485  9.21132
10.75  2.54469  78.5714  8.86405
10.75  2.57611  78.5714  8.86405
10.75  2.60752  75  8.66025
10.75  2.63894  88  9.38083
10.75  2.67035  76.9231  8.77058
10.75  2.70177  76.9231  8.77058
10.75  2.73319  33.3333  5.7735
10.75  2.7646  0  0
10.75  2.79602  0  0
10.75  2.82743  0  0
10.75  2.85885  0  0
10.75  2.89027  0  0
10.75  2.92168  0  0
10.75  2.9531  0  0
10.75  2.98451  0  0
10.75  3.01593  0  0
10.75  3.04734  0  0
10.75  3.07876  0  0
10.75  3.11018  0  0
11  0  0  0
11  0.0314159  0  0
11  0.0628319  0  0
11  0.0942478  0  0
11  0.125664  0  0
11  0.15708  0  0
11  0.188496  0  0
11  0.219911  0  0
11  0.251327  0  0
11  0.282743  0  0
11  0.314159  0  0
11  0.345575  0  0
11  0.376991  52.6316  7.25476
11  0.408407  64.2857  8.01784
11  0.439823  84.6154  9.19866
11  0.471239  70.5882  8.40168
11  0.502655  96.9697  9.84732
11  0.534071  86.1111  9.27961
11  0.565487  78.3784  8.85316
11  0.596903  83.871  9.15811
11  0.628319  85.7143  9.2582
11  0.659734  81.25  9.01388
11  0.69115  90.625  9.51972
11  0.722566  87.7551  9.36777
11  0.753982  86.1538  9.28191
11  0.785398  86.3014  9.28985
11  0.816814  89.3333  9.45163
11  0.84823  93.6842  9.67906
11  0.879646  93.4066  9.66471
11  0.911062  92.7711  9.63177
11  0.942478  94.4444  9.71825
11  0.973894  94.9495  9.7442
11  1.00531  96.4706  9.82194
11  1.03673  96.2025  9.80829
11  1.06814  95.8904  9.79236
11  1.09956  96.2963  9.81307
11  1.13097  95.3846  9.7665
11  1.16239  92.7536  9.63087
11  1.19381  98.5915  9.92933
11  1.22522  95.7143  9.78337
11  1.25664  97.619  9.88024
11  1.28805  98.6842  9.93399
11  1.31947  91.3793  9.55925
11  1.35088  98.2143  9.91031
11  1.3823  97.1429  9.85611
11  1.41372  97.5  9.87421
11  1.44513  98.4615  9.92278
11  1.47655  100  10
11  1.50796  100  10
11  1.53938  100  10
11  1.5708  100  10
11  1.60221  100  10
11  1.63363  100  10
11  1.66504  98.3051  9.91489
11  1.69646  98.6301  9.93127
11  1.72788  100  10
11  1.75929  100  10
11  1.79071  92.4528  9.61524
11  1.82212  98.3607  9.91769
11  1.85354  95.5882  9.77692
11  1.88496  96.875  9.84251
11  1.91637  100  10
11  1.94779  94.8052  9.7368
11  1.9792  96.2963  9.81307
11  2.01062  95  9.74679
11  2.04204  95.3488  9.76467
11  2.07345  95.6522  9.78019
11  2.10487  90  9.48683
11  2.13628  95.4023  9.76741
11  2.1677  97.6471  9.88165
11  2.19911  89.6104  9.46628
11  2.23053  96.7391  9.83561
11  2.26195  91.7526  9.57876
11  2.29336  92.4731  9.61629
11  2.32478  94.2029  9.70582
11  2.35619  92.5926  9.6225
11  2.38761  94.8276  9.73795
11  2.41903  92.0635  9.59497
11  2.45044  80  8.94427
11  2.48186  82.6087  9.08893
11  2.51327  89.1892  9.444
11  2.54469  81.25  9.01388
11  2.57611  62.5  7.90569
11  2.60752  82.1429  9.06327
11  2.63894  76.1905  8.72872
11  2.67035  75.8621  8.70988
11  2.70177  82.3529  9.07485
11  2.73319  66.6667  8.16497
11  2.7646  17.6471  4.20084
11  2.79602  0  0
11  2.82743  0  0
11  2.85885  0  0
11  2.89027  0  0
11  2.92168  0  0
11  2.9531  0  0
11  2.98451  0  0
11  3.01593  0  0
11  3.04734  0  0
11  3.07876  0  0
11  3.11018  0  0
11.25  0  0  0
11.25  0.0314159  0  0
11.25  0.0628319  0  0
11.25  0.0942478  0  0
11.25  0.125664  0  0
11.25  0.15708  0  0
11.25  0.188496  0  0
11.25  0.219911  0  0
11.25  0.251327  0  0
11.25  0.282743  0  0
11.25  0.314159  0  0
11.25  0.345575  21.0526  4.58831
11.25  0.376991  78.2609  8.84652
11.25  0.408407  70  8.3666
11.25  0.439823  75  8.66025
11.25  0.471239  92.8571  9.63624
11.25  0.502655  77.7778  8.81917
11.25  0.534071  82.7586  9.09718
11.25  0.565487  78.5714  8.86405
11.25  0.596903  87.1795  9.337
11.25  0.628319  84.7826  9.20775
11.25  0.659734  84  9.16515
11.25  0.69115  87.3016  9.34353
11.25  0.722566  92.8571  9.63624
11.25  0.753982  95  9.74679
11.25  0.785398  96.4286  9.81981
11.25  0.816814  92.7711  9.63177
11.25  0.84823  92.4731  9.61629
11.25  0.879646  93.9394  9.69223
11.25  0.911062  93.9024  9.69033
11.25  0.942478  92.5  9.61769
11.25  0.973894  95.0617  9.74996
11.25  1.00531  93.9024  9.69033
11.25  1.03673  94.1176  9.70143
11.25  1.06814  93.6709  9.67837
11.25  1.09956  93.2432  9.65625
11.25  1.13097  97.2973  9.86394
11.25  1.16239  98.1818  9.90867
11.25  1.19381  97.1831  9.85815
11.25  1.22522  98.1132  9.90521
11.25  1.25664  96.875  9.84251
11.25  1.28805  98.4848  9.92395
11.25  1.31947  97.1014  9.85401
11.25  1.35088  98.5507  9.92727
11.25  1.3823  98  9.89949
11.25  1.41372  97.9592  9.89743
11.25  1.44513  98.6301  9.93127
11.25  1.47655  100  10
11.25  1.50796  100  10
11.25  1.53938  100  10
11.25  1.5708  100  10
11.25  1.60221  100  10
11.25  1.63363  100  10
11.25  1.66504  100  10
11.25  1.69646  98.3051  9.91489
11.25  1.72788  97.3684  9.86754
11.25  1.75929  98.6667  9.93311
11.25  1.79071  98.2456  9.91189
11.25  1.82212  98.7179  9.93569
11.25  1.85354  97.3333  9.86577
11.25  1.88496  96.3415  9.81537
11.25  1.91637  96.4286  9.81981
11.25  1.94779  97.3684  9.86754
11.25  1.9792  93.8272  9.68644
11.25  2.01062  95.2941  9.76187
11.25  2.04204  95.5882  9.77692
11.25  2.07345  96.4286  9.81981
11.25  2.10487  95.7143  9.78337
11.25  2.13628  98.8506  9.94236
11.25  2.1677  93.75  9.68246
11.25  2.19911  95.1456  9.75426
11.25  2.23053  98.1308  9.9061
11.25  2.26195  85  9.21954
11.25  2.29336  94.5455  9.72345
11.25  2.32478  85  9.21954
11.25  2.35619  90  9.48683
11.25  2.38761  86.3636  9.2932
11.25  2.41903  90.625  9.51972
11.25  2.45044  92.5  9.61769
11.25  2.48186  88.8889  9.42809
11.25  2.51327  92.8571  9.63624
11.25  2.54469  84.8485  9.21132
11.25  2.57611  81.8182  9.04534
11.25  2.60752  86.3636  9.2932
11.25  2.63894  81.8182  9.04534
11.25  2.67035  60  7.74597
11.25  2.70177  52.1739  7.22315
11.25  2.73319  73.6842  8.58395
11.25  2.7646  25  5
11.25  2.79602  0  0
11.25  2.82743  0  0
11.25  2.85885  0  0
11.25  2.89027  0  0
11.25  2.92168  0  0
11.25  2.9531  0  0
11.25  2.98451  0  0
11.25  3.01593  0  0
11.25  3.04734  0  0
11.25  3.07876  0  0
11.25  3.11018  0  0
11.5  0  0  0
11.5  0.0314159  0  0
11.5  0.0628319  0  0
11.5  0.0942478  0  0
11.5  0.125664  0  0
11.5  0.15708  0  0
11.5  0.188496  0  0
11.5  0.219911  0  0
11.5  0.251327  0  0
11.5  0.282743  0  0
11.5  0.314159  0  0
11.5  0.345575  5.26316  2.29416
11.5  0.376991  91.6667  9.57427
11.5  0.408407  77.7778  8.81917
11.5  0.439823  76.9231  8.77058
11.5  0.471239  78.125  8.83883
11.5  0.502655  90.9091  9.53463
11.5  0.534071  94.7368  9.73329
11.5  0.565487  88.8889  9.42809
11.5  0.596903  78.7879  8.87625
11.5  0.628319  79.0698  8.89212
11.5  0.659734  94  9.69536
11.5  0.69115  85.1064  9.22531
11.5  0.722566  93.2203  9.65507
11.5  0.753982  90.6667  9.5219
11.5  0.785398  83.5616  9.14121
11.5  0.816814  91.0112  9.53998
11.5  0.84823  92.4731  9.61629
11.5  0.879646  89.2473  9.44708
11.5  0.911062  95.9184  9.79379
11.5  0.942478  94.382  9.71504
11.5  0.973894  93.75  9.68246
11.5  1.00531  96.6667  9.83192
11.5  1.03673  95  9.74679
11.5  1.06814  96.7391  9.83561
11.5  1.09956  95.4545  9.77008
11.5  1.13097  98.5714  9.92831
11.5  1.16239  93.6508  9.67733
11.5  1.19381  95.6522  9.78019
11.5  1.22522  95.8333  9.78945
11.5  1.25664  98.5294  9.9262
11.5  1.28805  98.5915  9.92933
11.5  1.31947  100  10
11.5  1.35088  100  10
11.5  1.3823  100  10
11.5  1.41372  100  10
11.5  1.44513  100  10
11.5  1.47655  98.5507  9.92727
11.5  1.50796  100  10
11.5  1.53938  100  10
11.5  1.5708  100  10
11.5  1.60221  100  10
11.5  1.63363  100  10
11.5  1.66504  100  10
11.5  1.69646  98.4375  9.92157
11.5  1.72788  100  10
11.5  1.75929  96.9697  9.84732
11.5  1.79071  97.2973  9.86394
11.5  1.82212  98  9.89949
11.5  1.85354  98.5507  9.92727
11.5  1.88496  96.1538  9.80581
11.5  1.91637  97.619  9.88024
11.5  1.94779  95.7746  9.78645
11.5  1.9792  97.0588  9.85184
11.5  2.01062  94.4444  9.71825
11.5  2.04204  97.6744  9.88304
11.5  2.07345  94.382  9.71504
11.5  2.10487  90.8163  9.52976
11.5  2.13628  94.9495  9.7442
11.5  2.1677  94.4444  9.71825
11.5  2.19911  92.5532  9.62046
11.5  2.23053  96  9.79796
11.5  2.26195  90.8163  9.52976
11.5  2.29336  91.4894  9.56501
11.5  2.32478  90.4255  9.50923
11.5  2.35619  92.1875  9.60143
11.5  2.38761  91.3043  9.55533
11.5  2.41903  89.2857  9.44911
11.5  2.45044  91.8033  9.5814
11.5  2.48186  76.7442  8.76038
11.5  2.51327  91.3043  9.55533
11.5  2.54469  87.0968  9.33257
11.5  2.57611  77.1429  8.7831
11.5  2.60752  77.2727  8.79049
11.5  2.63894  78.5714  8.86405
11.5  2.67035  95  9.74679
11.5  2.70177  80  8.94427
11.5  2.73319  68.75  8.29156
11.5  2.7646  45  6.7082
11.5  2.79602  0  0
11.5  2.82743  0  0
11.5  2.85885  0  0
11.5  2.89027  0  0
11.5  2.92168  12.5  3.53553
11.5  2.9531  0  0
11.5  2.98451  0  0
11.5  3.01593  0  0
11.5  3.04734  0  0
11.5  3.07876  0  0
11.5  3.11018  0  0
11.75  0  0  0
11.75  0.0314159  0  0
11.75  0.0628319  0  0
11.75  0.0942478  0  0
11.75  0.125664  0  0
11.75  0.15708  0  0
11.75  0.188496  0  0
11.75  0.219911  0  0
11.75  0.251327  0  0
11.75  0.282743  0  0
11.75  0.314159  15.3846  3.92232
11.75  0.345575  33.3333  5.7735
11.75  0.376991  60  7.74597
11.75  0.408407  88.8889  9.42809
11.75  0.439823  78.9474  8.88523
11.75  0.471239  80.9524  8.99735
11.75  0.502655  83.3333  9.12871
11.75  0.534071  82.1429  9.06327
11.75  0.565487  77.7778  8.81917
11.75  0.596903  84  9.16515
11.75  0.628319  87.5  9.35414
11.75  0.659734  87.5  9.35414
11.75  0.69115  87.7193  9.36586
11.75  0.722566  89.3333  9.45163
11.75  0.753982  97.2222  9.86013
11.75  0.785398  87.6543  9.36239
11.75  0.816814  91.4894  9.56501
11.75  0.84823  95.2941  9.76187
11.75  0.879646  94.0476  9.69782
11.75  0.911062  92.7711  9.63177
11.75  0.942478  94.7368  9.73329
11.75  0.973894  95.4023  9.76741
11.75  1.00531  93.0233  9.64486
11.75  1.03673  98.6301  9.93127
11.75  1.06814  92  9.59166
11.75  1.09956  92.5926  9.6225
11.75  1.13097  94.9367  9.74355
11.75  1.16239  93.9394  9.69223
11.75  1.19381  97.0149  9.84962
11.75  1.22522  90.7692  9.52729
11.75  1.25664  100  10
11.75  1.28805  98.4127  9.92032
11.75  1.31947  97.2222  9.86013
11.75  1.35088  98.3333  9.91632
11.75  1.3823  100  10
11.75  1.41372  98.6842  9.93399
11.75  1.44513  100  10
11.75  1.47655  98.4127  9.92032
11.75  1.50796  100  10
11.75  1.53938  100  10
11.75  1.5708  96.7213  9.8347
11.75  1.60221  98.4127  9.92032
11.75  1.63363  100  10
11.75  1.66504  100  10
11.75  1.69646  98.3607  9.91769
11.75  1.72788  98.4615  9.92278
11.75  1.75929  98.2759  9.91342
11.75  1.79071  98.3051  9.91489
11.75  1.82212  94.6667  9.72968
11.75  1.85354  98.5294  9.9262
11.75  1.88496  98.6301  9.93127
11.75  1.91637  98.6667  9.93311
11.75  1.94779  95.7746  9.78645
11.75  1.9792  98.3871  9.91903
11.75  2.01062  92.8571  9.63624
11.75  2.04204  96.3415  9.81537
11.75  2.07345  92.1348  9.59869
11.75  2.10487  97.5  9.87421
11.75  2.13628  92.3913  9.61204
11.75  2.1677  91.2621  9.55312
11.75  2.19911  93.617  9.67559
11.75  2.23053  95.6989  9.78258
11.75  2.26195  91.5888  9.5702
11.75  2.29336  90.7895  9.52835
11.75  2.32478  89.7059  9.47132
11.75  2.35619  96.7213  9.8347
11.75  2.38761  88.5246  9.40875
11.75  2.41903  90  9.48683
11.75  2.45044  79.5455  8.91883
11.75  2.48186  88.6364  9.41469
11.75  2.51327  85.1064  9.22531
11.75  2.54469  83.3333  9.12871
11.75  2.57611  91.3043  9.55533
11.75  2.60752  81.4815  9.02671
11.75  2.63894  75  8.66025
11.75  2.67035  78.5714  8.86405
11.75  2.70177  76.4706  8.74475
11.75  2.73319  75  8.66025
11.75  2.7646  25  5
11.75  2.79602  0  0
11.75  2.82743  0  0
11.75  2.85885  0  0
11.75  2.89027  0  0
11.75  2.92168  0  0
11.75  2.9531  0  0
11.75  2.98451  100  10
11.75  3.01593  0  0
11.75  3.04734  0  0
11.75  3.07876  0  0
11.75  3.11018  0  0
12  0  0  0
12  0.0314159  0  0
12  0.0628319  0  0
12  0.0942478  0  0
12  0.125664  0  0
12  0.15708  0  0
12  0.188496  0  0
12  0.219911  0  0
12  0.251327  0  0
12  0.282743  0  0
12  0.314159  0  0
12  0.345575  60  7.74597
12  0.376991  70.8333  8.41625
12  0.408407  72.7273  8.52803
12  0.439823  62.5  7.90569
12  0.471239  87.0968  9.33257
12  0.502655  90.9091  9.53463
12  0.534071  90.625  9.51972
12  0.565487  70  8.3666
12  0.596903  93.4783  9.66842
12  0.628319  88.5714  9.41124
12  0.659734  95.9184  9.79379
12  0.69115  86.0465  9.27613
12  0.722566  94.0299  9.6969
12  0.753982  87.6923  9.36442
12  0.785398  93.5897  9.67418
12  0.816814  90.8046  9.52914
12  0.84823  93.75  9.68246
12  0.879646  95.6522  9.78019
12  0.911062  93.4066  9.66471
12  0.942478  91.8605  9.58439
12  0.973894  95.7143  9.78337
12  1.00531  94.8718  9.74022
12  1.03673  93.0233  9.64486
12  1.06814  94.5946  9.72598
12  1.09956  97.4684  9.87261
12  1.13097  98.8506  9.94236
12  1.16239  98.4848  9.92395
12  1.19381  97.4359  9.87096
12  1.22522  90.7692  9.52729
12  1.25664  97.0588  9.85184
12  1.28805  96.2963  9.81307
12  1.31947  98.7952  9.93958
12  1.35088  96.5517  9.82607
12  1.3823  100  10
12  1.41372  98.1818  9.90867
12  1.44513  100  10
12  1.47655  100  10
12  1.50796  100  10
12  1.53938  100  10
12  1.5708  100  10
12  1.60221  100  10
12  1.63363  100  10
12  1.66504  100  10
12  1.69646  100  10
12  1.72788  100  10
12  1.75929  100  10
12  1.79071  98.6486  9.9322
12  1.82212  98.5294  9.9262
12  1.85354  98.2143  9.91031
12  1.88496  98.4375  9.92157
12  1.91637  100  10
12  1.94779  96.9697  9.84732
12  1.9792  96.7742  9.83739
12  2.01062  95.8333  9.78945
12  2.04204  94.7917  9.7361
12  2.07345  96.5517  9.82607
12  2.10487  95.0617  9.74996
12  2.13628  95.8763  9.79164
12  2.1677  89.6907  9.47052
12  2.19911  93.75  9.68246
12  2.23053  92.1569  9.59984
12  2.26195  91.2088  9.55033
12  2.29336  93.6709  9.67837
12  2.32478  90.3614  9.50586
12  2.35619  90.6977  9.52353
12  2.38761  89.0411  9.43616
12  2.41903  86.4407  9.29735
12  2.45044  91.8033  9.5814
12  2.48186  87.7551  9.36777
12  2.51327  82.2222  9.06765
12  2.54469  87.8788  9.37437
12  2.57611  85.7143  9.2582
12  2.60752  83.871  9.15811
12  2.63894  66.6667  8.16497
12  2.67035  81.25  9.01388
12  2.70177  78.9474  8.88523
12  2.73319  74.0741  8.60663
12  2.7646  36.8421  6.06977
12  2.79602  8.33333  2.88675
12  2.82743  0  0
12  2.85885  0  0
12  2.89027  0  0
12  2.92168  0  0
12  2.9531  0  0
12  2.98451  0  0
12  3.01593  0  0
12  3.04734  0  0
12  3.07876  0  0
12  3.11018  0  0
12.25  0  0  0
12.25  0.0314159  0  0
12.25  0.0628319  0  0
12.25  0.0942478  0  0
12.25  0.125664  0  0
12.25  0.15708  0  0
12.25  0.188496  0  0
12.25  0.219911  0  0
12.25  0.251327  0  0
12.25  0.282743  0  0
12.25  0.314159  10  3.16228
12.25  0.345575  61.5385  7.84465
12.25  0.376991  56.25  7.5
12.25  0.408407  76.1905  8.72872
12.25  0.439823  80  8.94427
12.25  0.471239  76.1905  8.72872
12.25  0.502655  78.5714  8.86405
12.25  0.534071  95.8333  9.78945
12.25  0.565487  89.6552  9.46864
12.25  0.596903  86.0465  9.27613
12.25  0.628319  86.0465  9.27613
12.25  0.659734  86.2069  9.28477
12.25  0.69115  90.6977  9.52353
12.25  0.722566  93.2203  9.65507
12.25  0.753982  85.9155  9.26906
12.25  0.785398  93.4066  9.66471
12.25  0.816814  93.2584  9.65704
12.25  0.84823  93.4066  9.66471
12.25  0.879646  95.5556  9.77525
12.25  0.911062  90.9091  9.53463
12.25  0.942478  94.1748  9.70437
12.25  0.973894  95.5056  9.7727
12.25  1.00531  94.7917  9.7361
12.25  1.03673  98.5915  9.92933
12.25  1.06814  97.8495  9.89189
12.25  1.09956  93.8272  9.68644
12.25  1.13097  89.4737  9.45905
12.25  1.16239  97.1429  9.85611
12.25  1.19381  98.5294  9.9262
12.25  1.22522  100  10
12.25  1.25664  90.9091  9.53463
12.25  1.28805  97.0588  9.85184
12.25  1.31947  100  10
12.25  1.35088  98.1132  9.90521
12.25  1.3823  98.4127  9.92032
12.25  1.41372  98.5915  9.92933
12.25  1.44513  100  10
12.25  1.47655  98.5915  9.92933
12.25  1.50796  100  10
12.25  1.53938  100  10
12.25  1.5708  100  10
12.25  1.60221  100  10
12.25  1.63363  98.6111  9.93031
12.25  1.66504  100  10
12.25  1.69646  98.4375  9.92157
12.25  1.72788  96.1538  9.80581
12.25  1.75929  98.4375  9.92157
12.25  1.79071  96.7742  9.83739
12.25  1.82212  98.3871  9.91903
12.25  1.85354  98.6111  9.93031
12.25  1.88496  95.3846  9.7665
12.25  1.91637  91.7808  9.58023
12.25  1.94779  96.1538  9.80581
12.25  1.9792  94.7368  9.73329
12.25  2.01062  93.75  9.68246
12.25  2.04204  95.2941  9.76187
12.25  2.07345  94.8052  9.7368
12.25  2.10487  94.0594  9.69842
12.25  2.13628  93.617  9.67559
12.25  2.1677  94.3396  9.71286
12.25  2.19911  92.8571  9.63624
12.25  2.23053  88.0952  9.38591
12.25  2.26195  94.382  9.71504
12.25  2.29336  91.7526  9.57876
12.25  2.32478  95.6044  9.77775
12.25  2.35619  89.6104  9.46628
12.25  2.38761  92.5373  9.61963
12.25  2.41903  84.7826  9.20775
12.25  2.45044  87.5  9.35414
12.25  2.48186  81.4815  9.02671
12.25  2.51327  83.7838  9.15335
12.25  2.54469  94.2857  9.71008
12.25  2.57611  71.875  8.47791
12.25  2.60752  78.2609  8.84652
12.25  2.63894  87.0968  9.33257
12.25  2.67035  75.8621  8.70988
12.25  2.70177  84.6154  9.19866
12.25  2.73319  50  7.07107
12.25  2.7646  57.1429  7.55929
12.25  2.79602  11.7647  3.42997
12.25  2.82743  0  0
12.25  2.85885  0  0
12.25  2.89027  16.6667  4.08248
12.25  2.92168  0  0
12.25  2.9531  25  5
12.25  2.98451  0  0
12.25  3.01593  0  0
12.25  3.04734  0  0
12.25  3.07876  0  0
12.25  3.11018  0  0
12.5  0  0  0
12.5  0.0314159  0  0
12.5  0.0628319  0  0
12.5  0.0942478  0  0
12.5  0.125664  0  0
12.5  0.15708  0  0
12.5  0.188496  0  0
12.5  0.219911  0  0
12.5  0.251327  0  0
12.5  0.282743  0  0
12.5  0.314159  16.6667  4.08248
12.5  0.345575  68.75  8.29156
12.5  0.376991  87.5  9.35414
12.5  0.408407  70  8.3666
12.5  0.439823  76.6667  8.75595
12.5  0.471239  78.9474  8.88523
12.5  0.502655  86.1111  9.27961
12.5  0.534071  83.3333  9.12871
12.5  0.565487  84.0909  9.17011
12.5  0.596903  84.6154  9.19866
12.5  0.628319  89.4737  9.45905
12.5  0.659734  86.8852  9.32123
12.5  0.69115  88.4615  9.4054
12.5  0.722566  89.0625  9.43729
12.5  0.753982  86.25  9.28709
12.5  0.785398  94.898  9.74156
12.5  0.816814  92.8571  9.63624
12.5  0.84823  88.2353  9.39336
12.5  0.879646  85.567  9.25024
12.5  0.911062  97.6471  9.88165
12.5  0.942478  96.4286  9.81981
12.5  0.973894  93.1373  9.65076
12.5  1.00531  93.2432  9.65625
12.5  1.03673  93.0556  9.64653
12.5  1.06814  96.2025  9.80829
12.5  1.09956  95.1613  9.75506
12.5  1.13097  98.5714  9.92831
12.5  1.16239  94.2857  9.71008
12.5  1.19381  97.2973  9.86394
12.5  1.22522  96.2963  9.81307
12.5  1.25664  93.2203  9.65507
12.5  1.28805  97.2603  9.86206
12.5  1.31947  100  10
12.5  1.35088  96.4912  9.82299
12.5  1.3823  96  9.79796
12.5  1.41372  100  10
12.5  1.44513  100  10
12.5  1.47655  100  10
12.5  1.50796  100  10
12.5  1.53938  100  10
12.5  1.5708  100  10
12.5  1.60221  100  10
12.5  1.63363  98.6111  9.93031
12.5  1.66504  100  10
12.5  1.69646  98.6486  9.9322
12.5  1.72788  100  10
12.5  1.75929  97.4684  9.87261
12.5  1.79071  94.8454  9.73886
12.5  1.82212  98  9.89949
12.5  1.85354  98.4848  9.92395
12.5  1.88496  97.0588  9.85184
12.5  1.91637  94.6667  9.72968
12.5  1.94779  96.7213  9.8347
12.5  1.9792  95.8333  9.78945
12.5  2.01062  98.7805  9.93884
12.5  2.04204  92.5926  9.6225
12.5  2.07345  97.5309  9.87577
12.5  2.10487  95.5556  9.77525
12.5  2.13628  95.5556  9.77525
12.5  2.1677  91.3978  9.56022
12.5  2.19911  92.4731  9.61629
12.5  2.23053  94.9367  9.74355
12.5  2.26195  85  9.21954
12.5  2.29336  95.8904  9.79236
12.5  2.32478  91.7808  9.58023
12.5  2.35619  87.3418  9.34568
12.5  2.38761  88.4615  9.4054
12.5  2.41903  83.3333  9.12871
12.5  2.45044  88.0952  9.38591
12.5  2.48186  86.8852  9.32123
12.5  2.51327  82.9787  9.10927
12.5  2.54469  92.5  9.61769
12.5  2.57611  77.7778  8.81917
12.5  2.60752  90.4762  9.5119
12.5  2.63894  76.9231  8.77058
12.5  2.67035  85.7143  9.2582
12.5  2.70177  72  8.48528
12.5  2.73319  70  8.3666
12.5  2.7646  50  7.07107
12.5  2.79602  23.0769  4.80384
12.5  2.82743  0  0
12.5  2.85885  0  0
12.5  2.89027  0  0
12.5  2.92168  0  0
12.5  2.9531  0  0
12.5  2.98451  0  0
12.5  3.01593  0  0
12.5  3.04734  0  0
12.5  3.07876  0  0
12.5  3.11018  0  0
12.75  0  0  0
12.75  0.0314159  0  0
12.75  0.0628319  0  0
12.75  0.0942478  0  0
12.75  0.125664  0  0
12.75  0.15708  0  0
12.75  0.188496  0  0
12.75  0.219911  0  0
12.75  0.251327  0  0
12.75  0.282743  0  0
12.75  0.314159  14.2857  3.77964
12.75  0.345575  61.5385  7.84465
12.75  0.376991  75  8.66025
12.75  0.408407  68.4211  8.2717
12.75  0.439823  80  8.94427
12.75  0.471239  74.0741  8.60663
12.75  0.502655  86.9565  9.32505
12.75  0.534071  81.4815  9.02671
12.75  0.565487  84.6154  9.19866
12.75  0.596903  76.1905  8.72872
12.75  0.628319  86.6667  9.30949
12.75  0.659734  89.7959  9.47607
12.75  0.69115  88.2353  9.39336
12.75  0.722566  97.1831  9.85815
12.75  0.753982  90.9091  9.53463
12.75  0.785398  92.3077  9.60769
12.75  0.816814  95.6044  9.77775
12.75  0.84823  90.6542  9.52125
12.75  0.879646  92  9.59166
12.75  0.911062  96.0526  9.80064
12.75  0.942478  91.1765  9.54864
12.75  0.973894  96.0526  9.80064
12.75  1.00531  92.5  9.61769
12.75  1.03673  94.5946  9.72598
12.75  1.06814  94.0476  9.69782
12.75  1.09956  96.9697  9.84732
12.75  1.13097  91.4286  9.56183
12.75  1.16239  97.7011  9.88439
12.75  1.19381  100  10
12.75  1.22522  100  10
12.75  1.25664  100  10
12.75  1.28805  95.5224  9.77356
12.75  1.31947  98.3333  9.91632
12.75  1.35088  100  10
12.75  1.3823  100  10
12.75  1.41372  100  10
12.75  1.44513  100  10
12.75  1.47655  96.3636  9.8165
12.75  1.50796  98.7179  9.93569
12.75  1.53938  100  10
12.75  1.5708  100  10
12.75  1.60221  100  10
12.75  1.63363  100  10
12.75  1.66504  98.5294  9.9262
12.75  1.69646  96.5517  9.82607
12.75  1.72788  100  10
12.75  1.75929  98.7013  9.93485
12.75  1.79071  98.3333  9.91632
12.75  1.82212  94.2308  9.70725
12.75  1.85354  100  10
12.75  1.88496  96.2025  9.80829
12.75  1.91637  97.5904  9.87878
12.75  1.94779  95.9459  9.7952
12.75  1.9792  97.7011  9.88439
12.75  2.01062  97.3684  9.86754
12.75  2.04204  100  10
12.75  2.07345  95.3488  9.76467
12.75  2.10487  96.5517  9.82607
12.75  2.13628  91.358  9.55814
12.75  2.1677  92.7711  9.63177
12.75  2.19911  91.1111  9.54521
12.75  2.23053  91.3462  9.55752
12.75  2.26195  91.0891  9.54406
12.75  2.29336  92.0792  9.59579
12.75  2.32478  84.2857  9.18073
12.75  2.35619  90.8046  9.52914
12.75  2.38761  91.6667  9.57427
12.75  2.41903  89.2857  9.44911
12.75  2.45044  87.7551  9.36777
12.75  2.48186  87.7193  9.36586
12.75  2.51327  80  8.94427
12.75  2.54469  91.6667  9.57427
12.75  2.57611  80  8.94427
12.75  2.60752  90.9091  9.53463
12.75  2.63894  87.5  9.35414
12.75  2.67035  62.5  7.90569
12.75  2.70177  80  8.94427
12.75  2.73319  80  8.94427
12.75  2.7646  53.8462  7.33799
12.75  2.79602  10  3.16228
12.75  2.82743  0  0
12.75  2.85885  0  0
12.75  2.89027  0  0
12.75  2.92168  0  0
12.75  2.9531  0  0
12.75  2.98451  0  0
12.75  3.01593  0  0
12.75  3.04734  0  0
12.75  3.07876  0  0
12.75  3.11018  0  0
13  0  0  0
13  0.0314159  0  0
13  0.0628319  0  0
13  0.0942478  0  0
13  0.125664  0  0
13  0.15708  0  0
13  0.188496  0  0
13  0.219911  0  0
13  0.251327  0  0
13  0.282743  0  0
13  0.314159  16.6667  4.08248
13  0.345575  90.9091  9.53463
13  0.376991  66.6667  8.16497
13  0.408407  90  9.48683
13  0.439823  73.913  8.59727
13  0.471239  77.4194  8.79883
13  0.502655  76  8.7178
13  0.534071  93.1034  9.64901
13  0.565487  86.4865  9.29981
13  0.596903  85.7143  9.2582
13  0.628319  82.6087  9.08893
13  0.659734  89.0909  9.4388
13  0.69115  85.4167  9.24211
13  0.722566  94.4444  9.71825
13  0.753982  90.7692  9.52729
13  0.785398  88.8889  9.42809
13  0.816814  90.3614  9.50586
13  0.84823  89.5652  9.46389
13  0.879646  89.1304  9.44089
13  0.911062  90.1961  9.49716
13  0.942478  91.8605  9.58439
13  0.973894  96.7033  9.83378
13  1.00531  93.8272  9.68644
13  1.03673  92.4242  9.61375
13  1.06814  94.6667  9.72968
13  1.09956  92.6829  9.6272
13  1.13097  98.4848  9.92395
13  1.16239  98.5714  9.92831
13  1.19381  93.9394  9.69223
13  1.22522  98.3607  9.91769
13  1.25664  95.2381  9.759
13  1.28805  97.1831  9.85815
13  1.31947  98.5915  9.92933
13  1.35088  97.2973  9.86394
13  1.3823  100  10
13  1.41372  100  10
13  1.44513  95.2381  9.759
13  1.47655  100  10
13  1.50796  100  10
13  1.53938  98.3051  9.91489
13  1.5708  100  10
13  1.60221  100  10
13  1.63363  100  10
13  1.66504  100  10
13  1.69646  100  10
13  1.72788  100  10
13  1.75929  90  9.48683
13  1.79071  100  10
13  1.82212  94.5205  9.72217
13  1.85354  97.1429  9.85611
13  1.88496  94.2029  9.70582
13  1.91637  100  10
13  1.94779  96.9231  9.84495
13  1.9792  96  9.79796
13  2.01062  96.2963  9.81307
13  2.04204  97.4026  9.86928
13  2.07345  94.1176  9.70143
13  2.10487  90.1235  9.49334
13  2.13628  91.0448  9.54174
13  2.1677  93.9394  9.69223
13  2.19911  90.4762  9.5119
13  2.23053  94.898  9.74156
13  2.26195  93  9.64365
13  2.29336  90.5882  9.51779
13  2.32478  91.2088  9.55033
13  2.35619  93.8272  9.68644
13  2.38761  94.0476  9.69782
13  2.41903  92.0635  9.59497
13  2.45044  86.9565  9.32505
13  2.48186  80.8511  8.99172
13  2.51327  91.6667  9.57427
13  2.54469  92.8571  9.63624
13  2.57611  88.4615  9.4054
13  2.60752  70.8333  8.41625
13  2.63894  82.6087  9.08893
13  2.67035  100  10
13  2.70177  77.7778  8.81917
13  2.73319  71.4286  8.45154
13  2.7646  68.75  8.29156
13  2.79602  35.2941  5.94089
13  2.82743  0  0
13  2.85885  0  0
13  2.89027  0  0
13  2.92168  0  0
13  2.9531  0  0
13  2.98451  0  0
13  3.01593  0  0
13  3.04734  0  0
13  3.07876  0  0
13  3.11018  0  0
13.25  0  0  0
13.25  0.0314159  0  0
13.25  0.0628319  0  0
13.25  0.0942478  0  0
13.25  0.125664  0  0
13.25  0.15708  0  0
13.25  0.188496  11.1111  3.33333
13.25  0.219911  0  0
13.25  0.251327  0  0
13.25  0.282743  0  0
13.25  0.314159  27.2727  5.22233
13.25  0.345575  66.6667  8.16497
13.25  0.376991  63.6364  7.97724
13.25  0.408407  86.3636  9.2932
13.25  0.439823  76.4706  8.74475
13.25  0.471239  74.0741  8.60663
13.25  0.502655  87.0968  9.33257
13.25  0.534071  73.913  8.59727
13.25  0.565487  84.6154  9.19866
13.25  0.596903  97.1429  9.85611
13.25  0.628319  86.3636  9.2932
13.25  0.659734  83.9286  9.16125
13.25  0.69115  90.7407  9.52579
13.25  0.722566  93.5065  9.66988
13.25  0.753982  86.4865  9.29981
13.25  0.785398  82.716  9.09484
13.25  0.816814  91.9192  9.58745
13.25  0.84823  92.3077  9.60769
13.25  0.879646  91.8919  9.58603
13.25  0.911062  94.2529  9.70839
13.25  0.942478  91.5663  9.56903
13.25  0.973894  95.8904  9.79236
13.25  1.00531  96.4706  9.82194
13.25  1.03673  94.2029  9.70582
13.25  1.06814  94.8052  9.7368
13.25  1.09956  94.8052  9.7368
13.25  1.13097  98.7179  9.93569
13.25  1.16239  94.5205  9.72217
13.25  1.19381  96.5909  9.82807
13.25  1.22522  97.4684  9.87261
13.25  1.25664  96.8254  9.83999
13.25  1.28805  97.3333  9.86577
13.25  1.31947  95.5882  9.77692
13.25  1.35088  100  10
13.25  1.3823  100  10
13.25  1.41372  98.0769  9.90338
13.25  1.44513  100  10
13.25  1.47655  100  10
13.25  1.50796  100  10
13.25  1.53938  100  10
13.25  1.5708  100  10
13.25  1.60221  98.0392  9.90148
13.25  1.63363  100  10
13.25  1.66504  100  10
13.25  1.69646  100  10
13.25  1.72788  100  10
13.25  1.75929  100  10
13.25  1.79071  95.7143  9.78337
13.25  1.82212  100  10
13.25  1.85354  93.1034  9.64901
13.25  1.88496  96.1039  9.80326
13.25  1.91637  94.8052  9.7368
13.25  1.94779  97.2603  9.86206
13.25  1.9792  95.6522  9.78019
13.25  2.01062  97.1429  9.85611
13.25  2.04204  96.2025  9.80829
13.25  2.07345  95.4023  9.76741
13.25  2.10487  95.9184  9.79379
13.25  2.13628  95.4545  9.77008
13.25  2.1677  96.1538  9.80581
13.25  2.19911  83.6957  9.14853
13.25  2.23053  91.3462  9.55752
13.25  2.26195  92.3077  9.60769
13.25  2.29336  94.9367  9.74355
13.25  2.32478  92.6829  9.6272
13.25  2.35619  93.5897  9.67418
13.25  2.38761  93.6508  9.67733
13.25  2.41903  86.3014  9.28985
13.25  2.45044  81.9672  9.05357
13.25  2.48186  91.6667  9.57427
13.25  2.51327  91.4286  9.56183
13.25  2.54469  78.2609  8.84652
13.25  2.57611  86.6667  9.30949
13.25  2.60752  91.6667  9.57427
13.25  2.63894  76.9231  8.77058
13.25  2.67035  81.25  9.01388
13.25  2.70177  66.6667  8.16497
13.25  2.73319  70.8333  8.41625
13.25  2.7646  80  8.94427
13.25  2.79602  42.1053  6.48886
13.25  2.82743  6.66667  2.58199
13.25  2.85885  0  0
13.25  2.89027  0  0
13.25  2.92168  0  0
13.25  2.9531  0  0
13.25  2.98451  0  0
13.25  3.01593  0  0
13.25  3.04734  0  0
13.25  3.07876  0  0
13.25  3.11018  0  0
13.5  0  0  0
13.5  0.0314159  0  0
13.5  0.0628319  0  0
13.5  0.0942478  0  0
13.5  0.125664  0  0
13.5  0.15708  0  0
13.5  0.188496  0  0
13.5  0.219911  0  0
13.5  0.251327  0  0
13.5  0.282743  0  0
13.5  0.314159  61.5385  7.84465
13.5  0.345575  46.1538  6.79366
13.5  0.376991  73.6842  8.58395
13.5  0.408407  72.7273  8.52803
13.5  0.439823  85.7143  9.2582
13.5  0.471239  83.3333  9.12871
13.5  0.502655  86.6667  9.30949
13.5  0.534071  89.7436  9.47331
13.5  0.565487  89.6552  9.46864
13.5  0.596903  80.4348  8.96854
13.5  0.628319  83.7838  9.15335
13.5  0.659734  92  9.59166
13.5  0.69115  89.0625  9.43729
13.5  0.722566  88.6076  9.41316
13.5  0.753982  86.6667  9.30949
13.5  0.785398  95.7746  9.78645
13.5  0.816814  91.8367  9.58315
13.5  0.84823  88.8889  9.42809
13.5  0.879646  90.3614  9.50586
13.5  0.911062  92.381  9.6115
13.5  0.942478  95.5556  9.77525
13.5  0.973894  92.2222  9.60324
13.5  1.00531  94.382  9.71504
13.5  1.03673  95.2941  9.76187
13.5  1.06814  95.6522  9.78019
13.5  1.09956  98.8235  9.941
13.5  1.13097  97.3333  9.86577
13.5  1.16239  100  10
13.5  1.19381  98.4127  9.92032
13.5  1.22522  96.2264  9.80951
13.5  1.25664  97.1831  9.85815
13.5  1.28805  100  10
13.5  1.31947  97.4026  9.86928
13.5  1.35088  100  10
13.5  1.3823  100  10
13.5  1.41372  100  10
13.5  1.44513  98.7179  9.93569
13.5  1.47655  100  10
13.5  1.50796  96.7742  9.83739
13.5  1.53938  100  10
13.5  1.5708  100  10
13.5  1.60221  100  10
13.5  1.63363  100  10
13.5  1.66504  100  10
13.5  1.69646  100  10
13.5  1.72788  100  10
13.5  1.75929  98.6301  9.93127
13.5  1.79071  98.5507  9.92727
13.5  1.82212  96.8254  9.83999
13.5  1.85354  100  10
13.5  1.88496  95.082  9.751
13.5  1.91637  95.3846  9.7665
13.5  1.94779  98.4848  9.92395
13.5  1.9792  94.0299  9.6969
13.5  2.01062  93.0556  9.64653
13.5  2.04204  94.5205  9.72217
13.5  2.07345  97.7528  9.887
13.5  2.10487  95  9.74679
13.5  2.13628  96.1039  9.80326
13.5  2.1677  95  9.74679
13.5  2.19911  93.4066  9.66471
13.5  2.23053  94.0594  9.69842
13.5  2.26195  92.3077  9.60769
13.5  2.29336  93.617  9.67559
13.5  2.32478  93.5897  9.67418
13.5  2.35619  84.3373  9.18354
13.5  2.38761  88.0597  9.38401
13.5  2.41903  86  9.27362
13.5  2.45044  83.3333  9.12871
13.5  2.48186  83.3333  9.12871
13.5  2.51327  88.2353  9.39336
13.5  2.54469  86.6667  9.30949
13.5  2.57611  85.7143  9.2582
13.5  2.60752  86.3636  9.2932
13.5  2.63894  92.3077  9.60769
13.5  2.67035  68.1818  8.25723
13.5  2.70177  64.7059  8.044
13.5  2.73319  57.1429  7.55929
13.5  2.7646  58.3333  7.63763
13.5  2.79602  57.1429  7.55929
13.5  2.82743  0  0
13.5  2.85885  0  0
13.5  2.89027  0  0
13.5  2.92168  0  0
13.5  2.9531  0  0
13.5  2.98451  0  0
13.5  3.01593  0  0
13.5  3.04734  0  0
13.5  3.07876  0  0
13.5  3.11018  0  0
13.75  0  0  0
13.75  0.0314159  0  0
13.75  0.0628319  0  0
13.75  0.0942478  0  0
13.75  0.125664  0  0
13.75  0.15708  0  0
13.75  0.188496  0  0
13.75  0.219911  33.3333  5.7735
13.75  0.251327  0  0
13.75  0.282743  0  0
13.75  0.314159  45.4545  6.742
13.75  0.345575  68.75  8.29156
13.75  0.376991  80  8.94427
13.75  0.408407  58.8235  7.66965
13.75  0.439823  80  8.94427
13.75  0.471239  88  9.38083
13.75  0.502655  79.4118  8.91133
13.75  0.534071  80.7692  8.98717
13.75  0.565487  91.1765  9.54864
13.75  0.596903  87.8049  9.37043
13.75  0.628319  85.1852  9.22958
13.75  0.659734  89.8305  9.4779
13.75  0.69115  92.9825  9.64274
13.75  0.722566  91.0448  9.54174
13.75  0.753982  91.6667  9.57427
13.75  0.785398  91.4286  9.56183
13.75  0.816814  90.1235  9.49334
13.75  0.84823  90.4255  9.50923
13.75  0.879646  98.8372  9.94169
13.75  0.911062  95.7447  9.78492
13.75  0.942478  95.3846  9.7665
13.75  0.973894  94.6237  9.72747
13.75  1.00531  98.7952  9.93958
13.75  1.03673  88.3117  9.39743
13.75  1.06814  92.2078  9.60249
13.75  1.09956  93.0233  9.64486
13.75  1.13097  98.6301  9.93127
13.75  1.16239  97.3684  9.86754
13.75  1.19381  100  10
13.75  1.22522  98.6111  9.93031
13.75  1.25664  98.6111  9.93031
13.75  1.28805  98.6301  9.93127
13.75  1.31947  100  10
13.75  1.35088  98.3607  9.91769
13.75  1.3823  98.7013  9.93485
13.75  1.41372  96.4912  9.82299
13.75  1.44513  100  10
13.75  1.47655  98.6301  9.93127
13.75  1.50796  98.1818  9.90867
13.75  1.53938  100  10
13.75  1.5708  100  10
13.75  1.60221  100  10
13.75  1.63363  100  10
13.75  1.66504  100  10
13.75  1.69646  100  10
13.75  1.72788  97.2973  9.86394
13.75  1.75929  100  10
13.75  1.79071  98.5075  9.92509
13.75  1.82212  100  10
13.75  1.85354  91.4286  9.56183
13.75  1.88496  100  10
13.75  1.91637  100  10
13.75  1.94779  96.9231  9.84495
13.75  1.9792  94.7368  9.73329
13.75  2.01062  96.7742  9.83739
13.75  2.04204  96.7391  9.83561
13.75  2.07345  93.8272  9.68644
13.75  2.10487  96.8085  9.83913
13.75  2.13628  92.7711  9.63177
13.75  2.1677  95.3704  9.76578
13.75  2.19911  93.8776  9.68904
13.75  2.23053  95.3488  9.76467
13.75  2.26195  89.2157  9.44541
13.75  2.29336  95.1807  9.75606
13.75  2.32478  90.2439  9.49968
13.75  2.35619  87.8378  9.37218
13.75  2.38761  94.2029  9.70582
13.75  2.41903  84  9.16515
13.75  2.45044  82.6087  9.08893
13.75  2.48186  90.2439  9.49968
13.75  2.51327  87.8049  9.37043
13.75  2.54469  72.7273  8.52803
13.75  2.57611  76.9231  8.77058
13.75  2.60752  95.6522  9.78019
13.75  2.63894  66.6667  8.16497
13.75  2.67035  78.5714  8.86405
13.75  2.70177  76  8.7178
13.75  2.73319  46.6667  6.8313
13.75  2.7646  66.6667  8.16497
13.75  2.79602  57.1429  7.55929
13.75  2.82743  0  0
13.75  2.85885  0  0
13.75  2.89027  0  0
13.75  2.92168  0  0
13.75  2.9531  0  0
13.75  2.98451  0  0
13.75  3.01593  0  0
13.75  3.04734  0  0
13.75  3.07876  0  0
13.75  3.11018  0  0
14  0  0  0
14  0.0314159  0  0
14  0.0628319  0  0
14  0.0942478  0  0
14  0.125664  0  0
14  0.15708  0  0
14  0.188496  0  0
14  0.219911  0  0
14  0.251327  12.5  3.53553
14  0.282743  0  0
14  0.314159  64.7059  8.044
14  0.345575  77.7778  8.81917
14  0.376991  68.75  8.29156
14  0.408407  88.8889  9.42809
14  0.439823  83.3333  9.12871
14  0.471239  78.2609  8.84652
14  0.502655  82.1429  9.06327
14  0.534071  76.9231  8.77058
14  0.565487  85.3659  9.23936
14  0.596903  87.5  9.35414
14  0.628319  86  9.27362
14  0.659734  94.8276  9.73795
14  0.69115  77.551  8.80631
14  0.722566  93.1507  9.65146
14  0.753982  91.4634  9.56365
14  0.785398  90.9091  9.53463
14  0.816814  93.4066  9.66471
14  0.84823  92.3077  9.60769
14  0.879646  92.0792  9.59579
14  0.911062  96.2963  9.81307
14  0.942478  95.5056  9.7727
14  0.973894  88.7755  9.42208
14  1.00531  98.8095  9.9403
14  1.03673  93.5065  9.66988
14  1.06814  91.6667  9.57427
14  1.09956  92.8571  9.63624
14  1.13097  95  9.74679
14  1.16239  97.1831  9.85815
14  1.19381  93.8462  9.68742
14  1.22522  97.4684  9.87261
14  1.25664  96.4706  9.82194
14  1.28805  98  9.89949
14  1.31947  98.6842  9.93399
14  1.35088  100  10
14  1.3823  96.9231  9.84495
14  1.41372  98.3333  9.91632
14  1.44513  98.4848  9.92395
14  1.47655  98.6111  9.93031
14  1.50796  98.3871  9.91903
14  1.53938  100  10
14  1.5708  100  10
14  1.60221  100  10
14  1.63363  100  10
14  1.66504  100  10
14  1.69646  95  9.74679
14  1.72788  95.8904  9.79236
14  1.75929  96.6667  9.83192
14  1.79071  98.6667  9.93311
14  1.82212  95.9459  9.7952
14  1.85354  98.6301  9.93127
14  1.88496  97.2973  9.86394
14  1.91637  95.4545  9.77008
14  1.94779  95.7746  9.78645
14  1.9792  97.7528  9.887
14  2.01062  95.6522  9.78019
14  2.04204  94.2857  9.71008
14  2.07345  98.8095  9.9403
14  2.10487  95.8904  9.79236
14  2.13628  92.8571  9.63624
14  2.1677  89.7959  9.47607
14  2.19911  92.233  9.6038
14  2.23053  89.2562  9.44755
14  2.26195  89.7959  9.47607
14  2.29336  92.1348  9.59869
14  2.32478  88.0597  9.38401
14  2.35619  90.6667  9.5219
14  2.38761  91.8919  9.58603
14  2.41903  90.7407  9.52579
14  2.45044  92.8571  9.63624
14  2.48186  91.1111  9.54521
14  2.51327  81.5789  9.03211
14  2.54469  93.1034  9.64901
14  2.57611  90.3226  9.50382
14  2.60752  76  8.7178
14  2.63894  77.4194  8.79883
14  2.67035  76.6667  8.75595
14  2.70177  57.8947  7.60886
14  2.73319  70  8.3666
14  2.7646  50  7.07107
14  2.79602  40  6.32456
14  2.82743  18.1818  4.26401
14  2.85885  0  0
14  2.89027  0  0
14  2.92168  0  0
14  2.9531  0  0
14  2.98451  0  0
14  3.01593  0  0
14  3.04734  0  0
14  3.07876  0  0
14  3.11018  0  0
14.25  0  0  0
14.25  0.0314159  0  0
14.25  0.0628319  0  0
14.25  0.0942478  100  10
14.25  0.125664  0  0
14.25  0.15708  0  0
14.25  0.188496  0  0
14.25  0.219911  0  0
14.25  0.251327  0  0
14.25  0.282743  9.09091  3.01511
14.25  0.314159  66.6667  8.16497
14.25  0.345575  82.3529  9.07485
14.25  0.376991  66.6667  8.16497
14.25  0.408407  76  8.7178
14.25  0.439823  79.1667  8.89757
14.25  0.471239  86.3636  9.2932
14.25  0.502655  68.9655  8.30455
14.25  0.534071  69.697  8.34847
14.25  0.565487  77.5  8.80341
14.25  0.596903  86.0465  9.27613
14.25  0.628319  93.0233  9.64486
14.25  0.659734  84.4828  9.19145
14.25  0.69115  93.1507  9.65146
14.25  0.722566  90.1408  9.49425
14.25  0.753982  88.8889  9.42809
14.25  0.785398  91.5663  9.56903
14.25  0.816814  92.5926  9.6225
14.25  0.84823  87.5  9.35414
14.25  0.879646  91.6667  9.57427
14.25  0.911062  88.8889  9.42809
14.25  0.942478  94.5205  9.72217
14.25  0.973894  95.6522  9.78019
14.25  1.00531  88.2353  9.39336
14.25  1.03673  98.3333  9.91632
14.25  1.06814  95.122  9.75305
14.25  1.09956  91.1765  9.54864
14.25  1.13097  95  9.74679
14.25  1.16239  98.6301  9.93127
14.25  1.19381  98.6842  9.93399
14.25  1.22522  97.561  9.8773
14.25  1.25664  97.1831  9.85815
14.25  1.28805  98.6111  9.93031
14.25  1.31947  100  10
14.25  1.35088  97.5  9.87421
14.25  1.3823  98.6842  9.93399
14.25  1.41372  96.4286  9.81981
14.25  1.44513  98.2759  9.91342
14.25  1.47655  100  10
14.25  1.50796  100  10
14.25  1.53938  100  10
14.25  1.5708  100  10
14.25  1.60221  100  10
14.25  1.63363  100  10
14.25  1.66504  100  10
14.25  1.69646  100  10
14.25  1.72788  94.3396  9.71286
14.25  1.75929  96.0784  9.80196
14.25  1.79071  98.5075  9.92509
14.25  1.82212  98.6842  9.93399
14.25  1.85354  97.0149  9.84962
14.25  1.88496  94.6667  9.72968
14.25  1.91637  97.2222  9.86013
14.25  1.94779  100  10
14.25  1.9792  96.875  9.84251
14.25  2.01062  96.6292  9.83002
14.25  2.04204  97.5904  9.87878
14.25  2.07345  96.25  9.81071
14.25  2.10487  93.9394  9.69223
14.25  2.13628  97.619  9.88024
14.25  2.1677  96.6292  9.83002
14.25  2.19911  90.8046  9.52914
14.25  2.23053  95  9.74679
14.25  2.26195  94.3396  9.71286
14.25  2.29336  92.5  9.61769
14.25  2.32478  86.6667  9.30949
14.25  2.35619  91.358  9.55814
14.25  2.38761  83.3333  9.12871
14.25  2.41903  94.7368  9.73329
14.25  2.45044  90.7407  9.52579
14.25  2.48186  78.0488  8.83452
14.25  2.51327  93.1034  9.64901
14.25  2.54469  86.2069  9.28477
14.25  2.57611  84  9.16515
14.25  2.60752  82.8571  9.10259
14.25  2.63894  83.3333  9.12871
14.25  2.67035  72.7273  8.52803
14.25  2.70177  84.6154  9.19866
14.25  2.73319  64.2857  8.01784
14.25  2.7646  57.8947  7.60886
14.25  2.79602  70.5882  8.40168
14.25  2.82743  22.2222  4.71405
14.25  2.85885  0  0
14.25  2.89027  0  0
14.25  2.92168  0  0
14.25  2.9531  0  0
14.25  2.98451  0  0
14.25  3.01593  0  0
14.25  3.04734  0  0
14.25  3.07876  0  0
14.25  3.11018  0  0
14.5  0  0  0
14.5  0.0314159  0  0
14.5  0.0628319  0  0
14.5  0.0942478  0  0
14.5  0.125664  0  0
14.5  0.15708  0  0
14.5  0.188496  0  0
14.5  0.219911  0  0
14.5  0.251327  0  0
14.5  0.282743  16.6667  4.08248
14.5  0.314159  63.6364  7.97724
14.5  0.345575  40  6.32456
14.5  0.376991  66.6667  8.16497
14.5  0.408407  68.1818  8.25723
14.5  0.439823  62.5  7.90569
14.5  0.471239  84.6154  9.19866
14.5  0.502655  81.8182  9.04534
14.5  0.534071  85  9.21954
14.5  0.565487  66.6667  8.16497
14.5  0.596903  95  9.74679
14.5  0.628319  86.9565  9.32505
14.5  0.659734  88.8889  9.42809
14.5  0.69115  91.5493  9.56814
14.5  0.722566  89.2308  9.4462
14.5  0.753982  89.5522  9.4632
14.5  0.785398  93.5065  9.66988
14.5  0.816814  91.5789  9.56969
14.5  0.84823  86.25  9.28709
14.5  0.879646  96.1165  9.8039
14.5  0.911062  91.5888  9.5702
14.5  0.942478  90  9.48683
14.5  0.973894  96.1039  9.80326
14.5  1.00531  92.1348  9.59869
14.5  1.03673  98.6301  9.93127
14.5  1.06814  98.7805  9.93884
14.5  1.09956  95.4545  9.77008
14.5  1.13097  100  10
14.5  1.16239  96.3415  9.81537
14.5  1.19381  96.4286  9.81981
14.5  1.22522  96.9697  9.84732
14.5  1.25664  100  10
14.5  1.28805  96.7742  9.83739
14.5  1.31947  100  10
14.5  1.35088  100  10
14.5  1.3823  96.7742  9.83739
14.5  1.41372  100  10
14.5  1.44513  100  10
14.5  1.47655  100  10
14.5  1.50796  100  10
14.5  1.53938  100  10
14.5  1.5708  100  10
14.5  1.60221  100  10
14.5  1.63363  100  10
14.5  1.66504  100  10
14.5  1.69646  97.0149  9.84962
14.5  1.72788  100  10
14.5  1.75929  98.6667  9.93311
14.5  1.79071  95.6522  9.78019
14.5  1.82212  96.9231  9.84495
14.5  1.85354  97.4359  9.87096
14.5  1.88496  95.3488  9.76467
14.5  1.91637  94.6667  9.72968
14.5  1.94779  98.6301  9.93127
14.5  1.9792  95.5882  9.77692
14.5  2.01062  92.4242  9.61375
14.5  2.04204  93.0556  9.64653
14.5  2.07345  93.4783  9.66842
14.5  2.10487  95.8333  9.78945
14.5  2.13628  96.8085  9.83913
14.5  2.1677  97.561  9.8773
14.5  2.19911  94.3182  9.71175
14.5  2.23053  94.1748  9.70437
14.5  2.26195  94.8718  9.74022
14.5  2.29336  89.4118  9.45578
14.5  2.32478  90.7216  9.52479
14.5  2.35619  88.8889  9.42809
14.5  2.38761  89.5522  9.4632
14.5  2.41903  83.9286  9.16125
14.5  2.45044  91.1111  9.54521
14.5  2.48186  87.8049  9.37043
14.5  2.51327  90.6977  9.52353
14.5  2.54469  76.3158  8.73589
14.5  2.57611  78.3784  8.85316
14.5  2.60752  77.4194  8.79883
14.5  2.63894  84.6154  9.19866
14.5  2.67035  90.4762  9.5119
14.5  2.70177  84.2105  9.17663
14.5  2.73319  75  8.66025
14.5  2.7646  75  8.66025
14.5  2.79602  62.5  7.90569
14.5  2.82743  12.5  3.53553
14.5  2.85885  0  0
14.5  2.89027  0  0
14.5  2.92168  0  0
14.5  2.9531  0  0
14.5  2.98451  0  0
14.5  3.01593  0  0
14.5  3.04734  0  0
14.5  3.07876  0  0
14.5  3.11018  0  0
14.75  0  0  0
14.75  0.0314159  0  0
14.75  0.0628319  0  0
14.75  0.0942478  0  0
14.75  0.125664  0  0
14.75  0.15708  0  0
14.75  0.188496  0  0
14.75  0.219911  0  0
14.75  0.251327  7.69231  2.7735
14.75  0.282743  0  0
14.75  0.314159  46.1538  6.79366
14.75  0.345575  50  7.07107
14.75  0.376991  50  7.07107
14.75  0.408407  78.2609  8.84652
14.75  0.439823  81.8182  9.04534
14.75  0.471239  82.7586  9.09718
14.75  0.502655  81.4815  9.02671
14.75  0.534071  85.1064  9.22531
14.75  0.565487  70  8.3666
14.75  0.596903  81.3953  9.02194
14.75  0.628319  86.6667  9.30949
14.75  0.659734  89.6552  9.46864
14.75  0.69115  91.9355  9.5883
14.75  0.722566  91.3043  9.55533
14.75  0.753982  85.7143  9.2582
14.75  0.785398  85.7143  9.2582
14.75  0.816814  91.6667  9.57427
14.75  0.84823  93.8144  9.68579
14.75  0.879646  91.7808  9.58023
14.75  0.911062  95.6044  9.77775
14.75  0.942478  93.617  9.67559
14.75  0.973894  90.9091  9.53463
14.75  1.00531  94.382  9.71504
14.75  1.03673  96.3415  9.81537
14.75  1.06814  91.5663  9.56903
14.75  1.09956  92.4242  9.61375
14.75  1.13097  97.7273  9.88571
14.75  1.16239  98.6301  9.93127
14.75  1.19381  95.5056  9.7727
14.75  1.22522  92.3077  9.60769
14.75  1.25664  97.2222  9.86013
14.75  1.28805  100  10
14.75  1.31947  95.7143  9.78337
14.75  1.35088  98.3607  9.91769
14.75  1.3823  95.8333  9.78945
14.75  1.41372  100  10
14.75  1.44513  100  10
14.75  1.47655  98.1481  9.90697
14.75  1.50796  98.5507  9.92727
14.75  1.53938  100  10
14.75  1.5708  100  10
14.75  1.60221  98.4615  9.92278
14.75  1.63363  97.1014  9.85401
14.75  1.66504  100  10
14.75  1.69646  100  10
14.75  1.72788  100  10
14.75  1.75929  98.5075  9.92509
14.75  1.79071  100  10
14.75  1.82212  100  10
14.75  1.85354  100  10
14.75  1.88496  97.5309  9.87577
14.75  1.91637  90.4762  9.5119
14.75  1.94779  94.2857  9.71008
14.75  1.9792  98.6486  9.9322
14.75  2.01062  92.5  9.61769
14.75  2.04204  96.4912  9.82299
14.75  2.07345  94.8052  9.7368
14.75  2.10487  87.6543  9.36239
14.75  2.13628  97.2222  9.86013
14.75  2.1677  97  9.84886
14.75  2.19911  92.6316  9.62453
14.75  2.23053  92.3077  9.60769
14.75  2.26195  91  9.53939
14.75  2.29336  88  9.38083
14.75  2.32478  91.0112  9.53998
14.75  2.35619  88.4058  9.40244
14.75  2.38761  91.1765  9.54864
14.75  2.41903  92  9.59166
14.75  2.45044  84.0909  9.17011
14.75  2.48186  94.4444  9.71825
14.75  2.51327  77.2727  8.79049
14.75  2.54469  77.7778  8.81917
14.75  2.57611  82.7586  9.09718
14.75  2.60752  91.3043  9.55533
14.75  2.63894  82.6087  9.08893
14.75  2.67035  65.5172  8.09427
14.75  2.70177  78.5714  8.86405
14.75  2.73319  76.4706  8.74475
14.75  2.7646  75  8.66025
14.75  2.79602  50  7.07107
14.75  2.82743  11.1111  3.33333
14.75  2.85885  0  0
14.75  2.89027  0  0
14.75  2.92168  0  0
14.75  2.9531  0  0
14.75  2.98451  0  0
14.75  3.01593  0  0
14.75  3.04734  0  0
14.75  3.07876  0  0
14.75  3.11018  0  0
15  0  0  0
15  0.0314159  0  0
15  0.0628319  0  0
15  0.0942478  0  0
15  0.125664  0  0
15  0.15708  0  0
15  0.188496  0  0
15  0.219911  0  0
15  0.251327  0  0
15  0.282743  0  0
15  0.314159  69.2308  8.3205
15  0.345575  76.9231  8.77058
15  0.376991  75  8.66025
15  0.408407  61.9048  7.86796
15  0.439823  75  8.66025
15  0.471239  68.4211  8.2717
15  0.502655  80.7692  8.98717
15  0.534071  86.6667  9.30949
15  0.565487  87.5  9.35414
15  0.596903  87.5  9.35414
15  0.628319  94.7368  9.73329
15  0.659734  88.6364  9.41469
15  0.69115  85.7143  9.2582
15  0.722566  95.8904  9.79236
15  0.753982  85.8974  9.26809
15  0.785398  88.9908  9.43349
15  0.816814  94.3182  9.71175
15  0.84823  90.6977  9.52353
15  0.879646  94.382  9.71504
15  0.911062  93.9024  9.69033
15  0.942478  97.7273  9.88571
15  0.973894  92.9412  9.6406
15  1.00531  93.0233  9.64486
15  1.03673  95.2381  9.759
15  1.06814  96.3855  9.81761
15  1.09956  93.4066  9.66471
15  1.13097  93.5897  9.67418
15  1.16239  96  9.79796
15  1.19381  93.8272  9.68644
15  1.22522  97.2222  9.86013
15  1.25664  98.5915  9.92933
15  1.28805  98.0392  9.90148
15  1.31947  100  10
15  1.35088  97.1831  9.85815
15  1.3823  100  10
15  1.41372  96.6667  9.83192
15  1.44513  98.1481  9.90697
15  1.47655  100  10
15  1.50796  100  10
15  1.53938  100  10
15  1.5708  100  10
15  1.60221  100  10
15  1.63363  100  10
15  1.66504  100  10
15  1.69646  100  10
15  1.72788  96.3636  9.8165
15  1.75929  97.2603  9.86206
15  1.79071  100  10
15  1.82212  97.1831  9.85815
15  1.85354  98.5294  9.9262
15  1.88496  94.3396  9.71286
15  1.91637  95.8904  9.79236
15  1.94779  98.3607  9.91769
15  1.9792  95.8333  9.78945
15  2.01062  98.6842  9.93399
15  2.04204  97.0588  9.85184
15  2.07345  91.8919  9.58603
15  2.10487  94.6237  9.72747
15  2.13628  94.1176  9.70143
15  2.1677  95.7895  9.78721
15  2.19911  91.9192  9.58745
15  2.23053  89.2473  9.44708
15  2.26195  86.5385  9.30261
15  2.29336  93.6842  9.67906
15  2.32478  90.3614  9.50586
15  2.35619  91.25  9.55249
15  2.38761  90.7692  9.52729
15  2.41903  82.6087  9.08893
15  2.45044  88.8889  9.42809
15  2.48186  85.7143  9.2582
15  2.51327  82.9787  9.10927
15  2.54469  85.2941  9.23548
15  2.57611  83.871  9.15811
15  2.60752  81.8182  9.04534
15  2.63894  70.8333  8.41625
15  2.67035  82.3529  9.07485
15  2.70177  64.7059  8.044
15  2.73319  82.3529  9.07485
15  2.7646  47.0588  6.85994
15  2.79602  42.8571  6.54654
15  2.82743  31.25  5.59017
15  2.85885  0  0
15  2.89027  0  0
15  2.92168  0  0
15  2.9531  0  0
15  2.98451  0  0
15  3.01593  0  0
15  3.04734  0  0
15  3.07876  0  0
15  3.11018  0  0
15.25  0  0  0
15.25  0.0314159  0  0
15.25  0.0628319  0  0
15.25  0.0942478  0  0
15.25  0.125664  0  0
15.25  0.15708  0  0
15.25  0.188496  0  0
15.25  0.219911  0  0
15.25  0.251327  7.69231  2.7735
15.25  0.282743  10  3.16228
15.25  0.314159  62.5  7.90569
15.25  0.345575  52.9412  7.27607
15.25  0.376991  78.9474  8.88523
15.25  0.408407  90.9091  9.53463
15.25  0.439823  65  8.06226
15.25  0.471239  75  8.66025
15.25  0.502655  85.1852  9.22958
15.25  0.534071  89.2857  9.44911
15.25  0.565487  86.4865  9.29981
15.25  0.596903  91.8919  9.58603
15.25  0.628319  87.8049  9.37043
15.25  0.659734  89.8305  9.4779
15.25  0.69115  87.2727  9.34199
15.25  0.722566  88.7097  9.41858
15.25  0.753982  90.9091  9.53463
15.25  0.785398  81.0127  9.0007
15.25  0.816814  93.4579  9.66736
15.25  0.84823  93.4783  9.66842
15.25  0.879646  94  9.69536
15.25  0.911062  87.0968  9.33257
15.25  0.942478  95.0617  9.74996
15.25  0.973894  94.8052  9.7368
15.25  1.00531  88.4058  9.40244
15.25  1.03673  97.5309  9.87577
15.25  1.06814  97.5309  9.87577
15.25  1.09956  95.5882  9.77692
15.25  1.13097  96.1538  9.80581
15.25  1.16239  97.2603  9.86206
15.25  1.19381  96.7742  9.83739
15.25  1.22522  100  10
15.25  1.25664  93.8462  9.68742
15.25  1.28805  98.7654  9.93808
15.25  1.31947  98.6486  9.9322
15.25  1.35088  96.875  9.84251
15.25  1.3823  98.6111  9.93031
15.25  1.41372  96.4912  9.82299
15.25  1.44513  96.9231  9.84495
15.25  1.47655  100  10
15.25  1.50796  100  10
15.25  1.53938  100  10
15.25  1.5708  100  10
15.25  1.60221  100  10
15.25  1.63363  98.3607  9.91769
15.25  1.66504  100  10
15.25  1.69646  98.6301  9.93127
15.25  1.72788  97.3333  9.86577
15.25  1.75929  98.3051  9.91489
15.25  1.79071  98.1132  9.90521
15.25  1.82212  98.3051  9.91489
15.25  1.85354  97.1014  9.85401
15.25  1.88496  96.4912  9.82299
15.25  1.91637  98.6301  9.93127
15.25  1.94779  94.8052  9.7368
15.25  1.9792  96.2963  9.81307
15.25  2.01062  96.5517  9.82607
15.25  2.04204  93.9394  9.69223
15.25  2.07345  97.7528  9.887
15.25  2.10487  94.2308  9.70725
15.25  2.13628  93.75  9.68246
15.25  2.1677  92.3077  9.60769
15.25  2.19911  96.2264  9.80951
15.25  2.23053  91.0112  9.53998
15.25  2.26195  95.3488  9.76467
15.25  2.29336  87.6543  9.36239
15.25  2.32478  84.7222  9.20447
15.25  2.35619  92.5926  9.6225
15.25  2.38761  93.2432  9.65625
15.25  2.41903  90.3846  9.50708
15.25  2.45044  91.4286  9.56183
15.25  2.48186  83.3333  9.12871
15.25  2.51327  93.75  9.68246
15.25  2.54469  84.7826  9.20775
15.25  2.57611  88  9.38083
15.25  2.60752  90.625  9.51972
15.25  2.63894  75  8.66025
15.25  2.67035  82.1429  9.06327
15.25  2.70177  52.381  7.23747
15.25  2.73319  80  8.94427
15.25  2.7646  42.1053  6.48886
15.25  2.79602  50  7.07107
15.25  2.82743  40  6.32456
15.25  2.85885  12.5  3.53553
15.25  2.89027  0  0
15.25  2.92168  0  0
15.25  2.9531  0  0
15.25  2.98451  0  0
15.25  3.01593  50  7.07107
15.25  3.04734  0  0
15.25  3.07876  0  0
15.25  3.11018  0  0
15.5  0  0  0
15.5  0.0314159  0  0
15.5  0.0628319  0  0
15.5  0.0942478  0  0
15.5  0.125664  0  0
15.5  0.15708  0  0
15.5  0.188496  0  0
15.5  0.219911  0  0
15.5  0.251327  0  0
15.5  0.282743  9.09091  3.01511
15.5  0.314159  54.5455  7.38549
15.5  0.345575  58.3333  7.63763
15.5  0.376991  82.3529  9.07485
15.5  0.408407  69.5652  8.34058
15.5  0.439823  72.7273  8.52803
15.5  0.471239  69.5652  8.34058
15.5  0.502655  66.6667  8.16497
15.5  0.534071  81.8182  9.04534
15.5  0.565487  93.5484  9.67204
15.5  0.596903  88.5714  9.41124
15.5  0.628319  82.2222  9.06765
15.5  0.659734  98.3333  9.91632
15.5  0.69115  85.4545  9.24416
15.5  0.722566  93.9394  9.69223
15.5  0.753982  93.75  9.68246
15.5  0.785398  90.6977  9.52353
15.5  0.816814  91.5888  9.5702
15.5  0.84823  89.7959  9.47607
15.5  0.879646  94.0594  9.69842
15.5  0.911062  89.0244  9.43527
15.5  0.942478  93.4783  9.66842
15.5  0.973894  91.5663  9.56903
15.5  1.00531  88.3721  9.40064
15.5  1.03673  91.358  9.55814
15.5  1.06814  89.8551  9.47919
15.5  1.09956  89.3939  9.45484
15.5  1.13097  93.6508  9.67733
15.5  1.16239  100  10
15.5  1.19381  95  9.74679
15.5  1.22522  98.4848  9.92395
15.5  1.25664  95.5882  9.77692
15.5  1.28805  95.4545  9.77008
15.5  1.31947  97.0149  9.84962
15.5  1.35088  98.7179  9.93569
15.5  1.3823  100  10
15.5  1.41372  100  10
15.5  1.44513  98.5075  9.92509
15.5  1.47655  100  10
15.5  1.50796  100  10
15.5  1.53938  100  10
15.5  1.5708  100  10
15.5  1.60221  100  10
15.5  1.63363  97.2222  9.86013
15.5  1.66504  96.9231  9.84495
15.5  1.69646  98.6486  9.9322
15.5  1.72788  93.3333  9.66092
15.5  1.75929  100  10
15.5  1.79071  96.7742  9.83739
15.5  1.82212  95.3125  9.76281
15.5  1.85354  97.1831  9.85815
15.5  1.88496  100  10
15.5  1.91637  97.7273  9.88571
15.5  1.94779  98.8764  9.94366
15.5  1.9792  92.6471  9.62533
15.5  2.01062  94.2857  9.71008
15.5  2.04204  95.4545  9.77008
15.5  2.07345  97.561  9.8773
15.5  2.10487  98.8889  9.94429
15.5  2.13628  91.25  9.55249
15.5  2.1677  93.3333  9.66092
15.5  2.19911  97.0297  9.85037
15.5  2.23053  91.4286  9.56183
15.5  2.26195  95.0495  9.74933
15.5  2.29336  95.3488  9.76467
15.5  2.32478  89.4737  9.45905
15.5  2.35619  95.4545  9.77008
15.5  2.38761  88.7324  9.41979
15.5  2.41903  85.9649  9.27173
15.5  2.45044  90.1961  9.49716
15.5  2.48186  92.3077  9.60769
15.5  2.51327  80.4348  8.96854
15.5  2.54469  84.8485  9.21132
15.5  2.57611  79.4872  8.91556
15.5  2.60752  95  9.74679
15.5  2.63894  75  8.66025
15.5  2.67035  86.9565  9.32505
15.5  2.70177  84.6154  9.19866
15.5  2.73319  54.5455  7.38549
15.5  2.7646  70  8.3666
15.5  2.79602  61.5385  7.84465
15.5  2.82743  25  5
15.5  2.85885  8.33333  2.88675
15.5  2.89027  0  0
15.5  2.92168  25  5
15.5  2.9531  0  0
15.5  2.98451  0  0
15.5  3.01593  0  0
15.5  3.04734  0  0
15.5  3.07876  0  0
15.5  3.11018  0  0
15.75  0  0  0
15.75  0.0314159  0  0
15.75  0.0628319  0  0
15.75  0.0942478  0  0
15.75  0.125664  0  0
15.75  0.15708  0  0
15.75  0.188496  0  0
15.75  0.219911  0  0
15.75  0.251327  0  0
15.75  0.282743  25  5
15.75  0.314159  40  6.32456
15.75  0.345575  85  9.21954
15.75  0.376991  64.2857  8.01784
15.75  0.408407  78.9474  8.88523
15.75  0.439823  75  8.66025
15.75  0.471239  91.3043  9.55533
15.75  0.502655  88.3721  9.40064
15.75  0.534071  100  10
15.75  0.565487  86.4865  9.29981
15.75  0.596903  83.7838  9.15335
15.75  0.628319  83.7209  9.14991
15.75  0.659734  84.2105  9.17663
15.75  0.69115  88.7324  9.41979
15.75  0.722566  90.7895  9.52835
15.75  0.753982  87.1429  9.33503
15.75  0.785398  92.4242  9.61375
15.75  0.816814  95.0495  9.74933
15.75  0.84823  91.3978  9.56022
15.75  0.879646  95  9.74679
15.75  0.911062  89.6552  9.46864
15.75  0.942478  96.9072  9.84415
15.75  0.973894  94.3182  9.71175
15.75  1.00531  94.5946  9.72598
15.75  1.03673  95.6522  9.78019
15.75  1.06814  94.186  9.70495
15.75  1.09956  97.4359  9.87096
15.75  1.13097  95.4023  9.76741
15.75  1.16239  96.5517  9.82607
15.75  1.19381  95.0617  9.74996
15.75  1.22522  98.1818  9.90867
15.75  1.25664  92.3077  9.60769
15.75  1.28805  93.3333  9.66092
15.75  1.31947  98.4375  9.92157
15.75  1.35088  98.3871  9.91903
15.75  1.3823  96.875  9.84251
15.75  1.41372  98.2143  9.91031
15.75  1.44513  100  10
15.75  1.47655  98.7342  9.93651
15.75  1.50796  100  10
15.75  1.53938  100  10
15.75  1.5708  100  10
15.75  1.60221  100  10
15.75  1.63363  100  10
15.75  1.66504  98.4615  9.92278
15.75  1.69646  100  10
15.75  1.72788  100  10
15.75  1.75929  100  10
15.75  1.79071  98.4375  9.92157
15.75  1.82212  97.2603  9.86206
15.75  1.85354  96  9.79796
15.75  1.88496  96  9.79796
15.75  1.91637  97.4026  9.86928
15.75  1.94779  95.8333  9.78945
15.75  1.9792  97.5309  9.87577
15.75  2.01062  97.561  9.8773
15.75  2.04204  92.4242  9.61375
15.75  2.07345  93.0233  9.64486
15.75  2.10487  93.1034  9.64901
15.75  2.13628  95.2941  9.76187
15.75  2.1677  94.2529  9.70839
15.75  2.19911  93.1034  9.64901
15.75  2.23053  90.1099  9.49262
15.75  2.26195  91.5663  9.56903
15.75  2.29336  95.2381  9.759
15.75  2.32478  91.8919  9.58603
15.75  2.35619  93.5484  9.67204
15.75  2.38761  86.8852  9.32123
15.75  2.41903  88.8889  9.42809
15.75  2.45044  90.9091  9.53463
15.75  2.48186  87.037  9.32936
15.75  2.51327  90  9.48683
15.75  2.54469  89.2857  9.44911
15.75  2.57611  78.9474  8.88523
15.75  2.60752  82.1429  9.06327
15.75  2.63894  77.7778  8.81917
15.75  2.67035  66.6667  8.16497
15.75  2.70177  84.6154  9.19866
15.75  2.73319  90.9091  9.53463
15.75  2.7646  43.75  6.61438
15.75  2.79602  66.6667  8.16497
15.75  2.82743  37.5  6.12372
15.75  2.85885  0  0
15.75  2.89027  0  0
15.75  2.92168  0  0
15.75  2.9531  0  0
15.75  2.98451  0  0
15.75  3.01593  0  0
15.75  3.04734  100  10
15.75  3.07876  0  0
15.75  3.11018  0  0
16  0  0  0
16  0.0314159  0  0
16  0.0628319  0  0
16  0.0942478  0  0
16  0.125664  0  0
16  0.15708  0  0
16  0.188496  0  0
16  0.219911  0  0
16  0.251327  0  0
16  0.282743  54.5455  7.38549
16  0.314159  50  7.07107
16  0.345575  88.8889  9.42809
16  0.376991  90  9.48683
16  0.408407  86.9565  9.32505
16  0.439823  81.4815  9.02671
16  0.471239  90.4762  9.5119
16  0.502655  84.6154  9.19866
16  0.534071  93.5484  9.67204
16  0.565487  88.5714  9.41124
16  0.596903  86.6667  9.30949
16  0.628319  83.6735  9.14732
16  0.659734  84.2105  9.17663
16  0.69115  92.9825  9.64274
16  0.722566  95.2381  9.759
16  0.753982  88.4615  9.4054
16  0.785398  88.8889  9.42809
16  0.816814  87.8378  9.37218
16  0.84823  88  9.38083
16  0.879646  88.6598  9.41593
16  0.911062  90.5263  9.51453
16  0.942478  89.2473  9.44708
16  0.973894  94.2529  9.70839
16  1.00531  98.7342  9.93651
16  1.03673  96.1905  9.80767
16  1.06814  93.75  9.68246
16  1.09956  94.8052  9.7368
16  1.13097  95.7143  9.78337
16  1.16239  92.7536  9.63087
16  1.19381  95.9459  9.7952
16  1.22522  93.9394  9.69223
16  1.25664  95.8904  9.79236
16  1.28805  95.3125  9.76281
16  1.31947  94.8276  9.73795
16  1.35088  97.1014  9.85401
16  1.3823  100  10
16  1.41372  100  10
16  1.44513  96.3636  9.8165
16  1.47655  100  10
16  1.50796  98.4848  9.92395
16  1.53938  100  10
16  1.5708  100  10
16  1.60221  100  10
16  1.63363  98.1818  9.90867
16  1.66504  98.6301  9.93127
16  1.69646  100  10
16  1.72788  98.1481  9.90697
16  1.75929  98.5075  9.92509
16  1.79071  98.5507  9.92727
16  1.82212  98.6842  9.93399
16  1.85354  95  9.74679
16  1.88496  92.2078  9.60249
16  1.91637  98.2759  9.91342
16  1.94779  94.2857  9.71008
16  1.9792  94.2029  9.70582
16  2.01062  93.4211  9.66546
16  2.04204  95.1613  9.75506
16  2.07345  96.1538  9.80581
16  2.10487  94.5946  9.72598
16  2.13628  91.8919  9.58603
16  2.1677  91.5663  9.56903
16  2.19911  91.3978  9.56022
16  2.23053  93.4783  9.66842
16  2.26195  91.8367  9.58315
16  2.29336  85.1485  9.2276
16  2.32478  93.617  9.67559
16  2.35619  88.7097  9.41858
16  2.38761  91.0256  9.54074
16  2.41903  93.1034  9.64901
16  2.45044  93.4783  9.66842
16  2.48186  82.2222  9.06765
16  2.51327  84.8485  9.21132
16  2.54469  76.6667  8.75595
16  2.57611  92.8571  9.63624
16  2.60752  89.4737  9.45905
16  2.63894  77.2727  8.79049
16  2.67035  80  8.94427
16  2.70177  87.5  9.35414
16  2.73319  58.3333  7.63763
16  2.7646  68.4211  8.2717
16  2.79602  66.6667  8.16497
16  2.82743  62.5  7.90569
16  2.85885  0  0
16  2.89027  0  0
16  2.92168  0  0
16  2.9531  0  0
16  2.98451  0  0
16  3.01593  0  0
16  3.04734  0  0
16  3.07876  0  0
16  3.11018  0  0
16.25  0  0  0
16.25  0.0314159  0  0
16.25  0.0628319  0  0
16.25  0.0942478  0  0
16.25  0.125664  0  0
16.25  0.15708  0  0
16.25  0.188496  0  0
16.25  0.219911  0  0
16.25  0.251327  18.1818  4.26401
16.25  0.282743  33.3333  5.7735
16.25  0.314159  50  7.07107
16.25  0.345575  42.8571  6.54654
16.25  0.376991  66.6667  8.16497
16.25  0.408407  68.4211  8.2717
16.25  0.439823  86.3636  9.2932
16.25  0.471239  79.3103  8.90564
16.25  0.502655  77.7778  8.81917
16.25  0.534071  80.9524  8.99735
16.25  0.565487  89.2857  9.44911
16.25  0.596903  92.3077  9.60769
16.25  0.628319  87.2727  9.34199
16.25  0.659734  88  9.38083
16.25  0.69115  89.4737  9.45905
16.25  0.722566  84.8485  9.21132
16.25  0.753982  91.4286  9.56183
16.25  0.785398  87.5  9.35414
16.25  0.816814  86.3636  9.2932
16.25  0.84823  97.0874  9.85329
16.25  0.879646  93.1818  9.65307
16.25  0.911062  94.898  9.74156
16.25  0.942478  92.7083  9.62852
16.25  0.973894  94.4444  9.71825
16.25  1.00531  94.382  9.71504
16.25  1.03673  94.5652  9.72446
16.25  1.06814  96.3636  9.8165
16.25  1.09956  89.0625  9.43729
16.25  1.13097  94.7368  9.73329
16.25  1.16239  98.6486  9.9322
16.25  1.19381  97.1014  9.85401
16.25  1.22522  96.9697  9.84732
16.25  1.25664  98.6667  9.93311
16.25  1.28805  97.0149  9.84962
16.25  1.31947  95.5224  9.77356
16.25  1.35088  98.5507  9.92727
16.25  1.3823  100  10
16.25  1.41372  98.2759  9.91342
16.25  1.44513  100  10
16.25  1.47655  100  10
16.25  1.50796  100  10
16.25  1.53938  100  10
16.25  1.5708  100  10
16.25  1.60221  100  10
16.25  1.63363  100  10
16.25  1.66504  98.5915  9.92933
16.25  1.69646  100  10
16.25  1.72788  96.6102  9.82905
16.25  1.75929  97.2222  9.86013
16.25  1.79071  97.2222  9.86013
16.25  1.82212  98.4848  9.92395
16.25  1.85354  98.0392  9.90148
16.25  1.88496  98.6486  9.9322
16.25  1.91637  97.6471  9.88165
16.25  1.94779  95.082  9.751
16.25  1.9792  95.5882  9.77692
16.25  2.01062  94.7368  9.73329
16.25  2.04204  95.6522  9.78019
16.25  2.07345  97.2222  9.86013
16.25  2.10487  90.3614  9.50586
16.25  2.13628  94.186  9.70495
16.25  2.1677  92.1348  9.59869
16.25  2.19911  92.5532  9.62046
16.25  2.23053  90.5263  9.51453
16.25  2.26195  92.0455  9.59403
16.25  2.29336  92.2222  9.60324
16.25  2.32478  89.7059  9.47132
16.25  2.35619  87.0968  9.33257
16.25  2.38761  90.9091  9.53463
16.25  2.41903  83.9286  9.16125
16.25  2.45044  92.0635  9.59497
16.25  2.48186  89.7436  9.47331
16.25  2.51327  83.7838  9.15335
16.25  2.54469  82.5  9.08295
16.25  2.57611  95  9.74679
16.25  2.60752  85.1852  9.22958
16.25  2.63894  73.913  8.59727
16.25  2.67035  81.8182  9.04534
16.25  2.70177  66.6667  8.16497
16.25  2.73319  70  8.3666
16.25  2.7646  76.9231  8.77058
16.25  2.79602  50  7.07107
16.25  2.82743  36.3636  6.03023
16.25  2.85885  0  0
16.25  2.89027  0  0
16.25  2.92168  0  0
16.25  2.9531  0  0
16.25  2.98451  0  0
16.25  3.01593  0  0
16.25  3.04734  0  0
16.25  3.07876  0  0
16.25  3.11018  0  0
16.5  0  0  0
16.5  0.0314159  0  0
16.5  0.0628319  0  0
16.5  0.0942478  0  0
16.5  0.125664  0  0
16.5  0.15708  0  0
16.5  0.188496  0  0
16.5  0.219911  0  0
16.5  0.251327  0  0
16.5  0.282743  40  6.32456
16.5  0.314159  45.4545  6.742
16.5  0.345575  50  7.07107
16.5  0.376991  71.4286  8.45154
16.5  0.408407  63.1579  7.94719
16.5  0.439823  80  8.94427
16.5  0.471239  88  9.38083
16.5  0.502655  75  8.66025
16.5  0.534071  82.7586  9.09718
16.5  0.565487  85.7143  9.2582
16.5  0.596903  82.2222  9.06765
16.5  0.628319  92.3077  9.60769
16.5  0.659734  87.234  9.33992
16.5  0.69115  92.8571  9.63624
16.5  0.722566  88.7097  9.41858
16.5  0.753982  86.25  9.28709
16.5  0.785398  91  9.53939
16.5  0.816814  91.8605  9.58439
16.5  0.84823  93.4783  9.66842
16.5  0.879646  90.3226  9.50382
16.5  0.911062  91.7647  9.57939
16.5  0.942478  93.5484  9.67204
16.5  0.973894  91.3043  9.55533
16.5  1.00531  93.9759  9.69412
16.5  1.03673  93.8144  9.68579
16.5  1.06814  94.382  9.71504
16.5  1.09956  94.2857  9.71008
16.5  1.13097  98.7342  9.93651
16.5  1.16239  97.1429  9.85611
16.5  1.19381  91.7808  9.58023
16.5  1.22522  95.8333  9.78945
16.5  1.25664  98.6486  9.9322
16.5  1.28805  98.2456  9.91189
16.5  1.31947  97.2973  9.86394
16.5  1.35088  100  10
16.5  1.3823  100  10
16.5  1.41372  96.3636  9.8165
16.5  1.44513  100  10
16.5  1.47655  98.5294  9.9262
16.5  1.50796  100  10
16.5  1.53938  100  10
16.5  1.5708  100  10
16.5  1.60221  100  10
16.5  1.63363  98.4375  9.92157
16.5  1.66504  100  10
16.5  1.69646  98.4848  9.92395
16.5  1.72788  96.6667  9.83192
16.5  1.75929  100  10
16.5  1.79071  96.875  9.84251
16.5  1.82212  98.4848  9.92395
16.5  1.85354  94.4444  9.71825
16.5  1.88496  100  10
16.5  1.91637  98.75  9.9373
16.5  1.94779  95.8333  9.78945
16.5  1.9792  98.4848  9.92395
16.5  2.01062  95.6522  9.78019
16.5  2.04204  96.875  9.84251
16.5  2.07345  94.5205  9.72217
16.5  2.10487  98.6842  9.93399
16.5  2.13628  94.382  9.71504
16.5  2.1677  93.3333  9.66092
16.5  2.19911  96.5116  9.82403
16.5  2.23053  92.5234  9.61891
16.5  2.26195  94.186  9.70495
16.5  2.29336  92.6316  9.62453
16.5  2.32478  95.2381  9.759
16.5  2.35619  97.2973  9.86394
16.5  2.38761  89.8305  9.4779
16.5  2.41903  83.3333  9.12871
16.5  2.45044  85.1852  9.22958
16.5  2.48186  84.4444  9.18937
16.5  2.51327  90.2439  9.49968
16.5  2.54469  83.3333  9.12871
16.5  2.57611  72.7273  8.52803
16.5  2.60752  77.7778  8.81917
16.5  2.63894  83.3333  9.12871
16.5  2.67035  82.1429  9.06327
16.5  2.70177  86.3636  9.2932
16.5  2.73319  80  8.94427
16.5  2.7646  81.8182  9.04534
16.5  2.79602  36.3636  6.03023
16.5  2.82743  50  7.07107
16.5  2.85885  9.09091  3.01511
16.5  2.89027  0  0
16.5  2.92168  0  0
16.5  2.9531  0  0
16.5  2.98451  0  0
16.5  3.01593  0  0
16.5  3.04734  0  0
16.5  3.07876  0  0
16.5  3.11018  0  0
16.75  0  0  0
16.75  0.0314159  0  0
16.75  0.0628319  0  0
16.75  0.0942478  0  0
16.75  0.125664  0  0
16.75  0.15708  0  0
16.75  0.188496  0  0
16.75  0.219911  0  0
16.75  0.251327  0  0
16.75  0.282743  33.3333  5.7735
16.75  0.314159  50  7.07107
16.75  0.345575  55.5556  7.45356
16.75  0.376991  78.2609  8.84652
16.75  0.408407  75  8.66025
16.75  0.439823  71.4286  8.45154
16.75  0.471239  76.9231  8.77058
16.75  0.502655  68  8.24621
16.75  0.534071  62.5  7.90569
16.75  0.565487  91.4286  9.56183
16.75  0.596903  87.234  9.33992
16.75  0.628319  82.6087  9.08893
16.75  0.659734  94  9.69536
16.75  0.69115  93.3333  9.66092
16.75  0.722566  91.4634  9.56365
16.75  0.753982  88.4615  9.4054
16.75  0.785398  89.1566  9.44228
16.75  0.816814  88.6364  9.41469
16.75  0.84823  95.122  9.75305
16.75  0.879646  93.2584  9.65704
16.75  0.911062  88  9.38083
16.75  0.942478  92.5  9.61769
16.75  0.973894  98.7952  9.93958
16.75  1.00531  94.8052  9.7368
16.75  1.03673  95.2941  9.76187
16.75  1.06814  100  10
16.75  1.09956  95.4023  9.76741
16.75  1.13097  92.9577  9.64146
16.75  1.16239  100  10
16.75  1.19381  97.1831  9.85815
16.75  1.22522  100  10
16.75  1.25664  92.6471  9.62533
16.75  1.28805  98.5294  9.9262
16.75  1.31947  95  9.74679
16.75  1.35088  94.4444  9.71825
16.75  1.3823  96.4286  9.81981
16.75  1.41372  100  10
16.75  1.44513  100  10
16.75  1.47655  98.5507  9.92727
16.75  1.50796  100  10
16.75  1.53938  98.5075  9.92509
16.75  1.5708  100  10
16.75  1.60221  100  10
16.75  1.63363  96.9231  9.84495
16.75  1.66504  98.4848  9.92395
16.75  1.69646  100  10
16.75  1.72788  98.4127  9.92032
16.75  1.75929  96.4912  9.82299
16.75  1.79071  96.7742  9.83739
16.75  1.82212  98.3607  9.91769
16.75  1.85354  100  10
16.75  1.88496  94.5205  9.72217
16.75  1.91637  100  10
16.75  1.94779  95.4545  9.77008
16.75  1.9792  97.2603  9.86206
16.75  2.01062  95.5882  9.77692
16.75  2.04204  94  9.69536
16.75  2.07345  95.6522  9.78019
16.75  2.10487  89.7959  9.47607
16.75  2.13628  98.9796  9.94885
16.75  2.1677  93.5484  9.67204
16.75  2.19911  93.4066  9.66471
16.75  2.23053  89.6552  9.46864
16.75  2.26195  88.4615  9.4054
16.75  2.29336  94.7368  9.73329
16.75  2.32478  83.871  9.15811
16.75  2.35619  90  9.48683
16.75  2.38761  87.6712  9.36329
16.75  2.41903  87.3016  9.34353
16.75  2.45044  93.75  9.68246
16.75  2.48186  90  9.48683
16.75  2.51327  92  9.59166
16.75  2.54469  75  8.66025
16.75  2.57611  96.4286  9.81981
16.75  2.60752  81.8182  9.04534
16.75  2.63894  66.6667  8.16497
16.75  2.67035  56.5217  7.51809
16.75  2.70177  70  8.3666
16.75  2.73319  90.9091  9.53463
16.75  2.7646  56.25  7.5
16.75  2.79602  66.6667  8.16497
16.75  2.82743  33.3333  5.7735
16.75  2.85885  0  0
16.75  2.89027  0  0
16.75  2.92168  0  0
16.75  2.9531  0  0
16.75  2.98451  0  0
16.75  3.01593  0  0
16.75  3.04734  0  0
16.75  3.07876  0  0
16.75  3.11018  0  0
17  0  0  0
17  0.0314159  0  0
17  0.0628319  0  0
17  0.0942478  0  0
17  0.125664  0  0
17  0.15708  0  0
17  0.188496  0  0
17  0.219911  0  0
17  0.251327  0  0
17  0.282743  43.75  6.61438
17  0.314159  75  8.66025
17  0.345575  64.7059  8.044
17  0.376991  73.6842  8.58395
17  0.408407  83.3333  9.12871
17  0.439823  81.25  9.01388
17  0.471239  85.7143  9.2582
17  0.502655  78.5714  8.86405
17  0.534071  87.0968  9.33257
17  0.565487  90  9.48683
17  0.596903  90.4762  9.5119
17  0.628319  86.7925  9.31625
17  0.659734  92.4528  9.61524
17  0.69115  84.7458  9.20575
17  0.722566  90.7895  9.52835
17  0.753982  88.0597  9.38401
17  0.785398  89.8551  9.47919
17  0.816814  94.6667  9.72968
17  0.84823  89.6907  9.47052
17  0.879646  92.3077  9.60769
17  0.911062  92.1348  9.59869
17  0.942478  94.898  9.74156
17  0.973894  96.875  9.84251
17  1.00531  93.4211  9.66546
17  1.03673  87.3418  9.34568
17  1.06814  93.8462  9.68742
17  1.09956  96.9231  9.84495
17  1.13097  96.2025  9.80829
17  1.16239  92.8571  9.63624
17  1.19381  93.5065  9.66988
17  1.22522  94.3662  9.71423
17  1.25664  95.2381  9.759
17  1.28805  92.9577  9.64146
17  1.31947  100  10
17  1.35088  100  10
17  1.3823  98.5075  9.92509
17  1.41372  98.5507  9.92727
17  1.44513  98.3333  9.91632
17  1.47655  100  10
17  1.50796  100  10
17  1.53938  100  10
17  1.5708  100  10
17  1.60221  100  10
17  1.63363  100  10
17  1.66504  100  10
17  1.69646  100  10
17  1.72788  98.3051  9.91489
17  1.75929  98.5714  9.92831
17  1.79071  98.5294  9.9262
17  1.82212  98.5294  9.9262
17  1.85354  98.5915  9.92933
17  1.88496  94.5205  9.72217
17  1.91637  98.7342  9.93651
17  1.94779  100  10
17  1.9792  91.5493  9.56814
17  2.01062  96.4912  9.82299
17  2.04204  100  10
17  2.07345  97.5904  9.87878
17  2.10487  90.7895  9.52835
17  2.13628  91.5663  9.56903
17  2.1677  91.4634  9.56365
17  2.19911  91.358  9.55814
17  2.23053  94.1748  9.70437
17  2.26195  94.382  9.71504
17  2.29336  94.8052  9.7368
17  2.32478  92.9412  9.6406
17  2.35619  91.6667  9.57427
17  2.38761  92.4242  9.61375
17  2.41903  92.1053  9.59715
17  2.45044  89.6552  9.46864
17  2.48186  85.2941  9.23548
17  2.51327  86.6667  9.30949
17  2.54469  80  8.94427
17  2.57611  86.2069  9.28477
17  2.60752  88.4615  9.4054
17  2.63894  84.6154  9.19866
17  2.67035  88.2353  9.39336
17  2.70177  80.9524  8.99735
17  2.73319  70.5882  8.40168
17  2.7646  58.3333  7.63763
17  2.79602  66.6667  8.16497
17  2.82743  62.5  7.90569
17  2.85885  25  5
17  2.89027  0  0
17  2.92168  0  0
17  2.9531  0  0
17  2.98451  0  0
17  3.01593  0  0
17  3.04734  0  0
17  3.07876  0  0
17  3.11018  0  0
17.25  0  0  0
17.25  0.0314159  0  0
17.25  0.0628319  0  0
17.25  0.0942478  0  0
17.25  0.125664  0  0
17.25  0.15708  0  0
17.25  0.188496  0  0
17.25  0.219911  0  0
17.25  0.251327  0  0
17.25  0.282743  50  7.07107
17.25  0.314159  66.6667  8.16497
17.25  0.345575  76.1905  8.72872
17.25  0.376991  61.1111  7.81736
17.25  0.408407  66.6667  8.16497
17.25  0.439823  75  8.66025
17.25  0.471239  75  8.66025
17.25  0.502655  82.1429  9.06327
17.25  0.534071  85.7143  9.2582
17.25  0.565487  82.7586  9.09718
17.25  0.596903  86.8421  9.31891
17.25  0.628319  86.0465  9.27613
17.25  0.659734  87.234  9.33992
17.25  0.69115  94.8718  9.74022
17.25  0.722566  92.3077  9.60769
17.25  0.753982  91.6667  9.57427
17.25  0.785398  96.1538  9.80581
17.25  0.816814  91.954  9.58927
17.25  0.84823  95.122  9.75305
17.25  0.879646  92.1569  9.59984
17.25  0.911062  96.9388  9.84575
17.25  0.942478  95.2941  9.76187
17.25  0.973894  96.1039  9.80326
17.25  1.00531  90.1408  9.49425
17.25  1.03673  94.4444  9.71825
17.25  1.06814  93.1507  9.65146
17.25  1.09956  95.3488  9.76467
17.25  1.13097  96.7742  9.83739
17.25  1.16239  95.6522  9.78019
17.25  1.19381  98.5075  9.92509
17.25  1.22522  100  10
17.25  1.25664  96.4912  9.82299
17.25  1.28805  97.619  9.88024
17.25  1.31947  98.5915  9.92933
17.25  1.35088  98.1481  9.90697
17.25  1.3823  100  10
17.25  1.41372  98.5075  9.92509
17.25  1.44513  100  10
17.25  1.47655  100  10
17.25  1.50796  100  10
17.25  1.53938  98.6667  9.93311
17.25  1.5708  100  10
17.25  1.60221  98.2759  9.91342
17.25  1.63363  100  10
17.25  1.66504  100  10
17.25  1.69646  100  10
17.25  1.72788  98.3607  9.91769
17.25  1.75929  100  10
17.25  1.79071  98.5714  9.92831
17.25  1.82212  97.3684  9.86754
17.25  1.85354  98.3607  9.91769
17.25  1.88496  100  10
17.25  1.91637  98.7013  9.93485
17.25  1.94779  98.6111  9.93031
17.25  1.9792  96.875  9.84251
17.25  2.01062  93.5065  9.66988
17.25  2.04204  94.0476  9.69782
17.25  2.07345  92.5532  9.62046
17.25  2.10487  96.9072  9.84415
17.25  2.13628  95.1807  9.75606
17.25  2.1677  95.6522  9.78019
17.25  2.19911  95.4023  9.76741
17.25  2.23053  97.5904  9.87878
17.25  2.26195  88.4211  9.40325
17.25  2.29336  94.6237  9.72747
17.25  2.32478  96.9697  9.84732
17.25  2.35619  90.4762  9.5119
17.25  2.38761  91.9355  9.5883
17.25  2.41903  84  9.16515
17.25  2.45044  83.0508  9.11322
17.25  2.48186  81.0811  9.0045
17.25  2.51327  75  8.66025
17.25  2.54469  88.2353  9.39336
17.25  2.57611  82.3529  9.07485
17.25  2.60752  88.5714  9.41124
17.25  2.63894  73.0769  8.5485
17.25  2.67035  71.875  8.47791
17.25  2.70177  71.4286  8.45154
17.25  2.73319  55.5556  7.45356
17.25  2.7646  69.2308  8.3205
17.25  2.79602  25  5
17.25  2.82743  31.5789  5.61951
17.25  2.85885  40  6.32456
17.25  2.89027  0  0
17.25  2.92168  0  0
17.25  2.9531  0  0
17.25  2.98451  0  0
17.25  3.01593  0  0
17.25  3.04734  0  0
17.25  3.07876  0  0
17.25  3.11018  0  0
17.5  0  0  0
17.5  0.0314159  0  0
17.5  0.0628319  0  0
17.5  0.0942478  0  0
17.5  0.125664  0  0
17.5  0.15708  0  0
17.5  0.188496  0  0
17.5  0.219911  0  0
17.5  0.251327  9.09091  3.01511
17.5  0.282743  100  10
17.5  0.314159  60  7.74597
17.5  0.345575  66.6667  8.16497
17.5  0.376991  63.1579  7.94719
17.5  0.408407  75  8.66025
17.5  0.439823  72.7273  8.52803
17.5  0.471239  93.1034  9.64901
17.5  0.502655  60  7.74597
17.5  0.534071  90.3226  9.50382
17.5  0.565487  84.8485  9.21132
17.5  0.596903  90  9.48683
17.5  0.628319  84.375  9.18559
17.5  0.659734  87.5  9.35414
17.5  0.69115  93.5484  9.67204
17.5  0.722566  90.7407  9.52579
17.5  0.753982  92.9577  9.64146
17.5  0.785398  90.3226  9.50382
17.5  0.816814  93.617  9.67559
17.5  0.84823  95.5056  9.7727
17.5  0.879646  94.2529  9.70839
17.5  0.911062  88.5417  9.40966
17.5  0.942478  94.5055  9.72139
17.5  0.973894  93.3333  9.66092
17.5  1.00531  90.2174  9.49828
17.5  1.03673  92.3077  9.60769
17.5  1.06814  93.9024  9.69033
17.5  1.09956  95.2381  9.759
17.5  1.13097  97.2603  9.86206
17.5  1.16239  98.4375  9.92157
17.5  1.19381  94.3662  9.71423
17.5  1.22522  100  10
17.5  1.25664  97.3684  9.86754
17.5  1.28805  100  10
17.5  1.31947  98.4127  9.92032
17.5  1.35088  98.3051  9.91489
17.5  1.3823  98.3607  9.91769
17.5  1.41372  100  10
17.5  1.44513  100  10
17.5  1.47655  100  10
17.5  1.50796  100  10
17.5  1.53938  100  10
17.5  1.5708  100  10
17.5  1.60221  100  10
17.5  1.63363  100  10
17.5  1.66504  98.5294  9.9262
17.5  1.69646  100  10
17.5  1.72788  100  10
17.5  1.75929  100  10
17.5  1.79071  98.6842  9.93399
17.5  1.82212  96.0526  9.80064
17.5  1.85354  97.1014  9.85401
17.5  1.88496  94.9367  9.74355
17.5  1.91637  95.3846  9.7665
17.5  1.94779  93.6508  9.67733
17.5  1.9792  95.1807  9.75606
17.5  2.01062  97.2973  9.86394
17.5  2.04204  96.2025  9.80829
17.5  2.07345  95.0617  9.74996
17.5  2.10487  90  9.48683
17.5  2.13628  94.1176  9.70143
17.5  2.1677  96.6667  9.83192
17.5  2.19911  88.8889  9.42809
17.5  2.23053  91.0256  9.54074
17.5  2.26195  87.3563  9.34646
17.5  2.29336  90.9091  9.53463
17.5  2.32478  93.3333  9.66092
17.5  2.35619  94.8052  9.7368
17.5  2.38761  89.4737  9.45905
17.5  2.41903  92.1569  9.59984
17.5  2.45044  87.7193  9.36586
17.5  2.48186  93.3333  9.66092
17.5  2.51327  81.8182  9.04534
17.5  2.54469  83.3333  9.12871
17.5  2.57611  81.4815  9.02671
17.5  2.60752  68  8.24621
17.5  2.63894  88.2353  9.39336
17.5  2.67035  68.1818  8.25723
17.5  2.70177  72.2222  8.49837
17.5  2.73319  80  8.94427
17.5  2.7646  66.6667  8.16497
17.5  2.79602  69.2308  8.3205
17.5  2.82743  52.9412  7.27607
17.5  2.85885  20  4.47214
17.5  2.89027  0  0
17.5  2.92168  0  0
17.5  2.9531  0  0
17.5  2.98451  0  0
17.5  3.01593  0  0
17.5  3.04734  0  0
17.5  3.07876  0  0
17.5  3.11018  0  0
17.75  0  0  0
17.75  0.0314159  0  0
17.75  0.0628319  0  0
17.75  0.0942478  0  0
17.75  0.125664  0  0
17.75  0.15708  0  0
17.75  0.188496  0  0
17.75  0.219911  0  0
17.75  0.251327  0  0
17.75  0.282743  40  6.32456
17.75  0.314159  33.3333  5.7735
17.75  0.345575  63.3333  7.95822
17.75  0.376991  64.7059  8.044
17.75  0.408407  80  8.94427
17.75  0.439823  62.5  7.90569
17.75  0.471239  62.5  7.90569
17.75  0.502655  82.6087  9.08893
17.75  0.534071  88.4615  9.4054
17.75  0.565487  74.1935  8.61357
17.75  0.596903  72.4138  8.50963
17.75  0.628319  92.3077  9.60769
17.75  0.659734  79.2453  8.90198
17.75  0.69115  90.7407  9.52579
17.75  0.722566  95.8333  9.78945
17.75  0.753982  91.954  9.58927
17.75  0.785398  93.1507  9.65146
17.75  0.816814  91.8919  9.58603
17.75  0.84823  100  10
17.75  0.879646  96.8421  9.84084
17.75  0.911062  91.5888  9.5702
17.75  0.942478  93.4066  9.66471
17.75  0.973894  91.358  9.55814
17.75  1.00531  95.6522  9.78019
17.75  1.03673  100  10
17.75  1.06814  94.8718  9.74022
17.75  1.09956  97.561  9.8773
17.75  1.13097  95.1807  9.75606
17.75  1.16239  92.9577  9.64146
17.75  1.19381  97.5904  9.87878
17.75  1.22522  100  10
17.75  1.25664  96.875  9.84251
17.75  1.28805  98.7179  9.93569
17.75  1.31947  100  10
17.75  1.35088  98.5714  9.92831
17.75  1.3823  100  10
17.75  1.41372  96.8254  9.83999
17.75  1.44513  98.4127  9.92032
17.75  1.47655  98.3871  9.91903
17.75  1.50796  100  10
17.75  1.53938  100  10
17.75  1.5708  100  10
17.75  1.60221  100  10
17.75  1.63363  100  10
17.75  1.66504  98.4848  9.92395
17.75  1.69646  96.9697  9.84732
17.75  1.72788  97.5  9.87421
17.75  1.75929  98.0392  9.90148
17.75  1.79071  100  10
17.75  1.82212  97.1831  9.85815
17.75  1.85354  97.4359  9.87096
17.75  1.88496  95.6522  9.78019
17.75  1.91637  100  10
17.75  1.94779  98.3607  9.91769
17.75  1.9792  93.3333  9.66092
17.75  2.01062  95.1807  9.75606
17.75  2.04204  95.7447  9.78492
17.75  2.07345  95.2381  9.759
17.75  2.10487  96.5116  9.82403
17.75  2.13628  90.1961  9.49716
17.75  2.1677  94.6667  9.72968
17.75  2.19911  93.2584  9.65704
17.75  2.23053  91.3978  9.56022
17.75  2.26195  92.5532  9.62046
17.75  2.29336  93.4066  9.66471
17.75  2.32478  88.6364  9.41469
17.75  2.35619  89.8305  9.4779
17.75  2.38761  88.0597  9.38401
17.75  2.41903  87.931  9.37715
17.75  2.45044  95.122  9.75305
17.75  2.48186  81.8182  9.04534
17.75  2.51327  90  9.48683
17.75  2.54469  95.2381  9.759
17.75  2.57611  86.3636  9.2932
17.75  2.60752  85.1852  9.22958
17.75  2.63894  77.7778  8.81917
17.75  2.67035  69.5652  8.34058
17.75  2.70177  86.3636  9.2932
17.75  2.73319  65.2174  8.07573
17.75  2.7646  71.4286  8.45154
17.75  2.79602  78.5714  8.86405
17.75  2.82743  50  7.07107
17.75  2.85885  8.33333  2.88675
17.75  2.89027  0  0
17.75  2.92168  0  0
17.75  2.9531  0  0
17.75  2.98451  0  0
17.75  3.01593  0  0
17.75  3.04734  0  0
17.75  3.07876  0  0
17.75  3.11018  0  0
18  0  0  0
18  0.0314159  0  0
18  0.0628319  0  0
18  0.0942478  0  0
18  0.125664  0  0
18  0.15708  0  0
18  0.188496  0  0
18  0.219911  0  0
18  0.251327  0  0
18  0.282743  50  7.07107
18  0.314159  71.4286  8.45154
18  0.345575  80  8.94427
18  0.376991  78.9474  8.88523
18  0.408407  84  9.16515
18  0.439823  78.5714  8.86405
18  0.471239  84  9.16515
18  0.502655  74.0741  8.60663
18  0.534071  80  8.94427
18  0.565487  76.4706  8.74475
18  0.596903  90.9091  9.53463
18  0.628319  87.234  9.33992
18  0.659734  85.7143  9.2582
18  0.69115  92.6471  9.62533
18  0.722566  87.037  9.32936
18  0.753982  88.3721  9.40064
18  0.785398  86.8132  9.31736
18  0.816814  94.3182  9.71175
18  0.84823  93.1818  9.65307
18  0.879646  92.3077  9.60769
18  0.911062  92.0792  9.59579
18  0.942478  97.5309  9.87577
18  0.973894  89.2857  9.44911
18  1.00531  97.9381  9.89637
18  1.03673  95.3125  9.76281
18  1.06814  93.4066  9.66471
18  1.09956  95.6989  9.78258
18  1.13097  96.2025  9.80829
18  1.16239  94.3662  9.71423
18  1.19381  95.1807  9.75606
18  1.22522  97.3333  9.86577
18  1.25664  98.4615  9.92278
18  1.28805  98.5294  9.9262
18  1.31947  97.9592  9.89743
18  1.35088  97.0588  9.85184
18  1.3823  100  10
18  1.41372  100  10
18  1.44513  97.2973  9.86394
18  1.47655  98.5294  9.9262
18  1.50796  100  10
18  1.53938  100  10
18  1.5708  100  10
18  1.60221  100  10
18  1.63363  98.5075  9.92509
18  1.66504  100  10
18  1.69646  98.4848  9.92395
18  1.72788  100  10
18  1.75929  100  10
18  1.79071  100  10
18  1.82212  98.2759  9.91342
18  1.85354  100  10
18  1.88496  95.2381  9.759
18  1.91637  96.7033  9.83378
18  1.94779  92.8571  9.63624
18  1.9792  94.5946  9.72598
18  2.01062  91.9355  9.5883
18  2.04204  98.6486  9.9322
18  2.07345  93.9759  9.69412
18  2.10487  91.0256  9.54074
18  2.13628  97.7011  9.88439
18  2.1677  89.8734  9.48016
18  2.19911  90.1099  9.49262
18  2.23053  93.2692  9.6576
18  2.26195  91.8605  9.58439
18  2.29336  91.8367  9.58315
18  2.32478  93.0556  9.64653
18  2.35619  94.2029  9.70582
18  2.38761  90.5405  9.51528
18  2.41903  92.3077  9.60769
18  2.45044  84  9.16515
18  2.48186  87.8049  9.37043
18  2.51327  77.7778  8.81917
18  2.54469  90.9091  9.53463
18  2.57611  85.7143  9.2582
18  2.60752  79.0698  8.89212
18  2.63894  75  8.66025
18  2.67035  85  9.21954
18  2.70177  70  8.3666
18  2.73319  77.2727  8.79049
18  2.7646  50  7.07107
18  2.79602  66.6667  8.16497
18  2.82743  77.7778  8.81917
18  2.85885  30.7692  5.547
18  2.89027  0  0
18  2.92168  0  0
18  2.9531  0  0
18  2.98451  0  0
18  3.01593  0  0
18  3.04734  0  0
18  3.07876  0  0
18  3.11018  0  0
18.25  0  0  0
18.25  0.0314159  100  10
18.25  0.0628319  0  0
18.25  0.0942478  0  0
18.25  0.125664  33.3333  5.7735
18.25  0.15708  0  0
18.25  0.188496  0  0
18.25  0.219911  0  0
18.25  0.251327  60  7.74597
18.25  0.282743  64.2857  8.01784
18.25  0.314159  72.7273  8.52803
18.25  0.345575  77.7778  8.81917
18.25  0.376991  62.5  7.90569
18.25  0.408407  66.6667  8.16497
18.25  0.439823  73.913  8.59727
18.25  0.471239  75  8.66025
18.25  0.502655  85.7143  9.2582
18.25  0.534071  86.6667  9.30949
18.25  0.565487  82.0513  9.05822
18.25  0.596903  97.3684  9.86754
18.25  0.628319  90.2439  9.49968
18.25  0.659734  89.5833  9.46485
18.25  0.69115  80.6452  8.98027
18.25  0.722566  94.0299  9.6969
18.25  0.753982  93.8272  9.68644
18.25  0.785398  91.0112  9.53998
18.25  0.816814  93.9759  9.69412
18.25  0.84823  90.7407  9.52579
18.25  0.879646  94.3182  9.71175
18.25  0.911062  92.8571  9.63624
18.25  0.942478  91.6667  9.57427
18.25  0.973894  97.3684  9.86754
18.25  1.00531  97.4359  9.87096
18.25  1.03673  92.9293  9.63998
18.25  1.06814  92.5532  9.62046
18.25  1.09956  96.0526  9.80064
18.25  1.13097  94.8052  9.7368
18.25  1.16239  95.3846  9.7665
18.25  1.19381  96.7742  9.83739
18.25  1.22522  96.2025  9.80829
18.25  1.25664  95.9459  9.7952
18.25  1.28805  100  10
18.25  1.31947  100  10
18.25  1.35088  98.4375  9.92157
18.25  1.3823  100  10
18.25  1.41372  100  10
18.25  1.44513  100  10
18.25  1.47655  100  10
18.25  1.50796  98.5294  9.9262
18.25  1.53938  100  10
18.25  1.5708  100  10
18.25  1.60221  98.4848  9.92395
18.25  1.63363  100  10
18.25  1.66504  96.9231  9.84495
18.25  1.69646  98.4615  9.92278
18.25  1.72788  100  10
18.25  1.75929  100  10
18.25  1.79071  100  10
18.25  1.82212  97.561  9.8773
18.25  1.85354  98.6667  9.93311
18.25  1.88496  100  10
18.25  1.91637  97.2222  9.86013
18.25  1.94779  96.2963  9.81307
18.25  1.9792  93.3333  9.66092
18.25  2.01062  98.5507  9.92727
18.25  2.04204  91.1765  9.54864
18.25  2.07345  96.9697  9.84732
18.25  2.10487  94.2529  9.70839
18.25  2.13628  87.9121  9.37614
18.25  2.1677  96.9072  9.84415
18.25  2.19911  97.8947  9.89418
18.25  2.23053  88.5057  9.40775
18.25  2.26195  87.5  9.35414
18.25  2.29336  91.7526  9.57876
18.25  2.32478  95.2941  9.76187
18.25  2.35619  88.4058  9.40244
18.25  2.38761  88.0952  9.38591
18.25  2.41903  92.9825  9.64274
18.25  2.45044  90  9.48683
18.25  2.48186  85.7143  9.2582
18.25  2.51327  88.6364  9.41469
18.25  2.54469  86.4865  9.29981
18.25  2.57611  81.4815  9.02671
18.25  2.60752  78.2609  8.84652
18.25  2.63894  66.6667  8.16497
18.25  2.67035  85.7143  9.2582
18.25  2.70177  85.7143  9.2582
18.25  2.73319  81.8182  9.04534
18.25  2.7646  45  6.7082
18.25  2.79602  71.4286  8.45154
18.25  2.82743  73.3333  8.56349
18.25  2.85885  28.5714  5.34522
18.25  2.89027  0  0
18.25  2.92168  0  0
18.25  2.9531  0  0
18.25  2.98451  0  0
18.25  3.01593  50  7.07107
18.25  3.04734  0  0
18.25  3.07876  0  0
18.25  3.11018  0  0
18.5  0  0  0
18.5  0.0314159  0  0
18.5  0.0628319  0  0
18.5  0.0942478  0  0
18.5  0.125664  0  0
18.5  0.15708  0  0
18.5  0.188496  0  0
18.5  0.219911  0  0
18.5  0.251327  25  5
18.5  0.282743  58.3333  7.63763
18.5  0.314159  61.1111  7.81736
18.5  0.345575  76.1905  8.72872
18.5  0.376991  68  8.24621
18.5  0.408407  70.5882  8.40168
18.5  0.439823  85.2941  9.23548
18.5  0.471239  80.7692  8.98717
18.5  0.502655  84.375  9.18559
18.5  0.534071  86.9565  9.32505
18.5  0.565487  84.375  9.18559
18.5  0.596903  86.0465  9.27613
18.5  0.628319  88.5714  9.41124
18.5  0.659734  89.1304  9.44089
18.5  0.69115  85.1852  9.22958
18.5  0.722566  92.4242  9.61375
18.5  0.753982  88.4615  9.4054
18.5  0.785398  87.5  9.35414
18.5  0.816814  94.8052  9.7368
18.5  0.84823  93.75  9.68246
18.5  0.879646  92.3077  9.60769
18.5  0.911062  91.5663  9.56903
18.5  0.942478  93.0233  9.64486
18.5  0.973894  88.6364  9.41469
18.5  1.00531  90.6667  9.5219
18.5  1.03673  95.8904  9.79236
18.5  1.06814  98.5714  9.92831
18.5  1.09956  95.9459  9.7952
18.5  1.13097  94.0476  9.69782
18.5  1.16239  96.3855  9.81761
18.5  1.19381  96.7213  9.8347
18.5  1.22522  98.7179  9.93569
18.5  1.25664  100  10
18.5  1.28805  98.4375  9.92157
18.5  1.31947  96.9231  9.84495
18.5  1.35088  100  10
18.5  1.3823  96.6667  9.83192
18.5  1.41372  100  10
18.5  1.44513  98.4375  9.92157
18.5  1.47655  100  10
18.5  1.50796  98.5507  9.92727
18.5  1.53938  100  10
18.5  1.5708  100  10
18.5  1.60221  98.5714  9.92831
18.5  1.63363  100  10
18.5  1.66504  94.4444  9.71825
18.5  1.69646  100  10
18.5  1.72788  98.4375  9.92157
18.5  1.75929  100  10
18.5  1.79071  100  10
18.5  1.82212  98.4615  9.92278
18.5  1.85354  95.1613  9.75506
18.5  1.88496  98.5075  9.92509
18.5  1.91637  96.9231  9.84495
18.5  1.94779  98.7952  9.93958
18.5  1.9792  93.75  9.68246
18.5  2.01062  95.0617  9.74996
18.5  2.04204  95.7143  9.78337
18.5  2.07345  93.0556  9.64653
18.5  2.10487  94.5205  9.72217
18.5  2.13628  94.2529  9.70839
18.5  2.1677  87.3684  9.34711
18.5  2.19911  90.4762  9.5119
18.5  2.23053  93.0233  9.64486
18.5  2.26195  94.2308  9.70725
18.5  2.29336  91.0112  9.53998
18.5  2.32478  96.4286  9.81981
18.5  2.35619  91.7647  9.57939
18.5  2.38761  85.4839  9.24575
18.5  2.41903  91.1111  9.54521
18.5  2.45044  92.8571  9.63624
18.5  2.48186  92.1053  9.59715
18.5  2.51327  93.8776  9.68904
18.5  2.54469  92.8571  9.63624
18.5  2.57611  68.75  8.29156
18.5  2.60752  80.7692  8.98717
18.5  2.63894  76.4706  8.74475
18.5  2.67035  90.9091  9.53463
18.5  2.70177  75.8621  8.70988
18.5  2.73319  64.2857  8.01784
18.5  2.7646  64.2857  8.01784
18.5  2.79602  75  8.66025
18.5  2.82743  83.3333  9.12871
18.5  2.85885  22.2222  4.71405
18.5  2.89027  0  0
18.5  2.92168  0  0
18.5  2.9531  0  0
18.5  2.98451  0  0
18.5  3.01593  0  0
18.5  3.04734  0  0
18.5  3.07876  0  0
18.5  3.11018  0  0
18.75  0  0  0
18.75  0.0314159  0  0
18.75  0.0628319  0  0
18.75  0.0942478  0  0
18.75  0.125664  0  0
18.75  0.15708  0  0
18.75  0.188496  0  0
18.75  0.219911  0  0
18.75  0.251327  20  4.47214
18.75  0.282743  54.5455  7.38549
18.75  0.314159  53.8462  7.33799
18.75  0.345575  71.4286  8.45154
18.75  0.376991  73.0769  8.5485
18.75  0.408407  90  9.48683
18.75  0.439823  74.0741  8.60663
18.75  0.471239  72.7273  8.52803
18.75  0.502655  80  8.94427
18.75  0.534071  89.2857  9.44911
18.75  0.565487  80.6452  8.98027
18.75  0.596903  88.6364  9.41469
18.75  0.628319  92.3077  9.60769
18.75  0.659734  75  8.66025
18.75  0.69115  85.4839  9.24575
18.75  0.722566  87.0968  9.33257
18.75  0.753982  85.0746  9.22359
18.75  0.785398  91.8919  9.58603
18.75  0.816814  92.8571  9.63624
18.75  0.84823  92.6829  9.6272
18.75  0.879646  93  9.64365
18.75  0.911062  94.9495  9.7442
18.75  0.942478  93.5484  9.67204
18.75  0.973894  97.5904  9.87878
18.75  1.00531  93.9759  9.69412
18.75  1.03673  92.1053  9.59715
18.75  1.06814  91.0256  9.54074
18.75  1.09956  96  9.79796
18.75  1.13097  98.75  9.9373
18.75  1.16239  95.1613  9.75506
18.75  1.19381  94.5205  9.72217
18.75  1.22522  96.875  9.84251
18.75  1.25664  95.6522  9.78019
18.75  1.28805  100  10
18.75  1.31947  96.1538  9.80581
18.75  1.35088  100  10
18.75  1.3823  97.2973  9.86394
18.75  1.41372  98.2143  9.91031
18.75  1.44513  100  10
18.75  1.47655  100  10
18.75  1.50796  100  10
18.75  1.53938  100  10
18.75  1.5708  100  10
18.75  1.60221  97.7778  9.88826
18.75  1.63363  98.3333  9.91632
18.75  1.66504  100  10
18.75  1.69646  96.9697  9.84732
18.75  1.72788  97.1831  9.85815
18.75  1.75929  100  10
18.75  1.79071  98.4615  9.92278
18.75  1.82212  98.7952  9.93958
18.75  1.85354  98.4615  9.92278
18.75  1.88496  95.3488  9.76467
18.75  1.91637  97.0149  9.84962
18.75  1.94779  95.122  9.75305
18.75  1.9792  98.1481  9.90697
18.75  2.01062  97.1831  9.85815
18.75  2.04204  98.6301  9.93127
18.75  2.07345  92.4051  9.61276
18.75  2.10487  93.1034  9.64901
18.75  2.13628  93.2432  9.65625
18.75  2.1677  92.5532  9.62046
18.75  2.19911  95.2941  9.76187
18.75  2.23053  90  9.48683
18.75  2.26195  91.8605  9.58439
18.75  2.29336  93.3333  9.66092
18.75  2.32478  89.4737  9.45905
18.75  2.35619  90.9091  9.53463
18.75  2.38761  91.9355  9.5883
18.75  2.41903  83.5616  9.14121
18.75  2.45044  88.6792  9.41697
18.75  2.48186  82.8571  9.10259
18.75  2.51327  91.3793  9.55925
18.75  2.54469  82.0513  9.05822
18.75  2.57611  86.0465  9.27613
18.75  2.60752  83.871  9.15811
18.75  2.63894  58.3333  7.63763
18.75  2.67035  63.1579  7.94719
18.75  2.70177  70.5882  8.40168
18.75  2.73319  56.5217  7.51809
18.75  2.7646  85.7143  9.2582
18.75  2.79602  57.1429  7.55929
18.75  2.82743  44.4444  6.66667
18.75  2.85885  42.8571  6.54654
18.75  2.89027  0  0
18.75  2.92168  0  0
18.75  2.9531  0  0
18.75  2.98451  0  0
18.75  3.01593  0  0
18.75  3.04734  0  0
18.75  3.07876  0  0
18.75  3.11018  0  0
19  0  0  0
19  0.0314159  0  0
19  0.0628319  0  0
19  0.0942478  0  0
19  0.125664  0  0
19  0.15708  0  0
19  0.188496  0  0
19  0.219911  0  0
19  0.251327  16.6667  4.08248
19  0.282743  80  8.94427
19  0.314159  57.1429  7.55929
19  0.345575  66.6667  8.16497
19  0.376991  58.8235  7.66965
19  0.408407  76.4706  8.74475
19  0.439823  82.3529  9.07485
19  0.471239  77.2727  8.79049
19  0.502655  88.8889  9.42809
19  0.534071  81.0811  9.0045
19  0.565487  97.3684  9.86754
19  0.596903  87.8788  9.37437
19  0.628319  86  9.27362
19  0.659734  90.3846  9.50708
19  0.69115  85.4545  9.24416
19  0.722566  94.5455  9.72345
19  0.753982  88.2353  9.39336
19  0.785398  93.1373  9.65076
19  0.816814  88.4211  9.40325
19  0.84823  92.5532  9.62046
19  0.879646  92  9.59166
19  0.911062  93.1818  9.65307
19  0.942478  94.4954  9.72088
19  0.973894  95.6044  9.77775
19  1.00531  98.7179  9.93569
19  1.03673  96.2025  9.80829
19  1.06814  96.6292  9.83002
19  1.09956  100  10
19  1.13097  91.358  9.55814
19  1.16239  96.8254  9.83999
19  1.19381  98.6301  9.93127
19  1.22522  97.0588  9.85184
19  1.25664  100  10
19  1.28805  100  10
19  1.31947  94.3396  9.71286
19  1.35088  100  10
19  1.3823  98.4848  9.92395
19  1.41372  98.7805  9.93884
19  1.44513  98.6486  9.9322
19  1.47655  100  10
19  1.50796  100  10
19  1.53938  100  10
19  1.5708  100  10
19  1.60221  100  10
19  1.63363  100  10
19  1.66504  100  10
19  1.69646  98.5294  9.9262
19  1.72788  96.875  9.84251
19  1.75929  100  10
19  1.79071  97.1014  9.85401
19  1.82212  98.5507  9.92727
19  1.85354  97.4684  9.87261
19  1.88496  93.3333  9.66092
19  1.91637  92.2222  9.60324
19  1.94779  97.4026  9.86928
19  1.9792  98.7342  9.93651
19  2.01062  94.9367  9.74355
19  2.04204  95.6522  9.78019
19  2.07345  91.25  9.55249
19  2.10487  95.7447  9.78492
19  2.13628  94.7917  9.7361
19  2.1677  95.6989  9.78258
19  2.19911  92.7835  9.63242
19  2.23053  88.1188  9.38716
19  2.26195  93.9759  9.69412
19  2.29336  84.4444  9.18937
19  2.32478  93.6709  9.67837
19  2.35619  91.6667  9.57427
19  2.38761  85.7143  9.2582
19  2.41903  93.3333  9.66092
19  2.45044  92.4242  9.61375
19  2.48186  84.6154  9.19866
19  2.51327  80.4348  8.96854
19  2.54469  82.6087  9.08893
19  2.57611  71.4286  8.45154
19  2.60752  80  8.94427
19  2.63894  84.6154  9.19866
19  2.67035  82.1429  9.06327
19  2.70177  90.625  9.51972
19  2.73319  73.0769  8.5485
19  2.7646  66.6667  8.16497
19  2.79602  52.9412  7.27607
19  2.82743  66.6667  8.16497
19  2.85885  30  5.47723
19  2.89027  0  0
19  2.92168  0  0
19  2.9531  0  0
19  2.98451  0  0
19  3.01593  0  0
19  3.04734  0  0
19  3.07876  0  0
19  3.11018  0  0
19.25  0  0  0
19.25  0.0314159  0  0
19.25  0.0628319  0  0
19.25  0.0942478  0  0
19.25  0.125664  0  0
19.25  0.15708  0  0
19.25  0.188496  0  0
19.25  0.219911  0  0
19.25  0.251327  33.3333  5.7735
19.25  0.282743  69.2308  8.3205
19.25  0.314159  30  5.47723
19.25  0.345575  58.8235  7.66965
19.25  0.376991  75  8.66025
19.25  0.408407  58.8235  7.66965
19.25  0.439823  70  8.3666
19.25  0.471239  88  9.38083
19.25  0.502655  88.2353  9.39336
19.25  0.534071  82.5  9.08295
19.25  0.565487  78.7879  8.87625
19.25  0.596903  82.5  9.08295
19.25  0.628319  84.0909  9.17011
19.25  0.659734  93.0233  9.64486
19.25  0.69115  93.9394  9.69223
19.25  0.722566  92.7273  9.6295
19.25  0.753982  89.3333  9.45163
19.25  0.785398  89.6552  9.46864
19.25  0.816814  93.75  9.68246
19.25  0.84823  88.3929  9.40175
19.25  0.879646  96  9.79796
19.25  0.911062  91.2621  9.55312
19.25  0.942478  97.8022  9.8895
19.25  0.973894  95.4023  9.76741
19.25  1.00531  92.4051  9.61276
19.25  1.03673  95.7447  9.78492
19.25  1.06814  90.5405  9.51528
19.25  1.09956  98.4375  9.92157
19.25  1.13097  98.3333  9.91632
19.25  1.16239  95.3846  9.7665
19.25  1.19381  95.4023  9.76741
19.25  1.22522  98.5075  9.92509
19.25  1.25664  98.7179  9.93569
19.25  1.28805  98.2143  9.91031
19.25  1.31947  94.0299  9.6969
19.25  1.35088  98.4375  9.92157
19.25  1.3823  100  10
19.25  1.41372  100  10
19.25  1.44513  97.2222  9.86013
19.25  1.47655  100  10
19.25  1.50796  100  10
19.25  1.53938  100  10
19.25  1.5708  100  10
19.25  1.60221  97.561  9.8773
19.25  1.63363  100  10
19.25  1.66504  97.2973  9.86394
19.25  1.69646  100  10
19.25  1.72788  100  10
19.25  1.75929  100  10
19.25  1.79071  96.2025  9.80829
19.25  1.82212  96.1039  9.80326
19.25  1.85354  96.9231  9.84495
19.25  1.88496  97.1831  9.85815
19.25  1.91637  97.0588  9.85184
19.25  1.94779  90.6667  9.5219
19.25  1.9792  96.3415  9.81537
19.25  2.01062  95.2941  9.76187
19.25  2.04204  97.6471  9.88165
19.25  2.07345  97.9167  9.89529
19.25  2.10487  93.9394  9.69223
19.25  2.13628  94  9.69536
19.25  2.1677  95  9.74679
19.25  2.19911  91.8605  9.58439
19.25  2.23053  93.4783  9.66842
19.25  2.26195  94.4954  9.72088
19.25  2.29336  95.9596  9.7959
19.25  2.32478  89.1566  9.44228
19.25  2.35619  86.3014  9.28985
19.25  2.38761  90.2778  9.50146
19.25  2.41903  82.6087  9.08893
19.25  2.45044  86.8852  9.32123
19.25  2.48186  95.9184  9.79379
19.25  2.51327  70.2128  8.37931
19.25  2.54469  79.3103  8.90564
19.25  2.57611  88.8889  9.42809
19.25  2.60752  80.6452  8.98027
19.25  2.63894  78.5714  8.86405
19.25  2.67035  71.4286  8.45154
19.25  2.70177  65.2174  8.07573
19.25  2.73319  78.5714  8.86405
19.25  2.7646  60  7.74597
19.25  2.79602  66.6667  8.16497
19.25  2.82743  57.1429  7.55929
19.25  2.85885  33.3333  5.7735
19.25  2.89027  0  0
19.25  2.92168  0  0
19.25  2.9531  0  0
19.25  2.98451  0  0
19.25  3.01593  0  0
19.25  3.04734  0  0
19.25  3.07876  0  0
19.25  3.11018  0  0
19.5  0  0  0
19.5  0.0314159  0  0
19.5  0.0628319  0  0
19.5  0.0942478  0  0
19.5  0.125664  0  0
19.5  0.15708  25  5
19.5  0.188496  0  0
19.5  0.219911  0  0
19.5  0.251327  30  5.47723
19.5  0.282743  52.9412  7.27607
19.5  0.314159  47.0588  6.85994
19.5  0.345575  55.5556  7.45356
19.5  0.376991  58.3333  7.63763
19.5  0.408407  78.9474  8.88523
19.5  0.439823  75  8.66025
19.5  0.471239  88.2353  9.39336
19.5  0.502655  82.3529  9.07485
19.5  0.534071  86.1111  9.27961
19.5  0.565487  87.1795  9.337
19.5  0.596903  77.7778  8.81917
19.5  0.628319  76.9231  8.77058
19.5  0.659734  86  9.27362
19.5  0.69115  88.1356  9.38806
19.5  0.722566  85.0746  9.22359
19.5  0.753982  86.6667  9.30949
19.5  0.785398  96.4286  9.81981
19.5  0.816814  96.5517  9.82607
19.5  0.84823  92.2222  9.60324
19.5  0.879646  85.1852  9.22958
19.5  0.911062  92.7835  9.63242
19.5  0.942478  89.011  9.43456
19.5  0.973894  97.8022  9.8895
19.5  1.00531  94.4444  9.71825
19.5  1.03673  96.2025  9.80829
19.5  1.06814  97.8723  9.89305
19.5  1.09956  97.4026  9.86928
19.5  1.13097  97.2222  9.86013
19.5  1.16239  98.5507  9.92727
19.5  1.19381  95.9459  9.7952
19.5  1.22522  95.3125  9.76281
19.5  1.25664  98.6842  9.93399
19.5  1.28805  98.6667  9.93311
19.5  1.31947  92.9825  9.64274
19.5  1.35088  98.3051  9.91489
19.5  1.3823  98.5075  9.92509
19.5  1.41372  96.875  9.84251
19.5  1.44513  100  10
19.5  1.47655  100  10
19.5  1.50796  100  10
19.5  1.53938  100  10
19.5  1.5708  100  10
19.5  1.60221  98.4848  9.92395
19.5  1.63363  100  10
19.5  1.66504  100  10
19.5  1.69646  100  10
19.5  1.72788  96.9231  9.84495
19.5  1.75929  95.3125  9.76281
19.5  1.79071  94.4444  9.71825
19.5  1.82212  100  10
19.5  1.85354  95.8333  9.78945
19.5  1.88496  91.8919  9.58603
19.5  1.91637  92.4242  9.61375
19.5  1.94779  97.1429  9.85611
19.5  1.9792  96.3636  9.8165
19.5  2.01062  95.8333  9.78945
19.5  2.04204  95.7746  9.78645
19.5  2.07345  98.5075  9.92509
19.5  2.10487  94.8052  9.7368
19.5  2.13628  93.8272  9.68644
19.5  2.1677  96.8085  9.83913
19.5  2.19911  93.1818  9.65307
19.5  2.23053  92.5234  9.61891
19.5  2.26195  97.7528  9.887
19.5  2.29336  92.1053  9.59715
19.5  2.32478  92.7711  9.63177
19.5  2.35619  88.8889  9.42809
19.5  2.38761  85.7143  9.2582
19.5  2.41903  88.8889  9.42809
19.5  2.45044  84.2105  9.17663
19.5  2.48186  81.3953  9.02194
19.5  2.51327  96.9697  9.84732
19.5  2.54469  83.3333  9.12871
19.5  2.57611  85  9.21954
19.5  2.60752  83.3333  9.12871
19.5  2.63894  82.6087  9.08893
19.5  2.67035  76.6667  8.75595
19.5  2.70177  82.3529  9.07485
19.5  2.73319  78.9474  8.88523
19.5  2.7646  58.8235  7.66965
19.5  2.79602  64.7059  8.044
19.5  2.82743  42.8571  6.54654
19.5  2.85885  55.5556  7.45356
19.5  2.89027  0  0
19.5  2.92168  0  0
19.5  2.9531  0  0
19.5  2.98451  0  0
19.5  3.01593  0  0
19.5  3.04734  0  0
19.5  3.07876  0  0
19.5  3.11018  0  0
19.75  0  0  0
19.75  0.0314159  0  0
19.75  0.0628319  0  0
19.75  0.0942478  0  0
19.75  0.125664  0  0
19.75  0.15708  0  0
19.75  0.188496  0  0
19.75  0.219911  0  0
19.75  0.251327  42.8571  6.54654
19.75  0.282743  44.4444  6.66667
19.75  0.314159  44.4444  6.66667
19.75  0.345575  64.2857  8.01784
19.75  0.376991  57.8947  7.60886
19.75  0.408407  88  9.38083
19.75  0.439823  82.3529  9.07485
19.75  0.471239  80.9524  8.99735
19.75  0.502655  82.1429  9.06327
19.75  0.534071  83.3333  9.12871
19.75  0.565487  90.625  9.51972
19.75  0.596903  88.5714  9.41124
19.75  0.628319  85.1064  9.22531
19.75  0.659734  88.8889  9.42809
19.75  0.69115  92.7536  9.63087
19.75  0.722566  91.0448  9.54174
19.75  0.753982  86.3014  9.28985
19.75  0.785398  94.4444  9.71825
19.75  0.816814  92.3913  9.61204
19.75  0.84823  95.2381  9.759
19.75  0.879646  92.2222  9.60324
19.75  0.911062  90  9.48683
19.75  0.942478  96.7391  9.83561
19.75  0.973894  94.1748  9.70437
19.75  1.00531  93.75  9.68246
19.75  1.03673  95.5224  9.77356
19.75  1.06814  94.5946  9.72598
19.75  1.09956  94.1176  9.70143
19.75  1.13097  95.8333  9.78945
19.75  1.16239  97.7273  9.88571
19.75  1.19381  98.7342  9.93651
19.75  1.22522  98.7805  9.93884
19.75  1.25664  97.0149  9.84962
19.75  1.28805  98.5714  9.92831
19.75  1.31947  98.7013  9.93485
19.75  1.35088  96.875  9.84251
19.75  1.3823  98.3607  9.91769
19.75  1.41372  98.4615  9.92278
19.75  1.44513  96  9.79796
19.75  1.47655  100  10
19.75  1.50796  100  10
19.75  1.53938  100  10
19.75  1.5708  100  10
19.75  1.60221  100  10
19.75  1.63363  100  10
19.75  1.66504  100  10
19.75  1.69646  100  10
19.75  1.72788  95.7746  9.78645
19.75  1.75929  94.6429  9.72846
19.75  1.79071  97.1429  9.85611
19.75  1.82212  98.5915  9.92933
19.75  1.85354  100  10
19.75  1.88496  97.2603  9.86206
19.75  1.91637  98.3051  9.91489
19.75  1.94779  98.4848  9.92395
19.75  1.9792  88  9.38083
19.75  2.01062  95.1807  9.75606
19.75  2.04204  91.7808  9.58023
19.75  2.07345  96.25  9.81071
19.75  2.10487  92.1569  9.59984
19.75  2.13628  96.1538  9.80581
19.75  2.1677  91.8367  9.58315
19.75  2.19911  96.3303  9.8148
19.75  2.23053  92.3077  9.60769
19.75  2.26195  87.0968  9.33257
19.75  2.29336  97.7778  9.88826
19.75  2.32478  93.6709  9.67837
19.75  2.35619  95.7746  9.78645
19.75  2.38761  87.5  9.35414
19.75  2.41903  94.4444  9.71825
19.75  2.45044  94.9153  9.74245
19.75  2.48186  93.0233  9.64486
19.75  2.51327  84.8485  9.21132
19.75  2.54469  84.2105  9.17663
19.75  2.57611  86.6667  9.30949
19.75  2.60752  77.2727  8.79049
19.75  2.63894  78.2609  8.84652
19.75  2.67035  71.4286  8.45154
19.75  2.70177  80.7692  8.98717
19.75  2.73319  78.2609  8.84652
19.75  2.7646  100  10
19.75  2.79602  66.6667  8.16497
19.75  2.82743  62.5  7.90569
19.75  2.85885  50  7.07107
19.75  2.89027  12.5  3.53553
19.75  2.92168  0  0
19.75  2.9531  0  0
19.75  2.98451  0  0
19.75  3.01593  0  0
19.75  3.04734  0  0
19.75  3.07876  0  0
19.75  3.11018  0  0
20  0  0  0
20  0.0314159  0  0
20  0.0628319  0  0
20  0.0942478  0  0
20  0.125664  0  0
20  0.15708  0  0
20  0.188496  0  0
20  0.219911  0  0
20  0.251327  25  5
20  0.282743  33.3333  5.7735
20  0.314159  60  7.74597
20  0.345575  66.6667  8.16497
20  0.376991  87.5  9.35414
20  0.408407  84.6154  9.19866
20  0.439823  88.8889  9.42809
20  0.471239  100  10
20  0.502655  100  10
20  0.534071  84.8485  9.21132
20  0.565487  82.9787  9.10927
20  0.596903  88.0952  9.38591
20  0.628319  86.0465  9.27613
20  0.659734  90  9.48683
20  0.69115  92.1875  9.60143
20  0.722566  87.2093  9.33859
20  0.753982  97.2222  9.86013
20  0.785398  93.1034  9.64901
20  0.816814  94.6237  9.72747
20  0.84823  96.1039  9.80326
20  0.879646  90.8046  9.52914
20  0.911062  94.7368  9.73329
20  0.942478  97.6471  9.88165
20  0.973894  88.0435  9.38315
20  1.00531  91.5663  9.56903
20  1.03673  97.6744  9.88304
20  1.06814  97.7778  9.88826
20  1.09956  90.2439  9.49968
20  1.13097  95.7143  9.78337
20  1.16239  98.5294  9.9262
20  1.19381  100  10
20  1.22522  100  10
20  1.25664  97.3684  9.86754
20  1.28805  97.1429  9.85611
20  1.31947  98.2143  9.91031
20  1.35088  96.0784  9.80196
20  1.3823  96.1538  9.80581
20  1.41372  100  10
20  1.44513  100  10
20  1.47655  96.9231  9.84495
20  1.50796  95.5882  9.77692
20  1.53938  98.2456  9.91189
20  1.5708  100  10
20  1.60221  100  10
20  1.63363  100  10
20  1.66504  100  10
20  1.69646  98.4848  9.92395
20  1.72788  100  10
20  1.75929  98  9.89949
20  1.79071  97.8261  9.89071
20  1.82212  96.9231  9.84495
20  1.85354  97.1831  9.85815
20  1.88496  97.1831  9.85815
20  1.91637  92.7536  9.63087
20  1.94779  95.3125  9.76281
20  1.9792  93.8272  9.68644
20  2.01062  96.6667  9.83192
20  2.04204  96.8421  9.84084
20  2.07345  89.3939  9.45484
20  2.10487  95.0495  9.74933
20  2.13628  96.4706  9.82194
20  2.1677  96.7033  9.83378
20  2.19911  91.4894  9.56501
20  2.23053  92.7083  9.62852
20  2.26195  94.6237  9.72747
20  2.29336  86.747  9.31381
20  2.32478  95.7447  9.78492
20  2.35619  84.375  9.18559
20  2.38761  86.1538  9.28191
20  2.41903  96  9.79796
20  2.45044  82.6923  9.09353
20  2.48186  90.3846  9.50708
20  2.51327  88.2353  9.39336
20  2.54469  74.1935  8.61357
20  2.57611  90.3226  9.50382
20  2.60752  65.5172  8.09427
20  2.63894  75  8.66025
20  2.67035  78.2609  8.84652
20  2.70177  61.9048  7.86796
20  2.73319  41.6667  6.45497
20  2.7646  69.2308  8.3205
20  2.79602  83.3333  9.12871
20  2.82743  60  7.74597
20  2.85885  30  5.47723
20  2.89027  0  0
20  2.92168  0  0
20  2.9531  0  0
20  2.98451  0  0
20  3.01593  0  0
20  3.04734  0  0
20  3.07876  0  0
20  3.11018  0  0
20.25  0  0  0
20.25  0.0314159  0  0
20.25  0.0628319  0  0
20.25  0.0942478  0  0
20.25  0.125664  0  0
20.25  0.15708  0  0
20.25  0.188496  0  0
20.25  0.219911  0  0
20.25  0.251327  37.5  6.12372
20.25  0.282743  56.25  7.5
20.25  0.314159  50  7.07107
20.25  0.345575  76.4706  8.74475
20.25  0.376991  66.6667  8.16497
20.25  0.408407  95  9.74679
20.25  0.439823  60  7.74597
20.25  0.471239  90.4762  9.5119
20.25  0.502655  71.0526  8.42927
20.25  0.534071  84  9.16515
20.25  0.565487  82.3529  9.07485
20.25  0.596903  69.4444  8.33333
20.25  0.628319  90  9.48683
20.25  0.659734  82.9787  9.10927
20.25  0.69115  88.1356  9.38806
20.25  0.722566  92.1875  9.60143
20.25  0.753982  86.9565  9.32505
20.25  0.785398  88.4615  9.4054
20.25  0.816814  90.3226  9.50382
20.25  0.84823  91.4894  9.56501
20.25  0.879646  95.3488  9.76467
20.25  0.911062  95.6522  9.78019
20.25  0.942478  96.6667  9.83192
20.25  0.973894  94.5055  9.72139
20.25  1.00531  95.6044  9.77775
20.25  1.03673  98.5915  9.92933
20.25  1.06814  95.1807  9.75606
20.25  1.09956  97.619  9.88024
20.25  1.13097  97.5309  9.87577
20.25  1.16239  96.875  9.84251
20.25  1.19381  98.6486  9.9322
20.25  1.22522  98.7654  9.93808
20.25  1.25664  97.4684  9.87261
20.25  1.28805  98.5507  9.92727
20.25  1.31947  97.1014  9.85401
20.25  1.35088  94.9153  9.74245
20.25  1.3823  100  10
20.25  1.41372  97.1014  9.85401
20.25  1.44513  96.7213  9.8347
20.25  1.47655  96.5517  9.82607
20.25  1.50796  100  10
20.25  1.53938  100  10
20.25  1.5708  98.6301  9.93127
20.25  1.60221  100  10
20.25  1.63363  98.1818  9.90867
20.25  1.66504  95.9459  9.7952
20.25  1.69646  98.4848  9.92395
20.25  1.72788  98.6667  9.93311
20.25  1.75929  98.5714  9.92831
20.25  1.79071  98.4615  9.92278
20.25  1.82212  100  10
20.25  1.85354  96.875  9.84251
20.25  1.88496  96.2025  9.80829
20.25  1.91637  98.7179  9.93569
20.25  1.94779  96.2025  9.80829
20.25  1.9792  96.7213  9.8347
20.25  2.01062  98.5915  9.92933
20.25  2.04204  95.122  9.75305
20.25  2.07345  94.186  9.70495
20.25  2.10487  96  9.79796
20.25  2.13628  92.3913  9.61204
20.25  2.1677  94.8718  9.74022
20.25  2.19911  92.1569  9.59984
20.25  2.23053  89.1304  9.44089
20.25  2.26195  91.6667  9.57427
20.25  2.29336  91.8182  9.58218
20.25  2.32478  91.1111  9.54521
20.25  2.35619  96  9.79796
20.25  2.38761  87.6543  9.36239
20.25  2.41903  94.1176  9.70143
20.25  2.45044  88.8889  9.42809
20.25  2.48186  92.8571  9.63624
20.25  2.51327  84.0909  9.17011
20.25  2.54469  86  9.27362
20.25  2.57611  89.6552  9.46864
20.25  2.60752  89.4737  9.45905
20.25  2.63894  83.3333  9.12871
20.25  2.67035  87.5  9.35414
20.25  2.70177  88.2353  9.39336
20.25  2.73319  73.3333  8.56349
20.25  2.7646  60  7.74597
20.25  2.79602  58.3333  7.63763
20.25  2.82743  100  10
20.25  2.85885  16.6667  4.08248
20.25  2.89027  0  0
20.25  2.92168  0  0
20.25  2.9531  0  0
20.25  2.98451  0  0
20.25  3.01593  0  0
20.25  3.04734  0  0
20.25  3.07876  0  0
20.25  3.11018  0  0
20.5  0  0  0
20.5  0.0314159  0  0
20.5  0.0628319  0  0
20.5  0.0942478  0  0
20.5  0.125664  0  0
20.5  0.15708  0  0
20.5  0.188496  20  4.47214
20.5  0.219911  0  0
20.5  0.251327  25  5
20.5  0.282743  57.1429  7.55929
20.5  0.314159  71.4286  8.45154
20.5  0.345575  63.6364  7.97724
20.5  0.376991  64.7059  8.044
20.5  0.408407  77.2727  8.79049
20.5  0.439823  62.5  7.90569
20.5  0.471239  80  8.94427
20.5  0.502655  88.4615  9.4054
20.5  0.534071  84  9.16515
20.5  0.565487  80.6452  8.98027
20.5  0.596903  84.8485  9.21132
20.5  0.628319  93.617  9.67559
20.5  0.659734  89.2308  9.4462
20.5  0.69115  91.9355  9.5883
20.5  0.722566  93.75  9.68246
20.5  0.753982  89.2308  9.4462
20.5  0.785398  89.8876  9.48091
20.5  0.816814  93.3333  9.66092
20.5  0.84823  90.3226  9.50382
20.5  0.879646  91.5888  9.5702
20.5  0.911062  94.1748  9.70437
20.5  0.942478  97.4359  9.87096
20.5  0.973894  92.7711  9.63177
20.5  1.00531  93.5897  9.67418
20.5  1.03673  94.1176  9.70143
20.5  1.06814  88.5057  9.40775
20.5  1.09956  94.5946  9.72598
20.5  1.13097  92.8571  9.63624
20.5  1.16239  98.4375  9.92157
20.5  1.19381  95.082  9.751
20.5  1.22522  95.1807  9.75606
20.5  1.25664  92.4242  9.61375
20.5  1.28805  98.5714  9.92831
20.5  1.31947  97.0149  9.84962
20.5  1.35088  97.0588  9.85184
20.5  1.3823  98.0769  9.90338
20.5  1.41372  96.2264  9.80951
20.5  1.44513  100  10
20.5  1.47655  98.5075  9.92509
20.5  1.50796  100  10
20.5  1.53938  100  10
20.5  1.5708  100  10
20.5  1.60221  100  10
20.5  1.63363  96.4286  9.81981
20.5  1.66504  100  10
20.5  1.69646  98.5915  9.92933
20.5  1.72788  100  10
20.5  1.75929  100  10
20.5  1.79071  96.4912  9.82299
20.5  1.82212  100  10
20.5  1.85354  93.3333  9.66092
20.5  1.88496  96.6667  9.83192
20.5  1.91637  98.4848  9.92395
20.5  1.94779  100  10
20.5  1.9792  91.7808  9.58023
20.5  2.01062  92.5926  9.6225
20.5  2.04204  96.0526  9.80064
20.5  2.07345  96.0784  9.80196
20.5  2.10487  95.7447  9.78492
20.5  2.13628  93.4783  9.66842
20.5  2.1677  97  9.84886
20.5  2.19911  93.8144  9.68579
20.5  2.23053  94.5055  9.72139
20.5  2.26195  93.1373  9.65076
20.5  2.29336  92.2078  9.60249
20.5  2.32478  87.7551  9.36777
20.5  2.35619  84  9.16515
20.5  2.38761  92.8571  9.63624
20.5  2.41903  90.1639  9.49547
20.5  2.45044  90.4762  9.5119
20.5  2.48186  84.6154  9.19866
20.5  2.51327  82.8571  9.10259
20.5  2.54469  88.2353  9.39336
20.5  2.57611  83.3333  9.12871
20.5  2.60752  80  8.94427
20.5  2.63894  86.3636  9.2932
20.5  2.67035  73.3333  8.56349
20.5  2.70177  77.2727  8.79049
20.5  2.73319  72.2222  8.49837
20.5  2.7646  70  8.3666
20.5  2.79602  53.8462  7.33799
20.5  2.82743  50  7.07107
20.5  2.85885  33.3333  5.7735
20.5  2.89027  0  0
20.5  2.92168  0  0
20.5  2.9531  0  0
20.5  2.98451  0  0
20.5  3.01593  0  0
20.5  3.04734  0  0
20.5  3.07876  0  0
20.5  3.11018  0  0
20.75  0  0  0
20.75  0.0314159  0  0
20.75  0.0628319  0  0
20.75  0.0942478  0  0
20.75  0.125664  0  0
20.75  0.15708  0  0
20.75  0.188496  0  0
20.75  0.219911  18.1818  4.26401
20.75  0.251327  42.8571  6.54654
20.75  0.282743  25  5
20.75  0.314159  44.4444  6.66667
20.75  0.345575  75  8.66025
20.75  0.376991  47.3684  6.88247
20.75  0.408407  77.7778  8.81917
20.75  0.439823  88.8889  9.42809
20.75  0.471239  76.1905  8.72872
20.75  0.502655  73.5294  8.57493
20.75  0.534071  85  9.21954
20.75  0.565487  88.3721  9.40064
20.75  0.596903  85.7143  9.2582
20.75  0.628319  89.7959  9.47607
20.75  0.659734  89.6552  9.46864
20.75  0.69115  85.7143  9.2582
20.75  0.722566  88.0597  9.38401
20.75  0.753982  93.0556  9.64653
20.75  0.785398  89.3617  9.45313
20.75  0.816814  94.3182  9.71175
20.75  0.84823  90.3226  9.50382
20.75  0.879646  92.7083  9.62852
20.75  0.911062  96.9697  9.84732
20.75  0.942478  92.9412  9.6406
20.75  0.973894  91.8605  9.58439
20.75  1.00531  95  9.74679
20.75  1.03673  96.1039  9.80326
20.75  1.06814  92.8571  9.63624
20.75  1.09956  94.8718  9.74022
20.75  1.13097  94.7368  9.73329
20.75  1.16239  98.6486  9.9322
20.75  1.19381  98.4848  9.92395
20.75  1.22522  95.8333  9.78945
20.75  1.25664  97.1831  9.85815
20.75  1.28805  96.2963  9.81307
20.75  1.31947  98.4127  9.92032
20.75  1.35088  100  10
20.75  1.3823  100  10
20.75  1.41372  98  9.89949
20.75  1.44513  96.875  9.84251
20.75  1.47655  100  10
20.75  1.50796  98.4848  9.92395
20.75  1.53938  100  10
20.75  1.5708  100  10
20.75  1.60221  100  10
20.75  1.63363  100  10
20.75  1.66504  100  10
20.75  1.69646  98.4848  9.92395
20.75  1.72788  98.5075  9.92509
20.75  1.75929  98.6667  9.93311
20.75  1.79071  100  10
20.75  1.82212  100  10
20.75  1.85354  98.6667  9.93311
20.75  1.88496  97.619  9.88024
20.75  1.91637  100  10
20.75  1.94779  93.2432  9.65625
20.75  1.9792  90.1408  9.49425
20.75  2.01062  97.4026  9.86928
20.75  2.04204  95.6044  9.77775
20.75  2.07345  97.6471  9.88165
20.75  2.10487  97.5  9.87421
20.75  2.13628  97.3333  9.86577
20.75  2.1677  95.2381  9.759
20.75  2.19911  94.2308  9.70725
20.75  2.23053  87.8788  9.37437
20.75  2.26195  94.9495  9.7442
20.75  2.29336  91.3978  9.56022
20.75  2.32478  93.5897  9.67418
20.75  2.35619  93.2203  9.65507
20.75  2.38761  88.0597  9.38401
20.75  2.41903  91.3043  9.55533
20.75  2.45044  86.2069  9.28477
20.75  2.48186  95  9.74679
20.75  2.51327  81.5789  9.03211
20.75  2.54469  86.6667  9.30949
20.75  2.57611  90.4762  9.5119
20.75  2.60752  81.8182  9.04534
20.75  2.63894  74.0741  8.60663
20.75  2.67035  80  8.94427
20.75  2.70177  70  8.3666
20.75  2.73319  68.1818  8.25723
20.75  2.7646  75  8.66025
20.75  2.79602  84.6154  9.19866
20.75  2.82743  50  7.07107
20.75  2.85885  14.2857  3.77964
20.75  2.89027  0  0
20.75  2.92168  0  0
20.75  2.9531  0  0
20.75  2.98451  0  0
20.75  3.01593  0  0
20.75  3.04734  0  0
20.75  3.07876  0  0
20.75  3.11018  0  0
21  0  0  0
21  0.0314159  0  0
21  0.0628319  0  0
21  0.0942478  0  0
21  0.125664  0  0
21  0.15708  0  0
21  0.188496  0  0
21  0.219911  40  6.32456
21  0.251327  58.3333  7.63763
21  0.282743  33.3333  5.7735
21  0.314159  63.6364  7.97724
21  0.345575  65  8.06226
21  0.376991  68.4211  8.2717
21  0.408407  70  8.3666
21  0.439823  85.1852  9.22958
21  0.471239  82.3529  9.07485
21  0.502655  96.9697  9.84732
21  0.534071  90.9091  9.53463
21  0.565487  90.9091  9.53463
21  0.596903  88.4615  9.4054
21  0.628319  93.4783  9.66842
21  0.659734  86.8852  9.32123
21  0.69115  85.4167  9.24211
21  0.722566  93.4211  9.66546
21  0.753982  96.9231  9.84495
21  0.785398  91.7647  9.57939
21  0.816814  94.5055  9.72139
21  0.84823  92.5  9.61769
21  0.879646  94.5652  9.72446
21  0.911062  90.3614  9.50586
21  0.942478  96.875  9.84251
21  0.973894  96.5116  9.82403
21  1.00531  93.9759  9.69412
21  1.03673  95.3846  9.7665
21  1.06814  95.122  9.75305
21  1.09956  97.3684  9.86754
21  1.13097  96.4286  9.81981
21  1.16239  95.9459  9.7952
21  1.19381  94.9367  9.74355
21  1.22522  94.6429  9.72846
21  1.25664  98.2143  9.91031
21  1.28805  95.6522  9.78019
21  1.31947  98.4848  9.92395
21  1.35088  95.5882  9.77692
21  1.3823  96.875  9.84251
21  1.41372  98.3607  9.91769
21  1.44513  98.5075  9.92509
21  1.47655  100  10
21  1.50796  100  10
21  1.53938  98.5915  9.92933
21  1.5708  100  10
21  1.60221  100  10
21  1.63363  100  10
21  1.66504  100  10
21  1.69646  98.1132  9.90521
21  1.72788  100  10
21  1.75929  96.4912  9.82299
21  1.79071  98.5507  9.92727
21  1.82212  98.5294  9.9262
21  1.85354  93.5484  9.67204
21  1.88496  92.1875  9.60143
21  1.91637  98.8095  9.9403
21  1.94779  98.6667  9.93311
21  1.9792  91.5663  9.56903
21  2.01062  96.3855  9.81761
21  2.04204  95.9459  9.7952
21  2.07345  97.0588  9.85184
21  2.10487  98.4615  9.92278
21  2.13628  93.3333  9.66092
21  2.1677  97.7778  9.88826
21  2.19911  97.4684  9.87261
21  2.23053  91.7647  9.57939
21  2.26195  92.1348  9.59869
21  2.29336  93.75  9.68246
21  2.32478  91.5663  9.56903
21  2.35619  92.5  9.61769
21  2.38761  92.5373  9.61963
21  2.41903  89.1304  9.44089
21  2.45044  84  9.16515
21  2.48186  76  8.7178
21  2.51327  92.1053  9.59715
21  2.54469  95.4545  9.77008
21  2.57611  84.375  9.18559
21  2.60752  79.3103  8.90564
21  2.63894  93.9394  9.69223
21  2.67035  92.3077  9.60769
21  2.70177  76.9231  8.77058
21  2.73319  69.5652  8.34058
21  2.7646  56.25  7.5
21  2.79602  72.7273  8.52803
21  2.82743  64.2857  8.01784
21  2.85885  58.3333  7.63763
21  2.89027  0  0
21  2.92168  0  0
21  2.9531  0  0
21  2.98451  0  0
21  3.01593  0  0
21  3.04734  0  0
21  3.07876  0  0
21  3.11018  0  0
21.25  0  0  0
21.25  0.0314159  0  0
21.25  0.0628319  0  0
21.25  0.0942478  0  0
21.25  0.125664  0  0
21.25  0.15708  0  0
21.25  0.188496  0  0
21.25  0.219911  20  4.47214
21.25  0.251327  30  5.47723
21.25  0.282743  71.4286  8.45154
21.25  0.314159  66.6667  8.16497
21.25  0.345575  72.7273  8.52803
21.25  0.376991  54.5455  7.38549
21.25  0.408407  75  8.66025
21.25  0.439823  78.5714  8.86405
21.25  0.471239  91.3043  9.55533
21.25  0.502655  78.2609  8.84652
21.25  0.534071  91.6667  9.57427
21.25  0.565487  81.0811  9.0045
21.25  0.596903  88.6364  9.41469
21.25  0.628319  82.6087  9.08893
21.25  0.659734  90  9.48683
21.25  0.69115  95.3846  9.7665
21.25  0.722566  91.4634  9.56365
21.25  0.753982  88.0952  9.38591
21.25  0.785398  91.5663  9.56903
21.25  0.816814  92.0455  9.59403
21.25  0.84823  89.899  9.48151
21.25  0.879646  95.5882  9.77692
21.25  0.911062  88.5417  9.40966
21.25  0.942478  89.5238  9.4617
21.25  0.973894  92.3077  9.60769
21.25  1.00531  93.5484  9.67204
21.25  1.03673  97.5309  9.87577
21.25  1.06814  96.7742  9.83739
21.25  1.09956  93.5065  9.66988
21.25  1.13097  96.8254  9.83999
21.25  1.16239  97.0149  9.84962
21.25  1.19381  100  10
21.25  1.22522  95.6522  9.78019
21.25  1.25664  100  10
21.25  1.28805  100  10
21.25  1.31947  100  10
21.25  1.35088  96.6667  9.83192
21.25  1.3823  100  10
21.25  1.41372  93.2203  9.65507
21.25  1.44513  100  10
21.25  1.47655  98.3871  9.91903
21.25  1.50796  100  10
21.25  1.53938  100  10
21.25  1.5708  100  10
21.25  1.60221  98.5915  9.92933
21.25  1.63363  100  10
21.25  1.66504  100  10
21.25  1.69646  97.9167  9.89529
21.25  1.72788  100  10
21.25  1.75929  100  10
21.25  1.79071  98.2143  9.91031
21.25  1.82212  97.1014  9.85401
21.25  1.85354  98.1818  9.90867
21.25  1.88496  100  10
21.25  1.91637  93.6508  9.67733
21.25  1.94779  96.0526  9.80064
21.25  1.9792  100  10
21.25  2.01062  94.8718  9.74022
21.25  2.04204  96.7033  9.83378
21.25  2.07345  97.5904  9.87878
21.25  2.10487  92.7711  9.63177
21.25  2.13628  93.2432  9.65625
21.25  2.1677  96.8085  9.83913
21.25  2.19911  95.6522  9.78019
21.25  2.23053  91.9192  9.58745
21.25  2.26195  93.4211  9.66546
21.25  2.29336  91.25  9.55249
21.25  2.32478  93.5484  9.67204
21.25  2.35619  93.0233  9.64486
21.25  2.38761  87.7193  9.36586
21.25  2.41903  94.7368  9.73329
21.25  2.45044  89.0909  9.4388
21.25  2.48186  88  9.38083
21.25  2.51327  81.8182  9.04534
21.25  2.54469  81.4815  9.02671
21.25  2.57611  83.7838  9.15335
21.25  2.60752  86.1111  9.27961
21.25  2.63894  84.375  9.18559
21.25  2.67035  82.6087  9.08893
21.25  2.70177  71.4286  8.45154
21.25  2.73319  44.4444  6.66667
21.25  2.7646  66.6667  8.16497
21.25  2.79602  66.6667  8.16497
21.25  2.82743  42.8571  6.54654
21.25  2.85885  50  7.07107
21.25  2.89027  14.2857  3.77964
21.25  2.92168  0  0
21.25  2.9531  0  0
21.25  2.98451  0  0
21.25  3.01593  0  0
21.25  3.04734  0  0
21.25  3.07876  0  0
21.25  3.11018  0  0
21.5  0  0  0
21.5  0.0314159  0  0
21.5  0.0628319  0  0
21.5  0.0942478  0  0
21.5  0.125664  0  0
21.5  0.15708  0  0
21.5  0.188496  0  0
21.5  0.219911  20  4.47214
21.5  0.251327  87.5  9.35414
21.5  0.282743  66.6667  8.16497
21.5  0.314159  66.6667  8.16497
21.5  0.345575  76  8.7178
21.5  0.376991  61.5385  7.84465
21.5  0.408407  76.1905  8.72872
21.5  0.439823  72  8.48528
21.5  0.471239  90.9091  9.53463
21.5  0.502655  95.4545  9.77008
21.5  0.534071  91.1765  9.54864
21.5  0.565487  92.1053  9.59715
21.5  0.596903  97.9167  9.89529
21.5  0.628319  88  9.38083
21.5  0.659734  85.3659  9.23936
21.5  0.69115  88.5246  9.40875
21.5  0.722566  87.0968  9.33257
21.5  0.753982  90.7895  9.52835
21.5  0.785398  94.0476  9.69782
21.5  0.816814  93.2692  9.6576
21.5  0.84823  95.2941  9.76187
21.5  0.879646  91.954  9.58927
21.5  0.911062  93.2584  9.65704
21.5  0.942478  95.9459  9.7952
21.5  0.973894  94.8454  9.73886
21.5  1.00531  93.6709  9.67837
21.5  1.03673  98.5714  9.92831
21.5  1.06814  94.3662  9.71423
21.5  1.09956  96.9697  9.84732
21.5  1.13097  95.7746  9.78645
21.5  1.16239  100  10
21.5  1.19381  91.25  9.55249
21.5  1.22522  95.7143  9.78337
21.5  1.25664  98.4375  9.92157
21.5  1.28805  100  10
21.5  1.31947  98.5294  9.9262
21.5  1.35088  96.25  9.81071
21.5  1.3823  100  10
21.5  1.41372  100  10
21.5  1.44513  100  10
21.5  1.47655  100  10
21.5  1.50796  98.1818  9.90867
21.5  1.53938  100  10
21.5  1.5708  100  10
21.5  1.60221  98.5294  9.9262
21.5  1.63363  100  10
21.5  1.66504  100  10
21.5  1.69646  94.6429  9.72846
21.5  1.72788  95.7143  9.78337
21.5  1.75929  98.2456  9.91189
21.5  1.79071  98.6667  9.93311
21.5  1.82212  98.3607  9.91769
21.5  1.85354  96.1538  9.80581
21.5  1.88496  97.3333  9.86577
21.5  1.91637  96.6667  9.83192
21.5  1.94779  97.2603  9.86206
21.5  1.9792  97.5  9.87421
21.5  2.01062  96.7033  9.83378
21.5  2.04204  90.2174  9.49828
21.5  2.07345  93.5065  9.66988
21.5  2.10487  92.2078  9.60249
21.5  2.13628  94.8718  9.74022
21.5  2.1677  94.6667  9.72968
21.5  2.19911  90.099  9.49205
21.5  2.23053  95.3271  9.76356
21.5  2.26195  93.6842  9.67906
21.5  2.29336  92.0792  9.59579
21.5  2.32478  83.5616  9.14121
21.5  2.35619  90.5405  9.51528
21.5  2.38761  96.9697  9.84732
21.5  2.41903  90.7407  9.52579
21.5  2.45044  94  9.69536
21.5  2.48186  85.3659  9.23936
21.5  2.51327  86.8421  9.31891
21.5  2.54469  90  9.48683
21.5  2.57611  85.7143  9.2582
21.5  2.60752  95.6522  9.78019
21.5  2.63894  76.1905  8.72872
21.5  2.67035  68.75  8.29156
21.5  2.70177  86.9565  9.32505
21.5  2.73319  54.5455  7.38549
21.5  2.7646  64.2857  8.01784
21.5  2.79602  85.7143  9.2582
21.5  2.82743  63.6364  7.97724
21.5  2.85885  44.4444  6.66667
21.5  2.89027  0  0
21.5  2.92168  0  0
21.5  2.9531  0  0
21.5  2.98451  0  0
21.5  3.01593  0  0
21.5  3.04734  0  0
21.5  3.07876  0  0
21.5  3.11018  0  0
21.75  0  0  0
21.75  0.0314159  0  0
21.75  0.0628319  0  0
21.75  0.0942478  0  0
21.75  0.125664  0  0
21.75  0.15708  0  0
21.75  0.188496  0  0
21.75  0.219911  12.5  3.53553
21.75  0.251327  57.1429  7.55929
21.75  0.282743  36.3636  6.03023
21.75  0.314159  69.2308  8.3205
21.75  0.345575  57.1429  7.55929
21.75  0.376991  66.6667  8.16497
21.75  0.408407  80.9524  8.99735
21.75  0.439823  77.7778  8.81917
21.75  0.471239  84.6154  9.19866
21.75  0.502655  80  8.94427
21.75  0.534071  93.75  9.68246
21.75  0.565487  88.8889  9.42809
21.75  0.596903  86.7925  9.31625
21.75  0.628319  97.4359  9.87096
21.75  0.659734  86.0465  9.27613
21.75  0.69115  90  9.48683
21.75  0.722566  94.8718  9.74022
21.75  0.753982  95.5056  9.7727
21.75  0.785398  86.747  9.31381
21.75  0.816814  91.5663  9.56903
21.75  0.84823  94.7917  9.7361
21.75  0.879646  92.1348  9.59869
21.75  0.911062  95.7895  9.78721
21.75  0.942478  95.6044  9.77775
21.75  0.973894  91.5663  9.56903
21.75  1.00531  95.7895  9.78721
21.75  1.03673  97.8723  9.89305
21.75  1.06814  96.4286  9.81981
21.75  1.09956  91.4286  9.56183
21.75  1.13097  96.25  9.81071
21.75  1.16239  98.6111  9.93031
21.75  1.19381  98.7654  9.93808
21.75  1.22522  98.3607  9.91769
21.75  1.25664  98.3871  9.91903
21.75  1.28805  96.9697  9.84732
21.75  1.31947  97.4684  9.87261
21.75  1.35088  98.4375  9.92157
21.75  1.3823  96.2025  9.80829
21.75  1.41372  100  10
21.75  1.44513  100  10
21.75  1.47655  100  10
21.75  1.50796  100  10
21.75  1.53938  100  10
21.75  1.5708  98.3333  9.91632
21.75  1.60221  97.0149  9.84962
21.75  1.63363  98.5714  9.92831
21.75  1.66504  100  10
21.75  1.69646  95.5882  9.77692
21.75  1.72788  98.4848  9.92395
21.75  1.75929  93.8272  9.68644
21.75  1.79071  98.5507  9.92727
21.75  1.82212  95.7746  9.78645
21.75  1.85354  92.5373  9.61963
21.75  1.88496  96.9231  9.84495
21.75  1.91637  93.2432  9.65625
21.75  1.94779  93.75  9.68246
21.75  1.9792  93.3333  9.66092
21.75  2.01062  97.0588  9.85184
21.75  2.04204  94.9495  9.7442
21.75  2.07345  97.4359  9.87096
21.75  2.10487  92.9577  9.64146
21.75  2.13628  92.6829  9.6272
21.75  2.1677  95  9.74679
21.75  2.19911  96.2025  9.80829
21.75  2.23053  96.2617  9.8113
21.75  2.26195  94.5652  9.72446
21.75  2.29336  98.7805  9.93884
21.75  2.32478  93.9759  9.69412
21.75  2.35619  90.5405  9.51528
21.75  2.38761  92.5373  9.61963
21.75  2.41903  92.4242  9.61375
21.75  2.45044  88.1356  9.38806
21.75  2.48186  90  9.48683
21.75  2.51327  80.4878  8.9715
21.75  2.54469  85.7143  9.2582
21.75  2.57611  79.4118  8.91133
21.75  2.60752  82.8571  9.10259
21.75  2.63894  86.6667  9.30949
21.75  2.67035  82.7586  9.09718
21.75  2.70177  64  8
21.75  2.73319  76.4706  8.74475
21.75  2.7646  62.5  7.90569
21.75  2.79602  71.4286  8.45154
21.75  2.82743  27.2727  5.22233
21.75  2.85885  62.5  7.90569
21.75  2.89027  0  0
21.75  2.92168  0  0
21.75  2.9531  0  0
21.75  2.98451  0  0
21.75  3.01593  0  0
21.75  3.04734  0  0
21.75  3.07876  0  0
21.75  3.11018  0  0
22  0  0  0
22  0.0314159  0  0
22  0.0628319  0  0
22  0.0942478  0  0
22  0.125664  0  0
22  0.15708  0  0
22  0.188496  0  0
22  0.219911  30  5.47723
22  0.251327  25  5
22  0.282743  69.2308  8.3205
22  0.314159  86.6667  9.30949
22  0.345575  90  9.48683
22  0.376991  54.5455  7.38549
22  0.408407  82.3529  9.07485
22  0.439823  70  8.3666
22  0.471239  86.9565  9.32505
22  0.502655  88.8889  9.42809
22  0.534071  81.0811  9.0045
22  0.565487  83.3333  9.12871
22  0.596903  88.0952  9.38591
22  0.628319  94.8718  9.74022
22  0.659734  88.6364  9.41469
22  0.69115  92.4242  9.61375
22  0.722566  88.4058  9.40244
22  0.753982  92.4051  9.61276
22  0.785398  96.5517  9.82607
22  0.816814  88.0952  9.38591
22  0.84823  94.382  9.71504
22  0.879646  93.4783  9.66842
22  0.911062  95.4023  9.76741
22  0.942478  93.8776  9.68904
22  0.973894  93.9024  9.69033
22  1.00531  97.3333  9.86577
22  1.03673  96  9.79796
22  1.06814  98.8235  9.941
22  1.09956  96.9697  9.84732
22  1.13097  95.2381  9.759
22  1.16239  95.4545  9.77008
22  1.19381  95.6522  9.78019
22  1.22522  94.2029  9.70582
22  1.25664  96.6102  9.82905
22  1.28805  98.5294  9.9262
22  1.31947  100  10
22  1.35088  98.2759  9.91342
22  1.3823  98  9.89949
22  1.41372  98  9.89949
22  1.44513  100  10
22  1.47655  98.4848  9.92395
22  1.50796  100  10
22  1.53938  100  10
22  1.5708  98.4615  9.92278
22  1.60221  98.2759  9.91342
22  1.63363  100  10
22  1.66504  98.4127  9.92032
22  1.69646  98.3051  9.91489
22  1.72788  100  10
22  1.75929  98.5714  9.92831
22  1.79071  100  10
22  1.82212  98.4848  9.92395
22  1.85354  96.7742  9.83739
22  1.88496  98.4375  9.92157
22  1.91637  96.9697  9.84732
22  1.94779  97.2222  9.86013
22  1.9792  98.7342  9.93651
22  2.01062  98.7013  9.93485
22  2.04204  91.9355  9.5883
22  2.07345  95.8333  9.78945
22  2.10487  96.2025  9.80829
22  2.13628  89.3333  9.45163
22  2.1677  95.4023  9.76741
22  2.19911  94.8276  9.73795
22  2.23053  92.3077  9.60769
22  2.26195  92.7083  9.62852
22  2.29336  96.7033  9.83378
22  2.32478  89.0244  9.43527
22  2.35619  94.8052  9.7368
22  2.38761  87.3239  9.34473
22  2.41903  88.4058  9.40244
22  2.45044  89.7959  9.47607
22  2.48186  80  8.94427
22  2.51327  86.6667  9.30949
22  2.54469  84.0909  9.17011
22  2.57611  85.7143  9.2582
22  2.60752  86.6667  9.30949
22  2.63894  95  9.74679
22  2.67035  78.7879  8.87625
22  2.70177  84.2105  9.17663
22  2.73319  75  8.66025
22  2.7646  82.3529  9.07485
22  2.79602  73.3333  8.56349
22  2.82743  60  7.74597
22  2.85885  44.4444  6.66667
22  2.89027  10  3.16228
22  2.92168  0  0
22  2.9531  0  0
22  2.98451  0  0
22  3.01593  0  0
22  3.04734  0  0
22  3.07876  0  0
22  3.11018  0  0
22.25  0  0  0
22.25  0.0314159  0  0
22.25  0.0628319  0  0
22.25  0.0942478  0  0
22.25  0.125664  0  0
22.25  0.15708  0  0
22.25  0.188496  0  0
22.25  0.219911  0  0
22.25  0.251327  0  0
22.25  0.282743  60  7.74597
22.25  0.314159  36.3636  6.03023
22.25  0.345575  72.7273  8.52803
22.25  0.376991  65.2174  8.07573
22.25  0.408407  64.2857  8.01784
22.25  0.439823  61.9048  7.86796
22.25  0.471239  92  9.59166
22.25  0.502655  87.0968  9.33257
22.25  0.534071  75.7576  8.70388
22.25  0.565487  83.3333  9.12871
22.25  0.596903  90.9091  9.53463
22.25  0.628319  89.1304  9.44089
22.25  0.659734  87.7551  9.36777
22.25  0.69115  87.3016  9.34353
22.25  0.722566  87.5  9.35414
22.25  0.753982  89.0625  9.43729
22.25  0.785398  89.2308  9.4462
22.25  0.816814  93.6364  9.67659
22.25  0.84823  90.8163  9.52976
22.25  0.879646  97.7528  9.887
22.25  0.911062  91.4286  9.56183
22.25  0.942478  91.6667  9.57427
22.25  0.973894  94.5055  9.72139
22.25  1.00531  98.75  9.9373
22.25  1.03673  98.9899  9.94937
22.25  1.06814  97.8495  9.89189
22.25  1.09956  94.3182  9.71175
22.25  1.13097  100  10
22.25  1.16239  98.8636  9.94302
22.25  1.19381  97.1014  9.85401
22.25  1.22522  97.0588  9.85184
22.25  1.25664  98.4127  9.92032
22.25  1.28805  98.3607  9.91769
22.25  1.31947  95.7746  9.78645
22.25  1.35088  98.5507  9.92727
22.25  1.3823  96.5517  9.82607
22.25  1.41372  98.5075  9.92509
22.25  1.44513  100  10
22.25  1.47655  97.2222  9.86013
22.25  1.50796  100  10
22.25  1.53938  100  10
22.25  1.5708  100  10
22.25  1.60221  100  10
22.25  1.63363  100  10
22.25  1.66504  98.4127  9.92032
22.25  1.69646  100  10
22.25  1.72788  98.2759  9.91342
22.25  1.75929  100  10
22.25  1.79071  98.3607  9.91769
22.25  1.82212  97.2973  9.86394
22.25  1.85354  100  10
22.25  1.88496  95.9459  9.7952
22.25  1.91637  100  10
22.25  1.94779  95.9459  9.7952
22.25  1.9792  98.75  9.9373
22.25  2.01062  97.1831  9.85815
22.25  2.04204  93.1818  9.65307
22.25  2.07345  93.0233  9.64486
22.25  2.10487  95.3125  9.76281
22.25  2.13628  98.9474  9.94723
22.25  2.1677  96.0396  9.79998
22.25  2.19911  89.7959  9.47607
22.25  2.23053  91.2088  9.55033
22.25  2.26195  94.6237  9.72747
22.25  2.29336  90.2174  9.49828
22.25  2.32478  94.5055  9.72139
22.25  2.35619  91.6667  9.57427
22.25  2.38761  85.1351  9.22687
22.25  2.41903  88.8889  9.42809
22.25  2.45044  91.2281  9.55134
22.25  2.48186  88.4615  9.4054
22.25  2.51327  78.0488  8.83452
22.25  2.54469  84.2105  9.17663
22.25  2.57611  91.6667  9.57427
22.25  2.60752  94.8718  9.74022
22.25  2.63894  83.871  9.15811
22.25  2.67035  86.6667  9.30949
22.25  2.70177  66.6667  8.16497
22.25  2.73319  61.1111  7.81736
22.25  2.7646  64.7059  8.044
22.25  2.79602  73.3333  8.56349
22.25  2.82743  37.5  6.12372
22.25  2.85885  57.1429  7.55929
22.25  2.89027  0  0
22.25  2.92168  0  0
22.25  2.9531  0  0
22.25  2.98451  0  0
22.25  3.01593  0  0
22.25  3.04734  0  0
22.25  3.07876  0  0
22.25  3.11018  0  0
22.5  0  0  0
22.5  0.0314159  0  0
22.5  0.0628319  0  0
22.5  0.0942478  0  0
22.5  0.125664  0  0
22.5  0.15708  0  0
22.5  0.188496  0  0
22.5  0.219911  33.3333  5.7735
22.5  0.251327  60  7.74597
22.5  0.282743  66.6667  8.16497
22.5  0.314159  70  8.3666
22.5  0.345575  71.4286  8.45154
22.5  0.376991  72.2222  8.49837
22.5  0.408407  70.5882  8.40168
22.5  0.439823  70  8.3666
22.5  0.471239  82.7586  9.09718
22.5  0.502655  83.3333  9.12871
22.5  0.534071  83.3333  9.12871
22.5  0.565487  88.0952  9.38591
22.5  0.596903  87.8049  9.37043
22.5  0.628319  80  8.94427
22.5  0.659734  84.2105  9.17663
22.5  0.69115  90.6977  9.52353
22.5  0.722566  90.2778  9.50146
22.5  0.753982  93.5484  9.67204
22.5  0.785398  89.6552  9.46864
22.5  0.816814  91.5663  9.56903
22.5  0.84823  94.2529  9.70839
22.5  0.879646  95  9.74679
22.5  0.911062  96.5909  9.82807
22.5  0.942478  92.8571  9.63624
22.5  0.973894  94.6237  9.72747
22.5  1.00531  96.7391  9.83561
22.5  1.03673  94.1176  9.70143
22.5  1.06814  98.913  9.9455
22.5  1.09956  96.4286  9.81981
22.5  1.13097  97.2222  9.86013
22.5  1.16239  94.5205  9.72217
22.5  1.19381  98.3051  9.91489
22.5  1.22522  97.1429  9.85611
22.5  1.25664  91.8033  9.5814
22.5  1.28805  98.5915  9.92933
22.5  1.31947  98.7654  9.93808
22.5  1.35088  94.6667  9.72968
22.5  1.3823  93.3333  9.66092
22.5  1.41372  96.7742  9.83739
22.5  1.44513  98.3607  9.91769
22.5  1.47655  98.5507  9.92727
22.5  1.50796  100  10
22.5  1.53938  100  10
22.5  1.5708  100  10
22.5  1.60221  100  10
22.5  1.63363  98.7179  9.93569
22.5  1.66504  100  10
22.5  1.69646  96.7213  9.8347
22.5  1.72788  98.6486  9.9322
22.5  1.75929  100  10
22.5  1.79071  96  9.79796
22.5  1.82212  98.3333  9.91632
22.5  1.85354  96.7742  9.83739
22.5  1.88496  96.6667  9.83192
22.5  1.91637  96.4286  9.81981
22.5  1.94779  100  10
22.5  1.9792  97.4359  9.87096
22.5  2.01062  95.9459  9.7952
22.5  2.04204  100  10
22.5  2.07345  93.9394  9.69223
22.5  2.10487  93.1034  9.64901
22.5  2.13628  94.2529  9.70839
22.5  2.1677  95.4023  9.76741
22.5  2.19911  90.8046  9.52914
22.5  2.23053  94.382  9.71504
22.5  2.26195  88.5057  9.40775
22.5  2.29336  91.9192  9.58745
22.5  2.32478  94.2529  9.70839
22.5  2.35619  90.411  9.50847
22.5  2.38761  88.7097  9.41858
22.5  2.41903  92.5926  9.6225
22.5  2.45044  84  9.16515
22.5  2.48186  94.6429  9.72846
22.5  2.51327  75  8.66025
22.5  2.54469  90.3226  9.50382
22.5  2.57611  86.4865  9.29981
22.5  2.60752  83.3333  9.12871
22.5  2.63894  79.1667  8.89757
22.5  2.67035  72.7273  8.52803
22.5  2.70177  66.6667  8.16497
22.5  2.73319  76.1905  8.72872
22.5  2.7646  55.5556  7.45356
22.5  2.79602  70  8.3666
22.5  2.82743  42.8571  6.54654
22.5  2.85885  72.7273  8.52803
22.5  2.89027  20  4.47214
22.5  2.92168  0  0
22.5  2.9531  0  0
22.5  2.98451  0  0
22.5  3.01593  0  0
22.5  3.04734  0  0
22.5  3.07876  0  0
22.5  3.11018  0  0
22.75  0  0  0
22.75  0.0314159  0  0
22.75  0.0628319  0  0
22.75  0.0942478  0  0
22.75  0.125664  0  0
22.75  0.15708  0  0
22.75  0.188496  0  0
22.75  0.219911  0  0
22.75  0.251327  20  4.47214
22.75  0.282743  63.6364  7.97724
22.75  0.314159  60  7.74597
22.75  0.345575  70  8.3666
22.75  0.376991  80  8.94427
22.75  0.408407  73.0769  8.5485
22.75  0.439823  86.9565  9.32505
22.75  0.471239  78.2609  8.84652
22.75  0.502655  91.3043  9.55533
22.75  0.534071  92.1053  9.59715
22.75  0.565487  93.75  9.68246
22.75  0.596903  82.5  9.08295
22.75  0.628319  90.4762  9.5119
22.75  0.659734  90  9.48683
22.75  0.69115  90.4762  9.5119
22.75  0.722566  93.3333  9.66092
22.75  0.753982  95.7746  9.78645
22.75  0.785398  93.617  9.67559
22.75  0.816814  90.3226  9.50382
22.75  0.84823  91.1111  9.54521
22.75  0.879646  94.7368  9.73329
22.75  0.911062  95.2381  9.759
22.75  0.942478  91.5493  9.56814
22.75  0.973894  92  9.59166
22.75  1.00531  94.8454  9.73886
22.75  1.03673  95.7143  9.78337
22.75  1.06814  98.6842  9.93399
22.75  1.09956  98.7179  9.93569
22.75  1.13097  89.1566  9.44228
22.75  1.16239  94.1176  9.70143
22.75  1.19381  98.3607  9.91769
22.75  1.22522  95.8904  9.79236
22.75  1.25664  96.7213  9.8347
22.75  1.28805  100  10
22.75  1.31947  100  10
22.75  1.35088  100  10
22.75  1.3823  98.5714  9.92831
22.75  1.41372  100  10
22.75  1.44513  98.1818  9.90867
22.75  1.47655  100  10
22.75  1.50796  100  10
22.75  1.53938  100  10
22.75  1.5708  100  10
22.75  1.60221  100  10
22.75  1.63363  98.4615  9.92278
22.75  1.66504  98.3607  9.91769
22.75  1.69646  98.0392  9.90148
22.75  1.72788  100  10
22.75  1.75929  100  10
22.75  1.79071  96.2963  9.81307
22.75  1.82212  93.1507  9.65146
22.75  1.85354  96.7742  9.83739
22.75  1.88496  97.2973  9.86394
22.75  1.91637  100  10
22.75  1.94779  96.2025  9.80829
22.75  1.9792  96.9697  9.84732
22.75  2.01062  97.8495  9.89189
22.75  2.04204  93.4066  9.66471
22.75  2.07345  88.75  9.42072
22.75  2.10487  91.954  9.58927
22.75  2.13628  95.5556  9.77525
22.75  2.1677  94.2308  9.70725
22.75  2.19911  94  9.69536
22.75  2.23053  92.2078  9.60249
22.75  2.26195  88.764  9.42147
22.75  2.29336  91.0714  9.54314
22.75  2.32478  92.9412  9.6406
22.75  2.35619  95.4545  9.77008
22.75  2.38761  89.2308  9.4462
22.75  2.41903  91.8033  9.5814
22.75  2.45044  78.3784  8.85316
22.75  2.48186  94.4444  9.71825
22.75  2.51327  85.7143  9.2582
22.75  2.54469  82.0513  9.05822
22.75  2.57611  79.4118  8.91133
22.75  2.60752  82.1429  9.06327
22.75  2.63894  80  8.94427
22.75  2.67035  79.3103  8.90564
22.75  2.70177  100  10
22.75  2.73319  75  8.66025
22.75  2.7646  52.9412  7.27607
22.75  2.79602  69.2308  8.3205
22.75  2.82743  54.5455  7.38549
22.75  2.85885  69.2308  8.3205
22.75  2.89027  71.4286  8.45154
22.75  2.92168  0  0
22.75  2.9531  0  0
22.75  2.98451  0  0
22.75  3.01593  0  0
22.75  3.04734  0  0
22.75  3.07876  0  0
22.75  3.11018  0  0
23  0  0  0
23  0.0314159  0  0
23  0.0628319  0  0
23  0.0942478  0  0
23  0.125664  0  0
23  0.15708  0  0
23  0.188496  0  0
23  0.219911  0  0
23  0.251327  40  6.32456
23  0.282743  53.8462  7.33799
23  0.314159  45.4545  6.742
23  0.345575  83.3333  9.12871
23  0.376991  76.4706  8.74475
23  0.408407  64  8
23  0.439823  77.2727  8.79049
23  0.471239  80.7692  8.98717
23  0.502655  81.4815  9.02671
23  0.534071  78.7879  8.87625
23  0.565487  88.0952  9.38591
23  0.596903  85.2941  9.23548
23  0.628319  75  8.66025
23  0.659734  85.1064  9.22531
23  0.69115  93.75  9.68246
23  0.722566  96.2963  9.81307
23  0.753982  90.2778  9.50146
23  0.785398  90  9.48683
23  0.816814  96.0526  9.80064
23  0.84823  93.1034  9.64901
23  0.879646  89.6552  9.46864
23  0.911062  84.8101  9.20924
23  0.942478  90.1961  9.49716
23  0.973894  88.8889  9.42809
23  1.00531  88.6076  9.41316
23  1.03673  90.8046  9.52914
23  1.06814  96.1039  9.80326
23  1.09956  97.4684  9.87261
23  1.13097  98.7013  9.93485
23  1.16239  94.5205  9.72217
23  1.19381  97.3333  9.86577
23  1.22522  98.4375  9.92157
23  1.25664  91.4286  9.56183
23  1.28805  96.8254  9.83999
23  1.31947  100  10
23  1.35088  98.7805  9.93884
23  1.3823  100  10
23  1.41372  100  10
23  1.44513  96.4912  9.82299
23  1.47655  100  10
23  1.50796  97.561  9.8773
23  1.53938  100  10
23  1.5708  100  10
23  1.60221  100  10
23  1.63363  100  10
23  1.66504  96  9.79796
23  1.69646  96.8254  9.83999
23  1.72788  100  10
23  1.75929  96.8254  9.83999
23  1.79071  100  10
23  1.82212  96.875  9.84251
23  1.85354  94.9153  9.74245
23  1.88496  95.7143  9.78337
23  1.91637  96.9231  9.84495
23  1.94779  94.9367  9.74355
23  1.9792  97.561  9.8773
23  2.01062  94.7368  9.73329
23  2.04204  95.6522  9.78019
23  2.07345  94.4444  9.71825
23  2.10487  96.5517  9.82607
23  2.13628  93.5484  9.67204
23  2.1677  92.3077  9.60769
23  2.19911  91.6667  9.57427
23  2.23053  88  9.38083
23  2.26195  94.1176  9.70143
23  2.29336  89.0244  9.43527
23  2.32478  94.5946  9.72598
23  2.35619  89.1892  9.444
23  2.38761  90.4762  9.5119
23  2.41903  92.8571  9.63624
23  2.45044  90.7407  9.52579
23  2.48186  91.6667  9.57427
23  2.51327  90.6977  9.52353
23  2.54469  91.8367  9.58315
23  2.57611  91.3043  9.55533
23  2.60752  80.5556  8.97527
23  2.63894  74.0741  8.60663
23  2.67035  85  9.21954
23  2.70177  80.9524  8.99735
23  2.73319  84.2105  9.17663
23  2.7646  69.2308  8.3205
23  2.79602  41.6667  6.45497
23  2.82743  58.3333  7.63763
23  2.85885  50  7.07107
23  2.89027  100  10
23  2.92168  0  0
23  2.9531  0  0
23  2.98451  0  0
23  3.01593  0  0
23  3.04734  0  0
23  3.07876  0  0
23  3.11018  0  0
23.25  0  0  0
23.25  0.0314159  0  0
23.25  0.0628319  0  0
23.25  0.0942478  0  0
23.25  0.125664  0  0
23.25  0.15708  0  0
23.25  0.188496  0  0
23.25  0.219911  0  0
23.25  0.251327  50  7.07107
23.25  0.282743  38.4615  6.20174
23.25  0.314159  40  6.32456
23.25  0.345575  80  8.94427
23.25  0.376991  77.2727  8.79049
23.25  0.408407  68  8.24621
23.25  0.439823  76.4706  8.74475
23.25  0.471239  81.8182  9.04534
23.25  0.502655  89.6552  9.46864
23.25  0.534071  81.25  9.01388
23.25  0.565487  93.1034  9.64901
23.25  0.596903  80  8.94427
23.25  0.628319  86.5385  9.30261
23.25  0.659734  90.7407  9.52579
23.25  0.69115  92.4242  9.61375
23.25  0.722566  94.2529  9.70839
23.25  0.753982  89.2857  9.44911
23.25  0.785398  92.0455  9.59403
23.25  0.816814  92.3077  9.60769
23.25  0.84823  94.0594  9.69842
23.25  0.879646  92.7083  9.62852
23.25  0.911062  93.6842  9.67906
23.25  0.942478  93.75  9.68246
23.25  0.973894  93.2432  9.65625
23.25  1.00531  94.1176  9.70143
23.25  1.03673  97.4684  9.87261
23.25  1.06814  95.2941  9.76187
23.25  1.09956  95.5882  9.77692
23.25  1.13097  93.8462  9.68742
23.25  1.16239  98.6667  9.93311
23.25  1.19381  98.3051  9.91489
23.25  1.22522  96.875  9.84251
23.25  1.25664  96.6667  9.83192
23.25  1.28805  96.6667  9.83192
23.25  1.31947  96.7742  9.83739
23.25  1.35088  100  10
23.25  1.3823  100  10
23.25  1.41372  98.4375  9.92157
23.25  1.44513  96.6102  9.82905
23.25  1.47655  98.5075  9.92509
23.25  1.50796  100  10
23.25  1.53938  100  10
23.25  1.5708  100  10
23.25  1.60221  100  10
23.25  1.63363  100  10
23.25  1.66504  100  10
23.25  1.69646  98.5507  9.92727
23.25  1.72788  100  10
23.25  1.75929  94.3396  9.71286
23.25  1.79071  98.6301  9.93127
23.25  1.82212  100  10
23.25  1.85354  98.5915  9.92933
23.25  1.88496  98.6667  9.93311
23.25  1.91637  98.6842  9.93399
23.25  1.94779  93.8462  9.68742
23.25  1.9792  98.5075  9.92509
23.25  2.01062  98.6842  9.93399
23.25  2.04204  96.25  9.81071
23.25  2.07345  94.9367  9.74355
23.25  2.10487  100  10
23.25  2.13628  97.6471  9.88165
23.25  2.1677  90.3614  9.50586
23.25  2.19911  95.1807  9.75606
23.25  2.23053  95.5556  9.77525
23.25  2.26195  91.5663  9.56903
23.25  2.29336  91.8367  9.58315
23.25  2.32478  93.5065  9.66988
23.25  2.35619  95.122  9.75305
23.25  2.38761  90.2439  9.49968
23.25  2.41903  89.3939  9.45484
23.25  2.45044  89.7959  9.47607
23.25  2.48186  89.7959  9.47607
23.25  2.51327  80  8.94427
23.25  2.54469  92.8571  9.63624
23.25  2.57611  96.1538  9.80581
23.25  2.60752  82.1429  9.06327
23.25  2.63894  84  9.16515
23.25  2.67035  83.3333  9.12871
23.25  2.70177  89.4737  9.45905
23.25  2.73319  55.5556  7.45356
23.25  2.7646  68.75  8.29156
23.25  2.79602  58.8235  7.66965
23.25  2.82743  80  8.94427
23.25  2.85885  38.4615  6.20174
23.25  2.89027  0  0
23.25  2.92168  0  0
23.25  2.9531  0  0
23.25  2.98451  0  0
23.25  3.01593  0  0
23.25  3.04734  0  0
23.25  3.07876  0  0
23.25  3.11018  0  0
23.5  0  0  0
23.5  0.0314159  0  0
23.5  0.0628319  0  0
23.5  0.0942478  0  0
23.5  0.125664  0  0
23.5  0.15708  0  0
23.5  0.188496  0  0
23.5  0.219911  0  0
23.5  0.251327  33.3333  5.7735
23.5  0.282743  76.9231  8.77058
23.5  0.314159  45.4545  6.742
23.5  0.345575  68.4211  8.2717
23.5  0.376991  73.6842  8.58395
23.5  0.408407  73.0769  8.5485
23.5  0.439823  80.6452  8.98027
23.5  0.471239  88  9.38083
23.5  0.502655  84.2105  9.17663
23.5  0.534071  88.8889  9.42809
23.5  0.565487  83.3333  9.12871
23.5  0.596903  94.7368  9.73329
23.5  0.628319  80  8.94427
23.5  0.659734  84.127  9.17208
23.5  0.69115  90.3846  9.50708
23.5  0.722566  86.9565  9.32505
23.5  0.753982  84.3373  9.18354
23.5  0.785398  92  9.59166
23.5  0.816814  89.4118  9.45578
23.5  0.84823  95.122  9.75305
23.5  0.879646  97.0297  9.85037
23.5  0.911062  91.9192  9.58745
23.5  0.942478  95.6522  9.78019
23.5  0.973894  94.9367  9.74355
23.5  1.00531  96.8421  9.84084
23.5  1.03673  98.5714  9.92831
23.5  1.06814  94.8052  9.7368
23.5  1.09956  90.2778  9.50146
23.5  1.13097  97.4359  9.87096
23.5  1.16239  96.9697  9.84732
23.5  1.19381  97.1831  9.85815
23.5  1.22522  98.5507  9.92727
23.5  1.25664  94.8718  9.74022
23.5  1.28805  98.1818  9.90867
23.5  1.31947  100  10
23.5  1.35088  98.6111  9.93031
23.5  1.3823  97.4684  9.87261
23.5  1.41372  98.6842  9.93399
23.5  1.44513  100  10
23.5  1.47655  100  10
23.5  1.50796  100  10
23.5  1.53938  100  10
23.5  1.5708  100  10
23.5  1.60221  98.5294  9.9262
23.5  1.63363  100  10
23.5  1.66504  100  10
23.5  1.69646  100  10
23.5  1.72788  98.6301  9.93127
23.5  1.75929  98.7805  9.93884
23.5  1.79071  96.4912  9.82299
23.5  1.82212  97.4684  9.87261
23.5  1.85354  97.2222  9.86013
23.5  1.88496  100  10
23.5  1.91637  96.8254  9.83999
23.5  1.94779  94.8052  9.7368
23.5  1.9792  96.5116  9.82403
23.5  2.01062  95.2381  9.759
23.5  2.04204  93.1818  9.65307
23.5  2.07345  98.9362  9.94667
23.5  2.10487  96.3855  9.81761
23.5  2.13628  95.2381  9.759
23.5  2.1677  96.2025  9.80829
23.5  2.19911  91.4286  9.56183
23.5  2.23053  90.8163  9.52976
23.5  2.26195  95  9.74679
23.5  2.29336  88.6076  9.41316
23.5  2.32478  94.382  9.71504
23.5  2.35619  89.3333  9.45163
23.5  2.38761  94.2029  9.70582
23.5  2.41903  96.1538  9.80581
23.5  2.45044  85.9649  9.27173
23.5  2.48186  88.3721  9.40064
23.5  2.51327  90.625  9.51972
23.5  2.54469  95  9.74679
23.5  2.57611  93.9394  9.69223
23.5  2.60752  82.1429  9.06327
23.5  2.63894  83.3333  9.12871
23.5  2.67035  86.9565  9.32505
23.5  2.70177  76.1905  8.72872
23.5  2.73319  92  9.59166
23.5  2.7646  80  8.94427
23.5  2.79602  69.2308  8.3205
23.5  2.82743  71.4286  8.45154
23.5  2.85885  47.0588  6.85994
23.5  2.89027  28.5714  5.34522
23.5  2.92168  0  0
23.5  2.9531  0  0
23.5  2.98451  0  0
23.5  3.01593  0  0
23.5  3.04734  0  0
23.5  3.07876  0  0
23.5  3.11018  0  0
23.75  0  0  0
23.75  0.0314159  0  0
23.75  0.0628319  0  0
23.75  0.0942478  0  0
23.75  0.125664  0  0
23.75  0.15708  0  0
23.75  0.188496  0  0
23.75  0.219911  8.33333  2.88675
23.75  0.251327  0  0
23.75  0.282743  77.7778  8.81917
23.75  0.314159  68.75  8.29156
23.75  0.345575  60  7.74597
23.75  0.376991  52.9412  7.27607
23.75  0.408407  55.5556  7.45356
23.75  0.439823  79.1667  8.89757
23.75  0.471239  84.6154  9.19866
23.75  0.502655  86.9565  9.32505
23.75  0.534071  90.2439  9.49968
23.75  0.565487  84.2105  9.17663
23.75  0.596903  82.5  9.08295
23.75  0.628319  91.1111  9.54521
23.75  0.659734  80.7692  8.98717
23.75  0.69115  88.0597  9.38401
23.75  0.722566  92.8571  9.63624
23.75  0.753982  85.2273  9.23186
23.75  0.785398  90.8046  9.52914
23.75  0.816814  96.4706  9.82194
23.75  0.84823  93.75  9.68246
23.75  0.879646  92.0792  9.59579
23.75  0.911062  96.5116  9.82403
23.75  0.942478  87.2093  9.33859
23.75  0.973894  93.6709  9.67837
23.75  1.00531  89.8734  9.48016
23.75  1.03673  89.8551  9.47919
23.75  1.06814  96.875  9.84251
23.75  1.09956  98.4615  9.92278
23.75  1.13097  98.7013  9.93485
23.75  1.16239  96.3415  9.81537
23.75  1.19381  93.2203  9.65507
23.75  1.22522  95.5882  9.77692
23.75  1.25664  98.3333  9.91632
23.75  1.28805  96.6667  9.83192
23.75  1.31947  97.1831  9.85815
23.75  1.35088  100  10
23.75  1.3823  98.3871  9.91903
23.75  1.41372  100  10
23.75  1.44513  98.6667  9.93311
23.75  1.47655  98.1818  9.90867
23.75  1.50796  98.4375  9.92157
23.75  1.53938  100  10
23.75  1.5708  100  10
23.75  1.60221  100  10
23.75  1.63363  100  10
23.75  1.66504  98.4615  9.92278
23.75  1.69646  96.2264  9.80951
23.75  1.72788  98.6301  9.93127
23.75  1.75929  100  10
23.75  1.79071  93.6508  9.67733
23.75  1.82212  97.1429  9.85611
23.75  1.85354  98.3871  9.91903
23.75  1.88496  93.9394  9.69223
23.75  1.91637  96.9697  9.84732
23.75  1.94779  93.4211  9.66546
23.75  1.9792  98.6111  9.93031
23.75  2.01062  98.4615  9.92278
23.75  2.04204  92.8571  9.63624
23.75  2.07345  95.8904  9.79236
23.75  2.10487  92.9577  9.64146
23.75  2.13628  90  9.48683
23.75  2.1677  97.8022  9.8895
23.75  2.19911  95.0617  9.74996
23.75  2.23053  93.4579  9.66736
23.75  2.26195  93.6364  9.67659
23.75  2.29336  93.8144  9.68579
23.75  2.32478  91.358  9.55814
23.75  2.35619  95.082  9.751
23.75  2.38761  90.6667  9.5219
23.75  2.41903  90.566  9.51662
23.75  2.45044  98.2456  9.91189
23.75  2.48186  90  9.48683
23.75  2.51327  80.3922  8.96617
23.75  2.54469  83.3333  9.12871
23.75  2.57611  93.9394  9.69223
23.75  2.60752  92  9.59166
23.75  2.63894  88.8889  9.42809
23.75  2.67035  75  8.66025
23.75  2.70177  66.6667  8.16497
23.75  2.73319  55.5556  7.45356
23.75  2.7646  58.3333  7.63763
23.75  2.79602  54.5455  7.38549
23.75  2.82743  54.5455  7.38549
23.75  2.85885  33.3333  5.7735
23.75  2.89027  42.8571  6.54654
23.75  2.92168  0  0
23.75  2.9531  0  0
23.75  2.98451  0  0
23.75  3.01593  0  0
23.75  3.04734  0  0
23.75  3.07876  0  0
23.75  3.11018  0  0
24  0  0  0
24  0.0314159  0  0
24  0.0628319  0  0
24  0.0942478  0  0
24  0.125664  0  0
24  0.15708  0  0
24  0.188496  0  0
24  0.219911  41.6667  6.45497
24  0.251327  25  5
24  0.282743  36.3636  6.03023
24  0.314159  76.9231  8.77058
24  0.345575  65.2174  8.07573
24  0.376991  63.6364  7.97724
24  0.408407  82.3529  9.07485
24  0.439823  66.6667  8.16497
24  0.471239  83.3333  9.12871
24  0.502655  91.4286  9.56183
24  0.534071  84.4444  9.18937
24  0.565487  87.8788  9.37437
24  0.596903  78.0488  8.83452
24  0.628319  92.5926  9.6225
24  0.659734  95.7447  9.78492
24  0.69115  82  9.05539
24  0.722566  88.7097  9.41858
24  0.753982  90.411  9.50847
24  0.785398  89.7727  9.47485
24  0.816814  91.4634  9.56365
24  0.84823  91.7647  9.57939
24  0.879646  93.9024  9.69033
24  0.911062  93.1818  9.65307
24  0.942478  94.3182  9.71175
24  0.973894  92  9.59166
24  1.00531  91.8367  9.58315
24  1.03673  95.0495  9.74933
24  1.06814  94.5946  9.72598
24  1.09956  97.7011  9.88439
24  1.13097  95.7746  9.78645
24  1.16239  97.1429  9.85611
24  1.19381  98.3333  9.91632
24  1.22522  95.6522  9.78019
24  1.25664  98.1818  9.90867
24  1.28805  100  10
24  1.31947  100  10
24  1.35088  98.6667  9.93311
24  1.3823  98.6667  9.93311
24  1.41372  100  10
24  1.44513  100  10
24  1.47655  100  10
24  1.50796  100  10
24  1.53938  100  10
24  1.5708  100  10
24  1.60221  100  10
24  1.63363  98.1818  9.90867
24  1.66504  100  10
24  1.69646  98.5294  9.9262
24  1.72788  98.3607  9.91769
24  1.75929  100  10
24  1.79071  93.5897  9.67418
24  1.82212  98.4375  9.92157
24  1.85354  98.7013  9.93485
24  1.88496  97.1831  9.85815
24  1.91637  94.7368  9.73329
24  1.94779  96.3855  9.81761
24  1.9792  100  10
24  2.01062  97.3333  9.86577
24  2.04204  93.5065  9.66988
24  2.07345  100  10
24  2.10487  93.3333  9.66092
24  2.13628  96  9.79796
24  2.1677  94.5055  9.72139
24  2.19911  91.7526  9.57876
24  2.23053  93.4066  9.66471
24  2.26195  90  9.48683
24  2.29336  91.7647  9.57939
24  2.32478  91  9.53939
24  2.35619  94.5946  9.72598
24  2.38761  89.0625  9.43729
24  2.41903  82.6923  9.09353
24  2.45044  90.3846  9.50708
24  2.48186  93.1818  9.65307
24  2.51327  90.4762  9.5119
24  2.54469  82.8571  9.10259
24  2.57611  88  9.38083
24  2.60752  91.6667  9.57427
24  2.63894  80.7692  8.98717
24  2.67035  86.3636  9.2932
24  2.70177  83.3333  9.12871
24  2.73319  55  7.4162
24  2.7646  55.5556  7.45356
24  2.79602  66.6667  8.16497
24  2.82743  30  5.47723
24  2.85885  22.2222  4.71405
24  2.89027  18.1818  4.26401
24  2.92168  0  0
24  2.9531  0  0
24  2.98451  0  0
24  3.01593  0  0
24  3.04734  0  0
24  3.07876  0  0
24  3.11018  0  0
24.25  0  0  0
24.25  0.0314159  0  0
24.25  0.0628319  0  0
24.25  0.0942478  0  0
24.25  0.125664  0  0
24.25  0.15708  0  0
24.25  0.188496  0  0
24.25  0.219911  12.5  3.53553
24.25  0.251327  70  8.3666
24.25  0.282743  70  8.3666
24.25  0.314159  80  8.94427
24.25  0.345575  72.2222  8.49837
24.25  0.376991  77.7778  8.81917
24.25  0.408407  73.913  8.59727
24.25  0.439823  83.3333  9.12871
24.25  0.471239  76.9231  8.77058
24.25  0.502655  78.9474  8.88523
24.25  0.534071  80.7692  8.98717
24.25  0.565487  92.5  9.61769
24.25  0.596903  89.4737  9.45905
24.25  0.628319  82.6923  9.09353
24.25  0.659734  92  9.59166
24.25  0.69115  93.1818  9.65307
24.25  0.722566  86.8421  9.31891
24.25  0.753982  88.3721  9.40064
24.25  0.785398  89.7436  9.47331
24.25  0.816814  90.8163  9.52976
24.25  0.84823  89.8148  9.47707
24.25  0.879646  94.8454  9.73886
24.25  0.911062  90.2439  9.49968
24.25  0.942478  93.2039  9.65422
24.25  0.973894  93.0233  9.64486
24.25  1.00531  94.8052  9.7368
24.25  1.03673  94.2529  9.70839
24.25  1.06814  93.2584  9.65704
24.25  1.09956  97.3684  9.86754
24.25  1.13097  97.3684  9.86754
24.25  1.16239  96.875  9.84251
24.25  1.19381  98.8235  9.941
24.25  1.22522  97.4359  9.87096
24.25  1.25664  98.2759  9.91342
24.25  1.28805  98.3333  9.91632
24.25  1.31947  98.75  9.9373
24.25  1.35088  98.3871  9.91903
24.25  1.3823  97.4359  9.87096
24.25  1.41372  100  10
24.25  1.44513  100  10
24.25  1.47655  100  10
24.25  1.50796  100  10
24.25  1.53938  100  10
24.25  1.5708  100  10
24.25  1.60221  98.3051  9.91489
24.25  1.63363  100  10
24.25  1.66504  100  10
24.25  1.69646  98.4848  9.92395
24.25  1.72788  98.4848  9.92395
24.25  1.75929  97.0588  9.85184
24.25  1.79071  97.1014  9.85401
24.25  1.82212  96.3636  9.8165
24.25  1.85354  98.1132  9.90521
24.25  1.88496  100  10
24.25  1.91637  97.561  9.8773
24.25  1.94779  92.9577  9.64146
24.25  1.9792  95.4023  9.76741
24.25  2.01062  92.7711  9.63177
24.25  2.04204  95.6044  9.77775
24.25  2.07345  96.1538  9.80581
24.25  2.10487  93.0556  9.64653
24.25  2.13628  94.5652  9.72446
24.25  2.1677  87.3786  9.34765
24.25  2.19911  94.7917  9.7361
24.25  2.23053  90.5405  9.51528
24.25  2.26195  97.8261  9.89071
24.25  2.29336  89.7959  9.47607
24.25  2.32478  91.2088  9.55033
24.25  2.35619  84.2857  9.18073
24.25  2.38761  89.7436  9.47331
24.25  2.41903  90.3226  9.50382
24.25  2.45044  88.2353  9.39336
24.25  2.48186  88.3721  9.40064
24.25  2.51327  87.5  9.35414
24.25  2.54469  89.1892  9.444
24.25  2.57611  88.6364  9.41469
24.25  2.60752  83.3333  9.12871
24.25  2.63894  73.913  8.59727
24.25  2.67035  89.4737  9.45905
24.25  2.70177  75  8.66025
24.25  2.73319  77.7778  8.81917
24.25  2.7646  60  7.74597
24.25  2.79602  77.7778  8.81917
24.25  2.82743  63.6364  7.97724
24.25  2.85885  25  5
24.25  2.89027  25  5
24.25  2.92168  0  0
24.25  2.9531  0  0
24.25  2.98451  0  0
24.25  3.01593  0  0
24.25  3.04734  0  0
24.25  3.07876  0  0
24.25  3.11018  0  0
24.5  0  0  0
24.5  0.0314159  0  0
24.5  0.0628319  0  0
24.5  0.0942478  0  0
24.5  0.125664  0  0
24.5  0.15708  0  0
24.5  0.188496  0  0
24.5  0.219911  9.09091  3.01511
24.5  0.251327  45.4545  6.742
24.5  0.282743  56.25  7.5
24.5  0.314159  70.8333  8.41625
24.5  0.345575  75  8.66025
24.5  0.376991  64.2857  8.01784
24.5  0.408407  68.4211  8.2717
24.5  0.439823  84.6154  9.19866
24.5  0.471239  81.8182  9.04534
24.5  0.502655  90  9.48683
24.5  0.534071  92.5926  9.6225
24.5  0.565487  92.3077  9.60769
24.5  0.596903  91.8367  9.58315
24.5  0.628319  85.1064  9.22531
24.5  0.659734  85  9.21954
24.5  0.69115  90.9091  9.53463
24.5  0.722566  91.0448  9.54174
24.5  0.753982  91.7647  9.57939
24.5  0.785398  93.75  9.68246
24.5  0.816814  94  9.69536
24.5  0.84823  92.5926  9.6225
24.5  0.879646  93.1818  9.65307
24.5  0.911062  94.5946  9.72598
24.5  0.942478  94.898  9.74156
24.5  0.973894  90.9091  9.53463
24.5  1.00531  95.7746  9.78645
24.5  1.03673  90.9091  9.53463
24.5  1.06814  96.25  9.81071
24.5  1.09956  95.4023  9.76741
24.5  1.13097  94.2857  9.71008
24.5  1.16239  96.7742  9.83739
24.5  1.19381  91.358  9.55814
24.5  1.22522  96.9231  9.84495
24.5  1.25664  100  10
24.5  1.28805  97.5309  9.87577
24.5  1.31947  98.5075  9.92509
24.5  1.35088  98.7179  9.93569
24.5  1.3823  100  10
24.5  1.41372  100  10
24.5  1.44513  98.6842  9.93399
24.5  1.47655  100  10
24.5  1.50796  98.3051  9.91489
24.5  1.53938  100  10
24.5  1.5708  100  10
24.5  1.60221  100  10
24.5  1.63363  97.9592  9.89743
24.5  1.66504  100  10
24.5  1.69646  100  10
24.5  1.72788  100  10
24.5  1.75929  97.2603  9.86206
24.5  1.79071  100  10
24.5  1.82212  96.8254  9.83999
24.5  1.85354  96.25  9.81071
24.5  1.88496  95  9.74679
24.5  1.91637  95.5056  9.7727
24.5  1.94779  98.1481  9.90697
24.5  1.9792  97.3684  9.86754
24.5  2.01062  92.9412  9.6406
24.5  2.04204  96.2963  9.81307
24.5  2.07345  92  9.59166
24.5  2.10487  98.7654  9.93808
24.5  2.13628  97.0874  9.85329
24.5  2.1677  92.0792  9.59579
24.5  2.19911  97.7273  9.88571
24.5  2.23053  93.4783  9.66842
24.5  2.26195  91.0256  9.54074
24.5  2.29336  82.7586  9.09718
24.5  2.32478  96.3855  9.81761
24.5  2.35619  88.7324  9.41979
24.5  2.38761  86.8421  9.31891
24.5  2.41903  82.3529  9.07485
24.5  2.45044  81.0345  9.00192
24.5  2.48186  95.122  9.75305
24.5  2.51327  85.2941  9.23548
24.5  2.54469  84.0909  9.17011
24.5  2.57611  91.4286  9.56183
24.5  2.60752  66.6667  8.16497
24.5  2.63894  75  8.66025
24.5  2.67035  72.7273  8.52803
24.5  2.70177  91.6667  9.57427
24.5  2.73319  55.5556  7.45356
24.5  2.7646  60  7.74597
24.5  2.79602  86.6667  9.30949
24.5  2.82743  60  7.74597
24.5  2.85885  53.8462  7.33799
24.5  2.89027  0  0
24.5  2.92168  0  0
24.5  2.9531  0  0
24.5  2.98451  0  0
24.5  3.01593  0  0
24.5  3.04734  0  0
24.5  3.07876  0  0
24.5  3.11018  0  0
24.75  0  0  0
24.75  0.0314159  0  0
24.75  0.0628319  0  0
24.75  0.0942478  0  0
24.75  0.125664  0  0
24.75  0.15708  0  0
24.75  0.188496  0  0
24.75  0.219911  18.1818  4.26401
24.75  0.251327  33.3333  5.7735
24.75  0.282743  66.6667  8.16497
24.75  0.314159  90.9091  9.53463
24.75  0.345575  75  8.66025
24.75  0.376991  88.8889  9.42809
24.75  0.408407  84.2105  9.17663
24.75  0.439823  86.1111  9.27961
24.75  0.471239  77.4194  8.79883
24.75  0.502655  80.5556  8.97527
24.75  0.534071  90  9.48683
24.75  0.565487  93.75  9.68246
24.75  0.596903  87.5  9.35414
24.75  0.628319  94.7368  9.73329
24.75  0.659734  90  9.48683
24.75  0.69115  88.0597  9.38401
24.75  0.722566  92.0635  9.59497
24.75  0.753982  87.5  9.35414
24.75  0.785398  96.4286  9.81981
24.75  0.816814  95.9459  9.7952
24.75  0.84823  87.9121  9.37614
24.75  0.879646  94.4444  9.71825
24.75  0.911062  93.3962  9.66417
24.75  0.942478  93.9024  9.69033
24.75  0.973894  98.7342  9.93651
24.75  1.00531  93.3333  9.66092
24.75  1.03673  96.6667  9.83192
24.75  1.06814  91.8605  9.58439
24.75  1.09956  94.1176  9.70143
24.75  1.13097  93.0233  9.64486
24.75  1.16239  89.5522  9.4632
24.75  1.19381  97.2222  9.86013
24.75  1.22522  100  10
24.75  1.25664  95.3846  9.7665
24.75  1.28805  96.7213  9.8347
24.75  1.31947  98.3871  9.91903
24.75  1.35088  96  9.79796
24.75  1.3823  98.5075  9.92509
24.75  1.41372  100  10
24.75  1.44513  100  10
24.75  1.47655  100  10
24.75  1.50796  97.9592  9.89743
24.75  1.53938  100  10
24.75  1.5708  100  10
24.75  1.60221  98.6111  9.93031
24.75  1.63363  98.5294  9.9262
24.75  1.66504  98.4848  9.92395
24.75  1.69646  98.6301  9.93127
24.75  1.72788  96.9697  9.84732
24.75  1.75929  100  10
24.75  1.79071  96  9.79796
24.75  1.82212  94.4444  9.71825
24.75  1.85354  96.9231  9.84495
24.75  1.88496  97.0588  9.85184
24.75  1.91637  97.1014  9.85401
24.75  1.94779  98.5507  9.92727
24.75  1.9792  97.2603  9.86206
24.75  2.01062  97.2973  9.86394
24.75  2.04204  93.6508  9.67733
24.75  2.07345  96.7033  9.83378
24.75  2.10487  93.75  9.68246
24.75  2.13628  93.6709  9.67837
24.75  2.1677  94.7917  9.7361
24.75  2.19911  95.7895  9.78721
24.75  2.23053  93.2039  9.65422
24.75  2.26195  89.6226  9.46692
24.75  2.29336  90.2778  9.50146
24.75  2.32478  93.5897  9.67418
24.75  2.35619  91.6667  9.57427
24.75  2.38761  88.7097  9.41858
24.75  2.41903  91.0714  9.54314
24.75  2.45044  88.8889  9.42809
24.75  2.48186  92.1569  9.59984
24.75  2.51327  85.1064  9.22531
24.75  2.54469  80  8.94427
24.75  2.57611  88.8889  9.42809
24.75  2.60752  86.6667  9.30949
24.75  2.63894  70.8333  8.41625
24.75  2.67035  64.2857  8.01784
24.75  2.70177  83.3333  9.12871
24.75  2.73319  87.5  9.35414
24.75  2.7646  64.2857  8.01784
24.75  2.79602  72.2222  8.49837
24.75  2.82743  63.6364  7.97724
24.75  2.85885  53.8462  7.33799
24.75  2.89027  12.5  3.53553
24.75  2.92168  0  0
24.75  2.9531  0  0
24.75  2.98451  0  0
24.75  3.01593  0  0
24.75  3.04734  0  0
24.75  3.07876  0  0
24.75  3.11018  0  0
25  0  0  0
25  0.0314159  0  0
25  0.0628319  0  0
25  0.0942478  0  0
25  0.125664  0  0
25  0.15708  0  0
25  0.188496  0  0
25  0.219911  27.2727  5.22233
25  0.251327  62.5  7.90569
25  0.282743  75  8.66025
25  0.314159  56.25  7.5
25  0.345575  66.6667  8.16497
25  0.376991  81.25  9.01388
25  0.408407  62.5  7.90569
25  0.439823  63.1579  7.94719
25  0.471239  73.913  8.59727
25  0.502655  95.6522  9.78019
25  0.534071  86.4865  9.29981
25  0.565487  93.3333  9.66092
25  0.596903  90.3226  9.50382
25  0.628319  85.4167  9.24211
25  0.659734  88.6364  9.41469
25  0.69115  89.0909  9.4388
25  0.722566  90.2439  9.49968
25  0.753982  88.3117  9.39743
25  0.785398  94.382  9.71504
25  0.816814  91.5888  9.5702
25  0.84823  95.8904  9.79236
25  0.879646  89.4737  9.45905
25  0.911062  96  9.79796
25  0.942478  97.0588  9.85184
25  0.973894  94.0594  9.69842
25  1.00531  95  9.74679
25  1.03673  91.25  9.55249
25  1.06814  98.7342  9.93651
25  1.09956  97.4026  9.86928
25  1.13097  94.9153  9.74245
25  1.16239  95.5882  9.77692
25  1.19381  98.4848  9.92395
25  1.22522  97.4359  9.87096
25  1.25664  96.9231  9.84495
25  1.28805  98.4127  9.92032
25  1.31947  98.3871  9.91903
25  1.35088  95.7746  9.78645
25  1.3823  97.2603  9.86206
25  1.41372  98.1481  9.90697
25  1.44513  100  10
25  1.47655  100  10
25  1.50796  100  10
25  1.53938  98.2759  9.91342
25  1.5708  100  10
25  1.60221  100  10
25  1.63363  98.4375  9.92157
25  1.66504  96.3636  9.8165
25  1.69646  100  10
25  1.72788  100  10
25  1.75929  98.2143  9.91031
25  1.79071  95.4545  9.77008
25  1.82212  96.8254  9.83999
25  1.85354  97.2603  9.86206
25  1.88496  98.5714  9.92831
25  1.91637  94.0299  9.6969
25  1.94779  94.3662  9.71423
25  1.9792  96.5116  9.82403
25  2.01062  96.3415  9.81537
25  2.04204  95.7746  9.78645
25  2.07345  95.3488  9.76467
25  2.10487  95  9.74679
25  2.13628  97.2973  9.86394
25  2.1677  94.8454  9.73886
25  2.19911  90.5882  9.51779
25  2.23053  92.4731  9.61629
25  2.26195  96.8085  9.83913
25  2.29336  97.619  9.88024
25  2.32478  91.1392  9.54669
25  2.35619  94.9367  9.74355
25  2.38761  92  9.59166
25  2.41903  92.7273  9.6295
25  2.45044  83.6364  9.14529
25  2.48186  82  9.05539
25  2.51327  86.4865  9.29981
25  2.54469  72.2222  8.49837
25  2.57611  88.8889  9.42809
25  2.60752  91.1765  9.54864
25  2.63894  81.4815  9.02671
25  2.67035  74.0741  8.60663
25  2.70177  70.5882  8.40168
25  2.73319  78.9474  8.88523
25  2.7646  73.3333  8.56349
25  2.79602  66.6667  8.16497
25  2.82743  75  8.66025
25  2.85885  66.6667  8.16497
25  2.89027  20  4.47214
25  2.92168  0  0
25  2.9531  0  0
25  2.98451  0  0
25  3.01593  0  0
25  3.04734  0  0
25  3.07876  0  0
25  3.11018  0  0
25.25  0  0  0
25.25  0.0314159  0  0
25.25  0.0628319  0  0
25.25  0.0942478  0  0
25.25  0.125664  0  0
25.25  0.15708  0  0
25.25  0.188496  0  0
25.25  0.219911  22.2222  4.71405
25.25  0.251327  60  7.74597
25.25  0.282743  50  7.07107
25.25  0.314159  61.5385  7.84465
25.25  0.345575  72.2222  8.49837
25.25  0.376991  71.4286  8.45154
25.25  0.408407  70  8.3666
25.25  0.439823  71.4286  8.45154
25.25  0.471239  80  8.94427
25.25  0.502655  91.3043  9.55533
25.25  0.534071  77.7778  8.81917
25.25  0.565487  90.625  9.51972
25.25  0.596903  90.566  9.51662
25.25  0.628319  82.5  9.08295
25.25  0.659734  90.7407  9.52579
25.25  0.69115  83.9286  9.16125
25.25  0.722566  89.0625  9.43729
25.25  0.753982  90.6667  9.5219
25.25  0.785398  89.8876  9.48091
25.25  0.816814  93.4066  9.66471
25.25  0.84823  93.4783  9.66842
25.25  0.879646  91.8919  9.58603
25.25  0.911062  90.6977  9.52353
25.25  0.942478  92.1053  9.59715
25.25  0.973894  97.5309  9.87577
25.25  1.00531  97.4026  9.86928
25.25  1.03673  95.4023  9.76741
25.25  1.06814  92.7536  9.63087
25.25  1.09956  92.5926  9.6225
25.25  1.13097  95.9459  9.7952
25.25  1.16239  98.5507  9.92727
25.25  1.19381  96.2025  9.80829
25.25  1.22522  98.3333  9.91632
25.25  1.25664  97.5309  9.87577
25.25  1.28805  98.5075  9.92509
25.25  1.31947  98.6111  9.93031
25.25  1.35088  96.9697  9.84732
25.25  1.3823  100  10
25.25  1.41372  100  10
25.25  1.44513  98.1132  9.90521
25.25  1.47655  100  10
25.25  1.50796  100  10
25.25  1.53938  100  10
25.25  1.5708  100  10
25.25  1.60221  100  10
25.25  1.63363  100  10
25.25  1.66504  100  10
25.25  1.69646  100  10
25.25  1.72788  100  10
25.25  1.75929  98.4127  9.92032
25.25  1.79071  95  9.74679
25.25  1.82212  100  10
25.25  1.85354  98.4848  9.92395
25.25  1.88496  96.6102  9.82905
25.25  1.91637  93.9394  9.69223
25.25  1.94779  97.2603  9.86206
25.25  1.9792  98.6486  9.9322
25.25  2.01062  97.3684  9.86754
25.25  2.04204  97.0149  9.84962
25.25  2.07345  97.3333  9.86577
25.25  2.10487  96.1538  9.80581
25.25  2.13628  95.098  9.75182
25.25  2.1677  97.3684  9.86754
25.25  2.19911  90.6977  9.52353
25.25  2.23053  95  9.74679
25.25  2.26195  93.6364  9.67659
25.25  2.29336  89.6552  9.46864
25.25  2.32478  92.5  9.61769
25.25  2.35619  93.8462  9.68742
25.25  2.38761  89.8551  9.47919
25.25  2.41903  85  9.21954
25.25  2.45044  89.1892  9.444
25.25  2.48186  85.7143  9.2582
25.25  2.51327  80.4878  8.9715
25.25  2.54469  82.3529  9.07485
25.25  2.57611  94.5946  9.72598
25.25  2.60752  79.1667  8.89757
25.25  2.63894  73.6842  8.58395
25.25  2.67035  88.8889  9.42809
25.25  2.70177  65  8.06226
25.25  2.73319  88.2353  9.39336
25.25  2.7646  33.3333  5.7735
25.25  2.79602  69.2308  8.3205
25.25  2.82743  47.0588  6.85994
25.25  2.85885  66.6667  8.16497
25.25  2.89027  0  0
25.25  2.92168  0  0
25.25  2.9531  0  0
25.25  2.98451  0  0
25.25  3.01593  0  0
25.25  3.04734  0  0
25.25  3.07876  0  0
25.25  3.11018  0  0
25.5  0  0  0
25.5  0.0314159  0  0
25.5  0.0628319  0  0
25.5  0.0942478  0  0
25.5  0.125664  0  0
25.5  0.15708  0  0
25.5  0.188496  0  0
25.5  0.219911  0  0
25.5  0.251327  61.5385  7.84465
25.5  0.282743  72.7273  8.52803
25.5  0.314159  83.3333  9.12871
25.5  0.345575  68.75  8.29156
25.5  0.376991  75  8.66025
25.5  0.408407  90.9091  9.53463
25.5  0.439823  76  8.7178
25.5  0.471239  93.1034  9.64901
25.5  0.502655  72.7273  8.52803
25.5  0.534071  85.2941  9.23548
25.5  0.565487  92.3077  9.60769
25.5  0.596903  92.5  9.61769
25.5  0.628319  78.9474  8.88523
25.5  0.659734  83.6066  9.14366
25.5  0.69115  94.8276  9.73795
25.5  0.722566  92.5  9.61769
25.5  0.753982  91.2281  9.55134
25.5  0.785398  89.2857  9.44911
25.5  0.816814  96.3415  9.81537
25.5  0.84823  93.3333  9.66092
25.5  0.879646  93.3333  9.66092
25.5  0.911062  91.5789  9.56969
25.5  0.942478  93.2584  9.65704
25.5  0.973894  95.1923  9.75665
25.5  1.00531  98.7654  9.93808
25.5  1.03673  92  9.59166
25.5  1.06814  95.3125  9.76281
25.5  1.09956  90.7692  9.52729
25.5  1.13097  98.7654  9.93808
25.5  1.16239  96.6667  9.83192
25.5  1.19381  95.2941  9.76187
25.5  1.22522  97.619  9.88024
25.5  1.25664  98.6301  9.93127
25.5  1.28805  96.3415  9.81537
25.5  1.31947  95.6522  9.78019
25.5  1.35088  98.7342  9.93651
25.5  1.3823  98.6667  9.93311
25.5  1.41372  96.4912  9.82299
25.5  1.44513  96.3636  9.8165
25.5  1.47655  100  10
25.5  1.50796  100  10
25.5  1.53938  100  10
25.5  1.5708  100  10
25.5  1.60221  100  10
25.5  1.63363  98.3607  9.91769
25.5  1.66504  96.7213  9.8347
25.5  1.69646  100  10
25.5  1.72788  100  10
25.5  1.75929  95.3846  9.7665
25.5  1.79071  96.8254  9.83999
25.5  1.82212  98.5915  9.92933
25.5  1.85354  95  9.74679
25.5  1.88496  98.5507  9.92727
25.5  1.91637  98.8095  9.9403
25.5  1.94779  98.5075  9.92509
25.5  1.9792  93.0556  9.64653
25.5  2.01062  100  10
25.5  2.04204  96.4706  9.82194
25.5  2.07345  96.9231  9.84495
25.5  2.10487  96.7742  9.83739
25.5  2.13628  94.7368  9.73329
25.5  2.1677  94.7368  9.73329
25.5  2.19911  93.8272  9.68644
25.5  2.23053  95  9.74679
25.5  2.26195  91.8605  9.58439
25.5  2.29336  92.3077  9.60769
25.5  2.32478  95.0617  9.74996
25.5  2.35619  90  9.48683
25.5  2.38761  84.375  9.18559
25.5  2.41903  86.7925  9.31625
25.5  2.45044  83.6735  9.14732
25.5  2.48186  89.5833  9.46485
25.5  2.51327  85.7143  9.2582
25.5  2.54469  76.6667  8.75595
25.5  2.57611  77.5  8.80341
25.5  2.60752  87.5  9.35414
25.5  2.63894  68.4211  8.2717
25.5  2.67035  72.7273  8.52803
25.5  2.70177  85.7143  9.2582
25.5  2.73319  71.4286  8.45154
25.5  2.7646  78.9474  8.88523
25.5  2.79602  63.6364  7.97724
25.5  2.82743  75  8.66025
25.5  2.85885  50  7.07107
25.5  2.89027  20  4.47214
25.5  2.92168  0  0
25.5  2.9531  0  0
25.5  2.98451  0  0
25.5  3.01593  0  0
25.5  3.04734  0  0
25.5  3.07876  0  0
25.5  3.11018  0  0
25.75  0  0  0
25.75  0.0314159  0  0
25.75  0.0628319  0  0
25.75  0.0942478  0  0
25.75  0.125664  0  0
25.75  0.15708  0  0
25.75  0.188496  0  0
25.75  0.219911  33.3333  5.7735
25.75  0.251327  55.5556  7.45356
25.75  0.282743  100  10
25.75  0.314159  66.6667  8.16497
25.75  0.345575  70  8.3666
25.75  0.376991  80.9524  8.99735
25.75  0.408407  65  8.06226
25.75  0.439823  84  9.16515
25.75  0.471239  88  9.38083
25.75  0.502655  69.5652  8.34058
25.75  0.534071  81.8182  9.04534
25.75  0.565487  77.7778  8.81917
25.75  0.596903  89.1892  9.444
25.75  0.628319  95  9.74679
25.75  0.659734  86.7925  9.31625
25.75  0.69115  90.1961  9.49716
25.75  0.722566  89.0909  9.4388
25.75  0.753982  96.1538  9.80581
25.75  0.785398  85.2941  9.23548
25.75  0.816814  93.6709  9.67837
25.75  0.84823  90.625  9.51972
25.75  0.879646  94.5205  9.72217
25.75  0.911062  90.1408  9.49425
25.75  0.942478  90.4762  9.5119
25.75  0.973894  95.3125  9.76281
25.75  1.00531  92.7835  9.63242
25.75  1.03673  93.4211  9.66546
25.75  1.06814  96  9.79796
25.75  1.09956  95.1613  9.75506
25.75  1.13097  95.8333  9.78945
25.75  1.16239  97.1831  9.85815
25.75  1.19381  97.1429  9.85611
25.75  1.22522  98.4127  9.92032
25.75  1.25664  98.5915  9.92933
25.75  1.28805  94.5946  9.72598
25.75  1.31947  100  10
25.75  1.35088  98.1818  9.90867
25.75  1.3823  98.5075  9.92509
25.75  1.41372  100  10
25.75  1.44513  100  10
25.75  1.47655  98.5075  9.92509
25.75  1.50796  100  10
25.75  1.53938  100  10
25.75  1.5708  100  10
25.75  1.60221  98  9.89949
25.75  1.63363  100  10
25.75  1.66504  100  10
25.75  1.69646  100  10
25.75  1.72788  100  10
25.75  1.75929  98.8372  9.94169
25.75  1.79071  98.7179  9.93569
25.75  1.82212  98.8095  9.9403
25.75  1.85354  100  10
25.75  1.88496  97.1014  9.85401
25.75  1.91637  95.7143  9.78337
25.75  1.94779  97.2603  9.86206
25.75  1.9792  97.2222  9.86013
25.75  2.01062  98.9691  9.94832
25.75  2.04204  89.1892  9.444
25.75  2.07345  98.6301  9.93127
25.75  2.10487  97.2973  9.86394
25.75  2.13628  93.6842  9.67906
25.75  2.1677  94.6809  9.73041
25.75  2.19911  98.6842  9.93399
25.75  2.23053  95.7895  9.78721
25.75  2.26195  95.6044  9.77775
25.75  2.29336  84.8101  9.20924
25.75  2.32478  93.2584  9.65704
25.75  2.35619  93.0556  9.64653
25.75  2.38761  88.4058  9.40244
25.75  2.41903  92.3077  9.60769
25.75  2.45044  86.3636  9.2932
25.75  2.48186  92.3077  9.60769
25.75  2.51327  78.1818  8.84205
25.75  2.54469  96.4286  9.81981
25.75  2.57611  85.7143  9.2582
25.75  2.60752  76  8.7178
25.75  2.63894  77.1429  8.7831
25.75  2.67035  72.2222  8.49837
25.75  2.70177  85.7143  9.2582
25.75  2.73319  92.3077  9.60769
25.75  2.7646  83.3333  9.12871
25.75  2.79602  56.25  7.5
25.75  2.82743  43.75  6.61438
25.75  2.85885  30  5.47723
25.75  2.89027  20  4.47214
25.75  2.92168  0  0
25.75  2.9531  0  0
25.75  2.98451  0  0
25.75  3.01593  0  0
25.75  3.04734  0  0
25.75  3.07876  0  0
25.75  3.11018  0  0
26  0  0  0
26  0.0314159  0  0
26  0.0628319  0  0
26  0.0942478  0  0
26  0.125664  0  0
26  0.15708  0  0
26  0.188496  10  3.16228
26  0.219911  0  0
26  0.251327  61.5385  7.84465
26  0.282743  66.6667  8.16497
26  0.314159  81.8182  9.04534
26  0.345575  73.3333  8.56349
26  0.376991  77.7778  8.81917
26  0.408407  72.4138  8.50963
26  0.439823  69.2308  8.3205
26  0.471239  82.1429  9.06327
26  0.502655  86.2069  9.28477
26  0.534071  84.375  9.18559
26  0.565487  93.617  9.67559
26  0.596903  88.5246  9.40875
26  0.628319  93.3333  9.66092
26  0.659734  84.6154  9.19866
26  0.69115  91.5254  9.56689
26  0.722566  89.1566  9.44228
26  0.753982  84.2105  9.17663
26  0.785398  94.1176  9.70143
26  0.816814  92.6316  9.62453
26  0.84823  90.4255  9.50923
26  0.879646  89.6104  9.46628
26  0.911062  85.8696  9.26658
26  0.942478  95.7447  9.78492
26  0.973894  92.0455  9.59403
26  1.00531  95.6522  9.78019
26  1.03673  93.2432  9.65625
26  1.06814  95.3125  9.76281
26  1.09956  96.25  9.81071
26  1.13097  96.6292  9.83002
26  1.16239  98.6667  9.93311
26  1.19381  95.8333  9.78945
26  1.22522  100  10
26  1.25664  100  10
26  1.28805  98.6486  9.9322
26  1.31947  100  10
26  1.35088  98.0769  9.90338
26  1.3823  100  10
26  1.41372  98.4615  9.92278
26  1.44513  100  10
26  1.47655  100  10
26  1.50796  100  10
26  1.53938  100  10
26  1.5708  100  10
26  1.60221  100  10
26  1.63363  100  10
26  1.66504  98.3607  9.91769
26  1.69646  95.2381  9.759
26  1.72788  98.5294  9.9262
26  1.75929  97.6744  9.88304
26  1.79071  98.3871  9.91903
26  1.82212  96.9231  9.84495
26  1.85354  98.6111  9.93031
26  1.88496  94.4444  9.71825
26  1.91637  94.7368  9.73329
26  1.94779  95.5224  9.77356
26  1.9792  97.0588  9.85184
26  2.01062  98.6301  9.93127
26  2.04204  97.0149  9.84962
26  2.07345  96.25  9.81071
26  2.10487  98.75  9.9373
26  2.13628  93.1818  9.65307
26  2.1677  92.2222  9.60324
26  2.19911  93.4579  9.66736
26  2.23053  89.2473  9.44708
26  2.26195  94.7368  9.73329
26  2.29336  92  9.59166
26  2.32478  92.7711  9.63177
26  2.35619  94.9367  9.74355
26  2.38761  92.8571  9.63624
26  2.41903  98.0769  9.90338
26  2.45044  92.7273  9.6295
26  2.48186  81.1321  9.00733
26  2.51327  93.3333  9.66092
26  2.54469  89.2857  9.44911
26  2.57611  81.25  9.01388
26  2.60752  87.5  9.35414
26  2.63894  75  8.66025
26  2.67035  73.3333  8.56349
26  2.70177  81.8182  9.04534
26  2.73319  91.6667  9.57427
26  2.7646  86.6667  9.30949
26  2.79602  42.8571  6.54654
26  2.82743  80  8.94427
26  2.85885  14.2857  3.77964
26  2.89027  50  7.07107
26  2.92168  0  0
26  2.9531  0  0
26  2.98451  0  0
26  3.01593  0  0
26  3.04734  0  0
26  3.07876  0  0
26  3.11018  0  0
26.25  0  0  0
26.25  0.0314159  0  0
26.25  0.0628319  0  0
26.25  0.0942478  0  0
26.25  0.125664  0  0
26.25  0.15708  0  0
26.25  0.188496  0  0
26.25  0.219911  33.3333  5.7735
26.25  0.251327  50  7.07107
26.25  0.282743  100  10
26.25  0.314159  66.6667  8.16497
26.25  0.345575  76  8.7178
26.25  0.376991  92.3077  9.60769
26.25  0.408407  90.9091  9.53463
26.25  0.439823  60  7.74597
26.25  0.471239  62.069  7.87839
26.25  0.502655  89.2857  9.44911
26.25  0.534071  96  9.79796
26.25  0.565487  88.8889  9.42809
26.25  0.596903  93.75  9.68246
26.25  0.628319  86.8421  9.31891
26.25  0.659734  89.2857  9.44911
26.25  0.69115  87.0968  9.33257
26.25  0.722566  94.5455  9.72345
26.25  0.753982  87.9121  9.37614
26.25  0.785398  86.9048  9.32227
26.25  0.816814  89.5833  9.46485
26.25  0.84823  90.3226  9.50382
26.25  0.879646  95.6989  9.78258
26.25  0.911062  85.7143  9.2582
26.25  0.942478  96.0526  9.80064
26.25  0.973894  96.25  9.81071
26.25  1.00531  97.5904  9.87878
26.25  1.03673  92.3077  9.60769
26.25  1.06814  100  10
26.25  1.09956  95.6522  9.78019
26.25  1.13097  94.8276  9.73795
26.25  1.16239  95  9.74679
26.25  1.19381  96.3855  9.81761
26.25  1.22522  98.4615  9.92278
26.25  1.25664  100  10
26.25  1.28805  100  10
26.25  1.31947  96.8254  9.83999
26.25  1.35088  98.2759  9.91342
26.25  1.3823  95.3125  9.76281
26.25  1.41372  100  10
26.25  1.44513  96.7742  9.83739
26.25  1.47655  98.6667  9.93311
26.25  1.50796  98.4615  9.92278
26.25  1.53938  100  10
26.25  1.5708  100  10
26.25  1.60221  100  10
26.25  1.63363  100  10
26.25  1.66504  100  10
26.25  1.69646  100  10
26.25  1.72788  96.875  9.84251
26.25  1.75929  100  10
26.25  1.79071  96.9697  9.84732
26.25  1.82212  98.4375  9.92157
26.25  1.85354  95.5224  9.77356
26.25  1.88496  96.2963  9.81307
26.25  1.91637  97.0149  9.84962
26.25  1.94779  96.9697  9.84732
26.25  1.9792  96  9.79796
26.25  2.01062  97.4684  9.87261
26.25  2.04204  96.0526  9.80064
26.25  2.07345  94.3182  9.71175
26.25  2.10487  95.1807  9.75606
26.25  2.13628  94.8052  9.7368
26.25  2.1677  95.4023  9.76741
26.25  2.19911  90.5882  9.51779
26.25  2.23053  93.8776  9.68904
26.25  2.26195  91.9192  9.58745
26.25  2.29336  92.7835  9.63242
26.25  2.32478  89.0244  9.43527
26.25  2.35619  91.2088  9.55033
26.25  2.38761  89.5522  9.4632
26.25  2.41903  88.0597  9.38401
26.25  2.45044  90.3846  9.50708
26.25  2.48186  88.0952  9.38591
26.25  2.51327  94.1176  9.70143
26.25  2.54469  82.3529  9.07485
26.25  2.57611  89.6552  9.46864
26.25  2.60752  88.2353  9.39336
26.25  2.63894  84  9.16515
26.25  2.67035  64  8
26.25  2.70177  73.3333  8.56349
26.25  2.73319  68.75  8.29156
26.25  2.7646  65  8.06226
26.25  2.79602  72.7273  8.52803
26.25  2.82743  77.7778  8.81917
26.25  2.85885  46.1538  6.79366
26.25  2.89027  30  5.47723
26.25  2.92168  0  0
26.25  2.9531  0  0
26.25  2.98451  0  0
26.25  3.01593  0  0
26.25  3.04734  0  0
26.25  3.07876  0  0
26.25  3.11018  0  0
26.5  0  0  0
26.5  0.0314159  0  0
26.5  0.0628319  0  0
26.5  0.0942478  0  0
26.5  0.125664  0  0
26.5  0.15708  0  0
26.5  0.188496  0  0
26.5  0.219911  0  0
26.5  0.251327  55.5556  7.45356
26.5  0.282743  63.6364  7.97724
26.5  0.314159  57.1429  7.55929
26.5  0.345575  66.6667  8.16497
26.5  0.376991  66.6667  8.16497
26.5  0.408407  71.4286  8.45154
26.5  0.439823  78.9474  8.88523
26.5  0.471239  90.9091  9.53463
26.5  0.502655  82.6087  9.08893
26.5  0.534071  91.1765  9.54864
26.5  0.565487  76.9231  8.77058
26.5  0.596903  92.1053  9.59715
26.5  0.628319  87.7551  9.36777
26.5  0.659734  89.7959  9.47607
26.5  0.69115  85.7143  9.2582
26.5  0.722566  88.8889  9.42809
26.5  0.753982  90.1639  9.49547
26.5  0.785398  88.3721  9.40064
26.5  0.816814  89.0244  9.43527
26.5  0.84823  90.566  9.51662
26.5  0.879646  93.3333  9.66092
26.5  0.911062  91.6667  9.57427
26.5  0.942478  91.3978  9.56022
26.5  0.973894  91.5663  9.56903
26.5  1.00531  97.7011  9.88439
26.5  1.03673  94.8052  9.7368
26.5  1.06814  95.2381  9.759
26.5  1.09956  94.382  9.71504
26.5  1.13097  95.7143  9.78337
26.5  1.16239  97.3684  9.86754
26.5  1.19381  95.8904  9.79236
26.5  1.22522  98.6111  9.93031
26.5  1.25664  98.1818  9.90867
26.5  1.28805  98.4615  9.92278
26.5  1.31947  98.4127  9.92032
26.5  1.35088  100  10
26.5  1.3823  98.4615  9.92278
26.5  1.41372  98.75  9.9373
26.5  1.44513  97.6471  9.88165
26.5  1.47655  100  10
26.5  1.50796  100  10
26.5  1.53938  100  10
26.5  1.5708  100  10
26.5  1.60221  100  10
26.5  1.63363  100  10
26.5  1.66504  98.2456  9.91189
26.5  1.69646  100  10
26.5  1.72788  100  10
26.5  1.75929  97.1429  9.85611
26.5  1.79071  100  10
26.5  1.82212  96.6102  9.82905
26.5  1.85354  96.7742  9.83739
26.5  1.88496  93.4211  9.66546
26.5  1.91637  100  10
26.5  1.94779  100  10
26.5  1.9792  97.1014  9.85401
26.5  2.01062  95.8333  9.78945
26.5  2.04204  93.5065  9.66988
26.5  2.07345  98.9474  9.94723
26.5  2.10487  95.2941  9.76187
26.5  2.13628  94.7368  9.73329
26.5  2.1677  89.1304  9.44089
26.5  2.19911  93.1818  9.65307
26.5  2.23053  96.6667  9.83192
26.5  2.26195  94.9495  9.7442
26.5  2.29336  95.6989  9.78258
26.5  2.32478  93.4783  9.66842
26.5  2.35619  92.0455  9.59403
26.5  2.38761  88.1579  9.38924
26.5  2.41903  84.9057  9.21443
26.5  2.45044  86.2069  9.28477
26.5  2.48186  90  9.48683
26.5  2.51327  89.6552  9.46864
26.5  2.54469  84.375  9.18559
26.5  2.57611  80  8.94427
26.5  2.60752  78.3784  8.85316
26.5  2.63894  79.1667  8.89757
26.5  2.67035  84.2105  9.17663
26.5  2.70177  63.6364  7.97724
26.5  2.73319  68.4211  8.2717
26.5  2.7646  70  8.3666
26.5  2.79602  69.2308  8.3205
26.5  2.82743  33.3333  5.7735
26.5  2.85885  66.6667  8.16497
26.5  2.89027  0  0
26.5  2.92168  0  0
26.5  2.9531  0  0
26.5  2.98451  0  0
26.5  3.01593  0  0
26.5  3.04734  0  0
26.5  3.07876  0  0
26.5  3.11018  0  0
26.75  0  0  0
26.75  0.0314159  0  0
26.75  0.0628319  0  0
26.75  0.0942478  0  0
26.75  0.125664  0  0
26.75  0.15708  0  0
26.75  0.188496  0  0
26.75  0.219911  25  5
26.75  0.251327  33.3333  5.7735
26.75  0.282743  62.5  7.90569
26.75  0.314159  71.4286  8.45154
26.75  0.345575  78.9474  8.88523
26.75  0.376991  85  9.21954
26.75  0.408407  69.5652  8.34058
26.75  0.439823  82.6087  9.08893
26.75  0.471239  73.6842  8.58395
26.75  0.502655  86.8421  9.31891
26.75  0.534071  84  9.16515
26.75  0.565487  88.8889  9.42809
26.75  0.596903  91.3043  9.55533
26.75  0.628319  86.2745  9.28841
26.75  0.659734  85.4545  9.24416
26.75  0.69115  90  9.48683
26.75  0.722566  76.4706  8.74475
26.75  0.753982  95.4545  9.77008
26.75  0.785398  95.3488  9.76467
26.75  0.816814  95.5556  9.77525
26.75  0.84823  94.3396  9.71286
26.75  0.879646  92.6606  9.62604
26.75  0.911062  92.6829  9.6272
26.75  0.942478  94.2529  9.70839
26.75  0.973894  91.358  9.55814
26.75  1.00531  93.1034  9.64901
26.75  1.03673  95.3488  9.76467
26.75  1.06814  96.9072  9.84415
26.75  1.09956  98.7013  9.93485
26.75  1.13097  97.5309  9.87577
26.75  1.16239  98.6842  9.93399
26.75  1.19381  100  10
26.75  1.22522  98.4848  9.92395
26.75  1.25664  100  10
26.75  1.28805  96.4286  9.81981
26.75  1.31947  100  10
26.75  1.35088  96.7742  9.83739
26.75  1.3823  98.5714  9.92831
26.75  1.41372  95.7746  9.78645
26.75  1.44513  100  10
26.75  1.47655  100  10
26.75  1.50796  98.7654  9.93808
26.75  1.53938  100  10
26.75  1.5708  96.0784  9.80196
26.75  1.60221  100  10
26.75  1.63363  100  10
26.75  1.66504  100  10
26.75  1.69646  100  10
26.75  1.72788  100  10
26.75  1.75929  97.0149  9.84962
26.75  1.79071  100  10
26.75  1.82212  96.6667  9.83192
26.75  1.85354  100  10
26.75  1.88496  97.3333  9.86577
26.75  1.91637  95.1807  9.75606
26.75  1.94779  97.4026  9.86928
26.75  1.9792  95.122  9.75305
26.75  2.01062  95.7746  9.78645
26.75  2.04204  94.8052  9.7368
26.75  2.07345  97.6744  9.88304
26.75  2.10487  97.5309  9.87577
26.75  2.13628  93.1373  9.65076
26.75  2.1677  93.2584  9.65704
26.75  2.19911  98.9899  9.94937
26.75  2.23053  96.0784  9.80196
26.75  2.26195  95.0495  9.74933
26.75  2.29336  93.4066  9.66471
26.75  2.32478  90.411  9.50847
26.75  2.35619  98.2456  9.91189
26.75  2.38761  90.5405  9.51528
26.75  2.41903  93.5484  9.67204
26.75  2.45044  91.8367  9.58315
26.75  2.48186  83.3333  9.12871
26.75  2.51327  85.2941  9.23548
26.75  2.54469  85  9.21954
26.75  2.57611  88  9.38083
26.75  2.60752  91.1765  9.54864
26.75  2.63894  72  8.48528
26.75  2.67035  83.3333  9.12871
26.75  2.70177  66.6667  8.16497
26.75  2.73319  79.1667  8.89757
26.75  2.7646  58.8235  7.66965
26.75  2.79602  100  10
26.75  2.82743  40  6.32456
26.75  2.85885  42.8571  6.54654
26.75  2.89027  25  5
26.75  2.92168  0  0
26.75  2.9531  0  0
26.75  2.98451  0  0
26.75  3.01593  0  0
26.75  3.04734  0  0
26.75  3.07876  0  0
26.75  3.11018  0  0
27  0  0  0
27  0.0314159  0  0
27  0.0628319  0  0
27  0.0942478  0  0
27  0.125664  0  0
27  0.15708  0  0
27  0.188496  0  0
27  0.219911  25  5
27  0.251327  42.8571  6.54654
27  0.282743  33.3333  5.7735
27  0.314159  81.8182  9.04534
27  0.345575  66.6667  8.16497
27  0.376991  85  9.21954
27  0.408407  91.6667  9.57427
27  0.439823  77.2727  8.79049
27  0.471239  80.9524  8.99735
27  0.502655  96.1538  9.80581
27  0.534071  85.7143  9.2582
27  0.565487  94.4444  9.71825
27  0.596903  84.4444  9.18937
27  0.628319  93.75  9.68246
27  0.659734  91.8367  9.58315
27  0.69115  77.3585  8.79537
27  0.722566  91.5254  9.56689
27  0.753982  89.4737  9.45905
27  0.785398  93.4066  9.66471
27  0.816814  96.1039  9.80326
27  0.84823  92.0792  9.59579
27  0.879646  87.7778  9.36898
27  0.911062  92.0792  9.59579
27  0.942478  90.625  9.51972
27  0.973894  96.2025  9.80829
27  1.00531  96.0526  9.80064
27  1.03673  93.8272  9.68644
27  1.06814  94.8052  9.7368
27  1.09956  98.5714  9.92831
27  1.13097  94.5652  9.72446
27  1.16239  98.4375  9.92157
27  1.19381  97.1831  9.85815
27  1.22522  97.4026  9.86928
27  1.25664  93.6508  9.67733
27  1.28805  97.2222  9.86013
27  1.31947  96.7213  9.8347
27  1.35088  98.4848  9.92395
27  1.3823  98.6301  9.93127
27  1.41372  100  10
27  1.44513  100  10
27  1.47655  98.5915  9.92933
27  1.50796  100  10
27  1.53938  100  10
27  1.5708  100  10
27  1.60221  98.2456  9.91189
27  1.63363  98.4848  9.92395
27  1.66504  94.9153  9.74245
27  1.69646  100  10
27  1.72788  94.8276  9.73795
27  1.75929  98.1818  9.90867
27  1.79071  97.3333  9.86577
27  1.82212  100  10
27  1.85354  96.2025  9.80829
27  1.88496  97.2222  9.86013
27  1.91637  95.5224  9.77356
27  1.94779  98.5507  9.92727
27  1.9792  98.5714  9.92831
27  2.01062  93.8272  9.68644
27  2.04204  97.5  9.87421
27  2.07345  95.6989  9.78258
27  2.10487  94.7368  9.73329
27  2.13628  93.0233  9.64486
27  2.1677  94.8718  9.74022
27  2.19911  93.1034  9.64901
27  2.23053  89.7959  9.47607
27  2.26195  88.6792  9.41697
27  2.29336  86.747  9.31381
27  2.32478  89.5522  9.4632
27  2.35619  89.0411  9.43616
27  2.38761  91.8033  9.5814
27  2.41903  88.6792  9.41697
27  2.45044  92.4528  9.61524
27  2.48186  90.2439  9.49968
27  2.51327  87.234  9.33992
27  2.54469  87.8049  9.37043
27  2.57611  75.8621  8.70988
27  2.60752  94.7368  9.73329
27  2.63894  78.2609  8.84652
27  2.67035  84  9.16515
27  2.70177  66.6667  8.16497
27  2.73319  85.7143  9.2582
27  2.7646  66.6667  8.16497
27  2.79602  61.1111  7.81736
27  2.82743  81.25  9.01388
27  2.85885  57.1429  7.55929
27  2.89027  50  7.07107
27  2.92168  0  0
27  2.9531  0  0
27  2.98451  0  0
27  3.01593  0  0
27  3.04734  0  0
27  3.07876  0  0
27  3.11018  0  0
27.25  0  0  0
27.25  0.0314159  0  0
27.25  0.0628319  0  0
27.25  0.0942478  0  0
27.25  0.125664  0  0
27.25  0.15708  0  0
27.25  0.188496  11.1111  3.33333
27.25  0.219911  16.6667  4.08248
27.25  0.251327  40  6.32456
27.25  0.282743  50  7.07107
27.25  0.314159  66.6667  8.16497
27.25  0.345575  55.5556  7.45356
27.25  0.376991  58.8235  7.66965
27.25  0.408407  85  9.21954
27.25  0.439823  76.4706  8.74475
27.25  0.471239  92.3077  9.60769
27.25  0.502655  81.8182  9.04534
27.25  0.534071  75  8.66025
27.25  0.565487  86.2069  9.28477
27.25  0.596903  82.2222  9.06765
27.25  0.628319  87.5  9.35414
27.25  0.659734  84.0909  9.17011
27.25  0.69115  92.1875  9.60143
27.25  0.722566  91.4286  9.56183
27.25  0.753982  94.2857  9.71008
27.25  0.785398  95.0617  9.74996
27.25  0.816814  87.2549  9.34103
27.25  0.84823  96.0396  9.79998
27.25  0.879646  90.5405  9.51528
27.25  0.911062  96.4706  9.82194
27.25  0.942478  93  9.64365
27.25  0.973894  90.5882  9.51779
27.25  1.00531  92.3913  9.61204
27.25  1.03673  97.3333  9.86577
27.25  1.06814  98.6667  9.93311
27.25  1.09956  93.8462  9.68742
27.25  1.13097  97.7528  9.887
27.25  1.16239  97.2603  9.86206
27.25  1.19381  95.6522  9.78019
27.25  1.22522  98.5294  9.9262
27.25  1.25664  96.5517  9.82607
27.25  1.28805  98.5294  9.9262
27.25  1.31947  98.2759  9.91342
27.25  1.35088  98.5507  9.92727
27.25  1.3823  100  10
27.25  1.41372  100  10
27.25  1.44513  100  10
27.25  1.47655  100  10
27.25  1.50796  100  10
27.25  1.53938  100  10
27.25  1.5708  100  10
27.25  1.60221  100  10
27.25  1.63363  100  10
27.25  1.66504  100  10
27.25  1.69646  100  10
27.25  1.72788  100  10
27.25  1.75929  98.5915  9.92933
27.25  1.79071  98.0769  9.90338
27.25  1.82212  98.7654  9.93808
27.25  1.85354  98.1481  9.90697
27.25  1.88496  98.4615  9.92278
27.25  1.91637  94.6667  9.72968
27.25  1.94779  97.1831  9.85815
27.25  1.9792  94.4444  9.71825
27.25  2.01062  98.4615  9.92278
27.25  2.04204  97.8261  9.89071
27.25  2.07345  88.6076  9.41316
27.25  2.10487  94.8454  9.73886
27.25  2.13628  91.3978  9.56022
27.25  2.1677  93.8272  9.68644
27.25  2.19911  97.4684  9.87261
27.25  2.23053  90.3509  9.50531
27.25  2.26195  91.8605  9.58439
27.25  2.29336  91.4634  9.56365
27.25  2.32478  89.5349  9.46229
27.25  2.35619  91.6667  9.57427
27.25  2.38761  93.0556  9.64653
27.25  2.41903  90.7895  9.52835
27.25  2.45044  92.3077  9.60769
27.25  2.48186  87.1795  9.337
27.25  2.51327  92.6829  9.6272
27.25  2.54469  85  9.21954
27.25  2.57611  80  8.94427
27.25  2.60752  94.4444  9.71825
27.25  2.63894  80.9524  8.99735
27.25  2.67035  83.3333  9.12871
27.25  2.70177  70  8.3666
27.25  2.73319  88.2353  9.39336
27.25  2.7646  64.7059  8.044
27.25  2.79602  61.9048  7.86796
27.25  2.82743  90.9091  9.53463
27.25  2.85885  64.2857  8.01784
27.25  2.89027  0  0
27.25  2.92168  0  0
27.25  2.9531  0  0
27.25  2.98451  0  0
27.25  3.01593  0  0
27.25  3.04734  0  0
27.25  3.07876  0  0
27.25  3.11018  0  0
27.5  0  0  0
27.5  0.0314159  0  0
27.5  0.0628319  0  0
27.5  0.0942478  0  0
27.5  0.125664  0  0
27.5  0.15708  0  0
27.5  0.188496  0  0
27.5  0.219911  36.3636  6.03023
27.5  0.251327  42.8571  6.54654
27.5  0.282743  60  7.74597
27.5  0.314159  40  6.32456
27.5  0.345575  68.1818  8.25723
27.5  0.376991  69.2308  8.3205
27.5  0.408407  78.9474  8.88523
27.5  0.439823  80  8.94427
27.5  0.471239  90  9.48683
27.5  0.502655  88.4615  9.4054
27.5  0.534071  84.8485  9.21132
27.5  0.565487  80  8.94427
27.5  0.596903  76.9231  8.77058
27.5  0.628319  92.3077  9.60769
27.5  0.659734  80.7692  8.98717
27.5  0.69115  90  9.48683
27.5  0.722566  85.7143  9.2582
27.5  0.753982  84.6154  9.19866
27.5  0.785398  90.7692  9.52729
27.5  0.816814  94.9367  9.74355
27.5  0.84823  96  9.79796
27.5  0.879646  94.382  9.71504
27.5  0.911062  92.1569  9.59984
27.5  0.942478  92.5532  9.62046
27.5  0.973894  95.3488  9.76467
27.5  1.00531  96.5909  9.82807
27.5  1.03673  93.3333  9.66092
27.5  1.06814  94.0476  9.69782
27.5  1.09956  91.5493  9.56814
27.5  1.13097  93.5484  9.67204
27.5  1.16239  94.5946  9.72598
27.5  1.19381  93.4426  9.66657
27.5  1.22522  95.9459  9.7952
27.5  1.25664  98.2759  9.91342
27.5  1.28805  98.3871  9.91903
27.5  1.31947  100  10
27.5  1.35088  95.9459  9.7952
27.5  1.3823  98.4375  9.92157
27.5  1.41372  98.4615  9.92278
27.5  1.44513  100  10
27.5  1.47655  100  10
27.5  1.50796  98.5294  9.9262
27.5  1.53938  100  10
27.5  1.5708  100  10
27.5  1.60221  98.6486  9.9322
27.5  1.63363  98.3333  9.91632
27.5  1.66504  100  10
27.5  1.69646  100  10
27.5  1.72788  96.4912  9.82299
27.5  1.75929  98.2759  9.91342
27.5  1.79071  97.5904  9.87878
27.5  1.82212  95.5224  9.77356
27.5  1.85354  96.9231  9.84495
27.5  1.88496  94.1176  9.70143
27.5  1.91637  94.2857  9.71008
27.5  1.94779  93.75  9.68246
27.5  1.9792  98.7013  9.93485
27.5  2.01062  97.3684  9.86754
27.5  2.04204  98.6486  9.9322
27.5  2.07345  97.1831  9.85815
27.5  2.10487  92.8571  9.63624
27.5  2.13628  91.358  9.55814
27.5  2.1677  94.0476  9.69782
27.5  2.19911  95.6989  9.78258
27.5  2.23053  92.9412  9.6406
27.5  2.26195  95.6044  9.77775
27.5  2.29336  93.4066  9.66471
27.5  2.32478  89.3333  9.45163
27.5  2.35619  93.2584  9.65704
27.5  2.38761  85.7143  9.2582
27.5  2.41903  92.9577  9.64146
27.5  2.45044  83.3333  9.12871
27.5  2.48186  91.8919  9.58603
27.5  2.51327  93.4783  9.66842
27.5  2.54469  79.5455  8.91883
27.5  2.57611  90.9091  9.53463
27.5  2.60752  84.375  9.18559
27.5  2.63894  80  8.94427
27.5  2.67035  100  10
27.5  2.70177  94.7368  9.73329
27.5  2.73319  76.4706  8.74475
27.5  2.7646  73.6842  8.58395
27.5  2.79602  66.6667  8.16497
27.5  2.82743  91.6667  9.57427
27.5  2.85885  60  7.74597
27.5  2.89027  10  3.16228
27.5  2.92168  0  0
27.5  2.9531  0  0
27.5  2.98451  0  0
27.5  3.01593  25  5
27.5  3.04734  0  0
27.5  3.07876  0  0
27.5  3.11018  0  0
27.75  0  0  0
27.75  0.0314159  0  0
27.75  0.0628319  0  0
27.75  0.0942478  0  0
27.75  0.125664  0  0
27.75  0.15708  0  0
27.75  0.188496  0  0
27.75  0.219911  16.6667  4.08248
27.75  0.251327  45.4545  6.742
27.75  0.282743  88.8889  9.42809
27.75  0.314159  71.4286  8.45154
27.75  0.345575  85  9.21954
27.75  0.376991  80  8.94427
27.75  0.408407  83.3333  9.12871
27.75  0.439823  70.3704  8.3887
27.75  0.471239  83.3333  9.12871
27.75  0.502655  80  8.94427
27.75  0.534071  95  9.74679
27.75  0.565487  88.8889  9.42809
27.75  0.596903  90.4762  9.5119
27.75  0.628319  80.4878  8.9715
27.75  0.659734  93.8776  9.68904
27.75  0.69115  93.1034  9.64901
27.75  0.722566  91.6667  9.57427
27.75  0.753982  94.1176  9.70143
27.75  0.785398  85  9.21954
27.75  0.816814  94.6237  9.72747
27.75  0.84823  89.2473  9.44708
27.75  0.879646  92.6606  9.62604
27.75  0.911062  94.8454  9.73886
27.75  0.942478  95.9459  9.7952
27.75  0.973894  95.3488  9.76467
27.75  1.00531  89.8734  9.48016
27.75  1.03673  97.4026  9.86928
27.75  1.06814  96  9.79796
27.75  1.09956  94.0476  9.69782
27.75  1.13097  93.5065  9.66988
27.75  1.16239  98.6667  9.93311
27.75  1.19381  95.1613  9.75506
27.75  1.22522  98.6111  9.93031
27.75  1.25664  95.5224  9.77356
27.75  1.28805  97.3333  9.86577
27.75  1.31947  96.7742  9.83739
27.75  1.35088  98.4848  9.92395
27.75  1.3823  97.5904  9.87878
27.75  1.41372  95.8333  9.78945
27.75  1.44513  100  10
27.75  1.47655  98.3051  9.91489
27.75  1.50796  98.4127  9.92032
27.75  1.53938  98.4848  9.92395
27.75  1.5708  100  10
27.75  1.60221  98.3607  9.91769
27.75  1.63363  100  10
27.75  1.66504  100  10
27.75  1.69646  98.4127  9.92032
27.75  1.72788  98.5294  9.9262
27.75  1.75929  100  10
27.75  1.79071  97.0588  9.85184
27.75  1.82212  98.5294  9.9262
27.75  1.85354  98.4127  9.92032
27.75  1.88496  100  10
27.75  1.91637  95.5882  9.77692
27.75  1.94779  96  9.79796
27.75  1.9792  97.1014  9.85401
27.75  2.01062  94.5946  9.72598
27.75  2.04204  97.5  9.87421
27.75  2.07345  94.5652  9.72446
27.75  2.10487  95.8333  9.78945
27.75  2.13628  97.4026  9.86928
27.75  2.1677  94.0594  9.69842
27.75  2.19911  95.7447  9.78492
27.75  2.23053  93.9394  9.69223
27.75  2.26195  89.3617  9.45313
27.75  2.29336  90.6977  9.52353
27.75  2.32478  91.358  9.55814
27.75  2.35619  94.8718  9.74022
27.75  2.38761  88.8889  9.42809
27.75  2.41903  86.2745  9.28841
27.75  2.45044  86  9.27362
27.75  2.48186  90.3846  9.50708
27.75  2.51327  74.2857  8.61892
27.75  2.54469  79.3103  8.90564
27.75  2.57611  89.6552  9.46864
27.75  2.60752  72.973  8.54242
27.75  2.63894  80.9524  8.99735
27.75  2.67035  78.7879  8.87625
27.75  2.70177  83.3333  9.12871
27.75  2.73319  70.5882  8.40168
27.75  2.7646  62.5  7.90569
27.75  2.79602  16.6667  4.08248
27.75  2.82743  76.4706  8.74475
27.75  2.85885  63.6364  7.97724
27.75  2.89027  0  0
27.75  2.92168  0  0
27.75  2.9531  0  0
27.75  2.98451  0  0
27.75  3.01593  0  0
27.75  3.04734  0  0
27.75  3.07876  0  0
27.75  3.11018  0  0
28  0  0  0
28  0.0314159  0  0
28  0.0628319  0  0
28  0.0942478  0  0
28  0.125664  0  0
28  0.15708  0  0
28  0.188496  0  0
28  0.219911  37.5  6.12372
28  0.251327  44.4444  6.66667
28  0.282743  63.6364  7.97724
28  0.314159  83.3333  9.12871
28  0.345575  84.2105  9.17663
28  0.376991  76.1905  8.72872
28  0.408407  88.8889  9.42809
28  0.439823  78.2609  8.84652
28  0.471239  75  8.66025
28  0.502655  77.5  8.80341
28  0.534071  89.6552  9.46864
28  0.565487  82.9787  9.10927
28  0.596903  88.6364  9.41469
28  0.628319  88  9.38083
28  0.659734  88.6364  9.41469
28  0.69115  88.4615  9.4054
28  0.722566  93.75  9.68246
28  0.753982  91.8033  9.5814
28  0.785398  92.2078  9.60249
28  0.816814  93.1034  9.64901
28  0.84823  92.5532  9.62046
28  0.879646  93.8776  9.68904
28  0.911062  91.9192  9.58745
28  0.942478  97.6744  9.88304
28  0.973894  94.7368  9.73329
28  1.00531  93.75  9.68246
28  1.03673  93.4579  9.66736
28  1.06814  98.5714  9.92831
28  1.09956  94.8276  9.73795
28  1.13097  100  10
28  1.16239  90  9.48683
28  1.19381  96.2025  9.80829
28  1.22522  98.4848  9.92395
28  1.25664  100  10
28  1.28805  94.2029  9.70582
28  1.31947  100  10
28  1.35088  100  10
28  1.3823  100  10
28  1.41372  100  10
28  1.44513  98.7179  9.93569
28  1.47655  100  10
28  1.50796  100  10
28  1.53938  100  10
28  1.5708  100  10
28  1.60221  100  10
28  1.63363  100  10
28  1.66504  100  10
28  1.69646  98.4848  9.92395
28  1.72788  98.1481  9.90697
28  1.75929  98.6111  9.93031
28  1.79071  95.1613  9.75506
28  1.82212  100  10
28  1.85354  100  10
28  1.88496  96.6667  9.83192
28  1.91637  97.4684  9.87261
28  1.94779  94.5205  9.72217
28  1.9792  94.1176  9.70143
28  2.01062  90.411  9.50847
28  2.04204  92.3077  9.60769
28  2.07345  98.6842  9.93399
28  2.10487  96.5517  9.82607
28  2.13628  89.8734  9.48016
28  2.1677  93.2584  9.65704
28  2.19911  92.3077  9.60769
28  2.23053  92.7928  9.6329
28  2.26195  91.5663  9.56903
28  2.29336  91.7808  9.58023
28  2.32478  93.2432  9.65625
28  2.35619  91.25  9.55249
28  2.38761  81.3559  9.01975
28  2.41903  80.6452  8.98027
28  2.45044  89.8305  9.4779
28  2.48186  82.6087  9.08893
28  2.51327  94.4444  9.71825
28  2.54469  91.1765  9.54864
28  2.57611  82.8571  9.10259
28  2.60752  83.871  9.15811
28  2.63894  77.2727  8.79049
28  2.67035  77.7778  8.81917
28  2.70177  81.25  9.01388
28  2.73319  75  8.66025
28  2.7646  64.2857  8.01784
28  2.79602  58.3333  7.63763
28  2.82743  58.3333  7.63763
28  2.85885  25  5
28  2.89027  12.5  3.53553
28  2.92168  0  0
28  2.9531  0  0
28  2.98451  0  0
28  3.01593  0  0
28  3.04734  0  0
28  3.07876  0  0
28  3.11018  0  0
28.25  0  0  0
28.25  0.0314159  0  0
28.25  0.0628319  0  0
28.25  0.0942478  0  0
28.25  0.125664  0  0
28.25  0.15708  0  0
28.25  0.188496  12.5  3.53553
28.25  0.219911  50  7.07107
28.25  0.251327  16.6667  4.08248
28.25  0.282743  68.4211  8.2717
28.25  0.314159  58.8235  7.66965
28.25  0.345575  71.4286  8.45154
28.25  0.376991  62.5  7.90569
28.25  0.408407  84.6154  9.19866
28.25  0.439823  69.697  8.34847
28.25  0.471239  83.3333  9.12871
28.25  0.502655  85.7143  9.2582
28.25  0.534071  81.8182  9.04534
28.25  0.565487  88.2353  9.39336
28.25  0.596903  91.4286  9.56183
28.25  0.628319  88.2353  9.39336
28.25  0.659734  86.4865  9.29981
28.25  0.69115  89.5522  9.4632
28.25  0.722566  96.7213  9.8347
28.25  0.753982  87.3563  9.34646
28.25  0.785398  93.1034  9.64901
28.25  0.816814  93.617  9.67559
28.25  0.84823  95  9.74679
28.25  0.879646  89.2857  9.44911
28.25  0.911062  89.1089  9.43975
28.25  0.942478  92.6829  9.6272
28.25  0.973894  98.5294  9.9262
28.25  1.00531  94.1176  9.70143
28.25  1.03673  97.7011  9.88439
28.25  1.06814  94.7368  9.73329
28.25  1.09956  98.6301  9.93127
28.25  1.13097  95.8333  9.78945
28.25  1.16239  95.8904  9.79236
28.25  1.19381  96.2025  9.80829
28.25  1.22522  96.4706  9.82194
28.25  1.25664  98.3607  9.91769
28.25  1.28805  98.4615  9.92278
28.25  1.31947  98.4127  9.92032
28.25  1.35088  100  10
28.25  1.3823  94.8276  9.73795
28.25  1.41372  98.3607  9.91769
28.25  1.44513  96.7213  9.8347
28.25  1.47655  100  10
28.25  1.50796  100  10
28.25  1.53938  100  10
28.25  1.5708  100  10
28.25  1.60221  100  10
28.25  1.63363  100  10
28.25  1.66504  100  10
28.25  1.69646  100  10
28.25  1.72788  98.2143  9.91031
28.25  1.75929  94.6429  9.72846
28.25  1.79071  98.3051  9.91489
28.25  1.82212  96.6102  9.82905
28.25  1.85354  98.6301  9.93127
28.25  1.88496  98.6301  9.93127
28.25  1.91637  96.875  9.84251
28.25  1.94779  93.0233  9.64486
28.25  1.9792  98.4127  9.92032
28.25  2.01062  97.4026  9.86928
28.25  2.04204  94.186  9.70495
28.25  2.07345  94.9367  9.74355
28.25  2.10487  96.0526  9.80064
28.25  2.13628  93.617  9.67559
28.25  2.1677  95.0617  9.74996
28.25  2.19911  88.2353  9.39336
28.25  2.23053  91.8605  9.58439
28.25  2.26195  95.2941  9.76187
28.25  2.29336  92.3077  9.60769
28.25  2.32478  97.3684  9.86754
28.25  2.35619  85.5422  9.2489
28.25  2.38761  94.0299  9.6969
28.25  2.41903  90  9.48683
28.25  2.45044  85.7143  9.2582
28.25  2.48186  86.0465  9.27613
28.25  2.51327  89.4737  9.45905
28.25  2.54469  82.7586  9.09718
28.25  2.57611  80.5556  8.97527
28.25  2.60752  96.6667  9.83192
28.25  2.63894  68.4211  8.2717
28.25  2.67035  76.4706  8.74475
28.25  2.70177  69.5652  8.34058
28.25  2.73319  68  8.24621
28.25  2.7646  75  8.66025
28.25  2.79602  53.8462  7.33799
28.25  2.82743  45.4545  6.742
28.25  2.85885  71.4286  8.45154
28.25  2.89027  75  8.66025
28.25  2.92168  12.5  3.53553
28.25  2.9531  0  0
28.25  2.98451  0  0
28.25  3.01593  0  0
28.25  3.04734  0  0
28.25  3.07876  0  0
28.25  3.11018  0  0
28.5  0  0  0
28.5  0.0314159  0  0
28.5  0.0628319  0  0
28.5  0.0942478  0  0
28.5  0.125664  0  0
28.5  0.15708  0  0
28.5  0.188496  0  0
28.5  0.219911  10  3.16228
28.5  0.251327  62.5  7.90569
28.5  0.282743  53.8462  7.33799
28.5  0.314159  57.1429  7.55929
28.5  0.345575  77.7778  8.81917
28.5  0.376991  62.5  7.90569
28.5  0.408407  94.1176  9.70143
28.5  0.439823  100  10
28.5  0.471239  86.3636  9.2932
28.5  0.502655  78.2609  8.84652
28.5  0.534071  80  8.94427
28.5  0.565487  80  8.94427
28.5  0.596903  83.3333  9.12871
28.5  0.628319  87.5  9.35414
28.5  0.659734  87.234  9.33992
28.5  0.69115  93.1034  9.64901
28.5  0.722566  93.2432  9.65625
28.5  0.753982  91.8919  9.58603
28.5  0.785398  89.6907  9.47052
28.5  0.816814  90.4255  9.50923
28.5  0.84823  94.1748  9.70437
28.5  0.879646  92.7273  9.6295
28.5  0.911062  90.2913  9.50217
28.5  0.942478  93.3333  9.66092
28.5  0.973894  95.6044  9.77775
28.5  1.00531  96.5909  9.82807
28.5  1.03673  96  9.79796
28.5  1.06814  98.7342  9.93651
28.5  1.09956  96.1538  9.80581
28.5  1.13097  97.3333  9.86577
28.5  1.16239  95.6522  9.78019
28.5  1.19381  92.7536  9.63087
28.5  1.22522  96.4286  9.81981
28.5  1.25664  98.8095  9.9403
28.5  1.28805  96.6102  9.82905
28.5  1.31947  98.5507  9.92727
28.5  1.35088  100  10
28.5  1.3823  98.3871  9.91903
28.5  1.41372  100  10
28.5  1.44513  98.7179  9.93569
28.5  1.47655  100  10
28.5  1.50796  100  10
28.5  1.53938  100  10
28.5  1.5708  100  10
28.5  1.60221  100  10
28.5  1.63363  100  10
28.5  1.66504  100  10
28.5  1.69646  100  10
28.5  1.72788  97.1831  9.85815
28.5  1.75929  98.3871  9.91903
28.5  1.79071  100  10
28.5  1.82212  96.5517  9.82607
28.5  1.85354  98.5507  9.92727
28.5  1.88496  100  10
28.5  1.91637  98.2456  9.91189
28.5  1.94779  96.9072  9.84415
28.5  1.9792  98.7013  9.93485
28.5  2.01062  91.5663  9.56903
28.5  2.04204  93.2203  9.65507
28.5  2.07345  95.9459  9.7952
28.5  2.10487  94.6667  9.72968
28.5  2.13628  92.6471  9.62533
28.5  2.1677  96.3415  9.81537
28.5  2.19911  93.9024  9.69033
28.5  2.23053  87.234  9.33992
28.5  2.26195  94.6237  9.72747
28.5  2.29336  89.7959  9.47607
28.5  2.32478  95.5556  9.77525
28.5  2.35619  88.7324  9.41979
28.5  2.38761  88.8889  9.42809
28.5  2.41903  88.4615  9.4054
28.5  2.45044  89.6552  9.46864
28.5  2.48186  88.8889  9.42809
28.5  2.51327  79.3103  8.90564
28.5  2.54469  90  9.48683
28.5  2.57611  75  8.66025
28.5  2.60752  86.9565  9.32505
28.5  2.63894  92.5926  9.6225
28.5  2.67035  75  8.66025
28.5  2.70177  79.1667  8.89757
28.5  2.73319  73.6842  8.58395
28.5  2.7646  71.4286  8.45154
28.5  2.79602  71.4286  8.45154
28.5  2.82743  70  8.3666
28.5  2.85885  11.1111  3.33333
28.5  2.89027  0  0
28.5  2.92168  20  4.47214
28.5  2.9531  0  0
28.5  2.98451  0  0
28.5  3.01593  0  0
28.5  3.04734  0  0
28.5  3.07876  0  0
28.5  3.11018  0  0
28.75  0  0  0
28.75  0.0314159  0  0
28.75  0.0628319  0  0
28.75  0.0942478  0  0
28.75  0.125664  0  0
28.75  0.15708  0  0
28.75  0.188496  0  0
28.75  0.219911  20  4.47214
28.75  0.251327  37.5  6.12372
28.75  0.282743  60  7.74597
28.75  0.314159  71.4286  8.45154
28.75  0.345575  66.6667  8.16497
28.75  0.376991  73.6842  8.58395
28.75  0.408407  80  8.94427
28.75  0.439823  75  8.66025
28.75  0.471239  72.7273  8.52803
28.75  0.502655  84.8485  9.21132
28.75  0.534071  94.7368  9.73329
28.75  0.565487  90.9091  9.53463
28.75  0.596903  86.7925  9.31625
28.75  0.628319  94.8718  9.74022
28.75  0.659734  84.7826  9.20775
28.75  0.69115  83.3333  9.12871
28.75  0.722566  92.4242  9.61375
28.75  0.753982  94.1176  9.70143
28.75  0.785398  97.561  9.8773
28.75  0.816814  91.2088  9.55033
28.75  0.84823  88.5417  9.40966
28.75  0.879646  98.0583  9.90244
28.75  0.911062  96.4706  9.82194
28.75  0.942478  95  9.74679
28.75  0.973894  94.3182  9.71175
28.75  1.00531  91.954  9.58927
28.75  1.03673  92.3077  9.60769
28.75  1.06814  93.2432  9.65625
28.75  1.09956  94.7368  9.73329
28.75  1.13097  97.1831  9.85815
28.75  1.16239  95.082  9.751
28.75  1.19381  100  10
28.75  1.22522  100  10
28.75  1.25664  95.3125  9.76281
28.75  1.28805  98.6111  9.93031
28.75  1.31947  98.2759  9.91342
28.75  1.35088  98.3607  9.91769
28.75  1.3823  98.5075  9.92509
28.75  1.41372  100  10
28.75  1.44513  98.4375  9.92157
28.75  1.47655  100  10
28.75  1.50796  100  10
28.75  1.53938  100  10
28.75  1.5708  100  10
28.75  1.60221  100  10
28.75  1.63363  100  10
28.75  1.66504  100  10
28.75  1.69646  100  10
28.75  1.72788  97.4026  9.86928
28.75  1.75929  100  10
28.75  1.79071  98.8764  9.94366
28.75  1.82212  97.1429  9.85611
28.75  1.85354  96.9697  9.84732
28.75  1.88496  95.6522  9.78019
28.75  1.91637  96.25  9.81071
28.75  1.94779  94.2029  9.70582
28.75  1.9792  96.0526  9.80064
28.75  2.01062  97.4026  9.86928
28.75  2.04204  96.1538  9.80581
28.75  2.07345  90.4762  9.5119
28.75  2.10487  98.75  9.9373
28.75  2.13628  96.7033  9.83378
28.75  2.1677  90.1961  9.49716
28.75  2.19911  96.0938  9.80274
28.75  2.23053  94.3182  9.71175
28.75  2.26195  97.2973  9.86394
28.75  2.29336  90.4255  9.50923
28.75  2.32478  89.8876  9.48091
28.75  2.35619  91.7808  9.58023
28.75  2.38761  90.4762  9.5119
28.75  2.41903  86.3636  9.2932
28.75  2.45044  88.4058  9.40244
28.75  2.48186  86.0465  9.27613
28.75  2.51327  85.3659  9.23936
28.75  2.54469  95.4545  9.77008
28.75  2.57611  96.5517  9.82607
28.75  2.60752  75  8.66025
28.75  2.63894  73.3333  8.56349
28.75  2.67035  84.6154  9.19866
28.75  2.70177  100  10
28.75  2.73319  85.7143  9.2582
28.75  2.7646  80  8.94427
28.75  2.79602  55.5556  7.45356
28.75  2.82743  53.3333  7.30297
28.75  2.85885  50  7.07107
28.75  2.89027  33.3333  5.7735
28.75  2.92168  0  0
28.75  2.9531  0  0
28.75  2.98451  0  0
28.75  3.01593  0  0
28.75  3.04734  0  0
28.75  3.07876  0  0
28.75  3.11018  0  0
29  0  0  0
29  0.0314159  0  0
29  0.0628319  0  0
29  0.0942478  0  0
29  0.125664  0  0
29  0.15708  0  0
29  0.188496  16.6667  4.08248
29  0.219911  27.2727  5.22233
29  0.251327  28.5714  5.34522
29  0.282743  60  7.74597
29  0.314159  81.8182  9.04534
29  0.345575  69.2308  8.3205
29  0.376991  100  10
29  0.408407  84  9.16515
29  0.439823  95.2381  9.759
29  0.471239  86.3636  9.2932
29  0.502655  88.5714  9.41124
29  0.534071  96  9.79796
29  0.565487  93.3333  9.66092
29  0.596903  87.8049  9.37043
29  0.628319  79.4872  8.91556
29  0.659734  94.1176  9.70143
29  0.69115  80.5556  8.97527
29  0.722566  86.4865  9.29981
29  0.753982  91.9355  9.5883
29  0.785398  93.4066  9.66471
29  0.816814  91  9.53939
29  0.84823  86.0215  9.27478
29  0.879646  91.9192  9.58745
29  0.911062  94.7368  9.73329
29  0.942478  95.4023  9.76741
29  0.973894  91.3043  9.55533
29  1.00531  98.6842  9.93399
29  1.03673  93.6709  9.67837
29  1.06814  98.7013  9.93485
29  1.09956  97.6744  9.88304
29  1.13097  95.9459  9.7952
29  1.16239  98.6667  9.93311
29  1.19381  96.4286  9.81981
29  1.22522  95.7746  9.78645
29  1.25664  96.7213  9.8347
29  1.28805  96  9.79796
29  1.31947  98.7805  9.93884
29  1.35088  97.0149  9.84962
29  1.3823  98.3051  9.91489
29  1.41372  96.875  9.84251
29  1.44513  98.2759  9.91342
29  1.47655  100  10
29  1.50796  100  10
29  1.53938  100  10
29  1.5708  100  10
29  1.60221  98.4127  9.92032
29  1.63363  100  10
29  1.66504  100  10
29  1.69646  100  10
29  1.72788  96.875  9.84251
29  1.75929  95.3846  9.7665
29  1.79071  98.4375  9.92157
29  1.82212  96.3636  9.8165
29  1.85354  96.9231  9.84495
29  1.88496  100  10
29  1.91637  98.6111  9.93031
29  1.94779  97.0149  9.84962
29  1.9792  95.6522  9.78019
29  2.01062  93.0556  9.64653
29  2.04204  97.1831  9.85815
29  2.07345  96.7033  9.83378
29  2.10487  96.5116  9.82403
29  2.13628  95.5056  9.7727
29  2.1677  96.4286  9.81981
29  2.19911  95  9.74679
29  2.23053  93.9024  9.69033
29  2.26195  89.5833  9.46485
29  2.29336  91.0891  9.54406
29  2.32478  89.3617  9.45313
29  2.35619  94.7917  9.7361
29  2.38761  92.9825  9.64274
29  2.41903  90.1639  9.49547
29  2.45044  88.6792  9.41697
29  2.48186  84.9057  9.21443
29  2.51327  89.7436  9.47331
29  2.54469  95  9.74679
29  2.57611  88.8889  9.42809
29  2.60752  85.1852  9.22958
29  2.63894  82.7586  9.09718
29  2.67035  73.3333  8.56349
29  2.70177  63.6364  7.97724
29  2.73319  54.5455  7.38549
29  2.7646  76.9231  8.77058
29  2.79602  64.2857  8.01784
29  2.82743  50  7.07107
29  2.85885  50  7.07107
29  2.89027  28.5714  5.34522
29  2.92168  0  0
29  2.9531  0  0
29  2.98451  0  0
29  3.01593  0  0
29  3.04734  0  0
29  3.07876  0  0
29  3.11018  0  0
29.25  0  0  0
29.25  0.0314159  0  0
29.25  0.0628319  0  0
29.25  0.0942478  0  0
29.25  0.125664  0  0
29.25  0.15708  0  0
29.25  0.188496  0  0
29.25  0.219911  60  7.74597
29.25  0.251327  50  7.07107
29.25  0.282743  50  7.07107
29.25  0.314159  66.6667  8.16497
29.25  0.345575  85.7143  9.2582
29.25  0.376991  76.9231  8.77058
29.25  0.408407  77.7778  8.81917
29.25  0.439823  82.6087  9.08893
29.25  0.471239  80.6452  8.98027
29.25  0.502655  84.375  9.18559
29.25  0.534071  92.3077  9.60769
29.25  0.565487  88.2353  9.39336
29.25  0.596903  88.8889  9.42809
29.25  0.628319  88.0952  9.38591
29.25  0.659734  91.6667  9.57427
29.25  0.69115  87.931  9.37715
29.25  0.722566  93.4426  9.66657
29.25  0.753982  92.2222  9.60324
29.25  0.785398  84.7222  9.20447
29.25  0.816814  92.2078  9.60249
29.25  0.84823  92.5926  9.6225
29.25  0.879646  92.7083  9.62852
29.25  0.911062  94.0594  9.69842
29.25  0.942478  95.2381  9.759
29.25  0.973894  96.0784  9.80196
29.25  1.00531  97.2222  9.86013
29.25  1.03673  93.2432  9.65625
29.25  1.06814  95.8904  9.79236
29.25  1.09956  92.6471  9.62533
29.25  1.13097  95.8904  9.79236
29.25  1.16239  97.0149  9.84962
29.25  1.19381  96.5517  9.82607
29.25  1.22522  98.7654  9.93808
29.25  1.25664  94.6667  9.72968
29.25  1.28805  95.7143  9.78337
29.25  1.31947  96.875  9.84251
29.25  1.35088  100  10
29.25  1.3823  98.3607  9.91769
29.25  1.41372  100  10
29.25  1.44513  98.4848  9.92395
29.25  1.47655  100  10
29.25  1.50796  97.1429  9.85611
29.25  1.53938  100  10
29.25  1.5708  100  10
29.25  1.60221  100  10
29.25  1.63363  100  10
29.25  1.66504  100  10
29.25  1.69646  100  10
29.25  1.72788  98.5075  9.92509
29.25  1.75929  100  10
29.25  1.79071  96.9231  9.84495
29.25  1.82212  93.0556  9.64653
29.25  1.85354  95.8333  9.78945
29.25  1.88496  96.6102  9.82905
29.25  1.91637  96.6102  9.82905
29.25  1.94779  95.3488  9.76467
29.25  1.9792  96.3855  9.81761
29.25  2.01062  95.5556  9.77525
29.25  2.04204  87.5  9.35414
29.25  2.07345  94.3662  9.71423
29.25  2.10487  93.4579  9.66736
29.25  2.13628  92.7083  9.62852
29.25  2.1677  98.7805  9.93884
29.25  2.19911  92.6606  9.62604
29.25  2.23053  95.5056  9.7727
29.25  2.26195  96.7033  9.83378
29.25  2.29336  87  9.32738
29.25  2.32478  87.5  9.35414
29.25  2.35619  90.9091  9.53463
29.25  2.38761  92.3077  9.60769
29.25  2.41903  87.7193  9.36586
29.25  2.45044  89.7959  9.47607
29.25  2.48186  87.234  9.33992
29.25  2.51327  88  9.38083
29.25  2.54469  83.3333  9.12871
29.25  2.57611  88.3721  9.40064
29.25  2.60752  85.7143  9.2582
29.25  2.63894  75  8.66025
29.25  2.67035  82.7586  9.09718
29.25  2.70177  87.5  9.35414
29.25  2.73319  86.6667  9.30949
29.25  2.7646  72.7273  8.52803
29.25  2.79602  75  8.66025
29.25  2.82743  42.8571  6.54654
29.25  2.85885  100  10
29.25  2.89027  22.2222  4.71405
29.25  2.92168  0  0
29.25  2.9531  0  0
29.25  2.98451  0  0
29.25  3.01593  0  0
29.25  3.04734  0  0
29.25  3.07876  0  0
29.25  3.11018  0  0
29.5  0  0  0
29.5  0.0314159  0  0
29.5  0.0628319  0  0
29.5  0.0942478  0  0
29.5  0.125664  0  0
29.5  0.15708  0  0
29.5  0.188496  0  0
29.5  0.219911  42.8571  6.54654
29.5  0.251327  53.8462  7.33799
29.5  0.282743  75  8.66025
29.5  0.314159  64.2857  8.01784
29.5  0.345575  62.5  7.90569
29.5  0.376991  77.7778  8.81917
29.5  0.408407  78.2609  8.84652
29.5  0.439823  86.9565  9.32505
29.5  0.471239  76.6667  8.75595
29.5  0.502655  88  9.38083
29.5  0.534071  93.3333  9.66092
29.5  0.565487  79.4118  8.91133
29.5  0.596903  88.5714  9.41124
29.5  0.628319  83.3333  9.12871
29.5  0.659734  78.9474  8.88523
29.5  0.69115  92.6471  9.62533
29.5  0.722566  90.6667  9.5219
29.5  0.753982  87.6543  9.36239
29.5  0.785398  91.6667  9.57427
29.5  0.816814  93.0233  9.64486
29.5  0.84823  93.578  9.67357
29.5  0.879646  92.7083  9.62852
29.5  0.911062  91.5789  9.56969
29.5  0.942478  93  9.64365
29.5  0.973894  97.561  9.8773
29.5  1.00531  90.8046  9.52914
29.5  1.03673  94.8718  9.74022
29.5  1.06814  96.2963  9.81307
29.5  1.09956  98.7013  9.93485
29.5  1.13097  100  10
29.5  1.16239  95.0617  9.74996
29.5  1.19381  100  10
29.5  1.22522  96.7213  9.8347
29.5  1.25664  97.3333  9.86577
29.5  1.28805  96.7213  9.8347
29.5  1.31947  98.3871  9.91903
29.5  1.35088  96  9.79796
29.5  1.3823  98.4615  9.92278
29.5  1.41372  98.4848  9.92395
29.5  1.44513  100  10
29.5  1.47655  100  10
29.5  1.50796  98.1132  9.90521
29.5  1.53938  100  10
29.5  1.5708  100  10
29.5  1.60221  98.5915  9.92933
29.5  1.63363  100  10
29.5  1.66504  98.1818  9.90867
29.5  1.69646  97.9167  9.89529
29.5  1.72788  98.2759  9.91342
29.5  1.75929  100  10
29.5  1.79071  95.082  9.751
29.5  1.82212  96.5517  9.82607
29.5  1.85354  100  10
29.5  1.88496  98.3051  9.91489
29.5  1.91637  100  10
29.5  1.94779  94.9367  9.74355
29.5  1.9792  96.7213  9.8347
29.5  2.01062  94.1176  9.70143
29.5  2.04204  97.6744  9.88304
29.5  2.07345  94.3182  9.71175
29.5  2.10487  94.8052  9.7368
29.5  2.13628  95.3488  9.76467
29.5  2.1677  95.8763  9.79164
29.5  2.19911  96.0784  9.80196
29.5  2.23053  90.8046  9.52914
29.5  2.26195  94.3662  9.71423
29.5  2.29336  91.6667  9.57427
29.5  2.32478  87.3563  9.34646
29.5  2.35619  89.8551  9.47919
29.5  2.38761  87.0968  9.33257
29.5  2.41903  87.5  9.35414
29.5  2.45044  83.3333  9.12871
29.5  2.48186  93.4783  9.66842
29.5  2.51327  85  9.21954
29.5  2.54469  71.4286  8.45154
29.5  2.57611  85.2941  9.23548
29.5  2.60752  65.625  8.10093
29.5  2.63894  81.8182  9.04534
29.5  2.67035  81.8182  9.04534
29.5  2.70177  63.1579  7.94719
29.5  2.73319  55.5556  7.45356
29.5  2.7646  57.6923  7.59555
29.5  2.79602  80  8.94427
29.5  2.82743  58.8235  7.66965
29.5  2.85885  50  7.07107
29.5  2.89027  16.6667  4.08248
29.5  2.92168  0  0
29.5  2.9531  0  0
29.5  2.98451  0  0
29.5  3.01593  0  0
29.5  3.04734  0  0
29.5  3.07876  0  0
29.5  3.11018  0  0
29.75  0  0  0
29.75  0.0314159  0  0
29.75  0.0628319  0  0
29.75  0.0942478  0  0
29.75  0.125664  0  0
29.75  0.15708  0  0
29.75  0.188496  10  3.16228
29.75  0.219911  25  5
29.75  0.251327  55.5556  7.45356
29.75  0.282743  66.6667  8.16497
29.75  0.314159  54.5455  7.38549
29.75  0.345575  65  8.06226
29.75  0.376991  50  7.07107
29.75  0.408407  78.5714  8.86405
29.75  0.439823  92.8571  9.63624
29.75  0.471239  95.6522  9.78019
29.75  0.502655  88  9.38083
29.75  0.534071  80  8.94427
29.75  0.565487  83.3333  9.12871
29.75  0.596903  88.2353  9.39336
29.75  0.628319  84  9.16515
29.75  0.659734  84.7826  9.20775
29.75  0.69115  98.2759  9.91342
29.75  0.722566  88.7097  9.41858
29.75  0.753982  80.8824  8.99346
29.75  0.785398  90.9091  9.53463
29.75  0.816814  89.5349  9.46229
29.75  0.84823  96.875  9.84251
29.75  0.879646  95.283  9.7613
29.75  0.911062  91.7526  9.57876
29.75  0.942478  96.8085  9.83913
29.75  0.973894  91.2088  9.55033
29.75  1.00531  98.7654  9.93808
29.75  1.03673  88.7097  9.41858
29.75  1.06814  96.0526  9.80064
29.75  1.09956  97.6744  9.88304
29.75  1.13097  91.0256  9.54074
29.75  1.16239  96.2025  9.80829
29.75  1.19381  95.9459  9.7952
29.75  1.22522  96.9697  9.84732
29.75  1.25664  96.1538  9.80581
29.75  1.28805  97.2973  9.86394
29.75  1.31947  98.5294  9.9262
29.75  1.35088  97.1014  9.85401
29.75  1.3823  98.1481  9.90697
29.75  1.41372  97.619  9.88024
29.75  1.44513  94.8276  9.73795
29.75  1.47655  100  10
29.75  1.50796  100  10
29.75  1.53938  100  10
29.75  1.5708  98.1481  9.90697
29.75  1.60221  100  10
29.75  1.63363  100  10
29.75  1.66504  96.6667  9.83192
29.75  1.69646  96.9231  9.84495
29.75  1.72788  100  10
29.75  1.75929  94.8276  9.73795
29.75  1.79071  100  10
29.75  1.82212  100  10
29.75  1.85354  96.25  9.81071
29.75  1.88496  98.4375  9.92157
29.75  1.91637  94.2308  9.70725
29.75  1.94779  90.411  9.50847
29.75  1.9792  93.5065  9.66988
29.75  2.01062  92.5  9.61769
29.75  2.04204  96.6292  9.83002
29.75  2.07345  91.3043  9.55533
29.75  2.10487  97.4359  9.87096
29.75  2.13628  90.3226  9.50382
29.75  2.1677  93.3333  9.66092
29.75  2.19911  92.4731  9.61629
29.75  2.23053  93.4211  9.66546
29.75  2.26195  91.3043  9.55533
29.75  2.29336  97.1154  9.85471
29.75  2.32478  89.1566  9.44228
29.75  2.35619  97.4026  9.86928
29.75  2.38761  91.5254  9.56689
29.75  2.41903  89.0625  9.43729
29.75  2.45044  76.7857  8.76275
29.75  2.48186  84.2105  9.17663
29.75  2.51327  87.1795  9.337
29.75  2.54469  86.1111  9.27961
29.75  2.57611  75.7576  8.70388
29.75  2.60752  78.0488  8.83452
29.75  2.63894  89.2857  9.44911
29.75  2.67035  68.75  8.29156
29.75  2.70177  80  8.94427
29.75  2.73319  83.3333  9.12871
29.75  2.7646  61.1111  7.81736
29.75  2.79602  71.4286  8.45154
29.75  2.82743  50  7.07107
29.75  2.85885  45.4545  6.742
29.75  2.89027  71.4286  8.45154
29.75  2.92168  0  0
29.75  2.9531  0  0
29.75  2.98451  0  0
29.75  3.01593  0  0
29.75  3.04734  0  0
29.75  3.07876  0  0
29.75  3.11018  0  0
30  0  0  0
30  0.0314159  0  0
30  0.0628319  0  0
30  0.0942478  0  0
30  0.125664  0  0
30  0.15708  0  0
30  0.188496  0  0
30  0.219911  25  5
30  0.251327  20  4.47214
30  0.282743  63.6364  7.97724
30  0.314159  84.6154  9.19866
30  0.345575  77.7778  8.81917
30  0.376991  66.6667  8.16497
30  0.408407  61.1111  7.81736
30  0.439823  95.4545  9.77008
30  0.471239  64.2857  8.01784
30  0.502655  73.0769  8.5485
30  0.534071  75  8.66025
30  0.565487  85  9.21954
30  0.596903  89.5833  9.46485
30  0.628319  88.0952  9.38591
30  0.659734  83.6066  9.14366
30  0.69115  93.3333  9.66092
30  0.722566  90.1639  9.49547
30  0.753982  91.4894  9.56501
30  0.785398  89.3939  9.45484
30  0.816814  92.3077  9.60769
30  0.84823  95.0495  9.74933
30  0.879646  92.7711  9.63177
30  0.911062  88.4211  9.40325
30  0.942478  90  9.48683
30  0.973894  94.9367  9.74355
30  1.00531  94.186  9.70495
30  1.03673  94.6667  9.72968
30  1.06814  98.6486  9.9322
30  1.09956  98.75  9.9373
30  1.13097  97.1831  9.85815
30  1.16239  95.5882  9.77692
30  1.19381  97.0149  9.84962
30  1.22522  95.1613  9.75506
30  1.25664  98.5294  9.9262
30  1.28805  100  10
30  1.31947  100  10
30  1.35088  98.3333  9.91632
30  1.3823  100  10
30  1.41372  100  10
30  1.44513  100  10
30  1.47655  100  10
30  1.50796  100  10
30  1.53938  98.6486  9.9322
30  1.5708  100  10
30  1.60221  100  10
30  1.63363  97.0149  9.84962
30  1.66504  100  10
30  1.69646  100  10
30  1.72788  96.9697  9.84732
30  1.75929  100  10
30  1.79071  100  10
30  1.82212  98.4848  9.92395
30  1.85354  98.6486  9.9322
30  1.88496  98.4615  9.92278
30  1.91637  92.5  9.61769
30  1.94779  96.3855  9.81761
30  1.9792  96.2025  9.80829
30  2.01062  96.5517  9.82607
30  2.04204  93.0556  9.64653
30  2.07345  94.3182  9.71175
30  2.10487  94.1176  9.70143
30  2.13628  96.3855  9.81761
30  2.1677  94.3182  9.71175
30  2.19911  92.4731  9.61629
30  2.23053  86.1702  9.28279
30  2.26195  85.3933  9.24085
30  2.29336  95.3488  9.76467
30  2.32478  88.75  9.42072
30  2.35619  93.3333  9.66092
30  2.38761  89.8305  9.4779
30  2.41903  89.2308  9.4462
30  2.45044  88.2353  9.39336
30  2.48186  85.4545  9.24416
30  2.51327  90.9091  9.53463
30  2.54469  90.625  9.51972
30  2.57611  82.8571  9.10259
30  2.60752  74.1935  8.61357
30  2.63894  70.3704  8.3887
30  2.67035  72  8.48528
30  2.70177  83.3333  9.12871
30  2.73319  87.5  9.35414
30  2.7646  56.25  7.5
30  2.79602  53.8462  7.33799
30  2.82743  100  10
30  2.85885  50  7.07107
30  2.89027  40  6.32456
30  2.92168  25  5
30  2.9531  0  0
30  2.98451  0  0
30  3.01593  0  0
30  3.04734  0  0
30  3.07876  0  0
30  3.11018  0  0
30.25  0  0  0
30.25  0.0314159  0  0
30.25  0.0628319  0  0
30.25  0.0942478  0  0
30.25  0.125664  0  0
30.25  0.15708  0  0
30.25  0.188496  0  0
30.25  0.219911  0  0
30.25  0.251327  57.1429  7.55929
30.25  0.282743  85.7143  9.2582
30.25  0.314159  75  8.66025
30.25  0.345575  81.8182  9.04534
30.25  0.376991  88.2353  9.39336
30.25  0.408407  90.9091  9.53463
30.25  0.439823  71.4286  8.45154
30.25  0.471239  65.5172  8.09427
30.25  0.502655  79.1667  8.89757
30.25  0.534071  91.6667  9.57427
30.25  0.565487  92.5926  9.6225
30.25  0.596903  85.4167  9.24211
30.25  0.628319  83.6364  9.14529
30.25  0.659734  85  9.21954
30.25  0.69115  98.2456  9.91189
30.25  0.722566  94.1176  9.70143
30.25  0.753982  92.5926  9.6225
30.25  0.785398  91.6667  9.57427
30.25  0.816814  94.186  9.70495
30.25  0.84823  89.5349  9.46229
30.25  0.879646  95.5752  9.77626
30.25  0.911062  95.7447  9.78492
30.25  0.942478  94.7368  9.73329
30.25  0.973894  100  10
30.25  1.00531  94.6809  9.73041
30.25  1.03673  97.4359  9.87096
30.25  1.06814  95.2941  9.76187
30.25  1.09956  93.75  9.68246
30.25  1.13097  94.7368  9.73329
30.25  1.16239  100  10
30.25  1.19381  98.6486  9.9322
30.25  1.22522  94.1176  9.70143
30.25  1.25664  96.7742  9.83739
30.25  1.28805  97.5904  9.87878
30.25  1.31947  98.1818  9.90867
30.25  1.35088  100  10
30.25  1.3823  100  10
30.25  1.41372  98.6301  9.93127
30.25  1.44513  100  10
30.25  1.47655  98.1818  9.90867
30.25  1.50796  98.7805  9.93884
30.25  1.53938  100  10
30.25  1.5708  100  10
30.25  1.60221  100  10
30.25  1.63363  100  10
30.25  1.66504  96.5517  9.82607
30.25  1.69646  95.8333  9.78945
30.25  1.72788  98.7342  9.93651
30.25  1.75929  98.6111  9.93031
30.25  1.79071  98.2759  9.91342
30.25  1.82212  100  10
30.25  1.85354  96.0526  9.80064
30.25  1.88496  97.1429  9.85611
30.25  1.91637  98.5294  9.9262
30.25  1.94779  95.6989  9.78258
30.25  1.9792  93.4211  9.66546
30.25  2.01062  93.3333  9.66092
30.25  2.04204  90.411  9.50847
30.25  2.07345  97.4026  9.86928
30.25  2.10487  93.75  9.68246
30.25  2.13628  94.8454  9.73886
30.25  2.1677  96.2025  9.80829
30.25  2.19911  90.566  9.51662
30.25  2.23053  93.8272  9.68644
30.25  2.26195  89.1566  9.44228
30.25  2.29336  90.566  9.51662
30.25  2.32478  92.1053  9.59715
30.25  2.35619  98.5294  9.9262
30.25  2.38761  92.2078  9.60249
30.25  2.41903  86.7647  9.31476
30.25  2.45044  89.1304  9.44089
30.25  2.48186  95.3488  9.76467
30.25  2.51327  93.0233  9.64486
30.25  2.54469  80.4878  8.9715
30.25  2.57611  80.4878  8.9715
30.25  2.60752  76.4706  8.74475
30.25  2.63894  74.0741  8.60663
30.25  2.67035  75  8.66025
30.25  2.70177  84  9.16515
30.25  2.73319  52.6316  7.25476
30.25  2.7646  75  8.66025
30.25  2.79602  76.9231  8.77058
30.25  2.82743  53.8462  7.33799
30.25  2.85885  46.1538  6.79366
30.25  2.89027  30.7692  5.547
30.25  2.92168  0  0
30.25  2.9531  0  0
30.25  2.98451  0  0
30.25  3.01593  0  0
30.25  3.04734  0  0
30.25  3.07876  0  0
30.25  3.11018  0  0
30.5  0  0  0
30.5  0.0314159  0  0
30.5  0.0628319  0  0
30.5  0.0942478  0  0
30.5  0.125664  0  0
30.5  0.15708  0  0
30.5  0.188496  0  0
30.5  0.219911  30  5.47723
30.5  0.251327  54.5455  7.38549
30.5  0.282743  66.6667  8.16497
30.5  0.314159  30.7692  5.547
30.5  0.345575  100  10
30.5  0.376991  75  8.66025
30.5  0.408407  83.3333  9.12871
30.5  0.439823  89.6552  9.46864
30.5  0.471239  74.0741  8.60663
30.5  0.502655  87.5  9.35414
30.5  0.534071  84.2105  9.17663
30.5  0.565487  89.1892  9.444
30.5  0.596903  73.5294  8.57493
30.5  0.628319  85  9.21954
30.5  0.659734  85.9649  9.27173
30.5  0.69115  91.5254  9.56689
30.5  0.722566  90.9091  9.53463
30.5  0.753982  84.4156  9.1878
30.5  0.785398  90.7216  9.52479
30.5  0.816814  93.1818  9.65307
30.5  0.84823  96.2025  9.80829
30.5  0.879646  98.7805  9.93884
30.5  0.911062  93.1818  9.65307
30.5  0.942478  94.3396  9.71286
30.5  0.973894  94.1176  9.70143
30.5  1.00531  93.5897  9.67418
30.5  1.03673  95.6522  9.78019
30.5  1.06814  95.1613  9.75506
30.5  1.09956  95.122  9.75305
30.5  1.13097  97.5309  9.87577
30.5  1.16239  95.8333  9.78945
30.5  1.19381  94.1176  9.70143
30.5  1.22522  98.5507  9.92727
30.5  1.25664  96.3855  9.81761
30.5  1.28805  100  10
30.5  1.31947  95.7746  9.78645
30.5  1.35088  97.1831  9.85815
30.5  1.3823  100  10
30.5  1.41372  98.5915  9.92933
30.5  1.44513  98.3607  9.91769
30.5  1.47655  100  10
30.5  1.50796  100  10
30.5  1.53938  100  10
30.5  1.5708  100  10
30.5  1.60221  100  10
30.5  1.63363  98.2759  9.91342
30.5  1.66504  100  10
30.5  1.69646  95.8333  9.78945
30.5  1.72788  100  10
30.5  1.75929  100  10
30.5  1.79071  96.3636  9.8165
30.5  1.82212  95.2381  9.759
30.5  1.85354  94.1176  9.70143
30.5  1.88496  100  10
30.5  1.91637  96.5517  9.82607
30.5  1.94779  95.122  9.75305
30.5  1.9792  100  10
30.5  2.01062  98.7952  9.93958
30.5  2.04204  96.9697  9.84732
30.5  2.07345  96.2963  9.81307
30.5  2.10487  95.1807  9.75606
30.5  2.13628  92.3077  9.60769
30.5  2.1677  92.4731  9.61629
30.5  2.19911  90.8163  9.52976
30.5  2.23053  91.4894  9.56501
30.5  2.26195  92.9412  9.6406
30.5  2.29336  87.619  9.3605
30.5  2.32478  93.0556  9.64653
30.5  2.35619  93.0556  9.64653
30.5  2.38761  87.0968  9.33257
30.5  2.41903  86.7925  9.31625
30.5  2.45044  86.2745  9.28841
30.5  2.48186  90.2439  9.49968
30.5  2.51327  79.4872  8.91556
30.5  2.54469  78.7234  8.87262
30.5  2.57611  83.6735  9.14732
30.5  2.60752  80  8.94427
30.5  2.63894  66.6667  8.16497
30.5  2.67035  84.6154  9.19866
30.5  2.70177  73.6842  8.58395
30.5  2.73319  66.6667  8.16497
30.5  2.7646  50  7.07107
30.5  2.79602  92.3077  9.60769
30.5  2.82743  71.4286  8.45154
30.5  2.85885  50  7.07107
30.5  2.89027  20  4.47214
30.5  2.92168  0  0
30.5  2.9531  0  0
30.5  2.98451  0  0
30.5  3.01593  0  0
30.5  3.04734  0  0
30.5  3.07876  0  0
30.5  3.11018  0  0
30.75  0  0  0
30.75  0.0314159  0  0
30.75  0.0628319  0  0
30.75  0.0942478  0  0
30.75  0.125664  0  0
30.75  0.15708  0  0
30.75  0.188496  0  0
30.75  0.219911  16.6667  4.08248
30.75  0.251327  30.7692  5.547
30.75  0.282743  77.7778  8.81917
30.75  0.314159  72.7273  8.52803
30.75  0.345575  63.1579  7.94719
30.75  0.376991  63.6364  7.97724
30.75  0.408407  84.375  9.18559
30.75  0.439823  95.4545  9.77008
30.75  0.471239  82.1429  9.06327
30.75  0.502655  89.1892  9.444
30.75  0.534071  87.0968  9.33257
30.75  0.565487  89.7436  9.47331
30.75  0.596903  87.5  9.35414
30.75  0.628319  84.7826  9.20775
30.75  0.659734  86  9.27362
30.75  0.69115  98  9.89949
30.75  0.722566  95  9.74679
30.75  0.753982  88.8889  9.42809
30.75  0.785398  93.1818  9.65307
30.75  0.816814  87.3563  9.34646
30.75  0.84823  90.2174  9.49828
30.75  0.879646  89.0244  9.43527
30.75  0.911062  88.0435  9.38315
30.75  0.942478  94.5652  9.72446
30.75  0.973894  90.8046  9.52914
30.75  1.00531  94.5205  9.72217
30.75  1.03673  97.4684  9.87261
30.75  1.06814  94.2029  9.70582
30.75  1.09956  96.6667  9.83192
30.75  1.13097  98.6111  9.93031
30.75  1.16239  97.3333  9.86577
30.75  1.19381  98.7179  9.93569
30.75  1.22522  96.9697  9.84732
30.75  1.25664  97.2603  9.86206
30.75  1.28805  100  10
30.75  1.31947  98.3333  9.91632
30.75  1.35088  98.7179  9.93569
30.75  1.3823  100  10
30.75  1.41372  97.3684  9.86754
30.75  1.44513  100  10
30.75  1.47655  98.5507  9.92727
30.75  1.50796  100  10
30.75  1.53938  100  10
30.75  1.5708  100  10
30.75  1.60221  100  10
30.75  1.63363  100  10
30.75  1.66504  96.1538  9.80581
30.75  1.69646  98.6486  9.9322
30.75  1.72788  97.1429  9.85611
30.75  1.75929  97.0149  9.84962
30.75  1.79071  96.5517  9.82607
30.75  1.82212  96.9231  9.84495
30.75  1.85354  98.4127  9.92032
30.75  1.88496  95.4545  9.77008
30.75  1.91637  100  10
30.75  1.94779  97.3333  9.86577
30.75  1.9792  98.5507  9.92727
30.75  2.01062  95.4023  9.76741
30.75  2.04204  94.1176  9.70143
30.75  2.07345  93.6709  9.67837
30.75  2.10487  97.561  9.8773
30.75  2.13628  97.4026  9.86928
30.75  2.1677  95  9.74679
30.75  2.19911  95.7895  9.78721
30.75  2.23053  98.0769  9.90338
30.75  2.26195  97.619  9.88024
30.75  2.29336  93.2584  9.65704
30.75  2.32478  93.4066  9.66471
30.75  2.35619  87.5  9.35414
30.75  2.38761  90.9091  9.53463
30.75  2.41903  76.9231  8.77058
30.75  2.45044  92.0635  9.59497
30.75  2.48186  78.9474  8.88523
30.75  2.51327  87.8049  9.37043
30.75  2.54469  88.3721  9.40064
30.75  2.57611  84.8485  9.21132
30.75  2.60752  88.4615  9.4054
30.75  2.63894  86.3636  9.2932
30.75  2.67035  83.3333  9.12871
30.75  2.70177  78.2609  8.84652
30.75  2.73319  86.6667  9.30949
30.75  2.7646  75  8.66025
30.75  2.79602  57.1429  7.55929
30.75  2.82743  75  8.66025
30.75  2.85885  50  7.07107
30.75  2.89027  0  0
30.75  2.92168  0  0
30.75  2.9531  0  0
30.75  2.98451  0  0
30.75  3.01593  0  0
30.75  3.04734  0  0
30.75  3.07876  0  0
30.75  3.11018  0  0
31  0  0  0
31  0.0314159  0  0
31  0.0628319  0  0
31  0.0942478  0  0
31  0.125664  0  0
31  0.15708  0  0
31  0.188496  20  4.47214
31  0.219911  0  0
31  0.251327  9.09091  3.01511
31  0.282743  43.75  6.61438
31  0.314159  76.4706  8.74475
31  0.345575  64.2857  8.01784
31  0.376991  77.7778  8.81917
31  0.408407  73.0769  8.5485
31  0.439823  80.9524  8.99735
31  0.471239  81.8182  9.04534
31  0.502655  86.1111  9.27961
31  0.534071  94.7368  9.73329
31  0.565487  84.8485  9.21132
31  0.596903  90.4762  9.5119
31  0.628319  86  9.27362
31  0.659734  94.2308  9.70725
31  0.69115  87.8788  9.37437
31  0.722566  88.2353  9.39336
31  0.753982  91.8919  9.58603
31  0.785398  86.5854  9.30513
31  0.816814  92.7835  9.63242
31  0.84823  94.2529  9.70839
31  0.879646  93.617  9.67559
31  0.911062  94.9367  9.74355
31  0.942478  94.6237  9.72747
31  0.973894  94.7368  9.73329
31  1.00531  92.0792  9.59579
31  1.03673  97.8022  9.8895
31  1.06814  94.7368  9.73329
31  1.09956  97.4026  9.86928
31  1.13097  98.7654  9.93808
31  1.16239  96.9697  9.84732
31  1.19381  100  10
31  1.22522  93.0556  9.64653
31  1.25664  100  10
31  1.28805  97.5  9.87421
31  1.31947  100  10
31  1.35088  98.2143  9.91031
31  1.3823  100  10
31  1.41372  98.3607  9.91769
31  1.44513  96.6102  9.82905
31  1.47655  100  10
31  1.50796  97.9592  9.89743
31  1.53938  98.5075  9.92509
31  1.5708  100  10
31  1.60221  100  10
31  1.63363  100  10
31  1.66504  100  10
31  1.69646  98.4848  9.92395
31  1.72788  97.1429  9.85611
31  1.75929  97.2973  9.86394
31  1.79071  98.6301  9.93127
31  1.82212  98.4127  9.92032
31  1.85354  98.4375  9.92157
31  1.88496  98.2143  9.91031
31  1.91637  97.3684  9.86754
31  1.94779  97.6471  9.88165
31  1.9792  97.2603  9.86206
31  2.01062  91.5254  9.56689
31  2.04204  98.4375  9.92157
31  2.07345  95.6044  9.77775
31  2.10487  92.2078  9.60249
31  2.13628  95  9.74679
31  2.1677  93.8776  9.68904
31  2.19911  89.8305  9.4779
31  2.23053  91.6667  9.57427
31  2.26195  94.0476  9.69782
31  2.29336  97.7778  9.88826
31  2.32478  94.9367  9.74355
31  2.35619  86.8421  9.31891
31  2.38761  85.9375  9.27025
31  2.41903  87.5  9.35414
31  2.45044  86.9565  9.32505
31  2.48186  94.1176  9.70143
31  2.51327  84  9.16515
31  2.54469  94.5946  9.72598
31  2.57611  68.4211  8.2717
31  2.60752  88  9.38083
31  2.63894  78.9474  8.88523
31  2.67035  75.8621  8.70988
31  2.70177  77.7778  8.81917
31  2.73319  76.4706  8.74475
31  2.7646  78.5714  8.86405
31  2.79602  70  8.3666
31  2.82743  63.1579  7.94719
31  2.85885  58.3333  7.63763
31  2.89027  45.4545  6.742
31  2.92168  25  5
31  2.9531  0  0
31  2.98451  0  0
31  3.01593  0  0
31  3.04734  0  0
31  3.07876  0  0
31  3.11018  0  0
31.25  0  0  0
31.25  0.0314159  0  0
31.25  0.0628319  0  0
31.25  0.0942478  0  0
31.25  0.125664  0  0
31.25  0.15708  0  0
31.25  0.188496  0  0
31.25  0.219911  0  0
31.25  0.251327  61.5385  7.84465
31.25  0.282743  62.5  7.90569
31.25  0.314159  50  7.07107
31.25  0.345575  88.8889  9.42809
31.25  0.376991  63.1579  7.94719
31.25  0.408407  73.3333  8.56349
31.25  0.439823  80.9524  8.99735
31.25  0.471239  61.9048  7.86796
31.25  0.502655  88.5714  9.41124
31.25  0.534071  92.5  9.61769
31.25  0.565487  88.3721  9.40064
31.25  0.596903  84.4444  9.18937
31.25  0.628319  79.1667  8.89757
31.25  0.659734  90.566  9.51662
31.25  0.69115  92.5926  9.6225
31.25  0.722566  91.8033  9.5814
31.25  0.753982  90.7216  9.52479
31.25  0.785398  91.8919  9.58603
31.25  0.816814  94.5946  9.72598
31.25  0.84823  90.625  9.51972
31.25  0.879646  90.2913  9.50217
31.25  0.911062  93.4066  9.66471
31.25  0.942478  94.2308  9.70725
31.25  0.973894  93.4211  9.66546
31.25  1.00531  92.6471  9.62533
31.25  1.03673  93.6842  9.67906
31.25  1.06814  94.9367  9.74355
31.25  1.09956  90.625  9.51972
31.25  1.13097  95.082  9.751
31.25  1.16239  100  10
31.25  1.19381  100  10
31.25  1.22522  96  9.79796
31.25  1.25664  100  10
31.25  1.28805  95.3488  9.76467
31.25  1.31947  100  10
31.25  1.35088  98.3607  9.91769
31.25  1.3823  96.3636  9.8165
31.25  1.41372  100  10
31.25  1.44513  96.7742  9.83739
31.25  1.47655  100  10
31.25  1.50796  100  10
31.25  1.53938  100  10
31.25  1.5708  100  10
31.25  1.60221  100  10
31.25  1.63363  100  10
31.25  1.66504  100  10
31.25  1.69646  100  10
31.25  1.72788  98.5915  9.92933
31.25  1.75929  100  10
31.25  1.79071  97.3684  9.86754
31.25  1.82212  100  10
31.25  1.85354  98.5714  9.92831
31.25  1.88496  98.2143  9.91031
31.25  1.91637  97.4359  9.87096
31.25  1.94779  100  10
31.25  1.9792  94.7368  9.73329
31.25  2.01062  94.7368  9.73329
31.25  2.04204  94.186  9.70495
31.25  2.07345  88.3721  9.40064
31.25  2.10487  94.5652  9.72446
31.25  2.13628  95.8904  9.79236
31.25  2.1677  93.2039  9.65422
31.25  2.19911  91.4894  9.56501
31.25  2.23053  93.1818  9.65307
31.25  2.26195  93.5484  9.67204
31.25  2.29336  94.4444  9.71825
31.25  2.32478  93.9024  9.69033
31.25  2.35619  91.0448  9.54174
31.25  2.38761  92.7536  9.63087
31.25  2.41903  82.3529  9.07485
31.25  2.45044  79.5455  8.91883
31.25  2.48186  100  10
31.25  2.51327  89.7959  9.47607
31.25  2.54469  91.8919  9.58603
31.25  2.57611  86.8421  9.31891
31.25  2.60752  80.7692  8.98717
31.25  2.63894  84  9.16515
31.25  2.67035  80  8.94427
31.25  2.70177  70.5882  8.40168
31.25  2.73319  80  8.94427
31.25  2.7646  72.7273  8.52803
31.25  2.79602  64.2857  8.01784
31.25  2.82743  50  7.07107
31.25  2.85885  50  7.07107
31.25  2.89027  57.1429  7.55929
31.25  2.92168  0  0
31.25  2.9531  0  0
31.25  2.98451  0  0
31.25  3.01593  0  0
31.25  3.04734  0  0
31.25  3.07876  0  0
31.25  3.11018  0  0
31.5  0  0  0
31.5  0.0314159  0  0
31.5  0.0628319  0  0
31.5  0.0942478  0  0
31.5  0.125664  0  0
31.5  0.15708  0  0
31.5  0.188496  20  4.47214
31.5  0.219911  30  5.47723
31.5  0.251327  60  7.74597
31.5  0.282743  58.3333  7.63763
31.5  0.314159  73.3333  8.56349
31.5  0.345575  63.1579  7.94719
31.5  0.376991  78.9474  8.88523
31.5  0.408407  81.8182  9.04534
31.5  0.439823  69.697  8.34847
31.5  0.471239  81.4815  9.02671
31.5  0.502655  83.871  9.15811
31.5  0.534071  90.9091  9.53463
31.5  0.565487  83.7209  9.14991
31.5  0.596903  86.1111  9.27961
31.5  0.628319  94.7368  9.73329
31.5  0.659734  96  9.79796
31.5  0.69115  88.2353  9.39336
31.5  0.722566  87.3016  9.34353
31.5  0.753982  97.1429  9.85611
31.5  0.785398  89.6907  9.47052
31.5  0.816814  92.8571  9.63624
31.5  0.84823  93.3962  9.66417
31.5  0.879646  94.4444  9.71825
31.5  0.911062  91.6667  9.57427
31.5  0.942478  89.8876  9.48091
31.5  0.973894  93.2432  9.65625
31.5  1.00531  95.5056  9.7727
31.5  1.03673  95.9459  9.7952
31.5  1.06814  95.5882  9.77692
31.5  1.09956  97.2603  9.86206
31.5  1.13097  98.5075  9.92509
31.5  1.16239  90.6667  9.5219
31.5  1.19381  93.8462  9.68742
31.5  1.22522  97.0588  9.85184
31.5  1.25664  96.2025  9.80829
31.5  1.28805  98.4615  9.92278
31.5  1.31947  100  10
31.5  1.35088  93.4426  9.66657
31.5  1.3823  100  10
31.5  1.41372  100  10
31.5  1.44513  98.5075  9.92509
31.5  1.47655  98.4848  9.92395
31.5  1.50796  100  10
31.5  1.53938  100  10
31.5  1.5708  100  10
31.5  1.60221  98.3333  9.91632
31.5  1.63363  100  10
31.5  1.66504  96.7213  9.8347
31.5  1.69646  98.4615  9.92278
31.5  1.72788  98.6111  9.93031
31.5  1.75929  95.3125  9.76281
31.5  1.79071  98.0769  9.90338
31.5  1.82212  100  10
31.5  1.85354  100  10
31.5  1.88496  95.8904  9.79236
31.5  1.91637  93.75  9.68246
31.5  1.94779  96.0526  9.80064
31.5  1.9792  94.2029  9.70582
31.5  2.01062  96.2264  9.80951
31.5  2.04204  95.3846  9.7665
31.5  2.07345  96.2025  9.80829
31.5  2.10487  94.2857  9.71008
31.5  2.13628  93.4783  9.66842
31.5  2.1677  88.8889  9.42809
31.5  2.19911  93.1373  9.65076
31.5  2.23053  97.9798  9.89847
31.5  2.26195  91.5789  9.56969
31.5  2.29336  89.5349  9.46229
31.5  2.32478  89.0625  9.43729
31.5  2.35619  88.5714  9.41124
31.5  2.38761  92.0635  9.59497
31.5  2.41903  88.8889  9.42809
31.5  2.45044  95.2381  9.759
31.5  2.48186  80  8.94427
31.5  2.51327  95.122  9.75305
31.5  2.54469  82.8571  9.10259
31.5  2.57611  75.8621  8.70988
31.5  2.60752  92.5926  9.6225
31.5  2.63894  75.8621  8.70988
31.5  2.67035  76.9231  8.77058
31.5  2.70177  64.7059  8.044
31.5  2.73319  85.1852  9.22958
31.5  2.7646  90  9.48683
31.5  2.79602  66.6667  8.16497
31.5  2.82743  64.2857  8.01784
31.5  2.85885  61.5385  7.84465
31.5  2.89027  66.6667  8.16497
31.5  2.92168  0  0
31.5  2.9531  0  0
31.5  2.98451  0  0
31.5  3.01593  0  0
31.5  3.04734  0  0
31.5  3.07876  0  0
31.5  3.11018  0  0
31.75  0  0  0
31.75  0.0314159  0  0
31.75  0.0628319  0  0
31.75  0.0942478  0  0
31.75  0.125664  0  0
31.75  0.15708  0  0
31.75  0.188496  33.3333  5.7735
31.75  0.219911  50  7.07107
31.75  0.251327  57.1429  7.55929
31.75  0.282743  37.5  6.12372
31.75  0.314159  100  10
31.75  0.345575  75  8.66025
31.75  0.376991  85.7143  9.2582
31.75  0.408407  80  8.94427
31.75  0.439823  80.9524  8.99735
31.75  0.471239  85.7143  9.2582
31.75  0.502655  82.7586  9.09718
31.75  0.534071  85.7143  9.2582
31.75  0.565487  77.7778  8.81917
31.75  0.596903  90  9.48683
31.75  0.628319  91.4894  9.56501
31.75  0.659734  89.3617  9.45313
31.75  0.69115  88.6792  9.41697
31.75  0.722566  93.3333  9.66092
31.75  0.753982  88.0597  9.38401
31.75  0.785398  93.9759  9.69412
31.75  0.816814  87.3563  9.34646
31.75  0.84823  96.3636  9.8165
31.75  0.879646  94.3182  9.71175
31.75  0.911062  88.5417  9.40966
31.75  0.942478  93.5484  9.67204
31.75  0.973894  93.75  9.68246
31.75  1.00531  93.9759  9.69412
31.75  1.03673  95.6522  9.78019
31.75  1.06814  94.8052  9.7368
31.75  1.09956  96.4706  9.82194
31.75  1.13097  96.2025  9.80829
31.75  1.16239  98.5294  9.9262
31.75  1.19381  98.6667  9.93311
31.75  1.22522  100  10
31.75  1.25664  100  10
31.75  1.28805  98.3333  9.91632
31.75  1.31947  98.5507  9.92727
31.75  1.35088  98.3051  9.91489
31.75  1.3823  100  10
31.75  1.41372  100  10
31.75  1.44513  92.8571  9.63624
31.75  1.47655  100  10
31.75  1.50796  100  10
31.75  1.53938  100  10
31.75  1.5708  100  10
31.75  1.60221  100  10
31.75  1.63363  100  10
31.75  1.66504  97.1014  9.85401
31.75  1.69646  95.2381  9.759
31.75  1.72788  97.2222  9.86013
31.75  1.75929  96.4912  9.82299
31.75  1.79071  96.4286  9.81981
31.75  1.82212  97.2603  9.86206
31.75  1.85354  95.1613  9.75506
31.75  1.88496  100  10
31.75  1.91637  98.7654  9.93808
31.75  1.94779  97.2603  9.86206
31.75  1.9792  100  10
31.75  2.01062  96.9697  9.84732
31.75  2.04204  98.8372  9.94169
31.75  2.07345  91.5663  9.56903
31.75  2.10487  91.1765  9.54864
31.75  2.13628  97.6744  9.88304
31.75  2.1677  93.2584  9.65704
31.75  2.19911  92  9.59166
31.75  2.23053  88.5417  9.40966
31.75  2.26195  94.8052  9.7368
31.75  2.29336  87.6712  9.36329
31.75  2.32478  84.4444  9.18937
31.75  2.35619  92.4242  9.61375
31.75  2.38761  88.8889  9.42809
31.75  2.41903  87.931  9.37715
31.75  2.45044  86.9565  9.32505
31.75  2.48186  87.8049  9.37043
31.75  2.51327  87.5  9.35414
31.75  2.54469  90.3226  9.50382
31.75  2.57611  90  9.48683
31.75  2.60752  91.1765  9.54864
31.75  2.63894  84.2105  9.17663
31.75  2.67035  68  8.24621
31.75  2.70177  80  8.94427
31.75  2.73319  72.7273  8.52803
31.75  2.7646  53.3333  7.30297
31.75  2.79602  76.9231  8.77058
31.75  2.82743  64.2857  8.01784
31.75  2.85885  90  9.48683
31.75  2.89027  50  7.07107
31.75  2.92168  16.6667  4.08248
31.75  2.9531  0  0
31.75  2.98451  0  0
31.75  3.01593  0  0
31.75  3.04734  0  0
31.75  3.07876  0  0
31.75  3.11018  0  0
32  0  0  0
32  0.0314159  0  0
32  0.0628319  0  0
32  0.0942478  0  0
32  0.125664  0  0
32  0.15708  0  0
32  0.188496  0  0
32  0.219911  14.2857  3.77964
32  0.251327  44.4444  6.66667
32  0.282743  75  8.66025
32  0.314159  84.6154  9.19866
32  0.345575  78.2609  8.84652
32  0.376991  80  8.94427
32  0.408407  63.6364  7.97724
32  0.439823  60.8696  7.80189
32  0.471239  88.4615  9.4054
32  0.502655  80.6452  8.98027
32  0.534071  72  8.48528
32  0.565487  80.5556  8.97527
32  0.596903  92.1569  9.59984
32  0.628319  95.5556  9.77525
32  0.659734  88.2353  9.39336
32  0.69115  93.6508  9.67733
32  0.722566  89.0411  9.43616
32  0.753982  89.2857  9.44911
32  0.785398  90.8163  9.52976
32  0.816814  91.6667  9.57427
32  0.84823  94.2529  9.70839
32  0.879646  95.4545  9.77008
32  0.911062  95.6522  9.78019
32  0.942478  94.4444  9.71825
32  0.973894  93.9394  9.69223
32  1.00531  91.8919  9.58603
32  1.03673  98.6842  9.93399
32  1.06814  96.2963  9.81307
32  1.09956  98.8372  9.94169
32  1.13097  91.8033  9.5814
32  1.16239  98.7179  9.93569
32  1.19381  98.4127  9.92032
32  1.22522  95.5882  9.77692
32  1.25664  98.3871  9.91903
32  1.28805  100  10
32  1.31947  98.6842  9.93399
32  1.35088  96.875  9.84251
32  1.3823  97.7273  9.88571
32  1.41372  98.8636  9.94302
32  1.44513  97.0588  9.85184
32  1.47655  100  10
32  1.50796  100  10
32  1.53938  100  10
32  1.5708  98.2143  9.91031
32  1.60221  98.6486  9.9322
32  1.63363  100  10
32  1.66504  98.6301  9.93127
32  1.69646  100  10
32  1.72788  100  10
32  1.75929  100  10
32  1.79071  98.7179  9.93569
32  1.82212  98.2456  9.91189
32  1.85354  96.5517  9.82607
32  1.88496  100  10
32  1.91637  100  10
32  1.94779  96.9697  9.84732
32  1.9792  96.9697  9.84732
32  2.01062  95.0617  9.74996
32  2.04204  96.0526  9.80064
32  2.07345  96.7033  9.83378
32  2.10487  96.6667  9.83192
32  2.13628  93.4783  9.66842
32  2.1677  89.6104  9.46628
32  2.19911  93.1034  9.64901
32  2.23053  95.8333  9.78945
32  2.26195  91.5663  9.56903
32  2.29336  95.122  9.75305
32  2.32478  91.358  9.55814
32  2.35619  94.186  9.70495
32  2.38761  86.3014  9.28985
32  2.41903  94.4444  9.71825
32  2.45044  73.913  8.59727
32  2.48186  83.3333  9.12871
32  2.51327  91.1765  9.54864
32  2.54469  91.6667  9.57427
32  2.57611  83.3333  9.12871
32  2.60752  74.359  8.62316
32  2.63894  80.7692  8.98717
32  2.67035  64.2857  8.01784
32  2.70177  88.8889  9.42809
32  2.73319  73.6842  8.58395
32  2.7646  45  6.7082
32  2.79602  73.3333  8.56349
32  2.82743  57.8947  7.60886
32  2.85885  58.3333  7.63763
32  2.89027  44.4444  6.66667
32  2.92168  16.6667  4.08248
32  2.9531  0  0
32  2.98451  0  0
32  3.01593  0  0
32  3.04734  0  0
32  3.07876  0  0
32  3.11018  0  0
32.25  0  0  0
32.25  0.0314159  0  0
32.25  0.0628319  0  0
32.25  0.0942478  0  0
32.25  0.125664  0  0
32.25  0.15708  0  0
32.25  0.188496  25  5
32.25  0.219911  60  7.74597
32.25  0.251327  63.6364  7.97724
32.25  0.282743  62.5  7.90569
32.25  0.314159  58.3333  7.63763
32.25  0.345575  53.8462  7.33799
32.25  0.376991  68.1818  8.25723
32.25  0.408407  80  8.94427
32.25  0.439823  87.5  9.35414
32.25  0.471239  89.6552  9.46864
32.25  0.502655  85.1852  9.22958
32.25  0.534071  83.3333  9.12871
32.25  0.565487  93.8776  9.68904
32.25  0.596903  86  9.27362
32.25  0.628319  79.4118  8.91133
32.25  0.659734  93.617  9.67559
32.25  0.69115  87.2727  9.34199
32.25  0.722566  92.5926  9.6225
32.25  0.753982  89.4737  9.45905
32.25  0.785398  88.4615  9.4054
32.25  0.816814  94.9495  9.7442
32.25  0.84823  94.6237  9.72747
32.25  0.879646  93.6937  9.67955
32.25  0.911062  92.8571  9.63624
32.25  0.942478  94.7368  9.73329
32.25  0.973894  96.5517  9.82607
32.25  1.00531  91.6667  9.57427
32.25  1.03673  96.4286  9.81981
32.25  1.06814  98.8636  9.94302
32.25  1.09956  95.5882  9.77692
32.25  1.13097  94.6809  9.73041
32.25  1.16239  95.5556  9.77525
32.25  1.19381  95.2381  9.759
32.25  1.22522  98.7013  9.93485
32.25  1.25664  96.9231  9.84495
32.25  1.28805  100  10
32.25  1.31947  100  10
32.25  1.35088  98.3871  9.91903
32.25  1.3823  97.7273  9.88571
32.25  1.41372  94.5946  9.72598
32.25  1.44513  100  10
32.25  1.47655  100  10
32.25  1.50796  100  10
32.25  1.53938  100  10
32.25  1.5708  100  10
32.25  1.60221  100  10
32.25  1.63363  100  10
32.25  1.66504  100  10
32.25  1.69646  98.1132  9.90521
32.25  1.72788  97.1429  9.85611
32.25  1.75929  95.1613  9.75506
32.25  1.79071  100  10
32.25  1.82212  97.4026  9.86928
32.25  1.85354  98.7179  9.93569
32.25  1.88496  100  10
32.25  1.91637  95.8904  9.79236
32.25  1.94779  86.9565  9.32505
32.25  1.9792  90  9.48683
32.25  2.01062  95.7746  9.78645
32.25  2.04204  96.2963  9.81307
32.25  2.07345  91.25  9.55249
32.25  2.10487  91.358  9.55814
32.25  2.13628  93.9024  9.69033
32.25  2.1677  97.5309  9.87577
32.25  2.19911  93.5484  9.67204
32.25  2.23053  98.7952  9.93958
32.25  2.26195  95.6044  9.77775
32.25  2.29336  93.5897  9.67418
32.25  2.32478  90.8046  9.52914
32.25  2.35619  91.3043  9.55533
32.25  2.38761  90.3226  9.50382
32.25  2.41903  86.8852  9.32123
32.25  2.45044  83.3333  9.12871
32.25  2.48186  78.1818  8.84205
32.25  2.51327  69.7674  8.35269
32.25  2.54469  85.3659  9.23936
32.25  2.57611  82.7586  9.09718
32.25  2.60752  81.8182  9.04534
32.25  2.63894  77.2727  8.79049
32.25  2.67035  70.5882  8.40168
32.25  2.70177  69.5652  8.34058
32.25  2.73319  77.7778  8.81917
32.25  2.7646  47.3684  6.88247
32.25  2.79602  58.8235  7.66965
32.25  2.82743  60  7.74597
32.25  2.85885  40  6.32456
32.25  2.89027  0  0
32.25  2.92168  16.6667  4.08248
32.25  2.9531  0  0
32.25  2.98451  0  0
32.25  3.01593  0  0
32.25  3.04734  0  0
32.25  3.07876  0  0
32.25  3.11018  0  0
32.5  0  0  0
32.5  0.0314159  0  0
32.5  0.0628319  0  0
32.5  0.0942478  0  0
32.5  0.125664  0  0
32.5  0.15708  0  0
32.5  0.188496  25  5
32.5  0.219911  40  6.32456
32.5  0.251327  33.3333  5.7735
32.5  0.282743  91.6667  9.57427
32.5  0.314159  62.5  7.90569
32.5  0.345575  73.3333  8.56349
32.5  0.376991  68.75  8.29156
32.5  0.408407  88.8889  9.42809
32.5  0.439823  76.1905  8.72872
32.5  0.471239  84.8485  9.21132
32.5  0.502655  89.6552  9.46864
32.5  0.534071  76.6667  8.75595
32.5  0.565487  94.7368  9.73329
32.5  0.596903  88.0952  9.38591
32.5  0.628319  81.8182  9.04534
32.5  0.659734  96  9.79796
32.5  0.69115  81.6667  9.03696
32.5  0.722566  94.5455  9.72345
32.5  0.753982  95.1613  9.75506
32.5  0.785398  86.3014  9.28985
32.5  0.816814  94.8718  9.74022
32.5  0.84823  92.9412  9.6406
32.5  0.879646  97.5904  9.87878
32.5  0.911062  92.5373  9.61963
32.5  0.942478  94.186  9.70495
32.5  0.973894  90.3226  9.50382
32.5  1.00531  92.3077  9.60769
32.5  1.03673  95.2941  9.76187
32.5  1.06814  91.0448  9.54174
32.5  1.09956  95.8333  9.78945
32.5  1.13097  94.6667  9.72968
32.5  1.16239  94.2029  9.70582
32.5  1.19381  93.4211  9.66546
32.5  1.22522  93.9024  9.69033
32.5  1.25664  96  9.79796
32.5  1.28805  93.1507  9.65146
32.5  1.31947  98.4615  9.92278
32.5  1.35088  98.2456  9.91189
32.5  1.3823  100  10
32.5  1.41372  100  10
32.5  1.44513  100  10
32.5  1.47655  100  10
32.5  1.50796  100  10
32.5  1.53938  100  10
32.5  1.5708  100  10
32.5  1.60221  100  10
32.5  1.63363  98.6667  9.93311
32.5  1.66504  96.9697  9.84732
32.5  1.69646  98.4127  9.92032
32.5  1.72788  98.5507  9.92727
32.5  1.75929  95  9.74679
32.5  1.79071  100  10
32.5  1.82212  98.2456  9.91189
32.5  1.85354  98.2759  9.91342
32.5  1.88496  100  10
32.5  1.91637  100  10
32.5  1.94779  96.8254  9.83999
32.5  1.9792  100  10
32.5  2.01062  97.1014  9.85401
32.5  2.04204  97.3333  9.86577
32.5  2.07345  95  9.74679
32.5  2.10487  95.1613  9.75506
32.5  2.13628  95.4545  9.77008
32.5  2.1677  90  9.48683
32.5  2.19911  91.5493  9.56814
32.5  2.23053  92.0455  9.59403
32.5  2.26195  93.2692  9.6576
32.5  2.29336  88.8889  9.42809
32.5  2.32478  92.3077  9.60769
32.5  2.35619  92.2078  9.60249
32.5  2.38761  84.2857  9.18073
32.5  2.41903  92.1875  9.60143
32.5  2.45044  87.6923  9.36442
32.5  2.48186  91.9355  9.5883
32.5  2.51327  86  9.27362
32.5  2.54469  82.8571  9.10259
32.5  2.57611  81.25  9.01388
32.5  2.60752  80  8.94427
32.5  2.63894  83.3333  9.12871
32.5  2.67035  70.5882  8.40168
32.5  2.70177  50  7.07107
32.5  2.73319  80  8.94427
32.5  2.7646  58.3333  7.63763
32.5  2.79602  73.6842  8.58395
32.5  2.82743  30  5.47723
32.5  2.85885  50  7.07107
32.5  2.89027  25  5
32.5  2.92168  20  4.47214
32.5  2.9531  0  0
32.5  2.98451  0  0
32.5  3.01593  0  0
32.5  3.04734  0  0
32.5  3.07876  0  0
32.5  3.11018  0  0
32.75  0  0  0
32.75  0.0314159  0  0
32.75  0.0628319  0  0
32.75  0.0942478  0  0
32.75  0.125664  0  0
32.75  0.15708  0  0
32.75  0.188496  0  0
32.75  0.219911  44.4444  6.66667
32.75  0.251327  71.4286  8.45154
32.75  0.282743  66.6667  8.16497
32.75  0.314159  72.7273  8.52803
32.75  0.345575  80  8.94427
32.75  0.376991  87.5  9.35414
32.75  0.408407  84.2105  9.17663
32.75  0.439823  80  8.94427
32.75  0.471239  78.2609  8.84652
32.75  0.502655  75  8.66025
32.75  0.534071  84.8485  9.21132
32.75  0.565487  97.2222  9.86013
32.75  0.596903  92.6829  9.6272
32.75  0.628319  85.1852  9.22958
32.75  0.659734  88.2353  9.39336
32.75  0.69115  86.8852  9.32123
32.75  0.722566  88.5714  9.41124
32.75  0.753982  89.7059  9.47132
32.75  0.785398  88.8889  9.42809
32.75  0.816814  91.5663  9.56903
32.75  0.84823  94.3182  9.71175
32.75  0.879646  96.4706  9.82194
32.75  0.911062  95.9184  9.79379
32.75  0.942478  93.1818  9.65307
32.75  0.973894  95.7895  9.78721
32.75  1.00531  95  9.74679
32.75  1.03673  95.9459  9.7952
32.75  1.06814  96.6667  9.83192
32.75  1.09956  98.4127  9.92032
32.75  1.13097  92.1875  9.60143
32.75  1.16239  95.5882  9.77692
32.75  1.19381  100  10
32.75  1.22522  100  10
32.75  1.25664  100  10
32.75  1.28805  96.4912  9.82299
32.75  1.31947  98.6111  9.93031
32.75  1.35088  97.2603  9.86206
32.75  1.3823  100  10
32.75  1.41372  98.3871  9.91903
32.75  1.44513  98.4615  9.92278
32.75  1.47655  100  10
32.75  1.50796  98.3607  9.91769
32.75  1.53938  100  10
32.75  1.5708  100  10
32.75  1.60221  100  10
32.75  1.63363  100  10
32.75  1.66504  100  10
32.75  1.69646  100  10
32.75  1.72788  97.2222  9.86013
32.75  1.75929  96.0526  9.80064
32.75  1.79071  98.4375  9.92157
32.75  1.82212  98.6667  9.93311
32.75  1.85354  97.0588  9.85184
32.75  1.88496  95.7746  9.78645
32.75  1.91637  96.7213  9.8347
32.75  1.94779  97.2973  9.86394
32.75  1.9792  96.8254  9.83999
32.75  2.01062  98.6301  9.93127
32.75  2.04204  95  9.74679
32.75  2.07345  95.8333  9.78945
32.75  2.10487  91.5789  9.56969
32.75  2.13628  93.4066  9.66471
32.75  2.1677  89.2857  9.44911
32.75  2.19911  97.1154  9.85471
32.75  2.23053  95  9.74679
32.75  2.26195  92.6829  9.6272
32.75  2.29336  88.8889  9.42809
32.75  2.32478  91.8605  9.58439
32.75  2.35619  86.0759  9.27771
32.75  2.38761  86.1538  9.28191
32.75  2.41903  90.4762  9.5119
32.75  2.45044  85.9375  9.27025
32.75  2.48186  94.2308  9.70725
32.75  2.51327  84.7826  9.20775
32.75  2.54469  77.7778  8.81917
32.75  2.57611  71.875  8.47791
32.75  2.60752  88.4615  9.4054
32.75  2.63894  75  8.66025
32.75  2.67035  75  8.66025
32.75  2.70177  73.913  8.59727
32.75  2.73319  90.9091  9.53463
32.75  2.7646  58.3333  7.63763
32.75  2.79602  53.8462  7.33799
32.75  2.82743  20  4.47214
32.75  2.85885  25  5
32.75  2.89027  0  0
32.75  2.92168  14.2857  3.77964
32.75  2.9531  0  0
32.75  2.98451  0  0
32.75  3.01593  0  0
32.75  3.04734  0  0
32.75  3.07876  0  0
32.75  3.11018  0  0
33  0  0  0
33  0.0314159  0  0
33  0.0628319  0  0
33  0.0942478  0  0
33  0.125664  0  0
33  0.15708  0  0
33  0.188496  20  4.47214
33  0.219911  22.2222  4.71405
33  0.251327  85.7143  9.2582
33  0.282743  58.8235  7.66965
33  0.314159  70  8.3666
33  0.345575  63.1579  7.94719
33  0.376991  65  8.06226
33  0.408407  68.1818  8.25723
33  0.439823  89.4737  9.45905
33  0.471239  100  10
33  0.502655  87.1795  9.337
33  0.534071  82.6087  9.08893
33  0.565487  86.4865  9.29981
33  0.596903  86  9.27362
33  0.628319  91.6667  9.57427
33  0.659734  80.9524  8.99735
33  0.69115  88.8889  9.42809
33  0.722566  89.7059  9.47132
33  0.753982  87.6712  9.36329
33  0.785398  85.5422  9.2489
33  0.816814  96.1039  9.80326
33  0.84823  92.9293  9.63998
33  0.879646  92.9688  9.64203
33  0.911062  96.6292  9.83002
33  0.942478  93.0693  9.64724
33  0.973894  93.6842  9.67906
33  1.00531  89.8734  9.48016
33  1.03673  88.7324  9.41979
33  1.06814  97.2973  9.86394
33  1.09956  96.0526  9.80064
33  1.13097  92.3077  9.60769
33  1.16239  94.0299  9.6969
33  1.19381  92.8571  9.63624
33  1.22522  94.8276  9.73795
33  1.25664  98.1132  9.90521
33  1.28805  96.1538  9.80581
33  1.31947  100  10
33  1.35088  100  10
33  1.3823  98.3333  9.91632
33  1.41372  100  10
33  1.44513  100  10
33  1.47655  100  10
33  1.50796  100  10
33  1.53938  100  10
33  1.5708  100  10
33  1.60221  100  10
33  1.63363  100  10
33  1.66504  98.6111  9.93031
33  1.69646  100  10
33  1.72788  97.1831  9.85815
33  1.75929  100  10
33  1.79071  95.3125  9.76281
33  1.82212  100  10
33  1.85354  97.1429  9.85611
33  1.88496  97.4684  9.87261
33  1.91637  96  9.79796
33  1.94779  100  10
33  1.9792  93.0556  9.64653
33  2.01062  98.7179  9.93569
33  2.04204  97.5  9.87421
33  2.07345  95.3846  9.7665
33  2.10487  97  9.84886
33  2.13628  94.4444  9.71825
33  2.1677  98.8636  9.94302
33  2.19911  91.5663  9.56903
33  2.23053  95.5056  9.7727
33  2.26195  91.6667  9.57427
33  2.29336  91.5663  9.56903
33  2.32478  91.0256  9.54074
33  2.35619  88.5714  9.41124
33  2.38761  93.75  9.68246
33  2.41903  84.9057  9.21443
33  2.45044  80  8.94427
33  2.48186  86.8421  9.31891
33  2.51327  77.5  8.80341
33  2.54469  82.7586  9.09718
33  2.57611  86.4865  9.29981
33  2.60752  87.5  9.35414
33  2.63894  78.5714  8.86405
33  2.67035  77.7778  8.81917
33  2.70177  69.5652  8.34058
33  2.73319  75  8.66025
33  2.7646  88.2353  9.39336
33  2.79602  61.5385  7.84465
33  2.82743  78.5714  8.86405
33  2.85885  55.5556  7.45356
33  2.89027  40  6.32456
33  2.92168  12.5  3.53553
33  2.9531  0  0
33  2.98451  0  0
33  3.01593  0  0
33  3.04734  0  0
33  3.07876  0  0
33  3.11018  0  0
33.25  0  0  0
33.25  0.0314159  0  0
33.25  0.0628319  0  0
33.25  0.0942478  0  0
33.25  0.125664  0  0
33.25  0.15708  0  0
33.25  0.188496  11.1111  3.33333
33.25  0.219911  33.3333  5.7735
33.25  0.251327  40  6.32456
33.25  0.282743  64.2857  8.01784
33.25  0.314159  75  8.66025
33.25  0.345575  64.2857  8.01784
33.25  0.376991  72.7273  8.52803
33.25  0.408407  77.2727  8.79049
33.25  0.439823  79.3103  8.90564
33.25  0.471239  93.1034  9.64901
33.25  0.502655  78.7879  8.87625
33.25  0.534071  82.5  9.08295
33.25  0.565487  79.3103  8.90564
33.25  0.596903  82.2222  9.06765
33.25  0.628319  83.7838  9.15335
33.25  0.659734  89.1304  9.44089
33.25  0.69115  88.5714  9.41124
33.25  0.722566  94.5205  9.72217
33.25  0.753982  90.2439  9.49968
33.25  0.785398  83.7838  9.15335
33.25  0.816814  92.6316  9.62453
33.25  0.84823  87.9518  9.37826
33.25  0.879646  92.8571  9.63624
33.25  0.911062  95.4023  9.76741
33.25  0.942478  92.6316  9.62453
33.25  0.973894  90.6667  9.5219
33.25  1.00531  92.8571  9.63624
33.25  1.03673  94.8052  9.7368
33.25  1.06814  95.5882  9.77692
33.25  1.09956  97.619  9.88024
33.25  1.13097  97.4026  9.86928
33.25  1.16239  97.1429  9.85611
33.25  1.19381  94.5205  9.72217
33.25  1.22522  96.1039  9.80326
33.25  1.25664  100  10
33.25  1.28805  97.1014  9.85401
33.25  1.31947  100  10
33.25  1.35088  98.3871  9.91903
33.25  1.3823  100  10
33.25  1.41372  100  10
33.25  1.44513  96.8254  9.83999
33.25  1.47655  100  10
33.25  1.50796  100  10
33.25  1.53938  100  10
33.25  1.5708  100  10
33.25  1.60221  100  10
33.25  1.63363  100  10
33.25  1.66504  98.5294  9.9262
33.25  1.69646  98.1132  9.90521
33.25  1.72788  100  10
33.25  1.75929  100  10
33.25  1.79071  98.2143  9.91031
33.25  1.82212  94.4444  9.71825
33.25  1.85354  98.3051  9.91489
33.25  1.88496  98.4848  9.92395
33.25  1.91637  98.5294  9.9262
33.25  1.94779  91.5493  9.56814
33.25  1.9792  97.1014  9.85401
33.25  2.01062  98.3871  9.91903
33.25  2.04204  90.9091  9.53463
33.25  2.07345  94.5946  9.72598
33.25  2.10487  93.1034  9.64901
33.25  2.13628  92.9577  9.64146
33.25  2.1677  93.4211  9.66546
33.25  2.19911  92.9412  9.6406
33.25  2.23053  92.1569  9.59984
33.25  2.26195  90.7692  9.52729
33.25  2.29336  92.381  9.6115
33.25  2.32478  85.3933  9.24085
33.25  2.35619  90.5405  9.51528
33.25  2.38761  86.2069  9.28477
33.25  2.41903  96.2963  9.81307
33.25  2.45044  90.6667  9.5219
33.25  2.48186  90.566  9.51662
33.25  2.51327  86.6667  9.30949
33.25  2.54469  86.6667  9.30949
33.25  2.57611  91.6667  9.57427
33.25  2.60752  64  8
33.25  2.63894  84.6154  9.19866
33.25  2.67035  73.6842  8.58395
33.25  2.70177  88.8889  9.42809
33.25  2.73319  83.3333  9.12871
33.25  2.7646  85.7143  9.2582
33.25  2.79602  76.9231  8.77058
33.25  2.82743  53.8462  7.33799
33.25  2.85885  80  8.94427
33.25  2.89027  12.5  3.53553
33.25  2.92168  0  0
33.25  2.9531  0  0
33.25  2.98451  0  0
33.25  3.01593  0  0
33.25  3.04734  0  0
33.25  3.07876  0  0
33.25  3.11018  0  0
33.5  0  0  0
33.5  0.0314159  0  0
33.5  0.0628319  0  0
33.5  0.0942478  0  0
33.5  0.125664  0  0
33.5  0.15708  0  0
33.5  0.188496  22.2222  4.71405
33.5  0.219911  0  0
33.5  0.251327  62.5  7.90569
33.5  0.282743  77.7778  8.81917
33.5  0.314159  50  7.07107
33.5  0.345575  46.6667  6.8313
33.5  0.376991  82.3529  9.07485
33.5  0.408407  68.1818  8.25723
33.5  0.439823  88  9.38083
33.5  0.471239  80  8.94427
33.5  0.502655  86.6667  9.30949
33.5  0.534071  77.7778  8.81917
33.5  0.565487  88.2353  9.39336
33.5  0.596903  85  9.21954
33.5  0.628319  81.0811  9.0045
33.5  0.659734  84.4444  9.18937
33.5  0.69115  91.3043  9.55533
33.5  0.722566  81.8182  9.04534
33.5  0.753982  90.1235  9.49334
33.5  0.785398  92.5926  9.6225
33.5  0.816814  88.8889  9.42809
33.5  0.84823  94.5652  9.72446
33.5  0.879646  93.3333  9.66092
33.5  0.911062  92.0792  9.59579
33.5  0.942478  94.5055  9.72139
33.5  0.973894  95.7895  9.78721
33.5  1.00531  94.4444  9.71825
33.5  1.03673  95.0617  9.74996
33.5  1.06814  95.1807  9.75606
33.5  1.09956  100  10
33.5  1.13097  97.2973  9.86394
33.5  1.16239  97.5  9.87421
33.5  1.19381  98.4127  9.92032
33.5  1.22522  95.5224  9.77356
33.5  1.25664  98.4848  9.92395
33.5  1.28805  98.5294  9.9262
33.5  1.31947  100  10
33.5  1.35088  98.2456  9.91189
33.5  1.3823  100  10
33.5  1.41372  98.75  9.9373
33.5  1.44513  100  10
33.5  1.47655  98.1132  9.90521
33.5  1.50796  100  10
33.5  1.53938  100  10
33.5  1.5708  100  10
33.5  1.60221  100  10
33.5  1.63363  100  10
33.5  1.66504  98.3607  9.91769
33.5  1.69646  98.6111  9.93031
33.5  1.72788  96.4912  9.82299
33.5  1.75929  98.3051  9.91489
33.5  1.79071  97.0588  9.85184
33.5  1.82212  98.7013  9.93485
33.5  1.85354  96.9697  9.84732
33.5  1.88496  94.0299  9.6969
33.5  1.91637  96.2025  9.80829
33.5  1.94779  98.5507  9.92727
33.5  1.9792  100  10
33.5  2.01062  100  10
33.5  2.04204  91.25  9.55249
33.5  2.07345  93.1507  9.65146
33.5  2.10487  94.7368  9.73329
33.5  2.13628  91.7526  9.57876
33.5  2.1677  92.3913  9.61204
33.5  2.19911  97.0588  9.85184
33.5  2.23053  94  9.69536
33.5  2.26195  89.5349  9.46229
33.5  2.29336  91.7647  9.57939
33.5  2.32478  93.1818  9.65307
33.5  2.35619  90.625  9.51972
33.5  2.38761  90.9091  9.53463
33.5  2.41903  95.5882  9.77692
33.5  2.45044  77.7778  8.81917
33.5  2.48186  86.6667  9.30949
33.5  2.51327  90.6977  9.52353
33.5  2.54469  91.4286  9.56183
33.5  2.57611  80.9524  8.99735
33.5  2.60752  83.871  9.15811
33.5  2.63894  85.7143  9.2582
33.5  2.67035  73.6842  8.58395
33.5  2.70177  84  9.16515
33.5  2.73319  60  7.74597
33.5  2.7646  76.9231  8.77058
33.5  2.79602  62.5  7.90569
33.5  2.82743  77.7778  8.81917
33.5  2.85885  50  7.07107
33.5  2.89027  42.8571  6.54654
33.5  2.92168  50  7.07107
33.5  2.9531  0  0
33.5  2.98451  0  0
33.5  3.01593  0  0
33.5  3.04734  0  0
33.5  3.07876  0  0
33.5  3.11018  0  0
33.75  0  0  0
33.75  0.0314159  0  0
33.75  0.0628319  0  0
33.75  0.0942478  0  0
33.75  0.125664  0  0
33.75  0.15708  0  0
33.75  0.188496  0  0
33.75  0.219911  50  7.07107
33.75  0.251327  100  10
33.75  0.282743  57.1429  7.55929
33.75  0.314159  76.9231  8.77058
33.75  0.345575  93.3333  9.66092
33.75  0.376991  70.5882  8.40168
33.75  0.408407  76.4706  8.74475
33.75  0.439823  80.9524  8.99735
33.75  0.471239  84  9.16515
33.75  0.502655  86.6667  9.30949
33.75  0.534071  87.5  9.35414
33.75  0.565487  92.3077  9.60769
33.75  0.596903  91.3043  9.55533
33.75  0.628319  83.6364  9.14529
33.75  0.659734  90.9091  9.53463
33.75  0.69115  93.4783  9.66842
33.75  0.722566  86.4198  9.29622
33.75  0.753982  90.6667  9.5219
33.75  0.785398  87.3563  9.34646
33.75  0.816814  90.3614  9.50586
33.75  0.84823  95.8763  9.79164
33.75  0.879646  87.3684  9.34711
33.75  0.911062  96.5909  9.82807
33.75  0.942478  93.0233  9.64486
33.75  0.973894  94.186  9.70495
33.75  1.00531  96.2025  9.80829
33.75  1.03673  94.8718  9.74022
33.75  1.06814  96.1538  9.80581
33.75  1.09956  98.5075  9.92509
33.75  1.13097  93.4066  9.66471
33.75  1.16239  94.2029  9.70582
33.75  1.19381  98.3333  9.91632
33.75  1.22522  96.2963  9.81307
33.75  1.25664  96.875  9.84251
33.75  1.28805  98.3333  9.91632
33.75  1.31947  98.6667  9.93311
33.75  1.35088  100  10
33.75  1.3823  98.4615  9.92278
33.75  1.41372  98.3607  9.91769
33.75  1.44513  97.1014  9.85401
33.75  1.47655  100  10
33.75  1.50796  100  10
33.75  1.53938  100  10
33.75  1.5708  100  10
33.75  1.60221  100  10
33.75  1.63363  100  10
33.75  1.66504  100  10
33.75  1.69646  100  10
33.75  1.72788  100  10
33.75  1.75929  96.6667  9.83192
33.75  1.79071  98.3333  9.91632
33.75  1.82212  98.2759  9.91342
33.75  1.85354  100  10
33.75  1.88496  98.3871  9.91903
33.75  1.91637  96.875  9.84251
33.75  1.94779  97.5  9.87421
33.75  1.9792  97.2973  9.86394
33.75  2.01062  98.7342  9.93651
33.75  2.04204  95.1807  9.75606
33.75  2.07345  96.7033  9.83378
33.75  2.10487  97.1014  9.85401
33.75  2.13628  96  9.79796
33.75  2.1677  95.2381  9.759
33.75  2.19911  91.4286  9.56183
33.75  2.23053  97.0874  9.85329
33.75  2.26195  89.6552  9.46864
33.75  2.29336  92.3913  9.61204
33.75  2.32478  96.1538  9.80581
33.75  2.35619  89.8551  9.47919
33.75  2.38761  91.8033  9.5814
33.75  2.41903  89.1304  9.44089
33.75  2.45044  86.2745  9.28841
33.75  2.48186  88.8889  9.42809
33.75  2.51327  86.2069  9.28477
33.75  2.54469  93.9394  9.69223
33.75  2.57611  81.8182  9.04534
33.75  2.60752  85.7143  9.2582
33.75  2.63894  81.8182  9.04534
33.75  2.67035  85.7143  9.2582
33.75  2.70177  69.2308  8.3205
33.75  2.73319  72  8.48528
33.75  2.7646  75  8.66025
33.75  2.79602  61.5385  7.84465
33.75  2.82743  72.2222  8.49837
33.75  2.85885  33.3333  5.7735
33.75  2.89027  44.4444  6.66667
33.75  2.92168  0  0
33.75  2.9531  0  0
33.75  2.98451  0  0
33.75  3.01593  0  0
33.75  3.04734  0  0
33.75  3.07876  0  0
33.75  3.11018  0  0
34  0  0  0
34  0.0314159  0  0
34  0.0628319  0  0
34  0.0942478  0  0
34  0.125664  0  0
34  0.15708  0  0
34  0.188496  14.2857  3.77964
34  0.219911  20  4.47214
34  0.251327  66.6667  8.16497
34  0.282743  60  7.74597
34  0.314159  70.5882  8.40168
34  0.345575  73.3333  8.56349
34  0.376991  66.6667  8.16497
34  0.408407  84.6154  9.19866
34  0.439823  80.7692  8.98717
34  0.471239  76  8.7178
34  0.502655  77.4194  8.79883
34  0.534071  74.1935  8.61357
34  0.565487  87.5  9.35414
34  0.596903  80  8.94427
34  0.628319  92.8571  9.63624
34  0.659734  90.1639  9.49547
34  0.69115  93.617  9.67559
34  0.722566  88  9.38083
34  0.753982  81.4815  9.02671
34  0.785398  92.7711  9.63177
34  0.816814  86.0215  9.27478
34  0.84823  95.7447  9.78492
34  0.879646  89.8876  9.48091
34  0.911062  95.2941  9.76187
34  0.942478  97.8261  9.89071
34  0.973894  93.9759  9.69412
34  1.00531  98  9.89949
34  1.03673  97.7011  9.88439
34  1.06814  94.3662  9.71423
34  1.09956  97.1831  9.85815
34  1.13097  98.3051  9.91489
34  1.16239  98.3051  9.91489
34  1.19381  92.8571  9.63624
34  1.22522  100  10
34  1.25664  98.4375  9.92157
34  1.28805  98.6111  9.93031
34  1.31947  95.6522  9.78019
34  1.35088  95.7143  9.78337
34  1.3823  96.5517  9.82607
34  1.41372  98.4375  9.92157
34  1.44513  100  10
34  1.47655  100  10
34  1.50796  100  10
34  1.53938  100  10
34  1.5708  100  10
34  1.60221  100  10
34  1.63363  100  10
34  1.66504  100  10
34  1.69646  98.5294  9.9262
34  1.72788  98.4375  9.92157
34  1.75929  98.3871  9.91903
34  1.79071  100  10
34  1.82212  95.7143  9.78337
34  1.85354  98.5294  9.9262
34  1.88496  100  10
34  1.91637  98.5915  9.92933
34  1.94779  100  10
34  1.9792  96.8254  9.83999
34  2.01062  94.2529  9.70839
34  2.04204  92.4242  9.61375
34  2.07345  95  9.74679
34  2.10487  94.8718  9.74022
34  2.13628  94.0299  9.6969
34  2.1677  93.9759  9.69412
34  2.19911  90.8163  9.52976
34  2.23053  90.9091  9.53463
34  2.26195  87.3418  9.34568
34  2.29336  94.3182  9.71175
34  2.32478  95.3488  9.76467
34  2.35619  90.5405  9.51528
34  2.38761  86.2069  9.28477
34  2.41903  83.871  9.15811
34  2.45044  88  9.38083
34  2.48186  82.5  9.08295
34  2.51327  82.9268  9.10642
34  2.54469  91.8367  9.58315
34  2.57611  79.3103  8.90564
34  2.60752  88.2353  9.39336
34  2.63894  76.1905  8.72872
34  2.67035  73.0769  8.5485
34  2.70177  88  9.38083
34  2.73319  76.4706  8.74475
34  2.7646  53.3333  7.30297
34  2.79602  88.8889  9.42809
34  2.82743  62.5  7.90569
34  2.85885  22.2222  4.71405
34  2.89027  16.6667  4.08248
34  2.92168  0  0
34  2.9531  0  0
34  2.98451  0  0
34  3.01593  0  0
34  3.04734  0  0
34  3.07876  0  0
34  3.11018  0  0
34.25  0  0  0
34.25  0.0314159  0  0
34.25  0.0628319  0  0
34.25  0.0942478  0  0
34.25  0.125664  0  0
34.25  0.15708  0  0
34.25  0.188496  0  0
34.25  0.219911  45.4545  6.742
34.25  0.251327  62.5  7.90569
34.25  0.282743  66.6667  8.16497
34.25  0.314159  72.2222  8.49837
34.25  0.345575  60  7.74597
34.25  0.376991  78.2609  8.84652
34.25  0.408407  75  8.66025
34.25  0.439823  82.1429  9.06327
34.25  0.471239  89.6552  9.46864
34.25  0.502655  81.5789  9.03211
34.25  0.534071  88  9.38083
34.25  0.565487  86.1111  9.27961
34.25  0.596903  86.4865  9.29981
34.25  0.628319  89.2857  9.44911
34.25  0.659734  93.8776  9.68904
34.25  0.69115  90.3846  9.50708
34.25  0.722566  92.9825  9.64274
34.25  0.753982  92.9577  9.64146
34.25  0.785398  90.625  9.51972
34.25  0.816814  90.566  9.51662
34.25  0.84823  88.8889  9.42809
34.25  0.879646  91.2621  9.55312
34.25  0.911062  92.8571  9.63624
34.25  0.942478  92.5  9.61769
34.25  0.973894  97  9.84886
34.25  1.00531  97.6471  9.88165
34.25  1.03673  98.913  9.9455
34.25  1.06814  92.9577  9.64146
34.25  1.09956  97.2222  9.86013
34.25  1.13097  93.9024  9.69033
34.25  1.16239  95.4545  9.77008
34.25  1.19381  96.0784  9.80196
34.25  1.22522  98.2143  9.91031
34.25  1.25664  98.5075  9.92509
34.25  1.28805  100  10
34.25  1.31947  98.4375  9.92157
34.25  1.35088  100  10
34.25  1.3823  100  10
34.25  1.41372  95.7746  9.78645
34.25  1.44513  100  10
34.25  1.47655  100  10
34.25  1.50796  100  10
34.25  1.53938  100  10
34.25  1.5708  100  10
34.25  1.60221  100  10
34.25  1.63363  100  10
34.25  1.66504  100  10
34.25  1.69646  98.6301  9.93127
34.25  1.72788  95.4545  9.77008
34.25  1.75929  96  9.79796
34.25  1.79071  100  10
34.25  1.82212  96.875  9.84251
34.25  1.85354  98.3607  9.91769
34.25  1.88496  97.561  9.8773
34.25  1.91637  94.7368  9.73329
34.25  1.94779  94.2857  9.71008
34.25  1.9792  95.9459  9.7952
34.25  2.01062  97.1429  9.85611
34.25  2.04204  97.5  9.87421
34.25  2.07345  94.3662  9.71423
34.25  2.10487  95.2941  9.76187
34.25  2.13628  97.6471  9.88165
34.25  2.1677  90.3614  9.50586
34.25  2.19911  91.8605  9.58439
34.25  2.23053  94.2308  9.70725
34.25  2.26195  94.8454  9.73886
34.25  2.29336  92.9577  9.64146
34.25  2.32478  90.2174  9.49828
34.25  2.35619  93.3333  9.66092
34.25  2.38761  94.0299  9.6969
34.25  2.41903  84.3137  9.18225
34.25  2.45044  95.9184  9.79379
34.25  2.48186  90.9091  9.53463
34.25  2.51327  90.2439  9.49968
34.25  2.54469  86.6667  9.30949
34.25  2.57611  82.0513  9.05822
34.25  2.60752  87.0968  9.33257
34.25  2.63894  88.8889  9.42809
34.25  2.67035  69.2308  8.3205
34.25  2.70177  92.8571  9.63624
34.25  2.73319  77.7778  8.81917
34.25  2.7646  64.2857  8.01784
34.25  2.79602  73.3333  8.56349
34.25  2.82743  37.5  6.12372
34.25  2.85885  50  7.07107
34.25  2.89027  27.2727  5.22233
34.25  2.92168  20  4.47214
34.25  2.9531  0  0
34.25  2.98451  0  0
34.25  3.01593  0  0
34.25  3.04734  0  0
34.25  3.07876  0  0
34.25  3.11018  0  0
34.5  0  0  0
34.5  0.0314159  0  0
34.5  0.0628319  0  0
34.5  0.0942478  0  0
34.5  0.125664  0  0
34.5  0.15708  0  0
34.5  0.188496  20  4.47214
34.5  0.219911  30  5.47723
34.5  0.251327  25  5
34.5  0.282743  55  7.4162
34.5  0.314159  60  7.74597
34.5  0.345575  61.9048  7.86796
34.5  0.376991  58.8235  7.66965
34.5  0.408407  69.2308  8.3205
34.5  0.439823  81.25  9.01388
34.5  0.471239  95.6522  9.78019
34.5  0.502655  80.9524  8.99735
34.5  0.534071  84.8485  9.21132
34.5  0.565487  82.8571  9.10259
34.5  0.596903  91.3043  9.55533
34.5  0.628319  78.3784  8.85316
34.5  0.659734  86  9.27362
34.5  0.69115  78.5714  8.86405
34.5  0.722566  92.1569  9.59984
34.5  0.753982  88.6076  9.41316
34.5  0.785398  93.8272  9.68644
34.5  0.816814  95.3488  9.76467
34.5  0.84823  92.6471  9.62533
34.5  0.879646  93.2692  9.6576
34.5  0.911062  90.4762  9.5119
34.5  0.942478  89.5349  9.46229
34.5  0.973894  94.3182  9.71175
34.5  1.00531  93.4211  9.66546
34.5  1.03673  95.7143  9.78337
34.5  1.06814  93.8462  9.68742
34.5  1.09956  98.75  9.9373
34.5  1.13097  98.6111  9.93031
34.5  1.16239  100  10
34.5  1.19381  98.1818  9.90867
34.5  1.22522  95.7746  9.78645
34.5  1.25664  93.9394  9.69223
34.5  1.28805  95.1613  9.75506
34.5  1.31947  97.0588  9.85184
34.5  1.35088  98.4375  9.92157
34.5  1.3823  98.3051  9.91489
34.5  1.41372  95.3846  9.7665
34.5  1.44513  100  10
34.5  1.47655  98.4615  9.92278
34.5  1.50796  98.5714  9.92831
34.5  1.53938  100  10
34.5  1.5708  100  10
34.5  1.60221  98.6486  9.9322
34.5  1.63363  100  10
34.5  1.66504  100  10
34.5  1.69646  96.9697  9.84732
34.5  1.72788  98.3871  9.91903
34.5  1.75929  93.617  9.67559
34.5  1.79071  97.1014  9.85401
34.5  1.82212  95.7746  9.78645
34.5  1.85354  98.7805  9.93884
34.5  1.88496  98.5075  9.92509
34.5  1.91637  96.8254  9.83999
34.5  1.94779  98.3871  9.91903
34.5  1.9792  98.7179  9.93569
34.5  2.01062  94.6667  9.72968
34.5  2.04204  97.4026  9.86928
34.5  2.07345  95.8333  9.78945
34.5  2.10487  96.4286  9.81981
34.5  2.13628  93.5897  9.67418
34.5  2.1677  94.382  9.71504
34.5  2.19911  96.3855  9.81761
34.5  2.23053  95.6989  9.78258
34.5  2.26195  90.9091  9.53463
34.5  2.29336  93.4066  9.66471
34.5  2.32478  91.5663  9.56903
34.5  2.35619  94.3662  9.71423
34.5  2.38761  95.8904  9.79236
34.5  2.41903  89.3617  9.45313
34.5  2.45044  84.3137  9.18225
34.5  2.48186  89.7436  9.47331
34.5  2.51327  83.7838  9.15335
34.5  2.54469  65.2174  8.07573
34.5  2.57611  92.6829  9.6272
34.5  2.60752  80.9524  8.99735
34.5  2.63894  82.7586  9.09718
34.5  2.67035  91.6667  9.57427
34.5  2.70177  66.6667  8.16497
34.5  2.73319  88.2353  9.39336
34.5  2.7646  69.2308  8.3205
34.5  2.79602  50  7.07107
34.5  2.82743  55.5556  7.45356
34.5  2.85885  25  5
34.5  2.89027  60  7.74597
34.5  2.92168  0  0
34.5  2.9531  0  0
34.5  2.98451  0  0
34.5  3.01593  0  0
34.5  3.04734  0  0
34.5  3.07876  0  0
34.5  3.11018  0  0
34.75  0  0  0
34.75  0.0314159  0  0
34.75  0.0628319  0  0
34.75  0.0942478  0  0
34.75  0.125664  0  0
34.75  0.15708  0  0
34.75  0.188496  37.5  6.12372
34.75  0.219911  37.5  6.12372
34.75  0.251327  50  7.07107
34.75  0.282743  76.4706  8.74475
34.75  0.314159  42.8571  6.54654
34.75  0.345575  84.2105  9.17663
34.75  0.376991  70.5882  8.40168
34.75  0.408407  87.5  9.35414
34.75  0.439823  75  8.66025
34.75  0.471239  82.1429  9.06327
34.75  0.502655  86.1111  9.27961
34.75  0.534071  91.3043  9.55533
34.75  0.565487  84.375  9.18559
34.75  0.596903  88.0952  9.38591
34.75  0.628319  93.617  9.67559
34.75  0.659734  94.4444  9.71825
34.75  0.69115  90.7692  9.52729
34.75  0.722566  89.0625  9.43729
34.75  0.753982  97.1429  9.85611
34.75  0.785398  87.9121  9.37614
34.75  0.816814  95.4023  9.76741
34.75  0.84823  90.5882  9.51779
34.75  0.879646  93.0693  9.64724
34.75  0.911062  96.8085  9.83913
34.75  0.942478  97  9.84886
34.75  0.973894  93.4783  9.66842
34.75  1.00531  93.75  9.68246
34.75  1.03673  92.5  9.61769
34.75  1.06814  95.8333  9.78945
34.75  1.09956  97.5  9.87421
34.75  1.13097  98.5507  9.92727
34.75  1.16239  96.7742  9.83739
34.75  1.19381  92.9825  9.64274
34.75  1.22522  96.7742  9.83739
34.75  1.25664  97.5  9.87421
34.75  1.28805  95.8904  9.79236
34.75  1.31947  97.5  9.87421
34.75  1.35088  100  10
34.75  1.3823  100  10
34.75  1.41372  98.5075  9.92509
34.75  1.44513  98.5294  9.9262
34.75  1.47655  100  10
34.75  1.50796  100  10
34.75  1.53938  100  10
34.75  1.5708  100  10
34.75  1.60221  100  10
34.75  1.63363  98.4615  9.92278
34.75  1.66504  98.5075  9.92509
34.75  1.69646  100  10
34.75  1.72788  96.875  9.84251
34.75  1.75929  98.3333  9.91632
34.75  1.79071  95.082  9.751
34.75  1.82212  94.7368  9.73329
34.75  1.85354  92.6829  9.6272
34.75  1.88496  96.9697  9.84732
34.75  1.91637  97.5  9.87421
34.75  1.94779  98.4127  9.92032
34.75  1.9792  95.9459  9.7952
34.75  2.01062  91.5493  9.56814
34.75  2.04204  96  9.79796
34.75  2.07345  96.5116  9.82403
34.75  2.10487  92  9.59166
34.75  2.13628  96.5116  9.82403
34.75  2.1677  92.6606  9.62604
34.75  2.19911  90.8163  9.52976
34.75  2.23053  91.3043  9.55533
34.75  2.26195  92.4528  9.61524
34.75  2.29336  91.6667  9.57427
34.75  2.32478  92.6829  9.6272
34.75  2.35619  84.0426  9.16747
34.75  2.38761  90.9091  9.53463
34.75  2.41903  88.4615  9.4054
34.75  2.45044  84.0909  9.17011
34.75  2.48186  77.7778  8.81917
34.75  2.51327  75.6098  8.69539
34.75  2.54469  86.0465  9.27613
34.75  2.57611  84.8485  9.21132
34.75  2.60752  85.2941  9.23548
34.75  2.63894  83.3333  9.12871
34.75  2.67035  71.875  8.47791
34.75  2.70177  86.3636  9.2932
34.75  2.73319  64.2857  8.01784
34.75  2.7646  90.9091  9.53463
34.75  2.79602  76.4706  8.74475
34.75  2.82743  80  8.94427
34.75  2.85885  58.3333  7.63763
34.75  2.89027  57.1429  7.55929
34.75  2.92168  33.3333  5.7735
34.75  2.9531  0  0
34.75  2.98451  0  0
34.75  3.01593  0  0
34.75  3.04734  0  0
34.75  3.07876  0  0
34.75  3.11018  0  0
35  0  0  0
35  0.0314159  0  0
35  0.0628319  0  0
35  0.0942478  0  0
35  0.125664  0  0
35  0.15708  0  0
35  0.188496  42.8571  6.54654
35  0.219911  50  7.07107
35  0.251327  50  7.07107
35  0.282743  70  8.3666
35  0.314159  70  8.3666
35  0.345575  73.3333  8.56349
35  0.376991  87.5  9.35414
35  0.408407  75  8.66025
35  0.439823  76.4706  8.74475
35  0.471239  89.2857  9.44911
35  0.502655  92.8571  9.63624
35  0.534071  89.1304  9.44089
35  0.565487  83.6735  9.14732
35  0.596903  84.8485  9.21132
35  0.628319  90.1961  9.49716
35  0.659734  94.3396  9.71286
35  0.69115  93.8462  9.68742
35  0.722566  92.4242  9.61375
35  0.753982  86.6667  9.30949
35  0.785398  89.4118  9.45578
35  0.816814  83.9506  9.16246
35  0.84823  94.7368  9.73329
35  0.879646  92.381  9.6115
35  0.911062  90.4255  9.50923
35  0.942478  89.5833  9.46485
35  0.973894  96  9.79796
35  1.00531  94.5055  9.72139
35  1.03673  98.7952  9.93958
35  1.06814  98.6667  9.93311
35  1.09956  97.1831  9.85815
35  1.13097  94.7368  9.73329
35  1.16239  93.75  9.68246
35  1.19381  98.6486  9.9322
35  1.22522  100  10
35  1.25664  92.5373  9.61963
35  1.28805  97.0149  9.84962
35  1.31947  100  10
35  1.35088  97.0588  9.85184
35  1.3823  98.3871  9.91903
35  1.41372  100  10
35  1.44513  100  10
35  1.47655  100  10
35  1.50796  100  10
35  1.53938  100  10
35  1.5708  100  10
35  1.60221  100  10
35  1.63363  100  10
35  1.66504  98.5915  9.92933
35  1.69646  96.4912  9.82299
35  1.72788  96.4912  9.82299
35  1.75929  98.4375  9.92157
35  1.79071  98.6667  9.93311
35  1.82212  98.3871  9.91903
35  1.85354  96.9697  9.84732
35  1.88496  100  10
35  1.91637  96.8254  9.83999
35  1.94779  98.5714  9.92831
35  1.9792  97.8261  9.89071
35  2.01062  97.3684  9.86754
35  2.04204  96.2963  9.81307
35  2.07345  95.3846  9.7665
35  2.10487  94.7368  9.73329
35  2.13628  93.5484  9.67204
35  2.1677  95  9.74679
35  2.19911  90.8163  9.52976
35  2.23053  92.5  9.61769
35  2.26195  91.0256  9.54074
35  2.29336  89.0244  9.43527
35  2.32478  85.8696  9.26658
35  2.35619  92.1053  9.59715
35  2.38761  96  9.79796
35  2.41903  81.5385  9.02986
35  2.45044  85.1852  9.22958
35  2.48186  85.7143  9.2582
35  2.51327  90.2439  9.49968
35  2.54469  83.7838  9.15335
35  2.57611  87.5  9.35414
35  2.60752  89.6552  9.46864
35  2.63894  79.1667  8.89757
35  2.67035  91.3043  9.55533
35  2.70177  68.4211  8.2717
35  2.73319  66.6667  8.16497
35  2.7646  70.5882  8.40168
35  2.79602  65  8.06226
35  2.82743  62.5  7.90569
35  2.85885  27.2727  5.22233
35  2.89027  42.8571  6.54654
35  2.92168  33.3333  5.7735
35  2.9531  0  0
35  2.98451  0  0
35  3.01593  0  0
35  3.04734  0  0
35  3.07876  0  0
35  3.11018  0  0
35.25  0  0  0
35.25  0.0314159  0  0
35.25  0.0628319  0  0
35.25  0.0942478  0  0
35.25  0.125664  0  0
35.25  0.15708  0  0
35.25  0.188496  20  4.47214
35.25  0.219911  30  5.47723
35.25  0.251327  75  8.66025
35.25  0.282743  50  7.07107
35.25  0.314159  71.4286  8.45154
35.25  0.345575  84.6154  9.19866
35.25  0.376991  80  8.94427
35.25  0.408407  75  8.66025
35.25  0.439823  90.9091  9.53463
35.25  0.471239  70.3704  8.3887
35.25  0.502655  78.2609  8.84652
35.25  0.534071  94.2857  9.71008
35.25  0.565487  83.3333  9.12871
35.25  0.596903  90.6977  9.52353
35.25  0.628319  93.1818  9.65307
35.25  0.659734  86.5385  9.30261
35.25  0.69115  92.0635  9.59497
35.25  0.722566  93.6508  9.67733
35.25  0.753982  89.8551  9.47919
35.25  0.785398  96.1538  9.80581
35.25  0.816814  91.4634  9.56365
35.25  0.84823  90.1099  9.49262
35.25  0.879646  90.7216  9.52479
35.25  0.911062  92.5532  9.62046
35.25  0.942478  86.747  9.31381
35.25  0.973894  91.1765  9.54864
35.25  1.00531  96  9.79796
35.25  1.03673  95.2941  9.76187
35.25  1.06814  93.6508  9.67733
35.25  1.09956  94.6429  9.72846
35.25  1.13097  95.3846  9.7665
35.25  1.16239  97.4026  9.86928
35.25  1.19381  93.2432  9.65625
35.25  1.22522  96.4286  9.81981
35.25  1.25664  100  10
35.25  1.28805  100  10
35.25  1.31947  95.9459  9.7952
35.25  1.35088  96.1538  9.80581
35.25  1.3823  100  10
35.25  1.41372  94.3396  9.71286
35.25  1.44513  100  10
35.25  1.47655  100  10
35.25  1.50796  100  10
35.25  1.53938  100  10
35.25  1.5708  100  10
35.25  1.60221  100  10
35.25  1.63363  100  10
35.25  1.66504  100  10
35.25  1.69646  100  10
35.25  1.72788  100  10
35.25  1.75929  100  10
35.25  1.79071  100  10
35.25  1.82212  95.8333  9.78945
35.25  1.85354  100  10
35.25  1.88496  95.1613  9.75506
35.25  1.91637  97.5309  9.87577
35.25  1.94779  98.7179  9.93569
35.25  1.9792  96.4706  9.82194
35.25  2.01062  94.8052  9.7368
35.25  2.04204  97.1429  9.85611
35.25  2.07345  97.561  9.8773
35.25  2.10487  95.6044  9.77775
35.25  2.13628  93.0693  9.64724
35.25  2.1677  93.9394  9.69223
35.25  2.19911  94.1748  9.70437
35.25  2.23053  94.6809  9.73041
35.25  2.26195  95.4545  9.77008
35.25  2.29336  92.8571  9.63624
35.25  2.32478  91.0112  9.53998
35.25  2.35619  91.8605  9.58439
35.25  2.38761  91.5254  9.56689
35.25  2.41903  88.2353  9.39336
35.25  2.45044  88.0952  9.38591
35.25  2.48186  79.2453  8.90198
35.25  2.51327  96.9697  9.84732
35.25  2.54469  79.1667  8.89757
35.25  2.57611  82.3529  9.07485
35.25  2.60752  80  8.94427
35.25  2.63894  80.6452  8.98027
35.25  2.67035  80  8.94427
35.25  2.70177  87.5  9.35414
35.25  2.73319  78.9474  8.88523
35.25  2.7646  66.6667  8.16497
35.25  2.79602  75  8.66025
35.25  2.82743  45.4545  6.742
35.25  2.85885  66.6667  8.16497
35.25  2.89027  0  0
35.25  2.92168  16.6667  4.08248
35.25  2.9531  0  0
35.25  2.98451  0  0
35.25  3.01593  0  0
35.25  3.04734  0  0
35.25  3.07876  0  0
35.25  3.11018  0  0
35.5  0  0  0
35.5  0.0314159  0  0
35.5  0.0628319  0  0
35.5  0.0942478  0  0
35.5  0.125664  0  0
35.5  0.15708  0  0
35.5  0.188496  14.2857  3.77964
35.5  0.219911  57.1429  7.55929
35.5  0.251327  75  8.66025
35.5  0.282743  84.6154  9.19866
35.5  0.314159  63.6364  7.97724
35.5  0.345575  80  8.94427
35.5  0.376991  56.25  7.5
35.5  0.408407  71.4286  8.45154
35.5  0.439823  82.1429  9.06327
35.5  0.471239  80  8.94427
35.5  0.502655  70.5882  8.40168
35.5  0.534071  92  9.59166
35.5  0.565487  86.3636  9.2932
35.5  0.596903  91.4286  9.56183
35.5  0.628319  92.1053  9.59715
35.5  0.659734  98.3051  9.91489
35.5  0.69115  89.3617  9.45313
35.5  0.722566  87.2727  9.34199
35.5  0.753982  88.3117  9.39743
35.5  0.785398  91.5663  9.56903
35.5  0.816814  88.3117  9.39743
35.5  0.84823  84.6154  9.19866
35.5  0.879646  91.1765  9.54864
35.5  0.911062  94.4954  9.72088
35.5  0.942478  88.3117  9.39743
35.5  0.973894  94.898  9.74156
35.5  1.00531  94.382  9.71504
35.5  1.03673  95.5056  9.7727
35.5  1.06814  93.9759  9.69412
35.5  1.09956  96.8421  9.84084
35.5  1.13097  92.3077  9.60769
35.5  1.16239  95.5882  9.77692
35.5  1.19381  97.4684  9.87261
35.5  1.22522  94.8718  9.74022
35.5  1.25664  98.6667  9.93311
35.5  1.28805  98.3871  9.91903
35.5  1.31947  100  10
35.5  1.35088  98.1481  9.90697
35.5  1.3823  96.6667  9.83192
35.5  1.41372  98.4848  9.92395
35.5  1.44513  96.9697  9.84732
35.5  1.47655  100  10
35.5  1.50796  100  10
35.5  1.53938  97.9592  9.89743
35.5  1.5708  100  10
35.5  1.60221  98.6301  9.93127
35.5  1.63363  100  10
35.5  1.66504  98.1481  9.90697
35.5  1.69646  98.4615  9.92278
35.5  1.72788  100  10
35.5  1.75929  95.6522  9.78019
35.5  1.79071  100  10
35.5  1.82212  94.2857  9.71008
35.5  1.85354  97.1831  9.85815
35.5  1.88496  97.0149  9.84962
35.5  1.91637  94.0299  9.6969
35.5  1.94779  92.0635  9.59497
35.5  1.9792  100  10
35.5  2.01062  98.8372  9.94169
35.5  2.04204  96.7033  9.83378
35.5  2.07345  96.6292  9.83002
35.5  2.10487  94.5652  9.72446
35.5  2.13628  93.4066  9.66471
35.5  2.1677  93.4783  9.66842
35.5  2.19911  100  10
35.5  2.23053  92  9.59166
35.5  2.26195  91.0256  9.54074
35.5  2.29336  92.8571  9.63624
35.5  2.32478  90.9091  9.53463
35.5  2.35619  93.3333  9.66092
35.5  2.38761  87.3016  9.34353
35.5  2.41903  88.5714  9.41124
35.5  2.45044  89.7959  9.47607
35.5  2.48186  85  9.21954
35.5  2.51327  89.2857  9.44911
35.5  2.54469  81.5789  9.03211
35.5  2.57611  89.4737  9.45905
35.5  2.60752  70  8.3666
35.5  2.63894  85.1852  9.22958
35.5  2.67035  72.2222  8.49837
35.5  2.70177  100  10
35.5  2.73319  78.5714  8.86405
35.5  2.7646  72.7273  8.52803
35.5  2.79602  60  7.74597
35.5  2.82743  71.4286  8.45154
35.5  2.85885  57.1429  7.55929
35.5  2.89027  42.8571  6.54654
35.5  2.92168  0  0
35.5  2.9531  0  0
35.5  2.98451  0  0
35.5  3.01593  0  0
35.5  3.04734  0  0
35.5  3.07876  0  0
35.5  3.11018  0  0
35.75  0  0  0
35.75  0.0314159  0  0
35.75  0.0628319  0  0
35.75  0.0942478  0  0
35.75  0.125664  0  0
35.75  0.15708  0  0
35.75  0.188496  22.2222  4.71405
35.75  0.219911  44.4444  6.66667
35.75  0.251327  14.2857  3.77964
35.75  0.282743  72.7273  8.52803
35.75  0.314159  80  8.94427
35.75  0.345575  77.7778  8.81917
35.75  0.376991  78.9474  8.88523
35.75  0.408407  81.8182  9.04534
35.75  0.439823  86.3636  9.2932
35.75  0.471239  77.7778  8.81917
35.75  0.502655  95.8333  9.78945
35.75  0.534071  75  8.66025
35.75  0.565487  85.7143  9.2582
35.75  0.596903  92.8571  9.63624
35.75  0.628319  84.4444  9.18937
35.75  0.659734  88.7097  9.41858
35.75  0.69115  92.8571  9.63624
35.75  0.722566  90.3846  9.50708
35.75  0.753982  90.3226  9.50382
35.75  0.785398  90.7216  9.52479
35.75  0.816814  86.5385  9.30261
35.75  0.84823  90.411  9.50847
35.75  0.879646  86.8421  9.31891
35.75  0.911062  90.6977  9.52353
35.75  0.942478  93.2584  9.65704
35.75  0.973894  92.3077  9.60769
35.75  1.00531  97.7011  9.88439
35.75  1.03673  92.8571  9.63624
35.75  1.06814  98.5714  9.92831
35.75  1.09956  89.0625  9.43729
35.75  1.13097  98.7179  9.93569
35.75  1.16239  94.0476  9.69782
35.75  1.19381  95.4545  9.77008
35.75  1.22522  95.3125  9.76281
35.75  1.25664  98.1481  9.90697
35.75  1.28805  96.1538  9.80581
35.75  1.31947  95.9184  9.79379
35.75  1.35088  96.9231  9.84495
35.75  1.3823  100  10
35.75  1.41372  100  10
35.75  1.44513  97.9167  9.89529
35.75  1.47655  98.5714  9.92831
35.75  1.50796  100  10
35.75  1.53938  100  10
35.75  1.5708  100  10
35.75  1.60221  100  10
35.75  1.63363  100  10
35.75  1.66504  100  10
35.75  1.69646  100  10
35.75  1.72788  98.4127  9.92032
35.75  1.75929  98.3607  9.91769
35.75  1.79071  96.4286  9.81981
35.75  1.82212  95.2381  9.759
35.75  1.85354  98.3871  9.91903
35.75  1.88496  100  10
35.75  1.91637  98.6667  9.93311
35.75  1.94779  91.358  9.55814
35.75  1.9792  98.6301  9.93127
35.75  2.01062  96.1039  9.80326
35.75  2.04204  97.5309  9.87577
35.75  2.07345  97.7011  9.88439
35.75  2.10487  95.4545  9.77008
35.75  2.13628  96.3415  9.81537
35.75  2.1677  95  9.74679
35.75  2.19911  95  9.74679
35.75  2.23053  93.4783  9.66842
35.75  2.26195  92.5532  9.62046
35.75  2.29336  85.7143  9.2582
35.75  2.32478  90.9091  9.53463
35.75  2.35619  90.1235  9.49334
35.75  2.38761  89.6552  9.46864
35.75  2.41903  86.1538  9.28191
35.75  2.45044  90.9091  9.53463
35.75  2.48186  88.3721  9.40064
35.75  2.51327  90.625  9.51972
35.75  2.54469  90.9091  9.53463
35.75  2.57611  79.4118  8.91133
35.75  2.60752  72.4138  8.50963
35.75  2.63894  80.7692  8.98717
35.75  2.67035  82.6087  9.08893
35.75  2.70177  100  10
35.75  2.73319  58.8235  7.66965
35.75  2.7646  76.9231  8.77058
35.75  2.79602  82.3529  9.07485
35.75  2.82743  70  8.3666
35.75  2.85885  85.7143  9.2582
35.75  2.89027  50  7.07107
35.75  2.92168  0  0
35.75  2.9531  0  0
35.75  2.98451  0  0
35.75  3.01593  0  0
35.75  3.04734  0  0
35.75  3.07876  0  0
35.75  3.11018  0  0
36  0  0  0
36  0.0314159  0  0
36  0.0628319  0  0
36  0.0942478  0  0
36  0.125664  0  0
36  0.15708  0  0
36  0.188496  30  5.47723
36  0.219911  44.4444  6.66667
36  0.251327  25  5
36  0.282743  75  8.66025
36  0.314159  54.5455  7.38549
36  0.345575  52.9412  7.27607
36  0.376991  60  7.74597
36  0.408407  88.2353  9.39336
36  0.439823  90.4762  9.5119
36  0.471239  87.5  9.35414
36  0.502655  88.4615  9.4054
36  0.534071  93.3333  9.66092
36  0.565487  78.9474  8.88523
36  0.596903  82.9268  9.10642
36  0.628319  92.3077  9.60769
36  0.659734  85.4167  9.24211
36  0.69115  91.0448  9.54174
36  0.722566  85.4545  9.24416
36  0.753982  94.8276  9.73795
36  0.785398  89.8551  9.47919
36  0.816814  95.8333  9.78945
36  0.84823  94.2529  9.70839
36  0.879646  92.7835  9.63242
36  0.911062  95.6522  9.78019
36  0.942478  92.6829  9.6272
36  0.973894  95.7746  9.78645
36  1.00531  93.4783  9.66842
36  1.03673  96.5517  9.82607
36  1.06814  96.6667  9.83192
36  1.09956  98.7013  9.93485
36  1.13097  98.4375  9.92157
36  1.16239  98.7805  9.93884
36  1.19381  94.4444  9.71825
36  1.22522  97.0149  9.84962
36  1.25664  100  10
36  1.28805  98.5714  9.92831
36  1.31947  98.4375  9.92157
36  1.35088  100  10
36  1.3823  97.4026  9.86928
36  1.41372  100  10
36  1.44513  98.5507  9.92727
36  1.47655  98.1481  9.90697
36  1.50796  100  10
36  1.53938  100  10
36  1.5708  100  10
36  1.60221  100  10
36  1.63363  100  10
36  1.66504  100  10
36  1.69646  98.4127  9.92032
36  1.72788  98.5075  9.92509
36  1.75929  100  10
36  1.79071  96.2025  9.80829
36  1.82212  98.3607  9.91769
36  1.85354  100  10
36  1.88496  94.2857  9.71008
36  1.91637  96.2025  9.80829
36  1.94779  97.0149  9.84962
36  1.9792  97.1014  9.85401
36  2.01062  95.9459  9.7952
36  2.04204  92.7536  9.63087
36  2.07345  96.1538  9.80581
36  2.10487  95.9184  9.79379
36  2.13628  96.5116  9.82403
36  2.1677  93.2692  9.6576
36  2.19911  95.283  9.7613
36  2.23053  92.5926  9.6225
36  2.26195  93.1034  9.64901
36  2.29336  95.0495  9.74933
36  2.32478  88.75  9.42072
36  2.35619  93.0556  9.64653
36  2.38761  87.3239  9.34473
36  2.41903  83.0508  9.11322
36  2.45044  82.2222  9.06765
36  2.48186  93.617  9.67559
36  2.51327  89.6552  9.46864
36  2.54469  89.6552  9.46864
36  2.57611  89.4737  9.45905
36  2.60752  100  10
36  2.63894  89.4737  9.45905
36  2.67035  78.9474  8.88523
36  2.70177  54.5455  7.38549
36  2.73319  76.4706  8.74475
36  2.7646  53.8462  7.33799
36  2.79602  81.8182  9.04534
36  2.82743  71.4286  8.45154
36  2.85885  80  8.94427
36  2.89027  50  7.07107
36  2.92168  0  0
36  2.9531  0  0
36  2.98451  0  0
36  3.01593  0  0
36  3.04734  0  0
36  3.07876  0  0
36  3.11018  0  0
36.25  0  0  0
36.25  0.0314159  0  0
36.25  0.0628319  0  0
36.25  0.0942478  0  0
36.25  0.125664  0  0
36.25  0.15708  0  0
36.25  0.188496  0  0
36.25  0.219911  14.2857  3.77964
36.25  0.251327  75  8.66025
36.25  0.282743  60  7.74597
36.25  0.314159  57.1429  7.55929
36.25  0.345575  66.6667  8.16497
36.25  0.376991  66.6667  8.16497
36.25  0.408407  77.7778  8.81917
36.25  0.439823  73.0769  8.5485
36.25  0.471239  71.4286  8.45154
36.25  0.502655  84.375  9.18559
36.25  0.534071  84.8485  9.21132
36.25  0.565487  88.5714  9.41124
36.25  0.596903  88.0952  9.38591
36.25  0.628319  92.6829  9.6272
36.25  0.659734  97.7273  9.88571
36.25  0.69115  91.3793  9.55925
36.25  0.722566  87.5  9.35414
36.25  0.753982  90.1639  9.49547
36.25  0.785398  94.0476  9.69782
36.25  0.816814  93.6842  9.67906
36.25  0.84823  92.3077  9.60769
36.25  0.879646  94.2308  9.70725
36.25  0.911062  93.4783  9.66842
36.25  0.942478  93.75  9.68246
36.25  0.973894  96.5517  9.82607
36.25  1.00531  97.619  9.88024
36.25  1.03673  94.4444  9.71825
36.25  1.06814  98.8372  9.94169
36.25  1.09956  97.3684  9.86754
36.25  1.13097  97.0588  9.85184
36.25  1.16239  93.2203  9.65507
36.25  1.19381  95.3488  9.76467
36.25  1.22522  98.6667  9.93311
36.25  1.25664  100  10
36.25  1.28805  95.4023  9.76741
36.25  1.31947  98.5294  9.9262
36.25  1.35088  98.2456  9.91189
36.25  1.3823  98.5915  9.92933
36.25  1.41372  98.4127  9.92032
36.25  1.44513  100  10
36.25  1.47655  96.7742  9.83739
36.25  1.50796  100  10
36.25  1.53938  100  10
36.25  1.5708  100  10
36.25  1.60221  100  10
36.25  1.63363  96.7742  9.83739
36.25  1.66504  98.4375  9.92157
36.25  1.69646  98.4615  9.92278
36.25  1.72788  98.1481  9.90697
36.25  1.75929  98.2143  9.91031
36.25  1.79071  100  10
36.25  1.82212  98.7654  9.93808
36.25  1.85354  94.3396  9.71286
36.25  1.88496  100  10
36.25  1.91637  100  10
36.25  1.94779  98.4848  9.92395
36.25  1.9792  95.7746  9.78645
36.25  2.01062  96.0526  9.80064
36.25  2.04204  95.5556  9.77525
36.25  2.07345  91.6667  9.57427
36.25  2.10487  96.3415  9.81537
36.25  2.13628  91.3043  9.55533
36.25  2.1677  91.7647  9.57939
36.25  2.19911  88.8889  9.42809
36.25  2.23053  90.3846  9.50708
36.25  2.26195  94.4444  9.71825
36.25  2.29336  89.1304  9.44089
36.25  2.32478  85.5422  9.2489
36.25  2.35619  91.3978  9.56022
36.25  2.38761  90.625  9.51972
36.25  2.41903  98.4375  9.92157
36.25  2.45044  92.3077  9.60769
36.25  2.48186  87.5  9.35414
36.25  2.51327  90.2439  9.49968
36.25  2.54469  81.8182  9.04534
36.25  2.57611  90.3226  9.50382
36.25  2.60752  83.3333  9.12871
36.25  2.63894  72.973  8.54242
36.25  2.67035  85  9.21954
36.25  2.70177  72.7273  8.52803
36.25  2.73319  69.2308  8.3205
36.25  2.7646  69.2308  8.3205
36.25  2.79602  75  8.66025
36.25  2.82743  70  8.3666
36.25  2.85885  60  7.74597
36.25  2.89027  22.2222  4.71405
36.25  2.92168  0  0
36.25  2.9531  0  0
36.25  2.98451  0  0
36.25  3.01593  0  0
36.25  3.04734  0  0
36.25  3.07876  0  0
36.25  3.11018  0  0
36.5  0  0  0
36.5  0.0314159  0  0
36.5  0.0628319  0  0
36.5  0.0942478  0  0
36.5  0.125664  0  0
36.5  0.15708  0  0
36.5  0.188496  0  0
36.5  0.219911  45.4545  6.742
36.5  0.251327  40  6.32456
36.5  0.282743  46.6667  6.8313
36.5  0.314159  70  8.3666
36.5  0.345575  63.6364  7.97724
36.5  0.376991  73.6842  8.58395
36.5  0.408407  78.5714  8.86405
36.5  0.439823  62.069  7.87839
36.5  0.471239  76.4706  8.74475
36.5  0.502655  86.3636  9.2932
36.5  0.534071  83.3333  9.12871
36.5  0.565487  94.4444  9.71825
36.5  0.596903  85.7143  9.2582
36.5  0.628319  77.551  8.80631
36.5  0.659734  83.3333  9.12871
36.5  0.69115  86.5385  9.30261
36.5  0.722566  91.8033  9.5814
36.5  0.753982  86.0759  9.27771
36.5  0.785398  93.6709  9.67837
36.5  0.816814  91.358  9.55814
36.5  0.84823  89.6552  9.46864
36.5  0.879646  91.7526  9.57876
36.5  0.911062  90.2174  9.49828
36.5  0.942478  96.8421  9.84084
36.5  0.973894  94.7368  9.73329
36.5  1.00531  95.2381  9.759
36.5  1.03673  94.186  9.70495
36.5  1.06814  97.2222  9.86013
36.5  1.09956  98.4848  9.92395
36.5  1.13097  87.5  9.35414
36.5  1.16239  97.1014  9.85401
36.5  1.19381  98.4615  9.92278
36.5  1.22522  98.5294  9.9262
36.5  1.25664  98.6486  9.9322
36.5  1.28805  98.5915  9.92933
36.5  1.31947  96.875  9.84251
36.5  1.35088  100  10
36.5  1.3823  100  10
36.5  1.41372  100  10
36.5  1.44513  100  10
36.5  1.47655  100  10
36.5  1.50796  97.4359  9.87096
36.5  1.53938  100  10
36.5  1.5708  100  10
36.5  1.60221  100  10
36.5  1.63363  100  10
36.5  1.66504  95.2381  9.759
36.5  1.69646  98.2456  9.91189
36.5  1.72788  100  10
36.5  1.75929  100  10
36.5  1.79071  98.5915  9.92933
36.5  1.82212  100  10
36.5  1.85354  98.5075  9.92509
36.5  1.88496  100  10
36.5  1.91637  98.0769  9.90338
36.5  1.94779  98.5507  9.92727
36.5  1.9792  88.6076  9.41316
36.5  2.01062  97.561  9.8773
36.5  2.04204  96.5909  9.82807
36.5  2.07345  93.75  9.68246
36.5  2.10487  94.5205  9.72217
36.5  2.13628  94.1176  9.70143
36.5  2.1677  88  9.38083
36.5  2.19911  95.0495  9.74933
36.5  2.23053  94.8052  9.7368
36.5  2.26195  94.186  9.70495
36.5  2.29336  92.1348  9.59869
36.5  2.32478  96.5517  9.82607
36.5  2.35619  80.3279  8.96258
36.5  2.38761  91.9355  9.5883
36.5  2.41903  86.1538  9.28191
36.5  2.45044  98.0769  9.90338
36.5  2.48186  86.0465  9.27613
36.5  2.51327  92.3077  9.60769
36.5  2.54469  96.875  9.84251
36.5  2.57611  96.875  9.84251
36.5  2.60752  82.3529  9.07485
36.5  2.63894  76  8.7178
36.5  2.67035  68.4211  8.2717
36.5  2.70177  91.6667  9.57427
36.5  2.73319  85.7143  9.2582
36.5  2.7646  69.2308  8.3205
36.5  2.79602  60  7.74597
36.5  2.82743  75  8.66025
36.5  2.85885  33.3333  5.7735
36.5  2.89027  14.2857  3.77964
36.5  2.92168  25  5
36.5  2.9531  0  0
36.5  2.98451  0  0
36.5  3.01593  0  0
36.5  3.04734  0  0
36.5  3.07876  0  0
36.5  3.11018  0  0
36.75  0  0  0
36.75  0.0314159  0  0
36.75  0.0628319  0  0
36.75  0.0942478  0  0
36.75  0.125664  0  0
36.75  0.15708  0  0
36.75  0.188496  28.5714  5.34522
36.75  0.219911  66.6667  8.16497
36.75  0.251327  40  6.32456
36.75  0.282743  37.5  6.12372
36.75  0.314159  63.6364  7.97724
36.75  0.345575  90.9091  9.53463
36.75  0.376991  83.3333  9.12871
36.75  0.408407  81.25  9.01388
36.75  0.439823  76.1905  8.72872
36.75  0.471239  74.1935  8.61357
36.75  0.502655  77.4194  8.79883
36.75  0.534071  88.4615  9.4054
36.75  0.565487  82.0513  9.05822
36.75  0.596903  87.1795  9.337
36.75  0.628319  88.3333  9.39858
36.75  0.659734  85.4545  9.24416
36.75  0.69115  92.8571  9.63624
36.75  0.722566  94.5205  9.72217
36.75  0.753982  90.411  9.50847
36.75  0.785398  92.5373  9.61963
36.75  0.816814  94.1176  9.70143
36.75  0.84823  89.1892  9.444
36.75  0.879646  93.3333  9.66092
36.75  0.911062  95.6044  9.77775
36.75  0.942478  93.1818  9.65307
36.75  0.973894  95.3488  9.76467
36.75  1.00531  95.9184  9.79379
36.75  1.03673  95.7746  9.78645
36.75  1.06814  98.4375  9.92157
36.75  1.09956  96.0526  9.80064
36.75  1.13097  98.6301  9.93127
36.75  1.16239  98.5507  9.92727
36.75  1.19381  97.1831  9.85815
36.75  1.22522  100  10
36.75  1.25664  100  10
36.75  1.28805  98.7179  9.93569
36.75  1.31947  100  10
36.75  1.35088  98.5294  9.9262
36.75  1.3823  100  10
36.75  1.41372  100  10
36.75  1.44513  98.5915  9.92933
36.75  1.47655  98.2759  9.91342
36.75  1.50796  98.0392  9.90148
36.75  1.53938  100  10
36.75  1.5708  100  10
36.75  1.60221  98.4848  9.92395
36.75  1.63363  100  10
36.75  1.66504  98.5294  9.9262
36.75  1.69646  100  10
36.75  1.72788  98.5507  9.92727
36.75  1.75929  96.8254  9.83999
36.75  1.79071  98.3333  9.91632
36.75  1.82212  100  10
36.75  1.85354  96.4912  9.82299
36.75  1.88496  97.1429  9.85611
36.75  1.91637  98.6842  9.93399
36.75  1.94779  95.7447  9.78492
36.75  1.9792  100  10
36.75  2.01062  100  10
36.75  2.04204  91.358  9.55814
36.75  2.07345  98.4848  9.92395
36.75  2.10487  93.9394  9.69223
36.75  2.13628  98.5714  9.92831
36.75  2.1677  96.7391  9.83561
36.75  2.19911  96.5909  9.82807
36.75  2.23053  93.0556  9.64653
36.75  2.26195  94.4444  9.71825
36.75  2.29336  93.0233  9.64486
36.75  2.32478  92.0455  9.59403
36.75  2.35619  94.1176  9.70143
36.75  2.38761  98.1481  9.90697
36.75  2.41903  89.8305  9.4779
36.75  2.45044  91.8367  9.58315
36.75  2.48186  91.8919  9.58603
36.75  2.51327  86  9.27362
36.75  2.54469  83.7838  9.15335
36.75  2.57611  89.6552  9.46864
36.75  2.60752  84.8485  9.21132
36.75  2.63894  84.6154  9.19866
36.75  2.67035  70  8.3666
36.75  2.70177  70.5882  8.40168
36.75  2.73319  66.6667  8.16497
36.75  2.7646  68.75  8.29156
36.75  2.79602  64.2857  8.01784
36.75  2.82743  64.2857  8.01784
36.75  2.85885  50  7.07107
36.75  2.89027  44.4444  6.66667
36.75  2.92168  14.2857  3.77964
36.75  2.9531  0  0
36.75  2.98451  0  0
36.75  3.01593  0  0
36.75  3.04734  0  0
36.75  3.07876  0  0
36.75  3.11018  0  0
37  0  0  0
37  0.0314159  0  0
37  0.0628319  0  0
37  0.0942478  0  0
37  0.125664  0  0
37  0.15708  0  0
37  0.188496  0  0
37  0.219911  16.6667  4.08248
37  0.251327  58.3333  7.63763
37  0.282743  58.3333  7.63763
37  0.314159  54.5455  7.38549
37  0.345575  68.1818  8.25723
37  0.376991  86.6667  9.30949
37  0.408407  71.4286  8.45154
37  0.439823  75  8.66025
37  0.471239  85.7143  9.2582
37  0.502655  81.25  9.01388
37  0.534071  87.0968  9.33257
37  0.565487  87.1795  9.337
37  0.596903  87.5  9.35414
37  0.628319  79.1667  8.89757
37  0.659734  90  9.48683
37  0.69115  84.2105  9.17663
37  0.722566  89.6552  9.46864
37  0.753982  95.7143  9.78337
37  0.785398  91.0112  9.53998
37  0.816814  96.8421  9.84084
37  0.84823  91.954  9.58927
37  0.879646  93.1034  9.64901
37  0.911062  94.5652  9.72446
37  0.942478  93.0693  9.64724
37  0.973894  98.6111  9.93031
37  1.00531  89.1566  9.44228
37  1.03673  92.0455  9.59403
37  1.06814  95.9459  9.7952
37  1.09956  95.4545  9.77008
37  1.13097  93.2432  9.65625
37  1.16239  97.5904  9.87878
37  1.19381  98.5507  9.92727
37  1.22522  97.5  9.87421
37  1.25664  96  9.79796
37  1.28805  95.1807  9.75606
37  1.31947  97.4684  9.87261
37  1.35088  95.8904  9.79236
37  1.3823  98.4375  9.92157
37  1.41372  100  10
37  1.44513  100  10
37  1.47655  100  10
37  1.50796  100  10
37  1.53938  100  10
37  1.5708  100  10
37  1.60221  98.5714  9.92831
37  1.63363  98.5507  9.92727
37  1.66504  100  10
37  1.69646  98.6111  9.93031
37  1.72788  96.6102  9.82905
37  1.75929  98.5075  9.92509
37  1.79071  98.5075  9.92509
37  1.82212  98.1818  9.90867
37  1.85354  95.7746  9.78645
37  1.88496  95.6522  9.78019
37  1.91637  94.7368  9.73329
37  1.94779  94.1176  9.70143
37  1.9792  96.6667  9.83192
37  2.01062  96.2025  9.80829
37  2.04204  100  10
37  2.07345  93.2432  9.65625
37  2.10487  98.8372  9.94169
37  2.13628  92.9412  9.6406
37  2.1677  90.1099  9.49262
37  2.19911  94.8718  9.74022
37  2.23053  90.099  9.49205
37  2.26195  94.6237  9.72747
37  2.29336  94.7368  9.73329
37  2.32478  95.4545  9.77008
37  2.35619  85.5072  9.24701
37  2.38761  88.5057  9.40775
37  2.41903  92.4528  9.61524
37  2.45044  93.4783  9.66842
37  2.48186  79.0698  8.89212
37  2.51327  88.3721  9.40064
37  2.54469  93.4783  9.66842
37  2.57611  90.9091  9.53463
37  2.60752  66.6667  8.16497
37  2.63894  91.6667  9.57427
37  2.67035  58.6207  7.65641
37  2.70177  78.2609  8.84652
37  2.73319  88.8889  9.42809
37  2.7646  70.5882  8.40168
37  2.79602  66.6667  8.16497
37  2.82743  50  7.07107
37  2.85885  40  6.32456
37  2.89027  80  8.94427
37  2.92168  0  0
37  2.9531  0  0
37  2.98451  0  0
37  3.01593  0  0
37  3.04734  0  0
37  3.07876  0  0
37  3.11018  0  0
37.25  0  0  0
37.25  0.0314159  0  0
37.25  0.0628319  0  0
37.25  0.0942478  0  0
37.25  0.125664  0  0
37.25  0.15708  0  0
37.25  0.188496  33.3333  5.7735
37.25  0.219911  14.2857  3.77964
37.25  0.251327  58.3333  7.63763
37.25  0.282743  45.4545  6.742
37.25  0.314159  84.2105  9.17663
37.25  0.345575  62.5  7.90569
37.25  0.376991  83.3333  9.12871
37.25  0.408407  71.4286  8.45154
37.25  0.439823  86.3636  9.2932
37.25  0.471239  76  8.7178
37.25  0.502655  73.913  8.59727
37.25  0.534071  85.2941  9.23548
37.25  0.565487  77.5  8.80341
37.25  0.596903  91.1765  9.54864
37.25  0.628319  93.617  9.67559
37.25  0.659734  86.9565  9.32505
37.25  0.69115  86.3636  9.2932
37.25  0.722566  88.7097  9.41858
37.25  0.753982  90.1408  9.49425
37.25  0.785398  91.25  9.55249
37.25  0.816814  90.2174  9.49828
37.25  0.84823  97.3451  9.86636
37.25  0.879646  96.2963  9.81307
37.25  0.911062  91.1111  9.54521
37.25  0.942478  93.5484  9.67204
37.25  0.973894  92.6316  9.62453
37.25  1.00531  98.6111  9.93031
37.25  1.03673  96.0526  9.80064
37.25  1.06814  91.5493  9.56814
37.25  1.09956  92.5  9.61769
37.25  1.13097  93.2432  9.65625
37.25  1.16239  98.4127  9.92032
37.25  1.19381  98.7179  9.93569
37.25  1.22522  98.1481  9.90697
37.25  1.25664  96.1039  9.80326
37.25  1.28805  100  10
37.25  1.31947  98.3871  9.91903
37.25  1.35088  96  9.79796
37.25  1.3823  100  10
37.25  1.41372  98.3333  9.91632
37.25  1.44513  96.6667  9.83192
37.25  1.47655  98.5294  9.9262
37.25  1.50796  100  10
37.25  1.53938  100  10
37.25  1.5708  100  10
37.25  1.60221  100  10
37.25  1.63363  98.2759  9.91342
37.25  1.66504  98.6486  9.9322
37.25  1.69646  100  10
37.25  1.72788  98.5714  9.92831
37.25  1.75929  94.9153  9.74245
37.25  1.79071  98.6111  9.93031
37.25  1.82212  95.9459  9.7952
37.25  1.85354  96.5116  9.82403
37.25  1.88496  94.5455  9.72345
37.25  1.91637  98.5075  9.92509
37.25  1.94779  94.3662  9.71423
37.25  1.9792  90.625  9.51972
37.25  2.01062  93.5065  9.66988
37.25  2.04204  98.3607  9.91769
37.25  2.07345  95.4545  9.77008
37.25  2.10487  100  10
37.25  2.13628  96.3855  9.81761
37.25  2.1677  89.2473  9.44708
37.25  2.19911  93.9394  9.69223
37.25  2.23053  92.7083  9.62852
37.25  2.26195  87.6712  9.36329
37.25  2.29336  93.1373  9.65076
37.25  2.32478  86.1538  9.28191
37.25  2.35619  98.4848  9.92395
37.25  2.38761  90.7407  9.52579
37.25  2.41903  92.3077  9.60769
37.25  2.45044  84.4444  9.18937
37.25  2.48186  80.4878  8.9715
37.25  2.51327  95.9184  9.79379
37.25  2.54469  72.4138  8.50963
37.25  2.57611  86.9565  9.32505
37.25  2.60752  88  9.38083
37.25  2.63894  70.8333  8.41625
37.25  2.67035  81.25  9.01388
37.25  2.70177  75  8.66025
37.25  2.73319  65  8.06226
37.25  2.7646  53.8462  7.33799
37.25  2.79602  50  7.07107
37.25  2.82743  83.3333  9.12871
37.25  2.85885  75  8.66025
37.25  2.89027  20  4.47214
37.25  2.92168  11.1111  3.33333
37.25  2.9531  0  0
37.25  2.98451  0  0
37.25  3.01593  0  0
37.25  3.04734  0  0
37.25  3.07876  0  0
37.25  3.11018  0  0
37.5  0  0  0
37.5  0.0314159  0  0
37.5  0.0628319  0  0
37.5  0.0942478  0  0
37.5  0.125664  0  0
37.5  0.15708  0  0
37.5  0.188496  0  0
37.5  0.219911  25  5
37.5  0.251327  33.3333  5.7735
37.5  0.282743  62.5  7.90569
37.5  0.314159  55.5556  7.45356
37.5  0.345575  69.2308  8.3205
37.5  0.376991  72.7273  8.52803
37.5  0.408407  80.9524  8.99735
37.5  0.439823  73.3333  8.56349
37.5  0.471239  75  8.66025
37.5  0.502655  86.2069  9.28477
37.5  0.534071  93.9394  9.69223
37.5  0.565487  71.875  8.47791
37.5  0.596903  80.5556  8.97527
37.5  0.628319  88.8889  9.42809
37.5  0.659734  81.3953  9.02194
37.5  0.69115  94.2308  9.70725
37.5  0.722566  92.3077  9.60769
37.5  0.753982  96.2025  9.80829
37.5  0.785398  93.0233  9.64486
37.5  0.816814  92.3077  9.60769
37.5  0.84823  90.8257  9.53025
37.5  0.879646  87.6404  9.36165
37.5  0.911062  94.2029  9.70582
37.5  0.942478  93.2432  9.65625
37.5  0.973894  88.2979  9.39669
37.5  1.00531  93.5897  9.67418
37.5  1.03673  98.7805  9.93884
37.5  1.06814  96.3415  9.81537
37.5  1.09956  94.0476  9.69782
37.5  1.13097  97.2603  9.86206
37.5  1.16239  93.4211  9.66546
37.5  1.19381  96.3855  9.81761
37.5  1.22522  96.8254  9.83999
37.5  1.25664  96.4286  9.81981
37.5  1.28805  97.2973  9.86394
37.5  1.31947  100  10
37.5  1.35088  96.6102  9.82905
37.5  1.3823  100  10
37.5  1.41372  98.5714  9.92831
37.5  1.44513  100  10
37.5  1.47655  98.2143  9.91031
37.5  1.50796  100  10
37.5  1.53938  100  10
37.5  1.5708  100  10
37.5  1.60221  100  10
37.5  1.63363  100  10
37.5  1.66504  100  10
37.5  1.69646  100  10
37.5  1.72788  100  10
37.5  1.75929  100  10
37.5  1.79071  100  10
37.5  1.82212  97.4684  9.87261
37.5  1.85354  98.5507  9.92727
37.5  1.88496  97.3333  9.86577
37.5  1.91637  96.875  9.84251
37.5  1.94779  100  10
37.5  1.9792  95.3846  9.7665
37.5  2.01062  90.7692  9.52729
37.5  2.04204  96.8421  9.84084
37.5  2.07345  94.8718  9.74022
37.5  2.10487  92.4051  9.61276
37.5  2.13628  94.5055  9.72139
37.5  2.1677  91.4894  9.56501
37.5  2.19911  93.617  9.67559
37.5  2.23053  97.3214  9.86516
37.5  2.26195  94.1748  9.70437
37.5  2.29336  88.1188  9.38716
37.5  2.32478  92.9293  9.63998
37.5  2.35619  93.8272  9.68644
37.5  2.38761  92.0635  9.59497
37.5  2.41903  86.5672  9.30415
37.5  2.45044  87.037  9.32936
37.5  2.48186  87.2727  9.34199
37.5  2.51327  87.1795  9.337
37.5  2.54469  81.4815  9.02671
37.5  2.57611  87.5  9.35414
37.5  2.60752  85.7143  9.2582
37.5  2.63894  93.1034  9.64901
37.5  2.67035  92  9.59166
37.5  2.70177  75  8.66025
37.5  2.73319  65  8.06226
37.5  2.7646  78.9474  8.88523
37.5  2.79602  63.1579  7.94719
37.5  2.82743  58.3333  7.63763
37.5  2.85885  37.5  6.12372
37.5  2.89027  42.8571  6.54654
37.5  2.92168  25  5
37.5  2.9531  0  0
37.5  2.98451  0  0
37.5  3.01593  0  0
37.5  3.04734  0  0
37.5  3.07876  0  0
37.5  3.11018  0  0
37.75  0  0  0
37.75  0.0314159  0  0
37.75  0.0628319  0  0
37.75  0.0942478  0  0
37.75  0.125664  0  0
37.75  0.15708  0  0
37.75  0.188496  37.5  6.12372
37.75  0.219911  44.4444  6.66667
37.75  0.251327  40  6.32456
37.75  0.282743  68.75  8.29156
37.75  0.314159  66.6667  8.16497
37.75  0.345575  73.3333  8.56349
37.75  0.376991  63.6364  7.97724
37.75  0.408407  94.7368  9.73329
37.75  0.439823  80  8.94427
37.75  0.471239  80  8.94427
37.75  0.502655  85.7143  9.2582
37.75  0.534071  80.7692  8.98717
37.75  0.565487  92.1053  9.59715
37.75  0.596903  90.3226  9.50382
37.75  0.628319  85.1064  9.22531
37.75  0.659734  85.7143  9.2582
37.75  0.69115  89.3939  9.45484
37.75  0.722566  86.6667  9.30949
37.75  0.753982  92.1348  9.59869
37.75  0.785398  94.2529  9.70839
37.75  0.816814  85.1064  9.22531
37.75  0.84823  97.8723  9.89305
37.75  0.879646  92.0792  9.59579
37.75  0.911062  95.8763  9.79164
37.75  0.942478  91.1111  9.54521
37.75  0.973894  93.75  9.68246
37.75  1.00531  88.764  9.42147
37.75  1.03673  97.619  9.88024
37.75  1.06814  96.3415  9.81537
37.75  1.09956  97.3333  9.86577
37.75  1.13097  97.1014  9.85401
37.75  1.16239  97.2222  9.86013
37.75  1.19381  97.2603  9.86206
37.75  1.22522  97.1014  9.85401
37.75  1.25664  96.6667  9.83192
37.75  1.28805  98.3871  9.91903
37.75  1.31947  97.0588  9.85184
37.75  1.35088  100  10
37.75  1.3823  100  10
37.75  1.41372  100  10
37.75  1.44513  98.75  9.9373
37.75  1.47655  98.2456  9.91189
37.75  1.50796  100  10
37.75  1.53938  100  10
37.75  1.5708  100  10
37.75  1.60221  100  10
37.75  1.63363  100  10
37.75  1.66504  100  10
37.75  1.69646  98.4848  9.92395
37.75  1.72788  100  10
37.75  1.75929  100  10
37.75  1.79071  98.4848  9.92395
37.75  1.82212  100  10
37.75  1.85354  98.6111  9.93031
37.75  1.88496  97.2222  9.86013
37.75  1.91637  92  9.59166
37.75  1.94779  97.2222  9.86013
37.75  1.9792  94.7368  9.73329
37.75  2.01062  95.5556  9.77525
37.75  2.04204  94.3182  9.71175
37.75  2.07345  94.8052  9.7368
37.75  2.10487  91.8919  9.58603
37.75  2.13628  87.013  9.32808
37.75  2.1677  95.2941  9.76187
37.75  2.19911  95.0495  9.74933
37.75  2.23053  86.9048  9.32227
37.75  2.26195  92.7711  9.63177
37.75  2.29336  89.2857  9.44911
37.75  2.32478  96.1165  9.8039
37.75  2.35619  97.2222  9.86013
37.75  2.38761  95.8333  9.78945
37.75  2.41903  86.4407  9.29735
37.75  2.45044  93.8776  9.68904
37.75  2.48186  90.566  9.51662
37.75  2.51327  82.0513  9.05822
37.75  2.54469  86.4865  9.29981
37.75  2.57611  87.8788  9.37437
37.75  2.60752  86.6667  9.30949
37.75  2.63894  90.4762  9.5119
37.75  2.67035  82.6087  9.08893
37.75  2.70177  91.6667  9.57427
37.75  2.73319  71.4286  8.45154
37.75  2.7646  58.3333  7.63763
37.75  2.79602  63.6364  7.97724
37.75  2.82743  50  7.07107
37.75  2.85885  60  7.74597
37.75  2.89027  50  7.07107
37.75  2.92168  0  0
37.75  2.9531  0  0
37.75  2.98451  0  0
37.75  3.01593  0  0
37.75  3.04734  0  0
37.75  3.07876  0  0
37.75  3.11018  0  0
38  0  0  0
38  0.0314159  0  0
38  0.0628319  0  0
38  0.0942478  0  0
38  0.125664  0  0
38  0.15708  0  0
38  0.188496  33.3333  5.7735
38  0.219911  66.6667  8.16497
38  0.251327  28.5714  5.34522
38  0.282743  90.9091  9.53463
38  0.314159  61.9048  7.86796
38  0.345575  80  8.94427
38  0.376991  81.8182  9.04534
38  0.408407  69.2308  8.3205
38  0.439823  73.6842  8.58395
38  0.471239  88.4615  9.4054
38  0.502655  87.5  9.35414
38  0.534071  96.9697  9.84732
38  0.565487  80  8.94427
38  0.596903  90.625  9.51972
38  0.628319  78.5714  8.86405
38  0.659734  98  9.89949
38  0.69115  92.7536  9.63087
38  0.722566  96.2963  9.81307
38  0.753982  91.8919  9.58603
38  0.785398  93.6709  9.67837
38  0.816814  91.1111  9.54521
38  0.84823  88.7324  9.41979
38  0.879646  95.9596  9.7959
38  0.911062  91.3043  9.55533
38  0.942478  93.0233  9.64486
38  0.973894  94.5946  9.72598
38  1.00531  94.5652  9.72446
38  1.03673  96.1538  9.80581
38  1.06814  96.4286  9.81981
38  1.09956  92.6471  9.62533
38  1.13097  96.9697  9.84732
38  1.16239  98.5507  9.92727
38  1.19381  92.7536  9.63087
38  1.22522  98.3333  9.91632
38  1.25664  98.3871  9.91903
38  1.28805  100  10
38  1.31947  95.082  9.751
38  1.35088  96.3636  9.8165
38  1.3823  100  10
38  1.41372  100  10
38  1.44513  98.6486  9.9322
38  1.47655  100  10
38  1.50796  100  10
38  1.53938  100  10
38  1.5708  100  10
38  1.60221  100  10
38  1.63363  100  10
38  1.66504  100  10
38  1.69646  95  9.74679
38  1.72788  100  10
38  1.75929  100  10
38  1.79071  95.6522  9.78019
38  1.82212  95.3125  9.76281
38  1.85354  100  10
38  1.88496  97.5309  9.87577
38  1.91637  98.2143  9.91031
38  1.94779  95.082  9.751
38  1.9792  98.75  9.9373
38  2.01062  97.7011  9.88439
38  2.04204  95.8904  9.79236
38  2.07345  97.4684  9.87261
38  2.10487  96.5517  9.82607
38  2.13628  98.5075  9.92509
38  2.1677  95.7895  9.78721
38  2.19911  91.0112  9.53998
38  2.23053  89.7959  9.47607
38  2.26195  94.382  9.71504
38  2.29336  95.5056  9.7727
38  2.32478  88.8889  9.42809
38  2.35619  91.8033  9.5814
38  2.38761  89.0411  9.43616
38  2.41903  91.6667  9.57427
38  2.45044  93.4783  9.66842
38  2.48186  88.8889  9.42809
38  2.51327  78  8.83176
38  2.54469  85.2941  9.23548
38  2.57611  78.5714  8.86405
38  2.60752  83.871  9.15811
38  2.63894  92.3077  9.60769
38  2.67035  73.0769  8.5485
38  2.70177  35.7143  5.97614
38  2.73319  80  8.94427
38  2.7646  71.4286  8.45154
38  2.79602  62.5  7.90569
38  2.82743  33.3333  5.7735
38  2.85885  75  8.66025
38  2.89027  40  6.32456
38  2.92168  0  0
38  2.9531  0  0
38  2.98451  0  0
38  3.01593  0  0
38  3.04734  0  0
38  3.07876  0  0
38  3.11018  0  0
38.25  0  0  0
38.25  0.0314159  0  0
38.25  0.0628319  0  0
38.25  0.0942478  0  0
38.25  0.125664  0  0
38.25  0.15708  0  0
38.25  0.188496  0  0
38.25  0.219911  0  0
38.25  0.251327  33.3333  5.7735
38.25  0.282743  42.8571  6.54654
38.25  0.314159  81.25  9.01388
38.25  0.345575  73.3333  8.56349
38.25  0.376991  76.1905  8.72872
38.25  0.408407  57.8947  7.60886
38.25  0.439823  81.8182  9.04534
38.25  0.471239  85.7143  9.2582
38.25  0.502655  78.5714  8.86405
38.25  0.534071  91.4286  9.56183
38.25  0.565487  80  8.94427
38.25  0.596903  77.7778  8.81917
38.25  0.628319  88.4615  9.4054
38.25  0.659734  88.2353  9.39336
38.25  0.69115  92.7273  9.6295
38.25  0.722566  88.6792  9.41697
38.25  0.753982  90.411  9.50847
38.25  0.785398  91.5663  9.56903
38.25  0.816814  93.2039  9.65422
38.25  0.84823  90.099  9.49205
38.25  0.879646  91.6667  9.57427
38.25  0.911062  96.9072  9.84415
38.25  0.942478  93.6842  9.67906
38.25  0.973894  93.4211  9.66546
38.25  1.00531  93.9759  9.69412
38.25  1.03673  95.122  9.75305
38.25  1.06814  95.122  9.75305
38.25  1.09956  95.6522  9.78019
38.25  1.13097  96.8254  9.83999
38.25  1.16239  98.75  9.9373
38.25  1.19381  100  10
38.25  1.22522  91.3043  9.55533
38.25  1.25664  98.2456  9.91189
38.25  1.28805  97.9592  9.89743
38.25  1.31947  98.2143  9.91031
38.25  1.35088  98.5714  9.92831
38.25  1.3823  98.5507  9.92727
38.25  1.41372  100  10
38.25  1.44513  100  10
38.25  1.47655  100  10
38.25  1.50796  100  10
38.25  1.53938  100  10
38.25  1.5708  98.5075  9.92509
38.25  1.60221  100  10
38.25  1.63363  98.75  9.9373
38.25  1.66504  100  10
38.25  1.69646  97.7778  9.88826
38.25  1.72788  97.1429  9.85611
38.25  1.75929  96.6667  9.83192
38.25  1.79071  98.3051  9.91489
38.25  1.82212  97.2603  9.86206
38.25  1.85354  96.875  9.84251
38.25  1.88496  95.9459  9.7952
38.25  1.91637  96  9.79796
38.25  1.94779  98.913  9.9455
38.25  1.9792  94.4444  9.71825
38.25  2.01062  96.6292  9.83002
38.25  2.04204  95.5056  9.7727
38.25  2.07345  95.6989  9.78258
38.25  2.10487  92.3077  9.60769
38.25  2.13628  97.4359  9.87096
38.25  2.1677  96.25  9.81071
38.25  2.19911  97.0588  9.85184
38.25  2.23053  97.5  9.87421
38.25  2.26195  94.3089  9.71128
38.25  2.29336  89.7959  9.47607
38.25  2.32478  86.9565  9.32505
38.25  2.35619  90.1408  9.49425
38.25  2.38761  92.9825  9.64274
38.25  2.41903  85.4545  9.24416
38.25  2.45044  96.875  9.84251
38.25  2.48186  86.7925  9.31625
38.25  2.51327  92.5926  9.6225
38.25  2.54469  84.375  9.18559
38.25  2.57611  71.875  8.47791
38.25  2.60752  78.9474  8.88523
38.25  2.63894  73.6842  8.58395
38.25  2.67035  52  7.2111
38.25  2.70177  89.4737  9.45905
38.25  2.73319  100  10
38.25  2.7646  84.6154  9.19866
38.25  2.79602  72.7273  8.52803
38.25  2.82743  60  7.74597
38.25  2.85885  37.5  6.12372
38.25  2.89027  70  8.3666
38.25  2.92168  0  0
38.25  2.9531  0  0
38.25  2.98451  0  0
38.25  3.01593  0  0
38.25  3.04734  0  0
38.25  3.07876  0  0
38.25  3.11018  0  0
38.5  0  0  0
38.5  0.0314159  0  0
38.5  0.0628319  0  0
38.5  0.0942478  0  0
38.5  0.125664  0  0
38.5  0.15708  0  0
38.5  0.188496  16.6667  4.08248
38.5  0.219911  27.2727  5.22233
38.5  0.251327  60  7.74597
38.5  0.282743  66.6667  8.16497
38.5  0.314159  84.2105  9.17663
38.5  0.345575  77.7778  8.81917
38.5  0.376991  76.9231  8.77058
38.5  0.408407  78.9474  8.88523
38.5  0.439823  80.6452  8.98027
38.5  0.471239  80  8.94427
38.5  0.502655  92  9.59166
38.5  0.534071  84.2105  9.17663
38.5  0.565487  75.6757  8.69918
38.5  0.596903  77.4194  8.79883
38.5  0.628319  93.617  9.67559
38.5  0.659734  94.8718  9.74022
38.5  0.69115  78.5714  8.86405
38.5  0.722566  87.013  9.32808
38.5  0.753982  84.7458  9.20575
38.5  0.785398  89.5349  9.46229
38.5  0.816814  90.5405  9.51528
38.5  0.84823  90.8046  9.52914
38.5  0.879646  92.7083  9.62852
38.5  0.911062  90  9.48683
38.5  0.942478  91.8605  9.58439
38.5  0.973894  91.4634  9.56365
38.5  1.00531  94.6809  9.73041
38.5  1.03673  94.0476  9.69782
38.5  1.06814  95.3488  9.76467
38.5  1.09956  98.8372  9.94169
38.5  1.13097  88.5714  9.41124
38.5  1.16239  95.7447  9.78492
38.5  1.19381  96.0784  9.80196
38.5  1.22522  95.8333  9.78945
38.5  1.25664  98.5075  9.92509
38.5  1.28805  93.4211  9.66546
38.5  1.31947  97.2603  9.86206
38.5  1.35088  98.5075  9.92509
38.5  1.3823  98  9.89949
38.5  1.41372  100  10
38.5  1.44513  98.5075  9.92509
38.5  1.47655  100  10
38.5  1.50796  100  10
38.5  1.53938  100  10
38.5  1.5708  100  10
38.5  1.60221  98.3051  9.91489
38.5  1.63363  100  10
38.5  1.66504  96.7742  9.83739
38.5  1.69646  98  9.89949
38.5  1.72788  98.6111  9.93031
38.5  1.75929  100  10
38.5  1.79071  96.2963  9.81307
38.5  1.82212  100  10
38.5  1.85354  100  10
38.5  1.88496  100  10
38.5  1.91637  100  10
38.5  1.94779  97.1429  9.85611
38.5  1.9792  97.4026  9.86928
38.5  2.01062  91.6667  9.57427
38.5  2.04204  95.0617  9.74996
38.5  2.07345  94.8052  9.7368
38.5  2.10487  94.7368  9.73329
38.5  2.13628  91.1111  9.54521
38.5  2.1677  98.6111  9.93031
38.5  2.19911  93.0233  9.64486
38.5  2.23053  94.4444  9.71825
38.5  2.26195  95.7895  9.78721
38.5  2.29336  95  9.74679
38.5  2.32478  86.5979  9.3058
38.5  2.35619  90.5405  9.51528
38.5  2.38761  94.8276  9.73795
38.5  2.41903  84.4156  9.1878
38.5  2.45044  86.2745  9.28841
38.5  2.48186  80.9524  8.99735
38.5  2.51327  78.0488  8.83452
38.5  2.54469  87.8788  9.37437
38.5  2.57611  90.2439  9.49968
38.5  2.60752  90  9.48683
38.5  2.63894  86.6667  9.30949
38.5  2.67035  85  9.21954
38.5  2.70177  72.7273  8.52803
38.5  2.73319  70.5882  8.40168
38.5  2.7646  66.6667  8.16497
38.5  2.79602  52.6316  7.25476
38.5  2.82743  66.6667  8.16497
38.5  2.85885  75  8.66025
38.5  2.89027  20  4.47214
38.5  2.92168  0  0
38.5  2.9531  0  0
38.5  2.98451  0  0
38.5  3.01593  0  0
38.5  3.04734  0  0
38.5  3.07876  0  0
38.5  3.11018  0  0
38.75  0  0  0
38.75  0.0314159  0  0
38.75  0.0628319  0  0
38.75  0.0942478  0  0
38.75  0.125664  0  0
38.75  0.15708  0  0
38.75  0.188496  25  5
38.75  0.219911  16.6667  4.08248
38.75  0.251327  46.6667  6.8313
38.75  0.282743  83.3333  9.12871
38.75  0.314159  72.2222  8.49837
38.75  0.345575  50  7.07107
38.75  0.376991  73.3333  8.56349
38.75  0.408407  71.4286  8.45154
38.75  0.439823  65.2174  8.07573
38.75  0.471239  89.6552  9.46864
38.75  0.502655  88.8889  9.42809
38.75  0.534071  86.4865  9.29981
38.75  0.565487  73.8095  8.59125
38.75  0.596903  88.3721  9.40064
38.75  0.628319  77.4194  8.79883
38.75  0.659734  84.3137  9.18225
38.75  0.69115  88.4615  9.4054
38.75  0.722566  87.1795  9.337
38.75  0.753982  91.0256  9.54074
38.75  0.785398  89.6104  9.46628
38.75  0.816814  89.4118  9.45578
38.75  0.84823  91.4286  9.56183
38.75  0.879646  96.4706  9.82194
38.75  0.911062  91.9192  9.58745
38.75  0.942478  96.6667  9.83192
38.75  0.973894  94.8454  9.73886
38.75  1.00531  91.25  9.55249
38.75  1.03673  94.8276  9.73795
38.75  1.06814  98.8372  9.94169
38.75  1.09956  96.0526  9.80064
38.75  1.13097  91.5493  9.56814
38.75  1.16239  95.8904  9.79236
38.75  1.19381  96.7213  9.8347
38.75  1.22522  97.2222  9.86013
38.75  1.25664  91.0448  9.54174
38.75  1.28805  98.3607  9.91769
38.75  1.31947  100  10
38.75  1.35088  94.1176  9.70143
38.75  1.3823  100  10
38.75  1.41372  98.4375  9.92157
38.75  1.44513  100  10
38.75  1.47655  100  10
38.75  1.50796  100  10
38.75  1.53938  100  10
38.75  1.5708  100  10
38.75  1.60221  100  10
38.75  1.63363  100  10
38.75  1.66504  100  10
38.75  1.69646  100  10
38.75  1.72788  100  10
38.75  1.75929  98.4375  9.92157
38.75  1.79071  96.1538  9.80581
38.75  1.82212  97.0588  9.85184
38.75  1.85354  96.6667  9.83192
38.75  1.88496  95.9459  9.7952
38.75  1.91637  93.8272  9.68644
38.75  1.94779  97.2603  9.86206
38.75  1.9792  93.6709  9.67837
38.75  2.01062  100  10
38.75  2.04204  93.9394  9.69223
38.75  2.07345  92.2078  9.60249
38.75  2.10487  92.4242  9.61375
38.75  2.13628  97.5904  9.87878
38.75  2.1677  95.3488  9.76467
38.75  2.19911  96.5517  9.82607
38.75  2.23053  92  9.59166
38.75  2.26195  91.6667  9.57427
38.75  2.29336  94.1176  9.70143
38.75  2.32478  88.764  9.42147
38.75  2.35619  92.7536  9.63087
38.75  2.38761  89.7059  9.47132
38.75  2.41903  88.7097  9.41858
38.75  2.45044  87.2727  9.34199
38.75  2.48186  81.5789  9.03211
38.75  2.51327  79.0698  8.89212
38.75  2.54469  82.3529  9.07485
38.75  2.57611  89.4737  9.45905
38.75  2.60752  92.8571  9.63624
38.75  2.63894  90.3226  9.50382
38.75  2.67035  85.7143  9.2582
38.75  2.70177  75  8.66025
38.75  2.73319  66.6667  8.16497
38.75  2.7646  70.5882  8.40168
38.75  2.79602  75  8.66025
38.75  2.82743  85.7143  9.2582
38.75  2.85885  33.3333  5.7735
38.75  2.89027  0  0
38.75  2.92168  0  0
38.75  2.9531  0  0
38.75  2.98451  0  0
38.75  3.01593  0  0
38.75  3.04734  0  0
38.75  3.07876  0  0
38.75  3.11018  0  0
39  0  0  0
39  0.0314159  0  0
39  0.0628319  0  0
39  0.0942478  0  0
39  0.125664  0  0
39  0.15708  0  0
39  0.188496  16.6667  4.08248
39  0.219911  14.2857  3.77964
39  0.251327  66.6667  8.16497
39  0.282743  58.3333  7.63763
39  0.314159  81.8182  9.04534
39  0.345575  84.2105  9.17663
39  0.376991  82.3529  9.07485
39  0.408407  76.6667  8.75595
39  0.439823  76.9231  8.77058
39  0.471239  90  9.48683
39  0.502655  92  9.59166
39  0.534071  82.7586  9.09718
39  0.565487  92.1053  9.59715
39  0.596903  88.6364  9.41469
39  0.628319  85.3659  9.23936
39  0.659734  80.4878  8.9715
39  0.69115  88.8889  9.42809
39  0.722566  93.1034  9.64901
39  0.753982  88.3117  9.39743
39  0.785398  89.2857  9.44911
39  0.816814  93.5897  9.67418
39  0.84823  96.1165  9.8039
39  0.879646  88  9.38083
39  0.911062  92.5926  9.6225
39  0.942478  90.5882  9.51779
39  0.973894  94.382  9.71504
39  1.00531  95.5556  9.77525
39  1.03673  96.9231  9.84495
39  1.06814  97.1429  9.85611
39  1.09956  95.5882  9.77692
39  1.13097  95.4545  9.77008
39  1.16239  96.0526  9.80064
39  1.19381  95.0617  9.74996
39  1.22522  93.9394  9.69223
39  1.25664  92.9825  9.64274
39  1.28805  97.1831  9.85815
39  1.31947  93.75  9.68246
39  1.35088  95.8904  9.79236
39  1.3823  98.2456  9.91189
39  1.41372  100  10
39  1.44513  100  10
39  1.47655  100  10
39  1.50796  98.1818  9.90867
39  1.53938  100  10
39  1.5708  100  10
39  1.60221  100  10
39  1.63363  100  10
39  1.66504  98.4127  9.92032
39  1.69646  98.5714  9.92831
39  1.72788  98.4615  9.92278
39  1.75929  100  10
39  1.79071  98.2456  9.91189
39  1.82212  95.3125  9.76281
39  1.85354  94.5205  9.72217
39  1.88496  98.4375  9.92157
39  1.91637  98.7952  9.93958
39  1.94779  94.9153  9.74245
39  1.9792  96.3415  9.81537
39  2.01062  96.5116  9.82403
39  2.04204  95.5882  9.77692
39  2.07345  97.619  9.88024
39  2.10487  97.561  9.8773
39  2.13628  91.1111  9.54521
39  2.1677  93.8144  9.68579
39  2.19911  94.7368  9.73329
39  2.23053  86.8687  9.32034
39  2.26195  95.4545  9.77008
39  2.29336  95  9.74679
39  2.32478  88.172  9.39
39  2.35619  89.1892  9.444
39  2.38761  95.3846  9.7665
39  2.41903  96  9.79796
39  2.45044  86.2745  9.28841
39  2.48186  86.1111  9.27961
39  2.51327  91.6667  9.57427
39  2.54469  80.5556  8.97527
39  2.57611  87.5  9.35414
39  2.60752  79.3103  8.90564
39  2.63894  72.4138  8.50963
39  2.67035  83.3333  9.12871
39  2.70177  80.9524  8.99735
39  2.73319  71.4286  8.45154
39  2.7646  53.8462  7.33799
39  2.79602  69.2308  8.3205
39  2.82743  44.4444  6.66667
39  2.85885  75  8.66025
39  2.89027  40  6.32456
39  2.92168  25  5
39  2.9531  0  0
39  2.98451  0  0
39  3.01593  0  0
39  3.04734  0  0
39  3.07876  0  0
39  3.11018  0  0
39.25  0  0  0
39.25  0.0314159  0  0
39.25  0.0628319  0  0
39.25  0.0942478  0  0
39.25  0.125664  0  0
39.25  0.15708  0  0
39.25  0.188496  9.09091  3.01511
39.25  0.219911  20  4.47214
39.25  0.251327  66.6667  8.16497
39.25  0.282743  37.5  6.12372
39.25  0.314159  90.9091  9.53463
39.25  0.345575  75  8.66025
39.25  0.376991  85.7143  9.2582
39.25  0.408407  65.2174  8.07573
39.25  0.439823  77.7778  8.81917
39.25  0.471239  56  7.48331
39.25  0.502655  83.3333  9.12871
39.25  0.534071  82.1429  9.06327
39.25  0.565487  87.1795  9.337
39.25  0.596903  97.8723  9.89305
39.25  0.628319  87.8049  9.37043
39.25  0.659734  81.3953  9.02194
39.25  0.69115  88.8889  9.42809
39.25  0.722566  85.9155  9.26906
39.25  0.753982  87.6712  9.36329
39.25  0.785398  90.4762  9.5119
39.25  0.816814  91.5789  9.56969
39.25  0.84823  90.3846  9.50708
39.25  0.879646  94.0476  9.69782
39.25  0.911062  95  9.74679
39.25  0.942478  94.7917  9.7361
39.25  0.973894  97.561  9.8773
39.25  1.00531  95.9184  9.79379
39.25  1.03673  97.2973  9.86394
39.25  1.06814  97.4026  9.86928
39.25  1.09956  93.9024  9.69033
39.25  1.13097  100  10
39.25  1.16239  94.5205  9.72217
39.25  1.19381  98.4615  9.92278
39.25  1.22522  94.1176  9.70143
39.25  1.25664  97.3333  9.86577
39.25  1.28805  94.9367  9.74355
39.25  1.31947  95.5882  9.77692
39.25  1.35088  94.9153  9.74245
39.25  1.3823  98.4615  9.92278
39.25  1.41372  100  10
39.25  1.44513  98.3607  9.91769
39.25  1.47655  100  10
39.25  1.50796  100  10
39.25  1.53938  100  10
39.25  1.5708  100  10
39.25  1.60221  100  10
39.25  1.63363  96.8254  9.83999
39.25  1.66504  98.4615  9.92278
39.25  1.69646  98.1818  9.90867
39.25  1.72788  100  10
39.25  1.75929  96.6102  9.82905
39.25  1.79071  100  10
39.25  1.82212  100  10
39.25  1.85354  100  10
39.25  1.88496  98.4375  9.92157
39.25  1.91637  98.0392  9.90148
39.25  1.94779  98.5294  9.9262
39.25  1.9792  98.6111  9.93031
39.25  2.01062  94.186  9.70495
39.25  2.04204  92.4242  9.61375
39.25  2.07345  98.6111  9.93031
39.25  2.10487  97.7273  9.88571
39.25  2.13628  94.898  9.74156
39.25  2.1677  93.4066  9.66471
39.25  2.19911  93.6842  9.67906
39.25  2.23053  91.7526  9.57876
39.25  2.26195  91.9192  9.58745
39.25  2.29336  92.5926  9.6225
39.25  2.32478  91.6667  9.57427
39.25  2.35619  88.7324  9.41979
39.25  2.38761  94.7368  9.73329
39.25  2.41903  100  10
39.25  2.45044  94.1176  9.70143
39.25  2.48186  100  10
39.25  2.51327  87.1795  9.337
39.25  2.54469  88.8889  9.42809
39.25  2.57611  86.6667  9.30949
39.25  2.60752  78.7879  8.87625
39.25  2.63894  84.6154  9.19866
39.25  2.67035  86.3636  9.2932
39.25  2.70177  81.4815  9.02671
39.25  2.73319  80  8.94427
39.25  2.7646  64.7059  8.044
39.25  2.79602  52.9412  7.27607
39.25  2.82743  60  7.74597
39.25  2.85885  50  7.07107
39.25  2.89027  70  8.3666
39.25  2.92168  22.2222  4.71405
39.25  2.9531  0  0
39.25  2.98451  0  0
39.25  3.01593  0  0
39.25  3.04734  0  0
39.25  3.07876  0  0
39.25  3.11018  0  0
39.5  0  0  0
39.5  0.0314159  0  0
39.5  0.0628319  0  0
39.5  0.0942478  0  0
39.5  0.125664  0  0
39.5  0.15708  0  0
39.5  0.188496  9.09091  3.01511
39.5  0.219911  28.5714  5.34522
39.5  0.251327  50  7.07107
39.5  0.282743  80  8.94427
39.5  0.314159  83.3333  9.12871
39.5  0.345575  63.6364  7.97724
39.5  0.376991  66.6667  8.16497
39.5  0.408407  88.4615  9.4054
39.5  0.439823  73.6842  8.58395
39.5  0.471239  91.8919  9.58603
39.5  0.502655  87.8788  9.37437
39.5  0.534071  85  9.21954
39.5  0.565487  85.3659  9.23936
39.5  0.596903  79.5455  8.91883
39.5  0.628319  86.8421  9.31891
39.5  0.659734  94.1176  9.70143
39.5  0.69115  83.3333  9.12871
39.5  0.722566  92.9825  9.64274
39.5  0.753982  87.5  9.35414
39.5  0.785398  92.6829  9.6272
39.5  0.816814  95.2381  9.759
39.5  0.84823  87  9.32738
39.5  0.879646  96  9.79796
39.5  0.911062  94.5055  9.72139
39.5  0.942478  93.8776  9.68904
39.5  0.973894  93.617  9.67559
39.5  1.00531  96.9697  9.84732
39.5  1.03673  93.5065  9.66988
39.5  1.06814  93.8462  9.68742
39.5  1.09956  98.8235  9.941
39.5  1.13097  98.8372  9.94169
39.5  1.16239  96.9697  9.84732
39.5  1.19381  98.3871  9.91903
39.5  1.22522  98.75  9.9373
39.5  1.25664  100  10
39.5  1.28805  98.6111  9.93031
39.5  1.31947  98.4848  9.92395
39.5  1.35088  100  10
39.5  1.3823  96.1538  9.80581
39.5  1.41372  100  10
39.5  1.44513  98.5915  9.92933
39.5  1.47655  98.1481  9.90697
39.5  1.50796  98.5075  9.92509
39.5  1.53938  98.7179  9.93569
39.5  1.5708  100  10
39.5  1.60221  98.2759  9.91342
39.5  1.63363  100  10
39.5  1.66504  100  10
39.5  1.69646  95.9459  9.7952
39.5  1.72788  98.3607  9.91769
39.5  1.75929  98.2456  9.91189
39.5  1.79071  100  10
39.5  1.82212  100  10
39.5  1.85354  94.2029  9.70582
39.5  1.88496  100  10
39.5  1.91637  96.7742  9.83739
39.5  1.94779  95.5224  9.77356
39.5  1.9792  95.2381  9.759
39.5  2.01062  93.5897  9.67418
39.5  2.04204  96.2963  9.81307
39.5  2.07345  95.082  9.751
39.5  2.10487  97.6744  9.88304
39.5  2.13628  93.9759  9.69412
39.5  2.1677  92.9412  9.6406
39.5  2.19911  96.0396  9.79998
39.5  2.23053  95.1807  9.75606
39.5  2.26195  95.6897  9.78211
39.5  2.29336  87.013  9.32808
39.5  2.32478  95  9.74679
39.5  2.35619  89.6104  9.46628
39.5  2.38761  91.3043  9.55533
39.5  2.41903  89.3617  9.45313
39.5  2.45044  90.7407  9.52579
39.5  2.48186  92.1053  9.59715
39.5  2.51327  92.3077  9.60769
39.5  2.54469  83.871  9.15811
39.5  2.57611  86.2069  9.28477
39.5  2.60752  80.9524  8.99735
39.5  2.63894  100  10
39.5  2.67035  73.0769  8.5485
39.5  2.70177  76.9231  8.77058
39.5  2.73319  68.75  8.29156
39.5  2.7646  75  8.66025
39.5  2.79602  64.2857  8.01784
39.5  2.82743  45.4545  6.742
39.5  2.85885  50  7.07107
39.5  2.89027  33.3333  5.7735
39.5  2.92168  12.5  3.53553
39.5  2.9531  0  0
39.5  2.98451  0  0
39.5  3.01593  0  0
39.5  3.04734  0  0
39.5  3.07876  0  0
39.5  3.11018  0  0
39.75  0  0  0
39.75  0.0314159  0  0
39.75  0.0628319  0  0
39.75  0.0942478  0  0
39.75  0.125664  0  0
39.75  0.15708  0  0
39.75  0.188496  50  7.07107
39.75  0.219911  55.5556  7.45356
39.75  0.251327  61.5385  7.84465
39.75  0.282743  53.8462  7.33799
39.75  0.314159  66.6667  8.16497
39.75  0.345575  72.2222  8.49837
39.75  0.376991  76.1905  8.72872
39.75  0.408407  94.1176  9.70143
39.75  0.439823  90.4762  9.5119
39.75  0.471239  90  9.48683
39.75  0.502655  78.125  8.83883
39.75  0.534071  90.9091  9.53463
39.75  0.565487  82.1429  9.06327
39.75  0.596903  82.8571  9.10259
39.75  0.628319  89.1304  9.44089
39.75  0.659734  89.8305  9.4779
39.75  0.69115  89.7059  9.47132
39.75  0.722566  83.9506  9.16246
39.75  0.753982  96.25  9.81071
39.75  0.785398  95.1807  9.75606
39.75  0.816814  95.3704  9.76578
39.75  0.84823  92.2078  9.60249
39.75  0.879646  96.7033  9.83378
39.75  0.911062  90.6667  9.5219
39.75  0.942478  92.3077  9.60769
39.75  0.973894  92.9412  9.6406
39.75  1.00531  97.561  9.8773
39.75  1.03673  94.2857  9.71008
39.75  1.06814  97.619  9.88024
39.75  1.09956  98.5294  9.9262
39.75  1.13097  97.3684  9.86754
39.75  1.16239  96.9697  9.84732
39.75  1.19381  96.4286  9.81981
39.75  1.22522  100  10
39.75  1.25664  92.6471  9.62533
39.75  1.28805  97.1831  9.85815
39.75  1.31947  98.2143  9.91031
39.75  1.35088  98.4127  9.92032
39.75  1.3823  98.6111  9.93031
39.75  1.41372  98.3051  9.91489
39.75  1.44513  98.5294  9.9262
39.75  1.47655  100  10
39.75  1.50796  100  10
39.75  1.53938  100  10
39.75  1.5708  100  10
39.75  1.60221  100  10
39.75  1.63363  98.0392  9.90148
39.75  1.66504  100  10
39.75  1.69646  97.0588  9.85184
39.75  1.72788  97.0149  9.84962
39.75  1.75929  98.4127  9.92032
39.75  1.79071  97.1014  9.85401
39.75  1.82212  98.5507  9.92727
39.75  1.85354  98.5507  9.92727
39.75  1.88496  98.6111  9.93031
39.75  1.91637  98.8636  9.94302
39.75  1.94779  94.2529  9.70839
39.75  1.9792  95  9.74679
39.75  2.01062  97.8947  9.89418
39.75  2.04204  98.9247  9.94609
39.75  2.07345  94.6237  9.72747
39.75  2.10487  91.3978  9.56022
39.75  2.13628  92.6829  9.6272
39.75  2.1677  95.1923  9.75665
39.75  2.19911  96.5909  9.82807
39.75  2.23053  89.899  9.48151
39.75  2.26195  97.8723  9.89305
39.75  2.29336  93.8776  9.68904
39.75  2.32478  93.5897  9.67418
39.75  2.35619  93.4211  9.66546
39.75  2.38761  93.4426  9.66657
39.75  2.41903  92.3077  9.60769
39.75  2.45044  89.5833  9.46485
39.75  2.48186  88.0952  9.38591
39.75  2.51327  81.5789  9.03211
39.75  2.54469  79.4118  8.91133
39.75  2.57611  76.1905  8.72872
39.75  2.60752  70  8.3666
39.75  2.63894  72.7273  8.52803
39.75  2.67035  76.4706  8.74475
39.75  2.70177  86.2069  9.28477
39.75  2.73319  50  7.07107
39.75  2.7646  86.9565  9.32505
39.75  2.79602  76.1905  8.72872
39.75  2.82743  60  7.74597
39.75  2.85885  62.5  7.90569
39.75  2.89027  85.7143  9.2582
39.75  2.92168  0  0
39.75  2.9531  0  0
39.75  2.98451  0  0
39.75  3.01593  0  0
39.75  3.04734  0  0
39.75  3.07876  0  0
39.75  3.11018  0  0
