2  0  0  0
2  0.0314159  0  0
2  0.0628319  0  0
2  0.0942478  0  0
2  0.125664  0  0
2  0.15708  0  0
2  0.188496  0  0
2  0.219911  0  0
2  0.251327  0  0
2  0.282743  0  0
2  0.314159  0  0
2  0.345575  0  0
2  0.376991  0  0
2  0.408407  0  0
2  0.439823  0  0
2  0.471239  0  0
2  0.502655  0  0
2  0.534071  0  0
2  0.565487  0  0
2  0.596903  0  0
2  0.628319  0  0
2  0.659734  0  0
2  0.69115  0  0
2  0.722566  0  0
2  0.753982  0  0
2  0.785398  0  0
2  0.816814  0  0
2  0.84823  0  0
2  0.879646  0  0
2  0.911062  0  0
2  0.942478  0  0
2  0.973894  0  0
2  1.00531  0  0
2  1.03673  0  0
2  1.06814  0  0
2  1.09956  0  0
2  1.13097  0  0
2  1.16239  0  0
2  1.19381  0  0
2  1.22522  0  0
2  1.25664  0  0
2  1.28805  0  0
2  1.31947  0  0
2  1.35088  0  0
2  1.3823  0  0
2  1.41372  0  0
2  1.44513  0  0
2  1.47655  0  0
2  1.50796  0  0
2  1.53938  0  0
2  1.5708  0  0
2  1.60221  0  0
2  1.63363  0  0
2  1.66504  0  0
2  1.69646  0  0
2  1.72788  0  0
2  1.75929  0  0
2  1.79071  0  0
2  1.82212  0  0
2  1.85354  0  0
2  1.88496  0  0
2  1.91637  0  0
2  1.94779  0  0
2  1.9792  0  0
2  2.01062  0  0
2  2.04204  0  0
2  2.07345  0  0
2  2.10487  0  0
2  2.13628  0  0
2  2.1677  0  0
2  2.19911  0  0
2  2.23053  0  0
2  2.26195  0  0
2  2.29336  0  0
2  2.32478  0  0
2  2.35619  0  0
2  2.38761  0  0
2  2.41903  0  0
2  2.45044  0  0
2  2.48186  0  0
2  2.51327  0  0
2  2.54469  0  0
2  2.57611  0  0
2  2.60752  0  0
2  2.63894  0  0
2  2.67035  0  0
2  2.70177  0  0
2  2.73319  0  0
2  2.7646  0  0
2  2.79602  0  0
2  2.82743  0  0
2  2.85885  0  0
2  2.89027  0  0
2  2.92168  0  0
2  2.9531  0  0
2  2.98451  0  0
2  3.01593  0  0
2  3.04734  0  0
2  3.07876  0  0
2  3.11018  0  0
2.125  0  0  0
2.125  0.0314159  0  0
2.125  0.0628319  0  0
2.125  0.0942478  0  0
2.125  0.125664  0  0
2.125  0.15708  0  0
2.125  0.188496  0  0
2.125  0.219911  0  0
2.125  0.251327  0  0
2.125  0.282743  0  0
2.125  0.314159  0  0
2.125  0.345575  0  0
2.125  0.376991  0  0
2.125  0.408407  0  0
2.125  0.439823  0  0
2.125  0.471239  0  0
2.125  0.502655  0  0
2.125  0.534071  0  0
2.125  0.565487  0  0
2.125  0.596903  0  0
2.125  0.628319  0  0
2.125  0.659734  0  0
2.125  0.69115  0  0
2.125  0.722566  0  0
2.125  0.753982  0  0
2.125  0.785398  0  0
2.125  0.816814  0  0
2.125  0.84823  0  0
2.125  0.879646  0  0
2.125  0.911062  0  0
2.125  0.942478  0  0
2.125  0.973894  0  0
2.125  1.00531  0  0
2.125  1.03673  0  0
2.125  1.06814  0  0
2.125  1.09956  0  0
2.125  1.13097  0  0
2.125  1.16239  0  0
2.125  1.19381  0  0
2.125  1.22522  0  0
2.125  1.25664  0  0
2.125  1.28805  0  0
2.125  1.31947  0  0
2.125  1.35088  0  0
2.125  1.3823  0  0
2.125  1.41372  0  0
2.125  1.44513  0  0
2.125  1.47655  0  0
2.125  1.50796  0  0
2.125  1.53938  0  0
2.125  1.5708  0  0
2.125  1.60221  0  0
2.125  1.63363  0  0
2.125  1.66504  0  0
2.125  1.69646  0  0
2.125  1.72788  0  0
2.125  1.75929  0  0
2.125  1.79071  0  0
2.125  1.82212  0  0
2.125  1.85354  0  0
2.125  1.88496  0  0
2.125  1.91637  0  0
2.125  1.94779  0  0
2.125  1.9792  0  0
2.125  2.01062  0  0
2.125  2.04204  0  0
2.125  2.07345  0  0
2.125  2.10487  0  0
2.125  2.13628  0  0
2.125  2.1677  0  0
2.125  2.19911  0  0
2.125  2.23053  0  0
2.125  2.26195  0  0
2.125  2.29336  0  0
2.125  2.32478  0  0
2.125  2.35619  0  0
2.125  2.38761  0  0
2.125  2.41903  0  0
2.125  2.45044  0  0
2.125  2.48186  0  0
2.125  2.51327  0  0
2.125  2.54469  0  0
2.125  2.57611  0  0
2.125  2.60752  0  0
2.125  2.63894  0  0
2.125  2.67035  0  0
2.125  2.70177  0  0
2.125  2.73319  0  0
2.125  2.7646  0  0
2.125  2.79602  0  0
2.125  2.82743  0  0
2.125  2.85885  0  0
2.125  2.89027  0  0
2.125  2.92168  0  0
2.125  2.9531  0  0
2.125  2.98451  0  0
2.125  3.01593  0  0
2.125  3.04734  0  0
2.125  3.07876  0  0
2.125  3.11018  0  0
2.25  0  0  0
2.25  0.0314159  0  0
2.25  0.0628319  0  0
2.25  0.0942478  0  0
2.25  0.125664  0  0
2.25  0.15708  0  0
2.25  0.188496  0  0
2.25  0.219911  0  0
2.25  0.251327  0  0
2.25  0.282743  0  0
2.25  0.314159  0  0
2.25  0.345575  0  0
2.25  0.376991  0  0
2.25  0.408407  0  0
2.25  0.439823  0  0
2.25  0.471239  0  0
2.25  0.502655  0  0
2.25  0.534071  0  0
2.25  0.565487  0  0
2.25  0.596903  0  0
2.25  0.628319  0  0
2.25  0.659734  0  0
2.25  0.69115  0  0
2.25  0.722566  0  0
2.25  0.753982  0  0
2.25  0.785398  0  0
2.25  0.816814  0  0
2.25  0.84823  0  0
2.25  0.879646  0  0
2.25  0.911062  0  0
2.25  0.942478  0  0
2.25  0.973894  0  0
2.25  1.00531  0  0
2.25  1.03673  0  0
2.25  1.06814  0  0
2.25  1.09956  0  0
2.25  1.13097  0  0
2.25  1.16239  0  0
2.25  1.19381  0  0
2.25  1.22522  0  0
2.25  1.25664  0  0
2.25  1.28805  0  0
2.25  1.31947  0  0
2.25  1.35088  0  0
2.25  1.3823  0  0
2.25  1.41372  0  0
2.25  1.44513  0  0
2.25  1.47655  0  0
2.25  1.50796  0  0
2.25  1.53938  0  0
2.25  1.5708  0  0
2.25  1.60221  0  0
2.25  1.63363  0  0
2.25  1.66504  0  0
2.25  1.69646  0  0
2.25  1.72788  0  0
2.25  1.75929  0  0
2.25  1.79071  0  0
2.25  1.82212  0  0
2.25  1.85354  0  0
2.25  1.88496  0  0
2.25  1.91637  0  0
2.25  1.94779  0  0
2.25  1.9792  0  0
2.25  2.01062  0  0
2.25  2.04204  0  0
2.25  2.07345  0  0
2.25  2.10487  0  0
2.25  2.13628  0  0
2.25  2.1677  0  0
2.25  2.19911  0  0
2.25  2.23053  0  0
2.25  2.26195  0  0
2.25  2.29336  0  0
2.25  2.32478  0  0
2.25  2.35619  0  0
2.25  2.38761  0  0
2.25  2.41903  0  0
2.25  2.45044  0  0
2.25  2.48186  0  0
2.25  2.51327  0  0
2.25  2.54469  0  0
2.25  2.57611  0  0
2.25  2.60752  0  0
2.25  2.63894  0  0
2.25  2.67035  0  0
2.25  2.70177  0  0
2.25  2.73319  0  0
2.25  2.7646  0  0
2.25  2.79602  0  0
2.25  2.82743  0  0
2.25  2.85885  0  0
2.25  2.89027  0  0
2.25  2.92168  0  0
2.25  2.9531  0  0
2.25  2.98451  0  0
2.25  3.01593  0  0
2.25  3.04734  0  0
2.25  3.07876  0  0
2.25  3.11018  0  0
2.375  0  0  0
2.375  0.0314159  0  0
2.375  0.0628319  0  0
2.375  0.0942478  0  0
2.375  0.125664  0  0
2.375  0.15708  0  0
2.375  0.188496  0  0
2.375  0.219911  0  0
2.375  0.251327  0  0
2.375  0.282743  0  0
2.375  0.314159  0  0
2.375  0.345575  0  0
2.375  0.376991  0  0
2.375  0.408407  0  0
2.375  0.439823  0  0
2.375  0.471239  0  0
2.375  0.502655  0  0
2.375  0.534071  0  0
2.375  0.565487  0  0
2.375  0.596903  0  0
2.375  0.628319  0  0
2.375  0.659734  0  0
2.375  0.69115  0  0
2.375  0.722566  0  0
2.375  0.753982  0  0
2.375  0.785398  0  0
2.375  0.816814  0  0
2.375  0.84823  0  0
2.375  0.879646  0  0
2.375  0.911062  0  0
2.375  0.942478  0  0
2.375  0.973894  0  0
2.375  1.00531  0  0
2.375  1.03673  0  0
2.375  1.06814  0  0
2.375  1.09956  0  0
2.375  1.13097  0  0
2.375  1.16239  0  0
2.375  1.19381  0  0
2.375  1.22522  0  0
2.375  1.25664  0  0
2.375  1.28805  0  0
2.375  1.31947  0  0
2.375  1.35088  0  0
2.375  1.3823  0  0
2.375  1.41372  0  0
2.375  1.44513  0  0
2.375  1.47655  0  0
2.375  1.50796  0  0
2.375  1.53938  0  0
2.375  1.5708  0  0
2.375  1.60221  0  0
2.375  1.63363  0  0
2.375  1.66504  0  0
2.375  1.69646  0  0
2.375  1.72788  0  0
2.375  1.75929  0  0
2.375  1.79071  0  0
2.375  1.82212  0  0
2.375  1.85354  0  0
2.375  1.88496  0  0
2.375  1.91637  0  0
2.375  1.94779  0  0
2.375  1.9792  0  0
2.375  2.01062  0  0
2.375  2.04204  0  0
2.375  2.07345  0  0
2.375  2.10487  0  0
2.375  2.13628  0  0
2.375  2.1677  0  0
2.375  2.19911  0  0
2.375  2.23053  0  0
2.375  2.26195  0  0
2.375  2.29336  0  0
2.375  2.32478  0  0
2.375  2.35619  0  0
2.375  2.38761  0  0
2.375  2.41903  0  0
2.375  2.45044  0  0
2.375  2.48186  0  0
2.375  2.51327  0  0
2.375  2.54469  0  0
2.375  2.57611  0  0
2.375  2.60752  0  0
2.375  2.63894  0  0
2.375  2.67035  0  0
2.375  2.70177  0  0
2.375  2.73319  0  0
2.375  2.7646  0  0
2.375  2.79602  0  0
2.375  2.82743  0  0
2.375  2.85885  0  0
2.375  2.89027  0  0
2.375  2.92168  0  0
2.375  2.9531  0  0
2.375  2.98451  0  0
2.375  3.01593  0  0
2.375  3.04734  0  0
2.375  3.07876  0  0
2.375  3.11018  0  0
2.5  0  0  0
2.5  0.0314159  0  0
2.5  0.0628319  0  0
2.5  0.0942478  0  0
2.5  0.125664  0  0
2.5  0.15708  0  0
2.5  0.188496  0  0
2.5  0.219911  0  0
2.5  0.251327  0  0
2.5  0.282743  0  0
2.5  0.314159  0  0
2.5  0.345575  0  0
2.5  0.376991  0  0
2.5  0.408407  0  0
2.5  0.439823  0  0
2.5  0.471239  0  0
2.5  0.502655  0  0
2.5  0.534071  0  0
2.5  0.565487  0  0
2.5  0.596903  0  0
2.5  0.628319  0  0
2.5  0.659734  0  0
2.5  0.69115  0  0
2.5  0.722566  0  0
2.5  0.753982  0  0
2.5  0.785398  0  0
2.5  0.816814  0  0
2.5  0.84823  0  0
2.5  0.879646  0  0
2.5  0.911062  0  0
2.5  0.942478  0  0
2.5  0.973894  0  0
2.5  1.00531  0  0
2.5  1.03673  0  0
2.5  1.06814  0  0
2.5  1.09956  0  0
2.5  1.13097  0  0
2.5  1.16239  0  0
2.5  1.19381  0  0
2.5  1.22522  0  0
2.5  1.25664  0  0
2.5  1.28805  0  0
2.5  1.31947  0  0
2.5  1.35088  0  0
2.5  1.3823  0  0
2.5  1.41372  0  0
2.5  1.44513  0  0
2.5  1.47655  0  0
2.5  1.50796  0  0
2.5  1.53938  0  0
2.5  1.5708  0  0
2.5  1.60221  0  0
2.5  1.63363  0  0
2.5  1.66504  0  0
2.5  1.69646  0  0
2.5  1.72788  0  0
2.5  1.75929  0  0
2.5  1.79071  0  0
2.5  1.82212  0  0
2.5  1.85354  0  0
2.5  1.88496  0  0
2.5  1.91637  0  0
2.5  1.94779  0  0
2.5  1.9792  0  0
2.5  2.01062  0  0
2.5  2.04204  0  0
2.5  2.07345  0  0
2.5  2.10487  0  0
2.5  2.13628  0  0
2.5  2.1677  0  0
2.5  2.19911  0  0
2.5  2.23053  0  0
2.5  2.26195  0  0
2.5  2.29336  0  0
2.5  2.32478  0  0
2.5  2.35619  0  0
2.5  2.38761  0  0
2.5  2.41903  0  0
2.5  2.45044  0  0
2.5  2.48186  0  0
2.5  2.51327  0  0
2.5  2.54469  0  0
2.5  2.57611  0  0
2.5  2.60752  0  0
2.5  2.63894  0  0
2.5  2.67035  0  0
2.5  2.70177  0  0
2.5  2.73319  0  0
2.5  2.7646  0  0
2.5  2.79602  0  0
2.5  2.82743  0  0
2.5  2.85885  0  0
2.5  2.89027  0  0
2.5  2.92168  0  0
2.5  2.9531  0  0
2.5  2.98451  0  0
2.5  3.01593  0  0
2.5  3.04734  0  0
2.5  3.07876  0  0
2.5  3.11018  0  0
2.625  0  0  0
2.625  0.0314159  0  0
2.625  0.0628319  0  0
2.625  0.0942478  0  0
2.625  0.125664  0  0
2.625  0.15708  0  0
2.625  0.188496  0  0
2.625  0.219911  0  0
2.625  0.251327  0  0
2.625  0.282743  0  0
2.625  0.314159  0  0
2.625  0.345575  0  0
2.625  0.376991  0  0
2.625  0.408407  0  0
2.625  0.439823  0  0
2.625  0.471239  0  0
2.625  0.502655  0  0
2.625  0.534071  0  0
2.625  0.565487  0  0
2.625  0.596903  0  0
2.625  0.628319  0  0
2.625  0.659734  0  0
2.625  0.69115  0  0
2.625  0.722566  0  0
2.625  0.753982  0  0
2.625  0.785398  0  0
2.625  0.816814  0  0
2.625  0.84823  0  0
2.625  0.879646  0  0
2.625  0.911062  0  0
2.625  0.942478  0  0
2.625  0.973894  0  0
2.625  1.00531  0  0
2.625  1.03673  0  0
2.625  1.06814  0  0
2.625  1.09956  0  0
2.625  1.13097  0  0
2.625  1.16239  0  0
2.625  1.19381  0  0
2.625  1.22522  0  0
2.625  1.25664  0  0
2.625  1.28805  0  0
2.625  1.31947  0  0
2.625  1.35088  0  0
2.625  1.3823  0  0
2.625  1.41372  0  0
2.625  1.44513  0  0
2.625  1.47655  0  0
2.625  1.50796  0  0
2.625  1.53938  0  0
2.625  1.5708  0  0
2.625  1.60221  0  0
2.625  1.63363  0  0
2.625  1.66504  0  0
2.625  1.69646  0  0
2.625  1.72788  0  0
2.625  1.75929  0  0
2.625  1.79071  0  0
2.625  1.82212  0  0
2.625  1.85354  0  0
2.625  1.88496  0  0
2.625  1.91637  0  0
2.625  1.94779  0  0
2.625  1.9792  0  0
2.625  2.01062  0  0
2.625  2.04204  0  0
2.625  2.07345  0  0
2.625  2.10487  0  0
2.625  2.13628  0  0
2.625  2.1677  0  0
2.625  2.19911  0  0
2.625  2.23053  0  0
2.625  2.26195  0  0
2.625  2.29336  0  0
2.625  2.32478  0  0
2.625  2.35619  0  0
2.625  2.38761  0  0
2.625  2.41903  0  0
2.625  2.45044  0  0
2.625  2.48186  0  0
2.625  2.51327  0  0
2.625  2.54469  0  0
2.625  2.57611  0  0
2.625  2.60752  0  0
2.625  2.63894  0  0
2.625  2.67035  0  0
2.625  2.70177  0  0
2.625  2.73319  0  0
2.625  2.7646  0  0
2.625  2.79602  0  0
2.625  2.82743  0  0
2.625  2.85885  0  0
2.625  2.89027  0  0
2.625  2.92168  0  0
2.625  2.9531  0  0
2.625  2.98451  0  0
2.625  3.01593  0  0
2.625  3.04734  0  0
2.625  3.07876  0  0
2.625  3.11018  0  0
2.75  0  0  0
2.75  0.0314159  0  0
2.75  0.0628319  0  0
2.75  0.0942478  0  0
2.75  0.125664  0  0
2.75  0.15708  0  0
2.75  0.188496  0  0
2.75  0.219911  0  0
2.75  0.251327  0  0
2.75  0.282743  0  0
2.75  0.314159  0  0
2.75  0.345575  0  0
2.75  0.376991  0  0
2.75  0.408407  0  0
2.75  0.439823  0  0
2.75  0.471239  0  0
2.75  0.502655  0  0
2.75  0.534071  0  0
2.75  0.565487  0  0
2.75  0.596903  0  0
2.75  0.628319  0  0
2.75  0.659734  0  0
2.75  0.69115  0  0
2.75  0.722566  0  0
2.75  0.753982  0  0
2.75  0.785398  0  0
2.75  0.816814  0  0
2.75  0.84823  0  0
2.75  0.879646  0  0
2.75  0.911062  0  0
2.75  0.942478  0  0
2.75  0.973894  0  0
2.75  1.00531  0  0
2.75  1.03673  0  0
2.75  1.06814  0  0
2.75  1.09956  0  0
2.75  1.13097  0  0
2.75  1.16239  0  0
2.75  1.19381  0  0
2.75  1.22522  0  0
2.75  1.25664  0  0
2.75  1.28805  0  0
2.75  1.31947  0  0
2.75  1.35088  0  0
2.75  1.3823  0  0
2.75  1.41372  0  0
2.75  1.44513  0  0
2.75  1.47655  0  0
2.75  1.50796  0  0
2.75  1.53938  0  0
2.75  1.5708  0  0
2.75  1.60221  0  0
2.75  1.63363  0  0
2.75  1.66504  0  0
2.75  1.69646  0  0
2.75  1.72788  0  0
2.75  1.75929  0  0
2.75  1.79071  0  0
2.75  1.82212  0  0
2.75  1.85354  0  0
2.75  1.88496  0  0
2.75  1.91637  0  0
2.75  1.94779  0  0
2.75  1.9792  0  0
2.75  2.01062  0  0
2.75  2.04204  0  0
2.75  2.07345  0  0
2.75  2.10487  0  0
2.75  2.13628  0  0
2.75  2.1677  0  0
2.75  2.19911  0  0
2.75  2.23053  0  0
2.75  2.26195  0  0
2.75  2.29336  0  0
2.75  2.32478  0  0
2.75  2.35619  0  0
2.75  2.38761  0  0
2.75  2.41903  0  0
2.75  2.45044  0  0
2.75  2.48186  0  0
2.75  2.51327  0  0
2.75  2.54469  0  0
2.75  2.57611  0  0
2.75  2.60752  0  0
2.75  2.63894  0  0
2.75  2.67035  0  0
2.75  2.70177  0  0
2.75  2.73319  0  0
2.75  2.7646  0  0
2.75  2.79602  0  0
2.75  2.82743  0  0
2.75  2.85885  0  0
2.75  2.89027  0  0
2.75  2.92168  0  0
2.75  2.9531  0  0
2.75  2.98451  0  0
2.75  3.01593  0  0
2.75  3.04734  0  0
2.75  3.07876  0  0
2.75  3.11018  0  0
2.875  0  0  0
2.875  0.0314159  0  0
2.875  0.0628319  0  0
2.875  0.0942478  0  0
2.875  0.125664  0  0
2.875  0.15708  0  0
2.875  0.188496  0  0
2.875  0.219911  0  0
2.875  0.251327  0  0
2.875  0.282743  0  0
2.875  0.314159  0  0
2.875  0.345575  0  0
2.875  0.376991  0  0
2.875  0.408407  0  0
2.875  0.439823  0  0
2.875  0.471239  0  0
2.875  0.502655  0  0
2.875  0.534071  0  0
2.875  0.565487  0  0
2.875  0.596903  0  0
2.875  0.628319  0  0
2.875  0.659734  0  0
2.875  0.69115  0  0
2.875  0.722566  0  0
2.875  0.753982  0  0
2.875  0.785398  0  0
2.875  0.816814  0  0
2.875  0.84823  0  0
2.875  0.879646  0  0
2.875  0.911062  0  0
2.875  0.942478  0  0
2.875  0.973894  0  0
2.875  1.00531  0  0
2.875  1.03673  0  0
2.875  1.06814  0  0
2.875  1.09956  0  0
2.875  1.13097  0  0
2.875  1.16239  0  0
2.875  1.19381  0  0
2.875  1.22522  0  0
2.875  1.25664  0  0
2.875  1.28805  0  0
2.875  1.31947  0  0
2.875  1.35088  0  0
2.875  1.3823  0  0
2.875  1.41372  0  0
2.875  1.44513  0  0
2.875  1.47655  0  0
2.875  1.50796  0  0
2.875  1.53938  0  0
2.875  1.5708  0  0
2.875  1.60221  0  0
2.875  1.63363  0  0
2.875  1.66504  0  0
2.875  1.69646  0  0
2.875  1.72788  0  0
2.875  1.75929  0  0
2.875  1.79071  0  0
2.875  1.82212  0  0
2.875  1.85354  0  0
2.875  1.88496  0  0
2.875  1.91637  0  0
2.875  1.94779  0  0
2.875  1.9792  0  0
2.875  2.01062  0  0
2.875  2.04204  0  0
2.875  2.07345  0  0
2.875  2.10487  0  0
2.875  2.13628  0  0
2.875  2.1677  0  0
2.875  2.19911  0  0
2.875  2.23053  0  0
2.875  2.26195  0  0
2.875  2.29336  0  0
2.875  2.32478  0  0
2.875  2.35619  0  0
2.875  2.38761  0  0
2.875  2.41903  0  0
2.875  2.45044  0  0
2.875  2.48186  0  0
2.875  2.51327  0  0
2.875  2.54469  0  0
2.875  2.57611  0  0
2.875  2.60752  0  0
2.875  2.63894  0  0
2.875  2.67035  0  0
2.875  2.70177  0  0
2.875  2.73319  0  0
2.875  2.7646  0  0
2.875  2.79602  0  0
2.875  2.82743  0  0
2.875  2.85885  0  0
2.875  2.89027  0  0
2.875  2.92168  0  0
2.875  2.9531  0  0
2.875  2.98451  0  0
2.875  3.01593  0  0
2.875  3.04734  0  0
2.875  3.07876  0  0
2.875  3.11018  0  0
3  0  0  0
3  0.0314159  0  0
3  0.0628319  0  0
3  0.0942478  0  0
3  0.125664  0  0
3  0.15708  0  0
3  0.188496  0  0
3  0.219911  0  0
3  0.251327  0  0
3  0.282743  0  0
3  0.314159  0  0
3  0.345575  0  0
3  0.376991  0  0
3  0.408407  0  0
3  0.439823  0  0
3  0.471239  0  0
3  0.502655  0  0
3  0.534071  0  0
3  0.565487  0  0
3  0.596903  0  0
3  0.628319  0  0
3  0.659734  0  0
3  0.69115  0  0
3  0.722566  0  0
3  0.753982  0  0
3  0.785398  0  0
3  0.816814  0  0
3  0.84823  0  0
3  0.879646  0  0
3  0.911062  0  0
3  0.942478  0  0
3  0.973894  0  0
3  1.00531  0  0
3  1.03673  0  0
3  1.06814  0  0
3  1.09956  0  0
3  1.13097  0  0
3  1.16239  0  0
3  1.19381  0  0
3  1.22522  0  0
3  1.25664  0  0
3  1.28805  0  0
3  1.31947  0  0
3  1.35088  0  0
3  1.3823  0  0
3  1.41372  0  0
3  1.44513  0  0
3  1.47655  0  0
3  1.50796  0  0
3  1.53938  0  0
3  1.5708  0  0
3  1.60221  0  0
3  1.63363  0  0
3  1.66504  0  0
3  1.69646  0  0
3  1.72788  0  0
3  1.75929  0  0
3  1.79071  0  0
3  1.82212  0  0
3  1.85354  0  0
3  1.88496  0  0
3  1.91637  0  0
3  1.94779  0  0
3  1.9792  0  0
3  2.01062  0  0
3  2.04204  0  0
3  2.07345  0  0
3  2.10487  0  0
3  2.13628  0  0
3  2.1677  0  0
3  2.19911  0  0
3  2.23053  0  0
3  2.26195  0  0
3  2.29336  0  0
3  2.32478  0  0
3  2.35619  0  0
3  2.38761  0  0
3  2.41903  0  0
3  2.45044  0  0
3  2.48186  0  0
3  2.51327  0  0
3  2.54469  0  0
3  2.57611  0  0
3  2.60752  0  0
3  2.63894  0  0
3  2.67035  0  0
3  2.70177  0  0
3  2.73319  0  0
3  2.7646  0  0
3  2.79602  0  0
3  2.82743  0  0
3  2.85885  0  0
3  2.89027  0  0
3  2.92168  0  0
3  2.9531  0  0
3  2.98451  0  0
3  3.01593  0  0
3  3.04734  0  0
3  3.07876  0  0
3  3.11018  0  0
3.125  0  0  0
3.125  0.0314159  0  0
3.125  0.0628319  0  0
3.125  0.0942478  0  0
3.125  0.125664  0  0
3.125  0.15708  0  0
3.125  0.188496  0  0
3.125  0.219911  0  0
3.125  0.251327  0  0
3.125  0.282743  0  0
3.125  0.314159  0  0
3.125  0.345575  0  0
3.125  0.376991  0  0
3.125  0.408407  0  0
3.125  0.439823  0  0
3.125  0.471239  0  0
3.125  0.502655  0  0
3.125  0.534071  0  0
3.125  0.565487  0  0
3.125  0.596903  0  0
3.125  0.628319  0  0
3.125  0.659734  0  0
3.125  0.69115  0  0
3.125  0.722566  0  0
3.125  0.753982  0  0
3.125  0.785398  0  0
3.125  0.816814  0  0
3.125  0.84823  0  0
3.125  0.879646  0  0
3.125  0.911062  0  0
3.125  0.942478  0  0
3.125  0.973894  0  0
3.125  1.00531  0  0
3.125  1.03673  0  0
3.125  1.06814  0  0
3.125  1.09956  0  0
3.125  1.13097  0  0
3.125  1.16239  0  0
3.125  1.19381  0  0
3.125  1.22522  0  0
3.125  1.25664  0  0
3.125  1.28805  0  0
3.125  1.31947  0  0
3.125  1.35088  0  0
3.125  1.3823  0  0
3.125  1.41372  0  0
3.125  1.44513  0  0
3.125  1.47655  0  0
3.125  1.50796  0  0
3.125  1.53938  0  0
3.125  1.5708  0  0
3.125  1.60221  0  0
3.125  1.63363  0  0
3.125  1.66504  0  0
3.125  1.69646  0  0
3.125  1.72788  0  0
3.125  1.75929  0  0
3.125  1.79071  0  0
3.125  1.82212  0  0
3.125  1.85354  0  0
3.125  1.88496  0  0
3.125  1.91637  0  0
3.125  1.94779  0  0
3.125  1.9792  0  0
3.125  2.01062  0  0
3.125  2.04204  0  0
3.125  2.07345  0  0
3.125  2.10487  0  0
3.125  2.13628  0  0
3.125  2.1677  0  0
3.125  2.19911  0  0
3.125  2.23053  0  0
3.125  2.26195  0  0
3.125  2.29336  0  0
3.125  2.32478  0  0
3.125  2.35619  0  0
3.125  2.38761  0  0
3.125  2.41903  0  0
3.125  2.45044  0  0
3.125  2.48186  0  0
3.125  2.51327  0  0
3.125  2.54469  0  0
3.125  2.57611  0  0
3.125  2.60752  0  0
3.125  2.63894  0  0
3.125  2.67035  0  0
3.125  2.70177  0  0
3.125  2.73319  0  0
3.125  2.7646  0  0
3.125  2.79602  0  0
3.125  2.82743  0  0
3.125  2.85885  0  0
3.125  2.89027  0  0
3.125  2.92168  0  0
3.125  2.9531  0  0
3.125  2.98451  0  0
3.125  3.01593  0  0
3.125  3.04734  0  0
3.125  3.07876  0  0
3.125  3.11018  0  0
3.25  0  0  0
3.25  0.0314159  0  0
3.25  0.0628319  0  0
3.25  0.0942478  0  0
3.25  0.125664  0  0
3.25  0.15708  0  0
3.25  0.188496  0  0
3.25  0.219911  0  0
3.25  0.251327  0  0
3.25  0.282743  0  0
3.25  0.314159  0  0
3.25  0.345575  0  0
3.25  0.376991  0  0
3.25  0.408407  0  0
3.25  0.439823  0  0
3.25  0.471239  0  0
3.25  0.502655  0  0
3.25  0.534071  0  0
3.25  0.565487  0  0
3.25  0.596903  0  0
3.25  0.628319  0  0
3.25  0.659734  0  0
3.25  0.69115  0  0
3.25  0.722566  0  0
3.25  0.753982  0  0
3.25  0.785398  0  0
3.25  0.816814  0  0
3.25  0.84823  0  0
3.25  0.879646  0  0
3.25  0.911062  0  0
3.25  0.942478  0  0
3.25  0.973894  0  0
3.25  1.00531  0  0
3.25  1.03673  0  0
3.25  1.06814  0  0
3.25  1.09956  0  0
3.25  1.13097  0  0
3.25  1.16239  0  0
3.25  1.19381  0  0
3.25  1.22522  0  0
3.25  1.25664  0  0
3.25  1.28805  0  0
3.25  1.31947  0  0
3.25  1.35088  0  0
3.25  1.3823  0  0
3.25  1.41372  0  0
3.25  1.44513  0  0
3.25  1.47655  0  0
3.25  1.50796  0  0
3.25  1.53938  0  0
3.25  1.5708  0  0
3.25  1.60221  0  0
3.25  1.63363  0  0
3.25  1.66504  0  0
3.25  1.69646  0  0
3.25  1.72788  0  0
3.25  1.75929  0  0
3.25  1.79071  0  0
3.25  1.82212  0  0
3.25  1.85354  0  0
3.25  1.88496  0  0
3.25  1.91637  0  0
3.25  1.94779  0  0
3.25  1.9792  0  0
3.25  2.01062  0  0
3.25  2.04204  0  0
3.25  2.07345  0  0
3.25  2.10487  0  0
3.25  2.13628  0  0
3.25  2.1677  0  0
3.25  2.19911  0  0
3.25  2.23053  0  0
3.25  2.26195  0  0
3.25  2.29336  0  0
3.25  2.32478  0  0
3.25  2.35619  0  0
3.25  2.38761  0  0
3.25  2.41903  0  0
3.25  2.45044  0  0
3.25  2.48186  0  0
3.25  2.51327  0  0
3.25  2.54469  0  0
3.25  2.57611  0  0
3.25  2.60752  0  0
3.25  2.63894  0  0
3.25  2.67035  0  0
3.25  2.70177  0  0
3.25  2.73319  0  0
3.25  2.7646  0  0
3.25  2.79602  0  0
3.25  2.82743  0  0
3.25  2.85885  0  0
3.25  2.89027  0  0
3.25  2.92168  0  0
3.25  2.9531  0  0
3.25  2.98451  0  0
3.25  3.01593  0  0
3.25  3.04734  0  0
3.25  3.07876  0  0
3.25  3.11018  0  0
3.375  0  0  0
3.375  0.0314159  0  0
3.375  0.0628319  0  0
3.375  0.0942478  0  0
3.375  0.125664  0  0
3.375  0.15708  0  0
3.375  0.188496  0  0
3.375  0.219911  0  0
3.375  0.251327  0  0
3.375  0.282743  0  0
3.375  0.314159  0  0
3.375  0.345575  0  0
3.375  0.376991  0  0
3.375  0.408407  0  0
3.375  0.439823  0  0
3.375  0.471239  0  0
3.375  0.502655  0  0
3.375  0.534071  0  0
3.375  0.565487  0  0
3.375  0.596903  0  0
3.375  0.628319  0  0
3.375  0.659734  0  0
3.375  0.69115  0  0
3.375  0.722566  0  0
3.375  0.753982  0  0
3.375  0.785398  0  0
3.375  0.816814  0  0
3.375  0.84823  0  0
3.375  0.879646  0  0
3.375  0.911062  0  0
3.375  0.942478  0  0
3.375  0.973894  0  0
3.375  1.00531  0  0
3.375  1.03673  0  0
3.375  1.06814  0  0
3.375  1.09956  0  0
3.375  1.13097  0  0
3.375  1.16239  0  0
3.375  1.19381  0  0
3.375  1.22522  0  0
3.375  1.25664  0  0
3.375  1.28805  0  0
3.375  1.31947  0  0
3.375  1.35088  0  0
3.375  1.3823  0  0
3.375  1.41372  0  0
3.375  1.44513  0  0
3.375  1.47655  0  0
3.375  1.50796  0  0
3.375  1.53938  0  0
3.375  1.5708  0  0
3.375  1.60221  0  0
3.375  1.63363  0  0
3.375  1.66504  0  0
3.375  1.69646  0  0
3.375  1.72788  0  0
3.375  1.75929  0  0
3.375  1.79071  0  0
3.375  1.82212  0  0
3.375  1.85354  0  0
3.375  1.88496  0  0
3.375  1.91637  0  0
3.375  1.94779  0  0
3.375  1.9792  0  0
3.375  2.01062  0  0
3.375  2.04204  0  0
3.375  2.07345  0  0
3.375  2.10487  0  0
3.375  2.13628  0  0
3.375  2.1677  0  0
3.375  2.19911  0  0
3.375  2.23053  0  0
3.375  2.26195  0  0
3.375  2.29336  0  0
3.375  2.32478  0  0
3.375  2.35619  0  0
3.375  2.38761  0  0
3.375  2.41903  0  0
3.375  2.45044  0  0
3.375  2.48186  0  0
3.375  2.51327  0  0
3.375  2.54469  0  0
3.375  2.57611  0  0
3.375  2.60752  0  0
3.375  2.63894  0  0
3.375  2.67035  0  0
3.375  2.70177  0  0
3.375  2.73319  0  0
3.375  2.7646  0  0
3.375  2.79602  0  0
3.375  2.82743  0  0
3.375  2.85885  0  0
3.375  2.89027  0  0
3.375  2.92168  0  0
3.375  2.9531  0  0
3.375  2.98451  0  0
3.375  3.01593  0  0
3.375  3.04734  0  0
3.375  3.07876  0  0
3.375  3.11018  0  0
3.5  0  0  0
3.5  0.0314159  0  0
3.5  0.0628319  0  0
3.5  0.0942478  0  0
3.5  0.125664  0  0
3.5  0.15708  0  0
3.5  0.188496  0  0
3.5  0.219911  0  0
3.5  0.251327  0  0
3.5  0.282743  0  0
3.5  0.314159  0  0
3.5  0.345575  0  0
3.5  0.376991  0  0
3.5  0.408407  0  0
3.5  0.439823  0  0
3.5  0.471239  0  0
3.5  0.502655  0  0
3.5  0.534071  0  0
3.5  0.565487  0  0
3.5  0.596903  0  0
3.5  0.628319  0  0
3.5  0.659734  0  0
3.5  0.69115  0  0
3.5  0.722566  0  0
3.5  0.753982  0  0
3.5  0.785398  0  0
3.5  0.816814  0  0
3.5  0.84823  0  0
3.5  0.879646  0  0
3.5  0.911062  0  0
3.5  0.942478  0  0
3.5  0.973894  0  0
3.5  1.00531  0  0
3.5  1.03673  0  0
3.5  1.06814  0  0
3.5  1.09956  0  0
3.5  1.13097  0  0
3.5  1.16239  0  0
3.5  1.19381  0  0
3.5  1.22522  0  0
3.5  1.25664  0  0
3.5  1.28805  0  0
3.5  1.31947  0  0
3.5  1.35088  0  0
3.5  1.3823  0  0
3.5  1.41372  0  0
3.5  1.44513  0  0
3.5  1.47655  0  0
3.5  1.50796  0  0
3.5  1.53938  0  0
3.5  1.5708  0  0
3.5  1.60221  0  0
3.5  1.63363  0  0
3.5  1.66504  0  0
3.5  1.69646  0  0
3.5  1.72788  0  0
3.5  1.75929  0  0
3.5  1.79071  0  0
3.5  1.82212  0  0
3.5  1.85354  0  0
3.5  1.88496  0  0
3.5  1.91637  0  0
3.5  1.94779  0  0
3.5  1.9792  0  0
3.5  2.01062  0  0
3.5  2.04204  0  0
3.5  2.07345  0  0
3.5  2.10487  0  0
3.5  2.13628  0  0
3.5  2.1677  0  0
3.5  2.19911  0  0
3.5  2.23053  0  0
3.5  2.26195  0  0
3.5  2.29336  0  0
3.5  2.32478  0  0
3.5  2.35619  0  0
3.5  2.38761  0  0
3.5  2.41903  0  0
3.5  2.45044  0  0
3.5  2.48186  0  0
3.5  2.51327  0  0
3.5  2.54469  0  0
3.5  2.57611  0  0
3.5  2.60752  0  0
3.5  2.63894  0  0
3.5  2.67035  0  0
3.5  2.70177  0  0
3.5  2.73319  0  0
3.5  2.7646  0  0
3.5  2.79602  0  0
3.5  2.82743  0  0
3.5  2.85885  0  0
3.5  2.89027  0  0
3.5  2.92168  0  0
3.5  2.9531  0  0
3.5  2.98451  0  0
3.5  3.01593  0  0
3.5  3.04734  0  0
3.5  3.07876  0  0
3.5  3.11018  0  0
3.625  0  0  0
3.625  0.0314159  0  0
3.625  0.0628319  0  0
3.625  0.0942478  0  0
3.625  0.125664  0  0
3.625  0.15708  0  0
3.625  0.188496  0  0
3.625  0.219911  0  0
3.625  0.251327  0  0
3.625  0.282743  0  0
3.625  0.314159  0  0
3.625  0.345575  0  0
3.625  0.376991  0  0
3.625  0.408407  0  0
3.625  0.439823  0  0
3.625  0.471239  0  0
3.625  0.502655  0  0
3.625  0.534071  0  0
3.625  0.565487  0  0
3.625  0.596903  0  0
3.625  0.628319  0  0
3.625  0.659734  0  0
3.625  0.69115  0  0
3.625  0.722566  0  0
3.625  0.753982  0  0
3.625  0.785398  0  0
3.625  0.816814  0  0
3.625  0.84823  0  0
3.625  0.879646  0  0
3.625  0.911062  0  0
3.625  0.942478  0  0
3.625  0.973894  0  0
3.625  1.00531  0  0
3.625  1.03673  0  0
3.625  1.06814  0  0
3.625  1.09956  0  0
3.625  1.13097  0  0
3.625  1.16239  0  0
3.625  1.19381  0  0
3.625  1.22522  0  0
3.625  1.25664  0  0
3.625  1.28805  0  0
3.625  1.31947  0  0
3.625  1.35088  0  0
3.625  1.3823  0  0
3.625  1.41372  0  0
3.625  1.44513  0  0
3.625  1.47655  0  0
3.625  1.50796  0  0
3.625  1.53938  0  0
3.625  1.5708  0  0
3.625  1.60221  0  0
3.625  1.63363  0  0
3.625  1.66504  0  0
3.625  1.69646  0  0
3.625  1.72788  0  0
3.625  1.75929  0  0
3.625  1.79071  0  0
3.625  1.82212  0  0
3.625  1.85354  0  0
3.625  1.88496  0  0
3.625  1.91637  0  0
3.625  1.94779  0  0
3.625  1.9792  0  0
3.625  2.01062  0  0
3.625  2.04204  0  0
3.625  2.07345  0  0
3.625  2.10487  0  0
3.625  2.13628  0  0
3.625  2.1677  0  0
3.625  2.19911  0  0
3.625  2.23053  0  0
3.625  2.26195  0  0
3.625  2.29336  0  0
3.625  2.32478  0  0
3.625  2.35619  0  0
3.625  2.38761  0  0
3.625  2.41903  0  0
3.625  2.45044  0  0
3.625  2.48186  0  0
3.625  2.51327  0  0
3.625  2.54469  0  0
3.625  2.57611  0  0
3.625  2.60752  0  0
3.625  2.63894  0  0
3.625  2.67035  0  0
3.625  2.70177  0  0
3.625  2.73319  0  0
3.625  2.7646  0  0
3.625  2.79602  0  0
3.625  2.82743  0  0
3.625  2.85885  0  0
3.625  2.89027  0  0
3.625  2.92168  0  0
3.625  2.9531  0  0
3.625  2.98451  0  0
3.625  3.01593  0  0
3.625  3.04734  0  0
3.625  3.07876  0  0
3.625  3.11018  0  0
3.75  0  0  0
3.75  0.0314159  0  0
3.75  0.0628319  0  0
3.75  0.0942478  0  0
3.75  0.125664  0  0
3.75  0.15708  0  0
3.75  0.188496  0  0
3.75  0.219911  0  0
3.75  0.251327  0  0
3.75  0.282743  0  0
3.75  0.314159  0  0
3.75  0.345575  0  0
3.75  0.376991  0  0
3.75  0.408407  0  0
3.75  0.439823  0  0
3.75  0.471239  0  0
3.75  0.502655  0  0
3.75  0.534071  0  0
3.75  0.565487  0  0
3.75  0.596903  0  0
3.75  0.628319  0  0
3.75  0.659734  0  0
3.75  0.69115  0  0
3.75  0.722566  0  0
3.75  0.753982  0  0
3.75  0.785398  0  0
3.75  0.816814  0  0
3.75  0.84823  0  0
3.75  0.879646  0  0
3.75  0.911062  0  0
3.75  0.942478  0  0
3.75  0.973894  0  0
3.75  1.00531  0  0
3.75  1.03673  0  0
3.75  1.06814  0  0
3.75  1.09956  0  0
3.75  1.13097  0  0
3.75  1.16239  0  0
3.75  1.19381  0  0
3.75  1.22522  0  0
3.75  1.25664  0  0
3.75  1.28805  0  0
3.75  1.31947  0  0
3.75  1.35088  0  0
3.75  1.3823  0  0
3.75  1.41372  0  0
3.75  1.44513  0  0
3.75  1.47655  0  0
3.75  1.50796  0  0
3.75  1.53938  0  0
3.75  1.5708  0  0
3.75  1.60221  0  0
3.75  1.63363  0  0
3.75  1.66504  0  0
3.75  1.69646  0  0
3.75  1.72788  0  0
3.75  1.75929  0  0
3.75  1.79071  0  0
3.75  1.82212  0  0
3.75  1.85354  0  0
3.75  1.88496  0  0
3.75  1.91637  0  0
3.75  1.94779  0  0
3.75  1.9792  0  0
3.75  2.01062  0  0
3.75  2.04204  0  0
3.75  2.07345  0  0
3.75  2.10487  0  0
3.75  2.13628  0  0
3.75  2.1677  0  0
3.75  2.19911  0  0
3.75  2.23053  0  0
3.75  2.26195  0  0
3.75  2.29336  0  0
3.75  2.32478  0  0
3.75  2.35619  0  0
3.75  2.38761  0  0
3.75  2.41903  0  0
3.75  2.45044  0  0
3.75  2.48186  0  0
3.75  2.51327  0  0
3.75  2.54469  0  0
3.75  2.57611  0  0
3.75  2.60752  0  0
3.75  2.63894  0  0
3.75  2.67035  0  0
3.75  2.70177  0  0
3.75  2.73319  0  0
3.75  2.7646  0  0
3.75  2.79602  0  0
3.75  2.82743  0  0
3.75  2.85885  0  0
3.75  2.89027  0  0
3.75  2.92168  0  0
3.75  2.9531  0  0
3.75  2.98451  0  0
3.75  3.01593  0  0
3.75  3.04734  0  0
3.75  3.07876  0  0
3.75  3.11018  0  0
3.875  0  0  0
3.875  0.0314159  0  0
3.875  0.0628319  0  0
3.875  0.0942478  0  0
3.875  0.125664  0  0
3.875  0.15708  0  0
3.875  0.188496  0  0
3.875  0.219911  0  0
3.875  0.251327  0  0
3.875  0.282743  0  0
3.875  0.314159  0  0
3.875  0.345575  0  0
3.875  0.376991  0  0
3.875  0.408407  0  0
3.875  0.439823  0  0
3.875  0.471239  0  0
3.875  0.502655  0  0
3.875  0.534071  0  0
3.875  0.565487  0  0
3.875  0.596903  0  0
3.875  0.628319  0  0
3.875  0.659734  0  0
3.875  0.69115  0  0
3.875  0.722566  0  0
3.875  0.753982  0  0
3.875  0.785398  0  0
3.875  0.816814  0  0
3.875  0.84823  0  0
3.875  0.879646  0  0
3.875  0.911062  0  0
3.875  0.942478  0  0
3.875  0.973894  0  0
3.875  1.00531  0  0
3.875  1.03673  0  0
3.875  1.06814  0  0
3.875  1.09956  0  0
3.875  1.13097  0  0
3.875  1.16239  0  0
3.875  1.19381  0  0
3.875  1.22522  0  0
3.875  1.25664  0  0
3.875  1.28805  0  0
3.875  1.31947  0  0
3.875  1.35088  0  0
3.875  1.3823  0  0
3.875  1.41372  0  0
3.875  1.44513  0  0
3.875  1.47655  0  0
3.875  1.50796  0  0
3.875  1.53938  0  0
3.875  1.5708  0  0
3.875  1.60221  0  0
3.875  1.63363  0  0
3.875  1.66504  0  0
3.875  1.69646  0  0
3.875  1.72788  0  0
3.875  1.75929  0  0
3.875  1.79071  0  0
3.875  1.82212  0  0
3.875  1.85354  0  0
3.875  1.88496  0  0
3.875  1.91637  0  0
3.875  1.94779  0  0
3.875  1.9792  0  0
3.875  2.01062  0  0
3.875  2.04204  0  0
3.875  2.07345  0  0
3.875  2.10487  0  0
3.875  2.13628  0  0
3.875  2.1677  0  0
3.875  2.19911  0  0
3.875  2.23053  0  0
3.875  2.26195  0  0
3.875  2.29336  0  0
3.875  2.32478  0  0
3.875  2.35619  0  0
3.875  2.38761  0  0
3.875  2.41903  0  0
3.875  2.45044  0  0
3.875  2.48186  0  0
3.875  2.51327  0  0
3.875  2.54469  0  0
3.875  2.57611  0  0
3.875  2.60752  0  0
3.875  2.63894  0  0
3.875  2.67035  0  0
3.875  2.70177  0  0
3.875  2.73319  0  0
3.875  2.7646  0  0
3.875  2.79602  0  0
3.875  2.82743  0  0
3.875  2.85885  0  0
3.875  2.89027  0  0
3.875  2.92168  0  0
3.875  2.9531  0  0
3.875  2.98451  0  0
3.875  3.01593  0  0
3.875  3.04734  0  0
3.875  3.07876  0  0
3.875  3.11018  0  0
4  0  0  0
4  0.0314159  0  0
4  0.0628319  0  0
4  0.0942478  0  0
4  0.125664  0  0
4  0.15708  0  0
4  0.188496  0  0
4  0.219911  0  0
4  0.251327  0  0
4  0.282743  0  0
4  0.314159  0  0
4  0.345575  0  0
4  0.376991  0  0
4  0.408407  0  0
4  0.439823  0  0
4  0.471239  0  0
4  0.502655  0  0
4  0.534071  0  0
4  0.565487  0  0
4  0.596903  0  0
4  0.628319  0  0
4  0.659734  0  0
4  0.69115  0  0
4  0.722566  0  0
4  0.753982  0  0
4  0.785398  0  0
4  0.816814  0  0
4  0.84823  0  0
4  0.879646  0  0
4  0.911062  0  0
4  0.942478  0  0
4  0.973894  0  0
4  1.00531  0  0
4  1.03673  0  0
4  1.06814  0  0
4  1.09956  0  0
4  1.13097  0  0
4  1.16239  0  0
4  1.19381  0  0
4  1.22522  0  0
4  1.25664  0  0
4  1.28805  0  0
4  1.31947  0  0
4  1.35088  0  0
4  1.3823  0  0
4  1.41372  0  0
4  1.44513  0  0
4  1.47655  0  0
4  1.50796  0  0
4  1.53938  0  0
4  1.5708  0  0
4  1.60221  0  0
4  1.63363  0  0
4  1.66504  0  0
4  1.69646  0  0
4  1.72788  0  0
4  1.75929  0  0
4  1.79071  0  0
4  1.82212  0  0
4  1.85354  0  0
4  1.88496  0  0
4  1.91637  0  0
4  1.94779  0  0
4  1.9792  0  0
4  2.01062  0  0
4  2.04204  0  0
4  2.07345  0  0
4  2.10487  0  0
4  2.13628  0  0
4  2.1677  0  0
4  2.19911  0  0
4  2.23053  0  0
4  2.26195  0  0
4  2.29336  0  0
4  2.32478  0  0
4  2.35619  0  0
4  2.38761  0  0
4  2.41903  0  0
4  2.45044  0  0
4  2.48186  0  0
4  2.51327  0  0
4  2.54469  0  0
4  2.57611  0  0
4  2.60752  0  0
4  2.63894  0  0
4  2.67035  0  0
4  2.70177  0  0
4  2.73319  0  0
4  2.7646  0  0
4  2.79602  0  0
4  2.82743  0  0
4  2.85885  0  0
4  2.89027  0  0
4  2.92168  0  0
4  2.9531  0  0
4  2.98451  0  0
4  3.01593  0  0
4  3.04734  0  0
4  3.07876  0  0
4  3.11018  0  0
4.125  0  0  0
4.125  0.0314159  0  0
4.125  0.0628319  0  0
4.125  0.0942478  0  0
4.125  0.125664  0  0
4.125  0.15708  0  0
4.125  0.188496  0  0
4.125  0.219911  0  0
4.125  0.251327  0  0
4.125  0.282743  0  0
4.125  0.314159  0  0
4.125  0.345575  0  0
4.125  0.376991  0  0
4.125  0.408407  0  0
4.125  0.439823  0  0
4.125  0.471239  0  0
4.125  0.502655  0  0
4.125  0.534071  0  0
4.125  0.565487  0  0
4.125  0.596903  0  0
4.125  0.628319  0  0
4.125  0.659734  0  0
4.125  0.69115  0  0
4.125  0.722566  0  0
4.125  0.753982  0  0
4.125  0.785398  0  0
4.125  0.816814  0  0
4.125  0.84823  0  0
4.125  0.879646  0  0
4.125  0.911062  0  0
4.125  0.942478  0  0
4.125  0.973894  0  0
4.125  1.00531  0  0
4.125  1.03673  0  0
4.125  1.06814  0  0
4.125  1.09956  0  0
4.125  1.13097  0  0
4.125  1.16239  0  0
4.125  1.19381  0  0
4.125  1.22522  0  0
4.125  1.25664  0  0
4.125  1.28805  0  0
4.125  1.31947  0  0
4.125  1.35088  0  0
4.125  1.3823  0  0
4.125  1.41372  0  0
4.125  1.44513  0  0
4.125  1.47655  0  0
4.125  1.50796  0  0
4.125  1.53938  0.247529  2.30187
4.125  1.5708  0  0
4.125  1.60221  0  0
4.125  1.63363  0  0
4.125  1.66504  0  0
4.125  1.69646  0  0
4.125  1.72788  0  0
4.125  1.75929  0  0
4.125  1.79071  0  0
4.125  1.82212  0  0
4.125  1.85354  0  0
4.125  1.88496  0  0
4.125  1.91637  0  0
4.125  1.94779  0  0
4.125  1.9792  0  0
4.125  2.01062  0  0
4.125  2.04204  0  0
4.125  2.07345  0  0
4.125  2.10487  0  0
4.125  2.13628  0  0
4.125  2.1677  0  0
4.125  2.19911  0  0
4.125  2.23053  0  0
4.125  2.26195  0  0
4.125  2.29336  0  0
4.125  2.32478  0  0
4.125  2.35619  0  0
4.125  2.38761  0  0
4.125  2.41903  0  0
4.125  2.45044  0  0
4.125  2.48186  0  0
4.125  2.51327  0  0
4.125  2.54469  0  0
4.125  2.57611  0  0
4.125  2.60752  0  0
4.125  2.63894  0  0
4.125  2.67035  0  0
4.125  2.70177  0  0
4.125  2.73319  0  0
4.125  2.7646  0  0
4.125  2.79602  0  0
4.125  2.82743  0  0
4.125  2.85885  0  0
4.125  2.89027  0  0
4.125  2.92168  0  0
4.125  2.9531  0  0
4.125  2.98451  0  0
4.125  3.01593  0  0
4.125  3.04734  0  0
4.125  3.07876  0  0
4.125  3.11018  0  0
4.25  0  0  0
4.25  0.0314159  0  0
4.25  0.0628319  0  0
4.25  0.0942478  0  0
4.25  0.125664  0  0
4.25  0.15708  0  0
4.25  0.188496  0  0
4.25  0.219911  0  0
4.25  0.251327  0  0
4.25  0.282743  0  0
4.25  0.314159  0  0
4.25  0.345575  0  0
4.25  0.376991  0  0
4.25  0.408407  0  0
4.25  0.439823  0  0
4.25  0.471239  0  0
4.25  0.502655  0  0
4.25  0.534071  0  0
4.25  0.565487  0  0
4.25  0.596903  0  0
4.25  0.628319  0  0
4.25  0.659734  0  0
4.25  0.69115  0  0
4.25  0.722566  0  0
4.25  0.753982  0  0
4.25  0.785398  0  0
4.25  0.816814  0  0
4.25  0.84823  0  0
4.25  0.879646  0  0
4.25  0.911062  0  0
4.25  0.942478  0  0
4.25  0.973894  0  0
4.25  1.00531  0  0
4.25  1.03673  0  0
4.25  1.06814  0  0
4.25  1.09956  0  0
4.25  1.13097  0  0
4.25  1.16239  0  0
4.25  1.19381  0  0
4.25  1.22522  0  0
4.25  1.25664  0  0
4.25  1.28805  0  0
4.25  1.31947  0  0
4.25  1.35088  0  0
4.25  1.3823  0  0
4.25  1.41372  0  0
4.25  1.44513  0  0
4.25  1.47655  0  0
4.25  1.50796  0  0
4.25  1.53938  0  0
4.25  1.5708  0  0
4.25  1.60221  0  0
4.25  1.63363  0  0
4.25  1.66504  0  0
4.25  1.69646  0  0
4.25  1.72788  0  0
4.25  1.75929  0  0
4.25  1.79071  0  0
4.25  1.82212  0  0
4.25  1.85354  0  0
4.25  1.88496  0  0
4.25  1.91637  0  0
4.25  1.94779  0  0
4.25  1.9792  0  0
4.25  2.01062  0  0
4.25  2.04204  0  0
4.25  2.07345  0  0
4.25  2.10487  0  0
4.25  2.13628  0  0
4.25  2.1677  0  0
4.25  2.19911  0  0
4.25  2.23053  0  0
4.25  2.26195  0  0
4.25  2.29336  0  0
4.25  2.32478  0  0
4.25  2.35619  0  0
4.25  2.38761  0  0
4.25  2.41903  0  0
4.25  2.45044  0  0
4.25  2.48186  0  0
4.25  2.51327  0  0
4.25  2.54469  0  0
4.25  2.57611  0  0
4.25  2.60752  0  0
4.25  2.63894  0  0
4.25  2.67035  0  0
4.25  2.70177  0  0
4.25  2.73319  0  0
4.25  2.7646  0  0
4.25  2.79602  0  0
4.25  2.82743  0  0
4.25  2.85885  0  0
4.25  2.89027  0  0
4.25  2.92168  0  0
4.25  2.9531  0  0
4.25  2.98451  0  0
4.25  3.01593  0  0
4.25  3.04734  0  0
4.25  3.07876  0  0
4.25  3.11018  0  0
4.375  0  0  0
4.375  0.0314159  0  0
4.375  0.0628319  0  0
4.375  0.0942478  0  0
4.375  0.125664  0  0
4.375  0.15708  0  0
4.375  0.188496  0  0
4.375  0.219911  0  0
4.375  0.251327  0  0
4.375  0.282743  0  0
4.375  0.314159  0  0
4.375  0.345575  0  0
4.375  0.376991  0  0
4.375  0.408407  0  0
4.375  0.439823  0  0
4.375  0.471239  0  0
4.375  0.502655  0  0
4.375  0.534071  0  0
4.375  0.565487  0  0
4.375  0.596903  0  0
4.375  0.628319  0  0
4.375  0.659734  0  0
4.375  0.69115  0  0
4.375  0.722566  0  0
4.375  0.753982  0  0
4.375  0.785398  0  0
4.375  0.816814  0  0
4.375  0.84823  0  0
4.375  0.879646  0  0
4.375  0.911062  0  0
4.375  0.942478  0  0
4.375  0.973894  0  0
4.375  1.00531  0  0
4.375  1.03673  0  0
4.375  1.06814  0  0
4.375  1.09956  0  0
4.375  1.13097  0  0
4.375  1.16239  0  0
4.375  1.19381  0  0
4.375  1.22522  0  0
4.375  1.25664  0  0
4.375  1.28805  0  0
4.375  1.31947  0  0
4.375  1.35088  0  0
4.375  1.3823  0  0
4.375  1.41372  0  0
4.375  1.44513  0  0
4.375  1.47655  0  0
4.375  1.50796  0  0
4.375  1.53938  0  0
4.375  1.5708  0  0
4.375  1.60221  0  0
4.375  1.63363  0  0
4.375  1.66504  0  0
4.375  1.69646  0  0
4.375  1.72788  0  0
4.375  1.75929  0  0
4.375  1.79071  0  0
4.375  1.82212  0  0
4.375  1.85354  0  0
4.375  1.88496  0  0
4.375  1.91637  0  0
4.375  1.94779  0  0
4.375  1.9792  0  0
4.375  2.01062  0  0
4.375  2.04204  0  0
4.375  2.07345  0  0
4.375  2.10487  0  0
4.375  2.13628  0  0
4.375  2.1677  0  0
4.375  2.19911  0  0
4.375  2.23053  0  0
4.375  2.26195  0  0
4.375  2.29336  0  0
4.375  2.32478  0  0
4.375  2.35619  0  0
4.375  2.38761  0  0
4.375  2.41903  0  0
4.375  2.45044  0  0
4.375  2.48186  0  0
4.375  2.51327  0  0
4.375  2.54469  0  0
4.375  2.57611  0  0
4.375  2.60752  0  0
4.375  2.63894  0  0
4.375  2.67035  0  0
4.375  2.70177  0  0
4.375  2.73319  0  0
4.375  2.7646  0  0
4.375  2.79602  0  0
4.375  2.82743  0  0
4.375  2.85885  0  0
4.375  2.89027  0  0
4.375  2.92168  0  0
4.375  2.9531  0  0
4.375  2.98451  0  0
4.375  3.01593  0  0
4.375  3.04734  0  0
4.375  3.07876  0  0
4.375  3.11018  0  0
4.5  0  0  0
4.5  0.0314159  0  0
4.5  0.0628319  0  0
4.5  0.0942478  0  0
4.5  0.125664  0  0
4.5  0.15708  0  0
4.5  0.188496  0  0
4.5  0.219911  0  0
4.5  0.251327  0  0
4.5  0.282743  0  0
4.5  0.314159  0  0
4.5  0.345575  0  0
4.5  0.376991  0  0
4.5  0.408407  0  0
4.5  0.439823  0  0
4.5  0.471239  0  0
4.5  0.502655  0  0
4.5  0.534071  0  0
4.5  0.565487  0  0
4.5  0.596903  0  0
4.5  0.628319  0  0
4.5  0.659734  0  0
4.5  0.69115  0  0
4.5  0.722566  0  0
4.5  0.753982  0  0
4.5  0.785398  0  0
4.5  0.816814  0  0
4.5  0.84823  0  0
4.5  0.879646  0  0
4.5  0.911062  0  0
4.5  0.942478  0  0
4.5  0.973894  0  0
4.5  1.00531  0  0
4.5  1.03673  0  0
4.5  1.06814  0  0
4.5  1.09956  0  0
4.5  1.13097  0  0
4.5  1.16239  0  0
4.5  1.19381  0  0
4.5  1.22522  0  0
4.5  1.25664  0  0
4.5  1.28805  0  0
4.5  1.31947  0  0
4.5  1.35088  0  0
4.5  1.3823  0  0
4.5  1.41372  0  0
4.5  1.44513  0  0
4.5  1.47655  0  0
4.5  1.50796  0  0
4.5  1.53938  0  0
4.5  1.5708  0  0
4.5  1.60221  0  0
4.5  1.63363  0  0
4.5  1.66504  0  0
4.5  1.69646  0  0
4.5  1.72788  0  0
4.5  1.75929  0  0
4.5  1.79071  0  0
4.5  1.82212  0  0
4.5  1.85354  0  0
4.5  1.88496  0  0
4.5  1.91637  0  0
4.5  1.94779  0  0
4.5  1.9792  0  0
4.5  2.01062  0  0
4.5  2.04204  0  0
4.5  2.07345  0  0
4.5  2.10487  0  0
4.5  2.13628  0  0
4.5  2.1677  0  0
4.5  2.19911  0  0
4.5  2.23053  0  0
4.5  2.26195  0  0
4.5  2.29336  0  0
4.5  2.32478  0  0
4.5  2.35619  0  0
4.5  2.38761  0  0
4.5  2.41903  0  0
4.5  2.45044  0  0
4.5  2.48186  0  0
4.5  2.51327  0  0
4.5  2.54469  0  0
4.5  2.57611  0  0
4.5  2.60752  0  0
4.5  2.63894  0  0
4.5  2.67035  0  0
4.5  2.70177  0  0
4.5  2.73319  0  0
4.5  2.7646  0  0
4.5  2.79602  0  0
4.5  2.82743  0  0
4.5  2.85885  0  0
4.5  2.89027  0  0
4.5  2.92168  0  0
4.5  2.9531  0  0
4.5  2.98451  0  0
4.5  3.01593  0  0
4.5  3.04734  0  0
4.5  3.07876  0  0
4.5  3.11018  0  0
4.625  0  0  0
4.625  0.0314159  0  0
4.625  0.0628319  0  0
4.625  0.0942478  0  0
4.625  0.125664  0  0
4.625  0.15708  0  0
4.625  0.188496  0  0
4.625  0.219911  0  0
4.625  0.251327  0  0
4.625  0.282743  0  0
4.625  0.314159  0  0
4.625  0.345575  0  0
4.625  0.376991  0  0
4.625  0.408407  0  0
4.625  0.439823  0  0
4.625  0.471239  0  0
4.625  0.502655  0  0
4.625  0.534071  0  0
4.625  0.565487  0  0
4.625  0.596903  0  0
4.625  0.628319  0  0
4.625  0.659734  0  0
4.625  0.69115  0  0
4.625  0.722566  0  0
4.625  0.753982  0  0
4.625  0.785398  0  0
4.625  0.816814  0  0
4.625  0.84823  0  0
4.625  0.879646  0  0
4.625  0.911062  0  0
4.625  0.942478  0  0
4.625  0.973894  0  0
4.625  1.00531  0  0
4.625  1.03673  0  0
4.625  1.06814  0  0
4.625  1.09956  0  0
4.625  1.13097  0  0
4.625  1.16239  0  0
4.625  1.19381  0  0
4.625  1.22522  0  0
4.625  1.25664  0  0
4.625  1.28805  0  0
4.625  1.31947  0  0
4.625  1.35088  0  0
4.625  1.3823  0  0
4.625  1.41372  0  0
4.625  1.44513  0  0
4.625  1.47655  0  0
4.625  1.50796  0  0
4.625  1.53938  0  0
4.625  1.5708  0  0
4.625  1.60221  0  0
4.625  1.63363  0  0
4.625  1.66504  0  0
4.625  1.69646  0  0
4.625  1.72788  0  0
4.625  1.75929  0  0
4.625  1.79071  0  0
4.625  1.82212  0  0
4.625  1.85354  0  0
4.625  1.88496  0  0
4.625  1.91637  0  0
4.625  1.94779  0  0
4.625  1.9792  0  0
4.625  2.01062  0  0
4.625  2.04204  0  0
4.625  2.07345  0  0
4.625  2.10487  0  0
4.625  2.13628  0  0
4.625  2.1677  0  0
4.625  2.19911  0  0
4.625  2.23053  0  0
4.625  2.26195  0  0
4.625  2.29336  0  0
4.625  2.32478  0  0
4.625  2.35619  0  0
4.625  2.38761  0  0
4.625  2.41903  0  0
4.625  2.45044  0  0
4.625  2.48186  0  0
4.625  2.51327  0  0
4.625  2.54469  0  0
4.625  2.57611  0  0
4.625  2.60752  0  0
4.625  2.63894  0  0
4.625  2.67035  0  0
4.625  2.70177  0  0
4.625  2.73319  0  0
4.625  2.7646  0  0
4.625  2.79602  0  0
4.625  2.82743  0  0
4.625  2.85885  0  0
4.625  2.89027  0  0
4.625  2.92168  0  0
4.625  2.9531  0  0
4.625  2.98451  0  0
4.625  3.01593  0  0
4.625  3.04734  0  0
4.625  3.07876  0  0
4.625  3.11018  0  0
4.75  0  0  0
4.75  0.0314159  0  0
4.75  0.0628319  0  0
4.75  0.0942478  0  0
4.75  0.125664  0  0
4.75  0.15708  0  0
4.75  0.188496  0  0
4.75  0.219911  0  0
4.75  0.251327  0  0
4.75  0.282743  0  0
4.75  0.314159  0  0
4.75  0.345575  0  0
4.75  0.376991  0  0
4.75  0.408407  0  0
4.75  0.439823  0  0
4.75  0.471239  0  0
4.75  0.502655  0  0
4.75  0.534071  0  0
4.75  0.565487  0  0
4.75  0.596903  0  0
4.75  0.628319  0  0
4.75  0.659734  0  0
4.75  0.69115  0  0
4.75  0.722566  0  0
4.75  0.753982  0  0
4.75  0.785398  0  0
4.75  0.816814  0  0
4.75  0.84823  0  0
4.75  0.879646  0  0
4.75  0.911062  0  0
4.75  0.942478  0  0
4.75  0.973894  0  0
4.75  1.00531  0  0
4.75  1.03673  0  0
4.75  1.06814  0  0
4.75  1.09956  0  0
4.75  1.13097  0  0
4.75  1.16239  0  0
4.75  1.19381  0  0
4.75  1.22522  0  0
4.75  1.25664  0  0
4.75  1.28805  0  0
4.75  1.31947  0  0
4.75  1.35088  0  0
4.75  1.3823  0  0
4.75  1.41372  0  0
4.75  1.44513  0  0
4.75  1.47655  0  0
4.75  1.50796  0  0
4.75  1.53938  0.247442  2.3025
4.75  1.5708  0  0
4.75  1.60221  0  0
4.75  1.63363  0  0
4.75  1.66504  0  0
4.75  1.69646  0  0
4.75  1.72788  0  0
4.75  1.75929  0  0
4.75  1.79071  0  0
4.75  1.82212  0  0
4.75  1.85354  0  0
4.75  1.88496  0  0
4.75  1.91637  0  0
4.75  1.94779  0  0
4.75  1.9792  0  0
4.75  2.01062  0  0
4.75  2.04204  0  0
4.75  2.07345  0  0
4.75  2.10487  0  0
4.75  2.13628  0  0
4.75  2.1677  0  0
4.75  2.19911  0  0
4.75  2.23053  0  0
4.75  2.26195  0  0
4.75  2.29336  0  0
4.75  2.32478  0  0
4.75  2.35619  0  0
4.75  2.38761  0  0
4.75  2.41903  0  0
4.75  2.45044  0  0
4.75  2.48186  0  0
4.75  2.51327  0  0
4.75  2.54469  0  0
4.75  2.57611  0  0
4.75  2.60752  0  0
4.75  2.63894  0  0
4.75  2.67035  0  0
4.75  2.70177  0  0
4.75  2.73319  0  0
4.75  2.7646  0  0
4.75  2.79602  0  0
4.75  2.82743  0  0
4.75  2.85885  0  0
4.75  2.89027  0  0
4.75  2.92168  0  0
4.75  2.9531  0  0
4.75  2.98451  0  0
4.75  3.01593  0  0
4.75  3.04734  0  0
4.75  3.07876  0  0
4.75  3.11018  0  0
4.875  0  0  0
4.875  0.0314159  0  0
4.875  0.0628319  0  0
4.875  0.0942478  0  0
4.875  0.125664  0  0
4.875  0.15708  0  0
4.875  0.188496  0  0
4.875  0.219911  0  0
4.875  0.251327  0  0
4.875  0.282743  0  0
4.875  0.314159  0  0
4.875  0.345575  0  0
4.875  0.376991  0  0
4.875  0.408407  0  0
4.875  0.439823  0  0
4.875  0.471239  0  0
4.875  0.502655  0  0
4.875  0.534071  0  0
4.875  0.565487  0  0
4.875  0.596903  0  0
4.875  0.628319  0  0
4.875  0.659734  0  0
4.875  0.69115  0  0
4.875  0.722566  0  0
4.875  0.753982  0  0
4.875  0.785398  0  0
4.875  0.816814  0  0
4.875  0.84823  0  0
4.875  0.879646  0  0
4.875  0.911062  0  0
4.875  0.942478  0  0
4.875  0.973894  0  0
4.875  1.00531  0  0
4.875  1.03673  0  0
4.875  1.06814  0  0
4.875  1.09956  0  0
4.875  1.13097  0  0
4.875  1.16239  0  0
4.875  1.19381  0  0
4.875  1.22522  0  0
4.875  1.25664  0  0
4.875  1.28805  0  0
4.875  1.31947  0  0
4.875  1.35088  0  0
4.875  1.3823  0  0
4.875  1.41372  0  0
4.875  1.44513  0  0
4.875  1.47655  0  0
4.875  1.50796  0  0
4.875  1.53938  0  0
4.875  1.5708  0  0
4.875  1.60221  0  0
4.875  1.63363  0  0
4.875  1.66504  0  0
4.875  1.69646  0  0
4.875  1.72788  0  0
4.875  1.75929  0  0
4.875  1.79071  0  0
4.875  1.82212  0  0
4.875  1.85354  0  0
4.875  1.88496  0  0
4.875  1.91637  0  0
4.875  1.94779  0  0
4.875  1.9792  0  0
4.875  2.01062  0  0
4.875  2.04204  0  0
4.875  2.07345  0  0
4.875  2.10487  0  0
4.875  2.13628  0  0
4.875  2.1677  0  0
4.875  2.19911  0  0
4.875  2.23053  0  0
4.875  2.26195  0  0
4.875  2.29336  0  0
4.875  2.32478  0  0
4.875  2.35619  0  0
4.875  2.38761  0  0
4.875  2.41903  0  0
4.875  2.45044  0  0
4.875  2.48186  0  0
4.875  2.51327  0  0
4.875  2.54469  0  0
4.875  2.57611  0  0
4.875  2.60752  0  0
4.875  2.63894  0  0
4.875  2.67035  0  0
4.875  2.70177  0  0
4.875  2.73319  0  0
4.875  2.7646  0  0
4.875  2.79602  0  0
4.875  2.82743  0  0
4.875  2.85885  0  0
4.875  2.89027  0  0
4.875  2.92168  0  0
4.875  2.9531  0  0
4.875  2.98451  0  0
4.875  3.01593  0  0
4.875  3.04734  0  0
4.875  3.07876  0  0
4.875  3.11018  0  0
5  0  0  0
5  0.0314159  0  0
5  0.0628319  0  0
5  0.0942478  0  0
5  0.125664  0  0
5  0.15708  0  0
5  0.188496  0  0
5  0.219911  0  0
5  0.251327  0  0
5  0.282743  0  0
5  0.314159  0  0
5  0.345575  0  0
5  0.376991  0  0
5  0.408407  0  0
5  0.439823  0  0
5  0.471239  0  0
5  0.502655  0  0
5  0.534071  0  0
5  0.565487  0  0
5  0.596903  0  0
5  0.628319  0  0
5  0.659734  0  0
5  0.69115  0  0
5  0.722566  0  0
5  0.753982  0  0
5  0.785398  0  0
5  0.816814  0  0
5  0.84823  0  0
5  0.879646  0  0
5  0.911062  0  0
5  0.942478  0  0
5  0.973894  0  0
5  1.00531  0  0
5  1.03673  0  0
5  1.06814  0  0
5  1.09956  0  0
5  1.13097  0  0
5  1.16239  0  0
5  1.19381  0  0
5  1.22522  0  0
5  1.25664  0  0
5  1.28805  0  0
5  1.31947  0  0
5  1.35088  0  0
5  1.3823  0  0
5  1.41372  0  0
5  1.44513  0  0
5  1.47655  0  0
5  1.50796  0  0
5  1.53938  0  0
5  1.5708  0  0
5  1.60221  0  0
5  1.63363  0  0
5  1.66504  0  0
5  1.69646  0  0
5  1.72788  0  0
5  1.75929  0  0
5  1.79071  0  0
5  1.82212  0  0
5  1.85354  0  0
5  1.88496  0  0
5  1.91637  0  0
5  1.94779  0  0
5  1.9792  0  0
5  2.01062  0  0
5  2.04204  0  0
5  2.07345  0  0
5  2.10487  0  0
5  2.13628  0  0
5  2.1677  0  0
5  2.19911  0  0
5  2.23053  0  0
5  2.26195  0  0
5  2.29336  0  0
5  2.32478  0  0
5  2.35619  0  0
5  2.38761  0  0
5  2.41903  0  0
5  2.45044  0  0
5  2.48186  0  0
5  2.51327  0  0
5  2.54469  0  0
5  2.57611  0  0
5  2.60752  0  0
5  2.63894  0  0
5  2.67035  0  0
5  2.70177  0  0
5  2.73319  0  0
5  2.7646  0  0
5  2.79602  0  0
5  2.82743  0  0
5  2.85885  0  0
5  2.89027  0  0
5  2.92168  0  0
5  2.9531  0  0
5  2.98451  0  0
5  3.01593  0  0
5  3.04734  0  0
5  3.07876  0  0
5  3.11018  0  0
5.125  0  0  0
5.125  0.0314159  0  0
5.125  0.0628319  0  0
5.125  0.0942478  0  0
5.125  0.125664  0  0
5.125  0.15708  0  0
5.125  0.188496  0  0
5.125  0.219911  0  0
5.125  0.251327  0  0
5.125  0.282743  0  0
5.125  0.314159  0  0
5.125  0.345575  0  0
5.125  0.376991  0  0
5.125  0.408407  0  0
5.125  0.439823  0  0
5.125  0.471239  0  0
5.125  0.502655  0  0
5.125  0.534071  0  0
5.125  0.565487  0  0
5.125  0.596903  0  0
5.125  0.628319  0  0
5.125  0.659734  0  0
5.125  0.69115  0  0
5.125  0.722566  0  0
5.125  0.753982  0  0
5.125  0.785398  0  0
5.125  0.816814  0  0
5.125  0.84823  0  0
5.125  0.879646  0  0
5.125  0.911062  0  0
5.125  0.942478  0  0
5.125  0.973894  0  0
5.125  1.00531  0  0
5.125  1.03673  0  0
5.125  1.06814  0  0
5.125  1.09956  0  0
5.125  1.13097  0  0
5.125  1.16239  0  0
5.125  1.19381  0  0
5.125  1.22522  0  0
5.125  1.25664  0  0
5.125  1.28805  0  0
5.125  1.31947  0  0
5.125  1.35088  0  0
5.125  1.3823  0  0
5.125  1.41372  0  0
5.125  1.44513  0  0
5.125  1.47655  0  0
5.125  1.50796  0  0
5.125  1.53938  0  0
5.125  1.5708  0  0
5.125  1.60221  0  0
5.125  1.63363  0  0
5.125  1.66504  0  0
5.125  1.69646  0  0
5.125  1.72788  0  0
5.125  1.75929  0  0
5.125  1.79071  0  0
5.125  1.82212  0  0
5.125  1.85354  0  0
5.125  1.88496  0  0
5.125  1.91637  0  0
5.125  1.94779  0  0
5.125  1.9792  0  0
5.125  2.01062  0  0
5.125  2.04204  0  0
5.125  2.07345  0  0
5.125  2.10487  0  0
5.125  2.13628  0  0
5.125  2.1677  0  0
5.125  2.19911  0  0
5.125  2.23053  0  0
5.125  2.26195  0  0
5.125  2.29336  0  0
5.125  2.32478  0  0
5.125  2.35619  0  0
5.125  2.38761  0  0
5.125  2.41903  0  0
5.125  2.45044  0  0
5.125  2.48186  0  0
5.125  2.51327  0  0
5.125  2.54469  0  0
5.125  2.57611  0  0
5.125  2.60752  0  0
5.125  2.63894  0  0
5.125  2.67035  0  0
5.125  2.70177  0  0
5.125  2.73319  0  0
5.125  2.7646  0  0
5.125  2.79602  0  0
5.125  2.82743  0  0
5.125  2.85885  0  0
5.125  2.89027  0  0
5.125  2.92168  0  0
5.125  2.9531  0  0
5.125  2.98451  0  0
5.125  3.01593  0  0
5.125  3.04734  0  0
5.125  3.07876  0  0
5.125  3.11018  0  0
5.25  0  0  0
5.25  0.0314159  0  0
5.25  0.0628319  0  0
5.25  0.0942478  0  0
5.25  0.125664  0  0
5.25  0.15708  0  0
5.25  0.188496  0  0
5.25  0.219911  0  0
5.25  0.251327  0  0
5.25  0.282743  0  0
5.25  0.314159  0  0
5.25  0.345575  0  0
5.25  0.376991  0  0
5.25  0.408407  0  0
5.25  0.439823  0  0
5.25  0.471239  0  0
5.25  0.502655  0  0
5.25  0.534071  0  0
5.25  0.565487  0  0
5.25  0.596903  0  0
5.25  0.628319  0  0
5.25  0.659734  0  0
5.25  0.69115  0  0
5.25  0.722566  0  0
5.25  0.753982  0  0
5.25  0.785398  0  0
5.25  0.816814  0  0
5.25  0.84823  0  0
5.25  0.879646  0  0
5.25  0.911062  0  0
5.25  0.942478  0  0
5.25  0.973894  0  0
5.25  1.00531  0  0
5.25  1.03673  0  0
5.25  1.06814  0  0
5.25  1.09956  0  0
5.25  1.13097  0  0
5.25  1.16239  0  0
5.25  1.19381  0  0
5.25  1.22522  0  0
5.25  1.25664  0  0
5.25  1.28805  0  0
5.25  1.31947  0  0
5.25  1.35088  0  0
5.25  1.3823  0  0
5.25  1.41372  0  0
5.25  1.44513  0  0
5.25  1.47655  0  0
5.25  1.50796  0  0
5.25  1.53938  0  0
5.25  1.5708  0  0
5.25  1.60221  0  0
5.25  1.63363  0  0
5.25  1.66504  0  0
5.25  1.69646  0  0
5.25  1.72788  0  0
5.25  1.75929  0  0
5.25  1.79071  0  0
5.25  1.82212  0  0
5.25  1.85354  0  0
5.25  1.88496  0  0
5.25  1.91637  0  0
5.25  1.94779  0  0
5.25  1.9792  0  0
5.25  2.01062  0  0
5.25  2.04204  0  0
5.25  2.07345  0  0
5.25  2.10487  0  0
5.25  2.13628  0  0
5.25  2.1677  0  0
5.25  2.19911  0  0
5.25  2.23053  0  0
5.25  2.26195  0  0
5.25  2.29336  0  0
5.25  2.32478  0  0
5.25  2.35619  0  0
5.25  2.38761  0  0
5.25  2.41903  0  0
5.25  2.45044  0  0
5.25  2.48186  0  0
5.25  2.51327  0  0
5.25  2.54469  0  0
5.25  2.57611  0  0
5.25  2.60752  0  0
5.25  2.63894  0  0
5.25  2.67035  0  0
5.25  2.70177  0  0
5.25  2.73319  0  0
5.25  2.7646  0  0
5.25  2.79602  0  0
5.25  2.82743  0  0
5.25  2.85885  0  0
5.25  2.89027  0  0
5.25  2.92168  0  0
5.25  2.9531  0  0
5.25  2.98451  0  0
5.25  3.01593  0  0
5.25  3.04734  0  0
5.25  3.07876  0  0
5.25  3.11018  0  0
5.375  0  0  0
5.375  0.0314159  0  0
5.375  0.0628319  0  0
5.375  0.0942478  0  0
5.375  0.125664  0  0
5.375  0.15708  0  0
5.375  0.188496  0  0
5.375  0.219911  0  0
5.375  0.251327  0  0
5.375  0.282743  0  0
5.375  0.314159  0  0
5.375  0.345575  0  0
5.375  0.376991  0  0
5.375  0.408407  0  0
5.375  0.439823  0  0
5.375  0.471239  0  0
5.375  0.502655  0  0
5.375  0.534071  0  0
5.375  0.565487  0  0
5.375  0.596903  0  0
5.375  0.628319  0  0
5.375  0.659734  0  0
5.375  0.69115  0  0
5.375  0.722566  0  0
5.375  0.753982  0  0
5.375  0.785398  0  0
5.375  0.816814  0  0
5.375  0.84823  0  0
5.375  0.879646  0  0
5.375  0.911062  0  0
5.375  0.942478  0  0
5.375  0.973894  0  0
5.375  1.00531  0  0
5.375  1.03673  0  0
5.375  1.06814  0  0
5.375  1.09956  0  0
5.375  1.13097  0  0
5.375  1.16239  0  0
5.375  1.19381  0  0
5.375  1.22522  0  0
5.375  1.25664  0  0
5.375  1.28805  0  0
5.375  1.31947  0  0
5.375  1.35088  0  0
5.375  1.3823  0  0
5.375  1.41372  0  0
5.375  1.44513  0  0
5.375  1.47655  0  0
5.375  1.50796  0  0
5.375  1.53938  0  0
5.375  1.5708  0  0
5.375  1.60221  0  0
5.375  1.63363  0  0
5.375  1.66504  0  0
5.375  1.69646  0  0
5.375  1.72788  0  0
5.375  1.75929  0  0
5.375  1.79071  0  0
5.375  1.82212  0  0
5.375  1.85354  0  0
5.375  1.88496  0  0
5.375  1.91637  0  0
5.375  1.94779  0  0
5.375  1.9792  0  0
5.375  2.01062  0  0
5.375  2.04204  0  0
5.375  2.07345  0  0
5.375  2.10487  0  0
5.375  2.13628  0  0
5.375  2.1677  0  0
5.375  2.19911  0  0
5.375  2.23053  0  0
5.375  2.26195  0  0
5.375  2.29336  0  0
5.375  2.32478  0  0
5.375  2.35619  0  0
5.375  2.38761  0  0
5.375  2.41903  0  0
5.375  2.45044  0  0
5.375  2.48186  0  0
5.375  2.51327  0  0
5.375  2.54469  0  0
5.375  2.57611  0  0
5.375  2.60752  0  0
5.375  2.63894  0  0
5.375  2.67035  0  0
5.375  2.70177  0  0
5.375  2.73319  0  0
5.375  2.7646  0  0
5.375  2.79602  0  0
5.375  2.82743  0  0
5.375  2.85885  0  0
5.375  2.89027  0  0
5.375  2.92168  0  0
5.375  2.9531  0  0
5.375  2.98451  0  0
5.375  3.01593  0  0
5.375  3.04734  0  0
5.375  3.07876  0  0
5.375  3.11018  0  0
5.5  0  0  0
5.5  0.0314159  0  0
5.5  0.0628319  0  0
5.5  0.0942478  0  0
5.5  0.125664  0  0
5.5  0.15708  0  0
5.5  0.188496  0  0
5.5  0.219911  0  0
5.5  0.251327  0  0
5.5  0.282743  0  0
5.5  0.314159  0  0
5.5  0.345575  0  0
5.5  0.376991  0  0
5.5  0.408407  0  0
5.5  0.439823  0  0
5.5  0.471239  0  0
5.5  0.502655  0  0
5.5  0.534071  0  0
5.5  0.565487  0  0
5.5  0.596903  0  0
5.5  0.628319  0  0
5.5  0.659734  0  0
5.5  0.69115  0  0
5.5  0.722566  0  0
5.5  0.753982  0  0
5.5  0.785398  0  0
5.5  0.816814  0  0
5.5  0.84823  0  0
5.5  0.879646  0  0
5.5  0.911062  0  0
5.5  0.942478  0  0
5.5  0.973894  0  0
5.5  1.00531  0  0
5.5  1.03673  0  0
5.5  1.06814  0  0
5.5  1.09956  0  0
5.5  1.13097  0  0
5.5  1.16239  0  0
5.5  1.19381  0  0
5.5  1.22522  0  0
5.5  1.25664  0  0
5.5  1.28805  0  0
5.5  1.31947  0  0
5.5  1.35088  0  0
5.5  1.3823  0  0
5.5  1.41372  0  0
5.5  1.44513  0  0
5.5  1.47655  0  0
5.5  1.50796  0  0
5.5  1.53938  0  0
5.5  1.5708  0  0
5.5  1.60221  0  0
5.5  1.63363  0  0
5.5  1.66504  0  0
5.5  1.69646  0  0
5.5  1.72788  0  0
5.5  1.75929  0  0
5.5  1.79071  0  0
5.5  1.82212  0  0
5.5  1.85354  0  0
5.5  1.88496  0  0
5.5  1.91637  0  0
5.5  1.94779  0  0
5.5  1.9792  0  0
5.5  2.01062  0  0
5.5  2.04204  0  0
5.5  2.07345  0  0
5.5  2.10487  0  0
5.5  2.13628  0  0
5.5  2.1677  0  0
5.5  2.19911  0  0
5.5  2.23053  0  0
5.5  2.26195  0  0
5.5  2.29336  0  0
5.5  2.32478  0  0
5.5  2.35619  0  0
5.5  2.38761  0  0
5.5  2.41903  0  0
5.5  2.45044  0  0
5.5  2.48186  0  0
5.5  2.51327  0  0
5.5  2.54469  0  0
5.5  2.57611  0  0
5.5  2.60752  0  0
5.5  2.63894  0  0
5.5  2.67035  0  0
5.5  2.70177  0  0
5.5  2.73319  0  0
5.5  2.7646  0  0
5.5  2.79602  0  0
5.5  2.82743  0  0
5.5  2.85885  0  0
5.5  2.89027  0  0
5.5  2.92168  0  0
5.5  2.9531  0  0
5.5  2.98451  0  0
5.5  3.01593  0  0
5.5  3.04734  0  0
5.5  3.07876  0  0
5.5  3.11018  0  0
5.625  0  0  0
5.625  0.0314159  0  0
5.625  0.0628319  0  0
5.625  0.0942478  0  0
5.625  0.125664  0  0
5.625  0.15708  0  0
5.625  0.188496  0  0
5.625  0.219911  0  0
5.625  0.251327  0  0
5.625  0.282743  0  0
5.625  0.314159  0  0
5.625  0.345575  0  0
5.625  0.376991  0  0
5.625  0.408407  0  0
5.625  0.439823  0  0
5.625  0.471239  0  0
5.625  0.502655  0  0
5.625  0.534071  0  0
5.625  0.565487  0  0
5.625  0.596903  0  0
5.625  0.628319  0  0
5.625  0.659734  0  0
5.625  0.69115  0  0
5.625  0.722566  0  0
5.625  0.753982  0  0
5.625  0.785398  0  0
5.625  0.816814  0  0
5.625  0.84823  0  0
5.625  0.879646  0  0
5.625  0.911062  0  0
5.625  0.942478  0  0
5.625  0.973894  0  0
5.625  1.00531  0  0
5.625  1.03673  0  0
5.625  1.06814  0  0
5.625  1.09956  0  0
5.625  1.13097  0  0
5.625  1.16239  0  0
5.625  1.19381  0  0
5.625  1.22522  0  0
5.625  1.25664  0  0
5.625  1.28805  0  0
5.625  1.31947  0  0
5.625  1.35088  0  0
5.625  1.3823  0  0
5.625  1.41372  0  0
5.625  1.44513  0  0
5.625  1.47655  0  0
5.625  1.50796  0  0
5.625  1.53938  0  0
5.625  1.5708  0  0
5.625  1.60221  0  0
5.625  1.63363  0  0
5.625  1.66504  0  0
5.625  1.69646  0  0
5.625  1.72788  0  0
5.625  1.75929  0  0
5.625  1.79071  0  0
5.625  1.82212  0  0
5.625  1.85354  0  0
5.625  1.88496  0  0
5.625  1.91637  0  0
5.625  1.94779  0  0
5.625  1.9792  0  0
5.625  2.01062  0  0
5.625  2.04204  0  0
5.625  2.07345  0  0
5.625  2.10487  0  0
5.625  2.13628  0  0
5.625  2.1677  0  0
5.625  2.19911  0  0
5.625  2.23053  0  0
5.625  2.26195  0  0
5.625  2.29336  0  0
5.625  2.32478  0  0
5.625  2.35619  0  0
5.625  2.38761  0  0
5.625  2.41903  0  0
5.625  2.45044  0  0
5.625  2.48186  0  0
5.625  2.51327  0  0
5.625  2.54469  0  0
5.625  2.57611  0  0
5.625  2.60752  0  0
5.625  2.63894  0  0
5.625  2.67035  0  0
5.625  2.70177  0  0
5.625  2.73319  0  0
5.625  2.7646  0  0
5.625  2.79602  0  0
5.625  2.82743  0  0
5.625  2.85885  0  0
5.625  2.89027  0  0
5.625  2.92168  0  0
5.625  2.9531  0  0
5.625  2.98451  0  0
5.625  3.01593  0  0
5.625  3.04734  0  0
5.625  3.07876  0  0
5.625  3.11018  0  0
5.75  0  0  0
5.75  0.0314159  0  0
5.75  0.0628319  0  0
5.75  0.0942478  0  0
5.75  0.125664  0  0
5.75  0.15708  0  0
5.75  0.188496  0  0
5.75  0.219911  0  0
5.75  0.251327  0  0
5.75  0.282743  0  0
5.75  0.314159  0  0
5.75  0.345575  0  0
5.75  0.376991  0  0
5.75  0.408407  0  0
5.75  0.439823  0  0
5.75  0.471239  0  0
5.75  0.502655  0  0
5.75  0.534071  0  0
5.75  0.565487  0  0
5.75  0.596903  0  0
5.75  0.628319  0  0
5.75  0.659734  0  0
5.75  0.69115  0  0
5.75  0.722566  0  0
5.75  0.753982  0  0
5.75  0.785398  0  0
5.75  0.816814  0  0
5.75  0.84823  0  0
5.75  0.879646  0  0
5.75  0.911062  0  0
5.75  0.942478  0  0
5.75  0.973894  0  0
5.75  1.00531  0  0
5.75  1.03673  0  0
5.75  1.06814  0  0
5.75  1.09956  0  0
5.75  1.13097  0  0
5.75  1.16239  0  0
5.75  1.19381  0  0
5.75  1.22522  0  0
5.75  1.25664  0  0
5.75  1.28805  0  0
5.75  1.31947  0  0
5.75  1.35088  0  0
5.75  1.3823  0  0
5.75  1.41372  0  0
5.75  1.44513  0  0
5.75  1.47655  0  0
5.75  1.50796  0  0
5.75  1.53938  0  0
5.75  1.5708  0  0
5.75  1.60221  0  0
5.75  1.63363  0  0
5.75  1.66504  0  0
5.75  1.69646  0  0
5.75  1.72788  0  0
5.75  1.75929  0  0
5.75  1.79071  0  0
5.75  1.82212  0  0
5.75  1.85354  0  0
5.75  1.88496  0  0
5.75  1.91637  0  0
5.75  1.94779  0  0
5.75  1.9792  0  0
5.75  2.01062  0  0
5.75  2.04204  0  0
5.75  2.07345  0  0
5.75  2.10487  0  0
5.75  2.13628  0  0
5.75  2.1677  0  0
5.75  2.19911  0  0
5.75  2.23053  0  0
5.75  2.26195  0  0
5.75  2.29336  0  0
5.75  2.32478  0  0
5.75  2.35619  0  0
5.75  2.38761  0  0
5.75  2.41903  0  0
5.75  2.45044  0  0
5.75  2.48186  0  0
5.75  2.51327  0  0
5.75  2.54469  0  0
5.75  2.57611  0  0
5.75  2.60752  0  0
5.75  2.63894  0  0
5.75  2.67035  0  0
5.75  2.70177  0  0
5.75  2.73319  0  0
5.75  2.7646  0  0
5.75  2.79602  0  0
5.75  2.82743  0  0
5.75  2.85885  0  0
5.75  2.89027  0  0
5.75  2.92168  0  0
5.75  2.9531  0  0
5.75  2.98451  0  0
5.75  3.01593  0  0
5.75  3.04734  0  0
5.75  3.07876  0  0
5.75  3.11018  0  0
5.875  0  0  0
5.875  0.0314159  0  0
5.875  0.0628319  0  0
5.875  0.0942478  0  0
5.875  0.125664  0  0
5.875  0.15708  0  0
5.875  0.188496  0  0
5.875  0.219911  0  0
5.875  0.251327  0  0
5.875  0.282743  0  0
5.875  0.314159  0  0
5.875  0.345575  0  0
5.875  0.376991  0  0
5.875  0.408407  0  0
5.875  0.439823  0  0
5.875  0.471239  0  0
5.875  0.502655  0  0
5.875  0.534071  0  0
5.875  0.565487  0  0
5.875  0.596903  0  0
5.875  0.628319  0  0
5.875  0.659734  0  0
5.875  0.69115  0  0
5.875  0.722566  0  0
5.875  0.753982  0  0
5.875  0.785398  0  0
5.875  0.816814  0  0
5.875  0.84823  0  0
5.875  0.879646  0  0
5.875  0.911062  0  0
5.875  0.942478  0  0
5.875  0.973894  0  0
5.875  1.00531  0  0
5.875  1.03673  0  0
5.875  1.06814  0  0
5.875  1.09956  0  0
5.875  1.13097  0  0
5.875  1.16239  0  0
5.875  1.19381  0  0
5.875  1.22522  0  0
5.875  1.25664  0  0
5.875  1.28805  0  0
5.875  1.31947  0  0
5.875  1.35088  0  0
5.875  1.3823  0  0
5.875  1.41372  0  0
5.875  1.44513  0  0
5.875  1.47655  0  0
5.875  1.50796  0  0
5.875  1.53938  0  0
5.875  1.5708  0  0
5.875  1.60221  0  0
5.875  1.63363  0  0
5.875  1.66504  0  0
5.875  1.69646  0  0
5.875  1.72788  0  0
5.875  1.75929  0  0
5.875  1.79071  0  0
5.875  1.82212  0  0
5.875  1.85354  0  0
5.875  1.88496  0  0
5.875  1.91637  0  0
5.875  1.94779  0  0
5.875  1.9792  0  0
5.875  2.01062  0  0
5.875  2.04204  0  0
5.875  2.07345  0  0
5.875  2.10487  0  0
5.875  2.13628  0  0
5.875  2.1677  0  0
5.875  2.19911  0  0
5.875  2.23053  0  0
5.875  2.26195  0  0
5.875  2.29336  0  0
5.875  2.32478  0  0
5.875  2.35619  0  0
5.875  2.38761  0  0
5.875  2.41903  0  0
5.875  2.45044  0  0
5.875  2.48186  0  0
5.875  2.51327  0  0
5.875  2.54469  0  0
5.875  2.57611  0  0
5.875  2.60752  0  0
5.875  2.63894  0  0
5.875  2.67035  0  0
5.875  2.70177  0  0
5.875  2.73319  0  0
5.875  2.7646  0  0
5.875  2.79602  0  0
5.875  2.82743  0  0
5.875  2.85885  0  0
5.875  2.89027  0  0
5.875  2.92168  0  0
5.875  2.9531  0  0
5.875  2.98451  0  0
5.875  3.01593  0  0
5.875  3.04734  0  0
5.875  3.07876  0  0
5.875  3.11018  0  0
6  0  0  0
6  0.0314159  0  0
6  0.0628319  0  0
6  0.0942478  0  0
6  0.125664  0  0
6  0.15708  0  0
6  0.188496  0  0
6  0.219911  0  0
6  0.251327  0  0
6  0.282743  0  0
6  0.314159  0  0
6  0.345575  0  0
6  0.376991  0  0
6  0.408407  0  0
6  0.439823  0  0
6  0.471239  0  0
6  0.502655  0  0
6  0.534071  0  0
6  0.565487  0  0
6  0.596903  0  0
6  0.628319  0  0
6  0.659734  0  0
6  0.69115  0  0
6  0.722566  0  0
6  0.753982  0  0
6  0.785398  0  0
6  0.816814  0  0
6  0.84823  0  0
6  0.879646  0  0
6  0.911062  0  0
6  0.942478  0  0
6  0.973894  0  0
6  1.00531  0  0
6  1.03673  0  0
6  1.06814  0  0
6  1.09956  0  0
6  1.13097  0  0
6  1.16239  0  0
6  1.19381  0  0
6  1.22522  0  0
6  1.25664  0  0
6  1.28805  0  0
6  1.31947  0  0
6  1.35088  0  0
6  1.3823  0  0
6  1.41372  0  0
6  1.44513  0  0
6  1.47655  0  0
6  1.50796  0  0
6  1.53938  0  0
6  1.5708  0  0
6  1.60221  0  0
6  1.63363  0  0
6  1.66504  0  0
6  1.69646  0  0
6  1.72788  0  0
6  1.75929  0  0
6  1.79071  0  0
6  1.82212  0  0
6  1.85354  0  0
6  1.88496  0  0
6  1.91637  0  0
6  1.94779  0  0
6  1.9792  0  0
6  2.01062  0  0
6  2.04204  0  0
6  2.07345  0  0
6  2.10487  0  0
6  2.13628  0  0
6  2.1677  0  0
6  2.19911  0  0
6  2.23053  0  0
6  2.26195  0  0
6  2.29336  0  0
6  2.32478  0  0
6  2.35619  0  0
6  2.38761  0  0
6  2.41903  0  0
6  2.45044  0  0
6  2.48186  0  0
6  2.51327  0  0
6  2.54469  0  0
6  2.57611  0  0
6  2.60752  0  0
6  2.63894  0  0
6  2.67035  0  0
6  2.70177  0  0
6  2.73319  0  0
6  2.7646  0  0
6  2.79602  0  0
6  2.82743  0  0
6  2.85885  0  0
6  2.89027  0  0
6  2.92168  0  0
6  2.9531  0  0
6  2.98451  0  0
6  3.01593  0  0
6  3.04734  0  0
6  3.07876  0  0
6  3.11018  0  0
6.125  0  0  0
6.125  0.0314159  0  0
6.125  0.0628319  0  0
6.125  0.0942478  0  0
6.125  0.125664  0  0
6.125  0.15708  0  0
6.125  0.188496  0  0
6.125  0.219911  0  0
6.125  0.251327  0  0
6.125  0.282743  0  0
6.125  0.314159  0  0
6.125  0.345575  0  0
6.125  0.376991  0  0
6.125  0.408407  0  0
6.125  0.439823  0  0
6.125  0.471239  0  0
6.125  0.502655  0  0
6.125  0.534071  0  0
6.125  0.565487  0  0
6.125  0.596903  0  0
6.125  0.628319  0  0
6.125  0.659734  0  0
6.125  0.69115  0  0
6.125  0.722566  0  0
6.125  0.753982  0  0
6.125  0.785398  0  0
6.125  0.816814  0  0
6.125  0.84823  0  0
6.125  0.879646  0  0
6.125  0.911062  0  0
6.125  0.942478  0  0
6.125  0.973894  0  0
6.125  1.00531  0  0
6.125  1.03673  0  0
6.125  1.06814  0  0
6.125  1.09956  0  0
6.125  1.13097  0  0
6.125  1.16239  0  0
6.125  1.19381  0  0
6.125  1.22522  0  0
6.125  1.25664  0  0
6.125  1.28805  0  0
6.125  1.31947  0  0
6.125  1.35088  0  0
6.125  1.3823  0  0
6.125  1.41372  0  0
6.125  1.44513  0  0
6.125  1.47655  0  0
6.125  1.50796  0  0
6.125  1.53938  0  0
6.125  1.5708  0  0
6.125  1.60221  0  0
6.125  1.63363  0  0
6.125  1.66504  0  0
6.125  1.69646  0  0
6.125  1.72788  0  0
6.125  1.75929  0  0
6.125  1.79071  0  0
6.125  1.82212  0  0
6.125  1.85354  0  0
6.125  1.88496  0  0
6.125  1.91637  0  0
6.125  1.94779  0  0
6.125  1.9792  0  0
6.125  2.01062  0  0
6.125  2.04204  0  0
6.125  2.07345  0  0
6.125  2.10487  0  0
6.125  2.13628  0  0
6.125  2.1677  0  0
6.125  2.19911  0  0
6.125  2.23053  0  0
6.125  2.26195  0  0
6.125  2.29336  0  0
6.125  2.32478  0  0
6.125  2.35619  0  0
6.125  2.38761  0  0
6.125  2.41903  0  0
6.125  2.45044  0  0
6.125  2.48186  0  0
6.125  2.51327  0  0
6.125  2.54469  0  0
6.125  2.57611  0  0
6.125  2.60752  0  0
6.125  2.63894  0  0
6.125  2.67035  0  0
6.125  2.70177  0  0
6.125  2.73319  0  0
6.125  2.7646  0  0
6.125  2.79602  0  0
6.125  2.82743  0  0
6.125  2.85885  0  0
6.125  2.89027  0  0
6.125  2.92168  0  0
6.125  2.9531  0  0
6.125  2.98451  0  0
6.125  3.01593  0  0
6.125  3.04734  0  0
6.125  3.07876  0  0
6.125  3.11018  0  0
6.25  0  0  0
6.25  0.0314159  0  0
6.25  0.0628319  0  0
6.25  0.0942478  0  0
6.25  0.125664  0  0
6.25  0.15708  0  0
6.25  0.188496  0  0
6.25  0.219911  0  0
6.25  0.251327  0  0
6.25  0.282743  0  0
6.25  0.314159  0  0
6.25  0.345575  0  0
6.25  0.376991  0  0
6.25  0.408407  0  0
6.25  0.439823  0  0
6.25  0.471239  0  0
6.25  0.502655  0  0
6.25  0.534071  0  0
6.25  0.565487  0  0
6.25  0.596903  0  0
6.25  0.628319  0  0
6.25  0.659734  0  0
6.25  0.69115  0  0
6.25  0.722566  0  0
6.25  0.753982  0  0
6.25  0.785398  0  0
6.25  0.816814  0  0
6.25  0.84823  0  0
6.25  0.879646  0  0
6.25  0.911062  0  0
6.25  0.942478  0  0
6.25  0.973894  0  0
6.25  1.00531  0  0
6.25  1.03673  0  0
6.25  1.06814  0  0
6.25  1.09956  0  0
6.25  1.13097  0  0
6.25  1.16239  0  0
6.25  1.19381  0  0
6.25  1.22522  0  0
6.25  1.25664  0  0
6.25  1.28805  0  0
6.25  1.31947  0  0
6.25  1.35088  0  0
6.25  1.3823  0  0
6.25  1.41372  0  0
6.25  1.44513  0  0
6.25  1.47655  0  0
6.25  1.50796  0  0
6.25  1.53938  0  0
6.25  1.5708  0  0
6.25  1.60221  0  0
6.25  1.63363  0  0
6.25  1.66504  0  0
6.25  1.69646  0  0
6.25  1.72788  0  0
6.25  1.75929  0  0
6.25  1.79071  0  0
6.25  1.82212  0  0
6.25  1.85354  0  0
6.25  1.88496  0  0
6.25  1.91637  0  0
6.25  1.94779  0  0
6.25  1.9792  0  0
6.25  2.01062  0  0
6.25  2.04204  0  0
6.25  2.07345  0  0
6.25  2.10487  0  0
6.25  2.13628  0  0
6.25  2.1677  0  0
6.25  2.19911  0  0
6.25  2.23053  0  0
6.25  2.26195  0  0
6.25  2.29336  0  0
6.25  2.32478  0  0
6.25  2.35619  0  0
6.25  2.38761  0  0
6.25  2.41903  0  0
6.25  2.45044  0  0
6.25  2.48186  0  0
6.25  2.51327  0  0
6.25  2.54469  0  0
6.25  2.57611  0  0
6.25  2.60752  0  0
6.25  2.63894  0  0
6.25  2.67035  0  0
6.25  2.70177  0  0
6.25  2.73319  0  0
6.25  2.7646  0  0
6.25  2.79602  0  0
6.25  2.82743  0  0
6.25  2.85885  0  0
6.25  2.89027  0  0
6.25  2.92168  0  0
6.25  2.9531  0  0
6.25  2.98451  0  0
6.25  3.01593  0  0
6.25  3.04734  0  0
6.25  3.07876  0  0
6.25  3.11018  0  0
6.375  0  0  0
6.375  0.0314159  0  0
6.375  0.0628319  0  0
6.375  0.0942478  0  0
6.375  0.125664  0  0
6.375  0.15708  0  0
6.375  0.188496  0  0
6.375  0.219911  0  0
6.375  0.251327  0  0
6.375  0.282743  0  0
6.375  0.314159  0  0
6.375  0.345575  0  0
6.375  0.376991  0  0
6.375  0.408407  0  0
6.375  0.439823  0  0
6.375  0.471239  0  0
6.375  0.502655  0  0
6.375  0.534071  0  0
6.375  0.565487  0  0
6.375  0.596903  0  0
6.375  0.628319  0  0
6.375  0.659734  0  0
6.375  0.69115  0  0
6.375  0.722566  0  0
6.375  0.753982  0  0
6.375  0.785398  0  0
6.375  0.816814  0  0
6.375  0.84823  0  0
6.375  0.879646  0  0
6.375  0.911062  0  0
6.375  0.942478  0  0
6.375  0.973894  0  0
6.375  1.00531  0  0
6.375  1.03673  0  0
6.375  1.06814  0  0
6.375  1.09956  0  0
6.375  1.13097  0  0
6.375  1.16239  0  0
6.375  1.19381  0  0
6.375  1.22522  0  0
6.375  1.25664  0  0
6.375  1.28805  0  0
6.375  1.31947  0  0
6.375  1.35088  0  0
6.375  1.3823  0  0
6.375  1.41372  0  0
6.375  1.44513  0  0
6.375  1.47655  0  0
6.375  1.50796  0  0
6.375  1.53938  0  0
6.375  1.5708  0  0
6.375  1.60221  0  0
6.375  1.63363  0  0
6.375  1.66504  0  0
6.375  1.69646  0  0
6.375  1.72788  0  0
6.375  1.75929  0  0
6.375  1.79071  0  0
6.375  1.82212  0  0
6.375  1.85354  0  0
6.375  1.88496  0  0
6.375  1.91637  0  0
6.375  1.94779  0  0
6.375  1.9792  0  0
6.375  2.01062  0  0
6.375  2.04204  0  0
6.375  2.07345  0  0
6.375  2.10487  0  0
6.375  2.13628  0  0
6.375  2.1677  0  0
6.375  2.19911  0  0
6.375  2.23053  0  0
6.375  2.26195  0  0
6.375  2.29336  0  0
6.375  2.32478  0  0
6.375  2.35619  0  0
6.375  2.38761  0  0
6.375  2.41903  0  0
6.375  2.45044  0  0
6.375  2.48186  0  0
6.375  2.51327  0  0
6.375  2.54469  0  0
6.375  2.57611  0  0
6.375  2.60752  0  0
6.375  2.63894  0  0
6.375  2.67035  0  0
6.375  2.70177  0  0
6.375  2.73319  0  0
6.375  2.7646  0  0
6.375  2.79602  0  0
6.375  2.82743  0  0
6.375  2.85885  0  0
6.375  2.89027  0  0
6.375  2.92168  0  0
6.375  2.9531  0  0
6.375  2.98451  0  0
6.375  3.01593  0  0
6.375  3.04734  0  0
6.375  3.07876  0  0
6.375  3.11018  0  0
6.5  0  0  0
6.5  0.0314159  0  0
6.5  0.0628319  0  0
6.5  0.0942478  0  0
6.5  0.125664  0  0
6.5  0.15708  0  0
6.5  0.188496  0  0
6.5  0.219911  0  0
6.5  0.251327  0  0
6.5  0.282743  0  0
6.5  0.314159  0  0
6.5  0.345575  0  0
6.5  0.376991  0  0
6.5  0.408407  0  0
6.5  0.439823  0  0
6.5  0.471239  0  0
6.5  0.502655  0  0
6.5  0.534071  0  0
6.5  0.565487  0  0
6.5  0.596903  0  0
6.5  0.628319  0  0
6.5  0.659734  0  0
6.5  0.69115  0  0
6.5  0.722566  0  0
6.5  0.753982  0  0
6.5  0.785398  0  0
6.5  0.816814  0  0
6.5  0.84823  0  0
6.5  0.879646  0  0
6.5  0.911062  0  0
6.5  0.942478  0  0
6.5  0.973894  0  0
6.5  1.00531  0  0
6.5  1.03673  0  0
6.5  1.06814  0  0
6.5  1.09956  0  0
6.5  1.13097  0  0
6.5  1.16239  0  0
6.5  1.19381  0  0
6.5  1.22522  0  0
6.5  1.25664  0  0
6.5  1.28805  0  0
6.5  1.31947  0  0
6.5  1.35088  0  0
6.5  1.3823  0  0
6.5  1.41372  0  0
6.5  1.44513  0  0
6.5  1.47655  0.258759  1.70226
6.5  1.50796  0  0
6.5  1.53938  0  0
6.5  1.5708  0  0
6.5  1.60221  0.246541  2.2497
6.5  1.63363  0  0
6.5  1.66504  0  0
6.5  1.69646  0  0
6.5  1.72788  0  0
6.5  1.75929  0  0
6.5  1.79071  0  0
6.5  1.82212  0  0
6.5  1.85354  0  0
6.5  1.88496  0  0
6.5  1.91637  0  0
6.5  1.94779  0  0
6.5  1.9792  0  0
6.5  2.01062  0  0
6.5  2.04204  0  0
6.5  2.07345  0  0
6.5  2.10487  0  0
6.5  2.13628  0  0
6.5  2.1677  0  0
6.5  2.19911  0  0
6.5  2.23053  0  0
6.5  2.26195  0  0
6.5  2.29336  0  0
6.5  2.32478  0  0
6.5  2.35619  0  0
6.5  2.38761  0  0
6.5  2.41903  0  0
6.5  2.45044  0  0
6.5  2.48186  0  0
6.5  2.51327  0  0
6.5  2.54469  0  0
6.5  2.57611  0  0
6.5  2.60752  0  0
6.5  2.63894  0  0
6.5  2.67035  0  0
6.5  2.70177  0  0
6.5  2.73319  0  0
6.5  2.7646  0  0
6.5  2.79602  0  0
6.5  2.82743  0  0
6.5  2.85885  0  0
6.5  2.89027  0  0
6.5  2.92168  0  0
6.5  2.9531  0  0
6.5  2.98451  0  0
6.5  3.01593  0  0
6.5  3.04734  0  0
6.5  3.07876  0  0
6.5  3.11018  0  0
6.625  0  0  0
6.625  0.0314159  0  0
6.625  0.0628319  0  0
6.625  0.0942478  0  0
6.625  0.125664  0  0
6.625  0.15708  0  0
6.625  0.188496  0  0
6.625  0.219911  0  0
6.625  0.251327  0  0
6.625  0.282743  0  0
6.625  0.314159  0  0
6.625  0.345575  0  0
6.625  0.376991  0  0
6.625  0.408407  0  0
6.625  0.439823  0  0
6.625  0.471239  0  0
6.625  0.502655  0  0
6.625  0.534071  0  0
6.625  0.565487  0  0
6.625  0.596903  0  0
6.625  0.628319  0  0
6.625  0.659734  0  0
6.625  0.69115  0  0
6.625  0.722566  0  0
6.625  0.753982  0  0
6.625  0.785398  0  0
6.625  0.816814  0  0
6.625  0.84823  0  0
6.625  0.879646  0  0
6.625  0.911062  0  0
6.625  0.942478  0  0
6.625  0.973894  0  0
6.625  1.00531  0  0
6.625  1.03673  0  0
6.625  1.06814  0  0
6.625  1.09956  0  0
6.625  1.13097  0  0
6.625  1.16239  0  0
6.625  1.19381  0  0
6.625  1.22522  0  0
6.625  1.25664  0  0
6.625  1.28805  0.256816  1.84815
6.625  1.31947  0.108329  0.0549522
6.625  1.35088  0.000174587  0.0012811
6.625  1.3823  0.0736842  0.0732854
6.625  1.41372  0.16042  0.113277
6.625  1.44513  0.078407  0.110601
6.625  1.47655  0.0836545  0.060987
6.625  1.50796  0.174244  0.149906
6.625  1.53938  0.182153  0.179096
6.625  1.5708  0.0544362  0.0892568
6.625  1.60221  0.180872  0.0922149
6.625  1.63363  0.247359  0.20671
6.625  1.66504  0.0506894  0.0828312
6.625  1.69646  0.127795  0.0787299
6.625  1.72788  0.0445117  0.0436334
6.625  1.75929  0.258123  1.7505
6.625  1.79071  0.255098  1.96439
6.625  1.82212  0  0
6.625  1.85354  0  0
6.625  1.88496  0  0
6.625  1.91637  0.258759  1.70226
6.625  1.94779  0  0
6.625  1.9792  0  0
6.625  2.01062  0  0
6.625  2.04204  0  0
6.625  2.07345  0  0
6.625  2.10487  0  0
6.625  2.13628  0  0
6.625  2.1677  0  0
6.625  2.19911  0  0
6.625  2.23053  0  0
6.625  2.26195  0  0
6.625  2.29336  0  0
6.625  2.32478  0  0
6.625  2.35619  0  0
6.625  2.38761  0  0
6.625  2.41903  0  0
6.625  2.45044  0  0
6.625  2.48186  0  0
6.625  2.51327  0  0
6.625  2.54469  0  0
6.625  2.57611  0  0
6.625  2.60752  0  0
6.625  2.63894  0  0
6.625  2.67035  0  0
6.625  2.70177  0  0
6.625  2.73319  0  0
6.625  2.7646  0  0
6.625  2.79602  0  0
6.625  2.82743  0  0
6.625  2.85885  0  0
6.625  2.89027  0  0
6.625  2.92168  0  0
6.625  2.9531  0  0
6.625  2.98451  0  0
6.625  3.01593  0  0
6.625  3.04734  0  0
6.625  3.07876  0  0
6.625  3.11018  0  0
6.75  0  0  0
6.75  0.0314159  0  0
6.75  0.0628319  0  0
6.75  0.0942478  0  0
6.75  0.125664  0  0
6.75  0.15708  0  0
6.75  0.188496  0  0
6.75  0.219911  0  0
6.75  0.251327  0  0
6.75  0.282743  0  0
6.75  0.314159  0  0
6.75  0.345575  0  0
6.75  0.376991  0  0
6.75  0.408407  0  0
6.75  0.439823  0  0
6.75  0.471239  0  0
6.75  0.502655  0  0
6.75  0.534071  0  0
6.75  0.565487  0  0
6.75  0.596903  0  0
6.75  0.628319  0  0
6.75  0.659734  0  0
6.75  0.69115  0  0
6.75  0.722566  0  0
6.75  0.753982  0  0
6.75  0.785398  0  0
6.75  0.816814  0  0
6.75  0.84823  0  0
6.75  0.879646  0  0
6.75  0.911062  0  0
6.75  0.942478  0  0
6.75  0.973894  0  0
6.75  1.00531  0  0
6.75  1.03673  0  0
6.75  1.06814  0  0
6.75  1.09956  0  0
6.75  1.13097  0  0
6.75  1.16239  0  0
6.75  1.19381  0.258759  1.70226
6.75  1.22522  0.244339  1.34043
6.75  1.25664  0.133352  0.0754496
6.75  1.28805  0.178177  0.117292
6.75  1.31947  0.209786  0.207816
6.75  1.35088  0.174493  0.0900245
6.75  1.3823  0.0496359  0.0868003
6.75  1.41372  0.0952255  0.109263
6.75  1.44513  0.0609829  0.106782
6.75  1.47655  0.19829  0.18691
6.75  1.50796  0.0752079  0.118729
6.75  1.53938  0.165983  0.160546
6.75  1.5708  0.0751412  0.120713
6.75  1.60221  0.0951588  0.093858
6.75  1.63363  0.0869788  0.0952198
6.75  1.66504  0.0493358  0.0912305
6.75  1.69646  0.0647024  0.105759
6.75  1.72788  0.0838842  0.124394
6.75  1.75929  0.167648  0.0854095
6.75  1.79071  0.0561414  0.0961419
6.75  1.82212  0.171684  0.161861
6.75  1.85354  0.150824  0.136126
6.75  1.88496  0.129138  0.111816
6.75  1.91637  0.00750725  0.0550871
6.75  1.94779  0  0
6.75  1.9792  0  0
6.75  2.01062  0  0
6.75  2.04204  0  0
6.75  2.07345  0  0
6.75  2.10487  0  0
6.75  2.13628  0  0
6.75  2.1677  0  0
6.75  2.19911  0  0
6.75  2.23053  0  0
6.75  2.26195  0  0
6.75  2.29336  0  0
6.75  2.32478  0  0
6.75  2.35619  0  0
6.75  2.38761  0  0
6.75  2.41903  0  0
6.75  2.45044  0  0
6.75  2.48186  0  0
6.75  2.51327  0  0
6.75  2.54469  0  0
6.75  2.57611  0  0
6.75  2.60752  0  0
6.75  2.63894  0  0
6.75  2.67035  0  0
6.75  2.70177  0  0
6.75  2.73319  0  0
6.75  2.7646  0  0
6.75  2.79602  0  0
6.75  2.82743  0  0
6.75  2.85885  0  0
6.75  2.89027  0  0
6.75  2.92168  0  0
6.75  2.9531  0  0
6.75  2.98451  0  0
6.75  3.01593  0  0
6.75  3.04734  0  0
6.75  3.07876  0  0
6.75  3.11018  0  0
6.875  0  0  0
6.875  0.0314159  0  0
6.875  0.0628319  0  0
6.875  0.0942478  0  0
6.875  0.125664  0  0
6.875  0.15708  0  0
6.875  0.188496  0  0
6.875  0.219911  0  0
6.875  0.251327  0  0
6.875  0.282743  0  0
6.875  0.314159  0  0
6.875  0.345575  0  0
6.875  0.376991  0  0
6.875  0.408407  0  0
6.875  0.439823  0  0
6.875  0.471239  0  0
6.875  0.502655  0  0
6.875  0.534071  0  0
6.875  0.565487  0  0
6.875  0.596903  0  0
6.875  0.628319  0  0
6.875  0.659734  0  0
6.875  0.69115  0  0
6.875  0.722566  0  0
6.875  0.753982  0  0
6.875  0.785398  0  0
6.875  0.816814  0  0
6.875  0.84823  0  0
6.875  0.879646  0  0
6.875  0.911062  0  0
6.875  0.942478  0  0
6.875  0.973894  0  0
6.875  1.00531  0  0
6.875  1.03673  0  0
6.875  1.06814  0  0
6.875  1.09956  0  0
6.875  1.13097  0  0
6.875  1.16239  0.171036  0.113202
6.875  1.19381  0.179683  0.108162
6.875  1.22522  0.13552  0.123596
6.875  1.25664  0.0936152  0.125322
6.875  1.28805  0.104398  0.107728
6.875  1.31947  0.0726831  0.0929321
6.875  1.35088  0.118004  0.133365
6.875  1.3823  0.0626683  0.117407
6.875  1.41372  0.0745446  0.106745
6.875  1.44513  0.205793  0.122063
6.875  1.47655  0.0611842  0.100608
6.875  1.50796  0.172765  0.180969
6.875  1.53938  0.0972651  0.0799861
6.875  1.5708  0.0596617  0.110809
6.875  1.60221  0.0834672  0.113402
6.875  1.63363  0.197483  0.110427
6.875  1.66504  0.056161  0.0637693
6.875  1.69646  0.177028  0.109249
6.875  1.72788  0.0511408  0.0955616
6.875  1.75929  0.0809201  0.103368
6.875  1.79071  0.0683909  0.118311
6.875  1.82212  0.0621075  0.114115
6.875  1.85354  0.0724791  0.111854
6.875  1.88496  0.192886  0.18312
6.875  1.91637  0.166672  0.163509
6.875  1.94779  0.0235693  0.172948
6.875  1.9792  0.258759  1.70226
6.875  2.01062  0  0
6.875  2.04204  0  0
6.875  2.07345  0  0
6.875  2.10487  0  0
6.875  2.13628  0  0
6.875  2.1677  0  0
6.875  2.19911  0  0
6.875  2.23053  0  0
6.875  2.26195  0  0
6.875  2.29336  0  0
6.875  2.32478  0  0
6.875  2.35619  0  0
6.875  2.38761  0  0
6.875  2.41903  0  0
6.875  2.45044  0  0
6.875  2.48186  0  0
6.875  2.51327  0  0
6.875  2.54469  0  0
6.875  2.57611  0  0
6.875  2.60752  0  0
6.875  2.63894  0  0
6.875  2.67035  0  0
6.875  2.70177  0  0
6.875  2.73319  0  0
6.875  2.7646  0  0
6.875  2.79602  0  0
6.875  2.82743  0  0
6.875  2.85885  0  0
6.875  2.89027  0  0
6.875  2.92168  0  0
6.875  2.9531  0  0
6.875  2.98451  0  0
6.875  3.01593  0  0
6.875  3.04734  0  0
6.875  3.07876  0  0
6.875  3.11018  0  0
7  0  0  0
7  0.0314159  0  0
7  0.0628319  0  0
7  0.0942478  0  0
7  0.125664  0  0
7  0.15708  0  0
7  0.188496  0  0
7  0.219911  0  0
7  0.251327  0  0
7  0.282743  0  0
7  0.314159  0  0
7  0.345575  0  0
7  0.376991  0  0
7  0.408407  0  0
7  0.439823  0  0
7  0.471239  0  0
7  0.502655  0  0
7  0.534071  0  0
7  0.565487  0  0
7  0.596903  0  0
7  0.628319  0  0
7  0.659734  0  0
7  0.69115  0  0
7  0.722566  0  0
7  0.753982  0  0
7  0.785398  0  0
7  0.816814  0  0
7  0.84823  0  0
7  0.879646  0  0
7  0.911062  0  0
7  0.942478  0  0
7  0.973894  0  0
7  1.00531  0  0
7  1.03673  0  0
7  1.06814  0  0
7  1.09956  0.0667998  0.0658689
7  1.13097  0.135727  0.0687065
7  1.16239  0.113642  0.10021
7  1.19381  0.149193  0.168924
7  1.22522  0.0991706  0.0765252
7  1.25664  0.079755  0.130315
7  1.28805  0.143126  0.100637
7  1.31947  0.0572451  0.100197
7  1.35088  0.0993778  0.102045
7  1.3823  0.0626246  0.113058
7  1.41372  0.108638  0.118175
7  1.44513  0.0701587  0.129294
7  1.47655  0.106307  0.104149
7  1.50796  0.147835  0.120232
7  1.53938  0.0544814  0.0596831
7  1.5708  0.0615605  0.105131
7  1.60221  0.081579  0.115943
7  1.63363  0.175542  0.107537
7  1.66504  0.165303  0.0876942
7  1.69646  0.0612519  0.11042
7  1.72788  0.0609767  0.0828215
7  1.75929  0.156596  0.0870254
7  1.79071  0.0694419  0.121221
7  1.82212  0.112799  0.123935
7  1.85354  0.0821195  0.135458
7  1.88496  0.0626584  0.0880107
7  1.91637  0.0787101  0.109284
7  1.94779  0.0560722  0.0919364
7  1.9792  0.215948  0.118091
7  2.01062  0.181734  0.177916
7  2.04204  0  0
7  2.07345  0  0
7  2.10487  0  0
7  2.13628  0  0
7  2.1677  0  0
7  2.19911  0  0
7  2.23053  0  0
7  2.26195  0  0
7  2.29336  0  0
7  2.32478  0  0
7  2.35619  0  0
7  2.38761  0  0
7  2.41903  0  0
7  2.45044  0  0
7  2.48186  0  0
7  2.51327  0  0
7  2.54469  0  0
7  2.57611  0  0
7  2.60752  0  0
7  2.63894  0  0
7  2.67035  0  0
7  2.70177  0  0
7  2.73319  0  0
7  2.7646  0  0
7  2.79602  0  0
7  2.82743  0  0
7  2.85885  0  0
7  2.89027  0  0
7  2.92168  0  0
7  2.9531  0  0
7  2.98451  0  0
7  3.01593  0  0
7  3.04734  0  0
7  3.07876  0  0
7  3.11018  0  0
7.125  0  0  0
7.125  0.0314159  0  0
7.125  0.0628319  0  0
7.125  0.0942478  0  0
7.125  0.125664  0  0
7.125  0.15708  0  0
7.125  0.188496  0  0
7.125  0.219911  0  0
7.125  0.251327  0  0
7.125  0.282743  0  0
7.125  0.314159  0  0
7.125  0.345575  0  0
7.125  0.376991  0  0
7.125  0.408407  0  0
7.125  0.439823  0  0
7.125  0.471239  0  0
7.125  0.502655  0  0
7.125  0.534071  0  0
7.125  0.565487  0  0
7.125  0.596903  0  0
7.125  0.628319  0  0
7.125  0.659734  0  0
7.125  0.69115  0  0
7.125  0.722566  0  0
7.125  0.753982  0  0
7.125  0.785398  0  0
7.125  0.816814  0  0
7.125  0.84823  0  0
7.125  0.879646  0  0
7.125  0.911062  0  0
7.125  0.942478  0  0
7.125  0.973894  0  0
7.125  1.00531  0  0
7.125  1.03673  0.0101261  0.0743035
7.125  1.06814  0.0724882  0.0715182
7.125  1.09956  0.0779691  0.103671
7.125  1.13097  0.0608987  0.0991495
7.125  1.16239  0.0986944  0.0882087
7.125  1.19381  0.0732886  0.120954
7.125  1.22522  0.0694197  0.111168
7.125  1.25664  0.0682308  0.1217
7.125  1.28805  0.0552529  0.0769271
7.125  1.31947  0.0728831  0.0965288
7.125  1.35088  0.105046  0.1136
7.125  1.3823  0.182117  0.11133
7.125  1.41372  0.100981  0.109484
7.125  1.44513  0.119361  0.104911
7.125  1.47655  0.161791  0.0913339
7.125  1.50796  0.0739705  0.114137
7.125  1.53938  0.0792364  0.124528
7.125  1.5708  0.100853  0.149866
7.125  1.60221  0.0621219  0.113946
7.125  1.63363  0.0866835  0.10997
7.125  1.66504  0.0793359  0.110688
7.125  1.69646  0.0670361  0.116839
7.125  1.72788  0.0457564  0.0398524
7.125  1.75929  0.110752  0.0949097
7.125  1.79071  0.0920868  0.100101
7.125  1.82212  0.113007  0.09086
7.125  1.85354  0.168336  0.167105
7.125  1.88496  0.0616457  0.0704705
7.125  1.91637  0.0652493  0.127411
7.125  1.94779  0.0714253  0.114395
7.125  1.9792  0.0823494  0.0705916
7.125  2.01062  0.177777  0.114542
7.125  2.04204  0.11874  0.112611
7.125  2.07345  0.23986  2.28964
7.125  2.10487  0  0
7.125  2.13628  0  0
7.125  2.1677  0  0
7.125  2.19911  0  0
7.125  2.23053  0  0
7.125  2.26195  0  0
7.125  2.29336  0  0
7.125  2.32478  0  0
7.125  2.35619  0  0
7.125  2.38761  0  0
7.125  2.41903  0  0
7.125  2.45044  0  0
7.125  2.48186  0  0
7.125  2.51327  0  0
7.125  2.54469  0  0
7.125  2.57611  0  0
7.125  2.60752  0  0
7.125  2.63894  0  0
7.125  2.67035  0  0
7.125  2.70177  0  0
7.125  2.73319  0  0
7.125  2.7646  0  0
7.125  2.79602  0  0
7.125  2.82743  0  0
7.125  2.85885  0  0
7.125  2.89027  0  0
7.125  2.92168  0  0
7.125  2.9531  0  0
7.125  2.98451  0  0
7.125  3.01593  0  0
7.125  3.04734  0  0
7.125  3.07876  0  0
7.125  3.11018  0  0
7.25  0  0  0
7.25  0.0314159  0  0
7.25  0.0628319  0  0
7.25  0.0942478  0  0
7.25  0.125664  0  0
7.25  0.15708  0  0
7.25  0.188496  0  0
7.25  0.219911  0  0
7.25  0.251327  0  0
7.25  0.282743  0  0
7.25  0.314159  0  0
7.25  0.345575  0  0
7.25  0.376991  0  0
7.25  0.408407  0  0
7.25  0.439823  0  0
7.25  0.471239  0  0
7.25  0.502655  0  0
7.25  0.534071  0  0
7.25  0.565487  0  0
7.25  0.596903  0  0
7.25  0.628319  0  0
7.25  0.659734  0  0
7.25  0.69115  0  0
7.25  0.722566  0  0
7.25  0.753982  0  0
7.25  0.785398  0  0
7.25  0.816814  0  0
7.25  0.84823  0  0
7.25  0.879646  0  0
7.25  0.911062  0  0
7.25  0.942478  0  0
7.25  0.973894  0.258759  1.70226
7.25  1.00531  0.168477  0.0888324
7.25  1.03673  0.096541  0.144455
7.25  1.06814  0.0799489  0.14332
7.25  1.09956  0.0750255  0.108367
7.25  1.13097  0.0472387  0.0894278
7.25  1.16239  0.10059  0.0984326
7.25  1.19381  0.0514701  0.102632
7.25  1.22522  0.22146  0.161396
7.25  1.25664  0.0699683  0.121469
7.25  1.28805  0.101185  0.109251
7.25  1.31947  0.0616334  0.107397
7.25  1.35088  0.10163  0.108885
7.25  1.3823  0.0881752  0.117039
7.25  1.41372  0.0628802  0.117355
7.25  1.44513  0.0804414  0.0893426
7.25  1.47655  0.0966107  0.121108
7.25  1.50796  0.0448605  0.0442415
7.25  1.53938  0.0683164  0.0790463
7.25  1.5708  0.150807  0.149943
7.25  1.60221  0.88792  0.568262
7.25  1.63363  0.05129  0.0562539
7.25  1.66504  0.0498028  0.0543534
7.25  1.69646  0.171118  0.150266
7.25  1.72788  0.12223  0.124595
7.25  1.75929  0.0795821  0.127142
7.25  1.79071  0.0970078  0.0878873
7.25  1.82212  0.044036  0.0363239
7.25  1.85354  0.0593455  0.096254
7.25  1.88496  0.0483873  0.0936858
7.25  1.91637  0.0939698  0.0971304
7.25  1.94779  0.070771  0.11539
7.25  1.9792  0.0523525  0.0443609
7.25  2.01062  0.112111  0.127745
7.25  2.04204  0.0743445  0.123732
7.25  2.07345  0.074136  0.0880562
7.25  2.10487  0.165032  0.0912388
7.25  2.13628  0  0
7.25  2.1677  0  0
7.25  2.19911  0  0
7.25  2.23053  0  0
7.25  2.26195  0  0
7.25  2.29336  0  0
7.25  2.32478  0  0
7.25  2.35619  0  0
7.25  2.38761  0  0
7.25  2.41903  0  0
7.25  2.45044  0  0
7.25  2.48186  0  0
7.25  2.51327  0  0
7.25  2.54469  0  0
7.25  2.57611  0  0
7.25  2.60752  0  0
7.25  2.63894  0  0
7.25  2.67035  0  0
7.25  2.70177  0  0
7.25  2.73319  0  0
7.25  2.7646  0  0
7.25  2.79602  0  0
7.25  2.82743  0  0
7.25  2.85885  0  0
7.25  2.89027  0  0
7.25  2.92168  0  0
7.25  2.9531  0  0
7.25  2.98451  0  0
7.25  3.01593  0  0
7.25  3.04734  0  0
7.25  3.07876  0  0
7.25  3.11018  0  0
7.375  0  0  0
7.375  0.0314159  0  0
7.375  0.0628319  0  0
7.375  0.0942478  0  0
7.375  0.125664  0  0
7.375  0.15708  0  0
7.375  0.188496  0  0
7.375  0.219911  0  0
7.375  0.251327  0  0
7.375  0.282743  0  0
7.375  0.314159  0  0
7.375  0.345575  0  0
7.375  0.376991  0  0
7.375  0.408407  0  0
7.375  0.439823  0  0
7.375  0.471239  0  0
7.375  0.502655  0  0
7.375  0.534071  0  0
7.375  0.565487  0  0
7.375  0.596903  0  0
7.375  0.628319  0  0
7.375  0.659734  0  0
7.375  0.69115  0  0
7.375  0.722566  0  0
7.375  0.753982  0  0
7.375  0.785398  0  0
7.375  0.816814  0  0
7.375  0.84823  0  0
7.375  0.879646  0  0
7.375  0.911062  0  0
7.375  0.942478  0  0
7.375  0.973894  0.249904  0.129082
7.375  1.00531  0.088916  0.102838
7.375  1.03673  0.0963994  0.134803
7.375  1.06814  0.0980187  0.130568
7.375  1.09956  0.0748483  0.134176
7.375  1.13097  0.0801922  0.0904107
7.375  1.16239  0.0769551  0.108074
7.375  1.19381  0.09719  0.0990274
7.375  1.22522  0.117915  0.104496
7.375  1.25664  0.0495488  0.0582203
7.375  1.28805  0.0639393  0.116814
7.375  1.31947  0.0897076  0.090591
7.375  1.35088  0.0688393  0.108155
7.375  1.3823  0.0859947  0.10246
7.375  1.41372  0.066934  0.120485
7.375  1.44513  0.0804456  0.0731485
7.375  1.47655  0.0914355  0.110553
7.375  1.50796  0.13425  0.0749334
7.375  1.53938  0.061995  0.0955825
7.375  1.5708  0.0556847  0.0595314
7.375  1.60221  0.170953  0.150699
7.375  1.63363  0.0919673  0.0976567
7.375  1.66504  0.145533  0.075717
7.375  1.69646  0.153899  0.0992471
7.375  1.72788  0.0553484  0.0598779
7.375  1.75929  0.0502078  0.0570768
7.375  1.79071  0.0597781  0.108265
7.375  1.82212  0.112883  0.0843373
7.375  1.85354  0.152696  0.131171
7.375  1.88496  0.0750726  0.132671
7.375  1.91637  0.0648513  0.110414
7.375  1.94779  0.109056  0.104179
7.375  1.9792  0.0607495  0.110986
7.375  2.01062  0.0879878  0.0974963
7.375  2.04204  0.155181  0.0888798
7.375  2.07345  0.0987644  0.109823
7.375  2.10487  0.0590305  0.100036
7.375  2.13628  0.0295591  0.0574629
7.375  2.1677  0.258759  1.70226
7.375  2.19911  0  0
7.375  2.23053  0  0
7.375  2.26195  0  0
7.375  2.29336  0  0
7.375  2.32478  0  0
7.375  2.35619  0  0
7.375  2.38761  0  0
7.375  2.41903  0  0
7.375  2.45044  0  0
7.375  2.48186  0  0
7.375  2.51327  0  0
7.375  2.54469  0  0
7.375  2.57611  0  0
7.375  2.60752  0  0
7.375  2.63894  0  0
7.375  2.67035  0  0
7.375  2.70177  0  0
7.375  2.73319  0  0
7.375  2.7646  0  0
7.375  2.79602  0  0
7.375  2.82743  0  0
7.375  2.85885  0  0
7.375  2.89027  0  0
7.375  2.92168  0  0
7.375  2.9531  0  0
7.375  2.98451  0  0
7.375  3.01593  0  0
7.375  3.04734  0  0
7.375  3.07876  0  0
7.375  3.11018  0  0
7.5  0  0  0
7.5  0.0314159  0  0
7.5  0.0628319  0  0
7.5  0.0942478  0  0
7.5  0.125664  0  0
7.5  0.15708  0  0
7.5  0.188496  0  0
7.5  0.219911  0  0
7.5  0.251327  0  0
7.5  0.282743  0  0
7.5  0.314159  0  0
7.5  0.345575  0  0
7.5  0.376991  0  0
7.5  0.408407  0  0
7.5  0.439823  0  0
7.5  0.471239  0  0
7.5  0.502655  0  0
7.5  0.534071  0  0
7.5  0.565487  0  0
7.5  0.596903  0  0
7.5  0.628319  0  0
7.5  0.659734  0  0
7.5  0.69115  0  0
7.5  0.722566  0  0
7.5  0.753982  0  0
7.5  0.785398  0  0
7.5  0.816814  0  0
7.5  0.84823  0  0
7.5  0.879646  0  0
7.5  0.911062  0.111402  0.0558715
7.5  0.942478  0.158379  0.121245
7.5  0.973894  0.147619  0.109558
7.5  1.00531  0.0922112  0.100797
7.5  1.03673  0.0799039  0.13167
7.5  1.06814  0.108411  0.159012
7.5  1.09956  0.0684818  0.113303
7.5  1.13097  0.082259  0.0822268
7.5  1.16239  0.0850506  0.100088
7.5  1.19381  0.0565711  0.0966452
7.5  1.22522  0.0795916  0.122151
7.5  1.25664  0.145794  0.0809534
7.5  1.28805  0.0918703  0.0856417
7.5  1.31947  0.156513  0.0790348
7.5  1.35088  0.147509  0.0956122
7.5  1.3823  0.0357838  0.0296825
7.5  1.41372  0.137683  0.112204
7.5  1.44513  0.0859073  0.115045
7.5  1.47655  0.0686857  0.109606
7.5  1.50796  0.0748316  0.126525
7.5  1.53938  1.35464  1.24005
7.5  1.5708  0.0939687  0.106723
7.5  1.60221  0.162086  0.158897
7.5  1.63363  0.0738261  0.118043
7.5  1.66504  0.0907784  0.129779
7.5  1.69646  0.11621  0.100818
7.5  1.72788  0.067917  0.10671
7.5  1.75929  0.0449031  0.0399028
7.5  1.79071  0.118762  0.141981
7.5  1.82212  0.0629586  0.1088
7.5  1.85354  0.150487  0.109271
7.5  1.88496  0.0535023  0.0867321
7.5  1.91637  0.0687183  0.111103
7.5  1.94779  0.131743  0.128601
7.5  1.9792  0.0845271  0.0912299
7.5  2.01062  0.165262  0.156192
7.5  2.04204  0.110601  0.088668
7.5  2.07345  0.0737127  0.128543
7.5  2.10487  0.0581167  0.0526785
7.5  2.13628  0.0666745  0.112052
7.5  2.1677  0.183965  0.118719
7.5  2.19911  0.0158874  0.11658
7.5  2.23053  0  0
7.5  2.26195  0  0
7.5  2.29336  0  0
7.5  2.32478  0  0
7.5  2.35619  0  0
7.5  2.38761  0  0
7.5  2.41903  0  0
7.5  2.45044  0  0
7.5  2.48186  0  0
7.5  2.51327  0  0
7.5  2.54469  0  0
7.5  2.57611  0  0
7.5  2.60752  0  0
7.5  2.63894  0  0
7.5  2.67035  0  0
7.5  2.70177  0  0
7.5  2.73319  0  0
7.5  2.7646  0  0
7.5  2.79602  0  0
7.5  2.82743  0  0
7.5  2.85885  0  0
7.5  2.89027  0  0
7.5  2.92168  0  0
7.5  2.9531  0  0
7.5  2.98451  0  0
7.5  3.01593  0  0
7.5  3.04734  0  0
7.5  3.07876  0  0
7.5  3.11018  0  0
7.625  0  0  0
7.625  0.0314159  0  0
7.625  0.0628319  0  0
7.625  0.0942478  0  0
7.625  0.125664  0  0
7.625  0.15708  0  0
7.625  0.188496  0  0
7.625  0.219911  0  0
7.625  0.251327  0  0
7.625  0.282743  0  0
7.625  0.314159  0  0
7.625  0.345575  0  0
7.625  0.376991  0  0
7.625  0.408407  0  0
7.625  0.439823  0  0
7.625  0.471239  0  0
7.625  0.502655  0  0
7.625  0.534071  0  0
7.625  0.565487  0  0
7.625  0.596903  0  0
7.625  0.628319  0  0
7.625  0.659734  0  0
7.625  0.69115  0  0
7.625  0.722566  0  0
7.625  0.753982  0  0
7.625  0.785398  0  0
7.625  0.816814  0  0
7.625  0.84823  0  0
7.625  0.879646  0  0
7.625  0.911062  0.175601  0.170522
7.625  0.942478  0.101236  0.104708
7.625  0.973894  0.0814258  0.109077
7.625  1.00531  0.0815279  0.11441
7.625  1.03673  0.0901731  0.0840551
7.625  1.06814  0.0819362  0.0810123
7.625  1.09956  0.0678024  0.113689
7.625  1.13097  0.0645956  0.112099
7.625  1.16239  0.0685032  0.133389
7.625  1.19381  0.0502816  0.0923019
7.625  1.22522  0.0742602  0.127293
7.625  1.25664  0.0649293  0.115616
7.625  1.28805  0.148792  0.113307
7.625  1.31947  0.0593818  0.103661
7.625  1.35088  0.0533034  0.0997132
7.625  1.3823  0.0760467  0.127706
7.625  1.41372  0.16174  0.129747
7.625  1.44513  0.0987973  0.0901358
7.625  1.47655  0.0615974  0.0694266
7.625  1.50796  0.0594311  0.108892
7.625  1.53938  0.083851  0.128854
7.625  1.5708  0.0870019  0.100868
7.625  1.60221  0.116061  0.11234
7.625  1.63363  0.0700527  0.12324
7.625  1.66504  0.0599963  0.0794216
7.625  1.69646  0.0713336  0.115184
7.625  1.72788  0.0570724  0.100543
7.625  1.75929  0.0686542  0.102908
7.625  1.79071  0.161287  0.0865958
7.625  1.82212  0.0864159  0.130249
7.625  1.85354  0.0770779  0.124696
7.625  1.88496  0.147333  0.141737
7.625  1.91637  0.0497395  0.0487284
7.625  1.94779  0.0464477  0.0533988
7.625  1.9792  0.108257  0.11877
7.625  2.01062  0.191054  0.163145
7.625  2.04204  0.0729824  0.0749941
7.625  2.07345  0.0646359  0.109499
7.625  2.10487  0.090528  0.126118
7.625  2.13628  0.0978716  0.0945567
7.625  2.1677  0.0615011  0.0937546
7.625  2.19911  0.0644003  0.100636
7.625  2.23053  0.0232201  0.170386
7.625  2.26195  0  0
7.625  2.29336  0  0
7.625  2.32478  0  0
7.625  2.35619  0  0
7.625  2.38761  0  0
7.625  2.41903  0  0
7.625  2.45044  0  0
7.625  2.48186  0  0
7.625  2.51327  0  0
7.625  2.54469  0  0
7.625  2.57611  0  0
7.625  2.60752  0  0
7.625  2.63894  0  0
7.625  2.67035  0  0
7.625  2.70177  0  0
7.625  2.73319  0  0
7.625  2.7646  0  0
7.625  2.79602  0  0
7.625  2.82743  0  0
7.625  2.85885  0  0
7.625  2.89027  0  0
7.625  2.92168  0  0
7.625  2.9531  0  0
7.625  2.98451  0  0
7.625  3.01593  0  0
7.625  3.04734  0  0
7.625  3.07876  0  0
7.625  3.11018  0  0
7.75  0  0  0
7.75  0.0314159  0  0
7.75  0.0628319  0  0
7.75  0.0942478  0  0
7.75  0.125664  0  0
7.75  0.15708  0  0
7.75  0.188496  0  0
7.75  0.219911  0  0
7.75  0.251327  0  0
7.75  0.282743  0  0
7.75  0.314159  0  0
7.75  0.345575  0  0
7.75  0.376991  0  0
7.75  0.408407  0  0
7.75  0.439823  0  0
7.75  0.471239  0  0
7.75  0.502655  0  0
7.75  0.534071  0  0
7.75  0.565487  0  0
7.75  0.596903  0  0
7.75  0.628319  0  0
7.75  0.659734  0  0
7.75  0.69115  0  0
7.75  0.722566  0  0
7.75  0.753982  0  0
7.75  0.785398  0  0
7.75  0.816814  0.258759  1.70226
7.75  0.84823  0.0235693  0.172948
7.75  0.879646  0.0769741  0.0896785
7.75  0.911062  0.0892821  0.0928442
7.75  0.942478  0.0837301  0.150658
7.75  0.973894  0.0831248  0.114885
7.75  1.00531  0.0693426  0.120245
7.75  1.03673  0.0611905  0.0582044
7.75  1.06814  0.0852094  0.123683
7.75  1.09956  0.0625961  0.110417
7.75  1.13097  0.0668773  0.119471
7.75  1.16239  0.0560532  0.0572129
7.75  1.19381  0.0895057  0.113305
7.75  1.22522  0.0410514  0.0362104
7.75  1.25664  0.0818632  0.106752
7.75  1.28805  0.155242  0.0966885
7.75  1.31947  0.0574706  0.101634
7.75  1.35088  0.13966  0.0740087
7.75  1.3823  0.081791  0.113233
7.75  1.41372  0.0702055  0.0897448
7.75  1.44513  0.0831409  0.0924566
7.75  1.47655  0.0583697  0.085921
7.75  1.50796  0.106145  0.0855011
7.75  1.53938  0.051169  0.0560218
7.75  1.5708  0.171505  0.102845
7.75  1.60221  0.0485157  0.090825
7.75  1.63363  0.151073  0.0832075
7.75  1.66504  0.0685648  0.0668676
7.75  1.69646  0.092324  0.108585
7.75  1.72788  0.107125  0.120603
7.75  1.75929  0.154708  0.0910242
7.75  1.79071  0.116918  0.138414
7.75  1.82212  0.0497756  0.0481926
7.75  1.85354  0.132641  0.118853
7.75  1.88496  0.0639198  0.110324
7.75  1.91637  0.159157  0.149567
7.75  1.94779  0.136875  0.0936809
7.75  1.9792  0.0586195  0.106723
7.75  2.01062  0.0750482  0.123748
7.75  2.04204  0.171236  0.0943
7.75  2.07345  0.0810944  0.0982363
7.75  2.10487  0.188974  0.113462
7.75  2.13628  0.110775  0.0902744
7.75  2.1677  0.12853  0.114209
7.75  2.19911  0.0697815  0.0780585
7.75  2.23053  0.178104  0.101197
7.75  2.26195  0.225969  0.118594
7.75  2.29336  0  0
7.75  2.32478  0  0
7.75  2.35619  0  0
7.75  2.38761  0  0
7.75  2.41903  0  0
7.75  2.45044  0  0
7.75  2.48186  0  0
7.75  2.51327  0  0
7.75  2.54469  0  0
7.75  2.57611  0  0
7.75  2.60752  0  0
7.75  2.63894  0  0
7.75  2.67035  0  0
7.75  2.70177  0  0
7.75  2.73319  0  0
7.75  2.7646  0  0
7.75  2.79602  0  0
7.75  2.82743  0  0
7.75  2.85885  0  0
7.75  2.89027  0  0
7.75  2.92168  0  0
7.75  2.9531  0  0
7.75  2.98451  0  0
7.75  3.01593  0  0
7.75  3.04734  0  0
7.75  3.07876  0  0
7.75  3.11018  0  0
7.875  0  0  0
7.875  0.0314159  0  0
7.875  0.0628319  0  0
7.875  0.0942478  0  0
7.875  0.125664  0  0
7.875  0.15708  0  0
7.875  0.188496  0  0
7.875  0.219911  0  0
7.875  0.251327  0  0
7.875  0.282743  0  0
7.875  0.314159  0  0
7.875  0.345575  0  0
7.875  0.376991  0  0
7.875  0.408407  0  0
7.875  0.439823  0  0
7.875  0.471239  0  0
7.875  0.502655  0  0
7.875  0.534071  0  0
7.875  0.565487  0  0
7.875  0.596903  0  0
7.875  0.628319  0  0
7.875  0.659734  0  0
7.875  0.69115  0  0
7.875  0.722566  0  0
7.875  0.753982  0  0
7.875  0.785398  0  0
7.875  0.816814  0.254446  0.16114
7.875  0.84823  0.137899  0.123818
7.875  0.879646  0.0812022  0.100353
7.875  0.911062  0.100955  0.150832
7.875  0.942478  0.0687309  0.112262
7.875  0.973894  0.0949943  0.135063
7.875  1.00531  0.0593732  0.0571836
7.875  1.03673  0.131223  0.124068
7.875  1.06814  0.041246  0.037584
7.875  1.09956  0.11107  0.115331
7.875  1.13097  0.0901677  0.1342
7.875  1.16239  0.185502  0.109906
7.875  1.19381  0.157608  0.0970388
7.875  1.22522  0.0705864  0.122209
7.875  1.25664  0.0517677  0.0902507
7.875  1.28805  0.0771292  0.100602
7.875  1.31947  0.0895246  0.0864298
7.875  1.35088  0.0771783  0.125213
7.875  1.3823  0.0618406  0.105078
7.875  1.41372  0.16611  0.155883
7.875  1.44513  0.145967  0.140851
7.875  1.47655  0.136559  0.115303
7.875  1.50796  0.0699561  0.0927115
7.875  1.53938  0.157136  0.129565
7.875  1.5708  0.0490804  0.0890885
7.875  1.60221  0.0651247  0.116329
7.875  1.63363  0.0584293  0.0983837
7.875  1.66504  0.106805  0.100901
7.875  1.69646  0.0686443  0.10394
7.875  1.72788  0.0701927  0.109999
7.875  1.75929  0.0624094  0.0954753
7.875  1.79071  0.0801093  0.120516
7.875  1.82212  0.161496  0.152495
7.875  1.85354  0.0948339  0.0918246
7.875  1.88496  0.0773593  0.112945
7.875  1.91637  0.0737843  0.111768
7.875  1.94779  0.087059  0.102883
7.875  1.9792  0.0966062  0.116732
7.875  2.01062  0.0916392  0.126543
7.875  2.04204  0.0689517  0.108806
7.875  2.07345  0.0578291  0.0629179
7.875  2.10487  0.0952229  0.110099
7.875  2.13628  0.0829791  0.130083
7.875  2.1677  0.101227  0.0959831
7.875  2.19911  0.104499  0.106932
7.875  2.23053  0.0644033  0.0692904
7.875  2.26195  0.139429  0.0971521
7.875  2.29336  0.21749  0.209494
7.875  2.32478  0  0
7.875  2.35619  0  0
7.875  2.38761  0  0
7.875  2.41903  0  0
7.875  2.45044  0  0
7.875  2.48186  0  0
7.875  2.51327  0  0
7.875  2.54469  0  0
7.875  2.57611  0  0
7.875  2.60752  0  0
7.875  2.63894  0  0
7.875  2.67035  0  0
7.875  2.70177  0  0
7.875  2.73319  0  0
7.875  2.7646  0  0
7.875  2.79602  0  0
7.875  2.82743  0  0
7.875  2.85885  0  0
7.875  2.89027  0  0
7.875  2.92168  0  0
7.875  2.9531  0  0
7.875  2.98451  0  0
7.875  3.01593  0  0
7.875  3.04734  0  0
7.875  3.07876  0  0
7.875  3.11018  0  0
8  0  0  0
8  0.0314159  0  0
8  0.0628319  0  0
8  0.0942478  0  0
8  0.125664  0  0
8  0.15708  0  0
8  0.188496  0  0
8  0.219911  0  0
8  0.251327  0  0
8  0.282743  0  0
8  0.314159  0  0
8  0.345575  0  0
8  0.376991  0  0
8  0.408407  0  0
8  0.439823  0  0
8  0.471239  0  0
8  0.502655  0  0
8  0.534071  0  0
8  0.565487  0  0
8  0.596903  0  0
8  0.628319  0  0
8  0.659734  0  0
8  0.69115  0  0
8  0.722566  0  0
8  0.753982  0  0
8  0.785398  0.258759  1.70226
8  0.816814  0.171294  0.15682
8  0.84823  0.178807  0.0995455
8  0.879646  0.0532038  0.051663
8  0.911062  0.0571187  0.0538634
8  0.942478  0.101726  0.142151
8  0.973894  0.0768358  0.127468
8  1.00531  0.0817358  0.124547
8  1.03673  0.0625392  0.0658638
8  1.06814  0.0628983  0.114886
8  1.09956  0.149086  0.172036
8  1.13097  0.066304  0.107722
8  1.16239  0.088445  0.0881688
8  1.19381  0.15095  0.0775567
8  1.22522  0.13081  0.102681
8  1.25664  0.0523693  0.0553969
8  1.28805  0.0970761  0.101993
8  1.31947  0.141327  0.140885
8  1.35088  0.198609  0.162866
8  1.3823  0.0956207  0.103101
8  1.41372  0.100427  0.0975547
8  1.44513  0.0804841  0.116726
8  1.47655  0.0462834  0.0499644
8  1.50796  0.184131  0.123241
8  1.53938  0.0499928  0.0957521
8  1.5708  0.0941455  0.110215
8  1.60221  0.0881035  0.0973444
8  1.63363  0.103461  0.126061
8  1.66504  0.0517834  0.0724134
8  1.69646  0.0876182  0.0801864
8  1.72788  0.133889  0.115312
8  1.75929  0.158208  0.0805077
8  1.79071  0.0592706  0.0918958
8  1.82212  0.170936  0.146304
8  1.85354  0.0829187  0.113357
8  1.88496  0.171087  0.150666
8  1.91637  0.142981  0.0815386
8  1.94779  0.065652  0.0964677
8  1.9792  0.131937  0.14885
8  2.01062  0.0637367  0.111993
8  2.04204  0.0884768  0.0996602
8  2.07345  0.071423  0.125619
8  2.10487  0.148824  0.122026
8  2.13628  0.0662147  0.112703
8  2.1677  0.0559149  0.0962367
8  2.19911  0.120145  0.136943
8  2.23053  0.0892515  0.145896
8  2.26195  0.138672  0.127497
8  2.29336  0.134698  0.113444
8  2.32478  0.0231238  0.106739
8  2.35619  0.258759  1.70226
8  2.38761  0  0
8  2.41903  0  0
8  2.45044  0  0
8  2.48186  0  0
8  2.51327  0  0
8  2.54469  0  0
8  2.57611  0  0
8  2.60752  0  0
8  2.63894  0  0
8  2.67035  0  0
8  2.70177  0  0
8  2.73319  0  0
8  2.7646  0  0
8  2.79602  0  0
8  2.82743  0  0
8  2.85885  0  0
8  2.89027  0  0
8  2.92168  0  0
8  2.9531  0  0
8  2.98451  0  0
8  3.01593  0  0
8  3.04734  0  0
8  3.07876  0  0
8  3.11018  0  0
8.125  0  0  0
8.125  0.0314159  0  0
8.125  0.0628319  0  0
8.125  0.0942478  0  0
8.125  0.125664  0  0
8.125  0.15708  0  0
8.125  0.188496  0  0
8.125  0.219911  0  0
8.125  0.251327  0  0
8.125  0.282743  0  0
8.125  0.314159  0  0
8.125  0.345575  0  0
8.125  0.376991  0  0
8.125  0.408407  0  0
8.125  0.439823  0  0
8.125  0.471239  0  0
8.125  0.502655  0  0
8.125  0.534071  0  0
8.125  0.565487  0  0
8.125  0.596903  0  0
8.125  0.628319  0  0
8.125  0.659734  0  0
8.125  0.69115  0  0
8.125  0.722566  0  0
8.125  0.753982  0  0
8.125  0.785398  0.144761  0.14467
8.125  0.816814  0.101958  0.120971
8.125  0.84823  0.0658528  0.117496
8.125  0.879646  0.112907  0.129904
8.125  0.911062  0.0758477  0.0795763
8.125  0.942478  0.167823  0.151265
8.125  0.973894  0.0544861  0.0455173
8.125  1.00531  0.0573171  0.0982955
8.125  1.03673  0.125908  0.148442
8.125  1.06814  0.110374  0.111455
8.125  1.09956  0.0869828  0.0995789
8.125  1.13097  0.0662728  0.121944
8.125  1.16239  0.0770722  0.0968126
8.125  1.19381  0.0980346  0.104252
8.125  1.22522  0.053446  0.0975554
8.125  1.25664  0.0798456  0.095441
8.125  1.28805  0.0929515  0.0974264
8.125  1.31947  0.073683  0.110216
8.125  1.35088  0.0788892  0.102906
8.125  1.3823  0.111818  0.0915094
8.125  1.41372  0.06594  0.0881274
8.125  1.44513  0.0577984  0.110111
8.125  1.47655  0.0580442  0.101152
8.125  1.50796  0.0903533  0.0878271
8.125  1.53938  0.0848315  0.0885189
8.125  1.5708  0.783969  0.554788
8.125  1.60221  0.0630379  0.122099
8.125  1.63363  0.068927  0.112528
8.125  1.66504  0.0772726  0.102356
8.125  1.69646  0.100973  0.125102
8.125  1.72788  0.0556881  0.0884972
8.125  1.75929  0.0640415  0.11138
8.125  1.79071  0.0745655  0.12996
8.125  1.82212  0.0696959  0.103653
8.125  1.85354  0.0878407  0.0840904
8.125  1.88496  0.068374  0.117653
8.125  1.91637  0.0811986  0.11213
8.125  1.94779  0.142479  0.105702
8.125  1.9792  0.0642034  0.109437
8.125  2.01062  0.0670647  0.120064
8.125  2.04204  0.0730524  0.118632
8.125  2.07345  0.102823  0.0933986
8.125  2.10487  0.0729099  0.136861
8.125  2.13628  0.175776  0.164259
8.125  2.1677  0.075058  0.120908
8.125  2.19911  0.150271  0.120134
8.125  2.23053  0.0825056  0.135998
8.125  2.26195  0.153159  0.180232
8.125  2.29336  0.232525  0.215516
8.125  2.32478  0.218218  0.218216
8.125  2.35619  0  0
8.125  2.38761  0  0
8.125  2.41903  0  0
8.125  2.45044  0  0
8.125  2.48186  0  0
8.125  2.51327  0  0
8.125  2.54469  0  0
8.125  2.57611  0  0
8.125  2.60752  0  0
8.125  2.63894  0  0
8.125  2.67035  0  0
8.125  2.70177  0  0
8.125  2.73319  0  0
8.125  2.7646  0  0
8.125  2.79602  0  0
8.125  2.82743  0  0
8.125  2.85885  0  0
8.125  2.89027  0  0
8.125  2.92168  0  0
8.125  2.9531  0  0
8.125  2.98451  0  0
8.125  3.01593  0  0
8.125  3.04734  0  0
8.125  3.07876  0  0
8.125  3.11018  0  0
8.25  0  0  0
8.25  0.0314159  0  0
8.25  0.0628319  0  0
8.25  0.0942478  0  0
8.25  0.125664  0  0
8.25  0.15708  0  0
8.25  0.188496  0  0
8.25  0.219911  0  0
8.25  0.251327  0  0
8.25  0.282743  0  0
8.25  0.314159  0  0
8.25  0.345575  0  0
8.25  0.376991  0  0
8.25  0.408407  0  0
8.25  0.439823  0  0
8.25  0.471239  0  0
8.25  0.502655  0  0
8.25  0.534071  0  0
8.25  0.565487  0  0
8.25  0.596903  0  0
8.25  0.628319  0  0
8.25  0.659734  0  0
8.25  0.69115  0  0
8.25  0.722566  0.258759  1.70226
8.25  0.753982  0.174296  0.0995064
8.25  0.785398  0.0688025  0.116519
8.25  0.816814  0.158877  0.149438
8.25  0.84823  0.100065  0.120097
8.25  0.879646  0.0966  0.0960396
8.25  0.911062  0.0693405  0.117484
8.25  0.942478  0.135667  0.145178
8.25  0.973894  0.0858476  0.129246
8.25  1.00531  0.184665  0.136137
8.25  1.03673  0.0590449  0.103124
8.25  1.06814  0.142305  0.100857
8.25  1.09956  0.0904191  0.121164
8.25  1.13097  0.0939713  0.110421
8.25  1.16239  0.0597746  0.0613607
8.25  1.19381  0.0802813  0.128905
8.25  1.22522  0.0726034  0.130625
8.25  1.25664  0.0929991  0.111373
8.25  1.28805  0.0842963  0.111241
8.25  1.31947  0.0639934  0.117539
8.25  1.35088  0.301337  0.288675
8.25  1.3823  0.0649911  0.113556
8.25  1.41372  0.175816  0.146318
8.25  1.44513  0.138805  0.0832822
8.25  1.47655  0.0687556  0.117173
8.25  1.50796  0.0594281  0.11327
8.25  1.53938  0.133748  0.104901
8.25  1.5708  0.115221  0.0785068
8.25  1.60221  0.0839779  0.0944062
8.25  1.63363  0.0815048  0.106855
8.25  1.66504  0.054586  0.0893425
8.25  1.69646  0.0835228  0.127895
8.25  1.72788  0.129165  0.095664
8.25  1.75929  0.190993  0.190987
8.25  1.79071  0.0764156  0.121987
8.25  1.82212  0.0659423  0.102979
8.25  1.85354  0.0917769  0.0967932
8.25  1.88496  0.0606209  0.0997213
8.25  1.91637  0.139034  0.145149
8.25  1.94779  0.0526929  0.10198
8.25  1.9792  0.0673655  0.114268
8.25  2.01062  0.103966  0.109349
8.25  2.04204  0.0829867  0.129475
8.25  2.07345  0.0553489  0.104319
8.25  2.10487  0.0987316  0.107489
8.25  2.13628  0.065377  0.110636
8.25  2.1677  0.0777571  0.127873
8.25  2.19911  0.110833  0.145245
8.25  2.23053  0.0873709  0.140311
8.25  2.26195  0.0878074  0.134005
8.25  2.29336  0.214858  0.199408
8.25  2.32478  0.189828  0.189215
8.25  2.35619  0.168525  0.148508
8.25  2.38761  0  0
8.25  2.41903  0  0
8.25  2.45044  0  0
8.25  2.48186  0  0
8.25  2.51327  0  0
8.25  2.54469  0  0
8.25  2.57611  0  0
8.25  2.60752  0  0
8.25  2.63894  0  0
8.25  2.67035  0  0
8.25  2.70177  0  0
8.25  2.73319  0  0
8.25  2.7646  0  0
8.25  2.79602  0  0
8.25  2.82743  0  0
8.25  2.85885  0  0
8.25  2.89027  0  0
8.25  2.92168  0  0
8.25  2.9531  0  0
8.25  2.98451  0  0
8.25  3.01593  0  0
8.25  3.04734  0  0
8.25  3.07876  0  0
8.25  3.11018  0  0
8.375  0  0  0
8.375  0.0314159  0  0
8.375  0.0628319  0  0
8.375  0.0942478  0  0
8.375  0.125664  0  0
8.375  0.15708  0  0
8.375  0.188496  0  0
8.375  0.219911  0  0
8.375  0.251327  0  0
8.375  0.282743  0  0
8.375  0.314159  0  0
8.375  0.345575  0  0
8.375  0.376991  0  0
8.375  0.408407  0  0
8.375  0.439823  0  0
8.375  0.471239  0  0
8.375  0.502655  0  0
8.375  0.534071  0  0
8.375  0.565487  0  0
8.375  0.596903  0  0
8.375  0.628319  0  0
8.375  0.659734  0  0
8.375  0.69115  0.258759  1.70226
8.375  0.722566  0.0414636  0.0878101
8.375  0.753982  0.156713  0.154224
8.375  0.785398  0.0703425  0.119566
8.375  0.816814  0.0757295  0.125011
8.375  0.84823  0.162293  0.104427
8.375  0.879646  0.0693606  0.129737
8.375  0.911062  0.0709176  0.117202
8.375  0.942478  0.189393  0.110604
8.375  0.973894  0.0690582  0.117174
8.375  1.00531  0.0651843  0.114101
8.375  1.03673  0.075136  0.110942
8.375  1.06814  0.132379  0.143576
8.375  1.09956  0.080136  0.0817205
8.375  1.13097  0.168552  0.0910462
8.375  1.16239  0.0725054  0.110956
8.375  1.19381  0.162261  0.155962
8.375  1.22522  0.099501  0.106469
8.375  1.25664  0.0776786  0.0806021
8.375  1.28805  0.118108  0.13119
8.375  1.31947  0.167876  0.0843026
8.375  1.35088  0.0682459  0.0794075
8.375  1.3823  0.0954726  0.0961283
8.375  1.41372  0.0506881  0.0886675
8.375  1.44513  0.162141  0.092214
8.375  1.47655  0.0720833  0.105764
8.375  1.50796  0.119287  0.12607
8.375  1.53938  0.0633069  0.109091
8.375  1.5708  0.069571  0.0898317
8.375  1.60221  0.0730675  0.110862
8.375  1.63363  0.0793026  0.0801374
8.375  1.66504  0.0560126  0.105842
8.375  1.69646  0.0334137  0.0278303
8.375  1.72788  0.0877013  0.100339
8.375  1.75929  0.063443  0.0933212
8.375  1.79071  0.111028  0.119927
8.375  1.82212  0.0566281  0.106598
8.375  1.85354  0.0591387  0.105393
8.375  1.88496  0.0602095  0.0967813
8.375  1.91637  0.0691032  0.108361
8.375  1.94779  0.0418513  0.0334249
8.375  1.9792  0.0688878  0.116836
8.375  2.01062  0.222212  0.20296
8.375  2.04204  0.0890402  0.12799
8.375  2.07345  0.0656328  0.0696995
8.375  2.10487  0.109377  0.1193
8.375  2.13628  0.0663998  0.0677765
8.375  2.1677  0.0821221  0.133617
8.375  2.19911  0.0644857  0.113311
8.375  2.23053  0.0455835  0.0399979
8.375  2.26195  0.0711926  0.125241
8.375  2.29336  0.0717566  0.105541
8.375  2.32478  0.192752  0.137228
8.375  2.35619  0.131006  0.148051
8.375  2.38761  0.109116  0.0923643
8.375  2.41903  0.258759  1.70226
8.375  2.45044  0  0
8.375  2.48186  0  0
8.375  2.51327  0  0
8.375  2.54469  0  0
8.375  2.57611  0  0
8.375  2.60752  0  0
8.375  2.63894  0  0
8.375  2.67035  0  0
8.375  2.70177  0  0
8.375  2.73319  0  0
8.375  2.7646  0  0
8.375  2.79602  0  0
8.375  2.82743  0  0
8.375  2.85885  0  0
8.375  2.89027  0  0
8.375  2.92168  0  0
8.375  2.9531  0  0
8.375  2.98451  0  0
8.375  3.01593  0  0
8.375  3.04734  0  0
8.375  3.07876  0  0
8.375  3.11018  0  0
8.5  0  0  0
8.5  0.0314159  0  0
8.5  0.0628319  0  0
8.5  0.0942478  0  0
8.5  0.125664  0  0
8.5  0.15708  0  0
8.5  0.188496  0  0
8.5  0.219911  0  0
8.5  0.251327  0  0
8.5  0.282743  0  0
8.5  0.314159  0  0
8.5  0.345575  0  0
8.5  0.376991  0  0
8.5  0.408407  0  0
8.5  0.439823  0  0
8.5  0.471239  0  0
8.5  0.502655  0  0
8.5  0.534071  0  0
8.5  0.565487  0  0
8.5  0.596903  0  0
8.5  0.628319  0  0
8.5  0.659734  0  0
8.5  0.69115  0.134838  0.0699449
8.5  0.722566  0.0487892  0.111007
8.5  0.753982  0.0845777  0.141332
8.5  0.785398  0.101612  0.123607
8.5  0.816814  0.0620412  0.0591177
8.5  0.84823  0.171365  0.0929087
8.5  0.879646  0.132317  0.0889892
8.5  0.911062  0.118264  0.11892
8.5  0.942478  0.101061  0.099223
8.5  0.973894  0.105579  0.106824
8.5  1.00531  0.10695  0.117353
8.5  1.03673  0.0539975  0.0555913
8.5  1.06814  0.0491056  0.0543663
8.5  1.09956  0.0701766  0.1193
8.5  1.13097  0.07376  0.111562
8.5  1.16239  0.0635014  0.104447
8.5  1.19381  0.146878  0.104188
8.5  1.22522  0.0835479  0.0847291
8.5  1.25664  0.0777222  0.110137
8.5  1.28805  0.0454253  0.0481831
8.5  1.31947  0.0785612  0.123114
8.5  1.35088  0.0569127  0.104914
8.5  1.3823  0.0975344  0.112279
8.5  1.41372  0.0810933  0.120214
8.5  1.44513  0.0712905  0.116814
8.5  1.47655  0.0857351  0.0950713
8.5  1.50796  0.151206  0.108261
8.5  1.53938  0.0840122  0.134871
8.5  1.5708  0.128726  0.128286
8.5  1.60221  0.0540005  0.0995351
8.5  1.63363  0.0711935  0.105956
8.5  1.66504  0.109992  0.128045
8.5  1.69646  0.0700356  0.116248
8.5  1.72788  0.0552306  0.102141
8.5  1.75929  0.0626881  0.0953401
8.5  1.79071  0.0756658  0.130038
8.5  1.82212  0.0955744  0.109009
8.5  1.85354  0.0651153  0.100773
8.5  1.88496  0.0723157  0.104746
8.5  1.91637  0.153689  0.133212
8.5  1.94779  0.0898128  0.128117
8.5  1.9792  0.100873  0.126394
8.5  2.01062  0.0667438  0.101532
8.5  2.04204  0.119444  0.119
8.5  2.07345  0.0608543  0.102445
8.5  2.10487  0.0550539  0.0552965
8.5  2.13628  0.110803  0.125681
8.5  2.1677  0.079082  0.110853
8.5  2.19911  0.0838301  0.117875
8.5  2.23053  0.0735736  0.121569
8.5  2.26195  0.0747209  0.11651
8.5  2.29336  0.0753994  0.12831
8.5  2.32478  0.0932556  0.134059
8.5  2.35619  0.162687  0.131762
8.5  2.38761  0.177938  0.0978622
8.5  2.41903  0.0449387  0.0304787
8.5  2.45044  0  0
8.5  2.48186  0  0
8.5  2.51327  0  0
8.5  2.54469  0  0
8.5  2.57611  0  0
8.5  2.60752  0  0
8.5  2.63894  0  0
8.5  2.67035  0  0
8.5  2.70177  0  0
8.5  2.73319  0  0
8.5  2.7646  0  0
8.5  2.79602  0  0
8.5  2.82743  0  0
8.5  2.85885  0  0
8.5  2.89027  0  0
8.5  2.92168  0  0
8.5  2.9531  0  0
8.5  2.98451  0  0
8.5  3.01593  0  0
8.5  3.04734  0  0
8.5  3.07876  0  0
8.5  3.11018  0  0
8.625  0  0  0
8.625  0.0314159  0  0
8.625  0.0628319  0  0
8.625  0.0942478  0  0
8.625  0.125664  0  0
8.625  0.15708  0  0
8.625  0.188496  0  0
8.625  0.219911  0  0
8.625  0.251327  0  0
8.625  0.282743  0  0
8.625  0.314159  0  0
8.625  0.345575  0  0
8.625  0.376991  0  0
8.625  0.408407  0  0
8.625  0.439823  0  0
8.625  0.471239  0  0
8.625  0.502655  0  0
8.625  0.534071  0  0
8.625  0.565487  0  0
8.625  0.596903  0  0
8.625  0.628319  0  0
8.625  0.659734  0  0
8.625  0.69115  0.0659139  0.0967333
8.625  0.722566  0.105866  0.122535
8.625  0.753982  0.069047  0.119564
8.625  0.785398  0.0898024  0.180725
8.625  0.816814  0.0742393  0.0975045
8.625  0.84823  0.179431  0.154008
8.625  0.879646  0.0912802  0.127378
8.625  0.911062  0.0929194  0.0844739
8.625  0.942478  0.107779  0.117202
8.625  0.973894  0.0729977  0.119757
8.625  1.00531  0.0644873  0.0729687
8.625  1.03673  0.0748988  0.104708
8.625  1.06814  0.0958095  0.0977413
8.625  1.09956  0.05613  0.101698
8.625  1.13097  0.084041  0.0843039
8.625  1.16239  0.0629685  0.0980188
8.625  1.19381  0.0513152  0.0570777
8.625  1.22522  0.0520151  0.0556764
8.625  1.25664  0.064464  0.0990928
8.625  1.28805  0.0898155  0.0974709
8.625  1.31947  0.0843654  0.115644
8.625  1.35088  0.0731148  0.118755
8.625  1.3823  0.0964988  0.10793
8.625  1.41372  0.156342  0.150086
8.625  1.44513  0.0434955  0.0422751
8.625  1.47655  0.098381  0.115907
8.625  1.50796  0.053346  0.0787756
8.625  1.53938  0.0762195  0.0883108
8.625  1.5708  0.0908764  0.100005
8.625  1.60221  0.115677  0.137454
8.625  1.63363  0.173173  0.0894297
8.625  1.66504  0.0472384  0.043837
8.625  1.69646  0.0642043  0.0878875
8.625  1.72788  0.0848413  0.0998863
8.625  1.75929  0.0708004  0.116696
8.625  1.79071  0.0805611  0.090974
8.625  1.82212  0.138279  0.0701942
8.625  1.85354  0.0587792  0.0910717
8.625  1.88496  0.107676  0.107956
8.625  1.91637  0.0807345  0.0935824
8.625  1.94779  0.211417  0.143697
8.625  1.9792  0.151757  0.0834925
8.625  2.01062  0.0744856  0.0803098
8.625  2.04204  0.0591048  0.104107
8.625  2.07345  0.0569912  0.0972479
8.625  2.10487  0.0749899  0.148702
8.625  2.13628  0.0635099  0.0954348
8.625  2.1677  0.174577  0.124995
8.625  2.19911  0.0786027  0.109001
8.625  2.23053  0.0571435  0.059002
8.625  2.26195  0.0660387  0.0700101
8.625  2.29336  0.0631969  0.0638512
8.625  2.32478  0.12857  0.1143
8.625  2.35619  0.068237  0.131535
8.625  2.38761  0.134046  0.123216
8.625  2.41903  0.26841  0.222479
8.625  2.45044  0  0
8.625  2.48186  0  0
8.625  2.51327  0  0
8.625  2.54469  0  0
8.625  2.57611  0  0
8.625  2.60752  0  0
8.625  2.63894  0  0
8.625  2.67035  0  0
8.625  2.70177  0  0
8.625  2.73319  0  0
8.625  2.7646  0  0
8.625  2.79602  0  0
8.625  2.82743  0  0
8.625  2.85885  0  0
8.625  2.89027  0  0
8.625  2.92168  0  0
8.625  2.9531  0  0
8.625  2.98451  0  0
8.625  3.01593  0  0
8.625  3.04734  0  0
8.625  3.07876  0  0
8.625  3.11018  0  0
8.75  0  0  0
8.75  0.0314159  0  0
8.75  0.0628319  0  0
8.75  0.0942478  0  0
8.75  0.125664  0  0
8.75  0.15708  0  0
8.75  0.188496  0  0
8.75  0.219911  0  0
8.75  0.251327  0  0
8.75  0.282743  0  0
8.75  0.314159  0  0
8.75  0.345575  0  0
8.75  0.376991  0  0
8.75  0.408407  0  0
8.75  0.439823  0  0
8.75  0.471239  0  0
8.75  0.502655  0  0
8.75  0.534071  0  0
8.75  0.565487  0  0
8.75  0.596903  0  0
8.75  0.628319  0  0
8.75  0.659734  0.00279339  0.0204975
8.75  0.69115  0.205322  0.184172
8.75  0.722566  0.180632  0.17835
8.75  0.753982  0.0832757  0.140643
8.75  0.785398  0.0943165  0.108114
8.75  0.816814  0.0886472  0.130404
8.75  0.84823  0.0772829  0.128832
8.75  0.879646  0.0999194  0.130369
8.75  0.911062  0.0568988  0.0557911
8.75  0.942478  0.141119  0.157344
8.75  0.973894  0.0759553  0.131056
8.75  1.00531  0.0738797  0.117134
8.75  1.03673  0.0906673  0.103937
8.75  1.06814  0.0648275  0.102739
8.75  1.09956  0.191911  0.104397
8.75  1.13097  0.0671764  0.0953276
8.75  1.16239  0.0478302  0.043925
8.75  1.19381  0.112743  0.101869
8.75  1.22522  0.0509589  0.0934897
8.75  1.25664  0.0675778  0.10327
8.75  1.28805  0.10424  0.085374
8.75  1.31947  0.0913329  0.0845414
8.75  1.35088  0.0853926  0.107903
8.75  1.3823  0.16529  0.0827476
8.75  1.41372  0.0845138  0.102366
8.75  1.44513  0.133264  0.0719183
8.75  1.47655  0.0731205  0.0737028
8.75  1.50796  0.0525715  0.0979605
8.75  1.53938  0.160712  0.113558
8.75  1.5708  0.0760623  0.100319
8.75  1.60221  3.81197  2.79269
8.75  1.63363  0.629112  0.773697
8.75  1.66504  0.0701309  0.121462
8.75  1.69646  0.174735  0.132494
8.75  1.72788  0.0615789  0.100668
8.75  1.75929  0.0500016  0.0516516
8.75  1.79071  0.141181  0.088784
8.75  1.82212  0.0860239  0.137274
8.75  1.85354  0.0555043  0.090542
8.75  1.88496  0.0857913  0.112226
8.75  1.91637  0.155137  0.127545
8.75  1.94779  0.171758  0.130495
8.75  1.9792  0.154518  0.111791
8.75  2.01062  0.042204  0.0411871
8.75  2.04204  0.0713893  0.100154
8.75  2.07345  0.0624319  0.113806
8.75  2.10487  0.0659559  0.101169
8.75  2.13628  0.0625121  0.112345
8.75  2.1677  0.0688023  0.11623
8.75  2.19911  0.0998471  0.10636
8.75  2.23053  0.12481  0.142841
8.75  2.26195  0.0821789  0.141172
8.75  2.29336  0.057062  0.0601893
8.75  2.32478  0.077132  0.11396
8.75  2.35619  0.121858  0.105755
8.75  2.38761  0.169972  0.153469
8.75  2.41903  0.130127  0.12462
8.75  2.45044  0.00488844  0.0358707
8.75  2.48186  0  0
8.75  2.51327  0  0
8.75  2.54469  0  0
8.75  2.57611  0  0
8.75  2.60752  0  0
8.75  2.63894  0  0
8.75  2.67035  0  0
8.75  2.70177  0  0
8.75  2.73319  0  0
8.75  2.7646  0  0
8.75  2.79602  0  0
8.75  2.82743  0  0
8.75  2.85885  0  0
8.75  2.89027  0  0
8.75  2.92168  0  0
8.75  2.9531  0  0
8.75  2.98451  0  0
8.75  3.01593  0  0
8.75  3.04734  0  0
8.75  3.07876  0  0
8.75  3.11018  0  0
8.875  0  0  0
8.875  0.0314159  0  0
8.875  0.0628319  0  0
8.875  0.0942478  0  0
8.875  0.125664  0  0
8.875  0.15708  0  0
8.875  0.188496  0  0
8.875  0.219911  0  0
8.875  0.251327  0  0
8.875  0.282743  0  0
8.875  0.314159  0  0
8.875  0.345575  0  0
8.875  0.376991  0  0
8.875  0.408407  0  0
8.875  0.439823  0  0
8.875  0.471239  0  0
8.875  0.502655  0  0
8.875  0.534071  0  0
8.875  0.565487  0  0
8.875  0.596903  0  0
8.875  0.628319  0  0
8.875  0.659734  0.149984  0.0841837
8.875  0.69115  0.16424  0.0847058
8.875  0.722566  0.178309  0.164
8.875  0.753982  0.179573  0.114086
8.875  0.785398  0.103465  0.101169
8.875  0.816814  0.106486  0.105076
8.875  0.84823  0.122875  0.125121
8.875  0.879646  0.166978  0.100317
8.875  0.911062  0.0744774  0.110831
8.875  0.942478  0.112365  0.112852
8.875  0.973894  0.0666582  0.10918
8.875  1.00531  0.0496783  0.0444447
8.875  1.03673  0.177656  0.116927
8.875  1.06814  0.0551339  0.059464
8.875  1.09956  0.055611  0.063856
8.875  1.13097  0.132266  0.0843825
8.875  1.16239  0.0799607  0.114306
8.875  1.19381  0.0864625  0.0951142
8.875  1.22522  0.166456  0.0890855
8.875  1.25664  0.0833487  0.0892743
8.875  1.28805  0.0783928  0.116897
8.875  1.31947  0.151974  0.112467
8.875  1.35088  0.0482683  0.0531679
8.875  1.3823  0.0578781  0.0923136
8.875  1.41372  0.165545  0.105698
8.875  1.44513  0.313668  0.289799
8.875  1.47655  0.0712137  0.0966628
8.875  1.50796  0.0712642  0.10444
8.875  1.53938  0.0502733  0.053774
8.875  1.5708  0.15731  0.157043
8.875  1.60221  0.0619961  0.0882344
8.875  1.63363  0.161138  0.0916523
8.875  1.66504  0.153802  0.0784221
8.875  1.69646  0.0752465  0.121478
8.875  1.72788  0.0815136  0.0943703
8.875  1.75929  0.144399  0.140996
8.875  1.79071  0.159933  0.0854917
8.875  1.82212  0.089024  0.0933242
8.875  1.85354  0.0629075  0.0679441
8.875  1.88496  0.126978  0.100799
8.875  1.91637  0.0943512  0.108417
8.875  1.94779  0.0759262  0.118643
8.875  1.9792  0.0541698  0.0635482
8.875  2.01062  0.14789  0.167034
8.875  2.04204  0.0615695  0.0592419
8.875  2.07345  0.110613  0.0819486
8.875  2.10487  0.0570446  0.0541757
8.875  2.13628  0.05675  0.0622126
8.875  2.1677  0.0581081  0.0623903
8.875  2.19911  0.0737489  0.0741812
8.875  2.23053  0.074228  0.123504
8.875  2.26195  0.0656984  0.0666137
8.875  2.29336  0.0798232  0.132773
8.875  2.32478  0.0911649  0.101696
8.875  2.35619  0.0640519  0.12025
8.875  2.38761  0.0975893  0.12971
8.875  2.41903  0.214974  0.132234
8.875  2.45044  0.0548646  0.069923
8.875  2.48186  0.0167604  0.122985
8.875  2.51327  0  0
8.875  2.54469  0  0
8.875  2.57611  0  0
8.875  2.60752  0  0
8.875  2.63894  0  0
8.875  2.67035  0  0
8.875  2.70177  0  0
8.875  2.73319  0  0
8.875  2.7646  0  0
8.875  2.79602  0  0
8.875  2.82743  0  0
8.875  2.85885  0  0
8.875  2.89027  0  0
8.875  2.92168  0  0
8.875  2.9531  0  0
8.875  2.98451  0  0
8.875  3.01593  0  0
8.875  3.04734  0  0
8.875  3.07876  0  0
8.875  3.11018  0  0
9  0  0  0
9  0.0314159  0  0
9  0.0628319  0  0
9  0.0942478  0  0
9  0.125664  0  0
9  0.15708  0  0
9  0.188496  0  0
9  0.219911  0  0
9  0.251327  0  0
9  0.282743  0  0
9  0.314159  0  0
9  0.345575  0  0
9  0.376991  0  0
9  0.408407  0  0
9  0.439823  0  0
9  0.471239  0  0
9  0.502655  0  0
9  0.534071  0  0
9  0.565487  0  0
9  0.596903  0  0
9  0.628319  0.0451334  0.0596645
9  0.659734  0.155574  0.170479
9  0.69115  0.099186  0.124965
9  0.722566  0.0794403  0.10749
9  0.753982  0.0760251  0.116767
9  0.785398  0.201793  0.14927
9  0.816814  0.101014  0.118423
9  0.84823  0.0951314  0.0961474
9  0.879646  0.0737268  0.125982
9  0.911062  0.0587354  0.102141
9  0.942478  0.0665986  0.0715533
9  0.973894  0.0757052  0.112885
9  1.00531  0.138196  0.164732
9  1.03673  0.0595622  0.0581512
9  1.06814  0.0820821  0.103682
9  1.09956  0.0569522  0.0991016
9  1.13097  0.0443861  0.0384353
9  1.16239  0.111775  0.0920801
9  1.19381  0.103322  0.123952
9  1.22522  0.0963956  0.0978874
9  1.25664  0.0623001  0.105643
9  1.28805  0.0757233  0.110602
9  1.31947  0.049546  0.0971868
9  1.35088  0.0669125  0.0958675
9  1.3823  0.0530076  0.102505
9  1.41372  0.0537375  0.0973834
9  1.44513  0.112809  0.134414
9  1.47655  0.127839  0.105571
9  1.50796  0.0825437  0.0883796
9  1.53938  0.0726147  0.101492
9  1.5708  0.052086  0.0960657
9  1.60221  0.0488159  0.0824679
9  1.63363  0.146618  0.146614
9  1.66504  0.086834  0.0720465
9  1.69646  0.115268  0.101289
9  1.72788  0.0894088  0.0981797
9  1.75929  0.14035  0.137103
9  1.79071  0.0890459  0.0881106
9  1.82212  0.0898174  0.0749502
9  1.85354  0.102073  0.122914
9  1.88496  0.0883325  0.118584
9  1.91637  0.066658  0.0818173
9  1.94779  0.0865643  0.0900836
9  1.9792  0.169328  0.108748
9  2.01062  0.0921211  0.0935675
9  2.04204  0.0634922  0.11092
9  2.07345  0.0517856  0.0470727
9  2.10487  0.18628  0.17349
9  2.13628  0.17377  0.135793
9  2.1677  0.06239  0.108948
9  2.19911  0.0742385  0.123627
9  2.23053  0.0777559  0.134918
9  2.26195  0.104331  0.102922
9  2.29336  0.0808949  0.129351
9  2.32478  0.0498324  0.0421243
9  2.35619  0.0656966  0.108319
9  2.38761  0.112905  0.148023
9  2.41903  0.180564  0.0966371
9  2.45044  0.227467  0.148845
9  2.48186  0.247713  1.92888
9  2.51327  0  0
9  2.54469  0  0
9  2.57611  0  0
9  2.60752  0  0
9  2.63894  0  0
9  2.67035  0  0
9  2.70177  0  0
9  2.73319  0  0
9  2.7646  0  0
9  2.79602  0  0
9  2.82743  0  0
9  2.85885  0  0
9  2.89027  0  0
9  2.92168  0  0
9  2.9531  0  0
9  2.98451  0  0
9  3.01593  0  0
9  3.04734  0  0
9  3.07876  0  0
9  3.11018  0  0
9.125  0  0  0
9.125  0.0314159  0  0
9.125  0.0628319  0  0
9.125  0.0942478  0  0
9.125  0.125664  0  0
9.125  0.15708  0  0
9.125  0.188496  0  0
9.125  0.219911  0  0
9.125  0.251327  0  0
9.125  0.282743  0  0
9.125  0.314159  0  0
9.125  0.345575  0  0
9.125  0.376991  0  0
9.125  0.408407  0  0
9.125  0.439823  0  0
9.125  0.471239  0  0
9.125  0.502655  0  0
9.125  0.534071  0  0
9.125  0.565487  0  0
9.125  0.596903  0  0
9.125  0.628319  0.207228  0.182759
9.125  0.659734  0.111078  0.143102
9.125  0.69115  0.171411  0.150781
9.125  0.722566  0.141091  0.155173
9.125  0.753982  0.0458392  0.0473494
9.125  0.785398  0.10683  0.104315
9.125  0.816814  0.0863218  0.114742
9.125  0.84823  0.104161  0.10339
9.125  0.879646  0.0690652  0.111164
9.125  0.911062  0.0678288  0.116237
9.125  0.942478  0.0739746  0.122374
9.125  0.973894  0.0703859  0.118411
9.125  1.00531  0.0497325  0.0465203
9.125  1.03673  0.0813882  0.102235
9.125  1.06814  0.130319  0.141161
9.125  1.09956  0.0404229  0.0266781
9.125  1.13097  0.0544612  0.0576846
9.125  1.16239  0.0569448  0.0558778
9.125  1.19381  0.110468  0.109435
9.125  1.22522  0.108363  0.102198
9.125  1.25664  0.0565193  0.0636198
9.125  1.28805  0.0510662  0.0928377
9.125  1.31947  0.112912  0.109031
9.125  1.35088  0.0513298  0.0594188
9.125  1.3823  0.0718233  0.114649
9.125  1.41372  0.0552018  0.108942
9.125  1.44513  0.0889565  0.0875316
9.125  1.47655  0.0726637  0.114122
9.125  1.50796  0.0759904  0.0965803
9.125  1.53938  3.66959  2.66238
9.125  1.5708  0.0910255  0.106223
9.125  1.60221  0.0632952  0.106835
9.125  1.63363  0.0634793  0.110103
9.125  1.66504  0.715861  0.681102
9.125  1.69646  0.140942  0.136283
9.125  1.72788  0.137949  0.132417
9.125  1.75929  0.0836403  0.0945812
9.125  1.79071  0.0618515  0.102403
9.125  1.82212  0.0630052  0.104273
9.125  1.85354  0.064741  0.0827332
9.125  1.88496  0.0846218  0.0778541
9.125  1.91637  0.0694259  0.0968688
9.125  1.94779  0.05767  0.096639
9.125  1.9792  0.1369  0.115151
9.125  2.01062  0.0530572  0.0570501
9.125  2.04204  0.0713049  0.114129
9.125  2.07345  0.0792601  0.123313
9.125  2.10487  0.0496018  0.0479234
9.125  2.13628  0.0570921  0.0567571
9.125  2.1677  0.16577  0.112399
9.125  2.19911  0.0596031  0.0619256
9.125  2.23053  0.163961  0.107679
9.125  2.26195  0.0639009  0.0645196
9.125  2.29336  0.0625681  0.0566281
9.125  2.32478  0.152254  0.153347
9.125  2.35619  0.129197  0.131391
9.125  2.38761  0.109188  0.130465
9.125  2.41903  0.192495  0.151839
9.125  2.45044  0.196679  0.119292
9.125  2.48186  0.0591582  0.0886852
9.125  2.51327  0  0
9.125  2.54469  0  0
9.125  2.57611  0  0
9.125  2.60752  0  0
9.125  2.63894  0  0
9.125  2.67035  0  0
9.125  2.70177  0  0
9.125  2.73319  0  0
9.125  2.7646  0  0
9.125  2.79602  0  0
9.125  2.82743  0  0
9.125  2.85885  0  0
9.125  2.89027  0  0
9.125  2.92168  0  0
9.125  2.9531  0  0
9.125  2.98451  0  0
9.125  3.01593  0  0
9.125  3.04734  0  0
9.125  3.07876  0  0
9.125  3.11018  0  0
9.25  0  0  0
9.25  0.0314159  0  0
9.25  0.0628319  0  0
9.25  0.0942478  0  0
9.25  0.125664  0  0
9.25  0.15708  0  0
9.25  0.188496  0  0
9.25  0.219911  0  0
9.25  0.251327  0  0
9.25  0.282743  0  0
9.25  0.314159  0  0
9.25  0.345575  0  0
9.25  0.376991  0  0
9.25  0.408407  0  0
9.25  0.439823  0  0
9.25  0.471239  0  0
9.25  0.502655  0  0
9.25  0.534071  0  0
9.25  0.565487  0  0
9.25  0.596903  0.105647  0.0555765
9.25  0.628319  0.211159  0.10988
9.25  0.659734  0.189038  0.121805
9.25  0.69115  0.151518  0.171644
9.25  0.722566  0.103418  0.114078
9.25  0.753982  0.0915745  0.114628
9.25  0.785398  0.0694206  0.0963341
9.25  0.816814  0.0739822  0.1259
9.25  0.84823  0.073399  0.121673
9.25  0.879646  0.0413755  0.0296774
9.25  0.911062  0.0615131  0.0671548
9.25  0.942478  0.0552075  0.0569198
9.25  0.973894  0.110195  0.109831
9.25  1.00531  0.0812663  0.0901248
9.25  1.03673  0.0733338  0.109096
9.25  1.06814  0.0553149  0.0983639
9.25  1.09956  0.0766572  0.111406
9.25  1.13097  0.115147  0.11847
9.25  1.16239  0.110039  0.11551
9.25  1.19381  0.0869826  0.118053
9.25  1.22522  0.0470875  0.0877149
9.25  1.25664  0.0740512  0.118142
9.25  1.28805  0.173526  0.105011
9.25  1.31947  0.149178  0.142499
9.25  1.35088  0.0712146  0.119681
9.25  1.3823  0.068833  0.115936
9.25  1.41372  0.15593  0.17377
9.25  1.44513  0.0486264  0.0878625
9.25  1.47655  0.098664  0.10307
9.25  1.50796  0.0664757  0.097453
9.25  1.53938  0.0709292  0.092312
9.25  1.5708  0.100594  0.0933329
9.25  1.60221  0.105552  0.12117
9.25  1.63363  0.036324  0.0325692
9.25  1.66504  0.0548375  0.0575099
9.25  1.69646  0.0889896  0.0884647
9.25  1.72788  0.0510314  0.0934636
9.25  1.75929  0.0771131  0.10701
9.25  1.79071  0.142151  0.140651
9.25  1.82212  0.117794  0.0824436
9.25  1.85354  0.17257  0.0892251
9.25  1.88496  0.0722417  0.0958969
9.25  1.91637  0.0765441  0.0753254
9.25  1.94779  0.0345148  0.040389
9.25  1.9792  0.149691  0.0981064
9.25  2.01062  0.112411  0.134911
9.25  2.04204  0.0750291  0.112361
9.25  2.07345  0.124063  0.128164
9.25  2.10487  0.12944  0.121606
9.25  2.13628  0.15656  0.12037
9.25  2.1677  0.0456511  0.0423967
9.25  2.19911  0.122532  0.13397
9.25  2.23053  0.105655  0.085115
9.25  2.26195  0.0907616  0.108185
9.25  2.29336  0.21156  0.11413
9.25  2.32478  0.0732463  0.119593
9.25  2.35619  0.0640972  0.0690413
9.25  2.38761  0.0917038  0.109695
9.25  2.41903  0.208002  0.204076
9.25  2.45044  0.0905693  0.116896
9.25  2.48186  0.123964  0.118613
9.25  2.51327  0.247998  0.227966
9.25  2.54469  0  0
9.25  2.57611  0  0
9.25  2.60752  0  0
9.25  2.63894  0  0
9.25  2.67035  0  0
9.25  2.70177  0  0
9.25  2.73319  0  0
9.25  2.7646  0  0
9.25  2.79602  0  0
9.25  2.82743  0  0
9.25  2.85885  0  0
9.25  2.89027  0  0
9.25  2.92168  0  0
9.25  2.9531  0  0
9.25  2.98451  0  0
9.25  3.01593  0  0
9.25  3.04734  0  0
9.25  3.07876  0  0
9.25  3.11018  0  0
9.375  0  0  0
9.375  0.0314159  0  0
9.375  0.0628319  0  0
9.375  0.0942478  0  0
9.375  0.125664  0  0
9.375  0.15708  0  0
9.375  0.188496  0  0
9.375  0.219911  0  0
9.375  0.251327  0  0
9.375  0.282743  0  0
9.375  0.314159  0  0
9.375  0.345575  0  0
9.375  0.376991  0  0
9.375  0.408407  0  0
9.375  0.439823  0  0
9.375  0.471239  0  0
9.375  0.502655  0  0
9.375  0.534071  0  0
9.375  0.565487  0  0
9.375  0.596903  0.149967  0.132943
9.375  0.628319  0.22536  0.174462
9.375  0.659734  0.145231  0.138537
9.375  0.69115  0.116226  0.134265
9.375  0.722566  0.0928291  0.107948
9.375  0.753982  0.0780872  0.132808
9.375  0.785398  0.0940451  0.0909657
9.375  0.816814  0.0762823  0.126195
9.375  0.84823  0.059854  0.117521
9.375  0.879646  0.160377  0.0949612
9.375  0.911062  0.0538817  0.0945226
9.375  0.942478  0.0919986  0.122277
9.375  0.973894  0.0723425  0.121679
9.375  1.00531  0.0836504  0.113017
9.375  1.03673  0.0510341  0.0497302
9.375  1.06814  0.052837  0.0590732
9.375  1.09956  0.0607748  0.0959762
9.375  1.13097  0.162918  0.0872461
9.375  1.16239  0.0479493  0.0461988
9.375  1.19381  0.0610514  0.110286
9.375  1.22522  0.0731947  0.0816259
9.375  1.25664  0.0914326  0.11145
9.375  1.28805  0.0502166  0.0889033
9.375  1.31947  0.0646754  0.10976
9.375  1.35088  0.176195  0.0978286
9.375  1.3823  0.0512749  0.0544989
9.375  1.41372  0.162383  0.128495
9.375  1.44513  0.116828  0.107249
9.375  1.47655  0.136444  0.135959
9.375  1.50796  0.0794172  0.110788
9.375  1.53938  0.0914581  0.100819
9.375  1.5708  0.156277  0.143789
9.375  1.60221  0.177491  0.106555
9.375  1.63363  0.126182  0.0707961
9.375  1.66504  0.104168  0.0932575
9.375  1.69646  0.0498901  0.0918101
9.375  1.72788  0.0526036  0.0612458
9.375  1.75929  0.148077  0.118261
9.375  1.79071  0.0829044  0.0909754
9.375  1.82212  0.0869424  0.0912721
9.375  1.85354  0.0617504  0.114015
9.375  1.88496  0.0744879  0.119635
9.375  1.91637  0.0655574  0.110238
9.375  1.94779  0.0378565  0.0381934
9.375  1.9792  0.094926  0.143829
9.375  2.01062  0.103879  0.0935658
9.375  2.04204  0.0850708  0.104742
9.375  2.07345  0.0644232  0.0998211
9.375  2.10487  0.179977  0.179842
9.375  2.13628  0.114031  0.105363
9.375  2.1677  0.061527  0.101789
9.375  2.19911  0.0778593  0.100592
9.375  2.23053  0.0597342  0.10756
9.375  2.26195  0.0536642  0.0519006
9.375  2.29336  0.0487592  0.0445856
9.375  2.32478  0.0831457  0.137623
9.375  2.35619  0.182906  0.154497
9.375  2.38761  0.105869  0.128576
9.375  2.41903  0.121055  0.146094
9.375  2.45044  0.0629117  0.105784
9.375  2.48186  0.0804278  0.097031
9.375  2.51327  0.18977  0.117202
9.375  2.54469  0  0
9.375  2.57611  0  0
9.375  2.60752  0  0
9.375  2.63894  0  0
9.375  2.67035  0  0
9.375  2.70177  0  0
9.375  2.73319  0  0
9.375  2.7646  0  0
9.375  2.79602  0  0
9.375  2.82743  0  0
9.375  2.85885  0  0
9.375  2.89027  0  0
9.375  2.92168  0  0
9.375  2.9531  0  0
9.375  2.98451  0  0
9.375  3.01593  0  0
9.375  3.04734  0  0
9.375  3.07876  0  0
9.375  3.11018  0  0
9.5  0  0  0
9.5  0.0314159  0  0
9.5  0.0628319  0  0
9.5  0.0942478  0  0
9.5  0.125664  0  0
9.5  0.15708  0  0
9.5  0.188496  0  0
9.5  0.219911  0  0
9.5  0.251327  0  0
9.5  0.282743  0  0
9.5  0.314159  0  0
9.5  0.345575  0  0
9.5  0.376991  0  0
9.5  0.408407  0  0
9.5  0.439823  0  0
9.5  0.471239  0  0
9.5  0.502655  0  0
9.5  0.534071  0  0
9.5  0.565487  0.258759  1.70226
9.5  0.596903  0.226027  0.221167
9.5  0.628319  0.0662879  0.108684
9.5  0.659734  0.266937  0.163139
9.5  0.69115  0.119531  0.117127
9.5  0.722566  0.21429  0.205508
9.5  0.753982  0.192515  0.158958
9.5  0.785398  0.0705464  0.125136
9.5  0.816814  0.102183  0.139309
9.5  0.84823  0.0771891  0.127713
9.5  0.879646  0.0474269  0.0401209
9.5  0.911062  0.0728552  0.119333
9.5  0.942478  0.220824  0.349782
9.5  0.973894  0.0737307  0.119207
9.5  1.00531  0.0530611  0.101798
9.5  1.03673  0.0747543  0.107561
9.5  1.06814  0.160442  0.1592
9.5  1.09956  0.14538  0.0788422
9.5  1.13097  0.152158  0.109886
9.5  1.16239  0.0548591  0.0954323
9.5  1.19381  0.0629014  0.103055
9.5  1.22522  0.0623053  0.103607
9.5  1.25664  0.0697986  0.0896311
9.5  1.28805  0.0675452  0.103989
9.5  1.31947  0.0386525  0.028223
9.5  1.35088  0.0750166  0.11693
9.5  1.3823  0.0748052  0.0844158
9.5  1.41372  0.0449185  0.0442976
9.5  1.44513  0.157759  0.125174
9.5  1.47655  0.0770217  0.0896004
9.5  1.50796  0.334073  0.312391
9.5  1.53938  0.127745  0.117377
9.5  1.5708  0.162658  0.112013
9.5  1.60221  0.0523823  0.100795
9.5  1.63363  0.048351  0.091433
9.5  1.66504  0.083626  0.102114
9.5  1.69646  0.0599676  0.105388
9.5  1.72788  0.162614  0.147023
9.5  1.75929  0.0429908  0.0437283
9.5  1.79071  0.0930723  0.092072
9.5  1.82212  0.0814576  0.0983142
9.5  1.85354  0.0652269  0.0954328
9.5  1.88496  0.068648  0.124762
9.5  1.91637  0.195223  0.102896
9.5  1.94779  0.0812532  0.0650229
9.5  1.9792  0.0717635  0.119436
9.5  2.01062  0.0605397  0.0633662
9.5  2.04204  0.0777621  0.0950013
9.5  2.07345  0.0704157  0.125188
9.5  2.10487  0.177876  0.131489
9.5  2.13628  0.0649122  0.109858
9.5  2.1677  0.0719872  0.122464
9.5  2.19911  0.0748458  0.121619
9.5  2.23053  0.0844538  0.130104
9.5  2.26195  0.0614258  0.0596538
9.5  2.29336  0.0853314  0.12947
9.5  2.32478  0.0685456  0.109624
9.5  2.35619  0.100933  0.145135
9.5  2.38761  0.0932723  0.144377
9.5  2.41903  0.184773  0.105977
9.5  2.45044  0.0908177  0.116578
9.5  2.48186  0.193543  0.171126
9.5  2.51327  0.185163  0.0927109
9.5  2.54469  0  0
9.5  2.57611  0  0
9.5  2.60752  0  0
9.5  2.63894  0  0
9.5  2.67035  0  0
9.5  2.70177  0  0
9.5  2.73319  0  0
9.5  2.7646  0  0
9.5  2.79602  0  0
9.5  2.82743  0  0
9.5  2.85885  0  0
9.5  2.89027  0  0
9.5  2.92168  0  0
9.5  2.9531  0  0
9.5  2.98451  0  0
9.5  3.01593  0  0
9.5  3.04734  0  0
9.5  3.07876  0  0
9.5  3.11018  0  0
9.625  0  0  0
9.625  0.0314159  0  0
9.625  0.0628319  0  0
9.625  0.0942478  0  0
9.625  0.125664  0  0
9.625  0.15708  0  0
9.625  0.188496  0  0
9.625  0.219911  0  0
9.625  0.251327  0  0
9.625  0.282743  0  0
9.625  0.314159  0  0
9.625  0.345575  0  0
9.625  0.376991  0  0
9.625  0.408407  0  0
9.625  0.439823  0  0
9.625  0.471239  0  0
9.625  0.502655  0  0
9.625  0.534071  0  0
9.625  0.565487  0.238576  0.157428
9.625  0.596903  0.15247  0.118054
9.625  0.628319  0.191531  0.178241
9.625  0.659734  0.192097  0.16438
9.625  0.69115  0.0672857  0.108034
9.625  0.722566  0.0592748  0.0695861
9.625  0.753982  0.125557  0.132657
9.625  0.785398  0.107423  0.0863751
9.625  0.816814  0.0834847  0.129251
9.625  0.84823  0.106484  0.123537
9.625  0.879646  0.154326  0.0931734
9.625  0.911062  0.0683119  0.112457
9.625  0.942478  0.065468  0.116528
9.625  0.973894  0.057659  0.102946
9.625  1.00531  0.0938036  0.0913882
9.625  1.03673  0.0412467  0.0370155
9.625  1.06814  0.112346  0.113766
9.625  1.09956  0.0630243  0.107436
9.625  1.13097  0.0495235  0.0990899
9.625  1.16239  0.0520354  0.0959082
9.625  1.19381  0.0764638  0.119636
9.625  1.22522  0.0656883  0.122523
9.625  1.25664  0.0821547  0.101085
9.625  1.28805  0.0879928  0.0947397
9.625  1.31947  0.0854265  0.0951789
9.625  1.35088  0.0833064  0.0994468
9.625  1.3823  0.0759157  0.0722637
9.625  1.41372  0.05081  0.0532684
9.625  1.44513  0.0701467  0.103672
9.625  1.47655  0.0608568  0.0925141
9.625  1.50796  0.0723325  0.117056
9.625  1.53938  0.0572846  0.093712
9.625  1.5708  0.155569  0.0900175
9.625  1.60221  0.174064  0.15752
9.625  1.63363  1.18992  0.697071
9.625  1.66504  0.0810208  0.0963808
9.625  1.69646  0.0975892  0.13111
9.625  1.72788  0.144816  0.0904659
9.625  1.75929  0.0435954  0.0432199
9.625  1.79071  0.0515109  0.0561289
9.625  1.82212  0.124768  0.0964933
9.625  1.85354  0.0673637  0.116119
9.625  1.88496  0.153932  0.0769843
9.625  1.91637  0.0584252  0.101276
9.625  1.94779  0.0633219  0.0883299
9.625  1.9792  0.0370386  0.0244083
9.625  2.01062  0.092464  0.0917587
9.625  2.04204  0.0684302  0.116074
9.625  2.07345  0.0670109  0.106648
9.625  2.10487  0.133167  0.0744603
9.625  2.13628  0.0787947  0.0770716
9.625  2.1677  0.0926298  0.102389
9.625  2.19911  0.0654855  0.114081
9.625  2.23053  0.0568838  0.0615911
9.625  2.26195  0.047262  0.0412415
9.625  2.29336  0.113236  0.0832682
9.625  2.32478  0.148589  0.151601
9.625  2.35619  0.16692  0.105581
9.625  2.38761  0.210993  0.178608
9.625  2.41903  0.0628387  0.114624
9.625  2.45044  0.118486  0.113472
9.625  2.48186  0.0884735  0.113495
9.625  2.51327  0.146622  0.175713
9.625  2.54469  0.237701  0.128279
9.625  2.57611  0  0
9.625  2.60752  0  0
9.625  2.63894  0  0
9.625  2.67035  0  0
9.625  2.70177  0  0
9.625  2.73319  0  0
9.625  2.7646  0  0
9.625  2.79602  0  0
9.625  2.82743  0  0
9.625  2.85885  0  0
9.625  2.89027  0  0
9.625  2.92168  0  0
9.625  2.9531  0  0
9.625  2.98451  0  0
9.625  3.01593  0  0
9.625  3.04734  0  0
9.625  3.07876  0  0
9.625  3.11018  0  0
9.75  0  0  0
9.75  0.0314159  0  0
9.75  0.0628319  0  0
9.75  0.0942478  0  0
9.75  0.125664  0  0
9.75  0.15708  0  0
9.75  0.188496  0  0
9.75  0.219911  0  0
9.75  0.251327  0  0
9.75  0.282743  0  0
9.75  0.314159  0  0
9.75  0.345575  0  0
9.75  0.376991  0  0
9.75  0.408407  0  0
9.75  0.439823  0  0
9.75  0.471239  0  0
9.75  0.502655  0  0
9.75  0.534071  0.000698349  0.00512438
9.75  0.565487  0.194368  0.097497
9.75  0.596903  0.105699  0.134766
9.75  0.628319  0.156253  0.19382
9.75  0.659734  0.114978  0.125603
9.75  0.69115  0.0734395  0.111624
9.75  0.722566  0.0827982  0.108051
9.75  0.753982  0.117276  0.096015
9.75  0.785398  0.0662047  0.114288
9.75  0.816814  0.0634926  0.114116
9.75  0.84823  0.052158  0.0560929
9.75  0.879646  0.0602741  0.106765
9.75  0.911062  0.0986212  0.135301
9.75  0.942478  0.132856  0.147131
9.75  0.973894  0.0638302  0.102339
9.75  1.00531  0.0615172  0.106604
9.75  1.03673  0.0735551  0.107914
9.75  1.06814  0.0886643  0.0883513
9.75  1.09956  0.0741228  0.0751099
9.75  1.13097  0.0671922  0.108407
9.75  1.16239  0.156549  0.118544
9.75  1.19381  0.0491626  0.0887436
9.75  1.22522  0.0656261  0.111288
9.75  1.25664  0.0526015  0.0889078
9.75  1.28805  0.112792  0.0964358
9.75  1.31947  0.0486787  0.0510132
9.75  1.35088  0.0650176  0.112199
9.75  1.3823  0.0763976  0.0810579
9.75  1.41372  0.0728453  0.0779046
9.75  1.44513  0.0861971  0.10071
9.75  1.47655  0.134482  0.0918208
9.75  1.50796  0.0668264  0.111685
9.75  1.53938  0.0984024  0.096401
9.75  1.5708  0.0699978  0.103318
9.75  1.60221  0.1169  0.0955325
9.75  1.63363  0.0546831  0.096186
9.75  1.66504  0.0960068  0.109482
9.75  1.69646  0.152745  0.0939341
9.75  1.72788  0.0787096  0.101255
9.75  1.75929  0.085959  0.0759806
9.75  1.79071  0.134978  0.0838669
9.75  1.82212  0.0677821  0.10052
9.75  1.85354  0.112356  0.16343
9.75  1.88496  0.0945453  0.0924692
9.75  1.91637  0.125435  0.105084
9.75  1.94779  0.0908994  0.0803199
9.75  1.9792  0.0811729  0.0884141
9.75  2.01062  0.0485908  0.0894941
9.75  2.04204  0.0806443  0.0834775
9.75  2.07345  0.15376  0.151596
9.75  2.10487  0.0510532  0.0475215
9.75  2.13628  0.0791016  0.0906037
9.75  2.1677  0.0757575  0.129595
9.75  2.19911  0.0541212  0.0508641
9.75  2.23053  0.083469  0.126261
9.75  2.26195  0.0844584  0.108348
9.75  2.29336  0.0906213  0.110782
9.75  2.32478  0.111914  0.123084
9.75  2.35619  0.0868993  0.0906406
9.75  2.38761  0.0761975  0.0906782
9.75  2.41903  0.122641  0.117497
9.75  2.45044  0.11408  0.117123
9.75  2.48186  0.0799419  0.124259
9.75  2.51327  0.0794262  0.12546
9.75  2.54469  0.200534  0.10732
9.75  2.57611  0  0
9.75  2.60752  0  0
9.75  2.63894  0  0
9.75  2.67035  0  0
9.75  2.70177  0  0
9.75  2.73319  0  0
9.75  2.7646  0  0
9.75  2.79602  0  0
9.75  2.82743  0  0
9.75  2.85885  0  0
9.75  2.89027  0  0
9.75  2.92168  0  0
9.75  2.9531  0  0
9.75  2.98451  0  0
9.75  3.01593  0  0
9.75  3.04734  0  0
9.75  3.07876  0  0
9.75  3.11018  0  0
9.875  0  0  0
9.875  0.0314159  0  0
9.875  0.0628319  0  0
9.875  0.0942478  0  0
9.875  0.125664  0  0
9.875  0.15708  0  0
9.875  0.188496  0  0
9.875  0.219911  0  0
9.875  0.251327  0  0
9.875  0.282743  0  0
9.875  0.314159  0  0
9.875  0.345575  0  0
9.875  0.376991  0  0
9.875  0.408407  0  0
9.875  0.439823  0  0
9.875  0.471239  0  0
9.875  0.502655  0  0
9.875  0.534071  0.138376  0.0897071
9.875  0.565487  0.141793  0.183733
9.875  0.596903  0.107864  0.10938
9.875  0.628319  0.157539  0.124773
9.875  0.659734  0.146158  0.133692
9.875  0.69115  0.123782  0.122385
9.875  0.722566  0.158034  0.174502
9.875  0.753982  0.168182  0.104182
9.875  0.785398  0.128658  0.120913
9.875  0.816814  0.0638447  0.108404
9.875  0.84823  0.114062  0.112449
9.875  0.879646  0.533257  0.534181
9.875  0.911062  0.0859719  0.0845436
9.875  0.942478  0.106149  0.108188
9.875  0.973894  0.0820108  0.091372
9.875  1.00531  0.15803  0.0800442
9.875  1.03673  0.164411  0.15893
9.875  1.06814  0.161294  0.12815
9.875  1.09956  0.104824  0.106178
9.875  1.13097  0.067848  0.0913916
9.875  1.16239  0.0823346  0.0736755
9.875  1.19381  0.164475  0.145677
9.875  1.22522  0.0912494  0.094075
9.875  1.25664  0.101034  0.123649
9.875  1.28805  0.0809018  0.111754
9.875  1.31947  0.047373  0.0542786
9.875  1.35088  0.054904  0.0577194
9.875  1.3823  0.0690096  0.110447
9.875  1.41372  0.146953  0.0767722
9.875  1.44513  0.0643288  0.0985994
9.875  1.47655  0.123883  0.121202
9.875  1.50796  0.141446  0.128253
9.875  1.53938  0.113114  0.11542
9.875  1.5708  0.0864846  0.102203
9.875  1.60221  0.055482  0.0973741
9.875  1.63363  0.053177  0.101379
9.875  1.66504  0.120743  0.101901
9.875  1.69646  0.0905156  0.104664
9.875  1.72788  0.606383  0.571459
9.875  1.75929  0.0579203  0.102057
9.875  1.79071  0.0768082  0.0799858
9.875  1.82212  0.0539684  0.0588714
9.875  1.85354  0.130638  0.115195
9.875  1.88496  0.0604945  0.117738
9.875  1.91637  0.0575772  0.0599995
9.875  1.94779  0.0345561  0.028179
9.875  1.9792  0.0976521  0.10533
9.875  2.01062  0.0933927  0.106665
9.875  2.04204  0.0645904  0.113935
9.875  2.07345  0.0920426  0.196303
9.875  2.10487  0.0943216  0.100578
9.875  2.13628  0.174612  0.153036
9.875  2.1677  0.0610858  0.111867
9.875  2.19911  0.0701184  0.118915
9.875  2.23053  0.0565155  0.0589061
9.875  2.26195  0.10245  0.107397
9.875  2.29336  0.0462171  0.0408342
9.875  2.32478  0.151745  0.148601
9.875  2.35619  0.161578  0.103437
9.875  2.38761  0.168939  0.0849281
9.875  2.41903  0.059835  0.117815
9.875  2.45044  0.116247  0.151154
9.875  2.48186  0.140806  0.138541
9.875  2.51327  0.269598  0.238066
9.875  2.54469  0.114423  0.129701
9.875  2.57611  0.116145  0.105178
9.875  2.60752  0  0
9.875  2.63894  0  0
9.875  2.67035  0  0
9.875  2.70177  0  0
9.875  2.73319  0  0
9.875  2.7646  0  0
9.875  2.79602  0  0
9.875  2.82743  0  0
9.875  2.85885  0  0
9.875  2.89027  0  0
9.875  2.92168  0  0
9.875  2.9531  0  0
9.875  2.98451  0  0
9.875  3.01593  0  0
9.875  3.04734  0  0
9.875  3.07876  0  0
9.875  3.11018  0  0
10  0  0  0
10  0.0314159  0  0
10  0.0628319  0  0
10  0.0942478  0  0
10  0.125664  0  0
10  0.15708  0  0
10  0.188496  0  0
10  0.219911  0  0
10  0.251327  0  0
10  0.282743  0  0
10  0.314159  0  0
10  0.345575  0  0
10  0.376991  0  0
10  0.408407  0  0
10  0.439823  0  0
10  0.471239  0  0
10  0.502655  0  0
10  0.534071  0.195906  0.140998
10  0.565487  0.114488  0.130223
10  0.596903  0.177059  0.156249
10  0.628319  0.0712823  0.146483
10  0.659734  0.141335  0.121431
10  0.69115  0.206241  0.153745
10  0.722566  0.113445  0.109272
10  0.753982  0.053828  0.054059
10  0.785398  0.103062  0.109477
10  0.816814  0.0693312  0.115197
10  0.84823  0.205893  0.116818
10  0.879646  0.062432  0.107231
10  0.911062  0.0581263  0.0598086
10  0.942478  0.0788333  0.0962915
10  0.973894  0.0775221  0.120466
10  1.00531  0.0904041  0.11658
10  1.03673  0.0809399  0.0851494
10  1.06814  0.0510257  0.0526901
10  1.09956  0.0607201  0.111199
10  1.13097  0.0613466  0.0935585
10  1.16239  0.0925112  0.10337
10  1.19381  0.0696003  0.100698
10  1.22522  0.0675021  0.0745794
10  1.25664  0.0613644  0.0905143
10  1.28805  0.0823841  0.0794961
10  1.31947  0.0757695  0.105421
10  1.35088  0.0558915  0.0984915
10  1.3823  0.0651774  0.10817
10  1.41372  0.0835579  0.093827
10  1.44513  0.0725716  0.101147
10  1.47655  0.0782377  0.0950936
10  1.50796  0.0952941  0.105384
10  1.53938  0.0621255  0.0777601
10  1.5708  0.0550203  0.0568218
10  1.60221  0.141088  0.089645
10  1.63363  0.0876412  0.0996452
10  1.66504  0.0740854  0.0796857
10  1.69646  0.0784108  0.092319
10  1.72788  0.0727839  0.0858434
10  1.75929  0.0743309  0.104072
10  1.79071  0.0833522  0.12067
10  1.82212  0.128124  0.655018
10  1.85354  0.152664  0.151721
10  1.88496  0.145779  0.139551
10  1.91637  0.0467931  0.088587
10  1.94779  0.0613904  0.102861
10  1.9792  0.0783703  0.105493
10  2.01062  0.0711068  0.103794
10  2.04204  0.0573035  0.103305
10  2.07345  0.452284  0.232831
10  2.10487  0.0689004  0.105475
10  2.13628  0.0606723  0.104847
10  2.1677  0.0611355  0.108087
10  2.19911  0.0804059  0.0735806
10  2.23053  0.0916867  0.0952633
10  2.26195  0.0682338  0.0720572
10  2.29336  0.0724515  0.067536
10  2.32478  0.139989  0.124848
10  2.35619  0.0774328  0.128029
10  2.38761  0.152482  0.103064
10  2.41903  0.11038  0.122195
10  2.45044  0.0762802  0.102595
10  2.48186  0.203628  0.102641
10  2.51327  0.129466  0.161069
10  2.54469  0.194972  0.173346
10  2.57611  0.239479  0.119954
10  2.60752  0  0
10  2.63894  0  0
10  2.67035  0  0
10  2.70177  0  0
10  2.73319  0  0
10  2.7646  0  0
10  2.79602  0  0
10  2.82743  0  0
10  2.85885  0  0
10  2.89027  0  0
10  2.92168  0  0
10  2.9531  0  0
10  2.98451  0  0
10  3.01593  0  0
10  3.04734  0  0
10  3.07876  0  0
10  3.11018  0  0
10.125  0  0  0
10.125  0.0314159  0  0
10.125  0.0628319  0  0
10.125  0.0942478  0  0
10.125  0.125664  0  0
10.125  0.15708  0  0
10.125  0.188496  0  0
10.125  0.219911  0  0
10.125  0.251327  0  0
10.125  0.282743  0  0
10.125  0.314159  0  0
10.125  0.345575  0  0
10.125  0.376991  0  0
10.125  0.408407  0  0
10.125  0.439823  0  0
10.125  0.471239  0  0
10.125  0.502655  0  0
10.125  0.534071  0.102372  0.0552164
10.125  0.565487  0.153601  0.134844
10.125  0.596903  0.310068  0.284968
10.125  0.628319  0.156833  0.155201
10.125  0.659734  0.0685207  0.101742
10.125  0.69115  0.187387  0.0970994
10.125  0.722566  0.0845713  0.127703
10.125  0.753982  0.175661  0.117399
10.125  0.785398  0.103085  0.130355
10.125  0.816814  0.0830847  0.14392
10.125  0.84823  0.0892281  0.133522
10.125  0.879646  0.114781  0.0868185
10.125  0.911062  0.0881676  0.115714
10.125  0.942478  0.0699504  0.11788
10.125  0.973894  0.0893123  0.0931618
10.125  1.00531  0.0776496  0.117825
10.125  1.03673  0.0472514  0.0352612
10.125  1.06814  0.058225  0.103236
10.125  1.09956  0.0663763  0.0996701
10.125  1.13097  3.66907  2.25776
10.125  1.16239  0.0814812  0.11147
10.125  1.19381  0.0587231  0.0992081
10.125  1.22522  0.0515473  0.0981162
10.125  1.25664  0.0769873  0.0952111
10.125  1.28805  0.0424636  0.0422906
10.125  1.31947  0.0781086  0.0945102
10.125  1.35088  0.0554564  0.106579
10.125  1.3823  0.0519332  0.0952586
10.125  1.41372  0.120209  0.0923615
10.125  1.44513  0.0536845  0.097921
10.125  1.47655  0.130083  0.129318
10.125  1.50796  0.0558232  0.10361
10.125  1.53938  0.0544012  0.0552805
10.125  1.5708  0.0817938  0.0865642
10.125  1.60221  0.0948327  0.0981472
10.125  1.63363  0.0869799  0.0927217
10.125  1.66504  0.0684875  0.0954086
10.125  1.69646  0.0436894  0.0472924
10.125  1.72788  0.159001  0.086353
10.125  1.75929  0.044321  0.0862509
10.125  1.79071  0.058761  0.0932406
10.125  1.82212  0.0849987  0.113002
10.125  1.85354  0.0551239  0.0981574
10.125  1.88496  0.0994241  0.117245
10.125  1.91637  0.0716877  0.115062
10.125  1.94779  0.0779374  0.121149
10.125  1.9792  0.11244  0.128449
10.125  2.01062  0.0794399  0.114885
10.125  2.04204  0.0665345  0.0994948
10.125  2.07345  0.0850419  0.11556
10.125  2.10487  0.042295  0.0341478
10.125  2.13628  0.077179  0.114573
10.125  2.1677  0.0460511  0.0427846
10.125  2.19911  0.0939943  0.128302
10.125  2.23053  0.0522966  0.0554822
10.125  2.26195  0.0466622  0.0498352
10.125  2.29336  0.0825409  0.121283
10.125  2.32478  0.0678471  0.0746747
10.125  2.35619  0.227406  0.114029
10.125  2.38761  0.0862775  0.115799
10.125  2.41903  0.0594681  0.0597259
10.125  2.45044  0.129896  0.141902
10.125  2.48186  0.213513  0.186905
10.125  2.51327  0.203051  0.134798
10.125  2.54469  0.180006  0.229874
10.125  2.57611  0.282284  0.282175
10.125  2.60752  0  0
10.125  2.63894  0  0
10.125  2.67035  0  0
10.125  2.70177  0  0
10.125  2.73319  0  0
10.125  2.7646  0  0
10.125  2.79602  0  0
10.125  2.82743  0  0
10.125  2.85885  0  0
10.125  2.89027  0  0
10.125  2.92168  0  0
10.125  2.9531  0  0
10.125  2.98451  0  0
10.125  3.01593  0  0
10.125  3.04734  0  0
10.125  3.07876  0  0
10.125  3.11018  0  0
10.25  0  0  0
10.25  0.0314159  0  0
10.25  0.0628319  0  0
10.25  0.0942478  0  0
10.25  0.125664  0  0
10.25  0.15708  0  0
10.25  0.188496  0  0
10.25  0.219911  0  0
10.25  0.251327  0  0
10.25  0.282743  0  0
10.25  0.314159  0  0
10.25  0.345575  0  0
10.25  0.376991  0  0
10.25  0.408407  0  0
10.25  0.439823  0  0
10.25  0.471239  0  0
10.25  0.502655  0.190873  0.144707
10.25  0.534071  0.191402  0.134704
10.25  0.565487  0.144952  0.140247
10.25  0.596903  0.142475  0.134096
10.25  0.628319  0.109913  0.138158
10.25  0.659734  0.180064  0.0941702
10.25  0.69115  0.208531  0.159512
10.25  0.722566  0.173462  0.166955
10.25  0.753982  0.179986  0.149214
10.25  0.785398  0.158789  0.112992
10.25  0.816814  0.0822247  0.109706
10.25  0.84823  0.0915618  0.123063
10.25  0.879646  0.0519648  0.0463174
10.25  0.911062  0.0781565  0.127591
10.25  0.942478  0.062247  0.0650881
10.25  0.973894  0.0884666  0.126529
10.25  1.00531  0.101136  0.101423
10.25  1.03673  0.0904542  0.0899411
10.25  1.06814  0.0768712  0.10868
10.25  1.09956  0.05742  0.0997944
10.25  1.13097  0.137954  0.0973593
10.25  1.16239  0.1049  0.109578
10.25  1.19381  0.0729121  0.109879
10.25  1.22522  0.0895908  0.0999262
10.25  1.25664  0.0389102  0.0756509
10.25  1.28805  0.0678685  0.0729504
10.25  1.31947  0.110568  0.120141
10.25  1.35088  0.0497713  0.0794576
10.25  1.3823  0.369768  0.324933
10.25  1.41372  0.059107  0.113722
10.25  1.44513  0.0567273  0.0969373
10.25  1.47655  0.0732728  0.0823857
10.25  1.50796  0.0504606  0.0847245
10.25  1.53938  0.0992834  0.100399
10.25  1.5708  0.196744  0.126445
10.25  1.60221  0.114215  0.105056
10.25  1.63363  0.0716703  0.0836049
10.25  1.66504  0.0406709  0.0442201
10.25  1.69646  0.0700806  0.111971
10.25  1.72788  0.0724495  0.112364
10.25  1.75929  0.057931  0.107457
10.25  1.79071  0.0446409  0.0437756
10.25  1.82212  0.0738376  0.0864031
10.25  1.85354  0.0869207  0.0779787
10.25  1.88496  0.135044  0.127262
10.25  1.91637  0.0603473  0.102925
10.25  1.94779  0.160536  0.103793
10.25  1.9792  0.062955  0.104594
10.25  2.01062  0.043391  0.0372762
10.25  2.04204  0.0674833  0.102921
10.25  2.07345  0.0657087  0.0942969
10.25  2.10487  0.069549  0.108219
10.25  2.13628  0.0465985  0.0446335
10.25  2.1677  0.0801244  0.11798
10.25  2.19911  0.114889  0.11777
10.25  2.23053  0.10331  0.0967582
10.25  2.26195  0.0845867  0.133754
10.25  2.29336  0.204665  0.199842
10.25  2.32478  0.0790377  0.120992
10.25  2.35619  0.071905  0.10684
10.25  2.38761  0.170497  0.0853182
10.25  2.41903  0.0542224  0.103163
10.25  2.45044  0.116079  0.122142
10.25  2.48186  0.251803  0.148814
10.25  2.51327  0.0710047  0.117926
10.25  2.54469  0.129041  0.0971479
10.25  2.57611  0.241517  0.14416
10.25  2.60752  0.0434052  0.0905352
10.25  2.63894  0  0
10.25  2.67035  0  0
10.25  2.70177  0  0
10.25  2.73319  0  0
10.25  2.7646  0  0
10.25  2.79602  0  0
10.25  2.82743  0  0
10.25  2.85885  0  0
10.25  2.89027  0  0
10.25  2.92168  0  0
10.25  2.9531  0  0
10.25  2.98451  0  0
10.25  3.01593  0  0
10.25  3.04734  0  0
10.25  3.07876  0  0
10.25  3.11018  0  0
10.375  0  0  0
10.375  0.0314159  0  0
10.375  0.0628319  0  0
10.375  0.0942478  0  0
10.375  0.125664  0  0
10.375  0.15708  0  0
10.375  0.188496  0  0
10.375  0.219911  0  0
10.375  0.251327  0  0
10.375  0.282743  0  0
10.375  0.314159  0  0
10.375  0.345575  0  0
10.375  0.376991  0  0
10.375  0.408407  0  0
10.375  0.439823  0  0
10.375  0.471239  0  0
10.375  0.502655  0.12673  0.094143
10.375  0.534071  0.263041  0.262592
10.375  0.565487  0.218206  0.129316
10.375  0.596903  0.158548  0.182365
10.375  0.628319  0.057895  0.0669412
10.375  0.659734  0.101602  0.123421
10.375  0.69115  0.0709332  0.132397
10.375  0.722566  0.0855053  0.124091
10.375  0.753982  0.197087  0.190759
10.375  0.785398  0.132995  0.104469
10.375  0.816814  0.193341  0.189764
10.375  0.84823  0.147693  0.162646
10.375  0.879646  0.0645234  0.11271
10.375  0.911062  0.0692663  0.124872
10.375  0.942478  0.0790361  0.12548
10.375  0.973894  0.0465513  0.0412741
10.375  1.00531  0.0662577  0.113469
10.375  1.03673  0.132719  0.0761189
10.375  1.06814  0.0569914  0.0508142
10.375  1.09956  0.0953341  0.100073
10.375  1.13097  0.071054  0.0989724
10.375  1.16239  0.0613525  0.108555
10.375  1.19381  0.0598176  0.0897339
10.375  1.22522  0.0672439  0.110365
10.375  1.25664  0.0639981  0.105661
10.375  1.28805  0.0515685  0.092961
10.375  1.31947  0.100203  0.105994
10.375  1.35088  0.0712197  0.105355
10.375  1.3823  0.148504  0.110649
10.375  1.41372  0.0646579  0.0710333
10.375  1.44513  0.0526039  0.099472
10.375  1.47655  0.0867457  0.0923299
10.375  1.50796  0.0592205  0.107977
10.375  1.53938  0.0578714  0.0843144
10.375  1.5708  0.0635741  0.10468
10.375  1.60221  0.0669895  0.102018
10.375  1.63363  0.0408485  0.0433917
10.375  1.66504  0.0703547  0.127957
10.375  1.69646  0.0678713  0.115477
10.375  1.72788  0.127644  0.0690372
10.375  1.75929  0.0529152  0.0947162
10.375  1.79071  0.0453652  0.053138
10.375  1.82212  0.0548687  0.0986471
10.375  1.85354  0.0552409  0.0990972
10.375  1.88496  0.140958  0.106921
10.375  1.91637  0.0615645  0.113522
10.375  1.94779  0.0692435  0.115746
10.375  1.9792  0.0944515  0.105259
10.375  2.01062  0.101509  0.105467
10.375  2.04204  0.0900888  0.0929855
10.375  2.07345  0.144413  0.100117
10.375  2.10487  0.150479  0.0899794
10.375  2.13628  0.110392  0.100995
10.375  2.1677  0.0586895  0.103881
10.375  2.19911  0.0625893  0.112783
10.375  2.23053  0.937107  0.893838
10.375  2.26195  0.0765091  0.0860072
10.375  2.29336  0.0822092  0.0804504
10.375  2.32478  0.0453204  0.0407189
10.375  2.35619  0.0863626  0.13809
10.375  2.38761  0.187131  0.130866
10.375  2.41903  0.12227  0.129058
10.375  2.45044  0.197899  0.0991705
10.375  2.48186  0.151931  0.0875621
10.375  2.51327  0.174109  0.1741
10.375  2.54469  0.232858  0.232126
10.375  2.57611  0.212273  0.158776
10.375  2.60752  0.241626  0.180156
10.375  2.63894  0  0
10.375  2.67035  0  0
10.375  2.70177  0  0
10.375  2.73319  0  0
10.375  2.7646  0  0
10.375  2.79602  0  0
10.375  2.82743  0  0
10.375  2.85885  0  0
10.375  2.89027  0  0
10.375  2.92168  0  0
10.375  2.9531  0  0
10.375  2.98451  0  0
10.375  3.01593  0  0
10.375  3.04734  0  0
10.375  3.07876  0  0
10.375  3.11018  0  0
10.5  0  0  0
10.5  0.0314159  0  0
10.5  0.0628319  0  0
10.5  0.0942478  0  0
10.5  0.125664  0  0
10.5  0.15708  0  0
10.5  0.188496  0  0
10.5  0.219911  0  0
10.5  0.251327  0  0
10.5  0.282743  0  0
10.5  0.314159  0  0
10.5  0.345575  0  0
10.5  0.376991  0  0
10.5  0.408407  0  0
10.5  0.439823  0  0
10.5  0.471239  0.0122211  0.0896767
10.5  0.502655  0.255053  0.132334
10.5  0.534071  0.215264  0.113436
10.5  0.565487  0.134997  0.150153
10.5  0.596903  0.218968  0.171645
10.5  0.628319  0.0866756  0.0936015
10.5  0.659734  0.090533  0.100098
10.5  0.69115  0.0819612  0.127385
10.5  0.722566  0.0701924  0.121368
10.5  0.753982  0.0666492  0.113257
10.5  0.785398  0.0610383  0.108314
10.5  0.816814  0.0725353  0.121872
10.5  0.84823  0.0874646  0.0944031
10.5  0.879646  0.0679541  0.120355
10.5  0.911062  0.049554  0.0453451
10.5  0.942478  0.0365904  0.0244417
10.5  0.973894  0.0418638  0.0470955
10.5  1.00531  1.17919  0.78207
10.5  1.03673  0.0706319  0.123134
10.5  1.06814  0.154295  0.115019
10.5  1.09956  0.0793589  0.119578
10.5  1.13097  0.0954856  0.109884
10.5  1.16239  0.0815147  0.10785
10.5  1.19381  0.119997  0.118775
10.5  1.22522  0.0661169  0.0944979
10.5  1.25664  0.166614  0.0848112
10.5  1.28805  0.0841205  0.0947879
10.5  1.31947  0.0709714  0.110434
10.5  1.35088  0.0807538  0.0832318
10.5  1.3823  0.16211  0.141349
10.5  1.41372  0.139516  0.131581
10.5  1.44513  0.0546613  0.104503
10.5  1.47655  0.0738996  0.0857245
10.5  1.50796  0.0493661  0.0693679
10.5  1.53938  0.090232  0.0876431
10.5  1.5708  0.0628198  0.102394
10.5  1.60221  0.0393021  0.0402
10.5  1.63363  0.107821  0.0867734
10.5  1.66504  0.0591231  0.0982686
10.5  1.69646  0.0530516  0.0964896
10.5  1.72788  0.046822  0.0784035
10.5  1.75929  0.101314  0.0838612
10.5  1.79071  0.0538489  0.0557316
10.5  1.82212  0.0755034  0.108186
10.5  1.85354  0.16319  0.221093
10.5  1.88496  0.050564  0.0792126
10.5  1.91637  0.0685383  0.0926566
10.5  1.94779  0.0693968  0.0695475
10.5  1.9792  0.0802645  0.0923482
10.5  2.01062  0.0716788  0.142104
10.5  2.04204  0.0789468  0.0794954
10.5  2.07345  0.147068  0.0793126
10.5  2.10487  0.0707729  0.112167
10.5  2.13628  0.063742  0.108148
10.5  2.1677  0.1419  0.126915
10.5  2.19911  0.0625624  0.106162
10.5  2.23053  0.0713879  0.109324
10.5  2.26195  0.0681573  0.11331
10.5  2.29336  0.107906  0.109092
10.5  2.32478  0.120309  0.0923703
10.5  2.35619  0.0918349  0.121735
10.5  2.38761  0.0793211  0.138845
10.5  2.41903  0.17873  0.176672
10.5  2.45044  0.161281  0.108529
10.5  2.48186  0.134098  0.132735
10.5  2.51327  0.16643  0.130082
10.5  2.54469  0.127838  0.156076
10.5  2.57611  0.222832  0.220747
10.5  2.60752  0.217211  0.128155
10.5  2.63894  0.246541  2.2497
10.5  2.67035  0  0
10.5  2.70177  0  0
10.5  2.73319  0  0
10.5  2.7646  0  0
10.5  2.79602  0  0
10.5  2.82743  0  0
10.5  2.85885  0  0
10.5  2.89027  0  0
10.5  2.92168  0  0
10.5  2.9531  0  0
10.5  2.98451  0  0
10.5  3.01593  0  0
10.5  3.04734  0  0
10.5  3.07876  0  0
10.5  3.11018  0  0
10.625  0  0  0
10.625  0.0314159  0  0
10.625  0.0628319  0  0
10.625  0.0942478  0  0
10.625  0.125664  0  0
10.625  0.15708  0  0
10.625  0.188496  0  0
10.625  0.219911  0  0
10.625  0.251327  0  0
10.625  0.282743  0  0
10.625  0.314159  0  0
10.625  0.345575  0  0
10.625  0.376991  0  0
10.625  0.408407  0  0
10.625  0.439823  0  0
10.625  0.471239  0.262656  0.180836
10.625  0.502655  0.254852  0.139378
10.625  0.534071  0.200844  0.116796
10.625  0.565487  0.0739471  0.101161
10.625  0.596903  0.118555  0.0594932
10.625  0.628319  0.1449  0.102126
10.625  0.659734  0.0562169  0.105189
10.625  0.69115  0.24179  0.141278
10.625  0.722566  0.115205  0.120918
10.625  0.753982  0.0739752  0.0922194
10.625  0.785398  0.066378  0.0735134
10.625  0.816814  0.04833  0.0435289
10.625  0.84823  0.0671651  0.113093
10.625  0.879646  0.0565238  0.0565315
10.625  0.911062  0.0591224  0.052929
10.625  0.942478  0.0762664  0.114511
10.625  0.973894  0.117862  0.11897
10.625  1.00531  0.0695283  0.114048
10.625  1.03673  0.045603  0.037889
10.625  1.06814  0.0617964  0.10163
10.625  1.09956  0.0684642  0.114007
10.625  1.13097  0.0584589  0.0858021
10.625  1.16239  0.0465439  0.0509418
10.625  1.19381  0.0997463  0.10339
10.625  1.22522  0.0951959  0.103295
10.625  1.25664  0.115071  0.0866191
10.625  1.28805  0.169449  0.156378
10.625  1.31947  0.0530468  0.085591
10.625  1.35088  0.0490364  0.0516877
10.625  1.3823  0.100359  0.107149
10.625  1.41372  0.0934615  0.0916308
10.625  1.44513  0.0420067  0.0776216
10.625  1.47655  0.0786164  0.0973385
10.625  1.50796  0.0645272  0.104978
10.625  1.53938  0.213972  0.111275
10.625  1.5708  0.0499925  0.0534563
10.625  1.60221  0.0397916  0.0276824
10.625  1.63363  0.0569646  0.0993298
10.625  1.66504  0.0760613  0.0774833
10.625  1.69646  0.0700505  0.0741406
10.625  1.72788  0.0753341  0.111139
10.625  1.75929  0.128031  0.105354
10.625  1.79071  0.0674979  0.0739043
10.625  1.82212  0.0911087  0.0889668
10.625  1.85354  0.0620195  0.117631
10.625  1.88496  0.157871  0.0939583
10.625  1.91637  0.053226  0.0974702
10.625  1.94779  0.0897289  0.107017
10.625  1.9792  0.123262  0.169305
10.625  2.01062  0.0484424  0.0860887
10.625  2.04204  0.174268  0.0975056
10.625  2.07345  0.0653872  0.111397
10.625  2.10487  0.0726049  0.115608
10.625  2.13628  0.0844132  0.086701
10.625  2.1677  0.0633819  0.0612535
10.625  2.19911  0.0728945  0.108469
10.625  2.23053  0.0764722  0.130003
10.625  2.26195  0.169505  0.106366
10.625  2.29336  0.0731723  0.12383
10.625  2.32478  0.0753452  0.123661
10.625  2.35619  0.110411  0.14657
10.625  2.38761  0.122056  0.147346
10.625  2.41903  0.07746  0.098702
10.625  2.45044  0.17531  0.117175
10.625  2.48186  0.149859  0.109192
10.625  2.51327  0.235475  0.224688
10.625  2.54469  1.69843  1.69833
10.625  2.57611  0.089927  0.108525
10.625  2.60752  0.210591  0.144212
10.625  2.63894  0.0158874  0.11658
10.625  2.67035  0  0
10.625  2.70177  0  0
10.625  2.73319  0  0
10.625  2.7646  0  0
10.625  2.79602  0  0
10.625  2.82743  0  0
10.625  2.85885  0  0
10.625  2.89027  0  0
10.625  2.92168  0  0
10.625  2.9531  0  0
10.625  2.98451  0  0
10.625  3.01593  0  0
10.625  3.04734  0  0
10.625  3.07876  0  0
10.625  3.11018  0  0
10.75  0  0  0
10.75  0.0314159  0  0
10.75  0.0628319  0  0
10.75  0.0942478  0  0
10.75  0.125664  0  0
10.75  0.15708  0  0
10.75  0.188496  0  0
10.75  0.219911  0  0
10.75  0.251327  0  0
10.75  0.282743  0  0
10.75  0.314159  0  0
10.75  0.345575  0  0
10.75  0.376991  0  0
10.75  0.408407  0  0
10.75  0.439823  0.258759  1.70226
10.75  0.471239  0.144945  0.120004
10.75  0.502655  0.137013  0.159644
10.75  0.534071  0.16651  0.18187
10.75  0.565487  0.265658  0.14791
10.75  0.596903  0.237756  0.158249
10.75  0.628319  0.0627308  0.143386
10.75  0.659734  0.239117  0.119656
10.75  0.69115  0.181293  0.113946
10.75  0.722566  0.0538382  0.0600168
10.75  0.753982  0.0869091  0.131834
10.75  0.785398  0.0888669  0.116576
10.75  0.816814  0.0824843  0.11605
10.75  0.84823  0.12492  0.121524
10.75  0.879646  0.148884  0.153147
10.75  0.911062  0.0517566  0.0436745
10.75  0.942478  0.124007  0.0827379
10.75  0.973894  0.117553  0.0848682
10.75  1.00531  0.0524537  0.0552282
10.75  1.03673  0.0668389  0.0811344
10.75  1.06814  0.0625895  0.113431
10.75  1.09956  0.139472  0.082316
10.75  1.13097  0.0679942  0.102466
10.75  1.16239  0.0603356  0.105951
10.75  1.19381  0.0553577  0.0849332
10.75  1.22522  0.0517696  0.0964901
10.75  1.25664  0.0743754  0.111126
10.75  1.28805  0.0503438  0.0526081
10.75  1.31947  0.058453  0.0926229
10.75  1.35088  0.770078  0.746477
10.75  1.3823  0.0644477  0.091063
10.75  1.41372  0.162213  0.091748
10.75  1.44513  0.0729819  0.0900202
10.75  1.47655  0.0469025  0.0870065
10.75  1.50796  0.0577655  0.101673
10.75  1.53938  0.058253  0.0784051
10.75  1.5708  0.0805394  0.0828089
10.75  1.60221  0.0912941  0.0848385
10.75  1.63363  0.0730307  0.116887
10.75  1.66504  0.0468317  0.0488027
10.75  1.69646  0.048392  0.0909056
10.75  1.72788  0.15248  0.0883866
10.75  1.75929  0.0620717  0.102025
10.75  1.79071  0.0614534  0.0899552
10.75  1.82212  0.0658998  0.107039
10.75  1.85354  0.100277  0.0733591
10.75  1.88496  0.914626  0.647677
10.75  1.91637  0.165437  0.0829961
10.75  1.94779  0.0604485  0.103863
10.75  1.9792  0.13468  0.102306
10.75  2.01062  0.037181  0.0365349
10.75  2.04204  0.0613491  0.101475
10.75  2.07345  0.0728754  0.0917342
10.75  2.10487  0.126787  0.149161
10.75  2.13628  0.0442288  0.0455384
10.75  2.1677  0.0522508  0.0936931
10.75  2.19911  0.0474713  0.0496968
10.75  2.23053  0.0664083  0.0714055
10.75  2.26195  0.112929  0.163615
10.75  2.29336  0.0524522  0.0458659
10.75  2.32478  0.051218  0.0533455
10.75  2.35619  0.201194  0.170836
10.75  2.38761  0.146994  0.142338
10.75  2.41903  0.082048  0.0897389
10.75  2.45044  0.184787  0.183844
10.75  2.48186  0.176236  0.126624
10.75  2.51327  0.145614  0.145424
10.75  2.54469  0.223145  0.221396
10.75  2.57611  0.134263  0.11233
10.75  2.60752  0.186356  0.123071
10.75  2.63894  0.19251  0.104141
10.75  2.67035  0  0
10.75  2.70177  0  0
10.75  2.73319  0  0
10.75  2.7646  0  0
10.75  2.79602  0  0
10.75  2.82743  0  0
10.75  2.85885  0  0
10.75  2.89027  0  0
10.75  2.92168  0  0
10.75  2.9531  0  0
10.75  2.98451  0  0
10.75  3.01593  0  0
10.75  3.04734  0  0
10.75  3.07876  0  0
10.75  3.11018  0  0
10.875  0  0  0
10.875  0.0314159  0  0
10.875  0.0628319  0  0
10.875  0.0942478  0  0
10.875  0.125664  0  0
10.875  0.15708  0  0
10.875  0.188496  0  0
10.875  0.219911  0  0
10.875  0.251327  0  0
10.875  0.282743  0  0
10.875  0.314159  0  0
10.875  0.345575  0  0
10.875  0.376991  0  0
10.875  0.408407  0  0
10.875  0.439823  0.24651  2.25042
10.875  0.471239  0.237293  0.150144
10.875  0.502655  0.211193  0.106767
10.875  0.534071  0.190797  0.151766
10.875  0.565487  0.130191  0.104038
10.875  0.596903  0.0763267  0.0958843
10.875  0.628319  0.177435  0.175266
10.875  0.659734  0.132725  0.0982819
10.875  0.69115  0.0666502  0.114789
10.875  0.722566  0.105865  0.100165
10.875  0.753982  0.205647  0.204524
10.875  0.785398  0.0852404  0.142035
10.875  0.816814  0.0451273  0.0412982
10.875  0.84823  0.0614339  0.107698
10.875  0.879646  0.0731691  0.10829
10.875  0.911062  0.0917  0.0828549
10.875  0.942478  0.0916037  0.14354
10.875  0.973894  0.0701832  0.119844
10.875  1.00531  0.160295  0.150592
10.875  1.03673  0.0670105  0.0653974
10.875  1.06814  0.164002  0.133067
10.875  1.09956  0.0838606  0.0890965
10.875  1.13097  0.133601  0.0972249
10.875  1.16239  0.0717674  0.122285
10.875  1.19381  0.158632  0.0951226
10.875  1.22522  0.0514213  0.0970966
10.875  1.25664  0.0621232  0.0767227
10.875  1.28805  0.306003  0.26505
10.875  1.31947  0.0620273  0.091669
10.875  1.35088  0.0477071  0.0496958
10.875  1.3823  0.0895718  0.108511
10.875  1.41372  0.0813982  0.0892252
10.875  1.44513  0.0683309  0.107541
10.875  1.47655  0.0666765  0.0695862
10.875  1.50796  0.144199  0.0878504
10.875  1.53938  0.0672803  0.102299
10.875  1.5708  0.0724157  0.117643
10.875  1.60221  0.0555391  0.0984336
10.875  1.63363  0.0689489  0.0829962
10.875  1.66504  0.0804693  0.0774251
10.875  1.69646  0.0793975  0.116618
10.875  1.72788  0.0648021  0.103818
10.875  1.75929  0.102143  0.0510837
10.875  1.79071  0.0570603  0.0544623
10.875  1.82212  0.11456  0.134783
10.875  1.85354  0.0611009  0.0994184
10.875  1.88496  0.0728035  0.0831118
10.875  1.91637  0.0454209  0.0475733
10.875  1.94779  0.156299  0.151639
10.875  1.9792  0.0635041  0.103328
10.875  2.01062  0.0643773  0.105311
10.875  2.04204  0.0791308  0.0719468
10.875  2.07345  0.0770356  0.120163
10.875  2.10487  0.177395  0.176449
10.875  2.13628  0.0515997  0.0470707
10.875  2.1677  0.0757908  0.130333
10.875  2.19911  0.0525453  0.0959781
10.875  2.23053  0.0574913  0.0898038
10.875  2.26195  0.0721529  0.11695
10.875  2.29336  0.0603236  0.102231
10.875  2.32478  0.0737911  0.125425
10.875  2.35619  0.0595449  0.109827
10.875  2.38761  0.0905222  0.126392
10.875  2.41903  0.0994492  0.103264
10.875  2.45044  0.126452  0.104916
10.875  2.48186  0.0996594  0.120244
10.875  2.51327  0.184775  0.107519
10.875  2.54469  0.270122  0.262879
10.875  2.57611  0.172228  0.104248
10.875  2.60752  0.136284  0.107253
10.875  2.63894  0.138798  0.082089
10.875  2.67035  0  0
10.875  2.70177  0  0
10.875  2.73319  0  0
10.875  2.7646  0  0
10.875  2.79602  0  0
10.875  2.82743  0  0
10.875  2.85885  0  0
10.875  2.89027  0  0
10.875  2.92168  0  0
10.875  2.9531  0  0
10.875  2.98451  0  0
10.875  3.01593  0  0
10.875  3.04734  0  0
10.875  3.07876  0  0
10.875  3.11018  0  0
11  0  0  0
11  0.0314159  0  0
11  0.0628319  0  0
11  0.0942478  0  0
11  0.125664  0  0
11  0.15708  0  0
11  0.188496  0  0
11  0.219911  0  0
11  0.251327  0  0
11  0.282743  0  0
11  0.314159  0  0
11  0.345575  0  0
11  0.376991  0  0
11  0.408407  0  0
11  0.439823  0.0171095  0.125547
11  0.471239  0.254769  0.233179
11  0.502655  0.190096  0.113585
11  0.534071  0.087822  0.155995
11  0.565487  0.185707  0.187699
11  0.596903  0.166924  0.165828
11  0.628319  0.119099  0.162809
11  0.659734  0.192853  0.109167
11  0.69115  0.153712  0.113391
11  0.722566  0.172671  0.103373
11  0.753982  0.183584  0.0917952
11  0.785398  0.0727956  0.114271
11  0.816814  0.0715116  0.120655
11  0.84823  0.0639046  0.116314
11  0.879646  0.0506949  0.0499715
11  0.911062  0.0974275  0.108798
11  0.942478  0.107598  0.117254
11  0.973894  0.0618539  0.101895
11  1.00531  0.0733068  0.10582
11  1.03673  0.0777002  0.120012
11  1.06814  0.0606677  0.100449
11  1.09956  0.0551125  0.0995197
11  1.13097  0.0600403  0.100309
11  1.16239  0.129371  0.0861299
11  1.19381  0.166003  0.15123
11  1.22522  0.0835563  0.101156
11  1.25664  0.115173  0.0891522
11  1.28805  0.0706837  0.0927116
11  1.31947  0.0856968  0.102921
11  1.35088  0.079448  0.0935473
11  1.3823  0.170836  0.15713
11  1.41372  0.100706  0.112679
11  1.44513  0.0828244  0.0947203
11  1.47655  0.126934  0.135476
11  1.50796  0.0887873  0.0951123
11  1.53938  0.0597811  0.105924
11  1.5708  0.0896293  0.491202
11  1.60221  0.0645244  0.115083
11  1.63363  0.0627482  0.0898109
11  1.66504  0.322424  0.610845
11  1.69646  0.47571  0.474403
11  1.72788  0.0832211  0.0886314
11  1.75929  0.0562398  0.0994422
11  1.79071  0.159173  0.153994
11  1.82212  0.161515  0.0991765
11  1.85354  0.0793147  0.136772
11  1.88496  0.0856594  0.10279
11  1.91637  0.108983  0.122971
11  1.94779  0.07552  0.0712864
11  1.9792  0.075403  0.0881847
11  2.01062  0.0571848  0.0750644
11  2.04204  0.0554197  0.0598329
11  2.07345  0.0488933  0.0390741
11  2.10487  0.0578564  0.0608543
11  2.13628  0.0762092  0.0968872
11  2.1677  0.0555251  0.101143
11  2.19911  0.138591  0.0936675
11  2.23053  0.0606786  0.112674
11  2.26195  0.0787539  0.122756
11  2.29336  0.189927  0.133694
11  2.32478  0.175814  0.157193
11  2.35619  0.0638603  0.115693
11  2.38761  0.0752328  0.130417
11  2.41903  0.189841  0.189837
11  2.45044  0.140763  0.104625
11  2.48186  0.0556289  0.0616169
11  2.51327  0.213469  0.11786
11  2.54469  0.205774  0.204289
11  2.57611  0.0657239  0.110407
11  2.60752  0.192231  0.204109
11  2.63894  0.312573  0.168244
11  2.67035  0.0254897  0.18704
11  2.70177  0  0
11  2.73319  0  0
11  2.7646  0  0
11  2.79602  0  0
11  2.82743  0  0
11  2.85885  0  0
11  2.89027  0  0
11  2.92168  0  0
11  2.9531  0  0
11  2.98451  0  0
11  3.01593  0  0
11  3.04734  0  0
11  3.07876  0  0
11  3.11018  0  0
11.125  0  0  0
11.125  0.0314159  0  0
11.125  0.0628319  0  0
11.125  0.0942478  0  0
11.125  0.125664  0  0
11.125  0.15708  0  0
11.125  0.188496  0  0
11.125  0.219911  0  0
11.125  0.251327  0  0
11.125  0.282743  0  0
11.125  0.314159  0  0
11.125  0.345575  0  0
11.125  0.376991  0  0
11.125  0.408407  0.258759  1.70226
11.125  0.439823  0.286157  0.266328
11.125  0.471239  0.222966  0.221476
11.125  0.502655  0.245463  0.173256
11.125  0.534071  0.201804  0.139443
11.125  0.565487  0.0655368  0.10925
11.125  0.596903  0.124288  0.128824
11.125  0.628319  0.208033  0.198774
11.125  0.659734  0.148737  0.169344
11.125  0.69115  0.0964802  0.104226
11.125  0.722566  0.0632242  0.110705
11.125  0.753982  0.0983126  0.0803828
11.125  0.785398  0.132934  0.113425
11.125  0.816814  0.0622641  0.0571325
11.125  0.84823  0.0523548  0.050229
11.125  0.879646  0.148527  0.0763479
11.125  0.911062  0.0602372  0.103487
11.125  0.942478  0.0818721  0.124147
11.125  0.973894  0.0618293  0.105735
11.125  1.00531  0.0604956  0.110568
11.125  1.03673  0.0472735  0.0542392
11.125  1.06814  0.0843544  0.0733864
11.125  1.09956  0.0678873  0.117852
11.125  1.13097  0.128164  0.064697
11.125  1.16239  0.13837  0.132123
11.125  1.19381  0.0499643  0.0510626
11.125  1.22522  0.118082  0.124283
11.125  1.25664  0.044151  0.0404927
11.125  1.28805  0.0573684  0.104878
11.125  1.31947  0.127677  0.142403
11.125  1.35088  0.15649  0.0959868
11.125  1.3823  0.0582875  0.0796565
11.125  1.41372  0.0726936  0.115367
11.125  1.44513  0.0625812  0.100349
11.125  1.47655  0.169379  0.144641
11.125  1.50796  0.0844634  0.0804641
11.125  1.53938  0.0603878  0.102332
11.125  1.5708  0.0431895  0.0452952
11.125  1.60221  0.13136  0.0773583
11.125  1.63363  0.0530858  0.0938178
11.125  1.66504  0.059043  0.107247
11.125  1.69646  0.122319  0.110656
11.125  1.72788  0.157811  0.0959935
11.125  1.75929  0.062619  0.0771836
11.125  1.79071  0.0520872  0.097035
11.125  1.82212  0.104714  0.091462
11.125  1.85354  0.0789924  0.0793135
11.125  1.88496  0.0861272  0.114849
11.125  1.91637  0.112614  0.126037
11.125  1.94779  0.133392  0.101038
11.125  1.9792  0.100632  0.113023
11.125  2.01062  0.0545503  0.0915411
11.125  2.04204  0.0421977  0.0445633
11.125  2.07345  0.0649603  0.110813
11.125  2.10487  0.0724978  0.124789
11.125  2.13628  0.051071  0.045284
11.125  2.1677  0.0971382  0.0887719
11.125  2.19911  0.0589102  0.103745
11.125  2.23053  0.0730695  0.106094
11.125  2.26195  0.111501  0.13805
11.125  2.29336  0.165343  0.163945
11.125  2.32478  0.0825065  0.10764
11.125  2.35619  0.0582706  0.116375
11.125  2.38761  0.110173  0.107528
11.125  2.41903  0.248301  0.24268
11.125  2.45044  0.099302  0.138084
11.125  2.48186  0.174149  0.10007
11.125  2.51327  0.0649429  0.12248
11.125  2.54469  0.138897  0.0992763
11.125  2.57611  0.158995  0.15561
11.125  2.60752  0.175024  0.173575
11.125  2.63894  0.161641  0.201881
11.125  2.67035  0.167462  0.147875
11.125  2.70177  0  0
11.125  2.73319  0  0
11.125  2.7646  0  0
11.125  2.79602  0  0
11.125  2.82743  0  0
11.125  2.85885  0  0
11.125  2.89027  0  0
11.125  2.92168  0  0
11.125  2.9531  0  0
11.125  2.98451  0  0
11.125  3.01593  0  0
11.125  3.04734  0  0
11.125  3.07876  0  0
11.125  3.11018  0  0
11.25  0  0  0
11.25  0.0314159  0  0
11.25  0.0628319  0  0
11.25  0.0942478  0  0
11.25  0.125664  0  0
11.25  0.15708  0  0
11.25  0.188496  0  0
11.25  0.219911  0  0
11.25  0.251327  0  0
11.25  0.282743  0  0
11.25  0.314159  0  0
11.25  0.345575  0  0
11.25  0.376991  0  0
11.25  0.408407  0  0
11.25  0.439823  0.21758  0.109388
11.25  0.471239  0.201497  0.201041
11.25  0.502655  0.101696  0.134511
11.25  0.534071  0.228617  0.138265
11.25  0.565487  0.0969613  0.121279
11.25  0.596903  0.166574  0.0877628
11.25  0.628319  0.197231  0.0986209
11.25  0.659734  0.0786892  0.126704
11.25  0.69115  0.124952  0.144684
11.25  0.722566  0.086316  0.109929
11.25  0.753982  0.0792068  0.0890409
11.25  0.785398  0.0789912  0.124427
11.25  0.816814  0.0556627  0.0509732
11.25  0.84823  0.169321  0.102463
11.25  0.879646  0.138848  0.0789218
11.25  0.911062  0.171525  0.155427
11.25  0.942478  0.052315  0.056057
11.25  0.973894  0.0473656  0.0466101
11.25  1.00531  0.0524158  0.0489557
11.25  1.03673  0.112142  0.0998942
11.25  1.06814  0.0601581  0.0886613
11.25  1.09956  0.0395163  0.0265925
11.25  1.13097  0.0752292  0.117995
11.25  1.16239  0.0704521  0.110848
11.25  1.19381  0.0476299  0.0896197
11.25  1.22522  0.0595837  0.103165
11.25  1.25664  1.06185  1.03152
11.25  1.28805  0.0873966  0.0989728
11.25  1.31947  0.0775543  0.0969472
11.25  1.35088  0.0829657  0.120007
11.25  1.3823  0.147431  0.0908775
11.25  1.41372  0.0456188  0.0418317
11.25  1.44513  0.0504347  0.100068
11.25  1.47655  0.0479155  0.0869125
11.25  1.50796  0.0537381  0.0917487
11.25  1.53938  0.139773  0.0872033
11.25  1.5708  0.0847659  0.0937523
11.25  1.60221  0.0751309  0.0984968
11.25  1.63363  0.0649193  0.10021
11.25  1.66504  0.0722286  0.104696
11.25  1.69646  0.0356623  0.0330445
11.25  1.72788  0.142763  0.087316
11.25  1.75929  0.0580712  0.0780909
11.25  1.79071  0.116711  0.100118
11.25  1.82212  0.0815939  0.0952235
11.25  1.85354  0.0895573  0.0799956
11.25  1.88496  0.0541851  0.0570937
11.25  1.91637  0.0566226  0.0914646
11.25  1.94779  0.13565  0.0688588
11.25  1.9792  0.0587838  0.106873
11.25  2.01062  0.133001  0.0833558
11.25  2.04204  0.0621135  0.111527
11.25  2.07345  0.18108  0.168333
11.25  2.10487  0.0695334  0.096014
11.25  2.13628  0.0739035  0.124766
11.25  2.1677  0.0531716  0.0963651
11.25  2.19911  0.0783544  0.0773051
11.25  2.23053  0.0522029  0.0963254
11.25  2.26195  0.0594764  0.0622481
11.25  2.29336  0.141478  0.152127
11.25  2.32478  0.0472135  0.0516794
11.25  2.35619  0.0820336  0.1002
11.25  2.38761  0.0494756  0.0906041
11.25  2.41903  0.0653417  0.12046
11.25  2.45044  0.113159  0.129455
11.25  2.48186  0.0777542  0.121003
11.25  2.51327  0.08356  0.124871
11.25  2.54469  0.137798  0.16684
11.25  2.57611  0.0791765  0.127939
11.25  2.60752  0.121662  0.12802
11.25  2.63894  0.208575  0.198258
11.25  2.67035  0.219017  0.126467
11.25  2.70177  0.258759  1.70226
11.25  2.73319  0  0
11.25  2.7646  0  0
11.25  2.79602  0  0
11.25  2.82743  0  0
11.25  2.85885  0  0
11.25  2.89027  0  0
11.25  2.92168  0  0
11.25  2.9531  0  0
11.25  2.98451  0  0
11.25  3.01593  0  0
11.25  3.04734  0  0
11.25  3.07876  0  0
11.25  3.11018  0  0
11.375  0  0  0
11.375  0.0314159  0  0
11.375  0.0628319  0  0
11.375  0.0942478  0  0
11.375  0.125664  0  0
11.375  0.15708  0  0
11.375  0.188496  0  0
11.375  0.219911  0  0
11.375  0.251327  0  0
11.375  0.282743  0  0
11.375  0.314159  0  0
11.375  0.345575  0  0
11.375  0.376991  0  0
11.375  0.408407  0  0
11.375  0.439823  0.243371  0.126674
11.375  0.471239  0.136758  0.187067
11.375  0.502655  0.0807687  0.101428
11.375  0.534071  0.194699  0.162147
11.375  0.565487  0.0758042  0.107461
11.375  0.596903  0.103271  0.119179
11.375  0.628319  0.0852395  0.0899767
11.375  0.659734  0.180144  0.16973
11.375  0.69115  0.158141  0.0862162
11.375  0.722566  0.0677442  0.0979828
11.375  0.753982  0.116831  0.111977
11.375  0.785398  0.0649007  0.120686
11.375  0.816814  0.132101  0.123565
11.375  0.84823  0.0578114  0.0523973
11.375  0.879646  0.0737917  0.123033
11.375  0.911062  0.1007  0.0838138
11.375  0.942478  0.0680766  0.117505
11.375  0.973894  0.158018  0.0920695
11.375  1.00531  0.0707468  0.116562
11.375  1.03673  0.0482526  0.0520544
11.375  1.06814  0.0654718  0.104209
11.375  1.09956  0.103354  0.111501
11.375  1.13097  0.166821  0.16208
11.375  1.16239  0.0655069  0.0938317
11.375  1.19381  0.0792592  0.0968093
11.375  1.22522  0.168125  0.166536
11.375  1.25664  0.1628  0.146406
11.375  1.28805  0.160448  0.0919261
11.375  1.31947  0.0576124  0.091665
11.375  1.35088  0.113048  0.115455
11.375  1.3823  0.0657044  0.0913389
11.375  1.41372  0.0609529  0.0971359
11.375  1.44513  0.15249  0.133876
11.375  1.47655  0.0834105  0.0867122
11.375  1.50796  0.0343948  0.0286156
11.375  1.53938  0.0717447  0.0824061
11.375  1.5708  0.147382  0.09687
11.375  1.60221  0.0771154  0.100948
11.375  1.63363  0.0761492  0.0795619
11.375  1.66504  0.139737  0.124798
11.375  1.69646  0.150358  0.0794014
11.375  1.72788  0.0573274  0.0877409
11.375  1.75929  0.0537355  0.0991154
11.375  1.79071  0.140433  0.139021
11.375  1.82212  0.311473  0.188155
11.375  1.85354  0.0547976  0.0967719
11.375  1.88496  0.158974  0.131444
11.375  1.91637  0.0779668  0.11129
11.375  1.94779  0.0773692  0.0858074
11.375  1.9792  0.129904  0.144411
11.375  2.01062  0.0492029  0.0430915
11.375  2.04204  0.0592194  0.108652
11.375  2.07345  0.0428694  0.0399458
11.375  2.10487  0.112335  0.115826
11.375  2.13628  0.0711678  0.112622
11.375  2.1677  0.0444123  0.0794772
11.375  2.19911  0.0484368  0.0536787
11.375  2.23053  0.0650139  0.107829
11.375  2.26195  0.082834  0.0891356
11.375  2.29336  0.0807936  0.12434
11.375  2.32478  0.0819823  0.119788
11.375  2.35619  0.0626772  0.105575
11.375  2.38761  0.182779  0.108369
11.375  2.41903  0.0990992  0.100458
11.375  2.45044  0.0628735  0.0739904
11.375  2.48186  0.0564133  0.0705289
11.375  2.51327  0.14449  0.139232
11.375  2.54469  0.183621  0.176162
11.375  2.57611  0.32877  0.283183
11.375  2.60752  0.162807  0.113187
11.375  2.63894  0.0934416  0.144456
11.375  2.67035  0.218601  0.207909
11.375  2.70177  0  0
11.375  2.73319  0  0
11.375  2.7646  0  0
11.375  2.79602  0  0
11.375  2.82743  0  0
11.375  2.85885  0  0
11.375  2.89027  0  0
11.375  2.92168  0  0
11.375  2.9531  0  0
11.375  2.98451  0  0
11.375  3.01593  0  0
11.375  3.04734  0  0
11.375  3.07876  0  0
11.375  3.11018  0  0
11.5  0  0  0
11.5  0.0314159  0  0
11.5  0.0628319  0  0
11.5  0.0942478  0  0
11.5  0.125664  0  0
11.5  0.15708  0  0
11.5  0.188496  0  0
11.5  0.219911  0  0
11.5  0.251327  0  0
11.5  0.282743  0  0
11.5  0.314159  0  0
11.5  0.345575  0  0
11.5  0.376991  0  0
11.5  0.408407  0  0
11.5  0.439823  0.1902  0.120512
11.5  0.471239  0.212004  0.145578
11.5  0.502655  0.15554  0.0884477
11.5  0.534071  0.180746  0.0907308
11.5  0.565487  0.175049  0.159729
11.5  0.596903  0.124784  0.112561
11.5  0.628319  0.161147  0.0837386
11.5  0.659734  0.141662  0.152148
11.5  0.69115  0.156492  0.133279
11.5  0.722566  0.24194  0.129598
11.5  0.753982  0.164085  0.138922
11.5  0.785398  0.0674461  0.103808
11.5  0.816814  0.0486715  0.0935048
11.5  0.84823  0.0948561  0.103076
11.5  0.879646  0.0758126  0.105751
11.5  0.911062  0.0926104  0.123018
11.5  0.942478  0.0615226  0.108003
11.5  0.973894  0.073828  0.111615
11.5  1.00531  0.0497121  0.049927
11.5  1.03673  0.0827336  0.117993
11.5  1.06814  0.0589194  0.101854
11.5  1.09956  0.0723322  0.0935696
11.5  1.13097  0.0442108  0.0524514
11.5  1.16239  0.0579457  0.107683
11.5  1.19381  0.0758086  0.119606
11.5  1.22522  0.116619  0.110568
11.5  1.25664  0.0352226  0.0372272
11.5  1.28805  0.119721  0.0621126
11.5  1.31947  0.069689  0.0809867
11.5  1.35088  1.29523  0.660478
11.5  1.3823  0.0428989  0.034371
11.5  1.41372  0.0449952  0.0511085
11.5  1.44513  0.148512  0.0845898
11.5  1.47655  0.120978  0.0830435
11.5  1.50796  0.0570055  0.093786
11.5  1.53938  0.0580883  0.093654
11.5  1.5708  0.0983863  0.118504
11.5  1.60221  0.0973708  0.0847338
11.5  1.63363  0.0596275  0.0965922
11.5  1.66504  0.140126  0.0843289
11.5  1.69646  0.447235  0.604257
11.5  1.72788  0.241341  0.180122
11.5  1.75929  0.244912  0.17001
11.5  1.79071  0.0773996  0.0989311
11.5  1.82212  0.0413532  0.0379253
11.5  1.85354  0.190167  0.155737
11.5  1.88496  0.079126  0.121344
11.5  1.91637  0.10545  0.125757
11.5  1.94779  0.0475894  0.049858
11.5  1.9792  0.137551  0.114929
11.5  2.01062  0.0744837  0.115913
11.5  2.04204  0.0850007  0.0884235
11.5  2.07345  0.0720973  0.100988
11.5  2.10487  0.0882951  0.0943134
11.5  2.13628  0.0781466  0.104664
11.5  2.1677  0.0698221  0.119422
11.5  2.19911  0.0540837  0.059274
11.5  2.23053  0.0694364  0.103481
11.5  2.26195  0.052532  0.0973779
11.5  2.29336  0.0932342  0.127488
11.5  2.32478  0.0814074  0.0974644
11.5  2.35619  0.0902835  0.103186
11.5  2.38761  0.109782  0.121649
11.5  2.41903  0.191198  0.191196
11.5  2.45044  0.075673  0.130492
11.5  2.48186  0.101407  0.11866
11.5  2.51327  0.200044  0.107756
11.5  2.54469  0.23841  0.151874
11.5  2.57611  0.0600536  0.0789123
11.5  2.60752  0.226903  0.213406
11.5  2.63894  0.307646  0.274096
11.5  2.67035  0.251772  0.24495
11.5  2.70177  0  0
11.5  2.73319  0  0
11.5  2.7646  0  0
11.5  2.79602  0  0
11.5  2.82743  0  0
11.5  2.85885  0  0
11.5  2.89027  0  0
11.5  2.92168  0  0
11.5  2.9531  0  0
11.5  2.98451  0  0
11.5  3.01593  0  0
11.5  3.04734  0  0
11.5  3.07876  0  0
11.5  3.11018  0  0
11.625  0  0  0
11.625  0.0314159  0  0
11.625  0.0628319  0  0
11.625  0.0942478  0  0
11.625  0.125664  0  0
11.625  0.15708  0  0
11.625  0.188496  0  0
11.625  0.219911  0  0
11.625  0.251327  0  0
11.625  0.282743  0  0
11.625  0.314159  0  0
11.625  0.345575  0  0
11.625  0.376991  0  0
11.625  0.408407  0.258759  1.70226
11.625  0.439823  0.286702  0.283398
11.625  0.471239  0.165276  0.1136
11.625  0.502655  0.323846  0.314886
11.625  0.534071  0.056817  0.115574
11.625  0.565487  0.0878481  0.096769
11.625  0.596903  0.17783  0.177611
11.625  0.628319  0.0777813  0.0797907
11.625  0.659734  0.197453  0.163903
11.625  0.69115  0.0432236  0.0443248
11.625  0.722566  0.0625947  0.0944519
11.625  0.753982  0.130642  0.117845
11.625  0.785398  0.183956  0.0928386
11.625  0.816814  0.180818  0.105525
11.625  0.84823  0.0815654  0.130233
11.625  0.879646  0.103467  0.0980936
11.625  0.911062  0.0601405  0.0610053
11.625  0.942478  0.061015  0.106795
11.625  0.973894  0.0467905  0.0451388
11.625  1.00531  0.128171  0.0829608
11.625  1.03673  0.0697662  0.116009
11.625  1.06814  0.161203  0.129293
11.625  1.09956  0.0515411  0.0611038
11.625  1.13097  0.0570894  0.0889599
11.625  1.16239  0.0594357  0.104621
11.625  1.19381  0.0728715  0.100829
11.625  1.22522  0.0455931  0.0511325
11.625  1.25664  0.0621455  0.107037
11.625  1.28805  0.0544587  0.110054
11.625  1.31947  0.122869  0.0771456
11.625  1.35088  0.0646042  0.114091
11.625  1.3823  0.0396177  0.036737
11.625  1.41372  0.113201  0.12659
11.625  1.44513  0.0707954  0.0910244
11.625  1.47655  0.0694433  0.109051
11.625  1.50796  0.154284  0.154264
11.625  1.53938  0.0494798  0.0917171
11.625  1.5708  0.0983659  0.0817479
11.625  1.60221  0.0642357  0.0717583
11.625  1.63363  0.0503313  0.0543865
11.625  1.66504  0.140032  0.0801684
11.625  1.69646  0.0681711  0.102834
11.625  1.72788  0.0746579  0.0971027
11.625  1.75929  0.0512039  0.0542073
11.625  1.79071  0.0586687  0.1092
11.625  1.82212  0.0702744  0.111482
11.625  1.85354  0.0869985  0.0747327
11.625  1.88496  0.114224  0.0801077
11.625  1.91637  0.0463974  0.0919962
11.625  1.94779  0.0599896  0.108169
11.625  1.9792  0.0602264  0.106027
11.625  2.01062  0.102615  0.103627
11.625  2.04204  0.0857259  0.11199
11.625  2.07345  0.0665197  0.108024
11.625  2.10487  0.0591265  0.10743
11.625  2.13628  0.0494239  0.0536957
11.625  2.1677  0.147167  0.075771
11.625  2.19911  0.0719253  0.121671
11.625  2.23053  0.0622807  0.110881
11.625  2.26195  0.139729  0.0700715
11.625  2.29336  0.0896504  0.0917004
11.625  2.32478  0.1053  0.112797
11.625  2.35619  0.0761308  0.112018
11.625  2.38761  0.0649738  0.127228
11.625  2.41903  0.0597732  0.112643
11.625  2.45044  0.19178  0.115897
11.625  2.48186  0.0777775  0.0956401
11.625  2.51327  0.156  0.146019
11.625  2.54469  0.224096  0.120691
11.625  2.57611  0.225805  0.164242
11.625  2.60752  0.222653  0.13762
11.625  2.63894  0.224608  0.116814
11.625  2.67035  0.196189  0.150331
11.625  2.70177  0.0134432  0.0986443
11.625  2.73319  0.258759  1.70226
11.625  2.7646  0  0
11.625  2.79602  0  0
11.625  2.82743  0  0
11.625  2.85885  0  0
11.625  2.89027  0  0
11.625  2.92168  0  0
11.625  2.9531  0  0
11.625  2.98451  0  0
11.625  3.01593  0  0
11.625  3.04734  0  0
11.625  3.07876  0  0
11.625  3.11018  0  0
11.75  0  0  0
11.75  0.0314159  0  0
11.75  0.0628319  0  0
11.75  0.0942478  0  0
11.75  0.125664  0  0
11.75  0.15708  0  0
11.75  0.188496  0  0
11.75  0.219911  0  0
11.75  0.251327  0  0
11.75  0.282743  0  0
11.75  0.314159  0  0
11.75  0.345575  0  0
11.75  0.376991  0  0
11.75  0.408407  0.256749  0.142709
11.75  0.439823  0.059751  0.0729665
11.75  0.471239  0.0935226  0.143882
11.75  0.502655  0.190279  0.126417
11.75  0.534071  0.153843  0.124878
11.75  0.565487  0.140862  0.134113
11.75  0.596903  0.0793121  0.124872
11.75  0.628319  0.151708  0.164827
11.75  0.659734  0.128504  0.0931834
11.75  0.69115  0.0583139  0.100134
11.75  0.722566  0.140862  0.111689
11.75  0.753982  0.0528194  0.0518822
11.75  0.785398  0.129102  0.131332
11.75  0.816814  0.0567519  0.0968294
11.75  0.84823  0.0719901  0.104787
11.75  0.879646  0.139624  0.0873589
11.75  0.911062  0.0688439  0.119261
11.75  0.942478  0.155995  0.0842791
11.75  0.973894  0.14417  0.131411
11.75  1.00531  0.0970655  0.140744
11.75  1.03673  0.0946849  0.0968381
11.75  1.06814  0.0648403  0.113566
11.75  1.09956  0.07509  0.0760784
11.75  1.13097  0.0513922  0.0956717
11.75  1.16239  0.120817  0.090183
11.75  1.19381  0.0991124  0.10028
11.75  1.22522  0.068376  0.10916
11.75  1.25664  0.0659904  0.0866583
11.75  1.28805  0.0434967  0.0588146
11.75  1.31947  0.0539991  0.100519
11.75  1.35088  0.0491642  0.0960136
11.75  1.3823  0.0680435  0.120354
11.75  1.41372  0.0501513  0.090259
11.75  1.44513  0.116099  0.112574
11.75  1.47655  0.065382  0.114167
11.75  1.50796  0.0663946  0.10075
11.75  1.53938  0.0632754  0.115867
11.75  1.5708  0.0509499  0.0925497
11.75  1.60221  0.0502031  0.0554673
11.75  1.63363  0.0497997  0.0506238
11.75  1.66504  0.0524336  0.0593223
11.75  1.69646  0.147952  0.1131
11.75  1.72788  0.0777948  0.202261
11.75  1.75929  0.0558023  0.104187
11.75  1.79071  0.0779088  0.0807422
11.75  1.82212  0.0633599  0.108497
11.75  1.85354  0.0497772  0.0891446
11.75  1.88496  0.595983  0.334588
11.75  1.91637  0.123775  0.123999
11.75  1.94779  0.0629283  0.100964
11.75  1.9792  0.0468738  0.0432218
11.75  2.01062  0.0610305  0.100249
11.75  2.04204  0.0803081  0.118317
11.75  2.07345  0.0970327  0.119864
11.75  2.10487  0.146424  0.129362
11.75  2.13628  0.0748758  0.123703
11.75  2.1677  0.0716477  0.117131
11.75  2.19911  0.166019  0.164738
11.75  2.23053  0.0522012  0.0950419
11.75  2.26195  0.172538  0.170486
11.75  2.29336  0.0633826  0.112671
11.75  2.32478  0.0946669  0.0882919
11.75  2.35619  0.102485  0.107935
11.75  2.38761  0.0492169  0.0562109
11.75  2.41903  0.115358  0.123744
11.75  2.45044  0.0738015  0.0942857
11.75  2.48186  0.0971209  0.0834994
11.75  2.51327  0.214692  0.214302
11.75  2.54469  0.176014  0.127656
11.75  2.57611  0.0553428  0.0843551
11.75  2.60752  0.228635  0.219068
11.75  2.63894  0.192177  0.107815
11.75  2.67035  0.211255  0.123184
11.75  2.70177  0.222132  0.186341
11.75  2.73319  0  0
11.75  2.7646  0  0
11.75  2.79602  0  0
11.75  2.82743  0  0
11.75  2.85885  0  0
11.75  2.89027  0  0
11.75  2.92168  0  0
11.75  2.9531  0  0
11.75  2.98451  0  0
11.75  3.01593  0  0
11.75  3.04734  0  0
11.75  3.07876  0  0
11.75  3.11018  0  0
11.875  0  0  0
11.875  0.0314159  0  0
11.875  0.0628319  0  0
11.875  0.0942478  0  0
11.875  0.125664  0  0
11.875  0.15708  0  0
11.875  0.188496  0  0
11.875  0.219911  0  0
11.875  0.251327  0  0
11.875  0.282743  0  0
11.875  0.314159  0  0
11.875  0.345575  0  0
11.875  0.376991  0.258759  1.70226
11.875  0.408407  0.149409  0.0823234
11.875  0.439823  0.241477  0.139349
11.875  0.471239  0.108893  0.151241
11.875  0.502655  0.084188  0.13219
11.875  0.534071  0.137259  0.115148
11.875  0.565487  0.134158  0.0983562
11.875  0.596903  0.0802641  0.121985
11.875  0.628319  0.194639  0.109216
11.875  0.659734  0.122399  0.0943038
11.875  0.69115  0.0786162  0.118798
11.875  0.722566  0.139095  1.87431
11.875  0.753982  0.0721938  0.119669
11.875  0.785398  0.0493553  0.0396988
11.875  0.816814  0.0751437  0.120062
11.875  0.84823  0.0699072  0.116627
11.875  0.879646  0.152455  0.14084
11.875  0.911062  0.0556109  0.0616208
11.875  0.942478  0.0708673  0.1191
11.875  0.973894  0.0677683  0.106076
11.875  1.00531  0.0837495  0.0913362
11.875  1.03673  0.045233  0.0500633
11.875  1.06814  0.0892362  0.115873
11.875  1.09956  0.0961401  0.133778
11.875  1.13097  0.151329  0.0963104
11.875  1.16239  0.136401  0.135973
11.875  1.19381  0.0481365  0.0486571
11.875  1.22522  0.0865329  0.0833483
11.875  1.25664  0.0740124  0.0710512
11.875  1.28805  0.118439  0.0829277
11.875  1.31947  0.119653  0.0811013
11.875  1.35088  0.0529202  0.0868063
11.875  1.3823  0.0594621  0.101756
11.875  1.41372  0.139041  0.0739216
11.875  1.44513  0.131488  0.09199
11.875  1.47655  0.146295  0.115346
11.875  1.50796  0.048146  0.0860479
11.875  1.53938  0.050826  0.0984326
11.875  1.5708  0.0411421  0.0392374
11.875  1.60221  0.0609037  0.0971869
11.875  1.63363  0.128597  0.105337
11.875  1.66504  0.0433678  0.0372463
11.875  1.69646  0.075414  0.077878
11.875  1.72788  0.0562558  0.0961175
11.875  1.75929  0.0845652  0.0831959
11.875  1.79071  0.0824414  0.0801424
11.875  1.82212  0.101996  0.115597
11.875  1.85354  0.961154  0.677237
11.875  1.88496  0.0633106  0.10795
11.875  1.91637  0.0652736  0.0981605
11.875  1.94779  0.0420637  0.0342503
11.875  1.9792  0.0767922  0.103602
11.875  2.01062  0.0703898  0.10632
11.875  2.04204  0.0677096  0.098207
11.875  2.07345  0.055302  0.0574897
11.875  2.10487  0.150715  0.0754437
11.875  2.13628  0.0769057  0.0980175
11.875  2.1677  0.155779  0.145926
11.875  2.19911  0.0646907  0.112711
11.875  2.23053  0.0589686  0.0505473
11.875  2.26195  0.0723682  0.110406
11.875  2.29336  0.0702152  0.121267
11.875  2.32478  0.0580366  0.0609752
11.875  2.35619  0.0738881  0.124964
11.875  2.38761  0.0744149  0.0851182
11.875  2.41903  0.0896893  0.110291
11.875  2.45044  0.153005  0.15297
11.875  2.48186  0.0909914  0.0919532
11.875  2.51327  0.152584  0.164041
11.875  2.54469  0.0495197  0.105534
11.875  2.57611  0.170468  0.138746
11.875  2.60752  0.151651  0.123979
11.875  2.63894  0.153495  0.0783358
11.875  2.67035  0.235083  0.216049
11.875  2.70177  0.286429  0.162546
11.875  2.73319  0.258759  1.70226
11.875  2.7646  0  0
11.875  2.79602  0  0
11.875  2.82743  0  0
11.875  2.85885  0  0
11.875  2.89027  0  0
11.875  2.92168  0  0
11.875  2.9531  0  0
11.875  2.98451  0  0
11.875  3.01593  0  0
11.875  3.04734  0  0
11.875  3.07876  0  0
11.875  3.11018  0  0
12  0  0  0
12  0.0314159  0  0
12  0.0628319  0  0
12  0.0942478  0  0
12  0.125664  0  0
12  0.15708  0  0
12  0.188496  0  0
12  0.219911  0  0
12  0.251327  0  0
12  0.282743  0  0
12  0.314159  0  0
12  0.345575  0  0
12  0.376991  0.258759  1.70226
12  0.408407  0.275324  0.153405
12  0.439823  0.19206  0.16687
12  0.471239  0.235575  0.117829
12  0.502655  0.10428  0.136567
12  0.534071  0.0565204  0.108315
12  0.565487  0.204014  0.12503
12  0.596903  0.223596  0.16041
12  0.628319  0.148646  0.109561
12  0.659734  0.199073  0.120442
12  0.69115  0.130554  0.103275
12  0.722566  0.16849  0.200574
12  0.753982  0.0591095  0.102287
12  0.785398  0.123906  0.113584
12  0.816814  0.0536271  0.0951709
12  0.84823  0.119615  0.119656
12  0.879646  0.226394  0.191985
12  0.911062  0.0814784  0.117872
12  0.942478  0.104967  0.100334
12  0.973894  0.0843147  0.083088
12  1.00531  0.0563993  0.0978817
12  1.03673  0.105382  0.106706
12  1.06814  0.116054  0.127174
12  1.09956  0.0575846  0.100849
12  1.13097  0.171842  0.0863149
12  1.16239  0.0545729  0.0837364
12  1.19381  0.0710436  0.114018
12  1.22522  0.0492679  0.0875605
12  1.25664  0.0635535  0.103681
12  1.28805  0.0899901  0.112294
12  1.31947  0.0499542  0.089275
12  1.35088  0.0837408  0.0824094
12  1.3823  0.0746961  0.08221
12  1.41372  0.0730278  0.0709016
12  1.44513  0.100651  0.0915568
12  1.47655  0.0895299  0.0917561
12  1.50796  0.068799  0.0925953
12  1.53938  0.0864642  0.0811793
12  1.5708  0.165501  0.121735
12  1.60221  0.0445677  0.0465709
12  1.63363  0.054113  0.095765
12  1.66504  0.11363  0.112559
12  1.69646  0.0816005  0.128087
12  1.72788  0.0612056  0.0872163
12  1.75929  0.0646832  0.0838921
12  1.79071  0.0670654  0.0746122
12  1.82212  0.0550393  0.0934389
12  1.85354  0.0660345  0.116025
12  1.88496  0.0806735  0.0938168
12  1.91637  0.0924214  0.0887092
12  1.94779  0.0919407  0.0910365
12  1.9792  0.0727573  0.0834768
12  2.01062  0.152778  0.152715
12  2.04204  0.074989  0.0992356
12  2.07345  0.0657222  0.0879352
12  2.10487  0.0834485  0.0886668
12  2.13628  0.0511826  0.0562311
12  2.1677  0.0826787  0.135104
12  2.19911  0.055859  0.100765
12  2.23053  0.0649732  0.0683022
12  2.26195  0.0626978  0.0938621
12  2.29336  0.040781  0.0301442
12  2.32478  0.062038  0.115971
12  2.35619  0.158722  0.118502
12  2.38761  0.110658  0.122088
12  2.41903  0.0673737  0.100701
12  2.45044  0.0633311  0.127099
12  2.48186  0.0777641  0.110587
12  2.51327  0.281811  0.209256
12  2.54469  0.146625  0.147549
12  2.57611  0.088671  0.0998597
12  2.60752  0.107854  0.146008
12  2.63894  0.167799  0.16724
12  2.67035  0.181498  0.117126
12  2.70177  0.242732  0.237745
12  2.73319  0.258759  1.70226
12  2.7646  0  0
12  2.79602  0  0
12  2.82743  0  0
12  2.85885  0  0
12  2.89027  0  0
12  2.92168  0  0
12  2.9531  0  0
12  2.98451  0  0
12  3.01593  0  0
12  3.04734  0  0
12  3.07876  0  0
12  3.11018  0  0
12.125  0  0  0
12.125  0.0314159  0  0
12.125  0.0628319  0  0
12.125  0.0942478  0  0
12.125  0.125664  0  0
12.125  0.15708  0  0
12.125  0.188496  0  0
12.125  0.219911  0  0
12.125  0.251327  0  0
12.125  0.282743  0  0
12.125  0.314159  0  0
12.125  0.345575  0  0
12.125  0.376991  0.252211  0.133729
12.125  0.408407  0.326827  0.164742
12.125  0.439823  0.334811  0.296041
12.125  0.471239  0.0516936  0.0947009
12.125  0.502655  0.0533213  0.113852
12.125  0.534071  0.0636861  0.12072
12.125  0.565487  0.0901974  0.11813
12.125  0.596903  0.202989  0.10437
12.125  0.628319  0.0837543  0.116099
12.125  0.659734  0.159925  0.0809755
12.125  0.69115  0.171284  0.171278
12.125  0.722566  0.112803  0.116801
12.125  0.753982  0.0607866  0.106557
12.125  0.785398  0.0748411  0.0746571
12.125  0.816814  0.0592277  0.105014
12.125  0.84823  0.0862397  0.115346
12.125  0.879646  0.0930795  0.126211
12.125  0.911062  0.130338  0.10401
12.125  0.942478  0.0727588  0.12332
12.125  0.973894  0.0822756  0.100026
12.125  1.00531  0.0809138  0.105854
12.125  1.03673  0.0903472  0.0928283
12.125  1.06814  0.13239  0.107157
12.125  1.09956  0.0819015  0.111449
12.125  1.13097  0.0599867  0.060008
12.125  1.16239  0.0440865  0.0855834
12.125  1.19381  0.069923  0.0897854
12.125  1.22522  0.0435745  0.0642338
12.125  1.25664  0.0558189  0.101952
12.125  1.28805  0.0554858  0.0845541
12.125  1.31947  0.130765  0.0685539
12.125  1.35088  0.063384  0.101172
12.125  1.3823  0.0958852  0.467927
12.125  1.41372  0.0527628  0.0906529
12.125  1.44513  0.125038  0.137261
12.125  1.47655  0.0808567  0.0686426
12.125  1.50796  0.119737  0.0837474
12.125  1.53938  0.0892408  0.102342
12.125  1.5708  0.0495168  0.055333
12.125  1.60221  0.0471747  0.0496328
12.125  1.63363  0.0820419  0.0947812
12.125  1.66504  0.0494769  0.0533583
12.125  1.69646  0.273369  0.26655
12.125  1.72788  0.0721729  0.0743697
12.125  1.75929  0.119424  0.127762
12.125  1.79071  0.0642534  0.0996008
12.125  1.82212  0.0648226  0.107914
12.125  1.85354  0.0889631  0.111712
12.125  1.88496  0.0847978  0.0881859
12.125  1.91637  0.0465626  0.0833753
12.125  1.94779  0.0443106  0.0468898
12.125  1.9792  0.0876993  0.09512
12.125  2.01062  0.0768333  0.104895
12.125  2.04204  0.0799029  0.13119
12.125  2.07345  0.053202  0.0922518
12.125  2.10487  0.0700554  0.0986387
12.125  2.13628  0.0493095  0.0898708
12.125  2.1677  0.0675545  0.112946
12.125  2.19911  0.057418  0.101068
12.125  2.23053  0.0576092  0.0609776
12.125  2.26195  0.122421  0.135654
12.125  2.29336  0.0486829  0.0542933
12.125  2.32478  0.090423  0.0888485
12.125  2.35619  0.0594577  0.0913814
12.125  2.38761  0.0606563  0.11845
12.125  2.41903  0.073642  0.108485
12.125  2.45044  0.088775  0.108408
12.125  2.48186  0.108248  0.109549
12.125  2.51327  0.158226  0.146201
12.125  2.54469  0.0720257  0.131647
12.125  2.57611  0.0738661  0.141149
12.125  2.60752  0.17095  0.152075
12.125  2.63894  0.207465  0.156507
12.125  2.67035  0.206667  0.121663
12.125  2.70177  0.27109  0.198018
12.125  2.73319  0.0228709  0.167823
12.125  2.7646  0  0
12.125  2.79602  0  0
12.125  2.82743  0  0
12.125  2.85885  0  0
12.125  2.89027  0  0
12.125  2.92168  0  0
12.125  2.9531  0  0
12.125  2.98451  0  0
12.125  3.01593  0  0
12.125  3.04734  0  0
12.125  3.07876  0  0
12.125  3.11018  0  0
12.25  0  0  0
12.25  0.0314159  0  0
12.25  0.0628319  0  0
12.25  0.0942478  0  0
12.25  0.125664  0  0
12.25  0.15708  0  0
12.25  0.188496  0  0
12.25  0.219911  0  0
12.25  0.251327  0  0
12.25  0.282743  0  0
12.25  0.314159  0  0
12.25  0.345575  0  0
12.25  0.376991  0.277238  0.188039
12.25  0.408407  0.211298  0.141576
12.25  0.439823  0.187718  0.0997959
12.25  0.471239  0.0883048  0.0881173
12.25  0.502655  0.141953  0.130763
12.25  0.534071  0.307236  0.224972
12.25  0.565487  0.0760307  0.144386
12.25  0.596903  0.0833822  0.127176
12.25  0.628319  0.0692252  0.124495
12.25  0.659734  0.102482  0.153343
12.25  0.69115  0.135628  0.112213
12.25  0.722566  0.0917164  0.0899647
12.25  0.753982  0.070385  0.0918047
12.25  0.785398  0.0682579  0.101851
12.25  0.816814  0.0327147  0.0195327
12.25  0.84823  0.100448  0.0932068
12.25  0.879646  0.0612067  0.0988831
12.25  0.911062  0.0631885  0.101319
12.25  0.942478  0.119151  0.103289
12.25  0.973894  0.0806258  0.104525
12.25  1.00531  0.108963  0.109618
12.25  1.03673  0.0970753  0.0897225
12.25  1.06814  0.0511222  0.0964472
12.25  1.09956  0.0585564  0.111403
12.25  1.13097  0.071484  0.106325
12.25  1.16239  0.0872156  0.0980558
12.25  1.19381  0.157752  0.0818821
12.25  1.22522  0.155257  0.124464
12.25  1.25664  0.0444285  0.0788645
12.25  1.28805  0.0574306  0.0989842
12.25  1.31947  0.0988687  0.0798529
12.25  1.35088  0.0568335  0.0855097
12.25  1.3823  0.0678569  0.0720392
12.25  1.41372  0.0595203  0.0931137
12.25  1.44513  0.145317  0.0726613
12.25  1.47655  0.125631  0.125312
12.25  1.50796  0.0798271  0.0982784
12.25  1.53938  0.093716  0.0996646
12.25  1.5708  0.0654722  0.108713
12.25  1.60221  0.0759275  0.0740203
12.25  1.63363  0.0524383  0.0913347
12.25  1.66504  0.0458033  0.0847179
12.25  1.69646  0.0922588  0.112521
12.25  1.72788  0.0434404  0.0345429
12.25  1.75929  0.0420812  0.046892
12.25  1.79071  0.0576763  0.0755183
12.25  1.82212  0.102132  0.121132
12.25  1.85354  0.134902  0.0678283
12.25  1.88496  0.0660567  0.12021
12.25  1.91637  0.0530924  0.0934922
12.25  1.94779  0.0939127  0.128717
12.25  1.9792  0.0507492  0.0918374
12.25  2.01062  0.0606546  0.0635298
12.25  2.04204  0.0441161  0.0427163
12.25  2.07345  0.035162  0.0282156
12.25  2.10487  0.10944  0.111131
12.25  2.13628  0.0545946  0.0613332
12.25  2.1677  0.0578135  0.0549905
12.25  2.19911  0.0852793  0.09483
12.25  2.23053  0.0629174  0.108689
12.25  2.26195  0.0728732  0.127727
12.25  2.29336  0.0714993  0.120091
12.25  2.32478  0.0630837  0.0595451
12.25  2.35619  0.0767991  0.125988
12.25  2.38761  0.0761675  0.135655
12.25  2.41903  0.103106  0.12962
12.25  2.45044  0.0527417  0.10321
12.25  2.48186  0.154331  0.0830475
12.25  2.51327  0.212848  0.121525
12.25  2.54469  0.192044  0.113677
12.25  2.57611  0.122614  0.15708
12.25  2.60752  0.189617  0.174863
12.25  2.63894  0.080946  0.0964395
12.25  2.67035  0.20735  0.179003
12.25  2.70177  0.181995  0.0937903
12.25  2.73319  0.25649  0.155957
12.25  2.7646  0  0
12.25  2.79602  0  0
12.25  2.82743  0  0
12.25  2.85885  0  0
12.25  2.89027  0  0
12.25  2.92168  0  0
12.25  2.9531  0  0
12.25  2.98451  0  0
12.25  3.01593  0  0
12.25  3.04734  0  0
12.25  3.07876  0  0
12.25  3.11018  0  0
12.375  0  0  0
12.375  0.0314159  0  0
12.375  0.0628319  0  0
12.375  0.0942478  0  0
12.375  0.125664  0  0
12.375  0.15708  0  0
12.375  0.188496  0  0
12.375  0.219911  0  0
12.375  0.251327  0  0
12.375  0.282743  0  0
12.375  0.314159  0  0
12.375  0.345575  0  0
12.375  0.376991  0.274333  0.233044
12.375  0.408407  0.235288  0.23449
12.375  0.439823  0.220275  0.175129
12.375  0.471239  0.295125  0.18372
12.375  0.502655  0.063021  0.121297
12.375  0.534071  0.16913  0.105854
12.375  0.565487  0.142977  0.128871
12.375  0.596903  0.918138  1.13121
12.375  0.628319  0.0747629  0.110383
12.375  0.659734  0.0844727  0.106338
12.375  0.69115  0.0924567  0.108248
12.375  0.722566  0.124954  0.108782
12.375  0.753982  0.122467  0.0998222
12.375  0.785398  0.0557937  0.0901317
12.375  0.816814  0.062336  0.111182
12.375  0.84823  0.0576884  0.0555482
12.375  0.879646  0.0451494  0.039737
12.375  0.911062  0.067007  0.118132
12.375  0.942478  0.166705  0.110358
12.375  0.973894  0.130451  0.130056
12.375  1.00531  0.046784  0.0768572
12.375  1.03673  0.145628  0.10892
12.375  1.06814  0.0612594  0.107019
12.375  1.09956  0.0484555  0.0495335
12.375  1.13097  0.363078  0.606995
12.375  1.16239  0.0319247  0.0272164
12.375  1.19381  0.149828  0.136154
12.375  1.22522  0.0351614  0.021343
12.375  1.25664  0.0640537  0.0995303
12.375  1.28805  0.134816  0.0896769
12.375  1.31947  0.228582  0.183941
12.375  1.35088  0.0437876  0.0409409
12.375  1.3823  0.0522504  0.0893481
12.375  1.41372  0.0912474  0.0862646
12.375  1.44513  0.0899884  0.0845438
12.375  1.47655  0.0718991  0.115153
12.375  1.50796  0.0726564  0.0917605
12.375  1.53938  0.0481846  0.0365946
12.375  1.5708  0.0930477  0.102127
12.375  1.60221  0.0571695  0.0971948
12.375  1.63363  0.0513196  0.0680625
12.375  1.66504  0.125243  0.120042
12.375  1.69646  0.0531301  0.0520158
12.375  1.72788  0.0498342  0.0899729
12.375  1.75929  0.0738369  0.0976894
12.375  1.79071  0.0858644  0.0896897
12.375  1.82212  0.0567361  0.103198
12.375  1.85354  0.0645639  0.0767738
12.375  1.88496  0.054179  0.0944524
12.375  1.91637  0.0468562  0.0463522
12.375  1.94779  0.0884799  0.0915178
12.375  1.9792  0.0525828  0.0995207
12.375  2.01062  0.0410029  0.0432352
12.375  2.04204  0.0644271  0.109626
12.375  2.07345  0.0722403  0.115777
12.375  2.10487  0.0617428  0.103923
12.375  2.13628  0.144503  0.14412
12.375  2.1677  0.0390969  0.031848
12.375  2.19911  0.0502905  0.0956982
12.375  2.23053  0.0368296  0.0253644
12.375  2.26195  0.0469426  0.0472811
12.375  2.29336  0.042364  0.0461678
12.375  2.32478  0.13836  0.102902
12.375  2.35619  0.0520832  0.05457
12.375  2.38761  0.0909428  0.0986063
12.375  2.41903  0.066788  0.118859
12.375  2.45044  0.105059  0.129706
12.375  2.48186  0.190865  0.100497
12.375  2.51327  0.141245  0.114177
12.375  2.54469  0.131641  0.147357
12.375  2.57611  0.236168  0.19338
12.375  2.60752  0.157395  0.125507
12.375  2.63894  0.188517  0.186774
12.375  2.67035  0.198697  0.102145
12.375  2.70177  0.0840068  0.138072
12.375  2.73319  0.223734  0.142545
12.375  2.7646  0  0
12.375  2.79602  0  0
12.375  2.82743  0  0
12.375  2.85885  0  0
12.375  2.89027  0  0
12.375  2.92168  0  0
12.375  2.9531  0  0
12.375  2.98451  0  0
12.375  3.01593  0  0
12.375  3.04734  0  0
12.375  3.07876  0  0
12.375  3.11018  0  0
12.5  0  0  0
12.5  0.0314159  0  0
12.5  0.0628319  0  0
12.5  0.0942478  0  0
12.5  0.125664  0  0
12.5  0.15708  0  0
12.5  0.188496  0  0
12.5  0.219911  0  0
12.5  0.251327  0  0
12.5  0.282743  0  0
12.5  0.314159  0  0
12.5  0.345575  0  0
12.5  0.376991  0.329881  0.255853
12.5  0.408407  0.213324  0.16916
12.5  0.439823  0.16906  0.0972081
12.5  0.471239  0.175357  0.159731
12.5  0.502655  0.112825  0.150438
12.5  0.534071  0.142525  0.13565
12.5  0.565487  0.168787  0.11889
12.5  0.596903  0.186752  0.180456
12.5  0.628319  0.0673345  0.121845
12.5  0.659734  0.0671288  0.11113
12.5  0.69115  0.120547  0.117289
12.5  0.722566  0.0749556  0.107611
12.5  0.753982  0.0850581  0.11472
12.5  0.785398  0.0798122  0.123007
12.5  0.816814  0.103358  0.152268
12.5  0.84823  0.0835541  0.123171
12.5  0.879646  0.166997  0.15896
12.5  0.911062  0.0526  0.0419142
12.5  0.942478  0.0520985  0.0530612
12.5  0.973894  0.0783173  0.116641
12.5  1.00531  0.168549  0.123471
12.5  1.03673  0.0727739  0.121074
12.5  1.06814  0.0567132  0.0967508
12.5  1.09956  0.0506155  0.0776157
12.5  1.13097  0.063517  0.0978588
12.5  1.16239  0.0797359  0.176171
12.5  1.19381  0.0391956  0.0355552
12.5  1.22522  0.083275  0.0770614
12.5  1.25664  0.0827408  0.0786455
12.5  1.28805  0.0615272  0.0954013
12.5  1.31947  0.0797519  0.11208
12.5  1.35088  0.039109  0.0415099
12.5  1.3823  0.0673234  0.100598
12.5  1.41372  0.0626468  0.0852193
12.5  1.44513  0.0571893  0.0956222
12.5  1.47655  0.0474835  0.0438287
12.5  1.50796  0.0600226  0.0976931
12.5  1.53938  0.0458787  0.0791043
12.5  1.5708  0.0791989  0.0902088
12.5  1.60221  0.0684767  0.095103
12.5  1.63363  0.0713399  0.11252
12.5  1.66504  0.0511993  0.0894491
12.5  1.69646  0.17743  0.0956955
12.5  1.72788  0.131227  0.129316
12.5  1.75929  0.0527766  0.0974097
12.5  1.79071  0.0663705  0.0971288
12.5  1.82212  0.054818  0.104476
12.5  1.85354  0.073609  0.0813262
12.5  1.88496  0.0527355  0.0749089
12.5  1.91637  0.0699549  0.0973633
12.5  1.94779  0.106405  0.119142
12.5  1.9792  0.0567732  0.0592283
12.5  2.01062  0.0747499  0.0760683
12.5  2.04204  0.0611298  0.0971787
12.5  2.07345  0.0540767  0.0561756
12.5  2.10487  0.0490234  0.0501159
12.5  2.13628  0.0513122  0.05363
12.5  2.1677  0.0429022  0.0389349
12.5  2.19911  0.0502444  0.0775168
12.5  2.23053  0.0454626  0.037403
12.5  2.26195  0.0924041  0.106812
12.5  2.29336  0.102994  0.114213
12.5  2.32478  0.124931  0.1135
12.5  2.35619  0.101782  0.111635
12.5  2.38761  0.0904147  0.0895672
12.5  2.41903  0.0690286  0.111709
12.5  2.45044  0.0623595  0.0708428
12.5  2.48186  0.0749625  0.0902691
12.5  2.51327  0.0625239  0.0847907
12.5  2.54469  0.0641399  0.105827
12.5  2.57611  0.077815  0.0925009
12.5  2.60752  0.103972  0.186567
12.5  2.63894  0.179088  0.105478
12.5  2.67035  0.199977  0.149352
12.5  2.70177  0.0765412  0.113918
12.5  2.73319  0.28532  0.167868
12.5  2.7646  0.0225217  0.165261
12.5  2.79602  0  0
12.5  2.82743  0  0
12.5  2.85885  0  0
12.5  2.89027  0  0
12.5  2.92168  0  0
12.5  2.9531  0  0
12.5  2.98451  0  0
12.5  3.01593  0  0
12.5  3.04734  0  0
12.5  3.07876  0  0
12.5  3.11018  0  0
12.625  0  0  0
12.625  0.0314159  0  0
12.625  0.0628319  0  0
12.625  0.0942478  0  0
12.625  0.125664  0  0
12.625  0.15708  0  0
12.625  0.188496  0  0
12.625  0.219911  0  0
12.625  0.251327  0  0
12.625  0.282743  0  0
12.625  0.314159  0  0
12.625  0.345575  0  0
12.625  0.376991  0.17136  0.136938
12.625  0.408407  0.296975  0.289029
12.625  0.439823  0.147784  0.147638
12.625  0.471239  0.186891  0.194707
12.625  0.502655  0.0794828  0.133185
12.625  0.534071  0.169758  0.169314
12.625  0.565487  0.203025  0.122526
12.625  0.596903  0.0943293  0.108579
12.625  0.628319  0.16837  0.126753
12.625  0.659734  0.190904  0.178641
12.625  0.69115  0.0895678  0.127951
12.625  0.722566  0.117238  0.105697
12.625  0.753982  0.134268  0.123956
12.625  0.785398  0.0945385  0.120091
12.625  0.816814  0.0587722  0.100641
12.625  0.84823  0.0546008  0.101475
12.625  0.879646  0.0617209  0.109466
12.625  0.911062  0.070159  0.11341
12.625  0.942478  0.0507994  0.0551644
12.625  0.973894  2.95311  2.67522
12.625  1.00531  0.173054  0.155772
12.625  1.03673  0.0681497  0.105948
12.625  1.06814  0.336732  0.250421
12.625  1.09956  0.0735273  0.107144
12.625  1.13097  0.0772098  0.0718943
12.625  1.16239  0.0584298  0.0898566
12.625  1.19381  0.0795891  0.0716057
12.625  1.22522  0.169362  0.142051
12.625  1.25664  0.0543987  0.103082
12.625  1.28805  0.0478567  0.0534881
12.625  1.31947  0.0624946  0.0919208
12.625  1.35088  0.0729144  0.110992
12.625  1.3823  0.0557392  0.0881863
12.625  1.41372  0.0838618  0.0862151
12.625  1.44513  0.0678228  0.104403
12.625  1.47655  0.0572788  0.103266
12.625  1.50796  0.109064  0.0826353
12.625  1.53938  0.979752  0.894556
12.625  1.5708  0.503448  0.389953
12.625  1.60221  0.0937329  0.587252
12.625  1.63363  0.0940457  0.101249
12.625  1.66504  0.0542582  0.0960695
12.625  1.69646  0.0754634  0.0866524
12.625  1.72788  0.0977635  0.525084
12.625  1.75929  0.0719356  0.119302
12.625  1.79071  0.0981293  0.10645
12.625  1.82212  0.0553395  0.102337
12.625  1.85354  0.059528  0.103297
12.625  1.88496  0.0477076  0.0539419
12.625  1.91637  0.0664546  0.0947143
12.625  1.94779  0.0491079  0.050561
12.625  1.9792  0.0529918  0.0925521
12.625  2.01062  0.0878633  0.0787331
12.625  2.04204  0.0999549  0.10311
12.625  2.07345  0.0441604  0.0454934
12.625  2.10487  0.605768  0.601164
12.625  2.13628  0.0928597  0.0904638
12.625  2.1677  0.0793128  0.117251
12.625  2.19911  0.0840742  0.0826179
12.625  2.23053  0.0563993  0.0579882
12.625  2.26195  0.0424649  0.0339109
12.625  2.29336  0.103147  0.110637
12.625  2.32478  0.0699616  0.114399
12.625  2.35619  0.0468264  0.0480259
12.625  2.38761  0.0571993  0.107086
12.625  2.41903  0.0537658  0.0627305
12.625  2.45044  0.0493447  0.0961904
12.625  2.48186  0.170782  0.159952
12.625  2.51327  0.104392  0.123899
12.625  2.54469  0.131488  0.151259
12.625  2.57611  0.225641  0.175418
12.625  2.60752  0.221446  0.220849
12.625  2.63894  0.422746  0.352293
12.625  2.67035  0.280682  0.269823
12.625  2.70177  0.23215  0.231411
12.625  2.73319  0.33852  0.171395
12.625  2.7646  0  0
12.625  2.79602  0  0
12.625  2.82743  0  0
12.625  2.85885  0  0
12.625  2.89027  0  0
12.625  2.92168  0  0
12.625  2.9531  0  0
12.625  2.98451  0  0
12.625  3.01593  0  0
12.625  3.04734  0  0
12.625  3.07876  0  0
12.625  3.11018  0  0
12.75  0  0  0
12.75  0.0314159  0  0
12.75  0.0628319  0  0
12.75  0.0942478  0  0
12.75  0.125664  0  0
12.75  0.15708  0  0
12.75  0.188496  0  0
12.75  0.219911  0  0
12.75  0.251327  0  0
12.75  0.282743  0  0
12.75  0.314159  0  0
12.75  0.345575  0.258759  1.70226
12.75  0.376991  0.181056  0.120536
12.75  0.408407  0.245164  0.231111
12.75  0.439823  0.0870368  0.0594576
12.75  0.471239  0.248031  0.12897
12.75  0.502655  0.0751242  0.119134
12.75  0.534071  0.0789255  0.113827
12.75  0.565487  0.201214  0.146242
12.75  0.596903  0.162557  0.117082
12.75  0.628319  0.0994426  0.136908
12.75  0.659734  0.150422  0.127805
12.75  0.69115  0.110723  0.13201
12.75  0.722566  0.0707416  0.104326
12.75  0.753982  0.0517176  0.0953619
12.75  0.785398  0.0627137  0.105631
12.75  0.816814  0.139846  0.113805
12.75  0.84823  0.0685563  0.104241
12.75  0.879646  0.1484  0.140792
12.75  0.911062  0.141904  0.0727107
12.75  0.942478  0.0450585  0.0418799
12.75  0.973894  0.0447192  0.0387142
12.75  1.00531  0.0686056  0.112257
12.75  1.03673  0.0616754  0.0929392
12.75  1.06814  0.0571084  0.0996981
12.75  1.09956  0.0800403  0.0818424
12.75  1.13097  0.329068  0.317254
12.75  1.16239  0.0750939  0.0957291
12.75  1.19381  0.0522358  0.0924579
12.75  1.22522  0.0805207  0.0896403
12.75  1.25664  0.0525708  0.0953322
12.75  1.28805  0.137418  0.0725466
12.75  1.31947  0.0765885  0.0987749
12.75  1.35088  0.0732593  0.0805666
12.75  1.3823  0.0881086  0.106203
12.75  1.41372  0.0734126  0.109421
12.75  1.44513  0.13109  0.0769479
12.75  1.47655  0.12446  0.0672247
12.75  1.50796  0.0570921  0.109977
12.75  1.53938  0.0531988  0.0955851
12.75  1.5708  0.109758  0.0752861
12.75  1.60221  0.103201  0.100128
12.75  1.63363  0.128415  0.126488
12.75  1.66504  0.057255  0.102806
12.75  1.69646  0.146026  0.132208
12.75  1.72788  0.0533425  0.091992
12.75  1.75929  0.0691271  0.0956511
12.75  1.79071  0.142066  0.07106
12.75  1.82212  0.0617064  0.100708
12.75  1.85354  0.0355862  0.038914
12.75  1.88496  0.0708339  0.110097
12.75  1.91637  0.0692657  0.0683257
12.75  1.94779  0.0700726  0.0763755
12.75  1.9792  0.163815  0.108126
12.75  2.01062  0.066904  0.109788
12.75  2.04204  0.803682  0.480154
12.75  2.07345  0.0427642  0.0390027
12.75  2.10487  0.492295  0.406333
12.75  2.13628  0.484546  0.514451
12.75  2.1677  0.0707825  0.0962472
12.75  2.19911  1.42081  1.39658
12.75  2.23053  0.0813706  0.102554
12.75  2.26195  0.0971472  0.0970689
12.75  2.29336  0.0554278  0.0496504
12.75  2.32478  0.0498326  0.0572032
12.75  2.35619  0.176431  0.171609
12.75  2.38761  0.0706387  0.123435
12.75  2.41903  0.105025  0.101611
12.75  2.45044  0.100802  0.0993447
12.75  2.48186  0.0792607  0.0920817
12.75  2.51327  0.17284  0.161176
12.75  2.54469  0.19054  0.128532
12.75  2.57611  0.167179  0.0999161
12.75  2.60752  0.185287  0.181571
12.75  2.63894  0.0813266  0.119567
12.75  2.67035  0.201157  0.194823
12.75  2.70177  0.193048  0.171244
12.75  2.73319  0.218623  0.116161
12.75  2.7646  0.0633262  0.107527
12.75  2.79602  0  0
12.75  2.82743  0  0
12.75  2.85885  0  0
12.75  2.89027  0  0
12.75  2.92168  0  0
12.75  2.9531  0  0
12.75  2.98451  0  0
12.75  3.01593  0  0
12.75  3.04734  0  0
12.75  3.07876  0  0
12.75  3.11018  0  0
12.875  0  0  0
12.875  0.0314159  0  0
12.875  0.0628319  0  0
12.875  0.0942478  0  0
12.875  0.125664  0  0
12.875  0.15708  0  0
12.875  0.188496  0  0
12.875  0.219911  0  0
12.875  0.251327  0  0
12.875  0.282743  0  0
12.875  0.314159  0  0
12.875  0.345575  0.216595  0.160548
12.875  0.376991  0.130198  0.0925822
12.875  0.408407  0.17261  0.0995868
12.875  0.439823  0.162297  0.14692
12.875  0.471239  0.0504655  0.0636786
12.875  0.502655  0.217451  0.214671
12.875  0.534071  0.145464  0.0868055
12.875  0.565487  0.236514  0.208507
12.875  0.596903  0.0596881  0.0968444
12.875  0.628319  0.212105  0.194699
12.875  0.659734  0.0540153  0.10251
12.875  0.69115  0.170134  0.0963936
12.875  0.722566  0.159547  0.15982
12.875  0.753982  0.114616  0.128531
12.875  0.785398  0.0592558  0.103053
12.875  0.816814  0.079705  0.10654
12.875  0.84823  0.0496304  0.0445922
12.875  0.879646  0.107994  0.1279
12.875  0.911062  0.111559  0.0724696
12.875  0.942478  0.0600776  0.0978184
12.875  0.973894  0.0496056  0.0450192
12.875  1.00531  0.58749  0.439897
12.875  1.03673  0.0441997  0.0388826
12.875  1.06814  0.0653832  0.11176
12.875  1.09956  0.0930228  0.105121
12.875  1.13097  0.0510827  0.0981742
12.875  1.16239  0.0400212  0.0391379
12.875  1.19381  0.068954  0.0957236
12.875  1.22522  0.118832  0.0914499
12.875  1.25664  1.27809  1.17823
12.875  1.28805  0.0529573  0.0972551
12.875  1.31947  0.0538118  0.0950689
12.875  1.35088  0.0541173  0.101336
12.875  1.3823  0.14197  0.141782
12.875  1.41372  0.310465  0.392116
12.875  1.44513  0.0625565  0.166478
12.875  1.47655  0.0689107  0.0706209
12.875  1.50796  0.064628  0.0851946
12.875  1.53938  0.501883  0.431764
12.875  1.5708  0.0676595  0.0752219
12.875  1.60221  0.0604387  0.104287
12.875  1.63363  0.165199  0.0841656
12.875  1.66504  0.044619  0.0725964
12.875  1.69646  0.0626582  0.108099
12.875  1.72788  0.0506593  0.0834725
12.875  1.75929  0.0990851  0.108784
12.875  1.79071  0.0680971  0.0953996
12.875  1.82212  0.0615053  0.101144
12.875  1.85354  0.0878252  0.0876533
12.875  1.88496  0.0679518  0.20898
12.875  1.91637  0.0746066  0.0864027
12.875  1.94779  0.0627473  0.0895311
12.875  1.9792  0.0602449  0.105404
12.875  2.01062  0.0544027  0.0959632
12.875  2.04204  0.0559501  0.0973878
12.875  2.07345  0.0546481  0.0586624
12.875  2.10487  0.0877447  0.0955112
12.875  2.13628  0.0945521  0.0689016
12.875  2.1677  0.071977  0.107479
12.875  2.19911  0.0822703  0.104976
12.875  2.23053  0.138075  0.15049
12.875  2.26195  0.0581204  0.102856
12.875  2.29336  0.0807329  0.123669
12.875  2.32478  0.157175  0.0802857
12.875  2.35619  0.0687475  0.104685
12.875  2.38761  0.187648  0.0939809
12.875  2.41903  0.154  0.0965203
12.875  2.45044  0.161578  0.156737
12.875  2.48186  0.046142  0.103141
12.875  2.51327  0.201886  0.189638
12.875  2.54469  0.0551613  0.100813
12.875  2.57611  0.216935  0.136751
12.875  2.60752  0.200064  0.127387
12.875  2.63894  0.262797  0.191556
12.875  2.67035  0.235229  0.129259
12.875  2.70177  0.0690656  0.103541
12.875  2.73319  0.22903  0.120131
12.875  2.7646  0.119116  0.0608456
12.875  2.79602  0  0
12.875  2.82743  0  0
12.875  2.85885  0  0
12.875  2.89027  0  0
12.875  2.92168  0  0
12.875  2.9531  0  0
12.875  2.98451  0  0
12.875  3.01593  0  0
12.875  3.04734  0  0
12.875  3.07876  0  0
12.875  3.11018  0  0
13  0  0  0
13  0.0314159  0  0
13  0.0628319  0  0
13  0.0942478  0  0
13  0.125664  0  0
13  0.15708  0  0
13  0.188496  0  0
13  0.219911  0  0
13  0.251327  0  0
13  0.282743  0  0
13  0.314159  0  0
13  0.345575  0.0106498  0.0781468
13  0.376991  0.258791  0.131192
13  0.408407  0.250057  0.196098
13  0.439823  0.0961023  0.116623
13  0.471239  0.244173  0.124039
13  0.502655  0.0506795  0.0958503
13  0.534071  0.0804199  0.124703
13  0.565487  0.178139  0.122688
13  0.596903  0.0676041  0.076933
13  0.628319  0.0691523  0.0919102
13  0.659734  0.150162  0.124341
13  0.69115  0.0992702  0.0890384
13  0.722566  0.163043  0.156169
13  0.753982  0.0926146  0.115642
13  0.785398  0.0863361  0.0791693
13  0.816814  0.0752423  0.116988
13  0.84823  0.0774845  0.128454
13  0.879646  0.257072  0.128752
13  0.911062  0.179069  0.17654
13  0.942478  0.0424725  0.0308795
13  0.973894  0.159121  0.109006
13  1.00531  0.0810892  0.0909291
13  1.03673  0.0541494  0.0977869
13  1.06814  0.0512367  0.0452783
13  1.09956  0.0825656  0.0794236
13  1.13097  0.0559847  0.0469111
13  1.16239  0.063353  0.107982
13  1.19381  0.596028  0.303714
13  1.22522  0.0543052  0.100001
13  1.25664  0.137781  0.13737
13  1.28805  0.0488727  0.0886468
13  1.31947  0.134806  0.0918539
13  1.35088  0.113727  0.0986637
13  1.3823  0.692308  0.605992
13  1.41372  0.0943975  0.0795653
13  1.44513  0.037568  0.0406278
13  1.47655  0.0928563  0.103809
13  1.50796  1.28752  0.646151
13  1.53938  0.0419196  0.0453537
13  1.5708  0.0431624  0.0596574
13  1.60221  0.139054  0.0891155
13  1.63363  0.0721581  0.12048
13  1.66504  0.0703975  0.0718697
13  1.69646  0.0756499  0.0843791
13  1.72788  0.0604934  0.0955142
13  1.75929  0.635066  0.430784
13  1.79071  0.0853926  0.104214
13  1.82212  0.147269  0.0957597
13  1.85354  0.0425274  0.0410788
13  1.88496  0.161488  0.757261
13  1.91637  0.167207  0.0837939
13  1.94779  0.765685  0.498115
13  1.9792  0.0628867  0.10175
13  2.01062  0.0463646  0.0488556
13  2.04204  0.0523801  0.0956229
13  2.07345  0.0566228  0.104529
13  2.10487  0.103941  0.098348
13  2.13628  0.264471  0.132591
13  2.1677  0.0856361  0.0825553
13  2.19911  0.0971062  0.0947048
13  2.23053  0.0486668  0.0888075
13  2.26195  0.09369  0.125361
13  2.29336  0.0729453  0.0994719
13  2.32478  0.0547921  0.104025
13  2.35619  0.059092  0.110622
13  2.38761  0.0644504  0.115315
13  2.41903  0.109644  0.141734
13  2.45044  0.121584  0.114781
13  2.48186  0.0477824  0.0877045
13  2.51327  0.199649  0.183478
13  2.54469  0.0845924  0.136005
13  2.57611  0.120715  0.126351
13  2.60752  0.209052  0.137539
13  2.63894  0.104515  0.129952
13  2.67035  0.267873  0.23476
13  2.70177  0.254332  0.238287
13  2.73319  0.251443  0.24102
13  2.7646  0.250625  0.211331
13  2.79602  0  0
13  2.82743  0  0
13  2.85885  0  0
13  2.89027  0  0
13  2.92168  0  0
13  2.9531  0  0
13  2.98451  0  0
13  3.01593  0  0
13  3.04734  0  0
13  3.07876  0  0
13  3.11018  0  0
13.125  0  0  0
13.125  0.0314159  0  0
13.125  0.0628319  0  0
13.125  0.0942478  0  0
13.125  0.125664  0  0
13.125  0.15708  0  0
13.125  0.188496  0  0
13.125  0.219911  0  0
13.125  0.251327  0  0
13.125  0.282743  0  0
13.125  0.314159  0  0
13.125  0.345575  0.0687213  0.111225
13.125  0.376991  0.306887  0.297258
13.125  0.408407  0.246724  0.125288
13.125  0.439823  0.25532  0.234751
13.125  0.471239  0.18803  0.0962311
13.125  0.502655  0.188231  0.185018
13.125  0.534071  0.0962353  0.0909926
13.125  0.565487  0.108823  0.0551807
13.125  0.596903  0.133878  0.0819376
13.125  0.628319  0.127564  0.156966
13.125  0.659734  0.106035  0.108097
13.125  0.69115  0.160967  0.0807598
13.125  0.722566  0.0904698  0.112489
13.125  0.753982  0.0788852  0.0921301
13.125  0.785398  0.0542302  0.0572242
13.125  0.816814  0.0556519  0.054253
13.125  0.84823  0.187385  0.115022
13.125  0.879646  0.0436924  0.0455292
13.125  0.911062  0.0816839  0.153118
13.125  0.942478  0.0432108  0.0345872
13.125  0.973894  0.11853  0.0839905
13.125  1.00531  0.0998666  0.10283
13.125  1.03673  0.075289  0.0811225
13.125  1.06814  0.0805427  0.0936209
13.125  1.09956  0.131629  0.0715839
13.125  1.13097  0.0687596  0.112043
13.125  1.16239  0.0498693  0.0855067
13.125  1.19381  0.0472224  0.0906657
13.125  1.22522  0.0613603  0.11291
13.125  1.25664  0.0814335  0.119841
13.125  1.28805  0.0599919  0.103381
13.125  1.31947  0.0679316  0.213135
13.125  1.35088  0.0983762  0.511079
13.125  1.3823  0.0475745  0.0559404
13.125  1.41372  0.0721942  0.112851
13.125  1.44513  0.0620117  0.0939702
13.125  1.47655  0.106161  0.105913
13.125  1.50796  0.0544  0.0601369
13.125  1.53938  0.991388  0.917992
13.125  1.5708  0.291459  0.335278
13.125  1.60221  0.0903407  0.07294
13.125  1.63363  0.0568498  0.0608706
13.125  1.66504  0.0580761  0.103255
13.125  1.69646  0.546658  0.280126
13.125  1.72788  0.0739175  0.121352
13.125  1.75929  0.0591791  0.101925
13.125  1.79071  0.0684861  0.0900416
13.125  1.82212  0.0531721  0.097484
13.125  1.85354  0.882687  0.568819
13.125  1.88496  0.046959  0.0492296
13.125  1.91637  0.0938895  0.087511
13.125  1.94779  0.0490617  0.0958135
13.125  1.9792  0.0702656  0.0773271
13.125  2.01062  0.396514  0.38476
13.125  2.04204  0.0653507  0.104769
13.125  2.07345  0.0906504  0.0953866
13.125  2.10487  0.0720662  0.0754958
13.125  2.13628  0.0595096  0.106612
13.125  2.1677  0.143173  0.132211
13.125  2.19911  0.0413879  0.0373553
13.125  2.23053  0.073807  0.119331
13.125  2.26195  0.0796978  0.113468
13.125  2.29336  0.109161  0.11633
13.125  2.32478  0.0751855  0.116076
13.125  2.35619  0.094754  0.1063
13.125  2.38761  0.0861957  0.106622
13.125  2.41903  0.057846  0.110617
13.125  2.45044  0.0514742  0.0934406
13.125  2.48186  0.104649  0.0971226
13.125  2.51327  0.118719  0.170592
13.125  2.54469  0.10504  0.119316
13.125  2.57611  0.276851  0.260953
13.125  2.60752  0.21277  0.208159
13.125  2.63894  0.205336  0.102704
13.125  2.67035  0.208323  0.20215
13.125  2.70177  0.143436  0.175489
13.125  2.73319  0.28981  0.211503
13.125  2.7646  0.149238  0.0932961
13.125  2.79602  0  0
13.125  2.82743  0  0
13.125  2.85885  0  0
13.125  2.89027  0  0
13.125  2.92168  0  0
13.125  2.9531  0  0
13.125  2.98451  0  0
13.125  3.01593  0  0
13.125  3.04734  0  0
13.125  3.07876  0  0
13.125  3.11018  0  0
13.25  0  0  0
13.25  0.0314159  0  0
13.25  0.0628319  0  0
13.25  0.0942478  0  0
13.25  0.125664  0  0
13.25  0.15708  0  0
13.25  0.188496  0  0
13.25  0.219911  0  0
13.25  0.251327  0  0
13.25  0.282743  0  0
13.25  0.314159  0.00663431  0.0486816
13.25  0.345575  0.262651  0.177769
13.25  0.376991  0.253206  0.235648
13.25  0.408407  0.178851  0.119561
13.25  0.439823  0.152191  0.0935146
13.25  0.471239  0.143651  0.0721565
13.25  0.502655  0.148699  0.135451
13.25  0.534071  0.280092  0.169542
13.25  0.565487  0.206328  0.169817
13.25  0.596903  0.181674  0.126212
13.25  0.628319  0.0709613  0.0945646
13.25  0.659734  0.650919  0.618264
13.25  0.69115  0.151198  0.119557
13.25  0.722566  0.058056  0.0508293
13.25  0.753982  0.16884  0.156974
13.25  0.785398  0.0601329  0.108813
13.25  0.816814  0.158931  0.0945311
13.25  0.84823  0.0639726  0.0998095
13.25  0.879646  0.0637259  0.0995772
13.25  0.911062  0.135557  0.0964237
13.25  0.942478  0.0948972  0.107695
13.25  0.973894  0.970838  0.758895
13.25  1.00531  0.0597328  0.104472
13.25  1.03673  0.0495767  0.0517458
13.25  1.06814  0.0489848  0.0983084
13.25  1.09956  0.0503057  0.0921072
13.25  1.13097  0.0769726  0.0991588
13.25  1.16239  0.05895  0.107493
13.25  1.19381  0.072739  0.118796
13.25  1.22522  1.21339  0.854888
13.25  1.25664  0.051184  0.0755034
13.25  1.28805  0.101654  0.0961828
13.25  1.31947  0.0700796  0.119444
13.25  1.35088  0.0848414  0.0915617
13.25  1.3823  0.0492446  0.0975113
13.25  1.41372  0.0481989  0.0925011
13.25  1.44513  0.779152  0.663196
13.25  1.47655  0.0591299  0.086584
13.25  1.50796  0.0649527  0.0631743
13.25  1.53938  0.0759365  0.0750686
13.25  1.5708  1.18949  0.946583
13.25  1.60221  0.0998849  0.0954252
13.25  1.63363  0.0499546  0.0950167
13.25  1.66504  0.0750289  0.0865096
13.25  1.69646  0.0383365  0.0428036
13.25  1.72788  0.0591385  0.0851356
13.25  1.75929  0.0540357  0.0920823
13.25  1.79071  0.0791911  0.110101
13.25  1.82212  0.0515524  0.0754589
13.25  1.85354  0.17631  0.153268
13.25  1.88496  0.0533467  0.0552681
13.25  1.91637  1.14  0.582951
13.25  1.94779  0.0709506  0.082388
13.25  1.9792  0.0672588  0.0962298
13.25  2.01062  0.0408284  0.0343175
13.25  2.04204  0.0580232  0.0947201
13.25  2.07345  0.0637163  0.103339
13.25  2.10487  0.0509467  0.0607366
13.25  2.13628  0.0483988  0.0446799
13.25  2.1677  0.104658  0.106601
13.25  2.19911  0.0692417  0.113507
13.25  2.23053  0.061124  0.058305
13.25  2.26195  0.0656781  0.139018
13.25  2.29336  0.0553877  0.102921
13.25  2.32478  0.169831  0.0927069
13.25  2.35619  0.0821865  0.0880701
13.25  2.38761  0.102391  0.102323
13.25  2.41903  0.15907  0.135055
13.25  2.45044  0.185249  0.0959432
13.25  2.48186  0.0648822  0.0787811
13.25  2.51327  0.153712  0.140528
13.25  2.54469  0.0652355  0.0900929
13.25  2.57611  0.220319  0.148419
13.25  2.60752  0.141102  0.0744424
13.25  2.63894  0.286989  0.190742
13.25  2.67035  0.190005  0.186451
13.25  2.70177  0.230337  0.196946
13.25  2.73319  0.0768368  0.11765
13.25  2.7646  0.200379  0.198745
13.25  2.79602  0.052027  0.381766
13.25  2.82743  0  0
13.25  2.85885  0  0
13.25  2.89027  0  0
13.25  2.92168  0  0
13.25  2.9531  0  0
13.25  2.98451  0  0
13.25  3.01593  0  0
13.25  3.04734  0  0
13.25  3.07876  0  0
13.25  3.11018  0  0
13.375  0  0  0
13.375  0.0314159  0  0
13.375  0.0628319  0  0
13.375  0.0942478  0  0
13.375  0.125664  0  0
13.375  0.15708  0  0
13.375  0.188496  0  0
13.375  0.219911  0  0
13.375  0.251327  0  0
13.375  0.282743  0  0
13.375  0.314159  0.194561  0.198459
13.375  0.345575  0.413863  0.387708
13.375  0.376991  0.180821  0.165426
13.375  0.408407  0.280651  0.144121
13.375  0.439823  0.234259  0.232873
13.375  0.471239  0.198549  0.186746
13.375  0.502655  0.252418  0.235042
13.375  0.534071  0.204003  0.104343
13.375  0.565487  0.15729  0.0880641
13.375  0.596903  0.143371  0.143517
13.375  0.628319  0.19723  0.107675
13.375  0.659734  0.0687812  0.111007
13.375  0.69115  0.091027  0.108876
13.375  0.722566  0.0640501  0.0701553
13.375  0.753982  0.0592487  0.11316
13.375  0.785398  0.0839834  0.116225
13.375  0.816814  0.0499219  0.0492424
13.375  0.84823  0.0486876  0.0496895
13.375  0.879646  0.0526335  0.0541917
13.375  0.911062  0.0709973  0.100134
13.375  0.942478  0.0656305  0.1103
13.375  0.973894  0.0668058  0.105454
13.375  1.00531  0.950924  1.10458
13.375  1.03673  0.084122  0.0908261
13.375  1.06814  0.0858819  0.104996
13.375  1.09956  0.0655812  0.109603
13.375  1.13097  0.0572236  0.063053
13.375  1.16239  0.0805827  0.0894761
13.375  1.19381  0.0474914  0.0598193
13.375  1.22522  0.0997598  0.0831883
13.375  1.25664  0.0595778  0.107367
13.375  1.28805  0.0578974  0.0627389
13.375  1.31947  0.060801  0.0996457
13.375  1.35088  0.142345  0.141745
13.375  1.3823  0.0900763  0.10161
13.375  1.41372  0.27909  0.225723
13.375  1.44513  0.0776491  0.0816686
13.375  1.47655  0.0488003  0.0895488
13.375  1.50796  0.118215  0.0777215
13.375  1.53938  0.079171  0.0854697
13.375  1.5708  0.571872  0.603298
13.375  1.60221  0.056758  0.0778902
13.375  1.63363  0.0768047  0.0953117
13.375  1.66504  0.0679584  0.104088
13.375  1.69646  0.0748314  0.0797988
13.375  1.72788  0.0551408  0.0625641
13.375  1.75929  0.0548475  0.0932351
13.375  1.79071  0.0369003  0.0364074
13.375  1.82212  1.42399  1.08209
13.375  1.85354  0.0406116  0.044924
13.375  1.88496  0.134307  0.0671791
13.375  1.91637  0.0745948  0.104793
13.375  1.94779  0.0719974  0.110079
13.375  1.9792  0.0663018  0.169837
13.375  2.01062  0.0567779  0.0888787
13.375  2.04204  0.0610376  0.0978663
13.375  2.07345  0.0696591  0.115036
13.375  2.10487  0.0615788  0.098765
13.375  2.13628  0.0651038  0.110187
13.375  2.1677  0.0860757  0.0948071
13.375  2.19911  0.0794663  0.12433
13.375  2.23053  0.14588  0.126091
13.375  2.26195  0.0795143  0.120227
13.375  2.29336  0.116417  0.0610557
13.375  2.32478  0.0693083  0.120403
13.375  2.35619  0.0623029  0.104723
13.375  2.38761  0.103271  0.126452
13.375  2.41903  0.0677541  0.117251
13.375  2.45044  0.10542  0.106259
13.375  2.48186  0.172021  0.111662
13.375  2.51327  0.230972  0.137636
13.375  2.54469  0.103665  0.152817
13.375  2.57611  0.206092  0.103345
13.375  2.60752  0.248401  0.138196
13.375  2.63894  0.141794  0.132006
13.375  2.67035  0.229032  0.223546
13.375  2.70177  0.220437  0.149223
13.375  2.73319  0.235439  0.234432
13.375  2.7646  0.198933  0.137502
13.375  2.79602  0.255098  1.96439
13.375  2.82743  0  0
13.375  2.85885  0  0
13.375  2.89027  0  0
13.375  2.92168  0  0
13.375  2.9531  0  0
13.375  2.98451  0  0
13.375  3.01593  0  0
13.375  3.04734  0  0
13.375  3.07876  0  0
13.375  3.11018  0  0
13.5  0  0  0
13.5  0.0314159  0  0
13.5  0.0628319  0  0
13.5  0.0942478  0  0
13.5  0.125664  0  0
13.5  0.15708  0  0
13.5  0.188496  0  0
13.5  0.219911  0  0
13.5  0.251327  0  0
13.5  0.282743  0  0
13.5  0.314159  0.00977688  0.0717413
13.5  0.345575  0.124501  0.069373
13.5  0.376991  0.218399  0.126736
13.5  0.408407  0.259674  0.131145
13.5  0.439823  0.0723339  0.123071
13.5  0.471239  0.156801  0.0990827
13.5  0.502655  0.185409  0.17942
13.5  0.534071  0.0849833  0.0768111
13.5  0.565487  0.140298  0.0840614
13.5  0.596903  0.122191  0.121283
13.5  0.628319  0.148909  0.148908
13.5  0.659734  0.0692346  0.0851457
13.5  0.69115  0.0809912  0.106893
13.5  0.722566  0.0760213  0.105622
13.5  0.753982  0.155642  0.0778346
13.5  0.785398  0.072833  0.0932867
13.5  0.816814  0.0595582  0.0612476
13.5  0.84823  0.0447596  0.0355961
13.5  0.879646  0.094927  0.0825715
13.5  0.911062  0.796276  0.795868
13.5  0.942478  0.0578024  0.101518
13.5  0.973894  0.0476159  0.0337787
13.5  1.00531  0.0583697  0.105263
13.5  1.03673  0.0744051  0.0867277
13.5  1.06814  0.0490606  0.0478501
13.5  1.09956  0.127496  0.0940373
13.5  1.13097  0.148638  0.118575
13.5  1.16239  0.069119  0.118111
13.5  1.19381  0.0813862  0.0928985
13.5  1.22522  0.0786208  0.0848254
13.5  1.25664  0.0624553  0.0893726
13.5  1.28805  0.0940693  0.0882978
13.5  1.31947  0.0625795  0.0882416
13.5  1.35088  0.0616867  0.0510741
13.5  1.3823  0.948148  0.845201
13.5  1.41372  0.0888439  0.102314
13.5  1.44513  0.063395  0.11105
13.5  1.47655  0.0953954  0.0776014
13.5  1.50796  0.0620074  0.0981352
13.5  1.53938  0.0383293  0.0396548
13.5  1.5708  0.0491892  0.0516181
13.5  1.60221  1.12787  0.964356
13.5  1.63363  0.947218  0.779861
13.5  1.66504  0.37804  0.374275
13.5  1.69646  0.0649737  0.0775013
13.5  1.72788  0.0966645  0.544939
13.5  1.75929  0.0450543  0.0467278
13.5  1.79071  0.0668456  0.0715597
13.5  1.82212  0.517384  0.317416
13.5  1.85354  0.0584317  0.101613
13.5  1.88496  0.0458605  0.0802933
13.5  1.91637  0.0699939  0.070242
13.5  1.94779  0.0618382  0.112375
13.5  1.9792  0.051855  0.0991488
13.5  2.01062  0.0694276  0.0615735
13.5  2.04204  0.0468887  0.046553
13.5  2.07345  0.0613798  0.104163
13.5  2.10487  0.0622236  0.107454
13.5  2.13628  0.0493208  0.0547815
13.5  2.1677  0.0836273  0.0911628
13.5  2.19911  0.0543364  0.0465166
13.5  2.23053  0.0468296  0.0396825
13.5  2.26195  0.0729474  0.125267
13.5  2.29336  0.129701  0.092403
13.5  2.32478  0.0579877  0.0635539
13.5  2.35619  0.177919  0.177048
13.5  2.38761  0.0511878  0.0618302
13.5  2.41903  0.105561  0.100426
13.5  2.45044  0.140407  0.126594
13.5  2.48186  0.0876081  0.097255
13.5  2.51327  0.130093  0.120521
13.5  2.54469  0.0928663  0.102315
13.5  2.57611  0.164782  0.152028
13.5  2.60752  0.184856  0.179059
13.5  2.63894  0.218422  0.122425
13.5  2.67035  0.246126  0.12597
13.5  2.70177  0.232443  0.15025
13.5  2.73319  0.226079  0.205194
13.5  2.7646  0.222111  0.114478
13.5  2.79602  0.00855477  0.0627737
13.5  2.82743  0  0
13.5  2.85885  0  0
13.5  2.89027  0  0
13.5  2.92168  0  0
13.5  2.9531  0  0
13.5  2.98451  0  0
13.5  3.01593  0  0
13.5  3.04734  0  0
13.5  3.07876  0  0
13.5  3.11018  0  0
13.625  0  0  0
13.625  0.0314159  0  0
13.625  0.0628319  0  0
13.625  0.0942478  0  0
13.625  0.125664  0  0
13.625  0.15708  0  0
13.625  0.188496  0  0
13.625  0.219911  0  0
13.625  0.251327  0  0
13.625  0.282743  0  0
13.625  0.314159  0  0
13.625  0.345575  0.190612  0.186167
13.625  0.376991  0.285512  0.202822
13.625  0.408407  0.145414  0.0729871
13.625  0.439823  0.194195  0.165795
13.625  0.471239  0.222805  0.207316
13.625  0.502655  0.211541  0.134577
13.625  0.534071  0.0653806  0.102676
13.625  0.565487  0.11904  0.150599
13.625  0.596903  0.140806  0.0824552
13.625  0.628319  0.167588  0.0865831
13.625  0.659734  0.10516  0.0912968
13.625  0.69115  0.167799  0.0974966
13.625  0.722566  0.0809462  0.0853214
13.625  0.753982  0.072796  0.116965
13.625  0.785398  0.0591607  0.0985751
13.625  0.816814  0.0776046  0.111236
13.625  0.84823  0.049234  0.0485775
13.625  0.879646  0.0805162  0.0781162
13.625  0.911062  0.0549409  0.0899074
13.625  0.942478  0.0793532  0.0813217
13.625  0.973894  0.059933  0.101179
13.625  1.00531  0.0715606  0.104474
13.625  1.03673  0.043752  0.0375659
13.625  1.06814  0.161254  0.121492
13.625  1.09956  0.0771643  0.106907
13.625  1.13097  0.0576189  0.101174
13.625  1.16239  0.0441796  0.0452571
13.625  1.19381  0.157262  0.0938804
13.625  1.22522  0.0690102  0.098223
13.625  1.25664  0.0497512  0.0517993
13.625  1.28805  0.128213  0.136155
13.625  1.31947  0.0579002  0.102015
13.625  1.35088  0.0581435  0.0983419
13.625  1.3823  0.0606255  0.0944766
13.625  1.41372  0.0474258  0.0914273
13.625  1.44513  0.0941977  0.101545
13.625  1.47655  0.752372  0.693786
13.625  1.50796  0.0672034  0.0694445
13.625  1.53938  0.648328  0.599614
13.625  1.5708  0.0784598  0.103834
13.625  1.60221  0.0729464  0.0838068
13.625  1.63363  0.138777  0.100432
13.625  1.66504  0.170875  0.156059
13.625  1.69646  0.0734194  0.0741615
13.625  1.72788  0.0568611  0.076668
13.625  1.75929  0.0617229  0.109039
13.625  1.79071  0.0403262  0.0507114
13.625  1.82212  0.0452143  0.0903834
13.625  1.85354  0.0417092  0.0358372
13.625  1.88496  0.0653636  0.096905
13.625  1.91637  0.0637681  0.119705
13.625  1.94779  0.0693065  0.107394
13.625  1.9792  0.123708  0.0816495
13.625  2.01062  0.050001  0.0942111
13.625  2.04204  0.0578375  0.0622471
13.625  2.07345  0.0510325  0.0547135
13.625  2.10487  0.0698837  0.109511
13.625  2.13628  0.119694  0.0770338
13.625  2.1677  0.0701153  0.11495
13.625  2.19911  0.114845  0.115236
13.625  2.23053  0.0458251  0.0399436
13.625  2.26195  0.0496172  0.0472068
13.625  2.29336  0.0612745  0.0986502
13.625  2.32478  0.0855937  0.12633
13.625  2.35619  0.0684317  0.116467
13.625  2.38761  0.108447  0.136552
13.625  2.41903  0.0727017  0.0800964
13.625  2.45044  0.186955  0.177479
13.625  2.48186  0.151346  0.132037
13.625  2.51327  0.190906  0.180292
13.625  2.54469  0.0494588  0.0783691
13.625  2.57611  0.175443  0.161349
13.625  2.60752  0.0682386  0.0881426
13.625  2.63894  0.208899  0.159468
13.625  2.67035  0.243524  0.125963
13.625  2.70177  0.179211  0.120925
13.625  2.73319  0.0356628  0.0576801
13.625  2.7646  0.194868  0.133751
13.625  2.79602  0.243875  2.33385
13.625  2.82743  0.258759  1.70226
13.625  2.85885  0  0
13.625  2.89027  0  0
13.625  2.92168  0  0
13.625  2.9531  0  0
13.625  2.98451  0  0
13.625  3.01593  0  0
13.625  3.04734  0  0
13.625  3.07876  0  0
13.625  3.11018  0  0
13.75  0  0  0
13.75  0.0314159  0  0
13.75  0.0628319  0  0
13.75  0.0942478  0  0
13.75  0.125664  0  0
13.75  0.15708  0  0
13.75  0.188496  0  0
13.75  0.219911  0  0
13.75  0.251327  0  0
13.75  0.282743  0.258759  1.70226
13.75  0.314159  0.392095  0.255417
13.75  0.345575  0.127021  0.121836
13.75  0.376991  0.252435  0.208068
13.75  0.408407  0.0860957  0.146407
13.75  0.439823  0.218166  0.194848
13.75  0.471239  0.267529  0.17279
13.75  0.502655  0.174016  0.143254
13.75  0.534071  0.145319  0.144681
13.75  0.565487  0.214229  0.167892
13.75  0.596903  0.154938  0.154928
13.75  0.628319  0.110308  0.138927
13.75  0.659734  0.0587404  0.110489
13.75  0.69115  0.101226  0.125501
13.75  0.722566  0.0778997  0.0791596
13.75  0.753982  0.0681968  0.102302
13.75  0.785398  0.0666832  0.0682062
13.75  0.816814  0.0631649  0.061407
13.75  0.84823  0.0433691  0.0460195
13.75  0.879646  0.125626  0.123439
13.75  0.911062  0.0695875  0.114418
13.75  0.942478  0.14142  0.141147
13.75  0.973894  0.134435  0.0687497
13.75  1.00531  0.06815  0.101722
13.75  1.03673  0.053603  0.0536576
13.75  1.06814  0.0388814  0.0305783
13.75  1.09956  0.0568559  0.100154
13.75  1.13097  1.46859  1.21623
13.75  1.16239  0.0717573  0.155765
13.75  1.19381  0.0377654  0.0323752
13.75  1.22522  0.147418  0.0787167
13.75  1.25664  0.0756667  0.0677563
13.75  1.28805  0.12294  0.123767
13.75  1.31947  0.0866134  0.0796196
13.75  1.35088  0.0354708  0.0347726
13.75  1.3823  0.0810162  0.0805635
13.75  1.41372  0.0833245  0.102267
13.75  1.44513  0.0448631  0.0792467
13.75  1.47655  0.301291  0.413318
13.75  1.50796  0.0955123  0.102651
13.75  1.53938  0.513247  1.10772
13.75  1.5708  0.105251  0.0841277
13.75  1.60221  0.0466179  0.0879583
13.75  1.63363  0.0579029  0.104884
13.75  1.66504  0.0542119  0.0992087
13.75  1.69646  0.0647759  0.0671217
13.75  1.72788  0.243573  0.121788
13.75  1.75929  0.0563037  0.0777793
13.75  1.79071  0.061423  0.101481
13.75  1.82212  0.431148  0.288961
13.75  1.85354  0.135896  0.105001
13.75  1.88496  0.546951  0.409745
13.75  1.91637  0.0581546  0.0985447
13.75  1.94779  0.0451735  0.0407743
13.75  1.9792  0.0646822  0.0985936
13.75  2.01062  0.0579206  0.087523
13.75  2.04204  0.0373173  0.0315331
13.75  2.07345  1.27241  1.02459
13.75  2.10487  0.0541922  0.0996507
13.75  2.13628  0.156362  0.0951625
13.75  2.1677  0.0688124  0.107004
13.75  2.19911  0.0528461  0.0590091
13.75  2.23053  0.063021  0.114415
13.75  2.26195  0.0707104  0.116655
13.75  2.29336  0.062045  0.106069
13.75  2.32478  0.0808541  0.0990455
13.75  2.35619  0.123568  0.111254
13.75  2.38761  0.0801378  0.118878
13.75  2.41903  0.0880679  0.0872703
13.75  2.45044  0.0893179  0.126157
13.75  2.48186  0.197741  0.151385
13.75  2.51327  0.153747  0.187092
13.75  2.54469  0.0526828  0.0978277
13.75  2.57611  0.18843  0.0951489
13.75  2.60752  0.145838  0.172157
13.75  2.63894  0.151371  0.115584
13.75  2.67035  0.212221  0.146056
13.75  2.70177  0.22078  0.115134
13.75  2.73319  0.182564  0.170699
13.75  2.7646  0.0894711  0.0475367
13.75  2.79602  0.397475  0.246097
13.75  2.82743  0  0
13.75  2.85885  0  0
13.75  2.89027  0  0
13.75  2.92168  0  0
13.75  2.9531  0  0
13.75  2.98451  0  0
13.75  3.01593  0  0
13.75  3.04734  0  0
13.75  3.07876  0  0
13.75  3.11018  0  0
13.875  0  0  0
13.875  0.0314159  0  0
13.875  0.0628319  0  0
13.875  0.0942478  0  0
13.875  0.125664  0  0
13.875  0.15708  0  0
13.875  0.188496  0  0
13.875  0.219911  0  0
13.875  0.251327  0  0
13.875  0.282743  0  0
13.875  0.314159  0.100752  0.06111
13.875  0.345575  0.203154  0.102606
13.875  0.376991  0.196025  0.101744
13.875  0.408407  0.317187  0.166399
13.875  0.439823  0.116682  0.1703
13.875  0.471239  0.295564  0.158014
13.875  0.502655  0.100192  0.107227
13.875  0.534071  0.0806506  0.11195
13.875  0.565487  0.0724902  0.133193
13.875  0.596903  0.0824719  0.109154
13.875  0.628319  0.0493056  0.0858
13.875  0.659734  0.0720554  0.102037
13.875  0.69115  0.151965  0.147953
13.875  0.722566  0.19789  0.10098
13.875  0.753982  0.164211  0.156804
13.875  0.785398  0.180653  0.135933
13.875  0.816814  0.0599675  0.105925
13.875  0.84823  0.0693255  0.1023
13.875  0.879646  0.0444351  0.0315291
13.875  0.911062  0.0724671  0.111419
13.875  0.942478  0.0682379  0.133866
13.875  0.973894  0.0974209  0.0963468
13.875  1.00531  0.0573942  0.0573797
13.875  1.03673  0.047943  0.0878646
13.875  1.06814  0.0554215  0.0972749
13.875  1.09956  0.0624881  0.102659
13.875  1.13097  0.628793  0.658391
13.875  1.16239  0.146817  0.0734109
13.875  1.19381  0.0806008  0.10039
13.875  1.22522  0.129979  0.0697637
13.875  1.25664  0.0518849  0.0559881
13.875  1.28805  0.0629586  0.091039
13.875  1.31947  0.144812  0.0764167
13.875  1.35088  0.0707389  0.0643241
13.875  1.3823  0.0376552  0.0325224
13.875  1.41372  0.0798833  0.095753
13.875  1.44513  0.102883  0.0733375
13.875  1.47655  0.0779321  0.102857
13.875  1.50796  0.0514002  0.0759898
13.875  1.53938  0.0588501  0.0722898
13.875  1.5708  0.0927304  0.106064
13.875  1.60221  0.0735877  0.0890388
13.875  1.63363  0.0496314  0.0975925
13.875  1.66504  0.066921  0.101432
13.875  1.69646  1.61709  0.871454
13.875  1.72788  0.121359  0.111229
13.875  1.75929  0.0430188  0.0408725
13.875  1.79071  0.0658188  0.111627
13.875  1.82212  0.0501526  0.0539231
13.875  1.85354  0.0445492  0.0832806
13.875  1.88496  0.062472  0.108699
13.875  1.91637  0.574164  0.833718
13.875  1.94779  0.0544521  0.0562678
13.875  1.9792  0.0676013  0.102879
13.875  2.01062  0.066574  0.110603
13.875  2.04204  0.0472048  0.0428853
13.875  2.07345  0.524082  0.380153
13.875  2.10487  0.0425908  0.0309682
13.875  2.13628  0.0707311  0.0934913
13.875  2.1677  0.0672906  0.109816
13.875  2.19911  0.0728954  0.116684
13.875  2.23053  0.046547  0.0457202
13.875  2.26195  0.0549054  0.0985921
13.875  2.29336  0.0496815  0.0512035
13.875  2.32478  0.113827  0.115547
13.875  2.35619  0.0995222  0.0764105
13.875  2.38761  0.154479  0.09522
13.875  2.41903  0.157672  0.1146
13.875  2.45044  0.0708203  0.110145
13.875  2.48186  0.149056  0.0866253
13.875  2.51327  0.102402  0.111925
13.875  2.54469  0.0978742  0.125573
13.875  2.57611  0.141397  0.0707148
13.875  2.60752  0.19199  0.182069
13.875  2.63894  0.194892  0.141737
13.875  2.67035  0.0776309  0.115515
13.875  2.70177  0.0735371  0.11648
13.875  2.73319  0.147623  0.0887997
13.875  2.7646  0.160009  0.157551
13.875  2.79602  0.247912  1.97438
13.875  2.82743  0  0
13.875  2.85885  0  0
13.875  2.89027  0  0
13.875  2.92168  0  0
13.875  2.9531  0  0
13.875  2.98451  0  0
13.875  3.01593  0  0
13.875  3.04734  0  0
13.875  3.07876  0  0
13.875  3.11018  0  0
14  0  0  0
14  0.0314159  0  0
14  0.0628319  0  0
14  0.0942478  0  0
14  0.125664  0  0
14  0.15708  0  0
14  0.188496  0  0
14  0.219911  0  0
14  0.251327  0  0
14  0.282743  0  0
14  0.314159  0.183146  0.153389
14  0.345575  0.294705  0.150621
14  0.376991  0.180469  0.12982
14  0.408407  0.0881874  0.125741
14  0.439823  0.219776  0.195558
14  0.471239  0.195785  0.099316
14  0.502655  0.0657577  0.102343
14  0.534071  0.180731  0.10059
14  0.565487  0.17307  0.129861
14  0.596903  0.229474  0.119305
14  0.628319  0.0592939  0.108254
14  0.659734  0.101916  0.140405
14  0.69115  0.0590995  0.109346
14  0.722566  0.0783263  0.12199
14  0.753982  0.0686656  0.100062
14  0.785398  0.0769476  0.0906462
14  0.816814  0.0631787  0.0652483
14  0.84823  0.0987014  0.098549
14  0.879646  0.0527566  0.0945054
14  0.911062  0.115325  0.127937
14  0.942478  0.0599788  0.0607817
14  0.973894  0.0724839  0.0845103
14  1.00531  0.105667  0.125728
14  1.03673  0.0557633  0.0951304
14  1.06814  0.0681386  0.079923
14  1.09956  0.0706647  0.110588
14  1.13097  0.0479751  0.0872772
14  1.16239  0.0836017  0.0754101
14  1.19381  0.151407  0.122855
14  1.22522  0.801279  0.648128
14  1.25664  0.0436432  0.0440972
14  1.28805  0.611064  0.440362
14  1.31947  0.069603  0.0893623
14  1.35088  0.0846328  0.0896682
14  1.3823  0.308643  0.159708
14  1.41372  0.264076  0.246141
14  1.44513  1.26836  0.721466
14  1.47655  0.0939182  0.105368
14  1.50796  0.0532474  0.0865786
14  1.53938  0.123245  0.123085
14  1.5708  0.0691885  0.0689699
14  1.60221  0.0694715  0.0939124
14  1.63363  0.0981659  0.10957
14  1.66504  0.0907251  0.108033
14  1.69646  0.0718445  0.0765075
14  1.72788  0.0651095  0.0918472
14  1.75929  0.0476337  0.0876331
14  1.79071  0.0478038  0.0528027
14  1.82212  0.0535821  0.0974353
14  1.85354  0.065074  0.129725
14  1.88496  0.0845288  0.0727862
14  1.91637  0.0468541  0.0447246
14  1.94779  0.0562978  0.108632
14  1.9792  0.0473364  0.0828921
14  2.01062  0.0560815  0.0960364
14  2.04204  0.216333  0.140472
14  2.07345  0.0568903  0.070271
14  2.10487  0.0591771  0.102721
14  2.13628  0.0560944  0.10085
14  2.1677  0.0389585  0.0324644
14  2.19911  1.04986  0.786303
14  2.23053  0.0796872  0.109025
14  2.26195  0.0414638  0.0395637
14  2.29336  0.0580538  0.109908
14  2.32478  0.163849  0.103299
14  2.35619  0.0653374  0.101436
14  2.38761  0.0571195  0.0668903
14  2.41903  0.0951609  0.109399
14  2.45044  0.118939  0.0796623
14  2.48186  0.158209  0.144061
14  2.51327  0.162626  0.177433
14  2.54469  0.125321  0.15135
14  2.57611  0.155811  0.155611
14  2.60752  0.136149  0.133936
14  2.63894  0.162666  0.152037
14  2.67035  0.19234  0.191087
14  2.70177  0.244706  0.223706
14  2.73319  0.168763  0.167832
14  2.7646  0.295373  0.294823
14  2.79602  0.246125  0.157556
14  2.82743  0  0
14  2.85885  0  0
14  2.89027  0  0
14  2.92168  0  0
14  2.9531  0  0
14  2.98451  0  0
14  3.01593  0  0
14  3.04734  0  0
14  3.07876  0  0
14  3.11018  0  0
14.125  0  0  0
14.125  0.0314159  0  0
14.125  0.0628319  0  0
14.125  0.0942478  0  0
14.125  0.125664  0  0
14.125  0.15708  0  0
14.125  0.188496  0  0
14.125  0.219911  0  0
14.125  0.251327  0  0
14.125  0.282743  0.258759  1.70227
14.125  0.314159  0.206222  0.164722
14.125  0.345575  0.226511  0.135464
14.125  0.376991  0.0707858  0.119399
14.125  0.408407  0.137151  0.0740961
14.125  0.439823  0.180125  0.164344
14.125  0.471239  0.174764  0.17477
14.125  0.502655  0.17064  0.111243
14.125  0.534071  0.213334  0.160948
14.125  0.565487  0.1575  0.155913
14.125  0.596903  0.192973  0.11745
14.125  0.628319  0.0989058  0.10207
14.125  0.659734  0.0794714  0.0994383
14.125  0.69115  0.0594825  0.101663
14.125  0.722566  0.0763941  0.099088
14.125  0.753982  0.0881617  0.124933
14.125  0.785398  0.112658  0.0737957
14.125  0.816814  0.108739  0.101505
14.125  0.84823  0.0816454  0.123431
14.125  0.879646  0.100387  0.105368
14.125  0.911062  0.0607557  0.0647122
14.125  0.942478  0.0361784  0.0212132
14.125  0.973894  0.0917213  0.0895786
14.125  1.00531  0.0422631  0.0454353
14.125  1.03673  0.411419  0.519918
14.125  1.06814  0.0744207  0.0726321
14.125  1.09956  0.0670103  0.0945626
14.125  1.13097  0.035584  0.0317788
14.125  1.16239  0.0480956  0.0864939
14.125  1.19381  0.0447079  0.0824774
14.125  1.22522  0.107222  0.0978002
14.125  1.25664  0.0493467  0.0509642
14.125  1.28805  0.0698962  0.0731271
14.125  1.31947  0.890866  0.48814
14.125  1.35088  0.0494045  0.0905626
14.125  1.3823  0.0524557  0.0953346
14.125  1.41372  0.0413647  0.042797
14.125  1.44513  0.0446862  0.0478337
14.125  1.47655  0.0485483  0.0847163
14.125  1.50796  0.983513  0.491924
14.125  1.53938  0.164209  0.0868544
14.125  1.5708  0.156903  0.13066
14.125  1.60221  0.0777298  0.095774
14.125  1.63363  1.20181  1.11335
14.125  1.66504  0.223449  0.219567
14.125  1.69646  0.0560931  0.0985704
14.125  1.72788  0.0434637  0.0393445
14.125  1.75929  0.0493607  0.0892455
14.125  1.79071  0.131235  0.0926145
14.125  1.82212  0.0337485  0.0298822
14.125  1.85354  0.116599  0.0620055
14.125  1.88496  1.00204  0.872622
14.125  1.91637  0.624685  0.368964
14.125  1.94779  0.0982737  0.0983543
14.125  1.9792  0.137639  0.0691164
14.125  2.01062  0.0729271  0.0995816
14.125  2.04204  0.0555719  0.0931129
14.125  2.07345  0.0625026  0.109674
14.125  2.10487  0.159534  0.15492
14.125  2.13628  0.0412604  0.0356031
14.125  2.1677  0.0484342  0.0522082
14.125  2.19911  0.16116  0.136351
14.125  2.23053  0.0759337  0.107216
14.125  2.26195  0.0901437  0.101493
14.125  2.29336  0.0727022  0.123031
14.125  2.32478  0.0984962  0.0927962
14.125  2.35619  0.0807659  0.101115
14.125  2.38761  0.15146  0.119261
14.125  2.41903  0.0442477  0.045203
14.125  2.45044  0.103045  0.122939
14.125  2.48186  0.117527  0.140865
14.125  2.51327  0.179107  0.152154
14.125  2.54469  0.11514  0.125733
14.125  2.57611  0.180203  0.115635
14.125  2.60752  0.17618  0.128421
14.125  2.63894  0.193032  0.184434
14.125  2.67035  0.225575  0.208508
14.125  2.70177  0.0770238  0.115145
14.125  2.73319  0.29827  0.151593
14.125  2.7646  0.202782  0.199954
14.125  2.79602  0.204384  0.118519
14.125  2.82743  0.258123  1.7505
14.125  2.85885  0  0
14.125  2.89027  0  0
14.125  2.92168  0  0
14.125  2.9531  0  0
14.125  2.98451  0  0
14.125  3.01593  0  0
14.125  3.04734  0  0
14.125  3.07876  0  0
14.125  3.11018  0  0
14.25  0  0  0
14.25  0.0314159  0  0
14.25  0.0628319  0  0
14.25  0.0942478  0  0
14.25  0.125664  0  0
14.25  0.15708  0  0
14.25  0.188496  0  0
14.25  0.219911  0  0
14.25  0.251327  0  0
14.25  0.282743  0.240951  2.28398
14.25  0.314159  0.223575  0.119893
14.25  0.345575  0.176762  0.168355
14.25  0.376991  0.0428234  0.0930788
14.25  0.408407  0.178135  0.0891523
14.25  0.439823  0.177814  0.107739
14.25  0.471239  0.219568  0.149186
14.25  0.502655  0.0986385  0.121598
14.25  0.534071  0.0751034  0.0821383
14.25  0.565487  0.0647566  0.113789
14.25  0.596903  0.193271  0.166346
14.25  0.628319  0.144727  0.135625
14.25  0.659734  0.0770223  0.105628
14.25  0.69115  0.0620884  0.110383
14.25  0.722566  0.108378  0.130608
14.25  0.753982  0.093352  0.102442
14.25  0.785398  0.110517  0.130986
14.25  0.816814  0.0539133  0.0592556
14.25  0.84823  0.168736  0.0846931
14.25  0.879646  0.0565255  0.103362
14.25  0.911062  0.119973  0.078127
14.25  0.942478  0.137703  0.0715039
14.25  0.973894  0.120938  0.118047
14.25  1.00531  0.0723943  0.106901
14.25  1.03673  0.0679764  0.101723
14.25  1.06814  0.0670052  0.101888
14.25  1.09956  0.0538393  0.0944389
14.25  1.13097  0.0760964  0.0668388
14.25  1.16239  0.184418  0.0990276
14.25  1.19381  0.057628  0.0943313
14.25  1.22522  0.0451728  0.0391325
14.25  1.25664  0.0610694  0.106836
14.25  1.28805  0.0630584  0.0809572
14.25  1.31947  0.135965  0.114382
14.25  1.35088  0.125191  0.0836799
14.25  1.3823  1.22673  0.751164
14.25  1.41372  0.0728296  0.0879003
14.25  1.44513  0.0469952  0.0496632
14.25  1.47655  0.0898014  0.08714
14.25  1.50796  0.177918  0.119687
14.25  1.53938  0.073661  0.415809
14.25  1.5708  1.50555  1.42708
14.25  1.60221  0.0473991  0.0481719
14.25  1.63363  0.0613652  0.0899224
14.25  1.66504  0.129761  0.0763284
14.25  1.69646  0.0575696  0.10682
14.25  1.72788  0.0395969  0.0399688
14.25  1.75929  0.0793395  0.0752827
14.25  1.79071  0.0659905  0.107627
14.25  1.82212  0.0914771  0.0969148
14.25  1.85354  0.102734  0.105429
14.25  1.88496  0.0945952  0.0947332
14.25  1.91637  0.0551358  0.0981178
14.25  1.94779  0.0639819  0.10938
14.25  1.9792  0.762014  0.41216
14.25  2.01062  0.0778021  0.0848914
14.25  2.04204  0.1305  0.136471
14.25  2.07345  0.0484153  0.0534286
14.25  2.10487  0.0749112  0.114172
14.25  2.13628  0.0614976  0.0558944
14.25  2.1677  0.0495525  0.0406728
14.25  2.19911  0.0351192  0.0275175
14.25  2.23053  0.0768211  0.0971858
14.25  2.26195  0.0491443  0.0424049
14.25  2.29336  0.0479647  0.0452324
14.25  2.32478  0.0528691  0.0559871
14.25  2.35619  0.141548  0.13773
14.25  2.38761  0.0686091  0.103183
14.25  2.41903  0.149427  0.13271
14.25  2.45044  0.211756  0.193912
14.25  2.48186  0.103514  0.11005
14.25  2.51327  0.146852  0.148598
14.25  2.54469  0.0848876  0.107673
14.25  2.57611  0.206699  0.125834
14.25  2.60752  0.218384  0.180458
14.25  2.63894  0.212577  0.201224
14.25  2.67035  0.214382  0.207486
14.25  2.70177  0.251699  0.14292
14.25  2.73319  0.180128  0.116046
14.25  2.7646  0.251925  0.175107
14.25  2.79602  0.105357  0.0948321
14.25  2.82743  0.258759  1.70226
14.25  2.85885  0  0
14.25  2.89027  0  0
14.25  2.92168  0  0
14.25  2.9531  0  0
14.25  2.98451  0  0
14.25  3.01593  0  0
14.25  3.04734  0  0
14.25  3.07876  0  0
14.25  3.11018  0  0
14.375  0  0  0
14.375  0.0314159  0  0
14.375  0.0628319  0  0
14.375  0.0942478  0  0
14.375  0.125664  0  0
14.375  0.15708  0  0
14.375  0.188496  0  0
14.375  0.219911  0  0
14.375  0.251327  0.258759  1.70226
14.375  0.282743  0  0
14.375  0.314159  0.444274  0.366583
14.375  0.345575  0.171402  0.156023
14.375  0.376991  0.151585  0.138318
14.375  0.408407  0.244358  0.128273
14.375  0.439823  0.195529  0.0993017
14.375  0.471239  0.0623026  0.0952529
14.375  0.502655  0.177866  0.104655
14.375  0.534071  0.0962156  0.081406
14.375  0.565487  0.129486  0.102334
14.375  0.596903  0.213605  0.202477
14.375  0.628319  0.142798  0.0720045
14.375  0.659734  0.153185  0.144167
14.375  0.69115  0.154563  0.12276
14.375  0.722566  0.14847  0.0742465
14.375  0.753982  0.155522  0.151742
14.375  0.785398  0.117373  0.118617
14.375  0.816814  0.0634598  0.108159
14.375  0.84823  0.0884496  0.125878
14.375  0.879646  0.0570367  0.060803
14.375  0.911062  0.0767883  0.102837
14.375  0.942478  0.0467612  0.043988
14.375  0.973894  0.070959  0.122121
14.375  1.00531  0.477089  0.675116
14.375  1.03673  0.0446236  0.0466921
14.375  1.06814  0.110513  0.0884133
14.375  1.09956  0.0469463  0.0829256
14.375  1.13097  0.0446672  0.0466462
14.375  1.16239  1.04355  0.544426
14.375  1.19381  0.0738299  0.0809964
14.375  1.22522  0.066768  0.0901483
14.375  1.25664  0.166323  0.135268
14.375  1.28805  0.115098  0.115992
14.375  1.31947  0.490139  0.444409
14.375  1.35088  0.0502283  0.055871
14.375  1.3823  0.0309254  0.0270685
14.375  1.41372  0.0978067  0.115858
14.375  1.44513  0.0470312  0.0807715
14.375  1.47655  0.0691633  0.1023
14.375  1.50796  0.0851167  0.101828
14.375  1.53938  0.0731908  0.164285
14.375  1.5708  0.0974683  0.105282
14.375  1.60221  0.145737  0.116298
14.375  1.63363  0.0769704  0.0823421
14.375  1.66504  0.0672641  0.100935
14.375  1.69646  0.0752734  0.192377
14.375  1.72788  0.112178  0.0812852
14.375  1.75929  0.0561475  0.104043
14.375  1.79071  0.0562745  0.10022
14.375  1.82212  0.154743  0.0864848
14.375  1.85354  0.0462111  0.0802784
14.375  1.88496  0.0821734  0.0812112
14.375  1.91637  0.0564013  0.0986183
14.375  1.94779  0.0780641  0.07346
14.375  1.9792  0.0400003  0.047159
14.375  2.01062  0.136945  0.135301
14.375  2.04204  1.26958  0.650598
14.375  2.07345  0.0559864  0.0963229
14.375  2.10487  0.0724152  0.0909267
14.375  2.13628  0.0482927  0.0879996
14.375  2.1677  0.0821563  0.0890752
14.375  2.19911  0.0715433  0.0873435
14.375  2.23053  0.0862417  0.12675
14.375  2.26195  0.0361488  0.0298639
14.375  2.29336  0.0703215  0.110438
14.375  2.32478  0.0721018  0.0884074
14.375  2.35619  0.0468086  0.0906939
14.375  2.38761  0.0792417  0.0818738
14.375  2.41903  0.115013  0.129829
14.375  2.45044  0.145295  0.0771995
14.375  2.48186  0.161551  0.148246
14.375  2.51327  0.180934  0.124505
14.375  2.54469  0.0639851  0.112503
14.375  2.57611  0.0631702  0.101791
14.375  2.60752  0.141723  0.154127
14.375  2.63894  0.158379  0.0792808
14.375  2.67035  0.209021  0.168992
14.375  2.70177  0.263357  0.210231
14.375  2.73319  0.0430339  0.0605152
14.375  2.7646  0.288357  0.242887
14.375  2.79602  0.384067  0.198094
14.375  2.82743  0.320712  0.301009
14.375  2.85885  0  0
14.375  2.89027  0  0
14.375  2.92168  0  0
14.375  2.9531  0  0
14.375  2.98451  0  0
14.375  3.01593  0  0
14.375  3.04734  0  0
14.375  3.07876  0  0
14.375  3.11018  0  0
14.5  0  0  0
14.5  0.0314159  0  0
14.5  0.0628319  0  0
14.5  0.0942478  0  0
14.5  0.125664  0  0
14.5  0.15708  0  0
14.5  0.188496  0  0
14.5  0.219911  0  0
14.5  0.251327  0  0
14.5  0.282743  0.00174587  0.012811
14.5  0.314159  0.195352  0.188315
14.5  0.345575  0.222599  0.12172
14.5  0.376991  0.198077  0.198064
14.5  0.408407  0.104015  0.103412
14.5  0.439823  0.160815  0.150254
14.5  0.471239  0.199746  0.170092
14.5  0.502655  0.196668  0.115075
14.5  0.534071  0.0691774  0.127129
14.5  0.565487  0.180329  0.134143
14.5  0.596903  0.0761049  0.119235
14.5  0.628319  0.105894  0.11943
14.5  0.659734  0.049816  0.096437
14.5  0.69115  0.196867  0.18854
14.5  0.722566  0.0657147  0.101523
14.5  0.753982  0.146214  0.151376
14.5  0.785398  0.0667444  0.0901702
14.5  0.816814  0.133271  0.101299
14.5  0.84823  0.0741183  0.102242
14.5  0.879646  0.693054  0.618064
14.5  0.911062  0.0560717  0.0573241
14.5  0.942478  0.0626707  0.105257
14.5  0.973894  0.142805  0.078364
14.5  1.00531  0.0615775  0.0988283
14.5  1.03673  0.0536404  0.0908687
14.5  1.06814  0.351808  0.820766
14.5  1.09956  0.0480276  0.049548
14.5  1.13097  0.0486986  0.0576278
14.5  1.16239  0.108101  0.102297
14.5  1.19381  0.0491253  0.0868773
14.5  1.22522  0.0477409  0.0545997
14.5  1.25664  1.32711  1.2773
14.5  1.28805  0.250728  0.204144
14.5  1.31947  0.0629745  0.0959802
14.5  1.35088  0.0765298  0.109259
14.5  1.3823  0.680641  0.443097
14.5  1.41372  0.0483253  0.0840471
14.5  1.44513  0.0850304  0.130362
14.5  1.47655  0.0588167  0.0895214
14.5  1.50796  0.132949  0.132493
14.5  1.53938  0.0538461  0.0889498
14.5  1.5708  0.0574494  0.102728
14.5  1.60221  0.0818337  0.089513
14.5  1.63363  0.0521063  0.0837203
14.5  1.66504  0.0779277  0.0710752
14.5  1.69646  0.330441  0.223274
14.5  1.72788  0.1053  0.0924046
14.5  1.75929  0.0534465  0.0999355
14.5  1.79071  0.0733511  0.0783647
14.5  1.82212  0.711403  0.366458
14.5  1.85354  0.0590215  0.0982149
14.5  1.88496  0.154654  0.135577
14.5  1.91637  0.661772  0.387513
14.5  1.94779  0.0630369  0.0968323
14.5  1.9792  0.0467906  0.0491863
14.5  2.01062  1.1092  0.77909
14.5  2.04204  0.0691654  0.101784
14.5  2.07345  0.0672441  0.094558
14.5  2.10487  0.0549958  0.0893015
14.5  2.13628  0.0549748  0.0525028
14.5  2.1677  0.0767887  0.113357
14.5  2.19911  0.0569159  0.0576362
14.5  2.23053  0.161334  0.0916108
14.5  2.26195  0.056397  0.0980949
14.5  2.29336  0.0488881  0.0488577
14.5  2.32478  0.0576571  0.0611944
14.5  2.35619  0.131405  0.0670238
14.5  2.38761  0.0563254  0.106822
14.5  2.41903  0.0464471  0.0492126
14.5  2.45044  0.169851  0.166419
14.5  2.48186  0.135491  0.115472
14.5  2.51327  0.141992  0.0936438
14.5  2.54469  0.213568  0.165341
14.5  2.57611  0.193352  0.13194
14.5  2.60752  0.073424  0.138321
14.5  2.63894  0.206418  0.153162
14.5  2.67035  0.175244  0.103548
14.5  2.70177  0.240333  0.191021
14.5  2.73319  0.301078  0.170416
14.5  2.7646  0.290487  0.16403
14.5  2.79602  0.233264  0.145684
14.5  2.82743  0  0
14.5  2.85885  0  0
14.5  2.89027  0  0
14.5  2.92168  0  0
14.5  2.9531  0  0
14.5  2.98451  0  0
14.5  3.01593  0  0
14.5  3.04734  0  0
14.5  3.07876  0  0
14.5  3.11018  0  0
14.625  0  0  0
14.625  0.0314159  0  0
14.625  0.0628319  0  0
14.625  0.0942478  0  0
14.625  0.125664  0  0
14.625  0.15708  0  0
14.625  0.188496  0  0
14.625  0.219911  0  0
14.625  0.251327  0  0
14.625  0.282743  0.00122211  0.00896767
14.625  0.314159  0.134932  0.0932628
14.625  0.345575  0.168309  0.0846265
14.625  0.376991  0.333807  0.171319
14.625  0.408407  0.249526  0.180524
14.625  0.439823  0.255617  0.254357
14.625  0.471239  0.189018  0.113793
14.625  0.502655  0.165657  0.108066
14.625  0.534071  0.123956  0.101718
14.625  0.565487  0.150665  0.104964
14.625  0.596903  0.0962548  0.108743
14.625  0.628319  0.143195  0.109268
14.625  0.659734  0.12696  0.133237
14.625  0.69115  0.0594983  0.115871
14.625  0.722566  0.183917  0.0985826
14.625  0.753982  0.135081  0.182937
14.625  0.785398  0.0802277  0.0931183
14.625  0.816814  0.0866002  0.111227
14.625  0.84823  0.159867  0.119491
14.625  0.879646  0.0531149  0.0559622
14.625  0.911062  0.0599637  0.10801
14.625  0.942478  0.0399799  0.0340354
14.625  0.973894  0.0742401  0.111326
14.625  1.00531  0.0710349  0.120091
14.625  1.03673  0.10905  0.118776
14.625  1.06814  0.0934554  0.0934781
14.625  1.09956  0.0874551  0.0797272
14.625  1.13097  0.0534592  0.0630732
14.625  1.16239  0.121099  0.737753
14.625  1.19381  0.796464  0.718986
14.625  1.22522  0.0342933  0.0303814
14.625  1.25664  0.0998656  0.0832731
14.625  1.28805  0.0721785  0.224866
14.625  1.31947  0.050954  0.0905042
14.625  1.35088  0.0597513  0.105866
14.625  1.3823  0.127523  0.106006
14.625  1.41372  1.1671  0.829628
14.625  1.44513  0.83957  0.733088
14.625  1.47655  0.0574888  0.106358
14.625  1.50796  0.081525  0.0766953
14.625  1.53938  0.149065  0.0917906
14.625  1.5708  0.0452367  0.0496345
14.625  1.60221  0.12311  0.121057
14.625  1.63363  0.0772207  0.0882283
14.625  1.66504  0.0650495  0.0701123
14.625  1.69646  0.0836834  0.090132
14.625  1.72788  0.0668955  0.0733132
14.625  1.75929  0.0596144  0.109031
14.625  1.79071  0.103856  0.110639
14.625  1.82212  0.0420381  0.0629442
14.625  1.85354  0.149401  0.0812351
14.625  1.88496  0.0739875  0.10626
14.625  1.91637  0.0604274  0.106243
14.625  1.94779  0.0442084  0.0465846
14.625  1.9792  0.0814397  0.0884512
14.625  2.01062  0.0409198  0.0363896
14.625  2.04204  0.0483769  0.0583991
14.625  2.07345  0.0724768  0.0907562
14.625  2.10487  0.0533636  0.0972146
14.625  2.13628  0.0730568  0.133616
14.625  2.1677  0.0609823  0.104981
14.625  2.19911  0.0580744  0.0865451
14.625  2.23053  0.0373837  0.0280189
14.625  2.26195  0.0530349  0.100093
14.625  2.29336  0.0516882  0.0519097
14.625  2.32478  0.0684812  0.115626
14.625  2.35619  0.0422598  0.0448423
14.625  2.38761  0.118833  0.0941713
14.625  2.41903  0.0685882  0.105256
14.625  2.45044  0.0651177  0.0997956
14.625  2.48186  0.0698132  0.0711819
14.625  2.51327  0.149178  0.121925
14.625  2.54469  0.120609  0.113734
14.625  2.57611  0.16274  0.116178
14.625  2.60752  0.185327  0.150288
14.625  2.63894  0.114439  0.103968
14.625  2.67035  0.204676  0.203436
14.625  2.70177  0.189477  0.12911
14.625  2.73319  0.314747  0.220406
14.625  2.7646  0.186039  0.27934
14.625  2.79602  0.0722273  0.0429234
14.625  2.82743  0.485408  0.437982
14.625  2.85885  0.258759  1.70226
14.625  2.89027  0  0
14.625  2.92168  0  0
14.625  2.9531  0  0
14.625  2.98451  0  0
14.625  3.01593  0  0
14.625  3.04734  0  0
14.625  3.07876  0  0
14.625  3.11018  0  0
14.75  0  0  0
14.75  0.0314159  0  0
14.75  0.0628319  0  0
14.75  0.0942478  0  0
14.75  0.125664  0  0
14.75  0.15708  0  0
14.75  0.188496  0  0
14.75  0.219911  0  0
14.75  0.251327  0  0
14.75  0.282743  0.0684389  0.139819
14.75  0.314159  0.0373863  0.0242132
14.75  0.345575  0.199836  0.111668
14.75  0.376991  0.104636  0.105571
14.75  0.408407  0.149353  0.0838666
14.75  0.439823  0.525097  0.406504
14.75  0.471239  0.0825815  0.134471
14.75  0.502655  0.160257  0.130897
14.75  0.534071  0.226145  0.212514
14.75  0.565487  0.101696  0.110534
14.75  0.596903  0.103508  0.0786346
14.75  0.628319  0.205485  0.130238
14.75  0.659734  0.0417734  0.0837974
14.75  0.69115  0.154577  0.0998448
14.75  0.722566  0.0676265  0.0786206
14.75  0.753982  0.0453264  0.0453572
14.75  0.785398  0.0576156  0.101138
14.75  0.816814  0.192633  0.162283
14.75  0.84823  0.0423816  0.0302057
14.75  0.879646  0.121772  0.110835
14.75  0.911062  0.150784  0.151049
14.75  0.942478  0.0601759  0.101464
14.75  0.973894  0.0565321  0.107572
14.75  1.00531  0.0499895  0.0569308
14.75  1.03673  0.056131  0.102387
14.75  1.06814  0.576754  0.607894
14.75  1.09956  0.049261  0.0888974
14.75  1.13097  0.19964  0.115647
14.75  1.16239  0.0587865  0.09181
14.75  1.19381  0.197133  0.108454
14.75  1.22522  0.107045  0.0791176
14.75  1.25664  0.121806  0.0914994
14.75  1.28805  0.0723376  0.108544
14.75  1.31947  0.172995  0.165757
14.75  1.35088  0.0528484  0.0877288
14.75  1.3823  0.0474318  0.0893314
14.75  1.41372  0.0650209  0.0803518
14.75  1.44513  0.0418361  0.0361999
14.75  1.47655  0.0655938  0.0927585
14.75  1.50796  0.0373856  0.0734856
14.75  1.53938  0.148362  0.127801
14.75  1.5708  0.125561  0.112245
14.75  1.60221  0.185087  0.136415
14.75  1.63363  0.0891717  0.100503
14.75  1.66504  0.052523  0.0780653
14.75  1.69646  0.0685103  0.105702
14.75  1.72788  0.988255  0.540815
14.75  1.75929  0.14298  0.116951
14.75  1.79071  0.0987588  0.0715912
14.75  1.82212  0.0466074  0.0890661
14.75  1.85354  0.119181  0.140873
14.75  1.88496  0.0654019  0.0701354
14.75  1.91637  0.0594161  0.0967249
14.75  1.94779  0.0552893  0.0950497
14.75  1.9792  0.058072  0.0931427
14.75  2.01062  0.0578321  0.0966327
14.75  2.04204  0.0470423  0.052166
14.75  2.07345  0.0465286  0.04754
14.75  2.10487  0.0549914  0.0907949
14.75  2.13628  0.0742446  0.110415
14.75  2.1677  0.0412996  0.0414295
14.75  2.19911  0.0606505  0.0634939
14.75  2.23053  0.829149  0.440206
14.75  2.26195  0.0858173  0.109516
14.75  2.29336  0.067149  0.102426
14.75  2.32478  0.119924  0.0972236
14.75  2.35619  0.049827  0.0885138
14.75  2.38761  0.0660527  0.0767807
14.75  2.41903  0.0699111  0.096353
14.75  2.45044  0.189352  0.113262
14.75  2.48186  0.0535506  0.0668287
14.75  2.51327  0.110637  0.137218
14.75  2.54469  0.0690744  0.100857
14.75  2.57611  0.138673  0.171741
14.75  2.60752  0.192683  0.182921
14.75  2.63894  0.199455  0.12661
14.75  2.67035  0.175675  0.0946268
14.75  2.70177  0.245927  0.185806
14.75  2.73319  0.229674  0.115147
14.75  2.7646  0.0617438  0.124148
14.75  2.79602  0.208124  0.207957
14.75  2.82743  0.290552  0.224075
14.75  2.85885  0  0
14.75  2.89027  0  0
14.75  2.92168  0  0
14.75  2.9531  0  0
14.75  2.98451  0  0
14.75  3.01593  0  0
14.75  3.04734  0  0
14.75  3.07876  0  0
14.75  3.11018  0  0
14.875  0  0  0
14.875  0.0314159  0  0
14.875  0.0628319  0  0
14.875  0.0942478  0  0
14.875  0.125664  0  0
14.875  0.15708  0  0
14.875  0.188496  0  0
14.875  0.219911  0  0
14.875  0.251327  0.000349174  0.00256219
14.875  0.282743  0.268491  0.234362
14.875  0.314159  0.165255  0.108427
14.875  0.345575  0.223325  0.11186
14.875  0.376991  0.226707  0.170993
14.875  0.408407  0.202467  0.183068
14.875  0.439823  0.185305  0.139769
14.875  0.471239  0.0540662  0.119616
14.875  0.502655  0.152997  0.0853734
14.875  0.534071  0.21377  0.145248
14.875  0.565487  0.17974  0.0907589
14.875  0.596903  0.179022  0.120971
14.875  0.628319  0.0569241  0.103131
14.875  0.659734  0.157865  0.129336
14.875  0.69115  0.0778678  0.13031
14.875  0.722566  0.140521  0.124642
14.875  0.753982  0.0781464  0.0799652
14.875  0.785398  0.163135  0.0923457
14.875  0.816814  0.141694  0.127138
14.875  0.84823  0.0523874  0.0596732
14.875  0.879646  0.0557363  0.0553268
14.875  0.911062  0.0640811  0.0634858
14.875  0.942478  0.0738538  0.0810797
14.875  0.973894  0.0574426  0.0835048
14.875  1.00531  0.0602468  0.104383
14.875  1.03673  0.134226  0.119578
14.875  1.06814  0.0808488  0.0845753
14.875  1.09956  0.046642  0.049601
14.875  1.13097  0.0553025  0.0957646
14.875  1.16239  0.0578754  0.0557951
14.875  1.19381  1.32363  1.2807
14.875  1.22522  0.0617804  0.10553
14.875  1.25664  0.059058  0.0971888
14.875  1.28805  0.0348293  0.0308301
14.875  1.31947  1.23506  1.03473
14.875  1.35088  0.0633985  0.0651471
14.875  1.3823  0.0611466  0.0893697
14.875  1.41372  0.0340554  0.0388928
14.875  1.44513  0.0980074  0.0984996
14.875  1.47655  0.469625  0.565947
14.875  1.50796  0.0708944  0.0956323
14.875  1.53938  0.0558757  0.0925527
14.875  1.5708  0.690334  0.613815
14.875  1.60221  0.0616765  0.119076
14.875  1.63363  0.115164  0.106655
14.875  1.66504  0.0430536  0.0442148
14.875  1.69646  0.0430753  0.0816201
14.875  1.72788  0.134227  0.0671192
14.875  1.75929  0.0469043  0.0917963
14.875  1.79071  0.0712082  0.101933
14.875  1.82212  0.0397249  0.042295
14.875  1.85354  0.0429375  0.0467776
14.875  1.88496  0.0719077  0.0849805
14.875  1.91637  0.052968  0.0901631
14.875  1.94779  0.0565397  0.101957
14.875  1.9792  0.0789557  0.089646
14.875  2.01062  0.0583045  0.0794241
14.875  2.04204  0.0647854  0.101963
14.875  2.07345  0.065621  0.119368
14.875  2.10487  0.0608803  0.10033
14.875  2.13628  0.0773422  0.117224
14.875  2.1677  0.0542184  0.0574028
14.875  2.19911  0.0558093  0.097848
14.875  2.23053  0.06432  0.108501
14.875  2.26195  0.0838278  0.0890802
14.875  2.29336  0.0409596  0.0303387
14.875  2.32478  0.0582038  0.106038
14.875  2.35619  0.070857  0.11459
14.875  2.38761  0.0510239  0.0917068
14.875  2.41903  0.0436206  0.0497014
14.875  2.45044  0.085359  0.118171
14.875  2.48186  0.175839  0.153884
14.875  2.51327  0.101427  0.113099
14.875  2.54469  0.154269  0.126446
14.875  2.57611  0.0548356  0.11033
14.875  2.60752  0.208065  0.159121
14.875  2.63894  0.146104  0.146029
14.875  2.67035  0.212022  0.2064
14.875  2.70177  0.228008  0.147307
14.875  2.73319  0.159681  0.13278
14.875  2.7646  0.220912  0.112919
14.875  2.79602  0.15921  0.131471
14.875  2.82743  0.487223  0.482978
14.875  2.85885  0.258759  1.70226
14.875  2.89027  0  0
14.875  2.92168  0  0
14.875  2.9531  0  0
14.875  2.98451  0  0
14.875  3.01593  0  0
14.875  3.04734  0  0
14.875  3.07876  0  0
14.875  3.11018  0  0
15  0  0  0
15  0.0314159  0  0
15  0.0628319  0  0
15  0.0942478  0  0
15  0.125664  0  0
15  0.15708  0  0
15  0.188496  0  0
15  0.219911  0  0
15  0.251327  0.215845  1.98058
15  0.282743  0.247115  0.169679
15  0.314159  0.0955441  0.0556052
15  0.345575  0.25373  0.212532
15  0.376991  0.0809675  0.126119
15  0.408407  0.167617  0.156325
15  0.439823  0.183973  0.18397
15  0.471239  0.277609  0.158891
15  0.502655  0.16442  0.125088
15  0.534071  0.0605553  0.0997267
15  0.565487  0.101041  0.125671
15  0.596903  0.196796  0.176996
15  0.628319  0.190897  0.118349
15  0.659734  0.0649832  0.0859894
15  0.69115  0.111267  0.104651
15  0.722566  0.0639613  0.112845
15  0.753982  0.113868  0.11154
15  0.785398  0.0779215  0.0928001
15  0.816814  0.0700612  0.107901
15  0.84823  0.0596165  0.107892
15  0.879646  0.0534222  0.0596188
15  0.911062  0.0683256  0.0876257
15  0.942478  1.05727  0.963494
15  0.973894  0.0542487  0.0876517
15  1.00531  0.0672734  0.112228
15  1.03673  0.0504905  0.0920745
15  1.06814  1.29141  0.78258
15  1.09956  0.0556652  0.0722108
15  1.13097  0.71504  0.390714
15  1.16239  1.33323  0.957015
15  1.19381  0.108019  0.113803
15  1.22522  0.0479051  0.0636421
15  1.25664  0.0700394  0.113351
15  1.28805  0.134937  0.143776
15  1.31947  0.0851355  0.100415
15  1.35088  0.124879  0.0628897
15  1.3823  0.067213  0.106469
15  1.41372  0.0543735  0.0960624
15  1.44513  0.0642616  0.0968297
15  1.47655  0.0890103  0.444487
15  1.50796  0.0821554  0.498467
15  1.53938  1.05464  0.528505
15  1.5708  0.139688  0.145488
15  1.60221  0.0569632  0.0937141
15  1.63363  0.0519702  0.093008
15  1.66504  0.0886996  0.0770415
15  1.69646  0.104039  0.478925
15  1.72788  0.0569154  0.0842881
15  1.75929  0.0521684  0.090437
15  1.79071  0.117986  0.0956604
15  1.82212  0.0454761  0.0453138
15  1.85354  0.113722  0.12999
15  1.88496  0.0567066  0.0993013
15  1.91637  0.444208  0.425199
15  1.94779  0.0422257  0.0444696
15  1.9792  0.0609701  0.106511
15  2.01062  0.0702137  0.0842797
15  2.04204  0.0845725  0.0891368
15  2.07345  0.145738  0.0995151
15  2.10487  0.0786596  0.0883084
15  2.13628  0.0842317  0.0755155
15  2.1677  0.102438  0.0816764
15  2.19911  0.0551556  0.0960645
15  2.23053  0.0371466  0.029262
15  2.26195  0.0515278  0.0564104
15  2.29336  0.0674285  0.111444
15  2.32478  0.156548  0.13166
15  2.35619  0.0608723  0.113242
15  2.38761  0.065383  0.0984481
15  2.41903  0.0692573  0.100845
15  2.45044  0.148453  0.149968
15  2.48186  0.134677  0.1046
15  2.51327  0.155151  0.15248
15  2.54469  0.146591  0.077177
15  2.57611  0.153682  0.105059
15  2.60752  0.186948  0.0947393
15  2.63894  0.171399  0.088106
15  2.67035  0.249731  0.147899
15  2.70177  0.22202  0.164402
15  2.73319  0.181685  0.0911418
15  2.7646  0.218545  0.218005
15  2.79602  0.260018  0.157456
15  2.82743  0.0122211  0.0896767
15  2.85885  0  0
15  2.89027  0  0
15  2.92168  0  0
15  2.9531  0  0
15  2.98451  0  0
15  3.01593  0  0
15  3.04734  0  0
15  3.07876  0  0
15  3.11018  0  0
15.125  0  0  0
15.125  0.0314159  0  0
15.125  0.0628319  0  0
15.125  0.0942478  0  0
15.125  0.125664  0  0
15.125  0.15708  0  0
15.125  0.188496  0  0
15.125  0.219911  0  0
15.125  0.251327  0  0
15.125  0.282743  0.393438  0.304249
15.125  0.314159  0.161025  0.158322
15.125  0.345575  0.0551328  0.0332456
15.125  0.376991  0.282112  0.141853
15.125  0.408407  0.07687  0.171479
15.125  0.439823  0.161115  0.100207
15.125  0.471239  0.206226  0.115176
15.125  0.502655  0.179601  0.164045
15.125  0.534071  0.109075  0.128211
15.125  0.565487  0.176749  0.101849
15.125  0.596903  0.129459  0.15473
15.125  0.628319  0.087813  0.0908177
15.125  0.659734  0.17217  0.118718
15.125  0.69115  0.0680317  0.118448
15.125  0.722566  0.115853  0.126661
15.125  0.753982  0.145439  0.132069
15.125  0.785398  0.0609664  0.109372
15.125  0.816814  0.0792043  0.122439
15.125  0.84823  0.0445675  0.0410099
15.125  0.879646  0.0983744  0.107595
15.125  0.911062  0.110869  0.122589
15.125  0.942478  0.266385  0.156061
15.125  0.973894  0.0478591  0.0530061
15.125  1.00531  0.210408  0.162141
15.125  1.03673  0.0571149  0.102764
15.125  1.06814  0.299409  0.29236
15.125  1.09956  0.0413408  0.0442077
15.125  1.13097  0.0830177  0.084057
15.125  1.16239  1.14544  1.09635
15.125  1.19381  0.0529613  0.0938905
15.125  1.22522  0.0678247  0.120984
15.125  1.25664  0.769685  0.685337
15.125  1.28805  0.42026  0.254799
15.125  1.31947  0.0595695  0.0828106
15.125  1.35088  0.315885  0.381239
15.125  1.3823  0.0545946  0.0942626
15.125  1.41372  1.00718  0.607163
15.125  1.44513  0.31433  0.627829
15.125  1.47655  0.136532  1.21067
15.125  1.50796  0.0750622  0.0785578
15.125  1.53938  0.0716438  0.0938359
15.125  1.5708  0.0989247  0.13781
15.125  1.60221  0.237544  0.417584
15.125  1.63363  0.150919  0.128099
15.125  1.66504  0.0834193  0.0829331
15.125  1.69646  0.297281  0.296731
15.125  1.72788  0.0477563  0.0886603
15.125  1.75929  0.062959  0.102252
15.125  1.79071  1.00013  0.904524
15.125  1.82212  1.19337  0.704369
15.125  1.85354  1.18231  0.838118
15.125  1.88496  0.773078  0.717178
15.125  1.91637  0.0297724  0.0240438
15.125  1.94779  0.0471949  0.0840434
15.125  1.9792  0.0910335  0.386459
15.125  2.01062  0.73912  0.732446
15.125  2.04204  0.234549  0.182982
15.125  2.07345  0.0428519  0.03838
15.125  2.10487  0.0701018  0.117285
15.125  2.13628  0.0543038  0.0963207
15.125  2.1677  0.0774208  0.109945
15.125  2.19911  0.0795703  0.103511
15.125  2.23053  0.0569427  0.102639
15.125  2.26195  0.0889023  0.0989353
15.125  2.29336  0.0770683  0.113174
15.125  2.32478  0.0768223  0.110899
15.125  2.35619  0.0678373  0.100511
15.125  2.38761  0.399988  0.392675
15.125  2.41903  0.093414  0.106165
15.125  2.45044  0.0457697  0.100112
15.125  2.48186  0.0916923  0.100835
15.125  2.51327  0.0918419  0.0911937
15.125  2.54469  0.0930965  0.105938
15.125  2.57611  0.147382  0.133416
15.125  2.60752  0.0805212  0.0885339
15.125  2.63894  0.155206  0.100996
15.125  2.67035  0.09786  0.095958
15.125  2.70177  0.167812  0.140247
15.125  2.73319  0.280369  0.211213
15.125  2.7646  0.150763  0.144496
15.125  2.79602  0.140022  0.124924
15.125  2.82743  0.211398  0.175152
15.125  2.85885  0  0
15.125  2.89027  0  0
15.125  2.92168  0  0
15.125  2.9531  0  0
15.125  2.98451  0  0
15.125  3.01593  0  0
15.125  3.04734  0  0
15.125  3.07876  0  0
15.125  3.11018  0  0
15.25  0  0  0
15.25  0.0314159  0  0
15.25  0.0628319  0  0
15.25  0.0942478  0  0
15.25  0.125664  0  0
15.25  0.15708  0  0
15.25  0.188496  0  0
15.25  0.219911  0  0
15.25  0.251327  0.26101  1.54009
15.25  0.282743  0.231048  0.115576
15.25  0.314159  0.0814114  0.0686844
15.25  0.345575  0.259813  0.257832
15.25  0.376991  0.305632  0.174036
15.25  0.408407  0.214086  0.10707
15.25  0.439823  0.138368  0.137893
15.25  0.471239  0.0517444  0.0799527
15.25  0.502655  0.205002  0.103364
15.25  0.534071  0.135164  0.111815
15.25  0.565487  0.12493  0.119214
15.25  0.596903  0.142549  0.0794728
15.25  0.628319  0.103167  0.108287
15.25  0.659734  0.168861  0.105751
15.25  0.69115  0.0895723  0.112027
15.25  0.722566  0.0829666  0.110591
15.25  0.753982  0.0498902  0.0496523
15.25  0.785398  0.0556863  0.0925511
15.25  0.816814  0.0970691  0.112983
15.25  0.84823  0.299453  0.287698
15.25  0.879646  0.861438  0.860145
15.25  0.911062  0.156279  0.0828314
15.25  0.942478  0.915102  0.473376
15.25  0.973894  0.0611757  0.0992117
15.25  1.00531  0.0560098  0.0969264
15.25  1.03673  0.0712741  0.0961331
15.25  1.06814  0.0709445  0.0846572
15.25  1.09956  1.30784  0.847322
15.25  1.13097  0.142015  0.140473
15.25  1.16239  0.0529209  0.0594592
15.25  1.19381  0.0760041  0.474382
15.25  1.22522  0.0730207  0.0941328
15.25  1.25664  0.0514627  0.0958743
15.25  1.28805  0.743399  0.714973
15.25  1.31947  0.0395045  0.0379749
15.25  1.35088  0.143343  0.0988175
15.25  1.3823  0.0426391  0.0452052
15.25  1.41372  0.242266  0.218681
15.25  1.44513  0.139665  0.0800375
15.25  1.47655  0.0646595  0.10971
15.25  1.50796  0.0516658  0.0871122
15.25  1.53938  0.0922784  0.0891128
15.25  1.5708  0.0638632  0.10085
15.25  1.60221  3.72261  1.86136
15.25  1.63363  0.0516392  0.0950308
15.25  1.66504  0.0389418  0.0408192
15.25  1.69646  0.352445  0.722482
15.25  1.72788  0.067768  0.0634122
15.25  1.75929  0.0376478  0.043901
15.25  1.79071  0.353969  0.222422
15.25  1.82212  0.0467322  0.0853427
15.25  1.85354  0.102905  0.504651
15.25  1.88496  0.0437569  0.0814838
15.25  1.91637  0.0426437  0.0423378
15.25  1.94779  0.0852081  0.071132
15.25  1.9792  0.0563234  0.100229
15.25  2.01062  0.0470862  0.0900388
15.25  2.04204  0.0471837  0.0428446
15.25  2.07345  0.118565  0.133433
15.25  2.10487  0.0807008  0.0889649
15.25  2.13628  0.0811035  0.0889256
15.25  2.1677  0.0534703  0.0585479
15.25  2.19911  0.143648  0.111033
15.25  2.23053  0.0600812  0.0985443
15.25  2.26195  0.0797617  0.0695176
15.25  2.29336  0.174827  0.17435
15.25  2.32478  0.0483709  0.0929763
15.25  2.35619  0.170729  0.11432
15.25  2.38761  0.127397  0.0895746
15.25  2.41903  0.160554  0.160373
15.25  2.45044  0.0855186  0.103484
15.25  2.48186  0.0820034  0.0907944
15.25  2.51327  0.209811  0.10573
15.25  2.54469  0.135772  0.0846761
15.25  2.57611  0.207799  0.105087
15.25  2.60752  0.13628  0.181481
15.25  2.63894  0.261584  0.166769
15.25  2.67035  0.160368  0.132898
15.25  2.70177  0.148157  0.0922377
15.25  2.73319  0.132559  0.0998527
15.25  2.7646  0.118415  0.061418
15.25  2.79602  0.325905  0.321978
15.25  2.82743  0.116382  0.062611
15.25  2.85885  0  0
15.25  2.89027  0  0
15.25  2.92168  0  0
15.25  2.9531  0  0
15.25  2.98451  0  0
15.25  3.01593  0  0
15.25  3.04734  0  0
15.25  3.07876  0  0
15.25  3.11018  0  0
15.375  0  0  0
15.375  0.0314159  0  0
15.375  0.0628319  0  0
15.375  0.0942478  0  0
15.375  0.125664  0  0
15.375  0.15708  0  0
15.375  0.188496  0  0
15.375  0.219911  0  0
15.375  0.251327  0  0
15.375  0.282743  0.20561  0.171615
15.375  0.314159  0.277655  0.255537
15.375  0.345575  0.221304  0.190177
15.375  0.376991  0.216613  0.176713
15.375  0.408407  0.161319  0.195937
15.375  0.439823  0.179809  0.147904
15.375  0.471239  0.175499  0.107266
15.375  0.502655  0.0580568  0.0918701
15.375  0.534071  0.183767  0.0965082
15.375  0.565487  0.0639005  0.0666115
15.375  0.596903  0.192285  0.126829
15.375  0.628319  0.115957  0.150268
15.375  0.659734  0.0685086  0.105851
15.375  0.69115  0.0795876  0.122955
15.375  0.722566  0.06823  0.118552
15.375  0.753982  0.105123  0.101706
15.375  0.785398  0.0493357  0.0537753
15.375  0.816814  0.0443958  0.0445146
15.375  0.84823  0.044561  0.0337403
15.375  0.879646  0.272165  0.315301
15.375  0.911062  0.715852  0.550063
15.375  0.942478  0.043709  0.0433701
15.375  0.973894  0.0771136  0.104323
15.375  1.00531  0.0781831  0.0745441
15.375  1.03673  0.0733857  0.101414
15.375  1.06814  0.214136  0.143808
15.375  1.09956  0.0697813  0.122567
15.375  1.13097  0.0672748  0.0758558
15.375  1.16239  0.0403342  0.0340483
15.375  1.19381  0.0515357  0.0572888
15.375  1.22522  0.18387  0.13003
15.375  1.25664  0.509385  0.72248
15.375  1.28805  0.0816446  0.0838189
15.375  1.31947  0.0399674  0.0415984
15.375  1.35088  1.6276  1.58651
15.375  1.3823  0.0643687  0.0950689
15.375  1.41372  0.15371  0.119307
15.375  1.44513  0.0422692  0.0461798
15.375  1.47655  0.136825  0.0706819
15.375  1.50796  0.725769  0.696967
15.375  1.53938  0.0539099  0.094281
15.375  1.5708  0.503407  0.487872
15.375  1.60221  0.0440088  0.0438141
15.375  1.63363  0.0988346  0.0739927
15.375  1.66504  0.0497235  0.0889848
15.375  1.69646  0.108212  0.119504
15.375  1.72788  0.0506241  0.0513457
15.375  1.75929  0.061465  0.103454
15.375  1.79071  0.239108  0.188908
15.375  1.82212  1.00435  1.0021
15.375  1.85354  1.55255  1.17297
15.375  1.88496  0.0573061  0.0959328
15.375  1.91637  0.0503436  0.0504601
15.375  1.94779  0.0739982  0.0912015
15.375  1.9792  0.0854944  0.0870318
15.375  2.01062  0.0627678  0.108289
15.375  2.04204  0.13729  0.068898
15.375  2.07345  0.0540153  0.0592944
15.375  2.10487  0.0515833  0.0518408
15.375  2.13628  0.069315  0.102332
15.375  2.1677  0.0687624  0.0936866
15.375  2.19911  0.0646689  0.106574
15.375  2.23053  0.0677949  0.109729
15.375  2.26195  0.0464828  0.0512806
15.375  2.29336  0.0524398  0.0543965
15.375  2.32478  0.105144  0.0955361
15.375  2.35619  0.0782207  0.0842004
15.375  2.38761  0.138866  0.0925826
15.375  2.41903  0.0847451  0.0822479
15.375  2.45044  0.186722  0.185133
15.375  2.48186  0.0991331  0.0883194
15.375  2.51327  0.0779106  0.0973712
15.375  2.54469  0.0736246  0.0799404
15.375  2.57611  0.059739  0.0799159
15.375  2.60752  0.154541  0.098062
15.375  2.63894  0.204821  0.134823
15.375  2.67035  0.204662  0.182639
15.375  2.70177  0.175268  0.0876482
15.375  2.73319  0.183101  0.103303
15.375  2.7646  0.156084  0.0811916
15.375  2.79602  0.341778  0.171686
15.375  2.82743  0.339792  0.175614
15.375  2.85885  0.258759  1.70226
15.375  2.89027  0  0
15.375  2.92168  0  0
15.375  2.9531  0  0
15.375  2.98451  0  0
15.375  3.01593  0  0
15.375  3.04734  0  0
15.375  3.07876  0  0
15.375  3.11018  0  0
15.5  0  0  0
15.5  0.0314159  0  0
15.5  0.0628319  0  0
15.5  0.0942478  0  0
15.5  0.125664  0  0
15.5  0.15708  0  0
15.5  0.188496  0  0
15.5  0.219911  0  0
15.5  0.251327  0.0171095  0.125547
15.5  0.282743  0.327658  0.163834
15.5  0.314159  0.260312  0.15361
15.5  0.345575  0.136729  0.131217
15.5  0.376991  0.309265  0.309224
15.5  0.408407  0.193187  0.188513
15.5  0.439823  0.20276  0.179565
15.5  0.471239  0.0623985  0.149555
15.5  0.502655  0.0625494  0.0998345
15.5  0.534071  0.146004  0.14282
15.5  0.565487  0.0634962  0.0920866
15.5  0.596903  0.166177  0.141092
15.5  0.628319  0.0470281  0.045634
15.5  0.659734  0.069667  0.103696
15.5  0.69115  0.116286  0.141031
15.5  0.722566  0.0979915  0.105874
15.5  0.753982  0.0886042  0.0989856
15.5  0.785398  0.0873234  0.0975818
15.5  0.816814  0.0442372  0.0474149
15.5  0.84823  0.0617651  0.0508356
15.5  0.879646  0.0433253  0.0462111
15.5  0.911062  0.039054  0.030362
15.5  0.942478  0.288147  0.41162
15.5  0.973894  0.0602821  0.102313
15.5  1.00531  0.0780617  0.115419
15.5  1.03673  0.0908828  0.0867447
15.5  1.06814  0.0548541  0.0922735
15.5  1.09956  0.0367302  0.0397276
15.5  1.13097  0.111137  0.0761429
15.5  1.16239  0.071047  0.164706
15.5  1.19381  0.093212  0.0946207
15.5  1.22522  0.134688  0.0794482
15.5  1.25664  0.0923879  0.0900716
15.5  1.28805  0.0631473  0.0818744
15.5  1.31947  0.0948233  0.0744508
15.5  1.35088  0.239852  0.12524
15.5  1.3823  0.0715683  0.0727015
15.5  1.41372  0.0809663  0.0928032
15.5  1.44513  0.126769  0.115907
15.5  1.47655  0.0681911  0.101247
15.5  1.50796  1.31369  0.967316
15.5  1.53938  0.769935  0.655403
15.5  1.5708  0.0464024  0.0672201
15.5  1.60221  0.0655662  0.11502
15.5  1.63363  0.0566728  0.0980197
15.5  1.66504  0.873948  0.85997
15.5  1.69646  0.0508944  0.0965176
15.5  1.72788  0.143893  0.107475
15.5  1.75929  0.0469092  0.0892051
15.5  1.79071  0.0579177  0.101231
15.5  1.82212  0.0589245  0.0948867
15.5  1.85354  0.452401  0.250184
15.5  1.88496  0.611828  0.566293
15.5  1.91637  0.0574216  0.10239
15.5  1.94779  0.0608966  0.0926974
15.5  1.9792  0.0587176  0.102038
15.5  2.01062  0.0611013  0.0608647
15.5  2.04204  0.147248  0.108378
15.5  2.07345  0.0742618  0.105056
15.5  2.10487  0.248316  0.125091
15.5  2.13628  0.0576495  0.104164
15.5  2.1677  0.04764  0.0532424
15.5  2.19911  0.0687376  0.11419
15.5  2.23053  0.0640298  0.105111
15.5  2.26195  0.0521567  0.0581915
15.5  2.29336  0.0624991  0.0975408
15.5  2.32478  0.164487  0.148272
15.5  2.35619  0.0522309  0.098044
15.5  2.38761  0.102217  0.0982714
15.5  2.41903  0.0829442  0.110115
15.5  2.45044  0.10278  0.126032
15.5  2.48186  0.0749698  0.091702
15.5  2.51327  0.0994334  0.154543
15.5  2.54469  0.123579  0.110427
15.5  2.57611  0.0917933  0.0896713
15.5  2.60752  0.238864  0.150171
15.5  2.63894  0.186243  0.140699
15.5  2.67035  0.11353  0.123325
15.5  2.70177  0.16002  0.150511
15.5  2.73319  0.187067  0.186752
15.5  2.7646  0.20442  0.11027
15.5  2.79602  0.317041  0.203628
15.5  2.82743  0.21531  0.203698
15.5  2.85885  0.260103  1.60293
15.5  2.89027  0  0
15.5  2.92168  0  0
15.5  2.9531  0  0
15.5  2.98451  0  0
15.5  3.01593  0  0
15.5  3.04734  0  0
15.5  3.07876  0  0
15.5  3.11018  0  0
15.625  0  0  0
15.625  0.0314159  0  0
15.625  0.0628319  0  0
15.625  0.0942478  0  0
15.625  0.125664  0  0
15.625  0.15708  0  0
15.625  0.188496  0  0
15.625  0.219911  0  0
15.625  0.251327  0.258759  1.70226
15.625  0.282743  0.248535  0.224041
15.625  0.314159  0.264121  0.249367
15.625  0.345575  0.209654  0.11488
15.625  0.376991  0.234177  0.180674
15.625  0.408407  0.0836384  0.146138
15.625  0.439823  0.0838768  0.0793827
15.625  0.471239  0.236553  0.122658
15.625  0.502655  0.176074  0.129037
15.625  0.534071  0.181544  0.163878
15.625  0.565487  0.125816  0.143359
15.625  0.596903  0.203194  0.127953
15.625  0.628319  0.160153  0.136612
15.625  0.659734  0.103655  0.111859
15.625  0.69115  0.137641  0.113622
15.625  0.722566  0.0674022  0.124012
15.625  0.753982  0.0831308  0.118103
15.625  0.785398  0.0643226  0.111212
15.625  0.816814  0.0650418  0.111547
15.625  0.84823  0.0367579  0.0366493
15.625  0.879646  0.0567458  0.0992117
15.625  0.911062  0.0602211  0.103933
15.625  0.942478  0.0760097  0.100279
15.625  0.973894  0.588114  0.697264
15.625  1.00531  0.0904835  0.0943841
15.625  1.03673  0.0858507  0.0923241
15.625  1.06814  0.0737563  0.0940244
15.625  1.09956  0.0996032  0.16022
15.625  1.13097  0.0618203  0.106107
15.625  1.16239  0.0651954  0.0903602
15.625  1.19381  0.0485184  0.0904314
15.625  1.22522  1.12013  1.06623
15.625  1.25664  0.0588898  0.113563
15.625  1.28805  0.0965444  0.0627256
15.625  1.31947  0.497007  0.408994
15.625  1.35088  0.0678471  0.141077
15.625  1.3823  0.138564  0.137604
15.625  1.41372  0.113135  0.238077
15.625  1.44513  0.107973  0.117979
15.625  1.47655  0.0585894  0.0840834
15.625  1.50796  0.0588869  0.0970403
15.625  1.53938  0.0729445  0.287257
15.625  1.5708  0.0415797  0.0757779
15.625  1.60221  0.0481119  0.0736962
15.625  1.63363  0.0731747  0.179366
15.625  1.66504  0.705702  0.415259
15.625  1.69646  0.201003  0.260138
15.625  1.72788  0.0558895  0.103867
15.625  1.75929  0.0773767  0.0682489
15.625  1.79071  0.0413179  0.0701888
15.625  1.82212  0.0601079  0.0802905
15.625  1.85354  0.226876  0.158773
15.625  1.88496  0.983459  0.940773
15.625  1.91637  0.0850927  0.096559
15.625  1.94779  0.141229  0.075366
15.625  1.9792  0.0589293  0.0894849
15.625  2.01062  0.0419565  0.0346088
15.625  2.04204  0.725049  0.642314
15.625  2.07345  0.0627413  0.11538
15.625  2.10487  0.0400061  0.0316624
15.625  2.13628  0.0921492  0.0886044
15.625  2.1677  0.0743841  0.10538
15.625  2.19911  0.0566864  0.0992206
15.625  2.23053  0.0581257  0.0549167
15.625  2.26195  0.0600535  0.0625237
15.625  2.29336  0.0981358  0.102991
15.625  2.32478  0.0664678  0.113979
15.625  2.35619  0.0767887  0.0871796
15.625  2.38761  0.0960082  0.120772
15.625  2.41903  0.158506  0.0795057
15.625  2.45044  0.0829405  0.0934068
15.625  2.48186  0.140053  0.0746417
15.625  2.51327  0.1084  0.128064
15.625  2.54469  0.184225  0.14246
15.625  2.57611  0.179902  0.179821
15.625  2.60752  0.162019  0.090022
15.625  2.63894  0.207532  0.103985
15.625  2.67035  0.0752862  0.141717
15.625  2.70177  0.186605  0.156655
15.625  2.73319  0.282545  0.27999
15.625  2.7646  0.151213  0.082541
15.625  2.79602  0.199666  0.197027
15.625  2.82743  0.0209505  0.153731
15.625  2.85885  0.258759  1.70226
15.625  2.89027  0  0
15.625  2.92168  0  0
15.625  2.9531  0  0
15.625  2.98451  0  0
15.625  3.01593  0  0
15.625  3.04734  0  0
15.625  3.07876  0  0
15.625  3.11018  0  0
15.75  0  0  0
15.75  0.0314159  0  0
15.75  0.0628319  0  0
15.75  0.0942478  0  0
15.75  0.125664  0  0
15.75  0.15708  0  0
15.75  0.188496  0  0
15.75  0.219911  0  0
15.75  0.251327  0.163051  1.28057
15.75  0.282743  0.182354  0.138457
15.75  0.314159  0.289559  0.196806
15.75  0.345575  0.218583  0.216741
15.75  0.376991  0.221026  0.115907
15.75  0.408407  0.188667  0.0944294
15.75  0.439823  0.0993104  0.159769
15.75  0.471239  0.0773029  0.127631
15.75  0.502655  0.0916308  0.100842
15.75  0.534071  0.168212  0.158023
15.75  0.565487  0.152822  0.082351
15.75  0.596903  0.0891509  0.111684
15.75  0.628319  0.0633616  0.109786
15.75  0.659734  0.075884  0.0810505
15.75  0.69115  0.15159  0.119942
15.75  0.722566  0.156832  0.0823411
15.75  0.753982  0.124702  0.137539
15.75  0.785398  0.0736314  0.0982183
15.75  0.816814  0.0925569  0.112315
15.75  0.84823  0.0857235  0.11874
15.75  0.879646  0.0849862  0.0934343
15.75  0.911062  0.0716748  0.115462
15.75  0.942478  0.0816535  0.0684932
15.75  0.973894  0.134731  0.0868822
15.75  1.00531  0.0630092  0.0970703
15.75  1.03673  0.0396125  0.0311858
15.75  1.06814  0.0609914  0.105656
15.75  1.09956  0.0428574  0.0843977
15.75  1.13097  0.0786618  0.0795543
15.75  1.16239  0.388295  0.24539
15.75  1.19381  0.0627849  0.0856075
15.75  1.22522  0.0738432  0.113943
15.75  1.25664  0.0815316  0.0760484
15.75  1.28805  0.133566  0.134436
15.75  1.31947  0.0464229  0.0475189
15.75  1.35088  0.0433777  0.038479
15.75  1.3823  0.103941  0.101649
15.75  1.41372  0.0962705  0.108855
15.75  1.44513  0.187452  0.213565
15.75  1.47655  0.0929834  0.097776
15.75  1.50796  0.0468839  0.0790075
15.75  1.53938  1.30261  0.735805
15.75  1.5708  0.122991  0.11813
15.75  1.60221  0.0426491  0.0989472
15.75  1.63363  0.0456861  0.084263
15.75  1.66504  0.913996  0.720244
15.75  1.69646  0.0548651  0.0906575
15.75  1.72788  0.121379  0.108758
15.75  1.75929  0.0975059  0.64623
15.75  1.79071  0.0801084  0.31907
15.75  1.82212  0.196812  0.194704
15.75  1.85354  0.0984648  0.0958754
15.75  1.88496  0.960029  0.779017
15.75  1.91637  0.0364548  0.0439438
15.75  1.94779  0.0836947  0.119476
15.75  1.9792  0.0695924  0.113932
15.75  2.01062  0.13443  0.0762069
15.75  2.04204  0.0666866  0.107578
15.75  2.07345  0.0669684  0.0939854
15.75  2.10487  0.0534835  0.049741
15.75  2.13628  0.0451123  0.0480206
15.75  2.1677  0.096706  0.0864737
15.75  2.19911  0.160643  0.156131
15.75  2.23053  1.38015  0.706999
15.75  2.26195  0.0855003  0.0888231
15.75  2.29336  0.0709125  0.084442
15.75  2.32478  0.058064  0.108519
15.75  2.35619  0.155906  0.0815914
15.75  2.38761  0.0930226  0.0894988
15.75  2.41903  0.109734  0.094553
15.75  2.45044  0.0960767  0.101555
15.75  2.48186  0.0736287  0.0936109
15.75  2.51327  0.0627601  0.0816632
15.75  2.54469  0.0487704  0.095533
15.75  2.57611  0.172164  0.111996
15.75  2.60752  0.0533064  0.116446
15.75  2.63894  0.0649905  0.0996084
15.75  2.67035  0.213023  0.203986
15.75  2.70177  0.221625  0.127675
15.75  2.73319  0.106997  0.203355
15.75  2.7646  0.229479  0.224981
15.75  2.79602  0.965156  0.573167
15.75  2.82743  0.346696  0.327244
15.75  2.85885  0.0158874  0.11658
15.75  2.89027  0  0
15.75  2.92168  0  0
15.75  2.9531  0  0
15.75  2.98451  0  0
15.75  3.01593  0  0
15.75  3.04734  0  0
15.75  3.07876  0  0
15.75  3.11018  0  0
15.875  0  0  0
15.875  0.0314159  0  0
15.875  0.0628319  0  0
15.875  0.0942478  0  0
15.875  0.125664  0  0
15.875  0.15708  0  0
15.875  0.188496  0  0
15.875  0.219911  0  0
15.875  0.251327  0.0485352  0.356144
15.875  0.282743  0.0239184  0.17551
15.875  0.314159  0.0861457  0.0816606
15.875  0.345575  0.238359  0.20266
15.875  0.376991  0.225162  0.224437
15.875  0.408407  0.256856  0.25649
15.875  0.439823  0.111733  0.0970239
15.875  0.471239  0.217365  0.142882
15.875  0.502655  0.143217  0.109225
15.875  0.534071  0.230545  0.206488
15.875  0.565487  0.0596396  0.0893785
15.875  0.596903  0.10486  0.102228
15.875  0.628319  0.149893  0.141727
15.875  0.659734  0.102309  0.0782769
15.875  0.69115  0.055891  0.111845
15.875  0.722566  0.0655904  0.0946113
15.875  0.753982  0.154065  0.151596
15.875  0.785398  0.189456  0.133438
15.875  0.816814  0.330148  0.306501
15.875  0.84823  0.0570742  0.070557
15.875  0.879646  0.0542229  0.100499
15.875  0.911062  0.059486  0.0597021
15.875  0.942478  0.04631  0.0453529
15.875  0.973894  0.0573127  0.0970135
15.875  1.00531  0.0776751  0.125861
15.875  1.03673  0.0505075  0.092733
15.875  1.06814  0.114025  0.117103
15.875  1.09956  0.0618781  0.0904586
15.875  1.13097  1.27705  0.705123
15.875  1.16239  0.0545952  0.0723482
15.875  1.19381  0.238641  0.250706
15.875  1.22522  0.0983902  0.0658939
15.875  1.25664  0.106994  0.0999396
15.875  1.28805  0.305639  0.154073
15.875  1.31947  0.12702  0.0700423
15.875  1.35088  0.0638856  0.0977126
15.875  1.3823  0.51249  0.404566
15.875  1.41372  0.169695  0.11915
15.875  1.44513  0.370156  0.610993
15.875  1.47655  0.129303  0.122582
15.875  1.50796  0.0524486  0.0965876
15.875  1.53938  0.0847659  0.0688007
15.875  1.5708  0.0900823  0.335972
15.875  1.60221  0.439785  0.439266
15.875  1.63363  0.0719882  0.292956
15.875  1.66504  1.0114  0.94065
15.875  1.69646  0.0461374  0.08669
15.875  1.72788  0.0992662  0.10648
15.875  1.75929  0.150338  0.150273
15.875  1.79071  0.130398  0.141851
15.875  1.82212  0.111195  0.0676082
15.875  1.85354  0.125221  0.125189
15.875  1.88496  0.0559462  0.0937411
15.875  1.91637  0.314102  0.170296
15.875  1.94779  0.0487051  0.0915617
15.875  1.9792  0.0572438  0.101909
15.875  2.01062  0.462633  0.626238
15.875  2.04204  0.0480711  0.0538712
15.875  2.07345  0.0468621  0.0483303
15.875  2.10487  0.0450326  0.0782558
15.875  2.13628  0.0762468  0.0835409
15.875  2.1677  0.0491435  0.0501409
15.875  2.19911  0.243019  0.168281
15.875  2.23053  0.099229  0.0978562
15.875  2.26195  0.0593003  0.103927
15.875  2.29336  0.0786933  0.110683
15.875  2.32478  0.0961524  0.0854932
15.875  2.35619  0.0714984  0.106383
15.875  2.38761  0.090506  0.0968327
15.875  2.41903  0.1466  0.081803
15.875  2.45044  0.106517  0.113308
15.875  2.48186  0.0546428  0.113794
15.875  2.51327  0.139229  0.11703
15.875  2.54469  0.122667  0.1406
15.875  2.57611  0.16922  0.129244
15.875  2.60752  0.0393387  0.0818292
15.875  2.63894  0.221532  0.11288
15.875  2.67035  0.226685  0.156992
15.875  2.70177  0.199348  0.190965
15.875  2.73319  0.165137  0.13782
15.875  2.7646  0.306236  0.177675
15.875  2.79602  0.256435  0.144665
15.875  2.82743  0.0013967  0.0102488
15.875  2.85885  0.00907853  0.066617
15.875  2.89027  0  0
15.875  2.92168  0  0
15.875  2.9531  0  0
15.875  2.98451  0  0
15.875  3.01593  0  0
15.875  3.04734  0  0
15.875  3.07876  0  0
15.875  3.11018  0  0
16  0  0  0
16  0.0314159  0  0
16  0.0628319  0  0
16  0.0942478  0  0
16  0.125664  0  0
16  0.15708  0  0
16  0.188496  0  0
16  0.219911  0  0
16  0.251327  0.024966  0.183197
16  0.282743  0.0279151  0.0252187
16  0.314159  0.191325  0.113129
16  0.345575  0.259763  0.130334
16  0.376991  0.159092  0.086486
16  0.408407  0.196607  0.126201
16  0.439823  0.208551  0.113891
16  0.471239  0.216994  0.175103
16  0.502655  0.073673  0.100192
16  0.534071  0.182715  0.111898
16  0.565487  0.18447  0.134956
16  0.596903  0.117929  0.107967
16  0.628319  0.0960183  0.120503
16  0.659734  0.0740409  0.0892168
16  0.69115  0.119397  0.110345
16  0.722566  0.103326  0.0879792
16  0.753982  0.0685206  0.125963
16  0.785398  0.0772868  0.109481
16  0.816814  0.0777212  0.11562
16  0.84823  0.0582616  0.101783
16  0.879646  0.0617345  0.0669049
16  0.911062  0.0676484  0.111196
16  0.942478  0.125321  0.124755
16  0.973894  0.101313  0.118964
16  1.00531  0.0515391  0.059351
16  1.03673  0.853497  0.64322
16  1.06814  0.060026  0.0970534
16  1.09956  0.0581717  0.096351
16  1.13097  0.0534691  0.0878473
16  1.16239  0.052041  0.0600718
16  1.19381  0.196945  0.166537
16  1.22522  0.164003  0.178584
16  1.25664  0.125919  0.124751
16  1.28805  0.0597295  0.0996001
16  1.31947  0.0372188  0.0320437
16  1.35088  0.369422  0.263962
16  1.3823  0.402708  0.483483
16  1.41372  1.44027  0.725031
16  1.44513  0.0649629  0.0962463
16  1.47655  0.0535109  0.0852497
16  1.50796  0.151369  0.0869831
16  1.53938  0.149422  0.101065
16  1.5708  0.119311  0.0968248
16  1.60221  0.066951  0.145339
16  1.63363  0.124944  0.100601
16  1.66504  0.0590251  0.10487
16  1.69646  0.709348  0.614805
16  1.72788  0.0837271  0.0681045
16  1.75929  0.0674626  0.0877418
16  1.79071  0.0835582  0.0969416
16  1.82212  0.234173  0.448708
16  1.85354  0.0667468  0.0774817
16  1.88496  0.0641982  0.0989012
16  1.91637  0.0657367  0.0756976
16  1.94779  0.0511405  0.101641
16  1.9792  0.0700496  0.118876
16  2.01062  0.105273  0.120413
16  2.04204  0.884082  0.817399
16  2.07345  0.128805  0.0855634
16  2.10487  0.0904726  0.105222
16  2.13628  0.0529595  0.0949843
16  2.1677  0.0507702  0.0499028
16  2.19911  0.0566099  0.0995532
16  2.23053  0.0482483  0.0511861
16  2.26195  0.0757525  0.105689
16  2.29336  0.0865393  0.125671
16  2.32478  0.0856288  0.0916895
16  2.35619  0.0719992  0.0958482
16  2.38761  0.0657261  0.103845
16  2.41903  0.175955  0.137124
16  2.45044  0.0967503  0.113882
16  2.48186  0.0614389  0.0678353
16  2.51327  0.0750063  0.098149
16  2.54469  0.227375  0.208012
16  2.57611  0.161631  0.156788
16  2.60752  0.0411711  0.0681358
16  2.63894  0.0969616  0.120277
16  2.67035  0.187881  0.15596
16  2.70177  0.202671  0.202169
16  2.73319  0.0762421  0.104401
16  2.7646  0.0623897  0.0915363
16  2.79602  0.260944  0.207625
16  2.82743  0.16891  0.168111
16  2.85885  0  0
16  2.89027  0  0
16  2.92168  0  0
16  2.9531  0  0
16  2.98451  0  0
16  3.01593  0  0
16  3.04734  0  0
16  3.07876  0  0
16  3.11018  0  0
16.125  0  0  0
16.125  0.0314159  0  0
16.125  0.0628319  0  0
16.125  0.0942478  0  0
16.125  0.125664  0  0
16.125  0.15708  0  0
16.125  0.188496  0  0
16.125  0.219911  0  0
16.125  0.251327  0.22543  0.225323
16.125  0.282743  0.265769  0.212378
16.125  0.314159  0.330448  0.173517
16.125  0.345575  0.214714  0.181841
16.125  0.376991  0.296612  0.27733
16.125  0.408407  0.158467  0.166049
16.125  0.439823  0.235596  0.233568
16.125  0.471239  0.0690954  0.100597
16.125  0.502655  0.0621307  0.0840439
16.125  0.534071  0.181712  0.13365
16.125  0.565487  0.0331238  0.0590857
16.125  0.596903  0.19093  0.14863
16.125  0.628319  0.0490483  0.10321
16.125  0.659734  0.0939485  0.0995112
16.125  0.69115  0.13405  0.106219
16.125  0.722566  0.160933  0.130347
16.125  0.753982  0.0666172  0.107682
16.125  0.785398  1.04016  0.969495
16.125  0.816814  0.0508084  0.101465
16.125  0.84823  0.0408241  0.0328938
16.125  0.879646  0.0437529  0.0464366
16.125  0.911062  0.0822922  0.0924405
16.125  0.942478  0.0638095  0.0993446
16.125  0.973894  0.0626844  0.0990937
16.125  1.00531  0.0515361  0.0587211
16.125  1.03673  0.109611  0.114535
16.125  1.06814  0.0397175  0.0377197
16.125  1.09956  0.0559192  0.0997951
16.125  1.13097  0.463402  0.907046
16.125  1.16239  0.0611345  0.098983
16.125  1.19381  0.191683  0.196461
16.125  1.22522  0.0816676  0.0783534
16.125  1.25664  0.0893723  0.426748
16.125  1.28805  0.0919891  0.0937521
16.125  1.31947  0.97818  0.600097
16.125  1.35088  0.195543  0.188036
16.125  1.3823  0.0413641  0.080159
16.125  1.41372  0.077137  0.594517
16.125  1.44513  0.281809  0.175673
16.125  1.47655  0.110097  0.109128
16.125  1.50796  0.139416  0.131971
16.125  1.53938  0.12636  0.0750103
16.125  1.5708  0.0432274  0.0667537
16.125  1.60221  1.63785  0.89942
16.125  1.63363  0.780641  0.390362
16.125  1.66504  1.02297  0.860646
16.125  1.69646  0.0490025  0.0963409
16.125  1.72788  0.0858921  0.0835518
16.125  1.75929  0.0833551  0.0892193
16.125  1.79071  0.0649751  0.313446
16.125  1.82212  0.0849339  0.109646
16.125  1.85354  0.0703029  0.155921
16.125  1.88496  0.13819  0.103911
16.125  1.91637  0.0959127  0.61341
16.125  1.94779  0.0906563  0.0968161
16.125  1.9792  0.0600141  0.106541
16.125  2.01062  0.0377747  0.037395
16.125  2.04204  0.066216  0.108852
16.125  2.07345  0.621129  0.475309
16.125  2.10487  0.0629076  0.0670681
16.125  2.13628  0.0498093  0.0918914
16.125  2.1677  0.103863  0.123227
16.125  2.19911  0.0625032  0.0897765
16.125  2.23053  0.0424213  0.0375576
16.125  2.26195  0.0544767  0.0995873
16.125  2.29336  0.0620771  0.0674459
16.125  2.32478  0.053091  0.0451525
16.125  2.35619  0.0456992  0.0402322
16.125  2.38761  0.11073  0.0930592
16.125  2.41903  0.0925608  0.081135
16.125  2.45044  0.0869128  0.107158
16.125  2.48186  0.148624  0.143643
16.125  2.51327  0.155889  0.155799
16.125  2.54469  0.0806324  0.0936789
16.125  2.57611  0.181129  0.105331
16.125  2.60752  0.194407  0.146145
16.125  2.63894  0.146498  0.150385
16.125  2.67035  0.221762  0.111211
16.125  2.70177  0.123117  0.0886295
16.125  2.73319  0.145554  0.138474
16.125  2.7646  0.220778  0.196429
16.125  2.79602  0.208051  0.174052
16.125  2.82743  0.29612  0.229683
16.125  2.85885  0.0553441  0.406107
16.125  2.89027  0  0
16.125  2.92168  0  0
16.125  2.9531  0  0
16.125  2.98451  0  0
16.125  3.01593  0  0
16.125  3.04734  0  0
16.125  3.07876  0  0
16.125  3.11018  0  0
16.25  0  0  0
16.25  0.0314159  0  0
16.25  0.0628319  0  0
16.25  0.0942478  0  0
16.25  0.125664  0  0
16.25  0.15708  0  0
16.25  0.188496  0  0
16.25  0.219911  0  0
16.25  0.251327  0.0752308  0.0548855
16.25  0.282743  0.117871  0.102799
16.25  0.314159  0.138601  0.111786
16.25  0.345575  0.00506303  0.0371518
16.25  0.376991  0.214545  0.173696
16.25  0.408407  0.22859  0.178163
16.25  0.439823  0.161495  0.100717
16.25  0.471239  0.211216  0.127982
16.25  0.502655  0.0700807  0.153809
16.25  0.534071  0.0656968  0.0839424
16.25  0.565487  0.0705174  0.104544
16.25  0.596903  0.156509  0.106513
16.25  0.628319  0.0826852  0.117929
16.25  0.659734  0.0891293  0.108229
16.25  0.69115  0.142696  0.0962977
16.25  0.722566  0.143893  0.138274
16.25  0.753982  0.0616442  0.0961135
16.25  0.785398  0.0622376  0.0997417
16.25  0.816814  0.0911576  0.0799412
16.25  0.84823  0.0967529  0.0937901
16.25  0.879646  0.0729759  0.0834803
16.25  0.911062  0.0464026  0.0353967
16.25  0.942478  0.95217  0.943857
16.25  0.973894  0.0626349  0.132561
16.25  1.00531  0.109217  0.130213
16.25  1.03673  0.0591629  0.10541
16.25  1.06814  0.0541755  0.100174
16.25  1.09956  0.746384  0.755286
16.25  1.13097  1.24344  0.761519
16.25  1.16239  0.040201  0.0376463
16.25  1.19381  0.0623397  0.121605
16.25  1.22522  0.677251  0.567299
16.25  1.25664  0.144272  0.12122
16.25  1.28805  0.419818  0.392087
16.25  1.31947  0.0871447  0.0750784
16.25  1.35088  0.0389504  0.0426056
16.25  1.3823  0.15323  0.0768697
16.25  1.41372  0.0560796  0.0937559
16.25  1.44513  0.283956  0.142849
16.25  1.47655  0.190204  0.148642
16.25  1.50796  0.0473444  0.0694082
16.25  1.53938  1.0287  0.729908
16.25  1.5708  0.0842563  0.0921759
16.25  1.60221  0.0847157  0.0991728
16.25  1.63363  0.0596299  0.100551
16.25  1.66504  0.611081  0.467329
16.25  1.69646  0.112537  0.112507
16.25  1.72788  0.837175  0.695264
16.25  1.75929  0.0706237  0.0855256
16.25  1.79071  0.135533  0.0825065
16.25  1.82212  0.0782455  0.0839727
16.25  1.85354  0.0709841  0.0849357
16.25  1.88496  1.04011  0.982201
16.25  1.91637  1.20608  0.951277
16.25  1.94779  0.0591938  0.104818
16.25  1.9792  0.376631  0.258521
16.25  2.01062  0.108554  0.0969693
16.25  2.04204  0.10718  0.0817702
16.25  2.07345  0.0481331  0.0787204
16.25  2.10487  0.0747243  0.116239
16.25  2.13628  0.0690018  0.09095
16.25  2.1677  0.078317  0.074158
16.25  2.19911  0.0571464  0.104659
16.25  2.23053  0.609642  0.7431
16.25  2.26195  0.0661773  0.11463
16.25  2.29336  0.0651997  0.108397
16.25  2.32478  0.0917683  0.0981278
16.25  2.35619  0.0594487  0.104998
16.25  2.38761  0.138063  0.0725816
16.25  2.41903  0.146154  0.121428
16.25  2.45044  0.0545313  0.0809474
16.25  2.48186  0.203216  0.199558
16.25  2.51327  0.0967382  0.114419
16.25  2.54469  0.102447  0.132088
16.25  2.57611  0.187509  0.123106
16.25  2.60752  0.16166  0.146475
16.25  2.63894  0.0856171  0.111385
16.25  2.67035  0.207284  0.11331
16.25  2.70177  0.259113  0.219492
16.25  2.73319  0.18779  0.152291
16.25  2.7646  0.11942  0.106239
16.25  2.79602  0.197286  0.105349
16.25  2.82743  0.274863  0.197626
16.25  2.85885  0.290276  0.245618
16.25  2.89027  0  0
16.25  2.92168  0  0
16.25  2.9531  0  0
16.25  2.98451  0  0
16.25  3.01593  0  0
16.25  3.04734  0  0
16.25  3.07876  0  0
16.25  3.11018  0  0
16.375  0  0  0
16.375  0.0314159  0  0
16.375  0.0628319  0  0
16.375  0.0942478  0  0
16.375  0.125664  0  0
16.375  0.15708  0  0
16.375  0.188496  0  0
16.375  0.219911  0  0
16.375  0.251327  0.170261  0.220878
16.375  0.282743  0.132148  0.073203
16.375  0.314159  0.153725  0.0869817
16.375  0.345575  0.264469  0.157888
16.375  0.376991  0.218614  0.166746
16.375  0.408407  0.169387  0.136016
16.375  0.439823  0.0856619  0.139936
16.375  0.471239  0.0887579  0.141102
16.375  0.502655  0.113148  0.153307
16.375  0.534071  0.118762  0.185697
16.375  0.565487  0.0558698  0.0784498
16.375  0.596903  0.0920446  0.140144
16.375  0.628319  0.137491  0.117632
16.375  0.659734  0.126112  0.0818443
16.375  0.69115  0.120077  0.0607904
16.375  0.722566  0.0669673  0.104925
16.375  0.753982  0.0476683  0.0579413
16.375  0.785398  0.0789599  0.120442
16.375  0.816814  0.0648432  0.109558
16.375  0.84823  0.11738  0.111627
16.375  0.879646  0.117415  0.8586
16.375  0.911062  0.137645  0.108432
16.375  0.942478  0.0764628  0.0944164
16.375  0.973894  0.0811919  0.0919366
16.375  1.00531  0.0662815  0.104554
16.375  1.03673  0.0445709  0.0495399
16.375  1.06814  0.0837028  0.107524
16.375  1.09956  0.0517836  0.0936193
16.375  1.13097  0.0413692  0.0425705
16.375  1.16239  0.0523958  0.0991917
16.375  1.19381  0.0784674  0.0919427
16.375  1.22522  0.0599047  0.103721
16.375  1.25664  0.558025  0.763116
16.375  1.28805  1.17514  0.775302
16.375  1.31947  0.124739  0.132248
16.375  1.35088  0.0570619  0.102955
16.375  1.3823  0.222502  0.199531
16.375  1.41372  0.0606043  0.099415
16.375  1.44513  0.0604366  0.0990511
16.375  1.47655  0.0694906  0.105774
16.375  1.50796  1.46682  1.46211
16.375  1.53938  0.0455909  0.0562195
16.375  1.5708  0.0400902  0.0387626
16.375  1.60221  0.0535104  0.101658
16.375  1.63363  0.0456162  0.0855878
16.375  1.66504  0.968191  0.557927
16.375  1.69646  0.124732  0.10922
16.375  1.72788  0.0354119  0.0371206
16.375  1.75929  0.0500127  0.0936909
16.375  1.79071  0.0500632  0.0899419
16.375  1.82212  0.0495195  0.0844038
16.375  1.85354  0.189753  0.118919
16.375  1.88496  0.0415132  0.0297018
16.375  1.91637  0.932039  1.08167
16.375  1.94779  0.0619118  0.115731
16.375  1.9792  0.0384876  0.0368862
16.375  2.01062  0.0513601  0.0909396
16.375  2.04204  0.0715715  0.0752841
16.375  2.07345  0.0447966  0.0431855
16.375  2.10487  0.0422393  0.0367304
16.375  2.13628  0.0561581  0.0849324
16.375  2.1677  0.0591336  0.0708296
16.375  2.19911  0.0574749  0.0979189
16.375  2.23053  0.0303727  0.014912
16.375  2.26195  0.0417939  0.0346407
16.375  2.29336  0.0527638  0.0664951
16.375  2.32478  0.0423335  0.0406267
16.375  2.35619  0.0703813  0.110946
16.375  2.38761  0.451419  0.419839
16.375  2.41903  0.104491  0.102056
16.375  2.45044  0.109414  0.092781
16.375  2.48186  0.0584393  0.095722
16.375  2.51327  0.0986933  0.0837371
16.375  2.54469  0.134245  0.11599
16.375  2.57611  0.185573  0.185569
16.375  2.60752  0.239463  0.239411
16.375  2.63894  0.173331  0.156123
16.375  2.67035  0.204056  0.199141
16.375  2.70177  0.326402  0.221014
16.375  2.73319  0.180836  0.123392
16.375  2.7646  0.181016  0.135645
16.375  2.79602  0.14185  0.141944
16.375  2.82743  0.301596  0.259441
16.375  2.85885  0.225007  0.15283
16.375  2.89027  0  0
16.375  2.92168  0  0
16.375  2.9531  0  0
16.375  2.98451  0  0
16.375  3.01593  0  0
16.375  3.04734  0  0
16.375  3.07876  0  0
16.375  3.11018  0  0
16.5  0  0  0
16.5  0.0314159  0  0
16.5  0.0628319  0  0
16.5  0.0942478  0  0
16.5  0.125664  0  0
16.5  0.15708  0  0
16.5  0.188496  0  0
16.5  0.219911  0  0
16.5  0.251327  0.0106498  0.0781468
16.5  0.282743  0.319909  0.180304
16.5  0.314159  0.153226  0.142375
16.5  0.345575  0.271621  0.137893
16.5  0.376991  0.153618  0.0913443
16.5  0.408407  0.171577  0.10866
16.5  0.439823  0.0959267  0.169303
16.5  0.471239  0.12359  0.120791
16.5  0.502655  0.157442  0.153603
16.5  0.534071  0.0984417  0.117755
16.5  0.565487  0.143181  0.0762457
16.5  0.596903  0.118668  0.0593454
16.5  0.628319  0.116657  0.0830814
16.5  0.659734  0.0696325  0.0730947
16.5  0.69115  0.103958  0.110141
16.5  0.722566  0.0896256  0.110093
16.5  0.753982  0.0718456  0.109075
16.5  0.785398  0.0580705  0.107594
16.5  0.816814  0.070354  0.0928285
16.5  0.84823  0.0612349  0.112255
16.5  0.879646  0.887496  0.451113
16.5  0.911062  0.0477025  0.0503361
16.5  0.942478  0.0860381  0.0708625
16.5  0.973894  0.0634053  0.106385
16.5  1.00531  0.122007  0.117364
16.5  1.03673  0.0563234  0.0678582
16.5  1.06814  0.0499623  0.0502506
16.5  1.09956  0.0422014  0.0428604
16.5  1.13097  0.0750005  0.0825402
16.5  1.16239  0.0680536  0.100863
16.5  1.19381  0.0393563  0.0333054
16.5  1.22522  0.0393332  0.0335291
16.5  1.25664  0.0495991  0.0800251
16.5  1.28805  1.68694  0.977343
16.5  1.31947  0.0324028  0.0297756
16.5  1.35088  0.10396  0.0885033
16.5  1.3823  1.01005  0.628376
16.5  1.41372  0.0642173  0.0955074
16.5  1.44513  0.482917  0.877552
16.5  1.47655  1.00259  0.975625
16.5  1.50796  0.4783  0.881785
16.5  1.53938  0.0645625  0.0981587
16.5  1.5708  0.13319  0.0666364
16.5  1.60221  0.120726  0.108318
16.5  1.63363  0.0467143  0.0635548
16.5  1.66504  0.0646751  0.0936309
16.5  1.69646  0.0503745  0.088149
16.5  1.72788  0.830902  0.821191
16.5  1.75929  0.0719119  0.0711292
16.5  1.79071  0.0613765  0.0722509
16.5  1.82212  0.271549  0.210362
16.5  1.85354  0.885983  0.998856
16.5  1.88496  0.0590324  0.0933095
16.5  1.91637  1.06465  1.05668
16.5  1.94779  0.0854958  0.545576
16.5  1.9792  0.0619132  0.116134
16.5  2.01062  0.0580534  0.0951605
16.5  2.04204  0.0474131  0.0843871
16.5  2.07345  0.0599907  0.105234
16.5  2.10487  0.0441705  0.04535
16.5  2.13628  0.0669313  0.106717
16.5  2.1677  0.041176  0.0433461
16.5  2.19911  0.0762386  0.0975005
16.5  2.23053  0.111969  0.0815299
16.5  2.26195  0.134029  0.147195
16.5  2.29336  0.0982987  0.0797887
16.5  2.32478  0.0555477  0.101592
16.5  2.35619  0.0602304  0.101805
16.5  2.38761  0.0653738  0.106951
16.5  2.41903  0.0435049  0.0422522
16.5  2.45044  0.0831625  0.106329
16.5  2.48186  0.11305  0.12206
16.5  2.51327  0.0810859  0.0825749
16.5  2.54469  0.181846  0.140242
16.5  2.57611  0.148758  0.118401
16.5  2.60752  0.170931  0.0993398
16.5  2.63894  0.0987329  0.0916361
16.5  2.67035  0.113595  0.110213
16.5  2.70177  0.134252  0.0686432
16.5  2.73319  0.178926  0.176254
16.5  2.7646  0.281347  0.141162
16.5  2.79602  0.321584  0.200267
16.5  2.82743  0.0622598  0.0507616
16.5  2.85885  0.0911189  0.104879
16.5  2.89027  0  0
16.5  2.92168  0  0
16.5  2.9531  0  0
16.5  2.98451  0  0
16.5  3.01593  0  0
16.5  3.04734  0  0
16.5  3.07876  0  0
16.5  3.11018  0  0
16.625  0  0  0
16.625  0.0314159  0  0
16.625  0.0628319  0  0
16.625  0.0942478  0  0
16.625  0.125664  0  0
16.625  0.15708  0  0
16.625  0.188496  0  0
16.625  0.219911  0  0
16.625  0.251327  0.321971  0.178121
16.625  0.282743  0.157013  0.110569
16.625  0.314159  0.514673  0.514639
16.625  0.345575  0.237857  0.197534
16.625  0.376991  0.0295104  0.0584938
16.625  0.408407  0.173759  0.0929474
16.625  0.439823  0.201431  0.198688
16.625  0.471239  0.116444  0.167647
16.625  0.502655  0.281119  0.166703
16.625  0.534071  0.147679  0.165138
16.625  0.565487  0.0807453  0.0988733
16.625  0.596903  0.0872921  0.116188
16.625  0.628319  0.135493  0.13658
16.625  0.659734  0.191161  0.164309
16.625  0.69115  0.0936724  0.095524
16.625  0.722566  0.087673  0.0891052
16.625  0.753982  0.0732861  0.104578
16.625  0.785398  0.0678172  0.0716825
16.625  0.816814  0.0555302  0.0536181
16.625  0.84823  0.0450723  0.0368094
16.625  0.879646  0.134169  0.133181
16.625  0.911062  0.0554605  0.0976601
16.625  0.942478  0.082884  0.10616
16.625  0.973894  0.0414561  0.0344207
16.625  1.00531  0.0435515  0.0448485
16.625  1.03673  0.0638142  0.112151
16.625  1.06814  0.109256  0.0806015
16.625  1.09956  0.318425  0.319665
16.625  1.13097  0.037201  0.0374736
16.625  1.16239  0.189889  0.135056
16.625  1.19381  0.0479043  0.0510178
16.625  1.22522  0.328576  0.300732
16.625  1.25664  0.141664  0.11926
16.625  1.28805  1.24001  1.18789
16.625  1.31947  0.0778159  0.0840326
16.625  1.35088  0.11948  0.119201
16.625  1.3823  0.0763139  0.092931
16.625  1.41372  0.145641  0.106345
16.625  1.44513  0.0721863  0.217911
16.625  1.47655  0.105423  0.0757831
16.625  1.50796  0.0820436  0.0909698
16.625  1.53938  0.0685155  0.098505
16.625  1.5708  1.52327  1.00659
16.625  1.60221  0.0511385  0.0829189
16.625  1.63363  0.986854  0.757275
16.625  1.66504  0.0371056  0.0341549
16.625  1.69646  0.165921  0.0948237
16.625  1.72788  0.0602158  0.146306
16.625  1.75929  0.464306  0.677364
16.625  1.79071  0.0470625  0.0792719
16.625  1.82212  0.0700419  0.100636
16.625  1.85354  0.317017  0.617181
16.625  1.88496  0.0566034  0.101789
16.625  1.91637  0.0555283  0.0976894
16.625  1.94779  0.10192  0.0917386
16.625  1.9792  0.0620674  0.0789356
16.625  2.01062  0.120574  0.0816015
16.625  2.04204  0.0617292  0.0980974
16.625  2.07345  0.072444  0.119488
16.625  2.10487  0.0704178  0.116725
16.625  2.13628  0.0597919  0.100308
16.625  2.1677  0.0461398  0.0474766
16.625  2.19911  0.0866988  0.101135
16.625  2.23053  0.117672  0.819013
16.625  2.26195  0.131945  0.083095
16.625  2.29336  0.0593287  0.0997943
16.625  2.32478  0.0694534  0.100303
16.625  2.35619  0.0467493  0.0464364
16.625  2.38761  0.0533207  0.0609639
16.625  2.41903  0.0836638  0.0792232
16.625  2.45044  0.167169  0.09772
16.625  2.48186  0.0467769  0.10009
16.625  2.51327  0.0748906  0.0743265
16.625  2.54469  0.165438  0.115621
16.625  2.57611  0.19077  0.177016
16.625  2.60752  0.0607118  0.0714549
16.625  2.63894  0.0455157  0.102975
16.625  2.67035  0.216363  0.108182
16.625  2.70177  0.246127  0.178819
16.625  2.73319  0.0659262  0.131779
16.625  2.7646  0.253086  0.234729
16.625  2.79602  0.20111  0.152102
16.625  2.82743  0.272934  0.185786
16.625  2.85885  0.16327  0.0951988
16.625  2.89027  0  0
16.625  2.92168  0  0
16.625  2.9531  0  0
16.625  2.98451  0  0
16.625  3.01593  0  0
16.625  3.04734  0  0
16.625  3.07876  0  0
16.625  3.11018  0  0
16.75  0  0  0
16.75  0.0314159  0  0
16.75  0.0628319  0  0
16.75  0.0942478  0  0
16.75  0.125664  0  0
16.75  0.15708  0  0
16.75  0.188496  0  0
16.75  0.219911  0  0
16.75  0.251327  0.360672  0.254567
16.75  0.282743  0.164356  0.0960595
16.75  0.314159  0.206285  0.145625
16.75  0.345575  0.167803  0.162174
16.75  0.376991  0.303645  0.156985
16.75  0.408407  0.184138  0.105209
16.75  0.439823  0.116196  0.103268
16.75  0.471239  0.172647  0.0901518
16.75  0.502655  0.2317  0.172127
16.75  0.534071  0.0762241  0.0868507
16.75  0.565487  0.103907  0.112477
16.75  0.596903  0.132517  0.121044
16.75  0.628319  0.076987  0.095347
16.75  0.659734  0.178779  0.175496
16.75  0.69115  0.174807  0.12829
16.75  0.722566  0.081577  0.110444
16.75  0.753982  0.12666  0.142588
16.75  0.785398  0.0436982  0.0420065
16.75  0.816814  0.05991  0.103566
16.75  0.84823  0.0778876  0.120108
16.75  0.879646  0.0505212  0.05622
16.75  0.911062  0.937709  0.490657
16.75  0.942478  0.0753362  0.0992949
16.75  0.973894  0.0483531  0.0481082
16.75  1.00531  0.040691  0.0427584
16.75  1.03673  0.0633642  0.0979362
16.75  1.06814  0.882305  0.882285
16.75  1.09956  0.104517  0.0939242
16.75  1.13097  0.0637617  0.0951764
16.75  1.16239  0.0498932  0.0906841
16.75  1.19381  0.102357  0.122785
16.75  1.22522  0.601233  0.495236
16.75  1.25664  0.0860118  0.079484
16.75  1.28805  0.0504745  0.0551952
16.75  1.31947  0.937696  0.4708
16.75  1.35088  0.0578071  0.0872515
16.75  1.3823  0.146721  0.106173
16.75  1.41372  0.0539639  0.0940083
16.75  1.44513  0.918806  0.57765
16.75  1.47655  1.21406  1.14502
16.75  1.50796  0.0569655  0.110108
16.75  1.53938  0.0687842  0.0764282
16.75  1.5708  0.0800255  0.0864727
16.75  1.60221  1.32979  1.16272
16.75  1.63363  0.0742789  0.0896376
16.75  1.66504  0.0416307  0.0446544
16.75  1.69646  0.0506221  0.0546986
16.75  1.72788  1.40961  0.894704
16.75  1.75929  1.05893  0.529464
16.75  1.79071  0.052228  0.0910265
16.75  1.82212  0.632566  0.316489
16.75  1.85354  0.0715662  0.0879684
16.75  1.88496  0.0870607  0.0976289
16.75  1.91637  0.0586316  0.101707
16.75  1.94779  0.0680586  0.0942979
16.75  1.9792  0.0385234  0.0738133
16.75  2.01062  0.0617981  0.085188
16.75  2.04204  0.13856  0.0710749
16.75  2.07345  0.0525369  0.0784656
16.75  2.10487  0.062811  0.111239
16.75  2.13628  0.0792542  0.108865
16.75  2.1677  0.182779  0.174145
16.75  2.19911  0.0576818  0.0991489
16.75  2.23053  0.0732625  0.100195
16.75  2.26195  0.0755694  0.108516
16.75  2.29336  0.0635428  0.0872431
16.75  2.32478  0.0899408  0.276753
16.75  2.35619  0.0525224  0.0509666
16.75  2.38761  0.0672745  0.112904
16.75  2.41903  0.0473289  0.045786
16.75  2.45044  0.0571214  0.0857055
16.75  2.48186  0.0752583  0.103966
16.75  2.51327  0.141927  0.0776796
16.75  2.54469  0.12982  0.119144
16.75  2.57611  0.187956  0.14538
16.75  2.60752  0.204499  0.103428
16.75  2.63894  0.0481299  0.0800521
16.75  2.67035  0.201136  0.12081
16.75  2.70177  0.21222  0.124931
16.75  2.73319  0.21494  0.162898
16.75  2.7646  0.232967  0.179134
16.75  2.79602  0.227278  0.179383
16.75  2.82743  0.380219  0.378945
16.75  2.85885  0.35076  0.216398
16.75  2.89027  0.24651  2.25042
16.75  2.92168  0  0
16.75  2.9531  0  0
16.75  2.98451  0  0
16.75  3.01593  0  0
16.75  3.04734  0  0
16.75  3.07876  0  0
16.75  3.11018  0  0
16.875  0  0  0
16.875  0.0314159  0  0
16.875  0.0628319  0  0
16.875  0.0942478  0  0
16.875  0.125664  0  0
16.875  0.15708  0  0
16.875  0.188496  0  0
16.875  0.219911  0  0
16.875  0.251327  0.00733266  0.053806
16.875  0.282743  0.102292  0.101005
16.875  0.314159  0.224174  0.129424
16.875  0.345575  0.181549  0.121418
16.875  0.376991  0.236263  0.168454
16.875  0.408407  0.200748  0.13349
16.875  0.439823  0.163734  0.102519
16.875  0.471239  0.165834  0.109529
16.875  0.502655  0.0904498  0.101697
16.875  0.534071  0.168854  0.168323
16.875  0.565487  0.177989  0.0985516
16.875  0.596903  0.100321  0.10565
16.875  0.628319  0.144936  0.161009
16.875  0.659734  0.0774557  0.0904087
16.875  0.69115  0.180704  0.173828
16.875  0.722566  0.0704679  0.103719
16.875  0.753982  0.0667268  0.117648
16.875  0.785398  0.0658317  0.102095
16.875  0.816814  0.0654163  0.112888
16.875  0.84823  0.0451323  0.0451503
16.875  0.879646  0.0932938  0.105764
16.875  0.911062  0.13507  0.0818732
16.875  0.942478  0.0585188  0.0959999
16.875  0.973894  0.372066  0.371917
16.875  1.00531  0.0611057  0.0888146
16.875  1.03673  1.33401  0.692079
16.875  1.06814  0.0458782  0.0476491
16.875  1.09956  0.0739401  0.111518
16.875  1.13097  0.0700476  0.108915
16.875  1.16239  0.0431437  0.0504069
16.875  1.19381  0.0462901  0.0832568
16.875  1.22522  0.159775  0.128533
16.875  1.25664  0.231838  0.249062
16.875  1.28805  0.42545  0.652003
16.875  1.31947  0.0692841  0.0955458
16.875  1.35088  0.437501  0.330801
16.875  1.3823  0.0386929  0.0358083
16.875  1.41372  0.111751  0.14885
16.875  1.44513  1.10951  1.03301
16.875  1.47655  0.180973  0.189372
16.875  1.50796  0.0570524  0.0959898
16.875  1.53938  0.0732727  0.0839871
16.875  1.5708  0.098674  0.292816
16.875  1.60221  0.855987  0.752708
16.875  1.63363  0.961053  0.91711
16.875  1.66504  0.0604614  0.219716
16.875  1.69646  1.26053  1.00151
16.875  1.72788  0.384783  0.195138
16.875  1.75929  0.080472  0.237587
16.875  1.79071  0.0596788  0.0965231
16.875  1.82212  0.730604  0.693442
16.875  1.85354  0.069114  0.0791925
16.875  1.88496  0.261944  0.200897
16.875  1.91637  0.196761  0.154451
16.875  1.94779  0.0603251  0.0658937
16.875  1.9792  0.14457  0.127246
16.875  2.01062  0.0861909  0.0811904
16.875  2.04204  0.0897366  0.0896811
16.875  2.07345  0.064516  0.111993
16.875  2.10487  0.0787657  0.10444
16.875  2.13628  0.0467576  0.0452185
16.875  2.1677  0.0754633  0.0881896
16.875  2.19911  0.108635  0.107317
16.875  2.23053  0.0377296  0.0249481
16.875  2.26195  0.0487492  0.0513146
16.875  2.29336  0.160846  0.0807788
16.875  2.32478  0.129903  0.0935992
16.875  2.35619  0.0805181  0.116404
16.875  2.38761  0.113298  0.126248
16.875  2.41903  0.140016  0.135192
16.875  2.45044  0.127962  0.0867122
16.875  2.48186  0.183256  0.140478
16.875  2.51327  0.085544  0.0972978
16.875  2.54469  0.115205  0.148531
16.875  2.57611  0.108921  0.105801
16.875  2.60752  0.104899  0.103579
16.875  2.63894  0.234744  0.234776
16.875  2.67035  0.148053  0.104331
16.875  2.70177  0.149525  0.149585
16.875  2.73319  0.107922  0.0662589
16.875  2.7646  0.286627  0.227799
16.875  2.79602  0.245183  0.245139
16.875  2.82743  0.216212  0.17811
16.875  2.85885  0.307407  0.261336
16.875  2.89027  0.00628514  0.0461194
16.875  2.92168  0  0
16.875  2.9531  0  0
16.875  2.98451  0  0
16.875  3.01593  0  0
16.875  3.04734  0  0
16.875  3.07876  0  0
16.875  3.11018  0  0
17  0  0  0
17  0.0314159  0  0
17  0.0628319  0  0
17  0.0942478  0  0
17  0.125664  0  0
17  0.15708  0  0
17  0.188496  0  0
17  0.219911  0.0153637  0.112736
17  0.251327  0.0338699  0.248532
17  0.282743  0.016935  0.124266
17  0.314159  0.0669728  0.108667
17  0.345575  0.266768  0.231274
17  0.376991  0.166468  0.0940947
17  0.408407  0.27109  0.197774
17  0.439823  0.198027  0.10941
17  0.471239  0.220207  0.133611
17  0.502655  0.0971898  0.0498572
17  0.534071  0.175493  0.17265
17  0.565487  0.0827559  0.130801
17  0.596903  0.0646704  0.118683
17  0.628319  0.1532  0.083569
17  0.659734  0.0581899  0.10018
17  0.69115  0.0858253  0.0967869
17  0.722566  0.0791305  0.105935
17  0.753982  0.0491059  0.0862893
17  0.785398  0.0583958  0.105248
17  0.816814  0.0493137  0.0502293
17  0.84823  0.0684904  0.113115
17  0.879646  0.0904632  0.111542
17  0.911062  0.0737819  0.107468
17  0.942478  0.070302  0.18518
17  0.973894  0.113367  0.129507
17  1.00531  0.0785407  0.0943625
17  1.03673  0.050241  0.0761319
17  1.06814  0.0662654  0.0657853
17  1.09956  0.527329  0.921782
17  1.13097  0.185112  0.145253
17  1.16239  0.0608401  0.106146
17  1.19381  1.10311  0.808237
17  1.22522  0.172012  0.180733
17  1.25664  0.0837375  0.0977168
17  1.28805  0.0478284  0.0427746
17  1.31947  0.0369045  0.034393
17  1.35088  1.44749  1.14234
17  1.3823  0.309279  0.535158
17  1.41372  0.572742  0.594221
17  1.44513  0.933026  0.49125
17  1.47655  0.0419419  0.078124
17  1.50796  0.130864  0.125732
17  1.53938  0.338542  0.278914
17  1.5708  0.0742559  0.0733825
17  1.60221  0.0665998  0.101209
17  1.63363  0.0756863  0.0942496
17  1.66504  0.701655  0.398642
17  1.69646  0.713976  0.51788
17  1.72788  0.467463  0.41288
17  1.75929  0.0693857  0.146764
17  1.79071  0.707744  0.39155
17  1.82212  0.626512  0.430542
17  1.85354  0.0397255  0.0404332
17  1.88496  0.0908105  0.0764936
17  1.91637  0.961668  0.481236
17  1.94779  0.0805935  0.817464
17  1.9792  0.0442027  0.0421374
17  2.01062  0.0572302  0.127077
17  2.04204  1.22161  0.799298
17  2.07345  0.0387508  0.0316477
17  2.10487  0.0463099  0.0482311
17  2.13628  0.0622391  0.110515
17  2.1677  1.04156  0.539996
17  2.19911  1.09132  0.932157
17  2.23053  0.0508523  0.0522357
17  2.26195  0.0947793  0.109971
17  2.29336  1.17173  0.736157
17  2.32478  0.160881  0.0975234
17  2.35619  0.0979411  0.0989806
17  2.38761  0.050914  0.0979686
17  2.41903  0.107056  0.0806471
17  2.45044  0.125721  0.140298
17  2.48186  0.0858737  0.0958711
17  2.51327  0.0765197  0.085242
17  2.54469  0.105561  0.128091
17  2.57611  0.163054  0.158184
17  2.60752  0.190724  0.101168
17  2.63894  0.133889  0.0759174
17  2.67035  0.141342  0.136774
17  2.70177  0.0765952  0.0410772
17  2.73319  0.167811  0.090298
17  2.7646  0.159022  0.15888
17  2.79602  0.158247  0.0796318
17  2.82743  0.286803  0.220594
17  2.85885  0.311401  0.182768
17  2.89027  0.258759  1.70226
17  2.92168  0  0
17  2.9531  0  0
17  2.98451  0  0
17  3.01593  0  0
17  3.04734  0  0
17  3.07876  0  0
17  3.11018  0  0
17.125  0  0  0
17.125  0.0314159  0  0
17.125  0.0628319  0  0
17.125  0.0942478  0  0
17.125  0.125664  0  0
17.125  0.15708  0  0
17.125  0.188496  0  0
17.125  0.219911  0.258759  1.70226
17.125  0.251327  0.334671  0.268079
17.125  0.282743  0.238676  0.195706
17.125  0.314159  0.15345  0.135846
17.125  0.345575  0.186543  0.130774
17.125  0.376991  0.158877  0.0937009
17.125  0.408407  0.252678  0.210187
17.125  0.439823  0.224034  0.118459
17.125  0.471239  0.176066  0.154036
17.125  0.502655  0.158914  0.0826552
17.125  0.534071  0.151213  0.123358
17.125  0.565487  0.117343  0.0980566
17.125  0.596903  0.191865  0.0996684
17.125  0.628319  0.0715317  0.0862125
17.125  0.659734  0.120092  0.0691005
17.125  0.69115  0.145459  0.138247
17.125  0.722566  0.157662  0.140198
17.125  0.753982  0.11408  0.0860951
17.125  0.785398  0.0575733  0.104501
17.125  0.816814  0.0440403  0.0369558
17.125  0.84823  0.153942  0.150605
17.125  0.879646  0.0629447  0.100977
17.125  0.911062  0.914133  0.680244
17.125  0.942478  0.0736284  0.11182
17.125  0.973894  0.036256  0.0323322
17.125  1.00531  0.88283  0.866105
17.125  1.03673  0.450914  0.532626
17.125  1.06814  0.0789502  0.107845
17.125  1.09956  1.75905  1.40543
17.125  1.13097  0.0586708  0.0866132
17.125  1.16239  0.117118  1.00064
17.125  1.19381  0.0487852  0.109277
17.125  1.22522  0.760271  0.383944
17.125  1.25664  0.200842  0.202613
17.125  1.28805  0.415653  0.220018
17.125  1.31947  0.0558073  0.095224
17.125  1.35088  0.0480624  0.0944483
17.125  1.3823  0.0553366  0.0964773
17.125  1.41372  0.929142  0.580937
17.125  1.44513  0.0456307  0.0842534
17.125  1.47655  0.0622854  0.0972946
17.125  1.50796  0.837773  0.437195
17.125  1.53938  0.0347472  0.0242601
17.125  1.5708  1.59201  0.803914
17.125  1.60221  1.14949  1.01808
17.125  1.63363  0.0525613  0.0676002
17.125  1.66504  0.906268  0.456811
17.125  1.69646  0.0540193  0.0937002
17.125  1.72788  0.672213  0.683372
17.125  1.75929  0.156756  0.0940348
17.125  1.79071  0.0520942  0.0919431
17.125  1.82212  1.17611  0.744892
17.125  1.85354  0.0463293  0.0588226
17.125  1.88496  0.0437559  0.0487692
17.125  1.91637  0.845513  0.753418
17.125  1.94779  0.410788  0.474455
17.125  1.9792  0.0458394  0.0483597
17.125  2.01062  0.0680937  0.0998292
17.125  2.04204  0.176205  0.226691
17.125  2.07345  0.0583506  0.104042
17.125  2.10487  0.0908913  0.0777624
17.125  2.13628  0.343648  0.452701
17.125  2.1677  0.0445245  0.043277
17.125  2.19911  0.0563228  0.103905
17.125  2.23053  0.0706491  0.0679775
17.125  2.26195  0.0608855  0.0798461
17.125  2.29336  0.0439608  0.0444797
17.125  2.32478  0.085536  0.124235
17.125  2.35619  0.071557  0.0755954
17.125  2.38761  0.0609868  0.1039
17.125  2.41903  0.176935  0.0887572
17.125  2.45044  0.0591892  0.107438
17.125  2.48186  0.0828429  0.0702463
17.125  2.51327  0.209254  0.128597
17.125  2.54469  0.167167  0.0905725
17.125  2.57611  0.13752  0.126246
17.125  2.60752  0.179493  0.178647
17.125  2.63894  0.201329  0.113359
17.125  2.67035  0.0811739  0.101345
17.125  2.70177  0.187492  0.182242
17.125  2.73319  0.228043  0.148833
17.125  2.7646  0.249057  0.125795
17.125  2.79602  0.0889492  0.0626593
17.125  2.82743  0.252363  0.163112
17.125  2.85885  0.0656569  0.0522026
17.125  2.89027  0  0
17.125  2.92168  0.258759  1.70226
17.125  2.9531  0  0
17.125  2.98451  0  0
17.125  3.01593  0  0
17.125  3.04734  0  0
17.125  3.07876  0  0
17.125  3.11018  0  0
17.25  0  0  0
17.25  0.0314159  0  0
17.25  0.0628319  0  0
17.25  0.0942478  0  0
17.25  0.125664  0  0
17.25  0.15708  0  0
17.25  0.188496  0  0
17.25  0.219911  0.258759  1.70226
17.25  0.251327  0.258759  1.70226
17.25  0.282743  0.389944  0.346519
17.25  0.314159  0.0716653  0.13143
17.25  0.345575  0.170701  0.0975163
17.25  0.376991  0.236059  0.234187
17.25  0.408407  0.212504  0.182488
17.25  0.439823  0.137342  0.0754632
17.25  0.471239  0.183664  0.183367
17.25  0.502655  0.150417  0.138919
17.25  0.534071  0.123745  0.0623611
17.25  0.565487  0.0647876  0.0998254
17.25  0.596903  0.0658083  0.0826479
17.25  0.628319  0.169861  0.148502
17.25  0.659734  0.0732806  0.109878
17.25  0.69115  0.148184  0.0778978
17.25  0.722566  0.138977  0.148447
17.25  0.753982  0.0686684  0.0936121
17.25  0.785398  0.126401  0.105615
17.25  0.816814  0.0983107  0.114302
17.25  0.84823  0.0534879  0.0549839
17.25  0.879646  0.0651049  0.113932
17.25  0.911062  0.043006  0.0302426
17.25  0.942478  0.0619753  0.105741
17.25  0.973894  0.0633245  0.116306
17.25  1.00531  0.0420896  0.0336702
17.25  1.03673  0.0467897  0.0477146
17.25  1.06814  0.073502  0.109811
17.25  1.09956  0.123532  0.217807
17.25  1.13097  0.0641536  0.142598
17.25  1.16239  0.0647211  0.103403
17.25  1.19381  1.67966  1.6553
17.25  1.22522  0.048688  0.0906134
17.25  1.25664  0.0760462  0.111359
17.25  1.28805  0.0980411  0.0621075
17.25  1.31947  0.0470941  0.0831659
17.25  1.35088  0.730858  0.545683
17.25  1.3823  0.841188  0.603644
17.25  1.41372  0.964431  0.964034
17.25  1.44513  0.607665  0.306652
17.25  1.47655  0.0827265  0.305663
17.25  1.50796  0.0839201  0.116942
17.25  1.53938  0.0879712  0.0982172
17.25  1.5708  0.0709619  0.112262
17.25  1.60221  0.132858  0.107533
17.25  1.63363  0.0779582  0.564676
17.25  1.66504  0.0443675  0.0492953
17.25  1.69646  1.20546  0.610853
17.25  1.72788  0.127948  0.127413
17.25  1.75929  0.458462  0.443544
17.25  1.79071  0.0460849  0.0489714
17.25  1.82212  0.0429063  0.0442974
17.25  1.85354  0.0975551  0.0878413
17.25  1.88496  1.03057  0.569445
17.25  1.91637  0.0460757  0.0529035
17.25  1.94779  0.873688  0.447348
17.25  1.9792  0.0508146  0.0530541
17.25  2.01062  0.624662  0.469541
17.25  2.04204  0.0556928  0.099545
17.25  2.07345  0.0384784  0.0388338
17.25  2.10487  0.0573868  0.0868896
17.25  2.13628  0.0425878  0.0442527
17.25  2.1677  0.0747335  0.0698156
17.25  2.19911  0.0805374  0.0845595
17.25  2.23053  0.0407724  0.043514
17.25  2.26195  0.0455988  0.035575
17.25  2.29336  0.101817  0.0916763
17.25  2.32478  0.048997  0.0532685
17.25  2.35619  0.0893193  0.084536
17.25  2.38761  0.0952213  0.106394
17.25  2.41903  0.105153  0.0799472
17.25  2.45044  0.1023  0.125809
17.25  2.48186  0.131811  0.0949381
17.25  2.51327  0.123935  0.0938748
17.25  2.54469  0.150984  0.150769
17.25  2.57611  0.0849727  0.091619
17.25  2.60752  0.0832537  0.105434
17.25  2.63894  0.216214  0.195952
17.25  2.67035  0.213687  0.207281
17.25  2.70177  0.132211  0.132115
17.25  2.73319  0.287285  0.279615
17.25  2.7646  0.36511  0.36506
17.25  2.79602  0.3309  0.198867
17.25  2.82743  0.201834  0.111707
17.25  2.85885  0.165618  0.0906984
17.25  2.89027  0  0
17.25  2.92168  0  0
17.25  2.9531  0  0
17.25  2.98451  0  0
17.25  3.01593  0  0
17.25  3.04734  0  0
17.25  3.07876  0  0
17.25  3.11018  0  0
17.375  0  0  0
17.375  0.0314159  0  0
17.375  0.0628319  0  0
17.375  0.0942478  0  0
17.375  0.125664  0  0
17.375  0.15708  0  0
17.375  0.188496  0  0
17.375  0.219911  0.258759  1.70226
17.375  0.251327  0.0174587  0.12811
17.375  0.282743  0.206087  0.104603
17.375  0.314159  0.204248  0.110293
17.375  0.345575  0.283291  0.155886
17.375  0.376991  0.179401  0.0905759
17.375  0.408407  0.257692  0.174021
17.375  0.439823  0.142694  0.13048
17.375  0.471239  0.170974  0.128979
17.375  0.502655  0.0884431  0.10132
17.375  0.534071  0.262916  0.216361
17.375  0.565487  0.0655724  0.086227
17.375  0.596903  0.11414  0.166376
17.375  0.628319  0.144672  0.112659
17.375  0.659734  0.134891  0.110562
17.375  0.69115  0.0863691  0.0948179
17.375  0.722566  0.135304  0.0887201
17.375  0.753982  0.0683224  0.119824
17.375  0.785398  0.0530675  0.0769626
17.375  0.816814  0.0983128  0.0942317
17.375  0.84823  0.0661684  0.109992
17.375  0.879646  0.054619  0.0781325
17.375  0.911062  0.0957123  0.0994666
17.375  0.942478  0.0526272  0.0552265
17.375  0.973894  0.0888405  0.0801287
17.375  1.00531  0.0559247  0.0924741
17.375  1.03673  0.498654  0.827269
17.375  1.06814  0.0578042  0.0603078
17.375  1.09956  0.0400499  0.0438575
17.375  1.13097  0.0585794  0.100247
17.375  1.16239  0.0417698  0.0394978
17.375  1.19381  0.999002  0.813667
17.375  1.22522  1.36332  1.12171
17.375  1.25664  0.0604192  0.0914923
17.375  1.28805  1.26664  0.695082
17.375  1.31947  0.0419044  0.0487345
17.375  1.35088  1.02254  1.033
17.375  1.3823  0.0741212  0.0853157
17.375  1.41372  0.131002  0.0897658
17.375  1.44513  0.0514804  0.0575894
17.375  1.47655  1.63332  1.49676
17.375  1.50796  0.0604635  0.0865926
17.375  1.53938  0.0568149  0.0944963
17.375  1.5708  0.0748013  0.105857
17.375  1.60221  0.221163  0.142916
17.375  1.63363  0.596639  0.513348
17.375  1.66504  0.0557872  0.0900138
17.375  1.69646  0.178268  0.57973
17.375  1.72788  0.0737731  0.0830174
17.375  1.75929  0.913393  0.796015
17.375  1.79071  0.4014  0.946078
17.375  1.82212  0.0420754  0.0418541
17.375  1.85354  0.0564343  0.104933
17.375  1.88496  0.110782  0.847512
17.375  1.91637  0.053886  0.0718982
17.375  1.94779  1.40802  1.40787
17.375  1.9792  0.376088  0.452826
17.375  2.01062  0.0377946  0.0338328
17.375  2.04204  0.713135  0.713137
17.375  2.07345  0.563771  0.385408
17.375  2.10487  0.063029  0.144172
17.375  2.13628  0.516973  0.258487
17.375  2.1677  0.133128  0.128784
17.375  2.19911  0.0568657  0.0943146
17.375  2.23053  0.0369653  0.0272514
17.375  2.26195  0.137778  0.101179
17.375  2.29336  0.0631934  0.107982
17.375  2.32478  0.14402  0.0722285
17.375  2.35619  0.10971  0.108334
17.375  2.38761  0.0690862  0.0935355
17.375  2.41903  0.100829  0.102317
17.375  2.45044  0.160455  0.17073
17.375  2.48186  0.110611  0.123143
17.375  2.51327  0.168824  0.124617
17.375  2.54469  0.0798852  0.0876276
17.375  2.57611  0.144421  0.142204
17.375  2.60752  0.189634  0.177845
17.375  2.63894  0.21582  0.149316
17.375  2.67035  0.200685  0.164141
17.375  2.70177  0.104122  0.144839
17.375  2.73319  0.167595  0.0889846
17.375  2.7646  0.296481  0.149843
17.375  2.79602  0.195586  0.195578
17.375  2.82743  0.238182  0.132588
17.375  2.85885  0.278671  0.21908
17.375  2.89027  0.0523761  0.384328
17.375  2.92168  0  0
17.375  2.9531  0  0
17.375  2.98451  0  0
17.375  3.01593  0  0
17.375  3.04734  0  0
17.375  3.07876  0  0
17.375  3.11018  0  0
17.5  0  0  0
17.5  0.0314159  0  0
17.5  0.0628319  0  0
17.5  0.0942478  0  0
17.5  0.125664  0  0
17.5  0.15708  0  0
17.5  0.188496  0  0
17.5  0.219911  0.447846  0.357944
17.5  0.251327  0.0246168  0.180634
17.5  0.282743  0.273984  0.197832
17.5  0.314159  0.108426  0.108112
17.5  0.345575  0.268919  0.269227
17.5  0.376991  0.291949  0.276504
17.5  0.408407  0.142371  0.136989
17.5  0.439823  0.223036  0.197424
17.5  0.471239  0.0462179  0.0935077
17.5  0.502655  0.108929  0.110092
17.5  0.534071  0.184446  0.15992
17.5  0.565487  0.117063  0.0974317
17.5  0.596903  0.154624  0.104489
17.5  0.628319  0.116459  0.0917752
17.5  0.659734  0.0497484  0.0920863
17.5  0.69115  0.0638155  0.109271
17.5  0.722566  0.871806  0.871466
17.5  0.753982  0.181232  0.168601
17.5  0.785398  0.0433992  0.0337785
17.5  0.816814  0.0601233  0.109031
17.5  0.84823  0.104205  0.0991468
17.5  0.879646  0.618553  0.511963
17.5  0.911062  0.0639469  0.100854
17.5  0.942478  0.318153  0.183713
17.5  0.973894  0.0407794  0.0447212
17.5  1.00531  0.0763024  0.0885194
17.5  1.03673  0.212008  0.35276
17.5  1.06814  0.494623  0.537708
17.5  1.09956  0.129282  0.121401
17.5  1.13097  0.0883246  0.100322
17.5  1.16239  0.0475337  0.0885426
17.5  1.19381  0.0417584  0.0357685
17.5  1.22522  0.337971  0.19732
17.5  1.25664  0.130546  0.111171
17.5  1.28805  1.19395  0.815735
17.5  1.31947  1.05415  1.01652
17.5  1.35088  0.0475268  0.0492558
17.5  1.3823  0.0602348  0.095202
17.5  1.41372  0.134638  0.124944
17.5  1.44513  0.0539057  0.0691405
17.5  1.47655  0.725878  0.581933
17.5  1.50796  0.160548  0.111027
17.5  1.53938  0.0677678  0.109056
17.5  1.5708  0.287943  0.179006
17.5  1.60221  0.643174  0.462438
17.5  1.63363  0.716108  0.874125
17.5  1.66504  0.143232  0.079214
17.5  1.69646  0.0495378  0.086897
17.5  1.72788  0.0822556  0.0964446
17.5  1.75929  0.09069  0.092512
17.5  1.79071  0.0595948  0.119935
17.5  1.82212  0.0270988  0.0240894
17.5  1.85354  1.1959  0.898421
17.5  1.88496  1.07391  0.952522
17.5  1.91637  0.09322  0.110528
17.5  1.94779  0.0575531  0.107632
17.5  1.9792  0.0503599  0.0523671
17.5  2.01062  0.559858  0.609673
17.5  2.04204  0.780746  0.486681
17.5  2.07345  0.0612101  0.0946356
17.5  2.10487  0.0934143  0.0971943
17.5  2.13628  0.66674  0.778302
17.5  2.1677  0.0377254  0.032193
17.5  2.19911  0.850087  0.659502
17.5  2.23053  0.0503057  0.0476359
17.5  2.26195  0.544589  0.272407
17.5  2.29336  0.0841591  0.119397
17.5  2.32478  0.0752996  0.0789592
17.5  2.35619  0.0666393  0.102145
17.5  2.38761  0.163721  0.766501
17.5  2.41903  0.0770126  0.0834891
17.5  2.45044  0.0676031  0.102932
17.5  2.48186  0.159111  0.0870327
17.5  2.51327  0.154014  0.145401
17.5  2.54469  0.109724  0.111529
17.5  2.57611  0.0854059  0.0983898
17.5  2.60752  0.0935761  0.0935189
17.5  2.63894  0.200294  0.167758
17.5  2.67035  0.195378  0.175143
17.5  2.70177  0.0520501  0.0723362
17.5  2.73319  0.146292  0.17907
17.5  2.7646  0.105679  0.0727918
17.5  2.79602  0.164421  0.095804
17.5  2.82743  0.175701  0.156783
17.5  2.85885  0.285521  0.161989
17.5  2.89027  0.258759  1.70226
17.5  2.92168  0  0
17.5  2.9531  0  0
17.5  2.98451  0  0
17.5  3.01593  0  0
17.5  3.04734  0  0
17.5  3.07876  0  0
17.5  3.11018  0  0
17.625  0  0  0
17.625  0.0314159  0  0
17.625  0.0628319  0  0
17.625  0.0942478  0  0
17.625  0.125664  0  0
17.625  0.15708  0  0
17.625  0.188496  0  0
17.625  0.219911  0.151445  0.181403
17.625  0.251327  0.0223927  0.0131523
17.625  0.282743  0.213142  0.164287
17.625  0.314159  0.469586  0.302049
17.625  0.345575  0.187147  0.106542
17.625  0.376991  0.247361  0.139588
17.625  0.408407  0.21916  0.183332
17.625  0.439823  0.12387  0.168905
17.625  0.471239  0.22748  0.224822
17.625  0.502655  0.0968846  0.0944258
17.625  0.534071  0.0447637  0.0572442
17.625  0.565487  0.111489  0.138755
17.625  0.596903  0.193197  0.1932
17.625  0.628319  0.0500943  0.0881156
17.625  0.659734  0.135437  0.125954
17.625  0.69115  0.16824  0.136174
17.625  0.722566  0.0892783  0.0942787
17.625  0.753982  0.114909  0.128035
17.625  0.785398  0.0491177  0.0482925
17.625  0.816814  0.847698  0.596998
17.625  0.84823  0.0545065  0.074671
17.625  0.879646  0.113866  0.0921275
17.625  0.911062  0.0394996  0.0284731
17.625  0.942478  0.0487532  0.0801624
17.625  0.973894  0.0619495  0.0934743
17.625  1.00531  0.0642086  0.111548
17.625  1.03673  0.0588731  0.0763067
17.625  1.06814  0.959719  0.941507
17.625  1.09956  1.13951  1.11246
17.625  1.13097  0.0481306  0.051707
17.625  1.16239  0.0641084  0.103535
17.625  1.19381  0.0789372  0.0836197
17.625  1.22522  0.0518018  0.0954946
17.625  1.25664  0.0513492  0.088372
17.625  1.28805  0.671621  0.532858
17.625  1.31947  0.0634754  0.111567
17.625  1.35088  0.156984  0.0943521
17.625  1.3823  0.145192  0.0895383
17.625  1.41372  0.34697  0.545446
17.625  1.44513  0.040456  0.0351941
17.625  1.47655  2.03013  2.02637
17.625  1.50796  0.0391877  0.0580973
17.625  1.53938  0.635888  0.518589
17.625  1.5708  0.840606  0.626428
17.625  1.60221  0.401285  0.295887
17.625  1.63363  0.0394155  0.0311309
17.625  1.66504  0.312514  0.156539
17.625  1.69646  0.648544  0.535619
17.625  1.72788  0.0917105  0.0928845
17.625  1.75929  0.141782  0.104173
17.625  1.79071  1.36297  1.30097
17.625  1.82212  0.044112  0.0485027
17.625  1.85354  0.0861639  0.099151
17.625  1.88496  0.0699816  0.0766041
17.625  1.91637  0.396623  0.379443
17.625  1.94779  0.0641388  0.102851
17.625  1.9792  0.0449229  0.0500956
17.625  2.01062  0.0620244  0.100872
17.625  2.04204  0.0812762  0.142236
17.625  2.07345  1.05392  0.539568
17.625  2.10487  0.0460997  0.0401733
17.625  2.13628  0.0592262  0.097118
17.625  2.1677  1.20348  0.700133
17.625  2.19911  0.0440436  0.0337542
17.625  2.23053  0.0527059  0.0478607
17.625  2.26195  0.061836  0.110781
17.625  2.29336  0.0479871  0.0455691
17.625  2.32478  0.0610212  0.0974864
17.625  2.35619  0.0873896  0.0734314
17.625  2.38761  0.0622709  0.0926142
17.625  2.41903  0.0734739  0.0823263
17.625  2.45044  0.037093  0.0591879
17.625  2.48186  0.166025  0.12777
17.625  2.51327  0.132382  0.110306
17.625  2.54469  0.121595  0.153442
17.625  2.57611  0.11567  0.144021
17.625  2.60752  0.11669  0.149828
17.625  2.63894  0.0947027  0.116233
17.625  2.67035  0.179811  0.0938045
17.625  2.70177  0.178376  0.173782
17.625  2.73319  0.216138  0.151354
17.625  2.7646  0.209189  0.196701
17.625  2.79602  0.180831  0.136258
17.625  2.82743  0.108331  0.10012
17.625  2.85885  0.271873  0.236424
17.625  2.89027  0.253119  0.212879
17.625  2.92168  0  0
17.625  2.9531  0  0
17.625  2.98451  0  0
17.625  3.01593  0  0
17.625  3.04734  0  0
17.625  3.07876  0  0
17.625  3.11018  0  0
17.75  0  0  0
17.75  0.0314159  0  0
17.75  0.0628319  0  0
17.75  0.0942478  0  0
17.75  0.125664  0  0
17.75  0.15708  0  0
17.75  0.188496  0  0
17.75  0.219911  0.0303782  0.222911
17.75  0.251327  0.273404  0.230993
17.75  0.282743  0.0143439  0.0106946
17.75  0.314159  0.257876  0.300617
17.75  0.345575  0.175469  0.102932
17.75  0.376991  0.21002  0.186326
17.75  0.408407  0.240168  0.135354
17.75  0.439823  0.211022  0.210952
17.75  0.471239  0.0519073  0.108844
17.75  0.502655  0.250362  0.156831
17.75  0.534071  0.143792  0.139503
17.75  0.565487  0.129604  0.0651662
17.75  0.596903  0.181333  0.134633
17.75  0.628319  0.182303  0.123502
17.75  0.659734  0.103165  0.122982
17.75  0.69115  0.0537008  0.102141
17.75  0.722566  0.107526  0.114863
17.75  0.753982  0.125154  0.145199
17.75  0.785398  0.087488  0.102691
17.75  0.816814  0.0476438  0.0464252
17.75  0.84823  1.12157  0.58162
17.75  0.879646  0.0503641  0.0908821
17.75  0.911062  0.0553114  0.097395
17.75  0.942478  0.0716571  0.0848941
17.75  0.973894  0.423798  0.295009
17.75  1.00531  0.0531237  0.0935055
17.75  1.03673  0.639056  0.40751
17.75  1.06814  1.4464  1.35274
17.75  1.09956  0.139772  0.133701
17.75  1.13097  1.30088  0.886936
17.75  1.16239  0.0535792  0.0981296
17.75  1.19381  1.22678  0.818935
17.75  1.22522  0.475845  0.391658
17.75  1.25664  0.11977  0.785612
17.75  1.28805  0.0863017  0.106168
17.75  1.31947  0.166998  0.128163
17.75  1.35088  0.0651219  0.120612
17.75  1.3823  1.22675  0.614687
17.75  1.41372  0.0501487  0.0691777
17.75  1.44513  0.547415  0.398477
17.75  1.47655  0.075373  0.21626
17.75  1.50796  2.06824  1.57751
17.75  1.53938  0.169866  0.169176
17.75  1.5708  0.057951  0.0871456
17.75  1.60221  0.0421576  0.0450237
17.75  1.63363  0.0707968  0.0794637
17.75  1.66504  1.6938  1.47059
17.75  1.69646  0.827854  0.770658
17.75  1.72788  1.19935  1.19529
17.75  1.75929  0.0407526  0.0674716
17.75  1.79071  1.38885  1.34788
17.75  1.82212  0.0470233  0.0768675
17.75  1.85354  0.0580259  0.13721
17.75  1.88496  0.0565253  0.0994034
17.75  1.91637  0.436406  0.961059
17.75  1.94779  0.294737  0.493275
17.75  1.9792  0.0813481  0.0991038
17.75  2.01062  0.12986  0.129088
17.75  2.04204  0.0474599  0.079629
17.75  2.07345  0.0493954  0.045942
17.75  2.10487  0.0541078  0.090508
17.75  2.13628  1.2208  0.800197
17.75  2.1677  0.0778251  0.0815678
17.75  2.19911  0.0659249  0.0692945
17.75  2.23053  0.0615755  0.107831
17.75  2.26195  0.0371709  0.0260736
17.75  2.29336  0.0450453  0.0393914
17.75  2.32478  0.15639  0.156311
17.75  2.35619  0.173846  0.12866
17.75  2.38761  0.161383  0.0962013
17.75  2.41903  0.144299  0.086538
17.75  2.45044  0.0501177  0.0990267
17.75  2.48186  0.0715787  0.0920424
17.75  2.51327  0.10637  0.112032
17.75  2.54469  0.172092  0.142209
17.75  2.57611  0.134763  0.0746413
17.75  2.60752  0.076802  0.10284
17.75  2.63894  0.146783  0.117105
17.75  2.67035  0.100509  0.0867703
17.75  2.70177  0.0619049  0.146835
17.75  2.73319  0.205196  0.19706
17.75  2.7646  0.153247  0.151309
17.75  2.79602  0.205244  0.187356
17.75  2.82743  0.28446  0.215264
17.75  2.85885  0.258759  1.70226
17.75  2.89027  0.258759  1.70226
17.75  2.92168  0  0
17.75  2.9531  0  0
17.75  2.98451  0  0
17.75  3.01593  0  0
17.75  3.04734  0  0
17.75  3.07876  0  0
17.75  3.11018  0  0
17.875  0  0  0
17.875  0.0314159  0  0
17.875  0.0628319  0  0
17.875  0.0942478  0  0
17.875  0.125664  0  0
17.875  0.15708  0  0
17.875  0.188496  0  0
17.875  0.219911  0.150116  0.075164
17.875  0.251327  0.0742913  0.0715706
17.875  0.282743  0.150206  0.0760841
17.875  0.314159  0.273689  0.174686
17.875  0.345575  0.303216  0.246636
17.875  0.376991  0.045416  0.070599
17.875  0.408407  0.167399  0.135134
17.875  0.439823  0.212556  0.157298
17.875  0.471239  0.176296  0.170579
17.875  0.502655  0.0689087  0.087781
17.875  0.534071  0.0650023  0.0740751
17.875  0.565487  0.180647  0.106626
17.875  0.596903  0.0703367  0.0911875
17.875  0.628319  0.183555  0.183333
17.875  0.659734  0.0618804  0.0990052
17.875  0.69115  0.0556511  0.0998898
17.875  0.722566  0.109216  0.0884648
17.875  0.753982  0.0451853  0.0458666
17.875  0.785398  0.0791597  0.119631
17.875  0.816814  0.137557  0.177828
17.875  0.84823  0.0707823  0.0980781
17.875  0.879646  0.122552  0.139924
17.875  0.911062  0.0874757  0.102376
17.875  0.942478  0.0589588  0.0650151
17.875  0.973894  0.0370028  0.0284649
17.875  1.00531  0.0699119  0.0967096
17.875  1.03673  0.0876479  0.0906244
17.875  1.06814  0.2829  0.143077
17.875  1.09956  1.39492  1.39443
17.875  1.13097  0.0951158  0.524333
17.875  1.16239  0.0633374  0.0942459
17.875  1.19381  0.0413504  0.0691782
17.875  1.22522  1.24052  0.62955
17.875  1.25664  0.0810183  0.180904
17.875  1.28805  0.0868656  0.0980551
17.875  1.31947  0.0727857  0.0878374
17.875  1.35088  0.0679989  0.109351
17.875  1.3823  0.0565465  0.0841235
17.875  1.41372  1.0604  0.692981
17.875  1.44513  0.0620448  0.0971273
17.875  1.47655  1.588  1.51808
17.875  1.50796  1.09066  1.08789
17.875  1.53938  0.593253  0.336459
17.875  1.5708  0.0806863  0.102052
17.875  1.60221  1.40643  0.707165
17.875  1.63363  1.94556  1.25648
17.875  1.66504  0.0707194  0.0702662
17.875  1.69646  0.062809  0.0671564
17.875  1.72788  0.0665023  0.106372
17.875  1.75929  0.0387554  0.0435507
17.875  1.79071  0.0482873  0.0884162
17.875  1.82212  0.0657128  0.0984719
17.875  1.85354  0.0509465  0.0795468
17.875  1.88496  0.210626  0.176261
17.875  1.91637  0.648328  0.54147
17.875  1.94779  0.0369724  0.0299623
17.875  1.9792  0.0709439  0.0983891
17.875  2.01062  0.132631  0.0750137
17.875  2.04204  0.0545871  0.0578516
17.875  2.07345  0.053551  0.0580408
17.875  2.10487  0.049065  0.0512265
17.875  2.13628  0.0595032  0.098641
17.875  2.1677  0.0565005  0.102411
17.875  2.19911  0.040552  0.031544
17.875  2.23053  0.251897  0.421111
17.875  2.26195  0.209205  0.183251
17.875  2.29336  1.12065  1.12022
17.875  2.32478  0.604119  0.305651
17.875  2.35619  0.0721365  0.118896
17.875  2.38761  0.101301  0.100406
17.875  2.41903  0.122205  0.100556
17.875  2.45044  0.117674  0.108407
17.875  2.48186  0.136061  0.141638
17.875  2.51327  0.140428  0.135137
17.875  2.54469  0.132547  0.113116
17.875  2.57611  0.166963  0.166004
17.875  2.60752  0.228128  0.214068
17.875  2.63894  0.178495  0.0984836
17.875  2.67035  0.1741  0.165134
17.875  2.70177  0.318578  0.160348
17.875  2.73319  0.181085  0.163132
17.875  2.7646  0.263034  0.260375
17.875  2.79602  0.246993  0.244891
17.875  2.82743  0.300341  0.209731
17.875  2.85885  0.258448  0.253394
17.875  2.89027  0.198524  0.15816
17.875  2.92168  0  0
17.875  2.9531  0  0
17.875  2.98451  0  0
17.875  3.01593  0  0
17.875  3.04734  0  0
17.875  3.07876  0  0
17.875  3.11018  0  0
18  0  0  0
18  0.0314159  0  0
18  0.0628319  0  0
18  0.0942478  0  0
18  0.125664  0  0
18  0.15708  0  0
18  0.188496  0  0
18  0.219911  0.443595  0.237636
18  0.251327  0.280029  0.276278
18  0.282743  0.1664  0.103125
18  0.314159  0.142273  0.0743548
18  0.345575  0.166875  0.0916871
18  0.376991  0.141662  0.141568
18  0.408407  0.0944631  0.138625
18  0.439823  0.166713  0.164804
18  0.471239  0.0636333  0.0964293
18  0.502655  0.175816  0.175402
18  0.534071  0.234521  0.230197
18  0.565487  0.0763883  0.101521
18  0.596903  0.0858563  0.139448
18  0.628319  0.113421  0.109792
18  0.659734  0.0819956  0.10457
18  0.69115  0.117546  0.133091
18  0.722566  0.0687748  0.103527
18  0.753982  0.110572  0.118391
18  0.785398  0.0447191  0.0551534
18  0.816814  0.0497825  0.0885731
18  0.84823  0.0628204  0.102845
18  0.879646  0.0616656  0.0978427
18  0.911062  0.0672376  0.109598
18  0.942478  0.0474002  0.088135
18  0.973894  0.128499  0.120778
18  1.00531  0.621239  0.310867
18  1.03673  0.0449443  0.0430762
18  1.06814  0.0350138  0.0271008
18  1.09956  1.51312  1.02656
18  1.13097  0.958894  0.911404
18  1.16239  1.44713  1.19162
18  1.19381  0.0389293  0.0385923
18  1.22522  1.47686  1.14559
18  1.25664  0.0567499  0.0931256
18  1.28805  1.89451  1.02047
18  1.31947  0.126751  0.0984421
18  1.35088  0.0698261  0.0664755
18  1.3823  0.0660234  0.0635616
18  1.41372  0.839603  0.803644
18  1.44513  0.0677335  0.582701
18  1.47655  0.0730391  0.158988
18  1.50796  0.773964  0.560963
18  1.53938  0.0689005  0.0624563
18  1.5708  0.0557137  0.100776
18  1.60221  1.26849  1.2358
18  1.63363  0.897825  0.629663
18  1.66504  0.253458  0.462539
18  1.69646  1.63605  1.05822
18  1.72788  0.103433  0.0531127
18  1.75929  0.0521895  0.0940025
18  1.79071  0.0984489  0.136249
18  1.82212  0.0643737  0.105989
18  1.85354  0.0354394  0.0328742
18  1.88496  0.0835634  0.861653
18  1.91637  0.0650124  0.0960779
18  1.94779  0.0751081  0.08344
18  1.9792  2.20406  1.17548
18  2.01062  0.0451787  0.0597679
18  2.04204  0.0375773  0.0220804
18  2.07345  0.0825971  0.084601
18  2.10487  0.0449715  0.04838
18  2.13628  0.334154  0.374428
18  2.1677  0.0455892  0.0425176
18  2.19911  0.0610885  0.101939
18  2.23053  0.0426623  0.0406013
18  2.26195  0.0446013  0.0501981
18  2.29336  0.0522334  0.0888074
18  2.32478  0.256147  0.217424
18  2.35619  1.27337  0.714164
18  2.38761  0.0621417  0.117407
18  2.41903  0.128509  0.112459
18  2.45044  0.082211  0.0951269
18  2.48186  0.0878209  0.103998
18  2.51327  0.171304  0.169428
18  2.54469  0.14231  0.117804
18  2.57611  0.15848  0.150105
18  2.60752  0.249873  0.209782
18  2.63894  0.188781  0.180499
18  2.67035  0.0507953  0.0835755
18  2.70177  0.182996  0.16564
18  2.73319  0.176482  0.0978797
18  2.7646  0.251927  0.249656
18  2.79602  0.241181  0.240539
18  2.82743  0.218869  0.169139
18  2.85885  0.0246168  0.180634
18  2.89027  0.0322986  0.237003
18  2.92168  0  0
18  2.9531  0  0
18  2.98451  0  0
18  3.01593  0  0
18  3.04734  0  0
18  3.07876  0  0
18  3.11018  0  0
18.125  0  0  0
18.125  0.0314159  0  0
18.125  0.0628319  0  0
18.125  0.0942478  0  0
18.125  0.125664  0  0
18.125  0.15708  0  0
18.125  0.188496  0  0
18.125  0.219911  0.0221726  0.162699
18.125  0.251327  0.179013  0.0916051
18.125  0.282743  0.284744  0.257675
18.125  0.314159  0.348512  0.206203
18.125  0.345575  0.138619  0.114082
18.125  0.376991  0.207803  0.207283
18.125  0.408407  0.1608  0.110027
18.125  0.439823  0.192666  0.0972703
18.125  0.471239  0.135045  0.117737
18.125  0.502655  0.208547  0.207268
18.125  0.534071  0.189017  0.101423
18.125  0.565487  0.0715426  0.095426
18.125  0.596903  0.089449  0.113128
18.125  0.628319  0.168907  0.163609
18.125  0.659734  0.150414  0.14327
18.125  0.69115  0.155172  0.119003
18.125  0.722566  0.0670609  0.0879743
18.125  0.753982  0.0582972  0.102713
18.125  0.785398  0.04539  0.0457672
18.125  0.816814  0.0469994  0.0463236
18.125  0.84823  0.0780511  0.0857186
18.125  0.879646  0.0443793  0.0425275
18.125  0.911062  0.338745  0.273018
18.125  0.942478  0.0809812  0.0738231
18.125  0.973894  0.0522332  0.0564967
18.125  1.00531  0.0621691  0.109494
18.125  1.03673  0.370162  0.64981
18.125  1.06814  0.430178  0.348695
18.125  1.09956  0.0857802  0.0987863
18.125  1.13097  0.740754  0.574725
18.125  1.16239  0.061107  0.0890797
18.125  1.19381  1.28136  0.775448
18.125  1.22522  0.0374762  0.0372571
18.125  1.25664  1.36298  1.35533
18.125  1.28805  0.110335  0.0955027
18.125  1.31947  0.102042  0.121037
18.125  1.35088  0.0632269  0.102359
18.125  1.3823  0.0439632  0.0525722
18.125  1.41372  0.0499982  0.0906626
18.125  1.44513  1.59031  1.00303
18.125  1.47655  0.261972  0.549306
18.125  1.50796  1.41909  0.855987
18.125  1.53938  0.14818  0.14675
18.125  1.5708  0.0623522  0.0998783
18.125  1.60221  0.218574  0.218244
18.125  1.63363  0.252936  0.146215
18.125  1.66504  0.14504  0.134347
18.125  1.69646  0.054709  0.0991103
18.125  1.72788  1.64311  1.61764
18.125  1.75929  0.124114  0.0918531
18.125  1.79071  0.0528766  0.0720428
18.125  1.82212  0.594931  0.499813
18.125  1.85354  0.0886225  0.523745
18.125  1.88496  1.22088  1.14908
18.125  1.91637  1.36441  1.05169
18.125  1.94779  0.0743506  0.120444
18.125  1.9792  0.717057  0.717021
18.125  2.01062  0.043534  0.0354861
18.125  2.04204  0.0479199  0.052924
18.125  2.07345  0.0591676  0.107064
18.125  2.10487  0.490487  0.511169
18.125  2.13628  0.156177  0.15606
18.125  2.1677  0.0482651  0.0623334
18.125  2.19911  0.461032  0.251999
18.125  2.23053  0.0582112  0.05843
18.125  2.26195  0.0511399  0.0921581
18.125  2.29336  0.0488173  0.040505
18.125  2.32478  0.0888782  0.0882962
18.125  2.35619  0.361157  0.411712
18.125  2.38761  0.159362  0.0884524
18.125  2.41903  0.0530184  0.101379
18.125  2.45044  0.151374  0.0856298
18.125  2.48186  0.0771698  0.0945562
18.125  2.51327  0.148232  0.139953
18.125  2.54469  0.153547  0.14437
18.125  2.57611  0.163267  0.148741
18.125  2.60752  0.146962  0.115825
18.125  2.63894  0.113122  0.108199
18.125  2.67035  0.190827  0.150012
18.125  2.70177  0.188927  0.112241
18.125  2.73319  0.476839  0.253826
18.125  2.7646  0.246652  0.242375
18.125  2.79602  0.287011  0.280103
18.125  2.82743  0.166781  0.146092
18.125  2.85885  0.117956  0.0606403
18.125  2.89027  0.258759  1.70226
18.125  2.92168  0  0
18.125  2.9531  0  0
18.125  2.98451  0  0
18.125  3.01593  0  0
18.125  3.04734  0  0
18.125  3.07876  0  0
18.125  3.11018  0  0
18.25  0  0  0
18.25  0.0314159  0  0
18.25  0.0628319  0  0
18.25  0.0942478  0  0
18.25  0.125664  0  0
18.25  0.15708  0  0
18.25  0.188496  0  0
18.25  0.219911  0.258759  1.70226
18.25  0.251327  0.265437  0.26337
18.25  0.282743  0.339551  0.252064
18.25  0.314159  0.131275  0.0853392
18.25  0.345575  0.178573  0.0978907
18.25  0.376991  0.169512  0.132666
18.25  0.408407  0.147069  0.110505
18.25  0.439823  0.202429  0.195904
18.25  0.471239  0.189534  0.147842
18.25  0.502655  0.17365  0.126368
18.25  0.534071  0.141083  0.0824643
18.25  0.565487  0.126006  0.0686613
18.25  0.596903  0.171545  0.117264
18.25  0.628319  0.0835524  0.129821
18.25  0.659734  0.0770664  0.09827
18.25  0.69115  0.0951946  0.10695
18.25  0.722566  0.0616299  0.106186
18.25  0.753982  0.0661093  0.112491
18.25  0.785398  0.144915  0.0733313
18.25  0.816814  0.0572477  0.0977734
18.25  0.84823  0.491671  0.497282
18.25  0.879646  0.139865  0.0699518
18.25  0.911062  0.10937  0.647035
18.25  0.942478  0.0510087  0.0907648
18.25  0.973894  0.33854  0.254434
18.25  1.00531  0.87263  0.872621
18.25  1.03673  0.156681  0.112284
18.25  1.06814  0.339009  0.377585
18.25  1.09956  0.510958  0.267658
18.25  1.13097  0.0370565  0.0342334
18.25  1.16239  0.168268  0.307419
18.25  1.19381  0.244396  0.200154
18.25  1.22522  0.574919  0.451121
18.25  1.25664  0.040496  0.0387209
18.25  1.28805  0.0572591  0.0902812
18.25  1.31947  0.050728  0.0941446
18.25  1.35088  0.33988  0.332595
18.25  1.3823  1.65999  0.972003
18.25  1.41372  0.0685894  0.0692448
18.25  1.44513  0.997678  0.982316
18.25  1.47655  0.337494  0.647313
18.25  1.50796  0.0389049  0.0429188
18.25  1.53938  0.297867  0.298543
18.25  1.5708  0.0604583  0.146015
18.25  1.60221  0.0477428  0.0814289
18.25  1.63363  0.651608  0.593371
18.25  1.66504  0.110786  0.107978
18.25  1.69646  0.63138  0.630991
18.25  1.72788  0.0685436  0.161631
18.25  1.75929  0.319752  0.208966
18.25  1.79071  0.121924  0.0625626
18.25  1.82212  1.10056  1.04017
18.25  1.85354  1.07259  1.07085
18.25  1.88496  0.135297  0.0837882
18.25  1.91637  1.76022  0.883568
18.25  1.94779  1.4073  1.40304
18.25  1.9792  1.34797  1.14014
18.25  2.01062  0.118553  0.10987
18.25  2.04204  0.0737595  0.0909871
18.25  2.07345  0.0589946  0.100295
18.25  2.10487  0.272719  0.16668
18.25  2.13628  0.460303  0.454082
18.25  2.1677  0.167869  0.165408
18.25  2.19911  0.555286  0.418418
18.25  2.23053  0.0473201  0.0484919
18.25  2.26195  1.10899  0.773322
18.25  2.29336  0.0601549  0.0991937
18.25  2.32478  0.0842108  0.0874196
18.25  2.35619  0.0604809  0.103871
18.25  2.38761  0.137443  0.137402
18.25  2.41903  0.0860827  0.0961329
18.25  2.45044  0.0792738  0.0771485
18.25  2.48186  0.134175  0.101112
18.25  2.51327  0.151494  0.101036
18.25  2.54469  0.123116  0.113311
18.25  2.57611  0.0457417  0.0912381
18.25  2.60752  0.172126  0.165536
18.25  2.63894  0.194392  0.178833
18.25  2.67035  0.0780435  0.111089
18.25  2.70177  0.155016  0.11333
18.25  2.73319  0.250517  0.243057
18.25  2.7646  0.210955  0.12608
18.25  2.79602  0.305996  0.263863
18.25  2.82743  0.299834  0.299745
18.25  2.85885  0.193947  0.157219
18.25  2.89027  0.137523  1.31308
18.25  2.92168  0  0
18.25  2.9531  0  0
18.25  2.98451  0  0
18.25  3.01593  0  0
18.25  3.04734  0  0
18.25  3.07876  0  0
18.25  3.11018  0  0
18.375  0  0  0
18.375  0.0314159  0  0
18.375  0.0628319  0  0
18.375  0.0942478  0  0
18.375  0.125664  0  0
18.375  0.15708  0  0
18.375  0.188496  0  0
18.375  0.219911  0.258759  1.70226
18.375  0.251327  0.305387  0.183109
18.375  0.282743  0.148657  0.122905
18.375  0.314159  0.253543  0.139646
18.375  0.345575  0.108584  0.0549454
18.375  0.376991  0.303291  0.264328
18.375  0.408407  0.204881  0.189235
18.375  0.439823  0.220901  0.218514
18.375  0.471239  0.16694  0.0981298
18.375  0.502655  0.152208  0.125772
18.375  0.534071  0.170259  0.170201
18.375  0.565487  0.137578  0.0826956
18.375  0.596903  0.0719772  0.12718
18.375  0.628319  0.195978  0.158272
18.375  0.659734  0.0702804  0.0747067
18.375  0.69115  0.100869  0.706292
18.375  0.722566  0.134873  0.107516
18.375  0.753982  0.0951124  0.0743464
18.375  0.785398  0.126634  0.115944
18.375  0.816814  0.0617513  0.102139
18.375  0.84823  0.0459673  0.045399
18.375  0.879646  0.0712271  0.140938
18.375  0.911062  0.0630609  0.100624
18.375  0.942478  0.868292  0.849967
18.375  0.973894  0.0799407  0.200754
18.375  1.00531  0.0492128  0.0534389
18.375  1.03673  0.0460777  0.0825549
18.375  1.06814  0.087509  0.0838829
18.375  1.09956  0.138882  0.126956
18.375  1.13097  0.215324  0.156546
18.375  1.16239  0.0381066  0.0368882
18.375  1.19381  0.0577876  0.106889
18.375  1.22522  1.18827  0.891804
18.375  1.25664  0.0309136  0.0236744
18.375  1.28805  0.143791  0.108704
18.375  1.31947  1.24624  0.651277
18.375  1.35088  0.0539596  0.10189
18.375  1.3823  0.0653001  0.138092
18.375  1.41372  0.0430895  0.0454137
18.375  1.44513  0.31741  0.208202
18.375  1.47655  0.0570758  0.0936926
18.375  1.50796  0.0720461  0.0805985
18.375  1.53938  0.069234  0.0799514
18.375  1.5708  0.0752572  0.0775639
18.375  1.60221  0.036485  0.0307897
18.375  1.63363  0.0550698  0.100024
18.375  1.66504  0.139449  0.0936531
18.375  1.69646  0.0584855  0.0975551
18.375  1.72788  0.0606389  0.0994886
18.375  1.75929  0.0319494  0.0276678
18.375  1.79071  0.11873  1.30791
18.375  1.82212  1.22404  0.70115
18.375  1.85354  0.0771396  0.077443
18.375  1.88496  0.0469791  0.0852122
18.375  1.91637  0.0963584  0.122376
18.375  1.94779  1.00801  0.612868
18.375  1.9792  1.16474  0.612965
18.375  2.01062  0.421093  0.358747
18.375  2.04204  0.106067  0.607001
18.375  2.07345  0.0895638  0.0865848
18.375  2.10487  0.125639  0.0717514
18.375  2.13628  0.0499308  0.0450737
18.375  2.1677  0.0701081  0.0925363
18.375  2.19911  0.774106  0.392559
18.375  2.23053  0.0593374  0.110054
18.375  2.26195  0.0627036  0.107149
18.375  2.29336  0.0752539  0.110836
18.375  2.32478  0.149933  0.130344
18.375  2.35619  0.0709311  0.112459
18.375  2.38761  0.0782689  0.106097
18.375  2.41903  0.100539  0.112291
18.375  2.45044  0.0998182  0.102308
18.375  2.48186  0.0391339  0.08136
18.375  2.51327  0.195068  0.0992642
18.375  2.54469  0.16207  0.104932
18.375  2.57611  0.142068  0.124186
18.375  2.60752  0.0670734  0.102973
18.375  2.63894  0.0798886  0.10096
18.375  2.67035  0.117391  0.12842
18.375  2.70177  0.178247  0.177205
18.375  2.73319  0.154902  0.121144
18.375  2.7646  0.196307  0.103741
18.375  2.79602  0.0167604  0.122985
18.375  2.82743  0.175868  0.121814
18.375  2.85885  0.222628  0.175386
18.375  2.89027  0.258759  1.70226
18.375  2.92168  0  0
18.375  2.9531  0  0
18.375  2.98451  0  0
18.375  3.01593  0  0
18.375  3.04734  0  0
18.375  3.07876  0  0
18.375  3.11018  0  0
18.5  0  0  0
18.5  0.0314159  0  0
18.5  0.0628319  0  0
18.5  0.0942478  0  0
18.5  0.125664  0  0
18.5  0.15708  0  0
18.5  0.188496  0.25622  1.89051
18.5  0.219911  0.00785642  0.0576493
18.5  0.251327  0.128909  0.126894
18.5  0.282743  0.144775  0.0728452
18.5  0.314159  0.178796  0.108687
18.5  0.345575  0.177325  0.177126
18.5  0.376991  0.18539  0.177872
18.5  0.408407  0.101755  0.125623
18.5  0.439823  0.104691  0.0675432
18.5  0.471239  0.179444  0.128606
18.5  0.502655  0.163134  0.132132
18.5  0.534071  0.25305  0.239201
18.5  0.565487  0.0975427  0.113312
18.5  0.596903  0.224584  0.137481
18.5  0.628319  0.0769801  0.0875696
18.5  0.659734  0.0670088  0.123633
18.5  0.69115  0.0664956  0.0827124
18.5  0.722566  0.110922  0.109062
18.5  0.753982  0.0547059  0.0961804
18.5  0.785398  0.056043  0.0525247
18.5  0.816814  0.0430757  0.0331043
18.5  0.84823  0.721375  0.548226
18.5  0.879646  0.106718  0.0883327
18.5  0.911062  1.09142  1.09013
18.5  0.942478  0.0507845  0.056492
18.5  0.973894  0.0563246  0.0946026
18.5  1.00531  0.0510587  0.0535746
18.5  1.03673  0.476226  0.394848
18.5  1.06814  0.0414215  0.039567
18.5  1.09956  0.0497375  0.0835884
18.5  1.13097  0.0422663  0.0483195
18.5  1.16239  0.0406986  0.0698162
18.5  1.19381  0.0363659  0.0340302
18.5  1.22522  0.060898  0.0672374
18.5  1.25664  0.0495774  0.0526088
18.5  1.28805  0.498488  0.632281
18.5  1.31947  0.979714  0.698136
18.5  1.35088  0.413713  0.26851
18.5  1.3823  1.22421  0.654842
18.5  1.41372  0.221933  0.151835
18.5  1.44513  0.0415152  0.0410048
18.5  1.47655  1.3796  1.3332
18.5  1.50796  1.49436  1.46439
18.5  1.53938  0.301847  0.219619
18.5  1.5708  0.80504  0.745532
18.5  1.60221  1.66562  1.52393
18.5  1.63363  0.0585843  0.0683077
18.5  1.66504  0.485068  0.483922
18.5  1.69646  0.0848951  0.1043
18.5  1.72788  0.274792  0.19495
18.5  1.75929  0.062665  0.0947434
18.5  1.79071  0.218007  0.806836
18.5  1.82212  0.604087  0.753736
18.5  1.85354  0.0664797  0.306498
18.5  1.88496  0.589955  0.319888
18.5  1.91637  0.261568  0.387917
18.5  1.94779  0.724456  0.702703
18.5  1.9792  0.060247  0.104691
18.5  2.01062  1.41855  1.03381
18.5  2.04204  0.0603494  0.0991618
18.5  2.07345  0.150156  0.117628
18.5  2.10487  0.440635  0.308125
18.5  2.13628  0.852313  0.509273
18.5  2.1677  0.0441096  0.0829887
18.5  2.19911  0.0812931  0.116968
18.5  2.23053  0.790143  0.40121
18.5  2.26195  0.075188  0.101947
18.5  2.29336  0.129238  0.0872973
18.5  2.32478  0.0458339  0.0841242
18.5  2.35619  0.0935092  0.0825438
18.5  2.38761  0.07412  0.0906793
18.5  2.41903  0.084621  0.0964796
18.5  2.45044  0.138454  0.0719269
18.5  2.48186  0.132457  0.0858766
18.5  2.51327  0.191434  0.0997485
18.5  2.54469  0.0648563  0.097889
18.5  2.57611  0.0757497  0.0852146
18.5  2.60752  0.245779  0.197287
18.5  2.63894  0.191962  0.0960593
18.5  2.67035  0.169336  0.0909154
18.5  2.70177  0.116756  0.100801
18.5  2.73319  0.156203  0.132284
18.5  2.7646  0.15305  0.140742
18.5  2.79602  0.136921  0.128791
18.5  2.82743  0.290827  0.278202
18.5  2.85885  0.135798  0.0985603
18.5  2.89027  0.0467894  0.343334
18.5  2.92168  0.0197283  0.144764
18.5  2.9531  0  0
18.5  2.98451  0  0
18.5  3.01593  0  0
18.5  3.04734  0  0
18.5  3.07876  0  0
18.5  3.11018  0  0
18.625  0  0  0
18.625  0.0314159  0  0
18.625  0.0628319  0  0
18.625  0.0942478  0  0
18.625  0.125664  0  0
18.625  0.15708  0  0
18.625  0.188496  0  0
18.625  0.219911  0.111309  0.110157
18.625  0.251327  0.21913  0.1788
18.625  0.282743  0.144718  0.140984
18.625  0.314159  0.160952  0.107339
18.625  0.345575  0.218708  0.193481
18.625  0.376991  0.149537  0.0749085
18.625  0.408407  0.211459  0.110274
18.625  0.439823  0.127126  0.125874
18.625  0.471239  0.0762597  0.0982937
18.625  0.502655  0.0519502  0.0870187
18.625  0.534071  0.193392  0.0999444
18.625  0.565487  0.108543  0.141124
18.625  0.596903  0.134359  0.158601
18.625  0.628319  0.0787996  0.0934669
18.625  0.659734  0.0951696  0.112592
18.625  0.69115  0.139757  0.126196
18.625  0.722566  0.0904795  0.117762
18.625  0.753982  0.0782606  0.0878733
18.625  0.785398  0.0347606  0.0302383
18.625  0.816814  0.0991999  0.105473
18.625  0.84823  1.365  1.17739
18.625  0.879646  0.128761  0.160231
18.625  0.911062  0.178589  0.102417
18.625  0.942478  0.0338903  0.0320032
18.625  0.973894  0.0486833  0.0534387
18.625  1.00531  0.168298  0.313662
18.625  1.03673  1.372  1.06427
18.625  1.06814  1.34156  0.928325
18.625  1.09956  0.624327  0.467618
18.625  1.13097  0.0820717  0.495961
18.625  1.16239  0.193403  0.12708
18.625  1.19381  1.6697  1.65357
18.625  1.22522  0.0527187  0.0935886
18.625  1.25664  0.0936796  0.089608
18.625  1.28805  0.0574208  0.0911915
18.625  1.31947  1.07  1.06933
18.625  1.35088  0.151034  0.117104
18.625  1.3823  0.393332  0.391206
18.625  1.41372  0.0855833  0.110641
18.625  1.44513  0.113536  0.0855793
18.625  1.47655  1.13896  0.930086
18.625  1.50796  0.0625722  0.10243
18.625  1.53938  1.68429  1.67315
18.625  1.5708  0.0568297  0.111089
18.625  1.60221  0.38892  0.204839
18.625  1.63363  0.0747521  0.0580631
18.625  1.66504  0.037393  0.0386213
18.625  1.69646  0.0677924  0.18097
18.625  1.72788  0.944084  0.63881
18.625  1.75929  0.214909  0.246139
18.625  1.79071  0.0626483  0.0640824
18.625  1.82212  0.144014  0.089071
18.625  1.85354  0.0553592  0.092869
18.625  1.88496  0.0449232  0.0471369
18.625  1.91637  0.199351  0.129485
18.625  1.94779  0.0622215  0.0906123
18.625  1.9792  0.313608  0.319656
18.625  2.01062  1.15907  0.795131
18.625  2.04204  0.469143  0.428968
18.625  2.07345  0.0601242  0.0825729
18.625  2.10487  0.0381615  0.0317656
18.625  2.13628  0.141312  0.132064
18.625  2.1677  0.0462139  0.0488473
18.625  2.19911  0.401989  0.201311
18.625  2.23053  0.0963555  0.116995
18.625  2.26195  0.0407729  0.0353714
18.625  2.29336  0.0524339  0.052486
18.625  2.32478  0.0628106  0.107556
18.625  2.35619  0.0493715  0.0901882
18.625  2.38761  0.07359  0.112162
18.625  2.41903  0.0759937  0.118461
18.625  2.45044  0.0704182  0.0868122
18.625  2.48186  0.0618619  0.159306
18.625  2.51327  0.0856041  0.0952392
18.625  2.54469  0.092923  0.127186
18.625  2.57611  0.060173  0.0877459
18.625  2.60752  0.133962  0.0735345
18.625  2.63894  0.0740399  0.126397
18.625  2.67035  0.196492  0.174025
18.625  2.70177  0.0578901  0.106777
18.625  2.73319  0.0988308  0.131087
18.625  2.7646  0.228502  0.185825
18.625  2.79602  0.209605  0.120867
18.625  2.82743  0.124615  0.14561
18.625  2.85885  0.280504  0.208198
18.625  2.89027  0.258759  1.70226
18.625  2.92168  0.258759  1.70226
18.625  2.9531  0  0
18.625  2.98451  0  0
18.625  3.01593  0  0
18.625  3.04734  0  0
18.625  3.07876  0  0
18.625  3.11018  0  0
18.75  0  0  0
18.75  0.0314159  0  0
18.75  0.0628319  0  0
18.75  0.0942478  0  0
18.75  0.125664  0  0
18.75  0.15708  0  0
18.75  0.188496  0.258759  1.70226
18.75  0.219911  0.18361  0.183319
18.75  0.251327  0.792206  0.787631
18.75  0.282743  0.293061  0.284539
18.75  0.314159  0.176061  0.174889
18.75  0.345575  0.145013  0.184426
18.75  0.376991  0.146369  0.126995
18.75  0.408407  0.19016  0.164976
18.75  0.439823  0.206077  0.164168
18.75  0.471239  0.160735  0.123013
18.75  0.502655  0.165293  0.162059
18.75  0.534071  0.117946  0.123749
18.75  0.565487  0.0859407  0.0940764
18.75  0.596903  0.0658009  0.0912568
18.75  0.628319  0.0568749  0.10514
18.75  0.659734  0.1453  0.133403
18.75  0.69115  0.0618137  0.102147
18.75  0.722566  0.059811  0.0778805
18.75  0.753982  0.0785916  0.0983632
18.75  0.785398  0.0880716  0.108352
18.75  0.816814  0.055877  0.0709124
18.75  0.84823  0.0706545  0.108385
18.75  0.879646  0.0472691  0.0794137
18.75  0.911062  1.05692  0.905771
18.75  0.942478  0.0496816  0.0478397
18.75  0.973894  0.123735  0.106632
18.75  1.00531  0.0398224  0.0369426
18.75  1.03673  0.0475779  0.0461735
18.75  1.06814  0.0634754  0.121862
18.75  1.09956  0.0401568  0.0328126
18.75  1.13097  0.0383989  0.0780808
18.75  1.16239  0.0417623  0.0440623
18.75  1.19381  0.0577275  0.100639
18.75  1.22522  0.0668097  0.512627
18.75  1.25664  0.044833  0.0830564
18.75  1.28805  0.0580661  0.0762875
18.75  1.31947  1.39773  1.1367
18.75  1.35088  0.0703312  0.115339
18.75  1.3823  0.383701  0.302942
18.75  1.41372  0.0422218  0.0457033
18.75  1.44513  0.790741  0.916473
18.75  1.47655  0.0865522  0.0822907
18.75  1.50796  0.152652  0.109213
18.75  1.53938  0.0694263  0.158945
18.75  1.5708  0.410527  0.353063
18.75  1.60221  0.104173  0.091828
18.75  1.63363  1.77906  1.13188
18.75  1.66504  0.0511896  0.0910658
18.75  1.69646  0.065537  0.0675366
18.75  1.72788  0.0768814  0.0899788
18.75  1.75929  0.036312  0.0698001
18.75  1.79071  0.0451473  0.0625152
18.75  1.82212  0.064596  0.0746507
18.75  1.85354  0.0558286  0.0985293
18.75  1.88496  0.224994  0.210771
18.75  1.91637  0.879993  0.648385
18.75  1.94779  0.111763  0.115857
18.75  1.9792  0.306241  0.302012
18.75  2.01062  0.190273  0.130465
18.75  2.04204  0.0506039  0.0881001
18.75  2.07345  1.46642  0.901268
18.75  2.10487  0.0631304  0.0855229
18.75  2.13628  0.0695163  0.074932
18.75  2.1677  0.0726983  0.118049
18.75  2.19911  0.0630279  0.0966333
18.75  2.23053  0.146077  0.0957175
18.75  2.26195  0.0625091  0.102566
18.75  2.29336  0.210127  0.132641
18.75  2.32478  0.0469703  0.0360212
18.75  2.35619  0.086469  0.208703
18.75  2.38761  0.0682183  0.117963
18.75  2.41903  0.086891  0.0786066
18.75  2.45044  0.0563565  0.057221
18.75  2.48186  0.0666932  0.0762905
18.75  2.51327  0.107572  0.131089
18.75  2.54469  0.0506771  0.0944566
18.75  2.57611  0.0509311  0.104801
18.75  2.60752  0.192006  0.151891
18.75  2.63894  0.0607075  0.0779019
18.75  2.67035  0.172117  0.128082
18.75  2.70177  0.278831  0.268828
18.75  2.73319  0.19976  0.171303
18.75  2.7646  0.36028  0.345689
18.75  2.79602  0.211152  0.148772
18.75  2.82743  0.209589  0.119401
18.75  2.85885  0.247342  2.30314
18.75  2.89027  0.258759  1.70226
18.75  2.92168  0  0
18.75  2.9531  0  0
18.75  2.98451  0  0
18.75  3.01593  0  0
18.75  3.04734  0  0
18.75  3.07876  0  0
18.75  3.11018  0  0
18.875  0  0  0
18.875  0.0314159  0  0
18.875  0.0628319  0  0
18.875  0.0942478  0  0
18.875  0.125664  0  0
18.875  0.15708  0  0
18.875  0.188496  0.258759  1.70226
18.875  0.219911  0.282076  0.247936
18.875  0.251327  0.372409  0.219414
18.875  0.282743  0.261266  0.189246
18.875  0.314159  0.286051  0.261976
18.875  0.345575  0.146728  0.0757748
18.875  0.376991  0.217429  0.149755
18.875  0.408407  0.147575  0.145928
18.875  0.439823  0.0509617  0.0790626
18.875  0.471239  0.101438  0.130959
18.875  0.502655  0.0623001  0.0858668
18.875  0.534071  0.0964258  0.105413
18.875  0.565487  0.172389  0.136372
18.875  0.596903  0.0745697  0.0932773
18.875  0.628319  0.0404919  0.0507876
18.875  0.659734  0.0732565  0.0979019
18.875  0.69115  0.100629  0.72624
18.875  0.722566  0.0572282  0.099491
18.875  0.753982  0.0594802  0.100425
18.875  0.785398  0.0686796  0.105779
18.875  0.816814  0.446533  0.341241
18.875  0.84823  0.374985  0.590074
18.875  0.879646  0.0627578  0.110586
18.875  0.911062  0.252274  0.194737
18.875  0.942478  0.959024  0.665131
18.875  0.973894  0.849779  0.602392
18.875  1.00531  0.0725826  0.109998
18.875  1.03673  0.0602731  0.0889614
18.875  1.06814  1.65158  0.840166
18.875  1.09956  0.0783535  0.0739593
18.875  1.13097  0.0691071  0.0722055
18.875  1.16239  0.0444733  0.0654287
18.875  1.19381  0.0667363  0.0906667
18.875  1.22522  0.0516743  0.0882725
18.875  1.25664  0.525996  0.528013
18.875  1.28805  0.0576756  0.178914
18.875  1.31947  0.0921129  0.10475
18.875  1.35088  0.0311058  0.0316583
18.875  1.3823  0.0320355  0.0293479
18.875  1.41372  0.0601137  0.0988927
18.875  1.44513  0.0340081  0.0659341
18.875  1.47655  0.131621  0.0711753
18.875  1.50796  1.44367  1.37382
18.875  1.53938  0.0836552  0.0837178
18.875  1.5708  0.113269  0.078726
18.875  1.60221  0.0801368  0.0723948
18.875  1.63363  0.123616  0.0800477
18.875  1.66504  1.01621  0.937774
18.875  1.69646  0.239116  0.216456
18.875  1.72788  0.852221  0.850246
18.875  1.75929  0.954856  0.542067
18.875  1.79071  1.16187  0.987318
18.875  1.82212  1.27725  1.26693
18.875  1.85354  0.143316  0.108242
18.875  1.88496  0.075388  0.0809616
18.875  1.91637  0.0804013  0.0939961
18.875  1.94779  0.0882097  0.674106
18.875  1.9792  0.312287  0.183329
18.875  2.01062  0.056454  0.0963839
18.875  2.04204  0.0311022  0.041553
18.875  2.07345  0.789204  0.396862
18.875  2.10487  0.525659  0.432483
18.875  2.13628  0.338367  0.182943
18.875  2.1677  0.0630443  0.0911999
18.875  2.19911  0.918528  0.566879
18.875  2.23053  1.41519  0.782608
18.875  2.26195  0.0857432  0.0900298
18.875  2.29336  0.463767  0.361535
18.875  2.32478  0.11082  0.150342
18.875  2.35619  0.0436859  0.0432487
18.875  2.38761  0.0625224  0.111422
18.875  2.41903  1.13496  0.99567
18.875  2.45044  0.0723525  0.088189
18.875  2.48186  0.0721092  0.0947885
18.875  2.51327  0.0864744  0.0845552
18.875  2.54469  0.112768  0.111578
18.875  2.57611  0.225591  0.148638
18.875  2.60752  0.085572  0.0994873
18.875  2.63894  0.142106  0.141245
18.875  2.67035  0.143245  0.0850269
18.875  2.70177  0.154025  0.151453
18.875  2.73319  0.282666  0.151376
18.875  2.7646  0.0492229  0.107742
18.875  2.79602  0.117514  0.109069
18.875  2.82743  0.176064  0.0881415
18.875  2.85885  0.184525  0.18649
18.875  2.89027  0.16103  0.1511
18.875  2.92168  0  0
18.875  2.9531  0  0
18.875  2.98451  0  0
18.875  3.01593  0  0
18.875  3.04734  0  0
18.875  3.07876  0  0
18.875  3.11018  0  0
19  0  0  0
19  0.0314159  0  0
19  0.0628319  0  0
19  0.0942478  0  0
19  0.125664  0  0
19  0.15708  0  0
19  0.188496  0.24651  2.25042
19  0.219911  0.15128  0.0880611
19  0.251327  0.126669  0.126494
19  0.282743  0.271218  0.143424
19  0.314159  0.21373  0.112871
19  0.345575  0.15411  0.183632
19  0.376991  0.313214  0.214994
19  0.408407  0.152982  0.11206
19  0.439823  0.101962  0.116552
19  0.471239  0.1828  0.182588
19  0.502655  0.136611  0.142423
19  0.534071  0.10847  0.110061
19  0.565487  0.158298  0.116732
19  0.596903  0.0613441  0.0705629
19  0.628319  0.0647193  0.0849223
19  0.659734  0.0822491  0.094868
19  0.69115  0.130092  0.0775512
19  0.722566  0.0772287  0.113842
19  0.753982  0.0793991  0.131666
19  0.785398  0.0739889  0.115524
19  0.816814  0.0783813  0.0794332
19  0.84823  0.0965697  0.103411
19  0.879646  0.046399  0.0458315
19  0.911062  0.0707301  0.101057
19  0.942478  0.10677  0.0761689
19  0.973894  0.0578584  0.110534
19  1.00531  0.0791865  0.192505
19  1.03673  0.152518  0.0870692
19  1.06814  0.0473957  0.0779879
19  1.09956  1.6072  1.41084
19  1.13097  0.058482  0.0997797
19  1.16239  0.0516805  0.0879168
19  1.19381  0.0394539  0.0680091
19  1.22522  0.136606  0.123148
19  1.25664  0.834977  0.754627
19  1.28805  0.830233  0.599742
19  1.31947  0.0826471  0.0896462
19  1.35088  0.0442877  0.0845959
19  1.3823  1.15351  1.09823
19  1.41372  0.0613967  0.0916261
19  1.44513  1.30366  0.658892
19  1.47655  1.25437  1.12471
19  1.50796  1.09121  0.720867
19  1.53938  0.0855173  0.0941085
19  1.5708  0.213544  0.332787
19  1.60221  0.758301  0.644246
19  1.63363  0.0948679  0.67453
19  1.66504  1.24744  1.23135
19  1.69646  0.0470828  0.0474223
19  1.72788  0.167934  0.166755
19  1.75929  0.0426281  0.0414427
19  1.79071  0.101534  0.500641
19  1.82212  1.11139  0.852343
19  1.85354  0.284143  0.225821
19  1.88496  0.0579403  0.103556
19  1.91637  0.0743539  0.0760902
19  1.94779  0.714618  0.79509
19  1.9792  1.0226  0.59568
19  2.01062  0.971222  0.600012
19  2.04204  0.0633708  0.107979
19  2.07345  0.0582676  0.102802
19  2.10487  0.99998  0.638696
19  2.13628  0.182958  0.186348
19  2.1677  0.0633025  0.106826
19  2.19911  0.0475594  0.0858931
19  2.23053  0.188192  0.0981569
19  2.26195  0.0340564  0.0227829
19  2.29336  0.850824  0.610106
19  2.32478  0.0802691  0.103729
19  2.35619  0.102497  0.0971779
19  2.38761  0.0673976  0.0800583
19  2.41903  0.0764826  0.116178
19  2.45044  0.0666012  0.122125
19  2.48186  0.0685949  0.100239
19  2.51327  0.119456  0.122268
19  2.54469  0.165332  0.155956
19  2.57611  0.0745979  0.0885132
19  2.60752  0.194452  0.0972854
19  2.63894  0.0893164  0.126297
19  2.67035  0.219623  0.212173
19  2.70177  0.116181  0.0904186
19  2.73319  0.0747068  0.074149
19  2.7646  0.0594669  0.0855549
19  2.79602  0.238203  0.119102
19  2.82743  0.411915  0.406946
19  2.85885  0.325538  0.247883
19  2.89027  0.0775921  0.0775305
19  2.92168  0  0
19  2.9531  0  0
19  2.98451  0  0
19  3.01593  0  0
19  3.04734  0  0
19  3.07876  0  0
19  3.11018  0  0
19.125  0  0  0
19.125  0.0314159  0  0
19.125  0.0628319  0  0
19.125  0.0942478  0  0
19.125  0.125664  0  0
19.125  0.15708  0  0
19.125  0.188496  0  0
19.125  0.219911  0.231937  1.2875
19.125  0.251327  0.258759  1.70226
19.125  0.282743  0.242181  0.219778
19.125  0.314159  0.0839312  0.0687925
19.125  0.345575  0.282892  0.238445
19.125  0.376991  0.0228986  0.0236727
19.125  0.408407  0.193505  0.191643
19.125  0.439823  0.128581  0.116086
19.125  0.471239  0.183706  0.183566
19.125  0.502655  0.15902  0.151795
19.125  0.534071  0.201142  0.160037
19.125  0.565487  0.187412  0.142418
19.125  0.596903  0.091805  0.11283
19.125  0.628319  0.0582725  0.088033
19.125  0.659734  0.148398  0.132492
19.125  0.69115  0.10507  0.104846
19.125  0.722566  1.04178  0.745877
19.125  0.753982  0.114398  0.115552
19.125  0.785398  0.0568699  0.101649
19.125  0.816814  0.634453  0.599441
19.125  0.84823  0.0847051  0.255844
19.125  0.879646  0.557394  0.682035
19.125  0.911062  0.161597  0.160881
19.125  0.942478  0.0656515  0.108686
19.125  0.973894  0.0510075  0.0929219
19.125  1.00531  0.0752077  0.0818955
19.125  1.03673  0.0757216  0.22421
19.125  1.06814  0.0816526  0.0923774
19.125  1.09956  0.103688  0.119531
19.125  1.13097  1.15327  1.13722
19.125  1.16239  0.0455468  0.0497404
19.125  1.19381  0.0981099  0.122435
19.125  1.22522  0.0635851  0.0954912
19.125  1.25664  0.0329764  0.0233352
19.125  1.28805  0.666754  0.418911
19.125  1.31947  0.83934  0.819962
19.125  1.35088  0.588098  0.546209
19.125  1.3823  0.133162  0.133098
19.125  1.41372  0.118497  0.117005
19.125  1.44513  0.483875  0.431877
19.125  1.47655  0.0526917  0.106982
19.125  1.50796  1.55353  1.52432
19.125  1.53938  0.0526422  0.0829475
19.125  1.5708  0.0430325  0.0440475
19.125  1.60221  0.123187  0.0835984
19.125  1.63363  0.504508  0.531811
19.125  1.66504  0.121928  0.142226
19.125  1.69646  1.51611  1.06664
19.125  1.72788  0.0589881  0.0626991
19.125  1.75929  0.0587322  0.096766
19.125  1.79071  0.0544701  0.0837005
19.125  1.82212  1.86344  1.21532
19.125  1.85354  0.788522  0.416008
19.125  1.88496  0.0724195  0.074707
19.125  1.91637  0.135248  0.140406
19.125  1.94779  1.08158  0.77286
19.125  1.9792  0.186047  0.185342
19.125  2.01062  0.472155  0.249352
19.125  2.04204  3.14656  2.70881
19.125  2.07345  0.910735  0.653374
19.125  2.10487  0.0492759  0.0906601
19.125  2.13628  0.089652  0.0875827
19.125  2.1677  0.599562  0.405811
19.125  2.19911  0.0609128  0.0782666
19.125  2.23053  1.20191  1.02959
19.125  2.26195  0.0409234  0.0375885
19.125  2.29336  0.834819  0.76253
19.125  2.32478  0.669043  0.756705
19.125  2.35619  0.0635566  0.110791
19.125  2.38761  0.276186  0.230009
19.125  2.41903  0.0870332  0.117599
19.125  2.45044  0.068044  0.0817699
19.125  2.48186  0.13825  0.138025
19.125  2.51327  0.0732758  0.103569
19.125  2.54469  0.0814943  0.106384
19.125  2.57611  0.211132  0.202992
19.125  2.60752  0.22576  0.125285
19.125  2.63894  0.0250902  0.0176969
19.125  2.67035  0.135207  0.13077
19.125  2.70177  0.129815  0.129186
19.125  2.73319  0.117152  0.0987901
19.125  2.7646  0.197219  0.124005
19.125  2.79602  0.0358596  0.0608021
19.125  2.82743  0.0979004  0.049026
19.125  2.85885  0.188655  0.170548
19.125  2.89027  0.00192046  0.014092
19.125  2.92168  0  0
19.125  2.9531  0  0
19.125  2.98451  0  0
19.125  3.01593  0  0
19.125  3.04734  0  0
19.125  3.07876  0  0
19.125  3.11018  0  0
19.25  0  0  0
19.25  0.0314159  0  0
19.25  0.0628319  0  0
19.25  0.0942478  0  0
19.25  0.125664  0  0
19.25  0.15708  0  0
19.25  0.188496  0  0
19.25  0.219911  0.258759  1.70226
19.25  0.251327  0.232412  0.20691
19.25  0.282743  0.332569  0.193273
19.25  0.314159  0.189671  0.133007
19.25  0.345575  0.288463  0.144571
19.25  0.376991  0.163622  0.14641
19.25  0.408407  0.159729  0.0967363
19.25  0.439823  0.10066  0.0826801
19.25  0.471239  0.0749763  0.111675
19.25  0.502655  0.148314  0.110133
19.25  0.534071  0.157995  0.0816564
19.25  0.565487  0.108377  0.10067
19.25  0.596903  0.0973061  0.0979145
19.25  0.628319  0.0545707  0.0972555
19.25  0.659734  0.132561  0.0838366
19.25  0.69115  0.102567  0.124493
19.25  0.722566  0.0615482  0.09504
19.25  0.753982  0.0442156  0.046208
19.25  0.785398  0.128159  0.0925942
19.25  0.816814  0.0477663  0.0466895
19.25  0.84823  0.0926904  0.418645
19.25  0.879646  0.0512106  0.0932451
19.25  0.911062  0.0710796  0.108404
19.25  0.942478  0.0386585  0.0374406
19.25  0.973894  0.0342698  0.0271198
19.25  1.00531  0.0443718  0.086438
19.25  1.03673  0.087759  0.0931381
19.25  1.06814  0.863615  0.762747
19.25  1.09956  0.0423493  0.0421669
19.25  1.13097  0.0828358  0.0766684
19.25  1.16239  0.494657  0.511935
19.25  1.19381  1.24167  0.912483
19.25  1.22522  1.36843  0.68779
19.25  1.25664  1.12781  0.580294
19.25  1.28805  0.182166  0.180852
19.25  1.31947  0.396012  0.377075
19.25  1.35088  1.3952  1.09292
19.25  1.3823  0.0727239  0.144146
19.25  1.41372  1.41907  0.791146
19.25  1.44513  0.0509742  0.0683834
19.25  1.47655  1.08755  0.618665
19.25  1.50796  1.36569  0.709211
19.25  1.53938  0.0608527  0.107452
19.25  1.5708  1.34006  0.681225
19.25  1.60221  0.0410667  0.0487565
19.25  1.63363  0.619274  0.341485
19.25  1.66504  0.157391  0.122052
19.25  1.69646  0.0560336  0.0864139
19.25  1.72788  0.658595  0.594216
19.25  1.75929  0.264147  0.424873
19.25  1.79071  0.0924561  0.143264
19.25  1.82212  1.71087  1.58445
19.25  1.85354  0.0367963  0.0528616
19.25  1.88496  0.766853  0.639438
19.25  1.91637  0.0636328  0.104223
19.25  1.94779  0.0726094  0.0675331
19.25  1.9792  0.0867709  0.107557
19.25  2.01062  0.724225  0.632028
19.25  2.04204  0.32988  0.52919
19.25  2.07345  0.878116  0.895177
19.25  2.10487  0.0506038  0.0887723
19.25  2.13628  0.0529764  0.0525035
19.25  2.1677  0.0544857  0.094465
19.25  2.19911  0.61586  0.330067
19.25  2.23053  0.173863  0.150353
19.25  2.26195  0.0592437  0.0993559
19.25  2.29336  0.0508116  0.0791882
19.25  2.32478  0.707625  0.564394
19.25  2.35619  0.0510002  0.0567792
19.25  2.38761  0.0797959  0.20694
19.25  2.41903  0.139091  0.0724552
19.25  2.45044  0.0720996  0.114777
19.25  2.48186  0.0354738  0.0756829
19.25  2.51327  0.105348  0.110998
19.25  2.54469  0.105101  0.142306
19.25  2.57611  0.244535  0.188957
19.25  2.60752  0.0617713  0.105011
19.25  2.63894  0.0467137  0.0640705
19.25  2.67035  0.168056  0.112246
19.25  2.70177  0.216528  0.110761
19.25  2.73319  0.260727  0.157114
19.25  2.7646  0.152192  0.0971178
19.25  2.79602  0.384076  0.196947
19.25  2.82743  0.0198271  0.0257315
19.25  2.85885  0.268594  0.136293
19.25  2.89027  0.0239551  0.0247524
19.25  2.92168  0.0230455  0.169105
19.25  2.9531  0  0
19.25  2.98451  0  0
19.25  3.01593  0  0
19.25  3.04734  0  0
19.25  3.07876  0  0
19.25  3.11018  0  0
19.375  0  0  0
19.375  0.0314159  0  0
19.375  0.0628319  0  0
19.375  0.0942478  0  0
19.375  0.125664  0  0
19.375  0.15708  0  0
19.375  0.188496  0  0
19.375  0.219911  0.209025  0.112433
19.375  0.251327  0.298461  0.149256
19.375  0.282743  0.248373  0.176312
19.375  0.314159  0.239666  0.193753
19.375  0.345575  0.280825  0.211245
19.375  0.376991  0.216717  0.183295
19.375  0.408407  0.162165  0.138708
19.375  0.439823  0.223232  0.122205
19.375  0.471239  0.200893  0.194307
19.375  0.502655  0.0677952  0.107572
19.375  0.534071  0.173779  0.0869488
19.375  0.565487  0.167069  0.126893
19.375  0.596903  0.164045  0.102743
19.375  0.628319  0.0813133  0.125285
19.375  0.659734  0.0364212  0.0424792
19.375  0.69115  0.0985054  0.105742
19.375  0.722566  0.0576868  0.092858
19.375  0.753982  0.081887  0.0892445
19.375  0.785398  0.0693921  0.103038
19.375  0.816814  0.0625891  0.106634
19.375  0.84823  0.0503514  0.0485613
19.375  0.879646  0.0539183  0.053455
19.375  0.911062  0.102634  0.0880478
19.375  0.942478  0.759222  0.469901
19.375  0.973894  0.516711  0.287565
19.375  1.00531  0.145641  0.0830082
19.375  1.03673  0.074337  0.112848
19.375  1.06814  0.050772  0.0917509
19.375  1.09956  0.0604911  0.100292
19.375  1.13097  0.509314  0.538488
19.375  1.16239  0.0699529  0.339293
19.375  1.19381  0.0561291  0.101841
19.375  1.22522  1.66748  1.23134
19.375  1.25664  0.434007  0.217777
19.375  1.28805  0.151047  0.798747
19.375  1.31947  0.0597393  0.102006
19.375  1.35088  0.942764  0.483766
19.375  1.3823  0.297644  0.161888
19.375  1.41372  0.961118  0.958595
19.375  1.44513  0.0462558  0.0659463
19.375  1.47655  1.27424  1.25652
19.375  1.50796  0.520429  0.463546
19.375  1.53938  0.0535563  0.0978704
19.375  1.5708  0.0642241  0.108176
19.375  1.60221  0.783615  0.752081
19.375  1.63363  0.186225  0.210067
19.375  1.66504  0.137545  0.820023
19.375  1.69646  0.114908  0.0929031
19.375  1.72788  1.07892  1.07889
19.375  1.75929  1.11288  0.804806
19.375  1.79071  0.0433214  0.0799427
19.375  1.82212  0.0672511  0.0864201
19.375  1.85354  0.572512  0.485222
19.375  1.88496  0.0648778  0.103981
19.375  1.91637  0.0428409  0.0474353
19.375  1.94779  0.0890979  0.0813396
19.375  1.9792  0.0661326  0.101102
19.375  2.01062  0.0435312  0.044843
19.375  2.04204  0.0343747  0.0253501
19.375  2.07345  0.0702265  0.122206
19.375  2.10487  0.0459639  0.038457
19.375  2.13628  1.37406  0.766856
19.375  2.1677  0.0468706  0.0449741
19.375  2.19911  0.120014  0.0791282
19.375  2.23053  0.0751082  0.113088
19.375  2.26195  0.0842715  0.0886611
19.375  2.29336  0.0490514  0.0544455
19.375  2.32478  0.0583844  0.0732097
19.375  2.35619  0.0627651  0.106054
19.375  2.38761  0.0574233  0.0981341
19.375  2.41903  1.40364  0.755481
19.375  2.45044  0.051552  0.100214
19.375  2.48186  0.0525447  0.114547
19.375  2.51327  0.12512  0.100005
19.375  2.54469  0.104121  0.132515
19.375  2.57611  0.177376  0.0893171
19.375  2.60752  0.101163  0.0517963
19.375  2.63894  0.192292  0.144712
19.375  2.67035  0.185232  0.16932
19.375  2.70177  0.0640055  0.116688
19.375  2.73319  0.164407  0.0969899
19.375  2.7646  0.397657  0.356585
19.375  2.79602  0.233352  0.123889
19.375  2.82743  0.413904  0.26801
19.375  2.85885  0.0345683  0.253657
19.375  2.89027  0.406794  0.296022
19.375  2.92168  0.251546  2.02382
19.375  2.9531  0  0
19.375  2.98451  0  0
19.375  3.01593  0  0
19.375  3.04734  0  0
19.375  3.07876  0  0
19.375  3.11018  0  0
19.5  0  0  0
19.5  0.0314159  0  0
19.5  0.0628319  0  0
19.5  0.0942478  0  0
19.5  0.125664  0  0
19.5  0.15708  0  0
19.5  0.188496  0.292783  0.188499
19.5  0.219911  0  0
19.5  0.251327  0.301136  0.180855
19.5  0.282743  0.280066  0.26098
19.5  0.314159  0.336017  0.169031
19.5  0.345575  0.21071  0.183334
19.5  0.376991  0.229139  0.225181
19.5  0.408407  0.258076  0.254741
19.5  0.439823  0.0443659  0.0605551
19.5  0.471239  0.114107  0.148641
19.5  0.502655  0.0939611  0.155562
19.5  0.534071  0.164919  0.164154
19.5  0.565487  0.0948197  0.089625
19.5  0.596903  0.0477339  0.0872264
19.5  0.628319  0.0720756  0.122561
19.5  0.659734  0.0716793  0.111518
19.5  0.69115  0.0501152  0.096506
19.5  0.722566  1.45121  1.40612
19.5  0.753982  0.0623013  0.112875
19.5  0.785398  0.0627808  0.104944
19.5  0.816814  0.0521824  0.0977539
19.5  0.84823  0.0572513  0.0534377
19.5  0.879646  0.0816146  0.0885573
19.5  0.911062  0.0410481  0.0379119
19.5  0.942478  0.0630255  0.062647
19.5  0.973894  0.383068  0.358007
19.5  1.00531  0.0652617  0.103062
19.5  1.03673  0.0831224  0.0634826
19.5  1.06814  0.103876  0.238918
19.5  1.09956  0.0710229  0.0932388
19.5  1.13097  0.0745776  0.0762303
19.5  1.16239  0.759993  0.648424
19.5  1.19381  0.0603364  0.0628599
19.5  1.22522  0.0525044  0.0906506
19.5  1.25664  0.158729  0.0822316
19.5  1.28805  1.61606  1.37459
19.5  1.31947  0.041794  0.0505906
19.5  1.35088  0.135581  0.0869628
19.5  1.3823  0.0424581  0.0841374
19.5  1.41372  0.0602723  0.211
19.5  1.44513  0.132685  0.0801056
19.5  1.47655  1.24355  0.648771
19.5  1.50796  0.0613356  0.104281
19.5  1.53938  0.859061  0.430548
19.5  1.5708  0.350038  0.31562
19.5  1.60221  0.0642123  0.139484
19.5  1.63363  1.03097  0.697314
19.5  1.66504  0.828833  0.503084
19.5  1.69646  0.0641932  0.0811475
19.5  1.72788  0.0521024  0.0855031
19.5  1.75929  0.0595561  0.0997816
19.5  1.79071  0.91801  0.903136
19.5  1.82212  0.165204  0.0833875
19.5  1.85354  1.50818  1.5037
19.5  1.88496  0.138148  1.26872
19.5  1.91637  0.972294  0.970807
19.5  1.94779  0.0624976  0.109143
19.5  1.9792  0.992373  0.941371
19.5  2.01062  0.0537503  0.0942229
19.5  2.04204  1.31729  1.02438
19.5  2.07345  0.051925  0.0959475
19.5  2.10487  0.226814  0.155059
19.5  2.13628  0.0540277  0.0963551
19.5  2.1677  0.0413377  0.0448647
19.5  2.19911  0.154018  0.142257
19.5  2.23053  0.0374097  0.0295544
19.5  2.26195  0.0514396  0.0501299
19.5  2.29336  0.0593953  0.102377
19.5  2.32478  0.064853  0.081942
19.5  2.35619  0.0665377  0.12752
19.5  2.38761  0.0458937  0.0912936
19.5  2.41903  0.0604893  0.101333
19.5  2.45044  0.104214  0.518969
19.5  2.48186  0.269052  0.193085
19.5  2.51327  0.0684018  0.0727015
19.5  2.54469  0.105176  0.135556
19.5  2.57611  0.144986  0.137518
19.5  2.60752  0.107931  0.122914
19.5  2.63894  0.195893  0.0979738
19.5  2.67035  0.102588  0.109416
19.5  2.70177  0.211915  0.166511
19.5  2.73319  0.078157  0.107129
19.5  2.7646  0.216916  0.112452
19.5  2.79602  0.179953  0.0980802
19.5  2.82743  0.243788  0.194112
19.5  2.85885  0.258759  1.70226
19.5  2.89027  0.258759  1.70226
19.5  2.92168  0.0551695  0.404826
19.5  2.9531  0  0
19.5  2.98451  0  0
19.5  3.01593  0  0
19.5  3.04734  0  0
19.5  3.07876  0  0
19.5  3.11018  0  0
19.625  0  0  0
19.625  0.0314159  0  0
19.625  0.0628319  0  0
19.625  0.0942478  0  0
19.625  0.125664  0  0
19.625  0.15708  0  0
19.625  0.188496  0  0
19.625  0.219911  0.197237  0.194678
19.625  0.251327  0.178466  0.175662
19.625  0.282743  0.192779  0.0989774
19.625  0.314159  0.375782  0.371584
19.625  0.345575  0.214138  0.209521
19.625  0.376991  0.163369  0.0988882
19.625  0.408407  0.185075  0.0951211
19.625  0.439823  0.132965  0.0980691
19.625  0.471239  0.192176  0.142075
19.625  0.502655  0.0879583  0.0796173
19.625  0.534071  0.178126  0.133792
19.625  0.565487  0.05982  0.114483
19.625  0.596903  0.0402939  0.0822501
19.625  0.628319  0.114879  0.0753078
19.625  0.659734  0.0873797  0.116881
19.625  0.69115  0.0668946  0.0916848
19.625  0.722566  0.0501914  0.103159
19.625  0.753982  0.0642239  0.100978
19.625  0.785398  0.0672591  0.0782166
19.625  0.816814  0.0437456  0.0479152
19.625  0.84823  0.0600308  0.0894428
19.625  0.879646  0.629843  0.453289
19.625  0.911062  0.0558195  0.0989557
19.625  0.942478  0.05388  0.0781323
19.625  0.973894  1.40033  1.37522
19.625  1.00531  0.117623  0.133877
19.625  1.03673  0.952027  0.516865
19.625  1.06814  0.61958  0.748156
19.625  1.09956  1.39928  1.00262
19.625  1.13097  0.0655136  0.094387
19.625  1.16239  0.118885  0.107749
19.625  1.19381  1.0408  0.998868
19.625  1.22522  0.0733138  0.0765317
19.625  1.25664  0.825436  0.605677
19.625  1.28805  1.09321  0.956042
19.625  1.31947  1.05517  0.863777
19.625  1.35088  0.0587362  0.0846585
19.625  1.3823  0.0841384  0.0980262
19.625  1.41372  0.690985  0.354295
19.625  1.44513  0.0556932  0.0906769
19.625  1.47655  0.479948  0.39962
19.625  1.50796  0.0622209  0.0993181
19.625  1.53938  1.14527  1.13416
19.625  1.5708  0.055626  0.0855307
19.625  1.60221  1.06782  1.02827
19.625  1.63363  0.578656  0.836798
19.625  1.66504  1.20915  0.817023
19.625  1.69646  0.263245  0.13263
19.625  1.72788  1.77582  1.47325
19.625  1.75929  0.0644501  0.186563
19.625  1.79071  0.688885  0.480917
19.625  1.82212  0.0723053  0.195322
19.625  1.85354  0.052364  0.0957512
19.625  1.88496  0.0560927  0.094213
19.625  1.91637  0.0731961  0.451428
19.625  1.94779  1.21591  1.17046
19.625  1.9792  0.511427  0.501744
19.625  2.01062  0.0417812  0.0342781
19.625  2.04204  0.0417771  0.0427638
19.625  2.07345  0.80286  0.561455
19.625  2.10487  0.312045  0.300859
19.625  2.13628  1.34895  0.950838
19.625  2.1677  0.079177  0.0740678
19.625  2.19911  0.065134  0.107302
19.625  2.23053  0.098145  0.0868161
19.625  2.26195  0.0484348  0.0884803
19.625  2.29336  0.0470031  0.0715388
19.625  2.32478  0.0779344  0.088857
19.625  2.35619  0.0474227  0.0526636
19.625  2.38761  0.0678838  0.101137
19.625  2.41903  0.0578648  0.0981461
19.625  2.45044  0.0577766  0.113908
19.625  2.48186  0.0609185  0.0983867
19.625  2.51327  0.0781486  0.12163
19.625  2.54469  0.229526  0.229512
19.625  2.57611  0.0695636  0.0548181
19.625  2.60752  0.0569972  0.113524
19.625  2.63894  0.0366647  0.0509836
19.625  2.67035  0.089695  0.0777157
19.625  2.70177  0.0516564  0.109114
19.625  2.73319  0.14675  0.0738095
19.625  2.7646  0.158605  0.079316
19.625  2.79602  0.255129  0.249282
19.625  2.82743  0.164706  0.166205
19.625  2.85885  0.000174587  0.0012811
19.625  2.89027  0.118432  0.0643259
19.625  2.92168  0.303585  0.162068
19.625  2.9531  0  0
19.625  2.98451  0  0
19.625  3.01593  0  0
19.625  3.04734  0  0
19.625  3.07876  0  0
19.625  3.11018  0  0
19.75  0  0  0
19.75  0.0314159  0  0
19.75  0.0628319  0  0
19.75  0.0942478  0  0
19.75  0.125664  0  0
19.75  0.15708  0  0
19.75  0.188496  0.256816  1.84815
19.75  0.219911  0.129836  0.106862
19.75  0.251327  0.203391  0.148647
19.75  0.282743  0.117494  0.0765457
19.75  0.314159  0.350269  0.33875
19.75  0.345575  0.177102  0.113662
19.75  0.376991  0.177068  0.166488
19.75  0.408407  0.151145  0.0800165
19.75  0.439823  0.171703  0.112347
19.75  0.471239  0.0652881  0.105504
19.75  0.502655  0.149951  0.0900092
19.75  0.534071  0.0928803  0.114604
19.75  0.565487  0.104329  0.129971
19.75  0.596903  0.0814362  0.0742117
19.75  0.628319  0.980168  0.496597
19.75  0.659734  0.128512  0.0699538
19.75  0.69115  0.0952466  0.106484
19.75  0.722566  0.0423944  0.0403855
19.75  0.753982  0.0833429  0.0692271
19.75  0.785398  0.057124  0.0557757
19.75  0.816814  0.952314  0.944804
19.75  0.84823  0.0450749  0.0414962
19.75  0.879646  0.146459  0.118971
19.75  0.911062  0.0612659  0.0860353
19.75  0.942478  0.0734927  0.11135
19.75  0.973894  0.0560256  0.0602551
19.75  1.00531  0.0804475  0.147621
19.75  1.03673  0.0509334  0.0497376
19.75  1.06814  1.29477  1.02588
19.75  1.09956  1.22988  1.22045
19.75  1.13097  0.065393  0.246993
19.75  1.16239  0.705997  0.364656
19.75  1.19381  0.0472096  0.0782194
19.75  1.22522  0.905625  0.886196
19.75  1.25664  0.0545927  0.107639
19.75  1.28805  1.14003  0.696798
19.75  1.31947  0.212789  0.223597
19.75  1.35088  1.57767  1.03951
19.75  1.3823  0.0530558  0.0927369
19.75  1.41372  0.0737478  0.0860934
19.75  1.44513  1.16862  1.01741
19.75  1.47655  0.382245  0.384176
19.75  1.50796  0.0418434  0.0709257
19.75  1.53938  1.2016  1.16291
19.75  1.5708  0.0441451  0.0837737
19.75  1.60221  0.0643361  0.1042
19.75  1.63363  0.159368  0.138665
19.75  1.66504  1.80417  1.00005
19.75  1.69646  0.135844  0.0981934
19.75  1.72788  1.04128  0.548423
19.75  1.75929  1.19456  0.72497
19.75  1.79071  0.0672857  0.0966474
19.75  1.82212  0.728755  0.681345
19.75  1.85354  0.0628968  0.0675335
19.75  1.88496  0.0568872  0.11058
19.75  1.91637  0.0533503  0.104581
19.75  1.94779  0.0381173  0.0340939
19.75  1.9792  1.14228  0.673578
19.75  2.01062  0.062835  0.0890086
19.75  2.04204  0.889459  0.770507
19.75  2.07345  1.2031  0.678529
19.75  2.10487  0.043735  0.0417599
19.75  2.13628  0.0670251  0.088627
19.75  2.1677  0.0655332  0.0750626
19.75  2.19911  0.0719901  0.086694
19.75  2.23053  0.0332492  0.0295658
19.75  2.26195  0.157625  0.0805046
19.75  2.29336  0.0603743  0.103358
19.75  2.32478  0.529071  0.52785
19.75  2.35619  0.118883  0.128836
19.75  2.38761  0.0698277  0.104376
19.75  2.41903  0.0736546  0.0826816
19.75  2.45044  0.142994  0.131821
19.75  2.48186  0.158782  0.0793958
19.75  2.51327  0.0980051  0.0783146
19.75  2.54469  0.0626877  0.100284
19.75  2.57611  0.0550424  0.106215
19.75  2.60752  0.125396  0.0796583
19.75  2.63894  0.081444  0.0843514
19.75  2.67035  0.184658  0.134858
19.75  2.70177  0.0685254  0.100805
19.75  2.73319  0.158379  0.0881592
19.75  2.7646  0.0282408  0.0308095
19.75  2.79602  0.17838  0.0895202
19.75  2.82743  0.254671  0.131314
19.75  2.85885  0.0856656  0.0855502
19.75  2.89027  0.286713  0.287832
19.75  2.92168  0  0
19.75  2.9531  0  0
19.75  2.98451  0  0
19.75  3.01593  0  0
19.75  3.04734  0  0
19.75  3.07876  0  0
19.75  3.11018  0  0
19.875  0  0  0
19.875  0.0314159  0  0
19.875  0.0628319  0  0
19.875  0.0942478  0  0
19.875  0.125664  0  0
19.875  0.15708  0  0
19.875  0.188496  0.0902116  0.419619
19.875  0.219911  0.258759  1.70226
19.875  0.251327  0.191419  0.115919
19.875  0.282743  0.00104752  0.00768657
19.875  0.314159  0.133624  0.133622
19.875  0.345575  0.165607  0.0830545
19.875  0.376991  0.173476  0.170556
19.875  0.408407  0.112847  0.113235
19.875  0.439823  0.0285285  0.0595072
19.875  0.471239  0.168314  0.119819
19.875  0.502655  0.137556  0.102612
19.875  0.534071  0.173127  0.101803
19.875  0.565487  0.0929478  0.122306
19.875  0.596903  0.111335  0.0563294
19.875  0.628319  0.0743917  0.0765657
19.875  0.659734  0.0684715  0.0744966
19.875  0.69115  0.0512478  0.0887396
19.875  0.722566  0.0459143  0.0472376
19.875  0.753982  0.09594  0.090116
19.875  0.785398  1.31534  0.92341
19.875  0.816814  0.0560858  0.098149
19.875  0.84823  0.057629  0.0845473
19.875  0.879646  0.0477393  0.0463977
19.875  0.911062  0.0657068  0.111029
19.875  0.942478  0.942477  0.472881
19.875  0.973894  0.0600095  0.0835681
19.875  1.00531  0.115332  0.07628
19.875  1.03673  1.43477  0.884588
19.875  1.06814  0.899112  0.876277
19.875  1.09956  0.132142  0.0781802
19.875  1.13097  0.0702071  0.0763503
19.875  1.16239  0.163483  0.0939672
19.875  1.19381  0.330391  0.208117
19.875  1.22522  0.983548  1.06167
19.875  1.25664  1.3187  1.07816
19.875  1.28805  0.752986  0.465913
19.875  1.31947  1.59133  0.827517
19.875  1.35088  0.060685  0.136168
19.875  1.3823  0.06142  0.0880178
19.875  1.41372  0.964538  0.666627
19.875  1.44513  1.07517  0.990619
19.875  1.47655  0.0473313  0.0679759
19.875  1.50796  0.0536809  0.098707
19.875  1.53938  0.145917  0.102912
19.875  1.5708  1.62423  0.858177
19.875  1.60221  1.60277  1.44503
19.875  1.63363  0.260524  0.281306
19.875  1.66504  1.39736  1.21856
19.875  1.69646  0.0255058  0.0155868
19.875  1.72788  0.124552  0.0648442
19.875  1.75929  0.758675  0.406196
19.875  1.79071  2.36082  2.3401
19.875  1.82212  0.0588425  0.0995322
19.875  1.85354  0.0462783  0.0880085
19.875  1.88496  0.0450764  0.0606919
19.875  1.91637  0.0567648  0.112467
19.875  1.94779  0.756996  0.754426
19.875  1.9792  0.0878644  0.105324
19.875  2.01062  0.755433  0.750822
19.875  2.04204  0.0406606  0.0426434
19.875  2.07345  0.0668715  0.0994662
19.875  2.10487  0.0500225  0.0624087
19.875  2.13628  0.0609101  0.0874234
19.875  2.1677  0.048738  0.0437179
19.875  2.19911  0.0512839  0.0932938
19.875  2.23053  0.0451099  0.0410635
19.875  2.26195  1.61298  1.60186
19.875  2.29336  1.16867  1.13812
19.875  2.32478  0.0695271  0.104953
19.875  2.35619  0.053168  0.097825
19.875  2.38761  0.112658  0.129291
19.875  2.41903  0.0523454  0.0758927
19.875  2.45044  0.0768748  0.0768199
19.875  2.48186  0.161649  0.159225
19.875  2.51327  0.109972  0.13001
19.875  2.54469  0.0802638  0.0799527
19.875  2.57611  0.0691944  0.104313
19.875  2.60752  0.185794  0.166426
19.875  2.63894  0.100538  0.0573648
19.875  2.67035  0.129945  0.118561
19.875  2.70177  0.110879  0.110117
19.875  2.73319  0.183031  0.0978796
19.875  2.7646  0.166543  0.123778
19.875  2.79602  0.210468  0.135572
19.875  2.82743  0.356848  0.259736
19.875  2.85885  0.21863  0.145264
19.875  2.89027  0.00506303  0.0371518
19.875  2.92168  0.258759  1.70226
19.875  2.9531  0  0
19.875  2.98451  0  0
19.875  3.01593  0  0
19.875  3.04734  0  0
19.875  3.07876  0  0
19.875  3.11018  0  0
20  0  0  0
20  0.0314159  0  0
20  0.0628319  0  0
20  0.0942478  0  0
20  0.125664  0  0
20  0.15708  0  0
20  0.188496  0  0
20  0.219911  0.268598  0.266219
20  0.251327  0.318289  0.224406
20  0.282743  0.192801  0.17892
20  0.314159  0.218624  0.126005
20  0.345575  0.207869  0.205841
20  0.376991  0.157889  0.0920331
20  0.408407  0.0484642  0.0672562
20  0.439823  0.193476  0.100185
20  0.471239  0.149945  0.121377
20  0.502655  0.164879  0.14367
20  0.534071  0.15637  0.11316
20  0.565487  0.0559303  0.089989
20  0.596903  0.0652282  0.119376
20  0.628319  0.0641095  0.10731
20  0.659734  0.0964003  0.135163
20  0.69115  0.0905568  0.110697
20  0.722566  0.653441  0.407125
20  0.753982  0.382509  0.286089
20  0.785398  0.0654029  0.137728
20  0.816814  0.0584534  0.0920928
20  0.84823  0.0420938  0.0358379
20  0.879646  1.63418  1.15854
20  0.911062  0.0405871  0.0313715
20  0.942478  0.0559015  0.0984005
20  0.973894  0.0598211  0.0991028
20  1.00531  0.586385  0.834739
20  1.03673  0.121267  0.0677767
20  1.06814  0.189391  0.112692
20  1.09956  0.447675  0.413835
20  1.13097  0.736119  0.734512
20  1.16239  0.133312  0.0830279
20  1.19381  0.194674  0.174779
20  1.22522  0.748208  0.680905
20  1.25664  0.0378003  0.07104
20  1.28805  1.49881  1.58707
20  1.31947  0.26032  0.516359
20  1.35088  0.863233  0.626595
20  1.3823  0.228969  0.228684
20  1.41372  0.0475089  0.0899051
20  1.44513  1.03387  0.889927
20  1.47655  1.41396  0.825118
20  1.50796  0.733407  0.4798
20  1.53938  1.71128  1.68684
20  1.5708  0.0320895  0.0622128
20  1.60221  0.0502907  0.0815844
20  1.63363  0.158048  0.151234
20  1.66504  1.21953  0.862966
20  1.69646  1.13392  0.627471
20  1.72788  0.342574  0.295365
20  1.75929  0.284484  0.240329
20  1.79071  0.819446  0.67968
20  1.82212  0.0410022  0.0769464
20  1.85354  0.0442278  0.0555324
20  1.88496  0.0361529  0.0381821
20  1.91637  1.43766  1.41605
20  1.94779  1.49305  1.43448
20  1.9792  0.0667281  0.0690355
20  2.01062  0.502527  0.502519
20  2.04204  0.0446639  0.0401884
20  2.07345  0.0750373  0.111061
20  2.10487  0.0385084  0.036074
20  2.13628  0.948286  0.608811
20  2.1677  0.52493  0.465979
20  2.19911  0.415935  0.404734
20  2.23053  0.0378957  0.0286509
20  2.26195  0.0474196  0.0525278
20  2.29336  0.262644  0.159647
20  2.32478  0.056693  0.0965725
20  2.35619  0.126673  0.106666
20  2.38761  0.107167  0.0973114
20  2.41903  0.102316  0.106817
20  2.45044  0.154459  0.143992
20  2.48186  0.0561066  0.112029
20  2.51327  0.0914141  0.0606912
20  2.54469  0.105495  0.133487
20  2.57611  0.124231  0.134683
20  2.60752  0.053172  0.0764614
20  2.63894  0.0726933  0.118148
20  2.67035  0.106305  0.149249
20  2.70177  0.169986  0.106476
20  2.73319  0.205231  0.149944
20  2.7646  0.175722  0.170179
20  2.79602  0.173858  0.163203
20  2.82743  0.402568  0.358853
20  2.85885  0.210447  0.111148
20  2.89027  0.0571128  0.0405592
20  2.92168  0.258759  1.70226
20  2.9531  0  0
20  2.98451  0  0
20  3.01593  0  0
20  3.04734  0  0
20  3.07876  0  0
20  3.11018  0  0
20.125  0  0  0
20.125  0.0314159  0  0
20.125  0.0628319  0  0
20.125  0.0942478  0  0
20.125  0.125664  0  0
20.125  0.15708  0  0
20.125  0.188496  0  0
20.125  0.219911  0.137382  0.0720739
20.125  0.251327  0.235936  0.180843
20.125  0.282743  0.19132  0.100819
20.125  0.314159  0.0647682  0.0623125
20.125  0.345575  0.208622  0.208583
20.125  0.376991  0.0593139  0.132203
20.125  0.408407  0.153534  0.105698
20.125  0.439823  0.149276  0.138955
20.125  0.471239  0.0566846  0.092667
20.125  0.502655  0.158424  0.142867
20.125  0.534071  0.0973429  0.122022
20.125  0.565487  0.0530505  0.0951843
20.125  0.596903  0.153979  0.0996929
20.125  0.628319  0.145803  0.0924528
20.125  0.659734  0.088994  0.227559
20.125  0.69115  0.0980071  0.112866
20.125  0.722566  0.0546384  0.102448
20.125  0.753982  0.0816911  0.269166
20.125  0.785398  0.0528976  0.0853827
20.125  0.816814  0.0654568  0.1088
20.125  0.84823  0.143132  0.112938
20.125  0.879646  0.0793385  0.120531
20.125  0.911062  0.178169  0.151191
20.125  0.942478  0.0432707  0.0414616
20.125  0.973894  0.359324  0.215105
20.125  1.00531  0.0491144  0.0560683
20.125  1.03673  1.36361  1.10505
20.125  1.06814  0.776444  0.680745
20.125  1.09956  0.0631752  0.153937
20.125  1.13097  1.33235  0.863144
20.125  1.16239  0.757664  0.74383
20.125  1.19381  0.595955  0.500738
20.125  1.22522  0.590521  0.398659
20.125  1.25664  0.0799393  0.189757
20.125  1.28805  1.02164  0.637798
20.125  1.31947  0.0445743  0.0887535
20.125  1.35088  0.165687  0.161508
20.125  1.3823  0.347145  0.495431
20.125  1.41372  0.499954  0.475737
20.125  1.44513  1.07672  1.04276
20.125  1.47655  0.778881  0.554423
20.125  1.50796  0.725587  0.420152
20.125  1.53938  0.0525266  0.0915631
20.125  1.5708  1.64725  0.910869
20.125  1.60221  0.711283  0.700811
20.125  1.63363  1.02167  0.519463
20.125  1.66504  1.60999  1.58389
20.125  1.69646  0.0393765  0.0360554
20.125  1.72788  1.07422  0.9367
20.125  1.75929  0.380173  0.432206
20.125  1.79071  1.02045  0.518205
20.125  1.82212  1.24507  0.631316
20.125  1.85354  0.0363952  0.0427812
20.125  1.88496  0.233231  0.246367
20.125  1.91637  0.0676889  0.162509
20.125  1.94779  1.57795  1.34715
20.125  1.9792  0.067556  0.0904718
20.125  2.01062  0.326176  0.576283
20.125  2.04204  0.0825192  0.0777351
20.125  2.07345  0.140365  0.126304
20.125  2.10487  0.832639  0.418789
20.125  2.13628  0.608796  0.576648
20.125  2.1677  0.0665923  0.12229
20.125  2.19911  0.0488465  0.0542252
20.125  2.23053  0.0786241  0.0935929
20.125  2.26195  0.0902465  0.115238
20.125  2.29336  1.19075  0.965553
20.125  2.32478  0.156977  0.07918
20.125  2.35619  0.0976972  0.271809
20.125  2.38761  0.0832771  0.0986129
20.125  2.41903  0.0483235  0.0855236
20.125  2.45044  0.0693529  0.115052
20.125  2.48186  0.150931  0.0869682
20.125  2.51327  0.130182  0.122583
20.125  2.54469  0.225917  0.182853
20.125  2.57611  0.11099  0.0627558
20.125  2.60752  0.170343  0.0928383
20.125  2.63894  0.0555221  0.087414
20.125  2.67035  0.224705  0.113795
20.125  2.70177  0.20732  0.165301
20.125  2.73319  0.132459  0.0721556
20.125  2.7646  0.155584  0.141713
20.125  2.79602  0.265756  0.15347
20.125  2.82743  0.290493  0.28052
20.125  2.85885  0.0113482  0.0832712
20.125  2.89027  0.287681  0.230339
20.125  2.92168  0  0
20.125  2.9531  0  0
20.125  2.98451  0  0
20.125  3.01593  0  0
20.125  3.04734  0  0
20.125  3.07876  0  0
20.125  3.11018  0  0
20.25  0  0  0
20.25  0.0314159  0  0
20.25  0.0628319  0  0
20.25  0.0942478  0  0
20.25  0.125664  0  0
20.25  0.15708  0  0
20.25  0.188496  0.256816  1.84815
20.25  0.219911  0.250796  2.12815
20.25  0.251327  0.127936  0.0912429
20.25  0.282743  0.0965635  0.0952987
20.25  0.314159  0.216195  0.112876
20.25  0.345575  0.240098  0.238086
20.25  0.376991  0.240007  0.234265
20.25  0.408407  0.0943753  0.047337
20.25  0.439823  0.264497  0.152117
20.25  0.471239  0.09747  0.127865
20.25  0.502655  0.178909  0.0919839
20.25  0.534071  0.141109  0.0935784
20.25  0.565487  0.195864  0.166998
20.25  0.596903  0.0668249  0.0952889
20.25  0.628319  0.154007  0.0833601
20.25  0.659734  0.161314  0.149231
20.25  0.69115  0.13232  0.117033
20.25  0.722566  0.0529759  0.0935254
20.25  0.753982  0.164421  0.0833378
20.25  0.785398  0.0884978  0.157881
20.25  0.816814  0.0528511  0.0525832
20.25  0.84823  0.0664437  0.0662343
20.25  0.879646  0.0596813  0.0984599
20.25  0.911062  0.0448678  0.0414142
20.25  0.942478  0.64943  0.607919
20.25  0.973894  0.59836  0.440269
20.25  1.00531  1.25062  1.04608
20.25  1.03673  0.436347  0.361676
20.25  1.06814  0.0499368  0.0844906
20.25  1.09956  0.985023  0.655278
20.25  1.13097  0.0502958  0.0809154
20.25  1.16239  0.0658549  0.168556
20.25  1.19381  1.17135  0.724373
20.25  1.22522  0.213726  0.142953
20.25  1.25664  0.153064  0.0784677
20.25  1.28805  0.159809  0.15048
20.25  1.31947  2.31593  2.27905
20.25  1.35088  1.74228  1.53346
20.25  1.3823  0.0539526  0.0957695
20.25  1.41372  0.854719  0.481726
20.25  1.44513  0.125465  0.0778971
20.25  1.47655  0.0746377  0.200265
20.25  1.50796  0.0630637  0.177878
20.25  1.53938  0.0945391  0.162327
20.25  1.5708  0.0456567  0.104073
20.25  1.60221  0.119087  0.822813
20.25  1.63363  0.322215  0.471747
20.25  1.66504  0.372092  0.400729
20.25  1.69646  2.03405  1.31927
20.25  1.72788  1.02755  0.737409
20.25  1.75929  0.559587  0.387065
20.25  1.79071  0.064974  0.149883
20.25  1.82212  0.418815  0.235818
20.25  1.85354  1.03468  1.25837
20.25  1.88496  0.0532634  0.0852572
20.25  1.91637  0.364263  0.715849
20.25  1.94779  0.147004  0.124525
20.25  1.9792  0.0877387  0.0806482
20.25  2.01062  0.252467  0.283842
20.25  2.04204  0.0626303  0.116378
20.25  2.07345  0.0655491  0.11127
20.25  2.10487  0.0451779  0.0441081
20.25  2.13628  0.335909  0.198276
20.25  2.1677  0.0560519  0.0944329
20.25  2.19911  1.48706  1.46864
20.25  2.23053  0.350692  0.350685
20.25  2.26195  0.0499622  0.0544694
20.25  2.29336  0.112425  0.0818073
20.25  2.32478  0.0527719  0.0921669
20.25  2.35619  1.23846  1.14684
20.25  2.38761  0.0823129  0.0883123
20.25  2.41903  2.49676  2.13816
20.25  2.45044  0.569813  0.328367
20.25  2.48186  0.147204  0.145017
20.25  2.51327  0.146485  0.0987638
20.25  2.54469  0.162129  0.0937567
20.25  2.57611  0.192869  0.192854
20.25  2.60752  0.0785603  0.0868044
20.25  2.63894  0.186082  0.103758
20.25  2.67035  0.224585  0.172702
20.25  2.70177  0.144965  0.118852
20.25  2.73319  0.175042  0.172497
20.25  2.7646  0.28065  0.292873
20.25  2.79602  0.160362  0.159883
20.25  2.82743  0.3193  0.225376
20.25  2.85885  0.136426  0.120491
20.25  2.89027  0.131594  0.1244
20.25  2.92168  0  0
20.25  2.9531  0  0
20.25  2.98451  0.25876  1.70225
20.25  3.01593  0  0
20.25  3.04734  0  0
20.25  3.07876  0  0
20.25  3.11018  0  0
20.375  0  0  0
20.375  0.0314159  0  0
20.375  0.0628319  0  0
20.375  0.0942478  0  0
20.375  0.125664  0  0
20.375  0.15708  0  0
20.375  0.188496  0.258759  1.70226
20.375  0.219911  0.0162366  0.119142
20.375  0.251327  0.0598345  0.0853616
20.375  0.282743  0.164092  0.164287
20.375  0.314159  0.135899  0.0845875
20.375  0.345575  0.413975  0.38097
20.375  0.376991  0.160668  0.0831774
20.375  0.408407  0.0911811  0.0908797
20.375  0.439823  0.181007  0.12466
20.375  0.471239  0.157502  0.0789947
20.375  0.502655  0.158431  0.127919
20.375  0.534071  0.130148  0.114445
20.375  0.565487  0.08446  0.0857237
20.375  0.596903  0.0840584  0.124741
20.375  0.628319  0.10291  0.133619
20.375  0.659734  0.0480125  0.0946953
20.375  0.69115  0.0699747  0.087715
20.375  0.722566  0.107436  0.108089
20.375  0.753982  0.0902265  0.0880002
20.375  0.785398  0.352102  0.244623
20.375  0.816814  0.0579743  0.0978285
20.375  0.84823  0.550589  0.732947
20.375  0.879646  0.0632664  0.0951601
20.375  0.911062  0.0429325  0.0464822
20.375  0.942478  0.650352  0.579466
20.375  0.973894  0.056241  0.0522587
20.375  1.00531  1.1817  1.0541
20.375  1.03673  0.0918489  0.218681
20.375  1.06814  0.200706  0.107012
20.375  1.09956  0.0758041  0.0838681
20.375  1.13097  0.225406  0.21112
20.375  1.16239  0.0644981  0.0693128
20.375  1.19381  0.201546  0.162903
20.375  1.22522  0.103472  0.129993
20.375  1.25664  0.969155  0.508641
20.375  1.28805  0.0801519  0.0737787
20.375  1.31947  0.0485731  0.0483262
20.375  1.35088  2.06216  1.5584
20.375  1.3823  0.0797268  0.0921333
20.375  1.41372  0.0675756  0.126938
20.375  1.44513  0.0444518  0.0837897
20.375  1.47655  0.82327  1.2013
20.375  1.50796  0.729719  0.522191
20.375  1.53938  0.82726  0.561354
20.375  1.5708  0.0779434  0.246738
20.375  1.60221  0.0549822  0.0888586
20.375  1.63363  0.0654674  0.139091
20.375  1.66504  0.470204  0.313234
20.375  1.69646  0.822949  0.550059
20.375  1.72788  0.0691516  0.0967932
20.375  1.75929  1.39693  0.836525
20.375  1.79071  0.0465579  0.0548829
20.375  1.82212  1.36053  1.17301
20.375  1.85354  0.721069  0.400716
20.375  1.88496  0.0683544  0.140073
20.375  1.91637  0.355622  0.283519
20.375  1.94779  0.549187  0.620238
20.375  1.9792  0.0416931  0.0438833
20.375  2.01062  1.19928  1.16089
20.375  2.04204  0.0700521  0.0937803
20.375  2.07345  0.135796  1.27677
20.375  2.10487  0.0547299  0.098996
20.375  2.13628  0.0698745  0.0880804
20.375  2.1677  0.723565  0.572047
20.375  2.19911  0.0466869  0.0353445
20.375  2.23053  1.12944  0.842728
20.375  2.26195  0.0436191  0.046411
20.375  2.29336  0.700147  0.525101
20.375  2.32478  0.65536  0.399868
20.375  2.35619  0.0873293  0.356035
20.375  2.38761  0.0330173  0.0295003
20.375  2.41903  0.0342361  0.0259015
20.375  2.45044  0.163695  0.0830142
20.375  2.48186  0.134234  0.0910774
20.375  2.51327  0.0512745  0.0642111
20.375  2.54469  0.116447  0.137188
20.375  2.57611  0.234843  0.14886
20.375  2.60752  0.112793  0.148397
20.375  2.63894  0.127814  0.0728771
20.375  2.67035  0.152693  0.0793175
20.375  2.70177  0.193567  0.0977026
20.375  2.73319  0.18192  0.149522
20.375  2.7646  0.016062  0.117861
20.375  2.79602  0.202233  0.113459
20.375  2.82743  0.154932  0.104344
20.375  2.85885  0.344615  0.172535
20.375  2.89027  0  0
20.375  2.92168  0  0
20.375  2.9531  0  0
20.375  2.98451  0  0
20.375  3.01593  0  0
20.375  3.04734  0  0
20.375  3.07876  0  0
20.375  3.11018  0  0
20.5  0  0  0
20.5  0.0314159  0  0
20.5  0.0628319  0  0
20.5  0.0942478  0  0
20.5  0.125664  0  0
20.5  0.15708  0  0
20.5  0.188496  0.258759  1.70226
20.5  0.219911  0  0
20.5  0.251327  0.255807  0.174157
20.5  0.282743  0.373672  0.256601
20.5  0.314159  0.0937782  0.138362
20.5  0.345575  0.121886  0.090852
20.5  0.376991  0.196416  0.1413
20.5  0.408407  0.0244504  0.0523853
20.5  0.439823  0.174803  0.175208
20.5  0.471239  0.177331  0.100686
20.5  0.502655  0.0451496  0.0592835
20.5  0.534071  0.182584  0.114025
20.5  0.565487  0.133462  0.0725308
20.5  0.596903  0.0976386  0.10677
20.5  0.628319  0.126458  0.12172
20.5  0.659734  0.189707  0.169738
20.5  0.69115  0.090799  0.108533
20.5  0.722566  0.0641856  0.146995
20.5  0.753982  0.112875  0.0871995
20.5  0.785398  0.0513395  0.0969174
20.5  0.816814  0.0784189  0.087926
20.5  0.84823  0.286535  0.268466
20.5  0.879646  0.0446576  0.0403147
20.5  0.911062  0.0523244  0.0529631
20.5  0.942478  0.0520415  0.0514753
20.5  0.973894  1.10251  1.10214
20.5  1.00531  0.110074  0.0816593
20.5  1.03673  0.0942423  0.0928052
20.5  1.06814  0.605561  0.636234
20.5  1.09956  0.110769  0.0851269
20.5  1.13097  0.0464515  0.0895307
20.5  1.16239  1.56771  1.22883
20.5  1.19381  0.0923586  0.360943
20.5  1.22522  0.327239  0.30877
20.5  1.25664  0.154003  0.500728
20.5  1.28805  0.0691461  0.0872056
20.5  1.31947  0.0444639  0.0432086
20.5  1.35088  1.30111  0.785437
20.5  1.3823  1.37865  1.1277
20.5  1.41372  0.0542748  0.0894299
20.5  1.44513  1.45554  1.44676
20.5  1.47655  0.0854398  0.100746
20.5  1.50796  0.387164  0.773631
20.5  1.53938  0.0382255  0.041234
20.5  1.5708  0.189814  0.207214
20.5  1.60221  0.680575  0.462402
20.5  1.63363  1.03104  0.524346
20.5  1.66504  0.0581234  0.111069
20.5  1.69646  0.0516094  0.0772384
20.5  1.72788  1.03331  0.597758
20.5  1.75929  0.419082  0.419136
20.5  1.79071  0.0600709  0.101055
20.5  1.82212  0.0758219  0.0877192
20.5  1.85354  0.0721253  0.0875222
20.5  1.88496  0.0852551  0.863538
20.5  1.91637  0.0441228  0.0482863
20.5  1.94779  0.154408  0.151526
20.5  1.9792  0.113074  0.392576
20.5  2.01062  0.310027  0.396838
20.5  2.04204  0.0464688  0.0515555
20.5  2.07345  0.0701214  0.0781575
20.5  2.10487  0.0418668  0.0468482
20.5  2.13628  0.0614994  0.10208
20.5  2.1677  0.103851  0.0851542
20.5  2.19911  0.0456627  0.0470742
20.5  2.23053  0.469039  0.331996
20.5  2.26195  1.37822  1.22002
20.5  2.29336  0.0827016  0.10519
20.5  2.32478  0.0523375  0.0935954
20.5  2.35619  0.145278  0.131028
20.5  2.38761  0.063909  0.106895
20.5  2.41903  0.060623  0.107496
20.5  2.45044  0.0487639  0.0831703
20.5  2.48186  0.608566  0.32221
20.5  2.51327  0.139147  0.133353
20.5  2.54469  0.117297  0.0908535
20.5  2.57611  0.0386606  0.0917574
20.5  2.60752  0.16235  0.120121
20.5  2.63894  0.0899556  0.116273
20.5  2.67035  0.196956  0.0984848
20.5  2.70177  0.108101  0.0540631
20.5  2.73319  0.258121  0.131308
20.5  2.7646  0.239223  0.203621
20.5  2.79602  0.262176  0.207015
20.5  2.82743  0.266478  0.239163
20.5  2.85885  0.174354  0.168199
20.5  2.89027  0.0193792  0.142202
20.5  2.92168  0  0
20.5  2.9531  0  0
20.5  2.98451  0  0
20.5  3.01593  0  0
20.5  3.04734  0  0
20.5  3.07876  0  0
20.5  3.11018  0  0
20.625  0  0  0
20.625  0.0314159  0  0
20.625  0.0628319  0  0
20.625  0.0942478  0  0
20.625  0.125664  0  0
20.625  0.15708  0  0
20.625  0.188496  0.24613  2.25934
20.625  0.219911  0.176139  0.167847
20.625  0.251327  0.0825326  0.0819776
20.625  0.282743  0.454488  0.448138
20.625  0.314159  0.149235  0.111674
20.625  0.345575  0.23789  0.223381
20.625  0.376991  0.173424  0.154361
20.625  0.408407  0.183806  0.167132
20.625  0.439823  0.167271  0.18061
20.625  0.471239  0.187205  0.1299
20.625  0.502655  0.19122  0.171931
20.625  0.534071  0.190049  0.132576
20.625  0.565487  0.116576  0.136757
20.625  0.596903  0.102942  0.127171
20.625  0.628319  0.157644  0.083021
20.625  0.659734  0.927035  0.68026
20.625  0.69115  0.104655  0.0947433
20.625  0.722566  0.237264  0.405248
20.625  0.753982  0.115833  0.0795584
20.625  0.785398  0.0420711  0.0420779
20.625  0.816814  0.0510479  0.0959637
20.625  0.84823  0.0740483  0.135647
20.625  0.879646  0.717842  0.690439
20.625  0.911062  0.055746  0.0977835
20.625  0.942478  1.04895  0.530876
20.625  0.973894  0.101366  0.0836937
20.625  1.00531  0.482295  0.244743
20.625  1.03673  0.0490503  0.0663549
20.625  1.06814  0.0744279  0.104103
20.625  1.09956  0.132505  0.104168
20.625  1.13097  0.0612961  0.103277
20.625  1.16239  0.0525358  0.0588308
20.625  1.19381  1.14015  1.13137
20.625  1.22522  0.0426757  0.0386744
20.625  1.25664  0.142843  0.127929
20.625  1.28805  0.051033  0.114122
20.625  1.31947  0.920997  0.681041
20.625  1.35088  0.126083  0.0907195
20.625  1.3823  0.783684  0.747778
20.625  1.41372  0.193112  0.358976
20.625  1.44513  1.76637  1.00389
20.625  1.47655  2.4682  1.31048
20.625  1.50796  1.04616  0.525872
20.625  1.53938  2.24653  2.24596
20.625  1.5708  0.141447  0.197873
20.625  1.60221  0.77836  0.634253
20.625  1.63363  0.0624702  0.119686
20.625  1.66504  0.649468  0.354938
20.625  1.69646  0.817387  0.815675
20.625  1.72788  0.297892  0.370231
20.625  1.75929  0.0547077  0.100064
20.625  1.79071  0.846932  0.846451
20.625  1.82212  0.0539001  0.0885511
20.625  1.85354  0.680133  0.927754
20.625  1.88496  0.380372  0.37318
20.625  1.91637  0.133474  0.0914633
20.625  1.94779  0.036098  0.0334885
20.625  1.9792  0.0496881  0.0878773
20.625  2.01062  0.322287  0.284465
20.625  2.04204  0.917841  0.47112
20.625  2.07345  0.0553341  0.0950389
20.625  2.10487  0.306904  0.500111
20.625  2.13628  0.0652017  0.108964
20.625  2.1677  0.635035  0.728137
20.625  2.19911  0.0670491  0.0985242
20.625  2.23053  0.0376476  0.0365201
20.625  2.26195  0.0511403  0.0526503
20.625  2.29336  0.411685  0.395568
20.625  2.32478  0.0713477  0.105063
20.625  2.35619  0.0565711  0.106126
20.625  2.38761  0.935326  0.469454
20.625  2.41903  0.132773  0.0836099
20.625  2.45044  0.137999  0.116372
20.625  2.48186  0.0739249  0.109175
20.625  2.51327  0.0595817  0.0845362
20.625  2.54469  0.0740384  0.0669861
20.625  2.57611  0.11556  0.149842
20.625  2.60752  0.0809627  0.0973309
20.625  2.63894  0.146815  0.143889
20.625  2.67035  0.154477  0.100938
20.625  2.70177  0.225561  0.131143
20.625  2.73319  0.0449586  0.125012
20.625  2.7646  0.151549  0.0968173
20.625  2.79602  0.171901  0.129633
20.625  2.82743  0.100349  0.100295
20.625  2.85885  0.0143161  0.10505
20.625  2.89027  0.31809  0.250027
20.625  2.92168  0.19993  0.123266
20.625  2.9531  0  0
20.625  2.98451  0  0
20.625  3.01593  0  0
20.625  3.04734  0  0
20.625  3.07876  0  0
20.625  3.11018  0  0
20.75  0  0  0
20.75  0.0314159  0  0
20.75  0.0628319  0  0
20.75  0.0942478  0  0
20.75  0.125664  0  0
20.75  0.15708  0  0
20.75  0.188496  0  0
20.75  0.219911  0.0295052  0.216505
20.75  0.251327  0.258759  1.70226
20.75  0.282743  0.0169122  0.0297207
20.75  0.314159  0.182929  0.111232
20.75  0.345575  0.255364  0.246162
20.75  0.376991  0.050587  0.0831443
20.75  0.408407  0.0980865  0.145069
20.75  0.439823  0.133032  0.140093
20.75  0.471239  0.165592  0.164732
20.75  0.502655  0.0620129  0.0936593
20.75  0.534071  0.0776384  0.098232
20.75  0.565487  0.115186  0.0832023
20.75  0.596903  0.126486  0.100153
20.75  0.628319  0.185249  0.160145
20.75  0.659734  0.14521  0.096601
20.75  0.69115  0.132787  0.146777
20.75  0.722566  0.0622193  0.0623541
20.75  0.753982  0.0811419  0.0991702
20.75  0.785398  0.0440937  0.045108
20.75  0.816814  0.0460503  0.0357386
20.75  0.84823  0.0631643  0.106173
20.75  0.879646  0.0317302  0.0199835
20.75  0.911062  0.0426053  0.0423576
20.75  0.942478  0.354  0.348121
20.75  0.973894  0.0399519  0.0404568
20.75  1.00531  1.0032  0.99762
20.75  1.03673  0.0421162  0.038787
20.75  1.06814  0.0496661  0.0921653
20.75  1.09956  0.146849  0.0734275
20.75  1.13097  0.456346  0.449321
20.75  1.16239  0.408363  0.277232
20.75  1.19381  0.0782886  0.0826819
20.75  1.22522  2.09063  1.06879
20.75  1.25664  1.75426  1.07849
20.75  1.28805  0.79209  0.472797
20.75  1.31947  1.22465  0.695358
20.75  1.35088  0.0853498  0.0783671
20.75  1.3823  0.0580934  0.106835
20.75  1.41372  0.0645569  0.101848
20.75  1.44513  0.0448299  0.0480082
20.75  1.47655  0.0615978  0.0818437
20.75  1.50796  0.53314  0.267715
20.75  1.53938  1.45954  0.935028
20.75  1.5708  0.0406043  0.0579222
20.75  1.60221  1.64489  1.09824
20.75  1.63363  0.432443  0.243224
20.75  1.66504  0.209174  0.189808
20.75  1.69646  0.0583418  0.124834
20.75  1.72788  1.66768  0.854381
20.75  1.75929  0.0636464  0.0982122
20.75  1.79071  0.898346  0.888761
20.75  1.82212  0.0636726  0.210817
20.75  1.85354  1.05268  0.921504
20.75  1.88496  0.0646288  0.0934609
20.75  1.91637  0.0432063  0.0837866
20.75  1.94779  0.79447  0.799379
20.75  1.9792  0.0464147  0.0548905
20.75  2.01062  0.0601977  0.120922
20.75  2.04204  0.0883248  0.383565
20.75  2.07345  0.368146  0.789987
20.75  2.10487  0.469972  0.469456
20.75  2.13628  1.19733  0.988813
20.75  2.1677  0.0527676  0.0878523
20.75  2.19911  0.513634  0.301032
20.75  2.23053  0.058759  0.0578216
20.75  2.26195  0.998621  0.780576
20.75  2.29336  0.0642982  0.110888
20.75  2.32478  0.336776  0.257059
20.75  2.35619  0.0487706  0.0956982
20.75  2.38761  0.0881376  0.105444
20.75  2.41903  0.138131  0.114594
20.75  2.45044  0.124758  0.124119
20.75  2.48186  0.0951943  0.117316
20.75  2.51327  0.0982865  0.126946
20.75  2.54469  0.141526  0.0935866
20.75  2.57611  0.0890627  0.0772647
20.75  2.60752  0.064621  0.0693801
20.75  2.63894  0.201216  0.192958
20.75  2.67035  0.184779  0.176438
20.75  2.70177  0.219237  0.172401
20.75  2.73319  0.0839952  0.117266
20.75  2.7646  0.190027  0.154586
20.75  2.79602  0.231463  0.124844
20.75  2.82743  0.267582  0.136405
20.75  2.85885  0.0256643  0.188321
20.75  2.89027  0.433325  0.221618
20.75  2.92168  0.258759  1.70226
20.75  2.9531  0  0
20.75  2.98451  0  0
20.75  3.01593  0  0
20.75  3.04734  0  0
20.75  3.07876  0  0
20.75  3.11018  0  0
20.875  0  0  0
20.875  0.0314159  0  0
20.875  0.0628319  0  0
20.875  0.0942478  0  0
20.875  0.125664  0  0
20.875  0.15708  0  0
20.875  0.188496  0  0
20.875  0.219911  0.262767  0.265386
20.875  0.251327  0.0470883  0.0276356
20.875  0.282743  0.0353828  0.0541326
20.875  0.314159  0.130046  0.13007
20.875  0.345575  0.134769  0.0743535
20.875  0.376991  0.147243  0.0749848
20.875  0.408407  0.218687  0.113413
20.875  0.439823  0.102805  0.176582
20.875  0.471239  0.186556  0.122475
20.875  0.502655  0.102068  0.174891
20.875  0.534071  0.189546  0.146155
20.875  0.565487  0.191616  0.119966
20.875  0.596903  0.179858  0.0962206
20.875  0.628319  0.169719  0.154558
20.875  0.659734  0.16724  0.14445
20.875  0.69115  0.0938151  0.0947186
20.875  0.722566  0.0791092  0.112646
20.875  0.753982  0.104076  0.0852066
20.875  0.785398  0.0550185  0.0966284
20.875  0.816814  0.144577  0.136961
20.875  0.84823  0.0716723  0.0802771
20.875  0.879646  0.0792952  0.118722
20.875  0.911062  0.0615665  0.100064
20.875  0.942478  0.683702  0.424154
20.875  0.973894  0.0744966  0.0809355
20.875  1.00531  0.0646412  0.101606
20.875  1.03673  0.103997  0.0912387
20.875  1.06814  0.053441  0.179553
20.875  1.09956  0.143418  0.143776
20.875  1.13097  1.65903  1.65831
20.875  1.16239  0.097113  0.0984001
20.875  1.19381  0.0484619  0.0493171
20.875  1.22522  0.604921  0.39535
20.875  1.25664  0.138544  0.117019
20.875  1.28805  0.0494877  0.0817685
20.875  1.31947  0.118073  0.0733573
20.875  1.35088  0.213371  0.19339
20.875  1.3823  1.52553  1.45815
20.875  1.41372  0.82116  0.820583
20.875  1.44513  0.0610096  0.104899
20.875  1.47655  0.224942  0.184966
20.875  1.50796  1.09966  0.596243
20.875  1.53938  0.0792565  0.0745463
20.875  1.5708  0.0456415  0.0516492
20.875  1.60221  1.67492  1.67275
20.875  1.63363  0.0421334  0.0370575
20.875  1.66504  1.05057  0.606971
20.875  1.69646  1.20209  1.33063
20.875  1.72788  1.02292  0.638764
20.875  1.75929  0.0365122  0.0393634
20.875  1.79071  0.349098  0.224989
20.875  1.82212  0.141534  0.0713857
20.875  1.85354  2.134  1.60496
20.875  1.88496  0.0797201  0.0765371
20.875  1.91637  0.0512443  0.12437
20.875  1.94779  0.0331329  0.0268641
20.875  1.9792  1.5306  1.09488
20.875  2.01062  0.0819911  0.413056
20.875  2.04204  1.39345  0.703838
20.875  2.07345  0.0432697  0.039238
20.875  2.10487  0.0357392  0.0299326
20.875  2.13628  0.909986  0.886636
20.875  2.1677  0.0600761  0.101148
20.875  2.19911  0.796088  0.735028
20.875  2.23053  0.800995  0.400498
20.875  2.26195  0.0370694  0.0376749
20.875  2.29336  0.0443598  0.0455463
20.875  2.32478  0.0378356  0.0265555
20.875  2.35619  0.0388072  0.0422498
20.875  2.38761  0.0647059  0.0914474
20.875  2.41903  0.0836781  0.0887331
20.875  2.45044  0.0842059  0.106654
20.875  2.48186  0.148738  0.127648
20.875  2.51327  0.114065  0.111971
20.875  2.54469  0.366673  0.369908
20.875  2.57611  0.139627  0.126978
20.875  2.60752  0.181476  0.123998
20.875  2.63894  0.178913  0.130775
20.875  2.67035  0.211971  0.111731
20.875  2.70177  0.136295  0.116277
20.875  2.73319  0.0735519  0.114044
20.875  2.7646  0.182072  0.119159
20.875  2.79602  0.102196  0.054907
20.875  2.82743  0.285866  0.199824
20.875  2.85885  0.149498  0.0803619
20.875  2.89027  0.255098  1.96439
20.875  2.92168  0  0
20.875  2.9531  0  0
20.875  2.98451  0  0
20.875  3.01593  0  0
20.875  3.04734  0  0
20.875  3.07876  0  0
20.875  3.11018  0  0
21  0  0  0
21  0.0314159  0  0
21  0.0628319  0  0
21  0.0942478  0  0
21  0.125664  0  0
21  0.15708  0.258759  1.70227
21  0.188496  0.0137924  0.101207
21  0.219911  0  0
21  0.251327  0.277614  0.165598
21  0.282743  0.225894  0.223258
21  0.314159  0.171562  0.146411
21  0.345575  0.16363  0.155691
21  0.376991  0.168431  0.119384
21  0.408407  0.0476403  0.076655
21  0.439823  0.17009  0.133975
21  0.471239  0.155362  0.106261
21  0.502655  0.184855  0.120422
21  0.534071  0.148358  0.0742485
21  0.565487  0.415278  0.402476
21  0.596903  0.0677388  0.105491
21  0.628319  0.104925  0.0926448
21  0.659734  0.148719  0.0920136
21  0.69115  0.102469  0.0915311
21  0.722566  0.942414  0.547129
21  0.753982  0.0733819  0.0940121
21  0.785398  0.040985  0.0458171
21  0.816814  1.03853  0.548739
21  0.84823  0.0403236  0.0423594
21  0.879646  0.054123  0.0686729
21  0.911062  0.524962  0.434845
21  0.942478  0.066636  0.108191
21  0.973894  1.13399  1.05963
21  1.00531  0.0621313  0.110901
21  1.03673  1.21932  1.2145
21  1.06814  0.519762  0.34567
21  1.09956  1.1478  0.802352
21  1.13097  0.0503043  0.0906515
21  1.16239  0.127878  0.12757
21  1.19381  0.344713  0.246699
21  1.22522  1.36461  0.694445
21  1.25664  1.24294  0.743092
21  1.28805  0.0952452  0.116062
21  1.31947  0.957862  0.782577
21  1.35088  0.279343  0.140669
21  1.3823  0.0584413  0.127659
21  1.41372  1.22223  1.08339
21  1.44513  1.40737  1.37333
21  1.47655  1.12337  0.953704
21  1.50796  0.0533305  0.096161
21  1.53938  0.987179  0.525144
21  1.5708  1.41041  0.804899
21  1.60221  0.92306  0.760121
21  1.63363  0.0370551  0.0469121
21  1.66504  1.01067  1.0091
21  1.69646  0.347885  0.19449
21  1.72788  0.0516909  0.0934611
21  1.75929  1.41721  0.708606
21  1.79071  0.161322  0.14773
21  1.82212  0.0559338  0.0900488
21  1.85354  0.679636  0.342735
21  1.88496  0.625094  0.478273
21  1.91637  1.17046  0.839748
21  1.94779  0.838913  0.684272
21  1.9792  0.0344828  0.022206
21  2.01062  0.230451  0.178653
21  2.04204  0.104318  0.133893
21  2.07345  0.0551238  0.100046
21  2.10487  0.0504004  0.062922
21  2.13628  1.01335  0.99946
21  2.1677  0.435269  0.466904
21  2.19911  0.0427549  0.080456
21  2.23053  0.103291  0.0994644
21  2.26195  0.0546086  0.0923636
21  2.29336  0.033581  0.0257481
21  2.32478  0.0790984  0.077501
21  2.35619  0.0716701  0.0883295
21  2.38761  0.121156  0.136179
21  2.41903  0.196872  0.402171
21  2.45044  0.0725575  0.121003
21  2.48186  0.157314  0.12095
21  2.51327  0.0745368  0.0939522
21  2.54469  0.0877279  0.110926
21  2.57611  0.112226  0.0843721
21  2.60752  0.18371  0.106462
21  2.63894  0.180696  0.10354
21  2.67035  0.200955  0.161001
21  2.70177  0.101336  0.0883373
21  2.73319  0.0602346  0.0969442
21  2.7646  0.150149  0.0774471
21  2.79602  0.164944  0.0903507
21  2.82743  0.258599  0.258194
21  2.85885  0.258759  1.70226
21  2.89027  0.0223472  0.16398
21  2.92168  0.00209505  0.0153731
21  2.9531  0  0
21  2.98451  0  0
21  3.01593  0  0
21  3.04734  0  0
21  3.07876  0  0
21  3.11018  0  0
21.125  0  0  0
21.125  0.0314159  0  0
21.125  0.0628319  0  0
21.125  0.0942478  0  0
21.125  0.125664  0  0
21.125  0.15708  0  0
21.125  0.188496  0.00855477  0.0627737
21.125  0.219911  0.0253151  0.185759
21.125  0.251327  0.0546177  0.0795102
21.125  0.282743  0.179407  0.111774
21.125  0.314159  0.182433  0.166822
21.125  0.345575  0.174407  0.142274
21.125  0.376991  0.231356  0.120228
21.125  0.408407  0.220487  0.114966
21.125  0.439823  0.0309462  0.0396969
21.125  0.471239  0.143882  0.0862681
21.125  0.502655  0.145709  0.118969
21.125  0.534071  0.136281  0.0826895
21.125  0.565487  0.0575207  0.102397
21.125  0.596903  0.0458445  0.0968706
21.125  0.628319  0.116855  0.0974653
21.125  0.659734  0.111866  0.0897548
21.125  0.69115  0.0917464  0.0903754
21.125  0.722566  0.0543574  0.0951951
21.125  0.753982  0.91275  0.56029
21.125  0.785398  0.836854  0.710551
21.125  0.816814  0.0622732  0.109097
21.125  0.84823  0.0669093  0.112713
21.125  0.879646  0.283276  0.246789
21.125  0.911062  0.0411187  0.0404811
21.125  0.942478  0.663751  0.336553
21.125  0.973894  0.851283  0.662081
21.125  1.00531  0.263229  0.255214
21.125  1.03673  0.0744195  0.186042
21.125  1.06814  0.939161  0.89476
21.125  1.09956  1.43681  0.779576
21.125  1.13097  0.770416  0.561473
21.125  1.16239  0.6157  0.965353
21.125  1.19381  1.09013  0.601718
21.125  1.22522  1.29108  0.977866
21.125  1.25664  0.0727726  0.0998128
21.125  1.28805  1.37905  1.00155
21.125  1.31947  0.177879  0.564021
21.125  1.35088  0.0450489  0.0577152
21.125  1.3823  0.970214  0.755781
21.125  1.41372  1.53522  1.09905
21.125  1.44513  1.70613  0.96875
21.125  1.47655  0.523881  0.261958
21.125  1.50796  1.86664  1.41647
21.125  1.53938  0.678025  0.410509
21.125  1.5708  0.906817  0.817347
21.125  1.60221  0.0987201  0.785782
21.125  1.63363  0.792947  0.94366
21.125  1.66504  0.992755  0.980826
21.125  1.69646  0.0550102  0.100025
21.125  1.72788  1.40101  1.00689
21.125  1.75929  0.379324  0.323533
21.125  1.79071  0.214688  0.180667
21.125  1.82212  0.678202  0.354715
21.125  1.85354  1.4882  1.4695
21.125  1.88496  0.121062  0.186715
21.125  1.91637  0.122162  0.10123
21.125  1.94779  1.36908  1.30366
21.125  1.9792  1.49888  0.749673
21.125  2.01062  0.0436901  0.0458418
21.125  2.04204  0.876255  0.733809
21.125  2.07345  0.983649  0.699146
21.125  2.10487  0.311613  0.309032
21.125  2.13628  0.0363391  0.0256875
21.125  2.1677  1.34852  0.871837
21.125  2.19911  0.0482048  0.0863484
21.125  2.23053  1.30931  1.27685
21.125  2.26195  0.0801115  0.23217
21.125  2.29336  0.0446817  0.0506965
21.125  2.32478  0.0486138  0.0873524
21.125  2.35619  0.0735414  0.0928921
21.125  2.38761  0.138156  0.105966
21.125  2.41903  0.06819  0.115376
21.125  2.45044  0.126789  0.0913977
21.125  2.48186  0.134357  0.0935531
21.125  2.51327  0.117015  0.0760247
21.125  2.54469  0.190224  0.185628
21.125  2.57611  0.0523028  0.0807631
21.125  2.60752  0.155  0.154954
21.125  2.63894  0.163933  0.0904264
21.125  2.67035  0.158347  0.117147
21.125  2.70177  0.256445  0.160583
21.125  2.73319  0.137302  0.0841354
21.125  2.7646  0.115321  0.163661
21.125  2.79602  0.208656  0.143924
21.125  2.82743  0.214733  0.110813
21.125  2.85885  0.184764  0.176022
21.125  2.89027  0.108966  0.104324
21.125  2.92168  0  0
21.125  2.9531  0  0
21.125  2.98451  0  0
21.125  3.01593  0  0
21.125  3.04734  0  0
21.125  3.07876  0  0
21.125  3.11018  0  0
21.25  0  0  0
21.25  0.0314159  0  0
21.25  0.0628319  0  0
21.25  0.0942478  0  0
21.25  0.125664  0  0
21.25  0.15708  0  0
21.25  0.188496  0.258759  1.70226
21.25  0.219911  0.258759  1.70226
21.25  0.251327  0.0013967  0.0102488
21.25  0.282743  0.0377108  0.276717
21.25  0.314159  0.165931  0.163591
21.25  0.345575  0.586174  0.294964
21.25  0.376991  0.0697084  0.0869829
21.25  0.408407  0.102318  0.0516217
21.25  0.439823  0.150171  0.0994555
21.25  0.471239  0.154085  0.11537
21.25  0.502655  0.0555666  0.0949725
21.25  0.534071  0.0765208  0.0935622
21.25  0.565487  0.16567  0.16251
21.25  0.596903  0.124766  0.111391
21.25  0.628319  0.0859309  0.0869501
21.25  0.659734  0.065572  0.0948722
21.25  0.69115  0.0749308  0.249801
21.25  0.722566  0.0794342  0.0969986
21.25  0.753982  0.0750181  0.0847686
21.25  0.785398  0.0401722  0.0396309
21.25  0.816814  0.456768  0.409057
21.25  0.84823  0.0452569  0.0881069
21.25  0.879646  0.0378827  0.0345826
21.25  0.911062  1.47876  1.36648
21.25  0.942478  0.864627  0.783143
21.25  0.973894  0.0506577  0.053142
21.25  1.00531  0.679092  0.452768
21.25  1.03673  0.0419236  0.0392212
21.25  1.06814  0.131249  0.0795568
21.25  1.09956  0.357829  0.180901
21.25  1.13097  0.0818125  0.0897642
21.25  1.16239  1.52549  1.09856
21.25  1.19381  0.206597  0.10498
21.25  1.22522  0.320903  0.265209
21.25  1.25664  0.689997  0.658003
21.25  1.28805  0.050374  0.0894262
21.25  1.31947  1.33107  1.3064
21.25  1.35088  0.467924  0.467881
21.25  1.3823  1.24115  0.71574
21.25  1.41372  0.05019  0.068904
21.25  1.44513  1.35572  1.33828
21.25  1.47655  0.0396082  0.0631001
21.25  1.50796  0.834274  0.450333
21.25  1.53938  1.55342  0.783123
21.25  1.5708  1.60513  1.36085
21.25  1.60221  0.724711  0.535166
21.25  1.63363  1.66198  1.55586
21.25  1.66504  0.0724738  0.0807862
21.25  1.69646  0.293499  0.551817
21.25  1.72788  1.50252  1.49917
21.25  1.75929  0.821776  0.425458
21.25  1.79071  0.0588258  0.102433
21.25  1.82212  0.0679553  0.0806124
21.25  1.85354  0.0639453  0.101322
21.25  1.88496  0.0487469  0.0701099
21.25  1.91637  1.33885  0.723593
21.25  1.94779  0.617762  0.616878
21.25  1.9792  1.38975  1.0764
21.25  2.01062  0.14286  0.103652
21.25  2.04204  0.0539524  0.0901304
21.25  2.07345  0.137685  0.0702783
21.25  2.10487  0.96307  1.17077
21.25  2.13628  0.0451526  0.0456415
21.25  2.1677  0.044576  0.0480217
21.25  2.19911  1.18723  1.01005
21.25  2.23053  0.0549194  0.078013
21.25  2.26195  0.0432129  0.0370849
21.25  2.29336  0.358816  0.356564
21.25  2.32478  0.0943889  0.0965655
21.25  2.35619  0.0688818  0.0871078
21.25  2.38761  0.0693444  0.104541
21.25  2.41903  0.562316  0.319775
21.25  2.45044  0.0992895  0.0919234
21.25  2.48186  0.131057  0.131054
21.25  2.51327  0.163034  0.113578
21.25  2.54469  0.15661  0.150417
21.25  2.57611  0.0692148  0.109612
21.25  2.60752  0.258456  0.144621
21.25  2.63894  0.215421  0.202739
21.25  2.67035  0.0998617  0.058736
21.25  2.70177  0.146453  0.119215
21.25  2.73319  0.19149  0.118382
21.25  2.7646  0.0603261  0.10851
21.25  2.79602  0.226749  0.226093
21.25  2.82743  0.314466  0.26027
21.25  2.85885  0.0471385  0.345896
21.25  2.89027  0.288475  0.270594
21.25  2.92168  0.0333461  0.244689
21.25  2.9531  0  0
21.25  2.98451  0  0
21.25  3.01593  0  0
21.25  3.04734  0  0
21.25  3.07876  0  0
21.25  3.11018  0  0
21.375  0  0  0
21.375  0.0314159  0  0
21.375  0.0628319  0  0
21.375  0.0942478  0  0
21.375  0.125664  0  0
21.375  0.15708  0  0
21.375  0.188496  0.0164112  0.120423
21.375  0.219911  0.185018  0.140926
21.375  0.251327  0.0158608  0.0136127
21.375  0.282743  0.284186  0.25755
21.375  0.314159  0.275053  0.240929
21.375  0.345575  0.229737  0.229325
21.375  0.376991  0.198648  0.144887
21.375  0.408407  0.0771348  0.078238
21.375  0.439823  0.209042  0.168876
21.375  0.471239  0.177515  0.088881
21.375  0.502655  0.083942  0.151838
21.375  0.534071  0.0761151  0.0888317
21.375  0.565487  0.154505  0.15236
21.375  0.596903  0.120591  0.0863721
21.375  0.628319  0.0682703  0.0756823
21.375  0.659734  0.0829873  0.0840855
21.375  0.69115  0.0430687  0.049008
21.375  0.722566  0.065762  0.0931766
21.375  0.753982  0.0512478  0.0933629
21.375  0.785398  1.38106  1.36123
21.375  0.816814  0.730909  0.528763
21.375  0.84823  1.11485  1.03725
21.375  0.879646  0.0999822  0.107297
21.375  0.911062  0.794341  0.775393
21.375  0.942478  0.0563447  0.0861158
21.375  0.973894  0.138414  0.121496
21.375  1.00531  1.05422  0.558583
21.375  1.03673  0.0634545  0.0914859
21.375  1.06814  0.137784  0.134069
21.375  1.09956  0.0412635  0.0424368
21.375  1.13097  0.118692  0.100013
21.375  1.16239  0.0581833  0.101304
21.375  1.19381  0.0906287  0.0780684
21.375  1.22522  0.0799304  0.177921
21.375  1.25664  0.0611929  0.113772
21.375  1.28805  1.30699  1.30571
21.375  1.31947  0.726835  0.905798
21.375  1.35088  1.86292  1.6896
21.375  1.3823  0.847659  0.508064
21.375  1.41372  0.358255  0.208235
21.375  1.44513  0.069488  0.0976223
21.375  1.47655  0.621207  0.638074
21.375  1.50796  0.129695  0.463176
21.375  1.53938  1.28445  1.15161
21.375  1.5708  1.39476  1.3947
21.375  1.60221  0.925165  0.697317
21.375  1.63363  2.0215  1.0658
21.375  1.66504  1.12241  0.676494
21.375  1.69646  0.327841  0.322644
21.375  1.72788  0.143159  0.120969
21.375  1.75929  1.37821  0.911162
21.375  1.79071  0.0543406  0.0890925
21.375  1.82212  0.0618348  0.109494
21.375  1.85354  0.0614363  0.0913569
21.375  1.88496  1.01052  0.966512
21.375  1.91637  1.10122  0.802873
21.375  1.94779  1.10029  0.614681
21.375  1.9792  0.809692  0.84393
21.375  2.01062  1.2188  0.691366
21.375  2.04204  1.16147  0.628674
21.375  2.07345  0.499754  0.362056
21.375  2.10487  0.0637412  0.101297
21.375  2.13628  1.08513  0.677001
21.375  2.1677  0.0707796  0.0884986
21.375  2.19911  0.182576  0.149304
21.375  2.23053  1.64792  1.39854
21.375  2.26195  0.0579678  0.0876246
21.375  2.29336  0.0885716  0.0879516
21.375  2.32478  0.0503925  0.0459865
21.375  2.35619  0.0690271  0.14818
21.375  2.38761  0.090134  0.331307
21.375  2.41903  0.0611946  0.0800414
21.375  2.45044  0.0707283  0.0888346
21.375  2.48186  0.0583897  0.100381
21.375  2.51327  0.204179  0.167055
21.375  2.54469  0.0874229  0.0881781
21.375  2.57611  0.074254  0.104563
21.375  2.60752  0.188152  0.124384
21.375  2.63894  0.157214  0.134347
21.375  2.67035  0.133738  0.0762761
21.375  2.70177  0.148043  0.133833
21.375  2.73319  0.130851  0.0697835
21.375  2.7646  0.240154  0.228781
21.375  2.79602  0.24002  0.226493
21.375  2.82743  0.125967  0.0653429
21.375  2.85885  0.219915  0.110657
21.375  2.89027  0.182308  0.174589
21.375  2.92168  0.192395  0.126112
21.375  2.9531  0  0
21.375  2.98451  0  0
21.375  3.01593  0  0
21.375  3.04734  0  0
21.375  3.07876  0  0
21.375  3.11018  0  0
21.5  0  0  0
21.5  0.0314159  0  0
21.5  0.0628319  0  0
21.5  0.0942478  0  0
21.5  0.125664  0  0
21.5  0.15708  0  0
21.5  0.188496  0.0207759  0.15245
21.5  0.219911  0.0123957  0.0909578
21.5  0.251327  0.352824  0.271031
21.5  0.282743  0.142036  0.135473
21.5  0.314159  0.141585  0.139214
21.5  0.345575  0.124157  0.112351
21.5  0.376991  0.136458  0.101194
21.5  0.408407  0.161318  0.160216
21.5  0.439823  0.13234  0.141889
21.5  0.471239  0.0942146  0.146519
21.5  0.502655  0.123194  0.0617797
21.5  0.534071  0.0997131  0.102767
21.5  0.565487  0.135054  0.0813078
21.5  0.596903  0.121827  0.0949198
21.5  0.628319  0.141448  0.0754583
21.5  0.659734  0.0705544  0.0928789
21.5  0.69115  0.0794128  0.0888827
21.5  0.722566  0.0844645  0.0736646
21.5  0.753982  0.0589835  0.107192
21.5  0.785398  0.0463302  0.0457175
21.5  0.816814  0.0500833  0.0478355
21.5  0.84823  0.0788478  0.0708789
21.5  0.879646  0.0372138  0.0292026
21.5  0.911062  0.0874637  0.118509
21.5  0.942478  0.67384  0.357619
21.5  0.973894  0.998167  0.691805
21.5  1.00531  0.038522  0.0335725
21.5  1.03673  0.0702126  0.1114
21.5  1.06814  0.537478  0.544973
21.5  1.09956  0.418478  0.378352
21.5  1.13097  1.25662  1.2
21.5  1.16239  0.0597064  0.0633937
21.5  1.19381  0.0733597  0.085621
21.5  1.22522  0.70663  0.380922
21.5  1.25664  0.144708  0.0868921
21.5  1.28805  2.24719  2.21668
21.5  1.31947  0.0640797  0.13059
21.5  1.35088  0.893998  0.492328
21.5  1.3823  0.757318  0.742688
21.5  1.41372  1.11297  0.564933
21.5  1.44513  1.58724  1.12083
21.5  1.47655  0.855396  0.729792
21.5  1.50796  1.58842  1.58113
21.5  1.53938  1.43101  1.40268
21.5  1.5708  1.50648  1.07651
21.5  1.60221  0.820366  0.854258
21.5  1.63363  0.0946426  0.111644
21.5  1.66504  1.15361  0.671041
21.5  1.69646  1.59685  0.898583
21.5  1.72788  1.01821  0.918107
21.5  1.75929  0.867234  0.796118
21.5  1.79071  0.0838895  0.0960504
21.5  1.82212  0.716303  0.473182
21.5  1.85354  1.46162  1.3527
21.5  1.88496  0.468425  0.46446
21.5  1.91637  0.0425431  0.0525662
21.5  1.94779  0.0911769  0.0817796
21.5  1.9792  0.565194  0.568296
21.5  2.01062  0.920003  0.759681
21.5  2.04204  0.775409  0.38788
21.5  2.07345  0.315602  0.194697
21.5  2.10487  0.787885  0.516443
21.5  2.13628  0.0278279  0.0166746
21.5  2.1677  0.0616221  0.10941
21.5  2.19911  0.0549247  0.0908658
21.5  2.23053  0.032683  0.0198775
21.5  2.26195  0.239472  0.242327
21.5  2.29336  0.0455779  0.048939
21.5  2.32478  0.0790589  0.0914258
21.5  2.35619  0.0843544  0.12621
21.5  2.38761  0.046977  0.0829743
21.5  2.41903  1.88379  1.35376
21.5  2.45044  0.104172  0.0872262
21.5  2.48186  0.145541  0.0996294
21.5  2.51327  0.136923  0.125871
21.5  2.54469  0.0653877  0.0936532
21.5  2.57611  0.0610078  0.10164
21.5  2.60752  0.160355  0.142163
21.5  2.63894  0.15753  0.133042
21.5  2.67035  0.932645  0.61501
21.5  2.70177  0.166595  0.138969
21.5  2.73319  0.133273  0.0762168
21.5  2.7646  0.417499  0.410027
21.5  2.79602  0.216324  0.207798
21.5  2.82743  0.110758  0.0940571
21.5  2.85885  0.333153  0.187055
21.5  2.89027  0.344325  0.178554
21.5  2.92168  0.235099  0.223858
21.5  2.9531  0  0
21.5  2.98451  0  0
21.5  3.01593  0  0
21.5  3.04734  0  0
21.5  3.07876  0  0
21.5  3.11018  0  0
21.625  0  0  0
21.625  0.0314159  0  0
21.625  0.0628319  0  0
21.625  0.0942478  0  0
21.625  0.125664  0  0
21.625  0.15708  0  0
21.625  0.188496  0.258759  1.70226
21.625  0.219911  0.415408  0.3917
21.625  0.251327  0.31121  0.187326
21.625  0.282743  0.237052  0.134306
21.625  0.314159  0.218243  0.123807
21.625  0.345575  0.297178  0.294356
21.625  0.376991  0.222223  0.125622
21.625  0.408407  0.0866146  0.135386
21.625  0.439823  0.0341035  0.0776081
21.625  0.471239  0.157747  0.130897
21.625  0.502655  0.159919  0.159915
21.625  0.534071  0.0834175  0.107604
21.625  0.565487  0.149326  0.0789592
21.625  0.596903  0.164994  0.139057
21.625  0.628319  0.0993778  0.116623
21.625  0.659734  0.0566917  0.0975155
21.625  0.69115  0.0886956  0.0863188
21.625  0.722566  0.0908494  0.101161
21.625  0.753982  0.137471  0.125824
21.625  0.785398  0.193712  0.198916
21.625  0.816814  0.0694861  0.113846
21.625  0.84823  0.0769023  0.101574
21.625  0.879646  0.0693684  0.297452
21.625  0.911062  0.391691  0.228677
21.625  0.942478  0.0640625  0.102048
21.625  0.973894  1.3798  1.03298
21.625  1.00531  0.739408  0.474487
21.625  1.03673  1.2062  0.916888
21.625  1.06814  1.27265  1.00806
21.625  1.09956  0.0573367  0.134616
21.625  1.13097  0.437598  0.661945
21.625  1.16239  0.0327718  0.0232859
21.625  1.19381  0.0604041  0.17645
21.625  1.22522  0.34274  0.17681
21.625  1.25664  1.66535  1.10573
21.625  1.28805  1.54836  1.09716
21.625  1.31947  0.878712  0.702472
21.625  1.35088  0.128433  0.122019
21.625  1.3823  0.0511482  0.111993
21.625  1.41372  0.408154  0.720654
21.625  1.44513  0.977062  0.542624
21.625  1.47655  2.04055  1.97759
21.625  1.50796  1.71664  1.46664
21.625  1.53938  0.112645  0.299185
21.625  1.5708  0.495578  0.260823
21.625  1.60221  1.65553  1.6558
21.625  1.63363  1.43989  0.945884
21.625  1.66504  0.461136  0.779603
21.625  1.69646  0.0570427  0.113651
21.625  1.72788  1.87321  1.45338
21.625  1.75929  1.39151  0.991823
21.625  1.79071  1.35438  1.35219
21.625  1.82212  0.111924  0.102676
21.625  1.85354  1.33618  0.668869
21.625  1.88496  0.753064  0.686854
21.625  1.91637  0.042623  0.0404881
21.625  1.94779  1.48966  1.48015
21.625  1.9792  1.682  1.57241
21.625  2.01062  0.0307497  0.017862
21.625  2.04204  1.36444  0.805382
21.625  2.07345  0.725972  0.437878
21.625  2.10487  1.21814  1.02295
21.625  2.13628  0.845249  0.447959
21.625  2.1677  0.943016  0.475724
21.625  2.19911  1.03565  1.01421
21.625  2.23053  0.178648  0.156239
21.625  2.26195  1.1528  1.14907
21.625  2.29336  0.112455  0.0952804
21.625  2.32478  0.461182  0.599466
21.625  2.35619  0.0641357  0.103953
21.625  2.38761  0.216128  0.211525
21.625  2.41903  0.0735706  0.0739828
21.625  2.45044  0.0792713  0.0889786
21.625  2.48186  0.152866  0.0804861
21.625  2.51327  0.0981206  0.116634
21.625  2.54469  0.16229  0.125994
21.625  2.57611  0.067254  0.0833412
21.625  2.60752  0.165441  0.142881
21.625  2.63894  0.152459  0.109421
21.625  2.67035  0.164546  0.104475
21.625  2.70177  0.204566  0.104988
21.625  2.73319  0.090492  0.154052
21.625  2.7646  0.11692  0.109162
21.625  2.79602  0.206148  0.136544
21.625  2.82743  0.0673172  0.104087
21.625  2.85885  0.0938576  0.0869315
21.625  2.89027  0.140718  0.0859892
21.625  2.92168  0  0
21.625  2.9531  0  0
21.625  2.98451  0  0
21.625  3.01593  0  0
21.625  3.04734  0  0
21.625  3.07876  0  0
21.625  3.11018  0  0
21.75  0  0  0
21.75  0.0314159  0  0
21.75  0.0628319  0  0
21.75  0.0942478  0  0
21.75  0.125664  0  0
21.75  0.15708  0  0
21.75  0.188496  0.0136131  0.107956
21.75  0.219911  0.0617316  0.270361
21.75  0.251327  0.175101  0.0916309
21.75  0.282743  0.280754  0.214407
21.75  0.314159  0.271055  0.146889
21.75  0.345575  0.083642  0.0694498
21.75  0.376991  0.220239  0.202076
21.75  0.408407  0.202685  0.155441
21.75  0.439823  0.0602775  0.0932435
21.75  0.471239  0.0713267  0.103739
21.75  0.502655  0.083921  0.0805926
21.75  0.534071  0.134665  0.13006
21.75  0.565487  0.0563586  0.116531
21.75  0.596903  0.0341468  0.0426488
21.75  0.628319  0.157366  0.0787341
21.75  0.659734  0.415243  0.537035
21.75  0.69115  0.0522272  0.0909638
21.75  0.722566  0.0767027  0.0937806
21.75  0.753982  0.155434  0.134288
21.75  0.785398  0.137949  0.100155
21.75  0.816814  0.71316  0.457341
21.75  0.84823  1.24493  1.13784
21.75  0.879646  0.911774  0.683971
21.75  0.911062  0.0591585  0.095147
21.75  0.942478  0.0485216  0.0388472
21.75  0.973894  1.29573  1.26523
21.75  1.00531  0.057608  0.053177
21.75  1.03673  1.17694  1.12289
21.75  1.06814  0.326248  0.320538
21.75  1.09956  0.274527  0.208088
21.75  1.13097  0.317155  0.168672
21.75  1.16239  0.0658015  0.0808404
21.75  1.19381  0.976041  0.60941
21.75  1.22522  0.448712  0.322067
21.75  1.25664  0.726022  0.72327
21.75  1.28805  0.181329  0.181233
21.75  1.31947  0.918595  0.505282
21.75  1.35088  0.385525  0.381878
21.75  1.3823  0.0829154  0.0891577
21.75  1.41372  0.764462  0.58316
21.75  1.44513  0.187138  0.76054
21.75  1.47655  0.446028  0.663293
21.75  1.50796  1.86644  0.935431
21.75  1.53938  0.0833586  0.0888684
21.75  1.5708  2.02196  1.35073
21.75  1.60221  1.60631  1.4093
21.75  1.63363  1.98502  1.60783
21.75  1.66504  0.232069  0.218515
21.75  1.69646  0.117351  0.7576
21.75  1.72788  0.725656  0.447414
21.75  1.75929  1.02847  1.02791
21.75  1.79071  1.67615  1.1853
21.75  1.82212  2.11331  2.06745
21.75  1.85354  0.450791  0.472675
21.75  1.88496  1.64927  1.35715
21.75  1.91637  1.65182  1.10523
21.75  1.94779  1.08651  0.786366
21.75  1.9792  0.0516093  0.0833375
21.75  2.01062  0.0517541  0.0736057
21.75  2.04204  1.1336  1.11536
21.75  2.07345  0.237578  0.165643
21.75  2.10487  0.635907  0.60745
21.75  2.13628  1.17916  1.17883
21.75  2.1677  0.983456  0.854962
21.75  2.19911  0.97719  0.842726
21.75  2.23053  0.0697515  0.093277
21.75  2.26195  0.0468913  0.0453182
21.75  2.29336  0.0794561  0.0959522
21.75  2.32478  0.635113  0.634965
21.75  2.35619  0.0911029  0.108974
21.75  2.38761  1.58492  1.01081
21.75  2.41903  0.082417  0.0901753
21.75  2.45044  0.310371  0.754297
21.75  2.48186  0.0945014  0.962348
21.75  2.51327  0.0741106  0.104287
21.75  2.54469  0.130991  0.0886374
21.75  2.57611  0.141624  0.146831
21.75  2.60752  0.184352  0.138785
21.75  2.63894  0.159232  0.0832427
21.75  2.67035  0.132196  0.125451
21.75  2.70177  0.0610984  0.147578
21.75  2.73319  0.144763  0.142782
21.75  2.7646  0.266637  0.241746
21.75  2.79602  0.241926  0.147681
21.75  2.82743  0.397799  0.296201
21.75  2.85885  0.14166  0.122037
21.75  2.89027  0.258962  0.244289
21.75  2.92168  0.244747  0.213791
21.75  2.9531  0  0
21.75  2.98451  0  0
21.75  3.01593  0  0
21.75  3.04734  0  0
21.75  3.07876  0  0
21.75  3.11018  0  0
21.875  0  0  0
21.875  0.0314159  0  0
21.875  0.0628319  0  0
21.875  0.0942478  0  0
21.875  0.125664  0  0
21.875  0.15708  0  0
21.875  0.188496  0.227385  1.87312
21.875  0.219911  0.259535  0.134598
21.875  0.251327  0.214107  0.152033
21.875  0.282743  0.268771  0.265493
21.875  0.314159  0.304992  0.152967
21.875  0.345575  0.222425  0.179124
21.875  0.376991  0.14881  0.139908
21.875  0.408407  0.0492908  0.0841313
21.875  0.439823  0.16712  0.0837097
21.875  0.471239  0.182473  0.0929187
21.875  0.502655  0.10446  0.0806786
21.875  0.534071  0.0753153  0.101671
21.875  0.565487  0.187586  0.125605
21.875  0.596903  0.128374  0.0741482
21.875  0.628319  0.0993722  0.100268
21.875  0.659734  0.100455  1.06029
21.875  0.69115  0.0892836  0.103979
21.875  0.722566  0.488833  0.265136
21.875  0.753982  0.0562138  0.0627213
21.875  0.785398  0.686695  0.363707
21.875  0.816814  0.0493815  0.0478703
21.875  0.84823  0.0392176  0.0361691
21.875  0.879646  0.0570481  0.0966793
21.875  0.911062  0.0517246  0.093521
21.875  0.942478  0.834239  0.509295
21.875  0.973894  0.0754896  0.0855017
21.875  1.00531  0.0796652  0.0987096
21.875  1.03673  0.161018  0.0805734
21.875  1.06814  1.16444  0.965479
21.875  1.09956  0.527375  0.407956
21.875  1.13097  0.337967  0.318813
21.875  1.16239  1.05558  1.04477
21.875  1.19381  0.0384427  0.0400712
21.875  1.22522  0.06214  0.0886073
21.875  1.25664  1.24888  1.09891
21.875  1.28805  0.0619926  0.0944429
21.875  1.31947  1.73414  0.922904
21.875  1.35088  0.059875  0.0880454
21.875  1.3823  0.979801  0.97674
21.875  1.41372  0.757849  0.602308
21.875  1.44513  1.11221  0.656925
21.875  1.47655  0.163523  0.0817708
21.875  1.50796  0.596253  1.10805
21.875  1.53938  0.361551  0.34089
21.875  1.5708  1.41747  1.05119
21.875  1.60221  0.837629  0.45893
21.875  1.63363  0.77061  0.421216
21.875  1.66504  0.0809087  0.681195
21.875  1.69646  0.0355808  0.0404194
21.875  1.72788  2.08851  1.69727
21.875  1.75929  0.280591  0.176093
21.875  1.79071  0.059475  0.108373
21.875  1.82212  0.137309  0.0972391
21.875  1.85354  1.22063  1.21312
21.875  1.88496  0.0320454  0.020538
21.875  1.91637  0.285388  0.49524
21.875  1.94779  0.803943  1.19965
21.875  1.9792  1.31362  0.740231
21.875  2.01062  0.618446  0.600333
21.875  2.04204  0.0930603  0.120997
21.875  2.07345  0.0632478  0.0976978
21.875  2.10487  0.888525  0.881169
21.875  2.13628  0.757865  0.620014
21.875  2.1677  0.471332  0.398674
21.875  2.19911  0.0751661  0.11765
21.875  2.23053  0.093443  0.0794054
21.875  2.26195  0.147463  0.115717
21.875  2.29336  0.0853318  0.0776007
21.875  2.32478  0.0510265  0.0872432
21.875  2.35619  0.147723  0.147172
21.875  2.38761  0.0582283  0.103461
21.875  2.41903  0.0700201  0.113214
21.875  2.45044  0.137879  0.146971
21.875  2.48186  0.142833  0.0733196
21.875  2.51327  0.0400021  0.0493497
21.875  2.54469  0.112307  0.116297
21.875  2.57611  0.171664  0.115729
21.875  2.60752  0.10776  0.0662485
21.875  2.63894  0.0946657  0.146353
21.875  2.67035  0.110169  0.0948164
21.875  2.70177  0.154644  0.0795385
21.875  2.73319  0.0813247  0.0814457
21.875  2.7646  0.234692  0.197064
21.875  2.79602  0.132512  0.0824948
21.875  2.82743  0.248555  0.220852
21.875  2.85885  0.238694  0.237469
21.875  2.89027  0.229267  0.136053
21.875  2.92168  0  0
21.875  2.9531  0.258759  1.70226
21.875  2.98451  0  0
21.875  3.01593  0  0
21.875  3.04734  0  0
21.875  3.07876  0  0
21.875  3.11018  0  0
22  0  0  0
22  0.0314159  0  0
22  0.0628319  0  0
22  0.0942478  0  0
22  0.125664  0  0
22  0.15708  0.246815  2.24356
22  0.188496  0.258759  1.70226
22  0.219911  0.0604327  0.0311462
22  0.251327  0.0889176  0.0875673
22  0.282743  0.209502  0.207235
22  0.314159  0.243993  0.23238
22  0.345575  0.123177  0.107185
22  0.376991  0.230292  0.132775
22  0.408407  0.10972  0.107925
22  0.439823  0.192659  0.190707
22  0.471239  0.0814057  0.126833
22  0.502655  0.199797  0.148638
22  0.534071  0.166836  0.154496
22  0.565487  0.16556  0.155337
22  0.596903  0.0657595  0.0968579
22  0.628319  0.085363  0.0871191
22  0.659734  0.110113  0.132532
22  0.69115  0.0670576  0.10799
22  0.722566  0.109322  0.13272
22  0.753982  0.0752837  0.0765228
22  0.785398  0.259206  0.18693
22  0.816814  0.416103  0.20962
22  0.84823  0.0456365  0.0519867
22  0.879646  0.231627  0.134743
22  0.911062  0.0759666  0.166706
22  0.942478  1.24359  0.755102
22  0.973894  0.0446857  0.0398277
22  1.00531  0.0484475  0.0536458
22  1.03673  1.79482  1.75211
22  1.06814  1.01643  0.99406
22  1.09956  1.44352  0.746628
22  1.13097  0.0629747  0.0863668
22  1.16239  0.0564268  0.0920171
22  1.19381  0.0518826  0.0711999
22  1.22522  1.47203  0.838659
22  1.25664  0.244945  0.201136
22  1.28805  0.706626  0.710838
22  1.31947  0.0453118  0.0619201
22  1.35088  0.0580839  0.222593
22  1.3823  1.30514  0.711205
22  1.41372  0.285933  0.261533
22  1.44513  1.75955  1.27848
22  1.47655  0.0813402  0.525608
22  1.50796  0.0473245  0.0892695
22  1.53938  1.41848  0.988941
22  1.5708  1.17187  0.708431
22  1.60221  0.25984  0.233029
22  1.63363  1.48539  1.16167
22  1.66504  1.59212  1.05865
22  1.69646  0.666455  0.835408
22  1.72788  1.6548  1.54783
22  1.75929  1.82107  1.51015
22  1.79071  0.0633842  0.120912
22  1.82212  1.15708  0.602547
22  1.85354  1.43828  0.8211
22  1.88496  0.0608648  0.0669567
22  1.91637  0.324794  0.170439
22  1.94779  0.0521624  0.102493
22  1.9792  1.60248  1.02242
22  2.01062  0.0404673  0.0504181
22  2.04204  1.05206  0.776596
22  2.07345  0.074175  0.0932148
22  2.10487  0.450911  0.434475
22  2.13628  1.83565  0.92556
22  2.1677  0.0559037  0.183767
22  2.19911  0.0509547  0.0951662
22  2.23053  0.768579  0.692355
22  2.26195  0.744993  0.681106
22  2.29336  0.0630462  0.105099
22  2.32478  1.41438  0.991563
22  2.35619  0.810018  0.407943
22  2.38761  0.111642  0.077602
22  2.41903  1.28306  0.899068
22  2.45044  0.120135  0.126661
22  2.48186  0.131274  0.0662688
22  2.51327  0.0626091  0.384975
22  2.54469  0.134301  0.135365
22  2.57611  0.0642351  0.0935339
22  2.60752  0.0906004  0.132012
22  2.63894  0.178054  0.135204
22  2.67035  0.195077  0.0988993
22  2.70177  0.0808475  0.117536
22  2.73319  0.110479  0.107508
22  2.7646  0.109666  0.0918745
22  2.79602  0.163983  0.112879
22  2.82743  0.234676  0.159637
22  2.85885  0.248805  2.12272
22  2.89027  0.203147  0.194833
22  2.92168  0  0
22  2.9531  0  0
22  2.98451  0  0
22  3.01593  0  0
22  3.04734  0  0
22  3.07876  0  0
22  3.11018  0  0
22.125  0  0  0
22.125  0.0314159  0  0
22.125  0.0628319  0  0
22.125  0.0942478  0  0
22.125  0.125664  0  0
22.125  0.15708  0  0
22.125  0.188496  0.024966  0.183197
22.125  0.219911  0.140455  0.0974465
22.125  0.251327  0.243177  0.253482
22.125  0.282743  0.316105  0.205479
22.125  0.314159  0.133675  0.130644
22.125  0.345575  0.160547  0.120946
22.125  0.376991  0.143412  0.12473
22.125  0.408407  0.147235  0.142043
22.125  0.439823  0.211311  0.174669
22.125  0.471239  0.202082  0.197907
22.125  0.502655  0.0804208  0.0980257
22.125  0.534071  0.139951  0.129985
22.125  0.565487  0.0557555  0.0959403
22.125  0.596903  0.171384  0.0917297
22.125  0.628319  0.144565  0.141076
22.125  0.659734  0.336534  0.751517
22.125  0.69115  0.0431035  0.0853792
22.125  0.722566  0.0678423  0.0945211
22.125  0.753982  0.0980927  0.0854258
22.125  0.785398  0.448852  0.42505
22.125  0.816814  0.0506671  0.0965365
22.125  0.84823  0.0326766  0.0243543
22.125  0.879646  1.25048  1.22609
22.125  0.911062  0.334059  0.234543
22.125  0.942478  1.0841  0.676898
22.125  0.973894  1.18711  0.857605
22.125  1.00531  0.951638  0.475827
22.125  1.03673  0.0850537  0.0773757
22.125  1.06814  0.0491271  0.0480532
22.125  1.09956  0.0509139  0.0921131
22.125  1.13097  0.0554726  0.1221
22.125  1.16239  1.01111  0.99823
22.125  1.19381  1.21571  1.1393
22.125  1.22522  0.0351009  0.0265893
22.125  1.25664  0.685899  0.506423
22.125  1.28805  1.29065  0.685603
22.125  1.31947  0.140283  0.137272
22.125  1.35088  0.326037  0.318677
22.125  1.3823  0.812583  0.492859
22.125  1.41372  0.0785981  0.0911375
22.125  1.44513  1.45573  0.753208
22.125  1.47655  0.935444  0.558107
22.125  1.50796  1.19659  1.19645
22.125  1.53938  0.999977  0.740467
22.125  1.5708  0.0830339  0.134238
22.125  1.60221  0.973062  0.919992
22.125  1.63363  2.07999  2.06695
22.125  1.66504  1.099  0.977686
22.125  1.69646  0.0474812  0.0457349
22.125  1.72788  1.87704  1.0688
22.125  1.75929  0.581076  0.419297
22.125  1.79071  1.22537  0.675364
22.125  1.82212  1.62461  0.813874
22.125  1.85354  0.0677089  0.0887856
22.125  1.88496  0.0922508  0.211265
22.125  1.91637  0.0498816  0.0847895
22.125  1.94779  0.0491806  0.0647826
22.125  1.9792  1.42472  1.03385
22.125  2.01062  1.14545  1.03891
22.125  2.04204  0.0525585  0.0996118
22.125  2.07345  0.904606  0.935235
22.125  2.10487  1.7156  1.24936
22.125  2.13628  0.0343201  0.0211784
22.125  2.1677  0.052989  0.0594767
22.125  2.19911  0.0689693  0.0858346
22.125  2.23053  0.596744  0.322311
22.125  2.26195  0.0720236  0.112586
22.125  2.29336  1.15271  0.669428
22.125  2.32478  0.0646137  0.111417
22.125  2.35619  0.0562622  0.101466
22.125  2.38761  0.13777  0.108609
22.125  2.41903  0.359642  0.482345
22.125  2.45044  0.0777278  0.322314
22.125  2.48186  0.0561805  0.0892764
22.125  2.51327  0.741756  1.74203
22.125  2.54469  0.190579  0.104423
22.125  2.57611  0.168808  0.0860495
22.125  2.60752  0.040408  0.0916458
22.125  2.63894  0.0335052  0.079227
22.125  2.67035  0.157017  0.106555
22.125  2.70177  0.0347545  0.0467569
22.125  2.73319  0.0530858  0.0813274
22.125  2.7646  0.199992  0.197483
22.125  2.79602  0.244564  0.242216
22.125  2.82743  0.24019  0.147141
22.125  2.85885  0.0192046  0.14092
22.125  2.89027  0.00436468  0.0320274
22.125  2.92168  0.258759  1.70226
22.125  2.9531  0  0
22.125  2.98451  0  0
22.125  3.01593  0  0
22.125  3.04734  0  0
22.125  3.07876  0  0
22.125  3.11018  0  0
22.25  0  0  0
22.25  0.0314159  0  0
22.25  0.0628319  0  0
22.25  0.0942478  0  0
22.25  0.125664  0  0
22.25  0.15708  0  0
22.25  0.188496  0.258759  1.70226
22.25  0.219911  0.258759  1.70226
22.25  0.251327  0.141472  0.0722439
22.25  0.282743  0.227906  0.193846
22.25  0.314159  0.0988852  0.0812288
22.25  0.345575  0.149905  0.074997
22.25  0.376991  2.66701  2.62911
22.25  0.408407  0.0757484  0.1357
22.25  0.439823  0.0992994  0.114995
22.25  0.471239  0.179166  0.0962384
22.25  0.502655  0.15843  0.0801277
22.25  0.534071  0.115013  0.146195
22.25  0.565487  0.0398775  0.0644629
22.25  0.596903  0.0632522  0.0792796
22.25  0.628319  0.0807199  0.110379
22.25  0.659734  0.0480742  0.102649
22.25  0.69115  0.0629371  0.0659909
22.25  0.722566  0.146473  0.115086
22.25  0.753982  0.0655086  0.0786886
22.25  0.785398  0.145556  0.0975409
22.25  0.816814  0.067139  0.0793641
22.25  0.84823  1.06656  0.783299
22.25  0.879646  0.050999  0.0649269
22.25  0.911062  3.68114  3.3142
22.25  0.942478  0.751778  0.537313
22.25  0.973894  0.0341452  0.0281929
22.25  1.00531  0.0590682  0.113044
22.25  1.03673  0.303518  0.286849
22.25  1.06814  0.069495  0.202258
22.25  1.09956  1.16663  0.97401
22.25  1.13097  0.045898  0.0850247
22.25  1.16239  0.0678795  0.0767918
22.25  1.19381  0.424871  0.398616
22.25  1.22522  0.0543987  0.119654
22.25  1.25664  1.75041  1.27842
22.25  1.28805  1.36072  0.91423
22.25  1.31947  0.0497715  0.10371
22.25  1.35088  1.12368  1.08936
22.25  1.3823  1.43947  0.963273
22.25  1.41372  0.0950819  0.440014
22.25  1.44513  1.62536  0.815773
22.25  1.47655  1.24477  1.07131
22.25  1.50796  1.09308  0.768329
22.25  1.53938  1.6505  1.29443
22.25  1.5708  1.55818  1.3856
22.25  1.60221  1.26084  1.1301
22.25  1.63363  1.34221  1.342
22.25  1.66504  0.0747858  0.0670876
22.25  1.69646  1.12462  1.12224
22.25  1.72788  0.146623  0.145246
22.25  1.75929  0.893616  0.500461
22.25  1.79071  1.86455  1.98569
22.25  1.82212  1.56146  1.50508
22.25  1.85354  0.0567761  0.15134
22.25  1.88496  0.072233  0.225004
22.25  1.91637  0.543856  0.52436
22.25  1.94779  1.49916  1.47752
22.25  1.9792  0.0711271  0.098363
22.25  2.01062  0.643712  0.459252
22.25  2.04204  0.0940613  0.399642
22.25  2.07345  0.952912  0.659992
22.25  2.10487  1.01483  1.00858
22.25  2.13628  0.0531546  0.167902
22.25  2.1677  0.663317  0.635511
22.25  2.19911  0.052623  0.0853079
22.25  2.23053  1.26185  1.2618
22.25  2.26195  1.10295  1.07983
22.25  2.29336  0.630722  1.0933
22.25  2.32478  0.0723621  0.11691
22.25  2.35619  0.170849  0.123933
22.25  2.38761  0.0963198  0.116119
22.25  2.41903  0.0559253  0.0988024
22.25  2.45044  0.0669078  0.0977252
22.25  2.48186  0.111646  0.138843
22.25  2.51327  0.0695751  0.100427
22.25  2.54469  0.0894833  0.0800334
22.25  2.57611  0.192176  0.170337
22.25  2.60752  0.11786  0.0673024
22.25  2.63894  0.149065  0.126083
22.25  2.67035  0.136084  0.0860935
22.25  2.70177  0.263002  0.155521
22.25  2.73319  0.195883  0.0991938
22.25  2.7646  0.217586  0.21697
22.25  2.79602  0.34835  0.334482
22.25  2.82743  0.0125703  0.0922389
22.25  2.85885  0.0141416  0.103769
22.25  2.89027  0.31552  0.315895
22.25  2.92168  0.248805  2.12272
22.25  2.9531  0  0
22.25  2.98451  0  0
22.25  3.01593  0  0
22.25  3.04734  0  0
22.25  3.07876  0  0
22.25  3.11018  0  0
22.375  0  0  0
22.375  0.0314159  0  0
22.375  0.0628319  0  0
22.375  0.0942478  0  0
22.375  0.125664  0  0
22.375  0.15708  0  0
22.375  0.188496  0  0
22.375  0.219911  0.187615  0.094912
22.375  0.251327  0.00349174  0.0256219
22.375  0.282743  0.224951  0.113037
22.375  0.314159  0.145758  0.144734
22.375  0.345575  0.21318  0.167781
22.375  0.376991  0.179404  0.154015
22.375  0.408407  0.232785  0.220361
22.375  0.439823  0.167834  0.167677
22.375  0.471239  0.159805  0.0806928
22.375  0.502655  0.183258  0.0936983
22.375  0.534071  0.155208  0.0861369
22.375  0.565487  0.0508685  0.0927787
22.375  0.596903  0.0629997  0.0806271
22.375  0.628319  0.166771  0.100878
22.375  0.659734  0.076747  0.0798477
22.375  0.69115  0.058735  0.106547
22.375  0.722566  1.33495  0.755696
22.375  0.753982  0.134659  0.0687398
22.375  0.785398  0.657353  0.578714
22.375  0.816814  0.98477  0.49514
22.375  0.84823  0.0434039  0.0418048
22.375  0.879646  0.723236  0.362992
22.375  0.911062  0.0446588  0.0477873
22.375  0.942478  0.05899  0.109795
22.375  0.973894  1.27216  0.676638
22.375  1.00531  1.05415  1.01921
22.375  1.03673  0.787981  0.394688
22.375  1.06814  0.239585  0.134636
22.375  1.09956  1.59088  1.32973
22.375  1.13097  0.997184  0.750586
22.375  1.16239  0.0940697  0.0961893
22.375  1.19381  1.06979  0.64348
22.375  1.22522  1.08128  0.978565
22.375  1.25664  0.054084  0.0897245
22.375  1.28805  0.13687  0.130216
22.375  1.31947  2.15027  1.26039
22.375  1.35088  0.905577  0.504368
22.375  1.3823  0.144  0.625423
22.375  1.41372  0.0618643  0.120458
22.375  1.44513  0.918919  0.831967
22.375  1.47655  0.0647451  0.106279
22.375  1.50796  1.51094  0.768606
22.375  1.53938  2.07702  1.84318
22.375  1.5708  0.956276  0.898554
22.375  1.60221  0.200366  0.314519
22.375  1.63363  1.1752  0.829012
22.375  1.66504  0.275259  0.251357
22.375  1.69646  1.89918  1.10903
22.375  1.72788  0.892629  0.447051
22.375  1.75929  0.429867  0.384587
22.375  1.79071  0.0346803  0.0483129
22.375  1.82212  0.90525  0.591939
22.375  1.85354  1.79802  1.7364
22.375  1.88496  1.93721  1.72008
22.375  1.91637  0.458738  0.361348
22.375  1.94779  0.043357  0.0503883
22.375  1.9792  1.22834  0.867957
22.375  2.01062  1.05515  0.580403
22.375  2.04204  0.0747375  0.0635409
22.375  2.07345  0.767252  0.515585
22.375  2.10487  0.432629  0.417324
22.375  2.13628  1.57099  0.80091
22.375  2.1677  1.20909  1.03076
22.375  2.19911  0.539451  0.293853
22.375  2.23053  0.36831  0.517478
22.375  2.26195  0.0582244  0.105026
22.375  2.29336  0.113301  0.0901547
22.375  2.32478  0.155799  0.0912908
22.375  2.35619  0.0603947  0.0918478
22.375  2.38761  1.35688  1.20288
22.375  2.41903  0.0962968  0.44793
22.375  2.45044  0.0776155  0.0964868
22.375  2.48186  0.0662616  0.0928237
22.375  2.51327  0.0744071  0.102066
22.375  2.54469  0.0764285  0.0864945
22.375  2.57611  0.161931  0.138752
22.375  2.60752  0.0676137  0.100451
22.375  2.63894  0.187509  0.144971
22.375  2.67035  0.162437  0.0926095
22.375  2.70177  0.0546728  0.08221
22.375  2.73319  0.181061  0.0929231
22.375  2.7646  0.174633  0.0896759
22.375  2.79602  0.107695  0.126547
22.375  2.82743  0.0724997  0.0897519
22.375  2.85885  0.195453  0.103597
22.375  2.89027  0.447502  0.28243
22.375  2.92168  0  0
22.375  2.9531  0  0
22.375  2.98451  0  0
22.375  3.01593  0  0
22.375  3.04734  0  0
22.375  3.07876  0  0
22.375  3.11018  0  0
22.5  0  0  0
22.5  0.0314159  0  0
22.5  0.0628319  0  0
22.5  0.0942478  0  0
22.5  0.125664  0  0
22.5  0.15708  0  0
22.5  0.188496  0.0054122  0.039714
22.5  0.219911  0.223528  0.21568
22.5  0.251327  0.175909  0.101505
22.5  0.282743  0.232352  0.179337
22.5  0.314159  0.040926  0.0501469
22.5  0.345575  0.145509  0.134206
22.5  0.376991  0.175832  0.0982429
22.5  0.408407  0.171054  0.135249
22.5  0.439823  0.155805  0.0781061
22.5  0.471239  0.147022  0.14554
22.5  0.502655  0.149178  0.119642
22.5  0.534071  0.0730551  0.0935801
22.5  0.565487  0.108649  0.068945
22.5  0.596903  0.182353  0.104985
22.5  0.628319  0.0798826  0.100158
22.5  0.659734  0.0782977  0.0926741
22.5  0.69115  0.0591645  0.0648357
22.5  0.722566  0.0832805  0.0970081
22.5  0.753982  0.0749257  0.104714
22.5  0.785398  0.0543534  0.0901219
22.5  0.816814  0.0685606  0.11028
22.5  0.84823  0.0567777  0.0943854
22.5  0.879646  0.0995259  0.113546
22.5  0.911062  1.26294  0.705789
22.5  0.942478  0.145868  0.139403
22.5  0.973894  0.080751  0.0785881
22.5  1.00531  1.07924  0.548797
22.5  1.03673  1.33589  1.30036
22.5  1.06814  1.72461  1.54638
22.5  1.09956  1.01484  0.88461
22.5  1.13097  0.672112  1.15403
22.5  1.16239  0.748962  0.44246
22.5  1.19381  0.783727  0.678794
22.5  1.22522  1.11223  0.885229
22.5  1.25664  0.979384  0.555839
22.5  1.28805  1.29844  1.20234
22.5  1.31947  0.063946  0.117649
22.5  1.35088  1.10917  1.10756
22.5  1.3823  0.205938  0.187496
22.5  1.41372  0.656295  0.647272
22.5  1.44513  1.5506  1.10859
22.5  1.47655  1.15377  0.807954
22.5  1.50796  0.259577  0.440082
22.5  1.53938  1.59395  1.36316
22.5  1.5708  0.033148  0.0330388
22.5  1.60221  0.723968  0.881585
22.5  1.63363  1.0033  0.637413
22.5  1.66504  0.612745  0.557782
22.5  1.69646  1.03031  0.526233
22.5  1.72788  0.0513688  0.0961072
22.5  1.75929  1.51858  0.765129
22.5  1.79071  0.945693  0.980967
22.5  1.82212  0.0525047  0.0950573
22.5  1.85354  0.432405  0.483572
22.5  1.88496  1.31853  0.975279
22.5  1.91637  1.14421  1.11799
22.5  1.94779  0.1058  0.515496
22.5  1.9792  1.77885  1.37103
22.5  2.01062  1.21533  1.2035
22.5  2.04204  0.320229  0.206201
22.5  2.07345  1.41643  1.43877
22.5  2.10487  1.00434  0.545039
22.5  2.13628  0.0621397  0.08746
22.5  2.1677  0.728357  0.720569
22.5  2.19911  0.0418934  0.0359988
22.5  2.23053  1.04812  0.594615
22.5  2.26195  0.356228  0.228609
22.5  2.29336  0.165562  0.16172
22.5  2.32478  0.0567745  0.0608609
22.5  2.35619  0.0516696  0.0839285
22.5  2.38761  0.135039  0.118138
22.5  2.41903  0.0581151  0.0936056
22.5  2.45044  0.0718391  0.108066
22.5  2.48186  0.190208  0.153641
22.5  2.51327  2.19765  1.93365
22.5  2.54469  0.182617  0.120234
22.5  2.57611  0.0856959  0.118953
22.5  2.60752  0.14798  0.131346
22.5  2.63894  0.177686  0.154118
22.5  2.67035  0.135606  0.121656
22.5  2.70177  0.161247  0.10366
22.5  2.73319  0.082459  0.0734704
22.5  2.7646  0.0735948  0.0570336
22.5  2.79602  0.258731  0.252313
22.5  2.82743  0.224195  0.153956
22.5  2.85885  0.185927  0.0949298
22.5  2.89027  0.258759  1.70226
22.5  2.92168  0  0
22.5  2.9531  0.0176333  0.129391
22.5  2.98451  0  0
22.5  3.01593  0  0
22.5  3.04734  0  0
22.5  3.07876  0  0
22.5  3.11018  0  0
22.625  0  0  0
22.625  0.0314159  0  0
22.625  0.0628319  0  0
22.625  0.0942478  0  0
22.625  0.125664  0  0
22.625  0.15708  0  0
22.625  0.188496  0.0647036  0.0385588
22.625  0.219911  0  0
22.625  0.251327  0.0273827  0.217151
22.625  0.282743  0.268186  0.213096
22.625  0.314159  0.264462  0.242902
22.625  0.345575  0.130617  0.105386
22.625  0.376991  0.199676  0.198076
22.625  0.408407  0.162792  0.0896668
22.625  0.439823  0.168057  0.167243
22.625  0.471239  0.167357  0.0840162
22.625  0.502655  0.180638  0.161142
22.625  0.534071  0.138497  0.123305
22.625  0.565487  0.183569  0.0952574
22.625  0.596903  0.115411  0.138905
22.625  0.628319  0.0796644  0.0831845
22.625  0.659734  0.0721247  0.0716444
22.625  0.69115  0.149623  0.0806808
22.625  0.722566  0.0589146  0.10364
22.625  0.753982  0.157868  0.211611
22.625  0.785398  0.0456555  0.0844909
22.625  0.816814  0.0572412  0.0993227
22.625  0.84823  0.0442969  0.047761
22.625  0.879646  0.0934419  0.47496
22.625  0.911062  0.0388258  0.0422269
22.625  0.942478  0.103314  0.577868
22.625  0.973894  0.0484004  0.0657113
22.625  1.00531  0.3357  0.549413
22.625  1.03673  0.289903  0.200008
22.625  1.06814  0.51268  0.402766
22.625  1.09956  0.681715  0.411911
22.625  1.13097  0.95417  0.708645
22.625  1.16239  0.543177  0.368656
22.625  1.19381  0.063561  0.175321
22.625  1.22522  0.137844  1.2706
22.625  1.25664  1.18022  0.928254
22.625  1.28805  1.71306  1.05965
22.625  1.31947  0.676267  0.367097
22.625  1.35088  0.258567  0.232391
22.625  1.3823  1.58584  0.988813
22.625  1.41372  0.801562  0.770676
22.625  1.44513  2.19576  2.19352
22.625  1.47655  0.0389892  0.0487268
22.625  1.50796  0.854433  0.853538
22.625  1.53938  0.0634629  0.0808261
22.625  1.5708  0.049728  0.0593733
22.625  1.60221  0.725703  0.550202
22.625  1.63363  0.336605  0.173972
22.625  1.66504  0.952317  0.524776
22.625  1.69646  0.207057  0.140759
22.625  1.72788  1.42258  1.15498
22.625  1.75929  0.717187  0.43009
22.625  1.79071  0.0596437  0.149698
22.625  1.82212  2.15642  2.22587
22.625  1.85354  0.642944  0.802058
22.625  1.88496  2.27134  1.22144
22.625  1.91637  0.507631  0.433693
22.625  1.94779  0.373679  0.469909
22.625  1.9792  0.0496419  0.0708118
22.625  2.01062  1.03023  0.530634
22.625  2.04204  1.0474  1.04464
22.625  2.07345  1.37051  1.36922
22.625  2.10487  0.173379  0.147399
22.625  2.13628  1.09492  1.05569
22.625  2.1677  0.845695  0.428646
22.625  2.19911  0.0716105  0.108342
22.625  2.23053  0.424549  0.271964
22.625  2.26195  0.66591  0.587965
22.625  2.29336  0.642907  0.633403
22.625  2.32478  0.077821  0.0937676
22.625  2.35619  0.0771193  0.0853628
22.625  2.38761  0.102054  0.126117
22.625  2.41903  0.0387528  0.0335127
22.625  2.45044  0.0531503  0.111314
22.625  2.48186  0.165441  0.11815
22.625  2.51327  0.132061  0.610569
22.625  2.54469  0.0780535  0.0859949
22.625  2.57611  0.2019  0.194313
22.625  2.60752  0.0461679  0.0981749
22.625  2.63894  0.163929  0.0821325
22.625  2.67035  0.216759  0.170674
22.625  2.70177  0.2026  0.202603
22.625  2.73319  0.0336508  0.05191
22.625  2.7646  0.179428  0.179029
22.625  2.79602  0.301555  0.301435
22.625  2.82743  0.2841  0.148232
22.625  2.85885  0.29047  0.27336
22.625  2.89027  0.258759  1.70226
22.625  2.92168  0  0
22.625  2.9531  0  0
22.625  2.98451  0  0
22.625  3.01593  0  0
22.625  3.04734  0  0
22.625  3.07876  0  0
22.625  3.11018  0  0
22.75  0  0  0
22.75  0.0314159  0  0
22.75  0.0628319  0  0
22.75  0.0942478  0  0
22.75  0.125664  0  0
22.75  0.15708  0  0
22.75  0.188496  0.247319  2.30328
22.75  0.219911  0.137523  1.31308
22.75  0.251327  0.27378  0.256817
22.75  0.282743  0.108164  0.101328
22.75  0.314159  0.232054  0.130429
22.75  0.345575  0.236724  0.150764
22.75  0.376991  0.158937  0.088883
22.75  0.408407  0.215817  0.112762
22.75  0.439823  0.060991  0.0698759
22.75  0.471239  0.0821096  0.097118
22.75  0.502655  0.198177  0.159785
22.75  0.534071  0.0383792  0.0439347
22.75  0.565487  0.177658  0.119651
22.75  0.596903  0.0744194  0.102472
22.75  0.628319  0.0907891  0.0866207
22.75  0.659734  0.620828  0.532505
22.75  0.69115  0.0692999  0.126327
22.75  0.722566  0.0653942  0.104338
22.75  0.753982  0.0624864  0.0995878
22.75  0.785398  0.619016  0.347841
22.75  0.816814  0.0414954  0.0323638
22.75  0.84823  0.0498448  0.0677829
22.75  0.879646  0.887235  0.886957
22.75  0.911062  1.13021  0.565513
22.75  0.942478  0.0480066  0.0550353
22.75  0.973894  1.04128  0.865586
22.75  1.00531  1.03149  0.988704
22.75  1.03673  0.0603137  0.0995538
22.75  1.06814  0.218263  0.199702
22.75  1.09956  0.0572171  0.0961279
22.75  1.13097  1.28043  1.43654
22.75  1.16239  0.0562302  0.0911582
22.75  1.19381  0.523913  0.520656
22.75  1.22522  1.20435  0.71511
22.75  1.25664  1.52003  1.1016
22.75  1.28805  0.672855  0.607508
22.75  1.31947  1.39279  1.15903
22.75  1.35088  0.920044  0.680799
22.75  1.3823  0.677632  0.568855
22.75  1.41372  1.69841  1.7766
22.75  1.44513  0.770921  0.82884
22.75  1.47655  1.00311  1.05691
22.75  1.50796  0.7496  0.689753
22.75  1.53938  1.8794  1.93485
22.75  1.5708  0.0309401  0.031688
22.75  1.60221  1.0901  0.763454
22.75  1.63363  0.764623  0.713332
22.75  1.66504  1.77791  1.464
22.75  1.69646  0.155804  0.118462
22.75  1.72788  0.920774  0.877456
22.75  1.75929  1.90359  0.972103
22.75  1.79071  1.71549  0.86187
22.75  1.82212  1.35499  1.07822
22.75  1.85354  0.0521732  0.0899412
22.75  1.88496  0.0409675  0.0566618
22.75  1.91637  1.57692  1.07171
22.75  1.94779  0.341738  0.301183
22.75  1.9792  0.188792  0.137277
22.75  2.01062  1.43741  1.34056
22.75  2.04204  1.05234  0.682154
22.75  2.07345  0.302786  0.173608
22.75  2.10487  0.270171  0.247143
22.75  2.13628  0.927386  0.927349
22.75  2.1677  0.0792937  0.0752021
22.75  2.19911  1.53908  1.50629
22.75  2.23053  0.0384882  0.0323216
22.75  2.26195  0.147787  0.10469
22.75  2.29336  0.059114  0.0900423
22.75  2.32478  0.048873  0.0870594
22.75  2.35619  0.0532434  0.0958659
22.75  2.38761  0.066538  0.119068
22.75  2.41903  0.0498235  0.0988401
22.75  2.45044  0.135808  1.00096
22.75  2.48186  0.150609  0.0782717
22.75  2.51327  0.175816  0.163601
22.75  2.54469  0.138174  0.0697323
22.75  2.57611  0.156357  0.13829
22.75  2.60752  0.188336  0.0975594
22.75  2.63894  0.185552  0.179909
22.75  2.67035  0.0802157  0.130772
22.75  2.70177  0.148065  0.0911716
22.75  2.73319  0.205788  0.197671
22.75  2.7646  0.148005  0.0924411
22.75  2.79602  0.17585  0.092596
22.75  2.82743  0.186033  0.160156
22.75  2.85885  0.208088  0.104627
22.75  2.89027  0.127181  0.120691
22.75  2.92168  0.258759  1.70226
22.75  2.9531  0  0
22.75  2.98451  0  0
22.75  3.01593  0  0
22.75  3.04734  0  0
22.75  3.07876  0  0
22.75  3.11018  0  0
22.875  0  0  0
22.875  0.0314159  0  0
22.875  0.0628319  0  0
22.875  0.0942478  0  0
22.875  0.125664  0  0
22.875  0.15708  0  0
22.875  0.188496  0.258759  1.70226
22.875  0.219911  0.420421  0.33487
22.875  0.251327  0.160481  0.116617
22.875  0.282743  0.289238  0.215657
22.875  0.314159  0.10221  0.078648
22.875  0.345575  0.228472  0.122906
22.875  0.376991  0.156533  0.102706
22.875  0.408407  0.19799  0.0994427
22.875  0.439823  0.114267  0.142775
22.875  0.471239  0.158203  0.150558
22.875  0.502655  0.250523  0.243031
22.875  0.534071  0.107853  0.0831071
22.875  0.565487  0.0563484  0.085708
22.875  0.596903  0.127486  0.127205
22.875  0.628319  0.0883624  0.091302
22.875  0.659734  0.0654508  0.0732015
22.875  0.69115  0.160982  0.0840778
22.875  0.722566  0.0902051  0.113103
22.875  0.753982  0.0603988  0.100589
22.875  0.785398  0.0566097  0.0744426
22.875  0.816814  0.0527297  0.0741435
22.875  0.84823  0.0786058  0.388089
22.875  0.879646  0.0410959  0.03691
22.875  0.911062  0.0767841  0.0859337
22.875  0.942478  0.504031  0.645086
22.875  0.973894  1.39572  1.01203
22.875  1.00531  0.820704  1.15659
22.875  1.03673  0.139074  0.129753
22.875  1.06814  1.28037  1.09301
22.875  1.09956  0.657128  0.657131
22.875  1.13097  1.70708  0.854666
22.875  1.16239  1.18485  0.605294
22.875  1.19381  0.0692228  0.0702037
22.875  1.22522  0.297453  0.265601
22.875  1.25664  0.769626  0.432211
22.875  1.28805  1.37232  1.30468
22.875  1.31947  1.31809  1.27149
22.875  1.35088  1.59604  1.59575
22.875  1.3823  1.35984  1.37849
22.875  1.41372  1.60358  0.972534
22.875  1.44513  0.0568838  0.115385
22.875  1.47655  1.45102  1.44912
22.875  1.50796  0.512286  0.777884
22.875  1.53938  1.59321  1.57598
22.875  1.5708  1.07505  1.0167
22.875  1.60221  0.048033  0.0503623
22.875  1.63363  1.22983  1.18519
22.875  1.66504  0.966731  1.19254
22.875  1.69646  1.31291  1.24012
22.875  1.72788  0.0477947  0.0640344
22.875  1.75929  0.821469  1.11636
22.875  1.79071  0.925495  0.925487
22.875  1.82212  2.08011  1.85698
22.875  1.85354  0.0993058  0.576904
22.875  1.88496  1.85099  0.949597
22.875  1.91637  0.106567  0.186551
22.875  1.94779  1.45268  0.966483
22.875  1.9792  0.189807  0.140259
22.875  2.01062  0.302008  0.179811
22.875  2.04204  1.11012  0.555162
22.875  2.07345  1.57206  0.792109
22.875  2.10487  0.640241  0.396082
22.875  2.13628  0.122323  0.189778
22.875  2.1677  0.0440354  0.0416129
22.875  2.19911  0.056414  0.0923145
22.875  2.23053  0.0529186  0.0694831
22.875  2.26195  1.29386  1.06933
22.875  2.29336  0.0769812  0.0963268
22.875  2.32478  0.0654098  0.134296
22.875  2.35619  0.0662991  0.114642
22.875  2.38761  0.0519517  0.100633
22.875  2.41903  0.0677  0.081675
22.875  2.45044  0.144453  0.0728411
22.875  2.48186  0.127366  0.0645028
22.875  2.51327  0.0610886  0.0917454
22.875  2.54469  0.19292  0.128567
22.875  2.57611  0.150316  0.0796629
22.875  2.60752  0.0911134  0.118016
22.875  2.63894  0.089078  0.116209
22.875  2.67035  0.162866  0.134553
22.875  2.70177  0.140363  0.107456
22.875  2.73319  0.205464  0.110253
22.875  2.7646  0.0958891  0.0623747
22.875  2.79602  0.0963564  0.0547244
22.875  2.82743  0.247307  0.145831
22.875  2.85885  0.258759  1.70226
22.875  2.89027  0.00733266  0.053806
22.875  2.92168  0.258759  1.70226
22.875  2.9531  0  0
22.875  2.98451  0  0
22.875  3.01593  0  0
22.875  3.04734  0  0
22.875  3.07876  0  0
22.875  3.11018  0  0
23  0  0  0
23  0.0314159  0  0
23  0.0628319  0  0
23  0.0942478  0  0
23  0.125664  0  0
23  0.15708  0  0
23  0.188496  0.258759  1.70226
23  0.219911  0.258759  1.70226
23  0.251327  0.175595  0.161086
23  0.282743  0.220572  0.186713
23  0.314159  0.158117  0.0969964
23  0.345575  0.0853433  0.153882
23  0.376991  0.171982  0.162741
23  0.408407  0.128752  0.0652044
23  0.439823  0.169025  0.102657
23  0.471239  0.167878  0.167879
23  0.502655  0.0565108  0.0687658
23  0.534071  0.139517  0.0698931
23  0.565487  0.0660605  0.0756389
23  0.596903  0.0428773  0.0484667
23  0.628319  0.604507  1.12561
23  0.659734  0.141493  0.0804735
23  0.69115  0.0522723  0.0902477
23  0.722566  0.166996  0.11163
23  0.753982  0.0666565  0.100504
23  0.785398  0.0843715  0.0854519
23  0.816814  0.103098  0.176202
23  0.84823  0.0456695  0.0481186
23  0.879646  0.0463429  0.0480405
23  0.911062  1.31712  1.14777
23  0.942478  0.0928044  0.109969
23  0.973894  0.892127  0.652291
23  1.00531  0.411054  0.37356
23  1.03673  1.35456  1.22427
23  1.06814  1.22827  1.22263
23  1.09956  1.34567  0.937277
23  1.13097  1.17447  1.1136
23  1.16239  0.079432  0.0837505
23  1.19381  1.92286  1.22162
23  1.22522  1.72411  1.72259
23  1.25664  0.292052  0.396626
23  1.28805  1.06636  1.0226
23  1.31947  1.07419  0.743217
23  1.35088  0.0416427  0.0383439
23  1.3823  0.0782659  0.0912865
23  1.41372  1.70413  0.893163
23  1.44513  1.60355  1.09767
23  1.47655  2.04076  1.29101
23  1.50796  0.678637  0.451894
23  1.53938  0.0712368  0.17898
23  1.5708  1.59611  0.944689
23  1.60221  0.0608149  0.130231
23  1.63363  1.61932  1.39033
23  1.66504  0.269844  0.216055
23  1.69646  1.35466  0.734622
23  1.72788  0.0596548  0.104019
23  1.75929  1.14901  1.14595
23  1.79071  0.0449253  0.0632716
23  1.82212  1.79131  1.7912
23  1.85354  1.90697  1.57095
23  1.88496  0.57834  0.404701
23  1.91637  1.04956  0.746054
23  1.94779  0.0750295  0.149057
23  1.9792  0.593626  0.480223
23  2.01062  1.72834  1.49031
23  2.04204  0.0602556  0.0649778
23  2.07345  0.269163  0.229512
23  2.10487  0.0405165  0.0395276
23  2.13628  0.0428991  0.0441374
23  2.1677  0.682444  0.438845
23  2.19911  0.324721  0.268357
23  2.23053  0.119047  0.244445
23  2.26195  0.891904  0.827155
23  2.29336  0.622645  0.514972
23  2.32478  0.0583579  0.0808386
23  2.35619  1.30265  0.741321
23  2.38761  0.0767701  0.0911355
23  2.41903  0.0925895  0.113549
23  2.45044  0.160729  0.136546
23  2.48186  0.0985283  0.117877
23  2.51327  0.80431  0.414557
23  2.54469  0.0887596  0.0921372
23  2.57611  0.131612  0.0874253
23  2.60752  0.0755441  0.0894461
23  2.63894  0.179095  0.114664
23  2.67035  0.131488  0.129703
23  2.70177  0.0281682  0.0617823
23  2.73319  0.164371  0.137473
23  2.7646  0.197864  0.10222
23  2.79602  0.144311  0.126741
23  2.82743  0.399947  0.228732
23  2.85885  0.205687  0.105567
23  2.89027  0.0200775  0.147326
23  2.92168  0.258759  1.70226
23  2.9531  0  0
23  2.98451  0  0
23  3.01593  0  0
23  3.04734  0  0
23  3.07876  0  0
23  3.11018  0  0
23.125  0  0  0
23.125  0.0314159  0  0
23.125  0.0628319  0  0
23.125  0.0942478  0  0
23.125  0.125664  0  0
23.125  0.15708  0  0
23.125  0.188496  0.390929  0.350098
23.125  0.219911  0.000174587  0.0012811
23.125  0.251327  0.159229  0.102038
23.125  0.282743  0.00698349  0.0512438
23.125  0.314159  0.136457  0.0841883
23.125  0.345575  0.155456  0.151088
23.125  0.376991  0.215637  0.18618
23.125  0.408407  0.167119  0.167053
23.125  0.439823  0.192511  0.132491
23.125  0.471239  0.1331  0.0928893
23.125  0.502655  0.119596  0.0924781
23.125  0.534071  0.0784327  0.121273
23.125  0.565487  0.163105  0.161369
23.125  0.596903  0.0556873  0.0711589
23.125  0.628319  0.135641  0.0789536
23.125  0.659734  0.0480966  0.0713579
23.125  0.69115  0.167962  0.12681
23.125  0.722566  0.158897  0.0806742
23.125  0.753982  1.13304  1.22046
23.125  0.785398  0.582629  0.720528
23.125  0.816814  0.0487483  0.0908775
23.125  0.84823  0.0538401  0.0576924
23.125  0.879646  0.0638517  0.0910122
23.125  0.911062  0.0527046  0.0656801
23.125  0.942478  1.52664  1.28523
23.125  0.973894  0.228482  0.429948
23.125  1.00531  0.986831  0.952218
23.125  1.03673  1.5776  1.50963
23.125  1.06814  0.0475907  0.0856299
23.125  1.09956  1.10525  1.29296
23.125  1.13097  0.0805828  0.510177
23.125  1.16239  1.01409  0.620138
23.125  1.19381  0.965424  0.891774
23.125  1.22522  2.1657  1.42755
23.125  1.25664  1.5985  1.14966
23.125  1.28805  1.43864  1.15945
23.125  1.31947  0.743815  0.431788
23.125  1.35088  1.20419  0.762877
23.125  1.3823  0.0592369  0.152697
23.125  1.41372  1.67158  1.06698
23.125  1.44513  2.09229  2.08384
23.125  1.47655  0.409141  0.871753
23.125  1.50796  0.0704952  0.0754053
23.125  1.53938  0.0640339  0.12494
23.125  1.5708  1.81649  0.908539
23.125  1.60221  0.852631  0.774205
23.125  1.63363  1.36021  0.741691
23.125  1.66504  0.0582367  0.111633
23.125  1.69646  1.81301  1.70638
23.125  1.72788  1.64874  1.62422
23.125  1.75929  1.12234  0.687605
23.125  1.79071  1.03664  0.994043
23.125  1.82212  4.7562  3.39471
23.125  1.85354  0.207566  0.181229
23.125  1.88496  0.391284  0.352818
23.125  1.91637  0.444036  0.374448
23.125  1.94779  1.67585  0.906846
23.125  1.9792  1.09737  0.552498
23.125  2.01062  0.505551  0.466995
23.125  2.04204  0.0869119  0.087531
23.125  2.07345  0.620475  0.525439
23.125  2.10487  0.0738212  0.293123
23.125  2.13628  1.02662  0.638619
23.125  2.1677  1.38772  1.2249
23.125  2.19911  0.0608942  0.0965495
23.125  2.23053  0.0583649  0.103799
23.125  2.26195  0.0661099  0.107631
23.125  2.29336  0.0650187  0.10494
23.125  2.32478  1.1982  0.654194
23.125  2.35619  0.0613263  0.0731971
23.125  2.38761  0.078388  0.122634
23.125  2.41903  0.229362  0.178569
23.125  2.45044  0.185988  0.0970104
23.125  2.48186  0.144011  0.123958
23.125  2.51327  0.0534159  0.065774
23.125  2.54469  0.15516  0.107278
23.125  2.57611  0.0871731  0.0886306
23.125  2.60752  0.0976986  0.115016
23.125  2.63894  0.182917  0.161658
23.125  2.67035  0.0570351  0.0871159
23.125  2.70177  0.105536  0.127725
23.125  2.73319  0.089152  0.17231
23.125  2.7646  0.221442  0.189235
23.125  2.79602  0.252273  0.17453
23.125  2.82743  0.257728  0.251497
23.125  2.85885  0.0514806  0.108919
23.125  2.89027  0.00838018  0.0614926
23.125  2.92168  0.258759  1.70226
23.125  2.9531  0  0
23.125  2.98451  0  0
23.125  3.01593  0  0
23.125  3.04734  0  0
23.125  3.07876  0  0
23.125  3.11018  0  0
23.25  0  0  0
23.25  0.0314159  0  0
23.25  0.0628319  0  0
23.25  0.0942478  0  0
23.25  0.125664  0  0
23.25  0.15708  0  0
23.25  0.188496  0.505052  0.281697
23.25  0.219911  0.258759  1.70226
23.25  0.251327  0.176222  0.146835
23.25  0.282743  0.275406  0.210292
23.25  0.314159  0.101223  0.168871
23.25  0.345575  0.160452  0.133898
23.25  0.376991  0.185846  0.11231
23.25  0.408407  0.0688673  0.120071
23.25  0.439823  0.230811  0.12434
23.25  0.471239  0.105944  0.124217
23.25  0.502655  0.16035  0.115339
23.25  0.534071  2.03607  1.10561
23.25  0.565487  0.183828  0.143078
23.25  0.596903  0.134771  0.134709
23.25  0.628319  0.0964416  0.0905893
23.25  0.659734  0.067259  0.100309
23.25  0.69115  0.0672988  0.084524
23.25  0.722566  0.0414916  0.0348599
23.25  0.753982  0.840861  0.625452
23.25  0.785398  0.0337546  0.0239288
23.25  0.816814  0.0510767  0.0947851
23.25  0.84823  0.0717837  0.106175
23.25  0.879646  1.36607  1.35932
23.25  0.911062  0.138745  0.127416
23.25  0.942478  0.848439  0.504249
23.25  0.973894  0.0684467  0.097915
23.25  1.00531  0.441102  0.386111
23.25  1.03673  0.970379  0.589067
23.25  1.06814  0.550201  0.385059
23.25  1.09956  0.069073  0.0992243
23.25  1.13097  1.15937  0.5816
23.25  1.16239  0.919941  0.848715
23.25  1.19381  0.0509005  0.0944426
23.25  1.22522  0.907539  0.555369
23.25  1.25664  2.32594  2.19567
23.25  1.28805  1.28876  1.07362
23.25  1.31947  1.56629  1.35555
23.25  1.35088  0.795909  0.509424
23.25  1.3823  0.992925  0.512027
23.25  1.41372  0.766893  1.22057
23.25  1.44513  0.930149  0.629162
23.25  1.47655  1.77711  0.933101
23.25  1.50796  1.6105  1.58217
23.25  1.53938  0.938189  0.717594
23.25  1.5708  0.764884  0.54195
23.25  1.60221  1.37331  1.25224
23.25  1.63363  0.773993  0.753369
23.25  1.66504  2.02757  1.38424
23.25  1.69646  0.416417  0.790393
23.25  1.72788  1.23299  1.30479
23.25  1.75929  0.277451  0.262617
23.25  1.79071  1.02743  0.821875
23.25  1.82212  0.333663  0.242785
23.25  1.85354  1.82569  1.78594
23.25  1.88496  0.815204  0.577832
23.25  1.91637  1.5363  1.08838
23.25  1.94779  0.278301  0.270639
23.25  1.9792  0.846015  0.66212
23.25  2.01062  0.0795756  0.222551
23.25  2.04204  0.262879  0.25717
23.25  2.07345  0.0499574  0.0834563
23.25  2.10487  0.928093  0.464876
23.25  2.13628  0.0467457  0.051409
23.25  2.1677  0.0557476  0.0881715
23.25  2.19911  2.02118  2.46189
23.25  2.23053  0.879098  0.85173
23.25  2.26195  1.02283  1.02242
23.25  2.29336  0.0363012  0.0250275
23.25  2.32478  0.111191  0.07448
23.25  2.35619  0.0451555  0.0858148
23.25  2.38761  0.590723  0.527516
23.25  2.41903  0.0960023  0.114305
23.25  2.45044  0.0757762  0.0792446
23.25  2.48186  0.105628  0.129196
23.25  2.51327  0.105524  0.111969
23.25  2.54469  0.0740125  0.0919738
23.25  2.57611  0.119568  0.0814807
23.25  2.60752  0.178691  0.130723
23.25  2.63894  0.187141  0.102243
23.25  2.67035  0.186066  0.177749
23.25  2.70177  0.0562558  0.0943
23.25  2.73319  0.198411  0.188427
23.25  2.7646  0.124318  0.0900226
23.25  2.79602  0.225154  0.22518
23.25  2.82743  0.147624  0.0911434
23.25  2.85885  0.200072  0.165033
23.25  2.89027  0.225252  0.131256
23.25  2.92168  0  0
23.25  2.9531  0  0
23.25  2.98451  0  0
23.25  3.01593  0  0
23.25  3.04734  0  0
23.25  3.07876  0  0
23.25  3.11018  0  0
23.375  0  0  0
23.375  0.0314159  0  0
23.375  0.0628319  0  0
23.375  0.0942478  0  0
23.375  0.125664  0  0
23.375  0.15708  0  0
23.375  0.188496  0.107866  0.0877721
23.375  0.219911  0.0417263  0.306182
23.375  0.251327  0.30125  0.18716
23.375  0.282743  0.259454  0.212617
23.375  0.314159  0.32438  0.311831
23.375  0.345575  0.207341  0.121984
23.375  0.376991  0.167567  0.0842247
23.375  0.408407  0.0779157  0.115637
23.375  0.439823  0.143928  0.0772206
23.375  0.471239  0.150951  0.132016
23.375  0.502655  0.0770765  0.113417
23.375  0.534071  0.134859  0.0905512
23.375  0.565487  0.0870363  0.0844286
23.375  0.596903  0.0633774  0.101531
23.375  0.628319  0.124634  0.0965495
23.375  0.659734  0.687953  0.830263
23.375  0.69115  0.0589531  0.0645095
23.375  0.722566  0.0593085  0.164047
23.375  0.753982  0.415113  0.303336
23.375  0.785398  0.462149  0.271175
23.375  0.816814  0.0737548  0.0961584
23.375  0.84823  0.0665364  0.14316
23.375  0.879646  0.160213  0.164485
23.375  0.911062  0.0735131  0.103038
23.375  0.942478  1.00694  0.934927
23.375  0.973894  0.0683027  0.106797
23.375  1.00531  0.0417452  0.0340336
23.375  1.03673  0.885701  0.757758
23.375  1.06814  1.17349  1.15102
23.375  1.09956  1.34514  1.33169
23.375  1.13097  0.0432575  0.066641
23.375  1.16239  1.77042  1.14655
23.375  1.19381  0.142013  0.681036
23.375  1.22522  0.0655135  0.0798867
23.375  1.25664  0.789187  0.39878
23.375  1.28805  0.0639839  0.0650758
23.375  1.31947  1.49415  1.52349
23.375  1.35088  1.69576  1.66778
23.375  1.3823  0.233447  0.247295
23.375  1.41372  1.20952  0.803196
23.375  1.44513  0.23756  0.378781
23.375  1.47655  0.679123  0.378865
23.375  1.50796  1.41953  1.14483
23.375  1.53938  0.642835  0.378442
23.375  1.5708  1.61834  0.923438
23.375  1.60221  1.24348  0.670025
23.375  1.63363  0.703673  0.676332
23.375  1.66504  1.80522  1.43379
23.375  1.69646  1.94836  0.974228
23.375  1.72788  1.54481  1.46841
23.375  1.75929  0.048212  0.0648591
23.375  1.79071  1.94397  1.93594
23.375  1.82212  0.602184  0.594835
23.375  1.85354  1.55427  1.47717
23.375  1.88496  0.999492  0.732747
23.375  1.91637  0.056476  0.0944481
23.375  1.94779  1.12488  1.00212
23.375  1.9792  0.979791  0.913571
23.375  2.01062  0.63015  0.436856
23.375  2.04204  0.058284  0.0907504
23.375  2.07345  1.43209  1.31588
23.375  2.10487  1.80299  1.77067
23.375  2.13628  0.077789  0.199917
23.375  2.1677  1.12797  0.911544
23.375  2.19911  1.70749  1.59468
23.375  2.23053  0.758556  0.391664
23.375  2.26195  1.22187  1.13958
23.375  2.29336  0.0698345  0.114859
23.375  2.32478  0.736242  0.371875
23.375  2.35619  0.0431003  0.0381903
23.375  2.38761  0.051969  0.061219
23.375  2.41903  0.0876684  0.0787548
23.375  2.45044  0.0530145  0.111759
23.375  2.48186  0.0912932  0.111612
23.375  2.51327  0.180806  0.145001
23.375  2.54469  0.0996921  0.0878643
23.375  2.57611  0.177243  0.119614
23.375  2.60752  0.151561  0.147918
23.375  2.63894  0.191739  0.122071
23.375  2.67035  0.207482  0.16872
23.375  2.70177  0.118556  0.102665
23.375  2.73319  0.168686  0.136769
23.375  2.7646  0.160453  0.144909
23.375  2.79602  0.112405  0.0776774
23.375  2.82743  0.0867254  0.0446509
23.375  2.85885  0.226376  0.190697
23.375  2.89027  0  0
23.375  2.92168  0.258123  1.7505
23.375  2.9531  0  0
23.375  2.98451  0  0
23.375  3.01593  0  0
23.375  3.04734  0  0
23.375  3.07876  0  0
23.375  3.11018  0  0
23.5  0  0  0
23.5  0.0314159  0  0
23.5  0.0628319  0  0
23.5  0.0942478  0  0
23.5  0.125664  0  0
23.5  0.15708  0  0
23.5  0.188496  0  0
23.5  0.219911  0.0253151  0.185759
23.5  0.251327  0.016935  0.124266
23.5  0.282743  0.147975  0.0764047
23.5  0.314159  0.136656  0.129888
23.5  0.345575  0.154082  0.0908579
23.5  0.376991  0.157642  0.0906501
23.5  0.408407  0.163928  0.101041
23.5  0.439823  0.223564  0.21199
23.5  0.471239  0.077774  0.110023
23.5  0.502655  0.194471  0.215346
23.5  0.534071  0.130727  0.0963508
23.5  0.565487  0.145498  0.145201
23.5  0.596903  0.475651  0.264456
23.5  0.628319  0.142915  0.0823521
23.5  0.659734  0.0572967  0.0930579
23.5  0.69115  0.395092  0.227127
23.5  0.722566  1.26366  0.704189
23.5  0.753982  0.0359522  0.0374738
23.5  0.785398  0.140291  0.111373
23.5  0.816814  0.0531012  0.0592187
23.5  0.84823  0.980102  0.490478
23.5  0.879646  0.0446791  0.039001
23.5  0.911062  1.14793  0.99945
23.5  0.942478  0.0387932  0.0376414
23.5  0.973894  0.985357  0.692728
23.5  1.00531  1.93799  1.29828
23.5  1.03673  1.87122  1.15084
23.5  1.06814  1.24732  0.815509
23.5  1.09956  0.403988  0.552344
23.5  1.13097  0.109165  0.642116
23.5  1.16239  0.0445814  0.0701413
23.5  1.19381  1.66829  1.10407
23.5  1.22522  0.0527045  0.054096
23.5  1.25664  1.17929  1.06916
23.5  1.28805  0.045793  0.0724148
23.5  1.31947  0.0703042  0.089337
23.5  1.35088  0.944842  0.760277
23.5  1.3823  0.0495852  0.0730075
23.5  1.41372  0.668827  0.705634
23.5  1.44513  1.39089  1.38986
23.5  1.47655  0.611944  0.460724
23.5  1.50796  1.81754  0.938559
23.5  1.53938  1.16056  1.14473
23.5  1.5708  1.43976  0.730357
23.5  1.60221  0.0877953  0.0849618
23.5  1.63363  0.483413  0.568522
23.5  1.66504  0.781892  0.390952
23.5  1.69646  1.31311  1.24064
23.5  1.72788  1.34063  1.16323
23.5  1.75929  1.29813  0.934827
23.5  1.79071  2.10296  1.66119
23.5  1.82212  0.0498593  0.0863455
23.5  1.85354  0.117619  0.117618
23.5  1.88496  1.48245  1.05967
23.5  1.91637  0.0626417  0.0763939
23.5  1.94779  0.468929  0.313411
23.5  1.9792  1.32824  1.40002
23.5  2.01062  1.09588  0.895589
23.5  2.04204  1.41563  1.15675
23.5  2.07345  0.620764  0.653806
23.5  2.10487  1.48353  1.13587
23.5  2.13628  1.32896  1.04757
23.5  2.1677  1.14127  1.14041
23.5  2.19911  0.585843  0.497567
23.5  2.23053  1.23744  1.14059
23.5  2.26195  0.139715  0.155756
23.5  2.29336  1.6332  1.49805
23.5  2.32478  0.42863  0.431885
23.5  2.35619  0.0798891  0.0760082
23.5  2.38761  0.359128  0.476255
23.5  2.41903  1.1046  1.0779
23.5  2.45044  0.110046  0.0997228
23.5  2.48186  0.0473759  0.0940541
23.5  2.51327  0.08886  0.0693329
23.5  2.54469  0.0805685  0.102003
23.5  2.57611  0.0595768  0.0883619
23.5  2.60752  0.143043  0.106907
23.5  2.63894  0.180419  0.0978347
23.5  2.67035  0.121905  0.0882989
23.5  2.70177  0.134673  0.132219
23.5  2.73319  0.164982  0.0970466
23.5  2.7646  0.178491  0.174852
23.5  2.79602  0.148305  0.108982
23.5  2.82743  0.163364  0.082023
23.5  2.85885  0.352081  0.178563
23.5  2.89027  0.069095  0.0672877
23.5  2.92168  0.224887  1.29503
23.5  2.9531  0  0
23.5  2.98451  0  0
23.5  3.01593  0  0
23.5  3.04734  0  0
23.5  3.07876  0  0
23.5  3.11018  0  0
23.625  0  0  0
23.625  0.0314159  0  0
23.625  0.0628319  0  0
23.625  0.0942478  0  0
23.625  0.125664  0  0
23.625  0.15708  0  0
23.625  0.188496  0.0282831  0.207537
23.625  0.219911  0.0934768  0.0931036
23.625  0.251327  0.214937  0.109004
23.625  0.282743  0.176539  0.143112
23.625  0.314159  0.26799  0.150839
23.625  0.345575  0.124034  0.10913
23.625  0.376991  0.161704  0.14219
23.625  0.408407  0.20522  0.110879
23.625  0.439823  0.157521  0.155889
23.625  0.471239  0.147459  0.144969
23.625  0.502655  0.111022  0.109346
23.625  0.534071  0.185269  0.179244
23.625  0.565487  0.137339  0.0964308
23.625  0.596903  0.0896041  0.061057
23.625  0.628319  0.0390163  0.0788504
23.625  0.659734  1.82076  1.03937
23.625  0.69115  0.0594628  0.0790692
23.625  0.722566  0.0900617  0.111397
23.625  0.753982  0.625994  0.399023
23.625  0.785398  0.058288  0.0892773
23.625  0.816814  0.0581586  0.100933
23.625  0.84823  0.938062  0.925659
23.625  0.879646  0.0453559  0.064882
23.625  0.911062  0.0546488  0.074298
23.625  0.942478  0.736648  0.526288
23.625  0.973894  0.969729  0.929876
23.625  1.00531  0.0397167  0.0360727
23.625  1.03673  0.861637  0.6037
23.625  1.06814  0.288634  0.252687
23.625  1.09956  0.705883  0.648864
23.625  1.13097  1.62302  1.59108
23.625  1.16239  0.0577808  0.0936174
23.625  1.19381  0.0578289  0.09625
23.625  1.22522  1.25505  0.734064
23.625  1.25664  0.634383  0.632959
23.625  1.28805  1.15349  0.855345
23.625  1.31947  2.07152  1.9222
23.625  1.35088  1.79095  1.83618
23.625  1.3823  0.892257  1.07586
23.625  1.41372  1.88016  0.949337
23.625  1.44513  1.46378  1.09919
23.625  1.47655  0.863513  0.721895
23.625  1.50796  0.991775  0.918319
23.625  1.53938  0.540155  0.536065
23.625  1.5708  1.04248  0.863875
23.625  1.60221  0.460954  0.555328
23.625  1.63363  0.12922  0.211005
23.625  1.66504  1.20717  0.857188
23.625  1.69646  1.90529  1.40712
23.625  1.72788  0.0427647  0.0554584
23.625  1.75929  0.891555  0.86972
23.625  1.79071  1.72221  1.12635
23.625  1.82212  1.62864  0.913644
23.625  1.85354  1.42948  0.75364
23.625  1.88496  0.263089  0.262221
23.625  1.91637  0.0406225  0.0547837
23.625  1.94779  0.433953  0.30983
23.625  1.9792  0.0444662  0.051456
23.625  2.01062  1.40187  0.998826
23.625  2.04204  0.704667  0.519508
23.625  2.07345  0.0464349  0.046557
23.625  2.10487  1.29475  0.910001
23.625  2.13628  0.488248  0.448353
23.625  2.1677  1.00392  0.908226
23.625  2.19911  1.01649  0.974869
23.625  2.23053  0.0404689  0.0345412
23.625  2.26195  0.0748946  0.0705964
23.625  2.29336  0.0584081  0.100095
23.625  2.32478  1.05031  0.976579
23.625  2.35619  0.163462  0.0970362
23.625  2.38761  0.0751755  0.189609
23.625  2.41903  0.284675  0.195281
23.625  2.45044  0.0840885  0.108271
23.625  2.48186  0.13319  0.0965544
23.625  2.51327  0.0906647  0.0804271
23.625  2.54469  0.0645679  0.0659262
23.625  2.57611  0.147587  0.14729
23.625  2.60752  0.178176  0.170537
23.625  2.63894  0.143025  0.132273
23.625  2.67035  0.158798  0.156538
23.625  2.70177  0.105565  0.096223
23.625  2.73319  0.141181  0.0706028
23.625  2.7646  0.197497  0.117054
23.625  2.79602  0.122539  0.0689469
23.625  2.82743  0.191261  0.118084
23.625  2.85885  0.113766  0.111186
23.625  2.89027  0.248805  2.12272
23.625  2.92168  0  0
23.625  2.9531  0.248805  2.12272
23.625  2.98451  0  0
23.625  3.01593  0  0
23.625  3.04734  0  0
23.625  3.07876  0  0
23.625  3.11018  0  0
23.75  0  0  0
23.75  0.0314159  0  0
23.75  0.0628319  0  0
23.75  0.0942478  0  0
23.75  0.125664  0  0
23.75  0.15708  0  0
23.75  0.188496  0.258759  1.70226
23.75  0.219911  0.211693  0.176301
23.75  0.251327  0.166251  0.110938
23.75  0.282743  0.0915406  0.0586538
23.75  0.314159  0.112533  0.0969186
23.75  0.345575  0.0661331  0.102474
23.75  0.376991  0.184224  0.143216
23.75  0.408407  0.157377  0.153286
23.75  0.439823  0.191251  0.138697
23.75  0.471239  0.0467196  0.0714553
23.75  0.502655  0.249615  0.24168
23.75  0.534071  1.03904  0.600409
23.75  0.565487  0.133876  0.147728
23.75  0.596903  0.0723005  0.302271
23.75  0.628319  0.0675617  0.0765009
23.75  0.659734  0.139828  0.0711495
23.75  0.69115  0.0600132  0.121435
23.75  0.722566  0.0629231  0.111168
23.75  0.753982  0.0494699  0.0910593
23.75  0.785398  0.0583793  0.107105
23.75  0.816814  0.0789983  0.18187
23.75  0.84823  0.0511226  0.0444434
23.75  0.879646  0.0754208  0.0858894
23.75  0.911062  0.0897384  0.124198
23.75  0.942478  0.291715  0.252301
23.75  0.973894  0.433972  0.314877
23.75  1.00531  1.03599  0.678498
23.75  1.03673  0.092867  0.103938
23.75  1.06814  0.0507134  0.0887498
23.75  1.09956  2.23319  1.6933
23.75  1.13097  0.18213  0.141086
23.75  1.16239  1.35493  1.14565
23.75  1.19381  1.06974  1.34571
23.75  1.22522  0.931654  0.703815
23.75  1.25664  0.297757  0.148898
23.75  1.28805  1.27415  0.72795
23.75  1.31947  0.113343  0.073668
23.75  1.35088  1.48412  1.24055
23.75  1.3823  0.300174  0.547119
23.75  1.41372  1.10168  0.66306
23.75  1.44513  1.36583  0.701423
23.75  1.47655  0.722394  0.669799
23.75  1.50796  1.23173  1.22345
23.75  1.53938  2.78145  2.73558
23.75  1.5708  1.16291  0.833895
23.75  1.60221  0.0457279  0.0648853
23.75  1.63363  1.28584  0.893568
23.75  1.66504  1.19537  1.19461
23.75  1.69646  1.32964  1.50532
23.75  1.72788  1.65104  1.04844
23.75  1.75929  0.0635844  0.162306
23.75  1.79071  0.0439033  0.0429866
23.75  1.82212  1.49459  1.46524
23.75  1.85354  0.525828  0.489931
23.75  1.88496  0.370384  0.267318
23.75  1.91637  1.06639  1.14918
23.75  1.94779  0.0484981  0.0831172
23.75  1.9792  0.0519036  0.0899919
23.75  2.01062  0.898009  0.745768
23.75  2.04204  1.22066  0.893013
23.75  2.07345  0.108921  0.144707
23.75  2.10487  1.48503  1.33932
23.75  2.13628  0.0582228  0.094542
23.75  2.1677  0.570792  0.3636
23.75  2.19911  1.0878  0.983851
23.75  2.23053  0.0534353  0.0707418
23.75  2.26195  0.105052  0.0717772
23.75  2.29336  0.0712813  0.100485
23.75  2.32478  0.0514157  0.0886082
23.75  2.35619  0.129962  0.111604
23.75  2.38761  0.0518285  0.0936006
23.75  2.41903  1.23312  1.18889
23.75  2.45044  0.0584696  0.105117
23.75  2.48186  0.0480408  0.0851297
23.75  2.51327  0.0723285  0.108275
23.75  2.54469  0.0692838  0.100676
23.75  2.57611  0.208736  0.164207
23.75  2.60752  0.164511  0.0833864
23.75  2.63894  0.10029  0.0926519
23.75  2.67035  0.144015  0.121382
23.75  2.70177  0.115961  0.083444
23.75  2.73319  0.155976  0.096123
23.75  2.7646  0.212249  0.202335
23.75  2.79602  0.173884  0.106781
23.75  2.82743  0.155928  0.151303
23.75  2.85885  0.0881212  0.0448152
23.75  2.89027  0.261345  0.177506
23.75  2.92168  0.0123957  0.0909578
23.75  2.9531  0  0
23.75  2.98451  0  0
23.75  3.01593  0  0
23.75  3.04734  0  0
23.75  3.07876  0  0
23.75  3.11018  0  0
23.875  0  0  0
23.875  0.0314159  0  0
23.875  0.0628319  0  0
23.875  0.0942478  0  0
23.875  0.125664  0  0
23.875  0.15708  0.258759  1.70226
23.875  0.188496  0.0202521  0.148607
23.875  0.219911  0  0
23.875  0.251327  0.129403  0.0661311
23.875  0.282743  0.280411  0.168216
23.875  0.314159  0.153214  0.169463
23.875  0.345575  0.213922  0.155878
23.875  0.376991  0.114812  0.110635
23.875  0.408407  0.206748  0.186706
23.875  0.439823  0.166061  0.166029
23.875  0.471239  0.135922  0.126483
23.875  0.502655  0.0879429  0.0840581
23.875  0.534071  0.141821  0.0974244
23.875  0.565487  0.183342  0.118376
23.875  0.596903  0.0767405  0.0961359
23.875  0.628319  0.151531  0.127877
23.875  0.659734  0.0731214  0.0813129
23.875  0.69115  0.0568296  0.0974077
23.875  0.722566  0.0788592  0.0907577
23.875  0.753982  0.0906604  0.103344
23.875  0.785398  0.0401453  0.0430797
23.875  0.816814  0.436881  0.404856
23.875  0.84823  0.34217  0.173363
23.875  0.879646  0.109156  0.473162
23.875  0.911062  1.19411  0.741295
23.875  0.942478  0.14756  0.0932182
23.875  0.973894  0.154196  0.0828174
23.875  1.00531  1.4606  1.3897
23.875  1.03673  1.4045  1.37014
23.875  1.06814  0.378113  0.479924
23.875  1.09956  0.0327124  0.0241629
23.875  1.13097  0.0493672  0.064273
23.875  1.16239  0.893985  0.890341
23.875  1.19381  1.72133  1.4593
23.875  1.22522  2.07625  1.96503
23.875  1.25664  0.0459589  0.0688148
23.875  1.28805  0.205896  0.322078
23.875  1.31947  1.2648  1.44002
23.875  1.35088  1.28347  0.876737
23.875  1.3823  0.231693  0.117673
23.875  1.41372  0.641235  0.562354
23.875  1.44513  0.776795  0.617241
23.875  1.47655  1.38836  1.14079
23.875  1.50796  1.0523  0.540074
23.875  1.53938  1.29459  1.66439
23.875  1.5708  1.29692  1.28999
23.875  1.60221  1.2491  0.809826
23.875  1.63363  0.156985  0.135655
23.875  1.66504  1.37601  0.771111
23.875  1.69646  0.0415721  0.0538297
23.875  1.72788  1.42991  1.00065
23.875  1.75929  1.22153  1.11864
23.875  1.79071  1.07669  0.617484
23.875  1.82212  1.08514  0.973055
23.875  1.85354  0.34093  0.421157
23.875  1.88496  1.67844  1.62408
23.875  1.91637  0.0423317  0.073397
23.875  1.94779  1.56629  0.78316
23.875  1.9792  0.281497  0.26638
23.875  2.01062  0.789113  0.523025
23.875  2.04204  0.730829  0.766587
23.875  2.07345  1.5784  1.07868
23.875  2.10487  0.051355  0.0765672
23.875  2.13628  0.0484253  0.0515777
23.875  2.1677  1.25761  0.734392
23.875  2.19911  0.454184  0.39538
23.875  2.23053  1.51562  1.09916
23.875  2.26195  0.240105  0.230536
23.875  2.29336  0.747385  0.509832
23.875  2.32478  0.112757  0.131494
23.875  2.35619  0.0366646  0.0393073
23.875  2.38761  0.0950735  0.130454
23.875  2.41903  0.06988  0.110911
23.875  2.45044  0.245152  0.278401
23.875  2.48186  0.0791291  0.103862
23.875  2.51327  0.116308  0.0843584
23.875  2.54469  0.0436531  0.0633277
23.875  2.57611  0.178672  0.126435
23.875  2.60752  0.0908168  0.090345
23.875  2.63894  0.140685  0.0941064
23.875  2.67035  0.0895123  0.0850383
23.875  2.70177  0.201923  0.13287
23.875  2.73319  0.209452  0.147196
23.875  2.7646  0.123876  0.0878576
23.875  2.79602  0.281378  0.14376
23.875  2.82743  0.0948816  0.0654437
23.875  2.85885  0.210489  0.122268
23.875  2.89027  0.00209505  0.0153731
23.875  2.92168  0.0286323  0.2101
23.875  2.9531  0.258759  1.70226
23.875  2.98451  0  0
23.875  3.01593  0  0
23.875  3.04734  0  0
23.875  3.07876  0  0
23.875  3.11018  0  0
24  0  0  0
24  0.0314159  0  0
24  0.0628319  0  0
24  0.0942478  0  0
24  0.125664  0  0
24  0.15708  0  0
24  0.188496  0  0
24  0.219911  0.0465471  0.0305543
24  0.251327  0.0475041  0.0449637
24  0.282743  0.157335  0.149919
24  0.314159  0.244901  0.141524
24  0.345575  0.242032  0.241932
24  0.376991  0.21336  0.21072
24  0.408407  0.125335  0.125038
24  0.439823  0.0652509  0.111669
24  0.471239  0.157214  0.157203
24  0.502655  0.152843  0.121128
24  0.534071  0.0604389  0.0730746
24  0.565487  0.0319476  0.0668666
24  0.596903  0.112072  0.096247
24  0.628319  0.0864771  0.110036
24  0.659734  0.128722  0.127123
24  0.69115  0.133108  0.101291
24  0.722566  0.0989952  0.116592
24  0.753982  0.064357  0.0994723
24  0.785398  0.0395859  0.0306485
24  0.816814  0.0444374  0.0488586
24  0.84823  1.24562  1.04736
24  0.879646  0.056397  0.0974043
24  0.911062  0.624664  0.378706
24  0.942478  0.539615  0.308283
24  0.973894  0.713059  0.445819
24  1.00531  0.0682887  0.0977124
24  1.03673  1.0634  0.945983
24  1.06814  0.050408  0.0580961
24  1.09956  1.55466  1.55466
24  1.13097  0.686964  0.682029
24  1.16239  0.762353  0.807424
24  1.19381  0.747587  0.570965
24  1.22522  0.0549897  0.0929331
24  1.25664  0.147042  0.126935
24  1.28805  0.799693  0.642092
24  1.31947  0.0468538  0.0805016
24  1.35088  0.882148  0.45971
24  1.3823  1.70997  1.07734
24  1.41372  2.35381  1.8013
24  1.44513  0.554073  0.509068
24  1.47655  1.48181  1.05323
24  1.50796  1.16716  0.693989
24  1.53938  1.56032  1.29852
24  1.5708  1.42979  1.05802
24  1.60221  1.07047  0.55777
24  1.63363  2.61489  2.23622
24  1.66504  1.76774  1.66998
24  1.69646  1.36841  0.977507
24  1.72788  0.935998  0.888293
24  1.75929  0.617581  0.625211
24  1.79071  1.92705  1.00589
24  1.82212  1.6014  1.4409
24  1.85354  1.68749  1.83169
24  1.88496  0.066208  0.13395
24  1.91637  1.54854  1.23835
24  1.94779  0.0569659  0.0654934
24  1.9792  1.75176  1.05963
24  2.01062  1.20157  0.843075
24  2.04204  1.64089  0.898007
24  2.07345  0.85945  0.714546
24  2.10487  0.714274  0.363766
24  2.13628  0.0885272  0.0749064
24  2.1677  0.0477155  0.0466326
24  2.19911  0.823944  0.492682
24  2.23053  0.0429819  0.0433077
24  2.26195  0.169706  0.227575
24  2.29336  0.102648  0.102764
24  2.32478  0.126798  0.124632
24  2.35619  0.0838051  0.0979302
24  2.38761  0.482202  0.596573
24  2.41903  0.0611575  0.104648
24  2.45044  0.0738587  0.0853199
24  2.48186  0.0797429  0.099144
24  2.51327  0.0733307  0.111328
24  2.54469  0.112841  0.105139
24  2.57611  0.0852112  0.10334
24  2.60752  0.129392  0.0696724
24  2.63894  0.146336  0.14716
24  2.67035  0.142191  0.109079
24  2.70177  0.078624  0.077376
24  2.73319  0.130011  0.129744
24  2.7646  0.106764  0.0613914
24  2.79602  0.0843322  0.0453853
24  2.82743  0.264313  0.181678
24  2.85885  0.170846  0.164069
24  2.89027  0.0427738  0.313868
24  2.92168  0.258759  1.70226
24  2.9531  0  0
24  2.98451  0  0
24  3.01593  0  0
24  3.04734  0  0
24  3.07876  0  0
24  3.11018  0  0
24.125  0  0  0
24.125  0.0314159  0  0
24.125  0.0628319  0  0
24.125  0.0942478  0  0
24.125  0.125664  0  0
24.125  0.15708  0  0
24.125  0.188496  0.206023  0.128651
24.125  0.219911  0.149296  0.0796517
24.125  0.251327  0.28531  0.1436
24.125  0.282743  0.237992  0.228611
24.125  0.314159  0.153045  0.151998
24.125  0.345575  0.224652  0.11242
24.125  0.376991  0.207399  0.113894
24.125  0.408407  0.0708514  0.111181
24.125  0.439823  0.119361  0.0605722
24.125  0.471239  0.156889  0.155003
24.125  0.502655  0.131132  0.116194
24.125  0.534071  0.146172  0.0732237
24.125  0.565487  0.0604816  0.0667843
24.125  0.596903  0.145964  0.125292
24.125  0.628319  0.0855551  0.110799
24.125  0.659734  0.0619417  0.112606
24.125  0.69115  0.0802879  0.0729755
24.125  0.722566  0.0440228  0.0432404
24.125  0.753982  0.344254  0.213917
24.125  0.785398  0.0616857  0.0811054
24.125  0.816814  0.0601512  0.099197
24.125  0.84823  0.23762  0.158442
24.125  0.879646  1.27908  1.0971
24.125  0.911062  0.0345571  0.0249727
24.125  0.942478  0.112502  0.318953
24.125  0.973894  1.26108  0.975433
24.125  1.00531  0.201123  0.157049
24.125  1.03673  0.0680706  0.167934
24.125  1.06814  0.971492  1.39902
24.125  1.09956  1.43456  0.994952
24.125  1.13097  0.106934  0.0910064
24.125  1.16239  1.70375  1.69149
24.125  1.19381  1.62833  1.75508
24.125  1.22522  0.421217  0.923232
24.125  1.25664  1.59987  1.3832
24.125  1.28805  1.4269  0.835831
24.125  1.31947  1.91483  1.90702
24.125  1.35088  0.0356434  0.0327471
24.125  1.3823  0.141537  0.075224
24.125  1.41372  1.60856  1.50923
24.125  1.44513  0.506339  0.297752
24.125  1.47655  0.938988  0.810127
24.125  1.50796  0.858618  0.486702
24.125  1.53938  1.32767  0.80989
24.125  1.5708  0.069097  0.191401
24.125  1.60221  0.113054  0.681051
24.125  1.63363  0.795599  0.627321
24.125  1.66504  0.0689858  0.1823
24.125  1.69646  1.70383  1.26931
24.125  1.72788  1.71887  1.16837
24.125  1.75929  1.17115  0.825733
24.125  1.79071  1.36296  1.77729
24.125  1.82212  1.44906  1.44824
24.125  1.85354  1.39313  1.12939
24.125  1.88496  0.0925163  0.0761305
24.125  1.91637  0.0475068  0.0906513
24.125  1.94779  2.21643  1.14409
24.125  1.9792  1.10639  0.934137
24.125  2.01062  1.03149  0.519051
24.125  2.04204  1.61218  0.879
24.125  2.07345  0.423115  0.328478
24.125  2.10487  1.10879  0.568663
24.125  2.13628  1.00296  0.700887
24.125  2.1677  1.10045  1.0506
24.125  2.19911  0.597429  0.563643
24.125  2.23053  0.845352  0.424896
24.125  2.26195  1.33654  0.948966
24.125  2.29336  0.417584  0.632161
24.125  2.32478  0.0746783  0.104175
24.125  2.35619  0.055131  0.0989797
24.125  2.38761  1.13101  0.624237
24.125  2.41903  0.0889077  0.0890741
24.125  2.45044  0.0750679  0.0835858
24.125  2.48186  0.104216  0.0917684
24.125  2.51327  0.0858537  0.0835193
24.125  2.54469  0.0398096  0.0676294
24.125  2.57611  0.129488  0.0752622
24.125  2.60752  0.0847391  0.104058
24.125  2.63894  0.0808606  0.0971535
24.125  2.67035  0.047077  0.0813941
24.125  2.70177  0.164291  0.0822392
24.125  2.73319  0.241121  0.166346
24.125  2.7646  0.149221  0.0852339
24.125  2.79602  0.0947523  0.0935865
24.125  2.82743  0.183719  0.169171
24.125  2.85885  0.0251405  0.184478
24.125  2.89027  0.187317  0.170653
24.125  2.92168  0  0
24.125  2.9531  0  0
24.125  2.98451  0  0
24.125  3.01593  0  0
24.125  3.04734  0  0
24.125  3.07876  0  0
24.125  3.11018  0  0
24.25  0  0  0
24.25  0.0314159  0  0
24.25  0.0628319  0  0
24.25  0.0942478  0  0
24.25  0.125664  0  0
24.25  0.15708  0  0
24.25  0.188496  0.260103  1.60293
24.25  0.219911  0.48252  0.427647
24.25  0.251327  0.243431  0.213911
24.25  0.282743  0.26243  0.148537
24.25  0.314159  0.124225  0.114516
24.25  0.345575  0.148527  0.0788266
24.25  0.376991  0.131012  0.0657717
24.25  0.408407  0.20161  0.100808
24.25  0.439823  0.185498  0.18391
24.25  0.471239  0.104633  0.0535714
24.25  0.502655  0.0753149  0.0783726
24.25  0.534071  0.184468  0.184442
24.25  0.565487  0.383961  0.382499
24.25  0.596903  0.0770542  0.0999573
24.25  0.628319  0.501345  1.0636
24.25  0.659734  0.129339  0.0651698
24.25  0.69115  0.0528933  0.0584837
24.25  0.722566  0.0734716  0.129985
24.25  0.753982  1.4456  0.797412
24.25  0.785398  0.0553766  0.0925085
24.25  0.816814  0.68666  0.43218
24.25  0.84823  0.997473  0.58233
24.25  0.879646  1.11067  0.97514
24.25  0.911062  0.811534  0.499119
24.25  0.942478  1.66801  1.09973
24.25  0.973894  0.0846098  0.548259
24.25  1.00531  1.09077  0.728382
24.25  1.03673  0.0901059  0.10911
24.25  1.06814  0.068008  0.079491
24.25  1.09956  1.6674  1.62549
24.25  1.13097  0.132626  0.116735
24.25  1.16239  1.24498  1.11382
24.25  1.19381  1.98189  1.18442
24.25  1.22522  1.07604  1.07364
24.25  1.25664  1.42782  1.06697
24.25  1.28805  1.24268  0.985025
24.25  1.31947  0.0526295  0.105595
24.25  1.35088  0.171253  0.134356
24.25  1.3823  0.0633373  0.105326
24.25  1.41372  1.27571  1.25275
24.25  1.44513  0.237598  0.470419
24.25  1.47655  0.12269  0.0894784
24.25  1.50796  1.01083  0.638615
24.25  1.53938  0.610255  0.312408
24.25  1.5708  0.978946  0.816634
24.25  1.60221  1.14089  1.02693
24.25  1.63363  1.11435  0.752727
24.25  1.66504  1.53561  1.63495
24.25  1.69646  1.59044  0.797692
24.25  1.72788  0.903076  0.739558
24.25  1.75929  0.704765  0.698474
24.25  1.79071  1.94291  1.93479
24.25  1.82212  1.82858  1.06423
24.25  1.85354  0.909254  0.496506
24.25  1.88496  0.0644366  0.0938832
24.25  1.91637  0.617579  0.562724
24.25  1.94779  0.296773  0.456556
24.25  1.9792  0.0493952  0.0689408
24.25  2.01062  1.15547  0.733168
24.25  2.04204  1.07004  0.898681
24.25  2.07345  1.14296  1.15496
24.25  2.10487  0.86014  0.640616
24.25  2.13628  0.796888  0.781431
24.25  2.1677  0.394625  0.260545
24.25  2.19911  0.060873  0.0921522
24.25  2.23053  1.21666  1.19157
24.25  2.26195  0.731816  0.443288
24.25  2.29336  0.391282  0.786432
24.25  2.32478  1.0517  0.7465
24.25  2.35619  0.219335  0.116431
24.25  2.38761  0.084305  0.0980338
24.25  2.41903  0.034007  0.0261202
24.25  2.45044  0.216968  0.207787
24.25  2.48186  0.162314  0.156755
24.25  2.51327  0.114139  0.106215
24.25  2.54469  0.190253  0.0961897
24.25  2.57611  0.0820445  0.0751399
24.25  2.60752  0.12647  0.0667841
24.25  2.63894  0.108375  0.10062
24.25  2.67035  0.142249  0.127643
24.25  2.70177  0.0392351  0.0687757
24.25  2.73319  0.18372  0.107476
24.25  2.7646  0.127594  0.125783
24.25  2.79602  0.211327  0.163156
24.25  2.82743  0.23829  0.138749
24.25  2.85885  0.139929  0.115309
24.25  2.89027  0.0109531  0.0868614
24.25  2.92168  0.01903  0.139639
24.25  2.9531  0  0
24.25  2.98451  0  0
24.25  3.01593  0  0
24.25  3.04734  0  0
24.25  3.07876  0  0
24.25  3.11018  0  0
24.375  0  0  0
24.375  0.0314159  0  0
24.375  0.0628319  0  0
24.375  0.0942478  0  0
24.375  0.125664  0  0
24.375  0.15708  0  0
24.375  0.188496  0.0368379  0.270311
24.375  0.219911  0.346606  0.293706
24.375  0.251327  0  0
24.375  0.282743  0.138051  0.0924622
24.375  0.314159  0.148114  0.147842
24.375  0.345575  0.140641  0.0985735
24.375  0.376991  0.230699  0.198751
24.375  0.408407  0.052945  0.0972858
24.375  0.439823  0.102193  0.104161
24.375  0.471239  0.0912754  0.080669
24.375  0.502655  0.085833  0.0779946
24.375  0.534071  0.152967  0.125656
24.375  0.565487  0.0598878  0.0734078
24.375  0.596903  0.106515  0.120472
24.375  0.628319  0.14228  0.124193
24.375  0.659734  0.0966925  0.076913
24.375  0.69115  0.0379005  0.0323614
24.375  0.722566  0.0681999  0.130501
24.375  0.753982  0.0803439  0.082354
24.375  0.785398  0.220747  0.1139
24.375  0.816814  0.0535226  0.0830527
24.375  0.84823  0.0465401  0.058694
24.375  0.879646  1.05625  0.903649
24.375  0.911062  0.912394  0.886336
24.375  0.942478  1.65685  1.2014
24.375  0.973894  2.08452  1.6437
24.375  1.00531  1.10567  0.552886
24.375  1.03673  0.82602  0.863453
24.375  1.06814  1.23842  1.21731
24.375  1.09956  1.53489  1.53274
24.375  1.13097  0.0968433  0.0969559
24.375  1.16239  1.01738  1.178
24.375  1.19381  1.22914  0.878284
24.375  1.22522  0.0697354  0.101359
24.375  1.25664  0.0603345  0.102719
24.375  1.28805  0.452998  0.309863
24.375  1.31947  1.96125  1.77665
24.375  1.35088  0.101029  0.101674
24.375  1.3823  1.72422  1.60119
24.375  1.41372  0.488303  0.331495
24.375  1.44513  1.1125  0.801668
24.375  1.47655  0.701264  1.39708
24.375  1.50796  2.146  1.74522
24.375  1.53938  1.71576  1.58232
24.375  1.5708  0.0618659  0.109385
24.375  1.60221  1.75451  0.991563
24.375  1.63363  0.820559  0.575239
24.375  1.66504  1.83463  0.947352
24.375  1.69646  1.14948  0.810869
24.375  1.72788  0.0708167  0.146005
24.375  1.75929  1.53929  1.53928
24.375  1.79071  1.06806  0.585948
24.375  1.82212  1.71519  1.22103
24.375  1.85354  0.0714086  0.212187
24.375  1.88496  0.886923  0.729369
24.375  1.91637  0.060603  0.107658
24.375  1.94779  1.2922  1.03009
24.375  1.9792  0.0544455  0.100508
24.375  2.01062  0.129844  0.529131
24.375  2.04204  0.826065  0.44265
24.375  2.07345  0.906207  0.647107
24.375  2.10487  0.964048  0.698471
24.375  2.13628  1.40311  0.701985
24.375  2.1677  0.982864  0.849335
24.375  2.19911  0.935536  0.753266
24.375  2.23053  1.69351  1.48046
24.375  2.26195  0.119795  0.0665079
24.375  2.29336  0.0855849  0.190049
24.375  2.32478  0.0634548  0.1026
24.375  2.35619  0.130764  0.15125
24.375  2.38761  1.49045  1.488
24.375  2.41903  0.0690643  0.0922134
24.375  2.45044  0.0842682  0.06191
24.375  2.48186  0.640003  0.638129
24.375  2.51327  0.123793  0.0619006
24.375  2.54469  0.133995  0.102461
24.375  2.57611  0.0495954  0.102732
24.375  2.60752  0.119618  0.119611
24.375  2.63894  0.138467  0.12883
24.375  2.67035  0.15292  0.108889
24.375  2.70177  0.231607  0.131205
24.375  2.73319  0.140571  0.13018
24.375  2.7646  0.255199  0.24109
24.375  2.79602  0.297497  0.269066
24.375  2.82743  0.187471  0.100478
24.375  2.85885  0.258759  1.70226
24.375  2.89027  0.219444  0.110027
24.375  2.92168  0  0
24.375  2.9531  0  0
24.375  2.98451  0  0
24.375  3.01593  0  0
24.375  3.04734  0  0
24.375  3.07876  0  0
24.375  3.11018  0  0
24.5  0  0  0
24.5  0.0314159  0  0
24.5  0.0628319  0  0
24.5  0.0942478  0  0
24.5  0.125664  0  0
24.5  0.15708  0  0
24.5  0.188496  0.00436468  0.0320274
24.5  0.219911  0.192762  0.112157
24.5  0.251327  0.1088  0.108186
24.5  0.282743  0.0235693  0.172948
24.5  0.314159  0.166405  0.148582
24.5  0.345575  0.189816  0.127066
24.5  0.376991  0.0964726  0.0487753
24.5  0.408407  0.165785  0.149771
24.5  0.439823  0.186574  0.129597
24.5  0.471239  0.187463  0.0943388
24.5  0.502655  0.0976351  0.0571636
24.5  0.534071  0.169361  0.0971586
24.5  0.565487  0.21503  0.16562
24.5  0.596903  0.0515495  0.097753
24.5  0.628319  0.247994  0.323182
24.5  0.659734  0.028283  0.0303731
24.5  0.69115  0.05294  0.0896399
24.5  0.722566  0.531588  0.40109
24.5  0.753982  0.0565691  0.0654171
24.5  0.785398  0.482128  0.390778
24.5  0.816814  0.491631  0.336553
24.5  0.84823  0.155035  0.107244
24.5  0.879646  0.0589953  0.107074
24.5  0.911062  1.15334  0.841121
24.5  0.942478  1.65518  1.00798
24.5  0.973894  1.22347  0.759234
24.5  1.00531  1.39988  0.764367
24.5  1.03673  1.43613  1.7343
24.5  1.06814  1.32774  1.27313
24.5  1.09956  0.0553358  0.059623
24.5  1.13097  0.0542316  0.0958265
24.5  1.16239  0.694639  0.40111
24.5  1.19381  1.12954  0.772913
24.5  1.22522  0.896123  0.883492
24.5  1.25664  2.22321  1.56137
24.5  1.28805  1.61477  1.25737
24.5  1.31947  1.39114  0.938544
24.5  1.35088  1.70222  1.70016
24.5  1.3823  0.0526686  0.081356
24.5  1.41372  0.5976  0.524809
24.5  1.44513  1.60906  0.807718
24.5  1.47655  1.69163  1.3001
24.5  1.50796  0.973569  0.668681
24.5  1.53938  1.23915  1.02191
24.5  1.5708  1.3391  0.904631
24.5  1.60221  1.89879  1.8008
24.5  1.63363  0.796045  0.939634
24.5  1.66504  0.138592  0.309664
24.5  1.69646  1.2587  1.10543
24.5  1.72788  0.310513  0.607167
24.5  1.75929  0.983837  0.812765
24.5  1.79071  1.02751  0.921059
24.5  1.82212  0.394523  0.491773
24.5  1.85354  1.49414  1.36409
24.5  1.88496  1.58007  1.49726
24.5  1.91637  0.420964  0.402715
24.5  1.94779  1.52136  0.967968
24.5  1.9792  0.0466196  0.0872554
24.5  2.01062  0.241624  0.265132
24.5  2.04204  1.05851  0.790445
24.5  2.07345  0.265174  0.136477
24.5  2.10487  0.620006  0.352792
24.5  2.13628  1.28337  1.28134
24.5  2.1677  0.390833  0.24343
24.5  2.19911  1.1638  0.677511
24.5  2.23053  0.321742  0.255828
24.5  2.26195  0.029686  0.023609
24.5  2.29336  0.0447576  0.0517774
24.5  2.32478  0.0673006  0.105593
24.5  2.35619  0.264347  0.241247
24.5  2.38761  1.43849  1.35957
24.5  2.41903  0.0752232  0.0770342
24.5  2.45044  0.168466  0.12284
24.5  2.48186  1.20903  1.14501
24.5  2.51327  0.151261  0.0965362
24.5  2.54469  0.14906  0.14232
24.5  2.57611  0.129607  0.108754
24.5  2.60752  0.0650726  0.0904076
24.5  2.63894  0.113961  0.0958052
24.5  2.67035  0.229313  0.123236
24.5  2.70177  0.253749  0.202471
24.5  2.73319  0.211934  0.106987
24.5  2.7646  0.126578  0.0997946
24.5  2.79602  0.0750161  0.0469985
24.5  2.82743  0.151025  0.085548
24.5  2.85885  0.0385838  0.283122
24.5  2.89027  0.00471385  0.0345896
24.5  2.92168  0.270382  0.24635
24.5  2.9531  0  0
24.5  2.98451  0  0
24.5  3.01593  0  0
24.5  3.04734  0  0
24.5  3.07876  0  0
24.5  3.11018  0  0
24.625  0  0  0
24.625  0.0314159  0  0
24.625  0.0628319  0  0
24.625  0.0942478  0  0
24.625  0.125664  0  0
24.625  0.15708  0  0
24.625  0.188496  0.0226963  0.166542
24.625  0.219911  0.0200775  0.147326
24.625  0.251327  0.00226963  0.0166542
24.625  0.282743  0.261817  0.14843
24.625  0.314159  0.210344  0.120542
24.625  0.345575  0.138601  0.12482
24.625  0.376991  0.15133  0.0798221
24.625  0.408407  0.169654  0.0915228
24.625  0.439823  0.17064  0.0996622
24.625  0.471239  0.162215  0.0846458
24.625  0.502655  0.159822  0.115488
24.625  0.534071  0.071888  0.11812
24.625  0.565487  0.0743752  0.0804325
24.625  0.596903  0.138228  0.11992
24.625  0.628319  0.072407  0.0890282
24.625  0.659734  0.07689  0.0878676
24.625  0.69115  0.0509624  0.0910574
24.625  0.722566  0.113084  0.100074
24.625  0.753982  1.37515  1.17414
24.625  0.785398  0.435017  0.478282
24.625  0.816814  0.537548  0.626522
24.625  0.84823  0.352671  0.327583
24.625  0.879646  0.073601  0.0837087
24.625  0.911062  0.105519  0.134187
24.625  0.942478  0.130249  0.0744794
24.625  0.973894  0.049585  0.0700871
24.625  1.00531  0.525127  0.440784
24.625  1.03673  0.0827647  0.170769
24.625  1.06814  0.356119  0.260674
24.625  1.09956  1.31513  1.20611
24.625  1.13097  0.0597328  0.114092
24.625  1.16239  1.01203  1.07492
24.625  1.19381  0.863979  0.731318
24.625  1.22522  1.39204  1.24903
24.625  1.25664  0.0588481  0.10822
24.625  1.28805  0.185101  1.31737
24.625  1.31947  2.12382  1.39415
24.625  1.35088  1.53486  0.847824
24.625  1.3823  2.15392  1.32969
24.625  1.41372  1.52019  1.15743
24.625  1.44513  0.0587113  0.105726
24.625  1.47655  1.35053  1.11601
24.625  1.50796  1.83511  1.77354
24.625  1.53938  0.156391  0.13849
24.625  1.5708  0.837908  0.730423
24.625  1.60221  0.795437  0.695647
24.625  1.63363  1.57433  1.11963
24.625  1.66504  1.44967  0.728122
24.625  1.69646  0.860769  0.506574
24.625  1.72788  1.36947  0.952055
24.625  1.75929  1.30806  1.06891
24.625  1.79071  1.42832  1.41414
24.625  1.82212  1.51449  1.39098
24.625  1.85354  0.122803  0.0637166
24.625  1.88496  0.841014  0.840043
24.625  1.91637  2.00154  1.58125
24.625  1.94779  1.43032  0.751105
24.625  1.9792  0.112571  0.09749
24.625  2.01062  1.47819  1.45575
24.625  2.04204  2.37129  1.94017
24.625  2.07345  0.830249  0.432779
24.625  2.10487  0.718739  0.679377
24.625  2.13628  0.072638  0.110777
24.625  2.1677  0.831655  0.822052
24.625  2.19911  0.0482547  0.0856763
24.625  2.23053  1.55409  1.1908
24.625  2.26195  0.752207  0.381032
24.625  2.29336  0.497469  0.30079
24.625  2.32478  0.08617  0.0917014
24.625  2.35619  0.063247  0.105116
24.625  2.38761  0.112544  0.997163
24.625  2.41903  1.62708  1.60683
24.625  2.45044  0.14496  0.12528
24.625  2.48186  0.180146  0.179571
24.625  2.51327  0.047796  0.0700789
24.625  2.54469  0.140479  0.094896
24.625  2.57611  0.169393  0.146417
24.625  2.60752  0.113425  0.10428
24.625  2.63894  0.0555868  0.0723955
24.625  2.67035  0.048555  0.0731705
24.625  2.70177  0.148395  0.117234
24.625  2.73319  0.0180713  0.0459028
24.625  2.7646  0.0976525  0.0524816
24.625  2.79602  0.135267  0.105003
24.625  2.82743  0.0172841  0.126828
24.625  2.85885  0.219756  0.155553
24.625  2.89027  0.0204267  0.149888
24.625  2.92168  0.258759  1.70226
24.625  2.9531  0  0
24.625  2.98451  0  0
24.625  3.01593  0  0
24.625  3.04734  0  0
24.625  3.07876  0  0
24.625  3.11018  0  0
24.75  0  0  0
24.75  0.0314159  0  0
24.75  0.0628319  0  0
24.75  0.0942478  0  0
24.75  0.125664  0  0
24.75  0.15708  0  0
24.75  0.188496  0  0
24.75  0.219911  0.0445562  0.168029
24.75  0.251327  0.0581834  0.094755
24.75  0.282743  0.130331  0.130341
24.75  0.314159  0.0987169  0.0851063
24.75  0.345575  0.16634  0.101639
24.75  0.376991  0.159562  0.136954
24.75  0.408407  0.187885  0.187754
24.75  0.439823  0.0923624  0.0551772
24.75  0.471239  0.118269  0.0713631
24.75  0.502655  0.110371  0.13804
24.75  0.534071  0.156591  0.0850737
24.75  0.565487  0.049228  0.0525645
24.75  0.596903  0.126421  0.0740129
24.75  0.628319  0.0793378  0.0959786
24.75  0.659734  0.0809761  0.217546
24.75  0.69115  0.927513  0.474798
24.75  0.722566  0.377635  0.246912
24.75  0.753982  0.570461  0.673235
24.75  0.785398  0.788035  0.403358
24.75  0.816814  0.127775  0.12541
24.75  0.84823  1.11261  0.556455
24.75  0.879646  0.875004  0.771593
24.75  0.911062  1.61544  1.59889
24.75  0.942478  0.414916  0.448621
24.75  0.973894  0.0722458  0.0847795
24.75  1.00531  1.84542  0.975139
24.75  1.03673  0.99845  0.623492
24.75  1.06814  1.32878  0.668107
24.75  1.09956  1.39311  1.38628
24.75  1.13097  0.895494  0.895456
24.75  1.16239  0.0597268  0.119036
24.75  1.19381  0.0447661  0.0656562
24.75  1.22522  1.51272  1.40772
24.75  1.25664  0.0636248  0.0781288
24.75  1.28805  0.821501  0.50306
24.75  1.31947  0.582291  0.491933
24.75  1.35088  1.91247  1.12156
24.75  1.3823  1.81105  1.68954
24.75  1.41372  1.02067  0.514076
24.75  1.44513  1.45887  0.892452
24.75  1.47655  1.53879  1.16415
24.75  1.50796  1.45356  1.45182
24.75  1.53938  1.36636  1.36076
24.75  1.5708  0.280257  0.166374
24.75  1.60221  0.872299  0.854507
24.75  1.63363  0.637943  0.508473
24.75  1.66504  1.81898  0.914657
24.75  1.69646  2.13197  1.21733
24.75  1.72788  0.12497  0.0813795
24.75  1.75929  2.08904  2.30603
24.75  1.79071  1.70877  1.69417
24.75  1.82212  0.0669862  0.072917
24.75  1.85354  0.373675  0.273078
24.75  1.88496  0.987596  0.538163
24.75  1.91637  1.01008  1.01549
24.75  1.94779  1.16548  1.16282
24.75  1.9792  1.46357  1.29964
24.75  2.01062  0.972245  0.70021
24.75  2.04204  0.134177  0.158815
24.75  2.07345  1.12837  0.81777
24.75  2.10487  0.812655  0.648913
24.75  2.13628  1.24802  0.893501
24.75  2.1677  0.0888444  0.0844569
24.75  2.19911  0.155209  0.102297
24.75  2.23053  0.0439074  0.0845558
24.75  2.26195  0.0631966  0.0939481
24.75  2.29336  0.584491  0.445679
24.75  2.32478  0.0987635  0.0847089
24.75  2.35619  0.698419  0.533664
24.75  2.38761  0.0865433  0.0900248
24.75  2.41903  1.1448  1.06041
24.75  2.45044  0.45817  0.462618
24.75  2.48186  0.0833526  0.0808533
24.75  2.51327  0.0714897  0.0930617
24.75  2.54469  0.173274  0.125395
24.75  2.57611  0.110597  0.0952731
24.75  2.60752  0.0571507  0.0916714
24.75  2.63894  0.143813  0.0735315
24.75  2.67035  0.02143  0.0258488
24.75  2.70177  0.194592  0.0973089
24.75  2.73319  0.151793  0.131377
24.75  2.7646  0.229781  0.136104
24.75  2.79602  0.124398  0.104458
24.75  2.82743  0.259956  0.151523
24.75  2.85885  0.219591  0.111297
24.75  2.89027  0.0486186  0.152474
24.75  2.92168  0.245435  2.36114
24.75  2.9531  0  0
24.75  2.98451  0  0
24.75  3.01593  0  0
24.75  3.04734  0  0
24.75  3.07876  0  0
24.75  3.11018  0  0
24.875  0  0  0
24.875  0.0314159  0  0
24.875  0.0628319  0  0
24.875  0.0942478  0  0
24.875  0.125664  0  0
24.875  0.15708  0  0
24.875  0.188496  0.258759  1.70226
24.875  0.219911  0.209417  0.119602
24.875  0.251327  0.223215  0.217178
24.875  0.282743  0.22523  0.216274
24.875  0.314159  0.176399  0.125561
24.875  0.345575  0.0750461  0.104524
24.875  0.376991  0.150161  0.0988323
24.875  0.408407  0.216637  0.131192
24.875  0.439823  0.0834962  0.13158
24.875  0.471239  0.185375  0.175998
24.875  0.502655  0.15589  0.152195
24.875  0.534071  0.139013  0.09341
24.875  0.565487  0.131272  1.7416
24.875  0.596903  0.235828  0.215894
24.875  0.628319  0.0430493  0.0696287
24.875  0.659734  0.147504  0.0828656
24.875  0.69115  0.0753723  0.0756274
24.875  0.722566  0.0824711  0.0992331
24.875  0.753982  0.139064  0.0815065
24.875  0.785398  0.0707147  0.115391
24.875  0.816814  0.691046  0.488559
24.875  0.84823  1.03051  1.00017
24.875  0.879646  0.181137  0.103326
24.875  0.911062  0.0623381  0.0966305
24.875  0.942478  1.35125  0.778307
24.875  0.973894  0.0426732  0.0399535
24.875  1.00531  1.41584  1.05002
24.875  1.03673  0.434874  0.373669
24.875  1.06814  0.087742  0.0905744
24.875  1.09956  0.0469249  0.0863587
24.875  1.13097  0.0593529  0.115207
24.875  1.16239  1.13723  0.817184
24.875  1.19381  0.711989  0.857593
24.875  1.22522  1.26975  1.25676
24.875  1.25664  0.048401  0.0527592
24.875  1.28805  1.35773  1.34518
24.875  1.31947  1.98863  1.44991
24.875  1.35088  1.00714  0.551217
24.875  1.3823  1.21922  0.623166
24.875  1.41372  1.34498  1.06347
24.875  1.44513  1.7184  0.96301
24.875  1.47655  0.940041  0.817921
24.875  1.50796  2.26642  2.2351
24.875  1.53938  0.0546841  0.087944
24.875  1.5708  2.04493  1.46089
24.875  1.60221  0.985454  0.561546
24.875  1.63363  0.0628313  0.142141
24.875  1.66504  1.05013  0.934234
24.875  1.69646  0.967156  0.961919
24.875  1.72788  0.224834  0.119223
24.875  1.75929  0.869848  0.730513
24.875  1.79071  1.08768  0.940347
24.875  1.82212  0.950202  0.938119
24.875  1.85354  0.31193  0.194819
24.875  1.88496  1.32299  1.10545
24.875  1.91637  0.967865  0.792395
24.875  1.94779  0.663324  0.449047
24.875  1.9792  1.40021  1.04406
24.875  2.01062  0.15286  0.141263
24.875  2.04204  0.52206  0.43044
24.875  2.07345  0.262239  0.377763
24.875  2.10487  0.620553  0.625717
24.875  2.13628  0.756238  0.649592
24.875  2.1677  0.422448  0.24677
24.875  2.19911  0.0377946  0.0279543
24.875  2.23053  0.581807  0.460463
24.875  2.26195  0.0748143  0.125849
24.875  2.29336  0.808166  0.772278
24.875  2.32478  0.042244  0.0396732
24.875  2.35619  0.0800816  0.0717586
24.875  2.38761  0.137995  0.103833
24.875  2.41903  0.0755075  0.262413
24.875  2.45044  1.2908  0.927931
24.875  2.48186  0.0641224  0.100098
24.875  2.51327  0.153766  0.139569
24.875  2.54469  0.0543466  0.0826283
24.875  2.57611  0.0868727  0.101775
24.875  2.60752  0.120245  0.116062
24.875  2.63894  0.142213  0.129098
24.875  2.67035  0.177434  0.166235
24.875  2.70177  0.0731676  0.0911441
24.875  2.73319  0.139425  0.126304
24.875  2.7646  0.0216277  0.0338184
24.875  2.79602  0.187479  0.152172
24.875  2.82743  0.130676  0.0895146
24.875  2.85885  0.211701  0.127534
24.875  2.89027  0.258123  1.7505
24.875  2.92168  0.0113482  0.0832712
24.875  2.9531  0.258759  1.70226
24.875  2.98451  0  0
24.875  3.01593  0  0
24.875  3.04734  0  0
24.875  3.07876  0  0
24.875  3.11018  0  0
