2  0  0  0
2  0.0314159  0  0
2  0.0628319  0  0
2  0.0942478  0  0
2  0.125664  0  0
2  0.15708  0  0
2  0.188496  0  0
2  0.219911  0  0
2  0.251327  0  0
2  0.282743  0  0
2  0.314159  0  0
2  0.345575  0  0
2  0.376991  0  0
2  0.408407  0  0
2  0.439823  0  0
2  0.471239  0  0
2  0.502655  0  0
2  0.534071  0  0
2  0.565487  0  0
2  0.596903  0  0
2  0.628319  0  0
2  0.659734  0  0
2  0.69115  0  0
2  0.722566  0  0
2  0.753982  0  0
2  0.785398  0  0
2  0.816814  0  0
2  0.84823  0  0
2  0.879646  0  0
2  0.911062  0  0
2  0.942478  0  0
2  0.973894  0  0
2  1.00531  0  0
2  1.03673  0  0
2  1.06814  0  0
2  1.09956  0  0
2  1.13097  0  0
2  1.16239  0  0
2  1.19381  0  0
2  1.22522  0  0
2  1.25664  0  0
2  1.28805  0  0
2  1.31947  0  0
2  1.35088  0  0
2  1.3823  0  0
2  1.41372  0  0
2  1.44513  0  0
2  1.47655  0  0
2  1.50796  0  0
2  1.53938  0  0
2  1.5708  0  0
2  1.60221  0  0
2  1.63363  0  0
2  1.66504  0  0
2  1.69646  0  0
2  1.72788  0  0
2  1.75929  0  0
2  1.79071  0  0
2  1.82212  0  0
2  1.85354  0  0
2  1.88496  0  0
2  1.91637  0  0
2  1.94779  0  0
2  1.9792  0  0
2  2.01062  0  0
2  2.04204  0  0
2  2.07345  0  0
2  2.10487  0  0
2  2.13628  0  0
2  2.1677  0  0
2  2.19911  0  0
2  2.23053  0  0
2  2.26195  0  0
2  2.29336  0  0
2  2.32478  0  0
2  2.35619  0  0
2  2.38761  0  0
2  2.41903  0  0
2  2.45044  0  0
2  2.48186  0  0
2  2.51327  0  0
2  2.54469  0  0
2  2.57611  0  0
2  2.60752  0  0
2  2.63894  0  0
2  2.67035  0  0
2  2.70177  0  0
2  2.73319  0  0
2  2.7646  0  0
2  2.79602  0  0
2  2.82743  0  0
2  2.85885  0  0
2  2.89027  0  0
2  2.92168  0  0
2  2.9531  0  0
2  2.98451  0  0
2  3.01593  0  0
2  3.04734  0  0
2  3.07876  0  0
2  3.11018  0  0
2.125  0  0  0
2.125  0.0314159  0  0
2.125  0.0628319  0  0
2.125  0.0942478  0  0
2.125  0.125664  0  0
2.125  0.15708  0  0
2.125  0.188496  0  0
2.125  0.219911  0  0
2.125  0.251327  0  0
2.125  0.282743  0  0
2.125  0.314159  0  0
2.125  0.345575  0  0
2.125  0.376991  0  0
2.125  0.408407  0  0
2.125  0.439823  0  0
2.125  0.471239  0  0
2.125  0.502655  0  0
2.125  0.534071  0  0
2.125  0.565487  0  0
2.125  0.596903  0  0
2.125  0.628319  0  0
2.125  0.659734  0  0
2.125  0.69115  0  0
2.125  0.722566  0  0
2.125  0.753982  0  0
2.125  0.785398  0  0
2.125  0.816814  0  0
2.125  0.84823  0  0
2.125  0.879646  0  0
2.125  0.911062  0  0
2.125  0.942478  0  0
2.125  0.973894  0  0
2.125  1.00531  0  0
2.125  1.03673  0  0
2.125  1.06814  0  0
2.125  1.09956  0  0
2.125  1.13097  0  0
2.125  1.16239  0  0
2.125  1.19381  0  0
2.125  1.22522  0  0
2.125  1.25664  0  0
2.125  1.28805  0  0
2.125  1.31947  0  0
2.125  1.35088  0  0
2.125  1.3823  0  0
2.125  1.41372  0  0
2.125  1.44513  0  0
2.125  1.47655  0  0
2.125  1.50796  0  0
2.125  1.53938  0  0
2.125  1.5708  0  0
2.125  1.60221  0  0
2.125  1.63363  0  0
2.125  1.66504  0  0
2.125  1.69646  0  0
2.125  1.72788  0  0
2.125  1.75929  0  0
2.125  1.79071  0  0
2.125  1.82212  0  0
2.125  1.85354  0  0
2.125  1.88496  0  0
2.125  1.91637  0  0
2.125  1.94779  0  0
2.125  1.9792  0  0
2.125  2.01062  0  0
2.125  2.04204  0  0
2.125  2.07345  0  0
2.125  2.10487  0  0
2.125  2.13628  0  0
2.125  2.1677  0  0
2.125  2.19911  0  0
2.125  2.23053  0  0
2.125  2.26195  0  0
2.125  2.29336  0  0
2.125  2.32478  0  0
2.125  2.35619  0  0
2.125  2.38761  0  0
2.125  2.41903  0  0
2.125  2.45044  0  0
2.125  2.48186  0  0
2.125  2.51327  0  0
2.125  2.54469  0  0
2.125  2.57611  0  0
2.125  2.60752  0  0
2.125  2.63894  0  0
2.125  2.67035  0  0
2.125  2.70177  0  0
2.125  2.73319  0  0
2.125  2.7646  0  0
2.125  2.79602  0  0
2.125  2.82743  0  0
2.125  2.85885  0  0
2.125  2.89027  0  0
2.125  2.92168  0  0
2.125  2.9531  0  0
2.125  2.98451  0  0
2.125  3.01593  0  0
2.125  3.04734  0  0
2.125  3.07876  0  0
2.125  3.11018  0  0
2.25  0  0  0
2.25  0.0314159  0  0
2.25  0.0628319  0  0
2.25  0.0942478  0  0
2.25  0.125664  0  0
2.25  0.15708  0  0
2.25  0.188496  0  0
2.25  0.219911  0  0
2.25  0.251327  0  0
2.25  0.282743  0  0
2.25  0.314159  0  0
2.25  0.345575  0  0
2.25  0.376991  0  0
2.25  0.408407  0  0
2.25  0.439823  0  0
2.25  0.471239  0  0
2.25  0.502655  0  0
2.25  0.534071  0  0
2.25  0.565487  0  0
2.25  0.596903  0  0
2.25  0.628319  0  0
2.25  0.659734  0  0
2.25  0.69115  0  0
2.25  0.722566  0  0
2.25  0.753982  0  0
2.25  0.785398  0  0
2.25  0.816814  0  0
2.25  0.84823  0  0
2.25  0.879646  0  0
2.25  0.911062  0  0
2.25  0.942478  0  0
2.25  0.973894  0  0
2.25  1.00531  0  0
2.25  1.03673  0  0
2.25  1.06814  0  0
2.25  1.09956  0  0
2.25  1.13097  0  0
2.25  1.16239  0  0
2.25  1.19381  0  0
2.25  1.22522  0  0
2.25  1.25664  0  0
2.25  1.28805  0  0
2.25  1.31947  0  0
2.25  1.35088  0  0
2.25  1.3823  0  0
2.25  1.41372  0  0
2.25  1.44513  0  0
2.25  1.47655  0  0
2.25  1.50796  0  0
2.25  1.53938  0  0
2.25  1.5708  0  0
2.25  1.60221  0  0
2.25  1.63363  0  0
2.25  1.66504  0  0
2.25  1.69646  0  0
2.25  1.72788  0  0
2.25  1.75929  0  0
2.25  1.79071  0  0
2.25  1.82212  0  0
2.25  1.85354  0  0
2.25  1.88496  0  0
2.25  1.91637  0  0
2.25  1.94779  0  0
2.25  1.9792  0  0
2.25  2.01062  0  0
2.25  2.04204  0  0
2.25  2.07345  0  0
2.25  2.10487  0  0
2.25  2.13628  0  0
2.25  2.1677  0  0
2.25  2.19911  0  0
2.25  2.23053  0  0
2.25  2.26195  0  0
2.25  2.29336  0  0
2.25  2.32478  0  0
2.25  2.35619  0  0
2.25  2.38761  0  0
2.25  2.41903  0  0
2.25  2.45044  0  0
2.25  2.48186  0  0
2.25  2.51327  0  0
2.25  2.54469  0  0
2.25  2.57611  0  0
2.25  2.60752  0  0
2.25  2.63894  0  0
2.25  2.67035  0  0
2.25  2.70177  0  0
2.25  2.73319  0  0
2.25  2.7646  0  0
2.25  2.79602  0  0
2.25  2.82743  0  0
2.25  2.85885  0  0
2.25  2.89027  0  0
2.25  2.92168  0  0
2.25  2.9531  0  0
2.25  2.98451  0  0
2.25  3.01593  0  0
2.25  3.04734  0  0
2.25  3.07876  0  0
2.25  3.11018  0  0
2.375  0  0  0
2.375  0.0314159  0  0
2.375  0.0628319  0  0
2.375  0.0942478  0  0
2.375  0.125664  0  0
2.375  0.15708  0  0
2.375  0.188496  0  0
2.375  0.219911  0  0
2.375  0.251327  0  0
2.375  0.282743  0  0
2.375  0.314159  0  0
2.375  0.345575  0  0
2.375  0.376991  0  0
2.375  0.408407  0  0
2.375  0.439823  0  0
2.375  0.471239  0  0
2.375  0.502655  0  0
2.375  0.534071  0  0
2.375  0.565487  0  0
2.375  0.596903  0  0
2.375  0.628319  0  0
2.375  0.659734  0  0
2.375  0.69115  0  0
2.375  0.722566  0  0
2.375  0.753982  0  0
2.375  0.785398  0  0
2.375  0.816814  0  0
2.375  0.84823  0  0
2.375  0.879646  0  0
2.375  0.911062  0  0
2.375  0.942478  0  0
2.375  0.973894  0  0
2.375  1.00531  0  0
2.375  1.03673  0  0
2.375  1.06814  0  0
2.375  1.09956  0  0
2.375  1.13097  0  0
2.375  1.16239  0  0
2.375  1.19381  0  0
2.375  1.22522  0  0
2.375  1.25664  0  0
2.375  1.28805  0  0
2.375  1.31947  0  0
2.375  1.35088  0  0
2.375  1.3823  0  0
2.375  1.41372  0  0
2.375  1.44513  0  0
2.375  1.47655  0  0
2.375  1.50796  0  0
2.375  1.53938  0  0
2.375  1.5708  0  0
2.375  1.60221  0  0
2.375  1.63363  0  0
2.375  1.66504  0  0
2.375  1.69646  0  0
2.375  1.72788  0  0
2.375  1.75929  0  0
2.375  1.79071  0  0
2.375  1.82212  0  0
2.375  1.85354  0  0
2.375  1.88496  0  0
2.375  1.91637  0  0
2.375  1.94779  0  0
2.375  1.9792  0  0
2.375  2.01062  0  0
2.375  2.04204  0  0
2.375  2.07345  0  0
2.375  2.10487  0  0
2.375  2.13628  0  0
2.375  2.1677  0  0
2.375  2.19911  0  0
2.375  2.23053  0  0
2.375  2.26195  0  0
2.375  2.29336  0  0
2.375  2.32478  0  0
2.375  2.35619  0  0
2.375  2.38761  0  0
2.375  2.41903  0  0
2.375  2.45044  0  0
2.375  2.48186  0  0
2.375  2.51327  0  0
2.375  2.54469  0  0
2.375  2.57611  0  0
2.375  2.60752  0  0
2.375  2.63894  0  0
2.375  2.67035  0  0
2.375  2.70177  0  0
2.375  2.73319  0  0
2.375  2.7646  0  0
2.375  2.79602  0  0
2.375  2.82743  0  0
2.375  2.85885  0  0
2.375  2.89027  0  0
2.375  2.92168  0  0
2.375  2.9531  0  0
2.375  2.98451  0  0
2.375  3.01593  0  0
2.375  3.04734  0  0
2.375  3.07876  0  0
2.375  3.11018  0  0
2.5  0  0  0
2.5  0.0314159  0  0
2.5  0.0628319  0  0
2.5  0.0942478  0  0
2.5  0.125664  0  0
2.5  0.15708  0  0
2.5  0.188496  0  0
2.5  0.219911  0  0
2.5  0.251327  0  0
2.5  0.282743  0  0
2.5  0.314159  0  0
2.5  0.345575  0  0
2.5  0.376991  0  0
2.5  0.408407  0  0
2.5  0.439823  0  0
2.5  0.471239  0  0
2.5  0.502655  0  0
2.5  0.534071  0  0
2.5  0.565487  0  0
2.5  0.596903  0  0
2.5  0.628319  0  0
2.5  0.659734  0  0
2.5  0.69115  0  0
2.5  0.722566  0  0
2.5  0.753982  0  0
2.5  0.785398  0  0
2.5  0.816814  0  0
2.5  0.84823  0  0
2.5  0.879646  0  0
2.5  0.911062  0  0
2.5  0.942478  0  0
2.5  0.973894  0  0
2.5  1.00531  0  0
2.5  1.03673  0  0
2.5  1.06814  0  0
2.5  1.09956  0  0
2.5  1.13097  0  0
2.5  1.16239  0  0
2.5  1.19381  0  0
2.5  1.22522  0  0
2.5  1.25664  0  0
2.5  1.28805  0  0
2.5  1.31947  0  0
2.5  1.35088  0  0
2.5  1.3823  0  0
2.5  1.41372  0  0
2.5  1.44513  0  0
2.5  1.47655  0  0
2.5  1.50796  0  0
2.5  1.53938  0  0
2.5  1.5708  0  0
2.5  1.60221  0  0
2.5  1.63363  0  0
2.5  1.66504  0  0
2.5  1.69646  0  0
2.5  1.72788  0  0
2.5  1.75929  0  0
2.5  1.79071  0  0
2.5  1.82212  0  0
2.5  1.85354  0  0
2.5  1.88496  0  0
2.5  1.91637  0  0
2.5  1.94779  0  0
2.5  1.9792  0  0
2.5  2.01062  0  0
2.5  2.04204  0  0
2.5  2.07345  0  0
2.5  2.10487  0  0
2.5  2.13628  0  0
2.5  2.1677  0  0
2.5  2.19911  0  0
2.5  2.23053  0  0
2.5  2.26195  0  0
2.5  2.29336  0  0
2.5  2.32478  0  0
2.5  2.35619  0  0
2.5  2.38761  0  0
2.5  2.41903  0  0
2.5  2.45044  0  0
2.5  2.48186  0  0
2.5  2.51327  0  0
2.5  2.54469  0  0
2.5  2.57611  0  0
2.5  2.60752  0  0
2.5  2.63894  0  0
2.5  2.67035  0  0
2.5  2.70177  0  0
2.5  2.73319  0  0
2.5  2.7646  0  0
2.5  2.79602  0  0
2.5  2.82743  0  0
2.5  2.85885  0  0
2.5  2.89027  0  0
2.5  2.92168  0  0
2.5  2.9531  0  0
2.5  2.98451  0  0
2.5  3.01593  0  0
2.5  3.04734  0  0
2.5  3.07876  0  0
2.5  3.11018  0  0
2.625  0  0  0
2.625  0.0314159  0  0
2.625  0.0628319  0  0
2.625  0.0942478  0  0
2.625  0.125664  0  0
2.625  0.15708  0  0
2.625  0.188496  0  0
2.625  0.219911  0  0
2.625  0.251327  0  0
2.625  0.282743  0  0
2.625  0.314159  0  0
2.625  0.345575  0  0
2.625  0.376991  0  0
2.625  0.408407  0  0
2.625  0.439823  0  0
2.625  0.471239  0  0
2.625  0.502655  0  0
2.625  0.534071  0  0
2.625  0.565487  0  0
2.625  0.596903  0  0
2.625  0.628319  0  0
2.625  0.659734  0  0
2.625  0.69115  0  0
2.625  0.722566  0  0
2.625  0.753982  0  0
2.625  0.785398  0  0
2.625  0.816814  0  0
2.625  0.84823  0  0
2.625  0.879646  0  0
2.625  0.911062  0  0
2.625  0.942478  0  0
2.625  0.973894  0  0
2.625  1.00531  0  0
2.625  1.03673  0  0
2.625  1.06814  0  0
2.625  1.09956  0  0
2.625  1.13097  0  0
2.625  1.16239  0  0
2.625  1.19381  0  0
2.625  1.22522  0  0
2.625  1.25664  0  0
2.625  1.28805  0  0
2.625  1.31947  0  0
2.625  1.35088  0  0
2.625  1.3823  0  0
2.625  1.41372  0  0
2.625  1.44513  0  0
2.625  1.47655  0  0
2.625  1.50796  0  0
2.625  1.53938  0  0
2.625  1.5708  0  0
2.625  1.60221  0  0
2.625  1.63363  0  0
2.625  1.66504  0  0
2.625  1.69646  0  0
2.625  1.72788  0  0
2.625  1.75929  0  0
2.625  1.79071  0  0
2.625  1.82212  0  0
2.625  1.85354  0  0
2.625  1.88496  0  0
2.625  1.91637  0  0
2.625  1.94779  0  0
2.625  1.9792  0  0
2.625  2.01062  0  0
2.625  2.04204  0  0
2.625  2.07345  0  0
2.625  2.10487  0  0
2.625  2.13628  0  0
2.625  2.1677  0  0
2.625  2.19911  0  0
2.625  2.23053  0  0
2.625  2.26195  0  0
2.625  2.29336  0  0
2.625  2.32478  0  0
2.625  2.35619  0  0
2.625  2.38761  0  0
2.625  2.41903  0  0
2.625  2.45044  0  0
2.625  2.48186  0  0
2.625  2.51327  0  0
2.625  2.54469  0  0
2.625  2.57611  0  0
2.625  2.60752  0  0
2.625  2.63894  0  0
2.625  2.67035  0  0
2.625  2.70177  0  0
2.625  2.73319  0  0
2.625  2.7646  0  0
2.625  2.79602  0  0
2.625  2.82743  0  0
2.625  2.85885  0  0
2.625  2.89027  0  0
2.625  2.92168  0  0
2.625  2.9531  0  0
2.625  2.98451  0  0
2.625  3.01593  0  0
2.625  3.04734  0  0
2.625  3.07876  0  0
2.625  3.11018  0  0
2.75  0  0  0
2.75  0.0314159  0  0
2.75  0.0628319  0  0
2.75  0.0942478  0  0
2.75  0.125664  0  0
2.75  0.15708  0  0
2.75  0.188496  0  0
2.75  0.219911  0  0
2.75  0.251327  0  0
2.75  0.282743  0  0
2.75  0.314159  0  0
2.75  0.345575  0  0
2.75  0.376991  0  0
2.75  0.408407  0  0
2.75  0.439823  0  0
2.75  0.471239  0  0
2.75  0.502655  0  0
2.75  0.534071  0  0
2.75  0.565487  0  0
2.75  0.596903  0  0
2.75  0.628319  0  0
2.75  0.659734  0  0
2.75  0.69115  0  0
2.75  0.722566  0  0
2.75  0.753982  0  0
2.75  0.785398  0  0
2.75  0.816814  0  0
2.75  0.84823  0  0
2.75  0.879646  0  0
2.75  0.911062  0  0
2.75  0.942478  0  0
2.75  0.973894  0  0
2.75  1.00531  0  0
2.75  1.03673  0  0
2.75  1.06814  0  0
2.75  1.09956  0  0
2.75  1.13097  0  0
2.75  1.16239  0  0
2.75  1.19381  0  0
2.75  1.22522  0  0
2.75  1.25664  0  0
2.75  1.28805  0  0
2.75  1.31947  0  0
2.75  1.35088  0  0
2.75  1.3823  0  0
2.75  1.41372  0  0
2.75  1.44513  0  0
2.75  1.47655  0  0
2.75  1.50796  0  0
2.75  1.53938  0  0
2.75  1.5708  0  0
2.75  1.60221  0  0
2.75  1.63363  0  0
2.75  1.66504  0  0
2.75  1.69646  0  0
2.75  1.72788  0  0
2.75  1.75929  0  0
2.75  1.79071  0  0
2.75  1.82212  0  0
2.75  1.85354  0  0
2.75  1.88496  0  0
2.75  1.91637  0  0
2.75  1.94779  0  0
2.75  1.9792  0  0
2.75  2.01062  0  0
2.75  2.04204  0  0
2.75  2.07345  0  0
2.75  2.10487  0  0
2.75  2.13628  0  0
2.75  2.1677  0  0
2.75  2.19911  0  0
2.75  2.23053  0  0
2.75  2.26195  0  0
2.75  2.29336  0  0
2.75  2.32478  0  0
2.75  2.35619  0  0
2.75  2.38761  0  0
2.75  2.41903  0  0
2.75  2.45044  0  0
2.75  2.48186  0  0
2.75  2.51327  0  0
2.75  2.54469  0  0
2.75  2.57611  0  0
2.75  2.60752  0  0
2.75  2.63894  0  0
2.75  2.67035  0  0
2.75  2.70177  0  0
2.75  2.73319  0  0
2.75  2.7646  0  0
2.75  2.79602  0  0
2.75  2.82743  0  0
2.75  2.85885  0  0
2.75  2.89027  0  0
2.75  2.92168  0  0
2.75  2.9531  0  0
2.75  2.98451  0  0
2.75  3.01593  0  0
2.75  3.04734  0  0
2.75  3.07876  0  0
2.75  3.11018  0  0
2.875  0  0  0
2.875  0.0314159  0  0
2.875  0.0628319  0  0
2.875  0.0942478  0  0
2.875  0.125664  0  0
2.875  0.15708  0  0
2.875  0.188496  0  0
2.875  0.219911  0  0
2.875  0.251327  0  0
2.875  0.282743  0  0
2.875  0.314159  0  0
2.875  0.345575  0  0
2.875  0.376991  0  0
2.875  0.408407  0  0
2.875  0.439823  0  0
2.875  0.471239  0  0
2.875  0.502655  0  0
2.875  0.534071  0  0
2.875  0.565487  0  0
2.875  0.596903  0  0
2.875  0.628319  0  0
2.875  0.659734  0  0
2.875  0.69115  0  0
2.875  0.722566  0  0
2.875  0.753982  0  0
2.875  0.785398  0  0
2.875  0.816814  0  0
2.875  0.84823  0  0
2.875  0.879646  0  0
2.875  0.911062  0  0
2.875  0.942478  0  0
2.875  0.973894  0  0
2.875  1.00531  0  0
2.875  1.03673  0  0
2.875  1.06814  0  0
2.875  1.09956  0  0
2.875  1.13097  0  0
2.875  1.16239  0  0
2.875  1.19381  0  0
2.875  1.22522  0  0
2.875  1.25664  0  0
2.875  1.28805  0  0
2.875  1.31947  0  0
2.875  1.35088  0  0
2.875  1.3823  0  0
2.875  1.41372  0  0
2.875  1.44513  0  0
2.875  1.47655  0  0
2.875  1.50796  0  0
2.875  1.53938  0  0
2.875  1.5708  0  0
2.875  1.60221  0  0
2.875  1.63363  0  0
2.875  1.66504  0  0
2.875  1.69646  0  0
2.875  1.72788  0  0
2.875  1.75929  0  0
2.875  1.79071  0  0
2.875  1.82212  0  0
2.875  1.85354  0  0
2.875  1.88496  0  0
2.875  1.91637  0  0
2.875  1.94779  0  0
2.875  1.9792  0  0
2.875  2.01062  0  0
2.875  2.04204  0  0
2.875  2.07345  0  0
2.875  2.10487  0  0
2.875  2.13628  0  0
2.875  2.1677  0  0
2.875  2.19911  0  0
2.875  2.23053  0  0
2.875  2.26195  0  0
2.875  2.29336  0  0
2.875  2.32478  0  0
2.875  2.35619  0  0
2.875  2.38761  0  0
2.875  2.41903  0  0
2.875  2.45044  0  0
2.875  2.48186  0  0
2.875  2.51327  0  0
2.875  2.54469  0  0
2.875  2.57611  0  0
2.875  2.60752  0  0
2.875  2.63894  0  0
2.875  2.67035  0  0
2.875  2.70177  0  0
2.875  2.73319  0  0
2.875  2.7646  0  0
2.875  2.79602  0  0
2.875  2.82743  0  0
2.875  2.85885  0  0
2.875  2.89027  0  0
2.875  2.92168  0  0
2.875  2.9531  0  0
2.875  2.98451  0  0
2.875  3.01593  0  0
2.875  3.04734  0  0
2.875  3.07876  0  0
2.875  3.11018  0  0
3  0  0  0
3  0.0314159  0  0
3  0.0628319  0  0
3  0.0942478  0  0
3  0.125664  0  0
3  0.15708  0  0
3  0.188496  0  0
3  0.219911  0  0
3  0.251327  0  0
3  0.282743  0  0
3  0.314159  0  0
3  0.345575  0  0
3  0.376991  0  0
3  0.408407  0  0
3  0.439823  0  0
3  0.471239  0  0
3  0.502655  0  0
3  0.534071  0  0
3  0.565487  0  0
3  0.596903  0  0
3  0.628319  0  0
3  0.659734  0  0
3  0.69115  0  0
3  0.722566  0  0
3  0.753982  0  0
3  0.785398  0  0
3  0.816814  0  0
3  0.84823  0  0
3  0.879646  0  0
3  0.911062  0  0
3  0.942478  0  0
3  0.973894  0  0
3  1.00531  0  0
3  1.03673  0  0
3  1.06814  0  0
3  1.09956  0  0
3  1.13097  0  0
3  1.16239  0  0
3  1.19381  0  0
3  1.22522  0  0
3  1.25664  0  0
3  1.28805  0  0
3  1.31947  0  0
3  1.35088  0  0
3  1.3823  0  0
3  1.41372  0  0
3  1.44513  0  0
3  1.47655  0  0
3  1.50796  0  0
3  1.53938  0  0
3  1.5708  0  0
3  1.60221  0  0
3  1.63363  0  0
3  1.66504  0  0
3  1.69646  0  0
3  1.72788  0  0
3  1.75929  0  0
3  1.79071  0  0
3  1.82212  0  0
3  1.85354  0  0
3  1.88496  0  0
3  1.91637  0  0
3  1.94779  0  0
3  1.9792  0  0
3  2.01062  0  0
3  2.04204  0  0
3  2.07345  0  0
3  2.10487  0  0
3  2.13628  0  0
3  2.1677  0  0
3  2.19911  0  0
3  2.23053  0  0
3  2.26195  0  0
3  2.29336  0  0
3  2.32478  0  0
3  2.35619  0  0
3  2.38761  0  0
3  2.41903  0  0
3  2.45044  0  0
3  2.48186  0  0
3  2.51327  0  0
3  2.54469  0  0
3  2.57611  0  0
3  2.60752  0  0
3  2.63894  0  0
3  2.67035  0  0
3  2.70177  0  0
3  2.73319  0  0
3  2.7646  0  0
3  2.79602  0  0
3  2.82743  0  0
3  2.85885  0  0
3  2.89027  0  0
3  2.92168  0  0
3  2.9531  0  0
3  2.98451  0  0
3  3.01593  0  0
3  3.04734  0  0
3  3.07876  0  0
3  3.11018  0  0
3.125  0  0  0
3.125  0.0314159  0  0
3.125  0.0628319  0  0
3.125  0.0942478  0  0
3.125  0.125664  0  0
3.125  0.15708  0  0
3.125  0.188496  0  0
3.125  0.219911  0  0
3.125  0.251327  0  0
3.125  0.282743  0  0
3.125  0.314159  0  0
3.125  0.345575  0  0
3.125  0.376991  0  0
3.125  0.408407  0  0
3.125  0.439823  0  0
3.125  0.471239  0  0
3.125  0.502655  0  0
3.125  0.534071  0  0
3.125  0.565487  0  0
3.125  0.596903  0  0
3.125  0.628319  0  0
3.125  0.659734  0  0
3.125  0.69115  0  0
3.125  0.722566  0  0
3.125  0.753982  0  0
3.125  0.785398  0  0
3.125  0.816814  0  0
3.125  0.84823  0  0
3.125  0.879646  0  0
3.125  0.911062  0  0
3.125  0.942478  0  0
3.125  0.973894  0  0
3.125  1.00531  0  0
3.125  1.03673  0  0
3.125  1.06814  0  0
3.125  1.09956  0  0
3.125  1.13097  0  0
3.125  1.16239  0  0
3.125  1.19381  0  0
3.125  1.22522  0  0
3.125  1.25664  0  0
3.125  1.28805  0  0
3.125  1.31947  0  0
3.125  1.35088  0  0
3.125  1.3823  0  0
3.125  1.41372  0  0
3.125  1.44513  0  0
3.125  1.47655  0  0
3.125  1.50796  0  0
3.125  1.53938  0  0
3.125  1.5708  0  0
3.125  1.60221  0  0
3.125  1.63363  0  0
3.125  1.66504  0  0
3.125  1.69646  0  0
3.125  1.72788  0  0
3.125  1.75929  0  0
3.125  1.79071  0  0
3.125  1.82212  0  0
3.125  1.85354  0  0
3.125  1.88496  0  0
3.125  1.91637  0  0
3.125  1.94779  0  0
3.125  1.9792  0  0
3.125  2.01062  0  0
3.125  2.04204  0  0
3.125  2.07345  0  0
3.125  2.10487  0  0
3.125  2.13628  0  0
3.125  2.1677  0  0
3.125  2.19911  0  0
3.125  2.23053  0  0
3.125  2.26195  0  0
3.125  2.29336  0  0
3.125  2.32478  0  0
3.125  2.35619  0  0
3.125  2.38761  0  0
3.125  2.41903  0  0
3.125  2.45044  0  0
3.125  2.48186  0  0
3.125  2.51327  0  0
3.125  2.54469  0  0
3.125  2.57611  0  0
3.125  2.60752  0  0
3.125  2.63894  0  0
3.125  2.67035  0  0
3.125  2.70177  0  0
3.125  2.73319  0  0
3.125  2.7646  0  0
3.125  2.79602  0  0
3.125  2.82743  0  0
3.125  2.85885  0  0
3.125  2.89027  0  0
3.125  2.92168  0  0
3.125  2.9531  0  0
3.125  2.98451  0  0
3.125  3.01593  0  0
3.125  3.04734  0  0
3.125  3.07876  0  0
3.125  3.11018  0  0
3.25  0  0  0
3.25  0.0314159  0  0
3.25  0.0628319  0  0
3.25  0.0942478  0  0
3.25  0.125664  0  0
3.25  0.15708  0  0
3.25  0.188496  0  0
3.25  0.219911  0  0
3.25  0.251327  0  0
3.25  0.282743  0  0
3.25  0.314159  0  0
3.25  0.345575  0  0
3.25  0.376991  0  0
3.25  0.408407  0  0
3.25  0.439823  0  0
3.25  0.471239  0  0
3.25  0.502655  0  0
3.25  0.534071  0  0
3.25  0.565487  0  0
3.25  0.596903  0  0
3.25  0.628319  0  0
3.25  0.659734  0  0
3.25  0.69115  0  0
3.25  0.722566  0  0
3.25  0.753982  0  0
3.25  0.785398  0  0
3.25  0.816814  0  0
3.25  0.84823  0  0
3.25  0.879646  0  0
3.25  0.911062  0  0
3.25  0.942478  0  0
3.25  0.973894  0  0
3.25  1.00531  0  0
3.25  1.03673  0  0
3.25  1.06814  0  0
3.25  1.09956  0  0
3.25  1.13097  0  0
3.25  1.16239  0  0
3.25  1.19381  0  0
3.25  1.22522  0  0
3.25  1.25664  0  0
3.25  1.28805  0  0
3.25  1.31947  0  0
3.25  1.35088  0  0
3.25  1.3823  0  0
3.25  1.41372  0  0
3.25  1.44513  0  0
3.25  1.47655  0  0
3.25  1.50796  0  0
3.25  1.53938  0  0
3.25  1.5708  0  0
3.25  1.60221  0  0
3.25  1.63363  0  0
3.25  1.66504  0  0
3.25  1.69646  0  0
3.25  1.72788  0  0
3.25  1.75929  0  0
3.25  1.79071  0  0
3.25  1.82212  0  0
3.25  1.85354  0  0
3.25  1.88496  0  0
3.25  1.91637  0  0
3.25  1.94779  0  0
3.25  1.9792  0  0
3.25  2.01062  0  0
3.25  2.04204  0  0
3.25  2.07345  0  0
3.25  2.10487  0  0
3.25  2.13628  0  0
3.25  2.1677  0  0
3.25  2.19911  0  0
3.25  2.23053  0  0
3.25  2.26195  0  0
3.25  2.29336  0  0
3.25  2.32478  0  0
3.25  2.35619  0  0
3.25  2.38761  0  0
3.25  2.41903  0  0
3.25  2.45044  0  0
3.25  2.48186  0  0
3.25  2.51327  0  0
3.25  2.54469  0  0
3.25  2.57611  0  0
3.25  2.60752  0  0
3.25  2.63894  0  0
3.25  2.67035  0  0
3.25  2.70177  0  0
3.25  2.73319  0  0
3.25  2.7646  0  0
3.25  2.79602  0  0
3.25  2.82743  0  0
3.25  2.85885  0  0
3.25  2.89027  0  0
3.25  2.92168  0  0
3.25  2.9531  0  0
3.25  2.98451  0  0
3.25  3.01593  0  0
3.25  3.04734  0  0
3.25  3.07876  0  0
3.25  3.11018  0  0
3.375  0  0  0
3.375  0.0314159  0  0
3.375  0.0628319  0  0
3.375  0.0942478  0  0
3.375  0.125664  0  0
3.375  0.15708  0  0
3.375  0.188496  0  0
3.375  0.219911  0  0
3.375  0.251327  0  0
3.375  0.282743  0  0
3.375  0.314159  0  0
3.375  0.345575  0  0
3.375  0.376991  0  0
3.375  0.408407  0  0
3.375  0.439823  0  0
3.375  0.471239  0  0
3.375  0.502655  0  0
3.375  0.534071  0  0
3.375  0.565487  0  0
3.375  0.596903  0  0
3.375  0.628319  0  0
3.375  0.659734  0  0
3.375  0.69115  0  0
3.375  0.722566  0  0
3.375  0.753982  0  0
3.375  0.785398  0  0
3.375  0.816814  0  0
3.375  0.84823  0  0
3.375  0.879646  0  0
3.375  0.911062  0  0
3.375  0.942478  0  0
3.375  0.973894  0  0
3.375  1.00531  0  0
3.375  1.03673  0  0
3.375  1.06814  0  0
3.375  1.09956  0  0
3.375  1.13097  0  0
3.375  1.16239  0  0
3.375  1.19381  0  0
3.375  1.22522  0  0
3.375  1.25664  0  0
3.375  1.28805  0  0
3.375  1.31947  0  0
3.375  1.35088  0  0
3.375  1.3823  0  0
3.375  1.41372  0  0
3.375  1.44513  0  0
3.375  1.47655  0  0
3.375  1.50796  0  0
3.375  1.53938  0  0
3.375  1.5708  0  0
3.375  1.60221  0  0
3.375  1.63363  0  0
3.375  1.66504  0  0
3.375  1.69646  0  0
3.375  1.72788  0  0
3.375  1.75929  0  0
3.375  1.79071  0  0
3.375  1.82212  0  0
3.375  1.85354  0  0
3.375  1.88496  0  0
3.375  1.91637  0  0
3.375  1.94779  0  0
3.375  1.9792  0  0
3.375  2.01062  0  0
3.375  2.04204  0  0
3.375  2.07345  0  0
3.375  2.10487  0  0
3.375  2.13628  0  0
3.375  2.1677  0  0
3.375  2.19911  0  0
3.375  2.23053  0  0
3.375  2.26195  0  0
3.375  2.29336  0  0
3.375  2.32478  0  0
3.375  2.35619  0  0
3.375  2.38761  0  0
3.375  2.41903  0  0
3.375  2.45044  0  0
3.375  2.48186  0  0
3.375  2.51327  0  0
3.375  2.54469  0  0
3.375  2.57611  0  0
3.375  2.60752  0  0
3.375  2.63894  0  0
3.375  2.67035  0  0
3.375  2.70177  0  0
3.375  2.73319  0  0
3.375  2.7646  0  0
3.375  2.79602  0  0
3.375  2.82743  0  0
3.375  2.85885  0  0
3.375  2.89027  0  0
3.375  2.92168  0  0
3.375  2.9531  0  0
3.375  2.98451  0  0
3.375  3.01593  0  0
3.375  3.04734  0  0
3.375  3.07876  0  0
3.375  3.11018  0  0
3.5  0  0  0
3.5  0.0314159  0  0
3.5  0.0628319  0  0
3.5  0.0942478  0  0
3.5  0.125664  0  0
3.5  0.15708  0  0
3.5  0.188496  0  0
3.5  0.219911  0  0
3.5  0.251327  0  0
3.5  0.282743  0  0
3.5  0.314159  0  0
3.5  0.345575  0  0
3.5  0.376991  0  0
3.5  0.408407  0  0
3.5  0.439823  0  0
3.5  0.471239  0  0
3.5  0.502655  0  0
3.5  0.534071  0  0
3.5  0.565487  0  0
3.5  0.596903  0  0
3.5  0.628319  0  0
3.5  0.659734  0  0
3.5  0.69115  0  0
3.5  0.722566  0  0
3.5  0.753982  0  0
3.5  0.785398  0  0
3.5  0.816814  0  0
3.5  0.84823  0  0
3.5  0.879646  0  0
3.5  0.911062  0  0
3.5  0.942478  0  0
3.5  0.973894  0  0
3.5  1.00531  0  0
3.5  1.03673  0  0
3.5  1.06814  0  0
3.5  1.09956  0  0
3.5  1.13097  0  0
3.5  1.16239  0  0
3.5  1.19381  0  0
3.5  1.22522  0  0
3.5  1.25664  0  0
3.5  1.28805  0  0
3.5  1.31947  0  0
3.5  1.35088  0  0
3.5  1.3823  0  0
3.5  1.41372  0  0
3.5  1.44513  0  0
3.5  1.47655  0  0
3.5  1.50796  0  0
3.5  1.53938  0  0
3.5  1.5708  0  0
3.5  1.60221  0  0
3.5  1.63363  0  0
3.5  1.66504  0  0
3.5  1.69646  0  0
3.5  1.72788  0  0
3.5  1.75929  0  0
3.5  1.79071  0  0
3.5  1.82212  0  0
3.5  1.85354  0  0
3.5  1.88496  0  0
3.5  1.91637  0  0
3.5  1.94779  0  0
3.5  1.9792  0  0
3.5  2.01062  0  0
3.5  2.04204  0  0
3.5  2.07345  0  0
3.5  2.10487  0  0
3.5  2.13628  0  0
3.5  2.1677  0  0
3.5  2.19911  0  0
3.5  2.23053  0  0
3.5  2.26195  0  0
3.5  2.29336  0  0
3.5  2.32478  0  0
3.5  2.35619  0  0
3.5  2.38761  0  0
3.5  2.41903  0  0
3.5  2.45044  0  0
3.5  2.48186  0  0
3.5  2.51327  0  0
3.5  2.54469  0  0
3.5  2.57611  0  0
3.5  2.60752  0  0
3.5  2.63894  0  0
3.5  2.67035  0  0
3.5  2.70177  0  0
3.5  2.73319  0  0
3.5  2.7646  0  0
3.5  2.79602  0  0
3.5  2.82743  0  0
3.5  2.85885  0  0
3.5  2.89027  0  0
3.5  2.92168  0  0
3.5  2.9531  0  0
3.5  2.98451  0  0
3.5  3.01593  0  0
3.5  3.04734  0  0
3.5  3.07876  0  0
3.5  3.11018  0  0
3.625  0  0  0
3.625  0.0314159  0  0
3.625  0.0628319  0  0
3.625  0.0942478  0  0
3.625  0.125664  0  0
3.625  0.15708  0  0
3.625  0.188496  0  0
3.625  0.219911  0  0
3.625  0.251327  0  0
3.625  0.282743  0  0
3.625  0.314159  0  0
3.625  0.345575  0  0
3.625  0.376991  0  0
3.625  0.408407  0  0
3.625  0.439823  0  0
3.625  0.471239  0  0
3.625  0.502655  0  0
3.625  0.534071  0  0
3.625  0.565487  0  0
3.625  0.596903  0  0
3.625  0.628319  0  0
3.625  0.659734  0  0
3.625  0.69115  0  0
3.625  0.722566  0  0
3.625  0.753982  0  0
3.625  0.785398  0  0
3.625  0.816814  0  0
3.625  0.84823  0  0
3.625  0.879646  0  0
3.625  0.911062  0  0
3.625  0.942478  0  0
3.625  0.973894  0  0
3.625  1.00531  0  0
3.625  1.03673  0  0
3.625  1.06814  0  0
3.625  1.09956  0  0
3.625  1.13097  0  0
3.625  1.16239  0  0
3.625  1.19381  0  0
3.625  1.22522  0  0
3.625  1.25664  0  0
3.625  1.28805  0  0
3.625  1.31947  0  0
3.625  1.35088  0  0
3.625  1.3823  0  0
3.625  1.41372  0  0
3.625  1.44513  0  0
3.625  1.47655  0  0
3.625  1.50796  0  0
3.625  1.53938  0  0
3.625  1.5708  0  0
3.625  1.60221  0  0
3.625  1.63363  0  0
3.625  1.66504  0  0
3.625  1.69646  0  0
3.625  1.72788  0  0
3.625  1.75929  0  0
3.625  1.79071  0  0
3.625  1.82212  0  0
3.625  1.85354  0  0
3.625  1.88496  0  0
3.625  1.91637  0  0
3.625  1.94779  0  0
3.625  1.9792  0  0
3.625  2.01062  0  0
3.625  2.04204  0  0
3.625  2.07345  0  0
3.625  2.10487  0  0
3.625  2.13628  0  0
3.625  2.1677  0  0
3.625  2.19911  0  0
3.625  2.23053  0  0
3.625  2.26195  0  0
3.625  2.29336  0  0
3.625  2.32478  0  0
3.625  2.35619  0  0
3.625  2.38761  0  0
3.625  2.41903  0  0
3.625  2.45044  0  0
3.625  2.48186  0  0
3.625  2.51327  0  0
3.625  2.54469  0  0
3.625  2.57611  0  0
3.625  2.60752  0  0
3.625  2.63894  0  0
3.625  2.67035  0  0
3.625  2.70177  0  0
3.625  2.73319  0  0
3.625  2.7646  0  0
3.625  2.79602  0  0
3.625  2.82743  0  0
3.625  2.85885  0  0
3.625  2.89027  0  0
3.625  2.92168  0  0
3.625  2.9531  0  0
3.625  2.98451  0  0
3.625  3.01593  0  0
3.625  3.04734  0  0
3.625  3.07876  0  0
3.625  3.11018  0  0
3.75  0  0  0
3.75  0.0314159  0  0
3.75  0.0628319  0  0
3.75  0.0942478  0  0
3.75  0.125664  0  0
3.75  0.15708  0  0
3.75  0.188496  0  0
3.75  0.219911  0  0
3.75  0.251327  0  0
3.75  0.282743  0  0
3.75  0.314159  0  0
3.75  0.345575  0  0
3.75  0.376991  0  0
3.75  0.408407  0  0
3.75  0.439823  0  0
3.75  0.471239  0  0
3.75  0.502655  0  0
3.75  0.534071  0  0
3.75  0.565487  0  0
3.75  0.596903  0  0
3.75  0.628319  0  0
3.75  0.659734  0  0
3.75  0.69115  0  0
3.75  0.722566  0  0
3.75  0.753982  0  0
3.75  0.785398  0  0
3.75  0.816814  0  0
3.75  0.84823  0  0
3.75  0.879646  0  0
3.75  0.911062  0  0
3.75  0.942478  0  0
3.75  0.973894  0  0
3.75  1.00531  0  0
3.75  1.03673  0  0
3.75  1.06814  0  0
3.75  1.09956  0  0
3.75  1.13097  0  0
3.75  1.16239  0  0
3.75  1.19381  0  0
3.75  1.22522  0  0
3.75  1.25664  0  0
3.75  1.28805  0  0
3.75  1.31947  0  0
3.75  1.35088  0  0
3.75  1.3823  0  0
3.75  1.41372  0  0
3.75  1.44513  0  0
3.75  1.47655  0  0
3.75  1.50796  0  0
3.75  1.53938  0  0
3.75  1.5708  0  0
3.75  1.60221  0  0
3.75  1.63363  0  0
3.75  1.66504  0  0
3.75  1.69646  0  0
3.75  1.72788  0  0
3.75  1.75929  0  0
3.75  1.79071  0  0
3.75  1.82212  0  0
3.75  1.85354  0  0
3.75  1.88496  0  0
3.75  1.91637  0  0
3.75  1.94779  0  0
3.75  1.9792  0  0
3.75  2.01062  0  0
3.75  2.04204  0  0
3.75  2.07345  0  0
3.75  2.10487  0  0
3.75  2.13628  0  0
3.75  2.1677  0  0
3.75  2.19911  0  0
3.75  2.23053  0  0
3.75  2.26195  0  0
3.75  2.29336  0  0
3.75  2.32478  0  0
3.75  2.35619  0  0
3.75  2.38761  0  0
3.75  2.41903  0  0
3.75  2.45044  0  0
3.75  2.48186  0  0
3.75  2.51327  0  0
3.75  2.54469  0  0
3.75  2.57611  0  0
3.75  2.60752  0  0
3.75  2.63894  0  0
3.75  2.67035  0  0
3.75  2.70177  0  0
3.75  2.73319  0  0
3.75  2.7646  0  0
3.75  2.79602  0  0
3.75  2.82743  0  0
3.75  2.85885  0  0
3.75  2.89027  0  0
3.75  2.92168  0  0
3.75  2.9531  0  0
3.75  2.98451  0  0
3.75  3.01593  0  0
3.75  3.04734  0  0
3.75  3.07876  0  0
3.75  3.11018  0  0
3.875  0  0  0
3.875  0.0314159  0  0
3.875  0.0628319  0  0
3.875  0.0942478  0  0
3.875  0.125664  0  0
3.875  0.15708  0  0
3.875  0.188496  0  0
3.875  0.219911  0  0
3.875  0.251327  0  0
3.875  0.282743  0  0
3.875  0.314159  0  0
3.875  0.345575  0  0
3.875  0.376991  0  0
3.875  0.408407  0  0
3.875  0.439823  0  0
3.875  0.471239  0  0
3.875  0.502655  0  0
3.875  0.534071  0  0
3.875  0.565487  0  0
3.875  0.596903  0  0
3.875  0.628319  0  0
3.875  0.659734  0  0
3.875  0.69115  0  0
3.875  0.722566  0  0
3.875  0.753982  0  0
3.875  0.785398  0  0
3.875  0.816814  0  0
3.875  0.84823  0  0
3.875  0.879646  0  0
3.875  0.911062  0  0
3.875  0.942478  0  0
3.875  0.973894  0  0
3.875  1.00531  0  0
3.875  1.03673  0  0
3.875  1.06814  0  0
3.875  1.09956  0  0
3.875  1.13097  0  0
3.875  1.16239  0  0
3.875  1.19381  0  0
3.875  1.22522  0  0
3.875  1.25664  0  0
3.875  1.28805  0  0
3.875  1.31947  0  0
3.875  1.35088  0  0
3.875  1.3823  0  0
3.875  1.41372  0  0
3.875  1.44513  0  0
3.875  1.47655  0  0
3.875  1.50796  0  0
3.875  1.53938  0  0
3.875  1.5708  0  0
3.875  1.60221  0  0
3.875  1.63363  0  0
3.875  1.66504  0  0
3.875  1.69646  0  0
3.875  1.72788  0  0
3.875  1.75929  0  0
3.875  1.79071  0  0
3.875  1.82212  0  0
3.875  1.85354  0  0
3.875  1.88496  0  0
3.875  1.91637  0  0
3.875  1.94779  0  0
3.875  1.9792  0  0
3.875  2.01062  0  0
3.875  2.04204  0  0
3.875  2.07345  0  0
3.875  2.10487  0  0
3.875  2.13628  0  0
3.875  2.1677  0  0
3.875  2.19911  0  0
3.875  2.23053  0  0
3.875  2.26195  0  0
3.875  2.29336  0  0
3.875  2.32478  0  0
3.875  2.35619  0  0
3.875  2.38761  0  0
3.875  2.41903  0  0
3.875  2.45044  0  0
3.875  2.48186  0  0
3.875  2.51327  0  0
3.875  2.54469  0  0
3.875  2.57611  0  0
3.875  2.60752  0  0
3.875  2.63894  0  0
3.875  2.67035  0  0
3.875  2.70177  0  0
3.875  2.73319  0  0
3.875  2.7646  0  0
3.875  2.79602  0  0
3.875  2.82743  0  0
3.875  2.85885  0  0
3.875  2.89027  0  0
3.875  2.92168  0  0
3.875  2.9531  0  0
3.875  2.98451  0  0
3.875  3.01593  0  0
3.875  3.04734  0  0
3.875  3.07876  0  0
3.875  3.11018  0  0
4  0  0  0
4  0.0314159  0  0
4  0.0628319  0  0
4  0.0942478  0  0
4  0.125664  0  0
4  0.15708  0  0
4  0.188496  0  0
4  0.219911  0  0
4  0.251327  0  0
4  0.282743  0  0
4  0.314159  0  0
4  0.345575  0  0
4  0.376991  0  0
4  0.408407  0  0
4  0.439823  0  0
4  0.471239  0  0
4  0.502655  0  0
4  0.534071  0  0
4  0.565487  0  0
4  0.596903  0  0
4  0.628319  0  0
4  0.659734  0  0
4  0.69115  0  0
4  0.722566  0  0
4  0.753982  0  0
4  0.785398  0  0
4  0.816814  0  0
4  0.84823  0  0
4  0.879646  0  0
4  0.911062  0  0
4  0.942478  0  0
4  0.973894  0  0
4  1.00531  0  0
4  1.03673  0  0
4  1.06814  0  0
4  1.09956  0  0
4  1.13097  0  0
4  1.16239  0  0
4  1.19381  0  0
4  1.22522  0  0
4  1.25664  0  0
4  1.28805  0  0
4  1.31947  0  0
4  1.35088  0  0
4  1.3823  0  0
4  1.41372  0  0
4  1.44513  0  0
4  1.47655  0  0
4  1.50796  0  0
4  1.53938  0  0
4  1.5708  0  0
4  1.60221  0  0
4  1.63363  0  0
4  1.66504  0  0
4  1.69646  0  0
4  1.72788  0  0
4  1.75929  0  0
4  1.79071  0  0
4  1.82212  0  0
4  1.85354  0  0
4  1.88496  0  0
4  1.91637  0  0
4  1.94779  0  0
4  1.9792  0  0
4  2.01062  0  0
4  2.04204  0  0
4  2.07345  0  0
4  2.10487  0  0
4  2.13628  0  0
4  2.1677  0  0
4  2.19911  0  0
4  2.23053  0  0
4  2.26195  0  0
4  2.29336  0  0
4  2.32478  0  0
4  2.35619  0  0
4  2.38761  0  0
4  2.41903  0  0
4  2.45044  0  0
4  2.48186  0  0
4  2.51327  0  0
4  2.54469  0  0
4  2.57611  0  0
4  2.60752  0  0
4  2.63894  0  0
4  2.67035  0  0
4  2.70177  0  0
4  2.73319  0  0
4  2.7646  0  0
4  2.79602  0  0
4  2.82743  0  0
4  2.85885  0  0
4  2.89027  0  0
4  2.92168  0  0
4  2.9531  0  0
4  2.98451  0  0
4  3.01593  0  0
4  3.04734  0  0
4  3.07876  0  0
4  3.11018  0  0
4.125  0  0  0
4.125  0.0314159  0  0
4.125  0.0628319  0  0
4.125  0.0942478  0  0
4.125  0.125664  0  0
4.125  0.15708  0  0
4.125  0.188496  0  0
4.125  0.219911  0  0
4.125  0.251327  0  0
4.125  0.282743  0  0
4.125  0.314159  0  0
4.125  0.345575  0  0
4.125  0.376991  0  0
4.125  0.408407  0  0
4.125  0.439823  0  0
4.125  0.471239  0  0
4.125  0.502655  0  0
4.125  0.534071  0  0
4.125  0.565487  0  0
4.125  0.596903  0  0
4.125  0.628319  0  0
4.125  0.659734  0  0
4.125  0.69115  0  0
4.125  0.722566  0  0
4.125  0.753982  0  0
4.125  0.785398  0  0
4.125  0.816814  0  0
4.125  0.84823  0  0
4.125  0.879646  0  0
4.125  0.911062  0  0
4.125  0.942478  0  0
4.125  0.973894  0  0
4.125  1.00531  0  0
4.125  1.03673  0  0
4.125  1.06814  0  0
4.125  1.09956  0  0
4.125  1.13097  0  0
4.125  1.16239  0  0
4.125  1.19381  0  0
4.125  1.22522  0  0
4.125  1.25664  0  0
4.125  1.28805  0  0
4.125  1.31947  0  0
4.125  1.35088  0  0
4.125  1.3823  0  0
4.125  1.41372  0  0
4.125  1.44513  0  0
4.125  1.47655  0  0
4.125  1.50796  0  0
4.125  1.53938  0.249023  2.14283
4.125  1.5708  0  0
4.125  1.60221  0  0
4.125  1.63363  0  0
4.125  1.66504  0  0
4.125  1.69646  0  0
4.125  1.72788  0  0
4.125  1.75929  0  0
4.125  1.79071  0  0
4.125  1.82212  0  0
4.125  1.85354  0  0
4.125  1.88496  0  0
4.125  1.91637  0  0
4.125  1.94779  0  0
4.125  1.9792  0  0
4.125  2.01062  0  0
4.125  2.04204  0  0
4.125  2.07345  0  0
4.125  2.10487  0  0
4.125  2.13628  0  0
4.125  2.1677  0  0
4.125  2.19911  0  0
4.125  2.23053  0  0
4.125  2.26195  0  0
4.125  2.29336  0  0
4.125  2.32478  0  0
4.125  2.35619  0  0
4.125  2.38761  0  0
4.125  2.41903  0  0
4.125  2.45044  0  0
4.125  2.48186  0  0
4.125  2.51327  0  0
4.125  2.54469  0  0
4.125  2.57611  0  0
4.125  2.60752  0  0
4.125  2.63894  0  0
4.125  2.67035  0  0
4.125  2.70177  0  0
4.125  2.73319  0  0
4.125  2.7646  0  0
4.125  2.79602  0  0
4.125  2.82743  0  0
4.125  2.85885  0  0
4.125  2.89027  0  0
4.125  2.92168  0  0
4.125  2.9531  0  0
4.125  2.98451  0  0
4.125  3.01593  0  0
4.125  3.04734  0  0
4.125  3.07876  0  0
4.125  3.11018  0  0
4.25  0  0  0
4.25  0.0314159  0  0
4.25  0.0628319  0  0
4.25  0.0942478  0  0
4.25  0.125664  0  0
4.25  0.15708  0  0
4.25  0.188496  0  0
4.25  0.219911  0  0
4.25  0.251327  0  0
4.25  0.282743  0  0
4.25  0.314159  0  0
4.25  0.345575  0  0
4.25  0.376991  0  0
4.25  0.408407  0  0
4.25  0.439823  0  0
4.25  0.471239  0  0
4.25  0.502655  0  0
4.25  0.534071  0  0
4.25  0.565487  0  0
4.25  0.596903  0  0
4.25  0.628319  0  0
4.25  0.659734  0  0
4.25  0.69115  0  0
4.25  0.722566  0  0
4.25  0.753982  0  0
4.25  0.785398  0  0
4.25  0.816814  0  0
4.25  0.84823  0  0
4.25  0.879646  0  0
4.25  0.911062  0  0
4.25  0.942478  0  0
4.25  0.973894  0  0
4.25  1.00531  0  0
4.25  1.03673  0  0
4.25  1.06814  0  0
4.25  1.09956  0  0
4.25  1.13097  0  0
4.25  1.16239  0  0
4.25  1.19381  0  0
4.25  1.22522  0  0
4.25  1.25664  0  0
4.25  1.28805  0  0
4.25  1.31947  0  0
4.25  1.35088  0  0
4.25  1.3823  0  0
4.25  1.41372  0  0
4.25  1.44513  0  0
4.25  1.47655  0  0
4.25  1.50796  0  0
4.25  1.53938  0  0
4.25  1.5708  0  0
4.25  1.60221  0  0
4.25  1.63363  0  0
4.25  1.66504  0  0
4.25  1.69646  0  0
4.25  1.72788  0  0
4.25  1.75929  0  0
4.25  1.79071  0  0
4.25  1.82212  0  0
4.25  1.85354  0  0
4.25  1.88496  0  0
4.25  1.91637  0  0
4.25  1.94779  0  0
4.25  1.9792  0  0
4.25  2.01062  0  0
4.25  2.04204  0  0
4.25  2.07345  0  0
4.25  2.10487  0  0
4.25  2.13628  0  0
4.25  2.1677  0  0
4.25  2.19911  0  0
4.25  2.23053  0  0
4.25  2.26195  0  0
4.25  2.29336  0  0
4.25  2.32478  0  0
4.25  2.35619  0  0
4.25  2.38761  0  0
4.25  2.41903  0  0
4.25  2.45044  0  0
4.25  2.48186  0  0
4.25  2.51327  0  0
4.25  2.54469  0  0
4.25  2.57611  0  0
4.25  2.60752  0  0
4.25  2.63894  0  0
4.25  2.67035  0  0
4.25  2.70177  0  0
4.25  2.73319  0  0
4.25  2.7646  0  0
4.25  2.79602  0  0
4.25  2.82743  0  0
4.25  2.85885  0  0
4.25  2.89027  0  0
4.25  2.92168  0  0
4.25  2.9531  0  0
4.25  2.98451  0  0
4.25  3.01593  0  0
4.25  3.04734  0  0
4.25  3.07876  0  0
4.25  3.11018  0  0
4.375  0  0  0
4.375  0.0314159  0  0
4.375  0.0628319  0  0
4.375  0.0942478  0  0
4.375  0.125664  0  0
4.375  0.15708  0  0
4.375  0.188496  0  0
4.375  0.219911  0  0
4.375  0.251327  0  0
4.375  0.282743  0  0
4.375  0.314159  0  0
4.375  0.345575  0  0
4.375  0.376991  0  0
4.375  0.408407  0  0
4.375  0.439823  0  0
4.375  0.471239  0  0
4.375  0.502655  0  0
4.375  0.534071  0  0
4.375  0.565487  0  0
4.375  0.596903  0  0
4.375  0.628319  0  0
4.375  0.659734  0  0
4.375  0.69115  0  0
4.375  0.722566  0  0
4.375  0.753982  0  0
4.375  0.785398  0  0
4.375  0.816814  0  0
4.375  0.84823  0  0
4.375  0.879646  0  0
4.375  0.911062  0  0
4.375  0.942478  0  0
4.375  0.973894  0  0
4.375  1.00531  0  0
4.375  1.03673  0  0
4.375  1.06814  0  0
4.375  1.09956  0  0
4.375  1.13097  0  0
4.375  1.16239  0  0
4.375  1.19381  0  0
4.375  1.22522  0  0
4.375  1.25664  0  0
4.375  1.28805  0  0
4.375  1.31947  0  0
4.375  1.35088  0  0
4.375  1.3823  0  0
4.375  1.41372  0  0
4.375  1.44513  0  0
4.375  1.47655  0  0
4.375  1.50796  0  0
4.375  1.53938  0  0
4.375  1.5708  0  0
4.375  1.60221  0  0
4.375  1.63363  0  0
4.375  1.66504  0  0
4.375  1.69646  0  0
4.375  1.72788  0  0
4.375  1.75929  0  0
4.375  1.79071  0  0
4.375  1.82212  0  0
4.375  1.85354  0  0
4.375  1.88496  0  0
4.375  1.91637  0  0
4.375  1.94779  0  0
4.375  1.9792  0  0
4.375  2.01062  0  0
4.375  2.04204  0  0
4.375  2.07345  0  0
4.375  2.10487  0  0
4.375  2.13628  0  0
4.375  2.1677  0  0
4.375  2.19911  0  0
4.375  2.23053  0  0
4.375  2.26195  0  0
4.375  2.29336  0  0
4.375  2.32478  0  0
4.375  2.35619  0  0
4.375  2.38761  0  0
4.375  2.41903  0  0
4.375  2.45044  0  0
4.375  2.48186  0  0
4.375  2.51327  0  0
4.375  2.54469  0  0
4.375  2.57611  0  0
4.375  2.60752  0  0
4.375  2.63894  0  0
4.375  2.67035  0  0
4.375  2.70177  0  0
4.375  2.73319  0  0
4.375  2.7646  0  0
4.375  2.79602  0  0
4.375  2.82743  0  0
4.375  2.85885  0  0
4.375  2.89027  0  0
4.375  2.92168  0  0
4.375  2.9531  0  0
4.375  2.98451  0  0
4.375  3.01593  0  0
4.375  3.04734  0  0
4.375  3.07876  0  0
4.375  3.11018  0  0
4.5  0  0  0
4.5  0.0314159  0  0
4.5  0.0628319  0  0
4.5  0.0942478  0  0
4.5  0.125664  0  0
4.5  0.15708  0  0
4.5  0.188496  0  0
4.5  0.219911  0  0
4.5  0.251327  0  0
4.5  0.282743  0  0
4.5  0.314159  0  0
4.5  0.345575  0  0
4.5  0.376991  0  0
4.5  0.408407  0  0
4.5  0.439823  0  0
4.5  0.471239  0  0
4.5  0.502655  0  0
4.5  0.534071  0  0
4.5  0.565487  0  0
4.5  0.596903  0  0
4.5  0.628319  0  0
4.5  0.659734  0  0
4.5  0.69115  0  0
4.5  0.722566  0  0
4.5  0.753982  0  0
4.5  0.785398  0  0
4.5  0.816814  0  0
4.5  0.84823  0  0
4.5  0.879646  0  0
4.5  0.911062  0  0
4.5  0.942478  0  0
4.5  0.973894  0  0
4.5  1.00531  0  0
4.5  1.03673  0  0
4.5  1.06814  0  0
4.5  1.09956  0  0
4.5  1.13097  0  0
4.5  1.16239  0  0
4.5  1.19381  0  0
4.5  1.22522  0  0
4.5  1.25664  0  0
4.5  1.28805  0  0
4.5  1.31947  0  0
4.5  1.35088  0  0
4.5  1.3823  0  0
4.5  1.41372  0  0
4.5  1.44513  0  0
4.5  1.47655  0  0
4.5  1.50796  0  0
4.5  1.53938  0  0
4.5  1.5708  0  0
4.5  1.60221  0  0
4.5  1.63363  0  0
4.5  1.66504  0  0
4.5  1.69646  0  0
4.5  1.72788  0  0
4.5  1.75929  0  0
4.5  1.79071  0  0
4.5  1.82212  0  0
4.5  1.85354  0  0
4.5  1.88496  0  0
4.5  1.91637  0  0
4.5  1.94779  0  0
4.5  1.9792  0  0
4.5  2.01062  0  0
4.5  2.04204  0  0
4.5  2.07345  0  0
4.5  2.10487  0  0
4.5  2.13628  0  0
4.5  2.1677  0  0
4.5  2.19911  0  0
4.5  2.23053  0  0
4.5  2.26195  0  0
4.5  2.29336  0  0
4.5  2.32478  0  0
4.5  2.35619  0  0
4.5  2.38761  0  0
4.5  2.41903  0  0
4.5  2.45044  0  0
4.5  2.48186  0  0
4.5  2.51327  0  0
4.5  2.54469  0  0
4.5  2.57611  0  0
4.5  2.60752  0  0
4.5  2.63894  0  0
4.5  2.67035  0  0
4.5  2.70177  0  0
4.5  2.73319  0  0
4.5  2.7646  0  0
4.5  2.79602  0  0
4.5  2.82743  0  0
4.5  2.85885  0  0
4.5  2.89027  0  0
4.5  2.92168  0  0
4.5  2.9531  0  0
4.5  2.98451  0  0
4.5  3.01593  0  0
4.5  3.04734  0  0
4.5  3.07876  0  0
4.5  3.11018  0  0
4.625  0  0  0
4.625  0.0314159  0  0
4.625  0.0628319  0  0
4.625  0.0942478  0  0
4.625  0.125664  0  0
4.625  0.15708  0  0
4.625  0.188496  0  0
4.625  0.219911  0  0
4.625  0.251327  0  0
4.625  0.282743  0  0
4.625  0.314159  0  0
4.625  0.345575  0  0
4.625  0.376991  0  0
4.625  0.408407  0  0
4.625  0.439823  0  0
4.625  0.471239  0  0
4.625  0.502655  0  0
4.625  0.534071  0  0
4.625  0.565487  0  0
4.625  0.596903  0  0
4.625  0.628319  0  0
4.625  0.659734  0  0
4.625  0.69115  0  0
4.625  0.722566  0  0
4.625  0.753982  0  0
4.625  0.785398  0  0
4.625  0.816814  0  0
4.625  0.84823  0  0
4.625  0.879646  0  0
4.625  0.911062  0  0
4.625  0.942478  0  0
4.625  0.973894  0  0
4.625  1.00531  0  0
4.625  1.03673  0  0
4.625  1.06814  0  0
4.625  1.09956  0  0
4.625  1.13097  0  0
4.625  1.16239  0  0
4.625  1.19381  0  0
4.625  1.22522  0  0
4.625  1.25664  0  0
4.625  1.28805  0  0
4.625  1.31947  0  0
4.625  1.35088  0  0
4.625  1.3823  0  0
4.625  1.41372  0  0
4.625  1.44513  0  0
4.625  1.47655  0  0
4.625  1.50796  0  0
4.625  1.53938  0  0
4.625  1.5708  0  0
4.625  1.60221  0  0
4.625  1.63363  0  0
4.625  1.66504  0  0
4.625  1.69646  0  0
4.625  1.72788  0  0
4.625  1.75929  0  0
4.625  1.79071  0  0
4.625  1.82212  0  0
4.625  1.85354  0  0
4.625  1.88496  0  0
4.625  1.91637  0  0
4.625  1.94779  0  0
4.625  1.9792  0  0
4.625  2.01062  0  0
4.625  2.04204  0  0
4.625  2.07345  0  0
4.625  2.10487  0  0
4.625  2.13628  0  0
4.625  2.1677  0  0
4.625  2.19911  0  0
4.625  2.23053  0  0
4.625  2.26195  0  0
4.625  2.29336  0  0
4.625  2.32478  0  0
4.625  2.35619  0  0
4.625  2.38761  0  0
4.625  2.41903  0  0
4.625  2.45044  0  0
4.625  2.48186  0  0
4.625  2.51327  0  0
4.625  2.54469  0  0
4.625  2.57611  0  0
4.625  2.60752  0  0
4.625  2.63894  0  0
4.625  2.67035  0  0
4.625  2.70177  0  0
4.625  2.73319  0  0
4.625  2.7646  0  0
4.625  2.79602  0  0
4.625  2.82743  0  0
4.625  2.85885  0  0
4.625  2.89027  0  0
4.625  2.92168  0  0
4.625  2.9531  0  0
4.625  2.98451  0  0
4.625  3.01593  0  0
4.625  3.04734  0  0
4.625  3.07876  0  0
4.625  3.11018  0  0
4.75  0  0  0
4.75  0.0314159  0  0
4.75  0.0628319  0  0
4.75  0.0942478  0  0
4.75  0.125664  0  0
4.75  0.15708  0  0
4.75  0.188496  0  0
4.75  0.219911  0  0
4.75  0.251327  0  0
4.75  0.282743  0  0
4.75  0.314159  0  0
4.75  0.345575  0  0
4.75  0.376991  0  0
4.75  0.408407  0  0
4.75  0.439823  0  0
4.75  0.471239  0  0
4.75  0.502655  0  0
4.75  0.534071  0  0
4.75  0.565487  0  0
4.75  0.596903  0  0
4.75  0.628319  0  0
4.75  0.659734  0  0
4.75  0.69115  0  0
4.75  0.722566  0  0
4.75  0.753982  0  0
4.75  0.785398  0  0
4.75  0.816814  0  0
4.75  0.84823  0  0
4.75  0.879646  0  0
4.75  0.911062  0  0
4.75  0.942478  0  0
4.75  0.973894  0  0
4.75  1.00531  0  0
4.75  1.03673  0  0
4.75  1.06814  0  0
4.75  1.09956  0  0
4.75  1.13097  0  0
4.75  1.16239  0  0
4.75  1.19381  0  0
4.75  1.22522  0  0
4.75  1.25664  0  0
4.75  1.28805  0  0
4.75  1.31947  0  0
4.75  1.35088  0  0
4.75  1.3823  0  0
4.75  1.41372  0  0
4.75  1.44513  0  0
4.75  1.47655  0  0
4.75  1.50796  0  0
4.75  1.53938  0.26138  1.51577
4.75  1.5708  0  0
4.75  1.60221  0  0
4.75  1.63363  0  0
4.75  1.66504  0  0
4.75  1.69646  0  0
4.75  1.72788  0  0
4.75  1.75929  0  0
4.75  1.79071  0  0
4.75  1.82212  0  0
4.75  1.85354  0  0
4.75  1.88496  0  0
4.75  1.91637  0  0
4.75  1.94779  0  0
4.75  1.9792  0  0
4.75  2.01062  0  0
4.75  2.04204  0  0
4.75  2.07345  0  0
4.75  2.10487  0  0
4.75  2.13628  0  0
4.75  2.1677  0  0
4.75  2.19911  0  0
4.75  2.23053  0  0
4.75  2.26195  0  0
4.75  2.29336  0  0
4.75  2.32478  0  0
4.75  2.35619  0  0
4.75  2.38761  0  0
4.75  2.41903  0  0
4.75  2.45044  0  0
4.75  2.48186  0  0
4.75  2.51327  0  0
4.75  2.54469  0  0
4.75  2.57611  0  0
4.75  2.60752  0  0
4.75  2.63894  0  0
4.75  2.67035  0  0
4.75  2.70177  0  0
4.75  2.73319  0  0
4.75  2.7646  0  0
4.75  2.79602  0  0
4.75  2.82743  0  0
4.75  2.85885  0  0
4.75  2.89027  0  0
4.75  2.92168  0  0
4.75  2.9531  0  0
4.75  2.98451  0  0
4.75  3.01593  0  0
4.75  3.04734  0  0
4.75  3.07876  0  0
4.75  3.11018  0  0
4.875  0  0  0
4.875  0.0314159  0  0
4.875  0.0628319  0  0
4.875  0.0942478  0  0
4.875  0.125664  0  0
4.875  0.15708  0  0
4.875  0.188496  0  0
4.875  0.219911  0  0
4.875  0.251327  0  0
4.875  0.282743  0  0
4.875  0.314159  0  0
4.875  0.345575  0  0
4.875  0.376991  0  0
4.875  0.408407  0  0
4.875  0.439823  0  0
4.875  0.471239  0  0
4.875  0.502655  0  0
4.875  0.534071  0  0
4.875  0.565487  0  0
4.875  0.596903  0  0
4.875  0.628319  0  0
4.875  0.659734  0  0
4.875  0.69115  0  0
4.875  0.722566  0  0
4.875  0.753982  0  0
4.875  0.785398  0  0
4.875  0.816814  0  0
4.875  0.84823  0  0
4.875  0.879646  0  0
4.875  0.911062  0  0
4.875  0.942478  0  0
4.875  0.973894  0  0
4.875  1.00531  0  0
4.875  1.03673  0  0
4.875  1.06814  0  0
4.875  1.09956  0  0
4.875  1.13097  0  0
4.875  1.16239  0  0
4.875  1.19381  0  0
4.875  1.22522  0  0
4.875  1.25664  0  0
4.875  1.28805  0  0
4.875  1.31947  0  0
4.875  1.35088  0  0
4.875  1.3823  0  0
4.875  1.41372  0  0
4.875  1.44513  0  0
4.875  1.47655  0  0
4.875  1.50796  0  0
4.875  1.53938  0  0
4.875  1.5708  0  0
4.875  1.60221  0  0
4.875  1.63363  0  0
4.875  1.66504  0  0
4.875  1.69646  0  0
4.875  1.72788  0  0
4.875  1.75929  0  0
4.875  1.79071  0  0
4.875  1.82212  0  0
4.875  1.85354  0  0
4.875  1.88496  0  0
4.875  1.91637  0  0
4.875  1.94779  0  0
4.875  1.9792  0  0
4.875  2.01062  0  0
4.875  2.04204  0  0
4.875  2.07345  0  0
4.875  2.10487  0  0
4.875  2.13628  0  0
4.875  2.1677  0  0
4.875  2.19911  0  0
4.875  2.23053  0  0
4.875  2.26195  0  0
4.875  2.29336  0  0
4.875  2.32478  0  0
4.875  2.35619  0  0
4.875  2.38761  0  0
4.875  2.41903  0  0
4.875  2.45044  0  0
4.875  2.48186  0  0
4.875  2.51327  0  0
4.875  2.54469  0  0
4.875  2.57611  0  0
4.875  2.60752  0  0
4.875  2.63894  0  0
4.875  2.67035  0  0
4.875  2.70177  0  0
4.875  2.73319  0  0
4.875  2.7646  0  0
4.875  2.79602  0  0
4.875  2.82743  0  0
4.875  2.85885  0  0
4.875  2.89027  0  0
4.875  2.92168  0  0
4.875  2.9531  0  0
4.875  2.98451  0  0
4.875  3.01593  0  0
4.875  3.04734  0  0
4.875  3.07876  0  0
4.875  3.11018  0  0
5  0  0  0
5  0.0314159  0  0
5  0.0628319  0  0
5  0.0942478  0  0
5  0.125664  0  0
5  0.15708  0  0
5  0.188496  0  0
5  0.219911  0  0
5  0.251327  0  0
5  0.282743  0  0
5  0.314159  0  0
5  0.345575  0  0
5  0.376991  0  0
5  0.408407  0  0
5  0.439823  0  0
5  0.471239  0  0
5  0.502655  0  0
5  0.534071  0  0
5  0.565487  0  0
5  0.596903  0  0
5  0.628319  0  0
5  0.659734  0  0
5  0.69115  0  0
5  0.722566  0  0
5  0.753982  0  0
5  0.785398  0  0
5  0.816814  0  0
5  0.84823  0  0
5  0.879646  0  0
5  0.911062  0  0
5  0.942478  0  0
5  0.973894  0  0
5  1.00531  0  0
5  1.03673  0  0
5  1.06814  0  0
5  1.09956  0  0
5  1.13097  0  0
5  1.16239  0  0
5  1.19381  0  0
5  1.22522  0  0
5  1.25664  0  0
5  1.28805  0  0
5  1.31947  0  0
5  1.35088  0  0
5  1.3823  0  0
5  1.41372  0  0
5  1.44513  0  0
5  1.47655  0  0
5  1.50796  0  0
5  1.53938  0  0
5  1.5708  0  0
5  1.60221  0  0
5  1.63363  0  0
5  1.66504  0  0
5  1.69646  0  0
5  1.72788  0  0
5  1.75929  0  0
5  1.79071  0  0
5  1.82212  0  0
5  1.85354  0  0
5  1.88496  0  0
5  1.91637  0  0
5  1.94779  0  0
5  1.9792  0  0
5  2.01062  0  0
5  2.04204  0  0
5  2.07345  0  0
5  2.10487  0  0
5  2.13628  0  0
5  2.1677  0  0
5  2.19911  0  0
5  2.23053  0  0
5  2.26195  0  0
5  2.29336  0  0
5  2.32478  0  0
5  2.35619  0  0
5  2.38761  0  0
5  2.41903  0  0
5  2.45044  0  0
5  2.48186  0  0
5  2.51327  0  0
5  2.54469  0  0
5  2.57611  0  0
5  2.60752  0  0
5  2.63894  0  0
5  2.67035  0  0
5  2.70177  0  0
5  2.73319  0  0
5  2.7646  0  0
5  2.79602  0  0
5  2.82743  0  0
5  2.85885  0  0
5  2.89027  0  0
5  2.92168  0  0
5  2.9531  0  0
5  2.98451  0  0
5  3.01593  0  0
5  3.04734  0  0
5  3.07876  0  0
5  3.11018  0  0
5.125  0  0  0
5.125  0.0314159  0  0
5.125  0.0628319  0  0
5.125  0.0942478  0  0
5.125  0.125664  0  0
5.125  0.15708  0  0
5.125  0.188496  0  0
5.125  0.219911  0  0
5.125  0.251327  0  0
5.125  0.282743  0  0
5.125  0.314159  0  0
5.125  0.345575  0  0
5.125  0.376991  0  0
5.125  0.408407  0  0
5.125  0.439823  0  0
5.125  0.471239  0  0
5.125  0.502655  0  0
5.125  0.534071  0  0
5.125  0.565487  0  0
5.125  0.596903  0  0
5.125  0.628319  0  0
5.125  0.659734  0  0
5.125  0.69115  0  0
5.125  0.722566  0  0
5.125  0.753982  0  0
5.125  0.785398  0  0
5.125  0.816814  0  0
5.125  0.84823  0  0
5.125  0.879646  0  0
5.125  0.911062  0  0
5.125  0.942478  0  0
5.125  0.973894  0  0
5.125  1.00531  0  0
5.125  1.03673  0  0
5.125  1.06814  0  0
5.125  1.09956  0  0
5.125  1.13097  0  0
5.125  1.16239  0  0
5.125  1.19381  0  0
5.125  1.22522  0  0
5.125  1.25664  0  0
5.125  1.28805  0  0
5.125  1.31947  0  0
5.125  1.35088  0  0
5.125  1.3823  0  0
5.125  1.41372  0  0
5.125  1.44513  0  0
5.125  1.47655  0  0
5.125  1.50796  0  0
5.125  1.53938  0  0
5.125  1.5708  0  0
5.125  1.60221  0  0
5.125  1.63363  0  0
5.125  1.66504  0  0
5.125  1.69646  0  0
5.125  1.72788  0  0
5.125  1.75929  0  0
5.125  1.79071  0  0
5.125  1.82212  0  0
5.125  1.85354  0  0
5.125  1.88496  0  0
5.125  1.91637  0  0
5.125  1.94779  0  0
5.125  1.9792  0  0
5.125  2.01062  0  0
5.125  2.04204  0  0
5.125  2.07345  0  0
5.125  2.10487  0  0
5.125  2.13628  0  0
5.125  2.1677  0  0
5.125  2.19911  0  0
5.125  2.23053  0  0
5.125  2.26195  0  0
5.125  2.29336  0  0
5.125  2.32478  0  0
5.125  2.35619  0  0
5.125  2.38761  0  0
5.125  2.41903  0  0
5.125  2.45044  0  0
5.125  2.48186  0  0
5.125  2.51327  0  0
5.125  2.54469  0  0
5.125  2.57611  0  0
5.125  2.60752  0  0
5.125  2.63894  0  0
5.125  2.67035  0  0
5.125  2.70177  0  0
5.125  2.73319  0  0
5.125  2.7646  0  0
5.125  2.79602  0  0
5.125  2.82743  0  0
5.125  2.85885  0  0
5.125  2.89027  0  0
5.125  2.92168  0  0
5.125  2.9531  0  0
5.125  2.98451  0  0
5.125  3.01593  0  0
5.125  3.04734  0  0
5.125  3.07876  0  0
5.125  3.11018  0  0
5.25  0  0  0
5.25  0.0314159  0  0
5.25  0.0628319  0  0
5.25  0.0942478  0  0
5.25  0.125664  0  0
5.25  0.15708  0  0
5.25  0.188496  0  0
5.25  0.219911  0  0
5.25  0.251327  0  0
5.25  0.282743  0  0
5.25  0.314159  0  0
5.25  0.345575  0  0
5.25  0.376991  0  0
5.25  0.408407  0  0
5.25  0.439823  0  0
5.25  0.471239  0  0
5.25  0.502655  0  0
5.25  0.534071  0  0
5.25  0.565487  0  0
5.25  0.596903  0  0
5.25  0.628319  0  0
5.25  0.659734  0  0
5.25  0.69115  0  0
5.25  0.722566  0  0
5.25  0.753982  0  0
5.25  0.785398  0  0
5.25  0.816814  0  0
5.25  0.84823  0  0
5.25  0.879646  0  0
5.25  0.911062  0  0
5.25  0.942478  0  0
5.25  0.973894  0  0
5.25  1.00531  0  0
5.25  1.03673  0  0
5.25  1.06814  0  0
5.25  1.09956  0  0
5.25  1.13097  0  0
5.25  1.16239  0  0
5.25  1.19381  0  0
5.25  1.22522  0  0
5.25  1.25664  0  0
5.25  1.28805  0  0
5.25  1.31947  0  0
5.25  1.35088  0  0
5.25  1.3823  0  0
5.25  1.41372  0  0
5.25  1.44513  0  0
5.25  1.47655  0  0
5.25  1.50796  0  0
5.25  1.53938  0  0
5.25  1.5708  0  0
5.25  1.60221  0  0
5.25  1.63363  0  0
5.25  1.66504  0  0
5.25  1.69646  0  0
5.25  1.72788  0  0
5.25  1.75929  0  0
5.25  1.79071  0  0
5.25  1.82212  0  0
5.25  1.85354  0  0
5.25  1.88496  0  0
5.25  1.91637  0  0
5.25  1.94779  0  0
5.25  1.9792  0  0
5.25  2.01062  0  0
5.25  2.04204  0  0
5.25  2.07345  0  0
5.25  2.10487  0  0
5.25  2.13628  0  0
5.25  2.1677  0  0
5.25  2.19911  0  0
5.25  2.23053  0  0
5.25  2.26195  0  0
5.25  2.29336  0  0
5.25  2.32478  0  0
5.25  2.35619  0  0
5.25  2.38761  0  0
5.25  2.41903  0  0
5.25  2.45044  0  0
5.25  2.48186  0  0
5.25  2.51327  0  0
5.25  2.54469  0  0
5.25  2.57611  0  0
5.25  2.60752  0  0
5.25  2.63894  0  0
5.25  2.67035  0  0
5.25  2.70177  0  0
5.25  2.73319  0  0
5.25  2.7646  0  0
5.25  2.79602  0  0
5.25  2.82743  0  0
5.25  2.85885  0  0
5.25  2.89027  0  0
5.25  2.92168  0  0
5.25  2.9531  0  0
5.25  2.98451  0  0
5.25  3.01593  0  0
5.25  3.04734  0  0
5.25  3.07876  0  0
5.25  3.11018  0  0
5.375  0  0  0
5.375  0.0314159  0  0
5.375  0.0628319  0  0
5.375  0.0942478  0  0
5.375  0.125664  0  0
5.375  0.15708  0  0
5.375  0.188496  0  0
5.375  0.219911  0  0
5.375  0.251327  0  0
5.375  0.282743  0  0
5.375  0.314159  0  0
5.375  0.345575  0  0
5.375  0.376991  0  0
5.375  0.408407  0  0
5.375  0.439823  0  0
5.375  0.471239  0  0
5.375  0.502655  0  0
5.375  0.534071  0  0
5.375  0.565487  0  0
5.375  0.596903  0  0
5.375  0.628319  0  0
5.375  0.659734  0  0
5.375  0.69115  0  0
5.375  0.722566  0  0
5.375  0.753982  0  0
5.375  0.785398  0  0
5.375  0.816814  0  0
5.375  0.84823  0  0
5.375  0.879646  0  0
5.375  0.911062  0  0
5.375  0.942478  0  0
5.375  0.973894  0  0
5.375  1.00531  0  0
5.375  1.03673  0  0
5.375  1.06814  0  0
5.375  1.09956  0  0
5.375  1.13097  0  0
5.375  1.16239  0  0
5.375  1.19381  0  0
5.375  1.22522  0  0
5.375  1.25664  0  0
5.375  1.28805  0  0
5.375  1.31947  0  0
5.375  1.35088  0  0
5.375  1.3823  0  0
5.375  1.41372  0  0
5.375  1.44513  0  0
5.375  1.47655  0  0
5.375  1.50796  0  0
5.375  1.53938  0  0
5.375  1.5708  0  0
5.375  1.60221  0  0
5.375  1.63363  0  0
5.375  1.66504  0  0
5.375  1.69646  0  0
5.375  1.72788  0  0
5.375  1.75929  0  0
5.375  1.79071  0  0
5.375  1.82212  0  0
5.375  1.85354  0  0
5.375  1.88496  0  0
5.375  1.91637  0  0
5.375  1.94779  0  0
5.375  1.9792  0  0
5.375  2.01062  0  0
5.375  2.04204  0  0
5.375  2.07345  0  0
5.375  2.10487  0  0
5.375  2.13628  0  0
5.375  2.1677  0  0
5.375  2.19911  0  0
5.375  2.23053  0  0
5.375  2.26195  0  0
5.375  2.29336  0  0
5.375  2.32478  0  0
5.375  2.35619  0  0
5.375  2.38761  0  0
5.375  2.41903  0  0
5.375  2.45044  0  0
5.375  2.48186  0  0
5.375  2.51327  0  0
5.375  2.54469  0  0
5.375  2.57611  0  0
5.375  2.60752  0  0
5.375  2.63894  0  0
5.375  2.67035  0  0
5.375  2.70177  0  0
5.375  2.73319  0  0
5.375  2.7646  0  0
5.375  2.79602  0  0
5.375  2.82743  0  0
5.375  2.85885  0  0
5.375  2.89027  0  0
5.375  2.92168  0  0
5.375  2.9531  0  0
5.375  2.98451  0  0
5.375  3.01593  0  0
5.375  3.04734  0  0
5.375  3.07876  0  0
5.375  3.11018  0  0
5.5  0  0  0
5.5  0.0314159  0  0
5.5  0.0628319  0  0
5.5  0.0942478  0  0
5.5  0.125664  0  0
5.5  0.15708  0  0
5.5  0.188496  0  0
5.5  0.219911  0  0
5.5  0.251327  0  0
5.5  0.282743  0  0
5.5  0.314159  0  0
5.5  0.345575  0  0
5.5  0.376991  0  0
5.5  0.408407  0  0
5.5  0.439823  0  0
5.5  0.471239  0  0
5.5  0.502655  0  0
5.5  0.534071  0  0
5.5  0.565487  0  0
5.5  0.596903  0  0
5.5  0.628319  0  0
5.5  0.659734  0  0
5.5  0.69115  0  0
5.5  0.722566  0  0
5.5  0.753982  0  0
5.5  0.785398  0  0
5.5  0.816814  0  0
5.5  0.84823  0  0
5.5  0.879646  0  0
5.5  0.911062  0  0
5.5  0.942478  0  0
5.5  0.973894  0  0
5.5  1.00531  0  0
5.5  1.03673  0  0
5.5  1.06814  0  0
5.5  1.09956  0  0
5.5  1.13097  0  0
5.5  1.16239  0  0
5.5  1.19381  0  0
5.5  1.22522  0  0
5.5  1.25664  0  0
5.5  1.28805  0  0
5.5  1.31947  0  0
5.5  1.35088  0  0
5.5  1.3823  0  0
5.5  1.41372  0  0
5.5  1.44513  0  0
5.5  1.47655  0  0
5.5  1.50796  0  0
5.5  1.53938  0  0
5.5  1.5708  0  0
5.5  1.60221  0  0
5.5  1.63363  0  0
5.5  1.66504  0  0
5.5  1.69646  0  0
5.5  1.72788  0  0
5.5  1.75929  0  0
5.5  1.79071  0  0
5.5  1.82212  0  0
5.5  1.85354  0  0
5.5  1.88496  0  0
5.5  1.91637  0  0
5.5  1.94779  0  0
5.5  1.9792  0  0
5.5  2.01062  0  0
5.5  2.04204  0  0
5.5  2.07345  0  0
5.5  2.10487  0  0
5.5  2.13628  0  0
5.5  2.1677  0  0
5.5  2.19911  0  0
5.5  2.23053  0  0
5.5  2.26195  0  0
5.5  2.29336  0  0
5.5  2.32478  0  0
5.5  2.35619  0  0
5.5  2.38761  0  0
5.5  2.41903  0  0
5.5  2.45044  0  0
5.5  2.48186  0  0
5.5  2.51327  0  0
5.5  2.54469  0  0
5.5  2.57611  0  0
5.5  2.60752  0  0
5.5  2.63894  0  0
5.5  2.67035  0  0
5.5  2.70177  0  0
5.5  2.73319  0  0
5.5  2.7646  0  0
5.5  2.79602  0  0
5.5  2.82743  0  0
5.5  2.85885  0  0
5.5  2.89027  0  0
5.5  2.92168  0  0
5.5  2.9531  0  0
5.5  2.98451  0  0
5.5  3.01593  0  0
5.5  3.04734  0  0
5.5  3.07876  0  0
5.5  3.11018  0  0
5.625  0  0  0
5.625  0.0314159  0  0
5.625  0.0628319  0  0
5.625  0.0942478  0  0
5.625  0.125664  0  0
5.625  0.15708  0  0
5.625  0.188496  0  0
5.625  0.219911  0  0
5.625  0.251327  0  0
5.625  0.282743  0  0
5.625  0.314159  0  0
5.625  0.345575  0  0
5.625  0.376991  0  0
5.625  0.408407  0  0
5.625  0.439823  0  0
5.625  0.471239  0  0
5.625  0.502655  0  0
5.625  0.534071  0  0
5.625  0.565487  0  0
5.625  0.596903  0  0
5.625  0.628319  0  0
5.625  0.659734  0  0
5.625  0.69115  0  0
5.625  0.722566  0  0
5.625  0.753982  0  0
5.625  0.785398  0  0
5.625  0.816814  0  0
5.625  0.84823  0  0
5.625  0.879646  0  0
5.625  0.911062  0  0
5.625  0.942478  0  0
5.625  0.973894  0  0
5.625  1.00531  0  0
5.625  1.03673  0  0
5.625  1.06814  0  0
5.625  1.09956  0  0
5.625  1.13097  0  0
5.625  1.16239  0  0
5.625  1.19381  0  0
5.625  1.22522  0  0
5.625  1.25664  0  0
5.625  1.28805  0  0
5.625  1.31947  0  0
5.625  1.35088  0  0
5.625  1.3823  0  0
5.625  1.41372  0  0
5.625  1.44513  0  0
5.625  1.47655  0  0
5.625  1.50796  0  0
5.625  1.53938  0  0
5.625  1.5708  0  0
5.625  1.60221  0  0
5.625  1.63363  0  0
5.625  1.66504  0  0
5.625  1.69646  0  0
5.625  1.72788  0  0
5.625  1.75929  0  0
5.625  1.79071  0  0
5.625  1.82212  0  0
5.625  1.85354  0  0
5.625  1.88496  0  0
5.625  1.91637  0  0
5.625  1.94779  0  0
5.625  1.9792  0  0
5.625  2.01062  0  0
5.625  2.04204  0  0
5.625  2.07345  0  0
5.625  2.10487  0  0
5.625  2.13628  0  0
5.625  2.1677  0  0
5.625  2.19911  0  0
5.625  2.23053  0  0
5.625  2.26195  0  0
5.625  2.29336  0  0
5.625  2.32478  0  0
5.625  2.35619  0  0
5.625  2.38761  0  0
5.625  2.41903  0  0
5.625  2.45044  0  0
5.625  2.48186  0  0
5.625  2.51327  0  0
5.625  2.54469  0  0
5.625  2.57611  0  0
5.625  2.60752  0  0
5.625  2.63894  0  0
5.625  2.67035  0  0
5.625  2.70177  0  0
5.625  2.73319  0  0
5.625  2.7646  0  0
5.625  2.79602  0  0
5.625  2.82743  0  0
5.625  2.85885  0  0
5.625  2.89027  0  0
5.625  2.92168  0  0
5.625  2.9531  0  0
5.625  2.98451  0  0
5.625  3.01593  0  0
5.625  3.04734  0  0
5.625  3.07876  0  0
5.625  3.11018  0  0
5.75  0  0  0
5.75  0.0314159  0  0
5.75  0.0628319  0  0
5.75  0.0942478  0  0
5.75  0.125664  0  0
5.75  0.15708  0  0
5.75  0.188496  0  0
5.75  0.219911  0  0
5.75  0.251327  0  0
5.75  0.282743  0  0
5.75  0.314159  0  0
5.75  0.345575  0  0
5.75  0.376991  0  0
5.75  0.408407  0  0
5.75  0.439823  0  0
5.75  0.471239  0  0
5.75  0.502655  0  0
5.75  0.534071  0  0
5.75  0.565487  0  0
5.75  0.596903  0  0
5.75  0.628319  0  0
5.75  0.659734  0  0
5.75  0.69115  0  0
5.75  0.722566  0  0
5.75  0.753982  0  0
5.75  0.785398  0  0
5.75  0.816814  0  0
5.75  0.84823  0  0
5.75  0.879646  0  0
5.75  0.911062  0  0
5.75  0.942478  0  0
5.75  0.973894  0  0
5.75  1.00531  0  0
5.75  1.03673  0  0
5.75  1.06814  0  0
5.75  1.09956  0  0
5.75  1.13097  0  0
5.75  1.16239  0  0
5.75  1.19381  0  0
5.75  1.22522  0  0
5.75  1.25664  0  0
5.75  1.28805  0  0
5.75  1.31947  0  0
5.75  1.35088  0  0
5.75  1.3823  0  0
5.75  1.41372  0  0
5.75  1.44513  0  0
5.75  1.47655  0  0
5.75  1.50796  0.250178  2.26571
5.75  1.53938  0  0
5.75  1.5708  0  0
5.75  1.60221  0  0
5.75  1.63363  0  0
5.75  1.66504  0  0
5.75  1.69646  0  0
5.75  1.72788  0  0
5.75  1.75929  0  0
5.75  1.79071  0  0
5.75  1.82212  0  0
5.75  1.85354  0  0
5.75  1.88496  0  0
5.75  1.91637  0  0
5.75  1.94779  0  0
5.75  1.9792  0  0
5.75  2.01062  0  0
5.75  2.04204  0  0
5.75  2.07345  0  0
5.75  2.10487  0  0
5.75  2.13628  0  0
5.75  2.1677  0  0
5.75  2.19911  0  0
5.75  2.23053  0  0
5.75  2.26195  0  0
5.75  2.29336  0  0
5.75  2.32478  0  0
5.75  2.35619  0  0
5.75  2.38761  0  0
5.75  2.41903  0  0
5.75  2.45044  0  0
5.75  2.48186  0  0
5.75  2.51327  0  0
5.75  2.54469  0  0
5.75  2.57611  0  0
5.75  2.60752  0  0
5.75  2.63894  0  0
5.75  2.67035  0  0
5.75  2.70177  0  0
5.75  2.73319  0  0
5.75  2.7646  0  0
5.75  2.79602  0  0
5.75  2.82743  0  0
5.75  2.85885  0  0
5.75  2.89027  0  0
5.75  2.92168  0  0
5.75  2.9531  0  0
5.75  2.98451  0  0
5.75  3.01593  0  0
5.75  3.04734  0  0
5.75  3.07876  0  0
5.75  3.11018  0  0
5.875  0  0  0
5.875  0.0314159  0  0
5.875  0.0628319  0  0
5.875  0.0942478  0  0
5.875  0.125664  0  0
5.875  0.15708  0  0
5.875  0.188496  0  0
5.875  0.219911  0  0
5.875  0.251327  0  0
5.875  0.282743  0  0
5.875  0.314159  0  0
5.875  0.345575  0  0
5.875  0.376991  0  0
5.875  0.408407  0  0
5.875  0.439823  0  0
5.875  0.471239  0  0
5.875  0.502655  0  0
5.875  0.534071  0  0
5.875  0.565487  0  0
5.875  0.596903  0  0
5.875  0.628319  0  0
5.875  0.659734  0  0
5.875  0.69115  0  0
5.875  0.722566  0  0
5.875  0.753982  0  0
5.875  0.785398  0  0
5.875  0.816814  0  0
5.875  0.84823  0  0
5.875  0.879646  0  0
5.875  0.911062  0  0
5.875  0.942478  0  0
5.875  0.973894  0  0
5.875  1.00531  0  0
5.875  1.03673  0  0
5.875  1.06814  0  0
5.875  1.09956  0  0
5.875  1.13097  0  0
5.875  1.16239  0  0
5.875  1.19381  0  0
5.875  1.22522  0  0
5.875  1.25664  0  0
5.875  1.28805  0  0
5.875  1.31947  0  0
5.875  1.35088  0  0
5.875  1.3823  0  0
5.875  1.41372  0  0
5.875  1.44513  0  0
5.875  1.47655  0  0
5.875  1.50796  0  0
5.875  1.53938  0  0
5.875  1.5708  0  0
5.875  1.60221  0  0
5.875  1.63363  0  0
5.875  1.66504  0  0
5.875  1.69646  0  0
5.875  1.72788  0  0
5.875  1.75929  0  0
5.875  1.79071  0  0
5.875  1.82212  0  0
5.875  1.85354  0  0
5.875  1.88496  0  0
5.875  1.91637  0  0
5.875  1.94779  0  0
5.875  1.9792  0  0
5.875  2.01062  0  0
5.875  2.04204  0  0
5.875  2.07345  0  0
5.875  2.10487  0  0
5.875  2.13628  0  0
5.875  2.1677  0  0
5.875  2.19911  0  0
5.875  2.23053  0  0
5.875  2.26195  0  0
5.875  2.29336  0  0
5.875  2.32478  0  0
5.875  2.35619  0  0
5.875  2.38761  0  0
5.875  2.41903  0  0
5.875  2.45044  0  0
5.875  2.48186  0  0
5.875  2.51327  0  0
5.875  2.54469  0  0
5.875  2.57611  0  0
5.875  2.60752  0  0
5.875  2.63894  0  0
5.875  2.67035  0  0
5.875  2.70177  0  0
5.875  2.73319  0  0
5.875  2.7646  0  0
5.875  2.79602  0  0
5.875  2.82743  0  0
5.875  2.85885  0  0
5.875  2.89027  0  0
5.875  2.92168  0  0
5.875  2.9531  0  0
5.875  2.98451  0  0
5.875  3.01593  0  0
5.875  3.04734  0  0
5.875  3.07876  0  0
5.875  3.11018  0  0
6  0  0  0
6  0.0314159  0  0
6  0.0628319  0  0
6  0.0942478  0  0
6  0.125664  0  0
6  0.15708  0  0
6  0.188496  0  0
6  0.219911  0  0
6  0.251327  0  0
6  0.282743  0  0
6  0.314159  0  0
6  0.345575  0  0
6  0.376991  0  0
6  0.408407  0  0
6  0.439823  0  0
6  0.471239  0  0
6  0.502655  0  0
6  0.534071  0  0
6  0.565487  0  0
6  0.596903  0  0
6  0.628319  0  0
6  0.659734  0  0
6  0.69115  0  0
6  0.722566  0  0
6  0.753982  0  0
6  0.785398  0  0
6  0.816814  0  0
6  0.84823  0  0
6  0.879646  0  0
6  0.911062  0  0
6  0.942478  0  0
6  0.973894  0  0
6  1.00531  0  0
6  1.03673  0  0
6  1.06814  0  0
6  1.09956  0  0
6  1.13097  0  0
6  1.16239  0  0
6  1.19381  0  0
6  1.22522  0  0
6  1.25664  0  0
6  1.28805  0  0
6  1.31947  0  0
6  1.35088  0  0
6  1.3823  0  0
6  1.41372  0  0
6  1.44513  0  0
6  1.47655  0  0
6  1.50796  0  0
6  1.53938  0  0
6  1.5708  0  0
6  1.60221  0  0
6  1.63363  0  0
6  1.66504  0  0
6  1.69646  0  0
6  1.72788  0  0
6  1.75929  0  0
6  1.79071  0  0
6  1.82212  0  0
6  1.85354  0  0
6  1.88496  0  0
6  1.91637  0  0
6  1.94779  0  0
6  1.9792  0  0
6  2.01062  0  0
6  2.04204  0  0
6  2.07345  0  0
6  2.10487  0  0
6  2.13628  0  0
6  2.1677  0  0
6  2.19911  0  0
6  2.23053  0  0
6  2.26195  0  0
6  2.29336  0  0
6  2.32478  0  0
6  2.35619  0  0
6  2.38761  0  0
6  2.41903  0  0
6  2.45044  0  0
6  2.48186  0  0
6  2.51327  0  0
6  2.54469  0  0
6  2.57611  0  0
6  2.60752  0  0
6  2.63894  0  0
6  2.67035  0  0
6  2.70177  0  0
6  2.73319  0  0
6  2.7646  0  0
6  2.79602  0  0
6  2.82743  0  0
6  2.85885  0  0
6  2.89027  0  0
6  2.92168  0  0
6  2.9531  0  0
6  2.98451  0  0
6  3.01593  0  0
6  3.04734  0  0
6  3.07876  0  0
6  3.11018  0  0
6.125  0  0  0
6.125  0.0314159  0  0
6.125  0.0628319  0  0
6.125  0.0942478  0  0
6.125  0.125664  0  0
6.125  0.15708  0  0
6.125  0.188496  0  0
6.125  0.219911  0  0
6.125  0.251327  0  0
6.125  0.282743  0  0
6.125  0.314159  0  0
6.125  0.345575  0  0
6.125  0.376991  0  0
6.125  0.408407  0  0
6.125  0.439823  0  0
6.125  0.471239  0  0
6.125  0.502655  0  0
6.125  0.534071  0  0
6.125  0.565487  0  0
6.125  0.596903  0  0
6.125  0.628319  0  0
6.125  0.659734  0  0
6.125  0.69115  0  0
6.125  0.722566  0  0
6.125  0.753982  0  0
6.125  0.785398  0  0
6.125  0.816814  0  0
6.125  0.84823  0  0
6.125  0.879646  0  0
6.125  0.911062  0  0
6.125  0.942478  0  0
6.125  0.973894  0  0
6.125  1.00531  0  0
6.125  1.03673  0  0
6.125  1.06814  0  0
6.125  1.09956  0  0
6.125  1.13097  0  0
6.125  1.16239  0  0
6.125  1.19381  0  0
6.125  1.22522  0  0
6.125  1.25664  0  0
6.125  1.28805  0  0
6.125  1.31947  0  0
6.125  1.35088  0  0
6.125  1.3823  0  0
6.125  1.41372  0  0
6.125  1.44513  0  0
6.125  1.47655  0  0
6.125  1.50796  0  0
6.125  1.53938  0  0
6.125  1.5708  0  0
6.125  1.60221  0  0
6.125  1.63363  0  0
6.125  1.66504  0  0
6.125  1.69646  0  0
6.125  1.72788  0  0
6.125  1.75929  0  0
6.125  1.79071  0  0
6.125  1.82212  0  0
6.125  1.85354  0  0
6.125  1.88496  0  0
6.125  1.91637  0  0
6.125  1.94779  0  0
6.125  1.9792  0  0
6.125  2.01062  0  0
6.125  2.04204  0  0
6.125  2.07345  0  0
6.125  2.10487  0  0
6.125  2.13628  0  0
6.125  2.1677  0  0
6.125  2.19911  0  0
6.125  2.23053  0  0
6.125  2.26195  0  0
6.125  2.29336  0  0
6.125  2.32478  0  0
6.125  2.35619  0  0
6.125  2.38761  0  0
6.125  2.41903  0  0
6.125  2.45044  0  0
6.125  2.48186  0  0
6.125  2.51327  0  0
6.125  2.54469  0  0
6.125  2.57611  0  0
6.125  2.60752  0  0
6.125  2.63894  0  0
6.125  2.67035  0  0
6.125  2.70177  0  0
6.125  2.73319  0  0
6.125  2.7646  0  0
6.125  2.79602  0  0
6.125  2.82743  0  0
6.125  2.85885  0  0
6.125  2.89027  0  0
6.125  2.92168  0  0
6.125  2.9531  0  0
6.125  2.98451  0  0
6.125  3.01593  0  0
6.125  3.04734  0  0
6.125  3.07876  0  0
6.125  3.11018  0  0
6.25  0  0  0
6.25  0.0314159  0  0
6.25  0.0628319  0  0
6.25  0.0942478  0  0
6.25  0.125664  0  0
6.25  0.15708  0  0
6.25  0.188496  0  0
6.25  0.219911  0  0
6.25  0.251327  0  0
6.25  0.282743  0  0
6.25  0.314159  0  0
6.25  0.345575  0  0
6.25  0.376991  0  0
6.25  0.408407  0  0
6.25  0.439823  0  0
6.25  0.471239  0  0
6.25  0.502655  0  0
6.25  0.534071  0  0
6.25  0.565487  0  0
6.25  0.596903  0  0
6.25  0.628319  0  0
6.25  0.659734  0  0
6.25  0.69115  0  0
6.25  0.722566  0  0
6.25  0.753982  0  0
6.25  0.785398  0  0
6.25  0.816814  0  0
6.25  0.84823  0  0
6.25  0.879646  0  0
6.25  0.911062  0  0
6.25  0.942478  0  0
6.25  0.973894  0  0
6.25  1.00531  0  0
6.25  1.03673  0  0
6.25  1.06814  0  0
6.25  1.09956  0  0
6.25  1.13097  0  0
6.25  1.16239  0  0
6.25  1.19381  0  0
6.25  1.22522  0  0
6.25  1.25664  0  0
6.25  1.28805  0  0
6.25  1.31947  0  0
6.25  1.35088  0  0
6.25  1.3823  0  0
6.25  1.41372  0  0
6.25  1.44513  0  0
6.25  1.47655  0  0
6.25  1.50796  0  0
6.25  1.53938  0  0
6.25  1.5708  0  0
6.25  1.60221  0  0
6.25  1.63363  0  0
6.25  1.66504  0  0
6.25  1.69646  0  0
6.25  1.72788  0  0
6.25  1.75929  0  0
6.25  1.79071  0  0
6.25  1.82212  0  0
6.25  1.85354  0  0
6.25  1.88496  0  0
6.25  1.91637  0  0
6.25  1.94779  0  0
6.25  1.9792  0  0
6.25  2.01062  0  0
6.25  2.04204  0  0
6.25  2.07345  0  0
6.25  2.10487  0  0
6.25  2.13628  0  0
6.25  2.1677  0  0
6.25  2.19911  0  0
6.25  2.23053  0  0
6.25  2.26195  0  0
6.25  2.29336  0  0
6.25  2.32478  0  0
6.25  2.35619  0  0
6.25  2.38761  0  0
6.25  2.41903  0  0
6.25  2.45044  0  0
6.25  2.48186  0  0
6.25  2.51327  0  0
6.25  2.54469  0  0
6.25  2.57611  0  0
6.25  2.60752  0  0
6.25  2.63894  0  0
6.25  2.67035  0  0
6.25  2.70177  0  0
6.25  2.73319  0  0
6.25  2.7646  0  0
6.25  2.79602  0  0
6.25  2.82743  0  0
6.25  2.85885  0  0
6.25  2.89027  0  0
6.25  2.92168  0  0
6.25  2.9531  0  0
6.25  2.98451  0  0
6.25  3.01593  0  0
6.25  3.04734  0  0
6.25  3.07876  0  0
6.25  3.11018  0  0
6.375  0  0  0
6.375  0.0314159  0  0
6.375  0.0628319  0  0
6.375  0.0942478  0  0
6.375  0.125664  0  0
6.375  0.15708  0  0
6.375  0.188496  0  0
6.375  0.219911  0  0
6.375  0.251327  0  0
6.375  0.282743  0  0
6.375  0.314159  0  0
6.375  0.345575  0  0
6.375  0.376991  0  0
6.375  0.408407  0  0
6.375  0.439823  0  0
6.375  0.471239  0  0
6.375  0.502655  0  0
6.375  0.534071  0  0
6.375  0.565487  0  0
6.375  0.596903  0  0
6.375  0.628319  0  0
6.375  0.659734  0  0
6.375  0.69115  0  0
6.375  0.722566  0  0
6.375  0.753982  0  0
6.375  0.785398  0  0
6.375  0.816814  0  0
6.375  0.84823  0  0
6.375  0.879646  0  0
6.375  0.911062  0  0
6.375  0.942478  0  0
6.375  0.973894  0  0
6.375  1.00531  0  0
6.375  1.03673  0  0
6.375  1.06814  0  0
6.375  1.09956  0  0
6.375  1.13097  0  0
6.375  1.16239  0  0
6.375  1.19381  0  0
6.375  1.22522  0  0
6.375  1.25664  0  0
6.375  1.28805  0  0
6.375  1.31947  0  0
6.375  1.35088  0  0
6.375  1.3823  0  0
6.375  1.41372  0  0
6.375  1.44513  0  0
6.375  1.47655  0  0
6.375  1.50796  0  0
6.375  1.53938  0  0
6.375  1.5708  0  0
6.375  1.60221  0  0
6.375  1.63363  0  0
6.375  1.66504  0  0
6.375  1.69646  0  0
6.375  1.72788  0  0
6.375  1.75929  0  0
6.375  1.79071  0  0
6.375  1.82212  0  0
6.375  1.85354  0  0
6.375  1.88496  0  0
6.375  1.91637  0  0
6.375  1.94779  0  0
6.375  1.9792  0  0
6.375  2.01062  0  0
6.375  2.04204  0  0
6.375  2.07345  0  0
6.375  2.10487  0  0
6.375  2.13628  0  0
6.375  2.1677  0  0
6.375  2.19911  0  0
6.375  2.23053  0  0
6.375  2.26195  0  0
6.375  2.29336  0  0
6.375  2.32478  0  0
6.375  2.35619  0  0
6.375  2.38761  0  0
6.375  2.41903  0  0
6.375  2.45044  0  0
6.375  2.48186  0  0
6.375  2.51327  0  0
6.375  2.54469  0  0
6.375  2.57611  0  0
6.375  2.60752  0  0
6.375  2.63894  0  0
6.375  2.67035  0  0
6.375  2.70177  0  0
6.375  2.73319  0  0
6.375  2.7646  0  0
6.375  2.79602  0  0
6.375  2.82743  0  0
6.375  2.85885  0  0
6.375  2.89027  0  0
6.375  2.92168  0  0
6.375  2.9531  0  0
6.375  2.98451  0  0
6.375  3.01593  0  0
6.375  3.04734  0  0
6.375  3.07876  0  0
6.375  3.11018  0  0
6.5  0  0  0
6.5  0.0314159  0  0
6.5  0.0628319  0  0
6.5  0.0942478  0  0
6.5  0.125664  0  0
6.5  0.15708  0  0
6.5  0.188496  0  0
6.5  0.219911  0  0
6.5  0.251327  0  0
6.5  0.282743  0  0
6.5  0.314159  0  0
6.5  0.345575  0  0
6.5  0.376991  0  0
6.5  0.408407  0  0
6.5  0.439823  0  0
6.5  0.471239  0  0
6.5  0.502655  0  0
6.5  0.534071  0  0
6.5  0.565487  0  0
6.5  0.596903  0  0
6.5  0.628319  0  0
6.5  0.659734  0  0
6.5  0.69115  0  0
6.5  0.722566  0  0
6.5  0.753982  0  0
6.5  0.785398  0  0
6.5  0.816814  0  0
6.5  0.84823  0  0
6.5  0.879646  0  0
6.5  0.911062  0  0
6.5  0.942478  0  0
6.5  0.973894  0  0
6.5  1.00531  0  0
6.5  1.03673  0  0
6.5  1.06814  0  0
6.5  1.09956  0  0
6.5  1.13097  0  0
6.5  1.16239  0  0
6.5  1.19381  0  0
6.5  1.22522  0  0
6.5  1.25664  0  0
6.5  1.28805  0  0
6.5  1.31947  0  0
6.5  1.35088  0  0
6.5  1.3823  0  0
6.5  1.41372  0  0
6.5  1.44513  0  0
6.5  1.47655  0.251558  2.01979
6.5  1.50796  0  0
6.5  1.53938  0  0
6.5  1.5708  0  0
6.5  1.60221  0.250411  2.26505
6.5  1.63363  0  0
6.5  1.66504  0  0
6.5  1.69646  0  0
6.5  1.72788  0  0
6.5  1.75929  0  0
6.5  1.79071  0  0
6.5  1.82212  0  0
6.5  1.85354  0  0
6.5  1.88496  0  0
6.5  1.91637  0  0
6.5  1.94779  0  0
6.5  1.9792  0  0
6.5  2.01062  0  0
6.5  2.04204  0  0
6.5  2.07345  0  0
6.5  2.10487  0  0
6.5  2.13628  0  0
6.5  2.1677  0  0
6.5  2.19911  0  0
6.5  2.23053  0  0
6.5  2.26195  0  0
6.5  2.29336  0  0
6.5  2.32478  0  0
6.5  2.35619  0  0
6.5  2.38761  0  0
6.5  2.41903  0  0
6.5  2.45044  0  0
6.5  2.48186  0  0
6.5  2.51327  0  0
6.5  2.54469  0  0
6.5  2.57611  0  0
6.5  2.60752  0  0
6.5  2.63894  0  0
6.5  2.67035  0  0
6.5  2.70177  0  0
6.5  2.73319  0  0
6.5  2.7646  0  0
6.5  2.79602  0  0
6.5  2.82743  0  0
6.5  2.85885  0  0
6.5  2.89027  0  0
6.5  2.92168  0  0
6.5  2.9531  0  0
6.5  2.98451  0  0
6.5  3.01593  0  0
6.5  3.04734  0  0
6.5  3.07876  0  0
6.5  3.11018  0  0
6.625  0  0  0
6.625  0.0314159  0  0
6.625  0.0628319  0  0
6.625  0.0942478  0  0
6.625  0.125664  0  0
6.625  0.15708  0  0
6.625  0.188496  0  0
6.625  0.219911  0  0
6.625  0.251327  0  0
6.625  0.282743  0  0
6.625  0.314159  0  0
6.625  0.345575  0  0
6.625  0.376991  0  0
6.625  0.408407  0  0
6.625  0.439823  0  0
6.625  0.471239  0  0
6.625  0.502655  0  0
6.625  0.534071  0  0
6.625  0.565487  0  0
6.625  0.596903  0  0
6.625  0.628319  0  0
6.625  0.659734  0  0
6.625  0.69115  0  0
6.625  0.722566  0  0
6.625  0.753982  0  0
6.625  0.785398  0  0
6.625  0.816814  0  0
6.625  0.84823  0  0
6.625  0.879646  0  0
6.625  0.911062  0  0
6.625  0.942478  0  0
6.625  0.973894  0  0
6.625  1.00531  0  0
6.625  1.03673  0  0
6.625  1.06814  0  0
6.625  1.09956  0  0
6.625  1.13097  0  0
6.625  1.16239  0  0
6.625  1.19381  0  0
6.625  1.22522  0  0
6.625  1.25664  0  0
6.625  1.28805  0.258759  1.70226
6.625  1.31947  0.293551  0.198733
6.625  1.35088  0.00733266  0.053806
6.625  1.3823  0.572436  0.422676
6.625  1.41372  0.3475  0.287705
6.625  1.44513  0.335681  0.174376
6.625  1.47655  0.297609  0.246475
6.625  1.50796  0.437274  0.39838
6.625  1.53938  0.455175  0.352365
6.625  1.5708  0.62874  0.344684
6.625  1.60221  0.453803  0.268016
6.625  1.63363  0.430098  0.372823
6.625  1.66504  0.394504  0.209044
6.625  1.69646  0.523343  0.307157
6.625  1.72788  0.210097  0.115812
6.625  1.75929  0.258759  1.70226
6.625  1.79071  0.258759  1.70226
6.625  1.82212  0  0
6.625  1.85354  0  0
6.625  1.88496  0  0
6.625  1.91637  0.224375  1.55111
6.625  1.94779  0  0
6.625  1.9792  0  0
6.625  2.01062  0  0
6.625  2.04204  0  0
6.625  2.07345  0  0
6.625  2.10487  0  0
6.625  2.13628  0  0
6.625  2.1677  0  0
6.625  2.19911  0  0
6.625  2.23053  0  0
6.625  2.26195  0  0
6.625  2.29336  0  0
6.625  2.32478  0  0
6.625  2.35619  0  0
6.625  2.38761  0  0
6.625  2.41903  0  0
6.625  2.45044  0  0
6.625  2.48186  0  0
6.625  2.51327  0  0
6.625  2.54469  0  0
6.625  2.57611  0  0
6.625  2.60752  0  0
6.625  2.63894  0  0
6.625  2.67035  0  0
6.625  2.70177  0  0
6.625  2.73319  0  0
6.625  2.7646  0  0
6.625  2.79602  0  0
6.625  2.82743  0  0
6.625  2.85885  0  0
6.625  2.89027  0  0
6.625  2.92168  0  0
6.625  2.9531  0  0
6.625  2.98451  0  0
6.625  3.01593  0  0
6.625  3.04734  0  0
6.625  3.07876  0  0
6.625  3.11018  0  0
6.75  0  0  0
6.75  0.0314159  0  0
6.75  0.0628319  0  0
6.75  0.0942478  0  0
6.75  0.125664  0  0
6.75  0.15708  0  0
6.75  0.188496  0  0
6.75  0.219911  0  0
6.75  0.251327  0  0
6.75  0.282743  0  0
6.75  0.314159  0  0
6.75  0.345575  0  0
6.75  0.376991  0  0
6.75  0.408407  0  0
6.75  0.439823  0  0
6.75  0.471239  0  0
6.75  0.502655  0  0
6.75  0.534071  0  0
6.75  0.565487  0  0
6.75  0.596903  0  0
6.75  0.628319  0  0
6.75  0.659734  0  0
6.75  0.69115  0  0
6.75  0.722566  0  0
6.75  0.753982  0  0
6.75  0.785398  0  0
6.75  0.816814  0  0
6.75  0.84823  0  0
6.75  0.879646  0  0
6.75  0.911062  0  0
6.75  0.942478  0  0
6.75  0.973894  0  0
6.75  1.00531  0  0
6.75  1.03673  0  0
6.75  1.06814  0  0
6.75  1.09956  0  0
6.75  1.13097  0  0
6.75  1.16239  0  0
6.75  1.19381  0.258759  1.70226
6.75  1.22522  0.258759  1.70226
6.75  1.25664  0.448534  0.3303
6.75  1.28805  0.352827  0.324004
6.75  1.31947  0.352614  0.290361
6.75  1.35088  0.413633  0.380298
6.75  1.3823  0.438247  0.295898
6.75  1.41372  0.420894  0.409873
6.75  1.44513  0.425755  0.403204
6.75  1.47655  0.350075  0.200942
6.75  1.50796  0.24198  0.230037
6.75  1.53938  0.444775  0.415513
6.75  1.5708  0.29482  0.364872
6.75  1.60221  0.432181  0.366224
6.75  1.63363  0.537089  0.527268
6.75  1.66504  0.39704  0.24601
6.75  1.69646  0.410402  0.303294
6.75  1.72788  0.40459  0.229301
6.75  1.75929  0.313692  0.190632
6.75  1.79071  0.555504  0.427347
6.75  1.82212  0.220204  0.241209
6.75  1.85354  0.533587  0.514389
6.75  1.88496  0.211812  0.204197
6.75  1.91637  0.0429484  0.315149
6.75  1.94779  0  0
6.75  1.9792  0  0
6.75  2.01062  0  0
6.75  2.04204  0  0
6.75  2.07345  0  0
6.75  2.10487  0  0
6.75  2.13628  0  0
6.75  2.1677  0  0
6.75  2.19911  0  0
6.75  2.23053  0  0
6.75  2.26195  0  0
6.75  2.29336  0  0
6.75  2.32478  0  0
6.75  2.35619  0  0
6.75  2.38761  0  0
6.75  2.41903  0  0
6.75  2.45044  0  0
6.75  2.48186  0  0
6.75  2.51327  0  0
6.75  2.54469  0  0
6.75  2.57611  0  0
6.75  2.60752  0  0
6.75  2.63894  0  0
6.75  2.67035  0  0
6.75  2.70177  0  0
6.75  2.73319  0  0
6.75  2.7646  0  0
6.75  2.79602  0  0
6.75  2.82743  0  0
6.75  2.85885  0  0
6.75  2.89027  0  0
6.75  2.92168  0  0
6.75  2.9531  0  0
6.75  2.98451  0  0
6.75  3.01593  0  0
6.75  3.04734  0  0
6.75  3.07876  0  0
6.75  3.11018  0  0
6.875  0  0  0
6.875  0.0314159  0  0
6.875  0.0628319  0  0
6.875  0.0942478  0  0
6.875  0.125664  0  0
6.875  0.15708  0  0
6.875  0.188496  0  0
6.875  0.219911  0  0
6.875  0.251327  0  0
6.875  0.282743  0  0
6.875  0.314159  0  0
6.875  0.345575  0  0
6.875  0.376991  0  0
6.875  0.408407  0  0
6.875  0.439823  0  0
6.875  0.471239  0  0
6.875  0.502655  0  0
6.875  0.534071  0  0
6.875  0.565487  0  0
6.875  0.596903  0  0
6.875  0.628319  0  0
6.875  0.659734  0  0
6.875  0.69115  0  0
6.875  0.722566  0  0
6.875  0.753982  0  0
6.875  0.785398  0  0
6.875  0.816814  0  0
6.875  0.84823  0  0
6.875  0.879646  0  0
6.875  0.911062  0  0
6.875  0.942478  0  0
6.875  0.973894  0  0
6.875  1.00531  0  0
6.875  1.03673  0  0
6.875  1.06814  0  0
6.875  1.09956  0  0
6.875  1.13097  0  0
6.875  1.16239  0.530633  0.474269
6.875  1.19381  0.393505  0.251507
6.875  1.22522  0.404702  0.275637
6.875  1.25664  0.447373  0.405612
6.875  1.28805  0.441419  0.420829
6.875  1.31947  0.45587  0.409344
6.875  1.35088  0.228219  0.282072
6.875  1.3823  0.228449  0.23823
6.875  1.41372  0.211379  0.253397
6.875  1.44513  0.39514  0.24674
6.875  1.47655  0.345818  0.350731
6.875  1.50796  0.44485  0.444414
6.875  1.53938  0.256205  0.212339
6.875  1.5708  0.504746  0.486256
6.875  1.60221  0.458246  0.273665
6.875  1.63363  0.422807  0.265054
6.875  1.66504  0.247281  0.29431
6.875  1.69646  0.293924  0.318449
6.875  1.72788  0.420193  0.412931
6.875  1.75929  0.478032  0.283635
6.875  1.79071  0.425017  0.416687
6.875  1.82212  0.436727  0.397946
6.875  1.85354  0.318458  0.197874
6.875  1.88496  0.404799  0.345918
6.875  1.91637  0.422323  0.232546
6.875  1.94779  0.0289815  0.212662
6.875  1.9792  0.258759  1.70226
6.875  2.01062  0  0
6.875  2.04204  0  0
6.875  2.07345  0  0
6.875  2.10487  0  0
6.875  2.13628  0  0
6.875  2.1677  0  0
6.875  2.19911  0  0
6.875  2.23053  0  0
6.875  2.26195  0  0
6.875  2.29336  0  0
6.875  2.32478  0  0
6.875  2.35619  0  0
6.875  2.38761  0  0
6.875  2.41903  0  0
6.875  2.45044  0  0
6.875  2.48186  0  0
6.875  2.51327  0  0
6.875  2.54469  0  0
6.875  2.57611  0  0
6.875  2.60752  0  0
6.875  2.63894  0  0
6.875  2.67035  0  0
6.875  2.70177  0  0
6.875  2.73319  0  0
6.875  2.7646  0  0
6.875  2.79602  0  0
6.875  2.82743  0  0
6.875  2.85885  0  0
6.875  2.89027  0  0
6.875  2.92168  0  0
6.875  2.9531  0  0
6.875  2.98451  0  0
6.875  3.01593  0  0
6.875  3.04734  0  0
6.875  3.07876  0  0
6.875  3.11018  0  0
7  0  0  0
7  0.0314159  0  0
7  0.0628319  0  0
7  0.0942478  0  0
7  0.125664  0  0
7  0.15708  0  0
7  0.188496  0  0
7  0.219911  0  0
7  0.251327  0  0
7  0.282743  0  0
7  0.314159  0  0
7  0.345575  0  0
7  0.376991  0  0
7  0.408407  0  0
7  0.439823  0  0
7  0.471239  0  0
7  0.502655  0  0
7  0.534071  0  0
7  0.565487  0  0
7  0.596903  0  0
7  0.628319  0  0
7  0.659734  0  0
7  0.69115  0  0
7  0.722566  0  0
7  0.753982  0  0
7  0.785398  0  0
7  0.816814  0  0
7  0.84823  0  0
7  0.879646  0  0
7  0.911062  0  0
7  0.942478  0  0
7  0.973894  0  0
7  1.00531  0  0
7  1.03673  0  0
7  1.06814  0  0
7  1.09956  0.154177  0.14671
7  1.13097  0.393869  0.279067
7  1.16239  0.384145  0.253465
7  1.19381  0.39808  0.361389
7  1.22522  0.245115  0.239263
7  1.25664  0.376089  0.214405
7  1.28805  0.442869  0.38734
7  1.31947  0.328732  0.384547
7  1.35088  0.237155  0.326369
7  1.3823  0.158414  0.247855
7  1.41372  0.236635  0.274109
7  1.44513  0.458282  0.419335
7  1.47655  0.43146  0.417321
7  1.50796  0.366447  0.3934
7  1.53938  0.264153  0.303353
7  1.5708  0.230546  0.285136
7  1.60221  0.181572  0.279876
7  1.63363  0.257299  0.276259
7  1.66504  0.338074  0.284297
7  1.69646  0.482237  0.241325
7  1.72788  0.439821  0.38295
7  1.75929  0.178714  0.241208
7  1.79071  0.476572  0.407521
7  1.82212  0.294681  0.234283
7  1.85354  0.437609  0.436747
7  1.88496  0.237755  0.266051
7  1.91637  0.412634  0.296604
7  1.94779  0.441738  0.289466
7  1.9792  0.388155  0.376673
7  2.01062  0.0984253  0.0872651
7  2.04204  0  0
7  2.07345  0  0
7  2.10487  0  0
7  2.13628  0  0
7  2.1677  0  0
7  2.19911  0  0
7  2.23053  0  0
7  2.26195  0  0
7  2.29336  0  0
7  2.32478  0  0
7  2.35619  0  0
7  2.38761  0  0
7  2.41903  0  0
7  2.45044  0  0
7  2.48186  0  0
7  2.51327  0  0
7  2.54469  0  0
7  2.57611  0  0
7  2.60752  0  0
7  2.63894  0  0
7  2.67035  0  0
7  2.70177  0  0
7  2.73319  0  0
7  2.7646  0  0
7  2.79602  0  0
7  2.82743  0  0
7  2.85885  0  0
7  2.89027  0  0
7  2.92168  0  0
7  2.9531  0  0
7  2.98451  0  0
7  3.01593  0  0
7  3.04734  0  0
7  3.07876  0  0
7  3.11018  0  0
7.125  0  0  0
7.125  0.0314159  0  0
7.125  0.0628319  0  0
7.125  0.0942478  0  0
7.125  0.125664  0  0
7.125  0.15708  0  0
7.125  0.188496  0  0
7.125  0.219911  0  0
7.125  0.251327  0  0
7.125  0.282743  0  0
7.125  0.314159  0  0
7.125  0.345575  0  0
7.125  0.376991  0  0
7.125  0.408407  0  0
7.125  0.439823  0  0
7.125  0.471239  0  0
7.125  0.502655  0  0
7.125  0.534071  0  0
7.125  0.565487  0  0
7.125  0.596903  0  0
7.125  0.628319  0  0
7.125  0.659734  0  0
7.125  0.69115  0  0
7.125  0.722566  0  0
7.125  0.753982  0  0
7.125  0.785398  0  0
7.125  0.816814  0  0
7.125  0.84823  0  0
7.125  0.879646  0  0
7.125  0.911062  0  0
7.125  0.942478  0  0
7.125  0.973894  0  0
7.125  1.00531  0  0
7.125  1.03673  0.062153  0.45607
7.125  1.06814  0.294314  0.212527
7.125  1.09956  0.345101  0.351849
7.125  1.13097  0.380353  0.30037
7.125  1.16239  0.176655  0.258701
7.125  1.19381  0.2856  0.273071
7.125  1.22522  0.32874  0.250033
7.125  1.25664  0.394768  0.230479
7.125  1.28805  0.173624  0.289786
7.125  1.31947  0.321372  0.396185
7.125  1.35088  0.296288  0.250931
7.125  1.3823  0.30662  0.308663
7.125  1.41372  0.334801  0.314284
7.125  1.44513  0.439462  0.334877
7.125  1.47655  0.357701  0.205383
7.125  1.50796  0.388732  0.35876
7.125  1.53938  0.449836  0.25365
7.125  1.5708  0.441526  0.424991
7.125  1.60221  0.352068  0.376206
7.125  1.63363  0.37464  0.345923
7.125  1.66504  0.356143  0.243997
7.125  1.69646  0.43643  0.233281
7.125  1.72788  0.428573  0.223737
7.125  1.75929  0.228509  0.248574
7.125  1.79071  0.381069  0.213817
7.125  1.82212  0.326635  0.276718
7.125  1.85354  0.355856  0.269831
7.125  1.88496  0.270061  0.304152
7.125  1.91637  0.331851  0.255669
7.125  1.94779  0.466555  0.372014
7.125  1.9792  0.336843  0.220744
7.125  2.01062  0.235351  0.259606
7.125  2.04204  0.36059  0.307175
7.125  2.07345  0.258759  1.70226
7.125  2.10487  0  0
7.125  2.13628  0  0
7.125  2.1677  0  0
7.125  2.19911  0  0
7.125  2.23053  0  0
7.125  2.26195  0  0
7.125  2.29336  0  0
7.125  2.32478  0  0
7.125  2.35619  0  0
7.125  2.38761  0  0
7.125  2.41903  0  0
7.125  2.45044  0  0
7.125  2.48186  0  0
7.125  2.51327  0  0
7.125  2.54469  0  0
7.125  2.57611  0  0
7.125  2.60752  0  0
7.125  2.63894  0  0
7.125  2.67035  0  0
7.125  2.70177  0  0
7.125  2.73319  0  0
7.125  2.7646  0  0
7.125  2.79602  0  0
7.125  2.82743  0  0
7.125  2.85885  0  0
7.125  2.89027  0  0
7.125  2.92168  0  0
7.125  2.9531  0  0
7.125  2.98451  0  0
7.125  3.01593  0  0
7.125  3.04734  0  0
7.125  3.07876  0  0
7.125  3.11018  0  0
7.25  0  0  0
7.25  0.0314159  0  0
7.25  0.0628319  0  0
7.25  0.0942478  0  0
7.25  0.125664  0  0
7.25  0.15708  0  0
7.25  0.188496  0  0
7.25  0.219911  0  0
7.25  0.251327  0  0
7.25  0.282743  0  0
7.25  0.314159  0  0
7.25  0.345575  0  0
7.25  0.376991  0  0
7.25  0.408407  0  0
7.25  0.439823  0  0
7.25  0.471239  0  0
7.25  0.502655  0  0
7.25  0.534071  0  0
7.25  0.565487  0  0
7.25  0.596903  0  0
7.25  0.628319  0  0
7.25  0.659734  0  0
7.25  0.69115  0  0
7.25  0.722566  0  0
7.25  0.753982  0  0
7.25  0.785398  0  0
7.25  0.816814  0  0
7.25  0.84823  0  0
7.25  0.879646  0  0
7.25  0.911062  0  0
7.25  0.942478  0  0
7.25  0.973894  0.220966  2.11477
7.25  1.00531  0.0666655  0.0614902
7.25  1.03673  0.172836  0.242894
7.25  1.06814  0.381344  0.347323
7.25  1.09956  0.371616  0.236249
7.25  1.13097  0.369226  0.38141
7.25  1.16239  0.188916  0.207223
7.25  1.19381  0.215783  0.246568
7.25  1.22522  0.377584  0.354474
7.25  1.25664  0.409186  0.220405
7.25  1.28805  0.337157  0.392163
7.25  1.31947  0.291956  0.327553
7.25  1.35088  0.324927  0.292128
7.25  1.3823  0.426737  0.416624
7.25  1.41372  0.414572  0.256298
7.25  1.44513  0.524068  0.321766
7.25  1.47655  0.298347  0.239897
7.25  1.50796  0.438959  0.334857
7.25  1.53938  0.437508  0.218831
7.25  1.5708  0.286316  0.302146
7.25  1.60221  1.7407  1.03492
7.25  1.63363  0.402397  0.288111
7.25  1.66504  0.458166  0.302852
7.25  1.69646  0.351468  0.183298
7.25  1.72788  0.42242  0.421962
7.25  1.75929  0.37862  0.394203
7.25  1.79071  0.262525  0.280836
7.25  1.82212  0.324398  0.255653
7.25  1.85354  0.452614  0.226582
7.25  1.88496  0.370917  0.269997
7.25  1.91637  0.470519  0.448649
7.25  1.94779  0.20859  0.288156
7.25  1.9792  0.204691  0.300906
7.25  2.01062  0.256786  0.195936
7.25  2.04204  0.382142  0.197183
7.25  2.07345  0.299206  0.391027
7.25  2.10487  0.283045  0.165496
7.25  2.13628  0  0
7.25  2.1677  0  0
7.25  2.19911  0  0
7.25  2.23053  0  0
7.25  2.26195  0  0
7.25  2.29336  0  0
7.25  2.32478  0  0
7.25  2.35619  0  0
7.25  2.38761  0  0
7.25  2.41903  0  0
7.25  2.45044  0  0
7.25  2.48186  0  0
7.25  2.51327  0  0
7.25  2.54469  0  0
7.25  2.57611  0  0
7.25  2.60752  0  0
7.25  2.63894  0  0
7.25  2.67035  0  0
7.25  2.70177  0  0
7.25  2.73319  0  0
7.25  2.7646  0  0
7.25  2.79602  0  0
7.25  2.82743  0  0
7.25  2.85885  0  0
7.25  2.89027  0  0
7.25  2.92168  0  0
7.25  2.9531  0  0
7.25  2.98451  0  0
7.25  3.01593  0  0
7.25  3.04734  0  0
7.25  3.07876  0  0
7.25  3.11018  0  0
7.375  0  0  0
7.375  0.0314159  0  0
7.375  0.0628319  0  0
7.375  0.0942478  0  0
7.375  0.125664  0  0
7.375  0.15708  0  0
7.375  0.188496  0  0
7.375  0.219911  0  0
7.375  0.251327  0  0
7.375  0.282743  0  0
7.375  0.314159  0  0
7.375  0.345575  0  0
7.375  0.376991  0  0
7.375  0.408407  0  0
7.375  0.439823  0  0
7.375  0.471239  0  0
7.375  0.502655  0  0
7.375  0.534071  0  0
7.375  0.565487  0  0
7.375  0.596903  0  0
7.375  0.628319  0  0
7.375  0.659734  0  0
7.375  0.69115  0  0
7.375  0.722566  0  0
7.375  0.753982  0  0
7.375  0.785398  0  0
7.375  0.816814  0  0
7.375  0.84823  0  0
7.375  0.879646  0  0
7.375  0.911062  0  0
7.375  0.942478  0  0
7.375  0.973894  0.454505  0.382784
7.375  1.00531  0.237096  0.21536
7.375  1.03673  0.332224  0.370278
7.375  1.06814  0.349076  0.285696
7.375  1.09956  0.360163  0.217254
7.375  1.13097  0.170105  0.193945
7.375  1.16239  0.0989775  0.194923
7.375  1.19381  0.229721  0.17469
7.375  1.22522  0.363521  0.336844
7.375  1.25664  0.42975  0.429697
7.375  1.28805  0.228514  0.180355
7.375  1.31947  0.407055  0.401281
7.375  1.35088  0.356402  0.297688
7.375  1.3823  0.190218  0.209216
7.375  1.41372  0.252465  0.274354
7.375  1.44513  0.284704  0.339702
7.375  1.47655  0.401207  0.206599
7.375  1.50796  0.428852  0.320473
7.375  1.53938  0.303208  0.357781
7.375  1.5708  0.358245  0.395322
7.375  1.60221  0.45298  0.396621
7.375  1.63363  0.266497  0.290168
7.375  1.66504  0.375788  0.314396
7.375  1.69646  0.391899  0.35548
7.375  1.72788  0.385579  0.42344
7.375  1.75929  1.60215  1.19713
7.375  1.79071  0.313973  0.335964
7.375  1.82212  0.291047  0.212278
7.375  1.85354  0.137459  0.224648
7.375  1.88496  0.507294  0.374147
7.375  1.91637  0.444823  0.435453
7.375  1.94779  0.1999  0.294506
7.375  1.9792  0.237483  0.223011
7.375  2.01062  0.220329  0.246923
7.375  2.04204  0.192652  0.195674
7.375  2.07345  0.31544  0.339743
7.375  2.10487  0.32207  0.258034
7.375  2.13628  0.27023  0.259289
7.375  2.1677  0.258759  1.70226
7.375  2.19911  0  0
7.375  2.23053  0  0
7.375  2.26195  0  0
7.375  2.29336  0  0
7.375  2.32478  0  0
7.375  2.35619  0  0
7.375  2.38761  0  0
7.375  2.41903  0  0
7.375  2.45044  0  0
7.375  2.48186  0  0
7.375  2.51327  0  0
7.375  2.54469  0  0
7.375  2.57611  0  0
7.375  2.60752  0  0
7.375  2.63894  0  0
7.375  2.67035  0  0
7.375  2.70177  0  0
7.375  2.73319  0  0
7.375  2.7646  0  0
7.375  2.79602  0  0
7.375  2.82743  0  0
7.375  2.85885  0  0
7.375  2.89027  0  0
7.375  2.92168  0  0
7.375  2.9531  0  0
7.375  2.98451  0  0
7.375  3.01593  0  0
7.375  3.04734  0  0
7.375  3.07876  0  0
7.375  3.11018  0  0
7.5  0  0  0
7.5  0.0314159  0  0
7.5  0.0628319  0  0
7.5  0.0942478  0  0
7.5  0.125664  0  0
7.5  0.15708  0  0
7.5  0.188496  0  0
7.5  0.219911  0  0
7.5  0.251327  0  0
7.5  0.282743  0  0
7.5  0.314159  0  0
7.5  0.345575  0  0
7.5  0.376991  0  0
7.5  0.408407  0  0
7.5  0.439823  0  0
7.5  0.471239  0  0
7.5  0.502655  0  0
7.5  0.534071  0  0
7.5  0.565487  0  0
7.5  0.596903  0  0
7.5  0.628319  0  0
7.5  0.659734  0  0
7.5  0.69115  0  0
7.5  0.722566  0  0
7.5  0.753982  0  0
7.5  0.785398  0  0
7.5  0.816814  0  0
7.5  0.84823  0  0
7.5  0.879646  0  0
7.5  0.911062  0.322847  0.167672
7.5  0.942478  0.424186  0.279306
7.5  0.973894  0.157357  0.250096
7.5  1.00531  0.189308  0.245918
7.5  1.03673  0.388698  0.362652
7.5  1.06814  0.399423  0.402738
7.5  1.09956  0.374454  0.190454
7.5  1.13097  0.209847  0.259193
7.5  1.16239  0.231503  0.22673
7.5  1.19381  0.330724  0.263575
7.5  1.22522  0.551368  0.355553
7.5  1.25664  0.392843  0.216065
7.5  1.28805  0.480146  0.320961
7.5  1.31947  0.440439  0.431761
7.5  1.35088  0.320129  0.32751
7.5  1.3823  0.416459  0.411734
7.5  1.41372  0.434058  0.44471
7.5  1.44513  0.378837  0.23691
7.5  1.47655  0.471915  0.247616
7.5  1.50796  0.291841  0.238447
7.5  1.53938  0.186142  0.706264
7.5  1.5708  0.381971  0.365845
7.5  1.60221  0.466689  0.409972
7.5  1.63363  0.527782  0.520848
7.5  1.66504  0.490799  0.407106
7.5  1.69646  0.482305  0.372952
7.5  1.72788  0.170044  0.279128
7.5  1.75929  0.209455  0.281868
7.5  1.79071  0.235242  0.241345
7.5  1.82212  0.234096  0.293182
7.5  1.85354  0.331155  0.362439
7.5  1.88496  0.423068  0.222495
7.5  1.91637  0.258796  0.284881
7.5  1.94779  0.440344  0.222436
7.5  1.9792  0.290286  0.28497
7.5  2.01062  0.209267  0.268259
7.5  2.04204  0.335333  0.358666
7.5  2.07345  0.190144  0.191755
7.5  2.10487  0.158687  0.251015
7.5  2.13628  0.311037  0.183742
7.5  2.1677  0.295754  0.276013
7.5  2.19911  0.00872936  0.0640548
7.5  2.23053  0  0
7.5  2.26195  0  0
7.5  2.29336  0  0
7.5  2.32478  0  0
7.5  2.35619  0  0
7.5  2.38761  0  0
7.5  2.41903  0  0
7.5  2.45044  0  0
7.5  2.48186  0  0
7.5  2.51327  0  0
7.5  2.54469  0  0
7.5  2.57611  0  0
7.5  2.60752  0  0
7.5  2.63894  0  0
7.5  2.67035  0  0
7.5  2.70177  0  0
7.5  2.73319  0  0
7.5  2.7646  0  0
7.5  2.79602  0  0
7.5  2.82743  0  0
7.5  2.85885  0  0
7.5  2.89027  0  0
7.5  2.92168  0  0
7.5  2.9531  0  0
7.5  2.98451  0  0
7.5  3.01593  0  0
7.5  3.04734  0  0
7.5  3.07876  0  0
7.5  3.11018  0  0
7.625  0  0  0
7.625  0.0314159  0  0
7.625  0.0628319  0  0
7.625  0.0942478  0  0
7.625  0.125664  0  0
7.625  0.15708  0  0
7.625  0.188496  0  0
7.625  0.219911  0  0
7.625  0.251327  0  0
7.625  0.282743  0  0
7.625  0.314159  0  0
7.625  0.345575  0  0
7.625  0.376991  0  0
7.625  0.408407  0  0
7.625  0.439823  0  0
7.625  0.471239  0  0
7.625  0.502655  0  0
7.625  0.534071  0  0
7.625  0.565487  0  0
7.625  0.596903  0  0
7.625  0.628319  0  0
7.625  0.659734  0  0
7.625  0.69115  0  0
7.625  0.722566  0  0
7.625  0.753982  0  0
7.625  0.785398  0  0
7.625  0.816814  0  0
7.625  0.84823  0  0
7.625  0.879646  0  0
7.625  0.911062  0.212598  0.272031
7.625  0.942478  0.393058  0.283403
7.625  0.973894  0.189096  0.28826
7.625  1.00531  0.26264  0.232074
7.625  1.03673  0.373498  0.329517
7.625  1.06814  0.199261  0.189669
7.625  1.09956  0.353304  0.334353
7.625  1.13097  0.260679  0.20294
7.625  1.16239  0.199141  0.757
7.625  1.19381  0.396466  0.380548
7.625  1.22522  0.156854  0.241731
7.625  1.25664  0.215239  0.291401
7.625  1.28805  0.234864  0.270915
7.625  1.31947  0.32666  0.382845
7.625  1.35088  0.455752  0.253767
7.625  1.3823  0.441749  0.289694
7.625  1.41372  0.470109  0.403873
7.625  1.44513  0.495847  0.437519
7.625  1.47655  0.234968  0.264253
7.625  1.50796  0.262784  0.261171
7.625  1.53938  0.434971  0.301515
7.625  1.5708  0.272679  0.256575
7.625  1.60221  0.400324  0.368845
7.625  1.63363  0.439913  0.397689
7.625  1.66504  0.392709  0.197304
7.625  1.69646  0.348546  0.344653
7.625  1.72788  0.427222  0.270281
7.625  1.75929  0.363046  0.319384
7.625  1.79071  0.443472  0.222321
7.625  1.82212  0.438827  0.420707
7.625  1.85354  0.414714  0.241859
7.625  1.88496  0.2722  0.323414
7.625  1.91637  0.333398  0.353161
7.625  1.94779  0.440937  0.397955
7.625  1.9792  0.252124  0.254593
7.625  2.01062  0.415089  0.266886
7.625  2.04204  0.413468  0.383317
7.625  2.07345  0.350681  0.245067
7.625  2.10487  0.26106  0.24775
7.625  2.13628  0.370933  0.259244
7.625  2.1677  0.153086  0.262117
7.625  2.19911  0.202036  0.309899
7.625  2.23053  0.0537728  0.394577
7.625  2.26195  0  0
7.625  2.29336  0  0
7.625  2.32478  0  0
7.625  2.35619  0  0
7.625  2.38761  0  0
7.625  2.41903  0  0
7.625  2.45044  0  0
7.625  2.48186  0  0
7.625  2.51327  0  0
7.625  2.54469  0  0
7.625  2.57611  0  0
7.625  2.60752  0  0
7.625  2.63894  0  0
7.625  2.67035  0  0
7.625  2.70177  0  0
7.625  2.73319  0  0
7.625  2.7646  0  0
7.625  2.79602  0  0
7.625  2.82743  0  0
7.625  2.85885  0  0
7.625  2.89027  0  0
7.625  2.92168  0  0
7.625  2.9531  0  0
7.625  2.98451  0  0
7.625  3.01593  0  0
7.625  3.04734  0  0
7.625  3.07876  0  0
7.625  3.11018  0  0
7.75  0  0  0
7.75  0.0314159  0  0
7.75  0.0628319  0  0
7.75  0.0942478  0  0
7.75  0.125664  0  0
7.75  0.15708  0  0
7.75  0.188496  0  0
7.75  0.219911  0  0
7.75  0.251327  0  0
7.75  0.282743  0  0
7.75  0.314159  0  0
7.75  0.345575  0  0
7.75  0.376991  0  0
7.75  0.408407  0  0
7.75  0.439823  0  0
7.75  0.471239  0  0
7.75  0.502655  0  0
7.75  0.534071  0  0
7.75  0.565487  0  0
7.75  0.596903  0  0
7.75  0.628319  0  0
7.75  0.659734  0  0
7.75  0.69115  0  0
7.75  0.722566  0  0
7.75  0.753982  0  0
7.75  0.785398  0  0
7.75  0.816814  0.258759  1.70226
7.75  0.84823  0.0267118  0.196008
7.75  0.879646  0.178356  0.22641
7.75  0.911062  0.177623  0.174753
7.75  0.942478  0.272766  0.211018
7.75  0.973894  0.347709  0.193899
7.75  1.00531  0.301644  0.272912
7.75  1.03673  0.214586  0.271908
7.75  1.06814  0.145699  0.156966
7.75  1.09956  0.277081  0.277436
7.75  1.13097  0.43575  0.398006
7.75  1.16239  0.391402  0.413489
7.75  1.19381  0.254956  0.229519
7.75  1.22522  0.364345  0.27735
7.75  1.25664  0.298686  0.204594
7.75  1.28805  0.402267  0.23144
7.75  1.31947  0.309392  0.331227
7.75  1.35088  0.554492  0.370959
7.75  1.3823  0.449129  0.437384
7.75  1.41372  0.415323  0.429463
7.75  1.44513  0.484635  0.256724
7.75  1.47655  0.460389  0.252198
7.75  1.50796  0.507786  0.485082
7.75  1.53938  0.328609  0.368226
7.75  1.5708  0.297496  0.291023
7.75  1.60221  0.308368  0.31378
7.75  1.63363  0.243971  0.254501
7.75  1.66504  0.39003  0.288024
7.75  1.69646  0.327548  0.293899
7.75  1.72788  0.396176  0.252597
7.75  1.75929  0.330347  0.37501
7.75  1.79071  0.220477  0.276117
7.75  1.82212  0.38694  0.237523
7.75  1.85354  0.194984  0.231954
7.75  1.88496  0.377824  0.378957
7.75  1.91637  0.43541  0.316516
7.75  1.94779  0.261116  0.30195
7.75  1.9792  0.314226  0.305864
7.75  2.01062  0.149864  0.261585
7.75  2.04204  0.191279  0.210646
7.75  2.07345  0.351243  0.343599
7.75  2.10487  0.164841  0.274739
7.75  2.13628  0.212643  0.18446
7.75  2.1677  0.223536  0.229475
7.75  2.19911  0.325547  0.170231
7.75  2.23053  0.235402  0.261657
7.75  2.26195  0.201305  0.160476
7.75  2.29336  0  0
7.75  2.32478  0  0
7.75  2.35619  0  0
7.75  2.38761  0  0
7.75  2.41903  0  0
7.75  2.45044  0  0
7.75  2.48186  0  0
7.75  2.51327  0  0
7.75  2.54469  0  0
7.75  2.57611  0  0
7.75  2.60752  0  0
7.75  2.63894  0  0
7.75  2.67035  0  0
7.75  2.70177  0  0
7.75  2.73319  0  0
7.75  2.7646  0  0
7.75  2.79602  0  0
7.75  2.82743  0  0
7.75  2.85885  0  0
7.75  2.89027  0  0
7.75  2.92168  0  0
7.75  2.9531  0  0
7.75  2.98451  0  0
7.75  3.01593  0  0
7.75  3.04734  0  0
7.75  3.07876  0  0
7.75  3.11018  0  0
7.875  0  0  0
7.875  0.0314159  0  0
7.875  0.0628319  0  0
7.875  0.0942478  0  0
7.875  0.125664  0  0
7.875  0.15708  0  0
7.875  0.188496  0  0
7.875  0.219911  0  0
7.875  0.251327  0  0
7.875  0.282743  0  0
7.875  0.314159  0  0
7.875  0.345575  0  0
7.875  0.376991  0  0
7.875  0.408407  0  0
7.875  0.439823  0  0
7.875  0.471239  0  0
7.875  0.502655  0  0
7.875  0.534071  0  0
7.875  0.565487  0  0
7.875  0.596903  0  0
7.875  0.628319  0  0
7.875  0.659734  0  0
7.875  0.69115  0  0
7.875  0.722566  0  0
7.875  0.753982  0  0
7.875  0.785398  0  0
7.875  0.816814  0.305493  0.212604
7.875  0.84823  0.216819  0.285305
7.875  0.879646  0.195989  0.219663
7.875  0.911062  0.141262  0.245606
7.875  0.942478  0.181481  0.252501
7.875  0.973894  0.199958  0.218222
7.875  1.00531  0.359336  0.351834
7.875  1.03673  0.135126  0.24285
7.875  1.06814  0.33764  0.316466
7.875  1.09956  0.298972  0.333966
7.875  1.13097  0.158475  0.250845
7.875  1.16239  0.365157  0.275349
7.875  1.19381  0.355364  0.325913
7.875  1.22522  0.28595  0.303304
7.875  1.25664  0.487782  0.340905
7.875  1.28805  0.377968  0.36399
7.875  1.31947  0.254336  0.340061
7.875  1.35088  0.391321  0.207737
7.875  1.3823  0.471784  0.324641
7.875  1.41372  0.425551  0.271314
7.875  1.44513  0.371467  0.370655
7.875  1.47655  0.404782  0.404605
7.875  1.50796  0.402867  0.297344
7.875  1.53938  0.268472  0.225349
7.875  1.5708  0.404062  0.409713
7.875  1.60221  0.308041  0.332402
7.875  1.63363  0.378482  0.238615
7.875  1.66504  0.4821  0.266063
7.875  1.69646  0.419013  0.269805
7.875  1.72788  0.402409  0.229554
7.875  1.75929  0.408171  0.239835
7.875  1.79071  0.284244  0.348345
7.875  1.82212  0.394254  0.303649
7.875  1.85354  0.525854  0.281212
7.875  1.88496  0.392253  0.271238
7.875  1.91637  0.295158  0.323321
7.875  1.94779  0.376613  0.188598
7.875  1.9792  0.228219  0.204344
7.875  2.01062  0.247607  0.249348
7.875  2.04204  0.248705  0.273299
7.875  2.07345  0.162985  0.264243
7.875  2.10487  0.358295  0.352067
7.875  2.13628  0.403635  0.235826
7.875  2.1677  0.268075  0.239376
7.875  2.19911  0.179678  0.173986
7.875  2.23053  0.230721  0.173265
7.875  2.26195  0.37906  0.214583
7.875  2.29336  0.279322  0.186205
7.875  2.32478  0  0
7.875  2.35619  0  0
7.875  2.38761  0  0
7.875  2.41903  0  0
7.875  2.45044  0  0
7.875  2.48186  0  0
7.875  2.51327  0  0
7.875  2.54469  0  0
7.875  2.57611  0  0
7.875  2.60752  0  0
7.875  2.63894  0  0
7.875  2.67035  0  0
7.875  2.70177  0  0
7.875  2.73319  0  0
7.875  2.7646  0  0
7.875  2.79602  0  0
7.875  2.82743  0  0
7.875  2.85885  0  0
7.875  2.89027  0  0
7.875  2.92168  0  0
7.875  2.9531  0  0
7.875  2.98451  0  0
7.875  3.01593  0  0
7.875  3.04734  0  0
7.875  3.07876  0  0
7.875  3.11018  0  0
8  0  0  0
8  0.0314159  0  0
8  0.0628319  0  0
8  0.0942478  0  0
8  0.125664  0  0
8  0.15708  0  0
8  0.188496  0  0
8  0.219911  0  0
8  0.251327  0  0
8  0.282743  0  0
8  0.314159  0  0
8  0.345575  0  0
8  0.376991  0  0
8  0.408407  0  0
8  0.439823  0  0
8  0.471239  0  0
8  0.502655  0  0
8  0.534071  0  0
8  0.565487  0  0
8  0.596903  0  0
8  0.628319  0  0
8  0.659734  0  0
8  0.69115  0  0
8  0.722566  0  0
8  0.753982  0  0
8  0.785398  0.258759  1.70226
8  0.816814  0.171341  0.150715
8  0.84823  0.167506  0.193903
8  0.879646  0.142936  0.194185
8  0.911062  0.252118  0.252106
8  0.942478  0.244353  0.171068
8  0.973894  0.192506  0.184659
8  1.00531  0.206433  0.266993
8  1.03673  0.22874  0.235902
8  1.06814  0.425483  0.271336
8  1.09956  0.414238  0.286292
8  1.13097  0.225283  0.239448
8  1.16239  0.349313  0.360382
8  1.19381  0.275087  0.314514
8  1.22522  0.409275  0.204722
8  1.25664  0.296982  0.3226
8  1.28805  0.469446  0.380832
8  1.31947  0.314598  0.338584
8  1.35088  0.30006  0.236044
8  1.3823  0.283188  0.303828
8  1.41372  0.320702  0.244571
8  1.44513  0.488235  0.349062
8  1.47655  0.351767  0.253012
8  1.50796  0.328148  0.227727
8  1.53938  0.225815  0.257964
8  1.5708  0.205535  0.258102
8  1.60221  0.354013  0.247836
8  1.63363  0.406978  0.396858
8  1.66504  0.416253  0.364169
8  1.69646  0.283928  0.213792
8  1.72788  0.422442  0.422293
8  1.75929  0.267989  0.275387
8  1.79071  0.475586  0.465813
8  1.82212  0.235483  0.267725
8  1.85354  0.436389  0.412799
8  1.88496  0.208094  0.208368
8  1.91637  0.445772  0.404358
8  1.94779  0.185532  0.295332
8  1.9792  0.417474  0.386969
8  2.01062  0.275069  0.232116
8  2.04204  0.345436  0.332084
8  2.07345  0.166842  0.265528
8  2.10487  0.23631  0.202812
8  2.13628  0.312444  0.319622
8  2.1677  0.173866  0.246686
8  2.19911  0.205302  0.249082
8  2.23053  0.386163  0.196501
8  2.26195  0.378399  0.374167
8  2.29336  0.296408  0.186629
8  2.32478  0.0954391  0.106542
8  2.35619  0.246892  2.24163
8  2.38761  0  0
8  2.41903  0  0
8  2.45044  0  0
8  2.48186  0  0
8  2.51327  0  0
8  2.54469  0  0
8  2.57611  0  0
8  2.60752  0  0
8  2.63894  0  0
8  2.67035  0  0
8  2.70177  0  0
8  2.73319  0  0
8  2.7646  0  0
8  2.79602  0  0
8  2.82743  0  0
8  2.85885  0  0
8  2.89027  0  0
8  2.92168  0  0
8  2.9531  0  0
8  2.98451  0  0
8  3.01593  0  0
8  3.04734  0  0
8  3.07876  0  0
8  3.11018  0  0
8.125  0  0  0
8.125  0.0314159  0  0
8.125  0.0628319  0  0
8.125  0.0942478  0  0
8.125  0.125664  0  0
8.125  0.15708  0  0
8.125  0.188496  0  0
8.125  0.219911  0  0
8.125  0.251327  0  0
8.125  0.282743  0  0
8.125  0.314159  0  0
8.125  0.345575  0  0
8.125  0.376991  0  0
8.125  0.408407  0  0
8.125  0.439823  0  0
8.125  0.471239  0  0
8.125  0.502655  0  0
8.125  0.534071  0  0
8.125  0.565487  0  0
8.125  0.596903  0  0
8.125  0.628319  0  0
8.125  0.659734  0  0
8.125  0.69115  0  0
8.125  0.722566  0  0
8.125  0.753982  0  0
8.125  0.785398  0.178864  0.239582
8.125  0.816814  0.172345  0.197962
8.125  0.84823  0.378677  0.213538
8.125  0.879646  0.251662  0.21368
8.125  0.911062  0.357616  0.250921
8.125  0.942478  0.128635  0.223241
8.125  0.973894  0.348874  0.174453
8.125  1.00531  0.338008  0.316266
8.125  1.03673  0.345777  0.349258
8.125  1.06814  0.150425  0.265598
8.125  1.09956  0.248801  0.196571
8.125  1.13097  0.234337  0.232831
8.125  1.16239  0.34046  0.194365
8.125  1.19381  0.347686  0.294782
8.125  1.22522  0.446338  0.256992
8.125  1.25664  0.340532  0.360951
8.125  1.28805  0.252302  0.291165
8.125  1.31947  0.404673  0.302348
8.125  1.35088  0.406927  0.219604
8.125  1.3823  0.444506  0.442326
8.125  1.41372  0.343768  0.340577
8.125  1.44513  0.186975  0.283657
8.125  1.47655  0.445688  0.355296
8.125  1.50796  0.425112  0.332042
8.125  1.53938  0.215349  0.189855
8.125  1.5708  2.00882  1.86129
8.125  1.60221  0.262136  0.294533
8.125  1.63363  0.484481  0.247842
8.125  1.66504  0.465645  0.312837
8.125  1.69646  0.392653  0.34403
8.125  1.72788  0.389092  0.306575
8.125  1.75929  0.507039  0.339468
8.125  1.79071  0.442096  0.349654
8.125  1.82212  0.408894  0.294148
8.125  1.85354  0.541755  0.335663
8.125  1.88496  0.430145  0.411067
8.125  1.91637  0.216553  0.264386
8.125  1.94779  0.399978  0.232012
8.125  1.9792  0.367622  0.202585
8.125  2.01062  0.446838  0.309226
8.125  2.04204  0.311379  0.289284
8.125  2.07345  0.263747  0.18212
8.125  2.10487  0.1734  0.232858
8.125  2.13628  0.385266  0.256265
8.125  2.1677  0.173682  0.277033
8.125  2.19911  0.412444  0.208514
8.125  2.23053  0.328475  0.219451
8.125  2.26195  0.193466  0.215277
8.125  2.29336  0.294426  0.27249
8.125  2.32478  0.211173  0.185799
8.125  2.35619  0  0
8.125  2.38761  0  0
8.125  2.41903  0  0
8.125  2.45044  0  0
8.125  2.48186  0  0
8.125  2.51327  0  0
8.125  2.54469  0  0
8.125  2.57611  0  0
8.125  2.60752  0  0
8.125  2.63894  0  0
8.125  2.67035  0  0
8.125  2.70177  0  0
8.125  2.73319  0  0
8.125  2.7646  0  0
8.125  2.79602  0  0
8.125  2.82743  0  0
8.125  2.85885  0  0
8.125  2.89027  0  0
8.125  2.92168  0  0
8.125  2.9531  0  0
8.125  2.98451  0  0
8.125  3.01593  0  0
8.125  3.04734  0  0
8.125  3.07876  0  0
8.125  3.11018  0  0
8.25  0  0  0
8.25  0.0314159  0  0
8.25  0.0628319  0  0
8.25  0.0942478  0  0
8.25  0.125664  0  0
8.25  0.15708  0  0
8.25  0.188496  0  0
8.25  0.219911  0  0
8.25  0.251327  0  0
8.25  0.282743  0  0
8.25  0.314159  0  0
8.25  0.345575  0  0
8.25  0.376991  0  0
8.25  0.408407  0  0
8.25  0.439823  0  0
8.25  0.471239  0  0
8.25  0.502655  0  0
8.25  0.534071  0  0
8.25  0.565487  0  0
8.25  0.596903  0  0
8.25  0.628319  0  0
8.25  0.659734  0  0
8.25  0.69115  0  0
8.25  0.722566  0.244339  1.34043
8.25  0.753982  0.252015  0.147012
8.25  0.785398  0.134093  0.186842
8.25  0.816814  0.20671  0.226991
8.25  0.84823  0.251891  0.199432
8.25  0.879646  0.132637  0.233212
8.25  0.911062  0.214135  0.20461
8.25  0.942478  0.198168  0.235077
8.25  0.973894  0.201712  0.179626
8.25  1.00531  0.352903  0.352055
8.25  1.03673  0.203235  0.224912
8.25  1.06814  0.173275  0.264765
8.25  1.09956  0.326492  0.367827
8.25  1.13097  0.23674  0.221225
8.25  1.16239  0.309534  0.322111
8.25  1.19381  0.425764  0.212892
8.25  1.22522  0.179292  0.191339
8.25  1.25664  0.248557  0.265822
8.25  1.28805  0.464757  0.461317
8.25  1.31947  0.153545  0.288972
8.25  1.35088  0.474905  0.449169
8.25  1.3823  0.478566  0.316505
8.25  1.41372  0.383672  0.191846
8.25  1.44513  0.440025  0.241131
8.25  1.47655  0.218842  0.195197
8.25  1.50796  0.449372  0.330489
8.25  1.53938  0.214857  0.229063
8.25  1.5708  0.265087  0.236048
8.25  1.60221  0.478633  0.370031
8.25  1.63363  0.322788  0.361444
8.25  1.66504  0.24683  0.264199
8.25  1.69646  0.386358  0.264572
8.25  1.72788  0.466159  0.457464
8.25  1.75929  0.235977  0.2562
8.25  1.79071  0.183825  0.206087
8.25  1.82212  0.181389  0.30957
8.25  1.85354  0.337857  0.210445
8.25  1.88496  0.418118  0.404174
8.25  1.91637  0.321493  0.198367
8.25  1.94779  0.228958  0.28108
8.25  1.9792  0.198767  0.283277
8.25  2.01062  0.175851  0.222725
8.25  2.04204  0.31566  0.217121
8.25  2.07345  0.399212  0.244739
8.25  2.10487  0.379688  0.19741
8.25  2.13628  0.433479  0.316575
8.25  2.1677  0.150576  0.267069
8.25  2.19911  0.137054  0.242743
8.25  2.23053  0.262103  0.211541
8.25  2.26195  0.264136  0.195992
8.25  2.29336  0.276772  0.315634
8.25  2.32478  0.290116  0.202658
8.25  2.35619  0.0714186  0.134991
8.25  2.38761  0  0
8.25  2.41903  0  0
8.25  2.45044  0  0
8.25  2.48186  0  0
8.25  2.51327  0  0
8.25  2.54469  0  0
8.25  2.57611  0  0
8.25  2.60752  0  0
8.25  2.63894  0  0
8.25  2.67035  0  0
8.25  2.70177  0  0
8.25  2.73319  0  0
8.25  2.7646  0  0
8.25  2.79602  0  0
8.25  2.82743  0  0
8.25  2.85885  0  0
8.25  2.89027  0  0
8.25  2.92168  0  0
8.25  2.9531  0  0
8.25  2.98451  0  0
8.25  3.01593  0  0
8.25  3.04734  0  0
8.25  3.07876  0  0
8.25  3.11018  0  0
8.375  0  0  0
8.375  0.0314159  0  0
8.375  0.0628319  0  0
8.375  0.0942478  0  0
8.375  0.125664  0  0
8.375  0.15708  0  0
8.375  0.188496  0  0
8.375  0.219911  0  0
8.375  0.251327  0  0
8.375  0.282743  0  0
8.375  0.314159  0  0
8.375  0.345575  0  0
8.375  0.376991  0  0
8.375  0.408407  0  0
8.375  0.439823  0  0
8.375  0.471239  0  0
8.375  0.502655  0  0
8.375  0.534071  0  0
8.375  0.565487  0  0
8.375  0.596903  0  0
8.375  0.628319  0  0
8.375  0.659734  0  0
8.375  0.69115  0.243265  2.33604
8.375  0.722566  0.285831  0.174261
8.375  0.753982  0.332855  0.304814
8.375  0.785398  0.181578  0.2047
8.375  0.816814  0.327275  0.327217
8.375  0.84823  0.189075  0.231026
8.375  0.879646  0.347499  0.313223
8.375  0.911062  0.298339  0.301372
8.375  0.942478  0.383813  0.214508
8.375  0.973894  0.443716  0.333279
8.375  1.00531  0.168841  0.263318
8.375  1.03673  0.233944  0.226516
8.375  1.06814  0.266468  0.215812
8.375  1.09956  0.416136  0.245748
8.375  1.13097  0.19874  0.257623
8.375  1.16239  0.389944  0.195509
8.375  1.19381  0.398468  0.402998
8.375  1.22522  0.133689  0.23366
8.375  1.25664  0.243249  0.269805
8.375  1.28805  0.260937  0.246434
8.375  1.31947  0.37024  0.242379
8.375  1.35088  0.323476  0.283331
8.375  1.3823  0.335175  0.245522
8.375  1.41372  0.423062  0.339375
8.375  1.44513  0.296591  0.324127
8.375  1.47655  0.288369  0.266953
8.375  1.50796  0.50043  0.362727
8.375  1.53938  0.433837  0.251238
8.375  1.5708  0.404902  0.318637
8.375  1.60221  0.545185  0.309302
8.375  1.63363  0.276807  0.332533
8.375  1.66504  0.372821  0.234273
8.375  1.69646  0.455048  0.256919
8.375  1.72788  0.368018  0.438695
8.375  1.75929  0.329549  0.354045
8.375  1.79071  0.231541  0.210505
8.375  1.82212  0.369829  0.397711
8.375  1.85354  0.342245  0.256427
8.375  1.88496  0.399687  0.205275
8.375  1.91637  0.40564  0.324722
8.375  1.94779  0.320042  0.219672
8.375  1.9792  0.246871  0.25817
8.375  2.01062  0.225958  0.23098
8.375  2.04204  0.255165  0.213533
8.375  2.07345  0.244156  0.251113
8.375  2.10487  0.259664  0.250016
8.375  2.13628  0.206676  0.284355
8.375  2.1677  0.377145  0.301314
8.375  2.19911  0.368178  0.332126
8.375  2.23053  0.161518  0.26007
8.375  2.26195  0.277229  0.140467
8.375  2.29336  0.134956  0.186374
8.375  2.32478  0.193092  0.213496
8.375  2.35619  0.271833  0.13608
8.375  2.38761  0.0459988  0.0680314
8.375  2.41903  0.258759  1.70226
8.375  2.45044  0  0
8.375  2.48186  0  0
8.375  2.51327  0  0
8.375  2.54469  0  0
8.375  2.57611  0  0
8.375  2.60752  0  0
8.375  2.63894  0  0
8.375  2.67035  0  0
8.375  2.70177  0  0
8.375  2.73319  0  0
8.375  2.7646  0  0
8.375  2.79602  0  0
8.375  2.82743  0  0
8.375  2.85885  0  0
8.375  2.89027  0  0
8.375  2.92168  0  0
8.375  2.9531  0  0
8.375  2.98451  0  0
8.375  3.01593  0  0
8.375  3.04734  0  0
8.375  3.07876  0  0
8.375  3.11018  0  0
8.5  0  0  0
8.5  0.0314159  0  0
8.5  0.0628319  0  0
8.5  0.0942478  0  0
8.5  0.125664  0  0
8.5  0.15708  0  0
8.5  0.188496  0  0
8.5  0.219911  0  0
8.5  0.251327  0  0
8.5  0.282743  0  0
8.5  0.314159  0  0
8.5  0.345575  0  0
8.5  0.376991  0  0
8.5  0.408407  0  0
8.5  0.439823  0  0
8.5  0.471239  0  0
8.5  0.502655  0  0
8.5  0.534071  0  0
8.5  0.565487  0  0
8.5  0.596903  0  0
8.5  0.628319  0  0
8.5  0.659734  0  0
8.5  0.69115  0.221287  0.122799
8.5  0.722566  0.324663  0.324645
8.5  0.753982  0.271924  0.253037
8.5  0.785398  0.130623  0.189958
8.5  0.816814  0.254759  0.207277
8.5  0.84823  0.209722  0.215479
8.5  0.879646  0.188053  0.1841
8.5  0.911062  0.191495  0.192458
8.5  0.942478  0.271511  0.197188
8.5  0.973894  0.171036  0.211431
8.5  1.00531  0.296788  0.300609
8.5  1.03673  0.347636  0.173834
8.5  1.06814  0.405854  0.405233
8.5  1.09956  0.158875  0.237571
8.5  1.13097  0.174018  0.291086
8.5  1.16239  0.246983  0.264524
8.5  1.19381  0.298846  0.333322
8.5  1.22522  0.411608  0.257539
8.5  1.25664  0.445826  0.233798
8.5  1.28805  0.405501  0.405124
8.5  1.31947  0.189587  0.263219
8.5  1.35088  0.305567  0.236622
8.5  1.3823  0.448977  0.23551
8.5  1.41372  0.296389  0.177895
8.5  1.44513  0.260903  0.22454
8.5  1.47655  0.268094  0.271597
8.5  1.50796  0.328847  0.329259
8.5  1.53938  0.324043  0.282219
8.5  1.5708  0.477758  0.370125
8.5  1.60221  0.256506  0.255166
8.5  1.63363  0.17912  0.28923
8.5  1.66504  0.447464  0.299353
8.5  1.69646  0.330821  0.38138
8.5  1.72788  0.433592  0.442083
8.5  1.75929  0.316258  0.371766
8.5  1.79071  0.421388  0.223667
8.5  1.82212  0.43059  0.375959
8.5  1.85354  0.394486  0.350668
8.5  1.88496  0.227478  0.238254
8.5  1.91637  0.422847  0.212735
8.5  1.94779  0.177405  0.253756
8.5  1.9792  0.464215  0.268861
8.5  2.01062  0.259  0.204483
8.5  2.04204  0.276842  0.31789
8.5  2.07345  0.278182  0.315529
8.5  2.10487  0.343801  0.176812
8.5  2.13628  0.190841  0.289001
8.5  2.1677  0.205878  0.175215
8.5  2.19911  0.140877  0.218777
8.5  2.23053  0.163467  0.27111
8.5  2.26195  0.174431  0.158124
8.5  2.29336  0.339307  0.18131
8.5  2.32478  0.149769  0.215975
8.5  2.35619  0.301802  0.236185
8.5  2.38761  0.206112  0.222526
8.5  2.41903  0.098742  0.0728146
8.5  2.45044  0  0
8.5  2.48186  0  0
8.5  2.51327  0  0
8.5  2.54469  0  0
8.5  2.57611  0  0
8.5  2.60752  0  0
8.5  2.63894  0  0
8.5  2.67035  0  0
8.5  2.70177  0  0
8.5  2.73319  0  0
8.5  2.7646  0  0
8.5  2.79602  0  0
8.5  2.82743  0  0
8.5  2.85885  0  0
8.5  2.89027  0  0
8.5  2.92168  0  0
8.5  2.9531  0  0
8.5  2.98451  0  0
8.5  3.01593  0  0
8.5  3.04734  0  0
8.5  3.07876  0  0
8.5  3.11018  0  0
8.625  0  0  0
8.625  0.0314159  0  0
8.625  0.0628319  0  0
8.625  0.0942478  0  0
8.625  0.125664  0  0
8.625  0.15708  0  0
8.625  0.188496  0  0
8.625  0.219911  0  0
8.625  0.251327  0  0
8.625  0.282743  0  0
8.625  0.314159  0  0
8.625  0.345575  0  0
8.625  0.376991  0  0
8.625  0.408407  0  0
8.625  0.439823  0  0
8.625  0.471239  0  0
8.625  0.502655  0  0
8.625  0.534071  0  0
8.625  0.565487  0  0
8.625  0.596903  0  0
8.625  0.628319  0  0
8.625  0.659734  0  0
8.625  0.69115  0.357248  0.230505
8.625  0.722566  0.171284  0.13225
8.625  0.753982  0.192137  0.214298
8.625  0.785398  0.172247  0.928215
8.625  0.816814  0.252837  0.215298
8.625  0.84823  0.247129  0.284695
8.625  0.879646  0.282385  0.328725
8.625  0.911062  1.79085  1.60173
8.625  0.942478  0.187895  0.255807
8.625  0.973894  0.193508  0.169126
8.625  1.00531  0.389688  0.368182
8.625  1.03673  0.240281  0.230489
8.625  1.06814  0.165348  0.244125
8.625  1.09956  0.251671  0.194684
8.625  1.13097  0.386189  0.277367
8.625  1.16239  0.407205  0.297238
8.625  1.19381  0.424781  0.42416
8.625  1.22522  0.396642  0.383283
8.625  1.25664  0.242848  0.200735
8.625  1.28805  0.446464  0.289213
8.625  1.31947  0.405937  0.388067
8.625  1.35088  0.181387  0.183634
8.625  1.3823  0.141027  0.198736
8.625  1.41372  0.248893  0.275691
8.625  1.44513  0.380156  0.207066
8.625  1.47655  0.484007  0.427141
8.625  1.50796  0.442784  0.427485
8.625  1.53938  0.37391  0.29332
8.625  1.5708  0.307714  0.221439
8.625  1.60221  0.259276  0.271257
8.625  1.63363  0.469863  0.509167
8.625  1.66504  0.411025  0.321058
8.625  1.69646  0.198389  0.272963
8.625  1.72788  0.377685  0.234477
8.625  1.75929  0.47997  0.425931
8.625  1.79071  0.413193  0.26579
8.625  1.82212  0.376231  0.206981
8.625  1.85354  0.33364  0.313635
8.625  1.88496  0.327669  0.31657
8.625  1.91637  0.473446  0.45903
8.625  1.94779  0.430224  0.347922
8.625  1.9792  0.232859  0.290074
8.625  2.01062  0.259221  0.26953
8.625  2.04204  0.322097  0.244079
8.625  2.07345  0.177948  0.268921
8.625  2.10487  0.395158  0.236064
8.625  2.13628  0.23204  0.198255
8.625  2.1677  0.25561  0.258012
8.625  2.19911  0.223394  0.242004
8.625  2.23053  0.216333  0.194168
8.625  2.26195  0.281251  0.311397
8.625  2.29336  0.22835  0.258254
8.625  2.32478  0.166559  0.168536
8.625  2.35619  0.181466  0.175916
8.625  2.38761  0.271454  0.146525
8.625  2.41903  0.131695  0.117901
8.625  2.45044  0  0
8.625  2.48186  0  0
8.625  2.51327  0  0
8.625  2.54469  0  0
8.625  2.57611  0  0
8.625  2.60752  0  0
8.625  2.63894  0  0
8.625  2.67035  0  0
8.625  2.70177  0  0
8.625  2.73319  0  0
8.625  2.7646  0  0
8.625  2.79602  0  0
8.625  2.82743  0  0
8.625  2.85885  0  0
8.625  2.89027  0  0
8.625  2.92168  0  0
8.625  2.9531  0  0
8.625  2.98451  0  0
8.625  3.01593  0  0
8.625  3.04734  0  0
8.625  3.07876  0  0
8.625  3.11018  0  0
8.75  0  0  0
8.75  0.0314159  0  0
8.75  0.0628319  0  0
8.75  0.0942478  0  0
8.75  0.125664  0  0
8.75  0.15708  0  0
8.75  0.188496  0  0
8.75  0.219911  0  0
8.75  0.251327  0  0
8.75  0.282743  0  0
8.75  0.314159  0  0
8.75  0.345575  0  0
8.75  0.376991  0  0
8.75  0.408407  0  0
8.75  0.439823  0  0
8.75  0.471239  0  0
8.75  0.502655  0  0
8.75  0.534071  0  0
8.75  0.565487  0  0
8.75  0.596903  0  0
8.75  0.628319  0  0
8.75  0.659734  0.00192046  0.014092
8.75  0.69115  0.243537  0.287011
8.75  0.722566  0.119156  0.203767
8.75  0.753982  0.286438  0.150589
8.75  0.785398  0.273757  0.136891
8.75  0.816814  0.353301  0.240487
8.75  0.84823  0.15609  0.147596
8.75  0.879646  0.293416  0.197815
8.75  0.911062  0.246529  0.297082
8.75  0.942478  0.395385  0.253043
8.75  0.973894  0.387213  0.352479
8.75  1.00531  0.227091  0.239267
8.75  1.03673  0.319701  0.17549
8.75  1.06814  0.162542  0.229721
8.75  1.09956  0.185053  0.243491
8.75  1.13097  0.404897  0.22248
8.75  1.16239  0.332347  0.191159
8.75  1.19381  0.239091  0.273228
8.75  1.22522  0.397994  0.25833
8.75  1.25664  0.424233  0.232433
8.75  1.28805  0.352093  0.293536
8.75  1.31947  0.400031  0.302394
8.75  1.35088  0.497708  0.349896
8.75  1.3823  0.479687  0.29436
8.75  1.41372  0.36692  0.405126
8.75  1.44513  0.256889  0.214151
8.75  1.47655  0.253063  0.306376
8.75  1.50796  0.440364  0.223916
8.75  1.53938  0.451076  0.316942
8.75  1.5708  0.285836  0.271632
8.75  1.60221  1.13273  0.697692
8.75  1.63363  0.870026  0.658228
8.75  1.66504  0.341912  0.338676
8.75  1.69646  0.261041  0.271139
8.75  1.72788  0.773174  0.541542
8.75  1.75929  1.75038  1.67307
8.75  1.79071  0.227224  0.221486
8.75  1.82212  0.234793  0.24062
8.75  1.85354  0.449213  0.249792
8.75  1.88496  0.331499  0.354101
8.75  1.91637  0.222028  0.264072
8.75  1.94779  0.399809  0.24681
8.75  1.9792  0.279227  0.250397
8.75  2.01062  0.257879  0.31928
8.75  2.04204  0.461233  0.238068
8.75  2.07345  0.131865  0.227458
8.75  2.10487  0.287732  0.264762
8.75  2.13628  0.3662  0.215169
8.75  2.1677  0.171497  0.258347
8.75  2.19911  0.222395  0.213025
8.75  2.23053  0.31447  0.233981
8.75  2.26195  0.192025  0.209021
8.75  2.29336  0.259583  0.279207
8.75  2.32478  0.203563  0.199956
8.75  2.35619  0.310451  0.264873
8.75  2.38761  0.20028  0.218909
8.75  2.41903  0.297878  0.294982
8.75  2.45044  0.0101261  0.0743035
8.75  2.48186  0  0
8.75  2.51327  0  0
8.75  2.54469  0  0
8.75  2.57611  0  0
8.75  2.60752  0  0
8.75  2.63894  0  0
8.75  2.67035  0  0
8.75  2.70177  0  0
8.75  2.73319  0  0
8.75  2.7646  0  0
8.75  2.79602  0  0
8.75  2.82743  0  0
8.75  2.85885  0  0
8.75  2.89027  0  0
8.75  2.92168  0  0
8.75  2.9531  0  0
8.75  2.98451  0  0
8.75  3.01593  0  0
8.75  3.04734  0  0
8.75  3.07876  0  0
8.75  3.11018  0  0
8.875  0  0  0
8.875  0.0314159  0  0
8.875  0.0628319  0  0
8.875  0.0942478  0  0
8.875  0.125664  0  0
8.875  0.15708  0  0
8.875  0.188496  0  0
8.875  0.219911  0  0
8.875  0.251327  0  0
8.875  0.282743  0  0
8.875  0.314159  0  0
8.875  0.345575  0  0
8.875  0.376991  0  0
8.875  0.408407  0  0
8.875  0.439823  0  0
8.875  0.471239  0  0
8.875  0.502655  0  0
8.875  0.534071  0  0
8.875  0.565487  0  0
8.875  0.596903  0  0
8.875  0.628319  0  0
8.875  0.659734  0.233412  0.156506
8.875  0.69115  0.152204  0.14634
8.875  0.722566  0.312734  0.272673
8.875  0.753982  0.21673  0.240011
8.875  0.785398  0.290152  0.145428
8.875  0.816814  0.37992  0.207936
8.875  0.84823  0.130905  0.210854
8.875  0.879646  0.26335  0.237851
8.875  0.911062  0.156756  0.243935
8.875  0.942478  0.144853  0.229982
8.875  0.973894  0.322231  0.316677
8.875  1.00531  0.250337  0.302145
8.875  1.03673  0.293448  0.294504
8.875  1.06814  0.294031  0.14777
8.875  1.09956  0.212195  0.248404
8.875  1.13097  0.262301  0.27695
8.875  1.16239  0.423243  0.303165
8.875  1.19381  0.185802  0.27139
8.875  1.22522  0.198499  0.258047
8.875  1.25664  0.181077  0.272791
8.875  1.28805  0.37186  0.18737
8.875  1.31947  0.317914  0.220207
8.875  1.35088  0.404224  0.239939
8.875  1.3823  0.25861  0.299757
8.875  1.41372  0.251783  0.233807
8.875  1.44513  0.828786  0.755283
8.875  1.47655  0.222882  0.312365
8.875  1.50796  0.291875  0.377447
8.875  1.53938  0.26801  0.248419
8.875  1.5708  0.459427  0.376733
8.875  1.60221  0.463569  0.452755
8.875  1.63363  0.400173  0.398707
8.875  1.66504  0.280059  0.277103
8.875  1.69646  0.418031  0.230808
8.875  1.72788  0.228686  0.205172
8.875  1.75929  0.379976  0.410036
8.875  1.79071  0.374179  0.344365
8.875  1.82212  0.441829  0.437729
8.875  1.85354  0.437415  0.434816
8.875  1.88496  0.47651  0.312846
8.875  1.91637  0.325456  0.369264
8.875  1.94779  0.238517  0.265615
8.875  1.9792  0.39934  0.214691
8.875  2.01062  0.255823  0.248098
8.875  2.04204  0.308118  0.277719
8.875  2.07345  0.425466  0.224539
8.875  2.10487  0.434725  0.219281
8.875  2.13628  0.257141  0.295265
8.875  2.1677  0.315903  0.262491
8.875  2.19911  0.242785  0.296501
8.875  2.23053  0.282718  0.165528
8.875  2.26195  0.154153  0.246337
8.875  2.29336  0.249631  0.220642
8.875  2.32478  0.220272  0.251855
8.875  2.35619  0.150943  0.240555
8.875  2.38761  0.119873  0.221989
8.875  2.41903  0.185773  0.176615
8.875  2.45044  0.312225  0.217048
8.875  2.48186  0.00209505  0.0153731
8.875  2.51327  0  0
8.875  2.54469  0  0
8.875  2.57611  0  0
8.875  2.60752  0  0
8.875  2.63894  0  0
8.875  2.67035  0  0
8.875  2.70177  0  0
8.875  2.73319  0  0
8.875  2.7646  0  0
8.875  2.79602  0  0
8.875  2.82743  0  0
8.875  2.85885  0  0
8.875  2.89027  0  0
8.875  2.92168  0  0
8.875  2.9531  0  0
8.875  2.98451  0  0
8.875  3.01593  0  0
8.875  3.04734  0  0
8.875  3.07876  0  0
8.875  3.11018  0  0
9  0  0  0
9  0.0314159  0  0
9  0.0628319  0  0
9  0.0942478  0  0
9  0.125664  0  0
9  0.15708  0  0
9  0.188496  0  0
9  0.219911  0  0
9  0.251327  0  0
9  0.282743  0  0
9  0.314159  0  0
9  0.345575  0  0
9  0.376991  0  0
9  0.408407  0  0
9  0.439823  0  0
9  0.471239  0  0
9  0.502655  0  0
9  0.534071  0  0
9  0.565487  0  0
9  0.596903  0  0
9  0.628319  0.156723  0.153492
9  0.659734  0.265236  0.191992
9  0.69115  0.15818  0.192036
9  0.722566  0.138462  0.178666
9  0.753982  0.176772  0.177104
9  0.785398  0.174348  0.18669
9  0.816814  0.220711  0.18997
9  0.84823  0.258117  0.296775
9  0.879646  0.146016  0.251587
9  0.911062  0.329949  0.242112
9  0.942478  0.249793  0.273547
9  0.973894  0.153006  0.247215
9  1.00531  0.359747  0.246157
9  1.03673  0.158778  0.245473
9  1.06814  0.199524  0.250331
9  1.09956  0.267403  0.287638
9  1.13097  0.320534  0.336099
9  1.16239  0.217999  0.204041
9  1.19381  0.354783  0.35994
9  1.22522  0.210337  0.23108
9  1.25664  0.187928  0.261911
9  1.28805  0.21104  0.260052
9  1.31947  0.127557  0.132814
9  1.35088  0.329854  0.360873
9  1.3823  0.345837  0.366564
9  1.41372  0.315927  0.266641
9  1.44513  0.51452  0.259426
9  1.47655  0.28807  0.345113
9  1.50796  0.417837  0.377758
9  1.53938  0.287647  0.236191
9  1.5708  0.262159  0.247327
9  1.60221  0.151103  0.252838
9  1.63363  0.466408  0.233321
9  1.66504  0.360493  0.216498
9  1.69646  0.230553  0.246608
9  1.72788  0.239151  0.23828
9  1.75929  0.401418  0.317283
9  1.79071  0.324081  0.328474
9  1.82212  0.452368  0.293663
9  1.85354  0.273303  0.268961
9  1.88496  0.340791  0.345281
9  1.91637  0.319103  0.226427
9  1.94779  0.276662  0.302297
9  1.9792  0.382844  0.309974
9  2.01062  0.315965  0.290728
9  2.04204  0.212801  0.259668
9  2.07345  0.235209  0.257721
9  2.10487  0.151107  0.294369
9  2.13628  0.350498  0.2509
9  2.1677  1.79324  0.931423
9  2.19911  0.1707  0.263718
9  2.23053  0.313464  0.3173
9  2.26195  0.207548  0.191103
9  2.29336  0.215637  0.216029
9  2.32478  0.227574  0.277206
9  2.35619  0.14061  0.17182
9  2.38761  0.168826  0.20914
9  2.41903  0.179186  0.136422
9  2.45044  0.245915  0.178169
9  2.48186  0.25876  1.70225
9  2.51327  0  0
9  2.54469  0  0
9  2.57611  0  0
9  2.60752  0  0
9  2.63894  0  0
9  2.67035  0  0
9  2.70177  0  0
9  2.73319  0  0
9  2.7646  0  0
9  2.79602  0  0
9  2.82743  0  0
9  2.85885  0  0
9  2.89027  0  0
9  2.92168  0  0
9  2.9531  0  0
9  2.98451  0  0
9  3.01593  0  0
9  3.04734  0  0
9  3.07876  0  0
9  3.11018  0  0
9.125  0  0  0
9.125  0.0314159  0  0
9.125  0.0628319  0  0
9.125  0.0942478  0  0
9.125  0.125664  0  0
9.125  0.15708  0  0
9.125  0.188496  0  0
9.125  0.219911  0  0
9.125  0.251327  0  0
9.125  0.282743  0  0
9.125  0.314159  0  0
9.125  0.345575  0  0
9.125  0.376991  0  0
9.125  0.408407  0  0
9.125  0.439823  0  0
9.125  0.471239  0  0
9.125  0.502655  0  0
9.125  0.534071  0  0
9.125  0.565487  0  0
9.125  0.596903  0  0
9.125  0.628319  0.239313  0.180883
9.125  0.659734  0.347132  0.275672
9.125  0.69115  0.261783  0.221545
9.125  0.722566  0.209811  0.1959
9.125  0.753982  0.25183  0.151181
9.125  0.785398  0.283573  0.22517
9.125  0.816814  0.159271  0.190376
9.125  0.84823  0.270602  0.17292
9.125  0.879646  0.194939  0.190842
9.125  0.911062  0.229952  0.170911
9.125  0.942478  0.162903  0.236914
9.125  0.973894  0.151061  0.219568
9.125  1.00531  0.241864  0.21522
9.125  1.03673  0.252808  0.239328
9.125  1.06814  0.42217  0.228785
9.125  1.09956  0.333115  0.214813
9.125  1.13097  0.194509  0.251591
9.125  1.16239  0.293546  0.350169
9.125  1.19381  0.399717  0.234005
9.125  1.22522  0.253942  0.295602
9.125  1.25664  0.415699  0.208431
9.125  1.28805  0.28562  0.298547
9.125  1.31947  0.333423  0.347243
9.125  1.35088  0.289505  0.28396
9.125  1.3823  0.45702  0.454943
9.125  1.41372  0.536456  0.381259
9.125  1.44513  0.50379  0.41751
9.125  1.47655  0.33462  0.259396
9.125  1.50796  0.312155  0.335647
9.125  1.53938  1.08567  1.02387
9.125  1.5708  0.279022  0.24338
9.125  1.60221  0.509844  0.497929
9.125  1.63363  0.472867  0.338198
9.125  1.66504  1.23497  0.995047
9.125  1.69646  0.224252  0.237091
9.125  1.72788  0.508444  0.35327
9.125  1.75929  0.144162  0.258619
9.125  1.79071  0.286463  0.212269
9.125  1.82212  0.25718  0.204758
9.125  1.85354  0.441171  0.234408
9.125  1.88496  0.397987  0.22405
9.125  1.91637  0.259743  0.309152
9.125  1.94779  0.347676  0.254223
9.125  1.9792  0.238286  0.294724
9.125  2.01062  0.370116  0.328636
9.125  2.04204  0.428298  0.397803
9.125  2.07345  0.322246  0.249551
9.125  2.10487  0.228476  0.172932
9.125  2.13628  0.19439  0.244733
9.125  2.1677  0.388507  0.330714
9.125  2.19911  0.399517  0.322586
9.125  2.23053  0.278367  0.267819
9.125  2.26195  0.162631  0.180617
9.125  2.29336  0.353725  0.339497
9.125  2.32478  0.151908  0.176498
9.125  2.35619  0.276396  0.29308
9.125  2.38761  0.251555  0.21592
9.125  2.41903  0.136344  0.153073
9.125  2.45044  0.154598  0.18584
9.125  2.48186  0.261814  0.131228
9.125  2.51327  0  0
9.125  2.54469  0  0
9.125  2.57611  0  0
9.125  2.60752  0  0
9.125  2.63894  0  0
9.125  2.67035  0  0
9.125  2.70177  0  0
9.125  2.73319  0  0
9.125  2.7646  0  0
9.125  2.79602  0  0
9.125  2.82743  0  0
9.125  2.85885  0  0
9.125  2.89027  0  0
9.125  2.92168  0  0
9.125  2.9531  0  0
9.125  2.98451  0  0
9.125  3.01593  0  0
9.125  3.04734  0  0
9.125  3.07876  0  0
9.125  3.11018  0  0
9.25  0  0  0
9.25  0.0314159  0  0
9.25  0.0628319  0  0
9.25  0.0942478  0  0
9.25  0.125664  0  0
9.25  0.15708  0  0
9.25  0.188496  0  0
9.25  0.219911  0  0
9.25  0.251327  0  0
9.25  0.282743  0  0
9.25  0.314159  0  0
9.25  0.345575  0  0
9.25  0.376991  0  0
9.25  0.408407  0  0
9.25  0.439823  0  0
9.25  0.471239  0  0
9.25  0.502655  0  0
9.25  0.534071  0  0
9.25  0.565487  0  0
9.25  0.596903  0.325007  0.283996
9.25  0.628319  0.241331  0.122676
9.25  0.659734  0.143904  0.176767
9.25  0.69115  0.157547  0.129096
9.25  0.722566  0.213889  0.178713
9.25  0.753982  0.140997  0.211548
9.25  0.785398  0.280272  0.280184
9.25  0.816814  0.104019  0.104524
9.25  0.84823  0.208523  0.180918
9.25  0.879646  0.322389  0.291909
9.25  0.911062  0.148325  0.195442
9.25  0.942478  0.179913  0.222138
9.25  0.973894  0.344173  0.234787
9.25  1.00531  0.452882  0.288965
9.25  1.03673  0.308514  0.215889
9.25  1.06814  0.399266  0.390467
9.25  1.09956  0.435352  0.258172
9.25  1.13097  0.258546  0.26543
9.25  1.16239  0.343923  0.295566
9.25  1.19381  0.471767  0.262682
9.25  1.22522  0.343478  0.222292
9.25  1.25664  0.318583  0.284482
9.25  1.28805  0.372124  0.199584
9.25  1.31947  0.421111  0.273376
9.25  1.35088  0.34492  0.244114
9.25  1.3823  0.322338  0.318465
9.25  1.41372  0.429503  0.385423
9.25  1.44513  0.256932  0.238966
9.25  1.47655  0.27969  0.259223
9.25  1.50796  0.380846  0.361679
9.25  1.53938  0.187521  0.331861
9.25  1.5708  0.452724  0.336879
9.25  1.60221  0.382086  0.445215
9.25  1.63363  0.219263  0.288959
9.25  1.66504  0.418876  0.374011
9.25  1.69646  0.413719  0.305821
9.25  1.72788  0.471314  0.409467
9.25  1.75929  0.228884  0.29273
9.25  1.79071  0.448788  0.331105
9.25  1.82212  0.36944  0.365377
9.25  1.85354  0.40009  0.262619
9.25  1.88496  0.42472  0.420325
9.25  1.91637  0.34961  0.216035
9.25  1.94779  0.338435  0.30928
9.25  1.9792  0.347754  0.339157
9.25  2.01062  0.313298  0.282501
9.25  2.04204  0.25597  0.273419
9.25  2.07345  0.412527  0.261555
9.25  2.10487  0.292069  0.287381
9.25  2.13628  0.246052  0.152456
9.25  2.1677  0.309397  0.35343
9.25  2.19911  0.243086  0.23413
9.25  2.23053  0.194003  0.216346
9.25  2.26195  0.200892  0.201834
9.25  2.29336  0.440257  0.237955
9.25  2.32478  0.141232  0.20855
9.25  2.35619  0.18045  0.207622
9.25  2.38761  0.297484  0.199351
9.25  2.41903  0.158199  0.154386
9.25  2.45044  0.177057  0.218641
9.25  2.48186  0.268663  0.135013
9.25  2.51327  0.156557  0.14807
9.25  2.54469  0  0
9.25  2.57611  0  0
9.25  2.60752  0  0
9.25  2.63894  0  0
9.25  2.67035  0  0
9.25  2.70177  0  0
9.25  2.73319  0  0
9.25  2.7646  0  0
9.25  2.79602  0  0
9.25  2.82743  0  0
9.25  2.85885  0  0
9.25  2.89027  0  0
9.25  2.92168  0  0
9.25  2.9531  0  0
9.25  2.98451  0  0
9.25  3.01593  0  0
9.25  3.04734  0  0
9.25  3.07876  0  0
9.25  3.11018  0  0
9.375  0  0  0
9.375  0.0314159  0  0
9.375  0.0628319  0  0
9.375  0.0942478  0  0
9.375  0.125664  0  0
9.375  0.15708  0  0
9.375  0.188496  0  0
9.375  0.219911  0  0
9.375  0.251327  0  0
9.375  0.282743  0  0
9.375  0.314159  0  0
9.375  0.345575  0  0
9.375  0.376991  0  0
9.375  0.408407  0  0
9.375  0.439823  0  0
9.375  0.471239  0  0
9.375  0.502655  0  0
9.375  0.534071  0  0
9.375  0.565487  0  0
9.375  0.596903  0.169912  0.0899218
9.375  0.628319  0.268581  0.181246
9.375  0.659734  0.325113  0.325087
9.375  0.69115  0.269527  0.195711
9.375  0.722566  0.211325  0.250303
9.375  0.753982  0.259888  0.133706
9.375  0.785398  0.147239  0.16227
9.375  0.816814  0.335187  0.205805
9.375  0.84823  0.212268  0.218519
9.375  0.879646  0.292822  0.312962
9.375  0.911062  0.298428  0.338213
9.375  0.942478  0.139166  0.242476
9.375  0.973894  0.191526  0.254071
9.375  1.00531  0.259627  0.220386
9.375  1.03673  0.236211  0.243473
9.375  1.06814  0.325434  0.21419
9.375  1.09956  0.402461  0.304821
9.375  1.13097  0.385675  0.351363
9.375  1.16239  0.196777  0.235409
9.375  1.19381  0.314245  0.204678
9.375  1.22522  0.350774  0.231231
9.375  1.25664  0.322447  0.372258
9.375  1.28805  0.466281  0.331718
9.375  1.31947  0.401659  0.400953
9.375  1.35088  0.245752  0.219313
9.375  1.3823  0.291467  0.313854
9.375  1.41372  0.212452  0.232773
9.375  1.44513  0.218384  0.237662
9.375  1.47655  0.461083  0.393811
9.375  1.50796  0.2263  0.25007
9.375  1.53938  0.419989  0.406888
9.375  1.5708  0.376855  0.188613
9.375  1.60221  0.431075  0.32289
9.375  1.63363  0.405203  0.257859
9.375  1.66504  0.349654  0.249085
9.375  1.69646  0.397242  0.295109
9.375  1.72788  0.404918  0.233511
9.375  1.75929  0.276015  0.284037
9.375  1.79071  0.390884  0.390449
9.375  1.82212  0.477787  0.455673
9.375  1.85354  0.237746  0.239485
9.375  1.88496  0.178729  0.22921
9.375  1.91637  0.298566  0.247457
9.375  1.94779  0.24292  0.227504
9.375  1.9792  0.873683  0.560645
9.375  2.01062  0.41651  0.400577
9.375  2.04204  0.485602  0.434258
9.375  2.07345  0.307585  0.27143
9.375  2.10487  0.311458  0.228431
9.375  2.13628  0.424206  0.26011
9.375  2.1677  0.320028  0.300139
9.375  2.19911  0.211417  0.225284
9.375  2.23053  0.213601  0.169437
9.375  2.26195  0.148676  0.235553
9.375  2.29336  0.181414  0.155538
9.375  2.32478  0.223841  0.259285
9.375  2.35619  0.167133  0.182197
9.375  2.38761  0.253716  0.281653
9.375  2.41903  0.2569  0.256904
9.375  2.45044  0.170154  0.170455
9.375  2.48186  0.315506  0.276806
9.375  2.51327  0.156963  0.13721
9.375  2.54469  0  0
9.375  2.57611  0  0
9.375  2.60752  0  0
9.375  2.63894  0  0
9.375  2.67035  0  0
9.375  2.70177  0  0
9.375  2.73319  0  0
9.375  2.7646  0  0
9.375  2.79602  0  0
9.375  2.82743  0  0
9.375  2.85885  0  0
9.375  2.89027  0  0
9.375  2.92168  0  0
9.375  2.9531  0  0
9.375  2.98451  0  0
9.375  3.01593  0  0
9.375  3.04734  0  0
9.375  3.07876  0  0
9.375  3.11018  0  0
9.5  0  0  0
9.5  0.0314159  0  0
9.5  0.0628319  0  0
9.5  0.0942478  0  0
9.5  0.125664  0  0
9.5  0.15708  0  0
9.5  0.188496  0  0
9.5  0.219911  0  0
9.5  0.251327  0  0
9.5  0.282743  0  0
9.5  0.314159  0  0
9.5  0.345575  0  0
9.5  0.376991  0  0
9.5  0.408407  0  0
9.5  0.439823  0  0
9.5  0.471239  0  0
9.5  0.502655  0  0
9.5  0.534071  0  0
9.5  0.565487  0.258759  1.70226
9.5  0.596903  0.0986952  0.152556
9.5  0.628319  0.14576  0.168359
9.5  0.659734  0.225966  0.147049
9.5  0.69115  0.293458  0.215783
9.5  0.722566  0.147945  0.148519
9.5  0.753982  0.306808  0.184235
9.5  0.785398  0.194621  0.192946
9.5  0.816814  0.180806  0.184864
9.5  0.84823  0.319937  0.341048
9.5  0.879646  0.338827  0.2894
9.5  0.911062  0.270698  0.23191
9.5  0.942478  0.939645  0.920965
9.5  0.973894  0.391989  0.290716
9.5  1.00531  0.232427  0.248549
9.5  1.03673  0.257877  0.259589
9.5  1.06814  0.429784  0.33631
9.5  1.09956  0.25933  0.238942
9.5  1.13097  0.362655  0.304827
9.5  1.16239  0.392547  0.239195
9.5  1.19381  0.237565  0.282664
9.5  1.22522  0.348176  0.209673
9.5  1.25664  0.284426  0.278223
9.5  1.28805  0.233725  0.283682
9.5  1.31947  0.201519  0.252554
9.5  1.35088  0.283567  0.268167
9.5  1.3823  0.220474  0.308819
9.5  1.41372  0.268631  0.316301
9.5  1.44513  0.181234  0.282059
9.5  1.47655  0.478253  0.478222
9.5  1.50796  0.684662  0.684245
9.5  1.53938  0.405638  0.27304
9.5  1.5708  0.215026  0.276102
9.5  1.60221  0.408722  0.345232
9.5  1.63363  0.470944  0.249584
9.5  1.66504  0.271194  0.191276
9.5  1.69646  0.342971  0.273553
9.5  1.72788  0.167412  0.22427
9.5  1.75929  0.43745  0.243398
9.5  1.79071  0.29449  0.314672
9.5  1.82212  0.296084  0.232207
9.5  1.85354  0.249726  0.29612
9.5  1.88496  0.186578  0.236533
9.5  1.91637  0.273143  0.319225
9.5  1.94779  0.399026  0.425965
9.5  1.9792  0.205377  0.288254
9.5  2.01062  0.219835  0.260039
9.5  2.04204  0.392373  0.283271
9.5  2.07345  0.266966  0.303607
9.5  2.10487  0.252402  0.221126
9.5  2.13628  0.386744  0.321788
9.5  2.1677  0.136117  0.225611
9.5  2.19911  0.16058  0.26674
9.5  2.23053  0.220945  0.177659
9.5  2.26195  0.119834  0.207489
9.5  2.29336  0.301457  0.230529
9.5  2.32478  0.182181  0.199901
9.5  2.35619  0.230407  0.273072
9.5  2.38761  0.310381  0.158798
9.5  2.41903  0.294859  0.23199
9.5  2.45044  0.251445  0.125861
9.5  2.48186  0.193818  0.144569
9.5  2.51327  0.190464  0.155416
9.5  2.54469  0  0
9.5  2.57611  0  0
9.5  2.60752  0  0
9.5  2.63894  0  0
9.5  2.67035  0  0
9.5  2.70177  0  0
9.5  2.73319  0  0
9.5  2.7646  0  0
9.5  2.79602  0  0
9.5  2.82743  0  0
9.5  2.85885  0  0
9.5  2.89027  0  0
9.5  2.92168  0  0
9.5  2.9531  0  0
9.5  2.98451  0  0
9.5  3.01593  0  0
9.5  3.04734  0  0
9.5  3.07876  0  0
9.5  3.11018  0  0
9.625  0  0  0
9.625  0.0314159  0  0
9.625  0.0628319  0  0
9.625  0.0942478  0  0
9.625  0.125664  0  0
9.625  0.15708  0  0
9.625  0.188496  0  0
9.625  0.219911  0  0
9.625  0.251327  0  0
9.625  0.282743  0  0
9.625  0.314159  0  0
9.625  0.345575  0  0
9.625  0.376991  0  0
9.625  0.408407  0  0
9.625  0.439823  0  0
9.625  0.471239  0  0
9.625  0.502655  0  0
9.625  0.534071  0  0
9.625  0.565487  0.243148  0.2403
9.625  0.596903  0.0941442  0.152427
9.625  0.628319  0.0911056  0.158488
9.625  0.659734  0.127455  0.20994
9.625  0.69115  0.284332  0.142322
9.625  0.722566  0.172965  0.179553
9.625  0.753982  0.333582  0.20416
9.625  0.785398  0.238308  0.15898
9.625  0.816814  0.17466  0.26434
9.625  0.84823  0.270197  0.309152
9.625  0.879646  0.331038  0.319836
9.625  0.911062  0.210907  0.195718
9.625  0.942478  0.28806  0.317499
9.625  0.973894  0.363202  0.25262
9.625  1.00531  0.365994  0.227884
9.625  1.03673  0.191669  0.268721
9.625  1.06814  0.258188  0.268957
9.625  1.09956  0.420301  0.284885
9.625  1.13097  0.403703  0.381039
9.625  1.16239  0.268256  0.260982
9.625  1.19381  0.431169  0.323401
9.625  1.22522  0.418424  0.323329
9.625  1.25664  0.375402  0.268448
9.625  1.28805  0.413192  0.222487
9.625  1.31947  0.411186  0.22997
9.625  1.35088  0.377332  0.319429
9.625  1.3823  0.202816  0.305068
9.625  1.41372  0.362634  0.361228
9.625  1.44513  0.41715  0.432715
9.625  1.47655  0.493992  0.373636
9.625  1.50796  0.20424  0.228313
9.625  1.53938  0.375553  0.391889
9.625  1.5708  0.183863  0.189934
9.625  1.60221  0.422984  0.405878
9.625  1.63363  0.254398  0.990648
9.625  1.66504  0.463852  0.301827
9.625  1.69646  0.30196  0.258495
9.625  1.72788  0.229054  0.279053
9.625  1.75929  0.173898  0.227185
9.625  1.79071  0.173597  0.24893
9.625  1.82212  0.412492  0.288668
9.625  1.85354  0.403238  0.224464
9.625  1.88496  0.27356  0.283898
9.625  1.91637  0.214218  0.238249
9.625  1.94779  0.308154  0.289135
9.625  1.9792  0.347543  0.400784
9.625  2.01062  0.384081  0.242464
9.625  2.04204  0.243567  0.284114
9.625  2.07345  0.18569  0.191533
9.625  2.10487  0.323105  0.268447
9.625  2.13628  0.199234  0.21098
9.625  2.1677  0.199719  0.213368
9.625  2.19911  0.138282  0.224288
9.625  2.23053  0.14454  0.234591
9.625  2.26195  0.170404  0.200892
9.625  2.29336  0.176273  0.171785
9.625  2.32478  0.310857  0.222464
9.625  2.35619  0.284735  0.20704
9.625  2.38761  0.304572  0.303893
9.625  2.41903  0.293883  0.204104
9.625  2.45044  0.110107  0.168433
9.625  2.48186  0.2167  0.236732
9.625  2.51327  0.211938  0.23541
9.625  2.54469  0.234885  0.160428
9.625  2.57611  0  0
9.625  2.60752  0  0
9.625  2.63894  0  0
9.625  2.67035  0  0
9.625  2.70177  0  0
9.625  2.73319  0  0
9.625  2.7646  0  0
9.625  2.79602  0  0
9.625  2.82743  0  0
9.625  2.85885  0  0
9.625  2.89027  0  0
9.625  2.92168  0  0
9.625  2.9531  0  0
9.625  2.98451  0  0
9.625  3.01593  0  0
9.625  3.04734  0  0
9.625  3.07876  0  0
9.625  3.11018  0  0
9.75  0  0  0
9.75  0.0314159  0  0
9.75  0.0628319  0  0
9.75  0.0942478  0  0
9.75  0.125664  0  0
9.75  0.15708  0  0
9.75  0.188496  0  0
9.75  0.219911  0  0
9.75  0.251327  0  0
9.75  0.282743  0  0
9.75  0.314159  0  0
9.75  0.345575  0  0
9.75  0.376991  0  0
9.75  0.408407  0  0
9.75  0.439823  0  0
9.75  0.471239  0  0
9.75  0.502655  0  0
9.75  0.534071  0.0040155  0.0294652
9.75  0.565487  0.200282  0.200286
9.75  0.596903  0.109851  0.137738
9.75  0.628319  0.249399  0.249378
9.75  0.659734  0.123227  0.179179
9.75  0.69115  0.123459  0.146916
9.75  0.722566  0.206246  0.230349
9.75  0.753982  0.301182  0.23772
9.75  0.785398  0.28453  0.183563
9.75  0.816814  0.32725  0.322925
9.75  0.84823  0.192157  0.241426
9.75  0.879646  0.288517  0.219401
9.75  0.911062  0.160109  0.245632
9.75  0.942478  0.412663  0.286331
9.75  0.973894  0.288068  0.33924
9.75  1.00531  0.210638  0.227514
9.75  1.03673  0.36755  0.265107
9.75  1.06814  0.370773  0.317088
9.75  1.09956  0.217885  0.203566
9.75  1.13097  0.288558  0.282945
9.75  1.16239  0.283815  0.329926
9.75  1.19381  0.280061  0.187339
9.75  1.22522  0.2682  0.312042
9.75  1.25664  0.164987  0.243256
9.75  1.28805  0.467435  0.438437
9.75  1.31947  0.248414  0.262847
9.75  1.35088  0.367478  0.352138
9.75  1.3823  0.288671  0.289256
9.75  1.41372  0.356004  0.19
9.75  1.44513  0.383826  0.237488
9.75  1.47655  0.437527  0.435224
9.75  1.50796  0.322683  0.28978
9.75  1.53938  0.389899  0.197512
9.75  1.5708  0.218823  0.254028
9.75  1.60221  0.437192  0.230906
9.75  1.63363  0.223475  0.244175
9.75  1.66504  0.441063  0.444373
9.75  1.69646  0.304692  0.294937
9.75  1.72788  0.377769  0.229681
9.75  1.75929  0.26562  0.315884
9.75  1.79071  0.371634  0.215509
9.75  1.82212  0.309339  0.308902
9.75  1.85354  0.453363  0.448779
9.75  1.88496  0.414955  0.389133
9.75  1.91637  0.231031  0.259974
9.75  1.94779  0.367333  0.347287
9.75  1.9792  0.198463  0.2406
9.75  2.01062  0.185149  0.240245
9.75  2.04204  0.287238  0.323551
9.75  2.07345  0.160623  0.271286
9.75  2.10487  0.383083  0.371532
9.75  2.13628  0.264196  0.201129
9.75  2.1677  0.674446  0.667668
9.75  2.19911  0.295852  0.183647
9.75  2.23053  0.220592  0.227594
9.75  2.26195  0.297587  0.170963
9.75  2.29336  0.155372  0.1909
9.75  2.32478  0.203215  0.206041
9.75  2.35619  0.208001  0.224309
9.75  2.38761  0.261619  0.276225
9.75  2.41903  0.14593  0.214866
9.75  2.45044  0.21328  0.204716
9.75  2.48186  0.106407  0.134622
9.75  2.51327  0.0828735  0.125744
9.75  2.54469  0.2987  0.295567
9.75  2.57611  0  0
9.75  2.60752  0  0
9.75  2.63894  0  0
9.75  2.67035  0  0
9.75  2.70177  0  0
9.75  2.73319  0  0
9.75  2.7646  0  0
9.75  2.79602  0  0
9.75  2.82743  0  0
9.75  2.85885  0  0
9.75  2.89027  0  0
9.75  2.92168  0  0
9.75  2.9531  0  0
9.75  2.98451  0  0
9.75  3.01593  0  0
9.75  3.04734  0  0
9.75  3.07876  0  0
9.75  3.11018  0  0
9.875  0  0  0
9.875  0.0314159  0  0
9.875  0.0628319  0  0
9.875  0.0942478  0  0
9.875  0.125664  0  0
9.875  0.15708  0  0
9.875  0.188496  0  0
9.875  0.219911  0  0
9.875  0.251327  0  0
9.875  0.282743  0  0
9.875  0.314159  0  0
9.875  0.345575  0  0
9.875  0.376991  0  0
9.875  0.408407  0  0
9.875  0.439823  0  0
9.875  0.471239  0  0
9.875  0.502655  0  0
9.875  0.534071  0.305022  0.161587
9.875  0.565487  0.104236  0.156461
9.875  0.596903  0.307023  0.229974
9.875  0.628319  0.173193  0.167991
9.875  0.659734  0.212899  0.106457
9.875  0.69115  0.253065  0.160372
9.875  0.722566  0.264086  0.259804
9.875  0.753982  0.159236  0.15877
9.875  0.785398  0.209398  0.239857
9.875  0.816814  0.228137  0.231739
9.875  0.84823  0.371529  0.337868
9.875  0.879646  0.397125  0.367334
9.875  0.911062  0.342298  0.199935
9.875  0.942478  0.54475  0.498801
9.875  0.973894  0.162542  0.255053
9.875  1.00531  0.380508  0.258946
9.875  1.03673  0.227544  0.213789
9.875  1.06814  0.170365  0.230553
9.875  1.09956  0.191146  0.297001
9.875  1.13097  0.172249  0.288579
9.875  1.16239  0.309126  0.264835
9.875  1.19381  0.279323  0.269252
9.875  1.22522  0.314428  0.315925
9.875  1.25664  0.297568  0.288362
9.875  1.28805  0.352261  0.31685
9.875  1.31947  0.275831  0.24552
9.875  1.35088  0.438244  0.254683
9.875  1.3823  0.20892  0.294683
9.875  1.41372  0.29129  0.173519
9.875  1.44513  0.194712  0.225163
9.875  1.47655  0.258124  0.250296
9.875  1.50796  0.396714  0.206329
9.875  1.53938  0.43964  0.238846
9.875  1.5708  0.463753  0.259175
9.875  1.60221  0.332272  0.333221
9.875  1.63363  0.295934  0.304368
9.875  1.66504  0.39648  0.225987
9.875  1.69646  0.268415  0.25872
9.875  1.72788  1.02178  0.511952
9.875  1.75929  0.280399  0.243326
9.875  1.79071  0.230115  0.216719
9.875  1.82212  0.22775  0.211875
9.875  1.85354  0.42451  0.263606
9.875  1.88496  0.45411  0.257761
9.875  1.91637  0.230025  0.255132
9.875  1.94779  1.95166  0.984613
9.875  1.9792  0.170209  0.255976
9.875  2.01062  0.26305  0.308182
9.875  2.04204  0.244129  0.199123
9.875  2.07345  1.62955  1.37265
9.875  2.10487  0.37158  0.357414
9.875  2.13628  0.264025  0.171262
9.875  2.1677  0.138943  0.249551
9.875  2.19911  0.180379  0.284178
9.875  2.23053  0.147842  0.23616
9.875  2.26195  0.0870457  0.0691924
9.875  2.29336  0.192754  0.197678
9.875  2.32478  0.238922  0.156841
9.875  2.35619  0.150898  0.140797
9.875  2.38761  0.236533  0.202072
9.875  2.41903  0.12526  0.190517
9.875  2.45044  0.277474  0.274411
9.875  2.48186  0.238228  0.180713
9.875  2.51327  0.259226  0.245657
9.875  2.54469  0.129189  0.157387
9.875  2.57611  0.193316  0.146411
9.875  2.60752  0  0
9.875  2.63894  0  0
9.875  2.67035  0  0
9.875  2.70177  0  0
9.875  2.73319  0  0
9.875  2.7646  0  0
9.875  2.79602  0  0
9.875  2.82743  0  0
9.875  2.85885  0  0
9.875  2.89027  0  0
9.875  2.92168  0  0
9.875  2.9531  0  0
9.875  2.98451  0  0
9.875  3.01593  0  0
9.875  3.04734  0  0
9.875  3.07876  0  0
9.875  3.11018  0  0
10  0  0  0
10  0.0314159  0  0
10  0.0628319  0  0
10  0.0942478  0  0
10  0.125664  0  0
10  0.15708  0  0
10  0.188496  0  0
10  0.219911  0  0
10  0.251327  0  0
10  0.282743  0  0
10  0.314159  0  0
10  0.345575  0  0
10  0.376991  0  0
10  0.408407  0  0
10  0.439823  0  0
10  0.471239  0  0
10  0.502655  0  0
10  0.534071  0.0958739  0.0867368
10  0.565487  0.235069  0.224945
10  0.596903  0.168053  0.179323
10  0.628319  0.23236  0.232354
10  0.659734  0.281455  0.232298
10  0.69115  0.174289  0.228113
10  0.722566  0.242038  0.172617
10  0.753982  0.105615  0.187511
10  0.785398  0.198211  0.183579
10  0.816814  0.344488  0.323663
10  0.84823  0.145389  0.202931
10  0.879646  0.125104  0.13075
10  0.911062  0.184982  0.170833
10  0.942478  0.155  0.229796
10  0.973894  0.14906  0.222182
10  1.00531  0.28873  0.340675
10  1.03673  0.316891  0.20876
10  1.06814  0.362771  0.267843
10  1.09956  0.440741  0.29093
10  1.13097  0.36141  0.260893
10  1.16239  0.22304  0.256433
10  1.19381  0.424933  0.279642
10  1.22522  0.214787  0.226066
10  1.25664  0.407791  0.382875
10  1.28805  0.19178  0.252446
10  1.31947  0.365064  0.2582
10  1.35088  0.330265  0.307546
10  1.3823  0.285615  0.256711
10  1.41372  0.439314  0.241643
10  1.44513  0.375818  0.451124
10  1.47655  0.199522  0.266604
10  1.50796  0.345477  0.371753
10  1.53938  0.400672  0.309244
10  1.5708  0.409898  0.307446
10  1.60221  0.256312  0.242053
10  1.63363  0.414717  0.334851
10  1.66504  0.394343  0.37989
10  1.69646  0.431142  0.328586
10  1.72788  0.291779  0.253504
10  1.75929  0.489614  0.483445
10  1.79071  0.451776  0.452016
10  1.82212  1.6014  0.887551
10  1.85354  0.463826  0.244608
10  1.88496  0.408977  0.413931
10  1.91637  0.169256  0.228659
10  1.94779  0.385603  0.370722
10  1.9792  0.272337  0.2383
10  2.01062  0.227067  0.269669
10  2.04204  0.332587  0.382453
10  2.07345  0.953237  0.73211
10  2.10487  0.350196  0.189795
10  2.13628  0.247647  0.20138
10  2.1677  0.239461  0.247486
10  2.19911  0.240335  0.275994
10  2.23053  0.189099  0.257866
10  2.26195  0.238319  0.248088
10  2.29336  0.220416  0.198444
10  2.32478  0.398179  0.392814
10  2.35619  0.158272  0.153814
10  2.38761  0.267907  0.267867
10  2.41903  0.258582  0.163867
10  2.45044  0.184596  0.186013
10  2.48186  0.210612  0.140846
10  2.51327  0.276352  0.261436
10  2.54469  0.16797  0.150599
10  2.57611  0.244401  0.161538
10  2.60752  0  0
10  2.63894  0  0
10  2.67035  0  0
10  2.70177  0  0
10  2.73319  0  0
10  2.7646  0  0
10  2.79602  0  0
10  2.82743  0  0
10  2.85885  0  0
10  2.89027  0  0
10  2.92168  0  0
10  2.9531  0  0
10  2.98451  0  0
10  3.01593  0  0
10  3.04734  0  0
10  3.07876  0  0
10  3.11018  0  0
10.125  0  0  0
10.125  0.0314159  0  0
10.125  0.0628319  0  0
10.125  0.0942478  0  0
10.125  0.125664  0  0
10.125  0.15708  0  0
10.125  0.188496  0  0
10.125  0.219911  0  0
10.125  0.251327  0  0
10.125  0.282743  0  0
10.125  0.314159  0  0
10.125  0.345575  0  0
10.125  0.376991  0  0
10.125  0.408407  0  0
10.125  0.439823  0  0
10.125  0.471239  0  0
10.125  0.502655  0  0
10.125  0.534071  0.292927  0.228314
10.125  0.565487  0.27337  0.271131
10.125  0.596903  0.272189  0.17254
10.125  0.628319  0.267307  0.266143
10.125  0.659734  0.242763  0.12386
10.125  0.69115  0.172051  0.127987
10.125  0.722566  0.217072  0.132964
10.125  0.753982  0.289617  0.293579
10.125  0.785398  0.278228  0.170334
10.125  0.816814  0.214565  0.212797
10.125  0.84823  0.164762  0.209621
10.125  0.879646  0.186119  0.201511
10.125  0.911062  0.237047  0.201966
10.125  0.942478  0.295851  0.281114
10.125  0.973894  0.39932  0.396386
10.125  1.00531  0.201088  0.185545
10.125  1.03673  0.246366  0.22903
10.125  1.06814  0.184042  0.217152
10.125  1.09956  0.308349  0.333207
10.125  1.13097  0.848553  0.838374
10.125  1.16239  0.349164  0.249277
10.125  1.19381  0.314446  0.23755
10.125  1.22522  0.296954  0.348818
10.125  1.25664  0.318733  0.271091
10.125  1.28805  0.379752  0.259146
10.125  1.31947  0.335811  0.198317
10.125  1.35088  0.38244  0.296038
10.125  1.3823  1.93919  1.03445
10.125  1.41372  0.449411  0.340573
10.125  1.44513  0.457038  0.450783
10.125  1.47655  0.387319  0.366077
10.125  1.50796  0.373001  0.234076
10.125  1.53938  0.211044  0.193343
10.125  1.5708  0.440275  0.319756
10.125  1.60221  0.449083  0.422583
10.125  1.63363  0.717469  0.604863
10.125  1.66504  0.26235  0.302424
10.125  1.69646  0.392831  0.263282
10.125  1.72788  0.240001  0.217614
10.125  1.75929  0.459279  0.441564
10.125  1.79071  0.51843  0.460497
10.125  1.82212  0.219418  0.238176
10.125  1.85354  0.231568  0.26515
10.125  1.88496  0.271576  0.221382
10.125  1.91637  0.235119  0.245668
10.125  1.94779  0.205382  0.264386
10.125  1.9792  0.4273  0.256795
10.125  2.01062  0.26579  0.307342
10.125  2.04204  0.365251  0.184502
10.125  2.07345  0.366723  0.358917
10.125  2.10487  0.256463  0.292808
10.125  2.13628  0.214502  0.233857
10.125  2.1677  0.15046  0.251403
10.125  2.19911  0.247793  0.232334
10.125  2.23053  0.210467  0.178604
10.125  2.26195  0.167115  0.229219
10.125  2.29336  0.235203  0.207968
10.125  2.32478  0.23826  0.204063
10.125  2.35619  0.350772  0.187205
10.125  2.38761  0.145221  0.175903
10.125  2.41903  0.137859  0.201231
10.125  2.45044  0.257441  0.128738
10.125  2.48186  0.247794  0.270072
10.125  2.51327  0.114873  0.140106
10.125  2.54469  0.187304  0.127665
10.125  2.57611  0.258454  0.257138
10.125  2.60752  0  0
10.125  2.63894  0  0
10.125  2.67035  0  0
10.125  2.70177  0  0
10.125  2.73319  0  0
10.125  2.7646  0  0
10.125  2.79602  0  0
10.125  2.82743  0  0
10.125  2.85885  0  0
10.125  2.89027  0  0
10.125  2.92168  0  0
10.125  2.9531  0  0
10.125  2.98451  0  0
10.125  3.01593  0  0
10.125  3.04734  0  0
10.125  3.07876  0  0
10.125  3.11018  0  0
10.25  0  0  0
10.25  0.0314159  0  0
10.25  0.0628319  0  0
10.25  0.0942478  0  0
10.25  0.125664  0  0
10.25  0.15708  0  0
10.25  0.188496  0  0
10.25  0.219911  0  0
10.25  0.251327  0  0
10.25  0.282743  0  0
10.25  0.314159  0  0
10.25  0.345575  0  0
10.25  0.376991  0  0
10.25  0.408407  0  0
10.25  0.439823  0  0
10.25  0.471239  0  0
10.25  0.502655  0.175138  0.168414
10.25  0.534071  0.0670981  0.110606
10.25  0.565487  0.171083  0.155802
10.25  0.596903  0.220854  0.216398
10.25  0.628319  0.192649  0.168974
10.25  0.659734  0.204858  0.195773
10.25  0.69115  0.278853  0.278055
10.25  0.722566  0.292365  0.259119
10.25  0.753982  0.226595  0.198464
10.25  0.785398  0.193062  0.187859
10.25  0.816814  0.190002  0.190427
10.25  0.84823  0.140992  0.216387
10.25  0.879646  0.300259  0.20494
10.25  0.911062  0.33897  0.225401
10.25  0.942478  0.172089  0.25612
10.25  0.973894  0.146578  0.209908
10.25  1.00531  0.212392  0.243255
10.25  1.03673  0.294111  0.198653
10.25  1.06814  0.183175  0.24064
10.25  1.09956  0.38502  0.193714
10.25  1.13097  0.288045  0.24632
10.25  1.16239  0.227218  0.223583
10.25  1.19381  0.380002  0.381212
10.25  1.22522  0.298181  0.282474
10.25  1.25664  0.199843  0.233724
10.25  1.28805  0.256241  0.281253
10.25  1.31947  0.197718  0.277348
10.25  1.35088  0.397682  0.262963
10.25  1.3823  0.236372  0.247462
10.25  1.41372  0.447939  0.41879
10.25  1.44513  0.322724  0.274249
10.25  1.47655  0.385635  0.199383
10.25  1.50796  0.141383  0.260954
10.25  1.53938  0.468603  0.463661
10.25  1.5708  0.292956  0.231999
10.25  1.60221  0.498985  0.254633
10.25  1.63363  0.194985  0.198261
10.25  1.66504  0.281073  0.32328
10.25  1.69646  0.447578  0.23902
10.25  1.72788  0.246188  0.289516
10.25  1.75929  0.285604  0.272523
10.25  1.79071  0.252235  0.287373
10.25  1.82212  0.412273  0.290408
10.25  1.85354  0.187744  0.28091
10.25  1.88496  0.261203  0.22578
10.25  1.91637  0.228596  0.258921
10.25  1.94779  0.439771  0.387936
10.25  1.9792  0.221584  0.255143
10.25  2.01062  0.432468  0.432324
10.25  2.04204  0.271862  0.316319
10.25  2.07345  0.176763  0.188868
10.25  2.10487  0.354741  0.229861
10.25  2.13628  0.186308  0.249345
10.25  2.1677  0.190068  0.181177
10.25  2.19911  0.218974  0.256253
10.25  2.23053  0.123757  0.21647
10.25  2.26195  0.306336  0.305662
10.25  2.29336  0.317804  0.197105
10.25  2.32478  0.305424  0.153141
10.25  2.35619  0.18248  0.171453
10.25  2.38761  0.332673  0.2872
10.25  2.41903  0.149873  0.172305
10.25  2.45044  0.283028  0.282957
10.25  2.48186  0.265428  0.152144
10.25  2.51327  0.0855392  0.130618
10.25  2.54469  0.209025  0.141295
10.25  2.57611  0.290889  0.221402
10.25  2.60752  0.217278  0.111118
10.25  2.63894  0  0
10.25  2.67035  0  0
10.25  2.70177  0  0
10.25  2.73319  0  0
10.25  2.7646  0  0
10.25  2.79602  0  0
10.25  2.82743  0  0
10.25  2.85885  0  0
10.25  2.89027  0  0
10.25  2.92168  0  0
10.25  2.9531  0  0
10.25  2.98451  0  0
10.25  3.01593  0  0
10.25  3.04734  0  0
10.25  3.07876  0  0
10.25  3.11018  0  0
10.375  0  0  0
10.375  0.0314159  0  0
10.375  0.0628319  0  0
10.375  0.0942478  0  0
10.375  0.125664  0  0
10.375  0.15708  0  0
10.375  0.188496  0  0
10.375  0.219911  0  0
10.375  0.251327  0  0
10.375  0.282743  0  0
10.375  0.314159  0  0
10.375  0.345575  0  0
10.375  0.376991  0  0
10.375  0.408407  0  0
10.375  0.439823  0  0
10.375  0.471239  0  0
10.375  0.502655  0.124237  0.100958
10.375  0.534071  0.0881124  0.142264
10.375  0.565487  0.0680608  0.126783
10.375  0.596903  0.102382  0.116345
10.375  0.628319  0.252103  0.274136
10.375  0.659734  0.115465  0.113851
10.375  0.69115  0.182457  0.192723
10.375  0.722566  0.305184  0.249903
10.375  0.753982  0.290474  0.185969
10.375  0.785398  0.141851  0.199826
10.375  0.816814  0.199419  0.230027
10.375  0.84823  0.10998  0.191131
10.375  0.879646  0.170847  0.265507
10.375  0.911062  0.381374  0.271594
10.375  0.942478  0.294559  0.190292
10.375  0.973894  0.364629  0.283052
10.375  1.00531  0.229875  0.245951
10.375  1.03673  0.376668  0.328801
10.375  1.06814  0.430875  0.430875
10.375  1.09956  0.438357  0.317655
10.375  1.13097  0.264791  0.280349
10.375  1.16239  0.346045  0.277675
10.375  1.19381  0.417542  0.246731
10.375  1.22522  0.177107  0.283465
10.375  1.25664  0.268212  0.282692
10.375  1.28805  0.177466  0.265499
10.375  1.31947  0.294875  0.308006
10.375  1.35088  0.412586  0.255525
10.375  1.3823  0.428442  0.448678
10.375  1.41372  0.396578  0.232683
10.375  1.44513  0.243512  0.272816
10.375  1.47655  0.20021  0.244354
10.375  1.50796  0.265733  0.280206
10.375  1.53938  0.28068  0.206736
10.375  1.5708  0.383209  0.192503
10.375  1.60221  0.38451  0.372498
10.375  1.63363  0.338272  0.287391
10.375  1.66504  0.431077  0.22054
10.375  1.69646  0.403134  0.432217
10.375  1.72788  0.378018  0.353516
10.375  1.75929  0.295034  0.382533
10.375  1.79071  0.463576  0.430372
10.375  1.82212  0.251702  0.240426
10.375  1.85354  0.452389  0.448375
10.375  1.88496  0.201494  0.238602
10.375  1.91637  0.335009  0.306583
10.375  1.94779  0.221636  0.240939
10.375  1.9792  0.390348  0.29454
10.375  2.01062  0.222998  0.265249
10.375  2.04204  0.230034  0.227703
10.375  2.07345  0.281814  0.332211
10.375  2.10487  0.187066  0.19891
10.375  2.13628  0.177946  0.277898
10.375  2.1677  0.130664  0.215231
10.375  2.19911  0.345979  0.304907
10.375  2.23053  0.9677  0.823707
10.375  2.26195  0.165224  0.143012
10.375  2.29336  0.134887  0.221165
10.375  2.32478  0.2165  0.213692
10.375  2.35619  0.248706  0.168716
10.375  2.38761  0.25619  0.25487
10.375  2.41903  0.123737  0.138157
10.375  2.45044  0.187251  0.189983
10.375  2.48186  0.260803  0.195158
10.375  2.51327  0.1559  0.171326
10.375  2.54469  0.240559  0.230489
10.375  2.57611  0.113188  0.111804
10.375  2.60752  0.0909667  0.128959
10.375  2.63894  0  0
10.375  2.67035  0  0
10.375  2.70177  0  0
10.375  2.73319  0  0
10.375  2.7646  0  0
10.375  2.79602  0  0
10.375  2.82743  0  0
10.375  2.85885  0  0
10.375  2.89027  0  0
10.375  2.92168  0  0
10.375  2.9531  0  0
10.375  2.98451  0  0
10.375  3.01593  0  0
10.375  3.04734  0  0
10.375  3.07876  0  0
10.375  3.11018  0  0
10.5  0  0  0
10.5  0.0314159  0  0
10.5  0.0628319  0  0
10.5  0.0942478  0  0
10.5  0.125664  0  0
10.5  0.15708  0  0
10.5  0.188496  0  0
10.5  0.219911  0  0
10.5  0.251327  0  0
10.5  0.282743  0  0
10.5  0.314159  0  0
10.5  0.345575  0  0
10.5  0.376991  0  0
10.5  0.408407  0  0
10.5  0.439823  0  0
10.5  0.471239  0.00209505  0.0153731
10.5  0.502655  0.239796  0.133507
10.5  0.534071  0.100013  0.0906645
10.5  0.565487  0.201188  0.191182
10.5  0.596903  0.0956094  0.149464
10.5  0.628319  0.190891  0.139485
10.5  0.659734  0.192805  0.219744
10.5  0.69115  0.368274  0.255669
10.5  0.722566  0.109836  0.157331
10.5  0.753982  0.3207  0.163705
10.5  0.785398  0.144434  0.221704
10.5  0.816814  0.152708  0.252344
10.5  0.84823  0.142355  0.18424
10.5  0.879646  0.341326  0.230496
10.5  0.911062  0.203483  0.211243
10.5  0.942478  0.224295  0.2163
10.5  0.973894  0.912554  0.656045
10.5  1.00531  1.29819  0.654264
10.5  1.03673  0.306569  0.366647
10.5  1.06814  0.427179  0.324298
10.5  1.09956  0.196282  0.213285
10.5  1.13097  0.431684  0.224767
10.5  1.16239  0.429644  0.419912
10.5  1.19381  0.304915  0.234122
10.5  1.22522  0.437658  0.230631
10.5  1.25664  0.396329  0.278189
10.5  1.28805  0.446943  0.290038
10.5  1.31947  0.454104  0.228446
10.5  1.35088  0.288144  0.278088
10.5  1.3823  0.440099  0.236313
10.5  1.41372  0.350064  0.255806
10.5  1.44513  0.392094  0.255025
10.5  1.47655  0.231492  0.222126
10.5  1.50796  0.328889  0.199344
10.5  1.53938  0.375349  0.212537
10.5  1.5708  0.407817  0.228326
10.5  1.60221  0.277589  0.294108
10.5  1.63363  0.322741  0.342412
10.5  1.66504  0.182292  0.312107
10.5  1.69646  0.43605  0.313693
10.5  1.72788  0.40451  0.274503
10.5  1.75929  0.339239  0.182342
10.5  1.79071  0.346886  0.374855
10.5  1.82212  0.313735  0.366914
10.5  1.85354  0.446573  0.507653
10.5  1.88496  0.346349  0.283461
10.5  1.91637  0.210555  0.26191
10.5  1.94779  0.470267  0.351367
10.5  1.9792  0.222237  0.2739
10.5  2.01062  2.04936  1.63977
10.5  2.04204  0.388277  0.194307
10.5  2.07345  0.340244  0.338379
10.5  2.10487  0.128926  0.230777
10.5  2.13628  0.222003  0.181727
10.5  2.1677  0.157623  0.138039
10.5  2.19911  0.285169  0.307208
10.5  2.23053  0.297362  0.194666
10.5  2.26195  0.167577  0.179269
10.5  2.29336  0.243128  0.183714
10.5  2.32478  0.111218  0.185723
10.5  2.35619  0.17752  0.184497
10.5  2.38761  0.186392  0.199434
10.5  2.41903  0.114692  0.158988
10.5  2.45044  0.31611  0.294216
10.5  2.48186  0.121389  0.107231
10.5  2.51327  0.174837  0.143231
10.5  2.54469  0.25051  0.131155
10.5  2.57611  0.219091  0.12216
10.5  2.60752  0.184365  0.184354
10.5  2.63894  0.258759  1.70226
10.5  2.67035  0  0
10.5  2.70177  0  0
10.5  2.73319  0  0
10.5  2.7646  0  0
10.5  2.79602  0  0
10.5  2.82743  0  0
10.5  2.85885  0  0
10.5  2.89027  0  0
10.5  2.92168  0  0
10.5  2.9531  0  0
10.5  2.98451  0  0
10.5  3.01593  0  0
10.5  3.04734  0  0
10.5  3.07876  0  0
10.5  3.11018  0  0
10.625  0  0  0
10.625  0.0314159  0  0
10.625  0.0628319  0  0
10.625  0.0942478  0  0
10.625  0.125664  0  0
10.625  0.15708  0  0
10.625  0.188496  0  0
10.625  0.219911  0  0
10.625  0.251327  0  0
10.625  0.282743  0  0
10.625  0.314159  0  0
10.625  0.345575  0  0
10.625  0.376991  0  0
10.625  0.408407  0  0
10.625  0.439823  0  0
10.625  0.471239  0.17891  0.113729
10.625  0.502655  0.190272  0.190006
10.625  0.534071  0.0751623  0.102462
10.625  0.565487  0.212232  0.209873
10.625  0.596903  0.158117  0.182878
10.625  0.628319  0.284068  0.24694
10.625  0.659734  0.243531  0.250319
10.625  0.69115  0.179548  0.17076
10.625  0.722566  0.144592  0.189096
10.625  0.753982  0.278046  0.146399
10.625  0.785398  0.13983  0.22198
10.625  0.816814  0.274767  0.205255
10.625  0.84823  0.228712  0.19232
10.625  0.879646  0.197275  0.174097
10.625  0.911062  0.324197  0.239845
10.625  0.942478  0.293094  0.256637
10.625  0.973894  0.344748  0.328642
10.625  1.00531  0.388512  0.252211
10.625  1.03673  0.235774  0.215682
10.625  1.06814  0.39699  0.276546
10.625  1.09956  0.186456  0.226849
10.625  1.13097  0.255427  0.294158
10.625  1.16239  0.250874  0.290643
10.625  1.19381  0.368859  0.264032
10.625  1.22522  0.37598  0.396208
10.625  1.25664  0.265154  0.313143
10.625  1.28805  0.155521  0.286073
10.625  1.31947  0.392329  0.356737
10.625  1.35088  0.190925  0.201681
10.625  1.3823  0.491647  0.322012
10.625  1.41372  0.333079  0.374221
10.625  1.44513  0.376084  0.266484
10.625  1.47655  0.206427  0.257053
10.625  1.50796  0.53269  0.267118
10.625  1.53938  0.502313  0.434664
10.625  1.5708  0.343551  0.328877
10.625  1.60221  0.456133  0.402631
10.625  1.63363  0.271297  0.286701
10.625  1.66504  0.334021  0.213408
10.625  1.69646  0.217455  0.270879
10.625  1.72788  0.240194  0.254335
10.625  1.75929  0.2125  0.212273
10.625  1.79071  0.457206  0.243903
10.625  1.82212  0.275393  0.221975
10.625  1.85354  0.402156  0.401249
10.625  1.88496  0.376085  0.256953
10.625  1.91637  0.26154  0.267084
10.625  1.94779  0.433682  0.240078
10.625  1.9792  0.955386  0.556044
10.625  2.01062  0.411743  0.361671
10.625  2.04204  0.346924  0.173598
10.625  2.07345  0.386856  0.265065
10.625  2.10487  0.298343  0.329337
10.625  2.13628  0.261298  0.173406
10.625  2.1677  0.279641  0.288061
10.625  2.19911  0.259052  0.256508
10.625  2.23053  0.219107  0.211481
10.625  2.26195  0.167684  0.237876
10.625  2.29336  0.178299  0.187876
10.625  2.32478  0.347249  0.333408
10.625  2.35619  0.281411  0.254102
10.625  2.38761  0.249584  0.196708
10.625  2.41903  0.297179  0.285922
10.625  2.45044  0.3017  0.209207
10.625  2.48186  0.269971  0.172171
10.625  2.51327  0.131904  0.156812
10.625  2.54469  0.175115  1.96266
10.625  2.57611  0.0911278  0.167728
10.625  2.60752  0.106739  0.141882
10.625  2.63894  0.0101261  0.0743035
10.625  2.67035  0  0
10.625  2.70177  0  0
10.625  2.73319  0  0
10.625  2.7646  0  0
10.625  2.79602  0  0
10.625  2.82743  0  0
10.625  2.85885  0  0
10.625  2.89027  0  0
10.625  2.92168  0  0
10.625  2.9531  0  0
10.625  2.98451  0  0
10.625  3.01593  0  0
10.625  3.04734  0  0
10.625  3.07876  0  0
10.625  3.11018  0  0
10.75  0  0  0
10.75  0.0314159  0  0
10.75  0.0628319  0  0
10.75  0.0942478  0  0
10.75  0.125664  0  0
10.75  0.15708  0  0
10.75  0.188496  0  0
10.75  0.219911  0  0
10.75  0.251327  0  0
10.75  0.282743  0  0
10.75  0.314159  0  0
10.75  0.345575  0  0
10.75  0.376991  0  0
10.75  0.408407  0  0
10.75  0.439823  0.258759  1.70226
10.75  0.471239  0.152196  0.151794
10.75  0.502655  0.160417  0.185533
10.75  0.534071  0.0952812  0.158806
10.75  0.565487  0.201482  0.198874
10.75  0.596903  0.250912  0.125523
10.75  0.628319  1.31521  0.658739
10.75  0.659734  0.190422  0.23673
10.75  0.69115  0.224739  0.196514
10.75  0.722566  0.268894  0.147781
10.75  0.753982  0.264547  0.169907
10.75  0.785398  0.265843  0.135858
10.75  0.816814  0.334078  0.336573
10.75  0.84823  0.248218  0.193142
10.75  0.879646  0.183327  0.251945
10.75  0.911062  0.331127  0.177612
10.75  0.942478  0.184302  0.270207
10.75  0.973894  0.170904  0.241859
10.75  1.00531  0.194515  0.202547
10.75  1.03673  0.231447  0.251602
10.75  1.06814  0.390028  0.251383
10.75  1.09956  0.33367  0.281673
10.75  1.13097  0.213995  0.171401
10.75  1.16239  0.31279  0.236499
10.75  1.19381  0.412484  0.221497
10.75  1.22522  0.274805  0.214211
10.75  1.25664  0.462237  0.271798
10.75  1.28805  0.40616  0.346679
10.75  1.31947  0.399305  0.327531
10.75  1.35088  0.948884  0.949411
10.75  1.3823  0.376932  0.375921
10.75  1.41372  0.263688  0.253951
10.75  1.44513  0.366381  0.390132
10.75  1.47655  0.126417  0.24797
10.75  1.50796  0.400372  0.280481
10.75  1.53938  0.261472  0.28417
10.75  1.5708  0.426237  0.4074
10.75  1.60221  0.401153  0.334111
10.75  1.63363  0.48551  0.48436
10.75  1.66504  0.491178  0.263759
10.75  1.69646  0.370152  0.186441
10.75  1.72788  0.438403  0.242991
10.75  1.75929  0.192835  0.200325
10.75  1.79071  0.4129  0.282493
10.75  1.82212  0.433853  0.287453
10.75  1.85354  0.257461  0.280595
10.75  1.88496  0.249298  1.05838
10.75  1.91637  0.392641  0.358668
10.75  1.94779  0.289323  0.351254
10.75  1.9792  0.40811  0.343731
10.75  2.01062  0.429257  0.425524
10.75  2.04204  0.325912  0.192154
10.75  2.07345  0.310281  0.347434
10.75  2.10487  0.415149  0.413859
10.75  2.13628  0.375612  0.317991
10.75  2.1677  0.223252  0.201725
10.75  2.19911  0.301962  0.19416
10.75  2.23053  0.206648  0.225143
10.75  2.26195  0.529119  0.286821
10.75  2.29336  0.145946  0.247472
10.75  2.32478  0.315697  0.262784
10.75  2.35619  0.141962  0.201324
10.75  2.38761  0.140834  0.200514
10.75  2.41903  0.111601  0.119116
10.75  2.45044  0.0746643  0.15107
10.75  2.48186  0.115411  0.129974
10.75  2.51327  0.178894  0.153191
10.75  2.54469  0.0596784  0.0998188
10.75  2.57611  0.0748605  0.0865049
10.75  2.60752  0.182024  0.0937584
10.75  2.63894  0.190141  0.0982712
10.75  2.67035  0  0
10.75  2.70177  0  0
10.75  2.73319  0  0
10.75  2.7646  0  0
10.75  2.79602  0  0
10.75  2.82743  0  0
10.75  2.85885  0  0
10.75  2.89027  0  0
10.75  2.92168  0  0
10.75  2.9531  0  0
10.75  2.98451  0  0
10.75  3.01593  0  0
10.75  3.04734  0  0
10.75  3.07876  0  0
10.75  3.11018  0  0
10.875  0  0  0
10.875  0.0314159  0  0
10.875  0.0628319  0  0
10.875  0.0942478  0  0
10.875  0.125664  0  0
10.875  0.15708  0  0
10.875  0.188496  0  0
10.875  0.219911  0  0
10.875  0.251327  0  0
10.875  0.282743  0  0
10.875  0.314159  0  0
10.875  0.345575  0  0
10.875  0.376991  0  0
10.875  0.408407  0  0
10.875  0.439823  0.257417  1.80375
10.875  0.471239  0.250692  0.248991
10.875  0.502655  0.233003  0.19828
10.875  0.534071  0.12966  0.193829
10.875  0.565487  0.179442  0.164059
10.875  0.596903  0.214324  0.200004
10.875  0.628319  0.191218  0.107693
10.875  0.659734  0.223112  0.248985
10.875  0.69115  0.0807751  0.143446
10.875  0.722566  0.129574  0.138002
10.875  0.753982  0.152833  0.161996
10.875  0.785398  0.157764  0.227233
10.875  0.816814  0.164632  0.197462
10.875  0.84823  0.266746  0.225917
10.875  0.879646  0.160547  0.270778
10.875  0.911062  0.332602  0.318894
10.875  0.942478  0.228404  0.184582
10.875  0.973894  0.315903  0.311513
10.875  1.00531  0.276354  0.230039
10.875  1.03673  0.238023  0.258273
10.875  1.06814  0.402448  0.401681
10.875  1.09956  0.378463  0.197899
10.875  1.13097  0.289738  0.247464
10.875  1.16239  0.381049  0.322286
10.875  1.19381  0.43566  0.257556
10.875  1.22522  0.225042  0.2123
10.875  1.25664  0.4372  0.416639
10.875  1.28805  1.84373  1.09832
10.875  1.31947  0.441662  0.342239
10.875  1.35088  0.410666  0.210396
10.875  1.3823  0.478467  0.314759
10.875  1.41372  0.2268  0.268205
10.875  1.44513  0.213453  0.219777
10.875  1.47655  0.47379  0.302268
10.875  1.50796  0.266683  0.300133
10.875  1.53938  0.439515  0.29521
10.875  1.5708  1.69121  1.4234
10.875  1.60221  0.372811  0.316012
10.875  1.63363  0.491694  0.441666
10.875  1.66504  0.527707  0.361563
10.875  1.69646  0.244363  0.252408
10.875  1.72788  0.288215  0.330899
10.875  1.75929  0.295362  0.227383
10.875  1.79071  0.266134  0.268934
10.875  1.82212  0.442098  0.409724
10.875  1.85354  0.291277  0.196358
10.875  1.88496  0.26266  0.249037
10.875  1.91637  0.423268  0.318791
10.875  1.94779  0.414886  0.295786
10.875  1.9792  0.373254  0.278882
10.875  2.01062  0.394166  0.363732
10.875  2.04204  0.354224  0.177275
10.875  2.07345  0.259426  0.186881
10.875  2.10487  0.258069  0.270684
10.875  2.13628  0.225975  0.211388
10.875  2.1677  0.290888  0.217255
10.875  2.19911  0.374353  0.332448
10.875  2.23053  0.346103  0.176226
10.875  2.26195  0.205016  0.178398
10.875  2.29336  0.315471  0.220142
10.875  2.32478  0.278235  0.233847
10.875  2.35619  0.204669  0.23557
10.875  2.38761  0.257459  0.215311
10.875  2.41903  0.216848  0.190509
10.875  2.45044  0.188014  0.16187
10.875  2.48186  0.276503  0.191878
10.875  2.51327  0.114854  0.130463
10.875  2.54469  0.157795  0.172392
10.875  2.57611  0.152338  0.183564
10.875  2.60752  0.153419  0.179292
10.875  2.63894  0.224431  0.205377
10.875  2.67035  0  0
10.875  2.70177  0  0
10.875  2.73319  0  0
10.875  2.7646  0  0
10.875  2.79602  0  0
10.875  2.82743  0  0
10.875  2.85885  0  0
10.875  2.89027  0  0
10.875  2.92168  0  0
10.875  2.9531  0  0
10.875  2.98451  0  0
10.875  3.01593  0  0
10.875  3.04734  0  0
10.875  3.07876  0  0
10.875  3.11018  0  0
11  0  0  0
11  0.0314159  0  0
11  0.0628319  0  0
11  0.0942478  0  0
11  0.125664  0  0
11  0.15708  0  0
11  0.188496  0  0
11  0.219911  0  0
11  0.251327  0  0
11  0.282743  0  0
11  0.314159  0  0
11  0.345575  0  0
11  0.376991  0  0
11  0.408407  0  0
11  0.439823  0.00907853  0.066617
11  0.471239  0.109689  0.0550965
11  0.502655  0.109949  0.129923
11  0.534071  0.16446  0.160299
11  0.565487  0.226257  0.223799
11  0.596903  0.243364  0.122551
11  0.628319  0.293398  0.26765
11  0.659734  0.0880693  0.161176
11  0.69115  0.28787  0.187286
11  0.722566  0.299149  0.298083
11  0.753982  0.140395  0.247787
11  0.785398  0.269632  0.261842
11  0.816814  0.201409  0.202787
11  0.84823  0.319918  0.200115
11  0.879646  0.30606  0.305935
11  0.911062  0.162901  0.271413
11  0.942478  0.174179  0.174853
11  0.973894  0.206949  0.212183
11  1.00531  0.347123  0.174355
11  1.03673  0.402969  0.3878
11  1.06814  0.232936  0.275703
11  1.09956  0.37965  0.189838
11  1.13097  0.275814  0.20566
11  1.16239  0.246056  0.267387
11  1.19381  0.428481  0.358355
11  1.22522  0.416948  0.359469
11  1.25664  0.413107  0.232642
11  1.28805  0.272763  0.323059
11  1.31947  0.237534  0.256647
11  1.35088  0.282741  0.292416
11  1.3823  0.873612  0.85098
11  1.41372  0.244468  0.280857
11  1.44513  0.36552  0.242298
11  1.47655  0.339791  0.338108
11  1.50796  0.354914  0.295191
11  1.53938  0.392593  0.423398
11  1.5708  1.72526  2.05604
11  1.60221  0.302419  0.356742
11  1.63363  0.454115  0.239286
11  1.66504  0.3514  0.358145
11  1.69646  1.25511  1.13721
11  1.72788  0.399247  0.210714
11  1.75929  0.299166  0.303665
11  1.79071  0.433868  0.295489
11  1.82212  0.226245  0.247847
11  1.85354  0.228965  0.236395
11  1.88496  0.255369  0.273346
11  1.91637  0.194814  0.187947
11  1.94779  0.439606  0.432083
11  1.9792  0.209809  0.276929
11  2.01062  0.206656  0.23025
11  2.04204  0.295244  0.240745
11  2.07345  0.183826  0.180148
11  2.10487  0.425091  0.212747
11  2.13628  0.170682  0.191395
11  2.1677  0.289934  0.285769
11  2.19911  0.139208  0.21637
11  2.23053  0.185861  0.200338
11  2.26195  0.224702  0.238573
11  2.29336  0.245946  0.223951
11  2.32478  0.142603  0.240794
11  2.35619  0.233326  0.17219
11  2.38761  0.228698  0.213021
11  2.41903  0.154634  0.154374
11  2.45044  0.23819  0.187561
11  2.48186  0.142325  0.191017
11  2.51327  0.140059  0.146249
11  2.54469  0.232108  0.146162
11  2.57611  0.121164  0.146552
11  2.60752  0.145948  0.235012
11  2.63894  0.288643  0.17396
11  2.67035  0.00838018  0.0614926
11  2.70177  0  0
11  2.73319  0  0
11  2.7646  0  0
11  2.79602  0  0
11  2.82743  0  0
11  2.85885  0  0
11  2.89027  0  0
11  2.92168  0  0
11  2.9531  0  0
11  2.98451  0  0
11  3.01593  0  0
11  3.04734  0  0
11  3.07876  0  0
11  3.11018  0  0
11.125  0  0  0
11.125  0.0314159  0  0
11.125  0.0628319  0  0
11.125  0.0942478  0  0
11.125  0.125664  0  0
11.125  0.15708  0  0
11.125  0.188496  0  0
11.125  0.219911  0  0
11.125  0.251327  0  0
11.125  0.282743  0  0
11.125  0.314159  0  0
11.125  0.345575  0  0
11.125  0.376991  0  0
11.125  0.408407  0.225912  1.86775
11.125  0.439823  0.203314  0.127144
11.125  0.471239  0.0749618  0.111729
11.125  0.502655  0.192398  0.136219
11.125  0.534071  0.242079  0.121675
11.125  0.565487  0.142017  0.178825
11.125  0.596903  0.273143  0.152685
11.125  0.628319  0.131879  0.149315
11.125  0.659734  0.256498  0.152213
11.125  0.69115  0.282289  0.272063
11.125  0.722566  0.159884  0.196423
11.125  0.753982  0.171579  0.177845
11.125  0.785398  0.264339  0.233003
11.125  0.816814  0.160183  0.242624
11.125  0.84823  0.196136  0.199888
11.125  0.879646  0.319649  0.19883
11.125  0.911062  0.340658  0.306507
11.125  0.942478  0.190083  0.17464
11.125  0.973894  0.406577  0.356843
11.125  1.00531  0.368466  0.36157
11.125  1.03673  0.18022  0.190183
11.125  1.06814  0.354578  0.221436
11.125  1.09956  0.37492  0.369771
11.125  1.13097  0.22126  0.202184
11.125  1.16239  0.300478  0.296876
11.125  1.19381  0.381962  0.32258
11.125  1.22522  0.290657  0.217573
11.125  1.25664  0.235856  0.271115
11.125  1.28805  0.302346  0.248865
11.125  1.31947  0.195238  0.250397
11.125  1.35088  0.152711  0.270192
11.125  1.3823  0.276921  0.234201
11.125  1.41372  0.50065  0.392383
11.125  1.44513  0.428303  0.354896
11.125  1.47655  0.39667  0.342841
11.125  1.50796  0.481729  0.395364
11.125  1.53938  0.219064  0.239735
11.125  1.5708  0.473524  0.392267
11.125  1.60221  0.332404  0.356017
11.125  1.63363  0.44864  0.277896
11.125  1.66504  0.181574  0.270919
11.125  1.69646  0.519035  0.502748
11.125  1.72788  0.312463  0.322304
11.125  1.75929  0.180231  0.198849
11.125  1.79071  0.246968  0.299585
11.125  1.82212  0.514769  0.28479
11.125  1.85354  0.219619  0.27487
11.125  1.88496  0.27597  0.22803
11.125  1.91637  0.366822  0.30322
11.125  1.94779  0.384592  0.275111
11.125  1.9792  0.264136  0.29204
11.125  2.01062  0.237308  0.200618
11.125  2.04204  0.334758  0.314262
11.125  2.07345  0.159714  0.264085
11.125  2.10487  0.211778  0.243557
11.125  2.13628  0.343979  0.318483
11.125  2.1677  0.355753  0.300435
11.125  2.19911  0.346717  0.286927
11.125  2.23053  0.181084  0.248379
11.125  2.26195  0.149442  0.211295
11.125  2.29336  0.253833  0.279416
11.125  2.32478  0.125105  0.220549
11.125  2.35619  0.319809  0.16283
11.125  2.38761  0.307813  0.154838
11.125  2.41903  0.452853  0.230383
11.125  2.45044  0.280972  0.150579
11.125  2.48186  0.309006  0.154533
11.125  2.51327  0.237879  0.190664
11.125  2.54469  0.148834  0.189094
11.125  2.57611  0.171783  0.166688
11.125  2.60752  0.259129  0.185563
11.125  2.63894  0.0568175  0.123241
11.125  2.67035  0.154244  0.0869809
11.125  2.70177  0  0
11.125  2.73319  0  0
11.125  2.7646  0  0
11.125  2.79602  0  0
11.125  2.82743  0  0
11.125  2.85885  0  0
11.125  2.89027  0  0
11.125  2.92168  0  0
11.125  2.9531  0  0
11.125  2.98451  0  0
11.125  3.01593  0  0
11.125  3.04734  0  0
11.125  3.07876  0  0
11.125  3.11018  0  0
11.25  0  0  0
11.25  0.0314159  0  0
11.25  0.0628319  0  0
11.25  0.0942478  0  0
11.25  0.125664  0  0
11.25  0.15708  0  0
11.25  0.188496  0  0
11.25  0.219911  0  0
11.25  0.251327  0  0
11.25  0.282743  0  0
11.25  0.314159  0  0
11.25  0.345575  0  0
11.25  0.376991  0  0
11.25  0.408407  0  0
11.25  0.439823  0.224937  0.220281
11.25  0.471239  0.236352  0.146793
11.25  0.502655  0.214284  0.110903
11.25  0.534071  0.177462  0.120423
11.25  0.565487  0.203662  0.117246
11.25  0.596903  0.240508  0.123169
11.25  0.628319  0.255448  0.228591
11.25  0.659734  0.123341  0.141342
11.25  0.69115  0.16674  0.182418
11.25  0.722566  0.099326  0.180865
11.25  0.753982  0.33029  0.171578
11.25  0.785398  0.197675  0.187696
11.25  0.816814  0.152635  0.232101
11.25  0.84823  0.181515  0.219451
11.25  0.879646  0.200157  0.204726
11.25  0.911062  0.320916  0.177322
11.25  0.942478  0.196618  0.26683
11.25  0.973894  0.221845  0.243453
11.25  1.00531  0.227598  0.202847
11.25  1.03673  0.225952  0.225708
11.25  1.06814  0.404266  0.206159
11.25  1.09956  0.227891  0.226438
11.25  1.13097  0.461785  0.429663
11.25  1.16239  0.404899  0.253681
11.25  1.19381  0.233387  0.228473
11.25  1.22522  0.327439  0.260962
11.25  1.25664  1.06845  1.06381
11.25  1.28805  0.387251  0.369625
11.25  1.31947  0.411655  0.411624
11.25  1.35088  0.412317  0.210668
11.25  1.3823  0.314553  0.372659
11.25  1.41372  0.233353  0.281815
11.25  1.44513  0.37259  0.412278
11.25  1.47655  0.43608  0.291695
11.25  1.50796  0.254381  0.240595
11.25  1.53938  0.390885  0.423695
11.25  1.5708  0.203997  0.211897
11.25  1.60221  0.272683  0.321086
11.25  1.63363  0.499079  0.380638
11.25  1.66504  0.21885  0.268522
11.25  1.69646  0.452071  0.401254
11.25  1.72788  0.344331  0.265406
11.25  1.75929  0.392856  0.200183
11.25  1.79071  0.42668  0.368419
11.25  1.82212  0.43773  0.452995
11.25  1.85354  0.200807  0.24094
11.25  1.88496  0.440947  0.223213
11.25  1.91637  0.260911  0.312636
11.25  1.94779  0.346825  0.358646
11.25  1.9792  0.201688  0.253066
11.25  2.01062  0.250886  0.25223
11.25  2.04204  0.266617  0.293738
11.25  2.07345  0.433789  0.318889
11.25  2.10487  0.34885  0.233317
11.25  2.13628  0.269607  0.304799
11.25  2.1677  0.362468  0.292094
11.25  2.19911  0.109752  0.209676
11.25  2.23053  0.196034  0.177464
11.25  2.26195  0.338045  0.218474
11.25  2.29336  0.256577  0.251973
11.25  2.32478  0.150096  0.184878
11.25  2.35619  0.284918  0.197597
11.25  2.38761  0.186077  0.241049
11.25  2.41903  0.121562  0.152845
11.25  2.45044  0.170896  0.161759
11.25  2.48186  0.118632  0.144724
11.25  2.51327  0.243063  0.134009
11.25  2.54469  0.0985955  0.123145
11.25  2.57611  0.0891316  0.140061
11.25  2.60752  0.193227  0.199179
11.25  2.63894  0.208833  0.105087
11.25  2.67035  0.173259  0.168235
11.25  2.70177  0.258759  1.70226
11.25  2.73319  0  0
11.25  2.7646  0  0
11.25  2.79602  0  0
11.25  2.82743  0  0
11.25  2.85885  0  0
11.25  2.89027  0  0
11.25  2.92168  0  0
11.25  2.9531  0  0
11.25  2.98451  0  0
11.25  3.01593  0  0
11.25  3.04734  0  0
11.25  3.07876  0  0
11.25  3.11018  0  0
11.375  0  0  0
11.375  0.0314159  0  0
11.375  0.0628319  0  0
11.375  0.0942478  0  0
11.375  0.125664  0  0
11.375  0.15708  0  0
11.375  0.188496  0  0
11.375  0.219911  0  0
11.375  0.251327  0  0
11.375  0.282743  0  0
11.375  0.314159  0  0
11.375  0.345575  0  0
11.375  0.376991  0  0
11.375  0.408407  0  0
11.375  0.439823  0.197392  0.175129
11.375  0.471239  0.219719  0.127359
11.375  0.502655  0.237268  0.213181
11.375  0.534071  0.192305  0.197108
11.375  0.565487  0.131187  0.153579
11.375  0.596903  0.115543  0.125504
11.375  0.628319  0.232371  0.21611
11.375  0.659734  0.256754  0.232568
11.375  0.69115  0.210148  0.163469
11.375  0.722566  0.274522  0.179556
11.375  0.753982  0.125125  0.207035
11.375  0.785398  0.179289  0.153652
11.375  0.816814  0.324026  0.261229
11.375  0.84823  0.303109  0.151756
11.375  0.879646  0.182562  0.216461
11.375  0.911062  0.237239  0.201286
11.375  0.942478  0.193264  0.181775
11.375  0.973894  0.161116  0.256674
11.375  1.00531  0.326044  0.355249
11.375  1.03673  0.159427  0.299581
11.375  1.06814  0.230215  0.217758
11.375  1.09956  0.186211  0.276692
11.375  1.13097  0.38146  0.212968
11.375  1.16239  0.206637  0.172497
11.375  1.19381  0.422365  0.377651
11.375  1.22522  0.417224  0.336644
11.375  1.25664  0.413123  0.397237
11.375  1.28805  0.375549  0.302033
11.375  1.31947  0.288466  0.284372
11.375  1.35088  0.330598  0.26924
11.375  1.3823  0.466359  0.234217
11.375  1.41372  0.393289  0.363384
11.375  1.44513  0.455569  0.291087
11.375  1.47655  0.225754  0.249852
11.375  1.50796  1.22326  1.32005
11.375  1.53938  0.454611  0.399504
11.375  1.5708  0.376611  0.337298
11.375  1.60221  0.473191  0.274698
11.375  1.63363  0.338708  0.212721
11.375  1.66504  0.331632  0.37119
11.375  1.69646  0.253827  0.289638
11.375  1.72788  0.242041  0.222375
11.375  1.75929  0.368567  0.261199
11.375  1.79071  0.193575  0.206539
11.375  1.82212  0.275911  0.346653
11.375  1.85354  0.269375  0.324342
11.375  1.88496  1.23197  1.26197
11.375  1.91637  0.417382  0.3271
11.375  1.94779  0.258751  1.17675
11.375  1.9792  0.313911  0.195809
11.375  2.01062  0.183457  0.202021
11.375  2.04204  0.276984  0.302874
11.375  2.07345  0.375351  0.220683
11.375  2.10487  0.330964  0.22526
11.375  2.13628  0.143784  0.242032
11.375  2.1677  0.271532  0.315408
11.375  2.19911  0.177864  0.255153
11.375  2.23053  0.352637  0.255545
11.375  2.26195  0.351803  0.207448
11.375  2.29336  0.183816  0.187072
11.375  2.32478  0.186548  0.190634
11.375  2.35619  0.312048  0.209156
11.375  2.38761  0.320115  0.31439
11.375  2.41903  0.154029  0.179328
11.375  2.45044  0.162882  0.202179
11.375  2.48186  0.146532  0.169552
11.375  2.51327  0.278288  0.18626
11.375  2.54469  0.112236  0.153397
11.375  2.57611  0.289646  0.169091
11.375  2.60752  0.0970439  0.1063
11.375  2.63894  0.181197  0.158723
11.375  2.67035  0.1684  0.0843935
11.375  2.70177  0  0
11.375  2.73319  0  0
11.375  2.7646  0  0
11.375  2.79602  0  0
11.375  2.82743  0  0
11.375  2.85885  0  0
11.375  2.89027  0  0
11.375  2.92168  0  0
11.375  2.9531  0  0
11.375  2.98451  0  0
11.375  3.01593  0  0
11.375  3.04734  0  0
11.375  3.07876  0  0
11.375  3.11018  0  0
11.5  0  0  0
11.5  0.0314159  0  0
11.5  0.0628319  0  0
11.5  0.0942478  0  0
11.5  0.125664  0  0
11.5  0.15708  0  0
11.5  0.188496  0  0
11.5  0.219911  0  0
11.5  0.251327  0  0
11.5  0.282743  0  0
11.5  0.314159  0  0
11.5  0.345575  0  0
11.5  0.376991  0  0
11.5  0.408407  0  0
11.5  0.439823  0.131077  0.104486
11.5  0.471239  0.259015  0.156405
11.5  0.502655  0.104873  0.0829219
11.5  0.534071  0.14835  0.14696
11.5  0.565487  0.228222  0.162654
11.5  0.596903  0.194459  0.200761
11.5  0.628319  0.190352  0.135386
11.5  0.659734  0.154456  0.193488
11.5  0.69115  0.250556  0.163691
11.5  0.722566  0.272654  0.224577
11.5  0.753982  0.270644  0.172436
11.5  0.785398  0.332685  0.31899
11.5  0.816814  0.12385  0.223827
11.5  0.84823  0.30962  0.234734
11.5  0.879646  0.339911  0.260785
11.5  0.911062  0.417254  0.212967
11.5  0.942478  0.182965  0.230464
11.5  0.973894  0.372602  0.276291
11.5  1.00531  0.389079  0.275581
11.5  1.03673  0.229634  0.242108
11.5  1.06814  0.315122  0.258772
11.5  1.09956  0.244461  0.229249
11.5  1.13097  0.171597  0.252917
11.5  1.16239  0.303077  0.339817
11.5  1.19381  0.339221  0.245191
11.5  1.22522  0.438079  0.391342
11.5  1.25664  0.430128  0.270127
11.5  1.28805  0.331462  0.376758
11.5  1.31947  0.348841  0.237713
11.5  1.35088  0.277154  1.03636
11.5  1.3823  0.435428  0.421021
11.5  1.41372  0.324065  0.246567
11.5  1.44513  0.443793  0.420081
11.5  1.47655  0.395769  0.285985
11.5  1.50796  0.412846  0.411212
11.5  1.53938  0.459371  0.454316
11.5  1.5708  0.316912  0.379768
11.5  1.60221  0.477245  0.438939
11.5  1.63363  0.470884  0.415983
11.5  1.66504  0.331941  0.257005
11.5  1.69646  0.617564  0.421535
11.5  1.72788  0.213658  0.854139
11.5  1.75929  0.287997  0.265502
11.5  1.79071  0.183525  0.278713
11.5  1.82212  0.207036  0.220636
11.5  1.85354  0.373156  0.317267
11.5  1.88496  0.271915  0.171289
11.5  1.91637  0.211946  0.209497
11.5  1.94779  0.323047  0.389016
11.5  1.9792  0.180397  0.302272
11.5  2.01062  0.384452  0.206141
11.5  2.04204  0.422444  0.259872
11.5  2.07345  0.232539  0.253738
11.5  2.10487  0.198352  0.225125
11.5  2.13628  0.407102  0.357286
11.5  2.1677  0.427509  0.246463
11.5  2.19911  0.38067  0.285449
11.5  2.23053  0.186901  0.20055
11.5  2.26195  0.311635  0.293801
11.5  2.29336  0.347986  0.174161
11.5  2.32478  0.314343  0.290374
11.5  2.35619  0.212708  0.164766
11.5  2.38761  0.182952  0.202149
11.5  2.41903  0.0744662  0.151536
11.5  2.45044  0.0851163  0.19389
11.5  2.48186  0.262845  0.133659
11.5  2.51327  0.260419  0.2522
11.5  2.54469  0.221856  0.215077
11.5  2.57611  0.254685  0.181714
11.5  2.60752  0.0813304  0.131258
11.5  2.63894  0.259082  0.204887
11.5  2.67035  0.0685898  0.127164
11.5  2.70177  0  0
11.5  2.73319  0  0
11.5  2.7646  0  0
11.5  2.79602  0  0
11.5  2.82743  0  0
11.5  2.85885  0  0
11.5  2.89027  0  0
11.5  2.92168  0  0
11.5  2.9531  0  0
11.5  2.98451  0  0
11.5  3.01593  0  0
11.5  3.04734  0  0
11.5  3.07876  0  0
11.5  3.11018  0  0
11.625  0  0  0
11.625  0.0314159  0  0
11.625  0.0628319  0  0
11.625  0.0942478  0  0
11.625  0.125664  0  0
11.625  0.15708  0  0
11.625  0.188496  0  0
11.625  0.219911  0  0
11.625  0.251327  0  0
11.625  0.282743  0  0
11.625  0.314159  0  0
11.625  0.345575  0  0
11.625  0.376991  0  0
11.625  0.408407  0.163051  1.28057
11.625  0.439823  0.148208  0.0844117
11.625  0.471239  0.212749  0.197209
11.625  0.502655  0.210374  0.116644
11.625  0.534071  0.100612  0.115465
11.625  0.565487  0.251724  0.246955
11.625  0.596903  0.326224  0.207886
11.625  0.628319  0.204284  0.168112
11.625  0.659734  0.154675  0.141212
11.625  0.69115  0.114778  0.163088
11.625  0.722566  0.271704  0.242942
11.625  0.753982  0.187027  0.214504
11.625  0.785398  0.325109  0.314645
11.625  0.816814  0.295805  0.277239
11.625  0.84823  0.125752  0.230797
11.625  0.879646  0.330516  0.270209
11.625  0.911062  0.201382  0.186976
11.625  0.942478  0.262378  0.254993
11.625  0.973894  0.202739  0.264989
11.625  1.00531  0.276574  0.247549
11.625  1.03673  0.432192  0.307109
11.625  1.06814  0.245695  0.233092
11.625  1.09956  0.614771  0.583355
11.625  1.13097  0.458176  0.396056
11.625  1.16239  0.406809  0.254651
11.625  1.19381  0.390217  0.370478
11.625  1.22522  0.240232  0.296356
11.625  1.25664  0.170386  0.295506
11.625  1.28805  0.219734  0.215201
11.625  1.31947  0.148876  0.226349
11.625  1.35088  0.331288  0.371318
11.625  1.3823  0.22222  0.252645
11.625  1.41372  0.465005  0.42925
11.625  1.44513  0.465297  0.346277
11.625  1.47655  0.239441  0.253077
11.625  1.50796  0.473135  0.246967
11.625  1.53938  0.275272  0.223409
11.625  1.5708  0.282985  0.31499
11.625  1.60221  0.359123  0.298369
11.625  1.63363  0.205576  0.26912
11.625  1.66504  0.534744  0.515752
11.625  1.69646  0.266089  0.288645
11.625  1.72788  0.478957  0.306951
11.625  1.75929  0.16105  0.166628
11.625  1.79071  0.430955  0.217104
11.625  1.82212  0.23912  0.20124
11.625  1.85354  0.381899  0.330827
11.625  1.88496  0.472049  0.236292
11.625  1.91637  0.294014  0.222341
11.625  1.94779  0.213586  0.24268
11.625  1.9792  0.179822  0.184335
11.625  2.01062  0.361678  0.248959
11.625  2.04204  0.206819  0.25171
11.625  2.07345  0.383491  0.359718
11.625  2.10487  0.202281  0.279363
11.625  2.13628  0.287388  0.263775
11.625  2.1677  0.172902  0.207273
11.625  2.19911  0.233179  0.200334
11.625  2.23053  0.200384  0.247737
11.625  2.26195  0.177331  0.184126
11.625  2.29336  0.177324  0.206487
11.625  2.32478  0.165056  0.18263
11.625  2.35619  0.184094  0.195211
11.625  2.38761  0.258734  0.259871
11.625  2.41903  0.235443  0.200412
11.625  2.45044  0.329398  0.170382
11.625  2.48186  0.191218  0.124442
11.625  2.51327  0.141089  0.11212
11.625  2.54469  0.265115  0.138261
11.625  2.57611  0.265154  0.148847
11.625  2.60752  0.194016  0.193981
11.625  2.63894  0.230426  0.1385
11.625  2.67035  0.0998211  0.088908
11.625  2.70177  0.01903  0.139639
11.625  2.73319  0.258759  1.70226
11.625  2.7646  0  0
11.625  2.79602  0  0
11.625  2.82743  0  0
11.625  2.85885  0  0
11.625  2.89027  0  0
11.625  2.92168  0  0
11.625  2.9531  0  0
11.625  2.98451  0  0
11.625  3.01593  0  0
11.625  3.04734  0  0
11.625  3.07876  0  0
11.625  3.11018  0  0
11.75  0  0  0
11.75  0.0314159  0  0
11.75  0.0628319  0  0
11.75  0.0942478  0  0
11.75  0.125664  0  0
11.75  0.15708  0  0
11.75  0.188496  0  0
11.75  0.219911  0  0
11.75  0.251327  0  0
11.75  0.282743  0  0
11.75  0.314159  0  0
11.75  0.345575  0  0
11.75  0.376991  0  0
11.75  0.408407  0.100842  0.0989324
11.75  0.439823  0.12237  0.0612942
11.75  0.471239  0.226558  0.225377
11.75  0.502655  0.289487  0.163506
11.75  0.534071  0.231068  0.220485
11.75  0.565487  0.146841  0.193991
11.75  0.596903  0.143506  0.195833
11.75  0.628319  0.331192  0.233963
11.75  0.659734  0.258266  0.211549
11.75  0.69115  0.212852  0.165125
11.75  0.722566  0.113085  0.170575
11.75  0.753982  0.128595  0.183882
11.75  0.785398  0.373099  0.238561
11.75  0.816814  0.178943  0.147277
11.75  0.84823  0.207401  0.222776
11.75  0.879646  0.361783  0.195633
11.75  0.911062  0.207821  0.269882
11.75  0.942478  0.129965  0.218238
11.75  0.973894  0.137481  0.213659
11.75  1.00531  0.379408  0.207459
11.75  1.03673  0.224657  0.195244
11.75  1.06814  0.360687  0.360522
11.75  1.09956  0.229235  0.242924
11.75  1.13097  0.399314  0.203236
11.75  1.16239  0.230296  0.284405
11.75  1.19381  0.422135  0.369403
11.75  1.22522  0.26013  0.315706
11.75  1.25664  0.454821  0.419756
11.75  1.28805  0.710477  0.799838
11.75  1.31947  0.291536  0.208786
11.75  1.35088  1.78394  1.77955
11.75  1.3823  0.344013  0.355561
11.75  1.41372  0.467139  0.251394
11.75  1.44513  0.252043  0.279391
11.75  1.47655  0.385416  0.402839
11.75  1.50796  0.288565  0.345617
11.75  1.53938  0.288405  0.33298
11.75  1.5708  0.425088  0.266605
11.75  1.60221  0.421646  0.279551
11.75  1.63363  0.483801  0.450459
11.75  1.66504  0.362994  0.265308
11.75  1.69646  0.270699  0.316839
11.75  1.72788  1.32543  1.18425
11.75  1.75929  0.382633  0.204815
11.75  1.79071  0.457398  0.394569
11.75  1.82212  0.42828  0.349987
11.75  1.85354  0.245125  0.223903
11.75  1.88496  0.872586  0.658311
11.75  1.91637  0.245458  0.265614
11.75  1.94779  0.327876  0.259773
11.75  1.9792  0.208339  0.256316
11.75  2.01062  0.369353  0.21272
11.75  2.04204  0.289884  0.295165
11.75  2.07345  0.169138  0.182962
11.75  2.10487  0.221515  0.276185
11.75  2.13628  0.169428  0.183442
11.75  2.1677  0.227049  0.194352
11.75  2.19911  0.193671  0.187268
11.75  2.23053  0.305788  0.278189
11.75  2.26195  0.307739  0.194373
11.75  2.29336  0.110853  0.121609
11.75  2.32478  0.116114  0.201157
11.75  2.35619  0.319057  0.304298
11.75  2.38761  0.173494  0.195591
11.75  2.41903  0.318753  0.161612
11.75  2.45044  0.109829  0.204535
11.75  2.48186  0.146686  0.174356
11.75  2.51327  0.260251  0.170196
11.75  2.54469  0.208172  0.21743
11.75  2.57611  0.240248  0.158104
11.75  2.60752  0.123522  0.184231
11.75  2.63894  0.0922859  0.141334
11.75  2.67035  0.222122  0.189385
11.75  2.70177  0.227283  0.221059
11.75  2.73319  0  0
11.75  2.7646  0  0
11.75  2.79602  0  0
11.75  2.82743  0  0
11.75  2.85885  0  0
11.75  2.89027  0  0
11.75  2.92168  0  0
11.75  2.9531  0  0
11.75  2.98451  0  0
11.75  3.01593  0  0
11.75  3.04734  0  0
11.75  3.07876  0  0
11.75  3.11018  0  0
11.875  0  0  0
11.875  0.0314159  0  0
11.875  0.0628319  0  0
11.875  0.0942478  0  0
11.875  0.125664  0  0
11.875  0.15708  0  0
11.875  0.188496  0  0
11.875  0.219911  0  0
11.875  0.251327  0  0
11.875  0.282743  0  0
11.875  0.314159  0  0
11.875  0.345575  0  0
11.875  0.376991  0.258759  1.70226
11.875  0.408407  0.182189  0.135073
11.875  0.439823  0.183442  0.118333
11.875  0.471239  0.0707918  0.128577
11.875  0.502655  0.1947  0.214009
11.875  0.534071  0.222604  0.130945
11.875  0.565487  0.0667655  0.104349
11.875  0.596903  0.340372  0.320058
11.875  0.628319  0.288383  0.244663
11.875  0.659734  0.299511  0.178059
11.875  0.69115  0.16387  0.165796
11.875  0.722566  1.86431  0.935979
11.875  0.753982  0.223983  0.175863
11.875  0.785398  0.17407  0.230781
11.875  0.816814  0.151223  0.204502
11.875  0.84823  0.202816  0.193137
11.875  0.879646  0.207346  0.214122
11.875  0.911062  0.186477  0.190898
11.875  0.942478  0.350816  0.235058
11.875  0.973894  0.278146  0.231102
11.875  1.00531  0.401041  0.321307
11.875  1.03673  0.257193  0.31378
11.875  1.06814  0.187836  0.185338
11.875  1.09956  0.402589  0.384777
11.875  1.13097  0.30128  0.350704
11.875  1.16239  0.24035  0.293076
11.875  1.19381  1.36564  1.00262
11.875  1.22522  0.444416  0.381298
11.875  1.25664  0.276182  0.310164
11.875  1.28805  0.279053  0.285084
11.875  1.31947  0.293031  0.264793
11.875  1.35088  0.431552  0.401873
11.875  1.3823  0.255645  0.306649
11.875  1.41372  0.301992  0.339499
11.875  1.44513  0.199823  0.218569
11.875  1.47655  0.408757  0.23213
11.875  1.50796  0.466708  0.408304
11.875  1.53938  0.24009  0.250119
11.875  1.5708  0.486069  0.244209
11.875  1.60221  0.339525  0.3488
11.875  1.63363  1.46518  0.95381
11.875  1.66504  0.415709  0.251436
11.875  1.69646  0.300198  0.356327
11.875  1.72788  0.369684  0.248445
11.875  1.75929  0.316537  0.313136
11.875  1.79071  0.420267  0.259413
11.875  1.82212  0.395271  0.413364
11.875  1.85354  2.15316  2.14254
11.875  1.88496  0.433925  0.377383
11.875  1.91637  0.414161  0.413489
11.875  1.94779  0.169149  0.274406
11.875  1.9792  0.286102  0.270316
11.875  2.01062  0.15451  0.241753
11.875  2.04204  0.421989  0.358446
11.875  2.07345  0.140935  0.225693
11.875  2.10487  0.349515  0.210571
11.875  2.13628  0.216769  0.21413
11.875  2.1677  0.161849  0.252415
11.875  2.19911  0.183033  0.166137
11.875  2.23053  0.223311  0.201039
11.875  2.26195  0.15509  0.246258
11.875  2.29336  0.319433  0.291829
11.875  2.32478  0.143825  0.225752
11.875  2.35619  0.27157  0.145227
11.875  2.38761  0.306991  0.173587
11.875  2.41903  0.219675  0.187056
11.875  2.45044  0.300939  0.310642
11.875  2.48186  0.265299  0.172276
11.875  2.51327  0.292211  0.279332
11.875  2.54469  0.232579  0.143108
11.875  2.57611  0.242228  0.152976
11.875  2.60752  0.0586508  0.118593
11.875  2.63894  0.212303  0.112143
11.875  2.67035  0.124147  0.123328
11.875  2.70177  0.145874  0.140463
11.875  2.73319  0.258759  1.70226
11.875  2.7646  0  0
11.875  2.79602  0  0
11.875  2.82743  0  0
11.875  2.85885  0  0
11.875  2.89027  0  0
11.875  2.92168  0  0
11.875  2.9531  0  0
11.875  2.98451  0  0
11.875  3.01593  0  0
11.875  3.04734  0  0
11.875  3.07876  0  0
11.875  3.11018  0  0
12  0  0  0
12  0.0314159  0  0
12  0.0628319  0  0
12  0.0942478  0  0
12  0.125664  0  0
12  0.15708  0  0
12  0.188496  0  0
12  0.219911  0  0
12  0.251327  0  0
12  0.282743  0  0
12  0.314159  0  0
12  0.345575  0  0
12  0.376991  0.258759  1.70226
12  0.408407  0.17699  0.103225
12  0.439823  0.0655648  0.111446
12  0.471239  0.219825  0.132472
12  0.502655  0.327742  0.184028
12  0.534071  0.204605  0.105111
12  0.565487  0.315917  0.266894
12  0.596903  0.27322  0.165701
12  0.628319  0.217863  0.17872
12  0.659734  0.144206  0.183566
12  0.69115  0.273406  0.139334
12  0.722566  0.159927  0.194943
12  0.753982  0.133262  0.129727
12  0.785398  0.251636  0.267536
12  0.816814  0.165873  0.169543
12  0.84823  0.178392  0.251752
12  0.879646  0.498116  0.439125
12  0.911062  0.152626  0.246781
12  0.942478  0.1735  0.199933
12  0.973894  0.328373  0.197635
12  1.00531  0.368287  0.289282
12  1.03673  0.219543  0.220266
12  1.06814  0.452539  0.249631
12  1.09956  0.342332  0.19235
12  1.13097  0.458924  0.329472
12  1.16239  0.89229  0.889321
12  1.19381  0.449019  0.405955
12  1.22522  0.273141  0.31951
12  1.25664  0.424118  0.33752
12  1.28805  0.471311  0.308633
12  1.31947  0.393615  0.295661
12  1.35088  0.506122  0.491897
12  1.3823  0.199728  0.202641
12  1.41372  0.261494  0.287007
12  1.44513  0.402369  0.203172
12  1.47655  0.476806  0.268583
12  1.50796  0.490607  0.261339
12  1.53938  0.245186  0.269201
12  1.5708  0.2402  0.207354
12  1.60221  0.209721  0.198735
12  1.63363  0.297798  0.286286
12  1.66504  0.386665  0.303416
12  1.69646  0.336239  0.251374
12  1.72788  0.420056  0.275567
12  1.75929  0.348043  0.214237
12  1.79071  0.290605  0.30834
12  1.82212  0.211549  0.204015
12  1.85354  0.258372  0.235952
12  1.88496  0.293336  0.218058
12  1.91637  0.332621  0.321694
12  1.94779  0.188302  0.227451
12  1.9792  0.387567  0.290986
12  2.01062  0.3793  0.290974
12  2.04204  0.231172  0.232661
12  2.07345  0.330223  0.259839
12  2.10487  0.280465  0.201597
12  2.13628  0.403633  0.225456
12  2.1677  0.180557  0.182846
12  2.19911  0.367199  0.354343
12  2.23053  0.16044  0.233382
12  2.26195  0.328489  0.171989
12  2.29336  0.374965  0.261387
12  2.32478  0.142398  0.164141
12  2.35619  0.302786  0.30048
12  2.38761  0.276015  0.230061
12  2.41903  0.276785  0.183057
12  2.45044  0.234521  0.247132
12  2.48186  0.257815  0.129514
12  2.51327  0.388264  0.383287
12  2.54469  0.168842  0.191941
12  2.57611  0.0878508  0.140568
12  2.60752  0.174393  0.105662
12  2.63894  0.172906  0.142547
12  2.67035  0.131367  0.128248
12  2.70177  0.204655  0.202894
12  2.73319  0.258759  1.70226
12  2.7646  0  0
12  2.79602  0  0
12  2.82743  0  0
12  2.85885  0  0
12  2.89027  0  0
12  2.92168  0  0
12  2.9531  0  0
12  2.98451  0  0
12  3.01593  0  0
12  3.04734  0  0
12  3.07876  0  0
12  3.11018  0  0
12.125  0  0  0
12.125  0.0314159  0  0
12.125  0.0628319  0  0
12.125  0.0942478  0  0
12.125  0.125664  0  0
12.125  0.15708  0  0
12.125  0.188496  0  0
12.125  0.219911  0  0
12.125  0.251327  0  0
12.125  0.282743  0  0
12.125  0.314159  0  0
12.125  0.345575  0  0
12.125  0.376991  0.0998825  0.0995899
12.125  0.408407  0.180066  0.0910401
12.125  0.439823  0.221692  0.220714
12.125  0.471239  0.231694  0.231566
12.125  0.502655  0.190398  0.190081
12.125  0.534071  0.24997  0.128644
12.125  0.565487  0.155071  0.169466
12.125  0.596903  0.192122  0.0973356
12.125  0.628319  0.069601  0.139367
12.125  0.659734  0.300452  0.2864
12.125  0.69115  0.211438  0.149065
12.125  0.722566  0.185375  0.192216
12.125  0.753982  0.332427  0.333121
12.125  0.785398  0.140222  0.151791
12.125  0.816814  0.16291  0.215963
12.125  0.84823  0.172865  0.189828
12.125  0.879646  0.244376  0.201558
12.125  0.911062  0.377754  0.303395
12.125  0.942478  0.36014  0.23832
12.125  0.973894  0.356804  0.300943
12.125  1.00531  0.178754  0.172611
12.125  1.03673  0.190756  0.203769
12.125  1.06814  0.243318  0.261133
12.125  1.09956  0.40156  0.206433
12.125  1.13097  0.30542  0.32331
12.125  1.16239  0.363894  0.21106
12.125  1.19381  0.41007  0.312393
12.125  1.22522  0.701081  0.698687
12.125  1.25664  0.294068  0.254892
12.125  1.28805  0.203794  0.343785
12.125  1.31947  0.464597  0.288952
12.125  1.35088  0.194756  0.263438
12.125  1.3823  0.494818  0.251943
12.125  1.41372  0.396957  0.432914
12.125  1.44513  0.293111  0.304358
12.125  1.47655  0.474354  0.396739
12.125  1.50796  0.252564  0.257619
12.125  1.53938  1.03019  1.02357
12.125  1.5708  0.275945  0.31759
12.125  1.60221  0.252085  0.295866
12.125  1.63363  0.39269  0.197158
12.125  1.66504  0.453496  0.373806
12.125  1.69646  0.483752  0.427619
12.125  1.72788  0.223944  0.255785
12.125  1.75929  0.465842  0.234173
12.125  1.79071  0.309641  0.236804
12.125  1.82212  0.358246  0.328806
12.125  1.85354  0.324554  0.389663
12.125  1.88496  0.437188  0.370195
12.125  1.91637  0.133182  0.24429
12.125  1.94779  0.387585  0.301486
12.125  1.9792  0.336134  0.230706
12.125  2.01062  0.323817  0.326042
12.125  2.04204  0.305803  0.241947
12.125  2.07345  0.368224  0.359473
12.125  2.10487  0.297212  0.216265
12.125  2.13628  0.344953  0.334989
12.125  2.1677  0.219452  0.217032
12.125  2.19911  0.218727  0.225836
12.125  2.23053  0.146554  0.212752
12.125  2.26195  0.183815  0.192867
12.125  2.29336  0.0972075  0.190471
12.125  2.32478  0.281935  0.19517
12.125  2.35619  0.228585  0.191116
12.125  2.38761  0.269521  0.213838
12.125  2.41903  0.155762  0.169111
12.125  2.45044  0.136552  0.121087
12.125  2.48186  0.130737  0.14195
12.125  2.51327  0.0685783  0.134691
12.125  2.54469  0.264043  0.26359
12.125  2.57611  0.12722  0.164217
12.125  2.60752  0.242016  0.185001
12.125  2.63894  0.0589649  0.140794
12.125  2.67035  0.187907  0.168606
12.125  2.70177  0.203643  0.110977
12.125  2.73319  0.0113482  0.0832712
12.125  2.7646  0  0
12.125  2.79602  0  0
12.125  2.82743  0  0
12.125  2.85885  0  0
12.125  2.89027  0  0
12.125  2.92168  0  0
12.125  2.9531  0  0
12.125  2.98451  0  0
12.125  3.01593  0  0
12.125  3.04734  0  0
12.125  3.07876  0  0
12.125  3.11018  0  0
12.25  0  0  0
12.25  0.0314159  0  0
12.25  0.0628319  0  0
12.25  0.0942478  0  0
12.25  0.125664  0  0
12.25  0.15708  0  0
12.25  0.188496  0  0
12.25  0.219911  0  0
12.25  0.251327  0  0
12.25  0.282743  0  0
12.25  0.314159  0  0
12.25  0.345575  0  0
12.25  0.376991  0.162097  0.0885879
12.25  0.408407  0.107842  0.107455
12.25  0.439823  0.208644  0.104932
12.25  0.471239  0.0990772  0.157692
12.25  0.502655  0.094506  0.168757
12.25  0.534071  0.210972  0.206818
12.25  0.565487  0.243951  0.192586
12.25  0.596903  0.28481  0.204452
12.25  0.628319  0.124176  0.159325
12.25  0.659734  0.189323  0.198857
12.25  0.69115  0.10157  0.174199
12.25  0.722566  0.121478  0.194294
12.25  0.753982  0.261135  0.262487
12.25  0.785398  0.302819  0.161723
12.25  0.816814  0.320878  0.214326
12.25  0.84823  0.389971  0.20779
12.25  0.879646  0.247805  0.276821
12.25  0.911062  0.246139  0.204487
12.25  0.942478  0.177238  0.196398
12.25  0.973894  0.374058  0.222116
12.25  1.00531  0.282554  1.20201
12.25  1.03673  0.329468  0.240441
12.25  1.06814  0.306944  0.280624
12.25  1.09956  0.156287  0.269628
12.25  1.13097  0.296321  0.325144
12.25  1.16239  0.244862  0.302157
12.25  1.19381  0.23715  0.280221
12.25  1.22522  0.359196  0.301536
12.25  1.25664  0.290844  0.277458
12.25  1.28805  0.316891  0.275377
12.25  1.31947  0.312432  0.266974
12.25  1.35088  0.298266  0.342604
12.25  1.3823  0.455541  0.308126
12.25  1.41372  0.283619  0.223176
12.25  1.44513  0.350793  0.439265
12.25  1.47655  0.285187  0.309871
12.25  1.50796  0.359821  0.272362
12.25  1.53938  0.295493  0.247763
12.25  1.5708  0.410413  0.409254
12.25  1.60221  0.422099  0.420836
12.25  1.63363  0.308794  0.207063
12.25  1.66504  0.450718  0.242976
12.25  1.69646  0.396701  0.30259
12.25  1.72788  1.11904  0.850017
12.25  1.75929  0.398895  0.338032
12.25  1.79071  0.434709  0.228469
12.25  1.82212  0.297722  0.334025
12.25  1.85354  0.425011  0.278455
12.25  1.88496  0.292998  1.17659
12.25  1.91637  0.263642  0.310532
12.25  1.94779  1.15267  0.797637
12.25  1.9792  0.345044  0.335432
12.25  2.01062  0.190662  0.244714
12.25  2.04204  0.258431  0.234555
12.25  2.07345  0.290881  0.273452
12.25  2.10487  0.221942  0.211816
12.25  2.13628  0.376851  0.226462
12.25  2.1677  0.257166  0.193711
12.25  2.19911  0.197303  0.450882
12.25  2.23053  0.38485  0.384868
12.25  2.26195  0.137631  0.21744
12.25  2.29336  0.206805  0.168287
12.25  2.32478  0.103193  0.102486
12.25  2.35619  0.199377  0.200129
12.25  2.38761  0.113872  0.149436
12.25  2.41903  0.182445  0.177055
12.25  2.45044  0.241729  0.241723
12.25  2.48186  0.288589  0.243669
12.25  2.51327  0.189186  0.23321
12.25  2.54469  0.215269  0.205724
12.25  2.57611  0.230077  0.121386
12.25  2.60752  0.187954  0.158536
12.25  2.63894  0.163155  0.100086
12.25  2.67035  0.27002  0.256889
12.25  2.70177  0.203539  0.158426
12.25  2.73319  0.161097  0.110829
12.25  2.7646  0  0
12.25  2.79602  0  0
12.25  2.82743  0  0
12.25  2.85885  0  0
12.25  2.89027  0  0
12.25  2.92168  0  0
12.25  2.9531  0  0
12.25  2.98451  0  0
12.25  3.01593  0  0
12.25  3.04734  0  0
12.25  3.07876  0  0
12.25  3.11018  0  0
12.375  0  0  0
12.375  0.0314159  0  0
12.375  0.0628319  0  0
12.375  0.0942478  0  0
12.375  0.125664  0  0
12.375  0.15708  0  0
12.375  0.188496  0  0
12.375  0.219911  0  0
12.375  0.251327  0  0
12.375  0.282743  0  0
12.375  0.314159  0  0
12.375  0.345575  0  0
12.375  0.376991  0.0991582  0.050292
12.375  0.408407  0.143285  0.114213
12.375  0.439823  0.106295  0.140439
12.375  0.471239  0.217528  0.215761
12.375  0.502655  0.175676  0.167085
12.375  0.534071  0.223068  0.145429
12.375  0.565487  0.185123  0.122475
12.375  0.596903  0.512203  0.350848
12.375  0.628319  0.243444  0.248852
12.375  0.659734  0.212367  0.258892
12.375  0.69115  0.297259  0.29715
12.375  0.722566  0.355914  0.178125
12.375  0.753982  0.139604  0.147164
12.375  0.785398  0.188558  0.180031
12.375  0.816814  0.25673  0.20271
12.375  0.84823  0.35645  0.181346
12.375  0.879646  0.154818  0.242885
12.375  0.911062  0.31936  0.1718
12.375  0.942478  0.261209  0.233986
12.375  0.973894  0.378533  0.189795
12.375  1.00531  0.172255  0.225698
12.375  1.03673  0.286081  0.280512
12.375  1.06814  0.273785  0.32324
12.375  1.09956  0.29022  0.267768
12.375  1.13097  1.81683  1.78389
12.375  1.16239  0.329717  0.340416
12.375  1.19381  1.36992  1.05698
12.375  1.22522  0.374321  0.212729
12.375  1.25664  0.43618  0.218476
12.375  1.28805  0.218475  0.262049
12.375  1.31947  0.57746  0.289814
12.375  1.35088  0.340617  0.261168
12.375  1.3823  0.207838  0.245876
12.375  1.41372  0.445132  0.243891
12.375  1.44513  0.426531  0.269134
12.375  1.47655  0.397585  0.304133
12.375  1.50796  0.275337  0.266741
12.375  1.53938  0.431977  0.422136
12.375  1.5708  0.336405  0.275638
12.375  1.60221  0.436194  0.218944
12.375  1.63363  0.297409  0.336854
12.375  1.66504  0.140447  0.155414
12.375  1.69646  0.282838  0.256313
12.375  1.72788  0.437512  0.383769
12.375  1.75929  0.181418  0.244455
12.375  1.79071  0.413617  0.397718
12.375  1.82212  0.314379  0.254179
12.375  1.85354  0.330701  0.182001
12.375  1.88496  0.217524  0.188175
12.375  1.91637  0.230241  0.330204
12.375  1.94779  0.222489  0.192839
12.375  1.9792  0.150054  0.243366
12.375  2.01062  0.312084  0.368424
12.375  2.04204  0.188263  0.275922
12.375  2.07345  0.26925  0.257221
12.375  2.10487  0.317497  0.2763
12.375  2.13628  0.156706  0.216891
12.375  2.1677  0.235831  0.268596
12.375  2.19911  0.385745  0.243918
12.375  2.23053  0.297019  0.241042
12.375  2.26195  0.356823  0.357669
12.375  2.29336  0.189744  0.175719
12.375  2.32478  0.332932  0.309887
12.375  2.35619  0.278318  0.297275
12.375  2.38761  0.159427  0.175637
12.375  2.41903  0.204821  0.227794
12.375  2.45044  0.140475  0.171626
12.375  2.48186  0.26682  0.199004
12.375  2.51327  0.293308  0.153562
12.375  2.54469  0.183612  0.130757
12.375  2.57611  0.200988  0.159506
12.375  2.60752  0.281763  0.194302
12.375  2.63894  0.203608  0.203535
12.375  2.67035  0.0755059  0.120837
12.375  2.70177  0.15096  0.0824831
12.375  2.73319  0.117273  0.0848988
12.375  2.7646  0  0
12.375  2.79602  0  0
12.375  2.82743  0  0
12.375  2.85885  0  0
12.375  2.89027  0  0
12.375  2.92168  0  0
12.375  2.9531  0  0
12.375  2.98451  0  0
12.375  3.01593  0  0
12.375  3.04734  0  0
12.375  3.07876  0  0
12.375  3.11018  0  0
12.5  0  0  0
12.5  0.0314159  0  0
12.5  0.0628319  0  0
12.5  0.0942478  0  0
12.5  0.125664  0  0
12.5  0.15708  0  0
12.5  0.188496  0  0
12.5  0.219911  0  0
12.5  0.251327  0  0
12.5  0.282743  0  0
12.5  0.314159  0  0
12.5  0.345575  0  0
12.5  0.376991  0.13967  0.117811
12.5  0.408407  0.214163  0.116857
12.5  0.439823  0.0752615  0.0416305
12.5  0.471239  0.235246  0.11988
12.5  0.502655  0.155809  0.113581
12.5  0.534071  0.221733  0.111799
12.5  0.565487  0.0834769  0.129932
12.5  0.596903  0.246029  0.164174
12.5  0.628319  0.13636  0.149718
12.5  0.659734  0.278586  0.274061
12.5  0.69115  0.120205  0.215376
12.5  0.722566  0.254007  0.257875
12.5  0.753982  0.183253  0.21477
12.5  0.785398  0.299099  0.153471
12.5  0.816814  0.135152  0.244476
12.5  0.84823  0.31835  0.319963
12.5  0.879646  0.260879  0.199195
12.5  0.911062  0.128793  0.216097
12.5  0.942478  0.383811  0.379331
12.5  0.973894  0.324182  0.205173
12.5  1.00531  0.269388  0.319573
12.5  1.03673  0.189325  0.223898
12.5  1.06814  0.242211  0.220754
12.5  1.09956  0.273658  0.33146
12.5  1.13097  0.279835  0.266093
12.5  1.16239  2.20815  1.11776
12.5  1.19381  0.21711  0.213557
12.5  1.22522  0.472143  0.472141
12.5  1.25664  0.245092  0.291141
12.5  1.28805  0.2967  0.279221
12.5  1.31947  0.398527  0.397216
12.5  1.35088  0.404052  0.312255
12.5  1.3823  0.471295  0.304933
12.5  1.41372  0.254312  0.315222
12.5  1.44513  0.41479  0.411728
12.5  1.47655  0.272288  0.318857
12.5  1.50796  0.207133  0.241478
12.5  1.53938  0.418749  0.361306
12.5  1.5708  0.47187  0.403693
12.5  1.60221  0.397954  0.283085
12.5  1.63363  0.339691  0.364413
12.5  1.66504  0.435203  0.318529
12.5  1.69646  0.417476  0.269085
12.5  1.72788  0.422384  0.284878
12.5  1.75929  0.417969  0.255813
12.5  1.79071  0.3347  0.285089
12.5  1.82212  0.398133  0.360419
12.5  1.85354  0.284458  0.329885
12.5  1.88496  0.975679  0.660039
12.5  1.91637  0.411037  0.206011
12.5  1.94779  0.187972  0.264639
12.5  1.9792  0.197444  0.198675
12.5  2.01062  0.239822  0.296777
12.5  2.04204  0.358277  0.216697
12.5  2.07345  0.152786  0.249104
12.5  2.10487  0.206986  0.224285
12.5  2.13628  0.201571  0.183891
12.5  2.1677  0.165699  0.25757
12.5  2.19911  1.48335  0.887117
12.5  2.23053  0.291191  0.281015
12.5  2.26195  0.174199  0.270589
12.5  2.29336  0.188757  0.216271
12.5  2.32478  0.29502  0.200638
12.5  2.35619  0.324811  0.228405
12.5  2.38761  0.211167  0.248621
12.5  2.41903  0.254776  0.206822
12.5  2.45044  0.203287  0.190746
12.5  2.48186  0.262121  0.132366
12.5  2.51327  0.247594  0.246399
12.5  2.54469  0.189817  0.184768
12.5  2.57611  0.105584  0.147433
12.5  2.60752  0.250768  0.187594
12.5  2.63894  0.119155  0.157945
12.5  2.67035  0.130836  0.0669281
12.5  2.70177  0.190725  0.159442
12.5  2.73319  0.228669  0.17042
12.5  2.7646  0.0188554  0.138358
12.5  2.79602  0  0
12.5  2.82743  0  0
12.5  2.85885  0  0
12.5  2.89027  0  0
12.5  2.92168  0  0
12.5  2.9531  0  0
12.5  2.98451  0  0
12.5  3.01593  0  0
12.5  3.04734  0  0
12.5  3.07876  0  0
12.5  3.11018  0  0
12.625  0  0  0
12.625  0.0314159  0  0
12.625  0.0628319  0  0
12.625  0.0942478  0  0
12.625  0.125664  0  0
12.625  0.15708  0  0
12.625  0.188496  0  0
12.625  0.219911  0  0
12.625  0.251327  0  0
12.625  0.282743  0  0
12.625  0.314159  0  0
12.625  0.345575  0  0
12.625  0.376991  0.24682  0.246481
12.625  0.408407  0.164011  0.134144
12.625  0.439823  0.136689  0.0834899
12.625  0.471239  0.0818976  0.104955
12.625  0.502655  0.0805116  0.105263
12.625  0.534071  0.163211  0.113794
12.625  0.565487  0.225228  0.19499
12.625  0.596903  0.223846  0.147534
12.625  0.628319  0.260961  0.130698
12.625  0.659734  0.312512  0.266016
12.625  0.69115  0.260636  0.1756
12.625  0.722566  0.222783  0.173678
12.625  0.753982  0.316567  0.211592
12.625  0.785398  0.305092  0.292489
12.625  0.816814  0.271671  0.275636
12.625  0.84823  0.158062  0.20363
12.625  0.879646  0.144658  0.241661
12.625  0.911062  0.174666  0.217526
12.625  0.942478  0.17499  0.187522
12.625  0.973894  0.409849  0.265193
12.625  1.00531  0.136959  0.249323
12.625  1.03673  0.27617  0.223026
12.625  1.06814  1.32161  0.708772
12.625  1.09956  0.227899  0.219246
12.625  1.13097  0.250209  0.232088
12.625  1.16239  0.301144  0.292276
12.625  1.19381  0.257928  0.182333
12.625  1.22522  0.360046  0.231865
12.625  1.25664  0.24433  0.295651
12.625  1.28805  0.377359  0.226721
12.625  1.31947  0.426402  0.409203
12.625  1.35088  0.217243  0.296535
12.625  1.3823  0.414172  0.221366
12.625  1.41372  0.498016  0.258608
12.625  1.44513  0.306324  0.355369
12.625  1.47655  0.373097  0.233299
12.625  1.50796  0.317498  0.324369
12.625  1.53938  1.44828  1.41992
12.625  1.5708  0.408606  0.309422
12.625  1.60221  0.79004  0.789932
12.625  1.63363  0.46101  0.434384
12.625  1.66504  0.479285  0.377176
12.625  1.69646  0.265793  0.316629
12.625  1.72788  1.56358  0.796379
12.625  1.75929  0.284971  0.338159
12.625  1.79071  0.273551  0.308924
12.625  1.82212  0.36814  0.282867
12.625  1.85354  0.288659  0.233396
12.625  1.88496  0.208223  0.2068
12.625  1.91637  0.200119  0.287539
12.625  1.94779  0.26319  0.27793
12.625  1.9792  0.319513  0.20649
12.625  2.01062  0.432004  0.315153
12.625  2.04204  0.283317  0.275637
12.625  2.07345  0.409618  0.220463
12.625  2.10487  0.343549  0.188912
12.625  2.13628  0.426848  0.215083
12.625  2.1677  0.159608  0.227903
12.625  2.19911  0.319806  0.180949
12.625  2.23053  0.205757  0.207768
12.625  2.26195  0.134715  0.206826
12.625  2.29336  0.273152  0.194762
12.625  2.32478  0.194907  0.160288
12.625  2.35619  0.12666  0.148276
12.625  2.38761  0.273215  0.251495
12.625  2.41903  0.28886  0.288215
12.625  2.45044  0.261167  0.287969
12.625  2.48186  0.193165  0.122602
12.625  2.51327  0.286585  0.152183
12.625  2.54469  0.115184  0.16186
12.625  2.57611  0.205478  0.179131
12.625  2.60752  0.296394  0.294802
12.625  2.63894  0.258668  0.21016
12.625  2.67035  0.0697298  0.107739
12.625  2.70177  0.179769  0.0966842
12.625  2.73319  0.171754  0.0898505
12.625  2.7646  0  0
12.625  2.79602  0  0
12.625  2.82743  0  0
12.625  2.85885  0  0
12.625  2.89027  0  0
12.625  2.92168  0  0
12.625  2.9531  0  0
12.625  2.98451  0  0
12.625  3.01593  0  0
12.625  3.04734  0  0
12.625  3.07876  0  0
12.625  3.11018  0  0
12.75  0  0  0
12.75  0.0314159  0  0
12.75  0.0628319  0  0
12.75  0.0942478  0  0
12.75  0.125664  0  0
12.75  0.15708  0  0
12.75  0.188496  0  0
12.75  0.219911  0  0
12.75  0.251327  0  0
12.75  0.282743  0  0
12.75  0.314159  0  0
12.75  0.345575  0.231938  2.08942
12.75  0.376991  0.189521  0.107626
12.75  0.408407  0.066173  0.107895
12.75  0.439823  0.170475  0.153498
12.75  0.471239  0.0802557  0.109009
12.75  0.502655  0.186394  0.175388
12.75  0.534071  0.204042  0.151634
12.75  0.565487  0.124065  0.120302
12.75  0.596903  0.239009  0.128487
12.75  0.628319  0.121855  0.146174
12.75  0.659734  0.121866  0.131593
12.75  0.69115  0.183721  0.204579
12.75  0.722566  0.135238  0.151056
12.75  0.753982  0.230675  0.258177
12.75  0.785398  0.181116  0.18029
12.75  0.816814  0.280453  0.179926
12.75  0.84823  0.20549  0.193607
12.75  0.879646  0.166179  0.258139
12.75  0.911062  0.18548  0.187147
12.75  0.942478  0.412494  0.220174
12.75  0.973894  0.20473  0.183053
12.75  1.00531  0.301675  0.314094
12.75  1.03673  0.403124  0.244045
12.75  1.06814  0.182926  0.238599
12.75  1.09956  0.232652  0.26565
12.75  1.13097  0.311101  0.199426
12.75  1.16239  0.180368  0.182473
12.75  1.19381  0.327522  0.223396
12.75  1.22522  0.421327  0.264622
12.75  1.25664  0.38995  0.32118
12.75  1.28805  0.445616  0.455746
12.75  1.31947  0.212055  0.23353
12.75  1.35088  0.409288  0.352256
12.75  1.3823  0.423887  0.22675
12.75  1.41372  0.225883  0.24957
12.75  1.44513  0.201438  0.331857
12.75  1.47655  0.496418  0.479087
12.75  1.50796  0.350023  0.400976
12.75  1.53938  0.278824  0.335081
12.75  1.5708  0.25775  0.233489
12.75  1.60221  0.348473  0.374541
12.75  1.63363  0.190241  0.219952
12.75  1.66504  0.368579  0.267656
12.75  1.69646  0.276676  0.32487
12.75  1.72788  0.312324  0.289974
12.75  1.75929  0.187055  0.27739
12.75  1.79071  0.309039  0.251895
12.75  1.82212  0.459156  0.458945
12.75  1.85354  0.465081  0.428631
12.75  1.88496  0.23003  0.189855
12.75  1.91637  0.380525  0.248931
12.75  1.94779  0.405062  0.279784
12.75  1.9792  0.215169  0.235628
12.75  2.01062  0.219952  0.217605
12.75  2.04204  1.90783  1.31956
12.75  2.07345  0.307905  0.239536
12.75  2.10487  1.90859  1.46753
12.75  2.13628  1.90489  1.60887
12.75  2.1677  0.260387  0.200973
12.75  2.19911  0.2582  0.940386
12.75  2.23053  0.210396  0.182982
12.75  2.26195  0.274993  0.291776
12.75  2.29336  0.106053  0.0988977
12.75  2.32478  0.190895  0.202135
12.75  2.35619  0.286531  0.272097
12.75  2.38761  0.168483  0.173885
12.75  2.41903  0.152205  0.160459
12.75  2.45044  0.273916  0.170335
12.75  2.48186  0.17637  0.190718
12.75  2.51327  0.224183  0.119218
12.75  2.54469  0.225896  0.201575
12.75  2.57611  0.0894769  0.101613
12.75  2.60752  0.236236  0.124558
12.75  2.63894  0.208886  0.173838
12.75  2.67035  0.138188  0.10955
12.75  2.70177  0.062515  0.111118
12.75  2.73319  0.211237  0.108159
12.75  2.7646  0.120696  0.111272
12.75  2.79602  0  0
12.75  2.82743  0  0
12.75  2.85885  0  0
12.75  2.89027  0  0
12.75  2.92168  0  0
12.75  2.9531  0  0
12.75  2.98451  0  0
12.75  3.01593  0  0
12.75  3.04734  0  0
12.75  3.07876  0  0
12.75  3.11018  0  0
12.875  0  0  0
12.875  0.0314159  0  0
12.875  0.0628319  0  0
12.875  0.0942478  0  0
12.875  0.125664  0  0
12.875  0.15708  0  0
12.875  0.188496  0  0
12.875  0.219911  0  0
12.875  0.251327  0  0
12.875  0.282743  0  0
12.875  0.314159  0  0
12.875  0.345575  0.103718  0.0886718
12.875  0.376991  0.115724  0.0984181
12.875  0.408407  0.155353  0.0849775
12.875  0.439823  0.113455  0.101097
12.875  0.471239  0.207656  0.114119
12.875  0.502655  0.272966  0.247214
12.875  0.534071  0.152411  0.179915
12.875  0.565487  0.124719  0.16529
12.875  0.596903  0.221305  0.134143
12.875  0.628319  0.320459  0.196264
12.875  0.659734  0.148062  0.129767
12.875  0.69115  0.155852  0.145563
12.875  0.722566  0.211644  0.174011
12.875  0.753982  0.249052  0.227413
12.875  0.785398  0.238168  0.281121
12.875  0.816814  0.179835  0.165225
12.875  0.84823  0.174834  0.24868
12.875  0.879646  0.257614  0.200253
12.875  0.911062  0.23219  0.248729
12.875  0.942478  0.1924  0.229284
12.875  0.973894  0.248424  0.235052
12.875  1.00531  0.146025  0.542986
12.875  1.03673  1.10614  0.827015
12.875  1.06814  0.184031  0.248991
12.875  1.09956  0.237021  0.257444
12.875  1.13097  0.462506  0.287508
12.875  1.16239  0.232734  0.213971
12.875  1.19381  0.421688  0.253139
12.875  1.22522  0.223515  0.260682
12.875  1.25664  0.567901  0.567898
12.875  1.28805  0.419905  0.363975
12.875  1.31947  0.330269  0.320161
12.875  1.35088  0.330545  0.213008
12.875  1.3823  0.206946  0.206121
12.875  1.41372  1.22613  0.850063
12.875  1.44513  1.79997  1.30877
12.875  1.47655  0.40646  0.228078
12.875  1.50796  0.226938  0.270655
12.875  1.53938  0.573296  0.571531
12.875  1.5708  0.384799  0.315955
12.875  1.60221  0.42651  0.327183
12.875  1.63363  0.320602  0.318677
12.875  1.66504  2.05358  1.77029
12.875  1.69646  0.485248  0.256693
12.875  1.72788  0.334275  0.281863
12.875  1.75929  0.419173  0.255547
12.875  1.79071  0.185138  0.290101
12.875  1.82212  1.00887  0.510336
12.875  1.85354  0.190476  0.246462
12.875  1.88496  1.43512  0.842769
12.875  1.91637  0.246244  0.273812
12.875  1.94779  0.258635  0.242448
12.875  1.9792  0.153014  0.274532
12.875  2.01062  0.428478  0.349042
12.875  2.04204  0.193446  0.249314
12.875  2.07345  0.14125  0.211641
12.875  2.10487  0.423409  0.402926
12.875  2.13628  0.230896  0.336645
12.875  2.1677  0.319418  0.161294
12.875  2.19911  0.155828  0.259689
12.875  2.23053  0.104484  0.186176
12.875  2.26195  0.162714  0.138642
12.875  2.29336  0.146055  0.222751
12.875  2.32478  0.192867  0.222865
12.875  2.35619  0.206207  0.234345
12.875  2.38761  0.155805  0.154193
12.875  2.41903  0.227697  0.137252
12.875  2.45044  0.2817  0.23294
12.875  2.48186  0.245687  0.185893
12.875  2.51327  0.272025  0.137508
12.875  2.54469  0.250763  0.227728
12.875  2.57611  0.27646  0.170935
12.875  2.60752  0.232137  0.231459
12.875  2.63894  0.225315  0.195896
12.875  2.67035  0.189963  0.189578
12.875  2.70177  0.183885  0.129825
12.875  2.73319  0.0690715  0.114411
12.875  2.7646  0.176907  0.170827
12.875  2.79602  0  0
12.875  2.82743  0  0
12.875  2.85885  0  0
12.875  2.89027  0  0
12.875  2.92168  0  0
12.875  2.9531  0  0
12.875  2.98451  0  0
12.875  3.01593  0  0
12.875  3.04734  0  0
12.875  3.07876  0  0
12.875  3.11018  0  0
13  0  0  0
13  0.0314159  0  0
13  0.0628319  0  0
13  0.0942478  0  0
13  0.125664  0  0
13  0.15708  0  0
13  0.188496  0  0
13  0.219911  0  0
13  0.251327  0  0
13  0.282743  0  0
13  0.314159  0  0
13  0.345575  0.00733266  0.053806
13  0.376991  0.175714  0.157708
13  0.408407  0.150782  0.150776
13  0.439823  0.18031  0.111135
13  0.471239  0.230729  0.213732
13  0.502655  0.251275  0.183489
13  0.534071  0.246543  0.18978
13  0.565487  0.213869  0.120536
13  0.596903  0.0957795  0.135803
13  0.628319  0.0932219  0.145411
13  0.659734  0.247691  0.232071
13  0.69115  0.279903  0.179068
13  0.722566  0.306715  0.19387
13  0.753982  0.206099  0.234123
13  0.785398  0.139765  0.20825
13  0.816814  0.236714  0.238659
13  0.84823  0.150743  0.191782
13  0.879646  0.690275  0.673876
13  0.911062  0.166351  0.248418
13  0.942478  0.248583  0.229117
13  0.973894  0.373594  0.189104
13  1.00531  0.410743  0.357054
13  1.03673  0.189963  0.238981
13  1.06814  0.374246  0.187765
13  1.09956  0.201493  0.279611
13  1.13097  0.277105  0.231552
13  1.16239  0.228324  0.240949
13  1.19381  0.21965  0.848126
13  1.22522  0.325952  0.313478
13  1.25664  0.186712  0.23165
13  1.28805  0.218225  0.242881
13  1.31947  0.451526  0.434936
13  1.35088  0.197515  0.190935
13  1.3823  0.444627  0.411929
13  1.41372  0.166991  0.292468
13  1.44513  0.367601  0.362902
13  1.47655  0.202779  0.260552
13  1.50796  2.53978  2.13317
13  1.53938  0.292495  0.338594
13  1.5708  1.35559  1.22878
13  1.60221  0.188743  0.229509
13  1.63363  0.298239  0.295197
13  1.66504  0.339834  0.280111
13  1.69646  0.19782  0.21167
13  1.72788  0.578322  0.367021
13  1.75929  1.21442  0.862006
13  1.79071  0.251313  0.246624
13  1.82212  0.444049  0.222333
13  1.85354  0.475379  0.398717
13  1.88496  0.580427  0.342616
13  1.91637  0.435943  0.240816
13  1.94779  0.543979  0.515026
13  1.9792  0.480041  0.289668
13  2.01062  0.160695  0.169676
13  2.04204  0.23548  0.28586
13  2.07345  0.187426  0.284633
13  2.10487  0.312382  0.205691
13  2.13628  0.220876  0.499506
13  2.1677  0.198437  0.224426
13  2.19911  0.428114  0.223586
13  2.23053  0.162735  0.250261
13  2.26195  0.132002  0.14155
13  2.29336  0.315382  0.209515
13  2.32478  0.322469  0.283581
13  2.35619  0.313226  0.173807
13  2.38761  0.312388  0.225824
13  2.41903  0.147626  0.189629
13  2.45044  0.158595  0.159605
13  2.48186  0.25133  0.144914
13  2.51327  0.274184  0.160195
13  2.54469  0.245995  0.228252
13  2.57611  0.311155  0.225865
13  2.60752  0.20692  0.204046
13  2.63894  0.178609  0.154907
13  2.67035  0.239407  0.22117
13  2.70177  0.178216  0.102676
13  2.73319  0.146581  0.120922
13  2.7646  0.113701  0.0596449
13  2.79602  0  0
13  2.82743  0  0
13  2.85885  0  0
13  2.89027  0  0
13  2.92168  0  0
13  2.9531  0  0
13  2.98451  0  0
13  3.01593  0  0
13  3.04734  0  0
13  3.07876  0  0
13  3.11018  0  0
13.125  0  0  0
13.125  0.0314159  0  0
13.125  0.0628319  0  0
13.125  0.0942478  0  0
13.125  0.125664  0  0
13.125  0.15708  0  0
13.125  0.188496  0  0
13.125  0.219911  0  0
13.125  0.251327  0  0
13.125  0.282743  0  0
13.125  0.314159  0  0
13.125  0.345575  0.170628  0.167744
13.125  0.376991  0.154484  0.0903258
13.125  0.408407  0.255763  0.219822
13.125  0.439823  0.156845  0.0803599
13.125  0.471239  0.271979  0.270539
13.125  0.502655  0.175981  0.199832
13.125  0.534071  0.127138  0.087577
13.125  0.565487  0.0654776  0.0775879
13.125  0.596903  0.214922  0.214495
13.125  0.628319  0.304457  0.300707
13.125  0.659734  0.247299  0.123763
13.125  0.69115  0.277433  0.144517
13.125  0.722566  0.222095  0.201117
13.125  0.753982  0.22733  0.184244
13.125  0.785398  0.268661  0.267063
13.125  0.816814  0.322312  0.211346
13.125  0.84823  0.350814  0.205438
13.125  0.879646  0.154796  0.230965
13.125  0.911062  0.210935  0.845079
13.125  0.942478  0.219321  0.263206
13.125  0.973894  0.209284  0.21963
13.125  1.00531  0.235007  0.235295
13.125  1.03673  0.223095  0.244719
13.125  1.06814  0.405012  0.311424
13.125  1.09956  0.256229  0.192404
13.125  1.13097  0.165675  0.231581
13.125  1.16239  0.42314  0.40377
13.125  1.19381  0.128543  0.207373
13.125  1.22522  0.272625  0.222778
13.125  1.25664  0.341912  0.347244
13.125  1.28805  0.345253  0.319604
13.125  1.31947  1.09359  0.552429
13.125  1.35088  0.827851  0.65764
13.125  1.3823  0.358353  0.338333
13.125  1.41372  0.478029  0.311623
13.125  1.44513  0.28858  0.237697
13.125  1.47655  0.175215  0.201055
13.125  1.50796  0.34906  0.228392
13.125  1.53938  1.31069  0.687366
13.125  1.5708  0.273846  0.307388
13.125  1.60221  0.376401  0.374596
13.125  1.63363  0.344286  0.238537
13.125  1.66504  0.254046  0.190926
13.125  1.69646  0.852609  0.428912
13.125  1.72788  0.268502  0.199448
13.125  1.75929  0.356611  0.214704
13.125  1.79071  0.306123  0.260842
13.125  1.82212  0.229851  0.275547
13.125  1.85354  0.400068  0.259461
13.125  1.88496  0.417877  0.338771
13.125  1.91637  0.424716  0.213802
13.125  1.94779  0.271186  0.334354
13.125  1.9792  0.238717  0.313831
13.125  2.01062  0.427297  0.427231
13.125  2.04204  0.209064  0.243296
13.125  2.07345  0.253363  0.241036
13.125  2.10487  0.34523  0.337029
13.125  2.13628  1.66875  0.986944
13.125  2.1677  0.158265  0.209634
13.125  2.19911  0.157052  0.247588
13.125  2.23053  0.21227  0.183244
13.125  2.26195  0.13507  0.231679
13.125  2.29336  0.188297  0.168518
13.125  2.32478  0.325556  0.189799
13.125  2.35619  0.334273  0.170905
13.125  2.38761  0.161001  0.199542
13.125  2.41903  0.226326  0.185993
13.125  2.45044  0.174272  0.157671
13.125  2.48186  0.283618  0.177187
13.125  2.51327  0.107637  0.106493
13.125  2.54469  0.0811008  0.148664
13.125  2.57611  0.238112  0.180677
13.125  2.60752  0.120641  0.128532
13.125  2.63894  0.113983  0.139432
13.125  2.67035  0.227882  0.114135
13.125  2.70177  0.207751  0.216176
13.125  2.73319  0.243623  0.23991
13.125  2.7646  0.174175  0.11884
13.125  2.79602  0  0
13.125  2.82743  0  0
13.125  2.85885  0  0
13.125  2.89027  0  0
13.125  2.92168  0  0
13.125  2.9531  0  0
13.125  2.98451  0  0
13.125  3.01593  0  0
13.125  3.04734  0  0
13.125  3.07876  0  0
13.125  3.11018  0  0
13.25  0  0  0
13.25  0.0314159  0  0
13.25  0.0628319  0  0
13.25  0.0942478  0  0
13.25  0.125664  0  0
13.25  0.15708  0  0
13.25  0.188496  0  0
13.25  0.219911  0  0
13.25  0.251327  0  0
13.25  0.282743  0  0
13.25  0.314159  0.00645972  0.0474005
13.25  0.345575  0.0453898  0.0654539
13.25  0.376991  0.0575098  0.084739
13.25  0.408407  0.206579  0.189162
13.25  0.439823  0.0727478  0.0971796
13.25  0.471239  0.132151  0.106737
13.25  0.502655  0.166229  0.141268
13.25  0.534071  0.287983  0.170715
13.25  0.565487  0.260681  0.256555
13.25  0.596903  0.112389  0.195056
13.25  0.628319  0.173369  0.155828
13.25  0.659734  1.28881  1.05451
13.25  0.69115  0.13959  0.145557
13.25  0.722566  0.151446  0.190894
13.25  0.753982  0.159733  0.210164
13.25  0.785398  0.0925561  0.163029
13.25  0.816814  0.178441  0.188027
13.25  0.84823  0.240179  0.293332
13.25  0.879646  0.322662  0.210859
13.25  0.911062  0.385937  0.312457
13.25  0.942478  0.174472  0.275893
13.25  0.973894  0.651916  0.685242
13.25  1.00531  0.184128  0.249104
13.25  1.03673  0.321774  0.24598
13.25  1.06814  0.408562  0.272474
13.25  1.09956  0.387874  0.380073
13.25  1.13097  0.249811  0.253238
13.25  1.16239  0.253278  0.263204
13.25  1.19381  0.253464  0.276942
13.25  1.22522  0.367972  0.213219
13.25  1.25664  0.372648  0.287143
13.25  1.28805  0.404392  0.325648
13.25  1.31947  0.428393  0.251648
13.25  1.35088  0.355208  0.245544
13.25  1.3823  0.333279  0.381539
13.25  1.41372  0.349595  0.178562
13.25  1.44513  1.09292  1.07654
13.25  1.47655  0.484244  0.338011
13.25  1.50796  0.35788  0.181445
13.25  1.53938  0.327248  0.326473
13.25  1.5708  1.63407  0.921763
13.25  1.60221  0.43089  0.374486
13.25  1.63363  1.74362  1.03904
13.25  1.66504  0.215831  0.25772
13.25  1.69646  0.19176  0.210247
13.25  1.72788  0.407195  0.21023
13.25  1.75929  0.331817  0.26832
13.25  1.79071  0.530045  0.265025
13.25  1.82212  1.18637  1.12911
13.25  1.85354  1.43304  1.31279
13.25  1.88496  0.220754  0.234307
13.25  1.91637  0.550304  0.466383
13.25  1.94779  0.239566  0.295432
13.25  1.9792  0.326838  0.203758
13.25  2.01062  0.354613  0.363828
13.25  2.04204  0.168316  0.261504
13.25  2.07345  0.26791  0.214117
13.25  2.10487  0.381404  0.343281
13.25  2.13628  0.131241  0.243485
13.25  2.1677  0.292133  0.335749
13.25  2.19911  0.172804  0.248084
13.25  2.23053  0.337013  0.259112
13.25  2.26195  0.686984  0.663067
13.25  2.29336  0.241579  0.245726
13.25  2.32478  0.121761  0.198151
13.25  2.35619  0.10515  0.146286
13.25  2.38761  0.170081  0.177449
13.25  2.41903  0.330244  0.195404
13.25  2.45044  0.246164  0.190081
13.25  2.48186  0.23358  0.166403
13.25  2.51327  0.0924535  0.121011
13.25  2.54469  0.129622  0.155521
13.25  2.57611  0.19714  0.153687
13.25  2.60752  0.0802737  0.157728
13.25  2.63894  0.289351  0.232737
13.25  2.67035  0.18538  0.0929081
13.25  2.70177  0.162955  0.159778
13.25  2.73319  0.206086  0.165338
13.25  2.7646  0.278385  0.278368
13.25  2.79602  0.0040155  0.0294652
13.25  2.82743  0  0
13.25  2.85885  0  0
13.25  2.89027  0  0
13.25  2.92168  0  0
13.25  2.9531  0  0
13.25  2.98451  0  0
13.25  3.01593  0  0
13.25  3.04734  0  0
13.25  3.07876  0  0
13.25  3.11018  0  0
13.375  0  0  0
13.375  0.0314159  0  0
13.375  0.0628319  0  0
13.375  0.0942478  0  0
13.375  0.125664  0  0
13.375  0.15708  0  0
13.375  0.188496  0  0
13.375  0.219911  0  0
13.375  0.251327  0  0
13.375  0.282743  0  0
13.375  0.314159  0.172411  0.156377
13.375  0.345575  0.210073  0.12301
13.375  0.376991  0.209614  0.115314
13.375  0.408407  0.182711  0.111777
13.375  0.439823  0.184978  0.092995
13.375  0.471239  0.123254  0.184217
13.375  0.502655  0.197282  0.170251
13.375  0.534071  0.190769  0.115363
13.375  0.565487  0.132916  0.175378
13.375  0.596903  0.10579  0.116755
13.375  0.628319  0.14849  0.169314
13.375  0.659734  0.0776847  0.132502
13.375  0.69115  0.174585  0.172512
13.375  0.722566  0.223501  0.184485
13.375  0.753982  0.20866  0.213363
13.375  0.785398  0.186007  0.155699
13.375  0.816814  0.329762  0.164945
13.375  0.84823  0.375548  0.231861
13.375  0.879646  0.304567  0.156382
13.375  0.911062  0.342162  0.374476
13.375  0.942478  0.180176  0.282096
13.375  0.973894  0.389475  0.203925
13.375  1.00531  1.26641  1.19719
13.375  1.03673  0.327981  0.169121
13.375  1.06814  0.224114  0.258508
13.375  1.09956  0.212414  0.328289
13.375  1.13097  0.354977  0.285086
13.375  1.16239  0.252253  0.244671
13.375  1.19381  0.963963  0.483286
13.375  1.22522  0.139955  0.256061
13.375  1.25664  0.378306  0.193607
13.375  1.28805  0.277493  0.294737
13.375  1.31947  0.202333  0.237098
13.375  1.35088  1.75113  1.66034
13.375  1.3823  0.255466  0.27091
13.375  1.41372  0.984251  0.87011
13.375  1.44513  0.39945  0.314811
13.375  1.47655  0.451737  0.248565
13.375  1.50796  0.279227  0.239019
13.375  1.53938  0.515723  0.389636
13.375  1.5708  1.44392  1.61252
13.375  1.60221  0.46419  0.42149
13.375  1.63363  0.396157  0.271399
13.375  1.66504  0.44275  0.442643
13.375  1.69646  1.47419  1.37765
13.375  1.72788  0.438334  0.263423
13.375  1.75929  0.192222  0.192443
13.375  1.79071  0.280122  0.324882
13.375  1.82212  2.57153  2.44462
13.375  1.85354  0.401376  0.358862
13.375  1.88496  0.218926  0.263572
13.375  1.91637  0.322297  0.260133
13.375  1.94779  0.157952  0.285109
13.375  1.9792  0.738971  0.467589
13.375  2.01062  0.308745  0.315781
13.375  2.04204  0.238071  0.219898
13.375  2.07345  0.201209  0.227095
13.375  2.10487  0.356986  0.283529
13.375  2.13628  0.212909  0.212913
13.375  2.1677  0.206956  0.156533
13.375  2.19911  0.205106  0.239755
13.375  2.23053  0.357715  0.201301
13.375  2.26195  0.239979  0.176146
13.375  2.29336  0.182121  0.160756
13.375  2.32478  0.185871  0.164031
13.375  2.35619  0.2463  0.235856
13.375  2.38761  0.147913  0.197512
13.375  2.41903  0.155335  0.161408
13.375  2.45044  0.257571  0.20743
13.375  2.48186  0.143641  0.162488
13.375  2.51327  0.275785  0.248427
13.375  2.54469  0.235424  0.233468
13.375  2.57611  0.294041  0.29332
13.375  2.60752  0.195911  0.195555
13.375  2.63894  0.146327  0.118997
13.375  2.67035  0.0706735  0.106309
13.375  2.70177  0.244219  0.184313
13.375  2.73319  0.117163  0.117186
13.375  2.7646  0.159381  0.141807
13.375  2.79602  0.17777  1.34595
13.375  2.82743  0  0
13.375  2.85885  0  0
13.375  2.89027  0  0
13.375  2.92168  0  0
13.375  2.9531  0  0
13.375  2.98451  0  0
13.375  3.01593  0  0
13.375  3.04734  0  0
13.375  3.07876  0  0
13.375  3.11018  0  0
13.5  0  0  0
13.5  0.0314159  0  0
13.5  0.0628319  0  0
13.5  0.0942478  0  0
13.5  0.125664  0  0
13.5  0.15708  0  0
13.5  0.188496  0  0
13.5  0.219911  0  0
13.5  0.251327  0  0
13.5  0.282743  0  0
13.5  0.314159  0.00506303  0.0371518
13.5  0.345575  0.109741  0.0939422
13.5  0.376991  0.157379  0.0965514
13.5  0.408407  0.326351  0.281783
13.5  0.439823  0.205102  0.154079
13.5  0.471239  0.15105  0.147529
13.5  0.502655  0.171331  0.108088
13.5  0.534071  0.169072  0.0861666
13.5  0.565487  0.0549734  0.122007
13.5  0.596903  0.0898904  0.10992
13.5  0.628319  0.296137  0.154452
13.5  0.659734  0.261932  0.147711
13.5  0.69115  0.166154  0.181322
13.5  0.722566  0.175317  0.161115
13.5  0.753982  0.321612  0.162484
13.5  0.785398  0.329234  0.311751
13.5  0.816814  0.194993  0.150652
13.5  0.84823  0.188968  0.230615
13.5  0.879646  0.275719  0.193824
13.5  0.911062  1.78705  1.69184
13.5  0.942478  0.272066  0.289152
13.5  0.973894  0.245624  0.221507
13.5  1.00531  0.181612  0.23266
13.5  1.03673  0.176017  0.190177
13.5  1.06814  0.259838  0.259606
13.5  1.09956  0.168062  0.275945
13.5  1.13097  0.259563  0.265192
13.5  1.16239  0.350105  0.322093
13.5  1.19381  0.383093  0.293235
13.5  1.22522  0.165798  0.267373
13.5  1.25664  0.341761  0.303138
13.5  1.28805  0.186767  0.22159
13.5  1.31947  0.225374  0.183387
13.5  1.35088  0.45607  0.40606
13.5  1.3823  2.40759  1.30012
13.5  1.41372  0.25269  0.275108
13.5  1.44513  0.276351  0.289688
13.5  1.47655  0.178908  0.185908
13.5  1.50796  0.274181  0.241128
13.5  1.53938  0.399072  0.328744
13.5  1.5708  0.289334  0.298076
13.5  1.60221  1.18392  0.851252
13.5  1.63363  1.70123  1.46045
13.5  1.66504  1.66098  1.57177
13.5  1.69646  0.464155  0.281429
13.5  1.72788  0.570202  0.569851
13.5  1.75929  0.311113  0.246991
13.5  1.79071  0.262803  0.281651
13.5  1.82212  0.447914  0.334883
13.5  1.85354  0.244069  0.237963
13.5  1.88496  0.225668  0.244107
13.5  1.91637  0.363418  0.182924
13.5  1.94779  0.204731  0.215172
13.5  1.9792  0.16414  0.21711
13.5  2.01062  0.250434  0.229784
13.5  2.04204  0.216546  0.281222
13.5  2.07345  0.198541  0.206132
13.5  2.10487  0.434637  0.227751
13.5  2.13628  0.329867  0.25315
13.5  2.1677  0.216411  0.263471
13.5  2.19911  0.339625  0.339603
13.5  2.23053  0.344123  0.232622
13.5  2.26195  0.147113  0.20009
13.5  2.29336  0.308728  0.18828
13.5  2.32478  0.256843  0.268791
13.5  2.35619  0.193118  0.211299
13.5  2.38761  0.249598  0.197497
13.5  2.41903  0.294041  0.264652
13.5  2.45044  0.204567  0.159422
13.5  2.48186  0.0881434  0.162962
13.5  2.51327  0.203867  0.13893
13.5  2.54469  0.132437  0.119903
13.5  2.57611  0.267698  0.203166
13.5  2.60752  0.231829  0.12718
13.5  2.63894  0.209113  0.20711
13.5  2.67035  0.0564781  0.104239
13.5  2.70177  0.118683  0.106436
13.5  2.73319  0.170173  0.161073
13.5  2.7646  0.0894231  0.0718245
13.5  2.79602  0.00471385  0.0345896
13.5  2.82743  0  0
13.5  2.85885  0  0
13.5  2.89027  0  0
13.5  2.92168  0  0
13.5  2.9531  0  0
13.5  2.98451  0  0
13.5  3.01593  0  0
13.5  3.04734  0  0
13.5  3.07876  0  0
13.5  3.11018  0  0
13.625  0  0  0
13.625  0.0314159  0  0
13.625  0.0628319  0  0
13.625  0.0942478  0  0
13.625  0.125664  0  0
13.625  0.15708  0  0
13.625  0.188496  0  0
13.625  0.219911  0  0
13.625  0.251327  0  0
13.625  0.282743  0  0
13.625  0.314159  0  0
13.625  0.345575  0.168017  0.167822
13.625  0.376991  0.127907  0.098336
13.625  0.408407  0.133023  0.127177
13.625  0.439823  0.179535  0.178623
13.625  0.471239  0.170002  0.103339
13.625  0.502655  0.258386  0.256908
13.625  0.534071  0.180082  0.162178
13.625  0.565487  0.222232  0.174763
13.625  0.596903  0.241547  0.231955
13.625  0.628319  0.183865  0.208867
13.625  0.659734  0.19447  0.234438
13.625  0.69115  0.264627  0.166814
13.625  0.722566  0.123246  0.139493
13.625  0.753982  0.175146  0.189126
13.625  0.785398  0.256425  0.143316
13.625  0.816814  0.285321  0.176763
13.625  0.84823  0.231256  0.252341
13.625  0.879646  0.212904  0.221536
13.625  0.911062  0.244457  0.176894
13.625  0.942478  0.372975  0.243294
13.625  0.973894  0.319534  0.290005
13.625  1.00531  0.170229  0.228129
13.625  1.03673  0.25677  0.187571
13.625  1.06814  0.22581  0.248704
13.625  1.09956  0.341708  0.32819
13.625  1.13097  0.422806  0.242779
13.625  1.16239  0.251072  0.268333
13.625  1.19381  0.501783  0.413628
13.625  1.22522  0.225682  0.252612
13.625  1.25664  0.267182  0.292758
13.625  1.28805  0.351128  0.239159
13.625  1.31947  0.154583  0.266694
13.625  1.35088  0.239157  0.206974
13.625  1.3823  0.165131  0.261719
13.625  1.41372  0.409922  0.359943
13.625  1.44513  0.193445  0.210524
13.625  1.47655  1.31298  0.658459
13.625  1.50796  0.347518  0.225572
13.625  1.53938  1.75329  1.62874
13.625  1.5708  0.254403  0.339621
13.625  1.60221  0.345833  0.415139
13.625  1.63363  0.408372  0.338031
13.625  1.66504  0.425557  0.3428
13.625  1.69646  0.36927  0.268847
13.625  1.72788  0.198613  0.219412
13.625  1.75929  0.274831  0.290239
13.625  1.79071  0.221382  0.959909
13.625  1.82212  0.277241  0.318519
13.625  1.85354  0.389356  0.352598
13.625  1.88496  0.364835  0.263213
13.625  1.91637  0.591048  0.522188
13.625  1.94779  0.355197  0.249228
13.625  1.9792  0.155805  0.214317
13.625  2.01062  0.392948  0.388723
13.625  2.04204  0.412449  0.382915
13.625  2.07345  0.218745  0.201809
13.625  2.10487  0.197281  0.211931
13.625  2.13628  0.187382  0.298502
13.625  2.1677  0.316461  0.159489
13.625  2.19911  0.124165  0.220688
13.625  2.23053  0.349757  0.345704
13.625  2.26195  0.178442  0.192386
13.625  2.29336  0.228541  0.270754
13.625  2.32478  0.313818  0.17999
13.625  2.35619  0.158248  0.16838
13.625  2.38761  0.199533  0.163175
13.625  2.41903  0.27377  0.195289
13.625  2.45044  0.258162  0.197773
13.625  2.48186  0.256539  0.132121
13.625  2.51327  0.189331  0.211338
13.625  2.54469  0.235267  0.166173
13.625  2.57611  0.159674  0.184614
13.625  2.60752  0.0408285  0.0573789
13.625  2.63894  0.184659  0.176519
13.625  2.67035  0.170372  0.145133
13.625  2.70177  0.131404  0.122245
13.625  2.73319  0.0862087  0.0452284
13.625  2.7646  0.0531217  0.0705645
13.625  2.79602  0.147457  1.30844
13.625  2.82743  0.250796  2.12815
13.625  2.85885  0  0
13.625  2.89027  0  0
13.625  2.92168  0  0
13.625  2.9531  0  0
13.625  2.98451  0  0
13.625  3.01593  0  0
13.625  3.04734  0  0
13.625  3.07876  0  0
13.625  3.11018  0  0
13.75  0  0  0
13.75  0.0314159  0  0
13.75  0.0628319  0  0
13.75  0.0942478  0  0
13.75  0.125664  0  0
13.75  0.15708  0  0
13.75  0.188496  0  0
13.75  0.219911  0  0
13.75  0.251327  0  0
13.75  0.282743  0.258759  1.70226
13.75  0.314159  0.162003  0.161262
13.75  0.345575  0.156053  0.152506
13.75  0.376991  0.182033  0.182123
13.75  0.408407  0.226299  0.209233
13.75  0.439823  0.256208  0.153018
13.75  0.471239  0.0956336  0.171228
13.75  0.502655  0.147794  0.113998
13.75  0.534071  0.127351  0.183855
13.75  0.565487  0.203594  0.155067
13.75  0.596903  0.200993  0.13206
13.75  0.628319  0.254632  0.134801
13.75  0.659734  0.302099  0.232177
13.75  0.69115  0.277282  0.163808
13.75  0.722566  0.182572  0.192089
13.75  0.753982  0.181149  0.228423
13.75  0.785398  0.143212  0.214694
13.75  0.816814  0.174516  0.277901
13.75  0.84823  0.397553  0.37684
13.75  0.879646  0.148962  0.234658
13.75  0.911062  0.380217  0.301888
13.75  0.942478  0.222236  0.197856
13.75  0.973894  0.26657  0.305522
13.75  1.00531  0.208676  0.269429
13.75  1.03673  0.293304  0.288983
13.75  1.06814  0.481678  0.247556
13.75  1.09956  0.189704  0.259112
13.75  1.13097  0.756195  0.626615
13.75  1.16239  0.296261  1.10275
13.75  1.19381  0.347154  0.391451
13.75  1.22522  0.178868  0.260662
13.75  1.25664  0.506315  0.34242
13.75  1.28805  0.199101  0.3047
13.75  1.31947  0.499618  0.381273
13.75  1.35088  0.418479  0.324792
13.75  1.3823  0.312966  0.306241
13.75  1.41372  0.464562  0.376112
13.75  1.44513  0.407834  0.216404
13.75  1.47655  1.5221  1.04644
13.75  1.50796  0.41879  0.410698
13.75  1.53938  1.50535  1.07356
13.75  1.5708  0.355457  0.355094
13.75  1.60221  1.6734  1.59462
13.75  1.63363  0.425056  0.218877
13.75  1.66504  0.184055  0.31585
13.75  1.69646  0.241351  0.250688
13.75  1.72788  0.451141  0.453291
13.75  1.75929  0.228429  0.186855
13.75  1.79071  0.43503  0.256211
13.75  1.82212  1.20934  0.838047
13.75  1.85354  0.17272  0.270132
13.75  1.88496  1.08245  1.6704
13.75  1.91637  0.432089  0.370651
13.75  1.94779  0.26703  0.298769
13.75  1.9792  0.162072  0.278489
13.75  2.01062  0.362287  0.353805
13.75  2.04204  0.240864  0.213408
13.75  2.07345  0.841464  0.601055
13.75  2.10487  0.34755  0.287172
13.75  2.13628  0.223012  0.207288
13.75  2.1677  0.16886  0.197585
13.75  2.19911  0.300115  0.257763
13.75  2.23053  0.369424  0.200672
13.75  2.26195  0.134265  0.230193
13.75  2.29336  0.288566  0.154976
13.75  2.32478  0.19782  0.246101
13.75  2.35619  0.205113  0.155166
13.75  2.38761  0.254829  0.239072
13.75  2.41903  0.264955  0.147107
13.75  2.45044  0.16387  0.180186
13.75  2.48186  0.304033  0.167747
13.75  2.51327  0.125813  0.139093
13.75  2.54469  0.19456  0.0976521
13.75  2.57611  0.122825  0.127283
13.75  2.60752  0.100215  0.114878
13.75  2.63894  0.0904909  0.0765421
13.75  2.67035  0.187891  0.158141
13.75  2.70177  0.169875  0.15893
13.75  2.73319  0.168848  0.130708
13.75  2.7646  0.106727  0.0796127
13.75  2.79602  0.163484  0.145315
13.75  2.82743  0  0
13.75  2.85885  0  0
13.75  2.89027  0  0
13.75  2.92168  0  0
13.75  2.9531  0  0
13.75  2.98451  0  0
13.75  3.01593  0  0
13.75  3.04734  0  0
13.75  3.07876  0  0
13.75  3.11018  0  0
13.875  0  0  0
13.875  0.0314159  0  0
13.875  0.0628319  0  0
13.875  0.0942478  0  0
13.875  0.125664  0  0
13.875  0.15708  0  0
13.875  0.188496  0  0
13.875  0.219911  0  0
13.875  0.251327  0  0
13.875  0.282743  0  0
13.875  0.314159  0.0572675  0.0306603
13.875  0.345575  0.144462  0.130949
13.875  0.376991  0.213911  0.178508
13.875  0.408407  0.234549  0.189543
13.875  0.439823  0.267634  0.261545
13.875  0.471239  0.140256  0.12774
13.875  0.502655  0.176104  0.128657
13.875  0.534071  0.191496  0.186058
13.875  0.565487  0.122182  0.177482
13.875  0.596903  0.204956  0.223444
13.875  0.628319  0.125934  0.158115
13.875  0.659734  0.195852  0.155584
13.875  0.69115  0.302065  0.299248
13.875  0.722566  0.133623  0.199723
13.875  0.753982  0.148338  0.231108
13.875  0.785398  0.299588  0.274089
13.875  0.816814  0.140343  0.242429
13.875  0.84823  0.37132  0.386392
13.875  0.879646  0.170909  0.253483
13.875  0.911062  0.232301  0.185088
13.875  0.942478  2.40769  2.28481
13.875  0.973894  0.245494  0.268547
13.875  1.00531  0.251825  0.21701
13.875  1.03673  0.189152  0.200926
13.875  1.06814  0.349725  0.302652
13.875  1.09956  0.249287  0.178312
13.875  1.13097  2.092  2.08564
13.875  1.16239  0.186443  0.318147
13.875  1.19381  0.188118  0.283888
13.875  1.22522  0.331502  0.386902
13.875  1.25664  0.293827  0.284245
13.875  1.28805  0.434401  0.392762
13.875  1.31947  0.240415  0.256284
13.875  1.35088  0.471445  0.325625
13.875  1.3823  0.462143  0.405767
13.875  1.41372  0.438661  0.401655
13.875  1.44513  0.398411  0.234333
13.875  1.47655  0.128651  0.141649
13.875  1.50796  1.699  1.67173
13.875  1.53938  0.276245  0.275267
13.875  1.5708  0.472117  0.413671
13.875  1.60221  0.215242  0.207872
13.875  1.63363  0.428576  0.21435
13.875  1.66504  0.221737  0.332228
13.875  1.69646  1.95371  1.94825
13.875  1.72788  0.264976  0.288914
13.875  1.75929  0.321285  0.358855
13.875  1.79071  0.16652  0.272816
13.875  1.82212  0.433399  0.309928
13.875  1.85354  0.419546  0.249101
13.875  1.88496  0.268986  0.294161
13.875  1.91637  1.42324  0.969088
13.875  1.94779  0.404236  0.365289
13.875  1.9792  0.169144  0.243394
13.875  2.01062  0.299594  0.219873
13.875  2.04204  0.210964  0.196586
13.875  2.07345  1.71389  1.71221
13.875  2.10487  0.370055  0.252457
13.875  2.13628  0.232554  0.189828
13.875  2.1677  0.196208  0.209112
13.875  2.19911  0.210882  0.203923
13.875  2.23053  0.348927  0.182204
13.875  2.26195  0.257811  0.210113
13.875  2.29336  0.273909  0.167894
13.875  2.32478  0.124626  0.210658
13.875  2.35619  0.12547  0.177569
13.875  2.38761  0.18071  0.198348
13.875  2.41903  0.200907  0.136522
13.875  2.45044  0.145254  0.147173
13.875  2.48186  0.252593  0.18157
13.875  2.51327  0.258323  0.139575
13.875  2.54469  0.123971  0.151394
13.875  2.57611  0.130057  0.136281
13.875  2.60752  0.0473878  0.0630111
13.875  2.63894  0.257728  0.135189
13.875  2.67035  0.165684  0.122393
13.875  2.70177  0.0623874  0.0935032
13.875  2.73319  0.185643  0.1779
13.875  2.7646  0.0976807  0.0700659
13.875  2.79602  0.258759  1.70226
13.875  2.82743  0  0
13.875  2.85885  0  0
13.875  2.89027  0  0
13.875  2.92168  0  0
13.875  2.9531  0  0
13.875  2.98451  0  0
13.875  3.01593  0  0
13.875  3.04734  0  0
13.875  3.07876  0  0
13.875  3.11018  0  0
14  0  0  0
14  0.0314159  0  0
14  0.0628319  0  0
14  0.0942478  0  0
14  0.125664  0  0
14  0.15708  0  0
14  0.188496  0  0
14  0.219911  0  0
14  0.251327  0  0
14  0.282743  0  0
14  0.314159  0.122149  0.0917227
14  0.345575  0.112389  0.0865323
14  0.376991  0.220389  0.220326
14  0.408407  0.0445436  0.0818394
14  0.439823  0.0439034  0.0796063
14  0.471239  0.089254  0.113714
14  0.502655  0.207842  0.115034
14  0.534071  0.111831  0.142783
14  0.565487  0.360295  0.344859
14  0.596903  0.124947  0.179199
14  0.628319  0.213509  0.161222
14  0.659734  0.0916322  0.182491
14  0.69115  0.131795  0.199585
14  0.722566  0.231672  0.199243
14  0.753982  0.136079  0.19426
14  0.785398  0.231717  0.184573
14  0.816814  0.165114  0.166865
14  0.84823  0.270435  0.210525
14  0.879646  0.20052  0.209477
14  0.911062  0.177318  0.228886
14  0.942478  0.20022  0.173632
14  0.973894  0.219347  0.2471
14  1.00531  0.212275  0.251232
14  1.03673  0.164831  0.219178
14  1.06814  0.238742  0.255426
14  1.09956  0.468615  0.371034
14  1.13097  0.260703  0.214731
14  1.16239  0.441649  0.420335
14  1.19381  0.349768  0.215689
14  1.22522  1.64036  0.988818
14  1.25664  0.461409  0.371808
14  1.28805  1.67446  0.871036
14  1.31947  0.451642  0.226349
14  1.35088  0.433121  0.427113
14  1.3823  1.23546  0.61783
14  1.41372  0.262149  0.300422
14  1.44513  1.69841  1.66617
14  1.47655  0.402285  0.40159
14  1.50796  0.435229  0.325395
14  1.53938  0.318733  0.350749
14  1.5708  0.406243  0.270548
14  1.60221  0.279867  0.229084
14  1.63363  0.420175  0.434986
14  1.66504  0.226255  0.208062
14  1.69646  0.377629  0.370334
14  1.72788  0.162371  0.253391
14  1.75929  0.404641  0.369646
14  1.79071  0.356102  0.269737
14  1.82212  0.24065  0.258966
14  1.85354  2.00744  1.24441
14  1.88496  0.412573  0.322487
14  1.91637  0.214418  0.3159
14  1.94779  0.452671  0.440022
14  1.9792  0.225665  0.219739
14  2.01062  0.337549  0.327764
14  2.04204  0.31971  0.309584
14  2.07345  0.139715  0.211432
14  2.10487  0.277867  0.308567
14  2.13628  0.34965  0.289579
14  2.1677  0.196208  0.17675
14  2.19911  0.257542  0.195651
14  2.23053  0.185961  0.188202
14  2.26195  0.121281  0.123446
14  2.29336  0.311361  0.311214
14  2.32478  0.304615  0.305792
14  2.35619  0.312126  0.167602
14  2.38761  0.149765  0.215915
14  2.41903  0.285978  0.206216
14  2.45044  0.13151  0.146176
14  2.48186  0.191162  0.170365
14  2.51327  0.248536  0.162923
14  2.54469  0.0955319  0.155029
14  2.57611  0.105071  0.122731
14  2.60752  0.239415  0.121918
14  2.63894  0.167942  0.0854131
14  2.67035  0.911694  0.871762
14  2.70177  0.205379  0.176824
14  2.73319  0.156553  0.0989474
14  2.7646  0.110361  0.0618847
14  2.79602  0.203577  0.154186
14  2.82743  0  0
14  2.85885  0  0
14  2.89027  0  0
14  2.92168  0  0
14  2.9531  0  0
14  2.98451  0  0
14  3.01593  0  0
14  3.04734  0  0
14  3.07876  0  0
14  3.11018  0  0
14.125  0  0  0
14.125  0.0314159  0  0
14.125  0.0628319  0  0
14.125  0.0942478  0  0
14.125  0.125664  0  0
14.125  0.15708  0  0
14.125  0.188496  0  0
14.125  0.219911  0  0
14.125  0.251327  0  0
14.125  0.282743  0.258759  1.70226
14.125  0.314159  0.0796803  0.0427859
14.125  0.345575  0.207481  0.123077
14.125  0.376991  0.184354  0.108695
14.125  0.408407  0.116295  0.0891313
14.125  0.439823  0.0487819  0.0881432
14.125  0.471239  0.207783  0.173788
14.125  0.502655  0.0821387  0.124091
14.125  0.534071  0.0849139  0.0892351
14.125  0.565487  0.0848988  0.152527
14.125  0.596903  0.17187  0.163415
14.125  0.628319  0.218574  0.169626
14.125  0.659734  0.20645  0.14372
14.125  0.69115  0.246779  0.263024
14.125  0.722566  0.114299  0.176297
14.125  0.753982  0.326217  0.307804
14.125  0.785398  0.163396  0.158738
14.125  0.816814  0.179452  0.181024
14.125  0.84823  0.204569  0.210423
14.125  0.879646  0.356328  0.353483
14.125  0.911062  0.327939  0.185628
14.125  0.942478  0.492428  0.464813
14.125  0.973894  0.278894  0.24941
14.125  1.00531  0.226737  0.198217
14.125  1.03673  0.648672  0.408873
14.125  1.06814  0.175995  0.295129
14.125  1.09956  0.264649  0.256614
14.125  1.13097  0.459839  0.450487
14.125  1.16239  0.272841  0.305821
14.125  1.19381  0.352643  0.181998
14.125  1.22522  0.263755  0.271025
14.125  1.25664  0.384975  0.403216
14.125  1.28805  0.393754  0.356982
14.125  1.31947  0.720126  0.668307
14.125  1.35088  0.152896  0.176781
14.125  1.3823  0.514701  0.462877
14.125  1.41372  0.246556  0.273233
14.125  1.44513  0.445416  0.222716
14.125  1.47655  0.267753  0.290258
14.125  1.50796  0.924816  0.5019
14.125  1.53938  0.813397  0.590923
14.125  1.5708  0.421734  0.420614
14.125  1.60221  0.46323  0.36434
14.125  1.63363  0.41257  0.344265
14.125  1.66504  0.41486  0.251033
14.125  1.69646  0.444143  0.365933
14.125  1.72788  0.42576  0.423434
14.125  1.75929  0.258722  0.30037
14.125  1.79071  0.341282  0.346648
14.125  1.82212  0.343474  0.373991
14.125  1.85354  0.259425  0.291027
14.125  1.88496  1.39443  1.09447
14.125  1.91637  0.608166  0.584152
14.125  1.94779  0.177276  0.284704
14.125  1.9792  0.213978  0.277345
14.125  2.01062  0.424037  0.309684
14.125  2.04204  0.257055  0.291156
14.125  2.07345  0.205481  0.228117
14.125  2.10487  0.163667  0.233823
14.125  2.13628  0.193059  0.205192
14.125  2.1677  0.272701  0.323399
14.125  2.19911  0.150618  0.236004
14.125  2.23053  0.36568  0.18811
14.125  2.26195  0.149751  0.20327
14.125  2.29336  0.200408  0.185448
14.125  2.32478  0.25041  0.277478
14.125  2.35619  0.256591  0.284828
14.125  2.38761  0.283687  0.241221
14.125  2.41903  0.102428  0.166059
14.125  2.45044  0.25177  0.230376
14.125  2.48186  0.298774  0.288303
14.125  2.51327  0.218215  0.178209
14.125  2.54469  0.171476  0.181404
14.125  2.57611  0.127886  0.157226
14.125  2.60752  0.094701  0.090913
14.125  2.63894  0.188502  0.124772
14.125  2.67035  0.119598  0.0760801
14.125  2.70177  0.143816  0.0804943
14.125  2.73319  0.154233  0.138987
14.125  2.7646  0.187568  0.1619
14.125  2.79602  0.206017  0.115443
14.125  2.82743  0.258759  1.70226
14.125  2.85885  0  0
14.125  2.89027  0  0
14.125  2.92168  0  0
14.125  2.9531  0  0
14.125  2.98451  0  0
14.125  3.01593  0  0
14.125  3.04734  0  0
14.125  3.07876  0  0
14.125  3.11018  0  0
14.25  0  0  0
14.25  0.0314159  0  0
14.25  0.0628319  0  0
14.25  0.0942478  0  0
14.25  0.125664  0  0
14.25  0.15708  0  0
14.25  0.188496  0  0
14.25  0.219911  0  0
14.25  0.251327  0  0
14.25  0.282743  0.258759  1.70226
14.25  0.314159  0.149542  0.134595
14.25  0.345575  0.159752  0.156129
14.25  0.376991  0.156134  0.149274
14.25  0.408407  0.246946  0.237635
14.25  0.439823  0.0622664  0.0867062
14.25  0.471239  0.161605  0.145903
14.25  0.502655  0.203667  0.125204
14.25  0.534071  0.0996104  0.13958
14.25  0.565487  0.0948189  0.16133
14.25  0.596903  0.142152  0.12729
14.25  0.628319  0.257072  0.161859
14.25  0.659734  0.26736  0.136742
14.25  0.69115  0.10813  0.165768
14.25  0.722566  0.207989  0.211888
14.25  0.753982  0.290716  0.180031
14.25  0.785398  0.225299  0.193565
14.25  0.816814  0.170004  0.250557
14.25  0.84823  0.343568  0.191415
14.25  0.879646  0.142209  0.228209
14.25  0.911062  0.362239  0.183805
14.25  0.942478  0.281925  0.289967
14.25  0.973894  0.386408  0.317745
14.25  1.00531  0.446169  0.332051
14.25  1.03673  0.225768  0.182566
14.25  1.06814  0.359515  0.213246
14.25  1.09956  0.189333  0.25281
14.25  1.13097  0.38752  0.194043
14.25  1.16239  0.419534  0.252289
14.25  1.19381  0.35153  0.215103
14.25  1.22522  0.455709  0.404795
14.25  1.25664  0.387435  0.372399
14.25  1.28805  0.316854  0.297036
14.25  1.31947  0.338865  0.340333
14.25  1.35088  0.266731  0.289965
14.25  1.3823  2.74004  2.18028
14.25  1.41372  0.326158  0.382322
14.25  1.44513  0.248538  0.200054
14.25  1.47655  0.228274  0.289688
14.25  1.50796  0.426359  0.34566
14.25  1.53938  0.461559  0.39929
14.25  1.5708  1.03718  0.522127
14.25  1.60221  0.4129  0.411919
14.25  1.63363  0.573593  0.302249
14.25  1.66504  0.292091  0.29366
14.25  1.69646  0.405453  0.382673
14.25  1.72788  0.261403  0.283159
14.25  1.75929  0.459351  0.448405
14.25  1.79071  1.16564  0.81828
14.25  1.82212  0.40159  0.246615
14.25  1.85354  0.381687  0.225612
14.25  1.88496  0.394453  0.424768
14.25  1.91637  0.139179  0.249313
14.25  1.94779  0.259674  0.276005
14.25  1.9792  1.16634  1.11923
14.25  2.01062  0.336915  0.341945
14.25  2.04204  0.386903  0.265433
14.25  2.07345  0.153288  0.248428
14.25  2.10487  0.179082  0.182119
14.25  2.13628  0.156516  0.254287
14.25  2.1677  0.251178  0.203144
14.25  2.19911  0.246551  0.205465
14.25  2.23053  0.149919  0.212673
14.25  2.26195  0.121999  0.214431
14.25  2.29336  0.208794  0.253443
14.25  2.32478  0.303861  0.184841
14.25  2.35619  0.139651  0.19873
14.25  2.38761  0.185486  0.184734
14.25  2.41903  0.154686  0.215232
14.25  2.45044  0.192799  0.123248
14.25  2.48186  0.328422  0.164756
14.25  2.51327  0.0959371  0.127447
14.25  2.54469  0.100554  0.113906
14.25  2.57611  0.303454  0.267682
14.25  2.60752  0.220899  0.162673
14.25  2.63894  0.0912881  0.166134
14.25  2.67035  0.181247  0.155768
14.25  2.70177  0.185784  0.0931542
14.25  2.73319  0.103204  0.0583869
14.25  2.7646  0.116313  0.112465
14.25  2.79602  0.0802844  0.0782792
14.25  2.82743  0.258759  1.70226
14.25  2.85885  0  0
14.25  2.89027  0  0
14.25  2.92168  0  0
14.25  2.9531  0  0
14.25  2.98451  0  0
14.25  3.01593  0  0
14.25  3.04734  0  0
14.25  3.07876  0  0
14.25  3.11018  0  0
14.375  0  0  0
14.375  0.0314159  0  0
14.375  0.0628319  0  0
14.375  0.0942478  0  0
14.375  0.125664  0  0
14.375  0.15708  0  0
14.375  0.188496  0  0
14.375  0.219911  0  0
14.375  0.251327  0.255098  1.96439
14.375  0.282743  0  0
14.375  0.314159  0.324846  0.239636
14.375  0.345575  0.132815  0.0675153
14.375  0.376991  0.0433143  0.0501733
14.375  0.408407  0.214301  0.177062
14.375  0.439823  0.126765  0.07387
14.375  0.471239  0.0961492  0.136977
14.375  0.502655  0.205302  0.123888
14.375  0.534071  0.198504  0.172414
14.375  0.565487  0.20945  0.126751
14.375  0.596903  0.254555  0.212018
14.375  0.628319  0.191737  0.168673
14.375  0.659734  0.192786  0.170115
14.375  0.69115  0.273223  0.180066
14.375  0.722566  0.212505  0.224932
14.375  0.753982  0.203203  0.231405
14.375  0.785398  0.278017  0.28718
14.375  0.816814  0.222103  0.181892
14.375  0.84823  0.322243  0.17457
14.375  0.879646  0.175427  0.22288
14.375  0.911062  0.191373  0.220704
14.375  0.942478  0.23978  0.254657
14.375  0.973894  0.213179  0.20115
14.375  1.00531  1.93273  1.4606
14.375  1.03673  0.124285  0.213745
14.375  1.06814  0.275679  0.196009
14.375  1.09956  0.270533  0.229095
14.375  1.13097  0.315429  0.326435
14.375  1.16239  0.847453  0.744493
14.375  1.19381  0.38218  0.287039
14.375  1.22522  0.377783  0.233027
14.375  1.25664  0.355613  0.357553
14.375  1.28805  0.29399  0.350607
14.375  1.31947  1.3515  0.932907
14.375  1.35088  0.356628  0.435623
14.375  1.3823  0.240232  0.262615
14.375  1.41372  1.5478  1.05134
14.375  1.44513  0.39685  0.390657
14.375  1.47655  0.369613  0.365084
14.375  1.50796  0.462271  0.363472
14.375  1.53938  0.436452  0.370171
14.375  1.5708  0.254322  0.258562
14.375  1.60221  0.356086  0.34114
14.375  1.63363  0.445597  0.387871
14.375  1.66504  0.418418  0.37497
14.375  1.69646  0.58447  0.42118
14.375  1.72788  0.147223  0.279732
14.375  1.75929  1.9925  1.88891
14.375  1.79071  0.238449  0.220382
14.375  1.82212  0.390102  0.197154
14.375  1.85354  0.181753  0.236174
14.375  1.88496  0.224049  0.2169
14.375  1.91637  0.406151  0.22115
14.375  1.94779  0.46796  0.443465
14.375  1.9792  0.374649  0.340505
14.375  2.01062  0.365588  0.223165
14.375  2.04204  1.23497  0.767288
14.375  2.07345  0.323988  0.233644
14.375  2.10487  0.268631  0.323453
14.375  2.13628  0.233917  0.191351
14.375  2.1677  0.212051  0.188004
14.375  2.19911  0.22353  0.21271
14.375  2.23053  0.223672  0.197059
14.375  2.26195  0.246287  0.243961
14.375  2.29336  0.0995654  0.0998831
14.375  2.32478  0.20497  0.163963
14.375  2.35619  0.177968  0.192387
14.375  2.38761  0.163975  0.149522
14.375  2.41903  0.304645  0.154021
14.375  2.45044  0.100977  0.178121
14.375  2.48186  0.243977  0.222657
14.375  2.51327  0.167539  0.148988
14.375  2.54469  0.14818  0.133018
14.375  2.57611  0.0774684  0.0988624
14.375  2.60752  0.200296  0.102055
14.375  2.63894  0.190919  0.181227
14.375  2.67035  0.238198  0.153751
14.375  2.70177  0.220656  0.137894
14.375  2.73319  0.0499995  0.0771637
14.375  2.7646  0.163928  0.1051
14.375  2.79602  0.080291  0.041674
14.375  2.82743  0.201159  0.201262
14.375  2.85885  0  0
14.375  2.89027  0  0
14.375  2.92168  0  0
14.375  2.9531  0  0
14.375  2.98451  0  0
14.375  3.01593  0  0
14.375  3.04734  0  0
14.375  3.07876  0  0
14.375  3.11018  0  0
14.5  0  0  0
14.5  0.0314159  0  0
14.5  0.0628319  0  0
14.5  0.0942478  0  0
14.5  0.125664  0  0
14.5  0.15708  0  0
14.5  0.188496  0  0
14.5  0.219911  0  0
14.5  0.251327  0  0
14.5  0.282743  0.00645972  0.0474005
14.5  0.314159  0.148248  0.129403
14.5  0.345575  0.187761  0.183394
14.5  0.376991  0.0446542  0.0718875
14.5  0.408407  0.205312  0.140571
14.5  0.439823  0.212681  0.211877
14.5  0.471239  0.0974923  0.0887878
14.5  0.502655  0.281287  0.140652
14.5  0.534071  0.253701  0.216792
14.5  0.565487  0.16093  0.147042
14.5  0.596903  0.12174  0.140775
14.5  0.628319  0.253501  0.229959
14.5  0.659734  0.172938  0.147539
14.5  0.69115  0.312945  0.311325
14.5  0.722566  0.193966  0.200056
14.5  0.753982  0.176799  0.197013
14.5  0.785398  0.135901  0.213019
14.5  0.816814  0.330678  0.316777
14.5  0.84823  0.232068  0.189456
14.5  0.879646  0.153685  0.255244
14.5  0.911062  0.139757  0.243984
14.5  0.942478  0.210759  0.220341
14.5  0.973894  0.377817  0.20564
14.5  1.00531  0.388027  0.198706
14.5  1.03673  0.352121  0.349902
14.5  1.06814  1.50295  0.849054
14.5  1.09956  0.191911  0.270241
14.5  1.13097  0.426339  0.369278
14.5  1.16239  0.453739  0.290871
14.5  1.19381  0.2702  0.324788
14.5  1.22522  0.266386  0.241356
14.5  1.25664  1.93754  1.65952
14.5  1.28805  0.257936  1.10281
14.5  1.31947  1.59099  1.57911
14.5  1.35088  0.191768  0.225245
14.5  1.3823  2.44621  1.2901
14.5  1.41372  0.49199  0.463324
14.5  1.44513  0.289656  0.243473
14.5  1.47655  0.321187  0.302092
14.5  1.50796  0.390382  0.216555
14.5  1.53938  0.210701  0.236902
14.5  1.5708  0.342824  0.343952
14.5  1.60221  0.24383  0.250694
14.5  1.63363  0.305268  0.310861
14.5  1.66504  1.89679  1.18358
14.5  1.69646  1.87541  1.11359
14.5  1.72788  1.39409  1.38877
14.5  1.75929  0.236951  0.261581
14.5  1.79071  0.185169  0.2793
14.5  1.82212  0.414995  0.334345
14.5  1.85354  0.18138  0.253547
14.5  1.88496  0.380612  0.366942
14.5  1.91637  0.202128  0.673101
14.5  1.94779  0.269407  0.27406
14.5  1.9792  0.219742  0.247162
14.5  2.01062  0.446048  0.306987
14.5  2.04204  0.36373  0.357094
14.5  2.07345  0.386595  0.206425
14.5  2.10487  0.250063  0.220891
14.5  2.13628  0.146483  0.227871
14.5  2.1677  0.11822  0.232237
14.5  2.19911  0.255735  0.25388
14.5  2.23053  0.26135  0.304442
14.5  2.26195  0.157944  0.183605
14.5  2.29336  0.152093  0.238368
14.5  2.32478  0.14021  0.220628
14.5  2.35619  0.200949  0.190688
14.5  2.38761  0.324654  0.281414
14.5  2.41903  0.216307  0.210256
14.5  2.45044  0.232269  0.12607
14.5  2.48186  0.276563  0.138565
14.5  2.51327  0.216785  0.159243
14.5  2.54469  0.258271  0.202165
14.5  2.57611  0.217158  0.146888
14.5  2.60752  0.248372  0.24822
14.5  2.63894  0.24572  0.12621
14.5  2.67035  0.0980412  0.127561
14.5  2.70177  0.217911  0.217427
14.5  2.73319  0.225277  0.128276
14.5  2.7646  0.0451706  0.104033
14.5  2.79602  0.125043  0.0626169
14.5  2.82743  0  0
14.5  2.85885  0  0
14.5  2.89027  0  0
14.5  2.92168  0  0
14.5  2.9531  0  0
14.5  2.98451  0  0
14.5  3.01593  0  0
14.5  3.04734  0  0
14.5  3.07876  0  0
14.5  3.11018  0  0
14.625  0  0  0
14.625  0.0314159  0  0
14.625  0.0628319  0  0
14.625  0.0942478  0  0
14.625  0.125664  0  0
14.625  0.15708  0  0
14.625  0.188496  0  0
14.625  0.219911  0  0
14.625  0.251327  0  0
14.625  0.282743  0.0136178  0.0999254
14.625  0.314159  0.103589  0.0625053
14.625  0.345575  0.104442  0.0522221
14.625  0.376991  0.122648  0.168862
14.625  0.408407  0.132315  0.0844028
14.625  0.439823  0.116793  0.110516
14.625  0.471239  0.189003  0.100919
14.625  0.502655  0.160825  0.172865
14.625  0.534071  0.240833  0.142188
14.625  0.565487  0.143319  0.177812
14.625  0.596903  0.132136  0.154384
14.625  0.628319  0.223988  0.225746
14.625  0.659734  0.145417  0.229944
14.625  0.69115  0.186154  0.212521
14.625  0.722566  0.369702  0.356418
14.625  0.753982  0.502688  0.416418
14.625  0.785398  0.091664  0.173836
14.625  0.816814  0.336982  0.328153
14.625  0.84823  0.270407  0.140071
14.625  0.879646  0.180705  0.227053
14.625  0.911062  0.342638  0.174451
14.625  0.942478  0.163697  0.172078
14.625  0.973894  0.283113  0.245236
14.625  1.00531  0.368485  0.357271
14.625  1.03673  0.344806  0.22951
14.625  1.06814  0.264791  0.316556
14.625  1.09956  0.16698  0.26906
14.625  1.13097  0.269561  0.252784
14.625  1.16239  0.477757  0.247464
14.625  1.19381  1.78253  1.10738
14.625  1.22522  0.309826  0.190306
14.625  1.25664  0.405726  0.356929
14.625  1.28805  0.310457  0.280139
14.625  1.31947  0.170643  0.262152
14.625  1.35088  0.424131  0.410485
14.625  1.3823  0.346106  0.217651
14.625  1.41372  1.44408  1.37959
14.625  1.44513  0.772267  0.619208
14.625  1.47655  0.203936  0.222225
14.625  1.50796  0.285439  0.254801
14.625  1.53938  0.432069  0.251619
14.625  1.5708  0.219371  0.239884
14.625  1.60221  0.441767  0.428847
14.625  1.63363  0.510717  0.510177
14.625  1.66504  0.214751  0.221623
14.625  1.69646  0.21158  0.25507
14.625  1.72788  0.212902  0.211537
14.625  1.75929  0.453934  0.453851
14.625  1.79071  0.250905  0.221381
14.625  1.82212  1.4666  1.16909
14.625  1.85354  0.299395  0.357842
14.625  1.88496  0.269929  0.238937
14.625  1.91637  0.360797  0.240619
14.625  1.94779  0.392823  0.347675
14.625  1.9792  0.399639  0.3431
14.625  2.01062  0.43754  0.236092
14.625  2.04204  0.668367  0.76258
14.625  2.07345  0.277573  0.233493
14.625  2.10487  0.166031  0.265969
14.625  2.13628  0.205838  0.728072
14.625  2.1677  0.22777  0.193849
14.625  2.19911  0.328353  0.24546
14.625  2.23053  0.331676  0.183282
14.625  2.26195  0.202788  0.199463
14.625  2.29336  0.158094  0.230971
14.625  2.32478  0.120508  0.210474
14.625  2.35619  0.273944  0.191943
14.625  2.38761  0.352398  0.187749
14.625  2.41903  0.166825  0.182424
14.625  2.45044  0.213891  0.140924
14.625  2.48186  0.0683572  0.133776
14.625  2.51327  0.270122  0.252314
14.625  2.54469  0.0902583  0.126007
14.625  2.57611  0.244836  0.147469
14.625  2.60752  0.127828  0.195177
14.625  2.63894  0.222157  0.187921
14.625  2.67035  0.186319  0.0946842
14.625  2.70177  0.15071  0.0892148
14.625  2.73319  0.140239  0.0703915
14.625  2.7646  0.0232424  0.0353036
14.625  2.79602  0.107656  0.0779649
14.625  2.82743  0.131641  0.105707
14.625  2.85885  0.258759  1.70226
14.625  2.89027  0  0
14.625  2.92168  0  0
14.625  2.9531  0  0
14.625  2.98451  0  0
14.625  3.01593  0  0
14.625  3.04734  0  0
14.625  3.07876  0  0
14.625  3.11018  0  0
14.75  0  0  0
14.75  0.0314159  0  0
14.75  0.0628319  0  0
14.75  0.0942478  0  0
14.75  0.125664  0  0
14.75  0.15708  0  0
14.75  0.188496  0  0
14.75  0.219911  0  0
14.75  0.251327  0  0
14.75  0.282743  0.0731439  0.0676369
14.75  0.314159  0.134445  0.0682816
14.75  0.345575  0.196725  0.180845
14.75  0.376991  0.160877  0.124923
14.75  0.408407  0.119245  0.096836
14.75  0.439823  0.174796  0.155803
14.75  0.471239  0.246538  0.132144
14.75  0.502655  0.166962  0.10643
14.75  0.534071  0.128428  0.149124
14.75  0.565487  0.219077  0.192758
14.75  0.596903  0.172196  0.214409
14.75  0.628319  0.173717  0.190452
14.75  0.659734  0.127734  0.171079
14.75  0.69115  0.240724  0.163915
14.75  0.722566  0.215973  0.158505
14.75  0.753982  0.341412  0.208371
14.75  0.785398  0.168938  0.18445
14.75  0.816814  0.22522  0.23478
14.75  0.84823  0.141655  0.228545
14.75  0.879646  0.356697  0.231777
14.75  0.911062  0.198897  0.268523
14.75  0.942478  0.262568  0.246733
14.75  0.973894  0.305593  0.268896
14.75  1.00531  0.289914  0.262409
14.75  1.03673  0.274654  0.307629
14.75  1.06814  1.79086  1.78231
14.75  1.09956  0.384777  0.239096
14.75  1.13097  0.818681  0.540711
14.75  1.16239  0.420819  0.21307
14.75  1.19381  1.26116  0.962116
14.75  1.22522  0.268591  0.222354
14.75  1.25664  0.196467  0.229011
14.75  1.28805  0.249511  0.196772
14.75  1.31947  0.513184  0.267651
14.75  1.35088  0.253337  0.277637
14.75  1.3823  0.348716  0.275921
14.75  1.41372  0.437072  0.384112
14.75  1.44513  0.454681  0.441774
14.75  1.47655  0.201348  0.304753
14.75  1.50796  0.257252  0.280577
14.75  1.53938  0.426951  0.426273
14.75  1.5708  0.414093  0.279293
14.75  1.60221  0.998512  0.70961
14.75  1.63363  0.216039  0.256952
14.75  1.66504  1.35727  0.678794
14.75  1.69646  0.188933  0.290758
14.75  1.72788  1.82872  1.25479
14.75  1.75929  0.248918  0.287244
14.75  1.79071  0.358549  0.221232
14.75  1.82212  0.245287  0.230651
14.75  1.85354  1.73012  0.981103
14.75  1.88496  0.268498  0.292006
14.75  1.91637  0.19559  0.290944
14.75  1.94779  0.160394  0.278904
14.75  1.9792  0.337218  0.375384
14.75  2.01062  0.224892  0.260109
14.75  2.04204  0.309012  0.221904
14.75  2.07345  0.373908  0.233845
14.75  2.10487  0.831974  0.873636
14.75  2.13628  0.29038  0.287839
14.75  2.1677  0.289251  0.178601
14.75  2.19911  0.320263  0.212129
14.75  2.23053  0.168027  0.397789
14.75  2.26195  0.308104  0.188015
14.75  2.29336  0.170612  0.201669
14.75  2.32478  0.116178  0.19337
14.75  2.35619  0.195823  0.186252
14.75  2.38761  0.116142  0.134354
14.75  2.41903  0.138237  0.149869
14.75  2.45044  0.199171  0.170327
14.75  2.48186  0.139917  0.164718
14.75  2.51327  0.274154  0.141089
14.75  2.54469  0.0807255  0.0926747
14.75  2.57611  0.110736  0.1061
14.75  2.60752  0.17382  0.121581
14.75  2.63894  0.069819  0.101555
14.75  2.67035  0.0517196  0.0782347
14.75  2.70177  0.0606921  0.0860474
14.75  2.73319  0.123288  0.0630783
14.75  2.7646  0.173848  0.117176
14.75  2.79602  0.145278  0.127762
14.75  2.82743  0.195116  0.0995764
14.75  2.85885  0  0
14.75  2.89027  0  0
14.75  2.92168  0  0
14.75  2.9531  0  0
14.75  2.98451  0  0
14.75  3.01593  0  0
14.75  3.04734  0  0
14.75  3.07876  0  0
14.75  3.11018  0  0
14.875  0  0  0
14.875  0.0314159  0  0
14.875  0.0628319  0  0
14.875  0.0942478  0  0
14.875  0.125664  0  0
14.875  0.15708  0  0
14.875  0.188496  0  0
14.875  0.219911  0  0
14.875  0.251327  0.0141416  0.103769
14.875  0.282743  0.0446778  0.0341935
14.875  0.314159  0.0231893  0.0422191
14.875  0.345575  0.113277  0.0776504
14.875  0.376991  0.0945489  0.144832
14.875  0.408407  0.0831495  0.143386
14.875  0.439823  0.0345913  0.0770228
14.875  0.471239  0.184531  0.176555
14.875  0.502655  0.127531  0.109716
14.875  0.534071  0.236904  0.205365
14.875  0.565487  0.136106  0.197272
14.875  0.596903  0.243196  0.166448
14.875  0.628319  0.121873  0.176238
14.875  0.659734  0.131253  0.162899
14.875  0.69115  0.269686  0.1656
14.875  0.722566  0.29559  0.179959
14.875  0.753982  0.167164  0.163958
14.875  0.785398  0.253914  0.18739
14.875  0.816814  0.128499  0.215932
14.875  0.84823  0.257016  0.231691
14.875  0.879646  0.175949  0.208887
14.875  0.911062  0.309161  0.265115
14.875  0.942478  0.227485  0.229136
14.875  0.973894  0.139522  0.251936
14.875  1.00531  0.37317  0.19071
14.875  1.03673  0.204957  0.207067
14.875  1.06814  0.186405  0.208608
14.875  1.09956  0.139872  0.234518
14.875  1.13097  0.29758  0.345516
14.875  1.16239  0.199485  0.21798
14.875  1.19381  1.18561  1.00322
14.875  1.22522  0.311848  0.215273
14.875  1.25664  0.293234  0.322874
14.875  1.28805  0.707279  0.682111
14.875  1.31947  1.05539  0.795259
14.875  1.35088  0.463751  0.351504
14.875  1.3823  0.392869  0.344004
14.875  1.41372  0.416568  0.307118
14.875  1.44513  0.182455  0.300708
14.875  1.47655  0.194127  0.325826
14.875  1.50796  0.445962  0.311957
14.875  1.53938  0.36917  0.31273
14.875  1.5708  1.26454  1.10267
14.875  1.60221  1.6718  1.52702
14.875  1.63363  0.319637  0.246605
14.875  1.66504  0.29942  0.312267
14.875  1.69646  0.406999  0.376001
14.875  1.72788  0.262467  0.303394
14.875  1.75929  0.212998  0.229917
14.875  1.79071  0.266366  0.23979
14.875  1.82212  0.510968  0.344382
14.875  1.85354  0.254657  0.266326
14.875  1.88496  0.243358  0.25274
14.875  1.91637  0.219294  0.223899
14.875  1.94779  0.250728  0.27408
14.875  1.9792  0.4137  0.359191
14.875  2.01062  0.586602  0.776886
14.875  2.04204  0.191126  0.21939
14.875  2.07345  1.2501  1.23084
14.875  2.10487  0.237159  0.250173
14.875  2.13628  0.394026  0.197035
14.875  2.1677  0.319353  0.307147
14.875  2.19911  0.224913  0.250503
14.875  2.23053  0.181669  0.249989
14.875  2.26195  0.323946  0.317713
14.875  2.29336  0.150813  0.236584
14.875  2.32478  0.159974  0.143504
14.875  2.35619  0.271141  0.215805
14.875  2.38761  0.267197  0.259823
14.875  2.41903  0.172754  0.183053
14.875  2.45044  0.153365  0.156175
14.875  2.48186  0.301229  0.261204
14.875  2.51327  0.245987  0.23665
14.875  2.54469  0.0841716  0.119321
14.875  2.57611  0.257387  0.153335
14.875  2.60752  0.195714  0.181197
14.875  2.63894  0.232791  0.152809
14.875  2.67035  0.208418  0.192832
14.875  2.70177  0.175561  0.0997851
14.875  2.73319  0.134752  0.117914
14.875  2.7646  0.143221  0.141639
14.875  2.79602  0.0907999  0.0659211
14.875  2.82743  0.141737  0.102891
14.875  2.85885  0.258759  1.70226
14.875  2.89027  0  0
14.875  2.92168  0  0
14.875  2.9531  0  0
14.875  2.98451  0  0
14.875  3.01593  0  0
14.875  3.04734  0  0
14.875  3.07876  0  0
14.875  3.11018  0  0
15  0  0  0
15  0.0314159  0  0
15  0.0628319  0  0
15  0.0942478  0  0
15  0.125664  0  0
15  0.15708  0  0
15  0.188496  0  0
15  0.219911  0  0
15  0.251327  0.231938  2.08942
15  0.282743  0.125369  0.0837763
15  0.314159  0.112416  0.0562875
15  0.345575  0.173265  0.0909969
15  0.376991  0.0602599  0.0946908
15  0.408407  0.148685  0.14835
15  0.439823  0.14219  0.0913181
15  0.471239  0.229596  0.114825
15  0.502655  0.222254  0.191045
15  0.534071  0.11828  0.123632
15  0.565487  0.305573  0.239917
15  0.596903  0.159434  0.180713
15  0.628319  0.133984  0.223235
15  0.659734  0.0890263  0.162924
15  0.69115  0.33196  0.316482
15  0.722566  0.299762  0.299759
15  0.753982  0.326724  0.267242
15  0.785398  0.310864  0.309521
15  0.816814  0.102388  0.192605
15  0.84823  0.317017  0.186993
15  0.879646  0.305539  0.275738
15  0.911062  0.360761  0.243226
15  0.942478  1.29011  1.66415
15  0.973894  0.133466  0.212036
15  1.00531  0.341659  0.33854
15  1.03673  0.324916  0.184034
15  1.06814  1.9266  1.285
15  1.09956  0.190174  0.971645
15  1.13097  0.235873  0.957325
15  1.16239  0.457296  0.37354
15  1.19381  0.368344  0.230493
15  1.22522  0.652198  0.350845
15  1.25664  0.451874  0.451603
15  1.28805  0.245596  0.219574
15  1.31947  0.180117  0.220553
15  1.35088  0.354806  0.314692
15  1.3823  0.344591  0.258633
15  1.41372  0.242437  0.21623
15  1.44513  0.292188  0.23495
15  1.47655  0.341513  0.282835
15  1.50796  1.10879  0.739626
15  1.53938  1.73354  1.09292
15  1.5708  0.601238  0.599572
15  1.60221  0.396333  0.39582
15  1.63363  0.40724  0.34169
15  1.66504  0.242908  0.284403
15  1.69646  0.555697  0.28185
15  1.72788  0.32606  0.238957
15  1.75929  0.373831  0.260082
15  1.79071  0.197947  0.290805
15  1.82212  0.330792  0.262308
15  1.85354  0.367362  0.366427
15  1.88496  0.263219  0.30496
15  1.91637  2.25424  2.25412
15  1.94779  0.23354  0.227566
15  1.9792  0.256304  0.220401
15  2.01062  0.377636  0.240839
15  2.04204  0.970004  0.595286
15  2.07345  0.217508  0.211948
15  2.10487  0.406408  0.346404
15  2.13628  0.384056  0.335329
15  2.1677  0.361991  0.183533
15  2.19911  0.264361  0.203989
15  2.23053  0.33953  0.317863
15  2.26195  0.141964  0.230596
15  2.29336  0.314977  0.157492
15  2.32478  0.205479  0.21438
15  2.35619  0.2904  0.178928
15  2.38761  0.118995  0.170568
15  2.41903  0.150217  0.190095
15  2.45044  0.193379  0.138312
15  2.48186  0.288385  0.290006
15  2.51327  0.207051  0.150067
15  2.54469  0.0929962  0.151557
15  2.57611  0.16145  0.157341
15  2.60752  0.176677  0.0925546
15  2.63894  0.253466  0.130044
15  2.67035  0.0897182  0.144569
15  2.70177  0.141796  0.0885783
15  2.73319  0.180358  0.142735
15  2.7646  0.0818517  0.0757378
15  2.79602  0.120889  0.076272
15  2.82743  0.0106498  0.0781468
15  2.85885  0  0
15  2.89027  0  0
15  2.92168  0  0
15  2.9531  0  0
15  2.98451  0  0
15  3.01593  0  0
15  3.04734  0  0
15  3.07876  0  0
15  3.11018  0  0
15.125  0  0  0
15.125  0.0314159  0  0
15.125  0.0628319  0  0
15.125  0.0942478  0  0
15.125  0.125664  0  0
15.125  0.15708  0  0
15.125  0.188496  0  0
15.125  0.219911  0  0
15.125  0.251327  0  0
15.125  0.282743  0.143355  0.0772903
15.125  0.314159  0.0595792  0.0300131
15.125  0.345575  0.0616937  0.0514208
15.125  0.376991  0.160093  0.13971
15.125  0.408407  0.237685  0.119891
15.125  0.439823  0.15603  0.078213
15.125  0.471239  0.240032  0.218225
15.125  0.502655  0.190868  0.189768
15.125  0.534071  0.0785168  0.124
15.125  0.565487  0.214134  0.156823
15.125  0.596903  0.167209  0.179454
15.125  0.628319  0.26068  0.153477
15.125  0.659734  0.260348  0.25038
15.125  0.69115  0.311228  0.266863
15.125  0.722566  0.185381  0.208861
15.125  0.753982  0.293378  0.323514
15.125  0.785398  0.231975  0.19301
15.125  0.816814  0.23553  0.199606
15.125  0.84823  0.207759  0.226903
15.125  0.879646  0.18291  0.184565
15.125  0.911062  0.326718  0.331852
15.125  0.942478  1.91945  1.45284
15.125  0.973894  0.17932  0.243068
15.125  1.00531  0.509505  0.307996
15.125  1.03673  0.367983  0.321258
15.125  1.06814  0.497003  0.452755
15.125  1.09956  0.201337  0.23557
15.125  1.13097  0.331898  0.262731
15.125  1.16239  1.52188  1.35776
15.125  1.19381  0.433372  0.43338
15.125  1.22522  0.413204  0.222196
15.125  1.25664  0.17814  0.331718
15.125  1.28805  0.459353  0.366947
15.125  1.31947  0.439341  0.224979
15.125  1.35088  0.977325  0.819933
15.125  1.3823  0.236265  0.274602
15.125  1.41372  1.4858  1.25811
15.125  1.44513  0.192313  0.776315
15.125  1.47655  1.27512  1.22926
15.125  1.50796  0.328976  0.222528
15.125  1.53938  0.411342  0.272782
15.125  1.5708  1.24671  0.845067
15.125  1.60221  1.5037  1.04791
15.125  1.63363  0.451702  0.451243
15.125  1.66504  0.461238  0.448364
15.125  1.69646  0.399495  0.251503
15.125  1.72788  0.458814  0.311763
15.125  1.75929  1.38342  1.38341
15.125  1.79071  2.49433  2.49415
15.125  1.82212  0.888207  0.878343
15.125  1.85354  2.79341  2.57531
15.125  1.88496  1.77457  1.22909
15.125  1.91637  0.196432  0.20372
15.125  1.94779  0.417304  0.416139
15.125  1.9792  1.93016  1.92617
15.125  2.01062  0.306873  1.07737
15.125  2.04204  0.852962  0.738491
15.125  2.07345  0.216182  0.229796
15.125  2.10487  0.327952  0.188035
15.125  2.13628  0.25064  0.292345
15.125  2.1677  0.221718  0.255452
15.125  2.19911  0.255466  0.160196
15.125  2.23053  0.124604  0.215401
15.125  2.26195  0.260077  0.295736
15.125  2.29336  0.216272  0.230891
15.125  2.32478  0.327211  0.189215
15.125  2.35619  0.110625  0.205568
15.125  2.38761  0.724028  0.723638
15.125  2.41903  0.248836  0.215993
15.125  2.45044  0.160277  0.156517
15.125  2.48186  0.245526  0.235323
15.125  2.51327  0.164328  0.197096
15.125  2.54469  0.108969  0.172761
15.125  2.57611  0.273013  0.164892
15.125  2.60752  0.120042  0.10403
15.125  2.63894  0.203092  0.183254
15.125  2.67035  0.184208  0.108225
15.125  2.70177  0.0659001  0.109443
15.125  2.73319  0.141415  0.133967
15.125  2.7646  0.180114  0.175367
15.125  2.79602  0.184127  0.138301
15.125  2.82743  0.055393  0.0358529
15.125  2.85885  0  0
15.125  2.89027  0  0
15.125  2.92168  0  0
15.125  2.9531  0  0
15.125  2.98451  0  0
15.125  3.01593  0  0
15.125  3.04734  0  0
15.125  3.07876  0  0
15.125  3.11018  0  0
15.25  0  0  0
15.25  0.0314159  0  0
15.25  0.0628319  0  0
15.25  0.0942478  0  0
15.25  0.125664  0  0
15.25  0.15708  0  0
15.25  0.188496  0  0
15.25  0.219911  0  0
15.25  0.251327  0.147457  1.30844
15.25  0.282743  0.0935155  0.0792474
15.25  0.314159  0.0768817  0.0406371
15.25  0.345575  0.160619  0.159296
15.25  0.376991  0.171387  0.0891404
15.25  0.408407  0.186292  0.186056
15.25  0.439823  0.191108  0.10424
15.25  0.471239  0.176994  0.102206
15.25  0.502655  0.0841198  0.142869
15.25  0.534071  0.283676  0.170862
15.25  0.565487  0.100577  0.146826
15.25  0.596903  0.105427  0.147279
15.25  0.628319  0.139181  0.15172
15.25  0.659734  0.219862  0.172017
15.25  0.69115  0.0781067  0.14731
15.25  0.722566  0.30614  0.305813
15.25  0.753982  0.189697  0.203394
15.25  0.785398  0.307911  0.29907
15.25  0.816814  0.351926  0.268116
15.25  0.84823  0.811198  0.682865
15.25  0.879646  0.278345  1.39017
15.25  0.911062  0.229637  0.201038
15.25  0.942478  2.13292  1.27452
15.25  0.973894  0.251002  0.189999
15.25  1.00531  0.176119  0.231729
15.25  1.03673  0.208778  0.218542
15.25  1.06814  0.270221  0.338861
15.25  1.09956  0.530616  0.330448
15.25  1.13097  0.259854  0.268654
15.25  1.16239  0.364437  0.284415
15.25  1.19381  0.800206  0.419052
15.25  1.22522  0.246245  0.282397
15.25  1.25664  0.322577  0.303431
15.25  1.28805  1.53836  1.47328
15.25  1.31947  0.463769  0.459884
15.25  1.35088  0.47454  0.277381
15.25  1.3823  0.391608  0.388862
15.25  1.41372  0.725734  0.717934
15.25  1.44513  0.41339  0.409917
15.25  1.47655  0.938677  1.00732
15.25  1.50796  0.436168  0.436009
15.25  1.53938  0.388162  0.393045
15.25  1.5708  0.370634  0.367084
15.25  1.60221  1.31121  1.3019
15.25  1.63363  0.251981  0.300453
15.25  1.66504  0.447641  0.439077
15.25  1.69646  0.577447  0.306037
15.25  1.72788  0.342203  0.301437
15.25  1.75929  0.426884  0.220203
15.25  1.79071  1.04514  0.978065
15.25  1.82212  0.354415  0.210995
15.25  1.85354  0.157518  0.270471
15.25  1.88496  0.399369  0.230405
15.25  1.91637  0.409635  0.367926
15.25  1.94779  0.233121  0.257835
15.25  1.9792  0.386383  0.249431
15.25  2.01062  0.362682  0.197317
15.25  2.04204  0.290641  0.208566
15.25  2.07345  0.262287  0.284521
15.25  2.10487  0.227939  0.234054
15.25  2.13628  0.367951  0.22787
15.25  2.1677  0.382143  0.286141
15.25  2.19911  0.384978  0.382192
15.25  2.23053  0.193549  0.316413
15.25  2.26195  0.226822  0.246585
15.25  2.29336  0.217006  0.227629
15.25  2.32478  0.262343  0.137707
15.25  2.35619  0.315272  0.306499
15.25  2.38761  0.15415  0.192207
15.25  2.41903  0.272457  0.219161
15.25  2.45044  0.268315  0.262631
15.25  2.48186  0.214354  0.255072
15.25  2.51327  0.181713  0.205254
15.25  2.54469  0.230442  0.206592
15.25  2.57611  0.204896  0.204167
15.25  2.60752  0.178185  0.115769
15.25  2.63894  0.185622  0.107032
15.25  2.67035  0.164885  0.164772
15.25  2.70177  0.130533  0.0730708
15.25  2.73319  0.0103804  0.0167056
15.25  2.7646  0.0263529  0.0447516
15.25  2.79602  0.111803  0.0923495
15.25  2.82743  0.139356  0.0864698
15.25  2.85885  0  0
15.25  2.89027  0  0
15.25  2.92168  0  0
15.25  2.9531  0  0
15.25  2.98451  0  0
15.25  3.01593  0  0
15.25  3.04734  0  0
15.25  3.07876  0  0
15.25  3.11018  0  0
15.375  0  0  0
15.375  0.0314159  0  0
15.375  0.0628319  0  0
15.375  0.0942478  0  0
15.375  0.125664  0  0
15.375  0.15708  0  0
15.375  0.188496  0  0
15.375  0.219911  0  0
15.375  0.251327  0  0
15.375  0.282743  0.104984  0.0602978
15.375  0.314159  0.198572  0.139774
15.375  0.345575  0.117496  0.140267
15.375  0.376991  0.16494  0.0825781
15.375  0.408407  0.189924  0.184822
15.375  0.439823  0.185711  0.106249
15.375  0.471239  0.167425  0.1422
15.375  0.502655  0.0965471  0.126609
15.375  0.534071  0.170906  0.0938047
15.375  0.565487  0.237797  0.202065
15.375  0.596903  0.242173  0.219592
15.375  0.628319  0.23016  0.148949
15.375  0.659734  0.276481  0.342818
15.375  0.69115  0.140192  0.169333
15.375  0.722566  0.281418  0.169519
15.375  0.753982  0.29196  0.257718
15.375  0.785398  0.275205  0.154536
15.375  0.816814  0.175362  0.422368
15.375  0.84823  0.309002  0.273237
15.375  0.879646  0.578012  0.577019
15.375  0.911062  0.686684  0.385502
15.375  0.942478  0.391232  0.290633
15.375  0.973894  0.33586  0.195263
15.375  1.00531  0.343818  0.29678
15.375  1.03673  0.261793  0.268558
15.375  1.06814  0.807669  0.800249
15.375  1.09956  1.11065  0.579645
15.375  1.13097  0.241795  0.2325
15.375  1.16239  0.309549  0.307529
15.375  1.19381  0.427643  0.337273
15.375  1.22522  1.70659  0.890806
15.375  1.25664  1.08804  1.03704
15.375  1.28805  0.460946  0.46303
15.375  1.31947  0.245173  0.27843
15.375  1.35088  2.22583  2.03844
15.375  1.3823  0.93106  0.701678
15.375  1.41372  0.158362  0.266336
15.375  1.44513  0.249516  0.295864
15.375  1.47655  0.351352  0.353826
15.375  1.50796  1.45354  1.41811
15.375  1.53938  0.394233  0.392292
15.375  1.5708  0.272469  1.13089
15.375  1.60221  1.94492  1.89948
15.375  1.63363  0.484593  0.24983
15.375  1.66504  0.265895  0.250443
15.375  1.69646  0.654531  0.578283
15.375  1.72788  0.284988  0.284344
15.375  1.75929  0.360877  0.233461
15.375  1.79071  1.70337  1.16738
15.375  1.82212  1.73791  1.35376
15.375  1.85354  0.737593  0.874338
15.375  1.88496  0.438937  0.290694
15.375  1.91637  0.3196  0.373205
15.375  1.94779  0.389255  0.408861
15.375  1.9792  0.280915  0.285397
15.375  2.01062  0.333929  0.238462
15.375  2.04204  0.374051  0.354048
15.375  2.07345  0.207905  0.209488
15.375  2.10487  0.290389  0.287532
15.375  2.13628  0.340159  0.17064
15.375  2.1677  0.317677  0.315434
15.375  2.19911  0.315881  0.202155
15.375  2.23053  0.22595  0.23072
15.375  2.26195  0.340037  0.22673
15.375  2.29336  0.291335  0.277374
15.375  2.32478  0.200797  0.185794
15.375  2.35619  0.32982  0.206399
15.375  2.38761  0.166404  0.163795
15.375  2.41903  0.240267  0.2374
15.375  2.45044  0.260814  0.158005
15.375  2.48186  0.150589  0.172906
15.375  2.51327  0.113074  0.173953
15.375  2.54469  0.11418  0.129156
15.375  2.57611  0.221211  0.220224
15.375  2.60752  0.0936324  0.14676
15.375  2.63894  0.189865  0.0963047
15.375  2.67035  0.112908  0.0611896
15.375  2.70177  0.167074  0.165214
15.375  2.73319  0.193037  0.123163
15.375  2.7646  0.167236  0.0854248
15.375  2.79602  0.0825703  0.0432594
15.375  2.82743  0.175254  0.169949
15.375  2.85885  0.258759  1.70226
15.375  2.89027  0  0
15.375  2.92168  0  0
15.375  2.9531  0  0
15.375  2.98451  0  0
15.375  3.01593  0  0
15.375  3.04734  0  0
15.375  3.07876  0  0
15.375  3.11018  0  0
15.5  0  0  0
15.5  0.0314159  0  0
15.5  0.0628319  0  0
15.5  0.0942478  0  0
15.5  0.125664  0  0
15.5  0.15708  0  0
15.5  0.188496  0  0
15.5  0.219911  0  0
15.5  0.251327  0.00471385  0.0345896
15.5  0.282743  0.0974677  0.0953942
15.5  0.314159  0.148347  0.148423
15.5  0.345575  0.0462732  0.102558
15.5  0.376991  0.184431  0.147439
15.5  0.408407  0.0587892  0.0876992
15.5  0.439823  0.157052  0.156503
15.5  0.471239  0.0691695  0.104963
15.5  0.502655  0.146836  0.19469
15.5  0.534071  0.205087  0.102677
15.5  0.565487  0.231259  0.138883
15.5  0.596903  0.102847  0.175906
15.5  0.628319  0.292739  0.1732
15.5  0.659734  0.098873  0.166014
15.5  0.69115  0.291294  0.151307
15.5  0.722566  0.117453  0.191378
15.5  0.753982  0.156573  0.169084
15.5  0.785398  0.221822  0.229162
15.5  0.816814  0.123826  0.187391
15.5  0.84823  0.364155  0.361333
15.5  0.879646  0.23677  0.156752
15.5  0.911062  0.374066  0.354313
15.5  0.942478  0.205177  0.890465
15.5  0.973894  0.212619  0.185091
15.5  1.00531  0.231216  0.251287
15.5  1.03673  0.388166  0.35687
15.5  1.06814  0.261439  0.207996
15.5  1.09956  0.462958  0.42944
15.5  1.13097  0.356826  0.235742
15.5  1.16239  0.49614  0.388982
15.5  1.19381  0.205956  0.210248
15.5  1.22522  0.262611  0.298621
15.5  1.25664  0.409258  0.299283
15.5  1.28805  0.418294  0.322466
15.5  1.31947  0.334392  0.317734
15.5  1.35088  0.878178  0.733926
15.5  1.3823  0.331292  0.224335
15.5  1.41372  0.428057  0.397517
15.5  1.44513  0.243639  0.259193
15.5  1.47655  0.223982  0.344417
15.5  1.50796  1.42089  1.3327
15.5  1.53938  1.65037  0.961475
15.5  1.5708  0.697025  0.52852
15.5  1.60221  0.248779  0.299334
15.5  1.63363  0.663384  0.605121
15.5  1.66504  1.82125  1.34727
15.5  1.69646  1.64905  1.21526
15.5  1.72788  0.321986  0.383161
15.5  1.75929  0.18585  0.230747
15.5  1.79071  0.376566  0.295002
15.5  1.82212  0.943625  1.05589
15.5  1.85354  0.887235  0.911151
15.5  1.88496  2.02123  1.05478
15.5  1.91637  0.193178  0.180859
15.5  1.94779  1.10016  0.74942
15.5  1.9792  0.223649  0.186466
15.5  2.01062  0.420081  0.418931
15.5  2.04204  0.355319  0.281919
15.5  2.07345  0.33491  0.353288
15.5  2.10487  0.185979  0.172092
15.5  2.13628  0.326628  1.64646
15.5  2.1677  0.210531  0.202113
15.5  2.19911  0.321809  0.16208
15.5  2.23053  0.239424  0.263459
15.5  2.26195  0.255475  0.294737
15.5  2.29336  0.342529  0.25473
15.5  2.32478  0.853462  0.561377
15.5  2.35619  0.178402  0.175042
15.5  2.38761  0.162791  0.194948
15.5  2.41903  0.117684  0.1468
15.5  2.45044  0.321688  0.293941
15.5  2.48186  0.283202  0.156824
15.5  2.51327  0.302074  0.252291
15.5  2.54469  0.261942  0.243814
15.5  2.57611  0.220149  0.21171
15.5  2.60752  0.209167  0.186907
15.5  2.63894  0.099748  0.1825
15.5  2.67035  0.101626  0.0974511
15.5  2.70177  0.121535  0.106561
15.5  2.73319  0.165971  0.132593
15.5  2.7646  0.0572837  0.0863041
15.5  2.79602  0.132056  0.1187
15.5  2.82743  0.0854132  0.0652242
15.5  2.85885  0.258759  1.70226
15.5  2.89027  0  0
15.5  2.92168  0  0
15.5  2.9531  0  0
15.5  2.98451  0  0
15.5  3.01593  0  0
15.5  3.04734  0  0
15.5  3.07876  0  0
15.5  3.11018  0  0
15.625  0  0  0
15.625  0.0314159  0  0
15.625  0.0628319  0  0
15.625  0.0942478  0  0
15.625  0.125664  0  0
15.625  0.15708  0  0
15.625  0.188496  0  0
15.625  0.219911  0  0
15.625  0.251327  0.147457  1.30844
15.625  0.282743  0.109106  0.0591121
15.625  0.314159  0.095924  0.0757779
15.625  0.345575  0.121844  0.121828
15.625  0.376991  0.191978  0.128655
15.625  0.408407  0.0715296  0.101053
15.625  0.439823  0.063448  0.122088
15.625  0.471239  0.0953484  0.102823
15.625  0.502655  0.0918411  0.129734
15.625  0.534071  0.22038  0.141999
15.625  0.565487  0.259375  0.210958
15.625  0.596903  0.151663  0.178748
15.625  0.628319  0.0846645  0.137515
15.625  0.659734  0.284786  0.166156
15.625  0.69115  0.31821  0.315201
15.625  0.722566  0.33651  0.331835
15.625  0.753982  0.189719  0.211007
15.625  0.785398  0.308323  0.171365
15.625  0.816814  0.119344  0.208356
15.625  0.84823  0.208859  0.211031
15.625  0.879646  0.198849  0.2045
15.625  0.911062  0.136189  0.16513
15.625  0.942478  0.367765  0.367766
15.625  0.973894  0.392728  0.380302
15.625  1.00531  0.28209  0.27397
15.625  1.03673  0.35227  0.268654
15.625  1.06814  0.424246  0.412954
15.625  1.09956  2.39787  1.70079
15.625  1.13097  0.137205  0.241872
15.625  1.16239  0.365475  0.356863
15.625  1.19381  0.200897  0.24763
15.625  1.22522  1.55901  0.814969
15.625  1.25664  1.30325  1.20522
15.625  1.28805  0.297437  0.325961
15.625  1.31947  0.20303  0.926313
15.625  1.35088  1.8637  1.33549
15.625  1.3823  0.372483  0.234599
15.625  1.41372  1.85731  1.13777
15.625  1.44513  1.80208  1.26028
15.625  1.47655  0.307996  0.360335
15.625  1.50796  1.54768  1.02712
15.625  1.53938  1.86488  1.14921
15.625  1.5708  0.225405  0.251461
15.625  1.60221  0.600468  0.573345
15.625  1.63363  1.17919  0.941446
15.625  1.66504  0.466763  0.465116
15.625  1.69646  0.898712  0.663593
15.625  1.72788  0.257587  0.200873
15.625  1.75929  0.304315  0.335466
15.625  1.79071  1.05477  0.949237
15.625  1.82212  1.61886  1.14714
15.625  1.85354  2.43978  2.33013
15.625  1.88496  1.4291  0.734627
15.625  1.91637  0.255127  0.224003
15.625  1.94779  0.41368  0.405925
15.625  1.9792  0.211057  0.24119
15.625  2.01062  0.258966  0.256736
15.625  2.04204  0.381429  0.38431
15.625  2.07345  0.345373  0.208994
15.625  2.10487  0.211692  0.204378
15.625  2.13628  0.227103  0.240873
15.625  2.1677  0.223267  0.243301
15.625  2.19911  0.196888  0.23771
15.625  2.23053  0.214599  0.419712
15.625  2.26195  0.167404  0.194175
15.625  2.29336  0.305521  0.273353
15.625  2.32478  0.215601  0.244415
15.625  2.35619  0.0959676  0.156583
15.625  2.38761  0.110083  0.136307
15.625  2.41903  0.154605  0.174817
15.625  2.45044  0.188123  0.15266
15.625  2.48186  0.247402  0.201678
15.625  2.51327  0.157622  0.180928
15.625  2.54469  0.255856  0.242416
15.625  2.57611  0.0814496  0.117346
15.625  2.60752  0.153023  0.10451
15.625  2.63894  0.115277  0.105634
15.625  2.67035  0.144151  0.123866
15.625  2.70177  0.17848  0.137284
15.625  2.73319  0.05151  0.110735
15.625  2.7646  0.110886  0.0863651
15.625  2.79602  0.153537  0.0918461
15.625  2.82743  0.0054122  0.039714
15.625  2.85885  0.258759  1.70226
15.625  2.89027  0  0
15.625  2.92168  0  0
15.625  2.9531  0  0
15.625  2.98451  0  0
15.625  3.01593  0  0
15.625  3.04734  0  0
15.625  3.07876  0  0
15.625  3.11018  0  0
15.75  0  0  0
15.75  0.0314159  0  0
15.75  0.0628319  0  0
15.75  0.0942478  0  0
15.75  0.125664  0  0
15.75  0.15708  0  0
15.75  0.188496  0  0
15.75  0.219911  0  0
15.75  0.251327  0.250796  2.12815
15.75  0.282743  0.08233  0.0753046
15.75  0.314159  0.112243  0.110366
15.75  0.345575  0.0298764  0.0423314
15.75  0.376991  0.204374  0.115972
15.75  0.408407  0.135731  0.129952
15.75  0.439823  0.166526  0.0919257
15.75  0.471239  0.0856445  0.127583
15.75  0.502655  0.218983  0.16678
15.75  0.534071  0.240061  0.120491
15.75  0.565487  0.251725  0.225958
15.75  0.596903  0.175985  0.152534
15.75  0.628319  0.131378  0.154095
15.75  0.659734  0.257945  0.237879
15.75  0.69115  0.545512  0.494155
15.75  0.722566  0.135543  0.201667
15.75  0.753982  0.197123  0.175337
15.75  0.785398  0.115722  0.200406
15.75  0.816814  0.305197  0.28733
15.75  0.84823  0.254274  0.213139
15.75  0.879646  0.357796  0.234335
15.75  0.911062  1.25527  1.57232
15.75  0.942478  0.224821  0.231707
15.75  0.973894  0.226558  0.231877
15.75  1.00531  0.79821  0.739991
15.75  1.03673  0.174707  0.241678
15.75  1.06814  0.404972  0.211102
15.75  1.09956  0.20922  0.250152
15.75  1.13097  0.289028  0.265867
15.75  1.16239  1.68654  0.977853
15.75  1.19381  0.238911  0.189035
15.75  1.22522  0.414378  0.38891
15.75  1.25664  0.181804  0.308304
15.75  1.28805  0.181738  0.379479
15.75  1.31947  0.300051  0.352655
15.75  1.35088  0.183055  0.254038
15.75  1.3823  0.450961  0.436882
15.75  1.41372  0.439695  0.382968
15.75  1.44513  0.960488  0.667344
15.75  1.47655  0.232556  0.22639
15.75  1.50796  1.45307  1.04952
15.75  1.53938  1.0877  1.21391
15.75  1.5708  0.296657  0.331175
15.75  1.60221  0.265115  1.09889
15.75  1.63363  0.422557  0.354499
15.75  1.66504  1.41774  0.741995
15.75  1.69646  0.416291  0.249703
15.75  1.72788  0.394341  0.294843
15.75  1.75929  1.29565  0.782771
15.75  1.79071  0.818931  0.420075
15.75  1.82212  0.841137  0.812466
15.75  1.85354  0.496311  0.425762
15.75  1.88496  0.727953  0.657327
15.75  1.91637  0.456258  0.424312
15.75  1.94779  0.760258  0.727404
15.75  1.9792  0.324489  0.339737
15.75  2.01062  0.243528  0.246702
15.75  2.04204  0.280422  0.309326
15.75  2.07345  0.158868  0.203008
15.75  2.10487  0.358801  0.307618
15.75  2.13628  0.476461  0.474264
15.75  2.1677  0.174021  0.236834
15.75  2.19911  0.399406  0.279706
15.75  2.23053  0.706593  0.596407
15.75  2.26195  0.317187  0.216474
15.75  2.29336  0.298532  0.16216
15.75  2.32478  0.200948  0.166262
15.75  2.35619  0.247844  0.280868
15.75  2.38761  0.161941  0.155349
15.75  2.41903  0.268592  0.134457
15.75  2.45044  0.256678  0.158106
15.75  2.48186  0.260596  0.258178
15.75  2.51327  0.212167  0.140499
15.75  2.54469  0.265525  0.235005
15.75  2.57611  0.0939559  0.104383
15.75  2.60752  0.127382  0.0961433
15.75  2.63894  0.0540485  0.0695356
15.75  2.67035  0.216993  0.126305
15.75  2.70177  0.10204  0.0588429
15.75  2.73319  0.208502  0.106173
15.75  2.7646  0.122773  0.117027
15.75  2.79602  1.24232  1.14382
15.75  2.82743  0.11793  0.0641221
15.75  2.85885  0.0054122  0.039714
15.75  2.89027  0  0
15.75  2.92168  0  0
15.75  2.9531  0  0
15.75  2.98451  0  0
15.75  3.01593  0  0
15.75  3.04734  0  0
15.75  3.07876  0  0
15.75  3.11018  0  0
15.875  0  0  0
15.875  0.0314159  0  0
15.875  0.0628319  0  0
15.875  0.0942478  0  0
15.875  0.125664  0  0
15.875  0.15708  0  0
15.875  0.188496  0  0
15.875  0.219911  0  0
15.875  0.251327  0.000349174  0.00256219
15.875  0.282743  0.0108244  0.0794279
15.875  0.314159  0.0846834  0.074098
15.875  0.345575  0.202211  0.171377
15.875  0.376991  0.178317  0.137439
15.875  0.408407  0.0301656  0.0734077
15.875  0.439823  0.0397815  0.065778
15.875  0.471239  0.278568  0.269415
15.875  0.502655  0.188043  0.153757
15.875  0.534071  0.126544  0.160869
15.875  0.565487  0.223404  0.2177
15.875  0.596903  0.168559  0.11624
15.875  0.628319  0.282702  0.216816
15.875  0.659734  0.210282  0.232733
15.875  0.69115  0.218667  0.146718
15.875  0.722566  0.313131  0.276093
15.875  0.753982  0.30724  0.167419
15.875  0.785398  0.353296  0.283355
15.875  0.816814  0.349293  0.231109
15.875  0.84823  1.83031  1.34601
15.875  0.879646  0.215311  0.1884
15.875  0.911062  0.190447  0.298163
15.875  0.942478  0.517985  0.395277
15.875  0.973894  0.252762  0.198315
15.875  1.00531  0.259363  0.306494
15.875  1.03673  0.193817  0.187447
15.875  1.06814  0.902595  0.887143
15.875  1.09956  0.292023  0.327652
15.875  1.13097  2.37818  2.10838
15.875  1.16239  0.199887  0.230212
15.875  1.19381  0.557488  0.527682
15.875  1.22522  1.06281  0.543758
15.875  1.25664  0.457157  0.250622
15.875  1.28805  1.16788  1.19631
15.875  1.31947  0.409178  0.213804
15.875  1.35088  0.372702  0.369706
15.875  1.3823  1.15814  0.780321
15.875  1.41372  0.261316  0.200913
15.875  1.44513  0.616793  0.427777
15.875  1.47655  0.449507  0.431226
15.875  1.50796  0.320797  0.261483
15.875  1.53938  0.372157  0.218323
15.875  1.5708  1.92008  1.89702
15.875  1.60221  1.12038  0.914247
15.875  1.63363  0.85024  0.842227
15.875  1.66504  2.09142  1.046
15.875  1.69646  0.928507  0.532845
15.875  1.72788  0.232599  0.251122
15.875  1.75929  0.28422  0.292152
15.875  1.79071  0.259027  0.320885
15.875  1.82212  0.498152  0.457182
15.875  1.85354  0.311716  0.321615
15.875  1.88496  0.185422  0.242521
15.875  1.91637  1.06541  0.737119
15.875  1.94779  0.448936  0.390152
15.875  1.9792  0.377668  0.377309
15.875  2.01062  1.91742  1.20337
15.875  2.04204  0.34074  0.172123
15.875  2.07345  0.191285  0.186063
15.875  2.10487  0.406851  0.396432
15.875  2.13628  0.273726  0.202813
15.875  2.1677  0.156986  0.259558
15.875  2.19911  0.665131  0.337942
15.875  2.23053  0.304549  0.27928
15.875  2.26195  0.240706  0.175903
15.875  2.29336  0.256349  0.231461
15.875  2.32478  0.264609  0.274294
15.875  2.35619  0.327814  0.239701
15.875  2.38761  0.181691  0.166286
15.875  2.41903  0.0937579  0.121212
15.875  2.45044  0.118484  0.143302
15.875  2.48186  0.251313  0.224781
15.875  2.51327  0.250748  0.248955
15.875  2.54469  0.296354  0.295148
15.875  2.57611  0.209799  0.14691
15.875  2.60752  0.111545  0.163598
15.875  2.63894  0.172194  0.1337
15.875  2.67035  0.173139  0.099946
15.875  2.70177  0.153993  0.0955687
15.875  2.73319  0.143158  0.12678
15.875  2.7646  0.0328974  0.0509385
15.875  2.79602  0.13743  0.125877
15.875  2.82743  0.00663431  0.0486816
15.875  2.85885  0.00593596  0.0435572
15.875  2.89027  0  0
15.875  2.92168  0  0
15.875  2.9531  0  0
15.875  2.98451  0  0
15.875  3.01593  0  0
15.875  3.04734  0  0
15.875  3.07876  0  0
15.875  3.11018  0  0
16  0  0  0
16  0.0314159  0  0
16  0.0628319  0  0
16  0.0942478  0  0
16  0.125664  0  0
16  0.15708  0  0
16  0.188496  0  0
16  0.219911  0  0
16  0.251327  0.0158874  0.11658
16  0.282743  0.0213293  0.0168795
16  0.314159  0.130354  0.128077
16  0.345575  0.102462  0.095883
16  0.376991  0.159926  0.15966
16  0.408407  0.151293  0.0798734
16  0.439823  0.0734937  0.114544
16  0.471239  0.0998009  0.142347
16  0.502655  0.165576  0.14874
16  0.534071  0.277907  0.13898
16  0.565487  0.123392  0.15032
16  0.596903  0.253693  0.25328
16  0.628319  0.167583  0.184568
16  0.659734  0.166384  0.196052
16  0.69115  0.162296  0.206414
16  0.722566  0.255264  0.138004
16  0.753982  0.160945  0.194784
16  0.785398  0.267592  0.266863
16  0.816814  0.173293  0.196182
16  0.84823  0.160197  0.234607
16  0.879646  0.221442  0.238769
16  0.911062  0.160946  0.223479
16  0.942478  0.391548  0.384458
16  0.973894  0.188637  0.205526
16  1.00531  0.393974  0.385931
16  1.03673  1.01453  0.769795
16  1.06814  0.356462  0.195817
16  1.09956  0.322457  0.300582
16  1.13097  0.238535  0.224232
16  1.16239  0.371119  0.191014
16  1.19381  0.314367  1.9421
16  1.22522  1.89056  1.03051
16  1.25664  0.365295  0.199811
16  1.28805  0.289757  0.201532
16  1.31947  0.418017  0.43689
16  1.35088  1.36637  0.714966
16  1.3823  0.840289  0.78972
16  1.41372  1.24526  1.19436
16  1.44513  0.273388  0.235358
16  1.47655  0.410474  0.21943
16  1.50796  0.549812  0.54765
16  1.53938  0.217821  0.200368
16  1.5708  0.415519  0.398204
16  1.60221  0.343928  0.267469
16  1.63363  0.326091  0.258963
16  1.66504  0.27287  0.322682
16  1.69646  2.39597  1.85385
16  1.72788  0.256162  0.289563
16  1.75929  1.12831  0.820851
16  1.79071  0.386103  0.260369
16  1.82212  1.16892  0.964153
16  1.85354  0.399281  0.284829
16  1.88496  0.411255  0.27992
16  1.91637  0.401088  0.238113
16  1.94779  0.28744  0.282329
16  1.9792  0.474267  0.349539
16  2.01062  0.406542  0.406235
16  2.04204  0.91451  0.586506
16  2.07345  0.611874  0.558245
16  2.10487  0.427501  0.346362
16  2.13628  0.37921  0.189611
16  2.1677  0.200454  0.303996
16  2.19911  0.35658  0.181595
16  2.23053  0.146596  0.22701
16  2.26195  0.18983  0.215467
16  2.29336  0.182569  0.174785
16  2.32478  0.232864  0.237551
16  2.35619  0.332583  0.322339
16  2.38761  0.237592  0.231424
16  2.41903  0.12941  0.130174
16  2.45044  0.124553  0.157101
16  2.48186  0.180583  0.155819
16  2.51327  0.203747  0.171038
16  2.54469  0.20667  0.130843
16  2.57611  0.269148  0.177937
16  2.60752  0.181666  0.104711
16  2.63894  0.166046  0.109462
16  2.67035  0.0753906  0.115193
16  2.70177  0.17126  0.142875
16  2.73319  0.0554078  0.102518
16  2.7646  0.0354232  0.0730426
16  2.79602  0.159284  0.0951581
16  2.82743  0.123616  0.0665721
16  2.85885  0  0
16  2.89027  0  0
16  2.92168  0  0
16  2.9531  0  0
16  2.98451  0  0
16  3.01593  0  0
16  3.04734  0  0
16  3.07876  0  0
16  3.11018  0  0
16.125  0  0  0
16.125  0.0314159  0  0
16.125  0.0628319  0  0
16.125  0.0942478  0  0
16.125  0.125664  0  0
16.125  0.15708  0  0
16.125  0.188496  0  0
16.125  0.219911  0  0
16.125  0.251327  0.0914832  0.0695299
16.125  0.282743  0.0603353  0.0388746
16.125  0.314159  0.261642  0.183564
16.125  0.345575  0.0281501  0.0652695
16.125  0.376991  0.179287  0.160404
16.125  0.408407  0.127271  0.15269
16.125  0.439823  0.241533  0.2391
16.125  0.471239  0.06648  0.100009
16.125  0.502655  0.0596278  0.117537
16.125  0.534071  0.186629  0.0960546
16.125  0.565487  0.0974018  0.0991457
16.125  0.596903  0.159964  0.18971
16.125  0.628319  0.258502  0.23119
16.125  0.659734  0.136929  0.147362
16.125  0.69115  0.259383  0.239772
16.125  0.722566  0.260313  0.240059
16.125  0.753982  0.246544  0.19982
16.125  0.785398  0.354735  0.190282
16.125  0.816814  0.222241  0.172261
16.125  0.84823  0.221995  0.236957
16.125  0.879646  0.35195  0.30314
16.125  0.911062  0.21882  0.250821
16.125  0.942478  0.367531  0.204679
16.125  0.973894  0.201533  0.228171
16.125  1.00531  0.498047  0.385897
16.125  1.03673  0.145412  0.257511
16.125  1.06814  0.367988  0.321229
16.125  1.09956  0.806733  0.829323
16.125  1.13097  0.916621  0.458673
16.125  1.16239  0.225958  0.248845
16.125  1.19381  1.17377  0.832863
16.125  1.22522  0.385074  0.280132
16.125  1.25664  1.34867  1.33137
16.125  1.28805  0.350043  0.361655
16.125  1.31947  1.26191  1.1718
16.125  1.35088  2.35954  1.63482
16.125  1.3823  0.527582  0.517961
16.125  1.41372  0.886448  0.450732
16.125  1.44513  0.70281  0.656552
16.125  1.47655  0.454541  0.229206
16.125  1.50796  0.329442  0.270202
16.125  1.53938  0.305604  0.263188
16.125  1.5708  1.05568  1.043
16.125  1.60221  1.73642  1.17033
16.125  1.63363  0.951659  1.37737
16.125  1.66504  1.40411  1.17904
16.125  1.69646  0.426794  0.250492
16.125  1.72788  0.34828  0.373294
16.125  1.75929  0.432529  0.429514
16.125  1.79071  1.40062  1.37325
16.125  1.82212  0.156797  0.245673
16.125  1.85354  1.54647  1.54526
16.125  1.88496  0.312703  0.347991
16.125  1.91637  1.6145  1.12896
16.125  1.94779  0.461209  0.273656
16.125  1.9792  0.298817  0.338548
16.125  2.01062  0.242034  0.269358
16.125  2.04204  0.396816  0.417644
16.125  2.07345  1.51903  0.852739
16.125  2.10487  0.392728  0.312194
16.125  2.13628  0.24453  0.279747
16.125  2.1677  1.84887  1.32766
16.125  2.19911  0.245596  0.203832
16.125  2.23053  0.230519  0.181431
16.125  2.26195  0.133576  0.224291
16.125  2.29336  0.189241  0.26701
16.125  2.32478  0.265004  0.305163
16.125  2.35619  0.148213  0.163283
16.125  2.38761  0.868723  1.46617
16.125  2.41903  0.182897  0.207386
16.125  2.45044  0.166906  0.169299
16.125  2.48186  0.184282  0.138635
16.125  2.51327  0.165084  0.0826228
16.125  2.54469  0.17313  0.228526
16.125  2.57611  0.227676  0.209447
16.125  2.60752  0.223978  0.125329
16.125  2.63894  0.179929  0.17973
16.125  2.67035  0.128616  0.0691597
16.125  2.70177  0.0616053  0.108859
16.125  2.73319  0.11281  0.0951249
16.125  2.7646  0.149241  0.124063
16.125  2.79602  0.142335  0.135396
16.125  2.82743  0.140688  0.0799753
16.125  2.85885  0.00750725  0.0550871
16.125  2.89027  0  0
16.125  2.92168  0  0
16.125  2.9531  0  0
16.125  2.98451  0  0
16.125  3.01593  0  0
16.125  3.04734  0  0
16.125  3.07876  0  0
16.125  3.11018  0  0
16.25  0  0  0
16.25  0.0314159  0  0
16.25  0.0628319  0  0
16.25  0.0942478  0  0
16.25  0.125664  0  0
16.25  0.15708  0  0
16.25  0.188496  0  0
16.25  0.219911  0  0
16.25  0.251327  0.174547  0.153947
16.25  0.282743  0.0158045  0.0335061
16.25  0.314159  0.169444  0.112891
16.25  0.345575  0.000872936  0.00640548
16.25  0.376991  0.0403607  0.0775474
16.25  0.408407  0.213742  0.15151
16.25  0.439823  0.110269  0.0875232
16.25  0.471239  0.13312  0.184414
16.25  0.502655  0.121345  0.102063
16.25  0.534071  0.184443  0.0927578
16.25  0.565487  0.137492  0.117458
16.25  0.596903  0.321332  0.196719
16.25  0.628319  0.165248  0.22934
16.25  0.659734  0.125209  0.202358
16.25  0.69115  0.135348  0.16282
16.25  0.722566  0.216701  0.127055
16.25  0.753982  0.164967  0.187873
16.25  0.785398  0.32225  0.188119
16.25  0.816814  0.245568  0.249864
16.25  0.84823  0.175658  0.188478
16.25  0.879646  0.19078  0.237048
16.25  0.911062  0.122666  0.124964
16.25  0.942478  2.23885  1.81069
16.25  0.973894  0.851135  0.427603
16.25  1.00531  1.37152  1.06703
16.25  1.03673  0.173425  0.296682
16.25  1.06814  0.347845  0.212923
16.25  1.09956  1.21607  0.771816
16.25  1.13097  0.993682  0.541467
16.25  1.16239  0.441394  0.42185
16.25  1.19381  2.13687  1.31986
16.25  1.22522  2.28913  2.01944
16.25  1.25664  0.420138  0.310409
16.25  1.28805  2.24625  1.58285
16.25  1.31947  0.19813  0.251711
16.25  1.35088  0.389496  0.386729
16.25  1.3823  0.511935  0.487111
16.25  1.41372  0.424151  0.412334
16.25  1.44513  0.431594  0.22282
16.25  1.47655  1.9426  1.74539
16.25  1.50796  0.246911  0.2715
16.25  1.53938  0.258915  0.905835
16.25  1.5708  0.422039  0.321548
16.25  1.60221  0.468712  0.24167
16.25  1.63363  0.421963  0.382
16.25  1.66504  1.48084  0.938536
16.25  1.69646  0.243804  0.371955
16.25  1.72788  0.643957  0.375127
16.25  1.75929  0.452115  0.436642
16.25  1.79071  0.329544  0.191138
16.25  1.82212  0.247598  0.270353
16.25  1.85354  0.245468  0.267242
16.25  1.88496  1.08966  0.632098
16.25  1.91637  2.22035  1.62239
16.25  1.94779  1.23644  1.12812
16.25  1.9792  0.821655  0.620784
16.25  2.01062  0.217636  0.209956
16.25  2.04204  0.353368  0.2889
16.25  2.07345  0.41382  0.207566
16.25  2.10487  0.20512  0.199828
16.25  2.13628  0.324624  0.202489
16.25  2.1677  0.188673  0.186401
16.25  2.19911  0.359758  0.2163
16.25  2.23053  0.235625  1.32271
16.25  2.26195  0.149462  0.207938
16.25  2.29336  0.322836  0.166144
16.25  2.32478  0.342852  0.191139
16.25  2.35619  0.205983  0.227374
16.25  2.38761  0.188515  0.222598
16.25  2.41903  0.320851  0.287784
16.25  2.45044  0.21224  0.225989
16.25  2.48186  0.301365  0.215461
16.25  2.51327  0.213478  0.211714
16.25  2.54469  0.197463  0.100079
16.25  2.57611  0.23608  0.235161
16.25  2.60752  0.203862  0.149896
16.25  2.63894  0.0702765  0.104601
16.25  2.67035  0.04626  0.0689379
16.25  2.70177  0.18812  0.157054
16.25  2.73319  0.0423974  0.0787715
16.25  2.7646  0.133743  0.0867417
16.25  2.79602  0.262729  0.190774
16.25  2.82743  0.109447  0.081783
16.25  2.85885  0.16399  0.0922514
16.25  2.89027  0  0
16.25  2.92168  0  0
16.25  2.9531  0  0
16.25  2.98451  0  0
16.25  3.01593  0  0
16.25  3.04734  0  0
16.25  3.07876  0  0
16.25  3.11018  0  0
16.375  0  0  0
16.375  0.0314159  0  0
16.375  0.0628319  0  0
16.375  0.0942478  0  0
16.375  0.125664  0  0
16.375  0.15708  0  0
16.375  0.188496  0  0
16.375  0.219911  0  0
16.375  0.251327  0.214898  0.216603
16.375  0.282743  0.105954  0.0924721
16.375  0.314159  0.113641  0.0603207
16.375  0.345575  0.163697  0.130187
16.375  0.376991  0.0587077  0.0768651
16.375  0.408407  0.141004  0.137065
16.375  0.439823  0.232367  0.156718
16.375  0.471239  0.180152  0.138899
16.375  0.502655  0.262562  0.262492
16.375  0.534071  0.214859  0.244362
16.375  0.565487  0.142797  0.13943
16.375  0.596903  0.249318  0.222563
16.375  0.628319  0.161509  0.188146
16.375  0.659734  0.164838  0.146802
16.375  0.69115  0.350171  0.220833
16.375  0.722566  0.241026  0.191795
16.375  0.753982  0.176554  0.1701
16.375  0.785398  0.160832  0.194396
16.375  0.816814  0.21896  0.230733
16.375  0.84823  0.204952  0.2005
16.375  0.879646  0.595681  0.333059
16.375  0.911062  0.268066  0.199802
16.375  0.942478  0.371346  0.215878
16.375  0.973894  0.310051  0.289059
16.375  1.00531  0.217102  0.245624
16.375  1.03673  0.240401  0.261195
16.375  1.06814  0.201442  0.253826
16.375  1.09956  0.236009  0.274853
16.375  1.13097  0.253215  0.255193
16.375  1.16239  0.37827  0.254987
16.375  1.19381  0.437547  0.289239
16.375  1.22522  0.257598  0.311603
16.375  1.25664  0.340479  0.372991
16.375  1.28805  1.39404  0.960763
16.375  1.31947  0.421543  0.421177
16.375  1.35088  0.253743  0.244736
16.375  1.3823  1.06486  1.06277
16.375  1.41372  0.367015  0.429405
16.375  1.44513  0.420724  0.217066
16.375  1.47655  0.309571  0.368143
16.375  1.50796  1.84653  1.27565
16.375  1.53938  1.65981  0.832722
16.375  1.5708  0.182541  0.286042
16.375  1.60221  0.191404  0.22874
16.375  1.63363  0.446888  0.426744
16.375  1.66504  0.226956  0.930704
16.375  1.69646  0.423398  0.409717
16.375  1.72788  0.492485  0.299803
16.375  1.75929  0.734359  0.682836
16.375  1.79071  0.234026  0.252245
16.375  1.82212  0.334544  0.239712
16.375  1.85354  0.22142  1.12281
16.375  1.88496  0.307893  0.353502
16.375  1.91637  0.854558  0.582045
16.375  1.94779  0.306316  0.170199
16.375  1.9792  0.285374  0.31992
16.375  2.01062  0.235684  0.240724
16.375  2.04204  0.288722  0.322396
16.375  2.07345  0.406666  0.203342
16.375  2.10487  0.211772  0.197351
16.375  2.13628  0.355293  0.206711
16.375  2.1677  0.66233  0.62497
16.375  2.19911  0.204992  0.201862
16.375  2.23053  0.205374  0.22079
16.375  2.26195  0.391681  0.409722
16.375  2.29336  0.167645  0.689346
16.375  2.32478  0.238882  0.167783
16.375  2.35619  0.278339  0.219337
16.375  2.38761  0.155227  0.622126
16.375  2.41903  0.314073  0.221622
16.375  2.45044  0.151366  0.177731
16.375  2.48186  0.215617  0.114789
16.375  2.51327  0.204705  0.115019
16.375  2.54469  0.288961  0.147937
16.375  2.57611  1.38514  0.735072
16.375  2.60752  0.210121  0.105102
16.375  2.63894  0.17666  0.0896438
16.375  2.67035  0.0734172  0.0990443
16.375  2.70177  0.187649  0.10107
16.375  2.73319  0.122829  0.0638575
16.375  2.7646  0.0649124  0.0626893
16.375  2.79602  0.00569786  0.00501375
16.375  2.82743  0.16046  0.122701
16.375  2.85885  0.0684902  0.0581557
16.375  2.89027  0  0
16.375  2.92168  0  0
16.375  2.9531  0  0
16.375  2.98451  0  0
16.375  3.01593  0  0
16.375  3.04734  0  0
16.375  3.07876  0  0
16.375  3.11018  0  0
16.5  0  0  0
16.5  0.0314159  0  0
16.5  0.0628319  0  0
16.5  0.0942478  0  0
16.5  0.125664  0  0
16.5  0.15708  0  0
16.5  0.188496  0  0
16.5  0.219911  0  0
16.5  0.251327  0.00261881  0.0192164
16.5  0.282743  0.16318  0.0846489
16.5  0.314159  0.0359453  0.072205
16.5  0.345575  0.0688354  0.150973
16.5  0.376991  0.196338  0.179681
16.5  0.408407  0.139751  0.0702296
16.5  0.439823  0.153948  0.122833
16.5  0.471239  0.0545353  0.113836
16.5  0.502655  0.134957  0.070478
16.5  0.534071  0.0504539  0.0583387
16.5  0.565487  0.268166  0.135119
16.5  0.596903  0.253018  0.131269
16.5  0.628319  0.315474  0.315007
16.5  0.659734  0.126588  0.149941
16.5  0.69115  0.198825  0.173529
16.5  0.722566  0.204118  0.185451
16.5  0.753982  0.116102  0.198421
16.5  0.785398  0.125052  0.215557
16.5  0.816814  0.114722  0.192598
16.5  0.84823  0.178302  0.249796
16.5  0.879646  2.3191  2.22712
16.5  0.911062  0.243882  0.287475
16.5  0.942478  0.221331  0.227625
16.5  0.973894  0.40672  0.205378
16.5  1.00531  0.256845  0.215692
16.5  1.03673  0.847048  0.452766
16.5  1.06814  0.303778  0.284077
16.5  1.09956  0.487953  0.31077
16.5  1.13097  0.283358  0.271781
16.5  1.16239  0.41517  0.231918
16.5  1.19381  0.309371  0.198535
16.5  1.22522  0.275865  0.263798
16.5  1.25664  0.499466  0.288615
16.5  1.28805  0.732688  0.699874
16.5  1.31947  0.289101  0.280738
16.5  1.35088  0.393635  0.34425
16.5  1.3823  0.698177  0.556468
16.5  1.41372  0.31722  0.210504
16.5  1.44513  1.46339  0.88634
16.5  1.47655  0.888455  0.866928
16.5  1.50796  0.302624  1.64502
16.5  1.53938  0.285524  0.310484
16.5  1.5708  0.416615  0.208375
16.5  1.60221  1.53789  1.24073
16.5  1.63363  1.9491  1.03329
16.5  1.66504  0.329703  0.291613
16.5  1.69646  0.351367  0.319382
16.5  1.72788  0.192292  0.342062
16.5  1.75929  0.467376  0.397474
16.5  1.79071  0.364422  0.216999
16.5  1.82212  0.298491  0.334401
16.5  1.85354  2.18743  1.77668
16.5  1.88496  0.194002  0.297673
16.5  1.91637  1.40036  0.937787
16.5  1.94779  0.919782  0.831976
16.5  1.9792  0.740951  0.418216
16.5  2.01062  0.436962  0.328947
16.5  2.04204  0.149223  0.254637
16.5  2.07345  0.485158  0.415597
16.5  2.10487  0.364819  0.363607
16.5  2.13628  0.33996  0.24268
16.5  2.1677  0.360467  0.180268
16.5  2.19911  0.174873  0.242144
16.5  2.23053  0.188094  0.179382
16.5  2.26195  0.168895  0.146745
16.5  2.29336  0.198518  0.238949
16.5  2.32478  0.362283  0.362208
16.5  2.35619  0.225459  0.204999
16.5  2.38761  0.262199  0.157303
16.5  2.41903  0.25212  0.197281
16.5  2.45044  0.259775  0.169618
16.5  2.48186  0.239661  0.175189
16.5  2.51327  0.229044  0.122907
16.5  2.54469  0.267226  0.182633
16.5  2.57611  0.113724  0.122698
16.5  2.60752  0.18557  0.169538
16.5  2.63894  0.155133  0.0820426
16.5  2.67035  0.163908  0.14516
16.5  2.70177  0.0709257  0.136
16.5  2.73319  0.0406333  0.0903211
16.5  2.7646  0.169018  0.13935
16.5  2.79602  0.135407  0.0833169
16.5  2.82743  0.0864054  0.065728
16.5  2.85885  0.0566528  0.0380517
16.5  2.89027  0  0
16.5  2.92168  0  0
16.5  2.9531  0  0
16.5  2.98451  0  0
16.5  3.01593  0  0
16.5  3.04734  0  0
16.5  3.07876  0  0
16.5  3.11018  0  0
16.625  0  0  0
16.625  0.0314159  0  0
16.625  0.0628319  0  0
16.625  0.0942478  0  0
16.625  0.125664  0  0
16.625  0.15708  0  0
16.625  0.188496  0  0
16.625  0.219911  0  0
16.625  0.251327  0.0508298  0.030983
16.625  0.282743  0.115605  0.115358
16.625  0.314159  0.204193  0.102533
16.625  0.345575  0.115238  0.0782727
16.625  0.376991  0.140449  0.0830981
16.625  0.408407  0.0787686  0.128946
16.625  0.439823  0.0889161  0.125812
16.625  0.471239  0.0727891  0.138151
16.625  0.502655  0.258617  0.257963
16.625  0.534071  0.228573  0.181784
16.625  0.565487  0.221352  0.12771
16.625  0.596903  0.24856  0.151136
16.625  0.628319  0.250329  0.175481
16.625  0.659734  0.266929  0.133556
16.625  0.69115  0.149963  0.162793
16.625  0.722566  0.269113  0.141065
16.625  0.753982  0.243149  0.160395
16.625  0.785398  0.318794  0.161774
16.625  0.816814  0.231481  0.193666
16.625  0.84823  0.258342  0.197262
16.625  0.879646  0.20879  0.243185
16.625  0.911062  0.189711  0.244179
16.625  0.942478  0.41513  0.279164
16.625  0.973894  0.181059  0.170698
16.625  1.00531  0.129336  0.221702
16.625  1.03673  0.423028  0.336137
16.625  1.06814  0.419424  0.309587
16.625  1.09956  0.413164  0.457405
16.625  1.13097  0.377118  0.252667
16.625  1.16239  0.703957  0.353099
16.625  1.19381  0.567609  0.284859
16.625  1.22522  0.952232  0.477182
16.625  1.25664  0.438092  0.226108
16.625  1.28805  0.297801  1.12445
16.625  1.31947  0.441317  0.436357
16.625  1.35088  2.19035  1.85482
16.625  1.3823  0.493021  0.460042
16.625  1.41372  0.8498  0.536279
16.625  1.44513  1.48271  0.890373
16.625  1.47655  0.370592  0.329417
16.625  1.50796  0.233693  0.283174
16.625  1.53938  0.470519  0.329885
16.625  1.5708  1.1592  0.665831
16.625  1.60221  0.2228  0.198225
16.625  1.63363  1.82547  1.73632
16.625  1.66504  1.45848  1.43341
16.625  1.69646  1.11604  1.09658
16.625  1.72788  0.737782  0.404543
16.625  1.75929  2.71893  1.36103
16.625  1.79071  0.300917  0.28868
16.625  1.82212  0.495509  0.405838
16.625  1.85354  1.7046  1.61908
16.625  1.88496  0.329926  0.368446
16.625  1.91637  0.362425  0.297125
16.625  1.94779  0.233867  0.271457
16.625  1.9792  0.447185  0.224655
16.625  2.01062  0.296574  0.190396
16.625  2.04204  0.383312  0.364828
16.625  2.07345  0.366577  0.366259
16.625  2.10487  0.354728  0.335313
16.625  2.13628  0.219395  0.246891
16.625  2.1677  0.278984  0.32973
16.625  2.19911  0.702611  0.55515
16.625  2.23053  0.217335  0.209611
16.625  2.26195  0.289563  0.277563
16.625  2.29336  0.207058  0.183194
16.625  2.32478  1.85524  1.354
16.625  2.35619  0.140743  0.210462
16.625  2.38761  0.0950328  0.0982695
16.625  2.41903  0.227559  0.171555
16.625  2.45044  0.303881  0.224263
16.625  2.48186  0.270917  0.190467
16.625  2.51327  0.214436  0.188539
16.625  2.54469  0.270545  0.181323
16.625  2.57611  0.215741  0.136145
16.625  2.60752  0.0649905  0.0856197
16.625  2.63894  0.151829  0.135387
16.625  2.67035  0.199307  0.101443
16.625  2.70177  0.210516  0.193739
16.625  2.73319  0.156709  0.0823567
16.625  2.7646  0.136189  0.115597
16.625  2.79602  0.108733  0.106424
16.625  2.82743  0.24381  0.151996
16.625  2.85885  0.0249746  0.0220714
16.625  2.89027  0  0
16.625  2.92168  0  0
16.625  2.9531  0  0
16.625  2.98451  0  0
16.625  3.01593  0  0
16.625  3.04734  0  0
16.625  3.07876  0  0
16.625  3.11018  0  0
16.75  0  0  0
16.75  0.0314159  0  0
16.75  0.0628319  0  0
16.75  0.0942478  0  0
16.75  0.125664  0  0
16.75  0.15708  0  0
16.75  0.188496  0  0
16.75  0.219911  0  0
16.75  0.251327  0.101516  0.0948728
16.75  0.282743  0.118858  0.102918
16.75  0.314159  0.109926  0.105736
16.75  0.345575  0.149338  0.077087
16.75  0.376991  0.146022  0.125696
16.75  0.408407  0.119781  0.117041
16.75  0.439823  0.143993  0.126097
16.75  0.471239  0.203925  0.138321
16.75  0.502655  0.0864011  0.117035
16.75  0.534071  0.11905  0.150633
16.75  0.565487  0.193074  0.242172
16.75  0.596903  0.15372  0.18531
16.75  0.628319  0.267348  0.149911
16.75  0.659734  0.287082  0.229271
16.75  0.69115  0.154452  0.192371
16.75  0.722566  0.121227  0.218701
16.75  0.753982  0.140585  0.212797
16.75  0.785398  0.125968  0.184723
16.75  0.816814  0.132423  0.217093
16.75  0.84823  0.224133  0.269084
16.75  0.879646  0.402369  0.22182
16.75  0.911062  0.260816  0.875607
16.75  0.942478  0.254799  0.228552
16.75  0.973894  0.260697  0.273614
16.75  1.00531  0.234114  0.208821
16.75  1.03673  0.231643  0.236535
16.75  1.06814  1.9247  1.55283
16.75  1.09956  0.206777  0.218422
16.75  1.13097  0.270707  0.304401
16.75  1.16239  0.236213  0.197553
16.75  1.19381  0.446199  0.303154
16.75  1.22522  0.447691  0.364214
16.75  1.25664  0.294252  0.316618
16.75  1.28805  0.253251  0.223437
16.75  1.31947  0.494314  0.441306
16.75  1.35088  0.17594  0.305608
16.75  1.3823  0.179627  0.266868
16.75  1.41372  0.381792  0.240449
16.75  1.44513  0.652193  0.361191
16.75  1.47655  1.48192  1.17609
16.75  1.50796  0.817031  0.76075
16.75  1.53938  0.415949  0.225454
16.75  1.5708  0.20789  0.208881
16.75  1.60221  1.23111  0.622339
16.75  1.63363  0.408116  0.338249
16.75  1.66504  0.310322  0.275254
16.75  1.69646  0.991717  0.991854
16.75  1.72788  1.52322  0.817356
16.75  1.75929  2.1981  2.03668
16.75  1.79071  0.404519  0.287459
16.75  1.82212  0.870978  0.663551
16.75  1.85354  0.403665  0.255331
16.75  1.88496  0.399734  0.232811
16.75  1.91637  0.23089  0.279771
16.75  1.94779  0.398917  0.397114
16.75  1.9792  0.403396  0.305092
16.75  2.01062  0.382532  0.294877
16.75  2.04204  0.16904  0.265385
16.75  2.07345  0.212145  0.2486
16.75  2.10487  0.392145  0.232014
16.75  2.13628  0.206218  0.184353
16.75  2.1677  0.136104  0.221779
16.75  2.19911  0.13995  0.234735
16.75  2.23053  0.313836  0.313849
16.75  2.26195  0.279234  0.27614
16.75  2.29336  0.211985  0.243111
16.75  2.32478  1.73812  1.7347
16.75  2.35619  0.221638  0.207421
16.75  2.38761  0.255097  0.177844
16.75  2.41903  0.273163  0.170289
16.75  2.45044  0.245528  0.159539
16.75  2.48186  0.173756  0.196348
16.75  2.51327  0.168546  0.178345
16.75  2.54469  0.198264  0.109306
16.75  2.57611  0.103938  0.16753
16.75  2.60752  0.128444  0.152853
16.75  2.63894  0.198048  0.105373
16.75  2.67035  0.0793611  0.116516
16.75  2.70177  0.125808  0.0693954
16.75  2.73319  0.199168  0.189161
16.75  2.7646  0.0934549  0.0524316
16.75  2.79602  0.0571324  0.109395
16.75  2.82743  0.133768  0.0915607
16.75  2.85885  0.195122  0.0995628
16.75  2.89027  0.258759  1.70226
16.75  2.92168  0  0
16.75  2.9531  0  0
16.75  2.98451  0  0
16.75  3.01593  0  0
16.75  3.04734  0  0
16.75  3.07876  0  0
16.75  3.11018  0  0
16.875  0  0  0
16.875  0.0314159  0  0
16.875  0.0628319  0  0
16.875  0.0942478  0  0
16.875  0.125664  0  0
16.875  0.15708  0  0
16.875  0.188496  0  0
16.875  0.219911  0  0
16.875  0.251327  0.0118719  0.0871145
16.875  0.282743  0.099956  0.0731803
16.875  0.314159  0.10181  0.07604
16.875  0.345575  0.175944  0.17387
16.875  0.376991  0.15593  0.145587
16.875  0.408407  0.209406  0.189579
16.875  0.439823  0.109809  0.0549783
16.875  0.471239  0.170575  0.0856658
16.875  0.502655  0.172022  0.133646
16.875  0.534071  0.221725  0.179577
16.875  0.565487  0.226089  0.113936
16.875  0.596903  0.249603  0.198645
16.875  0.628319  0.115568  0.127959
16.875  0.659734  0.229453  0.210366
16.875  0.69115  0.163268  0.160215
16.875  0.722566  0.242561  0.159827
16.875  0.753982  0.318386  0.253207
16.875  0.785398  0.126033  0.220626
16.875  0.816814  0.220835  0.22789
16.875  0.84823  0.131429  0.244645
16.875  0.879646  0.235055  0.213926
16.875  0.911062  0.296453  0.31376
16.875  0.942478  0.85537  0.724217
16.875  0.973894  1.17207  0.588877
16.875  1.00531  0.233873  0.276928
16.875  1.03673  0.37375  0.320898
16.875  1.06814  0.272641  0.321883
16.875  1.09956  0.283982  0.296367
16.875  1.13097  0.219058  0.215169
16.875  1.16239  0.427661  0.222743
16.875  1.19381  0.150248  0.230896
16.875  1.22522  1.41064  0.960228
16.875  1.25664  1.08846  0.639632
16.875  1.28805  0.707617  0.51951
16.875  1.31947  0.226072  0.216231
16.875  1.35088  1.35094  1.25488
16.875  1.3823  0.467356  0.430892
16.875  1.41372  0.805661  0.558948
16.875  1.44513  1.11445  0.923187
16.875  1.47655  0.406394  0.328891
16.875  1.50796  0.384293  0.252954
16.875  1.53938  1.0627  0.718949
16.875  1.5708  1.67082  2.01044
16.875  1.60221  1.54191  1.4706
16.875  1.63363  1.66742  1.6491
16.875  1.66504  1.02919  0.95082
16.875  1.69646  1.86755  1.84541
16.875  1.72788  0.24345  0.933212
16.875  1.75929  1.89493  1.26191
16.875  1.79071  0.270079  0.334638
16.875  1.82212  2.58575  1.39985
16.875  1.85354  0.421052  0.398808
16.875  1.88496  1.25898  1.25277
16.875  1.91637  1.28973  0.871005
16.875  1.94779  0.245657  0.2206
16.875  1.9792  0.202282  0.209359
16.875  2.01062  0.343568  0.317108
16.875  2.04204  0.199241  0.236497
16.875  2.07345  0.213072  0.223959
16.875  2.10487  0.161228  0.270735
16.875  2.13628  0.179575  0.242581
16.875  2.1677  0.217956  0.231853
16.875  2.19911  0.140631  0.155012
16.875  2.23053  0.159965  0.250626
16.875  2.26195  0.32443  0.167652
16.875  2.29336  0.20116  0.208515
16.875  2.32478  0.208511  0.224737
16.875  2.35619  0.263445  0.207434
16.875  2.38761  0.280372  0.286094
16.875  2.41903  0.238853  0.223822
16.875  2.45044  0.0877885  0.167804
16.875  2.48186  0.16293  0.21048
16.875  2.51327  0.233572  0.225745
16.875  2.54469  0.214485  0.212431
16.875  2.57611  0.201087  0.198142
16.875  2.60752  0.243626  0.197482
16.875  2.63894  0.258241  0.241618
16.875  2.67035  0.0514882  0.107613
16.875  2.70177  0.255008  0.169733
16.875  2.73319  0.188796  0.165686
16.875  2.7646  0.130149  0.0716472
16.875  2.79602  0.193462  0.110974
16.875  2.82743  0.0392378  0.0377411
16.875  2.85885  0.0700933  0.0701951
16.875  2.89027  0.00838018  0.0614926
16.875  2.92168  0  0
16.875  2.9531  0  0
16.875  2.98451  0  0
16.875  3.01593  0  0
16.875  3.04734  0  0
16.875  3.07876  0  0
16.875  3.11018  0  0
17  0  0  0
17  0.0314159  0  0
17  0.0628319  0  0
17  0.0942478  0  0
17  0.125664  0  0
17  0.15708  0  0
17  0.188496  0  0
17  0.219911  0.0103006  0.0755846
17  0.251327  0.00977688  0.0717413
17  0.282743  0.00715807  0.0525249
17  0.314159  0.206414  0.110655
17  0.345575  0.0630625  0.0994821
17  0.376991  0.114124  0.122775
17  0.408407  0.203464  0.203384
17  0.439823  0.162821  0.145867
17  0.471239  0.325104  0.251146
17  0.502655  0.0581033  0.0901234
17  0.534071  0.194056  0.0975255
17  0.565487  0.226296  0.197774
17  0.596903  0.247354  0.128362
17  0.628319  0.0651195  0.0567609
17  0.659734  0.273908  0.142742
17  0.69115  0.277566  0.210286
17  0.722566  0.149818  0.208144
17  0.753982  0.176559  0.171668
17  0.785398  0.183034  0.217568
17  0.816814  0.542766  0.411474
17  0.84823  0.27463  0.290997
17  0.879646  0.377247  0.327181
17  0.911062  0.176274  0.205868
17  0.942478  2.06256  1.05247
17  0.973894  0.30043  0.285824
17  1.00531  0.36312  0.312161
17  1.03673  0.19299  0.431254
17  1.06814  0.288791  0.27836
17  1.09956  1.0244  1.02203
17  1.13097  2.36166  2.35482
17  1.16239  0.287554  0.265241
17  1.19381  2.63362  2.57134
17  1.22522  2.03028  1.33706
17  1.25664  0.210446  0.237182
17  1.28805  0.275814  0.302181
17  1.31947  1.41871  0.952243
17  1.35088  0.79807  0.710217
17  1.3823  3.29026  2.17971
17  1.41372  1.35076  0.824014
17  1.44513  0.854493  0.582588
17  1.47655  0.129204  0.257486
17  1.50796  0.390325  0.37298
17  1.53938  2.65821  2.51897
17  1.5708  0.449044  0.269474
17  1.60221  0.223369  0.266082
17  1.63363  0.212118  0.214611
17  1.66504  0.318501  1.35168
17  1.69646  0.891683  0.447579
17  1.72788  1.44869  0.750678
17  1.75929  2.38587  1.68359
17  1.79071  0.572723  0.445072
17  1.82212  0.1655  0.277934
17  1.85354  0.147751  0.24478
17  1.88496  0.327622  0.266537
17  1.91637  0.262863  1.13834
17  1.94779  0.895139  0.779618
17  1.9792  0.320617  0.224878
17  2.01062  1.04777  0.951166
17  2.04204  0.640366  0.604056
17  2.07345  0.295992  0.220103
17  2.10487  1.91708  1.53009
17  2.13628  0.380256  0.217156
17  2.1677  0.850912  0.724503
17  2.19911  0.984832  0.675566
17  2.23053  0.163483  0.226533
17  2.26195  0.238941  0.279056
17  2.29336  0.137573  0.210367
17  2.32478  0.313138  0.188396
17  2.35619  0.100174  0.188316
17  2.38761  0.284821  0.180008
17  2.41903  0.216582  0.181855
17  2.45044  0.122417  0.14823
17  2.48186  0.249365  0.246883
17  2.51327  0.209057  0.115147
17  2.54469  0.120489  0.156382
17  2.57611  0.197198  0.134685
17  2.60752  0.0722029  0.101985
17  2.63894  0.0905091  0.140421
17  2.67035  0.139131  0.124247
17  2.70177  0.0863715  0.0510314
17  2.73319  0.203689  0.203697
17  2.7646  0.173454  0.17341
17  2.79602  0.109707  0.10751
17  2.82743  0.102196  0.0656532
17  2.85885  0.137665  0.132757
17  2.89027  0.258759  1.70226
17  2.92168  0  0
17  2.9531  0  0
17  2.98451  0  0
17  3.01593  0  0
17  3.04734  0  0
17  3.07876  0  0
17  3.11018  0  0
17.125  0  0  0
17.125  0.0314159  0  0
17.125  0.0628319  0  0
17.125  0.0942478  0  0
17.125  0.125664  0  0
17.125  0.15708  0  0
17.125  0.188496  0  0
17.125  0.219911  0.24651  2.25042
17.125  0.251327  0.0826713  0.0443503
17.125  0.282743  0.124796  0.0756402
17.125  0.314159  0.166715  0.0862041
17.125  0.345575  0.117674  0.112676
17.125  0.376991  0.175974  0.156522
17.125  0.408407  0.0964116  0.121273
17.125  0.439823  0.179217  0.152957
17.125  0.471239  0.182983  0.182986
17.125  0.502655  0.289044  0.181532
17.125  0.534071  0.12361  0.154098
17.125  0.565487  0.266001  0.179656
17.125  0.596903  0.125081  0.152485
17.125  0.628319  0.243933  0.186058
17.125  0.659734  0.241016  0.207744
17.125  0.69115  0.157252  0.143062
17.125  0.722566  0.151977  0.158255
17.125  0.753982  0.238793  0.221647
17.125  0.785398  0.186847  0.155187
17.125  0.816814  0.163572  0.225715
17.125  0.84823  0.194268  0.182975
17.125  0.879646  0.23092  0.240183
17.125  0.911062  1.54884  1.50229
17.125  0.942478  0.382809  0.218498
17.125  0.973894  0.21559  0.251362
17.125  1.00531  0.348235  0.19455
17.125  1.03673  1.0547  0.97918
17.125  1.06814  0.701873  0.537509
17.125  1.09956  1.06521  1.0088
17.125  1.13097  0.517764  0.316729
17.125  1.16239  0.22259  0.561876
17.125  1.19381  0.871178  0.830194
17.125  1.22522  1.06029  1.01923
17.125  1.25664  0.574349  0.382708
17.125  1.28805  1.29713  1.64444
17.125  1.31947  0.402684  0.254986
17.125  1.35088  0.476013  0.45486
17.125  1.3823  0.349249  0.418738
17.125  1.41372  1.3691  1.11175
17.125  1.44513  0.447928  0.431137
17.125  1.47655  0.379809  0.198561
17.125  1.50796  0.990804  0.977462
17.125  1.53938  0.421385  0.420798
17.125  1.5708  1.34613  1.12589
17.125  1.60221  2.00743  1.07683
17.125  1.63363  1.62057  1.18079
17.125  1.66504  1.50065  0.947219
17.125  1.69646  0.87048  0.627138
17.125  1.72788  1.39776  1.44003
17.125  1.75929  0.258994  0.290292
17.125  1.79071  0.551736  0.49013
17.125  1.82212  2.60796  2.01296
17.125  1.85354  0.75433  0.563709
17.125  1.88496  0.433653  0.306399
17.125  1.91637  0.637235  0.43371
17.125  1.94779  2.35736  1.65473
17.125  1.9792  0.330055  0.16546
17.125  2.01062  0.184736  0.283819
17.125  2.04204  0.358054  0.248585
17.125  2.07345  0.258564  0.296094
17.125  2.10487  0.155198  0.262578
17.125  2.13628  1.01094  0.948983
17.125  2.1677  1.09682  0.92358
17.125  2.19911  0.165444  0.259282
17.125  2.23053  0.226558  0.223805
17.125  2.26195  1.77062  1.45483
17.125  2.29336  0.206557  0.233671
17.125  2.32478  0.151406  0.24925
17.125  2.35619  0.124993  0.168101
17.125  2.38761  0.158598  0.200693
17.125  2.41903  0.192823  0.176353
17.125  2.45044  0.110498  0.175329
17.125  2.48186  0.240341  0.124633
17.125  2.51327  0.153625  0.14382
17.125  2.54469  0.219746  0.200909
17.125  2.57611  0.236054  0.235893
17.125  2.60752  0.160893  0.0841271
17.125  2.63894  0.164813  0.0962101
17.125  2.67035  0.221419  0.141829
17.125  2.70177  0.176247  0.134394
17.125  2.73319  0.188016  0.132257
17.125  2.7646  0.147269  0.137751
17.125  2.79602  0.0491401  0.0375239
17.125  2.82743  0.150821  0.0906804
17.125  2.85885  0.139408  0.0942891
17.125  2.89027  0  0
17.125  2.92168  0.258759  1.70226
17.125  2.9531  0  0
17.125  2.98451  0  0
17.125  3.01593  0  0
17.125  3.04734  0  0
17.125  3.07876  0  0
17.125  3.11018  0  0
17.25  0  0  0
17.25  0.0314159  0  0
17.25  0.0628319  0  0
17.25  0.0942478  0  0
17.25  0.125664  0  0
17.25  0.15708  0  0
17.25  0.188496  0  0
17.25  0.219911  0.258759  1.70226
17.25  0.251327  0.258759  1.70226
17.25  0.282743  0.136378  0.10198
17.25  0.314159  0.128882  0.06473
17.25  0.345575  0.141651  0.0839421
17.25  0.376991  0.112614  0.0570011
17.25  0.408407  0.13231  0.112383
17.25  0.439823  0.237316  0.123635
17.25  0.471239  0.232224  0.196277
17.25  0.502655  0.244659  0.235584
17.25  0.534071  0.199232  0.189979
17.25  0.565487  0.131177  0.166988
17.25  0.596903  0.159788  0.130416
17.25  0.628319  0.288238  0.225
17.25  0.659734  0.304719  0.297375
17.25  0.69115  0.272882  0.268202
17.25  0.722566  0.192151  0.176366
17.25  0.753982  0.111069  0.184169
17.25  0.785398  0.19353  0.167084
17.25  0.816814  0.149732  0.209221
17.25  0.84823  0.146614  0.174364
17.25  0.879646  0.304743  0.233842
17.25  0.911062  0.133567  0.248533
17.25  0.942478  0.183191  0.200962
17.25  0.973894  0.252562  0.267938
17.25  1.00531  0.273316  0.200755
17.25  1.03673  0.278314  0.242004
17.25  1.06814  0.286068  0.337176
17.25  1.09956  0.256833  1.39653
17.25  1.13097  0.372815  0.391507
17.25  1.16239  0.306867  0.314864
17.25  1.19381  2.04514  1.13737
17.25  1.22522  0.196208  0.256726
17.25  1.25664  1.33073  0.90206
17.25  1.28805  0.342193  0.231983
17.25  1.31947  0.27241  0.298758
17.25  1.35088  2.0134  1.82768
17.25  1.3823  1.83673  1.41639
17.25  1.41372  0.402419  0.258267
17.25  1.44513  0.943225  0.696595
17.25  1.47655  0.452062  0.25884
17.25  1.50796  0.370868  0.362992
17.25  1.53938  0.406563  0.272905
17.25  1.5708  0.250341  1.17672
17.25  1.60221  1.2524  1.23031
17.25  1.63363  0.885761  1.31721
17.25  1.66504  0.237054  0.486193
17.25  1.69646  0.42959  0.433783
17.25  1.72788  0.461079  0.232397
17.25  1.75929  0.281102  1.25047
17.25  1.79071  0.282748  0.298988
17.25  1.82212  0.457423  0.410595
17.25  1.85354  0.429533  0.239155
17.25  1.88496  1.94383  1.80204
17.25  1.91637  0.225374  0.289459
17.25  1.94779  0.23381  1.1029
17.25  1.9792  0.379859  0.320699
17.25  2.01062  1.6632  0.950517
17.25  2.04204  0.267846  0.299527
17.25  2.07345  0.240714  0.187378
17.25  2.10487  0.181216  0.248656
17.25  2.13628  0.252766  0.260071
17.25  2.1677  0.218863  0.250817
17.25  2.19911  0.195693  0.204128
17.25  2.23053  0.106661  0.190194
17.25  2.26195  0.221247  0.196716
17.25  2.29336  0.158444  0.158889
17.25  2.32478  0.1142  0.190963
17.25  2.35619  0.282902  0.23836
17.25  2.38761  0.291681  0.168838
17.25  2.41903  0.168992  0.190792
17.25  2.45044  0.197941  0.186195
17.25  2.48186  0.129829  0.181294
17.25  2.51327  0.283329  0.195456
17.25  2.54469  0.138888  0.110049
17.25  2.57611  0.241083  0.163316
17.25  2.60752  0.100193  0.150868
17.25  2.63894  0.223218  0.184763
17.25  2.67035  0.245142  0.170015
17.25  2.70177  0.124659  0.0719656
17.25  2.73319  0.122079  0.0615513
17.25  2.7646  0.198294  0.10063
17.25  2.79602  0.196844  0.16756
17.25  2.82743  0.0426876  0.0342179
17.25  2.85885  0.0932449  0.0467862
17.25  2.89027  0  0
17.25  2.92168  0  0
17.25  2.9531  0  0
17.25  2.98451  0  0
17.25  3.01593  0  0
17.25  3.04734  0  0
17.25  3.07876  0  0
17.25  3.11018  0  0
17.375  0  0  0
17.375  0.0314159  0  0
17.375  0.0628319  0  0
17.375  0.0942478  0  0
17.375  0.125664  0  0
17.375  0.15708  0  0
17.375  0.188496  0  0
17.375  0.219911  0.258759  1.70226
17.375  0.251327  0.0013967  0.0102488
17.375  0.282743  0.0501651  0.0298668
17.375  0.314159  0.0985023  0.0983273
17.375  0.345575  0.203055  0.192352
17.375  0.376991  0.098283  0.0912619
17.375  0.408407  0.155265  0.126437
17.375  0.439823  0.0535016  0.0671938
17.375  0.471239  0.134517  0.113936
17.375  0.502655  0.173039  0.109572
17.375  0.534071  0.128356  0.128785
17.375  0.565487  0.133499  0.157455
17.375  0.596903  0.23682  0.213839
17.375  0.628319  0.0591328  0.124875
17.375  0.659734  0.296459  0.203847
17.375  0.69115  0.3154  0.266714
17.375  0.722566  0.110192  0.176355
17.375  0.753982  0.287706  0.185024
17.375  0.785398  0.168834  0.18515
17.375  0.816814  0.146408  0.253097
17.375  0.84823  1.54459  1.5433
17.375  0.879646  0.716106  0.520079
17.375  0.911062  0.187591  0.283715
17.375  0.942478  0.189805  0.780118
17.375  0.973894  0.152908  0.228274
17.375  1.00531  0.22727  0.218822
17.375  1.03673  1.48451  1.4575
17.375  1.06814  0.224879  0.232661
17.375  1.09956  0.333624  0.230953
17.375  1.13097  0.339791  0.192018
17.375  1.16239  0.359582  0.235231
17.375  1.19381  2.14856  1.1156
17.375  1.22522  2.05287  1.15233
17.375  1.25664  0.680193  0.778783
17.375  1.28805  2.26321  1.52387
17.375  1.31947  0.433149  0.222833
17.375  1.35088  2.05361  1.06786
17.375  1.3823  0.28967  0.319532
17.375  1.41372  0.418866  0.324302
17.375  1.44513  1.70069  1.6346
17.375  1.47655  1.42236  1.39956
17.375  1.50796  0.213373  0.207116
17.375  1.53938  0.446698  0.278814
17.375  1.5708  0.369826  0.330086
17.375  1.60221  0.587433  0.574386
17.375  1.63363  1.87096  1.32569
17.375  1.66504  0.226521  0.304907
17.375  1.69646  1.29407  1.12254
17.375  1.72788  0.646897  0.332708
17.375  1.75929  0.89293  0.688929
17.375  1.79071  1.56173  0.929654
17.375  1.82212  0.473888  0.349413
17.375  1.85354  1.05543  0.986001
17.375  1.88496  0.811622  0.877123
17.375  1.91637  0.207807  0.393869
17.375  1.94779  1.53937  0.942737
17.375  1.9792  0.616963  0.346181
17.375  2.01062  0.190478  0.267441
17.375  2.04204  0.192157  1.00526
17.375  2.07345  0.993562  0.542009
17.375  2.10487  0.676817  0.644953
17.375  2.13628  2.49028  1.80587
17.375  2.1677  0.252081  0.19786
17.375  2.19911  0.303753  0.189607
17.375  2.23053  0.180893  0.244856
17.375  2.26195  0.148704  0.25326
17.375  2.29336  0.228581  0.223491
17.375  2.32478  0.305891  0.195564
17.375  2.35619  0.242228  0.209715
17.375  2.38761  0.1814  0.17281
17.375  2.41903  0.188905  0.208027
17.375  2.45044  0.187465  0.219175
17.375  2.48186  0.154102  0.174631
17.375  2.51327  0.281216  0.278718
17.375  2.54469  0.206194  0.139991
17.375  2.57611  0.184207  0.172328
17.375  2.60752  0.231962  0.153409
17.375  2.63894  0.133159  0.0967685
17.375  2.67035  0.112382  0.0671644
17.375  2.70177  0.17271  0.0893539
17.375  2.73319  0.151676  0.141705
17.375  2.7646  0.145405  0.0753008
17.375  2.79602  0.0915739  0.0706417
17.375  2.82743  0.136455  0.0684917
17.375  2.85885  0.125369  0.105396
17.375  2.89027  0.0116973  0.0858334
17.375  2.92168  0  0
17.375  2.9531  0  0
17.375  2.98451  0  0
17.375  3.01593  0  0
17.375  3.04734  0  0
17.375  3.07876  0  0
17.375  3.11018  0  0
17.5  0  0  0
17.5  0.0314159  0  0
17.5  0.0628319  0  0
17.5  0.0942478  0  0
17.5  0.125664  0  0
17.5  0.15708  0  0
17.5  0.188496  0  0
17.5  0.219911  0.114346  0.0873932
17.5  0.251327  0.0094277  0.0691791
17.5  0.282743  0.0659649  0.0495142
17.5  0.314159  0.161531  0.0930095
17.5  0.345575  0.19977  0.100141
17.5  0.376991  0.140338  0.122839
17.5  0.408407  0.233195  0.148534
17.5  0.439823  0.276716  0.163796
17.5  0.471239  0.156708  0.151957
17.5  0.502655  0.234417  0.229613
17.5  0.534071  0.224441  0.132084
17.5  0.565487  0.216623  0.14992
17.5  0.596903  0.141666  0.170036
17.5  0.628319  0.268886  0.195424
17.5  0.659734  0.198572  0.12836
17.5  0.69115  0.171685  0.166895
17.5  0.722566  0.796554  0.789458
17.5  0.753982  0.155606  0.196897
17.5  0.785398  0.246781  0.206435
17.5  0.816814  1.48436  1.48049
17.5  0.84823  0.298259  0.194007
17.5  0.879646  0.231596  0.523954
17.5  0.911062  0.259168  0.271743
17.5  0.942478  0.8767  0.738846
17.5  0.973894  0.173419  0.220662
17.5  1.00531  0.247857  0.271609
17.5  1.03673  1.92862  1.11593
17.5  1.06814  0.266954  1.06857
17.5  1.09956  0.316242  0.362239
17.5  1.13097  0.184943  0.22127
17.5  1.16239  0.38082  0.325029
17.5  1.19381  0.196434  0.272466
17.5  1.22522  1.24004  0.954397
17.5  1.25664  0.317601  0.339247
17.5  1.28805  2.4153  2.41289
17.5  1.31947  1.20165  0.726496
17.5  1.35088  0.433386  0.419721
17.5  1.3823  0.987546  0.970726
17.5  1.41372  0.531054  0.439011
17.5  1.44513  0.71881  0.716238
17.5  1.47655  2.00499  2.00214
17.5  1.50796  0.281935  1.53948
17.5  1.53938  1.36339  1.45366
17.5  1.5708  0.498484  0.42772
17.5  1.60221  0.203667  0.377648
17.5  1.63363  0.896966  0.798406
17.5  1.66504  1.51053  1.21879
17.5  1.69646  0.356878  0.288096
17.5  1.72788  0.270091  0.234014
17.5  1.75929  0.323003  0.234275
17.5  1.79071  0.653402  0.522028
17.5  1.82212  1.21751  1.14647
17.5  1.85354  1.97197  1.45793
17.5  1.88496  2.50078  1.33069
17.5  1.91637  0.248598  0.267137
17.5  1.94779  0.382163  0.303191
17.5  1.9792  0.743393  0.550284
17.5  2.01062  2.33952  1.70386
17.5  2.04204  0.530003  0.529343
17.5  2.07345  0.386494  0.318211
17.5  2.10487  0.362566  0.31648
17.5  2.13628  1.43286  0.739418
17.5  2.1677  0.886121  0.502798
17.5  2.19911  0.130431  0.180874
17.5  2.23053  0.207173  0.187703
17.5  2.26195  1.26619  0.877298
17.5  2.29336  0.151467  0.178852
17.5  2.32478  0.248442  0.159886
17.5  2.35619  0.286602  0.157659
17.5  2.38761  1.27931  0.742473
17.5  2.41903  0.240683  0.131649
17.5  2.45044  0.124485  0.154139
17.5  2.48186  0.243667  0.167836
17.5  2.51327  0.19903  0.16255
17.5  2.54469  0.174155  0.138858
17.5  2.57611  0.11752  0.143263
17.5  2.60752  0.128719  0.149162
17.5  2.63894  0.19425  0.183439
17.5  2.67035  0.223717  0.13337
17.5  2.70177  0.289353  0.160814
17.5  2.73319  0.275256  0.137631
17.5  2.7646  0.0737745  0.0453451
17.5  2.79602  0.125805  0.0641066
17.5  2.82743  0.136179  0.0863005
17.5  2.85885  0.108478  0.0920633
17.5  2.89027  0.258759  1.70226
17.5  2.92168  0  0
17.5  2.9531  0  0
17.5  2.98451  0  0
17.5  3.01593  0  0
17.5  3.04734  0  0
17.5  3.07876  0  0
17.5  3.11018  0  0
17.625  0  0  0
17.625  0.0314159  0  0
17.625  0.0628319  0  0
17.625  0.0942478  0  0
17.625  0.125664  0  0
17.625  0.15708  0  0
17.625  0.188496  0  0
17.625  0.219911  0.041063  0.0244508
17.625  0.251327  0.170742  0.167233
17.625  0.282743  0.161327  0.109129
17.625  0.314159  0.118923  0.0702034
17.625  0.345575  0.102581  0.0808348
17.625  0.376991  0.174364  0.0883933
17.625  0.408407  0.20186  0.11925
17.625  0.439823  0.187855  0.146295
17.625  0.471239  0.214328  0.124165
17.625  0.502655  0.069972  0.138862
17.625  0.534071  0.0696242  0.0911081
17.625  0.565487  0.244066  0.161827
17.625  0.596903  0.281029  0.156473
17.625  0.628319  0.219481  0.248892
17.625  0.659734  0.0989811  0.142466
17.625  0.69115  0.181224  0.195128
17.625  0.722566  0.329795  0.202294
17.625  0.753982  0.25513  0.279408
17.625  0.785398  0.127289  0.195468
17.625  0.816814  0.698812  0.696141
17.625  0.84823  0.347545  0.2806
17.625  0.879646  0.806129  0.752011
17.625  0.911062  0.165698  0.273346
17.625  0.942478  0.826552  0.429952
17.625  0.973894  0.159736  0.246746
17.625  1.00531  0.207318  0.223898
17.625  1.03673  0.195626  0.255169
17.625  1.06814  0.891034  0.446322
17.625  1.09956  0.896551  0.562787
17.625  1.13097  0.214611  0.218882
17.625  1.16239  0.25043  0.275959
17.625  1.19381  0.216531  0.267377
17.625  1.22522  2.0471  1.55807
17.625  1.25664  0.33827  0.354206
17.625  1.28805  1.57093  1.10054
17.625  1.31947  0.451165  0.377258
17.625  1.35088  1.27282  1.21221
17.625  1.3823  0.488219  0.500011
17.625  1.41372  0.898826  0.823062
17.625  1.44513  0.216201  0.302265
17.625  1.47655  2.64252  2.61104
17.625  1.50796  0.21624  0.74634
17.625  1.53938  1.54772  1.08926
17.625  1.5708  0.194957  0.498779
17.625  1.60221  1.37324  1.37046
17.625  1.63363  1.4103  0.727212
17.625  1.66504  1.78727  1.53009
17.625  1.69646  1.23773  1.20159
17.625  1.72788  0.340147  0.376567
17.625  1.75929  0.396155  0.233534
17.625  1.79071  0.223473  0.957299
17.625  1.82212  0.409311  0.390899
17.625  1.85354  0.227325  0.22316
17.625  1.88496  2.11285  2.15661
17.625  1.91637  1.21965  0.915232
17.625  1.94779  0.385917  0.381246
17.625  1.9792  0.219075  0.26383
17.625  2.01062  0.170796  0.168005
17.625  2.04204  1.14673  0.591176
17.625  2.07345  1.39261  1.08355
17.625  2.10487  0.201835  0.239055
17.625  2.13628  0.199327  0.18956
17.625  2.1677  1.20314  1.16296
17.625  2.19911  0.153922  0.265455
17.625  2.23053  0.337755  0.290868
17.625  2.26195  0.134556  0.212151
17.625  2.29336  0.297756  0.23181
17.625  2.32478  0.287217  0.146859
17.625  2.35619  0.093212  0.167694
17.625  2.38761  0.303543  0.253617
17.625  2.41903  0.146269  0.153348
17.625  2.45044  0.246535  0.180882
17.625  2.48186  0.190535  0.229915
17.625  2.51327  0.119125  0.164893
17.625  2.54469  0.290823  0.196862
17.625  2.57611  0.178921  0.16017
17.625  2.60752  0.167515  0.146569
17.625  2.63894  0.100053  0.168502
17.625  2.67035  0.145377  0.129178
17.625  2.70177  0.0504812  0.115747
17.625  2.73319  0.205851  0.106254
17.625  2.7646  0.0723922  0.0726824
17.625  2.79602  0.141227  0.137964
17.625  2.82743  0.102249  0.0703245
17.625  2.85885  0.054087  0.0542867
17.625  2.89027  0.0724672  0.069913
17.625  2.92168  0  0
17.625  2.9531  0  0
17.625  2.98451  0  0
17.625  3.01593  0  0
17.625  3.04734  0  0
17.625  3.07876  0  0
17.625  3.11018  0  0
17.75  0  0  0
17.75  0.0314159  0  0
17.75  0.0628319  0  0
17.75  0.0942478  0  0
17.75  0.125664  0  0
17.75  0.15708  0  0
17.75  0.188496  0  0
17.75  0.219911  0.0157128  0.115299
17.75  0.251327  0.0842499  0.0421275
17.75  0.282743  0.0963877  0.0606443
17.75  0.314159  0.1611  0.12923
17.75  0.345575  0.153864  0.0781782
17.75  0.376991  0.166659  0.111335
17.75  0.408407  0.0611631  0.100179
17.75  0.439823  0.0439129  0.0508951
17.75  0.471239  0.208515  0.105637
17.75  0.502655  0.153077  0.169654
17.75  0.534071  0.269698  0.162937
17.75  0.565487  0.107586  0.134138
17.75  0.596903  0.165677  0.223947
17.75  0.628319  0.140096  0.136368
17.75  0.659734  0.255677  0.127855
17.75  0.69115  0.246454  0.248817
17.75  0.722566  0.265481  0.233655
17.75  0.753982  0.172152  0.184016
17.75  0.785398  0.106406  0.185472
17.75  0.816814  0.238219  0.975212
17.75  0.84823  0.932065  0.521265
17.75  0.879646  0.224467  0.218092
17.75  0.911062  0.234065  0.259546
17.75  0.942478  0.299547  0.318216
17.75  0.973894  1.40266  0.882155
17.75  1.00531  0.272118  0.203607
17.75  1.03673  0.182005  0.577974
17.75  1.06814  2.10769  1.3851
17.75  1.09956  0.472335  0.238942
17.75  1.13097  1.48018  1.27758
17.75  1.16239  0.544018  0.505388
17.75  1.19381  0.75572  0.466366
17.75  1.22522  0.261513  1.27378
17.75  1.25664  1.64702  1.13946
17.75  1.28805  0.278674  0.33365
17.75  1.31947  0.322919  0.322445
17.75  1.35088  1.36261  0.727148
17.75  1.3823  1.59066  1.5586
17.75  1.41372  1.29745  0.913411
17.75  1.44513  0.112046  0.130271
17.75  1.47655  0.567688  0.558036
17.75  1.50796  3.04002  1.58223
17.75  1.53938  0.785566  0.631909
17.75  1.5708  0.413903  0.25887
17.75  1.60221  0.483039  0.454668
17.75  1.63363  0.278733  0.274238
17.75  1.66504  0.879117  0.580982
17.75  1.69646  2.27802  1.5335
17.75  1.72788  2.19932  1.99661
17.75  1.75929  0.692967  0.658383
17.75  1.79071  2.04491  1.02679
17.75  1.82212  1.07298  1.40133
17.75  1.85354  1.84709  1.30674
17.75  1.88496  0.391875  0.222649
17.75  1.91637  2.51418  1.25823
17.75  1.94779  0.96749  0.882459
17.75  1.9792  0.28784  0.189247
17.75  2.01062  0.233669  0.242676
17.75  2.04204  0.491944  0.432003
17.75  2.07345  0.366052  0.197046
17.75  2.10487  0.270953  0.223602
17.75  2.13628  2.17266  2.03994
17.75  2.1677  0.310893  0.279838
17.75  2.19911  0.266325  0.270057
17.75  2.23053  0.305436  0.174526
17.75  2.26195  0.158727  0.250499
17.75  2.29336  1.195  0.966037
17.75  2.32478  0.11886  0.191798
17.75  2.35619  0.336459  0.173659
17.75  2.38761  0.189619  0.169467
17.75  2.41903  0.261109  0.160181
17.75  2.45044  0.238486  0.219955
17.75  2.48186  0.132051  0.136685
17.75  2.51327  0.0889153  0.160141
17.75  2.54469  0.114037  0.0857333
17.75  2.57611  0.242687  0.145993
17.75  2.60752  0.209415  0.205096
17.75  2.63894  0.133598  0.0806576
17.75  2.67035  0.20832  0.200894
17.75  2.70177  0.254977  0.153204
17.75  2.73319  0.144849  0.138579
17.75  2.7646  0.0808281  0.0766892
17.75  2.79602  0.134236  0.0711265
17.75  2.82743  0.111202  0.0585576
17.75  2.85885  0.258759  1.70227
17.75  2.89027  0.24651  2.25042
17.75  2.92168  0  0
17.75  2.9531  0  0
17.75  2.98451  0  0
17.75  3.01593  0  0
17.75  3.04734  0  0
17.75  3.07876  0  0
17.75  3.11018  0  0
17.875  0  0  0
17.875  0.0314159  0  0
17.875  0.0628319  0  0
17.875  0.0942478  0  0
17.875  0.125664  0  0
17.875  0.15708  0  0
17.875  0.188496  0  0
17.875  0.219911  0.0488135  0.0465014
17.875  0.251327  0.0569105  0.0338553
17.875  0.282743  0.0770772  0.075855
17.875  0.314159  0.0398392  0.068607
17.875  0.345575  0.142754  0.0731193
17.875  0.376991  0.154714  0.103304
17.875  0.408407  0.177224  0.139456
17.875  0.439823  0.0799747  0.125747
17.875  0.471239  0.178391  0.119318
17.875  0.502655  0.177596  0.129051
17.875  0.534071  0.10819  0.12277
17.875  0.565487  0.180985  0.0963016
17.875  0.596903  0.178624  0.1863
17.875  0.628319  0.133221  0.168886
17.875  0.659734  0.171264  0.179991
17.875  0.69115  0.284437  0.263415
17.875  0.722566  0.184115  0.221616
17.875  0.753982  0.114612  0.189137
17.875  0.785398  0.246144  0.152399
17.875  0.816814  2.35397  2.01484
17.875  0.84823  0.234914  0.202749
17.875  0.879646  0.193397  0.211745
17.875  0.911062  0.189516  0.210141
17.875  0.942478  0.50509  0.479917
17.875  0.973894  0.384925  0.297423
17.875  1.00531  0.218968  0.202085
17.875  1.03673  0.357051  0.357067
17.875  1.06814  1.07245  0.857172
17.875  1.09956  0.976352  1.084
17.875  1.13097  1.26847  0.636601
17.875  1.16239  0.29529  0.226933
17.875  1.19381  1.15403  1.15337
17.875  1.22522  1.87483  1.06137
17.875  1.25664  0.551195  0.549525
17.875  1.28805  0.379903  0.267255
17.875  1.31947  0.450447  0.358789
17.875  1.35088  0.709282  0.505566
17.875  1.3823  2.63164  2.62922
17.875  1.41372  1.86921  1.20262
17.875  1.44513  0.317401  0.252581
17.875  1.47655  1.68812  1.6236
17.875  1.50796  2.17144  2.11032
17.875  1.53938  0.606385  0.558459
17.875  1.5708  0.294855  0.263008
17.875  1.60221  1.61383  1.40708
17.875  1.63363  2.49213  1.89247
17.875  1.66504  0.291819  0.329158
17.875  1.69646  0.383398  0.333211
17.875  1.72788  0.229448  0.288928
17.875  1.75929  2.0551  1.46131
17.875  1.79071  0.324138  0.305061
17.875  1.82212  0.508956  0.495222
17.875  1.85354  0.60662  0.588658
17.875  1.88496  0.222907  0.492276
17.875  1.91637  1.33824  1.12772
17.875  1.94779  0.266573  0.269272
17.875  1.9792  0.198484  0.194052
17.875  2.01062  0.399072  0.398855
17.875  2.04204  0.275057  0.254406
17.875  2.07345  0.382999  0.370917
17.875  2.10487  1.45571  1.01902
17.875  2.13628  0.133643  0.210938
17.875  2.1677  0.133721  0.221566
17.875  2.19911  0.315393  0.176916
17.875  2.23053  0.165409  0.678134
17.875  2.26195  2.33631  2.30801
17.875  2.29336  2.38447  1.19464
17.875  2.32478  0.157603  0.352528
17.875  2.35619  0.136003  0.192454
17.875  2.38761  0.199613  0.195852
17.875  2.41903  0.295755  0.167759
17.875  2.45044  0.266587  0.156873
17.875  2.48186  0.329209  0.228529
17.875  2.51327  0.0645917  0.078379
17.875  2.54469  0.217581  0.128146
17.875  2.57611  0.218069  0.145396
17.875  2.60752  0.239651  0.229329
17.875  2.63894  0.0945648  0.129511
17.875  2.67035  0.174125  0.144118
17.875  2.70177  0.162804  0.12217
17.875  2.73319  0.133744  0.126938
17.875  2.7646  0.158568  0.0893341
17.875  2.79602  0.138192  0.134286
17.875  2.82743  0.0930304  0.0712309
17.875  2.85885  0.104237  0.052878
17.875  2.89027  0.0647036  0.0385094
17.875  2.92168  0  0
17.875  2.9531  0  0
17.875  2.98451  0  0
17.875  3.01593  0  0
17.875  3.04734  0  0
17.875  3.07876  0  0
17.875  3.11018  0  0
18  0  0  0
18  0.0314159  0  0
18  0.0628319  0  0
18  0.0942478  0  0
18  0.125664  0  0
18  0.15708  0  0
18  0.188496  0  0
18  0.219911  0.0780899  0.0776658
18  0.251327  0.0779678  0.0749832
18  0.282743  0.0315051  0.0292671
18  0.314159  0.131514  0.128077
18  0.345575  0.147539  0.136653
18  0.376991  0.127397  0.0681227
18  0.408407  0.152483  0.100791
18  0.439823  0.180837  0.177247
18  0.471239  0.157312  0.0820848
18  0.502655  0.0945145  0.0502926
18  0.534071  0.220149  0.137292
18  0.565487  0.148103  0.117062
18  0.596903  0.24784  0.172586
18  0.628319  0.27051  0.140463
18  0.659734  0.11416  0.122907
18  0.69115  0.145385  0.149508
18  0.722566  0.24023  0.157655
18  0.753982  0.293336  0.195812
18  0.785398  0.242164  1.04631
18  0.816814  0.202709  0.227202
18  0.84823  0.323411  0.32331
18  0.879646  0.355378  0.254669
18  0.911062  0.402245  0.238878
18  0.942478  0.293118  0.173683
18  0.973894  0.42678  0.295132
18  1.00531  0.39677  1.26727
18  1.03673  0.286572  0.314631
18  1.06814  0.383688  0.204406
18  1.09956  1.64748  1.19266
18  1.13097  0.263013  1.42077
18  1.16239  1.64927  1.12019
18  1.19381  0.443524  0.435404
18  1.22522  1.01623  0.583999
18  1.25664  0.408421  0.25524
18  1.28805  2.28773  1.54818
18  1.31947  0.402805  0.274109
18  1.35088  0.348252  0.276303
18  1.3823  0.208305  0.292761
18  1.41372  1.8517  1.74258
18  1.44513  1.62493  1.52255
18  1.47655  1.28446  1.21802
18  1.50796  1.13211  1.05774
18  1.53938  0.570011  0.491591
18  1.5708  1.27858  1.2768
18  1.60221  1.6451  0.832056
18  1.63363  1.7255  1.67091
18  1.66504  0.749853  0.379843
18  1.69646  1.95294  0.984209
18  1.72788  0.313675  0.333008
18  1.75929  0.422353  0.42282
18  1.79071  1.33569  0.805204
18  1.82212  0.442104  0.224565
18  1.85354  0.448723  0.403061
18  1.88496  0.483885  0.464414
18  1.91637  0.296918  0.245871
18  1.94779  0.370237  0.205064
18  1.9792  1.04542  1.02029
18  2.01062  2.26228  1.32419
18  2.04204  0.46769  0.283842
18  2.07345  0.385339  0.240343
18  2.10487  0.238252  0.249891
18  2.13628  1.70083  1.62326
18  2.1677  0.222606  0.207729
18  2.19911  1.97676  1.61137
18  2.23053  0.162364  0.22645
18  2.26195  0.137936  0.218178
18  2.29336  0.173764  0.247933
18  2.32478  0.2426  0.284263
18  2.35619  0.463511  0.233772
18  2.38761  0.1231  0.143129
18  2.41903  0.18887  0.189825
18  2.45044  0.244979  0.244979
18  2.48186  0.15668  0.179651
18  2.51327  0.164463  0.163042
18  2.54469  0.131432  0.140139
18  2.57611  0.101311  0.106791
18  2.60752  0.135603  0.0922728
18  2.63894  0.233404  0.21398
18  2.67035  0.170787  0.166033
18  2.70177  0.218326  0.217919
18  2.73319  0.103391  0.0908334
18  2.7646  0.0966212  0.0485285
18  2.79602  0.089928  0.0807865
18  2.82743  0.0839328  0.0537741
18  2.85885  0.00436468  0.0320274
18  2.89027  0.0094277  0.0691791
18  2.92168  0  0
18  2.9531  0  0
18  2.98451  0  0
18  3.01593  0  0
18  3.04734  0  0
18  3.07876  0  0
18  3.11018  0  0
18.125  0  0  0
18.125  0.0314159  0  0
18.125  0.0628319  0  0
18.125  0.0942478  0  0
18.125  0.125664  0  0
18.125  0.15708  0  0
18.125  0.188496  0  0
18.125  0.219911  0.00838018  0.0614926
18.125  0.251327  0.0911639  0.050864
18.125  0.282743  0.0592872  0.0322926
18.125  0.314159  0.176828  0.0991269
18.125  0.345575  0.16158  0.161572
18.125  0.376991  0.0716472  0.131567
18.125  0.408407  0.184058  0.0920795
18.125  0.439823  0.155917  0.109073
18.125  0.471239  0.121155  0.0617586
18.125  0.502655  0.16292  0.179562
18.125  0.534071  0.207257  0.199214
18.125  0.565487  0.17292  0.160663
18.125  0.596903  0.196476  0.217613
18.125  0.628319  0.0668218  0.1267
18.125  0.659734  0.211596  0.15485
18.125  0.69115  0.233652  0.270012
18.125  0.722566  0.155746  0.160673
18.125  0.753982  0.15758  0.16321
18.125  0.785398  0.130121  0.216339
18.125  0.816814  0.149322  0.153581
18.125  0.84823  0.356119  0.185371
18.125  0.879646  0.241916  0.190838
18.125  0.911062  0.495412  0.476054
18.125  0.942478  0.281401  0.211022
18.125  0.973894  0.387943  0.209549
18.125  1.00531  0.364345  0.185324
18.125  1.03673  0.367143  0.412482
18.125  1.06814  0.770106  0.565762
18.125  1.09956  0.297693  0.175752
18.125  1.13097  0.509688  0.482691
18.125  1.16239  0.440247  0.329
18.125  1.19381  0.831715  0.805218
18.125  1.22522  0.44065  0.22067
18.125  1.25664  1.56872  1.56261
18.125  1.28805  0.313634  0.315285
18.125  1.31947  0.428753  0.412402
18.125  1.35088  0.334035  0.30325
18.125  1.3823  0.444135  0.224024
18.125  1.41372  0.376605  0.192496
18.125  1.44513  1.92437  0.97851
18.125  1.47655  1.95071  1.86885
18.125  1.50796  2.47109  2.35635
18.125  1.53938  0.341179  0.260068
18.125  1.5708  0.434639  0.27708
18.125  1.60221  0.214161  1.16013
18.125  1.63363  1.45817  0.756101
18.125  1.66504  0.241012  0.278348
18.125  1.69646  0.460128  0.252365
18.125  1.72788  2.31242  2.31241
18.125  1.75929  1.86925  1.65134
18.125  1.79071  1.75592  0.882964
18.125  1.82212  2.35692  1.22085
18.125  1.85354  0.434628  0.27692
18.125  1.88496  2.28774  1.42676
18.125  1.91637  2.03458  1.75674
18.125  1.94779  0.390255  0.226957
18.125  1.9792  0.73216  0.472578
18.125  2.01062  0.335821  0.229451
18.125  2.04204  0.301865  0.290807
18.125  2.07345  0.549661  0.280761
18.125  2.10487  1.06174  0.624364
18.125  2.13628  0.359179  0.190385
18.125  2.1677  0.179553  0.371537
18.125  2.19911  0.760271  0.404579
18.125  2.23053  0.200706  0.212235
18.125  2.26195  0.112955  0.179329
18.125  2.29336  0.16774  0.242313
18.125  2.32478  0.221118  0.191803
18.125  2.35619  0.34897  0.262519
18.125  2.38761  0.24718  0.13228
18.125  2.41903  0.269734  0.135217
18.125  2.45044  0.293557  0.23594
18.125  2.48186  0.15038  0.148236
18.125  2.51327  0.249899  0.249839
18.125  2.54469  0.131643  0.194991
18.125  2.57611  0.205035  0.172977
18.125  2.60752  0.20209  0.197804
18.125  2.63894  0.196463  0.196087
18.125  2.67035  0.206165  0.143386
18.125  2.70177  0.206891  0.178472
18.125  2.73319  0.0565788  0.0553603
18.125  2.7646  0.170699  0.15272
18.125  2.79602  0.0953992  0.0751139
18.125  2.82743  0.102789  0.0687928
18.125  2.85885  0.0836799  0.0643506
18.125  2.89027  0.247912  1.97438
18.125  2.92168  0  0
18.125  2.9531  0  0
18.125  2.98451  0  0
18.125  3.01593  0  0
18.125  3.04734  0  0
18.125  3.07876  0  0
18.125  3.11018  0  0
18.25  0  0  0
18.25  0.0314159  0  0
18.25  0.0628319  0  0
18.25  0.0942478  0  0
18.25  0.125664  0  0
18.25  0.15708  0  0
18.25  0.188496  0  0
18.25  0.219911  0.258759  1.70226
18.25  0.251327  0.0902641  0.0899751
18.25  0.282743  0.139932  0.0998626
18.25  0.314159  0.0569141  0.0557443
18.25  0.345575  0.130803  0.0891774
18.25  0.376991  0.203394  0.153734
18.25  0.408407  0.0440616  0.0603258
18.25  0.439823  0.0713881  0.0704173
18.25  0.471239  0.222523  0.192638
18.25  0.502655  0.121558  0.0955616
18.25  0.534071  0.223994  0.144361
18.25  0.565487  0.136231  0.180984
18.25  0.596903  0.216881  0.20115
18.25  0.628319  0.241753  0.178472
18.25  0.659734  0.130076  0.198093
18.25  0.69115  0.23133  0.198035
18.25  0.722566  0.114503  0.160679
18.25  0.753982  0.21111  0.20805
18.25  0.785398  0.263274  0.190752
18.25  0.816814  0.159078  0.24933
18.25  0.84823  0.434198  0.257517
18.25  0.879646  0.151432  0.235912
18.25  0.911062  2.19141  2.16265
18.25  0.942478  0.190242  0.217693
18.25  0.973894  0.244542  1.30817
18.25  1.00531  2.42596  2.42555
18.25  1.03673  0.236711  0.273086
18.25  1.06814  1.24897  0.804447
18.25  1.09956  0.760604  0.392848
18.25  1.13097  0.255977  0.286975
18.25  1.16239  1.69634  1.25218
18.25  1.19381  0.717895  0.610823
18.25  1.22522  1.73229  0.89673
18.25  1.25664  0.513042  0.433803
18.25  1.28805  1.8017  1.26063
18.25  1.31947  0.428073  0.294885
18.25  1.35088  1.23236  1.19101
18.25  1.3823  2.04462  1.43119
18.25  1.41372  0.250706  0.175421
18.25  1.44513  2.41728  1.4133
18.25  1.47655  2.00826  1.95287
18.25  1.50796  0.464409  0.358653
18.25  1.53938  0.419639  0.217695
18.25  1.5708  1.24974  0.869823
18.25  1.60221  0.479847  0.426482
18.25  1.63363  2.79312  2.31266
18.25  1.66504  0.165697  0.294659
18.25  1.69646  0.204014  0.328054
18.25  1.72788  0.294656  0.214854
18.25  1.75929  0.245074  0.2416
18.25  1.79071  0.337163  0.311404
18.25  1.82212  0.958185  0.930635
18.25  1.85354  0.475512  0.239149
18.25  1.88496  0.321854  0.349656
18.25  1.91637  3.20285  1.61143
18.25  1.94779  1.0803  1.03469
18.25  1.9792  1.52339  0.7822
18.25  2.01062  0.316241  0.166768
18.25  2.04204  0.310754  0.296601
18.25  2.07345  0.268415  0.294542
18.25  2.10487  1.6177  1.41147
18.25  2.13628  1.7678  1.18968
18.25  2.1677  0.194608  0.207563
18.25  2.19911  1.77056  1.72381
18.25  2.23053  0.209515  0.262075
18.25  2.26195  0.216679  1.14881
18.25  2.29336  0.199355  0.223578
18.25  2.32478  0.171596  0.185579
18.25  2.35619  0.157105  0.178516
18.25  2.38761  0.139737  0.143142
18.25  2.41903  0.176089  0.177574
18.25  2.45044  0.116746  0.142875
18.25  2.48186  0.431376  0.406987
18.25  2.51327  0.213756  0.126246
18.25  2.54469  0.104939  0.166911
18.25  2.57611  0.211135  0.172079
18.25  2.60752  0.148185  0.157082
18.25  2.63894  0.198074  0.106573
18.25  2.67035  0.0689178  0.0922105
18.25  2.70177  0.0910381  0.062512
18.25  2.73319  0.164855  0.149532
18.25  2.7646  0.196026  0.194265
18.25  2.79602  0.202936  0.13457
18.25  2.82743  0.167912  0.0984124
18.25  2.85885  0.117939  0.106275
18.25  2.89027  0.255098  1.96439
18.25  2.92168  0  0
18.25  2.9531  0  0
18.25  2.98451  0  0
18.25  3.01593  0  0
18.25  3.04734  0  0
18.25  3.07876  0  0
18.25  3.11018  0  0
18.375  0  0  0
18.375  0.0314159  0  0
18.375  0.0628319  0  0
18.375  0.0942478  0  0
18.375  0.125664  0  0
18.375  0.15708  0  0
18.375  0.188496  0  0
18.375  0.219911  0.147457  1.30844
18.375  0.251327  0.0355099  0.0340618
18.375  0.282743  0.165711  0.163102
18.375  0.314159  0.146484  0.146544
18.375  0.345575  0.0751941  0.0741052
18.375  0.376991  0.13355  0.13355
18.375  0.408407  0.15693  0.100983
18.375  0.439823  0.102754  0.115724
18.375  0.471239  0.211117  0.105579
18.375  0.502655  0.214091  0.173099
18.375  0.534071  0.17588  0.0901606
18.375  0.565487  0.218987  0.208848
18.375  0.596903  0.15396  0.194706
18.375  0.628319  0.2363  0.118505
18.375  0.659734  0.238782  0.229585
18.375  0.69115  1.02775  1.02719
18.375  0.722566  0.219426  0.211421
18.375  0.753982  0.258129  0.194053
18.375  0.785398  0.297462  0.299219
18.375  0.816814  0.683841  0.941541
18.375  0.84823  0.17371  0.201215
18.375  0.879646  2.19662  1.60373
18.375  0.911062  0.294867  0.21445
18.375  0.942478  0.689486  0.686431
18.375  0.973894  1.51755  1.73872
18.375  1.00531  0.235583  0.251931
18.375  1.03673  0.21638  0.18633
18.375  1.06814  0.404194  0.382909
18.375  1.09956  0.364188  0.202404
18.375  1.13097  0.563932  0.456588
18.375  1.16239  0.224711  0.239831
18.375  1.19381  0.206003  0.228158
18.375  1.22522  0.513118  0.500507
18.375  1.25664  0.153313  0.277678
18.375  1.28805  0.291903  0.341742
18.375  1.31947  2.85658  2.79496
18.375  1.35088  0.321268  0.270504
18.375  1.3823  0.718028  0.439857
18.375  1.41372  0.388172  0.446954
18.375  1.44513  0.254622  1.29297
18.375  1.47655  0.269478  0.299384
18.375  1.50796  0.341422  0.233254
18.375  1.53938  0.284416  0.250684
18.375  1.5708  0.385369  0.408311
18.375  1.60221  0.369893  0.247876
18.375  1.63363  0.403466  0.403347
18.375  1.66504  1.50663  1.30026
18.375  1.69646  0.240173  0.203477
18.375  1.72788  1.62487  1.0645
18.375  1.75929  0.994294  0.499714
18.375  1.79071  0.296618  0.344933
18.375  1.82212  3.11427  1.65017
18.375  1.85354  0.955747  0.77364
18.375  1.88496  0.143394  0.237758
18.375  1.91637  0.241276  0.266907
18.375  1.94779  0.923785  0.90791
18.375  1.9792  1.14519  0.865886
18.375  2.01062  0.175508  0.195891
18.375  2.04204  1.75419  1.58155
18.375  2.07345  0.198433  0.298673
18.375  2.10487  0.190585  0.234906
18.375  2.13628  0.257025  0.272678
18.375  2.1677  0.285354  0.189636
18.375  2.19911  2.21806  1.54695
18.375  2.23053  0.352484  0.234012
18.375  2.26195  0.118852  0.207641
18.375  2.29336  0.114646  0.111465
18.375  2.32478  0.292113  0.178491
18.375  2.35619  0.249293  0.180701
18.375  2.38761  0.176218  0.198291
18.375  2.41903  0.315051  0.208229
18.375  2.45044  0.270689  0.170918
18.375  2.48186  0.148394  0.157001
18.375  2.51327  0.12142  0.154602
18.375  2.54469  0.211523  0.149096
18.375  2.57611  0.0964629  0.118986
18.375  2.60752  0.200232  0.174792
18.375  2.63894  0.194932  0.165617
18.375  2.67035  0.199893  0.129441
18.375  2.70177  0.143931  0.0729548
18.375  2.73319  0.0778422  0.0500317
18.375  2.7646  0.089982  0.0537665
18.375  2.79602  0.0122211  0.0896767
18.375  2.82743  0.0660358  0.0651967
18.375  2.85885  0.0313469  0.0159955
18.375  2.89027  0.215845  1.98058
18.375  2.92168  0  0
18.375  2.9531  0  0
18.375  2.98451  0  0
18.375  3.01593  0  0
18.375  3.04734  0  0
18.375  3.07876  0  0
18.375  3.11018  0  0
18.5  0  0  0
18.5  0.0314159  0  0
18.5  0.0628319  0  0
18.5  0.0942478  0  0
18.5  0.125664  0  0
18.5  0.15708  0  0
18.5  0.188496  0.258759  1.70226
18.5  0.219911  0.00296798  0.0217786
18.5  0.251327  0.135766  0.135802
18.5  0.282743  0.0948232  0.0948645
18.5  0.314159  0.0239058  0.0444554
18.5  0.345575  0.0583086  0.0471997
18.5  0.376991  0.118948  0.117076
18.5  0.408407  0.191537  0.104845
18.5  0.439823  0.0450298  0.0935193
18.5  0.471239  0.229839  0.171606
18.5  0.502655  0.12399  0.125106
18.5  0.534071  0.239542  0.225168
18.5  0.565487  0.25028  0.148336
18.5  0.596903  0.299804  0.216338
18.5  0.628319  0.258798  0.18884
18.5  0.659734  0.333324  0.333324
18.5  0.69115  0.218127  0.280256
18.5  0.722566  0.176287  0.167426
18.5  0.753982  0.289458  0.266782
18.5  0.785398  0.213871  0.210947
18.5  0.816814  0.17228  0.248668
18.5  0.84823  0.457121  0.409885
18.5  0.879646  0.107508  0.102933
18.5  0.911062  0.249539  0.238734
18.5  0.942478  0.220872  0.200049
18.5  0.973894  0.177609  0.258857
18.5  1.00531  0.188332  0.257862
18.5  1.03673  1.56712  2.11203
18.5  1.06814  0.308023  0.210272
18.5  1.09956  0.344598  0.202193
18.5  1.13097  0.439033  0.395779
18.5  1.16239  0.363644  0.298378
18.5  1.19381  0.281143  1.33755
18.5  1.22522  0.28664  0.253638
18.5  1.25664  0.256629  0.244378
18.5  1.28805  2.50251  1.55809
18.5  1.31947  0.326853  0.294244
18.5  1.35088  1.0453  0.595148
18.5  1.3823  1.0417  1.09655
18.5  1.41372  1.41695  0.968575
18.5  1.44513  0.994088  0.703689
18.5  1.47655  1.63718  1.63399
18.5  1.50796  2.51559  2.01065
18.5  1.53938  1.29332  0.660278
18.5  1.5708  2.57355  2.52867
18.5  1.60221  2.65863  1.49213
18.5  1.63363  0.383397  0.280007
18.5  1.66504  1.14238  0.882142
18.5  1.69646  0.42601  0.38171
18.5  1.72788  0.671537  0.593456
18.5  1.75929  0.292087  0.307916
18.5  1.79071  0.203693  0.901685
18.5  1.82212  0.881723  0.809999
18.5  1.85354  1.40338  0.768168
18.5  1.88496  0.487901  0.454272
18.5  1.91637  1.88756  1.47022
18.5  1.94779  1.45118  1.10689
18.5  1.9792  0.235564  0.274475
18.5  2.01062  2.39272  1.30869
18.5  2.04204  0.308966  0.190236
18.5  2.07345  0.253848  0.287891
18.5  2.10487  1.00553  0.703353
18.5  2.13628  0.286589  0.246765
18.5  2.1677  0.235639  0.244477
18.5  2.19911  0.235049  0.178316
18.5  2.23053  0.115591  0.185793
18.5  2.26195  0.185854  0.173204
18.5  2.29336  2.04036  1.22409
18.5  2.32478  0.348126  0.226956
18.5  2.35619  0.314936  0.161445
18.5  2.38761  0.162285  0.147535
18.5  2.41903  0.277229  0.23512
18.5  2.45044  0.273467  0.237981
18.5  2.48186  0.310917  0.296578
18.5  2.51327  0.27843  0.258793
18.5  2.54469  0.11236  0.167128
18.5  2.57611  0.18467  0.200308
18.5  2.60752  0.290796  0.177012
18.5  2.63894  0.197884  0.120377
18.5  2.67035  0.177697  0.169584
18.5  2.70177  0.17938  0.112341
18.5  2.73319  0.178541  0.100744
18.5  2.7646  0.126899  0.0688405
18.5  2.79602  0.035647  0.0303652
18.5  2.82743  0.0262102  0.0662916
18.5  2.85885  0.0838225  0.0432511
18.5  2.89027  0.00209505  0.0153731
18.5  2.92168  0.000698349  0.00512438
18.5  2.9531  0  0
18.5  2.98451  0  0
18.5  3.01593  0  0
18.5  3.04734  0  0
18.5  3.07876  0  0
18.5  3.11018  0  0
18.625  0  0  0
18.625  0.0314159  0  0
18.625  0.0628319  0  0
18.625  0.0942478  0  0
18.625  0.125664  0  0
18.625  0.15708  0  0
18.625  0.188496  0  0
18.625  0.219911  0.0654425  0.047357
18.625  0.251327  0.0748993  0.0399164
18.625  0.282743  0.110774  0.0624507
18.625  0.314159  0.112533  0.0708866
18.625  0.345575  0.173716  0.163137
18.625  0.376991  0.159839  0.0899207
18.625  0.408407  0.0574786  0.100532
18.625  0.439823  0.239447  0.226473
18.625  0.471239  0.181143  0.0919258
18.625  0.502655  0.21576  0.220569
18.625  0.534071  0.140172  0.150694
18.625  0.565487  0.0702628  0.115116
18.625  0.596903  0.241398  0.120908
18.625  0.628319  0.171102  0.1923
18.625  0.659734  0.267102  0.133554
18.625  0.69115  0.145084  0.134752
18.625  0.722566  0.840461  0.840451
18.625  0.753982  0.143009  0.231347
18.625  0.785398  0.123697  0.197812
18.625  0.816814  0.124732  0.214034
18.625  0.84823  0.782557  0.593916
18.625  0.879646  0.223999  1.0593
18.625  0.911062  2.11243  1.72563
18.625  0.942478  0.375926  0.192038
18.625  0.973894  0.382585  0.191472
18.625  1.00531  0.879654  0.865145
18.625  1.03673  1.21114  0.990761
18.625  1.06814  1.47993  0.749535
18.625  1.09956  0.801647  0.767709
18.625  1.13097  0.421231  0.218332
18.625  1.16239  0.159423  0.319707
18.625  1.19381  2.23403  1.13985
18.625  1.22522  1.85381  0.933172
18.625  1.25664  0.269943  0.197
18.625  1.28805  0.275791  0.247283
18.625  1.31947  1.18125  0.994406
18.625  1.35088  0.373523  0.409895
18.625  1.3823  1.40888  1.22044
18.625  1.41372  0.44007  0.440068
18.625  1.44513  0.198256  0.215751
18.625  1.47655  2.03893  1.05998
18.625  1.50796  1.68782  1.66789
18.625  1.53938  1.80046  1.71932
18.625  1.5708  0.373843  0.353823
18.625  1.60221  0.868243  1.08045
18.625  1.63363  0.203618  0.326846
18.625  1.66504  0.354388  0.276866
18.625  1.69646  1.23868  1.06457
18.625  1.72788  1.74941  0.882267
18.625  1.75929  0.959995  0.768732
18.625  1.79071  0.263889  0.229045
18.625  1.82212  0.415147  0.345239
18.625  1.85354  0.209014  0.227491
18.625  1.88496  0.346776  0.251435
18.625  1.91637  0.4596  0.341201
18.625  1.94779  0.381217  0.365408
18.625  1.9792  1.28263  1.27558
18.625  2.01062  1.2517  1.1337
18.625  2.04204  1.34369  1.3113
18.625  2.07345  0.154686  0.264485
18.625  2.10487  0.188581  0.224377
18.625  2.13628  0.21591  0.2543
18.625  2.1677  0.204484  0.21306
18.625  2.19911  0.410901  0.312657
18.625  2.23053  0.292257  0.202749
18.625  2.26195  0.20049  0.216281
18.625  2.29336  0.331451  0.306648
18.625  2.32478  0.252736  0.260003
18.625  2.35619  0.0902939  0.102702
18.625  2.38761  0.245365  0.231517
18.625  2.41903  0.126821  0.196113
18.625  2.45044  0.18104  0.137238
18.625  2.48186  0.485159  0.407285
18.625  2.51327  0.238342  0.160654
18.625  2.54469  0.250837  0.138726
18.625  2.57611  0.19141  0.148384
18.625  2.60752  0.218223  0.218173
18.625  2.63894  0.126485  0.177563
18.625  2.67035  0.157828  0.0812108
18.625  2.70177  0.145226  0.0923751
18.625  2.73319  0.154442  0.147203
18.625  2.7646  0.116129  0.0796944
18.625  2.79602  0.113527  0.112407
18.625  2.82743  0.103201  0.0737883
18.625  2.85885  0.168245  0.08846
18.625  2.89027  0.246915  2.24128
18.625  2.92168  0.244339  1.34043
18.625  2.9531  0  0
18.625  2.98451  0  0
18.625  3.01593  0  0
18.625  3.04734  0  0
18.625  3.07876  0  0
18.625  3.11018  0  0
18.75  0  0  0
18.75  0.0314159  0  0
18.75  0.0628319  0  0
18.75  0.0942478  0  0
18.75  0.125664  0  0
18.75  0.15708  0  0
18.75  0.188496  0.258759  1.70226
18.75  0.219911  0.0655394  0.0494043
18.75  0.251327  0.170402  0.115403
18.75  0.282743  0.177999  0.165382
18.75  0.314159  0.0993865  0.0750472
18.75  0.345575  0.0893807  0.0852428
18.75  0.376991  0.162352  0.0915948
18.75  0.408407  0.191561  0.144137
18.75  0.439823  0.210106  0.113275
18.75  0.471239  0.173425  0.169555
18.75  0.502655  0.140103  0.13646
18.75  0.534071  0.0953632  0.132989
18.75  0.565487  0.203476  0.104301
18.75  0.596903  0.227274  0.121822
18.75  0.628319  0.266947  0.263797
18.75  0.659734  0.269813  0.187706
18.75  0.69115  0.193862  0.148663
18.75  0.722566  0.311715  0.192515
18.75  0.753982  0.275982  0.193688
18.75  0.785398  0.320007  0.216878
18.75  0.816814  0.160439  0.514934
18.75  0.84823  0.284368  0.28694
18.75  0.879646  0.205337  0.191243
18.75  0.911062  2.76899  1.51444
18.75  0.942478  0.22065  0.234459
18.75  0.973894  0.132864  0.242717
18.75  1.00531  0.198542  0.268771
18.75  1.03673  0.260179  0.258327
18.75  1.06814  0.640022  0.387373
18.75  1.09956  0.373349  0.230452
18.75  1.13097  0.349009  0.245683
18.75  1.16239  0.427048  0.220604
18.75  1.19381  0.256863  0.16441
18.75  1.22522  1.37663  1.82022
18.75  1.25664  0.371562  0.237894
18.75  1.28805  0.35735  0.253895
18.75  1.31947  2.55446  2.50418
18.75  1.35088  0.25955  0.228455
18.75  1.3823  0.456109  0.384961
18.75  1.41372  1.72937  1.37472
18.75  1.44513  1.53499  1.5218
18.75  1.47655  1.1186  0.927436
18.75  1.50796  0.435047  0.249494
18.75  1.53938  1.32617  1.45965
18.75  1.5708  2.5908  1.36796
18.75  1.60221  0.424565  0.212422
18.75  1.63363  2.0135  1.44805
18.75  1.66504  0.411064  0.471974
18.75  1.69646  0.400905  0.241069
18.75  1.72788  0.129808  0.213736
18.75  1.75929  0.262103  0.317009
18.75  1.79071  0.159389  0.349131
18.75  1.82212  0.141632  0.249792
18.75  1.85354  2.45876  2.43528
18.75  1.88496  0.973177  1.05345
18.75  1.91637  2.29505  1.96833
18.75  1.94779  0.372462  0.201385
18.75  1.9792  1.62693  1.14682
18.75  2.01062  0.414815  0.216014
18.75  2.04204  0.36775  0.319208
18.75  2.07345  2.04995  1.07514
18.75  2.10487  0.186718  0.233803
18.75  2.13628  0.319924  0.211297
18.75  2.1677  0.19138  0.204739
18.75  2.19911  0.448999  0.420425
18.75  2.23053  0.479242  0.289853
18.75  2.26195  1.11465  0.6328
18.75  2.29336  0.510333  0.311825
18.75  2.32478  0.168689  0.157614
18.75  2.35619  0.806584  0.432225
18.75  2.38761  0.219335  0.185068
18.75  2.41903  0.21273  0.23804
18.75  2.45044  0.164213  0.217739
18.75  2.48186  0.137398  0.168614
18.75  2.51327  0.290275  0.277928
18.75  2.54469  0.255287  0.167091
18.75  2.57611  0.221632  0.216882
18.75  2.60752  0.226744  0.225814
18.75  2.63894  0.161151  0.15801
18.75  2.67035  0.173443  0.137605
18.75  2.70177  0.200116  0.123946
18.75  2.73319  0.103773  0.0534958
18.75  2.7646  0.189695  0.144695
18.75  2.79602  0.17529  0.170385
18.75  2.82743  0.159575  0.120751
18.75  2.85885  0.258759  1.70226
18.75  2.89027  0.258759  1.70226
18.75  2.92168  0  0
18.75  2.9531  0  0
18.75  2.98451  0  0
18.75  3.01593  0  0
18.75  3.04734  0  0
18.75  3.07876  0  0
18.75  3.11018  0  0
18.875  0  0  0
18.875  0.0314159  0  0
18.875  0.0628319  0  0
18.875  0.0942478  0  0
18.875  0.125664  0  0
18.875  0.15708  0  0
18.875  0.188496  0.240951  2.28398
18.875  0.219911  0.14414  0.1365
18.875  0.251327  0.108484  0.0972166
18.875  0.282743  0.0888845  0.0487209
18.875  0.314159  0.112143  0.111464
18.875  0.345575  0.143273  0.141163
18.875  0.376991  0.0630752  0.0930225
18.875  0.408407  0.0531716  0.0855391
18.875  0.439823  0.154975  0.0818613
18.875  0.471239  0.126259  0.111977
18.875  0.502655  0.161154  0.152568
18.875  0.534071  0.237628  0.142494
18.875  0.565487  0.246607  0.124234
18.875  0.596903  0.234337  0.198415
18.875  0.628319  0.251179  0.137267
18.875  0.659734  1.39878  0.708659
18.875  0.69115  0.472744  0.404349
18.875  0.722566  0.212168  0.239521
18.875  0.753982  0.215335  0.251675
18.875  0.785398  0.168478  0.160371
18.875  0.816814  0.213358  1.16083
18.875  0.84823  0.181046  0.380716
18.875  0.879646  0.188808  0.181772
18.875  0.911062  0.968758  0.727375
18.875  0.942478  1.6269  1.41231
18.875  0.973894  1.52454  1.52447
18.875  1.00531  1.96581  1.7124
18.875  1.03673  0.163927  0.23296
18.875  1.06814  1.58075  1.2984
18.875  1.09956  0.31042  0.231272
18.875  1.13097  1.71009  1.52054
18.875  1.16239  1.08568  0.769646
18.875  1.19381  0.251974  0.26578
18.875  1.22522  0.290524  0.219868
18.875  1.25664  1.57733  1.41742
18.875  1.28805  1.03651  1.0328
18.875  1.31947  0.419025  0.417862
18.875  1.35088  0.314934  0.178935
18.875  1.3823  0.445283  0.318665
18.875  1.41372  0.308563  0.328494
18.875  1.44513  0.37202  0.248997
18.875  1.47655  0.316901  0.267368
18.875  1.50796  1.14754  0.653469
18.875  1.53938  0.417437  0.228928
18.875  1.5708  0.303541  0.326427
18.875  1.60221  0.233479  0.243045
18.875  1.63363  0.212257  0.224153
18.875  1.66504  1.83004  1.24021
18.875  1.69646  0.180872  0.879552
18.875  1.72788  0.202767  0.663337
18.875  1.75929  1.50901  0.895633
18.875  1.79071  0.776728  0.703646
18.875  1.82212  0.754458  0.529049
18.875  1.85354  0.326086  0.314221
18.875  1.88496  0.39729  0.313114
18.875  1.91637  0.424599  0.294988
18.875  1.94779  0.991406  0.825453
18.875  1.9792  0.256994  0.256244
18.875  2.01062  0.325546  0.185684
18.875  2.04204  0.622223  0.467393
18.875  2.07345  1.36298  1.33764
18.875  2.10487  0.707861  0.395235
18.875  2.13628  1.32482  1.54749
18.875  2.1677  0.271416  0.30473
18.875  2.19911  0.32488  0.230005
18.875  2.23053  0.787732  0.745938
18.875  2.26195  0.225219  0.230133
18.875  2.29336  0.148617  0.471412
18.875  2.32478  0.125819  0.233511
18.875  2.35619  0.194761  0.159743
18.875  2.38761  0.26911  0.17146
18.875  2.41903  0.202283  0.170239
18.875  2.45044  0.197714  0.236892
18.875  2.48186  0.159841  0.187589
18.875  2.51327  0.26355  0.234289
18.875  2.54469  0.224754  0.135993
18.875  2.57611  0.242027  0.15694
18.875  2.60752  0.206477  0.109052
18.875  2.63894  0.211357  0.14444
18.875  2.67035  0.114148  0.110175
18.875  2.70177  0.17816  0.143945
18.875  2.73319  0.141413  0.0893352
18.875  2.7646  0.129951  0.0716857
18.875  2.79602  0.0856611  0.047212
18.875  2.82743  0.0173598  0.0485747
18.875  2.85885  0.0562143  0.0538641
18.875  2.89027  0.0654336  0.0405112
18.875  2.92168  0  0
18.875  2.9531  0  0
18.875  2.98451  0  0
18.875  3.01593  0  0
18.875  3.04734  0  0
18.875  3.07876  0  0
18.875  3.11018  0  0
19  0  0  0
19  0.0314159  0  0
19  0.0628319  0  0
19  0.0942478  0  0
19  0.125664  0  0
19  0.15708  0  0
19  0.188496  0.258759  1.70226
19  0.219911  0.076958  0.0674595
19  0.251327  0.0917595  0.0855078
19  0.282743  0.12715  0.0635782
19  0.314159  0.208298  0.19785
19  0.345575  0.126335  0.120717
19  0.376991  0.210602  0.207055
19  0.408407  0.215052  0.194837
19  0.439823  0.131347  0.151749
19  0.471239  0.308144  0.236727
19  0.502655  0.237451  0.209185
19  0.534071  0.143877  0.129669
19  0.565487  0.176179  0.14683
19  0.596903  0.280339  0.143047
19  0.628319  0.312691  0.183012
19  0.659734  0.23966  0.176442
19  0.69115  0.330396  0.283815
19  0.722566  0.178595  0.213016
19  0.753982  0.146132  0.149782
19  0.785398  0.288163  0.287598
19  0.816814  0.1977  0.247898
19  0.84823  0.14518  0.399482
19  0.879646  0.236176  1.05879
19  0.911062  0.327164  0.225253
19  0.942478  0.162792  0.168645
19  0.973894  0.400074  0.226898
19  1.00531  0.192778  0.493991
19  1.03673  0.38897  0.286142
19  1.06814  0.648665  0.325785
19  1.09956  3.04973  2.31128
19  1.13097  0.349549  0.235016
19  1.16239  0.397419  0.27487
19  1.19381  3.07105  1.56369
19  1.22522  2.60278  2.28725
19  1.25664  2.18339  1.41963
19  1.28805  1.99436  1.27721
19  1.31947  0.937889  0.541277
19  1.35088  0.43058  0.352838
19  1.3823  2.26298  1.29009
19  1.41372  0.204425  0.252359
19  1.44513  1.10127  1.08576
19  1.47655  2.32354  1.7401
19  1.50796  1.01347  0.824083
19  1.53938  0.251838  0.828582
19  1.5708  1.68253  1.0484
19  1.60221  1.72071  0.86267
19  1.63363  1.39334  0.938603
19  1.66504  1.81419  1.31645
19  1.69646  0.404719  0.233331
19  1.72788  1.0976  1.0839
19  1.75929  1.05745  0.53313
19  1.79071  0.317123  0.298804
19  1.82212  2.36818  2.08263
19  1.85354  1.34998  1.25318
19  1.88496  1.93689  1.93584
19  1.91637  0.226196  0.277624
19  1.94779  0.726524  0.652332
19  1.9792  0.908655  0.639807
19  2.01062  1.32132  0.661371
19  2.04204  0.198379  0.219508
19  2.07345  0.294554  0.290555
19  2.10487  1.79544  0.897721
19  2.13628  1.26044  0.801082
19  2.1677  0.259681  0.269089
19  2.19911  0.197333  0.213319
19  2.23053  0.151564  0.246158
19  2.26195  0.290681  0.170836
19  2.29336  0.51652  0.473693
19  2.32478  0.231507  0.156705
19  2.35619  0.242767  0.147823
19  2.38761  0.113004  0.185947
19  2.41903  0.190135  0.158685
19  2.45044  0.318416  0.197627
19  2.48186  0.215072  0.200901
19  2.51327  0.152951  0.210705
19  2.54469  0.157626  0.161372
19  2.57611  0.241831  0.122052
19  2.60752  0.0775582  0.110319
19  2.63894  0.16841  0.16788
19  2.67035  0.0648023  0.135016
19  2.70177  0.114148  0.0701629
19  2.73319  0.1382  0.0766117
19  2.7646  0.139529  0.0697966
19  2.79602  0.151433  0.0760806
19  2.82743  0.200642  0.147673
19  2.85885  0.148431  0.0784852
19  2.89027  0.0810797  0.0766223
19  2.92168  0  0
19  2.9531  0  0
19  2.98451  0  0
19  3.01593  0  0
19  3.04734  0  0
19  3.07876  0  0
19  3.11018  0  0
19.125  0  0  0
19.125  0.0314159  0  0
19.125  0.0628319  0  0
19.125  0.0942478  0  0
19.125  0.125664  0  0
19.125  0.15708  0  0
19.125  0.188496  0  0
19.125  0.219911  0.00419009  0.0307463
19.125  0.251327  0.248805  2.12272
19.125  0.282743  0.107154  0.105759
19.125  0.314159  0.0501504  0.0258423
19.125  0.345575  0.146099  0.086414
19.125  0.376991  0.126799  0.0759261
19.125  0.408407  0.201528  0.115895
19.125  0.439823  0.147125  0.146906
19.125  0.471239  0.116977  0.0943735
19.125  0.502655  0.120187  0.102
19.125  0.534071  0.105498  0.165554
19.125  0.565487  0.205364  0.102705
19.125  0.596903  0.28606  0.214463
19.125  0.628319  0.231983  0.167908
19.125  0.659734  0.294157  0.227559
19.125  0.69115  0.129351  0.15001
19.125  0.722566  0.478815  0.404346
19.125  0.753982  0.330849  0.321688
19.125  0.785398  0.313381  0.195017
19.125  0.816814  0.879191  0.784629
19.125  0.84823  0.342037  0.204206
19.125  0.879646  0.124241  0.197124
19.125  0.911062  0.684123  0.362495
19.125  0.942478  0.223446  0.197571
19.125  0.973894  0.350261  0.205031
19.125  1.00531  0.413654  0.345342
19.125  1.03673  1.16783  0.879643
19.125  1.06814  0.337791  0.309679
19.125  1.09956  0.231593  0.249419
19.125  1.13097  2.02192  2.02128
19.125  1.16239  0.363014  0.268168
19.125  1.19381  0.459234  0.425092
19.125  1.22522  0.271987  0.289213
19.125  1.25664  0.422475  0.418849
19.125  1.28805  1.82465  0.928086
19.125  1.31947  0.546115  0.323469
19.125  1.35088  1.3477  0.687591
19.125  1.3823  0.220154  0.322481
19.125  1.41372  1.44694  1.43674
19.125  1.44513  1.84304  0.975524
19.125  1.47655  2.17127  1.20552
19.125  1.50796  1.97146  1.22238
19.125  1.53938  0.382359  0.350541
19.125  1.5708  0.359141  0.426588
19.125  1.60221  0.184321  0.196798
19.125  1.63363  0.640339  0.624499
19.125  1.66504  0.243812  0.265732
19.125  1.69646  1.3032  1.30104
19.125  1.72788  0.322064  0.31463
19.125  1.75929  2.05539  2.04807
19.125  1.79071  0.76819  0.403078
19.125  1.82212  0.90341  0.454724
19.125  1.85354  0.878163  0.50211
19.125  1.88496  0.98701  0.668639
19.125  1.91637  0.154166  0.237881
19.125  1.94779  0.313876  1.10328
19.125  1.9792  0.697485  0.633663
19.125  2.01062  0.840523  0.740552
19.125  2.04204  0.375989  1.53508
19.125  2.07345  2.35778  1.36105
19.125  2.10487  0.2628  0.30364
19.125  2.13628  0.302731  0.233606
19.125  2.1677  1.68674  2.00544
19.125  2.19911  2.03444  1.32861
19.125  2.23053  1.47374  1.27544
19.125  2.26195  0.296787  0.259704
19.125  2.29336  0.214533  0.21683
19.125  2.32478  2.87883  2.69841
19.125  2.35619  0.165783  0.198557
19.125  2.38761  0.166855  0.480466
19.125  2.41903  0.178382  0.192229
19.125  2.45044  0.118054  0.154832
19.125  2.48186  0.31489  0.282842
19.125  2.51327  0.190471  0.165442
19.125  2.54469  0.250668  0.171957
19.125  2.57611  0.0796837  0.0970293
19.125  2.60752  0.270941  0.267757
19.125  2.63894  0.251494  0.131221
19.125  2.67035  0.169926  0.149632
19.125  2.70177  0.206613  0.157907
19.125  2.73319  0.133728  0.0794948
19.125  2.7646  0.191494  0.184895
19.125  2.79602  0.06948  0.0446
19.125  2.82743  0.00375534  0.0297807
19.125  2.85885  0.0209778  0.0200951
19.125  2.89027  0.00698349  0.0512438
19.125  2.92168  0  0
19.125  2.9531  0  0
19.125  2.98451  0  0
19.125  3.01593  0  0
19.125  3.04734  0  0
19.125  3.07876  0  0
19.125  3.11018  0  0
19.25  0  0  0
19.25  0.0314159  0  0
19.25  0.0628319  0  0
19.25  0.0942478  0  0
19.25  0.125664  0  0
19.25  0.15708  0  0
19.25  0.188496  0  0
19.25  0.219911  0.258759  1.70226
19.25  0.251327  0.0589733  0.0543952
19.25  0.282743  0.0765965  0.0725374
19.25  0.314159  0.0860827  0.0859142
19.25  0.345575  0.267902  0.139246
19.25  0.376991  0.144247  0.105239
19.25  0.408407  0.243889  0.122108
19.25  0.439823  0.112623  0.0695052
19.25  0.471239  0.141926  0.186753
19.25  0.502655  0.164453  0.123695
19.25  0.534071  0.198114  0.0998282
19.25  0.565487  0.244064  0.241704
19.25  0.596903  0.161807  0.174863
19.25  0.628319  0.226755  0.2226
19.25  0.659734  0.210557  0.141735
19.25  0.69115  0.137601  0.163145
19.25  0.722566  0.317601  0.158815
19.25  0.753982  0.206562  0.225457
19.25  0.785398  0.274653  0.258306
19.25  0.816814  2.26082  1.44343
19.25  0.84823  0.4264  0.415876
19.25  0.879646  0.208278  0.231426
19.25  0.911062  0.158754  0.211643
19.25  0.942478  0.336726  0.207388
19.25  0.973894  0.305216  0.196929
19.25  1.00531  0.344441  0.36683
19.25  1.03673  0.690754  0.520058
19.25  1.06814  1.39  1.16247
19.25  1.09956  0.362485  0.299925
19.25  1.13097  0.355123  0.356979
19.25  1.16239  2.17214  1.99751
19.25  1.19381  1.82609  1.76153
19.25  1.22522  2.42374  1.52401
19.25  1.25664  2.17713  1.83932
19.25  1.28805  1.52186  1.52173
19.25  1.31947  2.3035  2.2707
19.25  1.35088  2.2749  1.17625
19.25  1.3823  1.34827  0.676191
19.25  1.41372  0.162858  0.345353
19.25  1.44513  1.51873  0.970858
19.25  1.47655  1.33199  0.669071
19.25  1.50796  2.90108  2.89069
19.25  1.53938  0.934073  0.868609
19.25  1.5708  1.86723  1.02339
19.25  1.60221  0.226411  0.260067
19.25  1.63363  0.768357  0.469313
19.25  1.66504  0.182322  0.228301
19.25  1.69646  0.405688  0.20671
19.25  1.72788  0.139788  0.292718
19.25  1.75929  1.79192  1.42257
19.25  1.79071  1.40514  0.83117
19.25  1.82212  1.87633  1.00449
19.25  1.85354  0.65444  0.637051
19.25  1.88496  2.31307  1.51442
19.25  1.91637  0.6846  0.454175
19.25  1.94779  0.431824  0.218611
19.25  1.9792  0.333035  0.293454
19.25  2.01062  2.73897  2.68404
19.25  2.04204  0.680216  0.642175
19.25  2.07345  2.02175  1.9099
19.25  2.10487  0.416437  0.381697
19.25  2.13628  1.75998  1.17097
19.25  2.1677  0.222077  0.199115
19.25  2.19911  0.716555  0.379933
19.25  2.23053  0.922571  0.757474
19.25  2.26195  0.233454  0.232506
19.25  2.29336  0.116314  0.215027
19.25  2.32478  1.17492  0.711014
19.25  2.35619  0.169595  0.155787
19.25  2.38761  0.417078  0.335584
19.25  2.41903  0.170999  0.205792
19.25  2.45044  0.203484  0.243472
19.25  2.48186  0.252526  0.218704
19.25  2.51327  0.0976996  0.1645
19.25  2.54469  0.27793  0.209469
19.25  2.57611  0.193467  0.0968911
19.25  2.60752  0.271903  0.229539
19.25  2.63894  0.227085  0.192221
19.25  2.67035  0.0679441  0.099757
19.25  2.70177  0.137819  0.093163
19.25  2.73319  0.151536  0.147056
19.25  2.7646  0.18562  0.16841
19.25  2.79602  0.126036  0.0867012
19.25  2.82743  0.0123515  0.0125163
19.25  2.85885  0.00149169  0.00409709
19.25  2.89027  0.0683722  0.0392611
19.25  2.92168  0.0054122  0.039714
19.25  2.9531  0  0
19.25  2.98451  0  0
19.25  3.01593  0  0
19.25  3.04734  0  0
19.25  3.07876  0  0
19.25  3.11018  0  0
19.375  0  0  0
19.375  0.0314159  0  0
19.375  0.0628319  0  0
19.375  0.0942478  0  0
19.375  0.125664  0  0
19.375  0.15708  0  0
19.375  0.188496  0  0
19.375  0.219911  0.0745264  0.0389382
19.375  0.251327  0.0717877  0.0400026
19.375  0.282743  0.137913  0.0884768
19.375  0.314159  0.262048  0.183216
19.375  0.345575  0.171117  0.152484
19.375  0.376991  0.144504  0.0751773
19.375  0.408407  0.119137  0.0605683
19.375  0.439823  0.0913687  0.143994
19.375  0.471239  0.128151  0.110921
19.375  0.502655  0.0677926  0.150204
19.375  0.534071  0.206523  0.117087
19.375  0.565487  0.227315  0.117342
19.375  0.596903  0.148303  0.191197
19.375  0.628319  0.634007  0.452311
19.375  0.659734  0.293197  0.149277
19.375  0.69115  0.236594  0.160391
19.375  0.722566  0.177994  0.148555
19.375  0.753982  0.14239  0.224685
19.375  0.785398  0.346094  0.349554
19.375  0.816814  0.308809  0.305497
19.375  0.84823  0.165396  0.252932
19.375  0.879646  0.22755  0.293075
19.375  0.911062  0.307082  0.183635
19.375  0.942478  3.18593  2.45178
19.375  0.973894  0.182993  0.51993
19.375  1.00531  0.392051  0.40692
19.375  1.03673  0.239071  0.245021
19.375  1.06814  0.333759  0.215222
19.375  1.09956  0.325449  0.201869
19.375  1.13097  1.02337  0.995391
19.375  1.16239  1.46269  0.775021
19.375  1.19381  0.502937  0.325751
19.375  1.22522  2.51813  1.64935
19.375  1.25664  1.62023  1.24311
19.375  1.28805  1.31939  1.17764
19.375  1.31947  0.201356  0.291602
19.375  1.35088  2.17268  2.10783
19.375  1.3823  1.26033  0.842882
19.375  1.41372  0.450482  0.451046
19.375  1.44513  0.46398  0.234464
19.375  1.47655  1.53838  0.814286
19.375  1.50796  2.34808  1.24437
19.375  1.53938  0.490028  0.290678
19.375  1.5708  0.369636  0.316856
19.375  1.60221  1.67288  0.841091
19.375  1.63363  1.00627  0.578765
19.375  1.66504  3.05294  2.69662
19.375  1.69646  1.50651  0.821186
19.375  1.72788  2.94439  2.5671
19.375  1.75929  1.2176  1.08082
19.375  1.79071  0.374679  0.374214
19.375  1.82212  0.278021  0.306654
19.375  1.85354  0.977175  0.506627
19.375  1.88496  0.378282  0.290733
19.375  1.91637  0.25258  0.226911
19.375  1.94779  0.222192  0.20629
19.375  1.9792  0.131286  0.262278
19.375  2.01062  0.268805  0.268436
19.375  2.04204  0.558959  0.371893
19.375  2.07345  0.454223  0.637531
19.375  2.10487  0.336583  0.237847
19.375  2.13628  0.548809  0.5488
19.375  2.1677  0.258035  0.264583
19.375  2.19911  0.348924  0.192926
19.375  2.23053  0.288294  0.177053
19.375  2.26195  0.276335  0.207264
19.375  2.29336  0.578456  0.320499
19.375  2.32478  0.171183  0.379027
19.375  2.35619  0.119048  0.197359
19.375  2.38761  0.136969  0.143412
19.375  2.41903  0.406017  0.386728
19.375  2.45044  0.102681  0.17708
19.375  2.48186  0.251345  0.141045
19.375  2.51327  0.0897075  0.120765
19.375  2.54469  0.266792  0.243022
19.375  2.57611  0.178556  0.136325
19.375  2.60752  0.183014  0.156094
19.375  2.63894  0.172127  0.0898616
19.375  2.67035  0.194011  0.101751
19.375  2.70177  0.161978  0.10447
19.375  2.73319  0.12918  0.0829349
19.375  2.7646  0.0669823  0.0434625
19.375  2.79602  0.105215  0.0621553
19.375  2.82743  0.0775872  0.0739772
19.375  2.85885  0.00611055  0.0448383
19.375  2.89027  0.0274576  0.135103
19.375  2.92168  0.246892  2.24163
19.375  2.9531  0  0
19.375  2.98451  0  0
19.375  3.01593  0  0
19.375  3.04734  0  0
19.375  3.07876  0  0
19.375  3.11018  0  0
19.5  0  0  0
19.5  0.0314159  0  0
19.5  0.0628319  0  0
19.5  0.0942478  0  0
19.5  0.125664  0  0
19.5  0.15708  0  0
19.5  0.188496  0.136061  0.0716404
19.5  0.219911  0  0
19.5  0.251327  0.109223  0.106703
19.5  0.282743  0.134939  0.0892275
19.5  0.314159  0.159297  0.1262
19.5  0.345575  0.192621  0.105501
19.5  0.376991  0.214288  0.207363
19.5  0.408407  0.167901  0.148003
19.5  0.439823  0.157706  0.093403
19.5  0.471239  0.231897  0.174993
19.5  0.502655  0.243233  0.124694
19.5  0.534071  0.23847  0.135348
19.5  0.565487  0.0735861  0.0990701
19.5  0.596903  0.244457  0.122713
19.5  0.628319  0.285219  0.183677
19.5  0.659734  0.222299  0.205394
19.5  0.69115  0.27478  0.172971
19.5  0.722566  0.5854  0.316766
19.5  0.753982  0.220866  0.16689
19.5  0.785398  0.315026  0.189507
19.5  0.816814  0.173044  0.186726
19.5  0.84823  0.329858  0.275052
19.5  0.879646  0.182404  0.2581
19.5  0.911062  2.01698  1.7342
19.5  0.942478  0.220574  0.202215
19.5  0.973894  2.11651  1.3118
19.5  1.00531  0.179489  0.259827
19.5  1.03673  0.306898  0.251071
19.5  1.06814  3.14113  2.50987
19.5  1.09956  0.206347  0.274058
19.5  1.13097  0.229167  0.276882
19.5  1.16239  0.433622  0.226234
19.5  1.19381  0.183838  0.205121
19.5  1.22522  0.287308  0.249421
19.5  1.25664  1.18874  1.15992
19.5  1.28805  1.84138  1.55967
19.5  1.31947  0.824936  0.72626
19.5  1.35088  0.501578  0.260851
19.5  1.3823  0.951799  0.493928
19.5  1.41372  1.0121  0.813884
19.5  1.44513  0.214129  0.911344
19.5  1.47655  1.66267  1.4782
19.5  1.50796  2.22498  2.13712
19.5  1.53938  2.03288  1.02202
19.5  1.5708  1.65384  1.00937
19.5  1.60221  0.421997  0.286648
19.5  1.63363  1.99856  1.09496
19.5  1.66504  1.90194  1.38462
19.5  1.69646  0.348657  0.337676
19.5  1.72788  0.409054  0.408742
19.5  1.75929  0.355562  0.354479
19.5  1.79071  0.213116  0.499954
19.5  1.82212  0.273579  0.231785
19.5  1.85354  3.31697  2.30644
19.5  1.88496  2.10502  1.43609
19.5  1.91637  1.81467  1.59054
19.5  1.94779  0.455442  0.394025
19.5  1.9792  2.1024  1.21191
19.5  2.01062  0.330227  0.186173
19.5  2.04204  1.92357  1.6498
19.5  2.07345  0.323192  0.251337
19.5  2.10487  0.333473  0.182127
19.5  2.13628  1.77928  1.77695
19.5  2.1677  0.189176  0.19201
19.5  2.19911  0.238328  0.28191
19.5  2.23053  0.69606  0.543398
19.5  2.26195  0.145311  0.193582
19.5  2.29336  0.311965  0.272455
19.5  2.32478  0.58532  0.374514
19.5  2.35619  0.529924  0.295642
19.5  2.38761  0.218804  0.126211
19.5  2.41903  0.116021  0.187681
19.5  2.45044  0.142661  1.05039
19.5  2.48186  0.205994  0.219368
19.5  2.51327  0.128003  0.13773
19.5  2.54469  0.200269  0.162331
19.5  2.57611  0.245579  0.218983
19.5  2.60752  0.23733  0.139529
19.5  2.63894  0.0918821  0.114988
19.5  2.67035  0.107664  0.167331
19.5  2.70177  0.0569544  0.123589
19.5  2.73319  0.137244  0.0971739
19.5  2.7646  0.134009  0.114725
19.5  2.79602  0.117249  0.116395
19.5  2.82743  0.117976  0.0849346
19.5  2.85885  0.248805  2.12272
19.5  2.89027  0.258759  1.70226
19.5  2.92168  0.0068089  0.0499627
19.5  2.9531  0  0
19.5  2.98451  0  0
19.5  3.01593  0  0
19.5  3.04734  0  0
19.5  3.07876  0  0
19.5  3.11018  0  0
19.625  0  0  0
19.625  0.0314159  0  0
19.625  0.0628319  0  0
19.625  0.0942478  0  0
19.625  0.125664  0  0
19.625  0.15708  0  0
19.625  0.188496  0  0
19.625  0.219911  0.0605543  0.0868749
19.625  0.251327  0.0778899  0.0740038
19.625  0.282743  0.151963  0.10774
19.625  0.314159  0.148673  0.0808097
19.625  0.345575  0.173702  0.088909
19.625  0.376991  0.163566  0.0877136
19.625  0.408407  0.23711  0.23256
19.625  0.439823  0.162494  0.0850447
19.625  0.471239  0.179837  0.161733
19.625  0.502655  0.200462  0.139015
19.625  0.534071  1.89706  1.89567
19.625  0.565487  0.0881479  0.10415
19.625  0.596903  0.238491  0.174846
19.625  0.628319  0.194098  0.104252
19.625  0.659734  0.137225  0.19233
19.625  0.69115  0.262757  0.257509
19.625  0.722566  0.189525  0.177192
19.625  0.753982  0.208554  0.238593
19.625  0.785398  0.242596  0.227788
19.625  0.816814  0.267874  0.289091
19.625  0.84823  0.127935  0.193654
19.625  0.879646  0.822081  0.826111
19.625  0.911062  0.180614  0.236311
19.625  0.942478  0.206095  0.18217
19.625  0.973894  1.32647  0.708747
19.625  1.00531  0.367041  0.294104
19.625  1.03673  2.55446  1.44659
19.625  1.06814  1.64966  2.42327
19.625  1.09956  0.349839  1.06585
19.625  1.13097  1.3268  0.663589
19.625  1.16239  0.417109  0.26134
19.625  1.19381  0.767303  0.666045
19.625  1.22522  0.225331  0.279694
19.625  1.25664  0.711107  0.705036
19.625  1.28805  2.47316  1.32623
19.625  1.31947  1.20646  0.957874
19.625  1.35088  0.416301  0.357894
19.625  1.3823  1.60557  1.33662
19.625  1.41372  1.69299  1.38654
19.625  1.44513  0.282222  1.17007
19.625  1.47655  3.45994  3.3109
19.625  1.50796  0.498819  0.334847
19.625  1.53938  2.4997  2.24962
19.625  1.5708  0.267504  0.300429
19.625  1.60221  1.22941  1.13692
19.625  1.63363  0.700392  0.627311
19.625  1.66504  0.868717  0.553669
19.625  1.69646  0.182422  0.902076
19.625  1.72788  2.60423  2.29195
19.625  1.75929  2.48512  1.74313
19.625  1.79071  1.60831  1.60785
19.625  1.82212  0.527979  0.485832
19.625  1.85354  0.419754  0.375329
19.625  1.88496  0.188538  0.190923
19.625  1.91637  0.384688  0.424569
19.625  1.94779  0.629498  0.342143
19.625  1.9792  0.702813  0.444632
19.625  2.01062  0.409455  0.208341
19.625  2.04204  0.294069  0.24519
19.625  2.07345  0.579878  0.56409
19.625  2.10487  2.38204  1.72818
19.625  2.13628  0.822712  1.37245
19.625  2.1677  0.247167  0.261844
19.625  2.19911  0.345005  0.353223
19.625  2.23053  0.379036  0.339914
19.625  2.26195  0.308976  0.305628
19.625  2.29336  0.32888  0.338602
19.625  2.32478  0.159151  0.268443
19.625  2.35619  0.151579  0.178939
19.625  2.38761  0.269383  0.211878
19.625  2.41903  0.143022  0.165231
19.625  2.45044  0.191419  0.226026
19.625  2.48186  0.091507  0.167595
19.625  2.51327  0.190429  0.121649
19.625  2.54469  0.0705487  0.127886
19.625  2.57611  0.139037  0.203729
19.625  2.60752  0.272886  0.140358
19.625  2.63894  0.177294  0.125983
19.625  2.67035  0.158731  0.152644
19.625  2.70177  0.178896  0.0915248
19.625  2.73319  0.183934  0.0929749
19.625  2.7646  0.135724  0.0855594
19.625  2.79602  0.0488999  0.0797841
19.625  2.82743  0.0657662  0.063036
19.625  2.85885  0.00558679  0.040995
19.625  2.89027  0.0677812  0.0433822
19.625  2.92168  0.0213485  0.0164473
19.625  2.9531  0  0
19.625  2.98451  0  0
19.625  3.01593  0  0
19.625  3.04734  0  0
19.625  3.07876  0  0
19.625  3.11018  0  0
19.75  0  0  0
19.75  0.0314159  0  0
19.75  0.0628319  0  0
19.75  0.0942478  0  0
19.75  0.125664  0  0
19.75  0.15708  0  0
19.75  0.188496  0.25876  1.70225
19.75  0.219911  0.0518396  0.0282136
19.75  0.251327  0.124405  0.0622575
19.75  0.282743  0.086965  0.0438912
19.75  0.314159  0.144627  0.141554
19.75  0.345575  0.0893922  0.114666
19.75  0.376991  0.0619692  0.104751
19.75  0.408407  0.0776175  0.0727713
19.75  0.439823  0.16447  0.112162
19.75  0.471239  0.163817  0.111134
19.75  0.502655  0.190276  0.184606
19.75  0.534071  0.0872449  0.123466
19.75  0.565487  0.235943  0.188521
19.75  0.596903  0.274846  0.272005
19.75  0.628319  2.64809  1.33757
19.75  0.659734  0.25669  0.158393
19.75  0.69115  0.170421  0.141244
19.75  0.722566  0.164542  0.179326
19.75  0.753982  0.141418  0.18642
19.75  0.785398  0.248994  0.181628
19.75  0.816814  2.2318  1.28106
19.75  0.84823  0.139493  0.20046
19.75  0.879646  0.154363  0.212675
19.75  0.911062  0.458649  0.447098
19.75  0.942478  0.298896  0.252459
19.75  0.973894  0.134474  0.217718
19.75  1.00531  0.263152  1.06984
19.75  1.03673  0.344292  0.251851
19.75  1.06814  0.885924  0.485871
19.75  1.09956  0.958046  1.30839
19.75  1.13097  1.68709  1.23211
19.75  1.16239  1.00954  0.776111
19.75  1.19381  1.5247  1.52375
19.75  1.22522  1.10986  1.05656
19.75  1.25664  1.98917  1.36668
19.75  1.28805  1.01896  0.95961
19.75  1.31947  1.90997  1.69188
19.75  1.35088  1.4707  1.2252
19.75  1.3823  1.74339  0.877168
19.75  1.41372  0.413181  0.363456
19.75  1.44513  2.25152  2.2364
19.75  1.47655  1.02389  0.664163
19.75  1.50796  0.505314  0.459143
19.75  1.53938  2.56198  1.59406
19.75  1.5708  1.62271  1.41661
19.75  1.60221  0.389517  0.215563
19.75  1.63363  0.371771  0.339412
19.75  1.66504  2.59865  1.78068
19.75  1.69646  0.777684  1.0518
19.75  1.72788  1.35256  0.687753
19.75  1.75929  1.4745  1.03316
19.75  1.79071  1.98502  1.37022
19.75  1.82212  0.907718  0.897219
19.75  1.85354  0.614411  0.701766
19.75  1.88496  0.899239  0.898959
19.75  1.91637  1.63071  1.59337
19.75  1.94779  0.258757  0.266687
19.75  1.9792  1.97285  1.11627
19.75  2.01062  0.832338  0.436379
19.75  2.04204  0.13016  0.257876
19.75  2.07345  0.832582  0.850419
19.75  2.10487  2.28514  2.17925
19.75  2.13628  0.194653  0.182037
19.75  2.1677  0.240834  0.226189
19.75  2.19911  0.281337  0.197486
19.75  2.23053  0.260168  0.138935
19.75  2.26195  0.362113  0.222835
19.75  2.29336  0.371329  0.186846
19.75  2.32478  3.20938  3.20731
19.75  2.35619  0.210574  0.190091
19.75  2.38761  0.182285  0.221996
19.75  2.41903  0.322536  0.318465
19.75  2.45044  0.205905  0.14146
19.75  2.48186  0.258229  0.184741
19.75  2.51327  0.240638  0.173905
19.75  2.54469  0.0771996  0.0984099
19.75  2.57611  0.204999  0.156957
19.75  2.60752  0.190479  0.16559
19.75  2.63894  0.060615  0.103785
19.75  2.67035  0.110826  0.0673329
19.75  2.70177  0.067144  0.0992545
19.75  2.73319  0.102116  0.0781876
19.75  2.7646  0.0892792  0.0706444
19.75  2.79602  0.104629  0.053647
19.75  2.82743  0.126292  0.122753
19.75  2.85885  0.107628  0.0781321
19.75  2.89027  0.0682499  0.063942
19.75  2.92168  0  0
19.75  2.9531  0  0
19.75  2.98451  0  0
19.75  3.01593  0  0
19.75  3.04734  0  0
19.75  3.07876  0  0
19.75  3.11018  0  0
19.875  0  0  0
19.875  0.0314159  0  0
19.875  0.0628319  0  0
19.875  0.0942478  0  0
19.875  0.125664  0  0
19.875  0.15708  0  0
19.875  0.188496  0.0577751  0.0302508
19.875  0.219911  0.258759  1.70227
19.875  0.251327  0.114847  0.09245
19.875  0.282743  0.000174587  0.0012811
19.875  0.314159  0.109202  0.0613795
19.875  0.345575  0.0321964  0.0796363
19.875  0.376991  0.188403  0.128386
19.875  0.408407  0.195085  0.182516
19.875  0.439823  0.142263  0.0759398
19.875  0.471239  0.101455  0.136495
19.875  0.502655  0.0777234  0.121176
19.875  0.534071  0.257652  0.167663
19.875  0.565487  0.156506  0.14758
19.875  0.596903  0.211178  0.179644
19.875  0.628319  0.0991553  0.148361
19.875  0.659734  0.156369  0.19888
19.875  0.69115  0.225187  0.145607
19.875  0.722566  0.24785  0.292446
19.875  0.753982  0.276247  0.312378
19.875  0.785398  1.63198  0.891348
19.875  0.816814  0.175467  0.176798
19.875  0.84823  0.683927  0.360872
19.875  0.879646  0.342449  0.344379
19.875  0.911062  0.205702  0.253964
19.875  0.942478  1.44365  1.29065
19.875  0.973894  1.56877  0.814023
19.875  1.00531  0.225964  0.238374
19.875  1.03673  2.32325  1.94247
19.875  1.06814  2.7065  2.3667
19.875  1.09956  0.365064  0.317465
19.875  1.13097  0.396475  0.394828
19.875  1.16239  0.428952  0.226698
19.875  1.19381  0.890573  0.505156
19.875  1.22522  2.14002  1.48146
19.875  1.25664  1.66406  0.879543
19.875  1.28805  1.0859  0.962761
19.875  1.31947  1.16604  1.15196
19.875  1.35088  0.231041  1.10611
19.875  1.3823  0.237725  0.264589
19.875  1.41372  0.204629  0.39884
19.875  1.44513  1.34668  0.705578
19.875  1.47655  1.84385  1.79321
19.875  1.50796  0.454136  0.350327
19.875  1.53938  0.155964  0.271553
19.875  1.5708  2.17595  1.69379
19.875  1.60221  1.47307  1.31594
19.875  1.63363  1.60155  1.2861
19.875  1.66504  1.87937  0.972084
19.875  1.69646  0.198711  0.263861
19.875  1.72788  0.390433  0.330359
19.875  1.75929  0.977659  0.689901
19.875  1.79071  0.857121  0.788536
19.875  1.82212  1.54051  1.66603
19.875  1.85354  0.431766  0.220264
19.875  1.88496  0.739537  0.620662
19.875  1.91637  0.360143  0.191153
19.875  1.94779  2.13952  1.44066
19.875  1.9792  0.189935  0.295646
19.875  2.01062  1.98126  1.83364
19.875  2.04204  0.346269  0.384979
19.875  2.07345  0.154683  0.242881
19.875  2.10487  0.190307  0.406868
19.875  2.13628  0.222716  0.247001
19.875  2.1677  2.43182  1.91124
19.875  2.19911  0.222308  0.224
19.875  2.23053  0.217946  0.218651
19.875  2.26195  1.34188  0.809886
19.875  2.29336  0.450061  0.450011
19.875  2.32478  0.227256  0.249579
19.875  2.35619  0.146723  0.188522
19.875  2.38761  0.173609  0.211159
19.875  2.41903  0.151188  0.173506
19.875  2.45044  0.233739  0.227279
19.875  2.48186  0.140046  0.176605
19.875  2.51327  0.188687  0.101666
19.875  2.54469  0.200402  0.15423
19.875  2.57611  0.267688  0.247626
19.875  2.60752  0.205318  0.203887
19.875  2.63894  0.208492  0.206421
19.875  2.67035  0.213659  0.115319
19.875  2.70177  0.161212  0.108355
19.875  2.73319  0.0579159  0.0871892
19.875  2.7646  0.0152242  0.0112949
19.875  2.79602  0.0911338  0.083094
19.875  2.82743  0.13508  0.0792057
19.875  2.85885  0.0661123  0.0358244
19.875  2.89027  0.25591  1.26245
19.875  2.92168  0.258759  1.70226
19.875  2.9531  0  0
19.875  2.98451  0  0
19.875  3.01593  0  0
19.875  3.04734  0  0
19.875  3.07876  0  0
19.875  3.11018  0  0
20  0  0  0
20  0.0314159  0  0
20  0.0628319  0  0
20  0.0942478  0  0
20  0.125664  0  0
20  0.15708  0  0
20  0.188496  0  0
20  0.219911  0.0730416  0.039333
20  0.251327  0.112228  0.111359
20  0.282743  0.0632994  0.0502997
20  0.314159  0.0947805  0.0766273
20  0.345575  0.166548  0.111374
20  0.376991  0.0412615  0.0827158
20  0.408407  0.155698  0.0914783
20  0.439823  0.221595  0.206015
20  0.471239  0.183739  0.218211
20  0.502655  0.0538273  0.0867385
20  0.534071  0.244872  0.203384
20  0.565487  0.0953499  0.15074
20  0.596903  0.217065  0.145049
20  0.628319  0.22373  0.165251
20  0.659734  0.197914  0.209027
20  0.69115  0.195  0.164103
20  0.722566  0.366351  0.188601
20  0.753982  0.251  0.133215
20  0.785398  1.74657  1.7463
20  0.816814  0.21208  0.186701
20  0.84823  0.182404  0.152834
20  0.879646  0.678751  0.620638
20  0.911062  0.152257  0.260529
20  0.942478  0.23889  0.192789
20  0.973894  0.383429  0.357473
20  1.00531  2.2801  1.14011
20  1.03673  0.1967  0.252522
20  1.06814  1.45215  1.20426
20  1.09956  0.149496  0.312215
20  1.13097  1.78448  0.956782
20  1.16239  0.183807  0.190193
20  1.19381  0.764697  0.573287
20  1.22522  1.33316  1.2095
20  1.25664  0.380803  0.382559
20  1.28805  2.62152  2.52408
20  1.31947  1.07649  1.52285
20  1.35088  2.14609  1.51375
20  1.3823  1.79071  1.18025
20  1.41372  1.34437  0.67246
20  1.44513  2.66507  2.09087
20  1.47655  1.6506  1.033
20  1.50796  1.82536  1.23097
20  1.53938  1.28118  0.643018
20  1.5708  0.260976  0.215485
20  1.60221  1.22715  1.17538
20  1.63363  1.32928  1.3276
20  1.66504  1.79898  1.28057
20  1.69646  1.90958  1.87008
20  1.72788  0.281992  0.328047
20  1.75929  0.475456  0.304027
20  1.79071  2.13147  1.43782
20  1.82212  0.274617  0.305907
20  1.85354  2.09398  2.09265
20  1.88496  0.350626  0.352148
20  1.91637  2.10024  1.40371
20  1.94779  1.11726  0.897407
20  1.9792  0.266271  0.32316
20  2.01062  1.87587  1.48542
20  2.04204  0.141084  0.262491
20  2.07345  0.267749  0.259354
20  2.10487  0.235477  0.236943
20  2.13628  2.29842  1.92946
20  2.1677  0.725504  0.398264
20  2.19911  1.60956  1.63933
20  2.23053  0.266225  0.250766
20  2.26195  0.348414  0.312786
20  2.29336  0.234761  1.32731
20  2.32478  0.155729  0.145045
20  2.35619  0.248793  0.18593
20  2.38761  0.134656  0.137259
20  2.41903  0.133324  0.185601
20  2.45044  0.176529  0.22384
20  2.48186  0.136261  0.183935
20  2.51327  0.10416  0.0907721
20  2.54469  0.22484  0.154039
20  2.57611  0.0672239  0.109799
20  2.60752  0.227761  0.13162
20  2.63894  0.201653  0.131758
20  2.67035  0.241541  0.125221
20  2.70177  0.171381  0.094665
20  2.73319  0.141277  0.140433
20  2.7646  0.0696804  0.0680908
20  2.79602  0.142641  0.13715
20  2.82743  0.0559734  0.110933
20  2.85885  0.0684432  0.041861
20  2.89027  0.0707628  0.0687096
20  2.92168  0.258759  1.70226
20  2.9531  0  0
20  2.98451  0  0
20  3.01593  0  0
20  3.04734  0  0
20  3.07876  0  0
20  3.11018  0  0
20.125  0  0  0
20.125  0.0314159  0  0
20.125  0.0628319  0  0
20.125  0.0942478  0  0
20.125  0.125664  0  0
20.125  0.15708  0  0
20.125  0.188496  0  0
20.125  0.219911  0.0396538  0.0510239
20.125  0.251327  0.080479  0.0617016
20.125  0.282743  0.0535826  0.0468631
20.125  0.314159  0.0879492  0.0662737
20.125  0.345575  0.132702  0.118782
20.125  0.376991  0.0660023  0.120072
20.125  0.408407  0.0817679  0.128788
20.125  0.439823  0.188719  0.0972119
20.125  0.471239  0.179289  0.189885
20.125  0.502655  0.0591454  0.109274
20.125  0.534071  0.0599975  0.0759967
20.125  0.565487  0.106923  0.128376
20.125  0.596903  0.213291  0.160632
20.125  0.628319  0.293914  0.21853
20.125  0.659734  0.631299  0.440163
20.125  0.69115  0.306412  0.302391
20.125  0.722566  0.22121  0.254205
20.125  0.753982  0.649472  0.935203
20.125  0.785398  0.161264  0.172945
20.125  0.816814  0.234781  0.167608
20.125  0.84823  0.290618  0.163174
20.125  0.879646  0.214876  0.245541
20.125  0.911062  0.620199  0.366633
20.125  0.942478  0.170881  0.741837
20.125  0.973894  0.226229  1.15259
20.125  1.00531  0.136897  0.212055
20.125  1.03673  0.77622  0.532935
20.125  1.06814  1.10482  1.04766
20.125  1.09956  1.76982  1.41337
20.125  1.13097  0.943115  0.55643
20.125  1.16239  2.17747  1.87869
20.125  1.19381  1.67569  1.48608
20.125  1.22522  1.98268  1.00158
20.125  1.25664  1.77271  1.05723
20.125  1.28805  2.8232  2.81493
20.125  1.31947  0.424453  0.33715
20.125  1.35088  1.05934  0.923326
20.125  1.3823  0.228871  0.815805
20.125  1.41372  1.44006  1.39406
20.125  1.44513  2.3491  1.28775
20.125  1.47655  0.767759  0.429138
20.125  1.50796  1.38037  1.08355
20.125  1.53938  0.442763  0.274079
20.125  1.5708  0.949364  1.03552
20.125  1.60221  0.889021  0.681519
20.125  1.63363  0.528822  0.399686
20.125  1.66504  2.46986  1.79389
20.125  1.69646  0.326513  0.271077
20.125  1.72788  1.1084  1.28171
20.125  1.75929  0.868652  0.881962
20.125  1.79071  0.948041  0.662963
20.125  1.82212  0.648046  0.453232
20.125  1.85354  0.272676  1.28915
20.125  1.88496  1.61254  0.809408
20.125  1.91637  1.15438  0.924978
20.125  1.94779  3.02145  2.91249
20.125  1.9792  0.811834  0.630752
20.125  2.01062  1.81248  0.914337
20.125  2.04204  0.302658  0.277388
20.125  2.07345  0.374566  0.299091
20.125  2.10487  1.3652  1.17922
20.125  2.13628  0.742685  0.456945
20.125  2.1677  0.498316  0.496264
20.125  2.19911  0.669711  0.596336
20.125  2.23053  0.193765  0.19858
20.125  2.26195  0.234992  0.232127
20.125  2.29336  1.24336  1.0753
20.125  2.32478  0.130304  0.219799
20.125  2.35619  2.57642  1.7183
20.125  2.38761  0.223008  0.550335
20.125  2.41903  0.149573  0.186011
20.125  2.45044  0.200283  0.196562
20.125  2.48186  0.181774  0.121312
20.125  2.51327  0.261854  0.157321
20.125  2.54469  0.608184  0.348974
20.125  2.57611  0.204197  0.113943
20.125  2.60752  0.208207  0.118144
20.125  2.63894  0.0970467  0.148265
20.125  2.67035  0.23108  0.217245
20.125  2.70177  0.234053  0.223129
20.125  2.73319  0.214147  0.211673
20.125  2.7646  0.124121  0.120513
20.125  2.79602  0.141806  0.0709611
20.125  2.82743  0.0995465  0.0947858
20.125  2.85885  0.00925312  0.067898
20.125  2.89027  0.110027  0.0596914
20.125  2.92168  0  0
20.125  2.9531  0  0
20.125  2.98451  0  0
20.125  3.01593  0  0
20.125  3.04734  0  0
20.125  3.07876  0  0
20.125  3.11018  0  0
20.25  0  0  0
20.25  0.0314159  0  0
20.25  0.0628319  0  0
20.25  0.0942478  0  0
20.25  0.125664  0  0
20.25  0.15708  0  0
20.25  0.188496  0.258759  1.70226
20.25  0.219911  0.248805  2.12272
20.25  0.251327  0.0909553  0.090921
20.25  0.282743  0.0892555  0.0709735
20.25  0.314159  0.12282  0.068163
20.25  0.345575  0.117462  0.116135
20.25  0.376991  0.0815036  0.065858
20.25  0.408407  0.0628006  0.107692
20.25  0.439823  0.182237  0.103794
20.25  0.471239  0.226971  0.208183
20.25  0.502655  0.0890343  0.162715
20.25  0.534071  0.19458  0.194425
20.25  0.565487  0.2392  0.232882
20.25  0.596903  0.270189  0.187021
20.25  0.628319  0.160763  0.144859
20.25  0.659734  0.143619  0.168335
20.25  0.69115  0.288916  0.281401
20.25  0.722566  0.248919  0.169178
20.25  0.753982  0.148974  0.180932
20.25  0.785398  0.221124  1.31737
20.25  0.816814  0.221982  0.254473
20.25  0.84823  0.339073  0.334326
20.25  0.879646  1.25365  1.22568
20.25  0.911062  1.01688  1.01621
20.25  0.942478  0.665512  0.629576
20.25  0.973894  0.572754  0.336597
20.25  1.00531  0.237203  0.979022
20.25  1.03673  0.630232  0.510354
20.25  1.06814  0.580148  0.50279
20.25  1.09956  1.49509  1.49189
20.25  1.13097  0.700648  0.471979
20.25  1.16239  0.35321  0.316346
20.25  1.19381  2.39613  1.8391
20.25  1.22522  0.894252  0.747117
20.25  1.25664  0.25918  0.25311
20.25  1.28805  1.59492  1.10873
20.25  1.31947  2.18468  1.8416
20.25  1.35088  2.04647  1.96908
20.25  1.3823  0.872442  0.851015
20.25  1.41372  1.46535  1.02397
20.25  1.44513  0.333317  0.247586
20.25  1.47655  1.53006  1.28727
20.25  1.50796  0.243731  1.11654
20.25  1.53938  1.79548  1.37632
20.25  1.5708  1.60912  1.49976
20.25  1.60221  1.02508  1.01266
20.25  1.63363  0.727301  0.369192
20.25  1.66504  0.827232  0.452072
20.25  1.69646  0.675847  0.560281
20.25  1.72788  0.980561  0.586429
20.25  1.75929  2.58485  2.08197
20.25  1.79071  2.00984  1.08258
20.25  1.82212  1.35748  0.767281
20.25  1.85354  2.40594  2.08466
20.25  1.88496  0.225418  0.340804
20.25  1.91637  1.09572  1.14757
20.25  1.94779  1.16307  0.738054
20.25  1.9792  0.173981  0.291502
20.25  2.01062  0.37442  0.243073
20.25  2.04204  2.49846  2.49061
20.25  2.07345  0.312119  0.228525
20.25  2.10487  0.173131  0.22611
20.25  2.13628  0.168159  0.257763
20.25  2.1677  0.155093  0.258303
20.25  2.19911  2.19297  2.0445
20.25  2.23053  0.16539  0.271879
20.25  2.26195  0.199533  0.171051
20.25  2.29336  2.3694  1.70614
20.25  2.32478  0.144612  0.186281
20.25  2.35619  0.128864  0.219464
20.25  2.38761  0.150249  0.180715
20.25  2.41903  1.04804  0.750428
20.25  2.45044  3.22328  1.91647
20.25  2.48186  0.263383  0.233997
20.25  2.51327  0.216481  0.207453
20.25  2.54469  0.230644  0.197046
20.25  2.57611  0.267864  0.177176
20.25  2.60752  0.112004  0.139103
20.25  2.63894  0.135245  0.165242
20.25  2.67035  0.236466  0.11889
20.25  2.70177  0.0440588  0.0703981
20.25  2.73319  0.0728526  0.0681453
20.25  2.7646  0.155728  0.0866274
20.25  2.79602  0.170529  0.0856454
20.25  2.82743  0.107821  0.10721
20.25  2.85885  0.0167656  0.0145201
20.25  2.89027  0.140254  0.126875
20.25  2.92168  0  0
20.25  2.9531  0  0
20.25  2.98451  0.26031  1.58821
20.25  3.01593  0  0
20.25  3.04734  0  0
20.25  3.07876  0  0
20.25  3.11018  0  0
20.375  0  0  0
20.375  0.0314159  0  0
20.375  0.0628319  0  0
20.375  0.0942478  0  0
20.375  0.125664  0  0
20.375  0.15708  0  0
20.375  0.188496  0.258759  1.70226
20.375  0.219911  0.0136178  0.0999254
20.375  0.251327  0.0839378  0.0789609
20.375  0.282743  0.0807792  0.101205
20.375  0.314159  0.0934713  0.0467791
20.375  0.345575  0.121491  0.0611367
20.375  0.376991  0.171429  0.162502
20.375  0.408407  0.207938  0.160727
20.375  0.439823  0.172832  0.120034
20.375  0.471239  0.243338  0.181324
20.375  0.502655  0.256316  0.247676
20.375  0.534071  0.193863  0.0975143
20.375  0.565487  0.222247  0.173966
20.375  0.596903  0.19024  0.155406
20.375  0.628319  0.122388  0.200705
20.375  0.659734  0.278477  0.156395
20.375  0.69115  0.347193  0.197364
20.375  0.722566  0.898467  1.68899
20.375  0.753982  0.146947  0.221039
20.375  0.785398  1.02918  1.08715
20.375  0.816814  0.342911  0.217678
20.375  0.84823  2.12075  1.67555
20.375  0.879646  1.90471  0.97274
20.375  0.911062  0.163916  0.380138
20.375  0.942478  1.64801  1.51529
20.375  0.973894  0.30187  0.26752
20.375  1.00531  1.71476  1.08571
20.375  1.03673  2.52361  1.36577
20.375  1.06814  0.457893  0.293895
20.375  1.09956  0.349402  0.341433
20.375  1.13097  0.352933  0.404987
20.375  1.16239  0.417497  0.256794
20.375  1.19381  1.43419  1.41536
20.375  1.22522  1.29778  1.29718
20.375  1.25664  1.02447  1.18442
20.375  1.28805  0.404159  0.214599
20.375  1.31947  0.380622  0.23561
20.375  1.35088  1.59532  1.56082
20.375  1.3823  0.452464  0.44508
20.375  1.41372  1.95832  1.13418
20.375  1.44513  0.268989  0.283358
20.375  1.47655  0.922574  0.902504
20.375  1.50796  1.68285  0.841501
20.375  1.53938  1.28761  1.27804
20.375  1.5708  1.29508  1.05602
20.375  1.60221  1.12229  0.590464
20.375  1.63363  1.53265  1.22042
20.375  1.66504  0.848909  0.593974
20.375  1.69646  0.749684  0.735543
20.375  1.72788  0.166608  0.230491
20.375  1.75929  1.33335  1.26248
20.375  1.79071  0.188644  0.198091
20.375  1.82212  3.7852  2.13323
20.375  1.85354  1.85268  0.933227
20.375  1.88496  1.84083  1.30142
20.375  1.91637  1.53226  1.15656
20.375  1.94779  1.28248  0.944422
20.375  1.9792  0.26536  0.866531
20.375  2.01062  1.86795  0.938986
20.375  2.04204  0.980209  0.681462
20.375  2.07345  0.825925  0.749717
20.375  2.10487  0.152004  0.262268
20.375  2.13628  0.166469  0.261866
20.375  2.1677  1.46054  0.846125
20.375  2.19911  0.270966  0.249669
20.375  2.23053  0.396871  0.262326
20.375  2.26195  0.123779  0.175039
20.375  2.29336  0.738052  0.415979
20.375  2.32478  2.33151  1.38832
20.375  2.35619  0.341585  0.274032
20.375  2.38761  0.298397  0.184568
20.375  2.41903  0.23978  0.164194
20.375  2.45044  0.272538  0.197003
20.375  2.48186  0.219295  0.13139
20.375  2.51327  0.14708  0.186496
20.375  2.54469  0.137186  0.182094
20.375  2.57611  0.217695  0.125982
20.375  2.60752  0.231754  0.168058
20.375  2.63894  0.0668245  0.111443
20.375  2.67035  0.0821709  0.107602
20.375  2.70177  0.192032  0.148635
20.375  2.73319  0.220204  0.200285
20.375  2.7646  0.0104752  0.0768657
20.375  2.79602  0.135915  0.0694739
20.375  2.82743  0.0652575  0.0539089
20.375  2.85885  0.158099  0.109476
20.375  2.89027  0  0
20.375  2.92168  0  0
20.375  2.9531  0  0
20.375  2.98451  0  0
20.375  3.01593  0  0
20.375  3.04734  0  0
20.375  3.07876  0  0
20.375  3.11018  0  0
20.5  0  0  0
20.5  0.0314159  0  0
20.5  0.0628319  0  0
20.5  0.0942478  0  0
20.5  0.125664  0  0
20.5  0.15708  0  0
20.5  0.188496  0.258759  1.70226
20.5  0.219911  0  0
20.5  0.251327  0.0878476  0.0828771
20.5  0.282743  0.0654075  0.128236
20.5  0.314159  0.0461434  0.0282578
20.5  0.345575  0.119604  0.0722814
20.5  0.376991  0.162995  0.123445
20.5  0.408407  0.1872  0.174003
20.5  0.439823  0.145252  0.121489
20.5  0.471239  0.128784  0.090329
20.5  0.502655  0.142642  0.0775369
20.5  0.534071  0.181579  0.101669
20.5  0.565487  0.17224  0.170037
20.5  0.596903  0.159032  0.156477
20.5  0.628319  0.189455  0.167307
20.5  0.659734  0.298863  0.280159
20.5  0.69115  0.180681  0.137148
20.5  0.722566  1.6364  1.43962
20.5  0.753982  0.112445  0.191301
20.5  0.785398  0.213231  0.222024
20.5  0.816814  0.223183  0.226669
20.5  0.84823  1.9875  0.994482
20.5  0.879646  0.16186  0.176224
20.5  0.911062  0.353803  0.252023
20.5  0.942478  0.190798  0.202748
20.5  0.973894  0.685447  0.682931
20.5  1.00531  0.36985  0.206328
20.5  1.03673  0.694691  0.34786
20.5  1.06814  1.75718  1.72365
20.5  1.09956  0.3418  0.341771
20.5  1.13097  0.407407  0.343543
20.5  1.16239  2.07563  2.31239
20.5  1.19381  0.244418  0.231052
20.5  1.22522  1.42001  1.39397
20.5  1.25664  2.27525  1.22032
20.5  1.28805  0.395388  0.380238
20.5  1.31947  0.234347  0.232394
20.5  1.35088  2.26134  2.0158
20.5  1.3823  3.18721  2.6265
20.5  1.41372  0.229934  0.260392
20.5  1.44513  1.94242  1.56199
20.5  1.47655  0.336038  0.354748
20.5  1.50796  1.00241  1.00197
20.5  1.53938  0.295542  0.319501
20.5  1.5708  0.498662  0.249442
20.5  1.60221  1.49383  1.54486
20.5  1.63363  1.51656  1.42347
20.5  1.66504  1.71867  0.886818
20.5  1.69646  1.37493  0.687468
20.5  1.72788  1.21064  0.792057
20.5  1.75929  0.791783  0.741786
20.5  1.79071  1.69444  1.40048
20.5  1.82212  0.245324  0.246606
20.5  1.85354  0.424533  0.317351
20.5  1.88496  1.85505  1.77619
20.5  1.91637  1.0129  0.507912
20.5  1.94779  0.893967  0.459351
20.5  1.9792  1.19501  0.715096
20.5  2.01062  1.94808  1.23221
20.5  2.04204  0.313826  0.322473
20.5  2.07345  0.309142  0.257355
20.5  2.10487  1.86839  1.79232
20.5  2.13628  0.355438  0.383307
20.5  2.1677  0.338258  0.277849
20.5  2.19911  0.208076  0.227247
20.5  2.23053  0.228347  1.45264
20.5  2.26195  2.47356  2.46313
20.5  2.29336  0.374489  0.359501
20.5  2.32478  0.157155  0.158767
20.5  2.35619  0.10467  0.188261
20.5  2.38761  0.231751  0.228226
20.5  2.41903  0.107774  0.198665
20.5  2.45044  0.190778  0.156714
20.5  2.48186  2.63992  1.94705
20.5  2.51327  0.291363  0.271096
20.5  2.54469  0.103125  0.124416
20.5  2.57611  0.145545  0.131893
20.5  2.60752  0.205902  0.145192
20.5  2.63894  0.210422  0.193324
20.5  2.67035  0.17481  0.138499
20.5  2.70177  0.106175  0.16797
20.5  2.73319  0.162864  0.148563
20.5  2.7646  0.168317  0.128069
20.5  2.79602  0.17803  0.175004
20.5  2.82743  0.240863  0.240865
20.5  2.85885  0.0283698  0.0145319
20.5  2.89027  0.00471385  0.0345896
20.5  2.92168  0  0
20.5  2.9531  0  0
20.5  2.98451  0  0
20.5  3.01593  0  0
20.5  3.04734  0  0
20.5  3.07876  0  0
20.5  3.11018  0  0
20.625  0  0  0
20.625  0.0314159  0  0
20.625  0.0628319  0  0
20.625  0.0942478  0  0
20.625  0.125664  0  0
20.625  0.15708  0  0
20.625  0.188496  0.251459  2.03705
20.625  0.219911  0.0614436  0.0578962
20.625  0.251327  0.0555328  0.0499207
20.625  0.282743  0.156177  0.129262
20.625  0.314159  0.106814  0.102956
20.625  0.345575  0.179994  0.159718
20.625  0.376991  0.0647004  0.12512
20.625  0.408407  0.218161  0.114716
20.625  0.439823  0.138508  0.109233
20.625  0.471239  0.0691001  0.144246
20.625  0.502655  0.206979  0.200343
20.625  0.534071  0.202345  0.1371
20.625  0.565487  0.227062  0.136658
20.625  0.596903  0.238421  0.173486
20.625  0.628319  0.223011  0.189386
20.625  0.659734  2.36029  1.51507
20.625  0.69115  0.294489  0.179888
20.625  0.722566  0.748842  0.728188
20.625  0.753982  0.268291  0.221998
20.625  0.785398  0.153077  0.779614
20.625  0.816814  0.219175  0.169763
20.625  0.84823  0.977872  0.581955
20.625  0.879646  1.23417  0.858519
20.625  0.911062  0.281802  0.203906
20.625  0.942478  2.81312  2.56166
20.625  0.973894  0.226242  0.270563
20.625  1.00531  0.281053  1.73906
20.625  1.03673  1.02732  0.618968
20.625  1.06814  0.23996  0.818696
20.625  1.09956  0.324432  0.266189
20.625  1.13097  0.15167  0.213437
20.625  1.16239  1.90288  0.975654
20.625  1.19381  0.262908  0.253817
20.625  1.22522  0.400667  0.367632
20.625  1.25664  1.04335  0.758972
20.625  1.28805  1.37829  0.817785
20.625  1.31947  0.689476  0.868288
20.625  1.35088  0.442593  0.441657
20.625  1.3823  1.97731  1.90364
20.625  1.41372  1.52869  1.44098
20.625  1.44513  1.74919  0.907534
20.625  1.47655  1.25427  1.35202
20.625  1.50796  2.77684  2.47237
20.625  1.53938  2.55467  2.49623
20.625  1.5708  1.70105  1.30745
20.625  1.60221  1.77856  1.29223
20.625  1.63363  0.413418  0.35488
20.625  1.66504  1.0029  0.842633
20.625  1.69646  2.06216  1.43485
20.625  1.72788  0.905806  0.880779
20.625  1.75929  0.426643  0.383635
20.625  1.79071  0.248719  0.289374
20.625  1.82212  2.1439  1.92639
20.625  1.85354  1.2283  0.949328
20.625  1.88496  1.30055  1.28373
20.625  1.91637  0.276795  0.281936
20.625  1.94779  0.303207  0.24038
20.625  1.9792  0.2796  0.168113
20.625  2.01062  1.78331  0.892089
20.625  2.04204  1.14044  0.831625
20.625  2.07345  0.357562  0.349357
20.625  2.10487  0.17921  0.459152
20.625  2.13628  0.255857  0.201167
20.625  2.1677  0.312984  0.319684
20.625  2.19911  0.293742  0.223898
20.625  2.23053  0.68439  0.5877
20.625  2.26195  2.04102  1.61516
20.625  2.29336  1.47644  1.43937
20.625  2.32478  0.245162  0.239922
20.625  2.35619  0.269787  0.182685
20.625  2.38761  0.214417  1.07973
20.625  2.41903  0.231836  0.156429
20.625  2.45044  0.21595  0.225267
20.625  2.48186  0.118105  0.181787
20.625  2.51327  0.175724  0.113733
20.625  2.54469  0.0726989  0.136724
20.625  2.57611  0.236167  0.226731
20.625  2.60752  0.132723  0.121071
20.625  2.63894  0.18435  0.182609
20.625  2.67035  0.177078  0.135718
20.625  2.70177  0.26343  0.178611
20.625  2.73319  0.200695  0.125435
20.625  2.7646  0.147275  0.0800412
20.625  2.79602  0.0404513  0.104413
20.625  2.82743  0.126274  0.0904423
20.625  2.85885  0.00506303  0.0371518
20.625  2.89027  0.126955  0.0866288
20.625  2.92168  0.0546116  0.0545605
20.625  2.9531  0  0
20.625  2.98451  0  0
20.625  3.01593  0  0
20.625  3.04734  0  0
20.625  3.07876  0  0
20.625  3.11018  0  0
20.75  0  0  0
20.75  0.0314159  0  0
20.75  0.0628319  0  0
20.75  0.0942478  0  0
20.75  0.125664  0  0
20.75  0.15708  0  0
20.75  0.188496  0  0
20.75  0.219911  0.00733266  0.053806
20.75  0.251327  0.240951  2.28398
20.75  0.282743  0.0630834  0.0596032
20.75  0.314159  0.0314782  0.0678263
20.75  0.345575  0.171907  0.102428
20.75  0.376991  0.156458  0.111484
20.75  0.408407  0.141126  0.0944727
20.75  0.439823  0.261916  0.150819
20.75  0.471239  0.112193  0.163072
20.75  0.502655  0.131867  0.145639
20.75  0.534071  0.11302  0.161057
20.75  0.565487  0.290461  0.2841
20.75  0.596903  0.190826  0.172988
20.75  0.628319  0.184472  0.157198
20.75  0.659734  0.0942442  0.149582
20.75  0.69115  0.0963517  0.189942
20.75  0.722566  0.219715  0.250987
20.75  0.753982  0.17577  0.172985
20.75  0.785398  0.283018  0.222638
20.75  0.816814  0.100647  0.111415
20.75  0.84823  0.149532  0.230281
20.75  0.879646  0.304679  0.340647
20.75  0.911062  0.417335  0.269592
20.75  0.942478  2.44788  1.844
20.75  0.973894  1.22578  1.22503
20.75  1.00531  1.26698  1.15346
20.75  1.03673  0.638081  0.658388
20.75  1.06814  0.268192  0.258235
20.75  1.09956  0.225134  0.233351
20.75  1.13097  1.35357  1.48569
20.75  1.16239  0.673708  0.603417
20.75  1.19381  0.46141  0.437315
20.75  1.22522  1.78624  1.00308
20.75  1.25664  1.95469  2.06764
20.75  1.28805  1.7624  1.50341
20.75  1.31947  2.42377  2.23206
20.75  1.35088  0.223679  0.257944
20.75  1.3823  0.417057  0.405099
20.75  1.41372  0.429412  0.405453
20.75  1.44513  0.330439  0.356907
20.75  1.47655  0.904541  0.868808
20.75  1.50796  1.97227  1.14224
20.75  1.53938  2.82733  2.14775
20.75  1.5708  0.894194  0.517395
20.75  1.60221  2.53714  2.5371
20.75  1.63363  0.15286  0.331583
20.75  1.66504  1.39984  0.983201
20.75  1.69646  0.84493  0.747629
20.75  1.72788  1.43488  1.42817
20.75  1.75929  0.280156  0.309409
20.75  1.79071  1.71052  1.99931
20.75  1.82212  1.92793  0.978221
20.75  1.85354  3.04658  2.78244
20.75  1.88496  1.70053  0.931973
20.75  1.91637  0.489244  0.348538
20.75  1.94779  1.7854  1.7681
20.75  1.9792  0.717859  0.607068
20.75  2.01062  2.44697  1.2409
20.75  2.04204  0.915555  0.58134
20.75  2.07345  2.0652  1.05031
20.75  2.10487  1.64624  1.64597
20.75  2.13628  0.677307  0.535709
20.75  2.1677  0.339697  0.276758
20.75  2.19911  0.475665  0.340498
20.75  2.23053  0.294476  0.310306
20.75  2.26195  0.580367  0.396794
20.75  2.29336  0.20118  0.242233
20.75  2.32478  0.199258  0.582125
20.75  2.35619  0.285554  0.262067
20.75  2.38761  0.147348  0.155581
20.75  2.41903  0.168309  0.20251
20.75  2.45044  0.327666  0.32577
20.75  2.48186  0.158713  0.125855
20.75  2.51327  0.304049  0.224891
20.75  2.54469  0.12139  0.160828
20.75  2.57611  0.191646  0.0967901
20.75  2.60752  0.172698  0.115905
20.75  2.63894  0.129194  0.11954
20.75  2.67035  0.037879  0.0776482
20.75  2.70177  0.144064  0.101995
20.75  2.73319  0.183848  0.104558
20.75  2.7646  0.0990703  0.119065
20.75  2.79602  0.0915211  0.0785832
20.75  2.82743  0.104041  0.0799526
20.75  2.85885  0.00157128  0.0115299
20.75  2.89027  0.0269114  0.0185989
20.75  2.92168  0.258759  1.70226
20.75  2.9531  0  0
20.75  2.98451  0  0
20.75  3.01593  0  0
20.75  3.04734  0  0
20.75  3.07876  0  0
20.75  3.11018  0  0
20.875  0  0  0
20.875  0.0314159  0  0
20.875  0.0628319  0  0
20.875  0.0942478  0  0
20.875  0.125664  0  0
20.875  0.15708  0  0
20.875  0.188496  0  0
20.875  0.219911  0.0375191  0.0354488
20.875  0.251327  0.123232  0.071312
20.875  0.282743  0.112416  0.0617629
20.875  0.314159  0.101075  0.0650903
20.875  0.345575  0.106608  0.0786697
20.875  0.376991  0.140462  0.0807282
20.875  0.408407  0.196342  0.148238
20.875  0.439823  0.149151  0.0910092
20.875  0.471239  0.239443  0.131824
20.875  0.502655  0.349016  0.254948
20.875  0.534071  0.244523  0.125088
20.875  0.565487  0.261303  0.161693
20.875  0.596903  0.230663  0.22412
20.875  0.628319  0.252836  0.130305
20.875  0.659734  0.140247  0.192546
20.875  0.69115  0.270365  0.138307
20.875  0.722566  0.233213  0.265762
20.875  0.753982  0.26141  0.154563
20.875  0.785398  0.127424  0.187138
20.875  0.816814  0.385262  0.242133
20.875  0.84823  0.173938  0.169949
20.875  0.879646  0.157165  0.288504
20.875  0.911062  0.277466  0.25484
20.875  0.942478  1.05967  0.765664
20.875  0.973894  0.204754  0.391411
20.875  1.00531  0.291443  0.22291
20.875  1.03673  0.43235  0.340411
20.875  1.06814  0.271765  1.05053
20.875  1.09956  0.129141  0.22791
20.875  1.13097  1.11654  1.02885
20.875  1.16239  1.44186  1.19749
20.875  1.19381  0.25866  0.27243
20.875  1.22522  1.4811  1.22675
20.875  1.25664  1.26917  0.878891
20.875  1.28805  2.09092  2.04718
20.875  1.31947  0.371543  0.387314
20.875  1.35088  2.14589  2.1381
20.875  1.3823  1.0428  0.911375
20.875  1.41372  3.21211  1.60623
20.875  1.44513  1.05816  0.91658
20.875  1.47655  1.24975  0.679984
20.875  1.50796  2.18516  1.09536
20.875  1.53938  0.415908  0.212393
20.875  1.5708  0.269678  0.302468
20.875  1.60221  2.81287  2.70358
20.875  1.63363  0.647988  0.612198
20.875  1.66504  2.17315  2.04201
20.875  1.69646  3.07003  3.00096
20.875  1.72788  2.47579  1.25652
20.875  1.75929  0.421183  0.377438
20.875  1.79071  1.40689  0.821004
20.875  1.82212  0.173527  0.213659
20.875  1.85354  1.92013  1.69659
20.875  1.88496  0.318149  0.340498
20.875  1.91637  1.46075  1.45432
20.875  1.94779  0.235867  1.0363
20.875  1.9792  1.71604  1.70423
20.875  2.01062  1.32366  1.09759
20.875  2.04204  0.527761  0.527371
20.875  2.07345  1.98708  1.11899
20.875  2.10487  0.73414  0.685088
20.875  2.13628  0.510674  0.448093
20.875  2.1677  0.129162  0.236848
20.875  2.19911  1.99921  1.58672
20.875  2.23053  0.905109  1.43481
20.875  2.26195  0.268287  0.203406
20.875  2.29336  1.04176  0.899513
20.875  2.32478  0.170022  0.222748
20.875  2.35619  0.280752  0.321921
20.875  2.38761  0.295291  0.251251
20.875  2.41903  0.128213  0.144851
20.875  2.45044  0.140559  0.155208
20.875  2.48186  0.240544  0.237516
20.875  2.51327  0.262864  0.132866
20.875  2.54469  0.277734  0.261267
20.875  2.57611  0.255522  0.136346
20.875  2.60752  0.251787  0.130058
20.875  2.63894  0.0667287  0.111433
20.875  2.67035  0.137945  0.106492
20.875  2.70177  0.0839612  0.0624183
20.875  2.73319  0.108521  0.108521
20.875  2.7646  0.228946  0.21659
20.875  2.79602  0.064631  0.0619883
20.875  2.82743  0.155473  0.129203
20.875  2.85885  0.0848304  0.0453121
20.875  2.89027  0.258759  1.70226
20.875  2.92168  0  0
20.875  2.9531  0  0
20.875  2.98451  0  0
20.875  3.01593  0  0
20.875  3.04734  0  0
20.875  3.07876  0  0
20.875  3.11018  0  0
21  0  0  0
21  0.0314159  0  0
21  0.0628319  0  0
21  0.0942478  0  0
21  0.125664  0  0
21  0.15708  0.258759  1.70226
21  0.188496  0.0068089  1.83942e-07
21  0.219911  0  0
21  0.251327  0.0557153  0.0379495
21  0.282743  0.156816  0.0784877
21  0.314159  0.139071  0.0816333
21  0.345575  0.124651  0.102244
21  0.376991  0.135709  0.122583
21  0.408407  0.104124  0.0535229
21  0.439823  0.195365  0.115903
21  0.471239  0.0784146  0.112246
21  0.502655  0.254906  0.242573
21  0.534071  0.231618  0.236881
21  0.565487  0.169021  0.183277
21  0.596903  0.212688  0.190302
21  0.628319  0.200328  0.104258
21  0.659734  0.192254  0.239409
21  0.69115  0.169118  0.164267
21  0.722566  0.421798  0.504025
21  0.753982  0.297261  0.186503
21  0.785398  0.454995  0.337352
21  0.816814  1.9782  1.80246
21  0.84823  0.337092  0.274613
21  0.879646  1.88872  1.63107
21  0.911062  2.42613  2.01871
21  0.942478  0.228901  0.233691
21  0.973894  0.206387  0.708575
21  1.00531  0.262396  0.300987
21  1.03673  0.365473  0.339029
21  1.06814  1.6153  0.938033
21  1.09956  2.52517  1.69184
21  1.13097  0.193576  0.232037
21  1.16239  0.981468  0.705924
21  1.19381  1.06431  1.29203
21  1.22522  0.554023  0.760743
21  1.25664  3.05865  1.62597
21  1.28805  0.383346  0.200057
21  1.31947  3.1201  3.11655
21  1.35088  0.985953  0.653239
21  1.3823  0.375214  0.282204
21  1.41372  1.93322  0.971716
21  1.44513  2.89501  1.61562
21  1.47655  2.12702  1.16594
21  1.50796  1.77051  1.73741
21  1.53938  2.80434  1.89769
21  1.5708  1.70131  1.409
21  1.60221  0.215214  0.500338
21  1.63363  1.89633  1.72699
21  1.66504  1.2694  1.20716
21  1.69646  0.498815  0.344116
21  1.72788  0.146094  0.201876
21  1.75929  2.70847  2.06312
21  1.79071  0.468874  0.308976
21  1.82212  0.175812  0.306101
21  1.85354  3.10253  1.67194
21  1.88496  1.70239  1.76293
21  1.91637  0.914692  1.09225
21  1.94779  0.432183  0.274267
21  1.9792  0.245732  0.223793
21  2.01062  0.175707  0.365768
21  2.04204  0.679979  0.61751
21  2.07345  0.208322  0.263635
21  2.10487  0.169336  0.33314
21  2.13628  0.65956  0.631489
21  2.1677  1.63985  1.02779
21  2.19911  0.34287  0.2248
21  2.23053  0.374694  0.318619
21  2.26195  0.208245  1.00768
21  2.29336  1.88053  1.88046
21  2.32478  0.191811  0.215922
21  2.35619  0.280332  0.171171
21  2.38761  0.13357  0.201424
21  2.41903  0.341328  0.245635
21  2.45044  0.145851  0.136937
21  2.48186  0.200782  0.138769
21  2.51327  0.231548  0.161008
21  2.54469  0.214045  0.157514
21  2.57611  0.13279  0.167567
21  2.60752  0.220945  0.111634
21  2.63894  0.163006  0.103884
21  2.67035  0.234766  0.127779
21  2.70177  0.0803651  0.105236
21  2.73319  0.156281  0.155483
21  2.7646  0.0797584  0.0682755
21  2.79602  0.146317  0.124118
21  2.82743  0.0177075  0.0451664
21  2.85885  0.00907853  0.066617
21  2.89027  0.0054122  0.039714
21  2.92168  0.00192046  0.014092
21  2.9531  0  0
21  2.98451  0  0
21  3.01593  0  0
21  3.04734  0  0
21  3.07876  0  0
21  3.11018  0  0
21.125  0  0  0
21.125  0.0314159  0  0
21.125  0.0628319  0  0
21.125  0.0942478  0  0
21.125  0.125664  0  0
21.125  0.15708  0  0
21.125  0.188496  0.00226963  0.0166542
21.125  0.219911  0.00366633  0.026903
21.125  0.251327  0.0103544  0.0125022
21.125  0.282743  0.16848  0.131281
21.125  0.314159  0.109748  0.109806
21.125  0.345575  0.0385588  0.0232348
21.125  0.376991  0.116228  0.0638388
21.125  0.408407  0.0815829  0.118506
21.125  0.439823  0.147659  0.110197
21.125  0.471239  0.190311  0.114283
21.125  0.502655  0.155917  0.146612
21.125  0.534071  0.165356  0.115114
21.125  0.565487  0.195354  0.193022
21.125  0.596903  0.131195  0.0971255
21.125  0.628319  0.100208  0.154976
21.125  0.659734  0.296534  0.250193
21.125  0.69115  0.169664  0.194724
21.125  0.722566  0.13013  0.177432
21.125  0.753982  0.609465  0.35367
21.125  0.785398  0.775486  0.487236
21.125  0.816814  0.228889  0.169287
21.125  0.84823  2.19947  1.87179
21.125  0.879646  0.810981  0.415041
21.125  0.911062  0.149546  0.221433
21.125  0.942478  0.587783  0.293898
21.125  0.973894  2.6141  2.37381
21.125  1.00531  0.943794  0.940203
21.125  1.03673  1.7581  1.75138
21.125  1.06814  2.25776  1.73878
21.125  1.09956  2.20361  2.45707
21.125  1.13097  1.26816  0.75209
21.125  1.16239  1.67133  0.902772
21.125  1.19381  2.25681  1.16086
21.125  1.22522  1.79977  0.957146
21.125  1.25664  0.270527  0.21759
21.125  1.28805  1.86772  1.15137
21.125  1.31947  1.70757  0.904901
21.125  1.35088  2.07346  2.04908
21.125  1.3823  1.79505  1.07976
21.125  1.41372  2.83382  1.91042
21.125  1.44513  2.61732  1.80876
21.125  1.47655  0.452146  0.407978
21.125  1.50796  1.65106  1.28264
21.125  1.53938  1.79001  0.918401
21.125  1.5708  1.83709  1.83362
21.125  1.60221  1.01725  0.522976
21.125  1.63363  2.51585  1.56079
21.125  1.66504  2.12017  1.46545
21.125  1.69646  0.451617  0.388556
21.125  1.72788  1.82968  1.73886
21.125  1.75929  0.989164  0.685456
21.125  1.79071  1.09295  1.08732
21.125  1.82212  2.3972  2.18784
21.125  1.85354  0.694722  0.377016
21.125  1.88496  1.51196  1.30301
21.125  1.91637  0.788338  0.924549
21.125  1.94779  2.93218  2.82447
21.125  1.9792  1.78501  0.903402
21.125  2.01062  0.416737  0.226535
21.125  2.04204  1.9977  1.07314
21.125  2.07345  0.659277  0.353093
21.125  2.10487  0.113806  0.167743
21.125  2.13628  0.227422  0.217851
21.125  2.1677  1.22508  0.640257
21.125  2.19911  0.225111  0.231609
21.125  2.23053  2.00681  1.40507
21.125  2.26195  0.574836  0.370734
21.125  2.29336  0.127759  0.215348
21.125  2.32478  0.289611  0.159835
21.125  2.35619  0.350226  0.177081
21.125  2.38761  0.144417  0.171146
21.125  2.41903  0.210135  0.175691
21.125  2.45044  2.91024  2.85637
21.125  2.48186  0.119113  0.20123
21.125  2.51327  0.143643  0.169375
21.125  2.54469  0.234195  0.11711
21.125  2.57611  0.268795  0.142234
21.125  2.60752  0.241917  0.170927
21.125  2.63894  0.130795  0.123136
21.125  2.67035  0.188074  0.0960763
21.125  2.70177  0.0649701  0.135199
21.125  2.73319  0.055091  0.0885998
21.125  2.7646  0.0837019  0.131355
21.125  2.79602  0.107434  0.107414
21.125  2.82743  0.154768  0.0873764
21.125  2.85885  0.0636247  0.0359781
21.125  2.89027  0.0475327  0.0470375
21.125  2.92168  0  0
21.125  2.9531  0  0
21.125  2.98451  0  0
21.125  3.01593  0  0
21.125  3.04734  0  0
21.125  3.07876  0  0
21.125  3.11018  0  0
21.25  0  0  0
21.25  0.0314159  0  0
21.25  0.0628319  0  0
21.25  0.0942478  0  0
21.25  0.125664  0  0
21.25  0.15708  0  0
21.25  0.188496  0.258759  1.70226
21.25  0.219911  0.260103  1.60293
21.25  0.251327  0.0013967  0.0102488
21.25  0.282743  0.0094277  0.0691791
21.25  0.314159  0.115893  0.0742681
21.25  0.345575  0.132799  0.10875
21.25  0.376991  0.0894985  0.0758765
21.25  0.408407  0.160601  0.160612
21.25  0.439823  0.155008  0.151969
21.25  0.471239  0.194712  0.144997
21.25  0.502655  0.120128  0.114296
21.25  0.534071  0.266398  0.247331
21.25  0.565487  0.221684  0.117301
21.25  0.596903  0.155319  0.177393
21.25  0.628319  0.0890979  0.144857
21.25  0.659734  0.114414  0.178271
21.25  0.69115  0.234958  2.26027
21.25  0.722566  0.129365  0.164441
21.25  0.753982  0.273506  0.276636
21.25  0.785398  0.318038  0.291085
21.25  0.816814  1.8177  0.932241
21.25  0.84823  0.336856  0.300661
21.25  0.879646  1.25772  0.899129
21.25  0.911062  2.29882  1.56203
21.25  0.942478  0.523464  0.355729
21.25  0.973894  0.37004  0.355762
21.25  1.00531  0.933572  0.476913
21.25  1.03673  0.166718  0.217966
21.25  1.06814  0.2097  0.209666
21.25  1.09956  0.854471  0.821748
21.25  1.13097  0.304502  0.231886
21.25  1.16239  2.68628  2.32676
21.25  1.19381  0.616923  0.461093
21.25  1.22522  1.29158  1.04337
21.25  1.25664  1.95615  1.04414
21.25  1.28805  0.363335  0.324122
21.25  1.31947  1.32335  1.32259
21.25  1.35088  2.83962  1.58761
21.25  1.3823  3.04625  3.02979
21.25  1.41372  2.34819  1.88974
21.25  1.44513  2.06734  2.03286
21.25  1.47655  1.50725  1.19539
21.25  1.50796  2.02121  1.61349
21.25  1.53938  1.7259  1.48714
21.25  1.5708  2.4875  2.44162
21.25  1.60221  2.14868  1.14341
21.25  1.63363  2.11499  1.20994
21.25  1.66504  0.409384  0.388505
21.25  1.69646  1.49608  0.780202
21.25  1.72788  1.15972  1.158
21.25  1.75929  2.08733  1.97874
21.25  1.79071  0.507221  0.502992
21.25  1.82212  1.78873  1.13095
21.25  1.85354  1.52565  1.48446
21.25  1.88496  0.788264  0.779328
21.25  1.91637  2.82227  2.57842
21.25  1.94779  0.964209  0.991901
21.25  1.9792  1.36208  1.09689
21.25  2.01062  1.20697  1.06978
21.25  2.04204  0.438878  0.345801
21.25  2.07345  0.430633  0.266092
21.25  2.10487  2.04497  1.80987
21.25  2.13628  0.16067  0.263914
21.25  2.1677  0.389627  0.383073
21.25  2.19911  0.715852  0.507212
21.25  2.23053  2.27635  1.83343
21.25  2.26195  0.144825  0.202261
21.25  2.29336  2.6095  2.41982
21.25  2.32478  0.150863  0.202603
21.25  2.35619  0.130245  0.14185
21.25  2.38761  0.151228  0.176222
21.25  2.41903  0.576849  0.564994
21.25  2.45044  0.262481  0.142484
21.25  2.48186  0.231866  0.193529
21.25  2.51327  0.271427  0.15581
21.25  2.54469  0.216802  0.209525
21.25  2.57611  0.0728763  0.105536
21.25  2.60752  0.209548  0.128984
21.25  2.63894  0.12704  0.107056
21.25  2.67035  0.177665  0.100442
21.25  2.70177  0.149096  0.0767929
21.25  2.73319  0.175765  0.161249
21.25  2.7646  0.15097  0.149246
21.25  2.79602  0.166922  0.0885062
21.25  2.82743  0.149454  0.133467
21.25  2.85885  0.0040155  0.0294652
21.25  2.89027  0.150486  0.137085
21.25  2.92168  0.00244422  0.0179353
21.25  2.9531  0  0
21.25  2.98451  0  0
21.25  3.01593  0  0
21.25  3.04734  0  0
21.25  3.07876  0  0
21.25  3.11018  0  0
21.375  0  0  0
21.375  0.0314159  0  0
21.375  0.0628319  0  0
21.375  0.0942478  0  0
21.375  0.125664  0  0
21.375  0.15708  0  0
21.375  0.188496  0.00506303  0.0371518
21.375  0.219911  0.0651444  0.0611669
21.375  0.251327  0.123568  0.0646886
21.375  0.282743  0.154616  0.0831004
21.375  0.314159  0.0761724  0.039067
21.375  0.345575  0.0622912  0.0922919
21.375  0.376991  0.162409  0.122776
21.375  0.408407  0.127169  0.115326
21.375  0.439823  0.156434  0.114224
21.375  0.471239  0.0597065  0.0821504
21.375  0.502655  0.192193  0.158285
21.375  0.534071  0.112474  0.141012
21.375  0.565487  0.0813534  0.12859
21.375  0.596903  0.246551  0.246565
21.375  0.628319  0.24307  0.156004
21.375  0.659734  0.134204  0.14195
21.375  0.69115  0.180727  0.171588
21.375  0.722566  0.301107  0.296686
21.375  0.753982  0.345544  0.267511
21.375  0.785398  0.554475  0.533851
21.375  0.816814  1.69097  1.13367
21.375  0.84823  0.581621  0.573119
21.375  0.879646  0.402248  0.356342
21.375  0.911062  0.231901  1.61334
21.375  0.942478  0.410438  0.390263
21.375  0.973894  2.2804  1.49206
21.375  1.00531  2.5673  1.42223
21.375  1.03673  0.229229  0.257529
21.375  1.06814  0.358295  2.00864
21.375  1.09956  0.168027  0.255997
21.375  1.13097  1.11893  0.621295
21.375  1.16239  0.354198  0.265763
21.375  1.19381  2.04514  1.68631
21.375  1.22522  1.51609  1.48628
21.375  1.25664  2.11431  1.21048
21.375  1.28805  2.77454  2.45593
21.375  1.31947  1.99041  1.56525
21.375  1.35088  2.74454  1.52826
21.375  1.3823  1.66493  1.18369
21.375  1.41372  1.47623  0.91711
21.375  1.44513  0.975086  1.0196
21.375  1.47655  0.874681  0.873254
21.375  1.50796  1.84125  1.32255
21.375  1.53938  2.59502  1.84411
21.375  1.5708  1.8919  1.7966
21.375  1.60221  1.87794  1.52696
21.375  1.63363  1.5807  0.792161
21.375  1.66504  1.89049  1.48952
21.375  1.69646  1.81642  0.964606
21.375  1.72788  0.465497  0.255672
21.375  1.75929  0.172409  0.428749
21.375  1.79071  0.299706  0.262129
21.375  1.82212  0.606329  0.660345
21.375  1.85354  1.69219  0.846692
21.375  1.88496  2.00763  1.67772
21.375  1.91637  2.38718  2.35497
21.375  1.94779  2.11352  1.12039
21.375  1.9792  2.28129  2.1911
21.375  2.01062  2.87724  2.68533
21.375  2.04204  1.20858  0.756088
21.375  2.07345  1.50601  1.70992
21.375  2.10487  1.11052  0.967634
21.375  2.13628  2.21022  2.1144
21.375  2.1677  0.173888  0.280618
21.375  2.19911  0.204359  1.15131
21.375  2.23053  2.60511  1.83054
21.375  2.26195  3.41879  2.22524
21.375  2.29336  0.102128  0.184378
21.375  2.32478  0.319769  0.311773
21.375  2.35619  0.560267  0.295174
21.375  2.38761  1.40193  1.96219
21.375  2.41903  0.248424  0.124706
21.375  2.45044  0.304945  0.289118
21.375  2.48186  0.141062  0.166679
21.375  2.51327  0.278194  0.172505
21.375  2.54469  0.274565  0.218352
21.375  2.57611  0.236342  0.13879
21.375  2.60752  0.0566195  0.126372
21.375  2.63894  0.242095  0.141632
21.375  2.67035  0.178522  0.11669
21.375  2.70177  0.0612515  0.117133
21.375  2.73319  0.185614  0.184803
21.375  2.7646  0.254585  0.14467
21.375  2.79602  0.10164  0.0839547
21.375  2.82743  0.118411  0.0772198
21.375  2.85885  0.126509  0.0645983
21.375  2.89027  0.0985406  0.0627439
21.375  2.92168  0.0756226  0.0548982
21.375  2.9531  0  0
21.375  2.98451  0  0
21.375  3.01593  0  0
21.375  3.04734  0  0
21.375  3.07876  0  0
21.375  3.11018  0  0
21.5  0  0  0
21.5  0.0314159  0  0
21.5  0.0628319  0  0
21.5  0.0942478  0  0
21.5  0.125664  0  0
21.5  0.15708  0  0
21.5  0.188496  0.00349174  0.0256219
21.5  0.219911  0.00261881  0.0192164
21.5  0.251327  0.0527703  0.0513349
21.5  0.282743  0.0974942  0.0802041
21.5  0.314159  0.0982956  0.0602958
21.5  0.345575  0.020686  0.028184
21.5  0.376991  0.152644  0.0766787
21.5  0.408407  0.164631  0.140236
21.5  0.439823  0.23352  0.233158
21.5  0.471239  0.0707534  0.10046
21.5  0.502655  0.0525535  0.076203
21.5  0.534071  0.161883  0.136699
21.5  0.565487  0.112622  0.126648
21.5  0.596903  0.165465  0.191469
21.5  0.628319  0.134497  0.13833
21.5  0.659734  0.316242  0.178637
21.5  0.69115  0.142943  0.174379
21.5  0.722566  0.144978  0.2105
21.5  0.753982  0.200266  0.215599
21.5  0.785398  0.295121  0.287838
21.5  0.816814  0.28304  0.202469
21.5  0.84823  0.178037  0.147838
21.5  0.879646  0.233931  0.171153
21.5  0.911062  0.395281  0.238082
21.5  0.942478  2.07314  1.19619
21.5  0.973894  1.94056  1.65161
21.5  1.00531  0.300905  0.286457
21.5  1.03673  0.387983  0.270007
21.5  1.06814  0.734914  0.689003
21.5  1.09956  0.313943  1.25494
21.5  1.13097  1.97827  1.97805
21.5  1.16239  0.229027  0.810929
21.5  1.19381  0.637764  0.482366
21.5  1.22522  1.21131  0.778564
21.5  1.25664  0.389544  0.218245
21.5  1.28805  3.19725  2.48545
21.5  1.31947  1.7494  1.73356
21.5  1.35088  1.31663  1.32875
21.5  1.3823  1.74835  1.71979
21.5  1.41372  2.77578  1.77453
21.5  1.44513  2.53977  1.34045
21.5  1.47655  1.32811  1.14949
21.5  1.50796  1.32797  0.810166
21.5  1.53938  2.56041  1.57598
21.5  1.5708  2.76487  1.38244
21.5  1.60221  2.43749  1.29435
21.5  1.63363  0.368399  0.23491
21.5  1.66504  1.9254  1.08076
21.5  1.69646  2.71542  2.11376
21.5  1.72788  0.967981  0.686225
21.5  1.75929  2.20746  1.60238
21.5  1.79071  0.262437  0.30757
21.5  1.82212  1.43905  0.780291
21.5  1.85354  1.86113  0.98475
21.5  1.88496  2.26141  1.53167
21.5  1.91637  1.076  0.551198
21.5  1.94779  0.402223  0.327443
21.5  1.9792  1.58676  0.82112
21.5  2.01062  2.43214  1.42927
21.5  2.04204  2.50436  2.48503
21.5  2.07345  0.389942  2.10758
21.5  2.10487  2.29347  1.58708
21.5  2.13628  2.61835  1.31153
21.5  2.1677  0.210994  0.255074
21.5  2.19911  0.141863  0.238541
21.5  2.23053  1.07085  0.659551
21.5  2.26195  1.97563  1.3259
21.5  2.29336  0.148887  0.227244
21.5  2.32478  0.280833  0.152053
21.5  2.35619  0.179876  0.216789
21.5  2.38761  0.0905942  0.178755
21.5  2.41903  3.80819  3.15252
21.5  2.45044  0.307003  0.175874
21.5  2.48186  0.144375  0.161398
21.5  2.51327  0.0818504  0.113291
21.5  2.54469  0.0938166  0.111766
21.5  2.57611  0.189141  0.151581
21.5  2.60752  0.200571  0.110713
21.5  2.63894  0.18787  0.106849
21.5  2.67035  0.261412  0.235193
21.5  2.70177  0.0621344  0.0695924
21.5  2.73319  0.0939898  0.0900434
21.5  2.7646  0.124521  0.0851634
21.5  2.79602  0.139201  0.112798
21.5  2.82743  0.110391  0.105982
21.5  2.85885  0.116079  0.108392
21.5  2.89027  0.0682054  0.0550723
21.5  2.92168  0.0328618  0.0417105
21.5  2.9531  0  0
21.5  2.98451  0  0
21.5  3.01593  0  0
21.5  3.04734  0  0
21.5  3.07876  0  0
21.5  3.11018  0  0
21.625  0  0  0
21.625  0.0314159  0  0
21.625  0.0628319  0  0
21.625  0.0942478  0  0
21.625  0.125664  0  0
21.625  0.15708  0  0
21.625  0.188496  0.258759  1.70226
21.625  0.219911  0.0899913  0.0672252
21.625  0.251327  0.13737  0.0693714
21.625  0.282743  0.0739748  0.0661069
21.625  0.314159  0.117867  0.0759474
21.625  0.345575  0.169437  0.0847588
21.625  0.376991  0.15013  0.123808
21.625  0.408407  0.127937  0.0983661
21.625  0.439823  0.204246  0.103277
21.625  0.471239  0.155514  0.0891911
21.625  0.502655  0.0912502  0.105966
21.625  0.534071  0.183979  0.179949
21.625  0.565487  0.246859  0.123436
21.625  0.596903  0.184075  0.166398
21.625  0.628319  0.302843  0.190783
21.625  0.659734  0.128624  0.151027
21.625  0.69115  0.135787  0.165975
21.625  0.722566  0.318001  0.303162
21.625  0.753982  0.322935  0.194818
21.625  0.785398  1.45961  0.730697
21.625  0.816814  0.191404  0.188209
21.625  0.84823  0.302311  0.299586
21.625  0.879646  0.89512  0.866572
21.625  0.911062  1.44802  0.742021
21.625  0.942478  0.244464  0.259351
21.625  0.973894  1.57212  1.11252
21.625  1.00531  1.62049  1.58386
21.625  1.03673  1.92303  1.02685
21.625  1.06814  2.7406  1.70086
21.625  1.09956  0.658622  0.643457
21.625  1.13097  0.988915  0.920983
21.625  1.16239  0.205156  0.286713
21.625  1.19381  1.00901  0.716977
21.625  1.22522  1.94612  1.52822
21.625  1.25664  1.26444  1.11762
21.625  1.28805  2.33914  1.59677
21.625  1.31947  2.5854  1.39329
21.625  1.35088  0.440681  0.255207
21.625  1.3823  1.44925  1.41812
21.625  1.41372  1.35363  1.38273
21.625  1.44513  0.223435  0.985349
21.625  1.47655  2.03688  1.37301
21.625  1.50796  2.24745  2.13336
21.625  1.53938  2.15652  1.10463
21.625  1.5708  1.61616  1.41057
21.625  1.60221  1.89999  1.8981
21.625  1.63363  3.18629  2.55395
21.625  1.66504  1.99449  1.31027
21.625  1.69646  1.50836  0.867872
21.625  1.72788  2.6281  1.56018
21.625  1.75929  1.71122  1.14256
21.625  1.79071  1.34801  1.32127
21.625  1.82212  0.257348  0.285782
21.625  1.85354  2.79585  2.22283
21.625  1.88496  0.712204  0.535815
21.625  1.91637  0.366457  0.361686
21.625  1.94779  2.80451  2.20677
21.625  1.9792  1.24479  0.816218
21.625  2.01062  0.26275  0.292747
21.625  2.04204  0.274483  1.68016
21.625  2.07345  2.2226  1.12196
21.625  2.10487  0.203939  0.857588
21.625  2.13628  1.75252  1.24726
21.625  2.1677  0.780663  0.473368
21.625  2.19911  0.885978  0.630607
21.625  2.23053  0.910381  0.678478
21.625  2.26195  3.25595  1.64897
21.625  2.29336  0.166644  0.174009
21.625  2.32478  0.496485  0.396188
21.625  2.35619  0.321516  0.16236
21.625  2.38761  1.39545  1.3273
21.625  2.41903  0.205213  0.193425
21.625  2.45044  0.140222  0.144533
21.625  2.48186  0.250176  0.127166
21.625  2.51327  0.135366  0.162264
21.625  2.54469  0.153536  0.121161
21.625  2.57611  0.148058  0.148046
21.625  2.60752  0.150836  0.118284
21.625  2.63894  0.168863  0.161167
21.625  2.67035  0.0695932  0.107917
21.625  2.70177  0.0334934  0.047226
21.625  2.73319  0.171447  0.118028
21.625  2.7646  0.140655  0.114343
21.625  2.79602  0.13568  0.133016
21.625  2.82743  0.0230515  0.0582402
21.625  2.85885  0.142349  0.0992716
21.625  2.89027  0.0688422  0.0688045
21.625  2.92168  0  0
21.625  2.9531  0  0
21.625  2.98451  0  0
21.625  3.01593  0  0
21.625  3.04734  0  0
21.625  3.07876  0  0
21.625  3.11018  0  0
21.75  0  0  0
21.75  0.0314159  0  0
21.75  0.0628319  0  0
21.75  0.0942478  0  0
21.75  0.125664  0  0
21.75  0.15708  0  0
21.75  0.188496  0.00359886  0.0285398
21.75  0.219911  0.0660797  0.0492838
21.75  0.251327  0.047504  0.0466084
21.75  0.282743  0.119517  0.0996275
21.75  0.314159  0.13862  0.134082
21.75  0.345575  0.0988049  0.0509543
21.75  0.376991  0.141346  0.124264
21.75  0.408407  0.155994  0.0887771
21.75  0.439823  0.0757201  0.125746
21.75  0.471239  0.150895  0.133949
21.75  0.502655  0.163815  0.194475
21.75  0.534071  0.234046  0.229886
21.75  0.565487  0.116794  0.148081
21.75  0.596903  0.117792  0.150828
21.75  0.628319  0.238982  0.221163
21.75  0.659734  2.74309  2.45324
21.75  0.69115  0.243406  0.173797
21.75  0.722566  0.326223  0.22301
21.75  0.753982  0.159994  0.159205
21.75  0.785398  0.130493  0.223244
21.75  0.816814  0.536819  0.499292
21.75  0.84823  1.36845  1.34165
21.75  0.879646  2.49927  2.30204
21.75  0.911062  0.202254  0.247285
21.75  0.942478  0.363092  0.339526
21.75  0.973894  0.632901  0.381211
21.75  1.00531  0.443411  0.278841
21.75  1.03673  2.6168  1.83661
21.75  1.06814  0.171843  0.299633
21.75  1.09956  2.33614  1.20951
21.75  1.13097  0.612313  0.599352
21.75  1.16239  0.192653  0.282697
21.75  1.19381  3.42286  2.3379
21.75  1.22522  1.45266  0.787644
21.75  1.25664  1.83504  0.934211
21.75  1.28805  2.38621  2.35846
21.75  1.31947  1.23789  1.23742
21.75  1.35088  2.05542  1.88097
21.75  1.3823  0.16386  0.220764
21.75  1.41372  2.45319  2.0295
21.75  1.44513  0.63451  0.355005
21.75  1.47655  0.2773  1.18283
21.75  1.50796  1.71159  1.38312
21.75  1.53938  0.437201  0.225054
21.75  1.5708  2.10694  1.73769
21.75  1.60221  2.96344  2.74035
21.75  1.63363  2.15307  2.09126
21.75  1.66504  1.28801  0.71065
21.75  1.69646  0.241175  1.08333
21.75  1.72788  0.710077  0.68819
21.75  1.75929  2.85661  2.41531
21.75  1.79071  3.55523  3.18264
21.75  1.82212  3.35666  3.33661
21.75  1.85354  2.04461  2.01448
21.75  1.88496  1.82434  1.0864
21.75  1.91637  1.28536  1.20497
21.75  1.94779  1.27146  1.1126
21.75  1.9792  0.353696  0.184384
21.75  2.01062  1.31241  1.15453
21.75  2.04204  0.389528  0.242282
21.75  2.07345  0.806355  1.16977
21.75  2.10487  0.282914  1.02363
21.75  2.13628  0.708498  0.833873
21.75  2.1677  2.92912  1.59264
21.75  2.19911  0.658823  0.658168
21.75  2.23053  1.46589  1.39883
21.75  2.26195  0.175296  0.236647
21.75  2.29336  0.216262  0.229867
21.75  2.32478  0.228592  0.972842
21.75  2.35619  0.281874  0.142078
21.75  2.38761  2.16937  1.13609
21.75  2.41903  0.112654  0.205586
21.75  2.45044  0.93829  1.94259
21.75  2.48186  0.12968  0.69234
21.75  2.51327  0.160666  0.151705
21.75  2.54469  0.216006  0.209704
21.75  2.57611  0.0767004  0.130426
21.75  2.60752  0.117673  0.15343
21.75  2.63894  0.122434  0.128096
21.75  2.67035  0.180845  0.147211
21.75  2.70177  0.282237  0.14205
21.75  2.73319  0.28296  0.274555
21.75  2.7646  0.0831141  0.0747897
21.75  2.79602  0.0890646  0.0588074
21.75  2.82743  0.130573  0.0677836
21.75  2.85885  0.108295  0.0760325
21.75  2.89027  0.0601874  0.0454623
21.75  2.92168  0.0400929  0.0252235
21.75  2.9531  0  0
21.75  2.98451  0  0
21.75  3.01593  0  0
21.75  3.04734  0  0
21.75  3.07876  0  0
21.75  3.11018  0  0
21.875  0  0  0
21.875  0.0314159  0  0
21.875  0.0628319  0  0
21.875  0.0942478  0  0
21.875  0.125664  0  0
21.875  0.15708  0  0
21.875  0.188496  0.258759  1.70226
21.875  0.219911  0.100404  0.0938638
21.875  0.251327  0.0979009  0.050119
21.875  0.282743  0.0522895  0.0373021
21.875  0.314159  0.0901665  0.0527722
21.875  0.345575  0.194207  0.171647
21.875  0.376991  0.0885497  0.0934028
21.875  0.408407  0.12922  0.121097
21.875  0.439823  0.161786  0.0838587
21.875  0.471239  0.135839  0.114578
21.875  0.502655  0.19353  0.190819
21.875  0.534071  0.255473  0.257595
21.875  0.565487  0.0735182  0.104822
21.875  0.596903  0.207979  0.155429
21.875  0.628319  0.229451  0.260293
21.875  0.659734  1.88441  1.87673
21.875  0.69115  0.229391  0.145645
21.875  0.722566  0.499752  0.456225
21.875  0.753982  0.247282  0.195856
21.875  0.785398  0.150119  0.253255
21.875  0.816814  0.133053  0.209871
21.875  0.84823  0.162227  0.186945
21.875  0.879646  0.13723  0.220906
21.875  0.911062  0.233775  0.234452
21.875  0.942478  1.48339  0.88206
21.875  0.973894  0.268487  0.274988
21.875  1.00531  0.179328  0.277175
21.875  1.03673  0.34388  0.349706
21.875  1.06814  2.17994  2.16122
21.875  1.09956  1.92516  1.39874
21.875  1.13097  1.9763  1.01006
21.875  1.16239  1.0946  0.725336
21.875  1.19381  0.914702  0.653624
21.875  1.22522  0.524975  0.448832
21.875  1.25664  1.79261  1.15169
21.875  1.28805  0.400161  0.204997
21.875  1.31947  3.10861  3.06351
21.875  1.35088  0.260904  0.995349
21.875  1.3823  0.769131  0.515074
21.875  1.41372  1.47345  0.738241
21.875  1.44513  1.03292  0.872456
21.875  1.47655  0.590525  0.305355
21.875  1.50796  0.86881  0.733334
21.875  1.53938  1.46748  1.05016
21.875  1.5708  1.58939  1.57383
21.875  1.60221  1.25965  1.06722
21.875  1.63363  1.98136  1.25545
21.875  1.66504  0.223608  1.06962
21.875  1.69646  1.37981  0.890673
21.875  1.72788  2.28867  2.28493
21.875  1.75929  1.70246  1.23807
21.875  1.79071  0.368906  0.313072
21.875  1.82212  1.19105  0.801255
21.875  1.85354  0.192556  0.206086
21.875  1.88496  0.280585  0.272974
21.875  1.91637  0.710884  0.50833
21.875  1.94779  2.59844  1.3789
21.875  1.9792  1.19958  0.795214
21.875  2.01062  1.26265  0.968381
21.875  2.04204  0.880637  0.820425
21.875  2.07345  0.174574  0.239757
21.875  2.10487  0.225334  0.243646
21.875  2.13628  0.470167  0.437011
21.875  2.1677  0.639302  0.621921
21.875  2.19911  0.215069  0.192302
21.875  2.23053  0.134483  0.198396
21.875  2.26195  0.545289  0.545209
21.875  2.29336  0.296598  0.206249
21.875  2.32478  0.167705  0.181849
21.875  2.35619  0.339695  0.200836
21.875  2.38761  0.182963  0.157375
21.875  2.41903  0.277383  0.140213
21.875  2.45044  0.191778  0.158931
21.875  2.48186  0.213443  0.195207
21.875  2.51327  0.147205  0.205605
21.875  2.54469  0.241707  0.151514
21.875  2.57611  0.234333  0.221936
21.875  2.60752  0.180143  0.173807
21.875  2.63894  0.128758  0.133473
21.875  2.67035  0.164482  0.0876358
21.875  2.70177  0.135074  0.134231
21.875  2.73319  0.0874271  0.0477646
21.875  2.7646  0.2097  0.109202
21.875  2.79602  0.171912  0.0940713
21.875  2.82743  0.129026  0.108017
21.875  2.85885  0.128279  0.101619
21.875  2.89027  0.0508959  0.0365253
21.875  2.92168  0  0
21.875  2.9531  0.198587  1.96854
21.875  2.98451  0  0
21.875  3.01593  0  0
21.875  3.04734  0  0
21.875  3.07876  0  0
21.875  3.11018  0  0
22  0  0  0
22  0.0314159  0  0
22  0.0628319  0  0
22  0.0942478  0  0
22  0.125664  0  0
22  0.15708  0.24651  2.25042
22  0.188496  0.258759  1.70226
22  0.219911  0.108669  0.0574334
22  0.251327  0.0619684  0.059023
22  0.282743  0.152924  0.120255
22  0.314159  0.160585  0.109152
22  0.345575  0.113171  0.0856402
22  0.376991  0.177209  0.167125
22  0.408407  0.191197  0.0974372
22  0.439823  0.171522  0.169014
22  0.471239  0.188724  0.125691
22  0.502655  0.246467  0.164934
22  0.534071  0.219193  0.202239
22  0.565487  0.0707373  0.150847
22  0.596903  0.316733  0.309125
22  0.628319  0.266831  0.153469
22  0.659734  0.0991229  0.146036
22  0.69115  0.31069  0.299765
22  0.722566  0.296681  0.193223
22  0.753982  0.325135  0.278695
22  0.785398  0.313981  1.41932
22  0.816814  1.20619  1.14121
22  0.84823  0.216977  0.206466
22  0.879646  0.13301  0.401965
22  0.911062  0.530843  0.389327
22  0.942478  1.04245  0.966369
22  0.973894  0.184362  0.225272
22  1.00531  0.252787  0.284122
22  1.03673  1.77902  0.893392
22  1.06814  0.233248  0.957492
22  1.09956  1.63334  1.41988
22  1.13097  0.337172  0.291432
22  1.16239  0.84598  0.487829
22  1.19381  0.961497  0.510958
22  1.22522  2.47968  1.27184
22  1.25664  0.468417  0.619032
22  1.28805  0.831652  0.671223
22  1.31947  1.35047  0.812602
22  1.35088  0.901455  0.738795
22  1.3823  3.49271  1.86711
22  1.41372  2.47597  1.27219
22  1.44513  2.90535  1.47086
22  1.47655  0.726609  0.724531
22  1.50796  0.400159  0.233849
22  1.53938  1.65294  1.562
22  1.5708  0.701695  0.47819
22  1.60221  1.5731  1.50599
22  1.63363  1.61582  1.32125
22  1.66504  2.14257  1.16188
22  1.69646  1.92932  1.68331
22  1.72788  1.80144  1.28472
22  1.75929  1.68454  0.861939
22  1.79071  2.39003  1.19501
22  1.82212  0.983802  0.492449
22  1.85354  1.19992  0.647159
22  1.88496  0.44749  0.364126
22  1.91637  2.2532  1.4358
22  1.94779  1.96747  1.93053
22  1.9792  0.762597  0.41134
22  2.01062  1.19673  0.996576
22  2.04204  2.20141  1.15365
22  2.07345  0.205089  0.210333
22  2.10487  1.30834  1.24821
22  2.13628  2.50511  2.12063
22  2.1677  1.25933  0.652572
22  2.19911  0.344362  0.286858
22  2.23053  0.218804  1.47956
22  2.26195  0.225068  0.646493
22  2.29336  0.215417  0.233299
22  2.32478  2.27817  1.78828
22  2.35619  0.412591  0.397702
22  2.38761  0.131244  0.172984
22  2.41903  0.129453  0.761046
22  2.45044  0.19883  0.225589
22  2.48186  0.145461  0.168692
22  2.51327  0.336362  0.169574
22  2.54469  0.171821  0.159268
22  2.57611  0.206549  0.192335
22  2.60752  0.186734  0.155143
22  2.63894  0.279891  0.222799
22  2.67035  0.150709  0.0814542
22  2.70177  0.225462  0.162069
22  2.73319  0.116408  0.0586433
22  2.7646  0.160122  0.151926
22  2.79602  0.0987659  0.0693034
22  2.82743  0.0959122  0.0617564
22  2.85885  0.258759  1.70226
22  2.89027  0.0704535  0.0369661
22  2.92168  0  0
22  2.9531  0  0
22  2.98451  0  0
22  3.01593  0  0
22  3.04734  0  0
22  3.07876  0  0
22  3.11018  0  0
22.125  0  0  0
22.125  0.0314159  0  0
22.125  0.0628319  0  0
22.125  0.0942478  0  0
22.125  0.125664  0  0
22.125  0.15708  0  0
22.125  0.188496  0.00523761  0.0384329
22.125  0.219911  0.0642697  0.0322854
22.125  0.251327  0.0876608  0.0865233
22.125  0.282743  0.303544  0.277063
22.125  0.314159  0.122762  0.0615674
22.125  0.345575  0.111437  0.104701
22.125  0.376991  0.175725  0.100325
22.125  0.408407  0.127709  0.108434
22.125  0.439823  0.167088  0.163374
22.125  0.471239  0.161393  0.0906373
22.125  0.502655  0.0756088  0.108675
22.125  0.534071  0.191602  0.18393
22.125  0.565487  0.199401  0.109673
22.125  0.596903  0.208213  0.173746
22.125  0.628319  0.168194  0.184202
22.125  0.659734  0.115496  0.318094
22.125  0.69115  0.273114  0.162569
22.125  0.722566  0.172617  1.52753
22.125  0.753982  0.15316  0.170811
22.125  0.785398  0.206229  1.28382
22.125  0.816814  0.281496  0.245596
22.125  0.84823  0.138691  0.235923
22.125  0.879646  0.169826  0.331086
22.125  0.911062  0.787598  0.58537
22.125  0.942478  2.83815  2.83812
22.125  0.973894  0.580856  0.365564
22.125  1.00531  0.173222  0.371046
22.125  1.03673  0.180623  0.293862
22.125  1.06814  0.184954  0.291216
22.125  1.09956  0.979386  0.735658
22.125  1.13097  3.33747  2.7736
22.125  1.16239  1.1028  0.649575
22.125  1.19381  1.05157  0.913668
22.125  1.22522  0.336802  0.316012
22.125  1.25664  1.17958  0.766141
22.125  1.28805  2.38224  2.08132
22.125  1.31947  0.706949  0.621671
22.125  1.35088  2.08854  2.07805
22.125  1.3823  1.78592  1.60096
22.125  1.41372  0.724514  0.458173
22.125  1.44513  2.83337  2.48949
22.125  1.47655  2.4125  2.06101
22.125  1.50796  0.773857  0.753691
22.125  1.53938  1.51276  0.930329
22.125  1.5708  1.67119  0.976935
22.125  1.60221  2.09817  1.6935
22.125  1.63363  2.87535  2.12051
22.125  1.66504  2.28861  1.87447
22.125  1.69646  0.878947  0.577385
22.125  1.72788  2.71403  2.65028
22.125  1.75929  1.62681  1.29767
22.125  1.79071  2.5595  2.49969
22.125  1.82212  2.58692  1.77428
22.125  1.85354  1.16888  1.14979
22.125  1.88496  2.1857  1.09389
22.125  1.91637  0.210018  0.231017
22.125  1.94779  1.34528  1.29064
22.125  1.9792  1.44762  1.00153
22.125  2.01062  0.2065  0.504508
22.125  2.04204  0.240343  0.284746
22.125  2.07345  1.98796  1.04803
22.125  2.10487  2.70196  2.33064
22.125  2.13628  1.0808  0.540399
22.125  2.1677  0.159219  0.316019
22.125  2.19911  0.38734  0.447995
22.125  2.23053  1.89855  1.95616
22.125  2.26195  0.24134  0.282802
22.125  2.29336  2.18189  1.5442
22.125  2.32478  0.325003  0.162755
22.125  2.35619  0.156125  0.161137
22.125  2.38761  0.120842  0.186591
22.125  2.41903  2.79603  2.2105
22.125  2.45044  0.130646  0.175283
22.125  2.48186  0.262429  0.136253
22.125  2.51327  1.17021  1.16763
22.125  2.54469  0.319715  0.319627
22.125  2.57611  0.0661275  0.1202
22.125  2.60752  0.264865  0.226089
22.125  2.63894  0.132402  0.114323
22.125  2.67035  0.295673  0.154856
22.125  2.70177  0.120955  0.0808622
22.125  2.73319  0.168016  0.164129
22.125  2.7646  0.205631  0.112153
22.125  2.79602  0.124113  0.0750182
22.125  2.82743  0.093916  0.0763839
22.125  2.85885  0.00785642  0.0576493
22.125  2.89027  0.00122211  0.00896767
22.125  2.92168  0.258759  1.70227
22.125  2.9531  0  0
22.125  2.98451  0  0
22.125  3.01593  0  0
22.125  3.04734  0  0
22.125  3.07876  0  0
22.125  3.11018  0  0
22.25  0  0  0
22.25  0.0314159  0  0
22.25  0.0628319  0  0
22.25  0.0942478  0  0
22.25  0.125664  0  0
22.25  0.15708  0  0
22.25  0.188496  0.255098  1.96439
22.25  0.219911  0.258759  1.70226
22.25  0.251327  0.0761381  0.0684889
22.25  0.282743  0.0899637  0.0795003
22.25  0.314159  0.0959109  0.0949386
22.25  0.345575  0.0397002  0.0762953
22.25  0.376991  2.15992  1.73754
22.25  0.408407  0.195365  0.126864
22.25  0.439823  0.193491  0.181255
22.25  0.471239  0.0634491  0.142217
22.25  0.502655  0.181397  0.0955132
22.25  0.534071  0.206471  0.201648
22.25  0.565487  0.0775247  0.120164
22.25  0.596903  0.246738  0.208933
22.25  0.628319  0.228147  0.146963
22.25  0.659734  0.275685  0.145775
22.25  0.69115  0.19934  0.18931
22.25  0.722566  0.114142  0.212203
22.25  0.753982  0.266415  0.28976
22.25  0.785398  0.15406  0.22521
22.25  0.816814  0.18267  0.167057
22.25  0.84823  1.43632  1.79811
22.25  0.879646  0.234104  1.06665
22.25  0.911062  0.663229  0.425588
22.25  0.942478  0.158814  0.304023
22.25  0.973894  0.695451  0.435251
22.25  1.00531  1.42294  1.0022
22.25  1.03673  0.966583  0.956446
22.25  1.06814  0.158982  0.235971
22.25  1.09956  2.18331  1.25002
22.25  1.13097  0.15929  0.26061
22.25  1.16239  0.256169  0.233553
22.25  1.19381  3.05676  2.98471
22.25  1.22522  1.06816  1.05636
22.25  1.25664  2.32312  1.21728
22.25  1.28805  2.12457  1.28093
22.25  1.31947  1.17985  0.810306
22.25  1.35088  1.72416  1.52666
22.25  1.3823  2.23233  1.47627
22.25  1.41372  1.48078  1.42953
22.25  1.44513  2.98867  1.71734
22.25  1.47655  2.40311  2.02397
22.25  1.50796  2.31472  1.19869
22.25  1.53938  2.22253  2.21576
22.25  1.5708  2.27894  1.73579
22.25  1.60221  0.59733  0.589116
22.25  1.63363  2.76787  1.38661
22.25  1.66504  1.13956  0.863774
22.25  1.69646  1.65132  0.826172
22.25  1.72788  1.71367  0.940428
22.25  1.75929  2.11468  1.07864
22.25  1.79071  3.33269  1.74896
22.25  1.82212  2.3381  1.88735
22.25  1.85354  0.445601  0.399682
22.25  1.88496  3.5035  3.36856
22.25  1.91637  1.78741  1.41985
22.25  1.94779  2.1997  2.07118
22.25  1.9792  2.08837  1.45801
22.25  2.01062  2.01478  2.24794
22.25  2.04204  1.2157  1.25887
22.25  2.07345  1.75314  1.03148
22.25  2.10487  1.58566  1.23126
22.25  2.13628  0.341763  0.203809
22.25  2.1677  0.737748  0.737747
22.25  2.19911  0.31144  1.55565
22.25  2.23053  1.70218  1.70203
22.25  2.26195  2.00028  1.74885
22.25  2.29336  0.796715  0.425683
22.25  2.32478  0.334121  0.278878
22.25  2.35619  0.269738  0.240088
22.25  2.38761  0.10619  0.196074
22.25  2.41903  0.122473  0.128921
22.25  2.45044  0.154245  0.179651
22.25  2.48186  0.258838  0.473249
22.25  2.51327  0.252951  0.244872
22.25  2.54469  0.239393  0.238498
22.25  2.57611  0.215998  0.21597
22.25  2.60752  0.203145  0.1273
22.25  2.63894  0.152123  0.0888704
22.25  2.67035  0.0829167  0.0689013
22.25  2.70177  0.170842  0.163182
22.25  2.73319  0.111722  0.0948673
22.25  2.7646  0.198038  0.182471
22.25  2.79602  0.173789  0.0938905
22.25  2.82743  0.00226963  0.0166544
22.25  2.85885  0.0013967  0.0102488
22.25  2.89027  0.0895985  0.0861923
22.25  2.92168  0.147457  1.30844
22.25  2.9531  0  0
22.25  2.98451  0  0
22.25  3.01593  0  0
22.25  3.04734  0  0
22.25  3.07876  0  0
22.25  3.11018  0  0
22.375  0  0  0
22.375  0.0314159  0  0
22.375  0.0628319  0  0
22.375  0.0942478  0  0
22.375  0.125664  0  0
22.375  0.15708  0  0
22.375  0.188496  0  0
22.375  0.219911  0.0999645  0.0629821
22.375  0.251327  0.00733266  0.053806
22.375  0.282743  0.13281  0.131346
22.375  0.314159  0.0970243  0.0805506
22.375  0.345575  0.157356  0.153604
22.375  0.376991  0.19838  0.099202
22.375  0.408407  0.141955  0.14654
22.375  0.439823  0.161851  0.0865849
22.375  0.471239  0.163028  0.0945294
22.375  0.502655  0.0876656  0.117296
22.375  0.534071  0.093527  0.109737
22.375  0.565487  0.280608  0.238404
22.375  0.596903  1.2697  3.51922
22.375  0.628319  0.13055  0.168158
22.375  0.659734  0.256741  0.147286
22.375  0.69115  0.288267  0.284243
22.375  0.722566  0.628158  0.572355
22.375  0.753982  0.194931  0.220319
22.375  0.785398  0.327914  0.16435
22.375  0.816814  0.475414  0.328749
22.375  0.84823  0.347858  0.346121
22.375  0.879646  0.131063  0.220303
22.375  0.911062  1.56039  1.35578
22.375  0.942478  0.21504  0.25698
22.375  0.973894  0.238968  1.35669
22.375  1.00531  0.219713  0.217799
22.375  1.03673  1.33016  1.30997
22.375  1.06814  0.855748  0.594397
22.375  1.09956  1.53632  1.38806
22.375  1.13097  2.06437  1.16003
22.375  1.16239  0.212467  0.227979
22.375  1.19381  1.59251  0.983897
22.375  1.22522  2.2652  2.08868
22.375  1.25664  0.240639  0.268632
22.375  1.28805  2.08982  1.69765
22.375  1.31947  2.70455  2.99998
22.375  1.35088  1.60561  0.80515
22.375  1.3823  0.522713  0.453066
22.375  1.41372  0.269503  0.274607
22.375  1.44513  2.10147  1.22951
22.375  1.47655  2.72898  2.69789
22.375  1.50796  1.73214  1.34683
22.375  1.53938  1.98194  1.90987
22.375  1.5708  2.44353  2.19906
22.375  1.60221  0.511426  0.511379
22.375  1.63363  1.7251  0.931173
22.375  1.66504  0.315614  0.213084
22.375  1.69646  2.29199  2.22788
22.375  1.72788  1.16851  0.850392
22.375  1.75929  1.16836  0.847639
22.375  1.79071  1.60479  1.19048
22.375  1.82212  1.3472  1.30961
22.375  1.85354  3.09618  2.83037
22.375  1.88496  2.26096  2.05396
22.375  1.91637  1.17141  0.730916
22.375  1.94779  1.31502  0.76278
22.375  1.9792  1.22826  0.88656
22.375  2.01062  1.06586  0.572873
22.375  2.04204  0.219781  0.23334
22.375  2.07345  0.496683  0.261502
22.375  2.10487  0.985599  0.587001
22.375  2.13628  3.22581  3.02901
22.375  2.1677  2.55482  1.7848
22.375  2.19911  0.685196  0.506363
22.375  2.23053  0.954526  0.884165
22.375  2.26195  0.170967  0.218742
22.375  2.29336  0.179569  0.517166
22.375  2.32478  0.204434  0.210663
22.375  2.35619  0.614839  0.542059
22.375  2.38761  2.54412  1.61656
22.375  2.41903  0.305943  0.283691
22.375  2.45044  0.252488  0.170642
22.375  2.48186  0.168565  0.207992
22.375  2.51327  0.204194  0.214099
22.375  2.54469  0.0841267  0.127218
22.375  2.57611  0.202039  0.175804
22.375  2.60752  0.184965  0.147239
22.375  2.63894  0.191803  0.154028
22.375  2.67035  0.125746  0.080176
22.375  2.70177  0.167942  0.143203
22.375  2.73319  0.232025  0.119385
22.375  2.7646  0.0166196  0.0388005
22.375  2.79602  0.0989942  0.0903463
22.375  2.82743  0.102122  0.0513411
22.375  2.85885  0.0282755  0.140602
22.375  2.89027  0.129068  0.0646031
22.375  2.92168  0  0
22.375  2.9531  0  0
22.375  2.98451  0  0
22.375  3.01593  0  0
22.375  3.04734  0  0
22.375  3.07876  0  0
22.375  3.11018  0  0
22.5  0  0  0
22.5  0.0314159  0  0
22.5  0.0628319  0  0
22.5  0.0942478  0  0
22.5  0.125664  0  0
22.5  0.15708  0  0
22.5  0.188496  0.0122211  0.0896767
22.5  0.219911  0.050968  0.0331429
22.5  0.251327  0.0439185  0.0281627
22.5  0.282743  0.214892  0.214236
22.5  0.314159  0.154155  0.0848751
22.5  0.345575  0.189772  0.122804
22.5  0.376991  0.158204  0.0998498
22.5  0.408407  0.147631  0.0767351
22.5  0.439823  0.202136  0.129041
22.5  0.471239  0.190588  0.0993836
22.5  0.502655  0.15995  0.147472
22.5  0.534071  0.111306  0.132951
22.5  0.565487  0.181171  0.157468
22.5  0.596903  0.200933  0.187967
22.5  0.628319  0.23447  0.234445
22.5  0.659734  0.201001  0.20612
22.5  0.69115  0.131428  0.171653
22.5  0.722566  0.264098  0.275205
22.5  0.753982  0.157601  0.178626
22.5  0.785398  0.191192  0.196501
22.5  0.816814  0.34134  0.313414
22.5  0.84823  0.937511  0.859578
22.5  0.879646  1.94604  0.98248
22.5  0.911062  2.79757  1.451
22.5  0.942478  0.156572  0.255981
22.5  0.973894  0.138121  0.228546
22.5  1.00531  2.3366  1.16993
22.5  1.03673  0.799959  0.434293
22.5  1.06814  1.29642  0.884641
22.5  1.09956  0.267246  0.332895
22.5  1.13097  0.212419  0.278285
22.5  1.16239  1.26759  0.642291
22.5  1.19381  1.24294  1.11207
22.5  1.22522  2.45353  2.41672
22.5  1.25664  0.245284  1.27399
22.5  1.28805  2.7032  1.39774
22.5  1.31947  1.98024  1.50054
22.5  1.35088  1.25736  0.816251
22.5  1.3823  1.49341  1.22061
22.5  1.41372  1.58197  1.43672
22.5  1.44513  2.89238  2.28176
22.5  1.47655  2.13717  1.67662
22.5  1.50796  1.85121  1.83867
22.5  1.53938  2.62453  1.57732
22.5  1.5708  1.07314  0.801507
22.5  1.60221  1.59667  1.09335
22.5  1.63363  2.12753  1.11576
22.5  1.66504  2.43986  2.04719
22.5  1.69646  1.35816  0.822481
22.5  1.72788  1.19865  0.652946
22.5  1.75929  1.80722  1.80424
22.5  1.79071  1.9029  1.17033
22.5  1.82212  0.485761  0.349276
22.5  1.85354  2.68471  2.07041
22.5  1.88496  2.05806  1.97379
22.5  1.91637  1.76291  0.900126
22.5  1.94779  0.468864  0.342363
22.5  1.9792  2.22315  1.69063
22.5  2.01062  2.53871  2.51236
22.5  2.04204  1.94411  1.11951
22.5  2.07345  2.24874  1.80522
22.5  2.10487  0.973749  0.524225
22.5  2.13628  0.342495  0.174844
22.5  2.1677  1.50025  1.35421
22.5  2.19911  0.766762  0.639267
22.5  2.23053  1.06883  1.06876
22.5  2.26195  0.279098  2.37224
22.5  2.29336  0.282397  0.270223
22.5  2.32478  0.300233  0.281964
22.5  2.35619  0.147876  0.199376
22.5  2.38761  0.160973  0.176167
22.5  2.41903  0.300336  0.197114
22.5  2.45044  0.247418  0.191387
22.5  2.48186  0.339784  0.325005
22.5  2.51327  4.25085  4.2455
22.5  2.54469  0.10083  0.127007
22.5  2.57611  0.273007  0.18912
22.5  2.60752  3.89736  3.89799
22.5  2.63894  0.156811  0.146516
22.5  2.67035  0.136752  0.101976
22.5  2.70177  0.169454  0.0847303
22.5  2.73319  0.108719  0.0553948
22.5  2.7646  0.12228  0.0898688
22.5  2.79602  0.0777006  0.0449157
22.5  2.82743  0.126825  0.115775
22.5  2.85885  0.0996762  0.0799732
22.5  2.89027  0.137523  1.31308
22.5  2.92168  0  0
22.5  2.9531  0.000523761  0.00384329
22.5  2.98451  0  0
22.5  3.01593  0  0
22.5  3.04734  0  0
22.5  3.07876  0  0
22.5  3.11018  0  0
22.625  0  0  0
22.625  0.0314159  0  0
22.625  0.0628319  0  0
22.625  0.0942478  0  0
22.625  0.125664  0  0
22.625  0.15708  0  0
22.625  0.188496  0.0376474  0.0248402
22.625  0.219911  0  0
22.625  0.251327  0.0568159  0.0364548
22.625  0.282743  0.109542  0.0559918
22.625  0.314159  0.154352  0.0904217
22.625  0.345575  0.0986705  0.0707638
22.625  0.376991  0.0292412  0.0433751
22.625  0.408407  0.0390092  0.0589772
22.625  0.439823  0.168126  0.163256
22.625  0.471239  0.238376  0.234695
22.625  0.502655  0.111385  0.095248
22.625  0.534071  0.208362  0.140523
22.625  0.565487  0.247787  0.124829
22.625  0.596903  0.0928983  0.190104
22.625  0.628319  0.241756  0.222143
22.625  0.659734  0.260213  0.216099
22.625  0.69115  0.258564  0.255105
22.625  0.722566  0.165453  0.201335
22.625  0.753982  0.184025  0.180836
22.625  0.785398  0.202378  0.17111
22.625  0.816814  0.183725  0.217121
22.625  0.84823  0.196168  0.202434
22.625  0.879646  0.441074  0.36545
22.625  0.911062  0.360917  0.346103
22.625  0.942478  0.626252  0.469417
22.625  0.973894  2.4861  2.47562
22.625  1.00531  2.61064  1.89675
22.625  1.03673  1.80897  1.60938
22.625  1.06814  0.258973  1.15914
22.625  1.09956  2.05192  2.03655
22.625  1.13097  1.83538  1.80216
22.625  1.16239  1.67216  1.10727
22.625  1.19381  1.01032  0.673602
22.625  1.22522  2.10556  1.05278
22.625  1.25664  1.78847  1.72514
22.625  1.28805  1.33907  0.693346
22.625  1.31947  2.51635  2.2555
22.625  1.35088  2.23304  1.59546
22.625  1.3823  2.73143  1.4491
22.625  1.41372  2.39146  2.03184
22.625  1.44513  2.23226  2.22742
22.625  1.47655  0.562407  0.461249
22.625  1.50796  1.0104  0.555312
22.625  1.53938  1.47749  0.748628
22.625  1.5708  1.62228  0.812231
22.625  1.60221  1.81949  1.81922
22.625  1.63363  2.37121  1.48731
22.625  1.66504  2.78337  2.24334
22.625  1.69646  1.87957  1.60694
22.625  1.72788  2.60035  1.66467
22.625  1.75929  2.30491  2.29638
22.625  1.79071  1.85484  1.29755
22.625  1.82212  3.53912  1.95916
22.625  1.85354  1.35329  1.32169
22.625  1.88496  3.52767  2.26413
22.625  1.91637  2.27135  1.23519
22.625  1.94779  0.527138  0.469754
22.625  1.9792  0.381657  0.381477
22.625  2.01062  0.551079  0.535603
22.625  2.04204  2.69596  1.34954
22.625  2.07345  2.75121  1.77797
22.625  2.10487  0.824983  0.583007
22.625  2.13628  0.892081  0.706282
22.625  2.1677  0.309552  0.303214
22.625  2.19911  0.179625  0.202636
22.625  2.23053  0.849236  0.443235
22.625  2.26195  1.04683  1.03002
22.625  2.29336  0.114019  0.120986
22.625  2.32478  0.154803  0.196128
22.625  2.35619  0.279823  0.279603
22.625  2.38761  0.245917  0.124559
22.625  2.41903  0.279061  0.279043
22.625  2.45044  0.252637  0.15677
22.625  2.48186  0.133821  0.154048
22.625  2.51327  0.734303  0.501176
22.625  2.54469  0.24026  0.214172
22.625  2.57611  0.303623  0.289588
22.625  2.60752  0.171649  0.0985247
22.625  2.63894  0.182437  0.0943207
22.625  2.67035  0.0875392  0.120228
22.625  2.70177  0.169037  0.168844
22.625  2.73319  0.111971  0.133269
22.625  2.7646  0.1318  0.0995273
22.625  2.79602  0.102187  0.100565
22.625  2.82743  0.0939766  0.110619
22.625  2.85885  0.0866924  0.0480275
22.625  2.89027  0.198587  1.96854
22.625  2.92168  0  0
22.625  2.9531  0  0
22.625  2.98451  0  0
22.625  3.01593  0  0
22.625  3.04734  0  0
22.625  3.07876  0  0
22.625  3.11018  0  0
22.75  0  0  0
22.75  0.0314159  0  0
22.75  0.0628319  0  0
22.75  0.0942478  0  0
22.75  0.125664  0  0
22.75  0.15708  0  0
22.75  0.188496  0.260103  1.60293
22.75  0.219911  0.258759  1.70226
22.75  0.251327  0.172602  0.136818
22.75  0.282743  0.0963772  0.0633869
22.75  0.314159  0.143649  0.142088
22.75  0.345575  0.0777672  0.0716217
22.75  0.376991  0.126826  0.104594
22.75  0.408407  0.192615  0.101147
22.75  0.439823  0.148026  0.129466
22.75  0.471239  0.162418  0.159805
22.75  0.502655  0.257938  0.181764
22.75  0.534071  0.155473  0.171941
22.75  0.565487  0.143235  0.144325
22.75  0.596903  0.217929  0.166777
22.75  0.628319  0.193608  0.153949
22.75  0.659734  1.72233  1.2305
22.75  0.69115  0.16213  0.460564
22.75  0.722566  0.129184  0.219568
22.75  0.753982  0.293282  0.24495
22.75  0.785398  0.464102  0.318344
22.75  0.816814  0.204109  0.208725
22.75  0.84823  0.452914  0.379265
22.75  0.879646  0.333557  1.69712
22.75  0.911062  1.74359  1.16991
22.75  0.942478  0.32723  0.185979
22.75  0.973894  0.186831  0.374865
22.75  1.00531  1.04451  0.613689
22.75  1.03673  0.335716  0.379467
22.75  1.06814  0.443259  0.367996
22.75  1.09956  1.54883  1.73636
22.75  1.13097  1.10129  0.880069
22.75  1.16239  2.24104  1.1284
22.75  1.19381  1.16069  1.11037
22.75  1.22522  0.858928  0.708756
22.75  1.25664  2.3762  1.27415
22.75  1.28805  1.98154  1.94358
22.75  1.31947  2.97746  2.43669
22.75  1.35088  2.3004  2.23755
22.75  1.3823  1.44136  0.846908
22.75  1.41372  2.193  2.27058
22.75  1.44513  2.46459  2.36141
22.75  1.47655  2.65102  2.61855
22.75  1.50796  1.79845  0.906999
22.75  1.53938  2.47515  2.19756
22.75  1.5708  0.488237  0.395508
22.75  1.60221  2.31677  1.52448
22.75  1.63363  0.943744  0.492498
22.75  1.66504  3.40508  2.25243
22.75  1.69646  0.637955  0.436249
22.75  1.72788  1.49767  1.14448
22.75  1.75929  2.36351  2.10682
22.75  1.79071  1.87493  1.86509
22.75  1.82212  1.53916  1.32242
22.75  1.85354  0.458288  0.229423
22.75  1.88496  1.25057  0.729968
22.75  1.91637  3.3687  2.7593
22.75  1.94779  0.768193  0.635829
22.75  1.9792  1.11095  1.09942
22.75  2.01062  1.18412  0.91923
22.75  2.04204  1.57613  1.28345
22.75  2.07345  0.506592  0.458306
22.75  2.10487  0.770089  0.398268
22.75  2.13628  0.954663  0.48529
22.75  2.1677  0.19426  0.221447
22.75  2.19911  1.7459  1.69582
22.75  2.23053  0.258439  0.173595
22.75  2.26195  0.216377  0.234293
22.75  2.29336  0.170437  0.164126
22.75  2.32478  0.130968  0.203776
22.75  2.35619  0.125475  0.217437
22.75  2.38761  2.06485  1.8549
22.75  2.41903  0.20389  0.183906
22.75  2.45044  0.212168  1.4995
22.75  2.48186  0.149399  0.186569
22.75  2.51327  0.158096  0.220059
22.75  2.54469  0.241332  0.136853
22.75  2.57611  0.157448  0.122812
22.75  2.60752  0.221495  0.143285
22.75  2.63894  0.0520302  0.0795149
22.75  2.67035  0.167415  0.140164
22.75  2.70177  0.271257  0.270866
22.75  2.73319  0.102585  0.0624607
22.75  2.7646  0.139242  0.0908896
22.75  2.79602  0.0962117  0.0921125
22.75  2.82743  0.134828  0.111997
22.75  2.85885  0.0896893  0.0647559
22.75  2.89027  0.111703  0.0727757
22.75  2.92168  0.258759  1.70226
22.75  2.9531  0  0
22.75  2.98451  0  0
22.75  3.01593  0  0
22.75  3.04734  0  0
22.75  3.07876  0  0
22.75  3.11018  0  0
22.875  0  0  0
22.875  0.0314159  0  0
22.875  0.0628319  0  0
22.875  0.0942478  0  0
22.875  0.125664  0  0
22.875  0.15708  0  0
22.875  0.188496  0.258759  1.70226
22.875  0.219911  0.027407  0.0226063
22.875  0.251327  0.068846  0.0626383
22.875  0.282743  0.173439  0.160574
22.875  0.314159  0.103425  0.0648101
22.875  0.345575  0.160197  0.0803512
22.875  0.376991  0.144339  0.116329
22.875  0.408407  0.153899  0.0904513
22.875  0.439823  0.102877  0.156583
22.875  0.471239  0.258697  0.257754
22.875  0.502655  0.221185  0.209137
22.875  0.534071  0.225883  0.145086
22.875  0.565487  0.151679  0.193889
22.875  0.596903  0.161101  0.121561
22.875  0.628319  0.299054  0.281381
22.875  0.659734  0.177919  0.179599
22.875  0.69115  0.241618  0.154131
22.875  0.722566  0.402708  0.238508
22.875  0.753982  0.236357  0.26304
22.875  0.785398  0.295743  1.49307
22.875  0.816814  0.39239  0.317243
22.875  0.84823  0.816737  0.506298
22.875  0.879646  1.05495  0.57368
22.875  0.911062  1.70542  1.74508
22.875  0.942478  0.189636  0.711838
22.875  0.973894  1.90084  1.1689
22.875  1.00531  2.46377  2.42832
22.875  1.03673  0.213755  0.220289
22.875  1.06814  2.16923  2.15104
22.875  1.09956  2.04361  1.53545
22.875  1.13097  2.18885  1.73063
22.875  1.16239  2.02343  2.00202
22.875  1.19381  0.726279  0.399694
22.875  1.22522  1.11214  0.737493
22.875  1.25664  1.94974  1.2673
22.875  1.28805  2.46337  1.34819
22.875  1.31947  1.50369  1.01262
22.875  1.35088  2.69176  1.37205
22.875  1.3823  1.40187  1.28211
22.875  1.41372  2.7608  1.8164
22.875  1.44513  1.23592  0.69002
22.875  1.47655  2.32284  1.69726
22.875  1.50796  1.26964  0.673803
22.875  1.53938  2.40587  1.30882
22.875  1.5708  1.3111  1.03884
22.875  1.60221  0.429342  0.445374
22.875  1.63363  1.67359  0.999549
22.875  1.66504  3.09492  2.13546
22.875  1.69646  1.50181  0.878221
22.875  1.72788  1.39618  1.25152
22.875  1.75929  2.24559  2.23195
22.875  1.79071  3.51646  3.02794
22.875  1.82212  1.53396  1.04687
22.875  1.85354  1.31595  1.21485
22.875  1.88496  2.85623  1.60017
22.875  1.91637  1.89705  1.81123
22.875  1.94779  2.87526  2.21455
22.875  1.9792  0.648198  0.503462
22.875  2.01062  0.29871  1.69799
22.875  2.04204  1.43776  1.64639
22.875  2.07345  1.27452  1.03311
22.875  2.10487  1.28484  1.45748
22.875  2.13628  0.844436  0.426583
22.875  2.1677  0.347181  0.20677
22.875  2.19911  0.162895  0.249598
22.875  2.23053  0.649631  0.363184
22.875  2.26195  1.65362  1.45984
22.875  2.29336  0.126468  0.203337
22.875  2.32478  0.416432  0.224088
22.875  2.35619  0.183779  0.184745
22.875  2.38761  0.2361  0.156602
22.875  2.41903  0.141268  0.144685
22.875  2.45044  0.150303  0.212999
22.875  2.48186  0.259119  0.232808
22.875  2.51327  0.283925  0.283782
22.875  2.54469  0.201221  0.195009
22.875  2.57611  0.138603  0.13648
22.875  2.60752  0.206551  0.120626
22.875  2.63894  0.0627324  0.0885729
22.875  2.67035  0.134572  0.138904
22.875  2.70177  0.208165  0.200114
22.875  2.73319  0.198488  0.168574
22.875  2.7646  0.0416854  0.0738795
22.875  2.79602  0.118401  0.0803449
22.875  2.82743  0.182685  0.113414
22.875  2.85885  0.258759  1.70227
22.875  2.89027  0.0197283  0.144764
22.875  2.92168  0.247912  1.97438
22.875  2.9531  0  0
22.875  2.98451  0  0
22.875  3.01593  0  0
22.875  3.04734  0  0
22.875  3.07876  0  0
22.875  3.11018  0  0
23  0  0  0
23  0.0314159  0  0
23  0.0628319  0  0
23  0.0942478  0  0
23  0.125664  0  0
23  0.15708  0  0
23  0.188496  0.137523  1.31308
23  0.219911  0.248805  2.12272
23  0.251327  0.0443891  0.0270568
23  0.282743  0.11196  0.0889894
23  0.314159  0.158356  0.0797026
23  0.345575  0.0969514  0.0958814
23  0.376991  0.0698406  0.129596
23  0.408407  0.166076  0.161631
23  0.439823  0.238391  0.121975
23  0.471239  0.198101  0.195525
23  0.502655  0.186665  0.0993475
23  0.534071  0.120025  0.117219
23  0.565487  0.221999  0.145325
23  0.596903  0.137506  0.142319
23  0.628319  1.63149  1.45681
23  0.659734  0.285845  0.201528
23  0.69115  0.131665  0.124271
23  0.722566  0.179251  0.19371
23  0.753982  0.126561  0.189661
23  0.785398  0.160812  0.122563
23  0.816814  2.30927  2.27704
23  0.84823  0.158296  0.199288
23  0.879646  0.295263  0.26563
23  0.911062  1.52559  1.51945
23  0.942478  0.24603  0.258864
23  0.973894  1.96991  1.85687
23  1.00531  0.933786  0.715491
23  1.03673  0.82552  0.575503
23  1.06814  3.2135  2.61138
23  1.09956  0.837843  0.835869
23  1.13097  2.6681  1.36005
23  1.16239  0.355995  0.191581
23  1.19381  3.0205  2.71437
23  1.22522  3.40778  1.99864
23  1.25664  0.624694  0.612216
23  1.28805  1.10015  1.09702
23  1.31947  0.851713  1.12529
23  1.35088  1.28268  1.27562
23  1.3823  0.358157  0.337979
23  1.41372  2.88019  1.59507
23  1.44513  2.53226  2.37197
23  1.47655  3.1585  1.79518
23  1.50796  2.02632  1.72004
23  1.53938  1.35888  1.33617
23  1.5708  1.14694  1.47699
23  1.60221  1.28169  0.935111
23  1.63363  2.38134  1.31961
23  1.66504  2.0052  1.74323
23  1.69646  1.13101  1.12001
23  1.72788  0.326335  0.245739
23  1.75929  2.32835  2.0286
23  1.79071  0.57744  0.311697
23  1.82212  4.23678  2.13046
23  1.85354  2.46923  1.78779
23  1.88496  0.572677  0.530416
23  1.91637  1.81143  1.08224
23  1.94779  1.81049  1.2114
23  1.9792  2.19261  1.47085
23  2.01062  3.27486  3.25754
23  2.04204  0.364436  0.286463
23  2.07345  1.45852  1.06488
23  2.10487  1.14105  1.07138
23  2.13628  0.856994  0.428847
23  2.1677  1.22113  0.687374
23  2.19911  2.19271  1.09854
23  2.23053  1.78422  0.970199
23  2.26195  2.36887  1.52644
23  2.29336  0.387816  0.387167
23  2.32478  0.283102  1.74649
23  2.35619  0.314416  0.202987
23  2.38761  0.317915  0.178199
23  2.41903  0.138028  0.365271
23  2.45044  0.118773  0.128284
23  2.48186  0.151217  0.21173
23  2.51327  4.50026  3.93126
23  2.54469  0.215791  0.210264
23  2.57611  0.260373  0.142827
23  2.60752  0.199043  0.167845
23  2.63894  0.234421  0.153105
23  2.67035  0.0456569  0.07359
23  2.70177  0.132779  0.122189
23  2.73319  0.212652  0.111975
23  2.7646  0.127004  0.0674792
23  2.79602  0.0497613  0.0362111
23  2.82743  0.182566  0.0960865
23  2.85885  0.0654793  0.0607497
23  2.89027  0.00174587  0.012811
23  2.92168  0.258759  1.70226
23  2.9531  0  0
23  2.98451  0  0
23  3.01593  0  0
23  3.04734  0  0
23  3.07876  0  0
23  3.11018  0  0
23.125  0  0  0
23.125  0.0314159  0  0
23.125  0.0628319  0  0
23.125  0.0942478  0  0
23.125  0.125664  0  0
23.125  0.15708  0  0
23.125  0.188496  0.0107966  0.0856205
23.125  0.219911  0.00314257  0.0230597
23.125  0.251327  0.0987099  0.0948769
23.125  0.282743  0.0122211  0.0896767
23.125  0.314159  0.0735535  0.0406835
23.125  0.345575  0.0639381  0.0636228
23.125  0.376991  0.163979  0.154226
23.125  0.408407  0.147826  0.085233
23.125  0.439823  0.164313  0.163301
23.125  0.471239  0.205335  0.190113
23.125  0.502655  0.216217  0.20431
23.125  0.534071  0.208622  0.174097
23.125  0.565487  0.180504  0.135976
23.125  0.596903  0.268523  0.224783
23.125  0.628319  0.0883466  0.159658
23.125  0.659734  0.0944017  0.186209
23.125  0.69115  0.220992  0.270741
23.125  0.722566  0.323163  0.177349
23.125  0.753982  2.23753  1.15318
23.125  0.785398  0.244535  1.72675
23.125  0.816814  0.298346  0.294511
23.125  0.84823  0.356629  0.310334
23.125  0.879646  0.172631  1.16502
23.125  0.911062  0.191058  0.896543
23.125  0.942478  1.49068  0.745355
23.125  0.973894  1.55228  1.49027
23.125  1.00531  2.00684  1.13684
23.125  1.03673  1.39646  1.12781
23.125  1.06814  0.381425  0.318843
23.125  1.09956  1.83032  1.26002
23.125  1.13097  1.43611  0.786417
23.125  1.16239  0.468124  0.370326
23.125  1.19381  2.00951  1.78696
23.125  1.22522  2.7926  1.51697
23.125  1.25664  1.61348  1.0833
23.125  1.28805  3.48621  2.53983
23.125  1.31947  2.04035  2.03696
23.125  1.35088  1.71804  0.969141
23.125  1.3823  1.97584  1.36161
23.125  1.41372  1.54703  1.51828
23.125  1.44513  1.81188  1.74588
23.125  1.47655  1.63902  1.38506
23.125  1.50796  0.319438  0.290475
23.125  1.53938  1.10702  0.9807
23.125  1.5708  1.9398  1.89075
23.125  1.60221  2.10241  1.46804
23.125  1.63363  2.31033  1.77094
23.125  1.66504  1.12539  0.988911
23.125  1.69646  1.77492  1.72186
23.125  1.72788  1.59853  0.800994
23.125  1.75929  2.40701  2.17395
23.125  1.79071  0.801788  0.764526
23.125  1.82212  2.62817  2.62746
23.125  1.85354  0.91531  0.778914
23.125  1.88496  1.26637  1.11779
23.125  1.91637  2.79073  2.78565
23.125  1.94779  2.80624  2.72127
23.125  1.9792  3.0488  2.24927
23.125  2.01062  2.85073  2.69198
23.125  2.04204  0.235564  0.215927
23.125  2.07345  0.29234  0.324145
23.125  2.10487  1.59559  0.857836
23.125  2.13628  2.23417  1.60315
23.125  2.1677  2.65098  1.35072
23.125  2.19911  0.591718  0.522625
23.125  2.23053  0.235271  0.223819
23.125  2.26195  0.137538  0.234526
23.125  2.29336  0.166913  0.262814
23.125  2.32478  0.818019  0.550848
23.125  2.35619  0.305763  0.166524
23.125  2.38761  0.306379  0.304652
23.125  2.41903  0.828086  0.884859
23.125  2.45044  0.300596  0.150301
23.125  2.48186  0.13409  0.131382
23.125  2.51327  0.186985  0.0966759
23.125  2.54469  0.114421  0.170795
23.125  2.57611  0.181342  0.113184
23.125  2.60752  0.348231  0.18532
23.125  2.63894  0.0827685  0.127422
23.125  2.67035  0.0836173  0.0985848
23.125  2.70177  0.169819  0.0997998
23.125  2.73319  0.221086  0.211694
23.125  2.7646  0.0833111  0.0765388
23.125  2.79602  0.142898  0.119547
23.125  2.82743  0.161339  0.080917
23.125  2.85885  0.112981  0.0882741
23.125  2.89027  0.0106498  0.0781468
23.125  2.92168  0.258759  1.70226
23.125  2.9531  0  0
23.125  2.98451  0  0
23.125  3.01593  0  0
23.125  3.04734  0  0
23.125  3.07876  0  0
23.125  3.11018  0  0
23.25  0  0  0
23.25  0.0314159  0  0
23.25  0.0628319  0  0
23.25  0.0942478  0  0
23.25  0.125664  0  0
23.25  0.15708  0  0
23.25  0.188496  0.0757519  0.0416633
23.25  0.219911  0.258759  1.70226
23.25  0.251327  0.133  0.0927433
23.25  0.282743  0.209556  0.177906
23.25  0.314159  0.0230518  0.0519103
23.25  0.345575  0.120382  0.0878571
23.25  0.376991  0.173197  0.172815
23.25  0.408407  0.189926  0.16625
23.25  0.439823  0.274145  0.27417
23.25  0.471239  0.248855  0.136844
23.25  0.502655  0.262146  0.150769
23.25  0.534071  2.57086  1.99519
23.25  0.565487  0.231568  0.222395
23.25  0.596903  0.154923  0.137653
23.25  0.628319  0.236556  0.137401
23.25  0.659734  0.146538  0.162286
23.25  0.69115  0.137371  0.217014
23.25  0.722566  0.101182  0.106363
23.25  0.753982  2.91395  1.99036
23.25  0.785398  0.150594  0.23479
23.25  0.816814  0.174788  0.156266
23.25  0.84823  0.234854  0.232446
23.25  0.879646  2.34625  2.31348
23.25  0.911062  2.16593  1.89357
23.25  0.942478  1.28699  0.842769
23.25  0.973894  0.173666  0.271853
23.25  1.00531  0.757238  0.620766
23.25  1.03673  1.90039  1.83462
23.25  1.06814  1.83992  1.64109
23.25  1.09956  0.212017  0.23327
23.25  1.13097  3.17481  1.70388
23.25  1.16239  0.910476  0.558605
23.25  1.19381  0.740297  0.482658
23.25  1.22522  2.18008  1.42537
23.25  1.25664  1.49753  0.962111
23.25  1.28805  1.929  1.45509
23.25  1.31947  0.735399  0.626065
23.25  1.35088  0.750384  0.378841
23.25  1.3823  0.209044  0.369001
23.25  1.41372  1.03077  1.03075
23.25  1.44513  1.42504  0.727488
23.25  1.47655  2.12583  1.41818
23.25  1.50796  1.56353  0.83299
23.25  1.53938  1.61226  0.961714
23.25  1.5708  1.23569  1.19244
23.25  1.60221  2.56347  2.36226
23.25  1.63363  1.20262  1.07891
23.25  1.66504  3.11228  3.08131
23.25  1.69646  0.192784  0.95298
23.25  1.72788  3.56721  1.88175
23.25  1.75929  1.42328  1.23546
23.25  1.79071  1.68715  1.47412
23.25  1.82212  1.10238  0.835642
23.25  1.85354  3.66496  2.62448
23.25  1.88496  0.704668  0.704551
23.25  1.91637  2.15565  2.1172
23.25  1.94779  0.595045  0.492852
23.25  1.9792  1.49033  1.21863
23.25  2.01062  1.7697  0.933938
23.25  2.04204  2.39253  1.78769
23.25  2.07345  0.422855  0.265707
23.25  2.10487  1.57877  1.3766
23.25  2.13628  0.194429  0.200441
23.25  2.1677  0.222834  0.217674
23.25  2.19911  2.51537  1.63819
23.25  2.23053  1.05311  0.8427
23.25  2.26195  1.5756  1.29037
23.25  2.29336  2.39134  2.23459
23.25  2.32478  0.338585  0.307301
23.25  2.35619  0.277828  0.277227
23.25  2.38761  0.285919  0.146765
23.25  2.41903  0.173354  0.211007
23.25  2.45044  0.296378  0.184274
23.25  2.48186  0.251506  0.250828
23.25  2.51327  0.123602  0.134366
23.25  2.54469  0.255038  0.146965
23.25  2.57611  0.0644386  0.133248
23.25  2.60752  2.7052  2.68426
23.25  2.63894  0.125036  0.152486
23.25  2.67035  0.104293  0.0894079
23.25  2.70177  0.078188  0.100991
23.25  2.73319  0.146449  0.143218
23.25  2.7646  0.13981  0.0941212
23.25  2.79602  0.184125  0.116817
23.25  2.82743  0.129691  0.111852
23.25  2.85885  0.142983  0.140562
23.25  2.89027  0.0232735  0.0152771
23.25  2.92168  0  0
23.25  2.9531  0  0
23.25  2.98451  0  0
23.25  3.01593  0  0
23.25  3.04734  0  0
23.25  3.07876  0  0
23.25  3.11018  0  0
23.375  0  0  0
23.375  0.0314159  0  0
23.375  0.0628319  0  0
23.375  0.0942478  0  0
23.375  0.125664  0  0
23.375  0.15708  0  0
23.375  0.188496  0.0810679  0.0742022
23.375  0.219911  0.00977688  0.0717413
23.375  0.251327  0.0794657  0.0583053
23.375  0.282743  0.13134  0.0983383
23.375  0.314159  0.186274  0.146567
23.375  0.345575  0.150079  0.114555
23.375  0.376991  0.0678744  0.101251
23.375  0.408407  0.165874  0.0909169
23.375  0.439823  0.13474  0.114247
23.375  0.471239  0.100766  0.134717
23.375  0.502655  0.181174  0.134058
23.375  0.534071  0.22412  0.194163
23.375  0.565487  0.249311  0.132111
23.375  0.596903  0.0886829  0.120073
23.375  0.628319  0.13466  0.124235
23.375  0.659734  2.93106  1.63564
23.375  0.69115  0.178212  0.216172
23.375  0.722566  1.15984  1.14119
23.375  0.753982  0.498476  0.460472
23.375  0.785398  0.273493  1.55505
23.375  0.816814  0.188314  0.214211
23.375  0.84823  0.65952  0.345479
23.375  0.879646  2.34365  2.07289
23.375  0.911062  1.89329  1.82461
23.375  0.942478  1.59037  0.831713
23.375  0.973894  0.414925  0.406565
23.375  1.00531  0.166914  0.234426
23.375  1.03673  1.87625  1.06522
23.375  1.06814  1.01735  0.574534
23.375  1.09956  0.289789  1.60918
23.375  1.13097  1.65047  0.857245
23.375  1.16239  3.31772  2.15404
23.375  1.19381  1.98894  1.09389
23.375  1.22522  0.368882  0.221714
23.375  1.25664  2.81588  2.56397
23.375  1.28805  0.218143  0.250086
23.375  1.31947  2.20924  2.20914
23.375  1.35088  1.81615  1.70589
23.375  1.3823  2.44874  2.44845
23.375  1.41372  2.0787  1.11817
23.375  1.44513  0.698627  0.386891
23.375  1.47655  1.81462  0.950623
23.375  1.50796  0.60547  0.416198
23.375  1.53938  1.3792  1.31614
23.375  1.5708  2.29337  1.62356
23.375  1.60221  1.65249  1.63007
23.375  1.63363  2.90557  2.47471
23.375  1.66504  2.30042  2.2878
23.375  1.69646  1.5661  1.31474
23.375  1.72788  3.242  2.34528
23.375  1.75929  1.81932  0.911951
23.375  1.79071  1.78774  1.59397
23.375  1.82212  2.06744  1.90831
23.375  1.85354  3.00212  1.78931
23.375  1.88496  2.75063  2.4304
23.375  1.91637  0.30155  0.327705
23.375  1.94779  2.60241  1.70257
23.375  1.9792  0.420529  0.426379
23.375  2.01062  2.27934  2.21245
23.375  2.04204  0.342938  0.281718
23.375  2.07345  1.9164  1.72203
23.375  2.10487  2.68213  1.63718
23.375  2.13628  1.45255  0.872457
23.375  2.1677  2.67233  1.92544
23.375  2.19911  1.11438  1.1129
23.375  2.23053  0.195025  0.446692
23.375  2.26195  1.45193  0.841364
23.375  2.29336  0.181524  0.424941
23.375  2.32478  0.752328  0.468695
23.375  2.35619  0.136863  0.203039
23.375  2.38761  0.235322  0.195145
23.375  2.41903  0.35335  0.235093
23.375  2.45044  0.146475  0.248702
23.375  2.48186  0.192857  0.192582
23.375  2.51327  0.181219  0.220545
23.375  2.54469  0.17895  0.177316
23.375  2.57611  0.237661  0.166081
23.375  2.60752  0.13768  0.0863886
23.375  2.63894  0.0666389  0.10906
23.375  2.67035  0.177875  0.123914
23.375  2.70177  0.188438  0.128047
23.375  2.73319  0.169459  0.106697
23.375  2.7646  0.135613  0.0719829
23.375  2.79602  0.161197  0.0831751
23.375  2.82743  0.0928152  0.0749462
23.375  2.85885  0.0918793  0.0914495
23.375  2.89027  0  0
23.375  2.92168  0.258759  1.70226
23.375  2.9531  0  0
23.375  2.98451  0  0
23.375  3.01593  0  0
23.375  3.04734  0  0
23.375  3.07876  0  0
23.375  3.11018  0  0
23.5  0  0  0
23.5  0.0314159  0  0
23.5  0.0628319  0  0
23.5  0.0942478  0  0
23.5  0.125664  0  0
23.5  0.15708  0  0
23.5  0.188496  0  0
23.5  0.219911  0.00995147  0.0730224
23.5  0.251327  0.010999  0.080709
23.5  0.282743  0.0820068  0.0802867
23.5  0.314159  0.0786992  0.0743054
23.5  0.345575  0.123515  0.102618
23.5  0.376991  0.171812  0.114519
23.5  0.408407  0.168897  0.115311
23.5  0.439823  0.179353  0.177237
23.5  0.471239  0.0816106  0.13104
23.5  0.502655  2.01236  1.66471
23.5  0.534071  0.230742  0.208433
23.5  0.565487  0.190082  0.127997
23.5  0.596903  0.927873  0.490749
23.5  0.628319  0.139132  0.162883
23.5  0.659734  0.250789  0.155956
23.5  0.69115  2.81978  1.675
23.5  0.722566  2.91301  1.59398
23.5  0.753982  0.338973  0.171073
23.5  0.785398  0.265434  0.227418
23.5  0.816814  0.191373  0.204928
23.5  0.84823  1.70337  0.984391
23.5  0.879646  0.257022  1.29114
23.5  0.911062  3.06544  2.3319
23.5  0.942478  0.192808  0.17655
23.5  0.973894  0.339346  0.352472
23.5  1.00531  2.55207  2.4587
23.5  1.03673  2.25713  1.37173
23.5  1.06814  1.98902  1.9861
23.5  1.09956  0.991951  0.95516
23.5  1.13097  1.61688  0.916081
23.5  1.16239  0.774021  0.5542
23.5  1.19381  1.50426  1.13586
23.5  1.22522  0.201706  0.32755
23.5  1.25664  1.74704  1.40449
23.5  1.28805  0.666765  0.336994
23.5  1.31947  0.435204  0.365068
23.5  1.35088  1.33651  0.77322
23.5  1.3823  1.07462  1.04874
23.5  1.41372  0.43558  0.237527
23.5  1.44513  2.83853  2.69355
23.5  1.47655  2.00716  1.05412
23.5  1.50796  2.36512  1.18488
23.5  1.53938  2.63792  1.83517
23.5  1.5708  1.36856  1.23945
23.5  1.60221  0.477817  0.476828
23.5  1.63363  1.47256  0.864908
23.5  1.66504  1.62147  0.810755
23.5  1.69646  1.87108  1.31416
23.5  1.72788  0.86837  0.441602
23.5  1.75929  1.7545  1.387
23.5  1.79071  2.71464  2.19499
23.5  1.82212  0.281595  0.323772
23.5  1.85354  0.204436  0.201438
23.5  1.88496  3.07659  2.72245
23.5  1.91637  0.256793  0.29679
23.5  1.94779  2.32558  2.15266
23.5  1.9792  1.71978  0.864542
23.5  2.01062  1.20944  0.818212
23.5  2.04204  3.02936  1.52624
23.5  2.07345  1.89272  1.13003
23.5  2.10487  1.8673  1.76957
23.5  2.13628  3.39944  3.38168
23.5  2.1677  2.56454  1.67309
23.5  2.19911  2.38925  2.16559
23.5  2.23053  1.52433  1.34451
23.5  2.26195  0.562413  0.526689
23.5  2.29336  2.02014  1.61682
23.5  2.32478  0.720589  0.698849
23.5  2.35619  0.254737  0.211243
23.5  2.38761  2.27902  1.19904
23.5  2.41903  1.914  1.70718
23.5  2.45044  0.294407  0.149398
23.5  2.48186  0.284552  0.158177
23.5  2.51327  0.213196  0.123346
23.5  2.54469  0.245271  0.13123
23.5  2.57611  0.187525  0.21171
23.5  2.60752  0.17954  0.123952
23.5  2.63894  0.213777  0.18606
23.5  2.67035  0.170582  0.148355
23.5  2.70177  0.213295  0.195875
23.5  2.73319  0.052417  0.0849589
23.5  2.7646  0.11831  0.0995995
23.5  2.79602  0.0319014  0.0734312
23.5  2.82743  0.130823  0.120728
23.5  2.85885  0.0607653  0.0578655
23.5  2.89027  0.0928594  0.0603994
23.5  2.92168  0.0123957  0.0909578
23.5  2.9531  0  0
23.5  2.98451  0  0
23.5  3.01593  0  0
23.5  3.04734  0  0
23.5  3.07876  0  0
23.5  3.11018  0  0
23.625  0  0  0
23.625  0.0314159  0  0
23.625  0.0628319  0  0
23.625  0.0942478  0  0
23.625  0.125664  0  0
23.625  0.15708  0  0
23.625  0.188496  0.0040155  0.0294652
23.625  0.219911  0.069734  0.0520115
23.625  0.251327  0.0887015  0.0443796
23.625  0.282743  0.0309045  0.0496433
23.625  0.314159  0.115106  0.0596442
23.625  0.345575  0.108939  0.0605083
23.625  0.376991  0.176301  0.10465
23.625  0.408407  0.177001  0.102251
23.625  0.439823  0.14434  0.084011
23.625  0.471239  0.249538  0.246208
23.625  0.502655  0.309726  0.274887
23.625  0.534071  0.208192  0.191742
23.625  0.565487  0.0864261  0.118916
23.625  0.596903  0.129327  0.106382
23.625  0.628319  0.233869  0.170434
23.625  0.659734  3.89275  2.15664
23.625  0.69115  0.711326  0.604319
23.625  0.722566  0.284205  0.276718
23.625  0.753982  0.120794  0.179144
23.625  0.785398  2.23562  2.1995
23.625  0.816814  0.291524  0.339736
23.625  0.84823  2.07735  2.02565
23.625  0.879646  1.06553  0.961485
23.625  0.911062  0.211507  0.801744
23.625  0.942478  0.997959  0.925909
23.625  0.973894  1.7577  1.34953
23.625  1.00531  0.27918  0.259653
23.625  1.03673  1.23582  0.792489
23.625  1.06814  0.175499  0.430045
23.625  1.09956  2.68754  1.37383
23.625  1.13097  2.7285  1.88958
23.625  1.16239  1.94717  1.27447
23.625  1.19381  0.754879  0.380005
23.625  1.22522  0.886414  0.810428
23.625  1.25664  2.54645  1.72729
23.625  1.28805  1.09511  0.547849
23.625  1.31947  2.03245  1.04518
23.625  1.35088  2.22804  1.6537
23.625  1.3823  2.83891  1.52577
23.625  1.41372  2.58033  1.30213
23.625  1.44513  2.54642  2.51148
23.625  1.47655  0.21976  0.492681
23.625  1.50796  2.07438  1.78589
23.625  1.53938  0.904468  0.762331
23.625  1.5708  2.90631  2.39938
23.625  1.60221  1.46836  1.46145
23.625  1.63363  0.478237  0.416234
23.625  1.66504  2.13125  1.08287
23.625  1.69646  3.12245  2.87799
23.625  1.72788  2.2801  2.01412
23.625  1.75929  1.41204  0.706666
23.625  1.79071  1.53538  0.968669
23.625  1.82212  3.01084  1.50544
23.625  1.85354  3.4257  3.30071
23.625  1.88496  0.605144  0.604622
23.625  1.91637  1.45283  1.51021
23.625  1.94779  2.21456  1.68909
23.625  1.9792  0.218417  0.265207
23.625  2.01062  1.4793  1.37987
23.625  2.04204  1.06135  1.06102
23.625  2.07345  0.383415  0.191816
23.625  2.10487  1.34037  1.03268
23.625  2.13628  0.787727  0.489117
23.625  2.1677  0.611938  0.508884
23.625  2.19911  2.67351  2.45235
23.625  2.23053  0.289398  0.210734
23.625  2.26195  0.208311  0.190256
23.625  2.29336  0.190703  0.196527
23.625  2.32478  2.33215  1.20319
23.625  2.35619  0.149749  0.196891
23.625  2.38761  0.523215  0.2629
23.625  2.41903  0.445644  0.360411
23.625  2.45044  0.112727  0.125701
23.625  2.48186  0.166059  0.184956
23.625  2.51327  0.14821  0.189359
23.625  2.54469  0.111787  0.10514
23.625  2.57611  0.222383  0.200875
23.625  2.60752  0.162457  0.136698
23.625  2.63894  0.174089  0.137589
23.625  2.67035  0.174699  0.174357
23.625  2.70177  0.0413654  0.0972949
23.625  2.73319  0.142013  0.0778106
23.625  2.7646  0.220045  0.134952
23.625  2.79602  0.18261  0.157141
23.625  2.82743  0.123608  0.093828
23.625  2.85885  0.107592  0.0809295
23.625  2.89027  0.260103  1.60293
23.625  2.92168  0  0
23.625  2.9531  0.256816  1.84815
23.625  2.98451  0  0
23.625  3.01593  0  0
23.625  3.04734  0  0
23.625  3.07876  0  0
23.625  3.11018  0  0
23.75  0  0  0
23.75  0.0314159  0  0
23.75  0.0628319  0  0
23.75  0.0942478  0  0
23.75  0.125664  0  0
23.75  0.15708  0  0
23.75  0.188496  0.240951  2.28398
23.75  0.219911  0.0821023  0.083488
23.75  0.251327  0.0132869  0.0397375
23.75  0.282743  0.0797672  0.0403273
23.75  0.314159  0.113505  0.0976651
23.75  0.345575  0.113825  0.0614904
23.75  0.376991  0.127425  0.0726516
23.75  0.408407  0.151233  0.149954
23.75  0.439823  0.194905  0.194385
23.75  0.471239  0.0756472  0.119411
23.75  0.502655  0.28474  0.209041
23.75  0.534071  0.371974  0.371776
23.75  0.565487  0.215587  0.126308
23.75  0.596903  0.271192  0.170547
23.75  0.628319  0.317202  0.342863
23.75  0.659734  0.251278  0.207975
23.75  0.69115  0.252045  0.271945
23.75  0.722566  0.277841  0.27169
23.75  0.753982  0.203082  0.212471
23.75  0.785398  0.164707  0.214013
23.75  0.816814  0.135856  0.232733
23.75  0.84823  0.162054  0.357858
23.75  0.879646  0.377696  0.210036
23.75  0.911062  0.395289  0.206105
23.75  0.942478  0.675361  0.481499
23.75  0.973894  0.999904  0.829334
23.75  1.00531  0.908688  0.899493
23.75  1.03673  0.445899  0.416205
23.75  1.06814  0.379021  0.368607
23.75  1.09956  1.93119  1.80897
23.75  1.13097  1.97868  1.86969
23.75  1.16239  2.64659  1.41675
23.75  1.19381  1.85687  1.85603
23.75  1.22522  1.9576  1.16017
23.75  1.25664  1.96262  1.29747
23.75  1.28805  0.295592  0.272305
23.75  1.31947  0.442024  0.310813
23.75  1.35088  1.98385  1.10213
23.75  1.3823  1.73325  1.59823
23.75  1.41372  2.53587  1.61241
23.75  1.44513  2.63732  2.28801
23.75  1.47655  1.67615  1.62436
23.75  1.50796  3.56132  3.21873
23.75  1.53938  2.04562  1.51858
23.75  1.5708  1.88358  1.38521
23.75  1.60221  1.02277  0.937383
23.75  1.63363  1.46979  0.755632
23.75  1.66504  2.784  1.4518
23.75  1.69646  2.40605  1.22452
23.75  1.72788  0.863749  0.702792
23.75  1.75929  0.979368  0.672868
23.75  1.79071  1.17463  0.625355
23.75  1.82212  3.87197  2.72493
23.75  1.85354  0.986191  0.601695
23.75  1.88496  1.88849  1.82463
23.75  1.91637  2.81313  1.76273
23.75  1.94779  0.316426  0.256703
23.75  1.9792  0.604367  0.673695
23.75  2.01062  2.02404  1.71015
23.75  2.04204  2.02712  1.87641
23.75  2.07345  1.37334  1.37327
23.75  2.10487  1.01756  0.736178
23.75  2.13628  0.234676  0.231428
23.75  2.1677  0.111015  0.145027
23.75  2.19911  1.09128  0.925497
23.75  2.23053  0.382588  0.382485
23.75  2.26195  0.128226  0.204569
23.75  2.29336  0.138566  0.216679
23.75  2.32478  0.174605  0.18832
23.75  2.35619  0.311702  0.308943
23.75  2.38761  0.179958  0.178289
23.75  2.41903  0.175256  0.191387
23.75  2.45044  0.16363  0.183745
23.75  2.48186  0.286847  0.278225
23.75  2.51327  0.119919  0.11976
23.75  2.54469  0.133658  0.167678
23.75  2.57611  0.297142  0.289209
23.75  2.60752  0.0874903  0.150144
23.75  2.63894  0.132029  0.124702
23.75  2.67035  0.100687  0.16049
23.75  2.70177  0.206573  0.117338
23.75  2.73319  0.198447  0.0993503
23.75  2.7646  0.0305941  0.0585258
23.75  2.79602  0.1404  0.140308
23.75  2.82743  0.0829311  0.0438944
23.75  2.85885  0.0550169  0.0364401
23.75  2.89027  0.0641251  0.0505637
23.75  2.92168  0.00104752  0.00768657
23.75  2.9531  0  0
23.75  2.98451  0  0
23.75  3.01593  0  0
23.75  3.04734  0  0
23.75  3.07876  0  0
23.75  3.11018  0  0
23.875  0  0  0
23.875  0.0314159  0  0
23.875  0.0628319  0  0
23.875  0.0942478  0  0
23.875  0.125664  0  0
23.875  0.15708  0.255098  1.96439
23.875  0.188496  0.00785642  0.0576493
23.875  0.219911  0  0
23.875  0.251327  0.0859739  0.0777443
23.875  0.282743  0.156752  0.0806542
23.875  0.314159  0.143763  0.142112
23.875  0.345575  0.113144  0.0897648
23.875  0.376991  0.125048  0.0933565
23.875  0.408407  0.140932  0.11367
23.875  0.439823  0.0538898  0.105288
23.875  0.471239  0.185917  0.127431
23.875  0.502655  0.0685843  0.085693
23.875  0.534071  0.0918392  0.142738
23.875  0.565487  0.189272  0.187129
23.875  0.596903  0.136668  0.117804
23.875  0.628319  0.600405  1.31573
23.875  0.659734  0.16548  0.123683
23.875  0.69115  0.300053  0.167308
23.875  0.722566  0.250015  0.19611
23.875  0.753982  0.288283  0.146193
23.875  0.785398  0.137773  0.21822
23.875  0.816814  0.777982  0.586858
23.875  0.84823  0.987612  0.890606
23.875  0.879646  0.546558  0.495849
23.875  0.911062  0.541205  0.347959
23.875  0.942478  0.190329  0.432898
23.875  0.973894  0.348583  0.210397
23.875  1.00531  1.63572  1.50467
23.875  1.03673  2.47793  2.23463
23.875  1.06814  2.10336  2.08916
23.875  1.09956  0.603358  0.51308
23.875  1.13097  0.142016  0.314349
23.875  1.16239  1.50665  1.14733
23.875  1.19381  2.15665  2.16249
23.875  1.22522  3.18024  1.82609
23.875  1.25664  1.0902  1.07118
23.875  1.28805  3.1062  1.59267
23.875  1.31947  2.74954  2.52306
23.875  1.35088  2.12902  1.29587
23.875  1.3823  1.77974  1.5392
23.875  1.41372  2.16875  1.09761
23.875  1.44513  2.45257  1.80222
23.875  1.47655  3.37504  3.35602
23.875  1.50796  1.21822  1.43734
23.875  1.53938  3.47988  3.47857
23.875  1.5708  2.48202  2.40967
23.875  1.60221  2.992  2.94219
23.875  1.63363  0.331246  0.340495
23.875  1.66504  3.17046  2.09184
23.875  1.69646  1.48963  0.841929
23.875  1.72788  3.11018  3.10144
23.875  1.75929  2.28093  2.24656
23.875  1.79071  1.73269  1.08686
23.875  1.82212  2.53472  1.76957
23.875  1.85354  1.6282  1.60705
23.875  1.88496  2.40249  2.17204
23.875  1.91637  1.90138  1.81677
23.875  1.94779  1.1167  1.18246
23.875  1.9792  0.813818  0.89827
23.875  2.01062  2.35439  1.71026
23.875  2.04204  3.14935  3.03113
23.875  2.07345  1.50625  1.138
23.875  2.10487  0.872883  0.87104
23.875  2.13628  0.360569  0.291707
23.875  2.1677  1.3795  1.32518
23.875  2.19911  1.95548  1.93357
23.875  2.23053  1.16322  0.686052
23.875  2.26195  0.168928  1.07215
23.875  2.29336  3.00593  2.99401
23.875  2.32478  0.166425  0.222379
23.875  2.35619  0.288265  0.147029
23.875  2.38761  1.30352  1.20961
23.875  2.41903  0.268998  0.134826
23.875  2.45044  1.00899  0.943914
23.875  2.48186  0.260681  0.136715
23.875  2.51327  0.154245  0.145498
23.875  2.54469  0.128409  0.133414
23.875  2.57611  0.0880061  0.176588
23.875  2.60752  0.22495  0.137232
23.875  2.63894  0.043965  0.0714832
23.875  2.67035  0.121323  0.0649104
23.875  2.70177  0.193777  0.130272
23.875  2.73319  0.0543363  0.0612924
23.875  2.7646  0.12722  0.124759
23.875  2.79602  0.145327  0.131034
23.875  2.82743  0.148005  0.107297
23.875  2.85885  0.136583  0.0716862
23.875  2.89027  0.0101261  0.0743035
23.875  2.92168  0.000174587  0.0012811
23.875  2.9531  0.258759  1.70226
23.875  2.98451  0  0
23.875  3.01593  0  0
23.875  3.04734  0  0
23.875  3.07876  0  0
23.875  3.11018  0  0
24  0  0  0
24  0.0314159  0  0
24  0.0628319  0  0
24  0.0942478  0  0
24  0.125664  0  0
24  0.15708  0  0
24  0.188496  0  0
24  0.219911  0.1126  0.0814065
24  0.251327  0.120279  0.0756704
24  0.282743  0.136257  0.135659
24  0.314159  0.0585928  0.0845037
24  0.345575  0.149846  0.129979
24  0.376991  0.211906  0.150467
24  0.408407  0.17119  0.165325
24  0.439823  0.190303  0.187773
24  0.471239  0.196609  0.187338
24  0.502655  0.172938  0.117861
24  0.534071  0.263286  0.14407
24  0.565487  0.224302  0.200625
24  0.596903  0.233793  0.233035
24  0.628319  0.185626  0.116377
24  0.659734  0.131141  0.160511
24  0.69115  0.286508  0.245889
24  0.722566  0.159691  0.1986
24  0.753982  0.265389  0.162204
24  0.785398  0.213254  0.200619
24  0.816814  0.287179  0.298685
24  0.84823  2.652  1.8481
24  0.879646  0.279089  0.278683
24  0.911062  1.87649  1.55608
24  0.942478  2.15169  1.29091
24  0.973894  2.40972  2.05639
24  1.00531  0.224748  0.233441
24  1.03673  2.40149  1.28297
24  1.06814  2.00341  1.99747
24  1.09956  1.62457  1.62324
24  1.13097  1.54183  1.5002
24  1.16239  2.72651  1.42217
24  1.19381  2.53108  2.50239
24  1.22522  0.690765  0.599245
24  1.25664  2.02814  1.99662
24  1.28805  1.7649  1.24003
24  1.31947  0.26208  0.325962
24  1.35088  1.2411  1.23039
24  1.3823  2.21401  1.28599
24  1.41372  3.41579  3.08255
24  1.44513  2.18126  1.14283
24  1.47655  3.35228  3.06872
24  1.50796  3.2633  1.64081
24  1.53938  2.65366  2.65341
24  1.5708  2.56948  1.51171
24  1.60221  2.53723  2.34191
24  1.63363  2.60606  2.4755
24  1.66504  1.64056  1.10558
24  1.69646  2.61353  1.88838
24  1.72788  0.841517  0.594071
24  1.75929  1.6113  1.54826
24  1.79071  2.52805  2.44325
24  1.82212  0.911535  0.666335
24  1.85354  3.05635  2.9488
24  1.88496  1.84001  1.00921
24  1.91637  1.6703  0.836663
24  1.94779  0.210816  0.372923
24  1.9792  2.13223  2.1267
24  2.01062  2.39078  1.41298
24  2.04204  2.67045  2.10639
24  2.07345  2.76401  1.3994
24  2.10487  3.04239  3.02434
24  2.13628  0.585377  0.387058
24  2.1677  0.704365  0.687065
24  2.19911  0.835938  0.659548
24  2.23053  0.279512  0.184977
24  2.26195  0.460618  0.410312
24  2.29336  1.138  0.941948
24  2.32478  0.142706  0.179936
24  2.35619  0.337502  0.319296
24  2.38761  0.343476  0.240867
24  2.41903  0.205173  0.165551
24  2.45044  0.225729  0.175646
24  2.48186  0.209901  0.22169
24  2.51327  0.275885  0.174823
24  2.54469  0.138522  0.104024
24  2.57611  0.0672777  0.123646
24  2.60752  0.180453  0.090343
24  2.63894  0.105375  0.0964663
24  2.67035  0.171733  0.0943537
24  2.70177  0.128037  0.126742
24  2.73319  0.201598  0.200389
24  2.7646  0.0991545  0.0697728
24  2.79602  0.179506  0.157369
24  2.82743  0.128196  0.112757
24  2.85885  0.129586  0.129078
24  2.89027  0.00419009  0.0307463
24  2.92168  0.258759  1.70226
24  2.9531  0  0
24  2.98451  0  0
24  3.01593  0  0
24  3.04734  0  0
24  3.07876  0  0
24  3.11018  0  0
24.125  0  0  0
24.125  0.0314159  0  0
24.125  0.0628319  0  0
24.125  0.0942478  0  0
24.125  0.125664  0  0
24.125  0.15708  0  0
24.125  0.188496  0.155724  0.107151
24.125  0.219911  0.113315  0.0751536
24.125  0.251327  0.152172  0.12884
24.125  0.282743  0.15238  0.127662
24.125  0.314159  0.137668  0.128259
24.125  0.345575  0.122435  0.0618649
24.125  0.376991  0.16575  0.0944086
24.125  0.408407  0.0785021  0.103118
24.125  0.439823  0.0718143  0.127836
24.125  0.471239  0.220011  0.11027
24.125  0.502655  0.209265  0.109891
24.125  0.534071  0.156901  0.0996191
24.125  0.565487  0.201659  0.132408
24.125  0.596903  0.213042  0.181868
24.125  0.628319  0.257086  0.128662
24.125  0.659734  0.135923  0.139626
24.125  0.69115  0.142623  0.175657
24.125  0.722566  0.385686  0.350674
24.125  0.753982  0.344969  0.344917
24.125  0.785398  0.162692  0.235575
24.125  0.816814  0.174768  0.195166
24.125  0.84823  0.954298  0.686959
24.125  0.879646  2.6519  2.09466
24.125  0.911062  0.796068  0.487429
24.125  0.942478  1.1098  1.03607
24.125  0.973894  0.26858  1.06091
24.125  1.00531  0.707552  0.764131
24.125  1.03673  0.244231  0.520508
24.125  1.06814  2.39936  1.90673
24.125  1.09956  1.16259  0.631431
24.125  1.13097  1.04402  0.540762
24.125  1.16239  1.20938  0.950551
24.125  1.19381  2.82337  2.78824
24.125  1.22522  0.524155  0.26337
24.125  1.25664  3.27304  3.25338
24.125  1.28805  2.5583  1.99773
24.125  1.31947  2.85  1.43605
24.125  1.35088  1.33539  0.839059
24.125  1.3823  1.45492  0.798986
24.125  1.41372  2.38767  1.99587
24.125  1.44513  2.00929  1.48173
24.125  1.47655  2.02312  1.9923
24.125  1.50796  0.198507  1.01509
24.125  1.53938  3.42716  3.00609
24.125  1.5708  0.167817  0.365545
24.125  1.60221  1.34673  1.29601
24.125  1.63363  0.661816  0.673974
24.125  1.66504  2.19406  2.14755
24.125  1.69646  2.48475  1.79589
24.125  1.72788  2.14314  1.19013
24.125  1.75929  1.95057  1.5087
24.125  1.79071  2.90005  1.67315
24.125  1.82212  2.96044  2.43263
24.125  1.85354  2.41269  2.35587
24.125  1.88496  0.338899  0.345766
24.125  1.91637  0.349283  0.329126
24.125  1.94779  2.6512  2.6183
24.125  1.9792  2.75977  2.74279
24.125  2.01062  1.62393  1.62347
24.125  2.04204  2.1937  1.26592
24.125  2.07345  0.201112  0.722634
24.125  2.10487  2.1924  1.76726
24.125  2.13628  2.00046  1.70613
24.125  2.1677  0.300062  0.969325
24.125  2.19911  2.44531  2.33473
24.125  2.23053  0.402082  0.376399
24.125  2.26195  1.35044  0.675476
24.125  2.29336  0.894505  0.878451
24.125  2.32478  0.169018  0.171959
24.125  2.35619  0.16864  0.207494
24.125  2.38761  2.10771  1.10126
24.125  2.41903  0.260906  0.19225
24.125  2.45044  0.170106  0.197552
24.125  2.48186  0.255065  0.242344
24.125  2.51327  0.217089  0.166611
24.125  2.54469  0.108607  0.146985
24.125  2.57611  0.180798  0.091244
24.125  2.60752  0.173815  0.185691
24.125  2.63894  0.146248  0.0877832
24.125  2.67035  0.0689426  0.0870913
24.125  2.70177  0.186388  0.131137
24.125  2.73319  0.196638  0.165731
24.125  2.7646  0.131504  0.122316
24.125  2.79602  0.183938  0.117238
24.125  2.82743  0.13301  0.133015
24.125  2.85885  0.0115228  0.0845523
24.125  2.89027  0.107976  0.0560012
24.125  2.92168  0  0
24.125  2.9531  0  0
24.125  2.98451  0  0
24.125  3.01593  0  0
24.125  3.04734  0  0
24.125  3.07876  0  0
24.125  3.11018  0  0
24.25  0  0  0
24.25  0.0314159  0  0
24.25  0.0628319  0  0
24.25  0.0942478  0  0
24.25  0.125664  0  0
24.25  0.15708  0  0
24.25  0.188496  0.258759  1.70226
24.25  0.219911  0.202617  0.203139
24.25  0.251327  0.100545  0.0639966
24.25  0.282743  0.164183  0.100405
24.25  0.314159  0.0918202  0.058469
24.25  0.345575  0.0964197  0.0948084
24.25  0.376991  0.192571  0.0999821
24.25  0.408407  0.241733  0.241725
24.25  0.439823  0.198276  0.0994492
24.25  0.471239  0.159341  0.135838
24.25  0.502655  0.12101  0.15028
24.25  0.534071  0.212506  0.125437
24.25  0.565487  0.837387  0.832351
24.25  0.596903  0.259095  0.187224
24.25  0.628319  3.01101  2.82665
24.25  0.659734  0.168166  0.181112
24.25  0.69115  0.241432  0.218723
24.25  0.722566  0.281173  0.273462
24.25  0.753982  3.32407  1.93331
24.25  0.785398  0.316405  0.289776
24.25  0.816814  0.689545  0.374802
24.25  0.84823  0.442869  0.25169
24.25  0.879646  0.871273  0.668902
24.25  0.911062  0.654241  0.533614
24.25  0.942478  2.61702  2.50954
24.25  0.973894  0.758128  0.638383
24.25  1.00531  1.5924  1.20789
24.25  1.03673  0.709839  0.634187
24.25  1.06814  0.26464  0.879579
24.25  1.09956  4.04704  3.97168
24.25  1.13097  0.315535  0.34511
24.25  1.16239  1.04027  0.533712
24.25  1.19381  0.425452  0.360404
24.25  1.22522  1.01276  1.01225
24.25  1.25664  3.38136  1.6975
24.25  1.28805  0.928667  0.897732
24.25  1.31947  1.20345  0.856645
24.25  1.35088  1.50444  0.774184
24.25  1.3823  0.347965  0.226659
24.25  1.41372  2.59932  1.64866
24.25  1.44513  2.04825  1.89973
24.25  1.47655  1.12295  0.815888
24.25  1.50796  2.51783  1.38237
24.25  1.53938  1.59981  1.59659
24.25  1.5708  1.75441  0.996526
24.25  1.60221  1.98479  1.77079
24.25  1.63363  2.04007  1.3104
24.25  1.66504  2.50088  2.07108
24.25  1.69646  2.8948  2.47856
24.25  1.72788  2.59336  2.38153
24.25  1.75929  1.76018  1.61805
24.25  1.79071  2.27405  2.10801
24.25  1.82212  3.13382  1.59173
24.25  1.85354  1.43194  0.962589
24.25  1.88496  0.370216  0.370167
24.25  1.91637  1.89669  1.39341
24.25  1.94779  1.73967  1.56893
24.25  1.9792  0.133497  0.247442
24.25  2.01062  1.70556  0.853819
24.25  2.04204  2.71517  1.50277
24.25  2.07345  2.78436  1.73051
24.25  2.10487  2.14654  1.15091
24.25  2.13628  2.62558  2.57581
24.25  2.1677  0.33725  0.304979
24.25  2.19911  0.338389  0.328179
24.25  2.23053  3.19769  2.08659
24.25  2.26195  2.56144  1.75153
24.25  2.29336  0.320518  2.27128
24.25  2.32478  0.711374  0.422622
24.25  2.35619  1.86524  1.55735
24.25  2.38761  0.189367  0.163633
24.25  2.41903  0.114703  0.208451
24.25  2.45044  0.16911  0.188954
24.25  2.48186  0.27114  0.189359
24.25  2.51327  0.238618  0.139688
24.25  2.54469  0.219184  0.20499
24.25  2.57611  0.146709  0.157834
24.25  2.60752  0.16995  0.14415
24.25  2.63894  0.186546  0.158296
24.25  2.67035  0.0555881  0.0810052
24.25  2.70177  0.194824  0.102151
24.25  2.73319  0.129256  0.0675273
24.25  2.7646  0.105675  0.0726974
24.25  2.79602  0.128336  0.0655337
24.25  2.82743  0.0831075  0.0599532
24.25  2.85885  0.0398152  0.0308377
24.25  2.89027  0.0911125  0.0455708
24.25  2.92168  0.00576138  0.0422761
24.25  2.9531  0  0
24.25  2.98451  0  0
24.25  3.01593  0  0
24.25  3.04734  0  0
24.25  3.07876  0  0
24.25  3.11018  0  0
24.375  0  0  0
24.375  0.0314159  0  0
24.375  0.0628319  0  0
24.375  0.0942478  0  0
24.375  0.125664  0  0
24.375  0.15708  0  0
24.375  0.188496  0.00925312  0.067898
24.375  0.219911  0.0962148  0.0718733
24.375  0.251327  0.258759  1.70226
24.375  0.282743  0.0528922  0.049328
24.375  0.314159  0.0935451  0.0474121
24.375  0.345575  0.0902808  0.085811
24.375  0.376991  0.0306605  0.081595
24.375  0.408407  0.0769454  0.119711
24.375  0.439823  0.144888  0.107318
24.375  0.471239  0.17866  0.140455
24.375  0.502655  0.168615  0.153845
24.375  0.534071  0.28067  0.235453
24.375  0.565487  0.166467  0.145057
24.375  0.596903  0.176199  0.228604
24.375  0.628319  0.141841  0.175884
24.375  0.659734  0.120533  0.165153
24.375  0.69115  0.26944  0.135199
24.375  0.722566  0.118708  0.199765
24.375  0.753982  0.247885  0.254329
24.375  0.785398  0.280305  1.34906
24.375  0.816814  0.747088  0.408527
24.375  0.84823  0.360869  0.290734
24.375  0.879646  0.152754  0.230801
24.375  0.911062  1.42419  1.22551
24.375  0.942478  3.33708  3.30749
24.375  0.973894  3.56671  1.87851
24.375  1.00531  1.28793  0.885773
24.375  1.03673  1.07641  0.550979
24.375  1.06814  2.05081  1.20133
24.375  1.09956  1.25041  1.24432
24.375  1.13097  1.97334  1.58231
24.375  1.16239  1.71819  1.15574
24.375  1.19381  3.10976  1.55595
24.375  1.22522  0.521757  0.413921
24.375  1.25664  0.273857  0.226181
24.375  1.28805  0.433947  0.290468
24.375  1.31947  2.83352  1.51764
24.375  1.35088  2.02735  1.02016
24.375  1.3823  2.69813  1.74914
24.375  1.41372  2.79936  2.74604
24.375  1.44513  2.08071  1.06532
24.375  1.47655  2.3416  1.76243
24.375  1.50796  2.47175  1.79487
24.375  1.53938  3.73634  2.07327
24.375  1.5708  1.47439  0.742711
24.375  1.60221  2.40213  2.05919
24.375  1.63363  1.54002  1.45038
24.375  1.66504  2.0388  1.20381
24.375  1.69646  1.72049  1.53156
24.375  1.72788  2.11509  1.11357
24.375  1.75929  2.38552  2.36778
24.375  1.79071  0.942457  0.51834
24.375  1.82212  3.14431  2.9893
24.375  1.85354  1.71625  0.892496
24.375  1.88496  0.713398  0.489528
24.375  1.91637  0.589657  0.547408
24.375  1.94779  2.31808  1.16189
24.375  1.9792  0.355213  0.284647
24.375  2.01062  0.711457  0.76428
24.375  2.04204  0.903953  0.630741
24.375  2.07345  3.06634  3.06271
24.375  2.10487  1.25701  1.08275
24.375  2.13628  1.88938  1.88709
24.375  2.1677  2.85371  2.80259
24.375  2.19911  1.81584  0.999739
24.375  2.23053  0.76557  0.447798
24.375  2.26195  0.257948  0.277723
24.375  2.29336  1.75559  1.4923
24.375  2.32478  0.231979  0.217439
24.375  2.35619  0.643541  0.398447
24.375  2.38761  0.211098  0.487421
24.375  2.41903  0.147817  0.18953
24.375  2.45044  0.134992  0.168685
24.375  2.48186  3.46552  3.43678
24.375  2.51327  0.282258  0.141313
24.375  2.54469  0.2463  0.139869
24.375  2.57611  0.0725543  0.139939
24.375  2.60752  0.232249  0.116725
24.375  2.63894  0.229306  0.187336
24.375  2.67035  0.0958168  0.13669
24.375  2.70177  0.146349  0.085061
24.375  2.73319  0.145029  0.142539
24.375  2.7646  0.152306  0.0762094
24.375  2.79602  0.174944  0.165014
24.375  2.82743  0.0564998  0.0551917
24.375  2.85885  0.258759  1.70226
24.375  2.89027  0.0848577  0.0578822
24.375  2.92168  0  0
24.375  2.9531  0  0
24.375  2.98451  0  0
24.375  3.01593  0  0
24.375  3.04734  0  0
24.375  3.07876  0  0
24.375  3.11018  0  0
24.5  0  0  0
24.5  0.0314159  0  0
24.5  0.0628319  0  0
24.5  0.0942478  0  0
24.5  0.125664  0  0
24.5  0.15708  0  0
24.5  0.188496  0.000174587  0.0012811
24.5  0.219911  0.0265003  0.0253602
24.5  0.251327  0.0942638  0.0881911
24.5  0.282743  0.0155383  0.114017
24.5  0.314159  0.0885572  0.0777944
24.5  0.345575  0.156542  0.139069
24.5  0.376991  0.162007  0.083281
24.5  0.408407  0.143722  0.0774245
24.5  0.439823  0.0721252  0.101815
24.5  0.471239  0.207512  0.191511
24.5  0.502655  0.166238  0.0895507
24.5  0.534071  0.0905582  0.127081
24.5  0.565487  0.0977675  0.118686
24.5  0.596903  0.126147  0.122673
24.5  0.628319  4.47876  4.07604
24.5  0.659734  0.125609  0.21405
24.5  0.69115  0.155991  0.172015
24.5  0.722566  0.311752  0.231335
24.5  0.753982  0.313343  0.189659
24.5  0.785398  0.556664  0.33833
24.5  0.816814  2.27018  2.1898
24.5  0.84823  0.447109  0.286123
24.5  0.879646  1.79607  1.68092
24.5  0.911062  2.12057  1.67843
24.5  0.942478  1.92634  1.13182
24.5  0.973894  2.98883  2.94477
24.5  1.00531  2.20678  2.01292
24.5  1.03673  2.8048  2.80319
24.5  1.06814  2.56233  1.84654
24.5  1.09956  0.231534  0.22834
24.5  1.13097  0.164137  0.657587
24.5  1.16239  2.43367  1.34553
24.5  1.19381  2.44424  1.38438
24.5  1.22522  2.52534  1.2638
24.5  1.25664  3.25708  2.31516
24.5  1.28805  3.64208  1.99192
24.5  1.31947  2.33861  1.3377
24.5  1.35088  2.77203  1.67228
24.5  1.3823  2.21228  1.3034
24.5  1.41372  1.76687  1.16739
24.5  1.44513  2.2642  1.15592
24.5  1.47655  2.57651  1.9018
24.5  1.50796  1.82622  1.33385
24.5  1.53938  2.62862  2.36742
24.5  1.5708  2.89528  1.99124
24.5  1.60221  1.76886  1.07741
24.5  1.63363  1.26275  1.2613
24.5  1.66504  1.21748  1.02022
24.5  1.69646  3.09432  3.07976
24.5  1.72788  2.34649  1.67121
24.5  1.75929  2.14082  1.52349
24.5  1.79071  3.17706  2.53588
24.5  1.82212  1.66517  0.933023
24.5  1.85354  3.39004  3.07884
24.5  1.88496  2.30332  2.25846
24.5  1.91637  0.963859  0.663261
24.5  1.94779  2.80118  2.25797
24.5  1.9792  0.799546  0.792769
24.5  2.01062  2.33693  2.3369
24.5  2.04204  2.29706  1.67887
24.5  2.07345  0.300933  1.64498
24.5  2.10487  0.298992  0.182744
24.5  2.13628  2.43873  2.43662
24.5  2.1677  2.44369  1.81663
24.5  2.19911  0.681308  0.61719
24.5  2.23053  1.56075  1.06738
24.5  2.26195  0.186896  1.294
24.5  2.29336  0.197389  0.585587
24.5  2.32478  0.127892  0.20887
24.5  2.35619  0.267423  1.73741
24.5  2.38761  0.587222  0.519139
24.5  2.41903  0.28193  0.240097
24.5  2.45044  0.264191  0.14241
24.5  2.48186  0.952819  1.46055
24.5  2.51327  0.27064  0.203042
24.5  2.54469  0.278826  0.253641
24.5  2.57611  0.153711  0.112882
24.5  2.60752  0.201444  0.156356
24.5  2.63894  0.104603  0.0945944
24.5  2.67035  0.131429  0.121931
24.5  2.70177  0.137232  0.104249
24.5  2.73319  0.105121  0.129656
24.5  2.7646  0.0634405  0.0588168
24.5  2.79602  0.143933  0.142008
24.5  2.82743  0.193106  0.191605
24.5  2.85885  0.00838018  0.0614926
24.5  2.89027  0.0013967  0.0102488
24.5  2.92168  0.0375321  0.0365334
24.5  2.9531  0  0
24.5  2.98451  0  0
24.5  3.01593  0  0
24.5  3.04734  0  0
24.5  3.07876  0  0
24.5  3.11018  0  0
24.625  0  0  0
24.625  0.0314159  0  0
24.625  0.0628319  0  0
24.625  0.0942478  0  0
24.625  0.125664  0  0
24.625  0.15708  0  0
24.625  0.188496  0.00698349  0.0512438
24.625  0.219911  0.00715807  0.0525249
24.625  0.251327  0.00296798  0.0217786
24.625  0.282743  0.0865173  0.0773231
24.625  0.314159  0.132026  0.0730372
24.625  0.345575  0.0431854  0.0673375
24.625  0.376991  0.100592  0.0955999
24.625  0.408407  0.173317  0.168344
24.625  0.439823  0.0778634  0.126628
24.625  0.471239  0.204391  0.110615
24.625  0.502655  0.189923  0.170531
24.625  0.534071  0.195536  0.100501
24.625  0.565487  0.215679  0.175195
24.625  0.596903  0.147201  0.193829
24.625  0.628319  0.289196  0.245894
24.625  0.659734  0.129965  0.204141
24.625  0.69115  0.118125  0.16957
24.625  0.722566  0.149062  0.236713
24.625  0.753982  2.69049  1.35824
24.625  0.785398  0.202262  1.29691
24.625  0.816814  1.97199  1.61363
24.625  0.84823  0.645469  0.360145
24.625  0.879646  0.137463  0.21245
24.625  0.911062  1.36857  1.32276
24.625  0.942478  0.240681  0.192506
24.625  0.973894  0.396397  1.86257
24.625  1.00531  0.300062  1.55443
24.625  1.03673  0.910962  0.711129
24.625  1.06814  2.96246  1.76017
24.625  1.09956  0.594542  0.300579
24.625  1.13097  1.19987  0.612327
24.625  1.16239  1.98484  1.43321
24.625  1.19381  1.36232  0.735546
24.625  1.22522  2.39899  2.57118
24.625  1.25664  1.00689  0.69382
24.625  1.28805  2.77329  2.60773
24.625  1.31947  2.93644  1.87253
24.625  1.35088  2.32279  1.66061
24.625  1.3823  2.9146  1.52067
24.625  1.41372  3.2869  2.98891
24.625  1.44513  0.466144  0.451103
24.625  1.47655  2.8837  2.19982
24.625  1.50796  3.50999  2.10948
24.625  1.53938  0.576612  0.312067
24.625  1.5708  2.46743  2.11986
24.625  1.60221  2.71033  2.07443
24.625  1.63363  1.65871  1.55771
24.625  1.66504  2.14126  1.15291
24.625  1.69646  2.2872  1.23987
24.625  1.72788  2.27689  1.65811
24.625  1.75929  1.47485  1.47227
24.625  1.79071  1.03788  0.633623
24.625  1.82212  1.64865  1.6275
24.625  1.85354  0.487133  0.416959
24.625  1.88496  1.24406  0.637623
24.625  1.91637  3.78646  1.90723
24.625  1.94779  2.42845  1.26486
24.625  1.9792  1.01051  0.951945
24.625  2.01062  2.17427  1.1976
24.625  2.04204  1.03014  0.5469
24.625  2.07345  1.60918  1.5138
24.625  2.10487  0.185945  0.432968
24.625  2.13628  1.08108  1.07927
24.625  2.1677  2.62394  1.31456
24.625  2.19911  0.15538  0.259693
24.625  2.23053  2.66465  1.82938
24.625  2.26195  0.228347  0.972875
24.625  2.29336  0.401138  0.34207
24.625  2.32478  0.32154  0.211869
24.625  2.35619  0.311387  0.309872
24.625  2.38761  0.245187  0.199394
24.625  2.41903  0.163765  1.71552
24.625  2.45044  0.231185  0.198866
24.625  2.48186  0.259719  0.147053
24.625  2.51327  0.24894  0.19925
24.625  2.54469  0.166351  0.106791
24.625  2.57611  0.207456  0.186912
24.625  2.60752  0.212974  0.198539
24.625  2.63894  0.160268  0.123492
24.625  2.67035  0.19422  0.099447
24.625  2.70177  0.143264  0.145381
24.625  2.73319  0.173095  0.113047
24.625  2.7646  0.0831538  0.0638654
24.625  2.79602  0.072734  0.110667
24.625  2.82743  0.0122211  0.0896767
24.625  2.85885  0.150044  0.146713
24.625  2.89027  0.00593596  0.0435572
24.625  2.92168  0.258759  1.70226
24.625  2.9531  0  0
24.625  2.98451  0  0
24.625  3.01593  0  0
24.625  3.04734  0  0
24.625  3.07876  0  0
24.625  3.11018  0  0
24.75  0  0  0
24.75  0.0314159  0  0
24.75  0.0628319  0  0
24.75  0.0942478  0  0
24.75  0.125664  0  0
24.75  0.15708  0  0
24.75  0.188496  0  0
24.75  0.219911  0.0529058  0.053804
24.75  0.251327  0.111823  0.106556
24.75  0.282743  0.171362  0.164466
24.75  0.314159  0.0896159  0.068811
24.75  0.345575  0.147152  0.121748
24.75  0.376991  0.136289  0.0702129
24.75  0.408407  0.0634717  0.0749093
24.75  0.439823  0.194427  0.142652
24.75  0.471239  0.179677  0.113243
24.75  0.502655  0.0955591  0.135017
24.75  0.534071  0.254768  0.191745
24.75  0.565487  0.176362  0.1224
24.75  0.596903  0.106107  0.174379
24.75  0.628319  0.351562  0.300925
24.75  0.659734  0.0978806  0.27078
24.75  0.69115  0.40725  0.34036
24.75  0.722566  0.5464  0.440895
24.75  0.753982  0.934097  0.605901
24.75  0.785398  1.58768  1.28978
24.75  0.816814  0.221806  0.25442
24.75  0.84823  1.7257  1.71681
24.75  0.879646  1.31791  0.963543
24.75  0.911062  2.08942  1.70996
24.75  0.942478  0.334903  1.59934
24.75  0.973894  0.218563  0.192838
24.75  1.00531  2.38157  2.30112
24.75  1.03673  2.09165  1.28363
24.75  1.06814  1.07824  1.07334
24.75  1.09956  2.65122  2.5131
24.75  1.13097  2.4564  1.7589
24.75  1.16239  0.843903  0.799206
24.75  1.19381  1.34114  1.05418
24.75  1.22522  2.45176  1.44812
24.75  1.25664  0.471331  0.316823
24.75  1.28805  2.14539  1.09449
24.75  1.31947  3.30955  1.86151
24.75  1.35088  1.87159  1.58669
24.75  1.3823  3.30927  3.10472
24.75  1.41372  2.90301  2.86588
24.75  1.44513  1.61094  1.36267
24.75  1.47655  2.80679  1.4383
24.75  1.50796  2.04023  2.03835
24.75  1.53938  1.36765  0.767094
24.75  1.5708  2.0733  1.94255
24.75  1.60221  1.77535  1.694
24.75  1.63363  1.334  1.33397
24.75  1.66504  3.08179  2.63761
24.75  1.69646  3.09647  1.56965
24.75  1.72788  1.53617  0.768986
24.75  1.75929  2.17201  1.72984
24.75  1.79071  1.62545  1.24304
24.75  1.82212  0.27063  0.30263
24.75  1.85354  3.76228  2.69466
24.75  1.88496  0.192387  0.487782
24.75  1.91637  1.62798  1.43751
24.75  1.94779  1.69432  1.27267
24.75  1.9792  2.31443  2.31401
24.75  2.01062  2.35133  1.72553
24.75  2.04204  2.15478  1.44844
24.75  2.07345  2.50943  2.27756
24.75  2.10487  2.47983  2.3239
24.75  2.13628  2.0071  1.9789
24.75  2.1677  0.259816  0.20885
24.75  2.19911  0.373457  0.298364
24.75  2.23053  0.0993369  0.113095
24.75  2.26195  0.258807  0.238819
24.75  2.29336  1.11803  0.609201
24.75  2.32478  0.155854  0.230995
24.75  2.35619  2.22269  1.15327
24.75  2.38761  0.282519  0.153836
24.75  2.41903  2.4603  1.7174
24.75  2.45044  3.91531  2.05795
24.75  2.48186  0.241285  0.170753
24.75  2.51327  0.173967  0.156904
24.75  2.54469  0.220985  0.219604
24.75  2.57611  0.22861  0.149732
24.75  2.60752  0.159621  0.144463
24.75  2.63894  0.223527  0.199733
24.75  2.67035  0.0424962  0.0766143
24.75  2.70177  0.0595161  0.0944748
24.75  2.73319  0.157947  0.132482
24.75  2.7646  0.161012  0.160021
24.75  2.79602  0.047234  0.098452
24.75  2.82743  0.138541  0.127055
24.75  2.85885  0.166628  0.123555
24.75  2.89027  0.00962809  0.00823322
24.75  2.92168  0.258759  1.70226
24.75  2.9531  0  0
24.75  2.98451  0  0
24.75  3.01593  0  0
24.75  3.04734  0  0
24.75  3.07876  0  0
24.75  3.11018  0  0
24.875  0  0  0
24.875  0.0314159  0  0
24.875  0.0628319  0  0
24.875  0.0942478  0  0
24.875  0.125664  0  0
24.875  0.15708  0  0
24.875  0.188496  0.258123  1.7505
24.875  0.219911  0.0926847  0.0818159
24.875  0.251327  0.0952644  0.0559009
24.875  0.282743  0.110671  0.0565221
24.875  0.314159  0.0853888  0.0436303
24.875  0.345575  0.107166  0.0822906
24.875  0.376991  0.113494  0.076975
24.875  0.408407  0.158961  0.121718
24.875  0.439823  0.191618  0.103095
24.875  0.471239  0.152457  0.0898119
24.875  0.502655  0.231278  0.204619
24.875  0.534071  0.183779  0.119464
24.875  0.565487  0.387789  0.195379
24.875  0.596903  0.196749  0.142358
24.875  0.628319  0.284252  0.187145
24.875  0.659734  0.291392  0.256787
24.875  0.69115  0.22083  0.238761
24.875  0.722566  0.221199  0.157849
24.875  0.753982  0.14623  0.214073
24.875  0.785398  0.287352  0.266703
24.875  0.816814  2.30758  2.17517
24.875  0.84823  0.208292  0.739758
24.875  0.879646  1.26657  0.694782
24.875  0.911062  0.342318  0.200499
24.875  0.942478  0.150901  0.209905
24.875  0.973894  0.123328  0.129622
24.875  1.00531  2.15465  2.1373
24.875  1.03673  1.36351  1.16411
24.875  1.06814  0.212602  0.214042
24.875  1.09956  0.231958  0.232929
24.875  1.13097  1.42188  1.10237
24.875  1.16239  2.75635  2.22816
24.875  1.19381  2.05571  1.81671
24.875  1.22522  1.19359  1.19323
24.875  1.25664  0.25079  0.234286
24.875  1.28805  0.533329  0.278155
24.875  1.31947  2.41343  1.43606
24.875  1.35088  3.53732  1.9741
24.875  1.3823  1.65114  1.63643
24.875  1.41372  2.5852  1.8269
24.875  1.44513  2.27664  2.20569
24.875  1.47655  1.50689  1.50631
24.875  1.50796  2.80368  1.40585
24.875  1.53938  2.08459  1.44965
24.875  1.5708  3.12303  3.08324
24.875  1.60221  2.84318  2.13684
24.875  1.63363  0.959683  0.719276
24.875  1.66504  2.07935  1.17499
24.875  1.69646  2.15941  2.02242
24.875  1.72788  2.10286  1.05476
24.875  1.75929  2.05164  1.73359
24.875  1.79071  2.06966  1.93701
24.875  1.82212  0.92339  0.911912
24.875  1.85354  0.205455  0.825229
24.875  1.88496  1.63874  1.54845
24.875  1.91637  1.02375  1.02222
24.875  1.94779  2.16273  1.16707
24.875  1.9792  2.19782  1.27852
24.875  2.01062  0.450171  0.328724
24.875  2.04204  0.561373  0.315985
24.875  2.07345  2.17776  1.39165
24.875  2.10487  2.94816  1.94001
24.875  2.13628  1.23707  1.23662
24.875  2.1677  0.60844  0.513944
24.875  2.19911  0.196589  0.282754
24.875  2.23053  2.13268  1.79053
24.875  2.26195  0.265982  0.249022
24.875  2.29336  3.26671  2.89385
24.875  2.32478  0.20295  0.252744
24.875  2.35619  0.655541  0.521449
24.875  2.38761  0.239089  0.169056
24.875  2.41903  1.31821  1.30439
24.875  2.45044  0.936885  1.71977
24.875  2.48186  0.23839  0.121432
24.875  2.51327  0.171627  0.171419
24.875  2.54469  0.212768  0.108486
24.875  2.57611  0.118383  0.163375
24.875  2.60752  0.246101  0.241668
24.875  2.63894  0.137126  0.112515
24.875  2.67035  0.077494  0.11394
24.875  2.70177  0.128044  0.121298
24.875  2.73319  0.156294  0.152643
24.875  2.7646  0.139232  0.102114
24.875  2.79602  0.0284074  0.0392433
24.875  2.82743  0.00381175  0.00304224
24.875  2.85885  0.116618  0.0894696
24.875  2.89027  0.258759  1.70226
24.875  2.92168  0.00419009  0.0307463
24.875  2.9531  0.246915  2.24128
24.875  2.98451  0  0
24.875  3.01593  0  0
24.875  3.04734  0  0
24.875  3.07876  0  0
24.875  3.11018  0  0
